1403638538127829504.000000 -0.000000147 -0.000000402 0.000003182 0.000000001 0.000000015 -0.000000011 1.000000000
1403638538177829376.000000 0.000044563 -0.000022517 0.000025441 -0.000042215 -0.000087445 -0.000035996 1.000000000
1403638538227829504.000000 0.000036526 -0.000031546 -0.000010061 -0.000066779 -0.000063095 -0.000087932 1.000000000
1403638538277829376.000000 0.000004044 -0.000009796 0.000045213 -0.000015092 -0.000003555 0.000013648 1.000000000
1403638538327829504.000000 0.000005270 0.000050885 -0.000071802 -0.000012604 -0.000011276 -0.000039959 1.000000000
1403638538377829376.000000 0.000172523 0.000017688 0.000038196 -0.000072127 -0.000009587 -0.000100214 1.000000000
1403638538427829504.000000 0.000464336 -0.000357931 0.000491713 0.000003604 0.000030210 0.000102280 1.000000000
1403638538477829376.000000 0.000474084 -0.000317668 0.000294482 -0.000020057 -0.000047486 -0.000033155 1.000000000
1403638538527829504.000000 0.000511166 -0.000406793 0.000478554 -0.000018739 0.000047567 0.000129926 1.000000000
1403638538577829376.000000 0.000554796 -0.000404403 0.000390299 -0.000166246 -0.000097137 -0.000217993 1.000000000
1403638538627829504.000000 0.000578200 -0.000264884 0.000230062 -0.000035170 0.000468671 0.000223795 0.999999940
1403638538677829376.000000 0.000541654 -0.000389271 0.000492685 0.000024613 0.000203383 0.000015498 1.000000000
1403638538727829504.000000 0.000409157 -0.000282569 0.000908107 -0.000079045 0.000973890 0.000254826 0.999999523
1403638538777829376.000000 0.000774899 -0.000275424 0.000921637 0.000252388 0.001769595 0.000283097 0.999998450
1403638538827829504.000000 0.001072273 -0.000488025 0.001316216 0.000810271 0.001864676 0.000335115 0.999997914
1403638538877829376.000000 0.001649402 -0.001032876 0.002168004 0.001321267 0.003355137 0.000535755 0.999993384
1403638538927829504.000000 0.003357731 -0.001305432 0.002795704 0.001537111 0.007373209 0.000500725 0.999971569
1403638538977829376.000000 0.004066013 -0.000945720 0.006058219 0.001435908 0.012184962 0.000028200 0.999924719
1403638539027829504.000000 0.006385850 -0.001102743 0.008147857 0.000474965 0.015417479 0.000462293 0.999880970
1403638539077829376.000000 0.009354265 -0.001513428 0.010683505 -0.000315585 0.021702493 0.001096191 0.999763906
1403638539127829504.000000 0.013172375 -0.001983854 0.013410235 0.000071519 0.027051695 0.002594067 0.999630690
1403638539177829376.000000 0.018614104 -0.002373202 0.015956247 0.000283917 0.030900937 0.002478351 0.999519408
1403638539227829504.000000 0.027897418 -0.002484418 0.011896235 0.000877456 0.035726592 0.002432712 0.999358296
1403638539277829376.000000 0.038134232 -0.003028952 0.013864508 0.001220987 0.037603840 0.002297714 0.999289393
1403638539327829504.000000 0.049740493 -0.003602634 0.012768359 0.001681426 0.037456855 0.002598383 0.999293447
1403638539377829376.000000 0.062786229 -0.002935581 0.009474255 0.001927572 0.035977643 0.002078863 0.999348581
1403638539427829504.000000 0.077972397 -0.004045322 0.010110726 0.002246714 0.034634572 0.001449037 0.999396503
1403638539477829376.000000 0.094611965 -0.004772373 0.004296744 0.002470862 0.032565333 0.001133644 0.999465942
1403638539527829504.000000 0.112241551 -0.004753109 -0.000861632 0.002881859 0.031420100 0.000596094 0.999501944
1403638539577829376.000000 0.129265398 -0.005959354 0.001822595 0.003279902 0.031129949 0.000017369 0.999509990
1403638539627829504.000000 0.146264002 -0.006471691 -0.000581436 0.004040366 0.030443724 0.000269917 0.999528289
1403638539677829376.000000 0.161262199 -0.006349074 -0.004891221 0.004810404 0.029894987 0.000542553 0.999541342
1403638539727829504.000000 0.169637471 -0.005830426 -0.004347479 0.005226344 0.029301165 -0.000288706 0.999557018
1403638539777829376.000000 0.178328767 -0.006549980 -0.000820158 0.005636404 0.028053135 -0.001390943 0.999589622
1403638539827829504.000000 0.185726851 -0.006670107 0.003048347 0.006013163 0.026579468 -0.001343816 0.999627769
1403638539877829376.000000 0.193668425 -0.007436281 0.004627799 0.006575538 0.023462957 -0.001451064 0.999702036
1403638539927829504.000000 0.199997500 -0.008655231 0.011464907 0.007316311 0.019665826 -0.001652175 0.999778569
1403638539977829376.000000 0.204417348 -0.009175135 0.013731075 0.007892210 0.015395050 -0.001325638 0.999849558
1403638540027829504.000000 0.209694758 -0.011274019 0.022775864 0.007980241 0.010102345 -0.001106289 0.999916553
1403638540077829376.000000 0.219606191 -0.010975520 0.028073180 0.007957181 0.004490843 -0.001843203 0.999956608
1403638540127829504.000000 0.226934388 -0.013243947 0.038997378 0.007939360 -0.000721494 -0.001814395 0.999966562
1403638540177829376.000000 0.237446368 -0.011722829 0.048752125 0.008165520 -0.002801121 -0.002382470 0.999959886
1403638540227829504.000000 0.246022105 -0.014495329 0.058023181 0.008260170 -0.000332798 -0.003118228 0.999961019
1403638540277829376.000000 0.247030586 -0.012935382 0.070109785 0.008770724 0.005864748 -0.003142416 0.999939442
1403638540327829504.000000 0.269750327 -0.020163091 0.085811786 0.008445625 0.010887397 -0.003933558 0.999897361
1403638540377829376.000000 0.279104561 -0.023090266 0.101289690 0.009163603 0.016327929 -0.004885578 0.999812782
1403638540427829504.000000 0.294532865 -0.026031585 0.114881307 0.011273806 0.019325040 -0.006329885 0.999729633
1403638540477829376.000000 0.307084322 -0.024708547 0.135799408 0.015310796 0.020878388 -0.007787170 0.999634504
1403638540527829504.000000 0.317259073 -0.024112325 0.151819572 0.021038989 0.021159559 -0.010432632 0.999500275
1403638540577829376.000000 0.328111112 -0.026482975 0.175136611 0.028003879 0.021536352 -0.013519733 0.999284387
1403638540627829504.000000 0.340478122 -0.037676383 0.195277691 0.035622932 0.021728361 -0.017344961 0.998978496
1403638540677829376.000000 0.348473936 -0.046401042 0.220905453 -0.043804124 -0.022156658 0.023227114 -0.998524368
1403638540727829504.000000 0.359588474 -0.053200927 0.243634760 -0.052968863 -0.024137549 0.031043265 -0.997821629
1403638540777829376.000000 0.383577734 -0.053999390 0.252460927 0.063483454 0.024093464 -0.038876534 0.996934295
1403638540827829504.000000 0.394333422 -0.062822968 0.276003182 0.074711151 0.025187314 -0.048163027 0.995723009
1403638540877829376.000000 0.404438168 -0.072828285 0.299913168 0.086972289 0.025074035 -0.056582499 0.994286478
1403638540927829504.000000 0.414451867 -0.083995387 0.324169159 0.099408038 0.025879730 -0.065250434 0.992567718
1403638540977829376.000000 0.432445645 -0.089600354 0.336021930 0.112752125 0.025562577 -0.070957147 0.990756631
1403638541027829504.000000 0.442292362 -0.102527134 0.360034525 0.124135189 0.026134463 -0.075856045 0.989016354
1403638541077829376.000000 0.451486558 -0.116457358 0.384204090 0.134456858 0.026993262 -0.079603337 0.987348020
1403638541127829504.000000 0.459775984 -0.131280899 0.408887237 0.142876059 0.027814092 -0.082650639 0.985891342
1403638541177829376.000000 0.467193335 -0.146717772 0.433266014 -0.149755508 -0.027754035 0.085267290 -0.984648407
1403638541227829504.000000 0.480967999 -0.161327019 0.449600875 0.155117959 0.027057085 -0.087798640 0.983614683
1403638541277829376.000000 0.488216907 -0.178949714 0.474643052 0.158572763 0.027451841 -0.089914247 0.982861459
1403638541327829504.000000 0.497225583 -0.197827280 0.498852402 0.161419600 0.027087756 -0.090578705 0.982347012
1403638541377829376.000000 0.507510602 -0.217861861 0.522185326 0.162930578 0.027116423 -0.091320537 0.982028008
1403638541427829504.000000 0.518427432 -0.238750309 0.544655263 0.163975358 0.026621213 -0.090266734 0.981965065
1403638541477829376.000000 0.532975316 -0.260070771 0.565513611 -0.164245427 -0.027272040 0.090760000 -0.981856644
1403638541527829504.000000 0.552418947 -0.277464837 0.572854817 0.163613737 0.028391521 -0.091393463 0.981871545
1403638541577829376.000000 0.568366408 -0.302359015 0.593472183 0.164116859 0.029624637 -0.091508180 0.981740475
1403638541627829504.000000 0.586310923 -0.329297543 0.613797188 0.165738195 0.030837074 -0.092579305 0.981330276
1403638541677829376.000000 0.605520904 -0.357949227 0.632994711 0.169346496 0.031806923 -0.091556281 0.980779052
1403638541727829504.000000 0.626260400 -0.387919843 0.650787652 0.174017444 0.032543804 -0.092146039 0.979881644
1403638541777829376.000000 0.647947550 -0.418959171 0.667253077 0.180548221 0.032063153 -0.090818077 0.978839338
1403638541827829504.000000 0.676836550 -0.443717837 0.668952346 0.187760904 0.031236550 -0.090677701 0.977521241
1403638541877829376.000000 0.699733138 -0.476394117 0.683290064 0.195335105 0.031036282 -0.091585197 0.975957572
1403638541927829504.000000 0.721630037 -0.509816587 0.697733641 0.203629389 0.029579995 -0.093921326 0.974083602
1403638541977829376.000000 0.741903722 -0.543601274 0.712377012 0.212565646 0.028718621 -0.097209089 0.971875310
1403638542027829504.000000 0.760376811 -0.577510834 0.727054894 0.222688526 0.027623285 -0.099860124 0.969368219
1403638542077829376.000000 0.777458072 -0.611690104 0.742066622 0.232960969 0.026679384 -0.103848934 0.966557264
1403638542127829504.000000 0.799645662 -0.639256299 0.746468186 0.244173527 0.025731094 -0.108382285 0.963312268
1403638542177829376.000000 0.814282894 -0.674404204 0.762039721 0.256285667 0.025517097 -0.111936212 0.959758818
1403638542227829504.000000 0.827224016 -0.709741712 0.778066337 0.268498093 0.024133030 -0.117056556 0.955836892
1403638542277829376.000000 0.839140415 -0.745302498 0.794425428 0.280668139 0.023297114 -0.123265520 0.951571465
1403638542327829504.000000 0.850319386 -0.781250477 0.810816646 0.292912245 0.023322992 -0.128690034 0.947152257
1403638542377829376.000000 0.861169934 -0.817276657 0.827469707 0.303452313 0.027256150 -0.133542717 0.943048358
1403638542427829504.000000 0.871683478 -0.853396177 0.844181418 0.312467754 0.034079246 -0.139459640 0.939017415
1403638542477829376.000000 0.887279451 -0.881606638 0.851643443 0.319667161 0.042432275 -0.145836115 0.935277700
1403638542527829504.000000 0.896164179 -0.918152630 0.868067980 0.323865414 0.050241508 -0.153835326 0.932159722
1403638542577829376.000000 0.904762983 -0.955329001 0.883191884 0.326609850 0.057972688 -0.162277192 0.929317653
1403638542627829504.000000 0.912716210 -0.993182421 0.896092713 0.329753250 0.059988968 -0.166856438 0.927266479
1403638542677829376.000000 0.921356440 -1.031734943 0.906343043 0.332210720 0.060529724 -0.169551119 0.925864279
1403638542727829504.000000 0.930311799 -1.070818186 0.913707614 0.335362166 0.056827065 -0.168406844 0.925171375
1403638542777829376.000000 0.940061688 -1.110718131 0.918508530 0.339116186 0.051739972 -0.164253905 0.924848020
1403638542827829504.000000 0.956030428 -1.143191814 0.913441300 0.341562003 0.047048949 -0.161095873 0.924753964
1403638542877829376.000000 0.967155039 -1.184277534 0.913416266 0.343175322 0.041458406 -0.158283129 0.924909890
1403638542927829504.000000 0.979988456 -1.225861430 0.911718845 0.344569534 0.037134185 -0.155611202 0.925028682
1403638542977829376.000000 0.993917346 -1.267217517 0.908047080 0.344990194 0.033623118 -0.153894052 0.925293386
1403638543027829504.000000 1.007944345 -1.308431268 0.903398156 0.345511645 0.030315993 -0.152026638 0.925521791
1403638543077829376.000000 1.021658897 -1.350354910 0.898912787 0.345687866 0.027863305 -0.150171414 0.925835907
1403638543127829504.000000 1.034299970 -1.392526507 0.894977808 0.345425963 0.027006218 -0.148514658 0.926226258
1403638543177829376.000000 1.050297260 -1.425762534 0.888582468 0.345058203 0.026386833 -0.147822395 0.926491916
1403638543227829504.000000 1.059789538 -1.468072891 0.885646522 0.344377011 0.026094327 -0.147285298 0.926839054
1403638543277829376.000000 1.067994952 -1.510621667 0.883217692 0.344092041 0.026748654 -0.145694464 0.927177608
1403638543327829504.000000 1.074818850 -1.553004622 0.881645501 0.343285233 0.025878603 -0.145333976 0.927557945
1403638543377829376.000000 1.080677152 -1.595712423 0.880151093 0.343229473 0.025396060 -0.145321116 0.927593887
1403638543427829504.000000 1.085840821 -1.638959050 0.879269660 0.345014513 0.025104631 -0.145960376 0.926838875
1403638543477829376.000000 1.090130091 -1.682164431 0.879034340 0.347600251 0.024949141 -0.147760049 0.925590932
1403638543527829504.000000 1.093185663 -1.725550532 0.878846943 0.352136523 0.024295146 -0.149804935 0.923562706
1403638543577829376.000000 1.093397021 -1.774170756 0.878980041 0.357920408 0.024302678 -0.154034480 0.920638859
1403638543627829504.000000 1.101799607 -1.807008147 0.878149629 0.364767522 0.024043268 -0.159522340 0.917016506
1403638543677829376.000000 1.102887630 -1.853174210 0.878311396 0.373137861 0.024604343 -0.164567694 0.912732303
1403638543727829504.000000 1.104419708 -1.900074124 0.878126085 0.382558197 0.024909671 -0.170366600 0.907746673
1403638543777829376.000000 1.107196093 -1.947391629 0.877127826 0.392658561 0.026041036 -0.176437557 0.902225554
1403638543827829504.000000 1.111751437 -1.995149612 0.875326991 0.402660936 0.028121613 -0.183797330 0.896265566
1403638543877829376.000000 1.118119597 -2.043989897 0.872527003 0.413849175 0.028859517 -0.188355014 0.890178859
1403638543927829504.000000 1.126243711 -2.093941212 0.868561327 0.425035775 0.029069120 -0.192862138 0.883913875
1403638543977829376.000000 1.136013508 -2.144463539 0.863760829 0.434774727 0.028986473 -0.195678756 0.878544569
1403638544027829504.000000 1.152006030 -2.176682711 0.852927804 0.444661677 0.026743528 -0.196813494 0.873398721
1403638544077829376.000000 1.162715197 -2.226424456 0.845698357 0.452802092 0.023610137 -0.197090924 0.869234145
1403638544127829504.000000 1.173805475 -2.276613951 0.838840842 0.458684206 0.022755746 -0.198231831 0.865907133
1403638544177829376.000000 1.184092760 -2.327155828 0.832646251 0.464481533 0.020918079 -0.196852580 0.863173485
1403638544227829504.000000 1.192949295 -2.377691746 0.827585816 0.468490213 0.021036765 -0.196635783 0.861050963
1403638544277829376.000000 1.200421453 -2.428280115 0.823602319 0.471764058 0.020440521 -0.195880562 0.859448493
1403638544327829504.000000 1.206716895 -2.478581190 0.820472240 0.473568469 0.020260135 -0.196906298 0.858225167
1403638544377829376.000000 1.212011695 -2.528885365 0.818155169 0.474384129 0.019372107 -0.197207466 0.857725918
1403638544427829504.000000 1.218723297 -2.572546959 0.821756124 0.475267261 0.017938016 -0.197219923 0.857265174
1403638544477829376.000000 1.222846508 -2.623402119 0.821559906 0.474572450 0.018117296 -0.198444039 0.857363820
1403638544527829504.000000 1.226590991 -2.674440384 0.821783423 0.474593997 0.019737493 -0.197675914 0.857493639
1403638544577829376.000000 1.231031179 -2.725634813 0.821621418 0.475722790 0.022454895 -0.196402982 0.857093692
1403638544627829504.000000 1.236808419 -2.777208805 0.820925832 0.477899611 0.027383888 -0.194264188 0.856226325
1403638544677829376.000000 1.244525433 -2.829203129 0.819806695 0.479745418 0.031690199 -0.192462772 0.855452061
1403638544727829504.000000 1.253213406 -2.880596876 0.817778349 0.480918705 0.033403467 -0.192038640 0.854823172
1403638544777829376.000000 1.262095213 -2.931361914 0.815760851 0.481189787 0.031938113 -0.192554280 0.854610622
1403638544827829504.000000 1.270390391 -2.981238842 0.814073920 0.480928659 0.029719653 -0.194539979 0.854387820
1403638544877829376.000000 1.279430151 -3.018898487 0.818596363 0.481004328 0.025669208 -0.196075022 0.854125619
1403638544927829504.000000 1.285947800 -3.068509817 0.818386197 0.480926514 0.024131626 -0.196837336 0.854038954
1403638544977829376.000000 1.291229010 -3.118070126 0.818751574 0.481294483 0.023628026 -0.196741894 0.853867650
1403638545027829504.000000 1.295407057 -3.167246819 0.819931388 0.482012361 0.024344634 -0.196294993 0.853545427
1403638545077829376.000000 1.298404455 -3.216376066 0.821695924 0.482458353 0.025035270 -0.195782974 0.853391051
1403638545127829504.000000 1.299859285 -3.264845610 0.824496031 0.482851386 0.025509337 -0.195921212 0.853122950
1403638545177829376.000000 1.299479485 -3.312913179 0.827867389 0.482712537 0.025056798 -0.196882412 0.852993667
1403638545227829504.000000 1.297435522 -3.360436201 0.832346797 0.482639641 0.024547463 -0.198145881 0.852757037
1403638545277829376.000000 1.294673681 -3.407855988 0.837258101 0.482964188 0.025464347 -0.198643535 0.852430582
1403638545327829504.000000 1.288098335 -3.449868441 0.846448541 0.483611554 0.027824843 -0.197898194 0.852163136
1403638545377829376.000000 1.283699155 -3.498589993 0.851721406 0.484186351 0.029854551 -0.196634591 0.852060616
1403638545427829504.000000 1.277888060 -3.546784401 0.857531667 0.484714657 0.028973330 -0.196203798 0.851889908
1403638545477829376.000000 1.271912932 -3.594779968 0.862871051 0.486171454 0.028376933 -0.196297944 0.851057708
1403638545527829504.000000 1.266797066 -3.642714977 0.867497325 0.488946080 0.027664818 -0.197510496 0.849209130
1403638545577829376.000000 1.262660265 -3.690783739 0.871186256 0.492924929 0.026227294 -0.199626580 0.846455216
1403638545627829504.000000 1.259823918 -3.738741159 0.874372005 0.499132186 0.024905251 -0.201088443 0.842502415
1403638545677829376.000000 1.258600116 -3.787006855 0.877181530 0.505884647 0.024418904 -0.204295307 0.837704003
1403638545727829504.000000 1.258839846 -3.834940672 0.879481077 0.513042688 0.022578504 -0.208354548 0.832385600
1403638545777829376.000000 1.254258394 -3.867649555 0.883592367 0.521518171 0.023095377 -0.212697878 0.825981319
1403638545827829504.000000 1.258117318 -3.916057348 0.883481979 0.530759215 0.023417644 -0.217516616 0.818799675
1403638545877829376.000000 1.263510466 -3.964127064 0.882288456 0.540212095 0.022237025 -0.222735688 0.811212182
1403638545927829504.000000 1.270616889 -4.012507439 0.880541325 0.549832880 0.022777755 -0.229303733 0.802860439
1403638545977829376.000000 1.279340744 -4.060545921 0.877885818 0.559353292 0.022244852 -0.235312164 0.794517040
1403638546027829504.000000 1.289385915 -4.108231068 0.874958038 0.567184091 0.023384523 -0.241503805 0.787039578
1403638546077829376.000000 1.299070001 -4.156353951 0.872135878 0.574212193 0.024499236 -0.247095838 0.780143499
1403638546127829504.000000 1.307270765 -4.204802990 0.869917393 0.580448270 0.025162889 -0.251160920 0.774186611
1403638546177829376.000000 1.313865423 -4.253542900 0.868122578 0.586627781 0.024802148 -0.252924949 0.768948436
1403638546227829504.000000 1.310431242 -4.279083252 0.870084524 0.591332376 0.024317615 -0.254622221 0.764788985
1403638546277829376.000000 1.313692331 -4.328166962 0.869624376 0.594843388 0.023720523 -0.256168067 0.761561990
1403638546327829504.000000 1.315554380 -4.377716064 0.869391203 0.598520935 0.021759097 -0.255400479 0.758992732
1403638546377829376.000000 1.316064119 -4.427690983 0.869519234 0.600990891 0.020298388 -0.254680634 0.757321477
1403638546427829504.000000 1.314927220 -4.477717400 0.870141506 0.602903903 0.018150229 -0.253910571 0.756112993
1403638546477829376.000000 1.313331008 -4.527938843 0.871177197 0.603812993 0.017931072 -0.254381150 0.755234182
1403638546527829504.000000 1.311040998 -4.578330994 0.872281075 0.604813397 0.017526343 -0.254841477 0.754287362
1403638546577829376.000000 1.309841514 -4.628940105 0.872489452 0.606274486 0.017943259 -0.256485254 0.752545416
1403638546627829504.000000 1.309595227 -4.679944038 0.871608019 0.609023452 0.018139424 -0.257813066 0.749862611
1403638546677829376.000000 1.310830832 -4.730674267 0.869793653 0.612125874 0.018622311 -0.259266973 0.746817172
1403638546727829504.000000 1.304287910 -4.752727032 0.865612507 0.614923656 0.019083919 -0.260244399 0.744162381
1403638546777829376.000000 1.310998201 -4.806879044 0.861542702 0.616896331 0.019829324 -0.262336075 0.741771936
1403638546827829504.000000 1.319356918 -4.860668182 0.856585979 0.618498862 0.020603901 -0.264542252 0.739629686
1403638546877829376.000000 1.329054594 -4.915501118 0.850684166 0.619844437 0.021015363 -0.266047448 0.737949908
1403638546927829504.000000 1.337649345 -4.969851017 0.844816208 0.620649517 0.021767844 -0.267966837 0.736555636
1403638546977829376.000000 1.344275594 -5.024196148 0.839098454 0.620947480 0.023398500 -0.270377278 0.735372663
1403638547027829504.000000 1.349133968 -5.078660011 0.833541393 0.621365964 0.024411097 -0.271868259 0.734435976
1403638547077829376.000000 1.352283478 -5.133026600 0.828049660 0.620989084 0.025903773 -0.274104416 0.733872116
1403638547127829504.000000 1.353473186 -5.187905788 0.822677135 0.620319188 0.027676087 -0.276954114 0.733303964
1403638547177829376.000000 1.353017569 -5.243742466 0.817226887 0.620100439 0.028327692 -0.278307319 0.732951641
1403638547227829504.000000 1.344387293 -5.262585640 0.806855679 0.619565785 0.029312376 -0.279616565 0.732866704
1403638547277829376.000000 1.342624426 -5.321930885 0.800015450 0.619074523 0.030457107 -0.280528575 0.732886672
1403638547327829504.000000 1.339576244 -5.381446838 0.792342186 0.618657947 0.030620359 -0.281061262 0.733027518
1403638547377829376.000000 1.334961414 -5.440900326 0.783854485 0.620175004 0.027630482 -0.277282804 0.733303428
1403638547427829504.000000 1.328957081 -5.500595570 0.775147438 0.620643079 0.024724502 -0.275499403 0.733683169
1403638547477829376.000000 1.322255373 -5.560801506 0.766029358 0.621830583 0.022268286 -0.272100061 0.734024882
1403638547527829504.000000 1.314119339 -5.621531010 0.757000446 0.622223437 0.019287180 -0.269941598 0.734573066
1403638547577829376.000000 1.304484367 -5.682502270 0.747970104 0.622394621 0.017087333 -0.268008024 0.735190272
1403638547627829504.000000 1.292336464 -5.741445065 0.739542961 0.622405469 0.016045462 -0.266931504 0.735596120
1403638547677829376.000000 1.279325724 -5.800450325 0.731567860 0.621870220 0.015833767 -0.266578078 0.736181259
1403638547727829504.000000 1.263523817 -5.800919056 0.720128059 0.621197164 0.017099507 -0.267126828 0.736522257
1403638547777829376.000000 1.249844551 -5.864427567 0.712225437 0.620589495 0.018236846 -0.267804652 0.736761034
1403638547827829504.000000 1.235213757 -5.928516865 0.704439640 0.618923187 0.021584995 -0.271157682 0.736845732
1403638547877829376.000000 1.219775200 -5.993218422 0.696302891 0.618785560 0.023642378 -0.271266371 0.736858249
1403638547927829504.000000 1.203978539 -6.058376789 0.687444687 0.618624866 0.022105686 -0.271406621 0.736989260
1403638547977829376.000000 1.189816475 -6.124545097 0.677125931 0.619108915 0.023228044 -0.271595776 0.736478329
1403638548027829504.000000 1.176568031 -6.191022873 0.665546417 0.620278180 0.020925719 -0.271716624 0.735518277
1403638548077829376.000000 1.164960861 -6.258942127 0.652333736 0.622308969 0.019739827 -0.272322953 0.733608961
1403638548127829504.000000 1.154782057 -6.327372074 0.637756348 0.624987364 0.019375192 -0.273218423 0.731004179
1403638548177829376.000000 1.145945549 -6.396820068 0.621595383 0.628605843 0.017807983 -0.274470687 0.727463722
1403638548227829504.000000 1.139180899 -6.381772995 0.598059654 0.633010328 0.018165292 -0.275169760 0.723359942
1403638548277829376.000000 1.133259535 -6.451426983 0.579426765 0.637923360 0.016311660 -0.277570993 0.718151867
1403638548327829504.000000 1.129596949 -6.521696568 0.559246540 0.644010723 0.016420798 -0.279151499 0.712077975
1403638548377829376.000000 1.127450228 -6.592686653 0.537690163 0.649785757 0.015302434 -0.282786727 0.705390751
1403638548427829504.000000 1.126784563 -6.664099693 0.515014172 0.655871093 0.014774836 -0.285486996 0.698650181
1403638548477829376.000000 1.126552105 -6.735960960 0.492032051 0.661606550 0.014462135 -0.287036896 0.692587554
1403638548527829504.000000 1.125488043 -6.808240891 0.469392776 0.666498482 0.014014205 -0.288336515 0.687346637
1403638548577829376.000000 1.123231888 -6.881140709 0.447096825 0.670764923 0.014466306 -0.289872646 0.682524025
1403638548627829504.000000 1.119635820 -6.954566956 0.425354958 0.674234509 0.014571452 -0.291185737 0.678532600
1403638548677829376.000000 1.115101337 -7.028461456 0.403878212 0.677364349 0.014014131 -0.291671932 0.675210059
1403638548727829504.000000 1.112373590 -6.999576092 0.376483440 0.679404378 0.014528345 -0.292689055 0.672704816
1403638548777829376.000000 1.107198954 -7.073714733 0.354895115 0.681442678 0.014383214 -0.293194354 0.670422375
1403638548827829504.000000 1.103613615 -7.149556637 0.333222866 0.682849348 0.013937837 -0.294013023 0.668639660
1403638548877829376.000000 1.101897001 -7.225859165 0.310113907 0.683758378 0.013908890 -0.294684589 0.667414427
1403638548927829504.000000 1.101365805 -7.302707195 0.286161900 0.685070932 0.013595837 -0.294093966 0.666334569
1403638548977829376.000000 1.102184057 -7.379662991 0.261538029 0.685328007 0.013414713 -0.294728339 0.665793419
1403638549027829504.000000 1.104151487 -7.456502438 0.236216068 0.685275257 0.013401289 -0.296092749 0.665242314
1403638549077829376.000000 1.107240200 -7.533272266 0.210201740 0.685975134 0.012917452 -0.294817805 0.665096879
1403638549127829504.000000 1.111418724 -7.609854698 0.183752537 0.686377227 0.012300509 -0.293708086 0.665184677
1403638549177829376.000000 1.117524385 -7.687130451 0.156254292 0.686487794 0.013088587 -0.293347806 0.665214419
1403638549227829504.000000 1.126733303 -7.640763760 0.124063969 0.686576426 0.012860981 -0.292828798 0.665356100
1403638549277829376.000000 1.134424448 -7.719848633 0.095072269 0.686687887 0.012471176 -0.292001039 0.665612340
1403638549327829504.000000 1.143336535 -7.798799515 0.065381050 0.687014759 0.011403096 -0.290572524 0.665919185
1403638549377829376.000000 1.153108120 -7.880974770 0.037045956 0.687280357 0.010578908 -0.288919330 0.666377902
1403638549427829504.000000 1.161920786 -7.961838722 0.007994652 0.687662303 0.009990625 -0.287211567 0.666731060
1403638549477829376.000000 1.169183016 -8.043170929 -0.020480156 0.687714398 0.008836779 -0.286271363 0.667097926
1403638549527829504.000000 1.175107241 -8.124844551 -0.048161507 0.687680423 0.008717542 -0.285648137 0.667401612
1403638549577829376.000000 1.180102110 -8.206859589 -0.075215340 0.688074946 0.009512332 -0.284031153 0.667674124
1403638549627829504.000000 1.184104443 -8.289166451 -0.101561546 0.688389182 0.010626574 -0.282840043 0.667838991
1403638549677829376.000000 1.187639713 -8.371670723 -0.127009392 0.688450694 0.011021391 -0.281904548 0.668164670
1403638549727829504.000000 1.193518639 -8.301266670 -0.152506828 0.687629104 0.013159713 -0.283029467 0.668496370
1403638549777829376.000000 1.197383165 -8.383035660 -0.178242683 0.687632680 0.011863381 -0.282962114 0.668545485
1403638549827829504.000000 1.202784538 -8.465414047 -0.204717636 0.687641442 0.010521044 -0.282875150 0.668595791
1403638549877829376.000000 1.211448669 -8.552897453 -0.229507446 0.686767578 0.009821742 -0.283782393 0.669119895
1403638549927829504.000000 1.221334696 -8.638907433 -0.256467819 0.686325192 0.009826075 -0.284622192 0.669216990
1403638549977829376.000000 1.232754707 -8.726294518 -0.284037590 0.686535001 0.008425932 -0.284133762 0.669228435
1403638550027829504.000000 1.246786833 -8.814941406 -0.312384605 0.686534107 0.008256459 -0.283868194 0.669344187
1403638550077829376.000000 1.262612343 -8.904807091 -0.341334343 0.686652005 0.007813874 -0.283822715 0.669247866
1403638550127829504.000000 1.280267954 -8.995052338 -0.370764732 0.687125385 0.006220282 -0.282970279 0.669139624
1403638550177829376.000000 1.297297478 -8.919624329 -0.396905899 0.687121809 0.006682775 -0.283353895 0.668976486
1403638550227829504.000000 1.320003033 -8.993184090 -0.428185463 0.687203646 0.006133050 -0.283798575 0.668709219
1403638550277829376.000000 1.344648123 -9.067002296 -0.459970474 0.687003076 0.006790366 -0.284538776 0.668594360
1403638550327829504.000000 1.370089054 -9.140933990 -0.491792679 0.686941624 0.007214369 -0.285028845 0.668444335
1403638550377829376.000000 1.394800425 -9.215056419 -0.522924423 0.687139452 0.007924096 -0.285060972 0.668219090
1403638550427829504.000000 1.417716026 -9.289175034 -0.552950859 0.688094437 0.007077564 -0.283366948 0.667966485
1403638550477829376.000000 1.438982964 -9.363463402 -0.581593513 0.688430309 0.006167956 -0.282506317 0.667993963
1403638550527829504.000000 1.458321333 -9.437438965 -0.608920097 0.689198613 0.004205894 -0.280972064 0.667864025
1403638550577829376.000000 1.476946831 -9.512253761 -0.635048866 0.690178037 0.004162191 -0.278730243 0.667792261
1403638550627829504.000000 1.494643211 -9.586671829 -0.659603119 0.691245914 0.004857058 -0.276014030 0.667811155
1403638550677829376.000000 1.494786263 -9.630420685 -0.668073654 0.692518055 0.006684265 -0.272897124 0.667758465
1403638550727829504.000000 1.510011911 -9.704363823 -0.689452171 0.693338513 0.006661147 -0.270879209 0.667728901
1403638550777829376.000000 1.528676748 -9.780856133 -0.712997437 0.693758368 0.007804016 -0.269502729 0.667837322
1403638550827829504.000000 1.545257330 -9.855717659 -0.733654976 0.694770396 0.010612468 -0.266609401 0.667907953
1403638550877829376.000000 1.561545849 -9.930171013 -0.753249168 0.696443439 0.013840681 -0.262519479 0.667726338
1403638550927829504.000000 1.577421427 -10.004063606 -0.771558762 0.697511911 0.018123062 -0.258919895 0.667914152
1403638550977829376.000000 1.592340231 -10.076969147 -0.788647652 0.698875487 0.020829761 -0.255417198 0.667758405
1403638551027829504.000000 1.606591463 -10.148722649 -0.804461479 0.699770749 0.022863658 -0.252781779 0.667757094
1403638551077829376.000000 1.620807886 -10.218997955 -0.819106102 0.700451732 0.024774602 -0.250891030 0.667688012
1403638551127829504.000000 1.635914087 -10.287285805 -0.832736015 0.701120317 0.023916092 -0.249080539 0.667695463
1403638551177829376.000000 1.629151344 -10.306508064 -0.827904701 0.702630401 0.022866659 -0.246032268 0.667275012
1403638551227829504.000000 1.646918535 -10.370841980 -0.839590073 0.703099251 0.021807462 -0.245285392 0.667091429
1403638551277829376.000000 1.666123867 -10.432630539 -0.850562096 0.702515841 0.020251699 -0.245065659 0.667835534
1403638551327829504.000000 1.689736605 -10.494839668 -0.861603737 0.700437665 0.017624874 -0.246265903 0.669648945
1403638551377829376.000000 1.711852074 -10.553839684 -0.869802475 0.697170496 0.014437687 -0.245524511 0.673396409
1403638551427829504.000000 1.733605146 -10.611489296 -0.875664711 0.692361593 0.011644493 -0.244521797 0.678755403
1403638551477829376.000000 1.755008936 -10.668066978 -0.879189491 0.686478496 0.008845847 -0.242467791 0.685476780
1403638551527829504.000000 1.775957584 -10.724039078 -0.880663872 0.680036962 0.005714185 -0.238462165 0.693291306
1403638551577829376.000000 1.796269417 -10.779021263 -0.879720688 0.673267305 0.004163332 -0.232922018 0.701741517
1403638551627829504.000000 1.815786362 -10.833602905 -0.876300812 0.666009903 -0.000062684 -0.227473691 0.710412979
1403638551677829376.000000 1.814499617 -10.827486038 -0.854335785 0.658560574 -0.002615995 -0.221832126 0.719083965
1403638551727829504.000000 1.833716869 -10.880686760 -0.845947266 0.650409400 -0.003052711 -0.216697142 0.728011429
1403638551777829376.000000 1.851709604 -10.932464600 -0.834815025 0.641833663 -0.003353315 -0.211915359 0.736973703
1403638551827829504.000000 1.869376183 -10.983522415 -0.820967674 0.633567274 -0.002979296 -0.207404032 0.745363891
1403638551877829376.000000 1.891906500 -11.036650658 -0.806962967 0.625991404 -0.000639998 -0.204610601 0.752508402
1403638551927829504.000000 1.913309813 -11.086537361 -0.790265083 0.618579865 0.003861316 -0.204809874 0.758549273
1403638551977829376.000000 1.936877489 -11.135684013 -0.772550106 0.612670660 0.008803722 -0.204526931 0.763364971
1403638552027829504.000000 1.963237286 -11.183514595 -0.754176617 0.606918812 0.013852606 -0.205172494 0.767699182
1403638552077829376.000000 1.991179705 -11.229667664 -0.735441208 0.602517247 0.017068224 -0.205366775 0.771042287
1403638552127829504.000000 2.020236254 -11.274453163 -0.716170788 0.598676860 0.017174616 -0.206258819 0.773788333
1403638552177829376.000000 2.035105228 -11.243811607 -0.681667328 0.596297741 0.014870333 -0.206328005 0.775652468
1403638552227829504.000000 2.066855907 -11.285983086 -0.661492348 0.593917966 0.013204798 -0.207523376 0.777188063
1403638552277829376.000000 2.099464893 -11.326606750 -0.640823841 0.592187166 0.011446845 -0.208214641 0.778350830
1403638552327829504.000000 2.132126331 -11.365982056 -0.619142532 0.591442347 0.010871285 -0.207935348 0.778999746
1403638552377829376.000000 2.162852287 -11.399920464 -0.596635818 0.592123866 0.010427223 -0.204907507 0.779290497
1403638552427829504.000000 2.199861765 -11.451696396 -0.571395874 0.593754828 0.013400641 -0.200314179 0.779198229
1403638552477829376.000000 2.231311560 -11.490704536 -0.545162678 0.595489383 0.015850311 -0.195921198 0.778945506
1403638552527829504.000000 2.261888027 -11.528249741 -0.517328739 0.596853018 0.018280409 -0.192424804 0.778720140
1403638552577829376.000000 2.291465759 -11.564263344 -0.488004684 0.598214805 0.020848982 -0.189819887 0.778249860
1403638552627829504.000000 2.320095778 -11.598391533 -0.457073212 0.598971665 0.022835502 -0.189165950 0.777771056
1403638552677829376.000000 2.336360693 -11.546964645 -0.408598900 0.599338770 0.023504978 -0.190362006 0.777176261
1403638552727829504.000000 2.362593889 -11.576450348 -0.374094963 0.599701345 0.022937693 -0.190831423 0.776798308
1403638552777829376.000000 2.387704372 -11.603279114 -0.338153839 0.599760890 0.023242181 -0.192715421 0.776278019
1403638552827829504.000000 2.412410498 -11.627879143 -0.300397873 0.600082338 0.023436408 -0.194173932 0.775660098
1403638552877829376.000000 2.435574055 -11.647761345 -0.261091232 0.599847376 0.024040991 -0.197187677 0.775062740
1403638552927829504.000000 2.457514763 -11.663639069 -0.220154762 0.599605620 0.024287023 -0.201047540 0.774250150
1403638552977829376.000000 2.486228228 -11.702363968 -0.180678368 0.599695086 0.026516268 -0.204377145 0.773235261
1403638553027829504.000000 2.508188725 -11.722533226 -0.138081551 0.599113047 0.026995398 -0.208533138 0.772559881
1403638553077829376.000000 2.529587746 -11.741811752 -0.095065117 0.599352002 0.028599650 -0.210851133 0.771687210
1403638553127829504.000000 2.550297022 -11.759946823 -0.051533699 0.600673437 0.029759463 -0.210175216 0.770799756
1403638553177829376.000000 2.564283848 -11.692527771 0.010091782 0.603181541 0.032302417 -0.206578627 0.769710362
1403638553227829504.000000 2.584516525 -11.707178116 0.054194450 0.605670214 0.035570443 -0.202299222 0.768747985
1403638553277829376.000000 2.605674505 -11.719385147 0.098256111 0.607518911 0.039290138 -0.199544445 0.767827511
1403638553327829504.000000 2.627719879 -11.727565765 0.142104149 0.608911574 0.043067414 -0.198076785 0.766901314
1403638553377829376.000000 2.649324179 -11.725477219 0.186251640 0.609216928 0.046064749 -0.199086189 0.766222894
1403638553427829504.000000 2.673730850 -11.727234840 0.229648590 0.608666301 0.051117897 -0.201228768 0.765780270
1403638553477829376.000000 2.698643684 -11.723505974 0.273629189 0.608314931 0.054840967 -0.203509405 0.765198946
1403638553527829504.000000 2.733050585 -11.755478859 0.310779572 0.608360350 0.058219396 -0.205127478 0.764480889
1403638553577829376.000000 2.761452436 -11.752799034 0.350756645 0.607799113 0.061723225 -0.207035467 0.764137924
1403638553627829504.000000 2.789379835 -11.746171951 0.389662743 0.607261777 0.062960029 -0.208771989 0.763991773
1403638553677829376.000000 2.824831724 -11.652972221 0.446038246 0.607276022 0.063149318 -0.209981322 0.763633311
1403638553727829504.000000 2.855518818 -11.639550209 0.481572151 0.606989861 0.063241847 -0.211123034 0.763538361
1403638553777829376.000000 2.886843681 -11.622619629 0.515917778 0.606493235 0.062225375 -0.212638870 0.763595939
1403638553827829504.000000 2.919405460 -11.603401184 0.549101830 0.605885088 0.061132599 -0.214033023 0.763777375
1403638553877829376.000000 2.953109026 -11.581226349 0.580547333 0.605231643 0.059701353 -0.215291783 0.764054954
1403638553927829504.000000 2.986345530 -11.557150841 0.611371040 0.604603291 0.058644313 -0.216424018 0.764314353
1403638553977829376.000000 3.017940760 -11.531160355 0.642121315 0.604591787 0.054928824 -0.216289192 0.764637530
1403638554027829504.000000 3.127156973 -11.929901123 0.546093941 0.604705513 0.050992008 -0.216443643 0.764776647
1403638554077829376.000000 3.167482376 -11.963920593 0.557633400 0.603921890 0.049659148 -0.218264192 0.764966071
1403638554127829504.000000 3.206223726 -11.996895790 0.569032669 0.603576481 0.048246268 -0.219357863 0.765016317
1403638554177829376.000000 3.140371561 -11.355374336 0.777749062 0.601509273 0.045417421 -0.224045768 0.765458941
1403638554227829504.000000 3.164444447 -11.316605568 0.809797287 0.599596441 0.040770393 -0.229169652 0.765704393
1403638554277829376.000000 3.186917067 -11.277432442 0.842135429 0.597837925 0.036306325 -0.233616933 0.765960097
1403638554327829504.000000 3.208587646 -11.237748146 0.874398232 0.596335888 0.033507429 -0.237767041 0.765981436
1403638554377829376.000000 3.229179859 -11.198680878 0.906751633 0.595171154 0.031016098 -0.240833700 0.766034245
1403638554427829504.000000 3.249427319 -11.159252167 0.939004898 0.594668567 0.029461708 -0.242373005 0.766000450
1403638554477829376.000000 3.268598557 -11.120933533 0.971023560 0.594033241 0.028608490 -0.244133025 0.765966833
1403638554527829504.000000 3.287076235 -11.083364487 1.002036095 0.594035745 0.028131127 -0.244288221 0.765933096
1403638554577829376.000000 3.304381609 -11.046133995 1.033615112 0.594761670 0.026651032 -0.243249908 0.765753090
1403638554627829504.000000 3.321607590 -11.009574890 1.064184189 0.595473528 0.024406353 -0.241619617 0.765790820
1403638554677829376.000000 3.347667694 -10.979097366 1.091406822 0.597063482 0.021513287 -0.237760022 0.765847623
1403638554727829504.000000 3.367054701 -10.940456390 1.120516777 0.597693801 0.021761525 -0.236173719 0.765839815
1403638554777829376.000000 3.386970758 -10.901720047 1.149077415 0.599399269 0.019832328 -0.232358456 0.765726268
1403638554827829504.000000 3.408035994 -10.863961220 1.177636147 0.599966824 0.019698009 -0.231426731 0.765567422
1403638554877829376.000000 3.430291414 -10.826659203 1.206032753 0.600880504 0.019329555 -0.228891820 0.765622437
1403638554927829504.000000 3.452913761 -10.789436340 1.234548569 0.601368845 0.019330647 -0.227295861 0.765714407
1403638554977829376.000000 3.475174189 -10.752356529 1.263887405 0.601325154 0.019341644 -0.224599048 0.766543806
1403638555027829504.000000 3.496024609 -10.714908600 1.294220924 0.599456131 0.019971896 -0.223280102 0.768374622
1403638555077829376.000000 3.515403032 -10.676984787 1.325857162 0.596230745 0.020044658 -0.222877815 0.770994604
1403638555127829504.000000 3.534147739 -10.638831139 1.358648300 0.591900587 0.020453744 -0.222510159 0.774418831
1403638555177829376.000000 3.565255880 -10.620493889 1.386874199 0.587323606 0.018520370 -0.221570984 0.778212309
1403638555227829504.000000 3.582802534 -10.583637238 1.421774864 0.582676589 0.018490050 -0.219379544 0.782316267
1403638555277829376.000000 3.598962307 -10.546456337 1.457354069 0.578284681 0.018275624 -0.218000129 0.785957277
1403638555327829504.000000 3.614765406 -10.509517670 1.493462563 0.574327767 0.018656630 -0.216822937 0.789168835
1403638555377829376.000000 3.630535364 -10.472648621 1.529989243 0.570163846 0.020989735 -0.217749804 0.791869760
1403638555427829504.000000 3.644914150 -10.436219215 1.566893101 0.566580892 0.022079209 -0.218398079 0.794229805
1403638555477829376.000000 3.658929110 -10.400029182 1.604317188 0.563933730 0.023329373 -0.218192905 0.796132207
1403638555527829504.000000 3.672096729 -10.364267349 1.641697884 0.562327743 0.023030950 -0.216916591 0.797624230
1403638555577829376.000000 3.685508013 -10.328493118 1.678413868 0.560655892 0.024448460 -0.217193708 0.798682809
1403638555627829504.000000 3.699518442 -10.292136192 1.715044975 0.559662640 0.023777297 -0.216879666 0.799484611
1403638555677829376.000000 3.714959383 -10.262400627 1.747892380 0.559117138 0.022484794 -0.216517553 0.800001681
1403638555727829504.000000 3.733855486 -10.226219177 1.782825470 0.559089720 0.021460174 -0.215971172 0.800196588
1403638555777829376.000000 3.755206823 -10.189970970 1.816459656 0.558497131 0.020823482 -0.217264459 0.800277233
1403638555827829504.000000 3.778795481 -10.153748512 1.848735809 0.558530152 0.020831024 -0.217770502 0.800116420
1403638555877829376.000000 3.802832603 -10.117454529 1.880866051 0.558490455 0.020388734 -0.218456119 0.799968600
1403638555927829504.000000 3.827457905 -10.082067490 1.912928104 0.558210254 0.021010559 -0.219770789 0.799787998
1403638555977829376.000000 3.854134560 -10.048253059 1.944117069 0.558362603 0.022109708 -0.220456913 0.799463034
1403638556027829504.000000 3.882326841 -10.014509201 1.975305557 0.558192313 0.022567799 -0.221304357 0.799335003
1403638556077829376.000000 3.910364628 -9.981299400 2.006782532 0.557831347 0.021785654 -0.222397014 0.799305499
1403638556127829504.000000 3.937087536 -9.948485374 2.038320541 0.557676852 0.018966231 -0.223064378 0.799299181
1403638556177829376.000000 3.960054636 -9.917901993 2.070731640 0.557097733 0.014252936 -0.223816946 0.799590528
1403638556227829504.000000 3.983664513 -9.885618210 2.103936672 0.556376815 0.011079743 -0.225865245 0.799566686
1403638556277829376.000000 4.006806374 -9.853477478 2.137969017 0.556405663 0.008355117 -0.225971550 0.799549758
1403638556327829504.000000 4.028911591 -9.822551727 2.172290802 0.555872381 0.006438506 -0.227211893 0.799586952
1403638556377829376.000000 4.050425529 -9.792704582 2.206734180 0.555788517 0.004679375 -0.227536649 0.799565136
1403638556427829504.000000 4.072054863 -9.764424324 2.241858482 0.555361867 0.002985343 -0.228580028 0.799572051
1403638556477829376.000000 4.093103886 -9.737137794 2.276874065 0.554362059 -0.000425673 -0.230237186 0.799795926
1403638556527829504.000000 4.114511490 -9.711483002 2.312756538 0.553618371 -0.002768101 -0.231540814 0.799929976
1403638556577829376.000000 4.136390686 -9.687043190 2.348868847 0.553698242 -0.005227552 -0.230471492 0.800171196
1403638556627829504.000000 4.158487320 -9.664371490 2.384982109 0.555060089 -0.008122301 -0.226359248 0.800377369
1403638556677829376.000000 4.178925514 -9.645921707 2.428663731 0.556665003 -0.009548889 -0.221087083 0.800720513
1403638556727829504.000000 4.205663681 -9.624161720 2.465752602 0.558339417 -0.007152528 -0.216710001 0.800776362
1403638556777829376.000000 4.234344482 -9.602079391 2.502990246 0.559868455 -0.004324846 -0.213192075 0.800673306
1403638556827829504.000000 4.264987946 -9.581025124 2.540777683 0.561327696 -0.002610408 -0.209358141 0.800670743
1403638556877829376.000000 4.297650337 -9.561277390 2.578668594 0.562503099 -0.002090019 -0.206301406 0.800640762
1403638556927829504.000000 4.332262993 -9.542237282 2.617449284 0.563440442 -0.000613993 -0.203814447 0.800621152
1403638556977829376.000000 4.366420269 -9.523722649 2.657925606 0.564098358 0.000233339 -0.202125028 0.800586402
1403638557027829504.000000 4.400024414 -9.505775452 2.700132370 0.564126849 0.001398476 -0.202597693 0.800445676
1403638557077829376.000000 4.432028770 -9.487919807 2.743976593 0.563792765 0.002718623 -0.203995451 0.800322652
1403638557127829504.000000 4.462988853 -9.470589638 2.789614677 0.563334942 0.004504706 -0.205656052 0.800211906
1403638557177829376.000000 4.487450123 -9.457419395 2.840437889 0.563474596 0.005662634 -0.205814928 0.800065398
1403638557227829504.000000 4.516083241 -9.439411163 2.888394356 0.563143671 0.006952491 -0.206792146 0.800036252
1403638557277829376.000000 4.543595314 -9.421607971 2.937440872 0.563177586 0.007385842 -0.207226887 0.799896002
1403638557327829504.000000 4.570468903 -9.404083252 2.987951279 0.562761605 0.008279559 -0.208388373 0.799878180
1403638557377829376.000000 4.597355843 -9.386753082 3.039102554 0.562312424 0.009476378 -0.210245326 0.799694896
1403638557427829504.000000 4.625728607 -9.369449615 3.090295315 0.561566234 0.011774963 -0.212547436 0.799580157
1403638557477829376.000000 4.654945850 -9.352797508 3.141829014 0.560270429 0.014969363 -0.216578096 0.799354136
1403638557527829504.000000 4.685772896 -9.335894585 3.192912579 0.559184313 0.016996572 -0.219022825 0.799407959
1403638557577829376.000000 4.717772484 -9.318735123 3.242794037 0.558333158 0.019585600 -0.221326455 0.799309194
1403638557627829504.000000 4.750888824 -9.302409172 3.292496681 0.557789683 0.021071920 -0.222663507 0.799279451
1403638557677829376.000000 4.784752846 -9.286635399 3.346320152 0.557645738 0.022046681 -0.223686874 0.799067855
1403638557727829504.000000 4.819374084 -9.271535873 3.394579411 0.557536125 0.022644371 -0.223400787 0.799207568
1403638557777829376.000000 4.853324890 -9.256948471 3.442570210 0.557420611 0.022693809 -0.223430932 0.799278438
1403638557827829504.000000 4.885665894 -9.242486000 3.490838051 0.556239784 0.023650348 -0.225073695 0.799612343
1403638557877829376.000000 4.916218758 -9.228282928 3.539251328 0.555694282 0.023388829 -0.226173237 0.799688995
1403638557927829504.000000 4.945117950 -9.214198112 3.587750912 0.554736972 0.023540204 -0.228077441 0.799808323
1403638557977829376.000000 4.972018242 -9.200674057 3.636640549 0.554138124 0.021652374 -0.229200095 0.799955904
1403638558027829504.000000 4.996873856 -9.187594414 3.685691357 0.553800046 0.019017702 -0.230120018 0.799992919
1403638558077829376.000000 5.020239830 -9.174753189 3.734830856 0.553447187 0.015078805 -0.230816588 0.800120294
1403638558127829504.000000 5.042409897 -9.162569046 3.784812450 0.552348197 0.010453089 -0.232501537 0.800465703
1403638558177829376.000000 5.062981606 -9.145463943 3.840573788 0.551748335 0.005565737 -0.234097272 0.800463200
1403638558227829504.000000 5.086895466 -9.136043549 3.890114784 0.550541282 0.000174236 -0.235592812 0.800874710
1403638558277829376.000000 5.112689972 -9.128141403 3.938651562 0.549355924 -0.001120401 -0.237912759 0.801002145
1403638558327829504.000000 5.140155792 -9.122117996 3.986703396 0.548191726 -0.002355144 -0.240017906 0.801168978
1403638558377829376.000000 5.171029091 -9.118028641 4.032780170 0.546721160 -0.002921075 -0.242954239 0.801286936
1403638558427829504.000000 5.202607632 -9.114444733 4.078124046 0.544864178 -0.006092564 -0.246592566 0.801422477
1403638558477829376.000000 5.235633373 -9.113405228 4.123012066 0.543100357 -0.008869321 -0.249864995 0.801580191
1403638558527829504.000000 5.270178795 -9.114536285 4.166818142 0.542684495 -0.011314402 -0.250055254 0.801771760
1403638558577829376.000000 5.306236267 -9.118097305 4.210071564 0.543246150 -0.013285954 -0.248383865 0.801880717
1403638558627829504.000000 5.344313145 -9.124006271 4.252236843 0.544509411 -0.013300600 -0.244232163 0.802298725
1403638558677829376.000000 5.385506630 -9.126255989 4.298224926 0.546633959 -0.014204958 -0.238721862 0.802497029
1403638558727829504.000000 5.425262451 -9.136989594 4.341259003 0.548849702 -0.014313053 -0.232360557 0.802849829
1403638558777829376.000000 5.464051247 -9.149259567 4.385674000 0.549759984 -0.013772024 -0.229433298 0.803078234
1403638558827829504.000000 5.501835823 -9.162166595 4.431296825 0.550982237 -0.013425682 -0.225821242 0.803270280
1403638558877829376.000000 5.538205147 -9.176356316 4.478638172 0.550768435 -0.011352968 -0.226127163 0.803362846
1403638558927829504.000000 5.573543549 -9.191748619 4.527487755 0.551351190 -0.007561049 -0.224636614 0.803425908
1403638558977829376.000000 5.607517242 -9.208027840 4.577318668 0.551875949 -0.002697043 -0.223611847 0.803382516
1403638559027829504.000000 5.640068054 -9.225046158 4.628551006 0.551977634 0.001617429 -0.223728955 0.803282917
1403638559077829376.000000 5.671364784 -9.242694855 4.681340218 0.552544177 0.005120403 -0.222653419 0.803177595
1403638559127829504.000000 5.700456619 -9.263917923 4.733138561 0.552845240 0.008277250 -0.222357228 0.803026140
1403638559177829376.000000 5.733142853 -9.277383804 4.789092541 0.553462386 0.010864214 -0.221981049 0.802674174
1403638559227829504.000000 5.759766579 -9.296334267 4.843573093 0.553231120 0.013451365 -0.223640889 0.802333534
1403638559277829376.000000 5.785172462 -9.316041946 4.898561478 0.553106070 0.015317115 -0.224769235 0.802070975
1403638559327829504.000000 5.808947563 -9.335577011 4.953458786 0.552916884 0.017126212 -0.226096869 0.801791728
1403638559377829376.000000 5.831171989 -9.355005264 5.008947849 0.551932275 0.019090125 -0.229210034 0.801541746
1403638559427829504.000000 5.852058411 -9.375087738 5.063911438 0.551535428 0.021487266 -0.231176078 0.801189542
1403638559477829376.000000 5.871331692 -9.395282745 5.118908405 0.551502347 0.022765534 -0.231942073 0.800955594
1403638559527829504.000000 5.889039516 -9.415549278 5.173831463 0.551317215 0.024513250 -0.232938305 0.800742328
1403638559577829376.000000 5.905731201 -9.436161041 5.228556156 0.551588595 0.026037974 -0.233552158 0.800328314
1403638559627829504.000000 5.920650482 -9.457147598 5.282758713 0.552000940 0.026917463 -0.233089507 0.800149858
1403638559677829376.000000 5.939599037 -9.476690292 5.338799000 0.552367747 0.027531089 -0.233242229 0.799831271
1403638559727829504.000000 5.954509735 -9.498513222 5.390461922 0.552806139 0.028071269 -0.233217537 0.799516737
1403638559777829376.000000 5.970372200 -9.520320892 5.440800667 0.553116500 0.028416844 -0.233425751 0.799229085
1403638559827829504.000000 5.986974239 -9.542790413 5.489714622 0.553800702 0.026436245 -0.232562333 0.799074888
1403638559877829376.000000 6.004758358 -9.565646172 5.537792206 0.553757012 0.026945405 -0.232108623 0.799220085
1403638559927829504.000000 6.022462845 -9.588794708 5.585019112 0.552640259 0.026407609 -0.230300605 0.800532997
1403638559977829376.000000 6.038966179 -9.611709595 5.632020473 0.549731612 0.025885586 -0.227869317 0.803243876
1403638560027829504.000000 6.053415298 -9.634370804 5.679018021 0.545095026 0.025053434 -0.224275067 0.807430744
1403638560077829376.000000 6.066787720 -9.656642914 5.726198196 0.538664043 0.024694912 -0.220315605 0.812829852
1403638560127829504.000000 6.078204155 -9.678686142 5.774687767 0.530876756 0.024809640 -0.215343699 0.819256604
1403638560177829376.000000 6.091668606 -9.699955940 5.830613136 0.521376073 0.025510851 -0.211052716 0.826421797
1403638560227829504.000000 6.100219727 -9.722663879 5.880707741 0.511115432 0.025667164 -0.205898419 0.834091187
1403638560277829376.000000 6.108345985 -9.744324684 5.929683685 0.500331879 0.027034499 -0.200283974 0.841916621
1403638560327829504.000000 6.115829945 -9.766048431 5.979119778 0.489540309 0.030432669 -0.193324640 0.849735141
1403638560377829376.000000 6.122416496 -9.787175179 6.027980804 0.478662193 0.033663079 -0.186060607 0.857397735
1403638560427829504.000000 6.127899170 -9.807896614 6.076875687 0.467040241 0.036410045 -0.179160953 0.865129590
1403638560477829376.000000 6.132064819 -9.828015327 6.125244617 0.455279768 0.039532237 -0.171892419 0.872703016
1403638560527829504.000000 6.134943962 -9.846913338 6.173188210 0.443445414 0.041561998 -0.164637208 0.880070150
1403638560577829376.000000 6.136205673 -9.865040779 6.220847130 0.432022512 0.041989125 -0.155709565 0.887326360
1403638560627829504.000000 6.136207581 -9.881949425 6.268264294 0.420380265 0.041456353 -0.147052273 0.894392252
1403638560677829376.000000 6.139921665 -9.899307251 6.326797009 0.409521163 0.040687114 -0.138276011 0.900842249
1403638560727829504.000000 6.140144348 -9.913574219 6.373140335 0.399984777 0.038708109 -0.128756449 0.906606734
1403638560777829376.000000 6.141930580 -9.925902367 6.418219090 0.390028775 0.038604598 -0.121221267 0.911971927
1403638560827829504.000000 6.145747662 -9.935946465 6.462462902 0.379194856 0.038998127 -0.115365222 0.917268395
1403638560877829376.000000 6.150595665 -9.944338799 6.504971504 0.369152695 0.039869402 -0.108118989 0.922196805
1403638560927829504.000000 6.157174110 -9.950855255 6.547004223 0.358611315 0.040958032 -0.102090329 0.926983297
1403638560977829376.000000 6.166513920 -9.955270767 6.587492943 0.347994357 0.043820381 -0.097222045 0.931411624
1403638561027829504.000000 6.177545071 -9.957819939 6.627289772 0.337402940 0.047555421 -0.092338562 0.935612798
1403638561077829376.000000 6.189971447 -9.957970619 6.665818214 0.327356279 0.049459573 -0.086985745 0.939587772
1403638561127829504.000000 6.200453758 -9.951424599 6.704248428 0.317518353 0.052817363 -0.082219057 0.943203330
1403638561177829376.000000 6.224385262 -9.954002380 6.747322559 0.308857292 0.055440884 -0.077390872 0.946331918
1403638561227829504.000000 6.239452362 -9.946998596 6.781204224 0.301486999 0.057915814 -0.073529139 0.948864996
1403638561277829376.000000 6.255389690 -9.937752724 6.812980652 0.296047986 0.060305569 -0.069657169 0.950719118
1403638561327829504.000000 6.271116734 -9.926171303 6.843599319 0.290883303 0.059596315 -0.068508588 0.952439964
1403638561377829376.000000 6.286272049 -9.912640572 6.873694897 0.285812378 0.056457482 -0.070767947 0.953999937
1403638561427829504.000000 6.300113678 -9.897759438 6.903485298 0.280846179 0.052929968 -0.075700663 0.955297530
1403638561477829376.000000 6.312905312 -9.881473541 6.933240891 0.276254922 0.049772572 -0.081525952 0.956326067
1403638561527829504.000000 6.323861122 -9.864483833 6.962645531 0.272845775 0.047745515 -0.086939253 0.956931174
1403638561577829376.000000 6.333872318 -9.847270012 6.992752075 0.270571798 0.045551740 -0.090954527 0.957310438
1403638561627829504.000000 6.341750145 -9.829413414 7.022432327 0.269029498 0.044003155 -0.093959406 0.957527280
1403638561677829376.000000 6.353843689 -9.811686516 7.058662891 0.268817008 0.042950284 -0.095668457 0.957465589
1403638561727829504.000000 6.358920097 -9.792609215 7.088284492 0.268948227 0.042318728 -0.096976712 0.957325161
1403638561777829376.000000 6.362497330 -9.773445129 7.117600441 0.269205809 0.042623788 -0.098017387 0.957133234
1403638561827829504.000000 6.364935398 -9.754003525 7.147088051 0.268737197 0.043202333 -0.099247143 0.957112253
1403638561877829376.000000 6.365949631 -9.733896255 7.176838875 0.267475575 0.044266894 -0.099767320 0.957362950
1403638561927829504.000000 6.365779400 -9.713669777 7.206801414 0.264497280 0.044705827 -0.100493908 0.958093762
1403638561977829376.000000 6.364680290 -9.692948341 7.236108780 0.260822415 0.045014277 -0.098941639 0.959247649
1403638562027829504.000000 6.363634586 -9.672508240 7.264886379 0.255859852 0.045450754 -0.097232595 0.960737109
1403638562077829376.000000 6.364573002 -9.651342392 7.291893959 0.250018984 0.045654628 -0.095630243 0.962424576
1403638562127829504.000000 6.366477489 -9.629186630 7.316574097 0.244235635 0.045978781 -0.093104534 0.964140296
1403638562177829376.000000 6.367240906 -9.602677345 7.338314056 0.238699779 0.046004694 -0.091842405 0.965645373
1403638562227829504.000000 6.370961189 -9.580813408 7.361556053 0.234136060 0.046802599 -0.090244621 0.966874242
1403638562277829376.000000 6.375952721 -9.559399605 7.383554459 0.229001075 0.047304321 -0.088509530 0.968239129
1403638562327829504.000000 6.382040977 -9.537449837 7.404078484 0.223777875 0.048023675 -0.085340716 0.969708323
1403638562377829376.000000 6.388759613 -9.514901161 7.423003197 0.217616394 0.049126953 -0.081760123 0.971362412
1403638562427829504.000000 6.395719528 -9.492233276 7.440724373 0.210507408 0.049457267 -0.077475339 0.973261654
1403638562477829376.000000 6.404391289 -9.469538689 7.457805634 0.202482566 0.049152337 -0.072699934 0.975345910
1403638562527829504.000000 6.414525986 -9.447090149 7.474084854 0.193376794 0.048762869 -0.067517057 0.977583349
1403638562577829376.000000 6.425817013 -9.424552917 7.489363194 0.183863506 0.049428765 -0.061143402 0.979802310
1403638562627829504.000000 6.437437057 -9.401202202 7.503551960 0.174087211 0.049542915 -0.053451318 0.982029617
1403638562677829376.000000 6.442418575 -9.376024246 7.504429817 0.163809374 0.048324231 -0.045620296 0.984251022
1403638562727829504.000000 6.455241680 -9.351606369 7.517797470 0.153328031 0.048865426 -0.037404664 0.986257374
1403638562777829376.000000 6.467317581 -9.326000214 7.530527592 -0.142596096 -0.048334211 0.028535385 -0.988188207
1403638562827829504.000000 6.477948666 -9.299142838 7.542786598 -0.130204886 -0.048826031 0.022212485 -0.990034997
1403638562877829376.000000 6.486813068 -9.271015167 7.555201054 -0.118298076 -0.048577603 0.015291557 -0.991671324
1403638562927829504.000000 6.494390488 -9.241909027 7.567706108 -0.105955735 -0.048510488 0.009694196 -0.993139565
1403638562977829376.000000 6.500267506 -9.212236404 7.580062389 -0.094321415 -0.048666604 0.004288080 -0.994342327
1403638563027829504.000000 6.504419804 -9.181701660 7.592027187 -0.083733626 -0.049013905 -0.002801904 -0.995278120
1403638563077829376.000000 6.506930828 -9.150144577 7.603990555 -0.074148893 -0.048558243 -0.010903819 -0.996004581
1403638563127829504.000000 6.508411884 -9.117264748 7.616610527 -0.064931683 -0.047723942 -0.019036988 -0.996566117
1403638563177829376.000000 6.499622345 -9.080572128 7.611783504 0.054035135 0.048344839 0.020804795 0.997151077
1403638563227829504.000000 6.499575138 -9.044801712 7.624495029 0.045633700 0.050531026 0.025080524 0.997364163
1403638563277829376.000000 6.498125553 -9.007757187 7.637051105 0.037485994 0.052845024 0.026225420 0.997554243
1403638563327829504.000000 6.495472431 -8.969666481 7.649184227 0.031896226 0.057633672 0.029105512 0.997403562
1403638563377829376.000000 6.491750717 -8.930184364 7.660691261 0.027468927 0.064819179 0.031289943 0.997028053
1403638563427829504.000000 6.486160278 -8.889576912 7.671446800 0.024761070 0.071004950 0.034529503 0.996570587
1403638563477829376.000000 6.478088856 -8.848037720 7.681402683 0.023236144 0.073697366 0.036855418 0.996328533
1403638563527829504.000000 6.469432831 -8.804792404 7.689306736 0.020591877 0.074238442 0.034915943 0.996416390
1403638563577829376.000000 6.460599422 -8.760279655 7.694943905 0.018993160 0.072800562 0.033387989 0.996606529
1403638563627829504.000000 6.452389240 -8.714572906 7.698104382 0.018114394 0.069887660 0.031976033 0.996877670
1403638563677829376.000000 6.430825710 -8.667045593 7.671914101 0.018740799 0.067199767 0.032919060 0.997020245
1403638563727829504.000000 6.424546719 -8.618552208 7.670481205 0.019654622 0.065255031 0.033485033 0.997112989
1403638563777829376.000000 6.419416428 -8.568691254 7.667391300 0.021014644 0.063170992 0.034550138 0.997183084
1403638563827829504.000000 6.415835381 -8.517423630 7.662000179 0.022697587 0.062698774 0.035373557 0.997147143
1403638563877829376.000000 6.414049625 -8.464981079 7.654564381 0.024132185 0.063631415 0.035531711 0.997048736
1403638563927829504.000000 6.412966251 -8.411071777 7.645455360 0.026112936 0.063518815 0.036278311 0.996979177
1403638563977829376.000000 6.412325859 -8.355606079 7.634822845 0.028034052 0.065281369 0.036124706 0.996818721
1403638564027829504.000000 6.409713268 -8.298683167 7.623278618 0.030503005 0.064111613 0.036532570 0.996807277
1403638564077829376.000000 6.405465126 -8.240325928 7.610878944 0.032962915 0.063994661 0.036611490 0.996733606
1403638564127829504.000000 6.399565220 -8.180551529 7.597847939 0.035129316 0.064383946 0.035526183 0.996673763
1403638564177829376.000000 6.380500317 -8.122602463 7.550597191 0.036784180 0.064639635 0.033823751 0.996656775
1403638564227829504.000000 6.372168541 -8.059577942 7.536614418 0.038225863 0.066348590 0.031432711 0.996568441
1403638564277829376.000000 6.363357067 -7.995091915 7.521255493 0.039193146 0.067925803 0.028894596 0.996501505
1403638564327829504.000000 6.355467319 -7.929338455 7.504585743 0.040140200 0.068829663 0.025051216 0.996505797
1403638564377829376.000000 6.348430157 -7.862349987 7.485871792 0.042177748 0.070637308 0.024831679 0.996300578
1403638564427829504.000000 6.342782974 -7.793834686 7.465439320 0.042709976 0.072325930 0.022124283 0.996220589
1403638564477829376.000000 6.337693214 -7.724279404 7.442893028 0.044148028 0.073079735 0.020944906 0.996128380
1403638564527829504.000000 6.332706451 -7.653476715 7.417894363 0.045050777 0.072366372 0.020778017 0.996143520
1403638564577829376.000000 6.327038765 -7.581803799 7.391002178 0.046773791 0.069913879 0.021811374 0.996217191
1403638564627829504.000000 6.320600986 -7.508961678 7.363278866 0.048101567 0.068407960 0.023541629 0.996219099
1403638564677829376.000000 6.303233147 -7.439288616 7.292744160 0.049133163 0.066917568 0.026730588 0.996189475
1403638564727829504.000000 6.292515278 -7.363556862 7.263519764 0.050050233 0.065995827 0.028697740 0.996150613
1403638564777829376.000000 6.279922962 -7.286568642 7.233883858 0.050655250 0.065274410 0.031235490 0.996091247
1403638564827829504.000000 6.265507221 -7.208215714 7.204265118 0.050799970 0.065118305 0.032749139 0.996045411
1403638564877829376.000000 6.247638226 -7.128571510 7.175410748 0.051198896 0.065627895 0.034470044 0.995933473
1403638564927829504.000000 6.225380898 -7.047595501 7.147520065 0.051404987 0.066066965 0.035990737 0.995840073
1403638564977829376.000000 6.243715286 -6.959454536 7.260308266 -0.053213764 -0.064533114 -0.037881568 -0.995775461
1403638565027829504.000000 6.166242123 -6.881403446 7.094323635 0.052035082 0.065947033 0.037450217 0.995761514
1403638565077829376.000000 6.131317616 -6.796342850 7.069418907 0.052432630 0.065357566 0.038091879 0.995755136
1403638565127829504.000000 6.092461109 -6.709875584 7.045995712 0.052462783 0.064746797 0.038340490 0.995783925
1403638565177829376.000000 6.040253162 -6.627945423 6.979265213 0.052468330 0.064172506 0.038439922 0.995817006
1403638565227829504.000000 5.997457027 -6.538536072 6.956645489 0.052201610 0.063603051 0.037708480 0.995895445
1403638565277829376.000000 5.953299522 -6.447247505 6.934141159 0.051495031 0.062787220 0.036738962 0.996020198
1403638565327829504.000000 5.908376217 -6.354629993 6.911204338 0.050688513 0.062375795 0.035610467 0.996128440
1403638565377829376.000000 5.862958908 -6.261120319 6.887864113 0.049873758 0.061494920 0.034049299 0.996278942
1403638565427829504.000000 5.816944122 -6.166424274 6.863880157 0.049493317 0.061288666 0.033164471 0.996340454
1403638565477829376.000000 5.771653652 -6.070037365 6.838883877 0.047978856 0.063004933 0.031642865 0.996356964
1403638565527829504.000000 5.727611542 -5.972388744 6.812824249 0.045941375 0.065326370 0.028928233 0.996386051
1403638565577829376.000000 5.685750008 -5.873648167 6.785476685 0.043828730 0.067369863 0.026320420 0.996417463
1403638565627829504.000000 5.645493031 -5.773968697 6.755763054 0.040823676 0.068909056 0.021529034 0.996554852
1403638565677829376.000000 5.590517998 -5.681802273 6.673628807 0.037240941 0.069389418 0.014866523 0.996783495
1403638565727829504.000000 5.553112507 -5.581902027 6.641074657 0.034106202 0.068488583 0.009472001 0.997023761
1403638565777829376.000000 5.516786098 -5.481733322 6.607113838 0.031944048 0.065820538 0.006003526 0.997301996
1403638565827829504.000000 5.481743813 -5.382397652 6.570464611 0.030167185 0.064008817 0.003701781 0.997486472
1403638565877829376.000000 5.447850704 -5.283403873 6.531965256 0.027584683 0.062806785 -0.000890899 0.997644067
1403638565927829504.000000 5.414521694 -5.185057640 6.492027760 0.026093215 0.060407013 -0.001412275 0.997831762
1403638565977829376.000000 5.380837440 -5.087725639 6.451672077 0.025115997 0.059825912 -0.001932406 0.997891009
1403638566027829504.000000 5.326685905 -4.998317242 6.373045444 0.024942005 0.058319412 -0.001189428 0.997985721
1403638566077829376.000000 5.288733006 -4.904685497 6.328200817 0.023623085 0.058121990 -0.002648717 0.998026490
1403638566127829504.000000 5.248605251 -4.812431335 6.284073353 0.024387443 0.058000114 -0.001071800 0.998018086
1403638566177829376.000000 5.206276417 -4.720753193 6.240371227 0.024565125 0.057611495 -0.000390715 0.998036802
1403638566227829504.000000 5.161628246 -4.629773140 6.196448803 0.024194777 0.058498822 -0.001388822 0.997993290
1403638566277829376.000000 5.115576744 -4.539826393 6.153804302 0.024521921 0.058288142 -0.001377670 0.997997701
1403638566327829504.000000 5.067194462 -4.450790405 6.111965656 0.024681812 0.056697149 -0.001180441 0.998085618
1403638566377829376.000000 5.017070293 -4.362670422 6.070078373 0.024824159 0.056712110 -0.002513893 0.998078823
1403638566427829504.000000 4.965846539 -4.275381088 6.029081821 0.025675239 0.056980316 -0.001970169 0.998043239
1403638566477829376.000000 4.913349628 -4.188754559 5.988925934 0.027269704 0.056145508 -0.000143303 0.998050153
1403638566527829504.000000 4.839402676 -4.092914581 5.935464382 0.027594389 0.056387521 -0.001185569 0.998026848
1403638566577829376.000000 4.784093857 -4.008384228 5.896527290 0.028604820 0.050929252 -0.001411315 0.998291552
1403638566627829504.000000 4.727717876 -3.923599958 5.857265949 0.029633736 0.045258265 -0.001712964 0.998534262
1403638566677829376.000000 4.669633389 -3.840104580 5.819362640 0.029928369 0.035166051 -0.003478938 0.998927176
1403638566727829504.000000 4.610858917 -3.757539034 5.782867432 0.030753421 0.023980990 -0.003153556 0.999234319
1403638566777829376.000000 4.552301884 -3.675719023 5.747976780 0.031090472 0.014743940 -0.005880202 0.999390602
1403638566827829504.000000 4.493554592 -3.594987154 5.714985847 0.031800352 0.006942463 -0.006927488 0.999446154
1403638566877829376.000000 4.434560299 -3.514974594 5.683700562 0.032842755 0.000272323 -0.006939836 0.999436438
1403638566927829504.000000 4.376273632 -3.435810566 5.654520512 0.033240952 -0.004220626 -0.009572770 0.999392688
1403638566977829376.000000 4.317923069 -3.357709408 5.627595901 0.034296241 -0.006696432 -0.009811494 0.999341190
1403638567027829504.000000 4.236772060 -3.267964840 5.583653927 0.034601692 -0.003917544 -0.009979098 0.999343693
1403638567077829376.000000 4.181981087 -3.191989899 5.559825420 0.035420850 0.008152908 -0.010029943 0.999288917
1403638567127829504.000000 4.128072739 -3.116894245 5.538314342 0.035090595 0.019122215 -0.011797211 0.999131560
1403638567177829376.000000 4.072765350 -3.042892218 5.518523216 0.035547283 0.030434720 -0.011568016 0.998837531
1403638567227829504.000000 4.017156601 -2.969713688 5.500168800 0.034997411 0.039010767 -0.012965966 0.998541594
1403638567277829376.000000 3.960026026 -2.897346497 5.482643604 0.034372803 0.045555692 -0.013881678 0.998273790
1403638567327829504.000000 3.901080370 -2.825834274 5.465611935 0.033198174 0.048691873 -0.015269837 0.998145223
1403638567377829376.000000 3.841859818 -2.755226612 5.448279381 0.032367434 0.048756339 -0.015856177 0.998160243
1403638567427829504.000000 3.783638716 -2.685645819 5.430150509 0.031075738 0.049328733 -0.016276829 0.998166442
1403638567477829376.000000 3.726002455 -2.617041349 5.411290646 0.030256748 0.047191754 -0.016316848 0.998294234
1403638567527829504.000000 3.646560907 -2.534912586 5.366775036 0.028947884 0.045520857 -0.016129240 0.998413682
1403638567577829376.000000 3.591930866 -2.468338013 5.345883369 0.028078100 0.041678764 -0.015638653 0.998614073
1403638567627829504.000000 3.538901567 -2.402871370 5.324436188 0.026410777 0.038788158 -0.016703703 0.998758674
1403638567677829376.000000 3.490286112 -2.339044333 5.302584648 0.024875900 0.036113642 -0.017393202 0.998886645
1403638567727829504.000000 3.442607164 -2.276557446 5.280388832 0.023742292 0.033368368 -0.017866626 0.999001324
1403638567777829376.000000 3.397102833 -2.215600967 5.257632732 0.022683891 0.030351022 -0.018407926 0.999112308
1403638567827829504.000000 3.354010344 -2.156208277 5.235047340 0.021656385 0.026316721 -0.018959433 0.999239206
1403638567877829376.000000 3.312607288 -2.098470449 5.213263512 0.021877946 0.024122769 -0.016495373 0.999333501
1403638567927829504.000000 3.273840904 -2.042253733 5.192387104 0.022027029 0.023385666 -0.015652200 0.999361277
1403638567977829376.000000 3.236187935 -1.987051845 5.171918869 0.021182135 0.022346655 -0.015758922 0.999401689
1403638568027829504.000000 3.181694508 -1.915365815 5.120639324 0.021125918 0.022728924 -0.016186260 0.999387383
1403638568077829376.000000 3.149090290 -1.862617135 5.100409985 0.019754935 0.023324735 -0.018810235 0.999355733
1403638568127829504.000000 3.118565321 -1.811280727 5.079696655 0.019429745 0.024311647 -0.018841973 0.999338090
1403638568177829376.000000 3.090070724 -1.760925770 5.058861256 0.018549878 0.024705110 -0.020933207 0.999303460
1403638568227829504.000000 3.065067053 -1.714087009 5.040591717 0.018089043 0.025662558 -0.020777913 0.999291062
1403638568277829376.000000 3.040132046 -1.667138696 5.020615578 0.017368741 0.024986846 -0.021157702 0.999312937
1403638568327829504.000000 3.015769482 -1.621520400 5.001329422 0.017062582 0.025273753 -0.021232985 0.999309421
1403638568377829376.000000 2.990691900 -1.577268362 4.983235836 0.016767448 0.024008201 -0.020954190 0.999351501
1403638568427829504.000000 2.964614630 -1.534179330 4.966467857 0.016478445 0.022876559 -0.021101231 0.999379754
1403638568477829376.000000 2.937780857 -1.492441654 4.950864315 0.016181011 0.022391105 -0.021433165 0.999388576
1403638568527829504.000000 2.892000914 -1.428053617 4.898734093 0.016458506 0.022090210 -0.022040427 0.999377549
1403638568577829376.000000 2.864595890 -1.389170408 4.885395527 0.016059818 0.020614695 -0.022650253 0.999401927
1403638568627829504.000000 2.837054491 -1.351552010 4.872972488 0.015901135 0.019110788 -0.022905011 0.999428570
1403638568677829376.000000 2.809530020 -1.315123320 4.861250401 0.015463781 0.017449874 -0.024787758 0.999420822
1403638568727829504.000000 2.785870075 -1.283363700 4.855727673 0.015225570 0.016791368 -0.025244968 0.999424279
1403638568777829376.000000 2.762074709 -1.251002908 4.846976280 0.015511155 0.015142584 -0.024581926 0.999462783
1403638568827829504.000000 2.741112232 -1.220464230 4.837901115 0.016048919 0.016691323 -0.023284499 0.999460757
1403638568877829376.000000 2.721619129 -1.191393971 4.828894615 0.016051242 0.016085416 -0.022098796 0.999497533
1403638568927829504.000000 2.705034018 -1.163625956 4.820841789 0.015276608 0.016694995 -0.024369191 0.999446929
1403638568977829376.000000 2.690624237 -1.137386918 4.812768936 0.015185847 0.017084688 -0.024501514 0.999438524
1403638569027829504.000000 2.657382250 -1.082237124 4.761108875 0.015688783 0.018520182 -0.024352217 0.999408782
1403638569077829376.000000 2.647351503 -1.058175206 4.753345490 0.014827240 0.017868526 -0.026270540 0.999385178
1403638569127829504.000000 2.638600826 -1.034897923 4.744386673 0.014705652 0.018121410 -0.026299775 0.999381721
1403638569177829376.000000 2.631183624 -1.012177706 4.734741211 0.014067750 0.016163580 -0.026744653 0.999412596
1403638569227829504.000000 2.629438400 -0.998836517 4.735856056 0.013436684 0.015482559 -0.028251784 0.999390602
1403638569277829376.000000 2.623469114 -0.981948972 4.731593132 0.012749068 0.014057966 -0.028859658 0.999403358
1403638569327829504.000000 2.616305351 -0.965869129 4.728530407 0.012055377 0.013737921 -0.029182918 0.999407053
1403638569377829376.000000 2.607968330 -0.950644016 4.726759911 0.011397528 0.013535233 -0.029642565 0.999403954
1403638569427829504.000000 2.599655628 -0.937453270 4.726949692 0.010944405 0.014962995 -0.030162737 0.999373078
1403638569477829376.000000 2.589147091 -0.924410820 4.727685928 0.010716871 0.015615356 -0.030221162 0.999363840
1403638569527829504.000000 2.558523417 -0.883308291 4.679905891 0.011859141 0.018234557 -0.030025294 0.999312520
1403638569577829376.000000 2.548821926 -0.874115646 4.683013916 0.011427549 0.019306427 -0.030416662 0.999285519
1403638569627829504.000000 2.539560318 -0.865035295 4.684190273 0.011744932 0.020472568 -0.029134929 0.999296784
1403638569677829376.000000 2.533019543 -0.857824385 4.685488224 0.011526253 0.021084148 -0.029035129 0.999289572
1403638569727829504.000000 2.532755136 -0.858366847 4.696194649 0.011146536 0.022222793 -0.029834855 0.999245644
1403638569777829376.000000 2.530169249 -0.855860829 4.699999809 0.010770255 0.022438154 -0.030066900 0.999237955
1403638569827829504.000000 2.528925419 -0.854456306 4.703138351 0.010631402 0.022740610 -0.030259551 0.999226809
1403638569877829376.000000 2.529267073 -0.854863763 4.706599712 0.009984938 0.024358479 -0.031526994 0.999156177
1403638569927829504.000000 2.530588627 -0.856588721 4.710109711 0.009925255 0.025866864 -0.031276390 0.999126732
1403638569977829376.000000 2.531568289 -0.858505428 4.712940693 0.010221950 0.026806138 -0.030049499 0.999136627
1403638570027829504.000000 2.518476963 -0.830461562 4.660061359 0.012031078 0.029238734 -0.028605327 0.999090672
1403638570077829376.000000 2.517441988 -0.835240006 4.664065838 0.012477034 0.029191284 -0.027084485 0.999128938
1403638570127829504.000000 2.515040874 -0.840429068 4.667960167 0.013492764 0.028831325 -0.024777954 0.999186099
1403638570177829376.000000 2.510650158 -0.845043361 4.668295383 0.014872588 0.028777612 -0.022067867 0.999231577
1403638570227829504.000000 2.508950472 -0.859533370 4.687649727 0.016749611 0.029418850 -0.018603532 0.999253750
1403638570277829376.000000 2.503509283 -0.869073153 4.696895123 0.018677810 0.029260444 -0.014011228 0.999299109
1403638570327829504.000000 2.497444391 -0.878890932 4.707041740 0.020374589 0.029259313 -0.008534529 0.999327779
1403638570377829376.000000 2.490309477 -0.888440132 4.718100548 0.019702364 0.028919695 -0.004471696 0.999377608
1403638570427829504.000000 2.482034206 -0.897743464 4.730382442 0.017681289 0.028721783 0.001909512 0.999429286
1403638570477829376.000000 2.472508669 -0.906507611 4.743711948 0.014626964 0.028098043 0.010828250 0.999439478
1403638570527829504.000000 2.449379683 -0.881256640 4.689567566 0.011791722 0.028842099 0.023902385 0.999228597
1403638570577829376.000000 2.436846733 -0.886122286 4.703566074 0.006525606 0.029538291 0.037683718 0.998831749
1403638570627829504.000000 2.423356771 -0.889561772 4.718198299 -0.000783148 0.030702190 0.050778072 0.998237610
1403638570677829376.000000 2.408441782 -0.889415801 4.732079029 -0.010094005 0.033576377 0.062013503 0.997459352
1403638570727829504.000000 2.392048359 -0.883590996 4.738249302 -0.020404326 0.039418694 0.071494460 0.996452928
1403638570777829376.000000 2.383038044 -0.892445385 4.773714066 -0.030759312 0.047162447 0.082087971 0.995033264
1403638570827829504.000000 2.367971897 -0.887080133 4.790524006 -0.042671558 0.054718722 0.089904204 0.993530273
1403638570877829376.000000 2.352031469 -0.878898740 4.806677818 -0.054753907 0.060969841 0.096641675 0.991940141
1403638570927829504.000000 2.334599018 -0.867434561 4.821801662 -0.067210257 0.065102018 0.102020711 0.990371883
1403638570977829376.000000 2.315971375 -0.853383183 4.835957527 -0.079630911 0.068493411 0.106697232 0.988728166
1403638571027829504.000000 2.281222105 -0.796328187 4.756754875 -0.090539031 0.070098497 0.111982659 0.987091124
1403638571077829376.000000 2.258960962 -0.776138783 4.767177582 -0.103687547 0.066986330 0.113741957 0.985811651
1403638571127829504.000000 2.236142874 -0.752600551 4.772951126 -0.116951764 0.062364899 0.114136904 0.984584033
1403638571177829376.000000 2.214420557 -0.726137638 4.774398327 -0.129359886 0.057449467 0.112029709 0.983572543
1403638571227829504.000000 2.198019505 -0.708608031 4.792818069 -0.139635012 0.053910922 0.109339558 0.982670128
1403638571277829376.000000 2.180572510 -0.680557966 4.795885563 -0.150919929 0.051200833 0.106004529 0.981511474
1403638571327829504.000000 2.165088177 -0.652232587 4.797667503 -0.159524456 0.049282368 0.103080109 0.980559886
1403638571377829376.000000 2.151232481 -0.622742712 4.797888279 -0.165264204 0.048842881 0.103508577 0.979585707
1403638571427829504.000000 2.139478445 -0.592725873 4.796522141 -0.169953197 0.049641896 0.103892989 0.978702188
1403638571477829376.000000 2.128639698 -0.561711431 4.793549061 -0.173254713 0.051005688 0.104365066 0.978002727
1403638571527829504.000000 2.101775408 -0.477368504 4.672056675 -0.174457863 0.052942012 0.103965007 0.977728426
1403638571577829376.000000 2.089904308 -0.443830550 4.664903164 -0.179272041 0.052756693 0.104581289 0.976801515
1403638571627829504.000000 2.076049805 -0.408791184 4.653714180 -0.184640795 0.051545322 0.106012262 0.975711167
1403638571677829376.000000 2.059956074 -0.371593237 4.640813351 -0.190544203 0.048930615 0.108869813 0.974395275
1403638571727829504.000000 2.048653603 -0.346903503 4.655647278 -0.196650580 0.046146728 0.111960016 0.972966611
1403638571777829376.000000 2.031329632 -0.311902314 4.651562691 -0.205054939 0.043194991 0.115574941 0.970942438
1403638571827829504.000000 2.012394428 -0.275388926 4.647339821 -0.214195102 0.040698439 0.119989462 0.968538404
1403638571877829376.000000 1.993320942 -0.239440918 4.643912315 -0.222456381 0.039381471 0.126135871 0.965946198
1403638571927829504.000000 1.974736094 -0.202610344 4.639860630 -0.231376350 0.039095607 0.132199511 0.963047206
1403638571977829376.000000 1.957500219 -0.164909244 4.634899139 -0.240336105 0.039229218 0.138747618 0.959921300
1403638572027829504.000000 1.925135136 -0.053926528 4.484178543 -0.247223094 0.039657168 0.144127145 0.957358599
1403638572077829376.000000 1.910101056 -0.012585998 4.472258091 -0.256774694 0.040136654 0.150166795 0.953889847
1403638572127829504.000000 1.895952940 0.032127440 4.451992035 -0.267618120 0.040730480 0.153083026 0.950414240
1403638572177829376.000000 1.883920193 0.079794645 4.430672646 -0.279433429 0.040568154 0.154096410 0.946850300
1403638572227829504.000000 1.877737164 0.106549740 4.446190357 -0.289059311 0.038640913 0.156957448 0.943565607
1403638572277829376.000000 1.866246581 0.151373684 4.432081223 -0.303260475 0.035320241 0.160066485 0.938703537
1403638572327829504.000000 1.854046106 0.197088420 4.417430878 -0.316293836 0.032153942 0.163528353 0.933907330
1403638572377829376.000000 1.841165781 0.242383361 4.404738426 -0.327750921 0.029298630 0.167485073 0.929338336
1403638572427829504.000000 1.827795982 0.288162291 4.392777443 -0.338458419 0.026520355 0.169854283 0.925144374
1403638572477829376.000000 1.813609838 0.335660040 4.380572796 -0.348248720 0.023913903 0.170470625 0.921461225
1403638572527829504.000000 1.782415390 0.470268130 4.212592602 -0.348449409 0.022259431 0.173020408 0.920951426
1403638572577829376.000000 1.767950773 0.520310163 4.195919991 -0.355888516 0.021844853 0.172990382 0.918117940
1403638572627829504.000000 1.754172802 0.572139084 4.174476624 -0.360920519 0.020713342 0.173639208 0.916055024
1403638572677829376.000000 1.745012879 0.608503819 4.189518929 -0.363301456 0.019504517 0.174344540 0.915005803
1403638572727829504.000000 1.736266732 0.655662894 4.182365894 -0.367586553 0.017088536 0.172082081 0.913770199
1403638572777829376.000000 1.730189919 0.702854276 4.175386906 -0.370439142 0.014418547 0.169593528 0.913129210
1403638572827829504.000000 1.726758838 0.750010908 4.168807983 -0.372224629 0.011726569 0.167940378 0.912747145
1403638572877829376.000000 1.725868583 0.797473192 4.163062572 -0.373290539 0.009209396 0.166714326 0.912565529
1403638572927829504.000000 1.727219820 0.844900608 4.158426285 -0.373168290 0.008164790 0.166517764 0.912661314
1403638572977829376.000000 1.729323149 0.892148554 4.155156136 -0.373349845 0.005760560 0.165283114 0.912829757
1403638573027829504.000000 1.702154517 1.076368213 3.960026264 -0.372748375 0.004960903 0.164754868 0.913175762
1403638573077829376.000000 1.701107025 1.129414558 3.950066328 -0.373136222 0.003689822 0.163998529 0.913159490
1403638573127829504.000000 1.704193711 1.170006871 3.964113235 -0.370944798 0.002468275 0.163953632 0.914064109
1403638573177829376.000000 1.704341292 1.218206167 3.968411446 -0.373277605 0.002095440 0.163661838 0.913167179
1403638573227829504.000000 1.704573154 1.267453194 3.973557711 -0.374770820 0.001957297 0.162589222 0.912747383
1403638573277829376.000000 1.705510855 1.316638947 3.980191469 -0.374827385 0.001074302 0.162169695 0.912800252
1403638573327829504.000000 1.708096981 1.364999771 3.989193439 -0.373874396 0.001855563 0.161467105 0.913314283
1403638573377829376.000000 1.711268663 1.413316727 3.999663830 -0.373882145 0.000512474 0.161800534 0.913253784
1403638573427829504.000000 1.716072321 1.461294174 4.011345387 -0.375115335 -0.000795163 0.161159918 0.912861049
1403638573477829376.000000 1.723111629 1.509132624 4.024397373 -0.376660168 -0.000985103 0.160190344 0.912395358
1403638573527829504.000000 1.693248987 1.740419984 3.820591450 -0.370220810 -0.000688927 0.160415277 0.914987981
1403638573577829376.000000 1.706760049 1.788170815 3.836778641 -0.370841175 -0.000702911 0.160340384 0.914749861
1403638573627829504.000000 1.722873449 1.835505962 3.854021549 -0.371771991 -0.000901460 0.160130680 0.914408565
1403638573677829376.000000 1.740448475 1.881960630 3.872203350 -0.373839855 -0.002917620 0.159206942 0.913722277
1403638573727829504.000000 1.759552956 1.928089499 3.892043591 -0.376720935 -0.002834477 0.159402713 0.912504315
1403638573777829376.000000 1.753011465 2.092102051 3.786508799 -0.381549746 -0.001110450 0.158554330 0.910647631
1403638573827829504.000000 1.770916224 2.150499344 3.791984797 -0.388656735 0.003048394 0.157244682 0.907860577
1403638573877829376.000000 1.788035512 2.209227324 3.798868179 -0.397104889 0.007754466 0.156240076 0.904343247
1403638573927829504.000000 1.804897666 2.266729355 3.808324337 -0.406087309 0.013221934 0.157426298 0.900075197
1403638573977829376.000000 1.820660830 2.323422670 3.819873333 -0.414557844 0.020526981 0.162260056 0.895205140
1403638574027829504.000000 1.820894480 2.445850134 3.785650730 -0.421929687 0.029546889 0.170140445 0.890030682
1403638574077829376.000000 1.833346725 2.502983809 3.792479277 -0.430622816 0.038033765 0.179043800 0.883776486
1403638574127829504.000000 1.844631076 2.559539795 3.799279690 -0.439852744 0.046676673 0.187692121 0.876996279
1403638574177829376.000000 1.854221940 2.615828514 3.805304766 -0.449409604 0.054370463 0.197381467 0.869548976
1403638574227829504.000000 1.862460732 2.671157122 3.810848236 -0.459710658 0.060032353 0.204802841 0.862042964
1403638574277829376.000000 1.869065166 2.725617886 3.815003872 -0.470132500 0.062882416 0.211983562 0.854449689
1403638574327829504.000000 1.874065995 2.779203892 3.818338156 -0.481255978 0.063143343 0.217512608 0.846813977
1403638574377829376.000000 1.877552748 2.832074165 3.820194721 -0.492408812 0.061649866 0.222382754 0.839213252
1403638574427829504.000000 1.879453421 2.884308815 3.821241140 -0.503962159 0.059533082 0.225742847 0.831575692
1403638574477829376.000000 1.854829073 3.041624546 3.790648222 -0.513554394 0.057905961 0.230394214 0.824516475
1403638574527829504.000000 1.854954481 3.098822117 3.785595894 -0.523046792 0.056469921 0.234000087 0.817604601
1403638574577829376.000000 1.856363535 3.156079531 3.779072285 -0.530971169 0.056069270 0.236919284 0.811662018
1403638574627829504.000000 1.859183669 3.213428497 3.770879030 -0.538502634 0.055863526 0.237429246 0.806549251
1403638574677829376.000000 1.862867236 3.270505428 3.760441065 -0.545463204 0.052583661 0.236520708 0.802348375
1403638574727829504.000000 1.868135095 3.327184200 3.748763084 -0.551636159 0.049208384 0.234209180 0.799013317
1403638574777829376.000000 1.874488831 3.383306026 3.735833645 -0.556456506 0.043515418 0.232451320 0.796510577
1403638574827829504.000000 1.881414652 3.438084126 3.723008156 -0.559177399 0.038461789 0.232594490 0.794821501
1403638574877829376.000000 1.887490630 3.492584944 3.710302114 -0.560354531 0.034362204 0.235025182 0.793464124
1403638574927829504.000000 1.886927485 3.563826084 3.691225290 0.560590863 -0.030685283 -0.236804411 -0.792918742
1403638574977829376.000000 1.877195954 3.644462347 3.684073448 -0.560959697 0.028207323 0.238021240 0.792385340
1403638575027829504.000000 1.878638864 3.700449467 3.672653675 -0.559521258 0.028110536 0.242008194 0.792198122
1403638575077829376.000000 1.878515720 3.756943703 3.661902666 -0.557443917 0.029557128 0.246804550 0.792130113
1403638575127829504.000000 1.877219677 3.813483953 3.651238680 -0.555800974 0.032014187 0.250222027 0.792117059
1403638575177829376.000000 1.874380469 3.870706320 3.641051769 -0.554128647 0.034201019 0.253080487 0.792289197
1403638575227829504.000000 1.870438933 3.928399086 3.630251408 -0.553022921 0.036429711 0.254400730 0.792539537
1403638575277829376.000000 1.865148187 3.986523151 3.619679451 -0.551569581 0.037670676 0.255857944 0.793025076
1403638575327829504.000000 1.858264446 4.044971943 3.608936071 -0.550310791 0.036961034 0.256805718 0.793626428
1403638575377829376.000000 1.849938273 4.104219437 3.598081112 -0.548960328 0.033873145 0.257340223 0.794525802
1403638575427829504.000000 1.843683124 4.155420303 3.589053154 0.547454953 -0.030586541 -0.257814676 -0.795543373
1403638575477829376.000000 1.826756597 4.234949112 3.576775789 -0.546893060 0.027428264 0.256181598 0.796571791
1403638575527829504.000000 1.816400290 4.294767380 3.565224886 -0.545382082 0.025684485 0.256398708 0.797595382
1403638575577829376.000000 1.806811571 4.355693817 3.552704573 -0.544958234 0.021780400 0.254108608 0.798733354
1403638575627829504.000000 1.798483491 4.418032169 3.539382458 -0.544990122 0.017246943 0.250908703 0.799833238
1403638575677829376.000000 1.792270899 4.481225967 3.524957657 -0.545260072 0.014065365 0.247228116 0.800857008
1403638575727829504.000000 1.787624478 4.545181751 3.509709358 -0.544776142 0.009437505 0.245312363 0.801842809
1403638575777829376.000000 1.784995914 4.609808445 3.494161606 -0.544755340 0.004942454 0.243463740 0.802460372
1403638575827829504.000000 1.784933209 4.675903320 3.478188276 -0.544310033 0.001028095 0.242175967 0.803166449
1403638575877829376.000000 1.787882209 4.743170738 3.462475538 -0.543738186 -0.000416775 0.241315812 0.803813040
1403638575927829504.000000 1.788550019 4.825122833 3.448580265 -0.542892933 -0.000435895 0.241553441 0.804312825
1403638575977829376.000000 1.796877265 4.894228458 3.432717800 -0.542840958 0.000261495 0.240865991 0.804554105
1403638576027829504.000000 1.806483626 4.963595390 3.417283535 -0.542448938 0.000128136 0.240361854 0.804969192
1403638576077829376.000000 1.818011642 5.034377575 3.401978016 -0.542685270 0.000239097 0.239246100 0.805142283
1403638576127829504.000000 1.831242204 5.105707645 3.387147427 -0.542822897 0.000816394 0.239338756 0.805021584
1403638576177829376.000000 1.845603466 5.178427219 3.372513294 -0.543153465 0.003048443 0.238563791 0.805023253
1403638576227829504.000000 1.859332323 5.251633644 3.359303474 -0.544031918 0.002670364 0.236667290 0.804991126
1403638576277829376.000000 1.872483850 5.325992584 3.347631454 -0.545277596 0.002265667 0.234109074 0.804897666
1403638576327829504.000000 1.884366274 5.400917053 3.337608337 -0.546484470 0.001047065 0.231283292 0.804898620
1403638576377829376.000000 1.891170144 5.487524033 3.328932285 -0.547712743 -0.000085865 0.228591919 0.804833233
1403638576427829504.000000 1.901436090 5.563371658 3.321649551 -0.548474908 -0.002598001 0.227085516 0.804736435
1403638576477829376.000000 1.911104560 5.640298843 3.316090584 -0.549738169 -0.004806101 0.224042669 0.804717243
1403638576527829504.000000 1.920432210 5.717908859 3.312873840 -0.551177323 -0.009344201 0.220648140 0.804630816
1403638576577829376.000000 1.929714322 5.796082020 3.311605930 -0.552178204 -0.012422982 0.218595907 0.804463029
1403638576627829504.000000 1.938618183 5.874608040 3.312507629 -0.553105772 -0.014604106 0.216417834 0.804378152
1403638576677829376.000000 1.947651029 5.953472137 3.315728664 -0.553723156 -0.015019662 0.214857981 0.804363906
1403638576727829504.000000 1.956877470 6.032634735 3.321201801 -0.554462016 -0.012880738 0.212657630 0.804476678
1403638576777829376.000000 1.965848446 6.111530781 3.329134941 -0.555691242 -0.009974863 0.209360614 0.804534614
1403638576827829504.000000 1.969727993 6.194390774 3.340095043 -0.556614399 -0.004696857 0.207340643 0.804467738
1403638576877829376.000000 1.977728963 6.272735596 3.352547646 -0.556835115 -0.000373798 0.206809416 0.804465353
1403638576927829504.000000 1.985238314 6.350800037 3.367238998 -0.556619704 0.005329910 0.207937658 0.804306030
1403638576977829376.000000 1.992437005 6.428196907 3.383772373 -0.555863976 0.010789299 0.210066244 0.804220796
1403638577027829504.000000 1.999689221 6.504981995 3.401629925 -0.554696262 0.013663287 0.213068113 0.804193676
1403638577077829376.000000 2.008344650 6.580889702 3.419631004 -0.553995490 0.016924031 0.215613514 0.803936243
1403638577127829504.000000 2.019324303 6.656641960 3.437813282 -0.553364158 0.019660300 0.217337176 0.803844631
1403638577177829376.000000 2.031860352 6.731977940 3.455389023 -0.552669466 0.021536412 0.219221666 0.803762734
1403638577227829504.000000 2.046195030 6.806676388 3.473287582 -0.552438617 0.022118749 0.220234498 0.803628802
1403638577277829376.000000 2.062206268 6.880941391 3.491032600 -0.552883565 0.020596767 0.218755156 0.803767204
1403638577327829504.000000 2.077120304 6.948545456 3.508459568 -0.554362953 0.018340934 0.215645552 0.803643227
1403638577377829376.000000 2.097451925 7.022233963 3.526171207 -0.556114018 0.013804476 0.210655928 0.803847432
1403638577427829504.000000 2.119315624 7.094590187 3.543973923 -0.557058513 0.010825748 0.207800999 0.803982198
1403638577477829376.000000 2.142545462 7.166251183 3.562833309 -0.558155537 0.009727938 0.205282167 0.803882480
1403638577527829504.000000 2.165145636 7.237269402 3.583947182 -0.557131827 0.009932132 0.207063779 0.804133117
1403638577577829376.000000 2.186703920 7.307857513 3.606369495 -0.556649446 0.009904038 0.208337352 0.804138601
1403638577627829504.000000 2.207264185 7.377399445 3.630802155 -0.555791318 0.011438035 0.210275963 0.804207265
1403638577677829376.000000 2.227074862 7.446507931 3.656561375 -0.554902613 0.011816298 0.212045223 0.804350793
1403638577727829504.000000 2.245337009 7.515263557 3.683687687 -0.554535806 0.011899482 0.212807253 0.804401338
1403638577777829376.000000 2.259638548 7.571056843 3.706679821 -0.553340971 0.012894941 0.215090081 0.804601669
1403638577827829504.000000 2.275628567 7.639930725 3.736748695 -0.553040743 0.012732496 0.215340748 0.804743648
1403638577877829376.000000 2.290781021 7.708004951 3.768449783 -0.552820683 0.012948107 0.215074763 0.804962397
1403638577927829504.000000 2.305506945 7.775378227 3.801260948 -0.552494645 0.013038029 0.214794159 0.805259764
1403638577977829376.000000 2.321322680 7.842400551 3.834457397 -0.552624464 0.012809899 0.213442653 0.805533588
1403638578027829504.000000 2.338727236 7.909139156 3.867925644 -0.552431941 0.013466704 0.213104382 0.805744469
1403638578077829376.000000 2.358341217 7.975425720 3.901919842 -0.551607370 0.014945256 0.214075416 0.806025922
1403638578127829504.000000 2.379742384 8.040916443 3.935843468 -0.550603807 0.017033596 0.215278670 0.806350112
1403638578177829376.000000 2.402475595 8.106122971 3.969620228 -0.548831940 0.020780055 0.218936726 0.806485236
1403638578227829504.000000 2.427016735 8.172057152 4.003367424 -0.546431541 0.026087295 0.224353433 0.806472301
1403638578277829376.000000 2.452403307 8.215864182 4.026181698 -0.544471920 0.029131996 0.228736401 0.806462288
1403638578327829504.000000 2.477787256 8.282059669 4.059606552 -0.543410182 0.031811927 0.231316477 0.806341231
1403638578377829376.000000 2.501643181 8.347586632 4.093026161 -0.543434918 0.032719858 0.231471837 0.806243598
1403638578427829504.000000 2.523431778 8.412583351 4.126834869 -0.543453395 0.032455146 0.231849268 0.806133449
1403638578477829376.000000 2.543341637 8.476780891 4.160467625 -0.543731153 0.032880411 0.231747478 0.805958152
1403638578527829504.000000 2.561551094 8.540370941 4.194334030 -0.543768048 0.032869346 0.232337385 0.805763781
1403638578577829376.000000 2.578659296 8.603752136 4.227851868 -0.544116855 0.033164151 0.232333541 0.805517256
1403638578627829504.000000 2.594943285 8.666738510 4.261394501 -0.544691622 0.033819020 0.231614918 0.805308580
1403638578677829376.000000 2.609685898 8.729342461 4.294072151 -0.545572579 0.033122804 0.230011135 0.805200815
1403638578727829504.000000 2.623382092 8.790982246 4.326588631 -0.546782672 0.031125309 0.227388874 0.805204511
1403638578777829376.000000 2.645612001 8.831439972 4.342189312 -0.548150778 0.028459096 0.224249408 0.805253386
1403638578827829504.000000 2.657924652 8.892856598 4.375391960 -0.549226999 0.024701841 0.221426576 0.805425286
1403638578877829376.000000 2.670029879 8.953701019 4.409070015 -0.550624907 0.024063267 0.218125686 0.805390835
1403638578927829504.000000 2.681537390 9.013735771 4.443199635 -0.551267862 0.022740237 0.216677070 0.805380523
1403638578977829376.000000 2.694051266 9.073482513 4.476981640 -0.551530719 0.022233924 0.214870125 0.805698693
1403638579027829504.000000 2.708814859 9.132251740 4.510386944 -0.551663041 0.021756457 0.213811770 0.805902660
1403638579077829376.000000 2.726256132 9.190862656 4.543503284 -0.551360786 0.021862602 0.213660896 0.806146681
1403638579127829504.000000 2.746735573 9.249633789 4.576486588 -0.551436067 0.022060908 0.212738514 0.806333601
1403638579177829376.000000 2.768443346 9.307260513 4.608800411 -0.551338494 0.022321776 0.212681919 0.806408107
1403638579227829504.000000 2.790863752 9.363180161 4.641433716 -0.551155746 0.022603432 0.212640300 0.806536198
1403638579277829376.000000 2.835308313 9.401329041 4.656118870 -0.549801886 0.023860577 0.215025753 0.806791484
1403638579327829504.000000 2.860944033 9.456117630 4.688851357 -0.549141645 0.025255913 0.216025651 0.806931615
1403638579377829376.000000 2.885773182 9.510597229 4.722147465 -0.546860397 0.029332874 0.221561596 0.806841910
1403638579427829504.000000 2.909192085 9.564527512 4.755529404 -0.545420349 0.032897580 0.224914804 0.806751430
1403638579477829376.000000 2.931077957 9.617700577 4.789514542 -0.543941796 0.036379881 0.228334367 0.806639493
1403638579527829504.000000 2.951173544 9.670289993 4.823552132 -0.542295456 0.039153341 0.229823530 0.807195008
1403638579577829376.000000 2.970544338 9.722500801 4.857164860 -0.540994942 0.044148542 0.227129623 0.808571339
1403638579627829504.000000 2.988570213 9.774080276 4.890768051 -0.538970590 0.049937002 0.222448170 0.810884595
1403638579677829376.000000 3.005292892 9.824676514 4.924431801 -0.535500884 0.053668238 0.216170445 0.814634264
1403638579727829504.000000 3.020208597 9.873908997 4.958016872 -0.530606925 0.054774284 0.208248615 0.819810152
1403638579777829376.000000 3.039897919 9.920263290 4.977257729 -0.523108721 0.054455925 0.201034918 0.826424181
1403638579827829504.000000 3.051645994 9.966023445 5.011077881 -0.513714373 0.050439425 0.194595963 0.834077895
1403638579877829376.000000 3.061938286 10.010131836 5.045608521 -0.502071440 0.045512415 0.188089147 0.842897058
1403638579927829504.000000 3.071112394 10.052809715 5.080533504 -0.488460749 0.042752862 0.182216004 0.852276742
1403638579977829376.000000 3.079350948 10.094269753 5.116165638 -0.473201782 0.041348271 0.175609872 0.862282753
1403638580027829504.000000 3.087354183 10.134298325 5.152351379 -0.457640618 0.044663996 0.165650740 0.872427702
1403638580077829376.000000 3.095087767 10.172461510 5.188154697 -0.441062063 0.049967177 0.154478684 0.882668614
1403638580127829504.000000 3.101993561 10.207929611 5.224080086 -0.422608286 0.056133360 0.144225314 0.893000841
1403638580177829376.000000 3.107644081 10.241156578 5.259935856 -0.402899653 0.059698060 0.134298444 0.903366983
1403638580227829504.000000 3.111776829 10.271959305 5.295043468 -0.381883532 0.062220223 0.125921622 0.913475513
1403638580277829376.000000 3.140510798 10.306420326 5.318134308 -0.360479146 0.062105972 0.119365446 0.923011184
1403638580327829504.000000 3.140594244 10.332938194 5.352877617 -0.339493603 0.060620282 0.114993595 0.931582451
1403638580377829376.000000 3.139011383 10.357867241 5.386573792 -0.319944918 0.059488162 0.113228574 0.938762903
1403638580427829504.000000 3.135612965 10.381667137 5.419134140 -0.302498490 0.057535220 0.113720722 0.944590926
1403638580477829376.000000 3.131073475 10.404697418 5.450493813 -0.288537949 0.055984132 0.113105334 0.949114799
1403638580527829504.000000 3.125655174 10.427178383 5.480914116 -0.276576221 0.055793084 0.112818643 0.952714443
1403638580577829376.000000 3.119255781 10.449090958 5.510440350 -0.266162694 0.054658778 0.111074507 0.955945790
1403638580627829504.000000 3.112042665 10.470051765 5.538824081 -0.255320013 0.052121568 0.109555073 0.959214628
1403638580677829376.000000 3.104956627 10.490543365 5.565669060 -0.245094195 0.047885124 0.106441088 0.962448061
1403638580727829504.000000 3.099166632 10.510721207 5.591004372 -0.235273138 0.043444976 0.103061363 0.965472698
1403638580777829376.000000 3.131562233 10.534966469 5.605413914 -0.228185058 0.038730823 0.099132270 0.967783213
1403638580827829504.000000 3.128194809 10.554655075 5.626407146 -0.222319841 0.035684533 0.095952787 0.969584227
1403638580877829376.000000 3.126225471 10.573893547 5.645458698 -0.218173578 0.032289188 0.092068091 0.971020699
1403638580927829504.000000 3.126803875 10.593141556 5.663373947 -0.214429960 0.032477457 0.091003992 0.971948266
1403638580977829376.000000 3.129262209 10.612449646 5.680223465 -0.211152464 0.032562539 0.092150927 0.972554684
1403638581027829504.000000 3.133245468 10.631635666 5.695530891 -0.209717080 0.032312792 0.091497265 0.972935200
1403638581077829376.000000 3.139253855 10.650796890 5.709974289 -0.209007114 0.032024786 0.091069236 0.973137677
1403638581127829504.000000 3.147075176 10.669900894 5.723446369 -0.209537074 0.032292482 0.089268945 0.973181665
1403638581177829376.000000 3.156390429 10.688926697 5.736402035 -0.210295334 0.032542527 0.088261716 0.973101616
1403638581227829504.000000 3.165306091 10.707176208 5.748449326 -0.211505994 0.032015909 0.087181568 0.972954094
1403638581277829376.000000 3.219422102 10.747065544 5.770895958 -0.213169768 0.030993737 0.085970007 0.972731888
1403638581327829504.000000 3.143000364 10.726645470 5.804277420 0.215464935 -0.032191221 -0.084892228 -0.972281814
1403638581377829376.000000 3.235289574 10.781206131 5.794024467 -0.216498658 0.032117300 0.085128799 0.972033978
1403638581427829504.000000 3.243334055 10.797114372 5.804863930 -0.218115449 0.033186641 0.084927812 0.971654058
1403638581477829376.000000 3.252487659 10.812241554 5.814832211 -0.219779894 0.034915768 0.085117280 0.971201718
1403638581527829504.000000 3.263086319 10.826764107 5.823881149 -0.221587107 0.034398571 0.085386045 0.970785856
1403638581577829376.000000 3.274769545 10.840684891 5.832430840 -0.223421216 0.034801561 0.084938839 0.970390320
1403638581627829504.000000 3.286491156 10.854059219 5.841276169 -0.225439802 0.037785556 0.084075928 0.969886839
1403638581677829376.000000 3.297130585 10.866644859 5.850287437 -0.227590814 0.041517735 0.082187325 0.969393671
1403638581727829504.000000 3.306349993 10.878305435 5.859579086 -0.229080901 0.045504890 0.081519380 0.968919992
1403638581777829376.000000 3.336960793 10.912896156 5.880294800 -0.229005516 0.046040129 0.082728185 0.968810081
1403638581827829504.000000 3.318659306 10.898811340 5.878704548 -0.231197685 0.047819778 0.081680186 0.968291998
1403638581877829376.000000 3.345139027 10.931243896 5.899755001 -0.231336579 0.050682247 0.081355326 0.968140543
1403638581927829504.000000 3.347856283 10.938774109 5.909123898 -0.232417509 0.057820383 0.080313653 0.967568398
1403638581977829376.000000 3.349174976 10.944927216 5.917837143 -0.233435273 0.063455977 0.078490160 0.967119753
1403638582027829504.000000 3.349238873 10.949615479 5.925464630 -0.233794302 0.063724235 0.078599058 0.967006564
1403638582077829376.000000 3.349895000 10.952966690 5.931650162 -0.233411983 0.060380861 0.080267787 0.967176378
1403638582127829504.000000 3.351963758 10.955051422 5.935935020 -0.233558506 0.053135663 0.080843121 0.967518210
1403638582177829376.000000 3.356857300 10.955710411 5.938230515 -0.232130259 0.047962330 0.084194705 0.967846274
1403638582227829504.000000 3.364023209 10.955723763 5.939074039 -0.232744455 0.042868160 0.083681054 0.967982411
1403638582277829376.000000 3.404409170 11.005534172 5.999377251 -0.232633561 0.041889954 0.084048741 0.968020022
1403638582327829504.000000 3.387719631 10.952722549 5.935482979 -0.233541757 0.045922358 0.081009984 0.967877448
1403638582377829376.000000 3.431569338 11.000636101 5.993137360 -0.233414218 0.047898024 0.081078924 0.967806697
1403638582427829504.000000 3.447469234 10.996890068 5.988465786 -0.234029740 0.049313001 0.079577759 0.967711568
1403638582477829376.000000 3.465248108 10.991695404 5.981724739 -0.234295905 0.050215174 0.078633793 0.967677951
1403638582527829504.000000 3.485810757 10.985389709 5.973277569 -0.234322771 0.051548641 0.078175791 0.967638493
1403638582577829376.000000 3.508245230 10.977935791 5.963215828 -0.234589636 0.051594347 0.077148043 0.967653871
1403638582627829504.000000 3.532438755 10.969120979 5.951625347 -0.234587148 0.052008979 0.077332877 0.967617512
1403638582677829376.000000 3.557836294 10.959001541 5.938543797 -0.234606937 0.049878281 0.077251360 0.967731357
1403638582727829504.000000 3.584628820 10.947646141 5.924595356 -0.234399855 0.047611948 0.078267865 0.967814028
1403638582777829376.000000 3.640866518 11.006212234 5.997718811 -0.234231696 0.046422359 0.079849109 0.967783391
1403638582827829504.000000 3.641939163 10.922407150 5.893966675 -0.234507099 0.045141216 0.079165161 0.967833459
1403638582877829376.000000 3.697273731 10.978739738 5.965937614 -0.235010281 0.043817393 0.079951733 0.967707634
1403638582927829504.000000 3.723225594 10.963495255 5.950375080 -0.235093579 0.041931607 0.080630764 0.967714608
1403638582977829376.000000 3.747169733 10.947304726 5.935212612 -0.235003933 0.039573748 0.081725329 0.967743874
1403638583027829504.000000 3.769176483 10.930461884 5.920375824 -0.235245585 0.036737382 0.082248263 0.967752695
1403638583077829376.000000 3.789324760 10.912880898 5.906017780 -0.235206738 0.034689419 0.083398633 0.967739224
1403638583127829504.000000 3.807643652 10.894520760 5.892259121 -0.235450506 0.032762650 0.083341315 0.967751980
1403638583177829376.000000 3.824411869 10.875473022 5.879273415 -0.235593513 0.031566784 0.083868191 0.967711449
1403638583227829504.000000 3.839801311 10.855828285 5.867098808 -0.235461384 0.030583424 0.084967092 0.967679322
1403638583277829376.000000 3.881718159 10.940320015 5.983319283 -0.235475034 0.030393947 0.085546307 0.967630982
1403638583327829504.000000 3.867828846 10.815385818 5.844906330 -0.235737592 0.030660300 0.084582545 0.967643321
1403638583377829376.000000 3.907315493 10.898112297 5.961602688 -0.235593170 0.031018160 0.084972478 0.967632949
1403638583427829504.000000 3.919064522 10.876176834 5.951265335 -0.235794872 0.030256016 0.084935568 0.967611134
1403638583477829376.000000 3.931461811 10.853620529 5.941015720 -0.235718966 0.029705627 0.084886707 0.967650950
1403638583527829504.000000 3.945773363 10.830443382 5.930218697 -0.235490233 0.029266501 0.085110843 0.967700422
1403638583577829376.000000 3.962350845 10.806527138 5.918281555 -0.235698208 0.029753819 0.084733099 0.967668056
1403638583627829504.000000 3.980339766 10.781747818 5.905413628 -0.235769317 0.029486051 0.084184915 0.967706800
1403638583677829376.000000 3.999518633 10.755961418 5.891538143 -0.236376777 0.029376805 0.082730830 0.967687249
1403638583727829504.000000 4.018822670 10.729255676 5.877642632 -0.236333042 0.029720431 0.082850575 0.967677295
1403638583777829376.000000 4.067317009 10.819357872 6.009434700 -0.236364022 0.029978078 0.082972623 0.967651308
1403638583827829504.000000 4.084198475 10.791589737 5.996804237 -0.236735597 0.030111631 0.082149573 0.967626512
1403638583877829376.000000 4.099657536 10.762980461 5.984945297 -0.236631483 0.031436559 0.082267985 0.967599809
1403638583927829504.000000 4.113331795 10.733494759 5.973827362 -0.236429214 0.031658679 0.082341984 0.967635751
1403638583977829376.000000 4.125427723 10.703246117 5.963244438 -0.236736059 0.031508304 0.081752464 0.967615545
1403638584027829504.000000 4.136358261 10.672059059 5.952923775 -0.236771107 0.032991290 0.081113674 0.967611313
1403638584077829376.000000 4.159494400 10.717432976 6.028686047 -0.237579495 0.038250946 0.078765430 0.967413545
1403638584127829504.000000 4.170416355 10.691699028 6.031618595 -0.238251284 0.045803174 0.076637544 0.967091084
1403638584177829376.000000 4.180141926 10.665184021 6.034748077 -0.238814056 0.054009467 0.074549347 0.966691911
1403638584227829504.000000 4.188595295 10.637769699 6.038060665 -0.239562467 0.062701158 0.071966656 0.966177642
1403638584277829376.000000 4.194537640 10.609029770 6.041472435 -0.239051789 0.069603868 0.072310887 0.965805709
1403638584327829504.000000 4.197913647 10.579141617 6.044507027 -0.239856526 0.072648436 0.070549190 0.965512276
1403638584377829376.000000 4.199102402 10.547639847 6.046873093 -0.239643484 0.074323311 0.070651479 0.965430200
1403638584427829504.000000 4.198249340 10.514690399 6.048433304 -0.239658535 0.074355930 0.070630603 0.965425491
1403638584477829376.000000 4.196246147 10.480412483 6.048837185 -0.239905775 0.074602649 0.069669187 0.965414882
1403638584527829504.000000 4.193912029 10.444503784 6.048101902 -0.239340037 0.075282454 0.071178362 0.965392411
1403638584577829376.000000 4.217304707 10.476925850 6.083992958 -0.239592016 0.074105531 0.069929682 0.965512276
1403638584627829504.000000 4.217864990 10.441867828 6.082130909 -0.238898560 0.073264658 0.071121417 0.965661228
1403638584677829376.000000 4.220013142 10.405661583 6.078519821 -0.238470539 0.071261048 0.072099350 0.965844393
1403638584727829504.000000 4.222681999 10.368320465 6.073224068 -0.237876281 0.067356750 0.072983064 0.966204703
1403638584777829376.000000 4.226214409 10.329645157 6.066265583 -0.236945078 0.059937123 0.075285807 0.966745436
1403638584827829504.000000 4.230665684 10.290164948 6.058214188 -0.236073047 0.053771734 0.077459492 0.967149556
1403638584877829376.000000 4.234725952 10.249458313 6.049790382 -0.234391928 0.046630751 0.081800148 0.967571557
1403638584927829504.000000 4.238663197 10.208777428 6.041374683 -0.234192833 0.043029308 0.083169639 0.967669964
1403638584977829376.000000 4.241219044 10.167938232 6.033286095 -0.234016031 0.040153515 0.084062539 0.967759132
1403638585027829504.000000 4.242526531 10.126842499 6.026371002 -0.233653203 0.038214963 0.084954061 0.967847466
1403638585077829376.000000 4.262621403 10.114368439 6.018837452 -0.234043583 0.037355997 0.084764756 0.967803299
1403638585127829504.000000 4.261438847 10.074395180 6.014830112 -0.233265221 0.037309732 0.086757585 0.967816353
1403638585177829376.000000 4.258957863 10.034435272 6.011398315 -0.233087584 0.037672203 0.087389141 0.967788279
1403638585227829504.000000 4.255506992 9.994490623 6.008296013 -0.233439296 0.039305143 0.087021895 0.967671692
1403638585277829376.000000 4.251304150 9.954500198 6.005881310 -0.233622387 0.041124996 0.086302981 0.967616260
1403638585327829504.000000 4.245927334 9.914580345 6.003615856 -0.233861938 0.043634646 0.085702725 0.967501819
1403638585377829376.000000 4.238974571 9.874420166 6.002015114 -0.233695045 0.044964358 0.085599169 0.967490435
1403638585427829504.000000 4.231578827 9.834363937 6.000242233 -0.233649641 0.044846825 0.085687205 0.967499077
1403638585477829376.000000 4.224542618 9.794464111 5.998281479 -0.233807236 0.044523228 0.085764371 0.967469096
1403638585527829504.000000 4.219387531 9.754778862 5.995882988 -0.233881578 0.043203875 0.085387260 0.967544258
1403638585577829376.000000 4.230541229 9.721463203 5.973798752 -0.232924730 0.040948216 0.086315386 0.967790842
1403638585627829504.000000 4.228742123 9.680947304 5.970866203 -0.233031139 0.039171193 0.085943781 0.967871785
1403638585677829376.000000 4.228153706 9.640342712 5.967164993 -0.233043700 0.036525197 0.086141102 0.967954755
1403638585727829504.000000 4.229188442 9.599518776 5.962898254 -0.232685089 0.032258540 0.087085091 0.968108058
1403638585777829376.000000 4.232894421 9.558792114 5.958301067 -0.231999740 0.027657788 0.089131057 0.968228698
1403638585827829504.000000 4.239228725 9.518803596 5.954277039 -0.231888905 0.023906477 0.089972511 0.968277395
1403638585877829376.000000 4.247482777 9.479343414 5.951054573 -0.231320843 0.020674242 0.091696799 0.968325853
1403638585927829504.000000 4.257778168 9.440288544 5.947736740 -0.231007203 0.019442571 0.093626723 0.968241632
1403638585977829376.000000 4.270395756 9.401644707 5.944230556 -0.231116280 0.020446878 0.094347484 0.968124866
1403638586027829504.000000 4.283932209 9.363597870 5.941313744 -0.231487691 0.024191879 0.094037734 0.967979908
1403638586077829376.000000 4.316892147 9.352879524 5.927876472 -0.231775343 0.026743706 0.092925712 0.967951417
1403638586127829504.000000 4.327899456 9.315525055 5.927058220 -0.232637376 0.029458869 0.092615820 0.967695355
1403638586177829376.000000 4.337204933 9.278087616 5.927151680 -0.233083338 0.031512234 0.091771118 0.967603862
1403638586227829504.000000 4.345377922 9.240971565 5.927931786 -0.233827695 0.033633530 0.090905309 0.967434585
1403638586277829376.000000 4.352280617 9.204114914 5.929282188 -0.234594837 0.036060262 0.089815438 0.967263281
1403638586327829504.000000 4.358043194 9.167259216 5.931106567 -0.235837936 0.039312601 0.087807491 0.967018545
1403638586377829376.000000 4.362522125 9.130320549 5.933306217 -0.237639323 0.041709948 0.083869852 0.966826677
1403638586427829504.000000 4.365945816 9.093232155 5.935731888 -0.239876717 0.044083439 0.079653606 0.966525316
1403638586477829376.000000 4.368086338 9.055610657 5.938306808 -0.241918087 0.044827007 0.075439721 0.966320395
1403638586527829504.000000 4.368982315 9.017045975 5.941074371 -0.243398681 0.046046633 0.072587594 0.966109693
1403638586577829376.000000 4.390589714 8.991814613 5.916869164 -0.242195204 0.045362853 0.073384255 0.966384232
1403638586627829504.000000 4.365686893 8.937335968 5.948221207 -0.242484778 0.045185540 0.075445637 0.966161191
1403638586677829376.000000 4.383838177 8.910276413 5.925338745 -0.241097003 0.043697268 0.076687835 0.966479063
1403638586727829504.000000 4.378240585 8.868666649 5.930382729 -0.239918455 0.044248644 0.079573624 0.966513991
1403638586777829376.000000 4.370962143 8.826435089 5.935906410 -0.239265800 0.044373032 0.081137165 0.966540098
1403638586827829504.000000 4.362521648 8.783763885 5.941745758 -0.238525972 0.045857154 0.082904615 0.966503680
1403638586877829376.000000 4.352530003 8.740520477 5.947855473 -0.238073796 0.046642553 0.083156377 0.966555953
1403638586927829504.000000 4.341153622 8.696734428 5.953976631 -0.238420174 0.047348481 0.082506865 0.966491938
1403638586977829376.000000 4.328384399 8.652398109 5.960205078 -0.238266274 0.047398075 0.082698219 0.966511130
1403638587027829504.000000 4.314879417 8.607731819 5.966347218 -0.238021925 0.047986083 0.083080612 0.966509521
1403638587077829376.000000 4.333232880 8.586359978 5.948185444 -0.237354428 0.046841990 0.083813421 0.966666520
1403638587127829504.000000 4.288894176 8.517222404 5.976585388 -0.237809017 0.047922511 0.083896607 0.966494560
1403638587177829376.000000 4.309640884 8.494580269 5.956543922 -0.237058520 0.044974107 0.083890632 0.966821134
1403638587227829504.000000 4.300466537 8.447983742 5.958840370 -0.236802951 0.043159660 0.083758645 0.966977894
1403638587277829376.000000 4.293601990 8.401062965 5.960203648 -0.236694440 0.042381626 0.084187374 0.967001557
1403638587327829504.000000 4.287821293 8.353658676 5.960836411 -0.236997768 0.040509440 0.084174760 0.967008650
1403638587377829376.000000 4.282627583 8.305460930 5.960200310 -0.236624748 0.039843634 0.084572390 0.967092931
1403638587427829504.000000 4.278378487 8.257030487 5.959024429 -0.236501247 0.039671186 0.085598290 0.967040002
1403638587477829376.000000 4.274161339 8.208473206 5.958202362 -0.236188978 0.039717980 0.086904928 0.966997862
1403638587527829504.000000 4.269181728 8.159892082 5.957697392 -0.236154363 0.040258545 0.087044299 0.966971457
1403638587577829376.000000 4.305575848 8.149089813 5.941925049 -0.235689387 0.038545996 0.088410519 0.967030764
1403638587627829504.000000 4.255161762 8.062898636 5.957765579 -0.236184001 0.040296763 0.088469811 0.966833234
1403638587677829376.000000 4.298493385 8.060931206 5.941144943 -0.235824451 0.039101545 0.089033976 0.966918230
1403638587727829504.000000 4.288157940 8.011889458 5.942198753 -0.235945091 0.039388444 0.088753447 0.966902971
1403638587777829376.000000 4.276449203 7.962786198 5.943600655 -0.236152664 0.039800160 0.089352511 0.966780305
1403638587827829504.000000 4.263598919 7.913626194 5.945497990 -0.236169517 0.040129047 0.090091906 0.966693878
1403638587877829376.000000 4.249574661 7.864286423 5.947618484 -0.236094296 0.040560078 0.090490066 0.966657102
1403638587927829504.000000 4.224386215 7.805346012 5.951601505 -0.236417785 0.041051447 0.090589732 0.966547966
1403638587977829376.000000 4.218488216 7.765812874 5.952143669 -0.236363143 0.041382037 0.090878323 0.966520131
1403638588027829504.000000 4.191547871 7.706823349 5.956317425 -0.236355051 0.042375401 0.090671211 0.966498494
1403638588077829376.000000 4.174034595 7.657681942 5.958669186 -0.236816719 0.042679597 0.089269817 0.966502547
1403638588127829504.000000 4.155352592 7.608534813 5.961032391 -0.238052607 0.042140067 0.086917058 0.966437101
1403638588177829376.000000 4.205132961 7.628384113 5.961545944 -0.239487201 0.040475812 0.082341276 0.966554523
1403638588227829504.000000 4.185537338 7.578028202 5.963707924 -0.240340337 0.039788689 0.079960443 0.966571152
1403638588277829376.000000 4.166533947 7.526803017 5.965369701 -0.240645394 0.039550524 0.078673668 0.966610610
1403638588327829504.000000 4.148764133 7.474876404 5.966570377 -0.240628153 0.039057463 0.078691743 0.966633499
1403638588377829376.000000 4.133111477 7.422270775 5.966935158 -0.240996048 0.039233159 0.077633232 0.966620326
1403638588427829504.000000 4.119509220 7.369617939 5.966526985 -0.241126031 0.039994758 0.078545973 0.966482937
1403638588477829376.000000 4.107837677 7.315815926 5.965301514 -0.240788847 0.040088698 0.079239368 0.966506541
1403638588527829504.000000 4.096982956 7.260736465 5.962362289 -0.240184322 0.040615898 0.080823407 0.966503680
1403638588577829376.000000 4.088129997 7.205028057 5.957755566 -0.239751279 0.041434802 0.081860907 0.966489196
1403638588627829504.000000 4.081986904 7.150144100 5.951113224 -0.239468798 0.042576287 0.082819909 0.966427922
1403638588677829376.000000 4.141475201 7.171697140 5.930800915 -0.236535653 0.041552939 0.084659532 0.967035174
1403638588727829504.000000 4.136608124 7.114447117 5.921829224 -0.235923618 0.043518119 0.086602718 0.966926157
1403638588777829376.000000 4.130865574 7.055429935 5.912584305 -0.235978141 0.043972608 0.086775459 0.966876805
1403638588827829504.000000 4.124257565 6.996668339 5.903290749 -0.235687256 0.044556499 0.087768413 0.966831386
1403638588877829376.000000 4.115686417 6.937730312 5.894297600 -0.235169962 0.044756621 0.090036072 0.966739655
1403638588927829504.000000 4.105292320 6.878639221 5.885497570 -0.235457823 0.044834763 0.089697465 0.966697395
1403638588977829376.000000 4.092639923 6.819296360 5.876893044 -0.235569581 0.044846155 0.090057351 0.966636240
1403638589027829504.000000 4.077906132 6.759641171 5.868484497 -0.235731736 0.044782415 0.090240963 0.966582477
1403638589077829376.000000 4.061250210 6.699623585 5.860270023 -0.236074582 0.044471223 0.089898236 0.966545105
1403638589127829504.000000 4.043234348 6.639415741 5.852247238 -0.236699656 0.044504773 0.088964492 0.966477156
1403638589177829376.000000 4.120760918 6.690440655 5.890486717 -0.236807987 0.044486757 0.088778973 0.966468453
1403638589227829504.000000 4.100707531 6.630280495 5.882267952 -0.236642301 0.044866368 0.089194626 0.966453195
1403638589277829376.000000 4.078596592 6.568579197 5.874081612 -0.236597687 0.046397898 0.089102350 0.966400385
1403638589327829504.000000 4.055785179 6.507281303 5.865438938 -0.236774310 0.045964159 0.089248829 0.966364324
1403638589377829376.000000 4.034116745 6.445650101 5.855833054 -0.236627519 0.046859857 0.088799499 0.966398656
1403638589427829504.000000 4.012609482 6.383251190 5.844929218 -0.236371115 0.046016190 0.089715175 0.966417372
1403638589477829376.000000 3.991839647 6.320720673 5.833124161 -0.236695379 0.045397457 0.089356288 0.966400504
1403638589527829504.000000 3.972280025 6.257818699 5.820237160 -0.236180738 0.045601986 0.089765906 0.966478825
1403638589577829376.000000 3.953677416 6.194443226 5.805692673 -0.236296833 0.045576997 0.089958191 0.966433704
1403638589627829504.000000 3.936981440 6.130514145 5.789772987 -0.236330464 0.046045806 0.089288086 0.966465414
1403638589677829376.000000 4.036314011 6.212801933 5.846134186 -0.235835001 0.044465013 0.090331189 0.966563523
1403638589727829504.000000 4.022832870 6.148379803 5.827622890 -0.236164495 0.042652331 0.090393908 0.966558933
1403638589777829376.000000 4.009746075 6.083720207 5.808182716 -0.236488149 0.041620236 0.090290427 0.966534436
1403638589827829504.000000 3.995784998 6.018865585 5.788494587 -0.236448810 0.041017555 0.091301560 0.966474831
1403638589877829376.000000 3.980488777 5.953869820 5.768962860 -0.237098649 0.040460084 0.091063723 0.966361582
1403638589927829504.000000 3.963524818 5.888628006 5.749820709 -0.237514868 0.040074348 0.090614870 0.966317594
1403638589977829376.000000 3.944984436 5.823049068 5.730987072 -0.237676039 0.040301487 0.091182142 0.966215193
1403638590027829504.000000 3.925038576 5.757118702 5.712293625 -0.237484753 0.040595122 0.092315212 0.966142356
1403638590077829376.000000 4.007929802 5.834230423 5.772197723 -0.237596795 0.040209994 0.092082314 0.966153085
1403638590127829504.000000 3.994305849 5.777890205 5.761174679 -0.238143966 0.041722279 0.092104875 0.965952098
1403638590177829376.000000 3.979756594 5.722192764 5.750541210 -0.238484815 0.042466879 0.091816612 0.965862989
1403638590227829504.000000 3.964642763 5.667166710 5.740594387 -0.238828406 0.043413997 0.091926746 0.965725541
1403638590277829376.000000 3.948321342 5.611593723 5.730272293 -0.238656878 0.043941636 0.092357568 0.965702951
1403638590327829504.000000 3.931426287 5.556049347 5.720361710 -0.239020079 0.044174265 0.091979451 0.965638638
1403638590377829376.000000 3.913604736 5.500548363 5.710522652 -0.239139020 0.043455984 0.092417441 0.965599954
1403638590427829504.000000 3.916771889 5.464779377 5.703751564 -0.239503294 0.042660210 0.091041252 0.965675831
1403638590477829376.000000 3.901073933 5.412485600 5.694140434 -0.239294782 0.042622823 0.091769516 0.965660214
1403638590527829504.000000 3.884775400 5.358799458 5.684197426 -0.239005268 0.042490128 0.092328474 0.965684474
1403638590577829376.000000 3.887243271 5.374810696 5.709942818 -0.238415003 0.039236207 0.094066881 0.965800345
1403638590627829504.000000 3.875589609 5.324206352 5.700802326 -0.238333449 0.037623249 0.094289631 0.965862930
1403638590677829376.000000 3.866383076 5.274213791 5.691267967 -0.237700328 0.036545638 0.095664993 0.965925097
1403638590727829504.000000 3.859447002 5.225091934 5.680799484 -0.237523481 0.035928663 0.096450523 0.965913653
1403638590777829376.000000 3.854911804 5.177007198 5.669249535 -0.237470582 0.035174012 0.096254617 0.965973914
1403638590827829504.000000 3.851766109 5.130231380 5.657098770 -0.237671331 0.034217283 0.095980734 0.965986192
1403638590877829376.000000 3.850846291 5.084172726 5.645122528 -0.237825513 0.033678878 0.095960930 0.965969145
1403638590927829504.000000 3.851774931 5.038820267 5.632452965 -0.237431958 0.033148069 0.096961290 0.965984404
1403638590977829376.000000 3.854512215 4.993380070 5.618626595 -0.237346351 0.032474466 0.097278133 0.965996504
1403638591027829504.000000 3.857785940 4.947547913 5.603901386 -0.237176850 0.031501200 0.098451942 0.965951383
1403638591077829376.000000 3.861442089 4.944925785 5.614775658 -0.236457184 0.030153582 0.099517360 0.966061711
1403638591127829504.000000 3.863765240 4.902193546 5.603566647 -0.236656711 0.026152143 0.099671587 0.966113448
1403638591177829376.000000 3.864536285 4.860427380 5.592947483 -0.236633658 0.022215065 0.100546539 0.966127038
1403638591227829504.000000 3.864057541 4.819164753 5.583532810 -0.236447588 0.016820015 0.101566508 0.966174901
1403638591277829376.000000 3.862345219 4.778752804 5.575949669 -0.236043692 0.011150107 0.103177957 0.966185033
1403638591327829504.000000 3.860167027 4.739736080 5.569857121 -0.235314235 0.006074615 0.105198100 0.966190338
1403638591377829376.000000 3.857774973 4.702463627 5.565759659 -0.234894067 0.002794039 0.106689602 0.966144085
1403638591427829504.000000 3.854724407 4.666206837 5.563549519 -0.234559610 -0.000275709 0.108131811 0.966069043
1403638591477829376.000000 3.851165295 4.630997181 5.563580513 -0.233922601 -0.002707350 0.109679222 0.966045201
1403638591527829504.000000 3.846532822 4.597584248 5.565915585 -0.233452722 -0.005499778 0.111498259 0.965938866
1403638591577829376.000000 3.835572243 4.580892086 5.574829578 -0.232557371 -0.007864922 0.112620652 0.966008246
1403638591627829504.000000 3.829698086 4.550717354 5.581327438 -0.232214198 -0.009161226 0.113517657 0.965974391
1403638591677829376.000000 3.824747086 4.522074223 5.589553833 -0.232161552 -0.008732212 0.114225984 0.965907514
1403638591727829504.000000 3.820519924 4.495382309 5.599694252 -0.232452586 -0.007298847 0.114235453 0.965848207
1403638591777829376.000000 3.817078590 4.470935822 5.611465931 -0.233014449 -0.005193208 0.112541422 0.965925336
1403638591827829504.000000 3.814391613 4.447809219 5.624326706 -0.233004987 -0.002595889 0.112618804 0.965929091
1403638591877829376.000000 3.813488007 4.426587582 5.638535500 -0.233244941 -0.000712114 0.111525312 0.966001272
1403638591927829504.000000 3.815380096 4.406858921 5.653218746 -0.233195722 0.002667570 0.111002341 0.966069996
1403638591977829376.000000 3.819477797 4.388541222 5.668517113 -0.233357325 0.004315536 0.110781103 0.966050446
1403638592027829504.000000 3.827393055 4.371810913 5.684004784 -0.233269438 0.007722729 0.110405408 0.966093361
1403638592077829376.000000 3.835579157 4.360228539 5.699633598 -0.232833996 0.009775497 0.109802961 0.966248453
1403638592127829504.000000 3.847572327 4.345143795 5.716103554 -0.232393131 0.011544203 0.109254695 0.966397226
1403638592177829376.000000 3.862972975 4.331281662 5.733097076 -0.230098978 0.016184369 0.109633192 0.966836631
1403638592227829504.000000 3.881556034 4.318344116 5.749009609 -0.227144122 0.022193970 0.108976945 0.967490077
1403638592277829376.000000 3.902549028 4.306329727 5.764486790 -0.222724169 0.029291730 0.108551122 0.968376279
1403638592327829504.000000 3.925070286 4.295284748 5.779156208 -0.217430368 0.034683771 0.107589915 0.969507873
1403638592377829376.000000 3.949174166 4.285095215 5.793189526 -0.210106492 0.039235331 0.106440067 0.971074879
1403638592427829504.000000 3.975170851 4.275807381 5.806051254 -0.201631561 0.041958217 0.103944838 0.973026097
1403638592477829376.000000 4.002286911 4.267446518 5.817399025 -0.192551345 0.042456925 0.101230182 0.975127637
1403638592527829504.000000 4.030465126 4.260590553 5.827572823 -0.184932247 0.039958857 0.097195581 0.977116346
1403638592577829376.000000 4.054373741 4.258738995 5.829568863 -0.177800268 0.036298275 0.093114465 0.978978693
1403638592627829504.000000 4.085146427 4.254155159 5.837489605 -0.171651751 0.032651328 0.089456595 0.980544269
1403638592677829376.000000 4.116728783 4.250751019 5.844937325 -0.166336045 0.028272750 0.086712100 0.981842160
1403638592727829504.000000 4.147815704 4.248378754 5.852678776 -0.161963493 0.023898421 0.084190905 0.982908309
1403638592777829376.000000 4.177802563 4.247099876 5.861343384 -0.158218011 0.019120160 0.082613394 0.983756363
1403638592827829504.000000 4.206465721 4.246918678 5.871102333 -0.154920101 0.015014160 0.081993833 0.984404087
1403638592877829376.000000 4.234144688 4.247596741 5.881833553 -0.152547240 0.012244020 0.080549628 0.984932125
1403638592927829504.000000 4.260940075 4.249456406 5.893525600 -0.151217610 0.010392895 0.079151861 0.985271692
1403638592977829376.000000 4.287021160 4.252264500 5.906541348 -0.150152639 0.009074469 0.077572122 0.985573173
1403638593027829504.000000 4.312249660 4.256263733 5.920864582 -0.149143472 0.008836105 0.077395506 0.985742450
1403638593077829376.000000 4.332140446 4.261009216 5.921800613 -0.147962168 0.008061417 0.076970086 0.985960424
1403638593127829504.000000 4.357140541 4.266752243 5.938758373 -0.147521004 0.008853607 0.076750368 0.986036837
1403638593177829376.000000 4.384317398 4.273685932 5.956432819 -0.147482887 0.011400673 0.076294407 0.986051738
1403638593227829504.000000 4.413364887 4.281721115 5.974539280 -0.148909763 0.015287911 0.073739812 0.985979021
1403638593277829376.000000 4.443929195 4.290481567 5.992851257 -0.151052669 0.017692786 0.069738530 0.985903978
1403638593327829504.000000 4.476503849 4.299743176 6.011638641 -0.153150842 0.020320825 0.065543652 0.985817432
1403638593377829376.000000 4.509617805 4.309154034 6.029963970 -0.155709893 0.024079541 0.060814548 0.985634983
1403638593427829504.000000 4.542177677 4.318502426 6.048611164 -0.158596590 0.028674213 0.055677596 0.985355258
1403638593477829376.000000 4.573200226 4.327168941 6.068128586 -0.160296157 0.032206982 0.053395875 0.985097349
1403638593527829504.000000 4.602701187 4.335276604 6.088468075 -0.162019312 0.034980562 0.051419526 0.984825969
1403638593577829376.000000 4.629563808 4.340309620 6.088613510 -0.162574500 0.036563389 0.049877893 0.984756231
1403638593627829504.000000 4.655365944 4.346720219 6.109370232 -0.163621619 0.037644118 0.049498361 0.984561205
1403638593677829376.000000 4.679864407 4.351927280 6.130402565 -0.164496586 0.038410332 0.048117481 0.984454274
1403638593727829504.000000 4.702888489 4.356289864 6.151553631 -0.164933741 0.040824171 0.048252597 0.984277427
1403638593777829376.000000 4.724971294 4.359560013 6.173003197 -0.165561333 0.043910224 0.047909752 0.984055936
1403638593827829504.000000 4.747398853 4.361492157 6.194078922 -0.164375797 0.051606454 0.050066207 0.983773708
1403638593877829376.000000 4.770806313 4.362257481 6.213726044 -0.161518544 0.062301602 0.051224053 0.983568251
1403638593927829504.000000 4.794236660 4.361200333 6.231616974 -0.158041134 0.068545580 0.051982544 0.983677924
1403638593977829376.000000 4.817628384 4.359607697 6.247390270 -0.154076740 0.069810137 0.052531991 0.984188735
1403638594027829504.000000 4.840805054 4.357406139 6.261769772 -0.149933010 0.066342153 0.053783499 0.985000610
1403638594077829376.000000 4.869662285 4.357577801 6.264790535 -0.146143243 0.061879642 0.055114858 0.985786736
1403638594127829504.000000 4.893232346 4.354491234 6.274952412 -0.143864363 0.057548501 0.054127850 0.986438811
1403638594177829376.000000 4.916125298 4.351171494 6.283873558 -0.142216131 0.053161383 0.051913965 0.987042725
1403638594227829504.000000 4.938149452 4.347895622 6.292282581 -0.141427115 0.050740201 0.049702395 0.987397313
1403638594277829376.000000 4.959003925 4.344168663 6.300487518 -0.140314877 0.050369784 0.047513485 0.987682700
1403638594327829504.000000 4.978937626 4.340113163 6.308269501 -0.139533043 0.051500283 0.045959078 0.987808704
1403638594377829376.000000 4.999103546 4.335597515 6.314903259 -0.139825955 0.053147789 0.042172942 0.987848938
1403638594427829504.000000 5.019698143 4.330266476 6.320687771 -0.139858454 0.054995898 0.038388725 0.987897456
1403638594477829376.000000 5.040955067 4.324083805 6.325260162 -0.140025258 0.056390423 0.035744768 0.987894416
1403638594527829504.000000 5.063037395 4.316758633 6.327719688 -0.137979746 0.056179769 0.038189016 0.988102734
1403638594577829376.000000 5.099400997 4.305384159 6.316638947 -0.135595620 0.055474013 0.040336292 0.988387346
1403638594627829504.000000 5.124184608 4.295755863 6.315226555 -0.133702636 0.054793086 0.043340001 0.988556027
1403638594677829376.000000 5.148850441 4.285689354 6.312817574 -0.132633001 0.054561418 0.046049580 0.988590419
1403638594727829504.000000 5.172567368 4.275426388 6.310312271 -0.132166713 0.053732499 0.047824133 0.988614023
1403638594777829376.000000 5.194782257 4.264929295 6.307765484 -0.131970987 0.053153168 0.048823666 0.988622665
1403638594827829504.000000 5.215338707 4.253954887 6.305251122 -0.131869406 0.052956603 0.050079163 0.988583982
1403638594877829376.000000 5.234192371 4.242598057 6.302136421 -0.131791070 0.052784897 0.050922453 0.988560498
1403638594927829504.000000 5.250845909 4.231219292 6.298944950 -0.132307783 0.051320478 0.050886679 0.988570452
1403638594977829376.000000 5.265370846 4.219567776 6.295603275 -0.133054718 0.049426563 0.050519217 0.988585532
1403638595027829504.000000 5.278523445 4.207891941 6.292163849 -0.132582098 0.048391469 0.052477941 0.988598228
1403638595077829376.000000 5.292948246 4.195417404 6.289563179 -0.132805035 0.046560992 0.052833315 0.988637269
1403638595127829504.000000 5.301585197 4.184105873 6.287104130 -0.133046612 0.046036772 0.053670969 0.988584220
1403638595177829376.000000 5.308582783 4.172904015 6.284862041 -0.133464217 0.045486689 0.053896461 0.988541126
1403638595227829504.000000 5.313812733 4.161893845 6.282744408 -0.134038121 0.045215365 0.053498346 0.988497555
1403638595277829376.000000 5.317290306 4.150856018 6.280788422 -0.134204313 0.044796523 0.053794604 0.988478005
1403638595327829504.000000 5.319529533 4.139809132 6.278911591 -0.134544969 0.045165807 0.053464487 0.988432765
1403638595377829376.000000 5.320488930 4.128842831 6.277139664 -0.134414420 0.045357618 0.054534372 0.988383293
1403638595427829504.000000 5.320456505 4.118027210 6.275298595 -0.134667575 0.045457836 0.054387107 0.988352358
1403638595477829376.000000 5.319057941 4.107388973 6.273697853 -0.134585172 0.044872284 0.054595761 0.988378823
1403638595527829504.000000 5.316959381 4.096739292 6.271970749 -0.134590343 0.044576000 0.054292653 0.988408267
1403638595577829376.000000 5.320845604 4.078601360 6.276627541 -0.134036347 0.042871665 0.054295179 0.988558769
1403638595627829504.000000 5.320836544 4.067576408 6.274008751 -0.134151846 0.042841986 0.053401720 0.988593042
1403638595677829376.000000 5.322606087 4.056396008 6.270187378 -0.134876758 0.042879749 0.051546186 0.988591254
1403638595727829504.000000 5.324787617 4.045263767 6.265520096 -0.135871902 0.042121537 0.048541971 0.988639593
1403638595777829376.000000 5.327298164 4.033326149 6.259943962 -0.136738285 0.041451883 0.046625160 0.988640785
1403638595827829504.000000 5.328742504 4.021260262 6.254892826 -0.137190446 0.040786296 0.045620814 0.988652647
1403638595877829376.000000 5.327732086 4.008902073 6.251038551 -0.137339145 0.040779151 0.045359727 0.988644361
1403638595927829504.000000 5.322925091 3.996104717 6.248870850 -0.137801468 0.041254029 0.044510942 0.988598883
1403638595977829376.000000 5.315000057 3.983098984 6.248175621 -0.138454050 0.041367136 0.042869247 0.988575518
1403638596027829504.000000 5.305589676 3.969480753 6.248725891 -0.139638752 0.041808933 0.040123228 0.988505602
1403638596077829376.000000 5.294812679 3.954416037 6.251948833 -0.142199725 0.040428463 0.034827597 0.988398612
1403638596127829504.000000 5.283909321 3.939063311 6.252111912 -0.144602850 0.040175881 0.028894257 0.988251567
1403638596177829376.000000 5.273237228 3.922588110 6.251653671 -0.147345439 0.038281471 0.021955047 0.988100171
1403638596227829504.000000 5.264194012 3.904101133 6.250308514 -0.149820134 0.036958475 0.015033237 0.987907946
1403638596277829376.000000 5.257396698 3.883566856 6.248969078 -0.152455807 0.035458021 0.008153071 0.987640381
1403638596327829504.000000 5.252764702 3.861284018 6.247147560 -0.154446006 0.035015728 0.002206041 0.987378061
1403638596377829376.000000 5.250917435 3.835868120 6.245027542 -0.156094939 0.035265535 -0.003259729 0.987106919
1403638596427829504.000000 5.251298428 3.807290554 6.241845608 -0.156965941 0.035128921 -0.006027658 0.986960709
1403638596477829376.000000 5.253568649 3.775596857 6.238624573 -0.158031374 0.035873823 -0.010254347 0.986728966
1403638596527829504.000000 5.258343697 3.740666151 6.235372543 -0.159317821 0.035465073 -0.014343692 0.986485898
1403638596577829376.000000 5.266315937 3.700627327 6.231702805 -0.160930946 0.034457315 -0.018624814 0.986188114
1403638596627829504.000000 5.275665760 3.658155918 6.227647781 -0.162462413 0.034492128 -0.023118939 0.985840678
1403638596677829376.000000 5.286643982 3.611572027 6.223239899 -0.164105058 0.033784129 -0.027797054 0.985472202
1403638596727829504.000000 5.299594402 3.560907841 6.218814850 -0.165048137 0.033134330 -0.030667186 0.985251665
1403638596777829376.000000 5.314880371 3.506027460 6.215069294 -0.165536076 0.033502612 -0.032778569 0.985089362
1403638596827829504.000000 5.331665993 3.446548462 6.210836887 -0.166511551 0.033643071 -0.035770267 0.984816015
1403638596877829376.000000 5.350652218 3.382762671 6.206378937 -0.166869476 0.034487840 -0.037139539 0.984675527
1403638596927829504.000000 5.370212555 3.314739227 6.202286720 -0.167374134 0.035289787 -0.038595181 0.984505415
1403638596977829376.000000 5.389027119 3.242494106 6.199363708 -0.167821795 0.036521874 -0.038754821 0.984378099
1403638597027829504.000000 5.406805992 3.166614056 6.197196960 -0.168674111 0.036759887 -0.039490383 0.984194279
1403638597077829376.000000 5.422098160 3.081006765 6.196506023 -0.169701114 0.037251908 -0.041258644 0.983926654
1403638597127829504.000000 5.438229561 2.996228933 6.196745396 -0.170518875 0.038765509 -0.041819949 0.983703017
1403638597177829376.000000 5.453238010 2.907227516 6.197947502 -0.171498224 0.039888740 -0.042677257 0.983451068
1403638597227829504.000000 5.466567516 2.813847780 6.200111866 -0.171509087 0.042121183 -0.040908508 0.983431220
1403638597277829376.000000 5.478740692 2.716754913 6.203487873 -0.170983076 0.044442881 -0.038637143 0.983512521
1403638597327829504.000000 5.489149570 2.615344048 6.207140446 -0.170383334 0.045816280 -0.035732236 0.983663321
1403638597377829376.000000 5.498432636 2.510551214 6.211235046 -0.169583708 0.047478188 -0.031797111 0.983857810
1403638597427829504.000000 5.506524086 2.402164698 6.216103077 -0.168290898 0.049608152 -0.027490092 0.984104455
1403638597477829376.000000 5.513587952 2.290076017 6.220804691 -0.165935367 0.053441368 -0.020911204 0.984465480
1403638597527829504.000000 5.519517422 2.175348043 6.226093292 -0.162863001 0.057912156 -0.013025831 0.984861493
1403638597577829376.000000 5.516893864 2.062108278 6.237885475 -0.160001487 0.061881438 -0.005257437 0.985161245
1403638597627829504.000000 5.520458698 1.943068266 6.242943764 -0.158990145 0.063892603 -0.001251728 0.985209763
1403638597677829376.000000 5.522255898 1.821869254 6.247904301 -0.158483997 0.065501779 0.000686993 0.985186279
1403638597727829504.000000 5.522398472 1.699193239 6.252792358 -0.158953413 0.064998418 -0.000485266 0.985144079
1403638597777829376.000000 5.520994186 1.574493647 6.256855011 -0.159288570 0.062694132 -0.006027941 0.985220969
1403638597827829504.000000 5.518495083 1.447799444 6.261181831 -0.158077538 0.061547987 -0.011696508 0.985437214
1403638597877829376.000000 5.514448166 1.318956971 6.265117645 -0.156716213 0.059780583 -0.018023556 0.985668063
1403638597927829504.000000 5.509326458 1.187644005 6.268320084 -0.155433461 0.058351886 -0.023579005 0.985839546
1403638597977829376.000000 5.504117012 1.054306269 6.270791054 -0.152677268 0.058537621 -0.026396135 0.986187756
1403638598027829504.000000 5.499949932 0.917766154 6.273469925 -0.149888232 0.058306232 -0.027767014 0.986591578
1403638598077829376.000000 5.487224579 0.787386119 6.280702591 -0.145076618 0.060501162 -0.024687331 0.987260401
1403638598127829504.000000 5.486222744 0.644433618 6.279733658 -0.138459861 0.060129791 -0.015936786 0.988412559
1403638598177829376.000000 5.485512733 0.499478519 6.276312351 -0.131722778 0.059829220 -0.005217796 0.989465714
1403638598227829504.000000 5.485845566 0.352947950 6.271804810 -0.126046374 0.059903920 0.003534340 0.990207791
1403638598277829376.000000 5.485531330 0.205159515 6.266267300 -0.121518046 0.057281196 0.011270016 0.990870953
1403638598327829504.000000 5.485059261 0.057421237 6.260609627 -0.117824450 0.056005850 0.017371956 0.991301715
1403638598377829376.000000 5.482588291 -0.089683503 6.254999161 -0.115175970 0.054375302 0.021593353 0.991620660
1403638598427829504.000000 5.466480732 -0.224703491 6.258392811 -0.113599688 0.053170178 0.024371449 0.991803467
1403638598477829376.000000 5.461139202 -0.371000290 6.252571583 -0.112562217 0.050939720 0.025458708 0.992011547
1403638598527829504.000000 5.454009533 -0.516933501 6.246867180 -0.110460453 0.050706893 0.026265875 0.992238581
1403638598577829376.000000 5.444393635 -0.662459970 6.241928577 -0.107416809 0.048382834 0.026324030 0.992687166
1403638598627829504.000000 5.433105469 -0.807610989 6.237062454 -0.103772402 0.046685327 0.024358092 0.993206203
1403638598677829376.000000 5.421462536 -0.952078879 6.232435703 -0.099059522 0.046634115 0.021394052 0.993757904
1403638598727829504.000000 5.410302639 -1.095802784 6.227603912 -0.092989810 0.046171926 0.019033384 0.994413853
1403638598777829376.000000 5.385913849 -1.228037477 6.231155396 -0.085880779 0.046299662 0.017030114 0.995083332
1403638598827829504.000000 5.377192974 -1.370470524 6.224891186 -0.078470103 0.047791660 0.013447520 0.995679498
1403638598877829376.000000 5.369349003 -1.511990070 6.218142986 -0.070304684 0.047735557 0.009981426 0.996332765
1403638598927829504.000000 5.361911297 -1.652630448 6.210205555 -0.062328864 0.046578132 0.005373282 0.996953726
1403638598977829376.000000 5.355288029 -1.793166399 6.201788425 -0.053090297 0.046605043 0.001537774 0.997500360
1403638599027829504.000000 5.349847317 -1.933156371 6.192563057 -0.043208182 0.046351984 -0.000955779 0.997989833
1403638599077829376.000000 5.332002640 -2.066775799 6.186182022 -0.033828441 0.047496323 -0.005683839 0.998282254
1403638599127829504.000000 5.329432964 -2.205773354 6.173720360 -0.024304468 0.047304928 -0.010086389 0.998533845
1403638599177829376.000000 5.327412128 -2.344599724 6.159596920 -0.014300365 0.047478907 -0.013989820 0.998671949
1403638599227829504.000000 5.326096535 -2.482815266 6.144630432 -0.004788997 0.046553142 -0.019408040 0.998715758
1403638599277829376.000000 5.326278687 -2.620958090 6.128867626 0.005080603 0.045861535 -0.024083447 0.998644531
1403638599327829504.000000 5.328463078 -2.758916378 6.111545086 0.015950572 0.044308625 -0.027479071 0.998512566
1403638599377829376.000000 5.331439972 -2.895920753 6.092677116 0.024741495 0.041348800 -0.032065921 0.998323619
1403638599427829504.000000 5.321482182 -3.028145075 6.083679676 0.032670796 0.039950483 -0.036255725 0.998009145
1403638599477829376.000000 5.326280594 -3.164089203 6.063495636 0.039535075 0.037972085 -0.038383123 0.997758448
1403638599527829504.000000 5.330818653 -3.299345732 6.043563843 0.044183783 0.036156345 -0.041899856 0.997489274
1403638599577829376.000000 5.333907604 -3.433868408 6.024442673 0.048562706 0.033930387 -0.042761084 0.997327447
1403638599627829504.000000 5.335121632 -3.567581654 6.005960464 0.051909674 0.033072058 -0.043259688 0.997166157
1403638599677829376.000000 5.334015846 -3.700164318 5.987956047 0.054073766 0.031280152 -0.044821460 0.997039914
1403638599727829504.000000 5.331218243 -3.832204342 5.970915794 0.055419695 0.030871926 -0.044815529 0.996979058
1403638599777829376.000000 5.313218117 -3.963241100 5.970649719 0.055997074 0.031123340 -0.045167238 0.996923149
1403638599827829504.000000 5.306946754 -4.095036030 5.955490589 0.056044623 0.029752921 -0.043590527 0.997032464
1403638599877829376.000000 5.300040722 -4.226271152 5.941019535 0.056160830 0.028623899 -0.042098928 0.997123003
1403638599927829504.000000 5.292440414 -4.356795788 5.927542210 0.056237459 0.027402697 -0.038861338 0.997284412
1403638599977829376.000000 5.284131527 -4.486576080 5.915683746 0.056250166 0.027934259 -0.035251275 0.997403085
1403638600027829504.000000 5.275542736 -4.615873337 5.904988289 0.056862220 0.028116144 -0.030452739 0.997521341
1403638600077829376.000000 5.266463757 -4.744158268 5.895914078 0.057329111 0.025289372 -0.025279358 0.997714758
1403638600127829504.000000 5.256875515 -4.870786190 5.887975693 0.058559772 0.023651548 -0.018086258 0.997839808
1403638600177829376.000000 5.246459007 -4.996107101 5.881116867 0.060976628 0.020893827 -0.008931710 0.997880518
1403638600227829504.000000 5.235111237 -5.119051933 5.874973774 0.062113777 0.017368918 -0.001957535 0.997916043
1403638600277829376.000000 5.214783669 -5.235610008 5.901114941 0.064440012 0.015673000 0.004663158 0.997787654
1403638600327829504.000000 5.202947617 -5.354387760 5.897125244 0.065277390 0.013032598 0.010170943 0.997730255
1403638600377829376.000000 5.192281723 -5.470361710 5.894207001 0.066062152 0.011776155 0.015768966 0.997621417
1403638600427829504.000000 5.182785988 -5.583250999 5.892181873 0.067269541 0.009441755 0.021283474 0.997463167
1403638600477829376.000000 5.176313877 -5.692476273 5.890531063 0.067661829 0.008457975 0.024393441 0.997374237
1403638600527829504.000000 5.172836304 -5.797799587 5.889446735 0.066679366 0.007721021 0.024242407 0.997450113
1403638600577829376.000000 5.172323704 -5.899548054 5.889115334 0.065513380 0.007497698 0.023787212 0.997539997
1403638600627829504.000000 5.173542500 -5.997910976 5.889290333 0.065573879 0.005085059 0.025061537 0.997520030
1403638600677829376.000000 5.177214622 -6.092749596 5.890133858 0.066171832 0.004101808 0.027678225 0.997415900
1403638600727829504.000000 5.183518410 -6.184138775 5.892476559 0.065307051 0.000827679 0.026201060 0.997520924
1403638600777829376.000000 5.193890572 -6.272377968 5.931307793 0.066378973 -0.002422829 0.026640974 0.997435927
1403638600827829504.000000 5.204351902 -6.357019424 5.935764313 0.064473413 -0.005588066 0.020954549 0.997683764
1403638600877829376.000000 5.216523170 -6.438618183 5.941418648 0.061794225 -0.007547702 0.012910203 0.997976840
1403638600927829504.000000 5.228551388 -6.517740726 5.949139118 0.057999544 -0.009246651 0.001809402 0.998272240
1403638600977829376.000000 5.240095615 -6.595141411 5.959427357 0.054903716 -0.009162840 -0.007679563 0.998420060
1403638601027829504.000000 5.251205444 -6.671171665 5.972211361 0.052616581 -0.009387730 -0.014928361 0.998459041
1403638601077829376.000000 5.261886597 -6.746483326 5.987511158 0.051437821 -0.008957773 -0.019400768 0.998447597
1403638601127829504.000000 5.272487640 -6.820972919 6.005100250 0.050102722 -0.006633193 -0.023178477 0.998453140
1403638601177829376.000000 5.282349110 -6.894719124 6.024769783 0.048221052 -0.005737744 -0.028876731 0.998402774
1403638601227829504.000000 5.292468548 -6.968176842 6.046495914 0.046740383 -0.000576340 -0.033717949 0.998337686
1403638601277829376.000000 5.317513466 -7.043329716 6.104733944 0.045132622 0.006891940 -0.039852489 0.998161972
1403638601327829504.000000 5.327704906 -7.117501736 6.130391121 0.045790829 0.013495090 -0.042173930 0.997969210
1403638601377829376.000000 5.357254028 -7.250069141 6.059976578 -0.046280872 -0.013702406 0.040514156 -0.998012483
1403638601427829504.000000 5.350552082 -7.268215656 6.182126045 0.056094579 0.021121118 -0.038141575 0.997473121
1403638601477829376.000000 5.364050865 -7.344294548 6.208500862 0.063385777 0.023528954 -0.037334569 0.997012913
1403638601527829504.000000 5.379367828 -7.420535088 6.234417439 0.071303308 0.028054213 -0.039335974 0.996283829
1403638601577829376.000000 5.395833015 -7.496679783 6.259752274 0.080321930 0.031415399 -0.042936962 0.995348155
1403638601627829504.000000 5.413177490 -7.572803974 6.285117626 0.089860469 0.032880519 -0.047187701 0.994292438
1403638601677829376.000000 5.431974888 -7.649104595 6.309761047 0.100573383 0.034731068 -0.053437233 0.992886305
1403638601727829504.000000 5.451833725 -7.725257874 6.333466053 0.112465300 0.035337821 -0.059685409 0.991231799
1403638601777829376.000000 5.497243881 -7.801879883 6.384003162 0.124695979 0.037391026 -0.067866355 0.989164829
1403638601827829504.000000 5.520080090 -7.878378868 6.405067444 0.138595834 0.039365739 -0.075378291 0.986691296
1403638601877829376.000000 5.544648647 -7.955266476 6.425099373 0.151851699 0.041930798 -0.084314853 0.983907461
1403638601927829504.000000 5.567065239 -8.033263206 6.443277359 0.165190339 0.042098429 -0.090644844 0.981184721
1403638601977829376.000000 5.589665890 -8.110514641 6.462040424 0.176649079 0.042325739 -0.095852956 0.978680670
1403638602027829504.000000 5.610812664 -8.187692642 6.480964661 0.186712697 0.041355103 -0.100389048 0.976396561
1403638602077829376.000000 5.630015373 -8.264616966 6.500123501 0.195123792 0.040903106 -0.103787333 0.974413633
1403638602127829504.000000 5.647859573 -8.341549873 6.519469738 0.201694086 0.042715278 -0.108590037 0.972472727
1403638602177829376.000000 5.663835049 -8.418659210 6.538665295 0.208401099 0.045303635 -0.113306716 0.970401108
1403638602227829504.000000 5.678342819 -8.496378899 6.557682514 0.215342745 0.049316499 -0.119117141 0.967990994
1403638602277829376.000000 5.718266487 -8.580667496 6.596705437 0.224181861 0.051703263 -0.123329885 0.965328515
1403638602327829504.000000 5.730787277 -8.659592628 6.614025116 0.235304758 0.057205066 -0.124797530 0.962177217
1403638602377829376.000000 5.692098141 -8.794598579 6.496553421 0.245199949 0.062273514 -0.120693237 0.959912598
1403638602427829504.000000 5.707180500 -8.874315262 6.509255886 0.262040377 0.073911384 -0.112720311 0.955597281
1403638602477829376.000000 5.784200668 -8.901766777 6.653430939 0.282823533 0.089494951 -0.105452843 0.949147642
1403638602527829504.000000 5.800586224 -8.978416443 6.659215927 0.299545854 0.102236398 -0.096094556 0.943708599
1403638602577829376.000000 5.817646503 -9.051888466 6.661522865 0.315078855 0.112877846 -0.088789791 0.938136637
1403638602627829504.000000 5.834531784 -9.121236801 6.660393715 0.328378022 0.118167274 -0.085863188 0.933183730
1403638602677829376.000000 5.850704193 -9.186006546 6.655926704 0.339318305 0.119195014 -0.088192202 0.928912222
1403638602727829504.000000 5.866914749 -9.245745659 6.647366524 0.349835008 0.118616551 -0.091566943 0.924749255
1403638602777829376.000000 5.883584976 -9.300855637 6.635386467 0.358636081 0.117138468 -0.098577440 0.920837224
1403638602827829504.000000 5.899511337 -9.351179123 6.619795799 0.367721558 0.115604647 -0.104862012 0.916744471
1403638602877829376.000000 5.914886475 -9.397179604 6.600658894 0.377940387 0.112726003 -0.109069966 0.912446022
1403638602927829504.000000 5.929876328 -9.438798904 6.578697681 0.388746709 0.107325725 -0.112591043 0.908119261
1403638602977829376.000000 5.967245102 -9.490634918 6.556973457 0.402066439 0.098908864 -0.111898921 0.903348386
1403638603027829504.000000 5.979593277 -9.525368690 6.531515121 0.414011300 0.094939344 -0.112563334 0.898282111
1403638603077829376.000000 5.990201950 -9.555816650 6.504843712 0.425096065 0.093836285 -0.114001021 0.893024027
1403638603127829504.000000 5.999135017 -9.582262993 6.478246689 0.435306668 0.094863228 -0.114908047 0.887865543
1403638603177829376.000000 6.002236843 -9.604919434 6.451632977 0.442561835 0.094391331 -0.119093746 0.883768141
1403638603227829504.000000 6.003991127 -9.622992516 6.425230980 0.447275579 0.087273374 -0.125953153 0.881171823
1403638603277829376.000000 6.002992630 -9.637084007 6.399007320 0.449664265 0.076493546 -0.135240495 0.879579961
1403638603327829504.000000 5.999478817 -9.647717476 6.372814178 0.450628757 0.063549444 -0.144363731 0.878666222
1403638603377829376.000000 5.994333744 -9.656132698 6.347019672 0.451062232 0.052301750 -0.152263671 0.877851427
1403638603427829504.000000 5.989247799 -9.663123131 6.320793629 0.451419026 0.043078460 -0.157696262 0.877209842
1403638603477829376.000000 6.002086639 -9.684818268 6.288805485 0.451818168 0.035242900 -0.161333799 0.876692533
1403638603527829504.000000 5.995121479 -9.689465523 6.263991833 0.452778608 0.033869363 -0.163962200 0.875763059
1403638603577829376.000000 5.987595558 -9.693635941 6.239423752 0.455421180 0.036394566 -0.164092556 0.874265790
1403638603627829504.000000 5.979210854 -9.696826935 6.216045380 0.457995772 0.041239589 -0.163102642 0.872889936
1403638603677829376.000000 5.969811916 -9.699041367 6.193214893 0.459032685 0.047558103 -0.164337218 0.871791601
1403638603727829504.000000 5.958637238 -9.700036049 6.171044350 0.458658695 0.054452300 -0.168187097 0.870850325
1403638603777829376.000000 5.938571930 -9.694009781 6.156955242 0.457840413 0.061592568 -0.172172785 0.870025933
1403638603827829504.000000 5.923766136 -9.691779137 6.135128975 0.457339257 0.068145230 -0.175111637 0.869213998
1403638603877829376.000000 5.906392097 -9.688068390 6.113194942 0.455986738 0.075495616 -0.178792834 0.868567646
1403638603927829504.000000 5.886661530 -9.683065414 6.090695381 0.454719663 0.080899581 -0.181846261 0.868111312
1403638603977829376.000000 5.878116131 -9.691473007 6.055112362 0.453439057 0.086057112 -0.183695018 0.867895961
1403638604027829504.000000 5.854896069 -9.684675217 6.029182911 0.451537132 0.088893242 -0.186963648 0.867903709
1403638604077829376.000000 5.819269180 -9.663693428 6.012410164 0.450807154 0.094326146 -0.188195169 0.867443442
1403638604127829504.000000 5.794962406 -9.655980110 5.981405258 0.450278640 0.095968783 -0.189472884 0.867259622
1403638604177829376.000000 5.772051811 -9.648342133 5.947408199 0.450528502 0.095411815 -0.189570799 0.867169857
1403638604227829504.000000 5.749868393 -9.639318466 5.909479618 0.452015609 0.093305320 -0.186694115 0.867249370
1403638604277829376.000000 5.727456093 -9.629610062 5.867908478 0.453599632 0.088391095 -0.183442742 0.867630839
1403638604327829504.000000 5.705644608 -9.618113518 5.823801517 0.455228120 0.082179606 -0.180454403 0.868015051
1403638604377829376.000000 5.691128254 -9.605533600 5.773899078 0.455477685 0.073582776 -0.179170415 0.868920922
1403638604427829504.000000 5.670247555 -9.589363098 5.725942612 0.455547810 0.067008644 -0.179254860 0.869398534
1403638604477829376.000000 5.654055595 -9.591533661 5.669187069 0.453982025 0.060647260 -0.182521835 0.870004654
1403638604527829504.000000 5.636123180 -9.574583054 5.618310928 0.453581780 0.054987587 -0.183275282 0.870431066
1403638604577829376.000000 5.617677689 -9.556750298 5.566482067 0.452773124 0.053222198 -0.185160756 0.870562732
1403638604627829504.000000 5.597439766 -9.538701057 5.514838219 0.452983618 0.049816258 -0.184875488 0.870715439
1403638604677829376.000000 5.572615623 -9.501245499 5.470778942 0.454139858 0.047800269 -0.182701781 0.870684922
1403638604727829504.000000 5.549510956 -9.482521057 5.419852257 0.455051899 0.045283265 -0.180601209 0.870781541
1403638604777829376.000000 5.526097298 -9.463263512 5.368753433 0.455877334 0.043977071 -0.178481847 0.870853722
1403638604827829504.000000 5.502463341 -9.443893433 5.318010807 0.456359565 0.041077044 -0.177145794 0.871015549
1403638604877829376.000000 5.479992867 -9.423703194 5.267273903 0.456061095 0.038385808 -0.177796498 0.871162057
1403638604927829504.000000 5.458060265 -9.403177261 5.215754032 0.455347061 0.034105692 -0.179312021 0.871402979
1403638604977829376.000000 5.435081482 -9.421129227 5.157530308 0.453809083 0.027459156 -0.181159735 0.872057617
1403638605027829504.000000 5.416371346 -9.400162697 5.106161594 0.453138411 0.021044236 -0.183166891 0.872165561
1403638605077829376.000000 5.400114059 -9.378886223 5.054584026 0.452426076 0.016333941 -0.184911370 0.872268140
1403638605127829504.000000 5.386103630 -9.358119965 5.003355026 0.451652229 0.011674114 -0.186913490 0.872317314
1403638605177829376.000000 5.374344826 -9.338734627 4.952663898 0.451188236 0.009340398 -0.188451529 0.872254610
1403638605227829504.000000 5.363813400 -9.320923805 4.903163910 0.450225502 0.008536191 -0.190598741 0.872293711
1403638605277829376.000000 5.353045464 -9.304945946 4.855376244 0.449416697 0.008092559 -0.193003684 0.872186184
1403638605327829504.000000 5.342096329 -9.290232658 4.809111118 0.448215961 0.010636092 -0.195981979 0.872112632
1403638605377829376.000000 5.330211639 -9.276432037 4.764336586 0.446987331 0.016815998 -0.199502692 0.871847630
1403638605427829504.000000 5.317562103 -9.264106750 4.720504761 0.445741743 0.024356347 -0.203303695 0.871429086
1403638605477829376.000000 5.296513081 -9.270645142 4.672468662 0.443837047 0.034253236 -0.206929371 0.871215045
1403638605527829504.000000 5.281449318 -9.261372566 4.629332066 0.443016320 0.041830227 -0.209381193 0.870716035
1403638605577829376.000000 5.265913010 -9.247841835 4.585712910 0.441919595 0.048533484 -0.212635666 0.870136559
1403638605627829504.000000 5.248213291 -9.237413406 4.541831493 0.440622151 0.054501563 -0.215768740 0.869669855
1403638605677829376.000000 5.229358196 -9.227833748 4.496757984 0.440293998 0.058265034 -0.217246294 0.869224012
1403638605727829504.000000 5.210551262 -9.218810081 4.449687481 0.439730525 0.059952948 -0.218776718 0.869010687
1403638605777829376.000000 5.192774296 -9.210817337 4.400028706 0.439807504 0.059794080 -0.218968794 0.868934274
1403638605827829504.000000 5.176792145 -9.203739166 4.346995354 0.439128488 0.059104465 -0.220375299 0.868969321
1403638605877829376.000000 5.161767960 -9.198247910 4.291820049 0.438529730 0.060025666 -0.221905515 0.868819118
1403638605927829504.000000 5.147798538 -9.194858551 4.234628677 0.437792510 0.060255129 -0.223202944 0.868842602
1403638605977829376.000000 5.123760223 -9.225096703 4.176228523 0.435700178 0.061659433 -0.225557610 0.869187772
1403638606027829504.000000 5.108577728 -9.224112511 4.115674496 0.434814870 0.061907858 -0.226707399 0.869314253
1403638606077829376.000000 5.091216087 -9.224795341 4.053936481 0.434054106 0.061927754 -0.227658629 0.869444370
1403638606127829504.000000 5.082458496 -9.193882942 3.990710735 0.433691233 0.062340550 -0.229187772 0.869194210
1403638606177829376.000000 5.060373306 -9.196602821 3.926780224 0.432787955 0.062681131 -0.230944738 0.869154930
1403638606227829504.000000 5.026638031 -9.227848053 3.861621857 0.431080729 0.062463775 -0.231879994 0.869769752
1403638606277829376.000000 4.999668121 -9.231507301 3.795254707 0.430405319 0.061342012 -0.232283980 0.870076239
1403638606327829504.000000 4.969763756 -9.236500740 3.727921486 0.431085587 0.056503098 -0.229886040 0.870703816
1403638606377829376.000000 4.937182903 -9.242746353 3.659957409 0.432273179 0.047542218 -0.226065919 0.871650100
1403638606427829504.000000 4.903009415 -9.250171661 3.591486454 0.433563083 0.039703868 -0.222129017 0.872413576
1403638606477829376.000000 4.852623463 -9.301050186 3.529610634 0.434829533 0.030464279 -0.217063099 0.873429418
1403638606527829504.000000 4.815317631 -9.311328888 3.461681366 0.436403871 0.021810684 -0.212594956 0.874001980
1403638606577829376.000000 4.776988506 -9.323104858 3.394316196 0.437769413 0.015079921 -0.210274577 0.874022424
1403638606627829504.000000 4.737879753 -9.336739540 3.328036308 0.440030396 0.009442135 -0.209046587 0.873260379
1403638606677829376.000000 4.698241234 -9.352679253 3.262894630 0.443213046 0.005771668 -0.209545165 0.871561646
1403638606727829504.000000 4.657419205 -9.370491028 3.199032307 0.446619928 0.001027668 -0.212614849 0.869094133
1403638606777829376.000000 4.616798401 -9.390063286 3.136617661 0.451765209 -0.001828549 -0.214937270 0.865856171
1403638606827829504.000000 4.573855400 -9.403165817 3.074550152 0.457550704 -0.004467584 -0.218467847 0.861916006
1403638606877829376.000000 4.533725739 -9.425166130 3.013670444 0.465111047 -0.007125148 -0.221022874 0.857187152
1403638606927829504.000000 4.495670795 -9.449538231 2.953685760 0.473001301 -0.007564001 -0.225149453 0.851774812
1403638606977829376.000000 4.441017151 -9.529440880 2.907354355 0.481868625 -0.009429778 -0.227901191 0.846034706
1403638607027829504.000000 4.408409119 -9.558818817 2.848700047 0.491530925 -0.009630833 -0.230290994 0.839803994
1403638607077829376.000000 4.378469467 -9.589802742 2.790495872 0.500717402 -0.010550928 -0.232149854 0.833832920
1403638607127829504.000000 4.351040363 -9.620708466 2.731955051 0.510272324 -0.011756821 -0.229046077 0.828867793
1403638607177829376.000000 4.326673508 -9.654417038 2.675066948 0.517930508 -0.006664675 -0.228602841 0.824284196
1403638607227829504.000000 4.302921295 -9.689244270 2.619518757 0.525663376 -0.001247866 -0.225660294 0.820215821
1403638607277829376.000000 4.279169083 -9.724666595 2.565873146 0.531887591 0.006965423 -0.223764062 0.816686392
1403638607327829504.000000 4.253595352 -9.760348320 2.514416695 0.537698567 0.010952176 -0.219649553 0.813949943
1403638607377829376.000000 4.226892471 -9.796318054 2.464628696 0.542574942 0.014556414 -0.216296777 0.811551809
1403638607427829504.000000 4.198639870 -9.832190514 2.416960239 0.545803070 0.016637310 -0.214778081 0.809748530
1403638607477829376.000000 4.147811890 -9.931031227 2.389961720 0.547976375 0.015807325 -0.213836208 0.808545768
1403638607527829504.000000 4.116922855 -9.966725349 2.345664024 0.549658597 0.015283613 -0.212856933 0.807671785
1403638607577829376.000000 4.085145473 -10.001706123 2.302877426 0.550308764 0.015397118 -0.213869870 0.806959093
1403638607627829504.000000 4.053199768 -10.037102699 2.261584282 0.551314414 0.015801227 -0.213216230 0.806437612
1403638607677829376.000000 4.021161079 -10.072305679 2.221846104 0.551691651 0.017395047 -0.212817788 0.806252062
1403638607727829504.000000 3.988649130 -10.107498169 2.183919907 0.551316738 0.019912280 -0.213488236 0.806273043
1403638607777829376.000000 3.955762863 -10.142463684 2.147430897 0.550704956 0.020551585 -0.213864431 0.806575358
1403638607827829504.000000 3.924434185 -10.161907196 2.110640049 0.550642371 0.019682504 -0.213514134 0.806732476
1403638607877829376.000000 3.890630722 -10.192691803 2.075907707 0.550637424 0.017605714 -0.211556286 0.807299495
1403638607927829504.000000 3.855947256 -10.223041534 2.042755604 0.550705373 0.013256075 -0.209713012 0.807817042
1403638607977829376.000000 3.798951149 -10.324434280 2.035590172 0.550497472 0.010876750 -0.207944393 0.808451295
1403638608027829504.000000 3.763513327 -10.355300903 2.005749702 0.550592422 0.011548216 -0.205561802 0.808986425
1403638608077829376.000000 3.727829695 -10.386373520 1.977630615 0.549898744 0.014393082 -0.205216542 0.809500098
1403638608127829504.000000 3.691538811 -10.417363167 1.951291561 0.548923373 0.017861420 -0.205272034 0.810078800
1403638608177829376.000000 3.654200077 -10.448224068 1.926936150 0.547082722 0.021745194 -0.207221866 0.810732305
1403638608227829504.000000 3.616145611 -10.478206635 1.903717995 0.546409369 0.026547456 -0.207255170 0.811034799
1403638608277829376.000000 3.577270031 -10.508199692 1.881663322 0.545763850 0.030912140 -0.206848398 0.811418474
1403638608327829504.000000 3.535169125 -10.544409752 1.861134052 0.545527458 0.036088008 -0.205544934 0.811695039
1403638608377829376.000000 3.494079590 -10.574636459 1.840733051 0.545345902 0.041334014 -0.205109090 0.811677098
1403638608427829504.000000 3.451110601 -10.604215622 1.821662426 0.545576513 0.042320188 -0.204287753 0.811678410
1403638608477829376.000000 3.401239872 -10.663951874 1.828862667 0.545733333 0.042153940 -0.204559341 0.811513245
1403638608527829504.000000 3.357434273 -10.685408592 1.810114861 0.545128286 0.040133014 -0.205746070 0.811722279
1403638608577829376.000000 3.313159466 -10.705726624 1.792073250 0.544616044 0.040163446 -0.206236720 0.811940134
1403638608627829504.000000 3.269813776 -10.724323273 1.774134636 0.545688570 0.041865643 -0.202497363 0.812075257
1403638608677829376.000000 3.227808475 -10.741949081 1.755465984 0.547087610 0.044259224 -0.199727520 0.811692834
1403638608727829504.000000 3.186707497 -10.756504059 1.736330032 0.547746599 0.045795683 -0.198284656 0.811516881
1403638608777829376.000000 3.145968199 -10.769682884 1.717278481 0.547236264 0.043913070 -0.199280739 0.811721206
1403638608827829504.000000 3.110610008 -10.768671036 1.699039936 0.547129929 0.041227374 -0.200509667 0.811631143
1403638608877829376.000000 3.074231148 -10.776873589 1.678812027 0.546853185 0.037925813 -0.201336324 0.811774015
1403638608927829504.000000 3.039929867 -10.783186913 1.658026218 0.546317875 0.034569040 -0.202861696 0.811904550
1403638608977829376.000000 2.963553190 -10.872439384 1.674957275 0.546943188 0.032898195 -0.202173263 0.811724663
1403638609027829504.000000 2.932202339 -10.877688408 1.653573990 0.547009766 0.029957421 -0.202363268 0.811746299
1403638609077829376.000000 2.902202368 -10.884902000 1.632233143 0.546539605 0.028083501 -0.203244388 0.811909795
1403638609127829504.000000 2.874719143 -10.909713745 1.621436119 0.546439826 0.027556477 -0.203630984 0.811898172
1403638609177829376.000000 2.849036217 -10.910795212 1.600512981 0.547398627 0.027235085 -0.201017782 0.811914325
1403638609227829504.000000 2.823513508 -10.910769463 1.580209732 0.549415827 0.026836868 -0.195858270 0.811826169
1403638609277829376.000000 2.796871185 -10.909527779 1.561336994 0.550857782 0.026129354 -0.191916496 0.811813474
1403638609327829504.000000 2.768870592 -10.906955719 1.544486523 0.550893724 0.025910508 -0.191271231 0.811948419
1403638609377829376.000000 2.739659786 -10.903308868 1.529530525 0.550107479 0.026138762 -0.192936569 0.812080085
1403638609427829504.000000 2.709142447 -10.898492813 1.516135216 0.549325168 0.026563419 -0.194584489 0.812202632
1403638609477829376.000000 2.677484512 -10.892504692 1.504544258 0.548173726 0.026797438 -0.196693256 0.812464952
1403638609527829504.000000 2.644645691 -10.885749817 1.494096756 0.547346175 0.027218716 -0.198359102 0.812603891
1403638609577829376.000000 2.610702991 -10.877887726 1.485160828 0.546364009 0.027588787 -0.200174719 0.812807083
1403638609627829504.000000 2.570186138 -10.951824188 1.506287575 0.546634555 0.027893947 -0.200085685 0.812636614
1403638609677829376.000000 2.533863306 -10.945635796 1.498804569 0.545938075 0.029680146 -0.202383459 0.812472641
1403638609727829504.000000 2.498784304 -10.933284760 1.493108273 0.545346260 0.030226402 -0.203439981 0.812586069
1403638609777829376.000000 2.464078903 -10.923022270 1.486762047 0.545307159 0.029708898 -0.203620449 0.812586129
1403638609827829504.000000 2.431012154 -10.912543297 1.480375290 0.545530021 0.028411211 -0.203099638 0.812613249
1403638609877829376.000000 2.400922537 -10.901756287 1.473512650 0.545546174 0.029259710 -0.203166842 0.812555552
1403638609927829504.000000 2.372728109 -10.889698029 1.466433048 0.545586288 0.029172638 -0.202763081 0.812632620
1403638609977829376.000000 2.346067429 -10.876961708 1.459393501 0.545881987 0.030123996 -0.201931506 0.812606335
1403638610027829504.000000 2.321795464 -10.864068031 1.451992512 0.546672821 0.030950565 -0.200090781 0.812498987
1403638610077829376.000000 2.299844980 -10.849990845 1.444174767 0.547437310 0.033690266 -0.197819069 0.812431514
1403638610127829504.000000 2.275707960 -10.896826744 1.458837032 0.548150778 0.035803743 -0.196052060 0.812288404
1403638610177829376.000000 2.254368067 -10.884373665 1.451394081 0.548036039 0.039127517 -0.196016997 0.812221050
1403638610227829504.000000 2.231399536 -10.877466202 1.446190834 0.548658490 0.040528975 -0.194327936 0.812137902
1403638610277829376.000000 2.207580805 -10.873898506 1.443197727 0.548738360 0.041306876 -0.193029508 0.812354445
1403638610327829504.000000 2.186439276 -10.824322701 1.435816765 0.549119353 0.042120114 -0.192465782 0.812188923
1403638610377829376.000000 2.160986662 -10.803420067 1.432786942 0.549218655 0.041799411 -0.191824347 0.812290132
1403638610427829504.000000 2.134828568 -10.781129837 1.430643082 0.549397886 0.042769872 -0.190769076 0.812366903
1403638610477829376.000000 2.107720852 -10.757445335 1.429441929 0.549051344 0.044766415 -0.191236675 0.812383592
1403638610527829504.000000 2.080068350 -10.732202530 1.428816319 0.549049616 0.048079275 -0.190661460 0.812330782
1403638610577829376.000000 2.051980972 -10.705398560 1.428512573 0.550347269 0.053305045 -0.187330708 0.811901271
1403638610627829504.000000 2.021010876 -10.711983681 1.441810608 0.552059591 0.059510540 -0.183542386 0.811172605
1403638610677829376.000000 1.991504431 -10.684758186 1.440733433 0.552885592 0.061187647 -0.181719691 0.810895562
1403638610727829504.000000 1.961435556 -10.659124374 1.439792156 0.552341342 0.057976328 -0.183954552 0.810998559
1403638610777829376.000000 1.933457375 -10.626190186 1.438100338 0.552004397 0.052078530 -0.185990602 0.811163723
1403638610827829504.000000 1.906897545 -10.592730522 1.436341286 0.551248789 0.045375586 -0.189224631 0.811332226
1403638610877829376.000000 1.890226364 -10.531183243 1.433310986 0.550836682 0.041035186 -0.191755414 0.811249077
1403638610927829504.000000 1.870701313 -10.491698265 1.430430412 0.551247954 0.039618123 -0.192301065 0.810910881
1403638610977829376.000000 1.852297544 -10.450895309 1.427523613 0.551485419 0.039730653 -0.191835552 0.810854197
1403638611027829504.000000 1.833706856 -10.408760071 1.425199032 0.552595198 0.040846404 -0.189334095 0.810631156
1403638611077829376.000000 1.814620495 -10.365095139 1.423713207 0.553227007 0.043792911 -0.188399598 0.810263932
1403638611127829504.000000 1.790205479 -10.324513435 1.427548885 0.554344177 0.044677157 -0.186800942 0.809822202
1403638611177829376.000000 1.767683983 -10.279890060 1.427980423 0.554617286 0.044624366 -0.187610418 0.809450924
1403638611227829504.000000 1.745003939 -10.236028671 1.429050446 0.554691851 0.045015141 -0.187812775 0.809331238
1403638611277829376.000000 1.724057674 -10.189445496 1.430321693 0.554620564 0.044936925 -0.188760951 0.809163809
1403638611327829504.000000 1.704470158 -10.141524315 1.431751251 0.553628862 0.046149295 -0.191193774 0.809203565
1403638611377829376.000000 1.683141947 -10.105295181 1.434327126 0.551593244 0.049786977 -0.195698529 0.809301138
1403638611427829504.000000 1.672313929 -10.022121429 1.431339264 0.548811316 0.055438321 -0.202384740 0.809180558
1403638611477829376.000000 1.657578468 -9.966968536 1.429901123 0.546145797 0.058724634 -0.208394438 0.809226811
1403638611527829504.000000 1.643956423 -9.910586357 1.426941395 0.543655753 0.061519150 -0.213781759 0.809290648
1403638611577829376.000000 1.631071806 -9.853226662 1.422215939 0.541593611 0.060794491 -0.217527226 0.809729815
1403638611627829504.000000 1.613795519 -9.764915466 1.410056114 0.540850163 0.059549429 -0.218822151 0.809970379
1403638611677829376.000000 1.601496220 -9.707848549 1.401804924 0.540588140 0.057504814 -0.218964055 0.810254574
1403638611727829504.000000 1.588582993 -9.647874832 1.393313885 0.541433632 0.052767273 -0.216641277 0.810636640
1403638611777829376.000000 1.573807001 -9.589112282 1.384685040 0.542879701 0.047576644 -0.212844715 0.810996532
1403638611827829504.000000 1.557413340 -9.529829025 1.376286507 0.543925703 0.042765602 -0.209462538 0.811444044
1403638611877829376.000000 1.539757013 -9.470238686 1.368332386 0.544672608 0.038023524 -0.206904948 0.811835229
1403638611927829504.000000 1.521292448 -9.410458565 1.361016273 0.544970751 0.034851599 -0.204949558 0.812273383
1403638611977829376.000000 1.502203703 -9.350824356 1.354178429 0.545422435 0.032365777 -0.203653738 0.812398970
1403638612027829504.000000 1.483751535 -9.291275978 1.347629547 0.545375824 0.030300904 -0.202931285 0.812690616
1403638612077829376.000000 1.467161179 -9.231768608 1.340802193 0.544716299 0.029473383 -0.203976095 0.812901795
1403638612127829504.000000 1.445165396 -9.104364395 1.318450928 0.545708776 0.027278498 -0.200970829 0.813061297
1403638612177829376.000000 1.431840181 -9.046175003 1.310534000 0.545180678 0.027539672 -0.202014461 0.813148081
1403638612227829504.000000 1.419468164 -8.996540070 1.303393841 0.545178592 0.026641076 -0.201714739 0.813253820
1403638612277829376.000000 1.414884806 -8.925686836 1.295125008 0.545178115 0.027723987 -0.201177955 0.813350856
1403638612327829504.000000 1.408902645 -8.866294861 1.287291527 0.544729471 0.027481485 -0.202091441 0.813433290
1403638612377829376.000000 1.403684855 -8.806946754 1.279730797 0.544113159 0.029060218 -0.202488124 0.813692212
1403638612427829504.000000 1.397784472 -8.747382164 1.272912025 0.543892801 0.029934183 -0.202252358 0.813866496
1403638612477829376.000000 1.390706301 -8.687657356 1.267269611 0.543211341 0.032028023 -0.202127084 0.814272940
1403638612527829504.000000 1.382069826 -8.627477646 1.262638092 0.542233050 0.034648433 -0.203054845 0.814586818
1403638612577829376.000000 1.371975422 -8.566955566 1.258949757 0.541215479 0.037044771 -0.203925684 0.814940393
1403638612627829504.000000 1.351650953 -8.401045799 1.231485844 0.539486229 0.038988844 -0.207071930 0.815202832
1403638612677829376.000000 1.337430000 -8.343938828 1.228556633 0.538132310 0.041849356 -0.209028959 0.815456450
1403638612727829504.000000 1.321367264 -8.292604446 1.226383209 0.536878109 0.043562174 -0.210290477 0.815868914
1403638612777829376.000000 1.303731918 -8.245626450 1.225018978 0.535818279 0.045125782 -0.210567027 0.816409171
1403638612827829504.000000 1.292983055 -8.159105301 1.222258568 0.535072505 0.046919644 -0.209114373 0.817170262
1403638612877829376.000000 1.277613640 -8.097688675 1.218488693 0.534665585 0.048571289 -0.208000094 0.817624390
1403638612927829504.000000 1.262780428 -8.036233902 1.213597775 0.534614444 0.048767496 -0.206469387 0.818033993
1403638612977829376.000000 1.248576522 -7.974605560 1.207686901 0.534316182 0.048420489 -0.205801472 0.818417609
1403638613027829504.000000 1.235986114 -7.913383007 1.200461864 0.533913493 0.045336340 -0.205903977 0.818831205
1403638613077829376.000000 1.225414634 -7.851437569 1.191402435 0.534106433 0.044109941 -0.204780534 0.819054127
1403638613127829504.000000 1.205656648 -7.646910667 1.146810055 0.533632100 0.043098088 -0.205317482 0.819282651
1403638613177829376.000000 1.196861386 -7.586367130 1.135025024 0.533712864 0.040276408 -0.205259502 0.819388151
1403638613227829504.000000 1.190018177 -7.529129028 1.122852325 0.533718646 0.040388100 -0.205348611 0.819356620
1403638613277829376.000000 1.183214903 -7.475718021 1.109253407 0.533483207 0.039797872 -0.206151381 0.819337189
1403638613327829504.000000 1.178104043 -7.331633568 1.079383373 0.532772899 0.039507013 -0.206344262 0.819764853
1403638613377829376.000000 1.175785303 -7.269909859 1.064503193 0.532603085 0.040558353 -0.206752390 0.819721043
1403638613427829504.000000 1.172403216 -7.208313465 1.049726009 0.532492816 0.040729117 -0.207096279 0.819697380
1403638613477829376.000000 1.167995095 -7.146862507 1.035242081 0.532548904 0.041815460 -0.205477804 0.820013463
1403638613527829504.000000 1.162095308 -7.085456371 1.021366596 0.531589210 0.042631004 -0.203527033 0.821080029
1403638613577829376.000000 1.154531837 -7.024324417 1.008260250 0.529652357 0.042858858 -0.202284530 0.822625399
1403638613627829504.000000 1.138213754 -6.850314140 0.966438293 0.529864490 0.042864356 -0.197463244 0.823659241
1403638613677829376.000000 1.127361417 -6.767074108 0.946295738 0.529435217 0.043806739 -0.194598153 0.824567080
1403638613727829504.000000 1.114932418 -6.682880402 0.926460743 0.529747188 0.046643522 -0.189538702 0.825389266
1403638613777829376.000000 1.100719571 -6.597373486 0.907376051 0.528653741 0.048656408 -0.185847834 0.826812208
1403638613827829504.000000 1.084755063 -6.510293007 0.889134884 0.525786698 0.050553393 -0.183355525 0.829079926
1403638613877829376.000000 1.067028999 -6.421625614 0.871752262 0.521917164 0.051555321 -0.180685848 0.832044005
1403638613927829504.000000 1.048185825 -6.331462860 0.854666710 0.516720474 0.051810399 -0.178887695 0.835652411
1403638613977829376.000000 1.028368592 -6.239409447 0.837864637 0.510345817 0.051436938 -0.176725179 0.840041518
1403638614027829504.000000 1.007343650 -6.145734787 0.821326733 0.502428353 0.051880162 -0.175836235 0.844959021
1403638614077829376.000000 0.985287309 -6.051139832 0.805106401 0.494315773 0.050899744 -0.173529863 0.850263774
1403638614127829504.000000 0.952544689 -5.977826118 0.810982466 0.485095859 0.049801558 -0.172407880 0.855848968
1403638614177829376.000000 0.930712819 -5.880455971 0.793779612 0.475683182 0.047803573 -0.171173349 0.861475527
1403638614227829504.000000 0.910379767 -5.782039642 0.775412560 0.466950238 0.046777140 -0.168903157 0.866741657
1403638614277829376.000000 0.890564501 -5.682749271 0.756036758 0.459556550 0.044935510 -0.166157201 0.871309578
1403638614327829504.000000 0.871541977 -5.583127975 0.735847235 0.452851176 0.043759663 -0.165099323 0.875073254
1403638614377829376.000000 0.854222536 -5.482837677 0.714352131 0.447438002 0.042168830 -0.163179740 0.878290117
1403638614427829504.000000 0.838821590 -5.382409096 0.691653490 0.443332672 0.040999595 -0.160069570 0.880995393
1403638614477829376.000000 0.825238228 -5.281105518 0.667664528 0.439818174 0.039925456 -0.157787696 0.883215129
1403638614527829504.000000 0.836995482 -4.972251892 0.540432811 0.436518013 0.040375512 -0.154426947 0.885423183
1403638614577829376.000000 0.803016186 -5.075850964 0.616788864 0.432152182 0.037843648 -0.153119579 0.887900174
1403638614627829504.000000 0.783812582 -5.004179478 0.614031911 0.428253233 0.037076030 -0.148881927 0.890538514
1403638614677829376.000000 0.777316153 -4.900761604 0.587747216 0.423278242 0.035612561 -0.145085797 0.893598020
1403638614727829504.000000 0.773260832 -4.796612263 0.560917735 0.418728709 0.031513799 -0.138671353 0.896907747
1403638614777829376.000000 0.771034122 -4.690841675 0.533308864 0.412897527 0.026310319 -0.132853448 0.900651693
1403638614827829504.000000 0.770616412 -4.583443165 0.505105972 0.405348033 0.022364538 -0.127814770 0.904906690
1403638614877829376.000000 0.772186518 -4.474873543 0.476733685 0.397217095 0.017055389 -0.122945271 0.909292102
1403638614927829504.000000 0.776296675 -4.365855694 0.449349523 0.387103856 0.015694946 -0.119363524 0.914142609
1403638614977829376.000000 0.781828046 -4.256174088 0.422986507 0.376279801 0.013312515 -0.114424624 0.919316769
1403638615027829504.000000 0.788768411 -4.144930363 0.397135019 0.364170164 0.013209463 -0.110259838 0.924688280
1403638615077829376.000000 0.797047019 -4.032611370 0.372053802 0.350490123 0.014341854 -0.106930330 0.930331647
1403638615127829504.000000 0.822123826 -3.956983566 0.350008488 0.335255146 0.013277967 -0.103587233 0.936321259
1403638615177829376.000000 0.833009958 -3.853533030 0.323675692 0.321103394 0.019495796 -0.099957302 0.941552460
1403638615227829504.000000 0.845053315 -3.740205288 0.300550818 0.304899633 0.024363598 -0.098974846 0.946914256
1403638615277829376.000000 0.857283354 -3.626572132 0.277732581 0.289293885 0.028934695 -0.095327094 0.952042401
1403638615327829504.000000 0.863648832 -3.502875805 0.249240190 0.272943854 0.030795062 -0.091177747 0.957204282
1403638615377829376.000000 0.873726904 -3.389179230 0.229031712 0.257374078 0.033167396 -0.086157739 0.961891592
1403638615427829504.000000 0.882731795 -3.275402069 0.209301814 0.242140055 0.035862967 -0.080700338 0.966214061
1403638615477829376.000000 0.890350580 -3.161617517 0.190017059 0.226860076 0.037569825 -0.075444229 0.970273852
1403638615527829504.000000 0.890090168 -3.046258926 0.154209167 0.212173671 0.037895866 -0.070107378 0.973977089
1403638615577829376.000000 0.894982338 -2.933694839 0.134499535 0.199785456 0.038994815 -0.064512260 0.976935744
1403638615627829504.000000 0.898716152 -2.820905209 0.114730045 0.188648447 0.039768815 -0.060788471 0.979354382
1403638615677829376.000000 0.902193546 -2.708440542 0.094345838 0.179503441 0.039900549 -0.057289053 0.981276989
1403638615727829504.000000 0.901611149 -2.595372200 0.059799738 0.171963990 0.039948374 -0.054003891 0.982810378
1403638615777829376.000000 0.908489764 -2.482687473 0.036510512 0.166065603 0.040015366 -0.051179796 0.983972430
1403638615827829504.000000 0.917004406 -2.369544506 0.011521932 0.160526916 0.040036317 -0.048658390 0.985018134
1403638615877829376.000000 0.925990760 -2.256014824 -0.014690015 -0.155384302 -0.039658424 0.044223595 -0.986066580
1403638615927829504.000000 0.928458691 -2.148433924 -0.050710615 0.149343908 0.040049974 -0.040988509 0.987123311
1403638615977829376.000000 0.936032355 -2.039723635 -0.079257727 0.145331889 0.038831998 -0.038670149 0.987864077
1403638616027829504.000000 0.942670286 -1.926465869 -0.106698968 0.138651624 0.039352939 -0.035890695 0.988907993
1403638616077829376.000000 0.947294176 -1.812715888 -0.134019151 0.131326541 0.039561164 -0.033293411 0.989989877
1403638616127829504.000000 0.941154957 -1.699940562 -0.162757516 0.121231213 0.039413400 -0.030414518 0.991375148
1403638616177829376.000000 0.939251125 -1.590074301 -0.188700631 0.115745850 0.038808625 -0.027067587 0.992151320
1403638616227829504.000000 0.933435440 -1.475754380 -0.212838411 0.106928498 0.038414165 -0.022504242 0.993269503
1403638616277829376.000000 0.923748910 -1.360796928 -0.235400528 0.096991725 0.038328249 -0.017717682 0.994389057
1403638616327829504.000000 0.907516301 -1.241309047 -0.267275035 0.083657622 0.034223732 -0.016502528 0.995769978
1403638616377829376.000000 0.890227735 -1.130985379 -0.289576560 0.075384937 0.034246288 -0.012219097 0.996491373
1403638616427829504.000000 0.871227980 -1.016023755 -0.310685843 0.065105535 0.033795845 -0.008059656 0.997273445
1403638616477829376.000000 0.851069987 -0.901155889 -0.331862718 0.056620881 0.033290830 -0.003084571 0.997835815
1403638616527829504.000000 0.833410442 -0.780441523 -0.345394015 -0.046160839 -0.032183472 0.000050144 -0.998415470
1403638616577829376.000000 0.817255616 -0.653573036 -0.394010782 0.039622962 0.027886936 0.000824006 0.998825192
1403638616627829504.000000 0.795279860 -0.545160711 -0.414085984 0.036126252 0.024168704 0.002805293 0.999051034
1403638616677829376.000000 0.772849917 -0.431288183 -0.433809519 0.031563364 0.018861834 0.004936019 0.999311626
1403638616727829504.000000 0.749218702 -0.317411870 -0.452839077 0.028994102 0.010723867 0.009209345 0.999479651
1403638616777829376.000000 0.735130489 -0.181580767 -0.491651118 0.025771784 0.001129424 0.013940504 0.999570072
1403638616827829504.000000 0.710798919 -0.073223375 -0.509384692 0.028105481 -0.005803501 0.018712647 0.999412954
1403638616877829376.000000 0.687658727 0.039481405 -0.526049793 0.027630523 -0.010510624 0.021380389 0.999334335
1403638616927829504.000000 0.667345405 0.153261766 -0.542225540 0.026642906 -0.009979173 0.020998375 0.999374628
1403638616977829376.000000 0.670449674 0.299560785 -0.565909803 0.021549281 -0.007167224 0.014477840 0.999637306
1403638617027829504.000000 0.657528877 0.410759121 -0.580500185 0.023217836 -0.003758160 0.011411007 0.999658227
1403638617077829376.000000 0.646949530 0.525652409 -0.595579982 0.022622891 0.000124690 0.007799551 0.999713659
1403638617127829504.000000 0.639116824 0.640860856 -0.610763609 0.021376295 0.004177208 0.002241158 0.999760270
1403638617177829376.000000 0.658989072 0.790348411 -0.619523168 0.018350296 0.006676765 -0.002503084 0.999806225
1403638617227829504.000000 0.653887808 0.903303146 -0.637054205 0.020134503 0.005556948 -0.006004598 0.999763846
1403638617277829376.000000 0.650124848 1.017874122 -0.654213965 0.021098355 0.002803797 -0.007653148 0.999744236
1403638617327829504.000000 0.648011804 1.132130504 -0.671213031 0.022061301 -0.000017932 -0.008345919 0.999721825
1403638617377829376.000000 0.647539973 1.245901465 -0.688130021 0.022528946 -0.004320464 -0.010269926 0.999684155
1403638617427829504.000000 0.649499357 1.358894587 -0.705109775 0.023078378 -0.007263727 -0.012165301 0.999633312
1403638617477829376.000000 0.653527260 1.471159816 -0.722167015 0.024151467 -0.009151240 -0.013078691 0.999580860
1403638617527829504.000000 0.659796715 1.582720399 -0.738754690 0.024802739 -0.010283535 -0.014969173 0.999527395
1403638617577829376.000000 0.747879148 1.714543581 -0.709648192 0.024269080 -0.010083625 -0.015626704 0.999532521
1403638617627829504.000000 0.762428701 1.802763581 -0.712751746 0.026590940 -0.008503653 -0.016935881 0.999466836
1403638617677829376.000000 0.776698828 1.904410362 -0.726311386 0.027701342 -0.006608857 -0.019042980 0.999413013
1403638617727829504.000000 0.792869925 2.007689953 -0.738177180 0.027931385 -0.004905833 -0.021337299 0.999370098
1403638617777829376.000000 0.842299163 2.174016714 -0.713507116 0.024141844 -0.002948448 -0.022111487 0.999459624
1403638617827829504.000000 0.861595392 2.279248714 -0.726702034 0.025297569 -0.003572526 -0.024619378 0.999370456
1403638617877829376.000000 0.883140743 2.384634495 -0.739605844 0.026205141 -0.002357061 -0.025492644 0.999328732
1403638617927829504.000000 0.906107187 2.488887548 -0.752287567 0.027168430 -0.001329981 -0.024608608 0.999327004
1403638617977829376.000000 0.978346407 2.584306955 -0.712365627 0.026045622 0.000051936 -0.025038188 0.999347210
1403638618027829504.000000 1.001172304 2.685603619 -0.723608971 0.027590545 0.000479769 -0.025394201 0.999296665
1403638618077829376.000000 1.022835016 2.786999702 -0.733369410 0.028395895 0.001129126 -0.025675403 0.999266326
1403638618127829504.000000 1.042859554 2.887732983 -0.741806567 0.029561300 0.000301376 -0.024682017 0.999258161
1403638618177829376.000000 1.110604882 2.964236975 -0.680055141 0.028596913 0.001562018 -0.024072628 0.999299943
1403638618227829504.000000 1.129837990 3.062736750 -0.686604142 0.030172450 0.001924397 -0.024920451 0.999232173
1403638618277829376.000000 1.147835970 3.161624670 -0.692107201 0.030483317 0.002025220 -0.025619000 0.999204874
1403638618327829504.000000 1.198575616 3.228382111 -0.634142220 0.028492969 0.003715467 -0.025343642 0.999265790
1403638618377829376.000000 1.216387153 3.325624704 -0.638017654 0.029420419 0.004000741 -0.025328584 0.999238193
1403638618427829504.000000 1.233953476 3.422392368 -0.641105592 0.029706720 0.004187433 -0.026129339 0.999208331
1403638618477829376.000000 1.251031160 3.518352270 -0.643580258 0.030378230 0.003944576 -0.026283648 0.999185085
1403638618527829504.000000 1.298872590 3.609510899 -0.665774226 0.031559534 0.004307436 -0.027716151 0.999108315
1403638618577829376.000000 1.317969441 3.703401327 -0.666290283 0.031257704 0.005085291 -0.028549371 0.999090672
1403638618627829504.000000 1.336857796 3.797366142 -0.665733397 0.029058846 0.005204367 -0.027645813 0.999181807
1403638618677829376.000000 1.355863094 3.890651226 -0.664801896 0.026420111 0.005385657 -0.028098544 0.999241412
1403638618727829504.000000 1.418043613 3.851483822 -0.451192111 0.020918755 0.007318389 -0.024755605 0.999447882
1403638618777829376.000000 1.441371083 3.942055464 -0.449650049 0.019845359 0.008331125 -0.023469582 0.999492943
1403638618827829504.000000 1.466049910 4.032118320 -0.448107779 0.018512364 0.009484162 -0.021989480 0.999541819
1403638618877829376.000000 1.492487669 4.121559620 -0.446991056 0.015636662 0.011426956 -0.022174839 0.999566495
1403638618927829504.000000 1.544637680 4.110133648 -0.333828032 0.009537959 0.015092799 -0.017186293 0.999692917
1403638618977829376.000000 1.572528601 4.195916653 -0.327992082 0.004044799 0.019323288 -0.014887832 0.999694288
1403638619027829504.000000 1.598521352 4.281345844 -0.321100771 -0.003408469 0.022380827 -0.012091382 0.999670565
1403638619077829376.000000 1.622601390 4.366294384 -0.313615203 -0.013205915 0.024589751 -0.009641770 0.999563992
1403638619127829504.000000 1.660467386 4.331298351 -0.197319850 -0.025035396 0.027625069 -0.003661613 0.999298155
1403638619177829376.000000 1.683276534 4.412006855 -0.185525477 -0.035602786 0.028989136 0.001607503 0.998944223
1403638619227829504.000000 1.704600334 4.492074490 -0.173037633 -0.047795065 0.031162120 0.007371601 0.998343766
1403638619277829376.000000 1.723780632 4.571408272 -0.159861669 -0.060421772 0.031905532 0.014382065 0.997559249
1403638619327829504.000000 1.748323441 4.607652664 -0.145141348 -0.074901819 0.032866854 0.019858558 0.996451318
1403638619377829376.000000 1.763901591 4.680376530 -0.130450889 -0.086026043 0.034315463 0.026598686 0.995346427
1403638619427829504.000000 1.778544188 4.753485680 -0.116061166 -0.096926592 0.035591517 0.032876305 0.994111538
1403638619477829376.000000 1.792721510 4.825378895 -0.101603240 -0.106512308 0.036374304 0.038811244 0.992887616
1403638619527829504.000000 1.796762586 4.684359074 0.115699016 -0.118215442 0.037903022 0.047668036 0.991118670
1403638619577829376.000000 1.810709357 4.751610756 0.130523130 -0.123647355 0.038477406 0.052598316 0.990183949
1403638619627829504.000000 1.823737621 4.818866253 0.145277351 -0.127769917 0.039046109 0.059545718 0.989244461
1403638619677829376.000000 1.836174011 4.885548592 0.160147503 -0.129496887 0.040597536 0.068560623 0.988373339
1403638619727829504.000000 1.853568792 4.925825119 0.175459206 -0.132516667 0.040252041 0.074750178 0.987538159
1403638619777829376.000000 1.865506172 4.988598824 0.191646680 -0.132512972 0.041878857 0.080264553 0.987038076
1403638619827829504.000000 1.876855016 5.052452564 0.207138330 -0.133839712 0.042818557 0.083994724 0.986508191
1403638619877829376.000000 1.887461782 5.116806030 0.221853495 -0.135617495 0.043665498 0.085961707 0.986058772
1403638619927829504.000000 1.861152172 4.955553532 0.432163984 -0.140635997 0.043458112 0.090109639 0.984994054
1403638619977829376.000000 1.869372845 5.016992569 0.446485847 -0.141021699 0.043300074 0.090789296 0.984883428
1403638620027829504.000000 1.877300024 5.077381134 0.460964918 -0.140619293 0.044525664 0.091088071 0.984858751
1403638620077829376.000000 1.886195779 5.140446663 0.472842485 -0.141568288 0.046773400 0.091485702 0.984581709
1403638620127829504.000000 1.879354358 5.097742081 0.570135415 -0.146797240 0.049086288 0.088769607 0.983951807
1403638620177829376.000000 1.890293241 5.158749104 0.576517165 -0.146962956 0.051942252 0.087841094 0.983863771
1403638620227829504.000000 1.902055740 5.218072891 0.581922472 -0.145792007 0.052551728 0.087745510 0.984014153
1403638620277829376.000000 1.914865613 5.278852463 0.584172189 -0.146346346 0.050750706 0.085910283 0.984188318
1403638620327829504.000000 1.924889207 5.343565941 0.689489663 -0.150780395 0.050215911 0.082549222 0.983833969
1403638620377829376.000000 1.941159487 5.403862476 0.687478900 -0.149837866 0.048922330 0.081918456 0.984095871
1403638620427829504.000000 1.958526731 5.462157726 0.685015559 -0.148178682 0.048398837 0.080961749 0.984452069
1403638620477829376.000000 1.976239681 5.520517826 0.680594027 -0.146994755 0.047137879 0.080038652 0.984766126
1403638620527829504.000000 1.962978363 5.409987926 0.759057879 -0.150368527 0.046955314 0.078126080 0.984419107
1403638620577829376.000000 1.979372025 5.467521667 0.754117548 -0.148435414 0.045596331 0.078345403 0.984758854
1403638620627829504.000000 1.994105339 5.523401260 0.750322700 -0.145998791 0.043408722 0.079064287 0.985164404
1403638620677829376.000000 2.007189512 5.577895641 0.747526705 -0.143376082 0.041233953 0.080390081 0.985535681
1403638620727829504.000000 2.018753052 5.634327888 0.742942452 -0.141845286 0.037946831 0.081845589 0.985769331
1403638620777829376.000000 2.029321194 5.690742970 0.738475800 -0.140578181 0.035646275 0.082407363 0.985989928
1403638620827829504.000000 2.003794670 5.651183128 0.868903756 -0.143697575 0.033686962 0.080180280 0.985792816
1403638620877829376.000000 2.017250776 5.712014675 0.863674879 -0.143256664 0.031271454 0.076025285 0.986265540
1403638620927829504.000000 2.029170275 5.770416260 0.861095726 -0.141695946 0.030691184 0.072883122 0.986746371
1403638620977829376.000000 2.039861917 5.826782703 0.860484302 -0.140817940 0.030433793 0.069180861 0.987146497
1403638621027829504.000000 2.008707285 5.813937187 0.934375882 -0.145194769 0.033904631 0.064959846 0.986685991
1403638621077829376.000000 2.020091057 5.873841763 0.929886580 -0.144156992 0.034930166 0.062405046 0.986967266
1403638621127829504.000000 2.031939507 5.931120872 0.926081300 -0.141536996 0.035629544 0.062717743 0.987301588
1403638621177829376.000000 2.046327829 5.989078999 0.920210183 -0.140423432 0.037002228 0.061973523 0.987457037
1403638621227829504.000000 2.062802792 6.046604633 0.913912416 -0.139637858 0.038830377 0.061046656 0.987555981
1403638621277829376.000000 2.081398964 6.103654385 0.907017469 -0.139148459 0.039634690 0.059797190 0.987669587
1403638621327829504.000000 2.031450033 6.038260460 1.018118501 -0.142065659 0.039680790 0.057312183 0.987399697
1403638621377829376.000000 2.050212383 6.095050335 1.013601422 -0.140374675 0.039195724 0.056066308 0.987732351
1403638621427829504.000000 2.066358089 6.148762226 1.011973143 -0.138207689 0.040897008 0.056190271 0.987961948
1403638621477829376.000000 2.080223799 6.199510574 1.012749553 -0.137188748 0.041385099 0.054528430 0.988176703
1403638621527829504.000000 2.091497421 6.246971130 1.019460917 -0.135066420 0.043395195 0.053989384 0.988412440
1403638621577829376.000000 2.052777767 6.213190079 1.085444212 -0.139664412 0.047640197 0.052510362 0.987657309
1403638621627829504.000000 2.063367367 6.266577721 1.082282543 -0.137976915 0.048822623 0.052607734 0.987831533
1403638621677829376.000000 2.071587324 6.317030430 1.081231833 -0.136055633 0.048427369 0.052432414 0.988126814
1403638621727829504.000000 2.077521086 6.364056587 1.083368421 -0.134795010 0.049138922 0.052095432 0.988282204
1403638621777829376.000000 2.081664085 6.409109592 1.086595178 -0.133757845 0.050013699 0.051280033 0.988421917
1403638621827829504.000000 2.040134668 6.367794037 1.150171399 -0.138980612 0.055109862 0.049555328 0.987517953
1403638621877829376.000000 2.044232607 6.418156147 1.145660281 -0.137880087 0.057979330 0.048617098 0.987554550
1403638621927829504.000000 2.046364307 6.465508461 1.142384052 -0.136585787 0.059838936 0.048161179 0.987645805
1403638621977829376.000000 2.047188044 6.510554790 1.139034867 -0.135360137 0.061124086 0.048423372 0.987723053
1403638622027829504.000000 2.045562267 6.551918507 1.137042165 -0.133694738 0.061241604 0.049108513 0.987908661
1403638622077829376.000000 1.997251987 6.500160217 1.199239135 -0.138250902 0.063489653 0.049668439 0.987111390
1403638622127829504.000000 1.992491484 6.542695522 1.194729924 -0.136354834 0.061914336 0.051786270 0.987366259
1403638622177829376.000000 1.986559391 6.582476616 1.190396428 -0.134332210 0.060636170 0.053406544 0.987636566
1403638622227829504.000000 1.980924129 6.619759083 1.185336709 -0.133145705 0.060006686 0.054876328 0.987755120
1403638622277829376.000000 1.975741863 6.653881073 1.180404186 -0.131329492 0.060272213 0.057159569 0.987852573
1403638622327829504.000000 1.936003923 6.609216690 1.223302007 -0.135547966 0.061560385 0.057302151 0.987194836
1403638622377829376.000000 1.931117058 6.646281719 1.213291407 -0.135223866 0.060354799 0.056761481 0.987344921
1403638622427829504.000000 1.927607059 6.680904865 1.201508880 -0.135131240 0.059125546 0.055629615 0.987496376
1403638622477829376.000000 1.925479412 6.713847160 1.187849522 -0.135450020 0.058330085 0.053762060 0.987603486
1403638622527829504.000000 1.923623443 6.743573666 1.174010992 -0.135253817 0.058493633 0.053425901 0.987638950
1403638622577829376.000000 1.898076892 6.702014923 1.194717169 -0.140468746 0.059636164 0.050418429 0.987000585
1403638622627829504.000000 1.895649433 6.733817101 1.176831365 -0.140739202 0.062037013 0.048305947 0.986919701
1403638622677829376.000000 1.895126820 6.763076782 1.157027483 -0.140648618 0.065793224 0.047450859 0.986730814
1403638622727829504.000000 1.897399902 6.790376186 1.134486079 -0.140681922 0.074869208 0.045973275 0.986148953
1403638622777829376.000000 1.901575089 6.814210892 1.110255957 -0.140505537 0.083803393 0.045733467 0.985466182
1403638622827829504.000000 1.906041622 6.835252285 1.084584713 -0.140519336 0.089914210 0.045221578 0.984949172
1403638622877829376.000000 1.909638166 6.853939056 1.056465983 -0.140419051 0.090975948 0.044910051 0.984880209
1403638622927829504.000000 1.898288369 6.792657852 1.069768190 -0.144518331 0.090685569 0.046204809 0.984253943
1403638622977829376.000000 1.893864751 6.811379910 1.049918056 -0.144500151 0.085780025 0.047224205 0.984647930
1403638623027829504.000000 1.886926174 6.828335285 1.029024124 -0.143663079 0.080513455 0.049884737 0.985083759
1403638623077829376.000000 1.877645612 6.842394829 1.006708741 -0.143024877 0.074868567 0.051818144 0.985521972
1403638623127829504.000000 1.866247416 6.851197720 0.982089758 -0.141574830 0.070788123 0.055034000 0.985858500
1403638623177829376.000000 1.853444815 6.857390404 0.955599189 -0.139969468 0.068074174 0.057820361 0.986119390
1403638623227829504.000000 1.838552952 6.867254734 0.930292189 -0.139295653 0.065544903 0.059626006 0.986278534
1403638623277829376.000000 1.843611956 6.828130245 0.866469324 -0.140282035 0.061931167 0.060896005 0.986294687
1403638623327829504.000000 1.825115919 6.834783554 0.841392100 -0.139943972 0.059338730 0.061874554 0.986441195
1403638623377829376.000000 1.804987788 6.840809822 0.816040695 -0.139249131 0.057468202 0.063445300 0.986550510
1403638623427829504.000000 1.783700109 6.846234798 0.790328383 -0.140075117 0.054749176 0.061702877 0.986698747
1403638623477829376.000000 1.761660218 6.850636959 0.764174521 -0.139675766 0.054700080 0.062839121 0.986686349
1403638623527829504.000000 1.739745378 6.854338646 0.737185061 -0.139394298 0.053927369 0.063074134 0.986753643
1403638623577829376.000000 1.719082713 6.857122421 0.708531857 -0.140353382 0.054604493 0.061485678 0.986680746
1403638623627829504.000000 1.730859280 6.844449997 0.627822578 -0.141175270 0.054462172 0.060612526 0.986625373
1403638623677829376.000000 1.712885022 6.843275070 0.591152430 -0.141598165 0.053441074 0.060333397 0.986637712
1403638623727829504.000000 1.696496129 6.841476440 0.552712858 -0.142714843 0.053503480 0.059215713 0.986541092
1403638623777829376.000000 1.680639744 6.839030266 0.512430966 -0.143563569 0.051868796 0.058726523 0.986534536
1403638623827829504.000000 1.666281343 6.836192131 0.470061749 -0.144291908 0.052344501 0.057885896 0.986452818
1403638623877829376.000000 1.654317617 6.833784103 0.424622416 -0.145245090 0.050444070 0.057732310 0.986420929
1403638623927829504.000000 1.638866067 6.829251766 0.380876511 -0.146391511 0.049638126 0.057272397 0.986319184
1403638623977829376.000000 1.650154471 6.849379539 0.328111857 -0.146108717 0.046922699 0.057622470 0.986473620
1403638624027829504.000000 1.631453991 6.844043732 0.279778719 -0.147112906 0.047661930 0.058508333 0.986236751
1403638624077829376.000000 1.610766172 6.837316036 0.232144445 -0.147174016 0.047166999 0.060657665 0.986121595
1403638624127829504.000000 1.589576244 6.830768585 0.185041130 -0.147358283 0.047224838 0.062032249 0.986005843
1403638624177829376.000000 1.567539573 6.824546337 0.138707310 -0.147130132 0.047667731 0.064051874 0.985889435
1403638624227829504.000000 1.546081066 6.819134712 0.093209401 -0.147419870 0.047493346 0.065706216 0.985745668
1403638624277829376.000000 1.524693966 6.814137459 0.048034757 -0.147364616 0.048329979 0.067368113 0.985601127
1403638624327829504.000000 1.524541736 6.840517521 0.023112901 -0.145953536 0.046215415 0.068276539 0.985849977
1403638624377829376.000000 1.498035431 6.833852291 -0.026477359 -0.146815300 0.047114998 0.069273226 0.985609889
1403638624427829504.000000 1.469471931 6.826599121 -0.075845383 -0.147582650 0.047296457 0.069296390 0.985484838
1403638624477829376.000000 1.440753937 6.820046902 -0.124827005 -0.148832813 0.047711212 0.068682373 0.985319853
1403638624527829504.000000 1.411364913 6.813147545 -0.174027547 -0.148447812 0.052526519 0.072014317 0.984894991
1403638624577829376.000000 1.382704616 6.807482243 -0.222538859 -0.147843182 0.061242282 0.075705469 0.984205544
1403638624627829504.000000 1.352791905 6.802442551 -0.271458477 -0.147990882 0.068575270 0.075815976 0.983691096
1403638624677829376.000000 1.324561238 6.801030636 -0.318990767 -0.148406327 0.068800531 0.073057093 0.983821511
1403638624727829504.000000 1.325392365 6.834008694 -0.318061799 -0.146180093 0.064350240 0.068056270 0.984814107
1403638624777829376.000000 1.295233250 6.829419136 -0.373469979 -0.145795628 0.059547950 0.062091783 0.985567033
1403638624827829504.000000 1.266642690 6.823520184 -0.430738688 -0.144580662 0.054677080 0.057690047 0.986295462
1403638624877829376.000000 1.239761233 6.816742897 -0.490363419 -0.142947093 0.051273622 0.053993497 0.986925483
1403638624927829504.000000 1.214004278 6.809779167 -0.550477803 -0.139820606 0.048751149 0.054342795 0.987481892
1403638624977829376.000000 1.189601541 6.802932262 -0.611451447 -0.136242777 0.047264446 0.056008641 0.987961113
1403638625027829504.000000 1.166258216 6.796632290 -0.671600759 -0.133230239 0.047393601 0.056717973 0.988325179
1403638625077829376.000000 1.141359091 6.788857460 -0.732097447 -0.129643917 0.046675149 0.059229221 0.988689005
1403638625127829504.000000 1.146269321 6.817959309 -0.719103575 -0.125250265 0.046588160 0.061918199 0.989094615
1403638625177829376.000000 1.120193601 6.813386917 -0.777162552 -0.123418696 0.046035670 0.063118696 0.989274800
1403638625227829504.000000 1.092683196 6.808306694 -0.835272372 -0.121954896 0.045406006 0.063340358 0.989471197
1403638625277829376.000000 1.064842343 6.803709984 -0.892813683 -0.121129535 0.045271486 0.062858649 0.989609480
1403638625327829504.000000 1.036699295 6.799503326 -0.950048208 -0.120331384 0.045337640 0.062809750 0.989706993
1403638625377829376.000000 1.009260654 6.795764923 -1.007459402 -0.119827226 0.045332521 0.062562130 0.989784002
1403638625427829504.000000 0.983607650 6.792884827 -1.064980268 -0.119475603 0.045869928 0.062007241 0.989836752
1403638625477829376.000000 0.959575653 6.790401459 -1.123494983 -0.119009107 0.046407316 0.062792331 0.989818335
1403638625527829504.000000 0.958101749 6.808610439 -1.120005131 -0.118305996 0.046378829 0.061684761 0.989973545
1403638625577829376.000000 0.936114490 6.807761669 -1.179756165 -0.118321322 0.045732349 0.061853230 0.989991367
1403638625627829504.000000 0.916374683 6.807517529 -1.239683867 -0.118889384 0.043985438 0.061057441 0.990051866
1403638625677829376.000000 0.898761630 6.807542801 -1.299800873 -0.118637361 0.043021210 0.061579172 0.990092158
1403638625727829504.000000 0.881123424 6.807993889 -1.360042214 -0.118607417 0.038900297 0.062092774 0.990234077
1403638625777829376.000000 0.863200665 6.808572292 -1.419680357 -0.118519053 0.035056036 0.062806748 0.990343213
1403638625827829504.000000 0.844709754 6.809829712 -1.478140473 -0.118780032 0.031199638 0.063021861 0.990427315
1403638625877829376.000000 0.826088309 6.811875343 -1.535412788 -0.119159833 0.030374194 0.062793314 0.990421832
1403638625927829504.000000 0.806775331 6.814526558 -1.591746807 -0.119835116 0.029322935 0.062110052 0.990415156
1403638625977829376.000000 0.803312361 6.824875832 -1.581818700 -0.119752310 0.029503774 0.062109485 0.990419805
1403638626027829504.000000 0.781511962 6.828792095 -1.635961413 -0.119970784 0.027848892 0.062768482 0.990399778
1403638626077829376.000000 0.759008110 6.832952499 -1.688876033 -0.119628757 0.027051011 0.064384617 0.990359485
1403638626127829504.000000 0.736171842 6.837872505 -1.740300298 -0.119698517 0.026830718 0.065289438 0.990297854
1403638626177829376.000000 0.712706327 6.843339443 -1.790455937 -0.120143346 0.026199384 0.064582944 0.990307212
1403638626227829504.000000 0.688643456 6.849348545 -1.839341164 -0.120699018 0.027001305 0.063922852 0.990260839
1403638626277829376.000000 0.663974583 6.855592251 -1.887268543 -0.121845938 0.028734686 0.061916832 0.990199029
1403638626327829504.000000 0.639285564 6.862835884 -1.933819175 -0.123883784 0.030518509 0.057343829 0.990168214
1403638626377829376.000000 0.614651501 6.870177746 -1.979264259 -0.125581354 0.032342765 0.053344920 0.990120053
1403638626427829504.000000 0.595365107 6.873949051 -1.965611696 -0.126014039 0.034787185 0.050840970 0.990113914
1403638626477829376.000000 0.569451332 6.880605698 -2.008393764 -0.126109630 0.034889877 0.050191212 0.990131259
1403638626527829504.000000 0.543477416 6.887105942 -2.050311804 -0.126441360 0.032522995 0.048869073 0.990235686
1403638626577829376.000000 0.517917037 6.893037319 -2.091437340 -0.126238838 0.030795071 0.048982751 0.990311205
1403638626627829504.000000 0.492742836 6.898557663 -2.131837845 -0.125878364 0.028664874 0.050084047 0.990365922
1403638626677829376.000000 0.468722969 6.904081345 -2.171314240 -0.125540122 0.027306788 0.049916439 0.990455687
1403638626727829504.000000 0.445852071 6.908805370 -2.210021019 -0.124951743 0.023495376 0.051512338 0.990546107
1403638626777829376.000000 0.425188601 6.913779259 -2.247762680 -0.124426782 0.020101137 0.052571982 0.990631163
1403638626827829504.000000 0.407308787 6.918503284 -2.284557104 -0.124128468 0.017542072 0.053146996 0.990686536
1403638626877829376.000000 0.383687556 6.915422440 -2.287663698 -0.124065496 0.015909521 0.052383378 0.990762651
1403638626927829504.000000 0.370382816 6.920355797 -2.324479103 -0.123974212 0.014029582 0.052494187 0.990796626
1403638626977829376.000000 0.358677387 6.925029755 -2.360050678 -0.123560026 0.013997519 0.052908175 0.990826786
1403638627027829504.000000 0.347111613 6.929908276 -2.393974304 -0.123277068 0.013756794 0.052785888 0.990871966
1403638627077829376.000000 0.334972441 6.934612751 -2.426160574 -0.122752428 0.013739037 0.052994516 0.990926206
1403638627127829504.000000 0.322643965 6.939411640 -2.456403971 -0.122509785 0.014011819 0.053098120 0.990946829
1403638627177829376.000000 0.309676558 6.943938732 -2.484938145 -0.122066386 0.013806476 0.053375568 0.990989566
1403638627227829504.000000 0.296409339 6.948773384 -2.511744022 -0.121872298 0.014101116 0.053344760 0.991010964
1403638627277829376.000000 0.283221126 6.953763008 -2.536660910 -0.122432321 0.013721949 0.051609069 0.991039157
1403638627327829504.000000 0.259788096 6.950385094 -2.532457829 -0.122950390 0.015171885 0.049770299 0.991047919
1403638627377829376.000000 0.245397821 6.954998970 -2.555230618 -0.123158999 0.015892345 0.048723176 0.991062760
1403638627427829504.000000 0.230394915 6.959747791 -2.576353312 -0.123253226 0.015316543 0.048305642 0.991080523
1403638627477829376.000000 0.215771988 6.964478016 -2.595901012 -0.123118952 0.015096984 0.048373319 0.991097271
1403638627527829504.000000 0.201286644 6.968932152 -2.614111900 -0.123081125 0.015763024 0.048768774 0.991072237
1403638627577829376.000000 0.187041804 6.972715855 -2.630705595 -0.123845100 0.016978271 0.047457933 0.991020679
1403638627627829504.000000 0.173473448 6.976441383 -2.646019220 -0.124843962 0.019240549 0.045883648 0.990928113
1403638627677829376.000000 0.160076782 6.980071545 -2.660121679 -0.124984346 0.022174567 0.045897152 0.990848482
1403638627727829504.000000 0.146613076 6.982972145 -2.673097610 -0.125317484 0.024455104 0.045378026 0.990776658
1403638627777829376.000000 0.132957205 6.985471249 -2.684903383 -0.125847906 0.025309773 0.044314329 0.990736127
1403638627827829504.000000 0.117708564 6.981213570 -2.682242393 -0.126300007 0.027233720 0.044423714 0.990622699
1403638627877829376.000000 0.103609070 6.983013153 -2.693882227 -0.126753688 0.026871625 0.043740481 0.990604997
1403638627927829504.000000 0.089707971 6.984485626 -2.704648733 -0.126828060 0.025020769 0.043888249 0.990637422
1403638627977829376.000000 0.076163635 6.985642433 -2.714498997 -0.127142325 0.023277249 0.043480333 0.990657687
1403638628027829504.000000 0.063178644 6.986169815 -2.723988771 -0.127770156 0.022001386 0.043040201 0.990625203
1403638628077829376.000000 0.051224515 6.986283779 -2.732877731 -0.127998486 0.021062575 0.043031447 0.990616560
1403638628127829504.000000 0.039894443 6.985837936 -2.741197348 -0.128457785 0.020040799 0.043088980 0.990575790
1403638628177829376.000000 0.028992832 6.984779358 -2.748932600 -0.129090250 0.019688958 0.042788085 0.990513623
1403638628227829504.000000 0.019091519 6.983304977 -2.755675554 -0.129066378 0.019543160 0.043461382 0.990490377
1403638628277829376.000000 0.010170478 6.981343269 -2.761464834 -0.129541814 0.019040274 0.043263402 0.990446746
1403638628327829504.000000 0.008425787 6.971734047 -2.762392521 -0.129700243 0.018500200 0.044606641 0.990376651
1403638628377829376.000000 0.001940565 6.968026161 -2.767090797 -0.129583076 0.018345896 0.045237564 0.990366280
1403638628427829504.000000 -0.004193828 6.964008331 -2.770702600 -0.128597111 0.019177975 0.047681775 0.990364313
1403638628477829376.000000 -0.008029718 6.959481239 -2.773971796 -0.126900256 0.022889212 0.052418936 0.990265012
1403638628527829504.000000 -0.010907330 6.954887390 -2.777069092 -0.124750070 0.028942253 0.057763770 0.990082443
1403638628577829376.000000 -0.013674352 6.950559139 -2.780379295 -0.122987576 0.034963883 0.062047273 0.989849389
1403638628627829504.000000 -0.013664924 6.946229935 -2.783008814 -0.121833540 0.040221263 0.065578371 0.989564776
1403638628677829376.000000 -0.015701298 6.942617416 -2.786030769 -0.120415494 0.041454423 0.068727143 0.989473701
1403638628727829504.000000 -0.018134009 6.939888477 -2.789446354 -0.120673120 0.040896982 0.068425559 0.989486456
1403638628777829376.000000 -0.022046782 6.937922001 -2.792586088 -0.121553198 0.039496198 0.067117773 0.989525199
1403638628827829504.000000 -0.028298054 6.934094429 -2.798930407 -0.122808844 0.038501490 0.064824305 0.989562273
1403638628877829376.000000 -0.035228573 6.932941437 -2.801007032 -0.123923719 0.038786899 0.062434085 0.989565849
1403638628927829504.000000 -0.043080002 6.932404041 -2.802998781 -0.125124261 0.038774583 0.060347110 0.989544690
1403638628977829376.000000 -0.050875396 6.932107925 -2.805314779 -0.126357153 0.038086694 0.057182424 0.989602745
1403638629027829504.000000 -0.057350319 6.931441784 -2.807953596 -0.127347395 0.037452601 0.054641943 0.989643514
1403638629077829376.000000 -0.063560285 6.931106567 -2.810424566 -0.128439829 0.036505386 0.051643219 0.989698768
1403638629127829504.000000 -0.068021126 6.929979801 -2.813506603 -0.128713369 0.035500713 0.050354462 0.989766181
1403638629177829376.000000 -0.072489522 6.928750992 -2.816533566 -0.129287779 0.034691185 0.048576590 0.989808857
1403638629227829504.000000 -0.076059148 6.927075863 -2.819863796 -0.129269958 0.033895165 0.048090074 0.989862561
1403638629277829376.000000 -0.078521058 6.924968243 -2.823283195 -0.129328147 0.034252670 0.047532644 0.989869535
1403638629327829504.000000 -0.081259072 6.923387051 -2.826434135 -0.130146831 0.031863976 0.046981227 0.989868343
1403638629377829376.000000 -0.083815224 6.920761108 -2.828893900 -0.130224720 0.028248832 0.047133565 0.989960611
1403638629427829504.000000 -0.085975870 6.917785168 -2.831281185 -0.130202666 0.024674516 0.047728866 0.990030468
1403638629477829376.000000 -0.088045821 6.914339542 -2.833060741 -0.130055472 0.020191835 0.049006265 0.990089059
1403638629527829504.000000 -0.089493737 6.910746098 -2.834347963 -0.129352584 0.016188573 0.051086165 0.990149558
1403638629577829376.000000 -0.089787655 6.906754494 -2.834425449 -0.128691658 0.014588208 0.053029537 0.990158379
1403638629627829504.000000 -0.089403592 6.902599812 -2.833981276 -0.126362085 0.015199775 0.059459750 0.990083933
1403638629677829376.000000 -0.088198915 6.898789883 -2.833280087 -0.123963408 0.017465621 0.066110969 0.989928007
1403638629727829504.000000 -0.085777059 6.895037174 -2.832297087 -0.121996738 0.021480929 0.071689814 0.989704967
1403638629777829376.000000 -0.082954235 6.892441273 -2.830740213 -0.121099189 0.026631711 0.074630857 0.989472628
1403638629827829504.000000 -0.078931287 6.889753342 -2.827355146 -0.120611899 0.031301599 0.077074088 0.989208102
1403638629877829376.000000 -0.078402594 6.889234066 -2.824424505 -0.120752238 0.037216619 0.077511393 0.988951921
1403638629927829504.000000 -0.079873174 6.890031815 -2.820820808 -0.123229913 0.042195290 0.072420828 0.988832235
1403638629977829376.000000 -0.083706148 6.891661644 -2.816472054 -0.125985846 0.047484726 0.066219717 0.988679826
1403638630027829504.000000 -0.089769848 6.893547535 -2.812111378 -0.128160536 0.052883748 0.060827959 0.988472700
1403638630077829376.000000 -0.099080309 6.895425797 -2.807185650 -0.130044848 0.054102723 0.056420553 0.988421977
1403638630127829504.000000 -0.111043721 6.896945000 -2.801958323 -0.131056041 0.052597418 0.053304836 0.988542616
1403638630177829376.000000 -0.126034826 6.899099350 -2.794167042 0.131884232 -0.049823247 -0.050961640 -0.988699794
1403638630227829504.000000 -0.140657678 6.898104668 -2.791968346 -0.132180288 0.045753036 0.049896341 0.988911271
1403638630277829376.000000 -0.157678798 6.898193836 -2.786359549 -0.132335812 0.041926168 0.049587335 0.989075601
1403638630327829504.000000 -0.172222674 6.895420074 -2.775227308 -0.134208649 0.034298904 0.047884990 0.989201009
1403638630377829376.000000 -0.176956251 6.892483711 -2.770538807 -0.130226597 0.008166015 0.051129300 0.990131378
1403638630427829504.000000 -0.170524269 6.890492439 -2.767824888 -0.125536188 0.023591131 0.060880460 0.989938259
1403638630477829376.000000 -0.161983818 6.889449120 -2.765853405 -0.128347903 0.040496197 0.051411945 0.989567459
1403638630527829504.000000 -0.158452615 6.917547226 -2.761100054 0.128080875 -0.040800929 -0.049326848 -0.989695728
1403638630577829376.000000 -0.158963606 6.915641785 -2.755706549 0.127794474 -0.041225586 -0.051489037 -0.989604950
1403638630627829504.000000 -0.165418148 6.914351940 -2.748838663 0.128923550 -0.042047612 -0.049295358 -0.989535630
1403638630677829376.000000 -0.176497072 6.912991524 -2.741567135 0.124534182 -0.008833361 -0.048967551 -0.990966916
1403638630727829504.000000 -0.180168092 6.884862900 -2.739704847 -0.118714683 -0.001642767 0.048264325 0.991753399
1403638630777829376.000000 -0.175463200 6.883694649 -2.739428043 -0.124594994 -0.002213840 0.043303352 0.991259873
1403638630827829504.000000 -0.177839831 6.884186268 -2.742679834 -0.123318963 0.001973608 0.047657937 0.991220117
1403638630877829376.000000 -0.179746389 6.883419037 -2.744768620 -0.120990157 0.000511551 0.046915382 0.991544366
1403638630927829504.000000 -0.179182246 6.883337975 -2.745723009 -0.121468522 0.000873052 0.046681888 0.991496563
1403638630977829376.000000 -0.180688635 6.882519722 -2.748295069 -0.121224672 0.000591118 0.047072127 0.991508245
1403638631027829504.000000 -0.182715148 6.881367683 -2.751166821 -0.121159278 0.000442159 0.047191743 0.991510570
1403638631077829376.000000 -0.184557751 6.880673885 -2.754026890 -0.121460550 0.000510439 0.046286140 0.991516411
1403638631127829504.000000 -0.186300859 6.879485130 -2.756566763 -0.120935299 0.000349099 0.047723707 0.991512477
1403638631177829376.000000 -0.200475201 6.872925282 -2.765084743 0.121752791 -0.000585635 -0.046465017 -0.991472125
1403638631227829504.000000 -0.196968496 6.871086121 -2.763140917 -0.121338628 0.000510964 0.047464233 0.991475642
1403638631277829376.000000 -0.197733045 6.871179104 -2.765733719 -0.121715434 0.000491707 0.046548117 0.991472840
1403638631327829504.000000 -0.198044717 6.870633602 -2.765976191 -0.121328287 0.000754535 0.047584441 0.991470933
1403638631377829376.000000 -0.199063987 6.870218754 -2.768257380 -0.121569663 0.000387257 0.046901163 0.991474152
1403638631427829504.000000 -0.200337321 6.869254112 -2.770840406 -0.121380560 0.000776677 0.047371559 0.991474807
1403638631477829376.000000 -0.201492995 6.868439674 -2.773535013 -0.121471152 0.000522262 0.047276806 0.991468310
1403638631527829504.000000 -0.202526659 6.867658615 -2.776211262 -0.121428989 0.000607444 0.047454551 0.991464972
1403638631577829376.000000 -0.203503653 6.867189407 -2.778891325 -0.121382065 0.000594078 0.047418825 0.991472423
1403638631627829504.000000 -0.209109709 6.857789040 -2.785949945 0.121665336 -0.000377388 -0.047077958 -0.991454065
1403638631677829376.000000 -0.210113898 6.856028557 -2.788692474 0.121508233 -0.000462027 -0.047805659 -0.991438448
