[  0%] Building CXX object CMakeFiles/ORB_SLAM3_h15_f120_o8_purevis.dir/src/Tracking.cc.o
[ 14%] Building CXX object CMakeFiles/ORB_SLAM3_h15_f120_o8_purevis.dir/src/System.cc.o
In file included from /home/zlw/End2End/ORB_SLAM3/Thirdparty/DBoW2/DBoW2/FORB.h:17,
                 from /home/zlw/End2End/ORB_SLAM3/include/ORBVocabulary.h:23,
                 from /home/zlw/End2End/ORB_SLAM3/include/KeyFrame.h:26,
                 from /home/zlw/End2End/ORB_SLAM3/include/MapPoint.h:23,
                 from /home/zlw/End2End/ORB_SLAM3/include/FrameDrawer.h:24,
                 from /home/zlw/End2End/ORB_SLAM3/include/Viewer.h:23,
                 from /home/zlw/End2End/ORB_SLAM3/include/Tracking.h:26,
                 from /home/zlw/End2End/ORB_SLAM3/src/Tracking.cc:20:
/home/zlw/End2End/ORB_SLAM3/Thirdparty/DBoW2/DBoW2/FClass.h:35:16: warning: ‘virtual void DBoW2::FClass::meanValue(const std::vector<const TDescriptor*>&, TDescriptor&)’ was hidden [-Woverloaded-virtual=]
   35 |   virtual void meanValue(const std::vector<pDescriptor> &descriptors,
      |                ^~~~~~~~~
/home/zlw/End2End/ORB_SLAM3/Thirdparty/DBoW2/DBoW2/FORB.h:38:15: note:   by ‘static void DBoW2::FORB::meanValue(const std::vector<const cv::Mat*>&, TDescriptor&)’
   38 |   static void meanValue(const std::vector<pDescriptor> &descriptors,
      |               ^~~~~~~~~
In file included from /home/zlw/End2End/ORB_SLAM3/Thirdparty/DBoW2/DBoW2/FORB.h:17,
                 from /home/zlw/End2End/ORB_SLAM3/include/ORBVocabulary.h:23,
                 from /home/zlw/End2End/ORB_SLAM3/include/KeyFrame.h:26,
                 from /home/zlw/End2End/ORB_SLAM3/include/MapPoint.h:23,
                 from /home/zlw/End2End/ORB_SLAM3/include/FrameDrawer.h:24,
                 from /home/zlw/End2End/ORB_SLAM3/include/Viewer.h:23,
                 from /home/zlw/End2End/ORB_SLAM3/include/Tracking.h:26,
                 from /home/zlw/End2End/ORB_SLAM3/include/System.h:31,
                 from /home/zlw/End2End/ORB_SLAM3/src/System.cc:21:
/home/zlw/End2End/ORB_SLAM3/Thirdparty/DBoW2/DBoW2/FClass.h:35:16: warning: ‘virtual void DBoW2::FClass::meanValue(const std::vector<const TDescriptor*>&, TDescriptor&)’ was hidden [-Woverloaded-virtual=]
   35 |   virtual void meanValue(const std::vector<pDescriptor> &descriptors,
      |                ^~~~~~~~~
/home/zlw/End2End/ORB_SLAM3/Thirdparty/DBoW2/DBoW2/FORB.h:38:15: note:   by ‘static void DBoW2::FORB::meanValue(const std::vector<const cv::Mat*>&, TDescriptor&)’
   38 |   static void meanValue(const std::vector<pDescriptor> &descriptors,
      |               ^~~~~~~~~
In file included from /home/zlw/End2End/ORB_SLAM3/include/Frame.h:30,
                 from /home/zlw/End2End/ORB_SLAM3/include/KeyFrame.h:28:
/home/zlw/End2End/ORB_SLAM3/include/ImuTypes.h: In member function ‘void ORB_SLAM3::IMU::Preintegrated::printMeasurements() const’:
/home/zlw/End2End/ORB_SLAM3/include/ImuTypes.h:204:23: warning: comparison of integer expressions of different signedness: ‘int’ and ‘std::vector<ORB_SLAM3::IMU::Preintegrated::integrable>::size_type’ {aka ‘long unsigned int’} [-Wsign-compare]
  204 |         for(int i=0; i<mvMeasurements.size(); i++){
      |                      ~^~~~~~~~~~~~~~~~~~~~~~
In file included from /home/zlw/End2End/ORB_SLAM3/include/Frame.h:30,
                 from /home/zlw/End2End/ORB_SLAM3/include/KeyFrame.h:28:
/home/zlw/End2End/ORB_SLAM3/include/ImuTypes.h: In member function ‘void ORB_SLAM3::IMU::Preintegrated::printMeasurements() const’:
/home/zlw/End2End/ORB_SLAM3/include/ImuTypes.h:204:23: warning: comparison of integer expressions of different signedness: ‘int’ and ‘std::vector<ORB_SLAM3::IMU::Preintegrated::integrable>::size_type’ {aka ‘long unsigned int’} [-Wsign-compare]
  204 |         for(int i=0; i<mvMeasurements.size(); i++){
      |                      ~^~~~~~~~~~~~~~~~~~~~~~
In file included from /home/zlw/End2End/ORB_SLAM3/Thirdparty/g2o/g2o/types/types_six_dof_expmap.h:37,
                 from /home/zlw/End2End/ORB_SLAM3/include/Converter.h:26,
                 from /home/zlw/End2End/ORB_SLAM3/include/Frame.h:33:
/home/zlw/End2End/ORB_SLAM3/Thirdparty/g2o/g2o/types/../core/base_vertex.h: At global scope:
/home/zlw/End2End/ORB_SLAM3/Thirdparty/g2o/g2o/types/../core/base_vertex.h:62:74: warning: ‘Eigen::AlignedBit’ is deprecated [-Wdeprecated-declarations]
   62 |     typedef Eigen::Map<Matrix<double, D, D>, Matrix<double,D,D>::Flags & AlignedBit ? Aligned : Unaligned >  HessianBlockType;
      |                                                                          ^~~~~~~~~~
In file included from /usr/include/eigen3/Eigen/Core:161,
                 from /usr/include/eigen3/Eigen/LU:11,
                 from /home/zlw/End2End/ORB_SLAM3/Thirdparty/Sophus/sophus/so2.hpp:12,
                 from /home/zlw/End2End/ORB_SLAM3/Thirdparty/Sophus/sophus/se2.hpp:7,
                 from /home/zlw/End2End/ORB_SLAM3/Thirdparty/Sophus/sophus/geometry.hpp:7,
                 from /home/zlw/End2End/ORB_SLAM3/include/Frame.h:28:
/usr/include/eigen3/Eigen/src/Core/util/Constants.h:167:37: note: declared here
  167 | EIGEN_DEPRECATED const unsigned int AlignedBit = 0x80;
      |                                     ^~~~~~~~~~
In file included from /home/zlw/End2End/ORB_SLAM3/Thirdparty/g2o/g2o/types/types_six_dof_expmap.h:38:
/home/zlw/End2End/ORB_SLAM3/Thirdparty/g2o/g2o/types/../core/base_binary_edge.h:59:82: warning: ‘Eigen::AlignedBit’ is deprecated [-Wdeprecated-declarations]
   59 |       typedef Eigen::Map<Matrix<double, Di, Dj>, Matrix<double, Di, Dj>::Flags & AlignedBit ? Aligned : Unaligned > HessianBlockType;
      |                                                                                  ^~~~~~~~~~
/usr/include/eigen3/Eigen/src/Core/util/Constants.h:167:37: note: declared here
  167 | EIGEN_DEPRECATED const unsigned int AlignedBit = 0x80;
      |                                     ^~~~~~~~~~
/home/zlw/End2End/ORB_SLAM3/Thirdparty/g2o/g2o/types/../core/base_binary_edge.h:60:82: warning: ‘Eigen::AlignedBit’ is deprecated [-Wdeprecated-declarations]
   60 |       typedef Eigen::Map<Matrix<double, Dj, Di>, Matrix<double, Dj, Di>::Flags & AlignedBit ? Aligned : Unaligned > HessianBlockTransposedType;
      |                                                                                  ^~~~~~~~~~
/usr/include/eigen3/Eigen/src/Core/util/Constants.h:167:37: note: declared here
  167 | EIGEN_DEPRECATED const unsigned int AlignedBit = 0x80;
      |                                     ^~~~~~~~~~
In file included from /home/zlw/End2End/ORB_SLAM3/Thirdparty/g2o/g2o/types/types_six_dof_expmap.h:37,
                 from /home/zlw/End2End/ORB_SLAM3/include/Converter.h:26,
                 from /home/zlw/End2End/ORB_SLAM3/include/Frame.h:33:
/home/zlw/End2End/ORB_SLAM3/Thirdparty/g2o/g2o/types/../core/base_vertex.h: At global scope:
/home/zlw/End2End/ORB_SLAM3/Thirdparty/g2o/g2o/types/../core/base_vertex.h:62:74: warning: ‘Eigen::AlignedBit’ is deprecated [-Wdeprecated-declarations]
   62 |     typedef Eigen::Map<Matrix<double, D, D>, Matrix<double,D,D>::Flags & AlignedBit ? Aligned : Unaligned >  HessianBlockType;
      |                                                                          ^~~~~~~~~~
In file included from /usr/include/eigen3/Eigen/Core:161,
                 from /usr/include/eigen3/Eigen/LU:11,
                 from /home/zlw/End2End/ORB_SLAM3/Thirdparty/Sophus/sophus/so2.hpp:12,
                 from /home/zlw/End2End/ORB_SLAM3/Thirdparty/Sophus/sophus/se2.hpp:7,
                 from /home/zlw/End2End/ORB_SLAM3/Thirdparty/Sophus/sophus/geometry.hpp:7,
                 from /home/zlw/End2End/ORB_SLAM3/include/Frame.h:28:
/usr/include/eigen3/Eigen/src/Core/util/Constants.h:167:37: note: declared here
  167 | EIGEN_DEPRECATED const unsigned int AlignedBit = 0x80;
      |                                     ^~~~~~~~~~
In file included from /home/zlw/End2End/ORB_SLAM3/Thirdparty/g2o/g2o/types/types_six_dof_expmap.h:38:
/home/zlw/End2End/ORB_SLAM3/Thirdparty/g2o/g2o/types/../core/base_binary_edge.h:59:82: warning: ‘Eigen::AlignedBit’ is deprecated [-Wdeprecated-declarations]
   59 |       typedef Eigen::Map<Matrix<double, Di, Dj>, Matrix<double, Di, Dj>::Flags & AlignedBit ? Aligned : Unaligned > HessianBlockType;
      |                                                                                  ^~~~~~~~~~
/usr/include/eigen3/Eigen/src/Core/util/Constants.h:167:37: note: declared here
  167 | EIGEN_DEPRECATED const unsigned int AlignedBit = 0x80;
      |                                     ^~~~~~~~~~
/home/zlw/End2End/ORB_SLAM3/Thirdparty/g2o/g2o/types/../core/base_binary_edge.h:60:82: warning: ‘Eigen::AlignedBit’ is deprecated [-Wdeprecated-declarations]
   60 |       typedef Eigen::Map<Matrix<double, Dj, Di>, Matrix<double, Dj, Di>::Flags & AlignedBit ? Aligned : Unaligned > HessianBlockTransposedType;
      |                                                                                  ^~~~~~~~~~
/usr/include/eigen3/Eigen/src/Core/util/Constants.h:167:37: note: declared here
  167 | EIGEN_DEPRECATED const unsigned int AlignedBit = 0x80;
      |                                     ^~~~~~~~~~
/home/zlw/End2End/ORB_SLAM3/Thirdparty/g2o/g2o/types/../core/base_vertex.h: In instantiation of ‘class g2o::BaseVertex<3, Eigen::Matrix<double, 3, 1> >’:
/home/zlw/End2End/ORB_SLAM3/Thirdparty/g2o/g2o/types/types_sba.h:40:35:   required from here
/home/zlw/End2End/ORB_SLAM3/Thirdparty/g2o/g2o/types/../core/base_vertex.h:62:72: warning: ‘Eigen::AlignedBit’ is deprecated [-Wdeprecated-declarations]
   62 |     typedef Eigen::Map<Matrix<double, D, D>, Matrix<double,D,D>::Flags & AlignedBit ? Aligned : Unaligned >  HessianBlockType;
      |                                                                  ~~~~~~^~~~~~~~~~~~
/usr/include/eigen3/Eigen/src/Core/util/Constants.h:167:37: note: declared here
  167 | EIGEN_DEPRECATED const unsigned int AlignedBit = 0x80;
      |                                     ^~~~~~~~~~
/home/zlw/End2End/ORB_SLAM3/Thirdparty/g2o/g2o/types/../core/base_vertex.h: In instantiation of ‘class g2o::BaseVertex<3, Eigen::Matrix<double, 3, 1> >’:
/home/zlw/End2End/ORB_SLAM3/Thirdparty/g2o/g2o/types/types_sba.h:40:35:   required from here
/home/zlw/End2End/ORB_SLAM3/Thirdparty/g2o/g2o/types/../core/base_vertex.h:62:72: warning: ‘Eigen::AlignedBit’ is deprecated [-Wdeprecated-declarations]
   62 |     typedef Eigen::Map<Matrix<double, D, D>, Matrix<double,D,D>::Flags & AlignedBit ? Aligned : Unaligned >  HessianBlockType;
      |                                                                  ~~~~~~^~~~~~~~~~~~
/usr/include/eigen3/Eigen/src/Core/util/Constants.h:167:37: note: declared here
  167 | EIGEN_DEPRECATED const unsigned int AlignedBit = 0x80;
      |                                     ^~~~~~~~~~
/home/zlw/End2End/ORB_SLAM3/Thirdparty/g2o/g2o/types/../core/base_vertex.h: In instantiation of ‘class g2o::BaseVertex<6, g2o::SE3Quat>’:
/home/zlw/End2End/ORB_SLAM3/Thirdparty/g2o/g2o/types/types_six_dof_expmap.h:59:33:   required from here
/home/zlw/End2End/ORB_SLAM3/Thirdparty/g2o/g2o/types/../core/base_vertex.h:62:72: warning: ‘Eigen::AlignedBit’ is deprecated [-Wdeprecated-declarations]
   62 |     typedef Eigen::Map<Matrix<double, D, D>, Matrix<double,D,D>::Flags & AlignedBit ? Aligned : Unaligned >  HessianBlockType;
      |                                                                  ~~~~~~^~~~~~~~~~~~
/usr/include/eigen3/Eigen/src/Core/util/Constants.h:167:37: note: declared here
  167 | EIGEN_DEPRECATED const unsigned int AlignedBit = 0x80;
      |                                     ^~~~~~~~~~
/home/zlw/End2End/ORB_SLAM3/Thirdparty/g2o/g2o/types/../core/base_vertex.h: In instantiation of ‘class g2o::BaseVertex<6, g2o::SE3Quat>’:
/home/zlw/End2End/ORB_SLAM3/Thirdparty/g2o/g2o/types/types_six_dof_expmap.h:59:33:   required from here
/home/zlw/End2End/ORB_SLAM3/Thirdparty/g2o/g2o/types/../core/base_vertex.h:62:72: warning: ‘Eigen::AlignedBit’ is deprecated [-Wdeprecated-declarations]
   62 |     typedef Eigen::Map<Matrix<double, D, D>, Matrix<double,D,D>::Flags & AlignedBit ? Aligned : Unaligned >  HessianBlockType;
      |                                                                  ~~~~~~^~~~~~~~~~~~
/usr/include/eigen3/Eigen/src/Core/util/Constants.h:167:37: note: declared here
  167 | EIGEN_DEPRECATED const unsigned int AlignedBit = 0x80;
      |                                     ^~~~~~~~~~
/home/zlw/End2End/ORB_SLAM3/Thirdparty/g2o/g2o/types/../core/base_binary_edge.h: In instantiation of ‘class g2o::BaseBinaryEdge<6, g2o::SE3Quat, g2o::VertexSE3Expmap, g2o::VertexSE3Expmap>’:
/home/zlw/End2End/ORB_SLAM3/Thirdparty/g2o/g2o/types/types_six_dof_expmap.h:83:24:   required from here
/home/zlw/End2End/ORB_SLAM3/Thirdparty/g2o/g2o/types/../core/base_binary_edge.h:59:80: warning: ‘Eigen::AlignedBit’ is deprecated [-Wdeprecated-declarations]
   59 |       typedef Eigen::Map<Matrix<double, Di, Dj>, Matrix<double, Di, Dj>::Flags & AlignedBit ? Aligned : Unaligned > HessianBlockType;
      |                                                                          ~~~~~~^~~~~~~~~~~~
/usr/include/eigen3/Eigen/src/Core/util/Constants.h:167:37: note: declared here
  167 | EIGEN_DEPRECATED const unsigned int AlignedBit = 0x80;
      |                                     ^~~~~~~~~~
/home/zlw/End2End/ORB_SLAM3/Thirdparty/g2o/g2o/types/../core/base_binary_edge.h:60:80: warning: ‘Eigen::AlignedBit’ is deprecated [-Wdeprecated-declarations]
   60 |       typedef Eigen::Map<Matrix<double, Dj, Di>, Matrix<double, Dj, Di>::Flags & AlignedBit ? Aligned : Unaligned > HessianBlockTransposedType;
      |                                                                          ~~~~~~^~~~~~~~~~~~
/usr/include/eigen3/Eigen/src/Core/util/Constants.h:167:37: note: declared here
  167 | EIGEN_DEPRECATED const unsigned int AlignedBit = 0x80;
      |                                     ^~~~~~~~~~
/home/zlw/End2End/ORB_SLAM3/Thirdparty/g2o/g2o/types/../core/base_binary_edge.h: In instantiation of ‘class g2o::BaseBinaryEdge<6, g2o::SE3Quat, g2o::VertexSE3Expmap, g2o::VertexSE3Expmap>’:
/home/zlw/End2End/ORB_SLAM3/Thirdparty/g2o/g2o/types/types_six_dof_expmap.h:83:24:   required from here
/home/zlw/End2End/ORB_SLAM3/Thirdparty/g2o/g2o/types/../core/base_binary_edge.h:59:80: warning: ‘Eigen::AlignedBit’ is deprecated [-Wdeprecated-declarations]
   59 |       typedef Eigen::Map<Matrix<double, Di, Dj>, Matrix<double, Di, Dj>::Flags & AlignedBit ? Aligned : Unaligned > HessianBlockType;
      |                                                                          ~~~~~~^~~~~~~~~~~~
/usr/include/eigen3/Eigen/src/Core/util/Constants.h:167:37: note: declared here
  167 | EIGEN_DEPRECATED const unsigned int AlignedBit = 0x80;
      |                                     ^~~~~~~~~~
/home/zlw/End2End/ORB_SLAM3/Thirdparty/g2o/g2o/types/../core/base_binary_edge.h:60:80: warning: ‘Eigen::AlignedBit’ is deprecated [-Wdeprecated-declarations]
   60 |       typedef Eigen::Map<Matrix<double, Dj, Di>, Matrix<double, Dj, Di>::Flags & AlignedBit ? Aligned : Unaligned > HessianBlockTransposedType;
      |                                                                          ~~~~~~^~~~~~~~~~~~
/usr/include/eigen3/Eigen/src/Core/util/Constants.h:167:37: note: declared here
  167 | EIGEN_DEPRECATED const unsigned int AlignedBit = 0x80;
      |                                     ^~~~~~~~~~
/home/zlw/End2End/ORB_SLAM3/Thirdparty/g2o/g2o/types/../core/base_binary_edge.h: In instantiation of ‘class g2o::BaseBinaryEdge<2, Eigen::Matrix<double, 2, 1>, g2o::VertexSBAPointXYZ, g2o::VertexSE3Expmap>’:
/home/zlw/End2End/ORB_SLAM3/Thirdparty/g2o/g2o/types/types_six_dof_expmap.h:114:35:   required from here
/home/zlw/End2End/ORB_SLAM3/Thirdparty/g2o/g2o/types/../core/base_binary_edge.h:59:80: warning: ‘Eigen::AlignedBit’ is deprecated [-Wdeprecated-declarations]
   59 |       typedef Eigen::Map<Matrix<double, Di, Dj>, Matrix<double, Di, Dj>::Flags & AlignedBit ? Aligned : Unaligned > HessianBlockType;
      |                                                                          ~~~~~~^~~~~~~~~~~~
/usr/include/eigen3/Eigen/src/Core/util/Constants.h:167:37: note: declared here
  167 | EIGEN_DEPRECATED const unsigned int AlignedBit = 0x80;
      |                                     ^~~~~~~~~~
/home/zlw/End2End/ORB_SLAM3/Thirdparty/g2o/g2o/types/../core/base_binary_edge.h: In instantiation of ‘class g2o::BaseBinaryEdge<2, Eigen::Matrix<double, 2, 1>, g2o::VertexSBAPointXYZ, g2o::VertexSE3Expmap>’:
/home/zlw/End2End/ORB_SLAM3/Thirdparty/g2o/g2o/types/types_six_dof_expmap.h:114:35:   required from here
/home/zlw/End2End/ORB_SLAM3/Thirdparty/g2o/g2o/types/../core/base_binary_edge.h:59:80: warning: ‘Eigen::AlignedBit’ is deprecated [-Wdeprecated-declarations]
   59 |       typedef Eigen::Map<Matrix<double, Di, Dj>, Matrix<double, Di, Dj>::Flags & AlignedBit ? Aligned : Unaligned > HessianBlockType;
      |                                                                          ~~~~~~^~~~~~~~~~~~
/usr/include/eigen3/Eigen/src/Core/util/Constants.h:167:37: note: declared here
  167 | EIGEN_DEPRECATED const unsigned int AlignedBit = 0x80;
      |                                     ^~~~~~~~~~
/home/zlw/End2End/ORB_SLAM3/Thirdparty/g2o/g2o/types/../core/base_binary_edge.h:60:80: warning: ‘Eigen::AlignedBit’ is deprecated [-Wdeprecated-declarations]
   60 |       typedef Eigen::Map<Matrix<double, Dj, Di>, Matrix<double, Dj, Di>::Flags & AlignedBit ? Aligned : Unaligned > HessianBlockTransposedType;
      |                                                                          ~~~~~~^~~~~~~~~~~~
/usr/include/eigen3/Eigen/src/Core/util/Constants.h:167:37: note: declared here
  167 | EIGEN_DEPRECATED const unsigned int AlignedBit = 0x80;
      |                                     ^~~~~~~~~~
/home/zlw/End2End/ORB_SLAM3/Thirdparty/g2o/g2o/types/../core/base_binary_edge.h:60:80: warning: ‘Eigen::AlignedBit’ is deprecated [-Wdeprecated-declarations]
   60 |       typedef Eigen::Map<Matrix<double, Dj, Di>, Matrix<double, Dj, Di>::Flags & AlignedBit ? Aligned : Unaligned > HessianBlockTransposedType;
      |                                                                          ~~~~~~^~~~~~~~~~~~
/usr/include/eigen3/Eigen/src/Core/util/Constants.h:167:37: note: declared here
  167 | EIGEN_DEPRECATED const unsigned int AlignedBit = 0x80;
      |                                     ^~~~~~~~~~
/home/zlw/End2End/ORB_SLAM3/Thirdparty/g2o/g2o/types/../core/base_binary_edge.h: In instantiation of ‘class g2o::BaseBinaryEdge<3, Eigen::Matrix<double, 3, 1>, g2o::VertexSBAPointXYZ, g2o::VertexSE3Expmap>’:
/home/zlw/End2End/ORB_SLAM3/Thirdparty/g2o/g2o/types/types_six_dof_expmap.h:146:41:   required from here
/home/zlw/End2End/ORB_SLAM3/Thirdparty/g2o/g2o/types/../core/base_binary_edge.h:59:80: warning: ‘Eigen::AlignedBit’ is deprecated [-Wdeprecated-declarations]
   59 |       typedef Eigen::Map<Matrix<double, Di, Dj>, Matrix<double, Di, Dj>::Flags & AlignedBit ? Aligned : Unaligned > HessianBlockType;
      |                                                                          ~~~~~~^~~~~~~~~~~~
/usr/include/eigen3/Eigen/src/Core/util/Constants.h:167:37: note: declared here
  167 | EIGEN_DEPRECATED const unsigned int AlignedBit = 0x80;
      |                                     ^~~~~~~~~~
/home/zlw/End2End/ORB_SLAM3/Thirdparty/g2o/g2o/types/../core/base_binary_edge.h:60:80: warning: ‘Eigen::AlignedBit’ is deprecated [-Wdeprecated-declarations]
   60 |       typedef Eigen::Map<Matrix<double, Dj, Di>, Matrix<double, Dj, Di>::Flags & AlignedBit ? Aligned : Unaligned > HessianBlockTransposedType;
      |                                                                          ~~~~~~^~~~~~~~~~~~
/usr/include/eigen3/Eigen/src/Core/util/Constants.h:167:37: note: declared here
  167 | EIGEN_DEPRECATED const unsigned int AlignedBit = 0x80;
      |                                     ^~~~~~~~~~
/home/zlw/End2End/ORB_SLAM3/Thirdparty/g2o/g2o/types/../core/base_binary_edge.h: In instantiation of ‘class g2o::BaseBinaryEdge<3, Eigen::Matrix<double, 3, 1>, g2o::VertexSBAPointXYZ, g2o::VertexSE3Expmap>’:
/home/zlw/End2End/ORB_SLAM3/Thirdparty/g2o/g2o/types/types_six_dof_expmap.h:146:41:   required from here
/home/zlw/End2End/ORB_SLAM3/Thirdparty/g2o/g2o/types/../core/base_binary_edge.h:59:80: warning: ‘Eigen::AlignedBit’ is deprecated [-Wdeprecated-declarations]
   59 |       typedef Eigen::Map<Matrix<double, Di, Dj>, Matrix<double, Di, Dj>::Flags & AlignedBit ? Aligned : Unaligned > HessianBlockType;
      |                                                                          ~~~~~~^~~~~~~~~~~~
/usr/include/eigen3/Eigen/src/Core/util/Constants.h:167:37: note: declared here
  167 | EIGEN_DEPRECATED const unsigned int AlignedBit = 0x80;
      |                                     ^~~~~~~~~~
/home/zlw/End2End/ORB_SLAM3/Thirdparty/g2o/g2o/types/../core/base_binary_edge.h:60:80: warning: ‘Eigen::AlignedBit’ is deprecated [-Wdeprecated-declarations]
   60 |       typedef Eigen::Map<Matrix<double, Dj, Di>, Matrix<double, Dj, Di>::Flags & AlignedBit ? Aligned : Unaligned > HessianBlockTransposedType;
      |                                                                          ~~~~~~^~~~~~~~~~~~
/usr/include/eigen3/Eigen/src/Core/util/Constants.h:167:37: note: declared here
  167 | EIGEN_DEPRECATED const unsigned int AlignedBit = 0x80;
      |                                     ^~~~~~~~~~
/home/zlw/End2End/ORB_SLAM3/Thirdparty/g2o/g2o/types/../core/base_vertex.h: In instantiation of ‘class g2o::BaseVertex<7, g2o::Sim3>’:
/home/zlw/End2End/ORB_SLAM3/Thirdparty/g2o/g2o/types/types_seven_dof_expmap.h:48:35:   required from here
/home/zlw/End2End/ORB_SLAM3/Thirdparty/g2o/g2o/types/../core/base_vertex.h:62:72: warning: ‘Eigen::AlignedBit’ is deprecated [-Wdeprecated-declarations]
   62 |     typedef Eigen::Map<Matrix<double, D, D>, Matrix<double,D,D>::Flags & AlignedBit ? Aligned : Unaligned >  HessianBlockType;
      |                                                                  ~~~~~~^~~~~~~~~~~~
/usr/include/eigen3/Eigen/src/Core/util/Constants.h:167:37: note: declared here
  167 | EIGEN_DEPRECATED const unsigned int AlignedBit = 0x80;
      |                                     ^~~~~~~~~~
/home/zlw/End2End/ORB_SLAM3/Thirdparty/g2o/g2o/types/../core/base_vertex.h: In instantiation of ‘class g2o::BaseVertex<7, g2o::Sim3>’:
/home/zlw/End2End/ORB_SLAM3/Thirdparty/g2o/g2o/types/types_seven_dof_expmap.h:48:35:   required from here
/home/zlw/End2End/ORB_SLAM3/Thirdparty/g2o/g2o/types/../core/base_vertex.h:62:72: warning: ‘Eigen::AlignedBit’ is deprecated [-Wdeprecated-declarations]
   62 |     typedef Eigen::Map<Matrix<double, D, D>, Matrix<double,D,D>::Flags & AlignedBit ? Aligned : Unaligned >  HessianBlockType;
      |                                                                  ~~~~~~^~~~~~~~~~~~
/usr/include/eigen3/Eigen/src/Core/util/Constants.h:167:37: note: declared here
  167 | EIGEN_DEPRECATED const unsigned int AlignedBit = 0x80;
      |                                     ^~~~~~~~~~
/home/zlw/End2End/ORB_SLAM3/Thirdparty/g2o/g2o/types/../core/base_binary_edge.h: In instantiation of ‘class g2o::BaseBinaryEdge<7, g2o::Sim3, g2o::VertexSim3Expmap, g2o::VertexSim3Expmap>’:
/home/zlw/End2End/ORB_SLAM3/Thirdparty/g2o/g2o/types/types_seven_dof_expmap.h:99:27:   required from here
/home/zlw/End2End/ORB_SLAM3/Thirdparty/g2o/g2o/types/../core/base_binary_edge.h:59:80: warning: ‘Eigen::AlignedBit’ is deprecated [-Wdeprecated-declarations]
   59 |       typedef Eigen::Map<Matrix<double, Di, Dj>, Matrix<double, Di, Dj>::Flags & AlignedBit ? Aligned : Unaligned > HessianBlockType;
      |                                                                          ~~~~~~^~~~~~~~~~~~
/usr/include/eigen3/Eigen/src/Core/util/Constants.h:167:37: note: declared here
  167 | EIGEN_DEPRECATED const unsigned int AlignedBit = 0x80;
      |                                     ^~~~~~~~~~
/home/zlw/End2End/ORB_SLAM3/Thirdparty/g2o/g2o/types/../core/base_binary_edge.h:60:80: warning: ‘Eigen::AlignedBit’ is deprecated [-Wdeprecated-declarations]
   60 |       typedef Eigen::Map<Matrix<double, Dj, Di>, Matrix<double, Dj, Di>::Flags & AlignedBit ? Aligned : Unaligned > HessianBlockTransposedType;
      |                                                                          ~~~~~~^~~~~~~~~~~~
/usr/include/eigen3/Eigen/src/Core/util/Constants.h:167:37: note: declared here
  167 | EIGEN_DEPRECATED const unsigned int AlignedBit = 0x80;
      |                                     ^~~~~~~~~~
/home/zlw/End2End/ORB_SLAM3/Thirdparty/g2o/g2o/types/../core/base_binary_edge.h: In instantiation of ‘class g2o::BaseBinaryEdge<7, g2o::Sim3, g2o::VertexSim3Expmap, g2o::VertexSim3Expmap>’:
/home/zlw/End2End/ORB_SLAM3/Thirdparty/g2o/g2o/types/types_seven_dof_expmap.h:99:27:   required from here
/home/zlw/End2End/ORB_SLAM3/Thirdparty/g2o/g2o/types/../core/base_binary_edge.h:59:80: warning: ‘Eigen::AlignedBit’ is deprecated [-Wdeprecated-declarations]
   59 |       typedef Eigen::Map<Matrix<double, Di, Dj>, Matrix<double, Di, Dj>::Flags & AlignedBit ? Aligned : Unaligned > HessianBlockType;
      |                                                                          ~~~~~~^~~~~~~~~~~~
/usr/include/eigen3/Eigen/src/Core/util/Constants.h:167:37: note: declared here
  167 | EIGEN_DEPRECATED const unsigned int AlignedBit = 0x80;
      |                                     ^~~~~~~~~~
/home/zlw/End2End/ORB_SLAM3/Thirdparty/g2o/g2o/types/../core/base_binary_edge.h:60:80: warning: ‘Eigen::AlignedBit’ is deprecated [-Wdeprecated-declarations]
   60 |       typedef Eigen::Map<Matrix<double, Dj, Di>, Matrix<double, Dj, Di>::Flags & AlignedBit ? Aligned : Unaligned > HessianBlockTransposedType;
      |                                                                          ~~~~~~^~~~~~~~~~~~
/usr/include/eigen3/Eigen/src/Core/util/Constants.h:167:37: note: declared here
  167 | EIGEN_DEPRECATED const unsigned int AlignedBit = 0x80;
      |                                     ^~~~~~~~~~
/home/zlw/End2End/ORB_SLAM3/Thirdparty/g2o/g2o/types/../core/base_binary_edge.h: In instantiation of ‘class g2o::BaseBinaryEdge<2, Eigen::Matrix<double, 2, 1>, g2o::VertexSBAPointXYZ, g2o::VertexSim3Expmap>’:
/home/zlw/End2End/ORB_SLAM3/Thirdparty/g2o/g2o/types/types_seven_dof_expmap.h:130:36:   required from here
/home/zlw/End2End/ORB_SLAM3/Thirdparty/g2o/g2o/types/../core/base_binary_edge.h:59:80: warning: ‘Eigen::AlignedBit’ is deprecated [-Wdeprecated-declarations]
   59 |       typedef Eigen::Map<Matrix<double, Di, Dj>, Matrix<double, Di, Dj>::Flags & AlignedBit ? Aligned : Unaligned > HessianBlockType;
      |                                                                          ~~~~~~^~~~~~~~~~~~
/usr/include/eigen3/Eigen/src/Core/util/Constants.h:167:37: note: declared here
  167 | EIGEN_DEPRECATED const unsigned int AlignedBit = 0x80;
      |                                     ^~~~~~~~~~
/home/zlw/End2End/ORB_SLAM3/Thirdparty/g2o/g2o/types/../core/base_binary_edge.h: In instantiation of ‘class g2o::BaseBinaryEdge<2, Eigen::Matrix<double, 2, 1>, g2o::VertexSBAPointXYZ, g2o::VertexSim3Expmap>’:
/home/zlw/End2End/ORB_SLAM3/Thirdparty/g2o/g2o/types/types_seven_dof_expmap.h:130:36:   required from here
/home/zlw/End2End/ORB_SLAM3/Thirdparty/g2o/g2o/types/../core/base_binary_edge.h:59:80: warning: ‘Eigen::AlignedBit’ is deprecated [-Wdeprecated-declarations]
   59 |       typedef Eigen::Map<Matrix<double, Di, Dj>, Matrix<double, Di, Dj>::Flags & AlignedBit ? Aligned : Unaligned > HessianBlockType;
      |                                                                          ~~~~~~^~~~~~~~~~~~
/usr/include/eigen3/Eigen/src/Core/util/Constants.h:167:37: note: declared here
  167 | EIGEN_DEPRECATED const unsigned int AlignedBit = 0x80;
      |                                     ^~~~~~~~~~
/home/zlw/End2End/ORB_SLAM3/Thirdparty/g2o/g2o/types/../core/base_binary_edge.h:60:80: warning: ‘Eigen::AlignedBit’ is deprecated [-Wdeprecated-declarations]
   60 |       typedef Eigen::Map<Matrix<double, Dj, Di>, Matrix<double, Dj, Di>::Flags & AlignedBit ? Aligned : Unaligned > HessianBlockTransposedType;
      |                                                                          ~~~~~~^~~~~~~~~~~~
/usr/include/eigen3/Eigen/src/Core/util/Constants.h:167:37: note: declared here
  167 | EIGEN_DEPRECATED const unsigned int AlignedBit = 0x80;
      |                                     ^~~~~~~~~~
/home/zlw/End2End/ORB_SLAM3/Thirdparty/g2o/g2o/types/../core/base_binary_edge.h:60:80: warning: ‘Eigen::AlignedBit’ is deprecated [-Wdeprecated-declarations]
   60 |       typedef Eigen::Map<Matrix<double, Dj, Di>, Matrix<double, Dj, Di>::Flags & AlignedBit ? Aligned : Unaligned > HessianBlockTransposedType;
      |                                                                          ~~~~~~^~~~~~~~~~~~
/usr/include/eigen3/Eigen/src/Core/util/Constants.h:167:37: note: declared here
  167 | EIGEN_DEPRECATED const unsigned int AlignedBit = 0x80;
      |                                     ^~~~~~~~~~
In file included from /home/zlw/End2End/ORB_SLAM3/include/Atlas.h:27,
                 from /home/zlw/End2End/ORB_SLAM3/include/FrameDrawer.h:25:
/home/zlw/End2End/ORB_SLAM3/include/CameraModels/KannalaBrandt8.h: In constructor ‘ORB_SLAM3::KannalaBrandt8::KannalaBrandt8(std::vector<float>)’:
/home/zlw/End2End/ORB_SLAM3/include/CameraModels/KannalaBrandt8.h:102:21: warning: ‘ORB_SLAM3::KannalaBrandt8::precision’ will be initialized after [-Wreorder]
  102 |         const float precision;
      |                     ^~~~~~~~~
/home/zlw/End2End/ORB_SLAM3/include/CameraModels/KannalaBrandt8.h:88:26: warning:   ‘std::vector<int> ORB_SLAM3::KannalaBrandt8::mvLappingArea’ [-Wreorder]
   88 |         std::vector<int> mvLappingArea;
      |                          ^~~~~~~~~~~~~
/home/zlw/End2End/ORB_SLAM3/include/CameraModels/KannalaBrandt8.h:47:9: warning:   when initialized here [-Wreorder]
   47 |         KannalaBrandt8(const std::vector<float> _vParameters) : GeometricCamera(_vParameters), precision(1e-6), mvLappingArea(2,0) ,tvr(nullptr) {
      |         ^~~~~~~~~~~~~~
/home/zlw/End2End/ORB_SLAM3/include/CameraModels/KannalaBrandt8.h: In constructor ‘ORB_SLAM3::KannalaBrandt8::KannalaBrandt8(std::vector<float>, float)’:
/home/zlw/End2End/ORB_SLAM3/include/CameraModels/KannalaBrandt8.h:102:21: warning: ‘ORB_SLAM3::KannalaBrandt8::precision’ will be initialized after [-Wreorder]
  102 |         const float precision;
      |                     ^~~~~~~~~
/home/zlw/End2End/ORB_SLAM3/include/CameraModels/KannalaBrandt8.h:88:26: warning:   ‘std::vector<int> ORB_SLAM3::KannalaBrandt8::mvLappingArea’ [-Wreorder]
   88 |         std::vector<int> mvLappingArea;
      |                          ^~~~~~~~~~~~~
/home/zlw/End2End/ORB_SLAM3/include/CameraModels/KannalaBrandt8.h:53:9: warning:   when initialized here [-Wreorder]
   53 |         KannalaBrandt8(const std::vector<float> _vParameters, const float _precision) : GeometricCamera(_vParameters),
      |         ^~~~~~~~~~~~~~
/home/zlw/End2End/ORB_SLAM3/include/CameraModels/KannalaBrandt8.h: In constructor ‘ORB_SLAM3::KannalaBrandt8::KannalaBrandt8(ORB_SLAM3::KannalaBrandt8*)’:
/home/zlw/End2End/ORB_SLAM3/include/CameraModels/KannalaBrandt8.h:102:21: warning: ‘ORB_SLAM3::KannalaBrandt8::precision’ will be initialized after [-Wreorder]
  102 |         const float precision;
      |                     ^~~~~~~~~
/home/zlw/End2End/ORB_SLAM3/include/CameraModels/KannalaBrandt8.h:88:26: warning:   ‘std::vector<int> ORB_SLAM3::KannalaBrandt8::mvLappingArea’ [-Wreorder]
   88 |         std::vector<int> mvLappingArea;
      |                          ^~~~~~~~~~~~~
/home/zlw/End2End/ORB_SLAM3/include/CameraModels/KannalaBrandt8.h:59:9: warning:   when initialized here [-Wreorder]
   59 |         KannalaBrandt8(KannalaBrandt8* pKannala) : GeometricCamera(pKannala->mvParameters), precision(pKannala->precision), mvLappingArea(2,0) ,tvr(nullptr) {
      |         ^~~~~~~~~~~~~~
In file included from /home/zlw/End2End/ORB_SLAM3/include/Atlas.h:27,
                 from /home/zlw/End2End/ORB_SLAM3/include/FrameDrawer.h:25:
/home/zlw/End2End/ORB_SLAM3/include/CameraModels/KannalaBrandt8.h: In constructor ‘ORB_SLAM3::KannalaBrandt8::KannalaBrandt8(std::vector<float>)’:
/home/zlw/End2End/ORB_SLAM3/include/CameraModels/KannalaBrandt8.h:102:21: warning: ‘ORB_SLAM3::KannalaBrandt8::precision’ will be initialized after [-Wreorder]
  102 |         const float precision;
      |                     ^~~~~~~~~
/home/zlw/End2End/ORB_SLAM3/include/CameraModels/KannalaBrandt8.h:88:26: warning:   ‘std::vector<int> ORB_SLAM3::KannalaBrandt8::mvLappingArea’ [-Wreorder]
   88 |         std::vector<int> mvLappingArea;
      |                          ^~~~~~~~~~~~~
/home/zlw/End2End/ORB_SLAM3/include/CameraModels/KannalaBrandt8.h:47:9: warning:   when initialized here [-Wreorder]
   47 |         KannalaBrandt8(const std::vector<float> _vParameters) : GeometricCamera(_vParameters), precision(1e-6), mvLappingArea(2,0) ,tvr(nullptr) {
      |         ^~~~~~~~~~~~~~
/home/zlw/End2End/ORB_SLAM3/include/CameraModels/KannalaBrandt8.h: In constructor ‘ORB_SLAM3::KannalaBrandt8::KannalaBrandt8(std::vector<float>, float)’:
/home/zlw/End2End/ORB_SLAM3/include/CameraModels/KannalaBrandt8.h:102:21: warning: ‘ORB_SLAM3::KannalaBrandt8::precision’ will be initialized after [-Wreorder]
  102 |         const float precision;
      |                     ^~~~~~~~~
/home/zlw/End2End/ORB_SLAM3/include/CameraModels/KannalaBrandt8.h:88:26: warning:   ‘std::vector<int> ORB_SLAM3::KannalaBrandt8::mvLappingArea’ [-Wreorder]
   88 |         std::vector<int> mvLappingArea;
      |                          ^~~~~~~~~~~~~
/home/zlw/End2End/ORB_SLAM3/include/CameraModels/KannalaBrandt8.h:53:9: warning:   when initialized here [-Wreorder]
   53 |         KannalaBrandt8(const std::vector<float> _vParameters, const float _precision) : GeometricCamera(_vParameters),
      |         ^~~~~~~~~~~~~~
/home/zlw/End2End/ORB_SLAM3/include/CameraModels/KannalaBrandt8.h: In constructor ‘ORB_SLAM3::KannalaBrandt8::KannalaBrandt8(ORB_SLAM3::KannalaBrandt8*)’:
/home/zlw/End2End/ORB_SLAM3/include/CameraModels/KannalaBrandt8.h:102:21: warning: ‘ORB_SLAM3::KannalaBrandt8::precision’ will be initialized after [-Wreorder]
  102 |         const float precision;
      |                     ^~~~~~~~~
/home/zlw/End2End/ORB_SLAM3/include/CameraModels/KannalaBrandt8.h:88:26: warning:   ‘std::vector<int> ORB_SLAM3::KannalaBrandt8::mvLappingArea’ [-Wreorder]
   88 |         std::vector<int> mvLappingArea;
      |                          ^~~~~~~~~~~~~
/home/zlw/End2End/ORB_SLAM3/include/CameraModels/KannalaBrandt8.h:59:9: warning:   when initialized here [-Wreorder]
   59 |         KannalaBrandt8(KannalaBrandt8* pKannala) : GeometricCamera(pKannala->mvParameters), precision(pKannala->precision), mvLappingArea(2,0) ,tvr(nullptr) {
      |         ^~~~~~~~~~~~~~
In file included from /home/zlw/End2End/ORB_SLAM3/include/G2oTypes.h:25,
                 from /home/zlw/End2End/ORB_SLAM3/src/Tracking.cc:25:
/home/zlw/End2End/ORB_SLAM3/Thirdparty/g2o/g2o/core/base_multi_edge.h: At global scope:
/home/zlw/End2End/ORB_SLAM3/Thirdparty/g2o/g2o/core/base_multi_edge.h:69:54: warning: ‘Eigen::AlignedBit’ is deprecated [-Wdeprecated-declarations]
   69 |       typedef Eigen::Map<MatrixXd, MatrixXd::Flags & AlignedBit ? Aligned : Unaligned > HessianBlockType;
      |                                                      ^~~~~~~~~~
/usr/include/eigen3/Eigen/src/Core/util/Constants.h:167:37: note: declared here
  167 | EIGEN_DEPRECATED const unsigned int AlignedBit = 0x80;
      |                                     ^~~~~~~~~~
/home/zlw/End2End/ORB_SLAM3/Thirdparty/g2o/g2o/types/../core/base_vertex.h: In instantiation of ‘class g2o::BaseVertex<6, ORB_SLAM3::ImuCamPose>’:
/home/zlw/End2End/ORB_SLAM3/include/G2oTypes.h:130:32:   required from here
/home/zlw/End2End/ORB_SLAM3/Thirdparty/g2o/g2o/types/../core/base_vertex.h:62:72: warning: ‘Eigen::AlignedBit’ is deprecated [-Wdeprecated-declarations]
   62 |     typedef Eigen::Map<Matrix<double, D, D>, Matrix<double,D,D>::Flags & AlignedBit ? Aligned : Unaligned >  HessianBlockType;
      |                                                                  ~~~~~~^~~~~~~~~~~~
/usr/include/eigen3/Eigen/src/Core/util/Constants.h:167:37: note: declared here
  167 | EIGEN_DEPRECATED const unsigned int AlignedBit = 0x80;
      |                                     ^~~~~~~~~~
/home/zlw/End2End/ORB_SLAM3/Thirdparty/g2o/g2o/types/../core/base_vertex.h: In instantiation of ‘class g2o::BaseVertex<4, ORB_SLAM3::ImuCamPose>’:
/home/zlw/End2End/ORB_SLAM3/include/G2oTypes.h:155:36:   required from here
/home/zlw/End2End/ORB_SLAM3/Thirdparty/g2o/g2o/types/../core/base_vertex.h:62:72: warning: ‘Eigen::AlignedBit’ is deprecated [-Wdeprecated-declarations]
   62 |     typedef Eigen::Map<Matrix<double, D, D>, Matrix<double,D,D>::Flags & AlignedBit ? Aligned : Unaligned >  HessianBlockType;
      |                                                                  ~~~~~~^~~~~~~~~~~~
/usr/include/eigen3/Eigen/src/Core/util/Constants.h:167:37: note: declared here
  167 | EIGEN_DEPRECATED const unsigned int AlignedBit = 0x80;
      |                                     ^~~~~~~~~~
/home/zlw/End2End/ORB_SLAM3/src/System.cc: In constructor ‘ORB_SLAM3::System::System(const std::string&, const std::string&, eSensor, bool, int, const std::string&)’:
/home/zlw/End2End/ORB_SLAM3/src/System.cc:125:10: warning: variable ‘loadedAtlas’ set but not used [-Wunused-but-set-variable]
  125 |     bool loadedAtlas = false;
      |          ^~~~~~~~~~~
/home/zlw/End2End/ORB_SLAM3/Thirdparty/g2o/g2o/types/../core/base_vertex.h: In instantiation of ‘class g2o::BaseVertex<2, ORB_SLAM3::GDirection>’:
/home/zlw/End2End/ORB_SLAM3/include/G2oTypes.h:274:32:   required from here
/home/zlw/End2End/ORB_SLAM3/Thirdparty/g2o/g2o/types/../core/base_vertex.h:62:72: warning: ‘Eigen::AlignedBit’ is deprecated [-Wdeprecated-declarations]
   62 |     typedef Eigen::Map<Matrix<double, D, D>, Matrix<double,D,D>::Flags & AlignedBit ? Aligned : Unaligned >  HessianBlockType;
      |                                                                  ~~~~~~^~~~~~~~~~~~
/usr/include/eigen3/Eigen/src/Core/util/Constants.h:167:37: note: declared here
  167 | EIGEN_DEPRECATED const unsigned int AlignedBit = 0x80;
      |                                     ^~~~~~~~~~
/home/zlw/End2End/ORB_SLAM3/src/System.cc: In member function ‘void ORB_SLAM3::System::SaveTrajectoryEuRoC(const std::string&)’:
/home/zlw/End2End/ORB_SLAM3/src/System.cc:694:43: warning: comparison of integer expressions of different signedness: ‘std::vector<ORB_SLAM3::KeyFrame*>::size_type’ {aka ‘long unsigned int’} and ‘int’ [-Wsign-compare]
  694 |         if(pMap->GetAllKeyFrames().size() > numMaxKFs)
      |            ~~~~~~~~~~~~~~~~~~~~~~~~~~~~~~~^~~~~~~~~~~
/home/zlw/End2End/ORB_SLAM3/src/System.cc: In member function ‘void ORB_SLAM3::System::SaveTrajectoryEuRoC(const std::string&, ORB_SLAM3::Map*)’:
/home/zlw/End2End/ORB_SLAM3/src/System.cc:804:9: warning: unused variable ‘numMaxKFs’ [-Wunused-variable]
  804 |     int numMaxKFs = 0;
      |         ^~~~~~~~~
/home/zlw/End2End/ORB_SLAM3/src/System.cc: In member function ‘void ORB_SLAM3::System::SaveKeyFrameTrajectoryEuRoC(const std::string&)’:
/home/zlw/End2End/ORB_SLAM3/src/System.cc:1081:51: warning: comparison of integer expressions of different signedness: ‘std::vector<ORB_SLAM3::KeyFrame*>::size_type’ {aka ‘long unsigned int’} and ‘int’ [-Wsign-compare]
 1081 |         if(pMap && pMap->GetAllKeyFrames().size() > numMaxKFs)
      |                    ~~~~~~~~~~~~~~~~~~~~~~~~~~~~~~~^~~~~~~~~~~
/home/zlw/End2End/ORB_SLAM3/Thirdparty/g2o/g2o/types/../core/base_vertex.h: In instantiation of ‘class g2o::BaseVertex<1, double>’:
/home/zlw/End2End/ORB_SLAM3/include/G2oTypes.h:296:33:   required from here
/home/zlw/End2End/ORB_SLAM3/Thirdparty/g2o/g2o/types/../core/base_vertex.h:62:72: warning: ‘Eigen::AlignedBit’ is deprecated [-Wdeprecated-declarations]
   62 |     typedef Eigen::Map<Matrix<double, D, D>, Matrix<double,D,D>::Flags & AlignedBit ? Aligned : Unaligned >  HessianBlockType;
      |                                                                  ~~~~~~^~~~~~~~~~~~
/usr/include/eigen3/Eigen/src/Core/util/Constants.h:167:37: note: declared here
  167 | EIGEN_DEPRECATED const unsigned int AlignedBit = 0x80;
      |                                     ^~~~~~~~~~
/home/zlw/End2End/ORB_SLAM3/src/System.cc: In member function ‘std::string ORB_SLAM3::System::CalculateCheckSum(std::string, int)’:
/home/zlw/End2End/ORB_SLAM3/src/System.cc:1558:14: warning: ‘int MD5_Init(MD5_CTX*)’ is deprecated: Since OpenSSL 3.0 [-Wdeprecated-declarations]
 1558 |     MD5_Init (&md5Context);
      |     ~~~~~~~~~^~~~~~~~~~~~~
In file included from /home/zlw/End2End/ORB_SLAM3/src/System.cc:26:
/usr/include/openssl/md5.h:49:27: note: declared here
   49 | OSSL_DEPRECATEDIN_3_0 int MD5_Init(MD5_CTX *c);
      |                           ^~~~~~~~
/home/zlw/End2End/ORB_SLAM3/src/System.cc:1561:19: warning: ‘int MD5_Update(MD5_CTX*, const void*, size_t)’ is deprecated: Since OpenSSL 3.0 [-Wdeprecated-declarations]
 1561 |         MD5_Update(&md5Context, buffer, count);
      |         ~~~~~~~~~~^~~~~~~~~~~~~~~~~~~~~~~~~~~~
/usr/include/openssl/md5.h:50:27: note: declared here
   50 | OSSL_DEPRECATEDIN_3_0 int MD5_Update(MD5_CTX *c, const void *data, size_t len);
      |                           ^~~~~~~~~~
/home/zlw/End2End/ORB_SLAM3/src/System.cc:1566:14: warning: ‘int MD5_Final(unsigned char*, MD5_CTX*)’ is deprecated: Since OpenSSL 3.0 [-Wdeprecated-declarations]
 1566 |     MD5_Final(c, &md5Context );
      |     ~~~~~~~~~^~~~~~~~~~~~~~~~~
/usr/include/openssl/md5.h:51:27: note: declared here
   51 | OSSL_DEPRECATEDIN_3_0 int MD5_Final(unsigned char *md, MD5_CTX *c);
      |                           ^~~~~~~~~
/home/zlw/End2End/ORB_SLAM3/Thirdparty/g2o/g2o/types/../core/base_vertex.h: In instantiation of ‘class g2o::BaseVertex<1, ORB_SLAM3::InvDepthPoint>’:
/home/zlw/End2End/ORB_SLAM3/include/G2oTypes.h:321:36:   required from here
/home/zlw/End2End/ORB_SLAM3/Thirdparty/g2o/g2o/types/../core/base_vertex.h:62:72: warning: ‘Eigen::AlignedBit’ is deprecated [-Wdeprecated-declarations]
   62 |     typedef Eigen::Map<Matrix<double, D, D>, Matrix<double,D,D>::Flags & AlignedBit ? Aligned : Unaligned >  HessianBlockType;
      |                                                                  ~~~~~~^~~~~~~~~~~~
/usr/include/eigen3/Eigen/src/Core/util/Constants.h:167:37: note: declared here
  167 | EIGEN_DEPRECATED const unsigned int AlignedBit = 0x80;
      |                                     ^~~~~~~~~~
/home/zlw/End2End/ORB_SLAM3/Thirdparty/g2o/g2o/types/../core/base_binary_edge.h: In instantiation of ‘class g2o::BaseBinaryEdge<2, Eigen::Matrix<double, 2, 1>, g2o::VertexSBAPointXYZ, ORB_SLAM3::VertexPose>’:
/home/zlw/End2End/ORB_SLAM3/include/G2oTypes.h:342:30:   required from here
/home/zlw/End2End/ORB_SLAM3/Thirdparty/g2o/g2o/types/../core/base_binary_edge.h:59:80: warning: ‘Eigen::AlignedBit’ is deprecated [-Wdeprecated-declarations]
   59 |       typedef Eigen::Map<Matrix<double, Di, Dj>, Matrix<double, Di, Dj>::Flags & AlignedBit ? Aligned : Unaligned > HessianBlockType;
      |                                                                          ~~~~~~^~~~~~~~~~~~
/usr/include/eigen3/Eigen/src/Core/util/Constants.h:167:37: note: declared here
  167 | EIGEN_DEPRECATED const unsigned int AlignedBit = 0x80;
      |                                     ^~~~~~~~~~
/home/zlw/End2End/ORB_SLAM3/Thirdparty/g2o/g2o/types/../core/base_binary_edge.h:60:80: warning: ‘Eigen::AlignedBit’ is deprecated [-Wdeprecated-declarations]
   60 |       typedef Eigen::Map<Matrix<double, Dj, Di>, Matrix<double, Dj, Di>::Flags & AlignedBit ? Aligned : Unaligned > HessianBlockTransposedType;
      |                                                                          ~~~~~~^~~~~~~~~~~~
/usr/include/eigen3/Eigen/src/Core/util/Constants.h:167:37: note: declared here
  167 | EIGEN_DEPRECATED const unsigned int AlignedBit = 0x80;
      |                                     ^~~~~~~~~~
/home/zlw/End2End/ORB_SLAM3/Thirdparty/g2o/g2o/types/../core/base_binary_edge.h: In instantiation of ‘class g2o::BaseBinaryEdge<3, Eigen::Matrix<double, 3, 1>, g2o::VertexSBAPointXYZ, ORB_SLAM3::VertexPose>’:
/home/zlw/End2End/ORB_SLAM3/include/G2oTypes.h:425:32:   required from here
/home/zlw/End2End/ORB_SLAM3/Thirdparty/g2o/g2o/types/../core/base_binary_edge.h:59:80: warning: ‘Eigen::AlignedBit’ is deprecated [-Wdeprecated-declarations]
   59 |       typedef Eigen::Map<Matrix<double, Di, Dj>, Matrix<double, Di, Dj>::Flags & AlignedBit ? Aligned : Unaligned > HessianBlockType;
      |                                                                          ~~~~~~^~~~~~~~~~~~
/usr/include/eigen3/Eigen/src/Core/util/Constants.h:167:37: note: declared here
  167 | EIGEN_DEPRECATED const unsigned int AlignedBit = 0x80;
      |                                     ^~~~~~~~~~
/home/zlw/End2End/ORB_SLAM3/Thirdparty/g2o/g2o/types/../core/base_binary_edge.h:60:80: warning: ‘Eigen::AlignedBit’ is deprecated [-Wdeprecated-declarations]
   60 |       typedef Eigen::Map<Matrix<double, Dj, Di>, Matrix<double, Dj, Di>::Flags & AlignedBit ? Aligned : Unaligned > HessianBlockTransposedType;
      |                                                                          ~~~~~~^~~~~~~~~~~~
/usr/include/eigen3/Eigen/src/Core/util/Constants.h:167:37: note: declared here
  167 | EIGEN_DEPRECATED const unsigned int AlignedBit = 0x80;
      |                                     ^~~~~~~~~~
/home/zlw/End2End/ORB_SLAM3/Thirdparty/g2o/g2o/types/../core/base_binary_edge.h: In instantiation of ‘class g2o::BaseBinaryEdge<3, Eigen::Matrix<double, 3, 1>, ORB_SLAM3::VertexGyroBias, ORB_SLAM3::VertexGyroBias>’:
/home/zlw/End2End/ORB_SLAM3/include/G2oTypes.h:635:32:   required from here
/home/zlw/End2End/ORB_SLAM3/Thirdparty/g2o/g2o/types/../core/base_binary_edge.h:59:80: warning: ‘Eigen::AlignedBit’ is deprecated [-Wdeprecated-declarations]
   59 |       typedef Eigen::Map<Matrix<double, Di, Dj>, Matrix<double, Di, Dj>::Flags & AlignedBit ? Aligned : Unaligned > HessianBlockType;
      |                                                                          ~~~~~~^~~~~~~~~~~~
/usr/include/eigen3/Eigen/src/Core/util/Constants.h:167:37: note: declared here
  167 | EIGEN_DEPRECATED const unsigned int AlignedBit = 0x80;
      |                                     ^~~~~~~~~~
/home/zlw/End2End/ORB_SLAM3/Thirdparty/g2o/g2o/types/../core/base_binary_edge.h:60:80: warning: ‘Eigen::AlignedBit’ is deprecated [-Wdeprecated-declarations]
   60 |       typedef Eigen::Map<Matrix<double, Dj, Di>, Matrix<double, Dj, Di>::Flags & AlignedBit ? Aligned : Unaligned > HessianBlockTransposedType;
      |                                                                          ~~~~~~^~~~~~~~~~~~
/usr/include/eigen3/Eigen/src/Core/util/Constants.h:167:37: note: declared here
  167 | EIGEN_DEPRECATED const unsigned int AlignedBit = 0x80;
      |                                     ^~~~~~~~~~
/home/zlw/End2End/ORB_SLAM3/Thirdparty/g2o/g2o/types/../core/base_binary_edge.h: In instantiation of ‘class g2o::BaseBinaryEdge<3, Eigen::Matrix<double, 3, 1>, ORB_SLAM3::VertexAccBias, ORB_SLAM3::VertexAccBias>’:
/home/zlw/End2End/ORB_SLAM3/include/G2oTypes.h:671:31:   required from here
/home/zlw/End2End/ORB_SLAM3/Thirdparty/g2o/g2o/types/../core/base_binary_edge.h:59:80: warning: ‘Eigen::AlignedBit’ is deprecated [-Wdeprecated-declarations]
   59 |       typedef Eigen::Map<Matrix<double, Di, Dj>, Matrix<double, Di, Dj>::Flags & AlignedBit ? Aligned : Unaligned > HessianBlockType;
      |                                                                          ~~~~~~^~~~~~~~~~~~
/usr/include/eigen3/Eigen/src/Core/util/Constants.h:167:37: note: declared here
  167 | EIGEN_DEPRECATED const unsigned int AlignedBit = 0x80;
      |                                     ^~~~~~~~~~
/home/zlw/End2End/ORB_SLAM3/Thirdparty/g2o/g2o/types/../core/base_binary_edge.h:60:80: warning: ‘Eigen::AlignedBit’ is deprecated [-Wdeprecated-declarations]
   60 |       typedef Eigen::Map<Matrix<double, Dj, Di>, Matrix<double, Dj, Di>::Flags & AlignedBit ? Aligned : Unaligned > HessianBlockTransposedType;
      |                                                                          ~~~~~~^~~~~~~~~~~~
/usr/include/eigen3/Eigen/src/Core/util/Constants.h:167:37: note: declared here
  167 | EIGEN_DEPRECATED const unsigned int AlignedBit = 0x80;
      |                                     ^~~~~~~~~~
/home/zlw/End2End/ORB_SLAM3/Thirdparty/g2o/g2o/types/../core/base_binary_edge.h: In instantiation of ‘class g2o::BaseBinaryEdge<6, Eigen::Matrix<double, 6, 1, 0, 6, 1>, ORB_SLAM3::VertexPose4DoF, ORB_SLAM3::VertexPose4DoF>’:
/home/zlw/End2End/ORB_SLAM3/include/G2oTypes.h:817:30:   required from here
/home/zlw/End2End/ORB_SLAM3/Thirdparty/g2o/g2o/types/../core/base_binary_edge.h:59:80: warning: ‘Eigen::AlignedBit’ is deprecated [-Wdeprecated-declarations]
   59 |       typedef Eigen::Map<Matrix<double, Di, Dj>, Matrix<double, Di, Dj>::Flags & AlignedBit ? Aligned : Unaligned > HessianBlockType;
      |                                                                          ~~~~~~^~~~~~~~~~~~
/usr/include/eigen3/Eigen/src/Core/util/Constants.h:167:37: note: declared here
  167 | EIGEN_DEPRECATED const unsigned int AlignedBit = 0x80;
      |                                     ^~~~~~~~~~
/home/zlw/End2End/ORB_SLAM3/Thirdparty/g2o/g2o/types/../core/base_binary_edge.h:60:80: warning: ‘Eigen::AlignedBit’ is deprecated [-Wdeprecated-declarations]
   60 |       typedef Eigen::Map<Matrix<double, Dj, Di>, Matrix<double, Dj, Di>::Flags & AlignedBit ? Aligned : Unaligned > HessianBlockTransposedType;
      |                                                                          ~~~~~~^~~~~~~~~~~~
/usr/include/eigen3/Eigen/src/Core/util/Constants.h:167:37: note: declared here
  167 | EIGEN_DEPRECATED const unsigned int AlignedBit = 0x80;
      |                                     ^~~~~~~~~~
/home/zlw/End2End/ORB_SLAM3/include/Tracking.h: In constructor ‘ORB_SLAM3::Tracking::Tracking(ORB_SLAM3::System*, ORB_SLAM3::ORBVocabulary*, ORB_SLAM3::FrameDrawer*, ORB_SLAM3::MapDrawer*, ORB_SLAM3::Atlas*, ORB_SLAM3::KeyFrameDatabase*, const std::string&, int, ORB_SLAM3::Settings*, const std::string&)’:
/home/zlw/End2End/ORB_SLAM3/include/Tracking.h:288:10: warning: ‘ORB_SLAM3::Tracking::bStepByStep’ will be initialized after [-Wreorder]
  288 |     bool bStepByStep;
      |          ^~~~~~~~~~~
/home/zlw/End2End/ORB_SLAM3/include/Tracking.h:286:18: warning:   ‘ORB_SLAM3::FrameDrawer* ORB_SLAM3::Tracking::mpFrameDrawer’ [-Wreorder]
  286 |     FrameDrawer* mpFrameDrawer;
      |                  ^~~~~~~~~~~~~
/home/zlw/End2End/ORB_SLAM3/src/Tracking.cc:46:1: warning:   when initialized here [-Wreorder]
   46 | Tracking::Tracking(System *pSys, ORBVocabulary* pVoc, FrameDrawer *pFrameDrawer, MapDrawer *pMapDrawer, Atlas *pAtlas, KeyFrameDatabase* pKFDB, const string &strSettingPath, const int sensor, Settings* settings, const string &_nameSeq):
      | ^~~~~~~~
/home/zlw/End2End/ORB_SLAM3/include/Tracking.h:333:10: warning: ‘ORB_SLAM3::Tracking::mbCreatedMap’ will be initialized after [-Wreorder]
  333 |     bool mbCreatedMap;
      |          ^~~~~~~~~~~~
/home/zlw/End2End/ORB_SLAM3/include/Tracking.h:329:18: warning:   ‘unsigned int ORB_SLAM3::Tracking::mnFirstFrameId’ [-Wreorder]
  329 |     unsigned int mnFirstFrameId;
      |                  ^~~~~~~~~~~~~~
/home/zlw/End2End/ORB_SLAM3/src/Tracking.cc:46:1: warning:   when initialized here [-Wreorder]
   46 | Tracking::Tracking(System *pSys, ORBVocabulary* pVoc, FrameDrawer *pFrameDrawer, MapDrawer *pMapDrawer, Atlas *pAtlas, KeyFrameDatabase* pKFDB, const string &strSettingPath, const int sensor, Settings* settings, const string &_nameSeq):
      | ^~~~~~~~
/home/zlw/End2End/ORB_SLAM3/include/Tracking.h:356:33: warning: ‘ORB_SLAM3::Tracking::mpCamera2’ will be initialized after [-Wreorder]
  356 |     GeometricCamera* mpCamera, *mpCamera2;
      |                                 ^~~~~~~~~
/home/zlw/End2End/ORB_SLAM3/include/Tracking.h:323:15: warning:   ‘ORB_SLAM3::KeyFrame* ORB_SLAM3::Tracking::mpLastKeyFrame’ [-Wreorder]
  323 |     KeyFrame* mpLastKeyFrame;
      |               ^~~~~~~~~~~~~~
/home/zlw/End2End/ORB_SLAM3/src/Tracking.cc:46:1: warning:   when initialized here [-Wreorder]
   46 | Tracking::Tracking(System *pSys, ORBVocabulary* pVoc, FrameDrawer *pFrameDrawer, MapDrawer *pMapDrawer, Atlas *pAtlas, KeyFrameDatabase* pKFDB, const string &strSettingPath, const int sensor, Settings* settings, const string &_nameSeq):
      | ^~~~~~~~
/home/zlw/End2End/ORB_SLAM3/src/Tracking.cc: In member function ‘void ORB_SLAM3::Tracking::LocalMapStats2File()’:
/home/zlw/End2End/ORB_SLAM3/src/Tracking.cc:207:19: warning: comparison of integer expressions of different signedness: ‘int’ and ‘std::vector<double, std::allocator<double> >::size_type’ {aka ‘long unsigned int’} [-Wsign-compare]
  207 |     for(int i=0; i<mpLocalMapper->vdLBA_ms.size(); ++i)
      |                  ~^~~~~~~~~~~~~~~~~~~~~~~~~~~~~~~
/home/zlw/End2End/ORB_SLAM3/src/Tracking.cc: In member function ‘void ORB_SLAM3::Tracking::TrackStats2File()’:
/home/zlw/End2End/ORB_SLAM3/src/Tracking.cc:310:19: warning: comparison of integer expressions of different signedness: ‘int’ and ‘std::vector<double, std::allocator<double> >::size_type’ {aka ‘long unsigned int’} [-Wsign-compare]
  310 |     for(int i=0; i<vdTrackTotal_ms.size(); ++i)
      |                  ~^~~~~~~~~~~~~~~~~~~~~~~
/home/zlw/End2End/ORB_SLAM3/src/Tracking.cc: In member function ‘void ORB_SLAM3::Tracking::PrintTimeStats()’:
/home/zlw/End2End/ORB_SLAM3/src/Tracking.cc:513:19: warning: comparison of integer expressions of different signedness: ‘int’ and ‘std::vector<ORB_SLAM3::Map*>::size_type’ {aka ‘long unsigned int’} [-Wsign-compare]
  513 |     for(int i=1; i<vpMaps.size(); ++i)
      |                  ~^~~~~~~~~~~~~~
/home/zlw/End2End/ORB_SLAM3/src/Tracking.cc: In member function ‘void ORB_SLAM3::Tracking::Track()’:
/home/zlw/End2End/ORB_SLAM3/src/Tracking.cc:2269:96: warning: comparison of integer expressions of different signedness: ‘long unsigned int’ and ‘int’ [-Wsign-compare]
 2269 |         if((mCurrentFrame.mnId<(mnLastRelocFrameId+mnFramesToResetIMU)) && (mCurrentFrame.mnId > mnFramesToResetIMU) &&
      |                                                                             ~~~~~~~~~~~~~~~~~~~^~~~~~~~~~~~~~~~~~~~
/home/zlw/End2End/ORB_SLAM3/src/Tracking.cc: In member function ‘bool ORB_SLAM3::Tracking::TrackLocalMap()’:
/home/zlw/End2End/ORB_SLAM3/src/Tracking.cc:3071:9: warning: variable ‘inliers’ set but not used [-Wunused-but-set-variable]
 3071 |     int inliers;
      |         ^~~~~~~
/home/zlw/End2End/ORB_SLAM3/src/Tracking.cc: In member function ‘void ORB_SLAM3::Tracking::SearchLocalPoints()’:
/home/zlw/End2End/ORB_SLAM3/src/Tracking.cc:3515:13: warning: unused variable ‘matches’ [-Wunused-variable]
 3515 |         int matches = matcher.SearchByProjection(mCurrentFrame, mvpLocalMapPoints, th, mpLocalMapper->mbFarPoints, mpLocalMapper->mThFarPoints);
      |             ^~~~~~~
/home/zlw/End2End/ORB_SLAM3/src/Tracking.cc: In member function ‘void ORB_SLAM3::Tracking::UpdateFrameIMU(float, const ORB_SLAM3::IMU::Bias&, ORB_SLAM3::KeyFrame*)’:
/home/zlw/End2End/ORB_SLAM3/src/Tracking.cc:4085:18: warning: unused variable ‘index’ [-Wunused-variable]
 4085 |     unsigned int index = mnFirstFrameId;
      |                  ^~~~~
/home/zlw/End2End/ORB_SLAM3/src/System.cc: In member function ‘void ORB_SLAM3::System::SaveKeyFrameTrajectoryEuRoC(const std::string&)’:
/home/zlw/End2End/ORB_SLAM3/src/System.cc:1088:5: warning: ‘pBiggerMap’ may be used uninitialized [-Wmaybe-uninitialized]
 1088 |     if(!pBiggerMap)
      |     ^~
/home/zlw/End2End/ORB_SLAM3/src/System.cc:1077:10: note: ‘pBiggerMap’ was declared here
 1077 |     Map* pBiggerMap;
      |          ^~~~~~~~~~
/home/zlw/End2End/ORB_SLAM3/src/System.cc: In member function ‘void ORB_SLAM3::System::SaveTrajectoryEuRoC(const std::string&)’:
/home/zlw/End2End/ORB_SLAM3/src/System.cc:701:59: warning: ‘pBiggerMap’ may be used uninitialized [-Wmaybe-uninitialized]
  701 |     vector<KeyFrame*> vpKFs = pBiggerMap->GetAllKeyFrames();
      |                                                           ^
/home/zlw/End2End/ORB_SLAM3/src/System.cc:689:10: note: ‘pBiggerMap’ was declared here
  689 |     Map* pBiggerMap;
      |          ^~~~~~~~~~
[ 14%] Building CXX object CMakeFiles/ORB_SLAM3_h15_f120_o8_purevis.dir/src/LocalMapping.cc.o
In file included from /home/zlw/End2End/ORB_SLAM3/include/Frame.h:30,
                 from /home/zlw/End2End/ORB_SLAM3/include/MapPoint.h:24,
                 from /home/zlw/End2End/ORB_SLAM3/include/KeyFrame.h:23,
                 from /home/zlw/End2End/ORB_SLAM3/include/LocalMapping.h:23,
                 from /home/zlw/End2End/ORB_SLAM3/src/LocalMapping.cc:20:
/home/zlw/End2End/ORB_SLAM3/include/ImuTypes.h: In member function ‘void ORB_SLAM3::IMU::Preintegrated::printMeasurements() const’:
/home/zlw/End2End/ORB_SLAM3/include/ImuTypes.h:204:23: warning: comparison of integer expressions of different signedness: ‘int’ and ‘std::vector<ORB_SLAM3::IMU::Preintegrated::integrable>::size_type’ {aka ‘long unsigned int’} [-Wsign-compare]
  204 |         for(int i=0; i<mvMeasurements.size(); i++){
      |                      ~^~~~~~~~~~~~~~~~~~~~~~
In file included from /home/zlw/End2End/ORB_SLAM3/Thirdparty/DBoW2/DBoW2/FORB.h:17,
                 from /home/zlw/End2End/ORB_SLAM3/include/ORBVocabulary.h:23,
                 from /home/zlw/End2End/ORB_SLAM3/include/Frame.h:31:
/home/zlw/End2End/ORB_SLAM3/Thirdparty/DBoW2/DBoW2/FClass.h: At global scope:
/home/zlw/End2End/ORB_SLAM3/Thirdparty/DBoW2/DBoW2/FClass.h:35:16: warning: ‘virtual void DBoW2::FClass::meanValue(const std::vector<const TDescriptor*>&, TDescriptor&)’ was hidden [-Woverloaded-virtual=]
   35 |   virtual void meanValue(const std::vector<pDescriptor> &descriptors,
      |                ^~~~~~~~~
/home/zlw/End2End/ORB_SLAM3/Thirdparty/DBoW2/DBoW2/FORB.h:38:15: note:   by ‘static void DBoW2::FORB::meanValue(const std::vector<const cv::Mat*>&, TDescriptor&)’
   38 |   static void meanValue(const std::vector<pDescriptor> &descriptors,
      |               ^~~~~~~~~
In file included from /home/zlw/End2End/ORB_SLAM3/Thirdparty/g2o/g2o/types/types_six_dof_expmap.h:37,
                 from /home/zlw/End2End/ORB_SLAM3/include/Converter.h:26,
                 from /home/zlw/End2End/ORB_SLAM3/include/Frame.h:33:
/home/zlw/End2End/ORB_SLAM3/Thirdparty/g2o/g2o/types/../core/base_vertex.h:62:74: warning: ‘Eigen::AlignedBit’ is deprecated [-Wdeprecated-declarations]
   62 |     typedef Eigen::Map<Matrix<double, D, D>, Matrix<double,D,D>::Flags & AlignedBit ? Aligned : Unaligned >  HessianBlockType;
      |                                                                          ^~~~~~~~~~
In file included from /usr/include/eigen3/Eigen/Core:161,
                 from /usr/include/eigen3/Eigen/LU:11,
                 from /home/zlw/End2End/ORB_SLAM3/Thirdparty/Sophus/sophus/so2.hpp:12,
                 from /home/zlw/End2End/ORB_SLAM3/Thirdparty/Sophus/sophus/se2.hpp:7,
                 from /home/zlw/End2End/ORB_SLAM3/Thirdparty/Sophus/sophus/geometry.hpp:7,
                 from /home/zlw/End2End/ORB_SLAM3/include/Frame.h:28:
/usr/include/eigen3/Eigen/src/Core/util/Constants.h:167:37: note: declared here
  167 | EIGEN_DEPRECATED const unsigned int AlignedBit = 0x80;
      |                                     ^~~~~~~~~~
In file included from /home/zlw/End2End/ORB_SLAM3/Thirdparty/g2o/g2o/types/types_six_dof_expmap.h:38:
/home/zlw/End2End/ORB_SLAM3/Thirdparty/g2o/g2o/types/../core/base_binary_edge.h:59:82: warning: ‘Eigen::AlignedBit’ is deprecated [-Wdeprecated-declarations]
   59 |       typedef Eigen::Map<Matrix<double, Di, Dj>, Matrix<double, Di, Dj>::Flags & AlignedBit ? Aligned : Unaligned > HessianBlockType;
      |                                                                                  ^~~~~~~~~~
/usr/include/eigen3/Eigen/src/Core/util/Constants.h:167:37: note: declared here
  167 | EIGEN_DEPRECATED const unsigned int AlignedBit = 0x80;
      |                                     ^~~~~~~~~~
/home/zlw/End2End/ORB_SLAM3/Thirdparty/g2o/g2o/types/../core/base_binary_edge.h:60:82: warning: ‘Eigen::AlignedBit’ is deprecated [-Wdeprecated-declarations]
   60 |       typedef Eigen::Map<Matrix<double, Dj, Di>, Matrix<double, Dj, Di>::Flags & AlignedBit ? Aligned : Unaligned > HessianBlockTransposedType;
      |                                                                                  ^~~~~~~~~~
/usr/include/eigen3/Eigen/src/Core/util/Constants.h:167:37: note: declared here
  167 | EIGEN_DEPRECATED const unsigned int AlignedBit = 0x80;
      |                                     ^~~~~~~~~~
/home/zlw/End2End/ORB_SLAM3/Thirdparty/g2o/g2o/types/../core/base_vertex.h: In instantiation of ‘class g2o::BaseVertex<3, Eigen::Matrix<double, 3, 1> >’:
/home/zlw/End2End/ORB_SLAM3/Thirdparty/g2o/g2o/types/types_sba.h:40:35:   required from here
/home/zlw/End2End/ORB_SLAM3/Thirdparty/g2o/g2o/types/../core/base_vertex.h:62:72: warning: ‘Eigen::AlignedBit’ is deprecated [-Wdeprecated-declarations]
   62 |     typedef Eigen::Map<Matrix<double, D, D>, Matrix<double,D,D>::Flags & AlignedBit ? Aligned : Unaligned >  HessianBlockType;
      |                                                                  ~~~~~~^~~~~~~~~~~~
/usr/include/eigen3/Eigen/src/Core/util/Constants.h:167:37: note: declared here
  167 | EIGEN_DEPRECATED const unsigned int AlignedBit = 0x80;
      |                                     ^~~~~~~~~~
/home/zlw/End2End/ORB_SLAM3/Thirdparty/g2o/g2o/types/../core/base_vertex.h: In instantiation of ‘class g2o::BaseVertex<6, g2o::SE3Quat>’:
/home/zlw/End2End/ORB_SLAM3/Thirdparty/g2o/g2o/types/types_six_dof_expmap.h:59:33:   required from here
/home/zlw/End2End/ORB_SLAM3/Thirdparty/g2o/g2o/types/../core/base_vertex.h:62:72: warning: ‘Eigen::AlignedBit’ is deprecated [-Wdeprecated-declarations]
   62 |     typedef Eigen::Map<Matrix<double, D, D>, Matrix<double,D,D>::Flags & AlignedBit ? Aligned : Unaligned >  HessianBlockType;
      |                                                                  ~~~~~~^~~~~~~~~~~~
/usr/include/eigen3/Eigen/src/Core/util/Constants.h:167:37: note: declared here
  167 | EIGEN_DEPRECATED const unsigned int AlignedBit = 0x80;
      |                                     ^~~~~~~~~~
/home/zlw/End2End/ORB_SLAM3/Thirdparty/g2o/g2o/types/../core/base_binary_edge.h: In instantiation of ‘class g2o::BaseBinaryEdge<6, g2o::SE3Quat, g2o::VertexSE3Expmap, g2o::VertexSE3Expmap>’:
/home/zlw/End2End/ORB_SLAM3/Thirdparty/g2o/g2o/types/types_six_dof_expmap.h:83:24:   required from here
/home/zlw/End2End/ORB_SLAM3/Thirdparty/g2o/g2o/types/../core/base_binary_edge.h:59:80: warning: ‘Eigen::AlignedBit’ is deprecated [-Wdeprecated-declarations]
   59 |       typedef Eigen::Map<Matrix<double, Di, Dj>, Matrix<double, Di, Dj>::Flags & AlignedBit ? Aligned : Unaligned > HessianBlockType;
      |                                                                          ~~~~~~^~~~~~~~~~~~
/usr/include/eigen3/Eigen/src/Core/util/Constants.h:167:37: note: declared here
  167 | EIGEN_DEPRECATED const unsigned int AlignedBit = 0x80;
      |                                     ^~~~~~~~~~
/home/zlw/End2End/ORB_SLAM3/Thirdparty/g2o/g2o/types/../core/base_binary_edge.h:60:80: warning: ‘Eigen::AlignedBit’ is deprecated [-Wdeprecated-declarations]
   60 |       typedef Eigen::Map<Matrix<double, Dj, Di>, Matrix<double, Dj, Di>::Flags & AlignedBit ? Aligned : Unaligned > HessianBlockTransposedType;
      |                                                                          ~~~~~~^~~~~~~~~~~~
/usr/include/eigen3/Eigen/src/Core/util/Constants.h:167:37: note: declared here
  167 | EIGEN_DEPRECATED const unsigned int AlignedBit = 0x80;
      |                                     ^~~~~~~~~~
/home/zlw/End2End/ORB_SLAM3/Thirdparty/g2o/g2o/types/../core/base_binary_edge.h: In instantiation of ‘class g2o::BaseBinaryEdge<2, Eigen::Matrix<double, 2, 1>, g2o::VertexSBAPointXYZ, g2o::VertexSE3Expmap>’:
/home/zlw/End2End/ORB_SLAM3/Thirdparty/g2o/g2o/types/types_six_dof_expmap.h:114:35:   required from here
/home/zlw/End2End/ORB_SLAM3/Thirdparty/g2o/g2o/types/../core/base_binary_edge.h:59:80: warning: ‘Eigen::AlignedBit’ is deprecated [-Wdeprecated-declarations]
   59 |       typedef Eigen::Map<Matrix<double, Di, Dj>, Matrix<double, Di, Dj>::Flags & AlignedBit ? Aligned : Unaligned > HessianBlockType;
      |                                                                          ~~~~~~^~~~~~~~~~~~
/usr/include/eigen3/Eigen/src/Core/util/Constants.h:167:37: note: declared here
  167 | EIGEN_DEPRECATED const unsigned int AlignedBit = 0x80;
      |                                     ^~~~~~~~~~
/home/zlw/End2End/ORB_SLAM3/Thirdparty/g2o/g2o/types/../core/base_binary_edge.h:60:80: warning: ‘Eigen::AlignedBit’ is deprecated [-Wdeprecated-declarations]
   60 |       typedef Eigen::Map<Matrix<double, Dj, Di>, Matrix<double, Dj, Di>::Flags & AlignedBit ? Aligned : Unaligned > HessianBlockTransposedType;
      |                                                                          ~~~~~~^~~~~~~~~~~~
/usr/include/eigen3/Eigen/src/Core/util/Constants.h:167:37: note: declared here
  167 | EIGEN_DEPRECATED const unsigned int AlignedBit = 0x80;
      |                                     ^~~~~~~~~~
/home/zlw/End2End/ORB_SLAM3/Thirdparty/g2o/g2o/types/../core/base_binary_edge.h: In instantiation of ‘class g2o::BaseBinaryEdge<3, Eigen::Matrix<double, 3, 1>, g2o::VertexSBAPointXYZ, g2o::VertexSE3Expmap>’:
/home/zlw/End2End/ORB_SLAM3/Thirdparty/g2o/g2o/types/types_six_dof_expmap.h:146:41:   required from here
/home/zlw/End2End/ORB_SLAM3/Thirdparty/g2o/g2o/types/../core/base_binary_edge.h:59:80: warning: ‘Eigen::AlignedBit’ is deprecated [-Wdeprecated-declarations]
   59 |       typedef Eigen::Map<Matrix<double, Di, Dj>, Matrix<double, Di, Dj>::Flags & AlignedBit ? Aligned : Unaligned > HessianBlockType;
      |                                                                          ~~~~~~^~~~~~~~~~~~
/usr/include/eigen3/Eigen/src/Core/util/Constants.h:167:37: note: declared here
  167 | EIGEN_DEPRECATED const unsigned int AlignedBit = 0x80;
      |                                     ^~~~~~~~~~
/home/zlw/End2End/ORB_SLAM3/Thirdparty/g2o/g2o/types/../core/base_binary_edge.h:60:80: warning: ‘Eigen::AlignedBit’ is deprecated [-Wdeprecated-declarations]
   60 |       typedef Eigen::Map<Matrix<double, Dj, Di>, Matrix<double, Dj, Di>::Flags & AlignedBit ? Aligned : Unaligned > HessianBlockTransposedType;
      |                                                                          ~~~~~~^~~~~~~~~~~~
/usr/include/eigen3/Eigen/src/Core/util/Constants.h:167:37: note: declared here
  167 | EIGEN_DEPRECATED const unsigned int AlignedBit = 0x80;
      |                                     ^~~~~~~~~~
/home/zlw/End2End/ORB_SLAM3/Thirdparty/g2o/g2o/types/../core/base_vertex.h: In instantiation of ‘class g2o::BaseVertex<7, g2o::Sim3>’:
/home/zlw/End2End/ORB_SLAM3/Thirdparty/g2o/g2o/types/types_seven_dof_expmap.h:48:35:   required from here
/home/zlw/End2End/ORB_SLAM3/Thirdparty/g2o/g2o/types/../core/base_vertex.h:62:72: warning: ‘Eigen::AlignedBit’ is deprecated [-Wdeprecated-declarations]
   62 |     typedef Eigen::Map<Matrix<double, D, D>, Matrix<double,D,D>::Flags & AlignedBit ? Aligned : Unaligned >  HessianBlockType;
      |                                                                  ~~~~~~^~~~~~~~~~~~
/usr/include/eigen3/Eigen/src/Core/util/Constants.h:167:37: note: declared here
  167 | EIGEN_DEPRECATED const unsigned int AlignedBit = 0x80;
      |                                     ^~~~~~~~~~
/home/zlw/End2End/ORB_SLAM3/Thirdparty/g2o/g2o/types/../core/base_binary_edge.h: In instantiation of ‘class g2o::BaseBinaryEdge<7, g2o::Sim3, g2o::VertexSim3Expmap, g2o::VertexSim3Expmap>’:
/home/zlw/End2End/ORB_SLAM3/Thirdparty/g2o/g2o/types/types_seven_dof_expmap.h:99:27:   required from here
/home/zlw/End2End/ORB_SLAM3/Thirdparty/g2o/g2o/types/../core/base_binary_edge.h:59:80: warning: ‘Eigen::AlignedBit’ is deprecated [-Wdeprecated-declarations]
   59 |       typedef Eigen::Map<Matrix<double, Di, Dj>, Matrix<double, Di, Dj>::Flags & AlignedBit ? Aligned : Unaligned > HessianBlockType;
      |                                                                          ~~~~~~^~~~~~~~~~~~
/usr/include/eigen3/Eigen/src/Core/util/Constants.h:167:37: note: declared here
  167 | EIGEN_DEPRECATED const unsigned int AlignedBit = 0x80;
      |                                     ^~~~~~~~~~
/home/zlw/End2End/ORB_SLAM3/Thirdparty/g2o/g2o/types/../core/base_binary_edge.h:60:80: warning: ‘Eigen::AlignedBit’ is deprecated [-Wdeprecated-declarations]
   60 |       typedef Eigen::Map<Matrix<double, Dj, Di>, Matrix<double, Dj, Di>::Flags & AlignedBit ? Aligned : Unaligned > HessianBlockTransposedType;
      |                                                                          ~~~~~~^~~~~~~~~~~~
/usr/include/eigen3/Eigen/src/Core/util/Constants.h:167:37: note: declared here
  167 | EIGEN_DEPRECATED const unsigned int AlignedBit = 0x80;
      |                                     ^~~~~~~~~~
/home/zlw/End2End/ORB_SLAM3/Thirdparty/g2o/g2o/types/../core/base_binary_edge.h: In instantiation of ‘class g2o::BaseBinaryEdge<2, Eigen::Matrix<double, 2, 1>, g2o::VertexSBAPointXYZ, g2o::VertexSim3Expmap>’:
/home/zlw/End2End/ORB_SLAM3/Thirdparty/g2o/g2o/types/types_seven_dof_expmap.h:130:36:   required from here
/home/zlw/End2End/ORB_SLAM3/Thirdparty/g2o/g2o/types/../core/base_binary_edge.h:59:80: warning: ‘Eigen::AlignedBit’ is deprecated [-Wdeprecated-declarations]
   59 |       typedef Eigen::Map<Matrix<double, Di, Dj>, Matrix<double, Di, Dj>::Flags & AlignedBit ? Aligned : Unaligned > HessianBlockType;
      |                                                                          ~~~~~~^~~~~~~~~~~~
/usr/include/eigen3/Eigen/src/Core/util/Constants.h:167:37: note: declared here
  167 | EIGEN_DEPRECATED const unsigned int AlignedBit = 0x80;
      |                                     ^~~~~~~~~~
/home/zlw/End2End/ORB_SLAM3/Thirdparty/g2o/g2o/types/../core/base_binary_edge.h:60:80: warning: ‘Eigen::AlignedBit’ is deprecated [-Wdeprecated-declarations]
   60 |       typedef Eigen::Map<Matrix<double, Dj, Di>, Matrix<double, Dj, Di>::Flags & AlignedBit ? Aligned : Unaligned > HessianBlockTransposedType;
      |                                                                          ~~~~~~^~~~~~~~~~~~
/usr/include/eigen3/Eigen/src/Core/util/Constants.h:167:37: note: declared here
  167 | EIGEN_DEPRECATED const unsigned int AlignedBit = 0x80;
      |                                     ^~~~~~~~~~
In file included from /home/zlw/End2End/ORB_SLAM3/include/Atlas.h:27,
                 from /home/zlw/End2End/ORB_SLAM3/include/LocalMapping.h:24:
/home/zlw/End2End/ORB_SLAM3/include/CameraModels/KannalaBrandt8.h: In constructor ‘ORB_SLAM3::KannalaBrandt8::KannalaBrandt8(std::vector<float>)’:
/home/zlw/End2End/ORB_SLAM3/include/CameraModels/KannalaBrandt8.h:102:21: warning: ‘ORB_SLAM3::KannalaBrandt8::precision’ will be initialized after [-Wreorder]
  102 |         const float precision;
      |                     ^~~~~~~~~
/home/zlw/End2End/ORB_SLAM3/include/CameraModels/KannalaBrandt8.h:88:26: warning:   ‘std::vector<int> ORB_SLAM3::KannalaBrandt8::mvLappingArea’ [-Wreorder]
   88 |         std::vector<int> mvLappingArea;
      |                          ^~~~~~~~~~~~~
/home/zlw/End2End/ORB_SLAM3/include/CameraModels/KannalaBrandt8.h:47:9: warning:   when initialized here [-Wreorder]
   47 |         KannalaBrandt8(const std::vector<float> _vParameters) : GeometricCamera(_vParameters), precision(1e-6), mvLappingArea(2,0) ,tvr(nullptr) {
      |         ^~~~~~~~~~~~~~
/home/zlw/End2End/ORB_SLAM3/include/CameraModels/KannalaBrandt8.h: In constructor ‘ORB_SLAM3::KannalaBrandt8::KannalaBrandt8(std::vector<float>, float)’:
/home/zlw/End2End/ORB_SLAM3/include/CameraModels/KannalaBrandt8.h:102:21: warning: ‘ORB_SLAM3::KannalaBrandt8::precision’ will be initialized after [-Wreorder]
  102 |         const float precision;
      |                     ^~~~~~~~~
/home/zlw/End2End/ORB_SLAM3/include/CameraModels/KannalaBrandt8.h:88:26: warning:   ‘std::vector<int> ORB_SLAM3::KannalaBrandt8::mvLappingArea’ [-Wreorder]
   88 |         std::vector<int> mvLappingArea;
      |                          ^~~~~~~~~~~~~
/home/zlw/End2End/ORB_SLAM3/include/CameraModels/KannalaBrandt8.h:53:9: warning:   when initialized here [-Wreorder]
   53 |         KannalaBrandt8(const std::vector<float> _vParameters, const float _precision) : GeometricCamera(_vParameters),
      |         ^~~~~~~~~~~~~~
/home/zlw/End2End/ORB_SLAM3/include/CameraModels/KannalaBrandt8.h: In constructor ‘ORB_SLAM3::KannalaBrandt8::KannalaBrandt8(ORB_SLAM3::KannalaBrandt8*)’:
/home/zlw/End2End/ORB_SLAM3/include/CameraModels/KannalaBrandt8.h:102:21: warning: ‘ORB_SLAM3::KannalaBrandt8::precision’ will be initialized after [-Wreorder]
  102 |         const float precision;
      |                     ^~~~~~~~~
/home/zlw/End2End/ORB_SLAM3/include/CameraModels/KannalaBrandt8.h:88:26: warning:   ‘std::vector<int> ORB_SLAM3::KannalaBrandt8::mvLappingArea’ [-Wreorder]
   88 |         std::vector<int> mvLappingArea;
      |                          ^~~~~~~~~~~~~
/home/zlw/End2End/ORB_SLAM3/include/CameraModels/KannalaBrandt8.h:59:9: warning:   when initialized here [-Wreorder]
   59 |         KannalaBrandt8(KannalaBrandt8* pKannala) : GeometricCamera(pKannala->mvParameters), precision(pKannala->precision), mvLappingArea(2,0) ,tvr(nullptr) {
      |         ^~~~~~~~~~~~~~
/home/zlw/End2End/ORB_SLAM3/include/LocalMapping.h: In constructor ‘ORB_SLAM3::LocalMapping::LocalMapping(ORB_SLAM3::System*, ORB_SLAM3::Atlas*, float, bool, const std::string&)’:
/home/zlw/End2End/ORB_SLAM3/include/LocalMapping.h:187:10: warning: ‘ORB_SLAM3::LocalMapping::bInitializing’ will be initialized after [-Wreorder]
  187 |     bool bInitializing;
      |          ^~~~~~~~~~~~~
/home/zlw/End2End/ORB_SLAM3/include/LocalMapping.h:174:10: warning:   ‘bool ORB_SLAM3::LocalMapping::mbAbortBA’ [-Wreorder]
  174 |     bool mbAbortBA;
      |          ^~~~~~~~~
/home/zlw/End2End/ORB_SLAM3/src/LocalMapping.cc:33:1: warning:   when initialized here [-Wreorder]
   33 | LocalMapping::LocalMapping(System* pSys, Atlas *pAtlas, const float bMonocular, bool bInertial, const string &_strSeqName):
      | ^~~~~~~~~~~~
/home/zlw/End2End/ORB_SLAM3/include/LocalMapping.h:181:10: warning: ‘ORB_SLAM3::LocalMapping::mbAcceptKeyFrames’ will be initialized after [-Wreorder]
  181 |     bool mbAcceptKeyFrames;
      |          ^~~~~~~~~~~~~~~~~
/home/zlw/End2End/ORB_SLAM3/include/LocalMapping.h:94:18: warning:   ‘unsigned int ORB_SLAM3::LocalMapping::mIdxInit’ [-Wreorder]
   94 |     unsigned int mIdxInit;
      |                  ^~~~~~~~
/home/zlw/End2End/ORB_SLAM3/src/LocalMapping.cc:33:1: warning:   when initialized here [-Wreorder]
   33 | LocalMapping::LocalMapping(System* pSys, Atlas *pAtlas, const float bMonocular, bool bInertial, const string &_strSeqName):
      | ^~~~~~~~~~~~
/home/zlw/End2End/ORB_SLAM3/include/LocalMapping.h:94:18: warning: ‘ORB_SLAM3::LocalMapping::mIdxInit’ will be initialized after [-Wreorder]
   94 |     unsigned int mIdxInit;
      |                  ^~~~~~~~
/home/zlw/End2End/ORB_SLAM3/include/LocalMapping.h:89:12: warning:   ‘double ORB_SLAM3::LocalMapping::mScale’ [-Wreorder]
   89 |     double mScale;
      |            ^~~~~~
/home/zlw/End2End/ORB_SLAM3/src/LocalMapping.cc:33:1: warning:   when initialized here [-Wreorder]
   33 | LocalMapping::LocalMapping(System* pSys, Atlas *pAtlas, const float bMonocular, bool bInertial, const string &_strSeqName):
      | ^~~~~~~~~~~~
/home/zlw/End2End/ORB_SLAM3/include/LocalMapping.h:105:10: warning: ‘ORB_SLAM3::LocalMapping::mbNotBA2’ will be initialized after [-Wreorder]
  105 |     bool mbNotBA2;
      |          ^~~~~~~~
/home/zlw/End2End/ORB_SLAM3/include/LocalMapping.h:101:9: warning:   ‘int ORB_SLAM3::LocalMapping::mIdxIteration’ [-Wreorder]
  101 |     int mIdxIteration;
      |         ^~~~~~~~~~~~~
/home/zlw/End2End/ORB_SLAM3/src/LocalMapping.cc:33:1: warning:   when initialized here [-Wreorder]
   33 | LocalMapping::LocalMapping(System* pSys, Atlas *pAtlas, const float bMonocular, bool bInertial, const string &_strSeqName):
      | ^~~~~~~~~~~~
/home/zlw/End2End/ORB_SLAM3/src/LocalMapping.cc: In member function ‘void ORB_SLAM3::LocalMapping::CreateNewMapPoints()’:
/home/zlw/End2End/ORB_SLAM3/src/LocalMapping.cc:401:33: warning: comparison of integer expressions of different signedness: ‘std::vector<ORB_SLAM3::KeyFrame*>::size_type’ {aka ‘long unsigned int’} and ‘int’ [-Wsign-compare]
  401 |         while((vpNeighKFs.size()<=nn)&&(pKF->mPrevKF)&&(count++<nn))
      |                ~~~~~~~~~~~~~~~~~^~~~
/home/zlw/End2End/ORB_SLAM3/src/LocalMapping.cc:478:22: warning: unused variable ‘invfx2’ [-Wunused-variable]
  478 |         const float &invfx2 = pKF2->invfx;
      |                      ^~~~~~
/home/zlw/End2End/ORB_SLAM3/src/LocalMapping.cc:479:22: warning: unused variable ‘invfy2’ [-Wunused-variable]
  479 |         const float &invfy2 = pKF2->invfy;
      |                      ^~~~~~
/home/zlw/End2End/ORB_SLAM3/src/LocalMapping.cc:425:18: warning: unused variable ‘invfx1’ [-Wunused-variable]
  425 |     const float &invfx1 = mpCurrentKeyFrame->invfx;
      |                  ^~~~~~
/home/zlw/End2End/ORB_SLAM3/src/LocalMapping.cc:426:18: warning: unused variable ‘invfy1’ [-Wunused-variable]
  426 |     const float &invfy1 = mpCurrentKeyFrame->invfy;
      |                  ^~~~~~
/home/zlw/End2End/ORB_SLAM3/src/LocalMapping.cc: In member function ‘void ORB_SLAM3::LocalMapping::KeyFrameCulling()’:
/home/zlw/End2End/ORB_SLAM3/src/LocalMapping.cc:969:75: warning: comparison of integer expressions of different signedness: ‘size_t’ {aka ‘long unsigned int’} and ‘const int’ [-Wsign-compare]
  969 |                                                                      : (i < pKF -> NLeft) ? pKF -> mvKeys[i].octave
      |                                                                         ~~^~~~~~~~~~~~~~
/home/zlw/End2End/ORB_SLAM3/src/LocalMapping.cc: In member function ‘void ORB_SLAM3::LocalMapping::InitializeIMU(float, float, bool)’:
/home/zlw/End2End/ORB_SLAM3/src/LocalMapping.cc:1192:33: warning: comparison of integer expressions of different signedness: ‘long unsigned int’ and ‘int’ [-Wsign-compare]
 1192 |     if(mpAtlas->KeyFramesInMap()<nMinKF)
      |        ~~~~~~~~~~~~~~~~~~~~~~~~~^~~~~~~
/home/zlw/End2End/ORB_SLAM3/src/LocalMapping.cc:1206:19: warning: comparison of integer expressions of different signedness: ‘std::vector<ORB_SLAM3::KeyFrame*>::size_type’ {aka ‘long unsigned int’} and ‘int’ [-Wsign-compare]
 1206 |     if(vpKF.size()<nMinKF)
      |        ~~~~~~~~~~~^~~~~~~
/home/zlw/End2End/ORB_SLAM3/src/LocalMapping.cc:1307:43: warning: variable ‘t4’ set but not used [-Wunused-but-set-variable]
 1307 |     std::chrono::steady_clock::time_point t4 = std::chrono::steady_clock::now();
      |                                           ^~
/home/zlw/End2End/ORB_SLAM3/src/LocalMapping.cc:1316:43: warning: variable ‘t5’ set but not used [-Wunused-but-set-variable]
 1316 |     std::chrono::steady_clock::time_point t5 = std::chrono::steady_clock::now();
      |                                           ^~
/home/zlw/End2End/ORB_SLAM3/src/LocalMapping.cc: In member function ‘void ORB_SLAM3::LocalMapping::ScaleRefinement()’:
/home/zlw/End2End/ORB_SLAM3/src/LocalMapping.cc:1459:15: warning: unused variable ‘N’ [-Wunused-variable]
 1459 |     const int N = vpKF.size();
      |               ^
/home/zlw/End2End/ORB_SLAM3/src/LocalMapping.cc:1482:43: warning: variable ‘t2’ set but not used [-Wunused-but-set-variable]
 1482 |     std::chrono::steady_clock::time_point t2 = std::chrono::steady_clock::now();
      |                                           ^~
/home/zlw/End2End/ORB_SLAM3/src/LocalMapping.cc:1489:43: warning: variable ‘t3’ set but not used [-Wunused-but-set-variable]
 1489 |     std::chrono::steady_clock::time_point t3 = std::chrono::steady_clock::now();
      |                                           ^~
/home/zlw/End2End/ORB_SLAM3/src/LocalMapping.cc:1498:12: warning: unused variable ‘t_inertial_only’ [-Wunused-variable]
 1498 |     double t_inertial_only = std::chrono::duration_cast<std::chrono::duration<double> >(t1 - t0).count();
      |            ^~~~~~~~~~~~~~~
/home/zlw/End2End/ORB_SLAM3/src/LocalMapping.cc: In member function ‘void ORB_SLAM3::LocalMapping::KeyFrameCulling()’:
/home/zlw/End2End/ORB_SLAM3/src/LocalMapping.cc:1024:48: warning: ‘last_ID’ may be used uninitialized [-Wmaybe-uninitialized]
 1024 |                     if((bInitImu && (pKF->mnId<last_ID) && t<3.) || (t<0.5))
      |                                                ^~~~~~~
/home/zlw/End2End/ORB_SLAM3/src/LocalMapping.cc:924:18: note: ‘last_ID’ was declared here
  924 |     unsigned int last_ID;
      |                  ^~~~~~~
[ 14%] Building CXX object CMakeFiles/ORB_SLAM3_h15_f120_o8_purevis.dir/src/LoopClosing.cc.o
In file included from /home/zlw/End2End/ORB_SLAM3/include/Frame.h:30,
                 from /home/zlw/End2End/ORB_SLAM3/include/MapPoint.h:24,
                 from /home/zlw/End2End/ORB_SLAM3/include/KeyFrame.h:23,
                 from /home/zlw/End2End/ORB_SLAM3/include/LoopClosing.h:23,
                 from /home/zlw/End2End/ORB_SLAM3/src/LoopClosing.cc:20:
/home/zlw/End2End/ORB_SLAM3/include/ImuTypes.h: In member function ‘void ORB_SLAM3::IMU::Preintegrated::printMeasurements() const’:
/home/zlw/End2End/ORB_SLAM3/include/ImuTypes.h:204:23: warning: comparison of integer expressions of different signedness: ‘int’ and ‘std::vector<ORB_SLAM3::IMU::Preintegrated::integrable>::size_type’ {aka ‘long unsigned int’} [-Wsign-compare]
  204 |         for(int i=0; i<mvMeasurements.size(); i++){
      |                      ~^~~~~~~~~~~~~~~~~~~~~~
In file included from /home/zlw/End2End/ORB_SLAM3/Thirdparty/DBoW2/DBoW2/FORB.h:17,
                 from /home/zlw/End2End/ORB_SLAM3/include/ORBVocabulary.h:23,
                 from /home/zlw/End2End/ORB_SLAM3/include/Frame.h:31:
/home/zlw/End2End/ORB_SLAM3/Thirdparty/DBoW2/DBoW2/FClass.h: At global scope:
/home/zlw/End2End/ORB_SLAM3/Thirdparty/DBoW2/DBoW2/FClass.h:35:16: warning: ‘virtual void DBoW2::FClass::meanValue(const std::vector<const TDescriptor*>&, TDescriptor&)’ was hidden [-Woverloaded-virtual=]
   35 |   virtual void meanValue(const std::vector<pDescriptor> &descriptors,
      |                ^~~~~~~~~
/home/zlw/End2End/ORB_SLAM3/Thirdparty/DBoW2/DBoW2/FORB.h:38:15: note:   by ‘static void DBoW2::FORB::meanValue(const std::vector<const cv::Mat*>&, TDescriptor&)’
   38 |   static void meanValue(const std::vector<pDescriptor> &descriptors,
      |               ^~~~~~~~~
In file included from /home/zlw/End2End/ORB_SLAM3/Thirdparty/g2o/g2o/types/types_six_dof_expmap.h:37,
                 from /home/zlw/End2End/ORB_SLAM3/include/Converter.h:26,
                 from /home/zlw/End2End/ORB_SLAM3/include/Frame.h:33:
/home/zlw/End2End/ORB_SLAM3/Thirdparty/g2o/g2o/types/../core/base_vertex.h:62:74: warning: ‘Eigen::AlignedBit’ is deprecated [-Wdeprecated-declarations]
   62 |     typedef Eigen::Map<Matrix<double, D, D>, Matrix<double,D,D>::Flags & AlignedBit ? Aligned : Unaligned >  HessianBlockType;
      |                                                                          ^~~~~~~~~~
In file included from /usr/include/eigen3/Eigen/Core:161,
                 from /usr/include/eigen3/Eigen/LU:11,
                 from /home/zlw/End2End/ORB_SLAM3/Thirdparty/Sophus/sophus/so2.hpp:12,
                 from /home/zlw/End2End/ORB_SLAM3/Thirdparty/Sophus/sophus/se2.hpp:7,
                 from /home/zlw/End2End/ORB_SLAM3/Thirdparty/Sophus/sophus/geometry.hpp:7,
                 from /home/zlw/End2End/ORB_SLAM3/include/Frame.h:28:
/usr/include/eigen3/Eigen/src/Core/util/Constants.h:167:37: note: declared here
  167 | EIGEN_DEPRECATED const unsigned int AlignedBit = 0x80;
      |                                     ^~~~~~~~~~
In file included from /home/zlw/End2End/ORB_SLAM3/Thirdparty/g2o/g2o/types/types_six_dof_expmap.h:38:
/home/zlw/End2End/ORB_SLAM3/Thirdparty/g2o/g2o/types/../core/base_binary_edge.h:59:82: warning: ‘Eigen::AlignedBit’ is deprecated [-Wdeprecated-declarations]
   59 |       typedef Eigen::Map<Matrix<double, Di, Dj>, Matrix<double, Di, Dj>::Flags & AlignedBit ? Aligned : Unaligned > HessianBlockType;
      |                                                                                  ^~~~~~~~~~
/usr/include/eigen3/Eigen/src/Core/util/Constants.h:167:37: note: declared here
  167 | EIGEN_DEPRECATED const unsigned int AlignedBit = 0x80;
      |                                     ^~~~~~~~~~
/home/zlw/End2End/ORB_SLAM3/Thirdparty/g2o/g2o/types/../core/base_binary_edge.h:60:82: warning: ‘Eigen::AlignedBit’ is deprecated [-Wdeprecated-declarations]
   60 |       typedef Eigen::Map<Matrix<double, Dj, Di>, Matrix<double, Dj, Di>::Flags & AlignedBit ? Aligned : Unaligned > HessianBlockTransposedType;
      |                                                                                  ^~~~~~~~~~
/usr/include/eigen3/Eigen/src/Core/util/Constants.h:167:37: note: declared here
  167 | EIGEN_DEPRECATED const unsigned int AlignedBit = 0x80;
      |                                     ^~~~~~~~~~
/home/zlw/End2End/ORB_SLAM3/Thirdparty/g2o/g2o/types/../core/base_vertex.h: In instantiation of ‘class g2o::BaseVertex<3, Eigen::Matrix<double, 3, 1> >’:
/home/zlw/End2End/ORB_SLAM3/Thirdparty/g2o/g2o/types/types_sba.h:40:35:   required from here
/home/zlw/End2End/ORB_SLAM3/Thirdparty/g2o/g2o/types/../core/base_vertex.h:62:72: warning: ‘Eigen::AlignedBit’ is deprecated [-Wdeprecated-declarations]
   62 |     typedef Eigen::Map<Matrix<double, D, D>, Matrix<double,D,D>::Flags & AlignedBit ? Aligned : Unaligned >  HessianBlockType;
      |                                                                  ~~~~~~^~~~~~~~~~~~
/usr/include/eigen3/Eigen/src/Core/util/Constants.h:167:37: note: declared here
  167 | EIGEN_DEPRECATED const unsigned int AlignedBit = 0x80;
      |                                     ^~~~~~~~~~
/home/zlw/End2End/ORB_SLAM3/Thirdparty/g2o/g2o/types/../core/base_vertex.h: In instantiation of ‘class g2o::BaseVertex<6, g2o::SE3Quat>’:
/home/zlw/End2End/ORB_SLAM3/Thirdparty/g2o/g2o/types/types_six_dof_expmap.h:59:33:   required from here
/home/zlw/End2End/ORB_SLAM3/Thirdparty/g2o/g2o/types/../core/base_vertex.h:62:72: warning: ‘Eigen::AlignedBit’ is deprecated [-Wdeprecated-declarations]
   62 |     typedef Eigen::Map<Matrix<double, D, D>, Matrix<double,D,D>::Flags & AlignedBit ? Aligned : Unaligned >  HessianBlockType;
      |                                                                  ~~~~~~^~~~~~~~~~~~
/usr/include/eigen3/Eigen/src/Core/util/Constants.h:167:37: note: declared here
  167 | EIGEN_DEPRECATED const unsigned int AlignedBit = 0x80;
      |                                     ^~~~~~~~~~
/home/zlw/End2End/ORB_SLAM3/Thirdparty/g2o/g2o/types/../core/base_binary_edge.h: In instantiation of ‘class g2o::BaseBinaryEdge<6, g2o::SE3Quat, g2o::VertexSE3Expmap, g2o::VertexSE3Expmap>’:
/home/zlw/End2End/ORB_SLAM3/Thirdparty/g2o/g2o/types/types_six_dof_expmap.h:83:24:   required from here
/home/zlw/End2End/ORB_SLAM3/Thirdparty/g2o/g2o/types/../core/base_binary_edge.h:59:80: warning: ‘Eigen::AlignedBit’ is deprecated [-Wdeprecated-declarations]
   59 |       typedef Eigen::Map<Matrix<double, Di, Dj>, Matrix<double, Di, Dj>::Flags & AlignedBit ? Aligned : Unaligned > HessianBlockType;
      |                                                                          ~~~~~~^~~~~~~~~~~~
/usr/include/eigen3/Eigen/src/Core/util/Constants.h:167:37: note: declared here
  167 | EIGEN_DEPRECATED const unsigned int AlignedBit = 0x80;
      |                                     ^~~~~~~~~~
/home/zlw/End2End/ORB_SLAM3/Thirdparty/g2o/g2o/types/../core/base_binary_edge.h:60:80: warning: ‘Eigen::AlignedBit’ is deprecated [-Wdeprecated-declarations]
   60 |       typedef Eigen::Map<Matrix<double, Dj, Di>, Matrix<double, Dj, Di>::Flags & AlignedBit ? Aligned : Unaligned > HessianBlockTransposedType;
      |                                                                          ~~~~~~^~~~~~~~~~~~
/usr/include/eigen3/Eigen/src/Core/util/Constants.h:167:37: note: declared here
  167 | EIGEN_DEPRECATED const unsigned int AlignedBit = 0x80;
      |                                     ^~~~~~~~~~
/home/zlw/End2End/ORB_SLAM3/Thirdparty/g2o/g2o/types/../core/base_binary_edge.h: In instantiation of ‘class g2o::BaseBinaryEdge<2, Eigen::Matrix<double, 2, 1>, g2o::VertexSBAPointXYZ, g2o::VertexSE3Expmap>’:
/home/zlw/End2End/ORB_SLAM3/Thirdparty/g2o/g2o/types/types_six_dof_expmap.h:114:35:   required from here
/home/zlw/End2End/ORB_SLAM3/Thirdparty/g2o/g2o/types/../core/base_binary_edge.h:59:80: warning: ‘Eigen::AlignedBit’ is deprecated [-Wdeprecated-declarations]
   59 |       typedef Eigen::Map<Matrix<double, Di, Dj>, Matrix<double, Di, Dj>::Flags & AlignedBit ? Aligned : Unaligned > HessianBlockType;
      |                                                                          ~~~~~~^~~~~~~~~~~~
/usr/include/eigen3/Eigen/src/Core/util/Constants.h:167:37: note: declared here
  167 | EIGEN_DEPRECATED const unsigned int AlignedBit = 0x80;
      |                                     ^~~~~~~~~~
/home/zlw/End2End/ORB_SLAM3/Thirdparty/g2o/g2o/types/../core/base_binary_edge.h:60:80: warning: ‘Eigen::AlignedBit’ is deprecated [-Wdeprecated-declarations]
   60 |       typedef Eigen::Map<Matrix<double, Dj, Di>, Matrix<double, Dj, Di>::Flags & AlignedBit ? Aligned : Unaligned > HessianBlockTransposedType;
      |                                                                          ~~~~~~^~~~~~~~~~~~
/usr/include/eigen3/Eigen/src/Core/util/Constants.h:167:37: note: declared here
  167 | EIGEN_DEPRECATED const unsigned int AlignedBit = 0x80;
      |                                     ^~~~~~~~~~
/home/zlw/End2End/ORB_SLAM3/Thirdparty/g2o/g2o/types/../core/base_binary_edge.h: In instantiation of ‘class g2o::BaseBinaryEdge<3, Eigen::Matrix<double, 3, 1>, g2o::VertexSBAPointXYZ, g2o::VertexSE3Expmap>’:
/home/zlw/End2End/ORB_SLAM3/Thirdparty/g2o/g2o/types/types_six_dof_expmap.h:146:41:   required from here
/home/zlw/End2End/ORB_SLAM3/Thirdparty/g2o/g2o/types/../core/base_binary_edge.h:59:80: warning: ‘Eigen::AlignedBit’ is deprecated [-Wdeprecated-declarations]
   59 |       typedef Eigen::Map<Matrix<double, Di, Dj>, Matrix<double, Di, Dj>::Flags & AlignedBit ? Aligned : Unaligned > HessianBlockType;
      |                                                                          ~~~~~~^~~~~~~~~~~~
/usr/include/eigen3/Eigen/src/Core/util/Constants.h:167:37: note: declared here
  167 | EIGEN_DEPRECATED const unsigned int AlignedBit = 0x80;
      |                                     ^~~~~~~~~~
/home/zlw/End2End/ORB_SLAM3/Thirdparty/g2o/g2o/types/../core/base_binary_edge.h:60:80: warning: ‘Eigen::AlignedBit’ is deprecated [-Wdeprecated-declarations]
   60 |       typedef Eigen::Map<Matrix<double, Dj, Di>, Matrix<double, Dj, Di>::Flags & AlignedBit ? Aligned : Unaligned > HessianBlockTransposedType;
      |                                                                          ~~~~~~^~~~~~~~~~~~
/usr/include/eigen3/Eigen/src/Core/util/Constants.h:167:37: note: declared here
  167 | EIGEN_DEPRECATED const unsigned int AlignedBit = 0x80;
      |                                     ^~~~~~~~~~
/home/zlw/End2End/ORB_SLAM3/Thirdparty/g2o/g2o/types/../core/base_vertex.h: In instantiation of ‘class g2o::BaseVertex<7, g2o::Sim3>’:
/home/zlw/End2End/ORB_SLAM3/Thirdparty/g2o/g2o/types/types_seven_dof_expmap.h:48:35:   required from here
/home/zlw/End2End/ORB_SLAM3/Thirdparty/g2o/g2o/types/../core/base_vertex.h:62:72: warning: ‘Eigen::AlignedBit’ is deprecated [-Wdeprecated-declarations]
   62 |     typedef Eigen::Map<Matrix<double, D, D>, Matrix<double,D,D>::Flags & AlignedBit ? Aligned : Unaligned >  HessianBlockType;
      |                                                                  ~~~~~~^~~~~~~~~~~~
/usr/include/eigen3/Eigen/src/Core/util/Constants.h:167:37: note: declared here
  167 | EIGEN_DEPRECATED const unsigned int AlignedBit = 0x80;
      |                                     ^~~~~~~~~~
/home/zlw/End2End/ORB_SLAM3/Thirdparty/g2o/g2o/types/../core/base_binary_edge.h: In instantiation of ‘class g2o::BaseBinaryEdge<7, g2o::Sim3, g2o::VertexSim3Expmap, g2o::VertexSim3Expmap>’:
/home/zlw/End2End/ORB_SLAM3/Thirdparty/g2o/g2o/types/types_seven_dof_expmap.h:99:27:   required from here
/home/zlw/End2End/ORB_SLAM3/Thirdparty/g2o/g2o/types/../core/base_binary_edge.h:59:80: warning: ‘Eigen::AlignedBit’ is deprecated [-Wdeprecated-declarations]
   59 |       typedef Eigen::Map<Matrix<double, Di, Dj>, Matrix<double, Di, Dj>::Flags & AlignedBit ? Aligned : Unaligned > HessianBlockType;
      |                                                                          ~~~~~~^~~~~~~~~~~~
/usr/include/eigen3/Eigen/src/Core/util/Constants.h:167:37: note: declared here
  167 | EIGEN_DEPRECATED const unsigned int AlignedBit = 0x80;
      |                                     ^~~~~~~~~~
/home/zlw/End2End/ORB_SLAM3/Thirdparty/g2o/g2o/types/../core/base_binary_edge.h:60:80: warning: ‘Eigen::AlignedBit’ is deprecated [-Wdeprecated-declarations]
   60 |       typedef Eigen::Map<Matrix<double, Dj, Di>, Matrix<double, Dj, Di>::Flags & AlignedBit ? Aligned : Unaligned > HessianBlockTransposedType;
      |                                                                          ~~~~~~^~~~~~~~~~~~
/usr/include/eigen3/Eigen/src/Core/util/Constants.h:167:37: note: declared here
  167 | EIGEN_DEPRECATED const unsigned int AlignedBit = 0x80;
      |                                     ^~~~~~~~~~
/home/zlw/End2End/ORB_SLAM3/Thirdparty/g2o/g2o/types/../core/base_binary_edge.h: In instantiation of ‘class g2o::BaseBinaryEdge<2, Eigen::Matrix<double, 2, 1>, g2o::VertexSBAPointXYZ, g2o::VertexSim3Expmap>’:
/home/zlw/End2End/ORB_SLAM3/Thirdparty/g2o/g2o/types/types_seven_dof_expmap.h:130:36:   required from here
/home/zlw/End2End/ORB_SLAM3/Thirdparty/g2o/g2o/types/../core/base_binary_edge.h:59:80: warning: ‘Eigen::AlignedBit’ is deprecated [-Wdeprecated-declarations]
   59 |       typedef Eigen::Map<Matrix<double, Di, Dj>, Matrix<double, Di, Dj>::Flags & AlignedBit ? Aligned : Unaligned > HessianBlockType;
      |                                                                          ~~~~~~^~~~~~~~~~~~
/usr/include/eigen3/Eigen/src/Core/util/Constants.h:167:37: note: declared here
  167 | EIGEN_DEPRECATED const unsigned int AlignedBit = 0x80;
      |                                     ^~~~~~~~~~
/home/zlw/End2End/ORB_SLAM3/Thirdparty/g2o/g2o/types/../core/base_binary_edge.h:60:80: warning: ‘Eigen::AlignedBit’ is deprecated [-Wdeprecated-declarations]
   60 |       typedef Eigen::Map<Matrix<double, Dj, Di>, Matrix<double, Dj, Di>::Flags & AlignedBit ? Aligned : Unaligned > HessianBlockTransposedType;
      |                                                                          ~~~~~~^~~~~~~~~~~~
/usr/include/eigen3/Eigen/src/Core/util/Constants.h:167:37: note: declared here
  167 | EIGEN_DEPRECATED const unsigned int AlignedBit = 0x80;
      |                                     ^~~~~~~~~~
In file included from /home/zlw/End2End/ORB_SLAM3/include/Atlas.h:27,
                 from /home/zlw/End2End/ORB_SLAM3/include/LocalMapping.h:24,
                 from /home/zlw/End2End/ORB_SLAM3/include/LoopClosing.h:24:
/home/zlw/End2End/ORB_SLAM3/include/CameraModels/KannalaBrandt8.h: In constructor ‘ORB_SLAM3::KannalaBrandt8::KannalaBrandt8(std::vector<float>)’:
/home/zlw/End2End/ORB_SLAM3/include/CameraModels/KannalaBrandt8.h:102:21: warning: ‘ORB_SLAM3::KannalaBrandt8::precision’ will be initialized after [-Wreorder]
  102 |         const float precision;
      |                     ^~~~~~~~~
/home/zlw/End2End/ORB_SLAM3/include/CameraModels/KannalaBrandt8.h:88:26: warning:   ‘std::vector<int> ORB_SLAM3::KannalaBrandt8::mvLappingArea’ [-Wreorder]
   88 |         std::vector<int> mvLappingArea;
      |                          ^~~~~~~~~~~~~
/home/zlw/End2End/ORB_SLAM3/include/CameraModels/KannalaBrandt8.h:47:9: warning:   when initialized here [-Wreorder]
   47 |         KannalaBrandt8(const std::vector<float> _vParameters) : GeometricCamera(_vParameters), precision(1e-6), mvLappingArea(2,0) ,tvr(nullptr) {
      |         ^~~~~~~~~~~~~~
/home/zlw/End2End/ORB_SLAM3/include/CameraModels/KannalaBrandt8.h: In constructor ‘ORB_SLAM3::KannalaBrandt8::KannalaBrandt8(std::vector<float>, float)’:
/home/zlw/End2End/ORB_SLAM3/include/CameraModels/KannalaBrandt8.h:102:21: warning: ‘ORB_SLAM3::KannalaBrandt8::precision’ will be initialized after [-Wreorder]
  102 |         const float precision;
      |                     ^~~~~~~~~
/home/zlw/End2End/ORB_SLAM3/include/CameraModels/KannalaBrandt8.h:88:26: warning:   ‘std::vector<int> ORB_SLAM3::KannalaBrandt8::mvLappingArea’ [-Wreorder]
   88 |         std::vector<int> mvLappingArea;
      |                          ^~~~~~~~~~~~~
/home/zlw/End2End/ORB_SLAM3/include/CameraModels/KannalaBrandt8.h:53:9: warning:   when initialized here [-Wreorder]
   53 |         KannalaBrandt8(const std::vector<float> _vParameters, const float _precision) : GeometricCamera(_vParameters),
      |         ^~~~~~~~~~~~~~
/home/zlw/End2End/ORB_SLAM3/include/CameraModels/KannalaBrandt8.h: In constructor ‘ORB_SLAM3::KannalaBrandt8::KannalaBrandt8(ORB_SLAM3::KannalaBrandt8*)’:
/home/zlw/End2End/ORB_SLAM3/include/CameraModels/KannalaBrandt8.h:102:21: warning: ‘ORB_SLAM3::KannalaBrandt8::precision’ will be initialized after [-Wreorder]
  102 |         const float precision;
      |                     ^~~~~~~~~
/home/zlw/End2End/ORB_SLAM3/include/CameraModels/KannalaBrandt8.h:88:26: warning:   ‘std::vector<int> ORB_SLAM3::KannalaBrandt8::mvLappingArea’ [-Wreorder]
   88 |         std::vector<int> mvLappingArea;
      |                          ^~~~~~~~~~~~~
/home/zlw/End2End/ORB_SLAM3/include/CameraModels/KannalaBrandt8.h:59:9: warning:   when initialized here [-Wreorder]
   59 |         KannalaBrandt8(KannalaBrandt8* pKannala) : GeometricCamera(pKannala->mvParameters), precision(pKannala->precision), mvLappingArea(2,0) ,tvr(nullptr) {
      |         ^~~~~~~~~~~~~~
In file included from /home/zlw/End2End/ORB_SLAM3/include/G2oTypes.h:25,
                 from /home/zlw/End2End/ORB_SLAM3/src/LoopClosing.cc:26:
/home/zlw/End2End/ORB_SLAM3/Thirdparty/g2o/g2o/core/base_multi_edge.h: At global scope:
/home/zlw/End2End/ORB_SLAM3/Thirdparty/g2o/g2o/core/base_multi_edge.h:69:54: warning: ‘Eigen::AlignedBit’ is deprecated [-Wdeprecated-declarations]
   69 |       typedef Eigen::Map<MatrixXd, MatrixXd::Flags & AlignedBit ? Aligned : Unaligned > HessianBlockType;
      |                                                      ^~~~~~~~~~
/usr/include/eigen3/Eigen/src/Core/util/Constants.h:167:37: note: declared here
  167 | EIGEN_DEPRECATED const unsigned int AlignedBit = 0x80;
      |                                     ^~~~~~~~~~
/home/zlw/End2End/ORB_SLAM3/Thirdparty/g2o/g2o/types/../core/base_vertex.h: In instantiation of ‘class g2o::BaseVertex<6, ORB_SLAM3::ImuCamPose>’:
/home/zlw/End2End/ORB_SLAM3/include/G2oTypes.h:130:32:   required from here
/home/zlw/End2End/ORB_SLAM3/Thirdparty/g2o/g2o/types/../core/base_vertex.h:62:72: warning: ‘Eigen::AlignedBit’ is deprecated [-Wdeprecated-declarations]
   62 |     typedef Eigen::Map<Matrix<double, D, D>, Matrix<double,D,D>::Flags & AlignedBit ? Aligned : Unaligned >  HessianBlockType;
      |                                                                  ~~~~~~^~~~~~~~~~~~
/usr/include/eigen3/Eigen/src/Core/util/Constants.h:167:37: note: declared here
  167 | EIGEN_DEPRECATED const unsigned int AlignedBit = 0x80;
      |                                     ^~~~~~~~~~
/home/zlw/End2End/ORB_SLAM3/Thirdparty/g2o/g2o/types/../core/base_vertex.h: In instantiation of ‘class g2o::BaseVertex<4, ORB_SLAM3::ImuCamPose>’:
/home/zlw/End2End/ORB_SLAM3/include/G2oTypes.h:155:36:   required from here
/home/zlw/End2End/ORB_SLAM3/Thirdparty/g2o/g2o/types/../core/base_vertex.h:62:72: warning: ‘Eigen::AlignedBit’ is deprecated [-Wdeprecated-declarations]
   62 |     typedef Eigen::Map<Matrix<double, D, D>, Matrix<double,D,D>::Flags & AlignedBit ? Aligned : Unaligned >  HessianBlockType;
      |                                                                  ~~~~~~^~~~~~~~~~~~
/usr/include/eigen3/Eigen/src/Core/util/Constants.h:167:37: note: declared here
  167 | EIGEN_DEPRECATED const unsigned int AlignedBit = 0x80;
      |                                     ^~~~~~~~~~
/home/zlw/End2End/ORB_SLAM3/Thirdparty/g2o/g2o/types/../core/base_vertex.h: In instantiation of ‘class g2o::BaseVertex<2, ORB_SLAM3::GDirection>’:
/home/zlw/End2End/ORB_SLAM3/include/G2oTypes.h:274:32:   required from here
/home/zlw/End2End/ORB_SLAM3/Thirdparty/g2o/g2o/types/../core/base_vertex.h:62:72: warning: ‘Eigen::AlignedBit’ is deprecated [-Wdeprecated-declarations]
   62 |     typedef Eigen::Map<Matrix<double, D, D>, Matrix<double,D,D>::Flags & AlignedBit ? Aligned : Unaligned >  HessianBlockType;
      |                                                                  ~~~~~~^~~~~~~~~~~~
/usr/include/eigen3/Eigen/src/Core/util/Constants.h:167:37: note: declared here
  167 | EIGEN_DEPRECATED const unsigned int AlignedBit = 0x80;
      |                                     ^~~~~~~~~~
/home/zlw/End2End/ORB_SLAM3/Thirdparty/g2o/g2o/types/../core/base_vertex.h: In instantiation of ‘class g2o::BaseVertex<1, double>’:
/home/zlw/End2End/ORB_SLAM3/include/G2oTypes.h:296:33:   required from here
/home/zlw/End2End/ORB_SLAM3/Thirdparty/g2o/g2o/types/../core/base_vertex.h:62:72: warning: ‘Eigen::AlignedBit’ is deprecated [-Wdeprecated-declarations]
   62 |     typedef Eigen::Map<Matrix<double, D, D>, Matrix<double,D,D>::Flags & AlignedBit ? Aligned : Unaligned >  HessianBlockType;
      |                                                                  ~~~~~~^~~~~~~~~~~~
/usr/include/eigen3/Eigen/src/Core/util/Constants.h:167:37: note: declared here
  167 | EIGEN_DEPRECATED const unsigned int AlignedBit = 0x80;
      |                                     ^~~~~~~~~~
/home/zlw/End2End/ORB_SLAM3/Thirdparty/g2o/g2o/types/../core/base_vertex.h: In instantiation of ‘class g2o::BaseVertex<1, ORB_SLAM3::InvDepthPoint>’:
/home/zlw/End2End/ORB_SLAM3/include/G2oTypes.h:321:36:   required from here
/home/zlw/End2End/ORB_SLAM3/Thirdparty/g2o/g2o/types/../core/base_vertex.h:62:72: warning: ‘Eigen::AlignedBit’ is deprecated [-Wdeprecated-declarations]
   62 |     typedef Eigen::Map<Matrix<double, D, D>, Matrix<double,D,D>::Flags & AlignedBit ? Aligned : Unaligned >  HessianBlockType;
      |                                                                  ~~~~~~^~~~~~~~~~~~
/usr/include/eigen3/Eigen/src/Core/util/Constants.h:167:37: note: declared here
  167 | EIGEN_DEPRECATED const unsigned int AlignedBit = 0x80;
      |                                     ^~~~~~~~~~
/home/zlw/End2End/ORB_SLAM3/Thirdparty/g2o/g2o/types/../core/base_binary_edge.h: In instantiation of ‘class g2o::BaseBinaryEdge<2, Eigen::Matrix<double, 2, 1>, g2o::VertexSBAPointXYZ, ORB_SLAM3::VertexPose>’:
/home/zlw/End2End/ORB_SLAM3/include/G2oTypes.h:342:30:   required from here
/home/zlw/End2End/ORB_SLAM3/Thirdparty/g2o/g2o/types/../core/base_binary_edge.h:59:80: warning: ‘Eigen::AlignedBit’ is deprecated [-Wdeprecated-declarations]
   59 |       typedef Eigen::Map<Matrix<double, Di, Dj>, Matrix<double, Di, Dj>::Flags & AlignedBit ? Aligned : Unaligned > HessianBlockType;
      |                                                                          ~~~~~~^~~~~~~~~~~~
/usr/include/eigen3/Eigen/src/Core/util/Constants.h:167:37: note: declared here
  167 | EIGEN_DEPRECATED const unsigned int AlignedBit = 0x80;
      |                                     ^~~~~~~~~~
/home/zlw/End2End/ORB_SLAM3/Thirdparty/g2o/g2o/types/../core/base_binary_edge.h:60:80: warning: ‘Eigen::AlignedBit’ is deprecated [-Wdeprecated-declarations]
   60 |       typedef Eigen::Map<Matrix<double, Dj, Di>, Matrix<double, Dj, Di>::Flags & AlignedBit ? Aligned : Unaligned > HessianBlockTransposedType;
      |                                                                          ~~~~~~^~~~~~~~~~~~
/usr/include/eigen3/Eigen/src/Core/util/Constants.h:167:37: note: declared here
  167 | EIGEN_DEPRECATED const unsigned int AlignedBit = 0x80;
      |                                     ^~~~~~~~~~
/home/zlw/End2End/ORB_SLAM3/Thirdparty/g2o/g2o/types/../core/base_binary_edge.h: In instantiation of ‘class g2o::BaseBinaryEdge<3, Eigen::Matrix<double, 3, 1>, g2o::VertexSBAPointXYZ, ORB_SLAM3::VertexPose>’:
/home/zlw/End2End/ORB_SLAM3/include/G2oTypes.h:425:32:   required from here
/home/zlw/End2End/ORB_SLAM3/Thirdparty/g2o/g2o/types/../core/base_binary_edge.h:59:80: warning: ‘Eigen::AlignedBit’ is deprecated [-Wdeprecated-declarations]
   59 |       typedef Eigen::Map<Matrix<double, Di, Dj>, Matrix<double, Di, Dj>::Flags & AlignedBit ? Aligned : Unaligned > HessianBlockType;
      |                                                                          ~~~~~~^~~~~~~~~~~~
/usr/include/eigen3/Eigen/src/Core/util/Constants.h:167:37: note: declared here
  167 | EIGEN_DEPRECATED const unsigned int AlignedBit = 0x80;
      |                                     ^~~~~~~~~~
/home/zlw/End2End/ORB_SLAM3/Thirdparty/g2o/g2o/types/../core/base_binary_edge.h:60:80: warning: ‘Eigen::AlignedBit’ is deprecated [-Wdeprecated-declarations]
   60 |       typedef Eigen::Map<Matrix<double, Dj, Di>, Matrix<double, Dj, Di>::Flags & AlignedBit ? Aligned : Unaligned > HessianBlockTransposedType;
      |                                                                          ~~~~~~^~~~~~~~~~~~
/usr/include/eigen3/Eigen/src/Core/util/Constants.h:167:37: note: declared here
  167 | EIGEN_DEPRECATED const unsigned int AlignedBit = 0x80;
      |                                     ^~~~~~~~~~
/home/zlw/End2End/ORB_SLAM3/Thirdparty/g2o/g2o/types/../core/base_binary_edge.h: In instantiation of ‘class g2o::BaseBinaryEdge<3, Eigen::Matrix<double, 3, 1>, ORB_SLAM3::VertexGyroBias, ORB_SLAM3::VertexGyroBias>’:
/home/zlw/End2End/ORB_SLAM3/include/G2oTypes.h:635:32:   required from here
/home/zlw/End2End/ORB_SLAM3/Thirdparty/g2o/g2o/types/../core/base_binary_edge.h:59:80: warning: ‘Eigen::AlignedBit’ is deprecated [-Wdeprecated-declarations]
   59 |       typedef Eigen::Map<Matrix<double, Di, Dj>, Matrix<double, Di, Dj>::Flags & AlignedBit ? Aligned : Unaligned > HessianBlockType;
      |                                                                          ~~~~~~^~~~~~~~~~~~
/usr/include/eigen3/Eigen/src/Core/util/Constants.h:167:37: note: declared here
  167 | EIGEN_DEPRECATED const unsigned int AlignedBit = 0x80;
      |                                     ^~~~~~~~~~
/home/zlw/End2End/ORB_SLAM3/Thirdparty/g2o/g2o/types/../core/base_binary_edge.h:60:80: warning: ‘Eigen::AlignedBit’ is deprecated [-Wdeprecated-declarations]
   60 |       typedef Eigen::Map<Matrix<double, Dj, Di>, Matrix<double, Dj, Di>::Flags & AlignedBit ? Aligned : Unaligned > HessianBlockTransposedType;
      |                                                                          ~~~~~~^~~~~~~~~~~~
/usr/include/eigen3/Eigen/src/Core/util/Constants.h:167:37: note: declared here
  167 | EIGEN_DEPRECATED const unsigned int AlignedBit = 0x80;
      |                                     ^~~~~~~~~~
/home/zlw/End2End/ORB_SLAM3/Thirdparty/g2o/g2o/types/../core/base_binary_edge.h: In instantiation of ‘class g2o::BaseBinaryEdge<3, Eigen::Matrix<double, 3, 1>, ORB_SLAM3::VertexAccBias, ORB_SLAM3::VertexAccBias>’:
/home/zlw/End2End/ORB_SLAM3/include/G2oTypes.h:671:31:   required from here
/home/zlw/End2End/ORB_SLAM3/Thirdparty/g2o/g2o/types/../core/base_binary_edge.h:59:80: warning: ‘Eigen::AlignedBit’ is deprecated [-Wdeprecated-declarations]
   59 |       typedef Eigen::Map<Matrix<double, Di, Dj>, Matrix<double, Di, Dj>::Flags & AlignedBit ? Aligned : Unaligned > HessianBlockType;
      |                                                                          ~~~~~~^~~~~~~~~~~~
/usr/include/eigen3/Eigen/src/Core/util/Constants.h:167:37: note: declared here
  167 | EIGEN_DEPRECATED const unsigned int AlignedBit = 0x80;
      |                                     ^~~~~~~~~~
/home/zlw/End2End/ORB_SLAM3/Thirdparty/g2o/g2o/types/../core/base_binary_edge.h:60:80: warning: ‘Eigen::AlignedBit’ is deprecated [-Wdeprecated-declarations]
   60 |       typedef Eigen::Map<Matrix<double, Dj, Di>, Matrix<double, Dj, Di>::Flags & AlignedBit ? Aligned : Unaligned > HessianBlockTransposedType;
      |                                                                          ~~~~~~^~~~~~~~~~~~
/usr/include/eigen3/Eigen/src/Core/util/Constants.h:167:37: note: declared here
  167 | EIGEN_DEPRECATED const unsigned int AlignedBit = 0x80;
      |                                     ^~~~~~~~~~
/home/zlw/End2End/ORB_SLAM3/Thirdparty/g2o/g2o/types/../core/base_binary_edge.h: In instantiation of ‘class g2o::BaseBinaryEdge<6, Eigen::Matrix<double, 6, 1, 0, 6, 1>, ORB_SLAM3::VertexPose4DoF, ORB_SLAM3::VertexPose4DoF>’:
/home/zlw/End2End/ORB_SLAM3/include/G2oTypes.h:817:30:   required from here
/home/zlw/End2End/ORB_SLAM3/Thirdparty/g2o/g2o/types/../core/base_binary_edge.h:59:80: warning: ‘Eigen::AlignedBit’ is deprecated [-Wdeprecated-declarations]
   59 |       typedef Eigen::Map<Matrix<double, Di, Dj>, Matrix<double, Di, Dj>::Flags & AlignedBit ? Aligned : Unaligned > HessianBlockType;
      |                                                                          ~~~~~~^~~~~~~~~~~~
/usr/include/eigen3/Eigen/src/Core/util/Constants.h:167:37: note: declared here
  167 | EIGEN_DEPRECATED const unsigned int AlignedBit = 0x80;
      |                                     ^~~~~~~~~~
/home/zlw/End2End/ORB_SLAM3/Thirdparty/g2o/g2o/types/../core/base_binary_edge.h:60:80: warning: ‘Eigen::AlignedBit’ is deprecated [-Wdeprecated-declarations]
   60 |       typedef Eigen::Map<Matrix<double, Dj, Di>, Matrix<double, Dj, Di>::Flags & AlignedBit ? Aligned : Unaligned > HessianBlockTransposedType;
      |                                                                          ~~~~~~^~~~~~~~~~~~
/usr/include/eigen3/Eigen/src/Core/util/Constants.h:167:37: note: declared here
  167 | EIGEN_DEPRECATED const unsigned int AlignedBit = 0x80;
      |                                     ^~~~~~~~~~
/home/zlw/End2End/ORB_SLAM3/include/LoopClosing.h: In constructor ‘ORB_SLAM3::LoopClosing::LoopClosing(ORB_SLAM3::Atlas*, ORB_SLAM3::KeyFrameDatabase*, ORB_SLAM3::ORBVocabulary*, bool, bool)’:
/home/zlw/End2End/ORB_SLAM3/include/LoopClosing.h:226:10: warning: ‘ORB_SLAM3::LoopClosing::mnFullBAIdx’ will be initialized after [-Wreorder]
  226 |     bool mnFullBAIdx;
      |          ^~~~~~~~~~~
/home/zlw/End2End/ORB_SLAM3/include/LoopClosing.h:190:9: warning:   ‘int ORB_SLAM3::LoopClosing::mnLoopNumCoincidences’ [-Wreorder]
  190 |     int mnLoopNumCoincidences;
      |         ^~~~~~~~~~~~~~~~~~~~~
/home/zlw/End2End/ORB_SLAM3/src/LoopClosing.cc:35:1: warning:   when initialized here [-Wreorder]
   35 | LoopClosing::LoopClosing(Atlas *pAtlas, KeyFrameDatabase *pDB, ORBVocabulary *pVoc, const bool bFixScale, const bool bActiveLC):
      | ^~~~~~~~~~~
/home/zlw/End2End/ORB_SLAM3/include/LoopClosing.h:199:9: warning: ‘ORB_SLAM3::LoopClosing::mnMergeNumCoincidences’ will be initialized after [-Wreorder]
  199 |     int mnMergeNumCoincidences;
      |         ^~~~~~~~~~~~~~~~~~~~~~
/home/zlw/End2End/ORB_SLAM3/include/LoopClosing.h:189:10: warning:   ‘bool ORB_SLAM3::LoopClosing::mbLoopDetected’ [-Wreorder]
  189 |     bool mbLoopDetected;
      |          ^~~~~~~~~~~~~~
/home/zlw/End2End/ORB_SLAM3/src/LoopClosing.cc:35:1: warning:   when initialized here [-Wreorder]
   35 | LoopClosing::LoopClosing(Atlas *pAtlas, KeyFrameDatabase *pDB, ORBVocabulary *pVoc, const bool bFixScale, const bool bActiveLC):
      | ^~~~~~~~~~~
/home/zlw/End2End/ORB_SLAM3/include/LoopClosing.h:198:10: warning: ‘ORB_SLAM3::LoopClosing::mbMergeDetected’ will be initialized after [-Wreorder]
  198 |     bool mbMergeDetected;
      |          ^~~~~~~~~~~~~~~
/home/zlw/End2End/ORB_SLAM3/include/LoopClosing.h:191:9: warning:   ‘int ORB_SLAM3::LoopClosing::mnLoopNumNotFound’ [-Wreorder]
  191 |     int mnLoopNumNotFound;
      |         ^~~~~~~~~~~~~~~~~
/home/zlw/End2End/ORB_SLAM3/src/LoopClosing.cc:35:1: warning:   when initialized here [-Wreorder]
   35 | LoopClosing::LoopClosing(Atlas *pAtlas, KeyFrameDatabase *pDB, ORBVocabulary *pVoc, const bool bFixScale, const bool bActiveLC):
      | ^~~~~~~~~~~
/home/zlw/End2End/ORB_SLAM3/src/LoopClosing.cc: In member function ‘void ORB_SLAM3::LoopClosing::Run()’:
/home/zlw/End2End/ORB_SLAM3/src/LoopClosing.cc:136:35: warning: variable ‘gSw1m’ set but not used [-Wunused-but-set-variable]
  136 |                         g2o::Sim3 gSw1m = mg2oMergeSlw;
      |                                   ^~~~~
/home/zlw/End2End/ORB_SLAM3/src/LoopClosing.cc: In member function ‘bool ORB_SLAM3::LoopClosing::NewDetectCommonRegions()’:
/home/zlw/End2End/ORB_SLAM3/src/LoopClosing.cc:369:10: warning: variable ‘bCheckSpatial’ set but not used [-Wunused-but-set-variable]
  369 |     bool bCheckSpatial = false;
      |          ^~~~~~~~~~~~~
/home/zlw/End2End/ORB_SLAM3/src/LoopClosing.cc: In member function ‘bool ORB_SLAM3::LoopClosing::DetectCommonRegionsFromBoW(std::vector<ORB_SLAM3::KeyFrame*>&, ORB_SLAM3::KeyFrame*&, ORB_SLAM3::KeyFrame*&, g2o::Sim3&, int&, std::vector<ORB_SLAM3::MapPoint*>&, std::vector<ORB_SLAM3::MapPoint*>&)’:
/home/zlw/End2End/ORB_SLAM3/src/LoopClosing.cc:629:23: warning: comparison of integer expressions of different signedness: ‘int’ and ‘std::vector<ORB_SLAM3::KeyFrame*>::size_type’ {aka ‘long unsigned int’} [-Wsign-compare]
  629 |         for(int j=0; j<vpCovKFi.size(); ++j)
      |                      ~^~~~~~~~~~~~~~~~
/home/zlw/End2End/ORB_SLAM3/src/LoopClosing.cc:657:23: warning: comparison of integer expressions of different signedness: ‘int’ and ‘std::vector<ORB_SLAM3::KeyFrame*>::size_type’ {aka ‘long unsigned int’} [-Wsign-compare]
  657 |         for(int j=0; j<vpCovKFi.size(); ++j)
      |                      ~^~~~~~~~~~~~~~~~
/home/zlw/End2End/ORB_SLAM3/src/LoopClosing.cc:670:23: warning: comparison of integer expressions of different signedness: ‘int’ and ‘std::vector<ORB_SLAM3::KeyFrame*>::size_type’ {aka ‘long unsigned int’} [-Wsign-compare]
  670 |         for(int j=0; j<vpCovKFi.size(); ++j)
      |                      ~^~~~~~~~~~~~~~~~
/home/zlw/End2End/ORB_SLAM3/src/LoopClosing.cc:672:28: warning: comparison of integer expressions of different signedness: ‘int’ and ‘std::vector<ORB_SLAM3::MapPoint*>::size_type’ {aka ‘long unsigned int’} [-Wsign-compare]
  672 |             for(int k=0; k < vvpMatchedMPs[j].size(); ++k)
      |                          ~~^~~~~~~~~~~~~~~~~~~~~~~~~
/home/zlw/End2End/ORB_SLAM3/src/LoopClosing.cc:822:51: warning: comparison of integer expressions of different signedness: ‘int’ and ‘std::vector<ORB_SLAM3::KeyFrame*>::size_type’ {aka ‘long unsigned int’} [-Wsign-compare]
  822 |                             while(nNumKFs < 3 && j<vpCurrentCovKFs.size())
      |                                                  ~^~~~~~~~~~~~~~~~~~~~~~~
/home/zlw/End2End/ORB_SLAM3/src/LoopClosing.cc:837:53: warning: variable ‘vector_dist’ set but not used [-Wunused-but-set-variable]
  837 |                                     Eigen::Vector3f vector_dist = Tc_cj.translation();
      |                                                     ^~~~~~~~~~~
/home/zlw/End2End/ORB_SLAM3/src/LoopClosing.cc:763:26: warning: variable ‘bFixedScale’ set but not used [-Wunused-but-set-variable]
  763 |                     bool bFixedScale = mbFixScale;
      |                          ^~~~~~~~~~~
/home/zlw/End2End/ORB_SLAM3/src/LoopClosing.cc:656:13: warning: variable ‘nIndexMostBoWMatchesKF’ set but not used [-Wunused-but-set-variable]
  656 |         int nIndexMostBoWMatchesKF=0;
      |             ^~~~~~~~~~~~~~~~~~~~~~
/home/zlw/End2End/ORB_SLAM3/src/LoopClosing.cc:886:23: warning: comparison of integer expressions of different signedness: ‘int’ and ‘std::vector<int>::size_type’ {aka ‘long unsigned int’} [-Wsign-compare]
  886 |         for(int i=0; i<vnStage.size(); ++i)
      |                      ~^~~~~~~~~~~~~~~
/home/zlw/End2End/ORB_SLAM3/src/LoopClosing.cc:885:13: warning: variable ‘maxMatched’ set but not used [-Wunused-but-set-variable]
  885 |         int maxMatched;
      |             ^~~~~~~~~~
/home/zlw/End2End/ORB_SLAM3/src/LoopClosing.cc: In member function ‘int ORB_SLAM3::LoopClosing::FindMatchesByProjection(ORB_SLAM3::KeyFrame*, ORB_SLAM3::KeyFrame*, g2o::Sim3&, std::set<ORB_SLAM3::MapPoint*>&, std::vector<ORB_SLAM3::MapPoint*>&, std::vector<ORB_SLAM3::MapPoint*>&)’:
/home/zlw/End2End/ORB_SLAM3/src/LoopClosing.cc:930:21: warning: comparison of integer expressions of different signedness: ‘int’ and ‘std::vector<ORB_SLAM3::KeyFrame*>::size_type’ {aka ‘long unsigned int’} [-Wsign-compare]
  930 |             while(j < vpKFs.size() && nInserted < nNumCovisibles)
      |                   ~~^~~~~~~~~~~~~~
/home/zlw/End2End/ORB_SLAM3/src/LoopClosing.cc: In member function ‘void ORB_SLAM3::LoopClosing::MergeLocal()’:
/home/zlw/End2End/ORB_SLAM3/src/LoopClosing.cc:1312:35: warning: comparison of integer expressions of different signedness: ‘std::set<ORB_SLAM3::KeyFrame*>::size_type’ {aka ‘long unsigned int’} and ‘int’ [-Wsign-compare]
 1312 |     while(spLocalWindowKFs.size() < numTemporalKFs && nNumTries < nMaxTries)
      |           ~~~~~~~~~~~~~~~~~~~~~~~~^~~~~~~~~~~~~~~~
/home/zlw/End2End/ORB_SLAM3/src/LoopClosing.cc:1315:26: warning: ignoring return value of ‘bool std::vector<_Tp, _Alloc>::empty() const [with _Tp = ORB_SLAM3::KeyFrame*; _Alloc = std::allocator<ORB_SLAM3::KeyFrame*>]’, declared with attribute ‘nodiscard’ [-Wunused-result]
 1315 |         vpNewCovKFs.empty();
      |         ~~~~~~~~~~~~~~~~~^~
In file included from /usr/include/c++/13/vector:66,
                 from /home/zlw/End2End/ORB_SLAM3/include/Frame.h:23:
/usr/include/c++/13/bits/stl_vector.h:1088:7: note: declared here
 1088 |       empty() const _GLIBCXX_NOEXCEPT
      |       ^~~~~
/home/zlw/End2End/ORB_SLAM3/src/LoopClosing.cc:1371:38: warning: comparison of integer expressions of different signedness: ‘std::set<ORB_SLAM3::KeyFrame*>::size_type’ {aka ‘long unsigned int’} and ‘int’ [-Wsign-compare]
 1371 |     while(spMergeConnectedKFs.size() < numTemporalKFs && nNumTries < nMaxTries)
      |           ~~~~~~~~~~~~~~~~~~~~~~~~~~~^~~~~~~~~~~~~~~~
/home/zlw/End2End/ORB_SLAM3/src/LoopClosing.cc: In member function ‘void ORB_SLAM3::LoopClosing::MergeLocal2()’:
/home/zlw/End2End/ORB_SLAM3/src/LoopClosing.cc:1842:47: warning: variable ‘t2’ set but not used [-Wunused-but-set-variable]
 1842 |         std::chrono::steady_clock::time_point t2 = std::chrono::steady_clock::now();
      |                                               ^~
/home/zlw/End2End/ORB_SLAM3/src/LoopClosing.cc:1852:47: warning: variable ‘t3’ set but not used [-Wunused-but-set-variable]
 1852 |         std::chrono::steady_clock::time_point t3 = std::chrono::steady_clock::now();
      |                                               ^~
/home/zlw/End2End/ORB_SLAM3/src/LoopClosing.cc:1787:9: warning: unused variable ‘numTemporalKFs’ [-Wunused-variable]
 1787 |     int numTemporalKFs = 11; //TODO (set by parameter): Temporal KFs in the local window if the map is inertial.
      |         ^~~~~~~~~~~~~~
/home/zlw/End2End/ORB_SLAM3/src/LoopClosing.cc:1800:10: warning: variable ‘bRelaunchBA’ set but not used [-Wunused-but-set-variable]
 1800 |     bool bRelaunchBA = false;
      |          ^~~~~~~~~~~
/home/zlw/End2End/ORB_SLAM3/src/LoopClosing.cc: In member function ‘void ORB_SLAM3::LoopClosing::SearchAndFuse(const KeyFrameAndPose&, std::vector<ORB_SLAM3::MapPoint*>&)’:
/home/zlw/End2End/ORB_SLAM3/src/LoopClosing.cc:2133:13: warning: unused variable ‘numFused’ [-Wunused-variable]
 2133 |         int numFused = matcher.Fuse(pKFi,Scw,vpMapPoints,4,vpReplacePoints);
      |             ^~~~~~~~
/home/zlw/End2End/ORB_SLAM3/src/LoopClosing.cc: In member function ‘void ORB_SLAM3::LoopClosing::SearchAndFuse(const std::vector<ORB_SLAM3::KeyFrame*>&, std::vector<ORB_SLAM3::MapPoint*>&)’:
/home/zlw/End2End/ORB_SLAM3/src/LoopClosing.cc:2161:9: warning: unused variable ‘total_replaces’ [-Wunused-variable]
 2161 |     int total_replaces = 0;
      |         ^~~~~~~~~~~~~~
/home/zlw/End2End/ORB_SLAM3/src/Tracking.cc: In member function ‘bool ORB_SLAM3::Tracking::ParseORBParamFile(cv::FileStorage&)’:
/home/zlw/End2End/ORB_SLAM3/src/Tracking.cc:1381:95: warning: ‘nFeatures’ may be used uninitialized [-Wmaybe-uninitialized]
 1381 |     mpORBextractorLeft = new ORBextractor(nFeatures,fScaleFactor,nLevels,fIniThFAST,fMinThFAST);
      |                                                                                               ^
/home/zlw/End2End/ORB_SLAM3/src/Tracking.cc:1318:9: note: ‘nFeatures’ was declared here
 1318 |     int nFeatures, nLevels, fIniThFAST, fMinThFAST;
      |         ^~~~~~~~~
/home/zlw/End2End/ORB_SLAM3/src/Tracking.cc:1381:95: warning: ‘fScaleFactor’ may be used uninitialized [-Wmaybe-uninitialized]
 1381 |     mpORBextractorLeft = new ORBextractor(nFeatures,fScaleFactor,nLevels,fIniThFAST,fMinThFAST);
      |                                                                                               ^
/home/zlw/End2End/ORB_SLAM3/src/Tracking.cc:1319:11: note: ‘fScaleFactor’ was declared here
 1319 |     float fScaleFactor;
      |           ^~~~~~~~~~~~
/home/zlw/End2End/ORB_SLAM3/src/Tracking.cc:1381:95: warning: ‘nLevels’ may be used uninitialized [-Wmaybe-uninitialized]
 1381 |     mpORBextractorLeft = new ORBextractor(nFeatures,fScaleFactor,nLevels,fIniThFAST,fMinThFAST);
      |                                                                                               ^
/home/zlw/End2End/ORB_SLAM3/src/Tracking.cc:1318:20: note: ‘nLevels’ was declared here
 1318 |     int nFeatures, nLevels, fIniThFAST, fMinThFAST;
      |                    ^~~~~~~
/home/zlw/End2End/ORB_SLAM3/src/Tracking.cc: In member function ‘bool ORB_SLAM3::Tracking::ParseCamParamFile(cv::FileStorage&)’:
/home/zlw/End2End/ORB_SLAM3/src/Tracking.cc:985:20: warning: ‘fx’ may be used uninitialized [-Wmaybe-uninitialized]
  985 |                 fx = fx * mImageScale;
      |                 ~~~^~~~~~~~~~~~~~~~~~
/home/zlw/End2End/ORB_SLAM3/src/Tracking.cc:882:15: note: ‘fx’ was declared here
  882 |         float fx, fy, cx, cy;
      |               ^~
/home/zlw/End2End/ORB_SLAM3/src/Tracking.cc:986:20: warning: ‘fy’ may be used uninitialized [-Wmaybe-uninitialized]
  986 |                 fy = fy * mImageScale;
      |                 ~~~^~~~~~~~~~~~~~~~~~
/home/zlw/End2End/ORB_SLAM3/src/Tracking.cc:882:19: note: ‘fy’ was declared here
  882 |         float fx, fy, cx, cy;
      |                   ^~
/home/zlw/End2End/ORB_SLAM3/src/Tracking.cc:987:20: warning: ‘cx’ may be used uninitialized [-Wmaybe-uninitialized]
  987 |                 cx = cx * mImageScale;
      |                 ~~~^~~~~~~~~~~~~~~~~~
/home/zlw/End2End/ORB_SLAM3/src/Tracking.cc:882:23: note: ‘cx’ was declared here
  882 |         float fx, fy, cx, cy;
      |                       ^~
/home/zlw/End2End/ORB_SLAM3/src/Tracking.cc:988:20: warning: ‘cy’ may be used uninitialized [-Wmaybe-uninitialized]
  988 |                 cy = cy * mImageScale;
      |                 ~~~^~~~~~~~~~~~~~~~~~
/home/zlw/End2End/ORB_SLAM3/src/Tracking.cc:882:27: note: ‘cy’ was declared here
  882 |         float fx, fy, cx, cy;
      |                           ^~
/home/zlw/End2End/ORB_SLAM3/src/Tracking.cc:883:15: warning: ‘k1’ may be used uninitialized [-Wmaybe-uninitialized]
  883 |         float k1, k2, k3, k4;
      |               ^~
/home/zlw/End2End/ORB_SLAM3/src/Tracking.cc:883:19: warning: ‘k2’ may be used uninitialized [-Wmaybe-uninitialized]
  883 |         float k1, k2, k3, k4;
      |                   ^~
/home/zlw/End2End/ORB_SLAM3/src/Tracking.cc:883:23: warning: ‘k3’ may be used uninitialized [-Wmaybe-uninitialized]
  883 |         float k1, k2, k3, k4;
      |                       ^~
In file included from /usr/include/c++/13/istream:41,
                 from /usr/include/c++/13/sstream:40,
                 from /usr/include/c++/13/complex:45,
                 from /usr/include/opencv4/opencv2/core/cvstd.inl.hpp:47,
                 from /usr/include/opencv4/opencv2/core.hpp:3349,
                 from /usr/include/opencv4/opencv2/core/core.hpp:48,
                 from /home/zlw/End2End/ORB_SLAM3/include/Tracking.h:23:
In member function ‘std::basic_ostream<_CharT, _Traits>::__ostream_type& std::basic_ostream<_CharT, _Traits>::operator<<(float) [with _CharT = char; _Traits = std::char_traits<char>]’,
    inlined from ‘bool ORB_SLAM3::Tracking::ParseCamParamFile(cv::FileStorage&)’ at /home/zlw/End2End/ORB_SLAM3/src/Tracking.cc:1003:38:
/usr/include/c++/13/ostream:230:25: warning: ‘k4’ may be used uninitialized [-Wmaybe-uninitialized]
  230 |         return _M_insert(static_cast<double>(__f));
      |                ~~~~~~~~~^~~~~~~~~~~~~~~~~~~~~~~~~~
/home/zlw/End2End/ORB_SLAM3/src/Tracking.cc: In member function ‘bool ORB_SLAM3::Tracking::ParseCamParamFile(cv::FileStorage&)’:
/home/zlw/End2End/ORB_SLAM3/src/Tracking.cc:883:27: note: ‘k4’ was declared here
  883 |         float k1, k2, k3, k4;
      |                           ^~
/home/zlw/End2End/ORB_SLAM3/src/Tracking.cc:726:15: warning: ‘fx’ may be used uninitialized [-Wmaybe-uninitialized]
  726 |         float fx, fy, cx, cy;
      |               ^~
/home/zlw/End2End/ORB_SLAM3/src/Tracking.cc:726:19: warning: ‘fy’ may be used uninitialized [-Wmaybe-uninitialized]
  726 |         float fx, fy, cx, cy;
      |                   ^~
/home/zlw/End2End/ORB_SLAM3/src/Tracking.cc:726:23: warning: ‘cx’ may be used uninitialized [-Wmaybe-uninitialized]
  726 |         float fx, fy, cx, cy;
      |                       ^~
/home/zlw/End2End/ORB_SLAM3/src/Tracking.cc:726:27: warning: ‘cy’ may be used uninitialized [-Wmaybe-uninitialized]
  726 |         float fx, fy, cx, cy;
      |                           ^~
In member function ‘std::basic_ostream<_CharT, _Traits>::__ostream_type& std::basic_ostream<_CharT, _Traits>::operator<<(float) [with _CharT = char; _Traits = std::char_traits<char>]’,
    inlined from ‘bool ORB_SLAM3::Tracking::ParseIMUParamFile(cv::FileStorage&)’ at /home/zlw/End2End/ORB_SLAM3/src/Tracking.cc:1512:35:
/usr/include/c++/13/ostream:230:25: warning: ‘Ng’ may be used uninitialized [-Wmaybe-uninitialized]
  230 |         return _M_insert(static_cast<double>(__f));
      |                ~~~~~~~~~^~~~~~~~~~~~~~~~~~~~~~~~~~
/home/zlw/End2End/ORB_SLAM3/src/Tracking.cc: In member function ‘bool ORB_SLAM3::Tracking::ParseIMUParamFile(cv::FileStorage&)’:
/home/zlw/End2End/ORB_SLAM3/src/Tracking.cc:1436:11: note: ‘Ng’ was declared here
 1436 |     float Ng, Na, Ngw, Naw;
      |           ^~
In member function ‘std::basic_ostream<_CharT, _Traits>::__ostream_type& std::basic_ostream<_CharT, _Traits>::operator<<(float) [with _CharT = char; _Traits = std::char_traits<char>]’,
    inlined from ‘bool ORB_SLAM3::Tracking::ParseIMUParamFile(cv::FileStorage&)’ at /home/zlw/End2End/ORB_SLAM3/src/Tracking.cc:1514:44:
/usr/include/c++/13/ostream:230:25: warning: ‘Na’ may be used uninitialized [-Wmaybe-uninitialized]
  230 |         return _M_insert(static_cast<double>(__f));
      |                ~~~~~~~~~^~~~~~~~~~~~~~~~~~~~~~~~~~
/home/zlw/End2End/ORB_SLAM3/src/Tracking.cc: In member function ‘bool ORB_SLAM3::Tracking::ParseIMUParamFile(cv::FileStorage&)’:
/home/zlw/End2End/ORB_SLAM3/src/Tracking.cc:1436:15: note: ‘Na’ was declared here
 1436 |     float Ng, Na, Ngw, Naw;
      |               ^~
In member function ‘std::basic_ostream<_CharT, _Traits>::__ostream_type& std::basic_ostream<_CharT, _Traits>::operator<<(float) [with _CharT = char; _Traits = std::char_traits<char>]’,
    inlined from ‘bool ORB_SLAM3::Tracking::ParseIMUParamFile(cv::FileStorage&)’ at /home/zlw/End2End/ORB_SLAM3/src/Tracking.cc:1513:34:
/usr/include/c++/13/ostream:230:25: warning: ‘Ngw’ may be used uninitialized [-Wmaybe-uninitialized]
  230 |         return _M_insert(static_cast<double>(__f));
      |                ~~~~~~~~~^~~~~~~~~~~~~~~~~~~~~~~~~~
/home/zlw/End2End/ORB_SLAM3/src/Tracking.cc: In member function ‘bool ORB_SLAM3::Tracking::ParseIMUParamFile(cv::FileStorage&)’:
/home/zlw/End2End/ORB_SLAM3/src/Tracking.cc:1436:19: note: ‘Ngw’ was declared here
 1436 |     float Ng, Na, Ngw, Naw;
      |                   ^~~
In member function ‘std::basic_ostream<_CharT, _Traits>::__ostream_type& std::basic_ostream<_CharT, _Traits>::operator<<(float) [with _CharT = char; _Traits = std::char_traits<char>]’,
    inlined from ‘bool ORB_SLAM3::Tracking::ParseIMUParamFile(cv::FileStorage&)’ at /home/zlw/End2End/ORB_SLAM3/src/Tracking.cc:1515:43:
/usr/include/c++/13/ostream:230:25: warning: ‘Naw’ may be used uninitialized [-Wmaybe-uninitialized]
  230 |         return _M_insert(static_cast<double>(__f));
      |                ~~~~~~~~~^~~~~~~~~~~~~~~~~~~~~~~~~~
/home/zlw/End2End/ORB_SLAM3/src/Tracking.cc: In member function ‘bool ORB_SLAM3::Tracking::ParseIMUParamFile(cv::FileStorage&)’:
/home/zlw/End2End/ORB_SLAM3/src/Tracking.cc:1436:24: note: ‘Naw’ was declared here
 1436 |     float Ng, Na, Ngw, Naw;
      |                        ^~~
/home/zlw/End2End/ORB_SLAM3/src/Tracking.cc: In member function ‘void ORB_SLAM3::Tracking::Track()’:
/home/zlw/End2End/ORB_SLAM3/src/Tracking.cc:2240:13: warning: ‘bOK’ may be used uninitialized [-Wmaybe-uninitialized]
 2240 |             if(bOK && !mbVO)
      |             ^~
/home/zlw/End2End/ORB_SLAM3/src/Tracking.cc:2028:14: note: ‘bOK’ was declared here
 2028 |         bool bOK;
      |              ^~~
[ 14%] Building CXX object CMakeFiles/ORB_SLAM3_h15_f120_o8_purevis.dir/src/ORBextractor.cc.o
[ 14%] Building CXX object CMakeFiles/ORB_SLAM3_h15_f120_o8_purevis.dir/src/ORBmatcher.cc.o
In file included from /home/zlw/End2End/ORB_SLAM3/Thirdparty/DBoW2/DBoW2/FORB.h:17,
                 from /home/zlw/End2End/ORB_SLAM3/include/ORBVocabulary.h:23,
                 from /home/zlw/End2End/ORB_SLAM3/include/KeyFrame.h:26,
                 from /home/zlw/End2End/ORB_SLAM3/include/MapPoint.h:23,
                 from /home/zlw/End2End/ORB_SLAM3/include/ORBmatcher.h:28,
                 from /home/zlw/End2End/ORB_SLAM3/src/ORBmatcher.cc:20:
/home/zlw/End2End/ORB_SLAM3/Thirdparty/DBoW2/DBoW2/FClass.h:35:16: warning: ‘virtual void DBoW2::FClass::meanValue(const std::vector<const TDescriptor*>&, TDescriptor&)’ was hidden [-Woverloaded-virtual=]
   35 |   virtual void meanValue(const std::vector<pDescriptor> &descriptors,
      |                ^~~~~~~~~
/home/zlw/End2End/ORB_SLAM3/Thirdparty/DBoW2/DBoW2/FORB.h:38:15: note:   by ‘static void DBoW2::FORB::meanValue(const std::vector<const cv::Mat*>&, TDescriptor&)’
   38 |   static void meanValue(const std::vector<pDescriptor> &descriptors,
      |               ^~~~~~~~~
In file included from /home/zlw/End2End/ORB_SLAM3/include/Frame.h:30,
                 from /home/zlw/End2End/ORB_SLAM3/include/KeyFrame.h:28:
/home/zlw/End2End/ORB_SLAM3/include/ImuTypes.h: In member function ‘void ORB_SLAM3::IMU::Preintegrated::printMeasurements() const’:
/home/zlw/End2End/ORB_SLAM3/include/ImuTypes.h:204:23: warning: comparison of integer expressions of different signedness: ‘int’ and ‘std::vector<ORB_SLAM3::IMU::Preintegrated::integrable>::size_type’ {aka ‘long unsigned int’} [-Wsign-compare]
  204 |         for(int i=0; i<mvMeasurements.size(); i++){
      |                      ~^~~~~~~~~~~~~~~~~~~~~~
In file included from /home/zlw/End2End/ORB_SLAM3/Thirdparty/g2o/g2o/types/types_six_dof_expmap.h:37,
                 from /home/zlw/End2End/ORB_SLAM3/include/Converter.h:26,
                 from /home/zlw/End2End/ORB_SLAM3/include/Frame.h:33:
/home/zlw/End2End/ORB_SLAM3/Thirdparty/g2o/g2o/types/../core/base_vertex.h: At global scope:
/home/zlw/End2End/ORB_SLAM3/Thirdparty/g2o/g2o/types/../core/base_vertex.h:62:74: warning: ‘Eigen::AlignedBit’ is deprecated [-Wdeprecated-declarations]
   62 |     typedef Eigen::Map<Matrix<double, D, D>, Matrix<double,D,D>::Flags & AlignedBit ? Aligned : Unaligned >  HessianBlockType;
      |                                                                          ^~~~~~~~~~
In file included from /usr/include/eigen3/Eigen/Core:161,
                 from /usr/include/eigen3/Eigen/Dense:1,
                 from /home/zlw/End2End/ORB_SLAM3/Thirdparty/Sophus/sophus/rotation_matrix.hpp:7,
                 from /home/zlw/End2End/ORB_SLAM3/Thirdparty/Sophus/sophus/so3.hpp:7,
                 from /home/zlw/End2End/ORB_SLAM3/Thirdparty/Sophus/sophus/rxso3.hpp:7,
                 from /home/zlw/End2End/ORB_SLAM3/Thirdparty/Sophus/sophus/sim3.hpp:7,
                 from /home/zlw/End2End/ORB_SLAM3/include/ORBmatcher.h:26:
/usr/include/eigen3/Eigen/src/Core/util/Constants.h:167:37: note: declared here
  167 | EIGEN_DEPRECATED const unsigned int AlignedBit = 0x80;
      |                                     ^~~~~~~~~~
In file included from /home/zlw/End2End/ORB_SLAM3/Thirdparty/g2o/g2o/types/types_six_dof_expmap.h:38:
/home/zlw/End2End/ORB_SLAM3/Thirdparty/g2o/g2o/types/../core/base_binary_edge.h:59:82: warning: ‘Eigen::AlignedBit’ is deprecated [-Wdeprecated-declarations]
   59 |       typedef Eigen::Map<Matrix<double, Di, Dj>, Matrix<double, Di, Dj>::Flags & AlignedBit ? Aligned : Unaligned > HessianBlockType;
      |                                                                                  ^~~~~~~~~~
/usr/include/eigen3/Eigen/src/Core/util/Constants.h:167:37: note: declared here
  167 | EIGEN_DEPRECATED const unsigned int AlignedBit = 0x80;
      |                                     ^~~~~~~~~~
/home/zlw/End2End/ORB_SLAM3/Thirdparty/g2o/g2o/types/../core/base_binary_edge.h:60:82: warning: ‘Eigen::AlignedBit’ is deprecated [-Wdeprecated-declarations]
   60 |       typedef Eigen::Map<Matrix<double, Dj, Di>, Matrix<double, Dj, Di>::Flags & AlignedBit ? Aligned : Unaligned > HessianBlockTransposedType;
      |                                                                                  ^~~~~~~~~~
/usr/include/eigen3/Eigen/src/Core/util/Constants.h:167:37: note: declared here
  167 | EIGEN_DEPRECATED const unsigned int AlignedBit = 0x80;
      |                                     ^~~~~~~~~~
/home/zlw/End2End/ORB_SLAM3/Thirdparty/g2o/g2o/types/../core/base_vertex.h: In instantiation of ‘class g2o::BaseVertex<3, Eigen::Matrix<double, 3, 1> >’:
/home/zlw/End2End/ORB_SLAM3/Thirdparty/g2o/g2o/types/types_sba.h:40:35:   required from here
/home/zlw/End2End/ORB_SLAM3/Thirdparty/g2o/g2o/types/../core/base_vertex.h:62:72: warning: ‘Eigen::AlignedBit’ is deprecated [-Wdeprecated-declarations]
   62 |     typedef Eigen::Map<Matrix<double, D, D>, Matrix<double,D,D>::Flags & AlignedBit ? Aligned : Unaligned >  HessianBlockType;
      |                                                                  ~~~~~~^~~~~~~~~~~~
/usr/include/eigen3/Eigen/src/Core/util/Constants.h:167:37: note: declared here
  167 | EIGEN_DEPRECATED const unsigned int AlignedBit = 0x80;
      |                                     ^~~~~~~~~~
/home/zlw/End2End/ORB_SLAM3/Thirdparty/g2o/g2o/types/../core/base_vertex.h: In instantiation of ‘class g2o::BaseVertex<6, g2o::SE3Quat>’:
/home/zlw/End2End/ORB_SLAM3/Thirdparty/g2o/g2o/types/types_six_dof_expmap.h:59:33:   required from here
/home/zlw/End2End/ORB_SLAM3/Thirdparty/g2o/g2o/types/../core/base_vertex.h:62:72: warning: ‘Eigen::AlignedBit’ is deprecated [-Wdeprecated-declarations]
   62 |     typedef Eigen::Map<Matrix<double, D, D>, Matrix<double,D,D>::Flags & AlignedBit ? Aligned : Unaligned >  HessianBlockType;
      |                                                                  ~~~~~~^~~~~~~~~~~~
/usr/include/eigen3/Eigen/src/Core/util/Constants.h:167:37: note: declared here
  167 | EIGEN_DEPRECATED const unsigned int AlignedBit = 0x80;
      |                                     ^~~~~~~~~~
/home/zlw/End2End/ORB_SLAM3/Thirdparty/g2o/g2o/types/../core/base_binary_edge.h: In instantiation of ‘class g2o::BaseBinaryEdge<6, g2o::SE3Quat, g2o::VertexSE3Expmap, g2o::VertexSE3Expmap>’:
/home/zlw/End2End/ORB_SLAM3/Thirdparty/g2o/g2o/types/types_six_dof_expmap.h:83:24:   required from here
/home/zlw/End2End/ORB_SLAM3/Thirdparty/g2o/g2o/types/../core/base_binary_edge.h:59:80: warning: ‘Eigen::AlignedBit’ is deprecated [-Wdeprecated-declarations]
   59 |       typedef Eigen::Map<Matrix<double, Di, Dj>, Matrix<double, Di, Dj>::Flags & AlignedBit ? Aligned : Unaligned > HessianBlockType;
      |                                                                          ~~~~~~^~~~~~~~~~~~
/usr/include/eigen3/Eigen/src/Core/util/Constants.h:167:37: note: declared here
  167 | EIGEN_DEPRECATED const unsigned int AlignedBit = 0x80;
      |                                     ^~~~~~~~~~
/home/zlw/End2End/ORB_SLAM3/Thirdparty/g2o/g2o/types/../core/base_binary_edge.h:60:80: warning: ‘Eigen::AlignedBit’ is deprecated [-Wdeprecated-declarations]
   60 |       typedef Eigen::Map<Matrix<double, Dj, Di>, Matrix<double, Dj, Di>::Flags & AlignedBit ? Aligned : Unaligned > HessianBlockTransposedType;
      |                                                                          ~~~~~~^~~~~~~~~~~~
/usr/include/eigen3/Eigen/src/Core/util/Constants.h:167:37: note: declared here
  167 | EIGEN_DEPRECATED const unsigned int AlignedBit = 0x80;
      |                                     ^~~~~~~~~~
/home/zlw/End2End/ORB_SLAM3/Thirdparty/g2o/g2o/types/../core/base_binary_edge.h: In instantiation of ‘class g2o::BaseBinaryEdge<2, Eigen::Matrix<double, 2, 1>, g2o::VertexSBAPointXYZ, g2o::VertexSE3Expmap>’:
/home/zlw/End2End/ORB_SLAM3/Thirdparty/g2o/g2o/types/types_six_dof_expmap.h:114:35:   required from here
/home/zlw/End2End/ORB_SLAM3/Thirdparty/g2o/g2o/types/../core/base_binary_edge.h:59:80: warning: ‘Eigen::AlignedBit’ is deprecated [-Wdeprecated-declarations]
   59 |       typedef Eigen::Map<Matrix<double, Di, Dj>, Matrix<double, Di, Dj>::Flags & AlignedBit ? Aligned : Unaligned > HessianBlockType;
      |                                                                          ~~~~~~^~~~~~~~~~~~
/usr/include/eigen3/Eigen/src/Core/util/Constants.h:167:37: note: declared here
  167 | EIGEN_DEPRECATED const unsigned int AlignedBit = 0x80;
      |                                     ^~~~~~~~~~
/home/zlw/End2End/ORB_SLAM3/Thirdparty/g2o/g2o/types/../core/base_binary_edge.h:60:80: warning: ‘Eigen::AlignedBit’ is deprecated [-Wdeprecated-declarations]
   60 |       typedef Eigen::Map<Matrix<double, Dj, Di>, Matrix<double, Dj, Di>::Flags & AlignedBit ? Aligned : Unaligned > HessianBlockTransposedType;
      |                                                                          ~~~~~~^~~~~~~~~~~~
/usr/include/eigen3/Eigen/src/Core/util/Constants.h:167:37: note: declared here
  167 | EIGEN_DEPRECATED const unsigned int AlignedBit = 0x80;
      |                                     ^~~~~~~~~~
/home/zlw/End2End/ORB_SLAM3/Thirdparty/g2o/g2o/types/../core/base_binary_edge.h: In instantiation of ‘class g2o::BaseBinaryEdge<3, Eigen::Matrix<double, 3, 1>, g2o::VertexSBAPointXYZ, g2o::VertexSE3Expmap>’:
/home/zlw/End2End/ORB_SLAM3/Thirdparty/g2o/g2o/types/types_six_dof_expmap.h:146:41:   required from here
/home/zlw/End2End/ORB_SLAM3/Thirdparty/g2o/g2o/types/../core/base_binary_edge.h:59:80: warning: ‘Eigen::AlignedBit’ is deprecated [-Wdeprecated-declarations]
   59 |       typedef Eigen::Map<Matrix<double, Di, Dj>, Matrix<double, Di, Dj>::Flags & AlignedBit ? Aligned : Unaligned > HessianBlockType;
      |                                                                          ~~~~~~^~~~~~~~~~~~
/usr/include/eigen3/Eigen/src/Core/util/Constants.h:167:37: note: declared here
  167 | EIGEN_DEPRECATED const unsigned int AlignedBit = 0x80;
      |                                     ^~~~~~~~~~
/home/zlw/End2End/ORB_SLAM3/Thirdparty/g2o/g2o/types/../core/base_binary_edge.h:60:80: warning: ‘Eigen::AlignedBit’ is deprecated [-Wdeprecated-declarations]
   60 |       typedef Eigen::Map<Matrix<double, Dj, Di>, Matrix<double, Dj, Di>::Flags & AlignedBit ? Aligned : Unaligned > HessianBlockTransposedType;
      |                                                                          ~~~~~~^~~~~~~~~~~~
/usr/include/eigen3/Eigen/src/Core/util/Constants.h:167:37: note: declared here
  167 | EIGEN_DEPRECATED const unsigned int AlignedBit = 0x80;
      |                                     ^~~~~~~~~~
/home/zlw/End2End/ORB_SLAM3/Thirdparty/g2o/g2o/types/../core/base_vertex.h: In instantiation of ‘class g2o::BaseVertex<7, g2o::Sim3>’:
/home/zlw/End2End/ORB_SLAM3/Thirdparty/g2o/g2o/types/types_seven_dof_expmap.h:48:35:   required from here
/home/zlw/End2End/ORB_SLAM3/Thirdparty/g2o/g2o/types/../core/base_vertex.h:62:72: warning: ‘Eigen::AlignedBit’ is deprecated [-Wdeprecated-declarations]
   62 |     typedef Eigen::Map<Matrix<double, D, D>, Matrix<double,D,D>::Flags & AlignedBit ? Aligned : Unaligned >  HessianBlockType;
      |                                                                  ~~~~~~^~~~~~~~~~~~
/usr/include/eigen3/Eigen/src/Core/util/Constants.h:167:37: note: declared here
  167 | EIGEN_DEPRECATED const unsigned int AlignedBit = 0x80;
      |                                     ^~~~~~~~~~
/home/zlw/End2End/ORB_SLAM3/Thirdparty/g2o/g2o/types/../core/base_binary_edge.h: In instantiation of ‘class g2o::BaseBinaryEdge<7, g2o::Sim3, g2o::VertexSim3Expmap, g2o::VertexSim3Expmap>’:
/home/zlw/End2End/ORB_SLAM3/Thirdparty/g2o/g2o/types/types_seven_dof_expmap.h:99:27:   required from here
/home/zlw/End2End/ORB_SLAM3/Thirdparty/g2o/g2o/types/../core/base_binary_edge.h:59:80: warning: ‘Eigen::AlignedBit’ is deprecated [-Wdeprecated-declarations]
   59 |       typedef Eigen::Map<Matrix<double, Di, Dj>, Matrix<double, Di, Dj>::Flags & AlignedBit ? Aligned : Unaligned > HessianBlockType;
      |                                                                          ~~~~~~^~~~~~~~~~~~
/usr/include/eigen3/Eigen/src/Core/util/Constants.h:167:37: note: declared here
  167 | EIGEN_DEPRECATED const unsigned int AlignedBit = 0x80;
      |                                     ^~~~~~~~~~
/home/zlw/End2End/ORB_SLAM3/Thirdparty/g2o/g2o/types/../core/base_binary_edge.h:60:80: warning: ‘Eigen::AlignedBit’ is deprecated [-Wdeprecated-declarations]
   60 |       typedef Eigen::Map<Matrix<double, Dj, Di>, Matrix<double, Dj, Di>::Flags & AlignedBit ? Aligned : Unaligned > HessianBlockTransposedType;
      |                                                                          ~~~~~~^~~~~~~~~~~~
/usr/include/eigen3/Eigen/src/Core/util/Constants.h:167:37: note: declared here
  167 | EIGEN_DEPRECATED const unsigned int AlignedBit = 0x80;
      |                                     ^~~~~~~~~~
/home/zlw/End2End/ORB_SLAM3/Thirdparty/g2o/g2o/types/../core/base_binary_edge.h: In instantiation of ‘class g2o::BaseBinaryEdge<2, Eigen::Matrix<double, 2, 1>, g2o::VertexSBAPointXYZ, g2o::VertexSim3Expmap>’:
/home/zlw/End2End/ORB_SLAM3/Thirdparty/g2o/g2o/types/types_seven_dof_expmap.h:130:36:   required from here
/home/zlw/End2End/ORB_SLAM3/Thirdparty/g2o/g2o/types/../core/base_binary_edge.h:59:80: warning: ‘Eigen::AlignedBit’ is deprecated [-Wdeprecated-declarations]
   59 |       typedef Eigen::Map<Matrix<double, Di, Dj>, Matrix<double, Di, Dj>::Flags & AlignedBit ? Aligned : Unaligned > HessianBlockType;
      |                                                                          ~~~~~~^~~~~~~~~~~~
/usr/include/eigen3/Eigen/src/Core/util/Constants.h:167:37: note: declared here
  167 | EIGEN_DEPRECATED const unsigned int AlignedBit = 0x80;
      |                                     ^~~~~~~~~~
/home/zlw/End2End/ORB_SLAM3/Thirdparty/g2o/g2o/types/../core/base_binary_edge.h:60:80: warning: ‘Eigen::AlignedBit’ is deprecated [-Wdeprecated-declarations]
   60 |       typedef Eigen::Map<Matrix<double, Dj, Di>, Matrix<double, Dj, Di>::Flags & AlignedBit ? Aligned : Unaligned > HessianBlockTransposedType;
      |                                                                          ~~~~~~^~~~~~~~~~~~
/usr/include/eigen3/Eigen/src/Core/util/Constants.h:167:37: note: declared here
  167 | EIGEN_DEPRECATED const unsigned int AlignedBit = 0x80;
      |                                     ^~~~~~~~~~
/home/zlw/End2End/ORB_SLAM3/src/ORBmatcher.cc: In member function ‘int ORB_SLAM3::ORBmatcher::SearchByProjection(ORB_SLAM3::Frame&, const std::vector<ORB_SLAM3::MapPoint*>&, float, bool, float)’:
/home/zlw/End2End/ORB_SLAM3/src/ORBmatcher.cc:109:64: warning: comparison of integer expressions of different signedness: ‘const size_t’ {aka ‘const long unsigned int’} and ‘int’ [-Wsign-compare]
  109 |                                                         : (idx < F.Nleft) ? F.mvKeys[idx].octave
      |                                                            ~~~~^~~~~~~~~
/home/zlw/End2End/ORB_SLAM3/src/ORBmatcher.cc:116:65: warning: comparison of integer expressions of different signedness: ‘const size_t’ {aka ‘const long unsigned int’} and ‘int’ [-Wsign-compare]
  116 |                                                          : (idx < F.Nleft) ? F.mvKeys[idx].octave
      |                                                             ~~~~^~~~~~~~~
/home/zlw/End2End/ORB_SLAM3/src/ORBmatcher.cc: In member function ‘int ORB_SLAM3::ORBmatcher::SearchByBoW(ORB_SLAM3::KeyFrame*, ORB_SLAM3::Frame&, std::vector<ORB_SLAM3::MapPoint*>&)’:
/home/zlw/End2End/ORB_SLAM3/src/ORBmatcher.cc:306:41: warning: comparison of integer expressions of different signedness: ‘const unsigned int’ and ‘int’ [-Wsign-compare]
  306 |                             if(realIdxF < F.Nleft && dist<bestDist1){
      |                                ~~~~~~~~~^~~~~~~~~
/home/zlw/End2End/ORB_SLAM3/src/ORBmatcher.cc:311:46: warning: comparison of integer expressions of different signedness: ‘const unsigned int’ and ‘int’ [-Wsign-compare]
  311 |                             else if(realIdxF < F.Nleft && dist<bestDist2){
      |                                     ~~~~~~~~~^~~~~~~~~
/home/zlw/End2End/ORB_SLAM3/src/ORBmatcher.cc:315:41: warning: comparison of integer expressions of different signedness: ‘const unsigned int’ and ‘int’ [-Wsign-compare]
  315 |                             if(realIdxF >= F.Nleft && dist<bestDist1R){
      |                                ~~~~~~~~~^~~~~~~~~~
/home/zlw/End2End/ORB_SLAM3/src/ORBmatcher.cc:320:46: warning: comparison of integer expressions of different signedness: ‘const unsigned int’ and ‘int’ [-Wsign-compare]
  320 |                             else if(realIdxF >= F.Nleft && dist<bestDist2R){
      |                                     ~~~~~~~~~^~~~~~~~~~
/home/zlw/End2End/ORB_SLAM3/src/ORBmatcher.cc:335:48: warning: comparison of integer expressions of different signedness: ‘const unsigned int’ and ‘const int’ [-Wsign-compare]
  335 |                                     (realIdxKF >= pKF -> NLeft) ? pKF -> mvKeysRight[realIdxKF - pKF -> NLeft]
      |                                      ~~~~~~~~~~^~~~~~~~~~~~~~~
/home/zlw/End2End/ORB_SLAM3/src/ORBmatcher.cc:365:52: warning: comparison of integer expressions of different signedness: ‘const unsigned int’ and ‘const int’ [-Wsign-compare]
  365 |                                         (realIdxKF >= pKF -> NLeft) ? pKF -> mvKeysRight[realIdxKF - pKF -> NLeft]
      |                                          ~~~~~~~~~~^~~~~~~~~~~~~~~
/home/zlw/End2End/ORB_SLAM3/src/ORBmatcher.cc: In member function ‘int ORB_SLAM3::ORBmatcher::SearchByProjection(ORB_SLAM3::KeyFrame*, Sophus::Sim3f&, const std::vector<ORB_SLAM3::MapPoint*>&, std::vector<ORB_SLAM3::MapPoint*>&, int, float)’:
/home/zlw/End2End/ORB_SLAM3/src/ORBmatcher.cc:431:22: warning: unused variable ‘fx’ [-Wunused-variable]
  431 |         const float &fx = pKF->fx;
      |                      ^~
/home/zlw/End2End/ORB_SLAM3/src/ORBmatcher.cc:432:22: warning: unused variable ‘fy’ [-Wunused-variable]
  432 |         const float &fy = pKF->fy;
      |                      ^~
/home/zlw/End2End/ORB_SLAM3/src/ORBmatcher.cc:433:22: warning: unused variable ‘cx’ [-Wunused-variable]
  433 |         const float &cx = pKF->cx;
      |                      ^~
/home/zlw/End2End/ORB_SLAM3/src/ORBmatcher.cc:434:22: warning: unused variable ‘cy’ [-Wunused-variable]
  434 |         const float &cy = pKF->cy;
      |                      ^~
/home/zlw/End2End/ORB_SLAM3/src/ORBmatcher.cc: In member function ‘int ORB_SLAM3::ORBmatcher::SearchForTriangulation(ORB_SLAM3::KeyFrame*, ORB_SLAM3::KeyFrame*, std::vector<std::pair<long unsigned int, long unsigned int> >&, bool, bool)’:
/home/zlw/End2End/ORB_SLAM3/src/ORBmatcher.cc:986:77: warning: comparison of integer expressions of different signedness: ‘const size_t’ {aka ‘const long unsigned int’} and ‘const int’ [-Wsign-compare]
  986 |                                                                     : (idx1 < pKF1 -> NLeft) ? pKF1 -> mvKeys[idx1]
      |                                                                        ~~~~~^~~~~~~~~~~~~~~
/home/zlw/End2End/ORB_SLAM3/src/ORBmatcher.cc:989:71: warning: comparison of integer expressions of different signedness: ‘const size_t’ {aka ‘const long unsigned int’} and ‘const int’ [-Wsign-compare]
  989 |                     const bool bRight1 = (pKF1 -> NLeft == -1 || idx1 < pKF1 -> NLeft) ? false
      |                                                                  ~~~~~^~~~~~~~~~~~~~~
/home/zlw/End2End/ORB_SLAM3/src/ORBmatcher.cc:1021:81: warning: comparison of integer expressions of different signedness: ‘size_t’ {aka ‘long unsigned int’} and ‘const int’ [-Wsign-compare]
 1021 |                                                                         : (idx2 < pKF2 -> NLeft) ? pKF2 -> mvKeys[idx2]
      |                                                                            ~~~~~^~~~~~~~~~~~~~~
/home/zlw/End2End/ORB_SLAM3/src/ORBmatcher.cc:1023:75: warning: comparison of integer expressions of different signedness: ‘size_t’ {aka ‘long unsigned int’} and ‘const int’ [-Wsign-compare]
 1023 |                         const bool bRight2 = (pKF2 -> NLeft == -1 || idx2 < pKF2 -> NLeft) ? false
      |                                                                      ~~~~~^~~~~~~~~~~~~~~
/home/zlw/End2End/ORB_SLAM3/src/ORBmatcher.cc: In member function ‘int ORB_SLAM3::ORBmatcher::Fuse(ORB_SLAM3::KeyFrame*, const std::vector<ORB_SLAM3::MapPoint*>&, float, bool)’:
/home/zlw/End2End/ORB_SLAM3/src/ORBmatcher.cc:1165:22: warning: unused variable ‘fx’ [-Wunused-variable]
 1165 |         const float &fx = pKF->fx;
      |                      ^~
/home/zlw/End2End/ORB_SLAM3/src/ORBmatcher.cc:1166:22: warning: unused variable ‘fy’ [-Wunused-variable]
 1166 |         const float &fy = pKF->fy;
      |                      ^~
/home/zlw/End2End/ORB_SLAM3/src/ORBmatcher.cc:1167:22: warning: unused variable ‘cx’ [-Wunused-variable]
 1167 |         const float &cx = pKF->cx;
      |                      ^~
/home/zlw/End2End/ORB_SLAM3/src/ORBmatcher.cc:1168:22: warning: unused variable ‘cy’ [-Wunused-variable]
 1168 |         const float &cy = pKF->cy;
      |                      ^~
/home/zlw/End2End/ORB_SLAM3/src/ORBmatcher.cc: In member function ‘int ORB_SLAM3::ORBmatcher::Fuse(ORB_SLAM3::KeyFrame*, Sophus::Sim3f&, const std::vector<ORB_SLAM3::MapPoint*>&, float, std::vector<ORB_SLAM3::MapPoint*>&)’:
/home/zlw/End2End/ORB_SLAM3/src/ORBmatcher.cc:1343:22: warning: unused variable ‘fx’ [-Wunused-variable]
 1343 |         const float &fx = pKF->fx;
      |                      ^~
/home/zlw/End2End/ORB_SLAM3/src/ORBmatcher.cc:1344:22: warning: unused variable ‘fy’ [-Wunused-variable]
 1344 |         const float &fy = pKF->fy;
      |                      ^~
/home/zlw/End2End/ORB_SLAM3/src/ORBmatcher.cc:1345:22: warning: unused variable ‘cx’ [-Wunused-variable]
 1345 |         const float &cx = pKF->cx;
      |                      ^~
/home/zlw/End2End/ORB_SLAM3/src/ORBmatcher.cc:1346:22: warning: unused variable ‘cy’ [-Wunused-variable]
 1346 |         const float &cy = pKF->cy;
      |                      ^~
/home/zlw/End2End/ORB_SLAM3/src/ORBmatcher.cc: In member function ‘int ORB_SLAM3::ORBmatcher::SearchByProjection(ORB_SLAM3::Frame&, const ORB_SLAM3::Frame&, float, bool)’:
/home/zlw/End2End/ORB_SLAM3/src/ORBmatcher.cc:1706:33: warning: unused variable ‘xc’ [-Wunused-variable]
 1706 |                     const float xc = x3Dc(0);
      |                                 ^~
/home/zlw/End2End/ORB_SLAM3/src/ORBmatcher.cc:1707:33: warning: unused variable ‘yc’ [-Wunused-variable]
 1707 |                     const float yc = x3Dc(1);
      |                                 ^~
[ 28%] Building CXX object CMakeFiles/ORB_SLAM3_h15_f120_o8_purevis.dir/src/FrameDrawer.cc.o
In file included from /home/zlw/End2End/ORB_SLAM3/Thirdparty/DBoW2/DBoW2/FORB.h:17,
                 from /home/zlw/End2End/ORB_SLAM3/include/ORBVocabulary.h:23,
                 from /home/zlw/End2End/ORB_SLAM3/include/KeyFrame.h:26,
                 from /home/zlw/End2End/ORB_SLAM3/include/MapPoint.h:23,
                 from /home/zlw/End2End/ORB_SLAM3/include/Map.h:23,
                 from /home/zlw/End2End/ORB_SLAM3/include/Atlas.h:22,
                 from /home/zlw/End2End/ORB_SLAM3/include/MapDrawer.h:23,
                 from /home/zlw/End2End/ORB_SLAM3/include/Viewer.h:24,
                 from /home/zlw/End2End/ORB_SLAM3/include/Tracking.h:26,
                 from /home/zlw/End2End/ORB_SLAM3/include/FrameDrawer.h:23,
                 from /home/zlw/End2End/ORB_SLAM3/src/FrameDrawer.cc:19:
/home/zlw/End2End/ORB_SLAM3/Thirdparty/DBoW2/DBoW2/FClass.h:35:16: warning: ‘virtual void DBoW2::FClass::meanValue(const std::vector<const TDescriptor*>&, TDescriptor&)’ was hidden [-Woverloaded-virtual=]
   35 |   virtual void meanValue(const std::vector<pDescriptor> &descriptors,
      |                ^~~~~~~~~
/home/zlw/End2End/ORB_SLAM3/Thirdparty/DBoW2/DBoW2/FORB.h:38:15: note:   by ‘static void DBoW2::FORB::meanValue(const std::vector<const cv::Mat*>&, TDescriptor&)’
   38 |   static void meanValue(const std::vector<pDescriptor> &descriptors,
      |               ^~~~~~~~~
In file included from /home/zlw/End2End/ORB_SLAM3/include/Frame.h:30,
                 from /home/zlw/End2End/ORB_SLAM3/include/KeyFrame.h:28:
/home/zlw/End2End/ORB_SLAM3/include/ImuTypes.h: In member function ‘void ORB_SLAM3::IMU::Preintegrated::printMeasurements() const’:
/home/zlw/End2End/ORB_SLAM3/include/ImuTypes.h:204:23: warning: comparison of integer expressions of different signedness: ‘int’ and ‘std::vector<ORB_SLAM3::IMU::Preintegrated::integrable>::size_type’ {aka ‘long unsigned int’} [-Wsign-compare]
  204 |         for(int i=0; i<mvMeasurements.size(); i++){
      |                      ~^~~~~~~~~~~~~~~~~~~~~~
In file included from /home/zlw/End2End/ORB_SLAM3/Thirdparty/g2o/g2o/types/types_six_dof_expmap.h:37,
                 from /home/zlw/End2End/ORB_SLAM3/include/Converter.h:26,
                 from /home/zlw/End2End/ORB_SLAM3/include/Frame.h:33:
/home/zlw/End2End/ORB_SLAM3/Thirdparty/g2o/g2o/types/../core/base_vertex.h: At global scope:
/home/zlw/End2End/ORB_SLAM3/Thirdparty/g2o/g2o/types/../core/base_vertex.h:62:74: warning: ‘Eigen::AlignedBit’ is deprecated [-Wdeprecated-declarations]
   62 |     typedef Eigen::Map<Matrix<double, D, D>, Matrix<double,D,D>::Flags & AlignedBit ? Aligned : Unaligned >  HessianBlockType;
      |                                                                          ^~~~~~~~~~
In file included from /usr/include/eigen3/Eigen/Core:161,
                 from /usr/include/eigen3/Eigen/LU:11,
                 from /home/zlw/End2End/ORB_SLAM3/Thirdparty/Sophus/sophus/so2.hpp:12,
                 from /home/zlw/End2End/ORB_SLAM3/Thirdparty/Sophus/sophus/se2.hpp:7,
                 from /home/zlw/End2End/ORB_SLAM3/Thirdparty/Sophus/sophus/geometry.hpp:7,
                 from /home/zlw/End2End/ORB_SLAM3/include/Frame.h:28:
/usr/include/eigen3/Eigen/src/Core/util/Constants.h:167:37: note: declared here
  167 | EIGEN_DEPRECATED const unsigned int AlignedBit = 0x80;
      |                                     ^~~~~~~~~~
In file included from /home/zlw/End2End/ORB_SLAM3/Thirdparty/g2o/g2o/types/types_six_dof_expmap.h:38:
/home/zlw/End2End/ORB_SLAM3/Thirdparty/g2o/g2o/types/../core/base_binary_edge.h:59:82: warning: ‘Eigen::AlignedBit’ is deprecated [-Wdeprecated-declarations]
   59 |       typedef Eigen::Map<Matrix<double, Di, Dj>, Matrix<double, Di, Dj>::Flags & AlignedBit ? Aligned : Unaligned > HessianBlockType;
      |                                                                                  ^~~~~~~~~~
/usr/include/eigen3/Eigen/src/Core/util/Constants.h:167:37: note: declared here
  167 | EIGEN_DEPRECATED const unsigned int AlignedBit = 0x80;
      |                                     ^~~~~~~~~~
/home/zlw/End2End/ORB_SLAM3/Thirdparty/g2o/g2o/types/../core/base_binary_edge.h:60:82: warning: ‘Eigen::AlignedBit’ is deprecated [-Wdeprecated-declarations]
   60 |       typedef Eigen::Map<Matrix<double, Dj, Di>, Matrix<double, Dj, Di>::Flags & AlignedBit ? Aligned : Unaligned > HessianBlockTransposedType;
      |                                                                                  ^~~~~~~~~~
/usr/include/eigen3/Eigen/src/Core/util/Constants.h:167:37: note: declared here
  167 | EIGEN_DEPRECATED const unsigned int AlignedBit = 0x80;
      |                                     ^~~~~~~~~~
/home/zlw/End2End/ORB_SLAM3/Thirdparty/g2o/g2o/types/../core/base_vertex.h: In instantiation of ‘class g2o::BaseVertex<3, Eigen::Matrix<double, 3, 1> >’:
/home/zlw/End2End/ORB_SLAM3/Thirdparty/g2o/g2o/types/types_sba.h:40:35:   required from here
/home/zlw/End2End/ORB_SLAM3/Thirdparty/g2o/g2o/types/../core/base_vertex.h:62:72: warning: ‘Eigen::AlignedBit’ is deprecated [-Wdeprecated-declarations]
   62 |     typedef Eigen::Map<Matrix<double, D, D>, Matrix<double,D,D>::Flags & AlignedBit ? Aligned : Unaligned >  HessianBlockType;
      |                                                                  ~~~~~~^~~~~~~~~~~~
/usr/include/eigen3/Eigen/src/Core/util/Constants.h:167:37: note: declared here
  167 | EIGEN_DEPRECATED const unsigned int AlignedBit = 0x80;
      |                                     ^~~~~~~~~~
/home/zlw/End2End/ORB_SLAM3/Thirdparty/g2o/g2o/types/../core/base_vertex.h: In instantiation of ‘class g2o::BaseVertex<6, g2o::SE3Quat>’:
/home/zlw/End2End/ORB_SLAM3/Thirdparty/g2o/g2o/types/types_six_dof_expmap.h:59:33:   required from here
/home/zlw/End2End/ORB_SLAM3/Thirdparty/g2o/g2o/types/../core/base_vertex.h:62:72: warning: ‘Eigen::AlignedBit’ is deprecated [-Wdeprecated-declarations]
   62 |     typedef Eigen::Map<Matrix<double, D, D>, Matrix<double,D,D>::Flags & AlignedBit ? Aligned : Unaligned >  HessianBlockType;
      |                                                                  ~~~~~~^~~~~~~~~~~~
/usr/include/eigen3/Eigen/src/Core/util/Constants.h:167:37: note: declared here
  167 | EIGEN_DEPRECATED const unsigned int AlignedBit = 0x80;
      |                                     ^~~~~~~~~~
/home/zlw/End2End/ORB_SLAM3/Thirdparty/g2o/g2o/types/../core/base_binary_edge.h: In instantiation of ‘class g2o::BaseBinaryEdge<6, g2o::SE3Quat, g2o::VertexSE3Expmap, g2o::VertexSE3Expmap>’:
/home/zlw/End2End/ORB_SLAM3/Thirdparty/g2o/g2o/types/types_six_dof_expmap.h:83:24:   required from here
/home/zlw/End2End/ORB_SLAM3/Thirdparty/g2o/g2o/types/../core/base_binary_edge.h:59:80: warning: ‘Eigen::AlignedBit’ is deprecated [-Wdeprecated-declarations]
   59 |       typedef Eigen::Map<Matrix<double, Di, Dj>, Matrix<double, Di, Dj>::Flags & AlignedBit ? Aligned : Unaligned > HessianBlockType;
      |                                                                          ~~~~~~^~~~~~~~~~~~
/usr/include/eigen3/Eigen/src/Core/util/Constants.h:167:37: note: declared here
  167 | EIGEN_DEPRECATED const unsigned int AlignedBit = 0x80;
      |                                     ^~~~~~~~~~
/home/zlw/End2End/ORB_SLAM3/Thirdparty/g2o/g2o/types/../core/base_binary_edge.h:60:80: warning: ‘Eigen::AlignedBit’ is deprecated [-Wdeprecated-declarations]
   60 |       typedef Eigen::Map<Matrix<double, Dj, Di>, Matrix<double, Dj, Di>::Flags & AlignedBit ? Aligned : Unaligned > HessianBlockTransposedType;
      |                                                                          ~~~~~~^~~~~~~~~~~~
/usr/include/eigen3/Eigen/src/Core/util/Constants.h:167:37: note: declared here
  167 | EIGEN_DEPRECATED const unsigned int AlignedBit = 0x80;
      |                                     ^~~~~~~~~~
/home/zlw/End2End/ORB_SLAM3/Thirdparty/g2o/g2o/types/../core/base_binary_edge.h: In instantiation of ‘class g2o::BaseBinaryEdge<2, Eigen::Matrix<double, 2, 1>, g2o::VertexSBAPointXYZ, g2o::VertexSE3Expmap>’:
/home/zlw/End2End/ORB_SLAM3/Thirdparty/g2o/g2o/types/types_six_dof_expmap.h:114:35:   required from here
/home/zlw/End2End/ORB_SLAM3/Thirdparty/g2o/g2o/types/../core/base_binary_edge.h:59:80: warning: ‘Eigen::AlignedBit’ is deprecated [-Wdeprecated-declarations]
   59 |       typedef Eigen::Map<Matrix<double, Di, Dj>, Matrix<double, Di, Dj>::Flags & AlignedBit ? Aligned : Unaligned > HessianBlockType;
      |                                                                          ~~~~~~^~~~~~~~~~~~
/usr/include/eigen3/Eigen/src/Core/util/Constants.h:167:37: note: declared here
  167 | EIGEN_DEPRECATED const unsigned int AlignedBit = 0x80;
      |                                     ^~~~~~~~~~
/home/zlw/End2End/ORB_SLAM3/Thirdparty/g2o/g2o/types/../core/base_binary_edge.h:60:80: warning: ‘Eigen::AlignedBit’ is deprecated [-Wdeprecated-declarations]
   60 |       typedef Eigen::Map<Matrix<double, Dj, Di>, Matrix<double, Dj, Di>::Flags & AlignedBit ? Aligned : Unaligned > HessianBlockTransposedType;
      |                                                                          ~~~~~~^~~~~~~~~~~~
/usr/include/eigen3/Eigen/src/Core/util/Constants.h:167:37: note: declared here
  167 | EIGEN_DEPRECATED const unsigned int AlignedBit = 0x80;
      |                                     ^~~~~~~~~~
/home/zlw/End2End/ORB_SLAM3/Thirdparty/g2o/g2o/types/../core/base_binary_edge.h: In instantiation of ‘class g2o::BaseBinaryEdge<3, Eigen::Matrix<double, 3, 1>, g2o::VertexSBAPointXYZ, g2o::VertexSE3Expmap>’:
/home/zlw/End2End/ORB_SLAM3/Thirdparty/g2o/g2o/types/types_six_dof_expmap.h:146:41:   required from here
/home/zlw/End2End/ORB_SLAM3/Thirdparty/g2o/g2o/types/../core/base_binary_edge.h:59:80: warning: ‘Eigen::AlignedBit’ is deprecated [-Wdeprecated-declarations]
   59 |       typedef Eigen::Map<Matrix<double, Di, Dj>, Matrix<double, Di, Dj>::Flags & AlignedBit ? Aligned : Unaligned > HessianBlockType;
      |                                                                          ~~~~~~^~~~~~~~~~~~
/usr/include/eigen3/Eigen/src/Core/util/Constants.h:167:37: note: declared here
  167 | EIGEN_DEPRECATED const unsigned int AlignedBit = 0x80;
      |                                     ^~~~~~~~~~
/home/zlw/End2End/ORB_SLAM3/Thirdparty/g2o/g2o/types/../core/base_binary_edge.h:60:80: warning: ‘Eigen::AlignedBit’ is deprecated [-Wdeprecated-declarations]
   60 |       typedef Eigen::Map<Matrix<double, Dj, Di>, Matrix<double, Dj, Di>::Flags & AlignedBit ? Aligned : Unaligned > HessianBlockTransposedType;
      |                                                                          ~~~~~~^~~~~~~~~~~~
/usr/include/eigen3/Eigen/src/Core/util/Constants.h:167:37: note: declared here
  167 | EIGEN_DEPRECATED const unsigned int AlignedBit = 0x80;
      |                                     ^~~~~~~~~~
/home/zlw/End2End/ORB_SLAM3/Thirdparty/g2o/g2o/types/../core/base_vertex.h: In instantiation of ‘class g2o::BaseVertex<7, g2o::Sim3>’:
/home/zlw/End2End/ORB_SLAM3/Thirdparty/g2o/g2o/types/types_seven_dof_expmap.h:48:35:   required from here
/home/zlw/End2End/ORB_SLAM3/Thirdparty/g2o/g2o/types/../core/base_vertex.h:62:72: warning: ‘Eigen::AlignedBit’ is deprecated [-Wdeprecated-declarations]
   62 |     typedef Eigen::Map<Matrix<double, D, D>, Matrix<double,D,D>::Flags & AlignedBit ? Aligned : Unaligned >  HessianBlockType;
      |                                                                  ~~~~~~^~~~~~~~~~~~
/usr/include/eigen3/Eigen/src/Core/util/Constants.h:167:37: note: declared here
  167 | EIGEN_DEPRECATED const unsigned int AlignedBit = 0x80;
      |                                     ^~~~~~~~~~
/home/zlw/End2End/ORB_SLAM3/Thirdparty/g2o/g2o/types/../core/base_binary_edge.h: In instantiation of ‘class g2o::BaseBinaryEdge<7, g2o::Sim3, g2o::VertexSim3Expmap, g2o::VertexSim3Expmap>’:
/home/zlw/End2End/ORB_SLAM3/Thirdparty/g2o/g2o/types/types_seven_dof_expmap.h:99:27:   required from here
/home/zlw/End2End/ORB_SLAM3/Thirdparty/g2o/g2o/types/../core/base_binary_edge.h:59:80: warning: ‘Eigen::AlignedBit’ is deprecated [-Wdeprecated-declarations]
   59 |       typedef Eigen::Map<Matrix<double, Di, Dj>, Matrix<double, Di, Dj>::Flags & AlignedBit ? Aligned : Unaligned > HessianBlockType;
      |                                                                          ~~~~~~^~~~~~~~~~~~
/usr/include/eigen3/Eigen/src/Core/util/Constants.h:167:37: note: declared here
  167 | EIGEN_DEPRECATED const unsigned int AlignedBit = 0x80;
      |                                     ^~~~~~~~~~
/home/zlw/End2End/ORB_SLAM3/Thirdparty/g2o/g2o/types/../core/base_binary_edge.h:60:80: warning: ‘Eigen::AlignedBit’ is deprecated [-Wdeprecated-declarations]
   60 |       typedef Eigen::Map<Matrix<double, Dj, Di>, Matrix<double, Dj, Di>::Flags & AlignedBit ? Aligned : Unaligned > HessianBlockTransposedType;
      |                                                                          ~~~~~~^~~~~~~~~~~~
/usr/include/eigen3/Eigen/src/Core/util/Constants.h:167:37: note: declared here
  167 | EIGEN_DEPRECATED const unsigned int AlignedBit = 0x80;
      |                                     ^~~~~~~~~~
/home/zlw/End2End/ORB_SLAM3/Thirdparty/g2o/g2o/types/../core/base_binary_edge.h: In instantiation of ‘class g2o::BaseBinaryEdge<2, Eigen::Matrix<double, 2, 1>, g2o::VertexSBAPointXYZ, g2o::VertexSim3Expmap>’:
/home/zlw/End2End/ORB_SLAM3/Thirdparty/g2o/g2o/types/types_seven_dof_expmap.h:130:36:   required from here
/home/zlw/End2End/ORB_SLAM3/Thirdparty/g2o/g2o/types/../core/base_binary_edge.h:59:80: warning: ‘Eigen::AlignedBit’ is deprecated [-Wdeprecated-declarations]
   59 |       typedef Eigen::Map<Matrix<double, Di, Dj>, Matrix<double, Di, Dj>::Flags & AlignedBit ? Aligned : Unaligned > HessianBlockType;
      |                                                                          ~~~~~~^~~~~~~~~~~~
/usr/include/eigen3/Eigen/src/Core/util/Constants.h:167:37: note: declared here
  167 | EIGEN_DEPRECATED const unsigned int AlignedBit = 0x80;
      |                                     ^~~~~~~~~~
/home/zlw/End2End/ORB_SLAM3/Thirdparty/g2o/g2o/types/../core/base_binary_edge.h:60:80: warning: ‘Eigen::AlignedBit’ is deprecated [-Wdeprecated-declarations]
   60 |       typedef Eigen::Map<Matrix<double, Dj, Di>, Matrix<double, Dj, Di>::Flags & AlignedBit ? Aligned : Unaligned > HessianBlockTransposedType;
      |                                                                          ~~~~~~^~~~~~~~~~~~
/usr/include/eigen3/Eigen/src/Core/util/Constants.h:167:37: note: declared here
  167 | EIGEN_DEPRECATED const unsigned int AlignedBit = 0x80;
      |                                     ^~~~~~~~~~
In file included from /home/zlw/End2End/ORB_SLAM3/include/Atlas.h:27:
/home/zlw/End2End/ORB_SLAM3/include/CameraModels/KannalaBrandt8.h: In constructor ‘ORB_SLAM3::KannalaBrandt8::KannalaBrandt8(std::vector<float>)’:
/home/zlw/End2End/ORB_SLAM3/include/CameraModels/KannalaBrandt8.h:102:21: warning: ‘ORB_SLAM3::KannalaBrandt8::precision’ will be initialized after [-Wreorder]
  102 |         const float precision;
      |                     ^~~~~~~~~
/home/zlw/End2End/ORB_SLAM3/include/CameraModels/KannalaBrandt8.h:88:26: warning:   ‘std::vector<int> ORB_SLAM3::KannalaBrandt8::mvLappingArea’ [-Wreorder]
   88 |         std::vector<int> mvLappingArea;
      |                          ^~~~~~~~~~~~~
/home/zlw/End2End/ORB_SLAM3/include/CameraModels/KannalaBrandt8.h:47:9: warning:   when initialized here [-Wreorder]
   47 |         KannalaBrandt8(const std::vector<float> _vParameters) : GeometricCamera(_vParameters), precision(1e-6), mvLappingArea(2,0) ,tvr(nullptr) {
      |         ^~~~~~~~~~~~~~
/home/zlw/End2End/ORB_SLAM3/include/CameraModels/KannalaBrandt8.h: In constructor ‘ORB_SLAM3::KannalaBrandt8::KannalaBrandt8(std::vector<float>, float)’:
/home/zlw/End2End/ORB_SLAM3/include/CameraModels/KannalaBrandt8.h:102:21: warning: ‘ORB_SLAM3::KannalaBrandt8::precision’ will be initialized after [-Wreorder]
  102 |         const float precision;
      |                     ^~~~~~~~~
/home/zlw/End2End/ORB_SLAM3/include/CameraModels/KannalaBrandt8.h:88:26: warning:   ‘std::vector<int> ORB_SLAM3::KannalaBrandt8::mvLappingArea’ [-Wreorder]
   88 |         std::vector<int> mvLappingArea;
      |                          ^~~~~~~~~~~~~
/home/zlw/End2End/ORB_SLAM3/include/CameraModels/KannalaBrandt8.h:53:9: warning:   when initialized here [-Wreorder]
   53 |         KannalaBrandt8(const std::vector<float> _vParameters, const float _precision) : GeometricCamera(_vParameters),
      |         ^~~~~~~~~~~~~~
/home/zlw/End2End/ORB_SLAM3/include/CameraModels/KannalaBrandt8.h: In constructor ‘ORB_SLAM3::KannalaBrandt8::KannalaBrandt8(ORB_SLAM3::KannalaBrandt8*)’:
/home/zlw/End2End/ORB_SLAM3/include/CameraModels/KannalaBrandt8.h:102:21: warning: ‘ORB_SLAM3::KannalaBrandt8::precision’ will be initialized after [-Wreorder]
  102 |         const float precision;
      |                     ^~~~~~~~~
/home/zlw/End2End/ORB_SLAM3/include/CameraModels/KannalaBrandt8.h:88:26: warning:   ‘std::vector<int> ORB_SLAM3::KannalaBrandt8::mvLappingArea’ [-Wreorder]
   88 |         std::vector<int> mvLappingArea;
      |                          ^~~~~~~~~~~~~
/home/zlw/End2End/ORB_SLAM3/include/CameraModels/KannalaBrandt8.h:59:9: warning:   when initialized here [-Wreorder]
   59 |         KannalaBrandt8(KannalaBrandt8* pKannala) : GeometricCamera(pKannala->mvParameters), precision(pKannala->precision), mvLappingArea(2,0) ,tvr(nullptr) {
      |         ^~~~~~~~~~~~~~
/home/zlw/End2End/ORB_SLAM3/src/FrameDrawer.cc: In member function ‘cv::Mat ORB_SLAM3::FrameDrawer::DrawFrame(float)’:
/home/zlw/End2End/ORB_SLAM3/src/FrameDrawer.cc:47:11: warning: variable ‘thDepth’ set but not used [-Wunused-but-set-variable]
   47 |     float thDepth;
      |           ^~~~~~~
[ 28%] Building CXX object CMakeFiles/ORB_SLAM3_h15_f120_o8_purevis.dir/src/Converter.cc.o
[ 28%] Building CXX object CMakeFiles/ORB_SLAM3_h15_f120_o8_purevis.dir/src/MapPoint.cc.o
In file included from /home/zlw/End2End/ORB_SLAM3/Thirdparty/g2o/g2o/types/types_six_dof_expmap.h:37,
                 from /home/zlw/End2End/ORB_SLAM3/include/Converter.h:26,
                 from /home/zlw/End2End/ORB_SLAM3/src/Converter.cc:19:
/home/zlw/End2End/ORB_SLAM3/Thirdparty/g2o/g2o/types/../core/base_vertex.h:62:74: warning: ‘Eigen::AlignedBit’ is deprecated [-Wdeprecated-declarations]
   62 |     typedef Eigen::Map<Matrix<double, D, D>, Matrix<double,D,D>::Flags & AlignedBit ? Aligned : Unaligned >  HessianBlockType;
      |                                                                          ^~~~~~~~~~
In file included from /usr/include/eigen3/Eigen/Core:161,
                 from /usr/include/eigen3/Eigen/Dense:1,
                 from /home/zlw/End2End/ORB_SLAM3/include/Converter.h:25:
/usr/include/eigen3/Eigen/src/Core/util/Constants.h:167:37: note: declared here
  167 | EIGEN_DEPRECATED const unsigned int AlignedBit = 0x80;
      |                                     ^~~~~~~~~~
In file included from /home/zlw/End2End/ORB_SLAM3/Thirdparty/g2o/g2o/types/types_six_dof_expmap.h:38:
/home/zlw/End2End/ORB_SLAM3/Thirdparty/g2o/g2o/types/../core/base_binary_edge.h:59:82: warning: ‘Eigen::AlignedBit’ is deprecated [-Wdeprecated-declarations]
   59 |       typedef Eigen::Map<Matrix<double, Di, Dj>, Matrix<double, Di, Dj>::Flags & AlignedBit ? Aligned : Unaligned > HessianBlockType;
      |                                                                                  ^~~~~~~~~~
/usr/include/eigen3/Eigen/src/Core/util/Constants.h:167:37: note: declared here
  167 | EIGEN_DEPRECATED const unsigned int AlignedBit = 0x80;
      |                                     ^~~~~~~~~~
/home/zlw/End2End/ORB_SLAM3/Thirdparty/g2o/g2o/types/../core/base_binary_edge.h:60:82: warning: ‘Eigen::AlignedBit’ is deprecated [-Wdeprecated-declarations]
   60 |       typedef Eigen::Map<Matrix<double, Dj, Di>, Matrix<double, Dj, Di>::Flags & AlignedBit ? Aligned : Unaligned > HessianBlockTransposedType;
      |                                                                                  ^~~~~~~~~~
/usr/include/eigen3/Eigen/src/Core/util/Constants.h:167:37: note: declared here
  167 | EIGEN_DEPRECATED const unsigned int AlignedBit = 0x80;
      |                                     ^~~~~~~~~~
/home/zlw/End2End/ORB_SLAM3/Thirdparty/g2o/g2o/types/../core/base_vertex.h: In instantiation of ‘class g2o::BaseVertex<3, Eigen::Matrix<double, 3, 1> >’:
/home/zlw/End2End/ORB_SLAM3/Thirdparty/g2o/g2o/types/types_sba.h:40:35:   required from here
/home/zlw/End2End/ORB_SLAM3/Thirdparty/g2o/g2o/types/../core/base_vertex.h:62:72: warning: ‘Eigen::AlignedBit’ is deprecated [-Wdeprecated-declarations]
   62 |     typedef Eigen::Map<Matrix<double, D, D>, Matrix<double,D,D>::Flags & AlignedBit ? Aligned : Unaligned >  HessianBlockType;
      |                                                                  ~~~~~~^~~~~~~~~~~~
/usr/include/eigen3/Eigen/src/Core/util/Constants.h:167:37: note: declared here
  167 | EIGEN_DEPRECATED const unsigned int AlignedBit = 0x80;
      |                                     ^~~~~~~~~~
/home/zlw/End2End/ORB_SLAM3/Thirdparty/g2o/g2o/types/../core/base_vertex.h: In instantiation of ‘class g2o::BaseVertex<6, g2o::SE3Quat>’:
/home/zlw/End2End/ORB_SLAM3/Thirdparty/g2o/g2o/types/types_six_dof_expmap.h:59:33:   required from here
/home/zlw/End2End/ORB_SLAM3/Thirdparty/g2o/g2o/types/../core/base_vertex.h:62:72: warning: ‘Eigen::AlignedBit’ is deprecated [-Wdeprecated-declarations]
   62 |     typedef Eigen::Map<Matrix<double, D, D>, Matrix<double,D,D>::Flags & AlignedBit ? Aligned : Unaligned >  HessianBlockType;
      |                                                                  ~~~~~~^~~~~~~~~~~~
/usr/include/eigen3/Eigen/src/Core/util/Constants.h:167:37: note: declared here
  167 | EIGEN_DEPRECATED const unsigned int AlignedBit = 0x80;
      |                                     ^~~~~~~~~~
/home/zlw/End2End/ORB_SLAM3/Thirdparty/g2o/g2o/types/../core/base_binary_edge.h: In instantiation of ‘class g2o::BaseBinaryEdge<6, g2o::SE3Quat, g2o::VertexSE3Expmap, g2o::VertexSE3Expmap>’:
/home/zlw/End2End/ORB_SLAM3/Thirdparty/g2o/g2o/types/types_six_dof_expmap.h:83:24:   required from here
/home/zlw/End2End/ORB_SLAM3/Thirdparty/g2o/g2o/types/../core/base_binary_edge.h:59:80: warning: ‘Eigen::AlignedBit’ is deprecated [-Wdeprecated-declarations]
   59 |       typedef Eigen::Map<Matrix<double, Di, Dj>, Matrix<double, Di, Dj>::Flags & AlignedBit ? Aligned : Unaligned > HessianBlockType;
      |                                                                          ~~~~~~^~~~~~~~~~~~
/usr/include/eigen3/Eigen/src/Core/util/Constants.h:167:37: note: declared here
  167 | EIGEN_DEPRECATED const unsigned int AlignedBit = 0x80;
      |                                     ^~~~~~~~~~
/home/zlw/End2End/ORB_SLAM3/Thirdparty/g2o/g2o/types/../core/base_binary_edge.h:60:80: warning: ‘Eigen::AlignedBit’ is deprecated [-Wdeprecated-declarations]
   60 |       typedef Eigen::Map<Matrix<double, Dj, Di>, Matrix<double, Dj, Di>::Flags & AlignedBit ? Aligned : Unaligned > HessianBlockTransposedType;
      |                                                                          ~~~~~~^~~~~~~~~~~~
/usr/include/eigen3/Eigen/src/Core/util/Constants.h:167:37: note: declared here
  167 | EIGEN_DEPRECATED const unsigned int AlignedBit = 0x80;
      |                                     ^~~~~~~~~~
/home/zlw/End2End/ORB_SLAM3/Thirdparty/g2o/g2o/types/../core/base_binary_edge.h: In instantiation of ‘class g2o::BaseBinaryEdge<2, Eigen::Matrix<double, 2, 1>, g2o::VertexSBAPointXYZ, g2o::VertexSE3Expmap>’:
/home/zlw/End2End/ORB_SLAM3/Thirdparty/g2o/g2o/types/types_six_dof_expmap.h:114:35:   required from here
/home/zlw/End2End/ORB_SLAM3/Thirdparty/g2o/g2o/types/../core/base_binary_edge.h:59:80: warning: ‘Eigen::AlignedBit’ is deprecated [-Wdeprecated-declarations]
   59 |       typedef Eigen::Map<Matrix<double, Di, Dj>, Matrix<double, Di, Dj>::Flags & AlignedBit ? Aligned : Unaligned > HessianBlockType;
      |                                                                          ~~~~~~^~~~~~~~~~~~
/usr/include/eigen3/Eigen/src/Core/util/Constants.h:167:37: note: declared here
  167 | EIGEN_DEPRECATED const unsigned int AlignedBit = 0x80;
      |                                     ^~~~~~~~~~
/home/zlw/End2End/ORB_SLAM3/Thirdparty/g2o/g2o/types/../core/base_binary_edge.h:60:80: warning: ‘Eigen::AlignedBit’ is deprecated [-Wdeprecated-declarations]
   60 |       typedef Eigen::Map<Matrix<double, Dj, Di>, Matrix<double, Dj, Di>::Flags & AlignedBit ? Aligned : Unaligned > HessianBlockTransposedType;
      |                                                                          ~~~~~~^~~~~~~~~~~~
/usr/include/eigen3/Eigen/src/Core/util/Constants.h:167:37: note: declared here
  167 | EIGEN_DEPRECATED const unsigned int AlignedBit = 0x80;
      |                                     ^~~~~~~~~~
/home/zlw/End2End/ORB_SLAM3/Thirdparty/g2o/g2o/types/../core/base_binary_edge.h: In instantiation of ‘class g2o::BaseBinaryEdge<3, Eigen::Matrix<double, 3, 1>, g2o::VertexSBAPointXYZ, g2o::VertexSE3Expmap>’:
/home/zlw/End2End/ORB_SLAM3/Thirdparty/g2o/g2o/types/types_six_dof_expmap.h:146:41:   required from here
/home/zlw/End2End/ORB_SLAM3/Thirdparty/g2o/g2o/types/../core/base_binary_edge.h:59:80: warning: ‘Eigen::AlignedBit’ is deprecated [-Wdeprecated-declarations]
   59 |       typedef Eigen::Map<Matrix<double, Di, Dj>, Matrix<double, Di, Dj>::Flags & AlignedBit ? Aligned : Unaligned > HessianBlockType;
      |                                                                          ~~~~~~^~~~~~~~~~~~
/usr/include/eigen3/Eigen/src/Core/util/Constants.h:167:37: note: declared here
  167 | EIGEN_DEPRECATED const unsigned int AlignedBit = 0x80;
      |                                     ^~~~~~~~~~
/home/zlw/End2End/ORB_SLAM3/Thirdparty/g2o/g2o/types/../core/base_binary_edge.h:60:80: warning: ‘Eigen::AlignedBit’ is deprecated [-Wdeprecated-declarations]
   60 |       typedef Eigen::Map<Matrix<double, Dj, Di>, Matrix<double, Dj, Di>::Flags & AlignedBit ? Aligned : Unaligned > HessianBlockTransposedType;
      |                                                                          ~~~~~~^~~~~~~~~~~~
/usr/include/eigen3/Eigen/src/Core/util/Constants.h:167:37: note: declared here
  167 | EIGEN_DEPRECATED const unsigned int AlignedBit = 0x80;
      |                                     ^~~~~~~~~~
/home/zlw/End2End/ORB_SLAM3/Thirdparty/g2o/g2o/types/../core/base_vertex.h: In instantiation of ‘class g2o::BaseVertex<7, g2o::Sim3>’:
/home/zlw/End2End/ORB_SLAM3/Thirdparty/g2o/g2o/types/types_seven_dof_expmap.h:48:35:   required from here
/home/zlw/End2End/ORB_SLAM3/Thirdparty/g2o/g2o/types/../core/base_vertex.h:62:72: warning: ‘Eigen::AlignedBit’ is deprecated [-Wdeprecated-declarations]
   62 |     typedef Eigen::Map<Matrix<double, D, D>, Matrix<double,D,D>::Flags & AlignedBit ? Aligned : Unaligned >  HessianBlockType;
      |                                                                  ~~~~~~^~~~~~~~~~~~
/usr/include/eigen3/Eigen/src/Core/util/Constants.h:167:37: note: declared here
  167 | EIGEN_DEPRECATED const unsigned int AlignedBit = 0x80;
      |                                     ^~~~~~~~~~
/home/zlw/End2End/ORB_SLAM3/Thirdparty/g2o/g2o/types/../core/base_binary_edge.h: In instantiation of ‘class g2o::BaseBinaryEdge<7, g2o::Sim3, g2o::VertexSim3Expmap, g2o::VertexSim3Expmap>’:
/home/zlw/End2End/ORB_SLAM3/Thirdparty/g2o/g2o/types/types_seven_dof_expmap.h:99:27:   required from here
/home/zlw/End2End/ORB_SLAM3/Thirdparty/g2o/g2o/types/../core/base_binary_edge.h:59:80: warning: ‘Eigen::AlignedBit’ is deprecated [-Wdeprecated-declarations]
   59 |       typedef Eigen::Map<Matrix<double, Di, Dj>, Matrix<double, Di, Dj>::Flags & AlignedBit ? Aligned : Unaligned > HessianBlockType;
      |                                                                          ~~~~~~^~~~~~~~~~~~
/usr/include/eigen3/Eigen/src/Core/util/Constants.h:167:37: note: declared here
  167 | EIGEN_DEPRECATED const unsigned int AlignedBit = 0x80;
      |                                     ^~~~~~~~~~
/home/zlw/End2End/ORB_SLAM3/Thirdparty/g2o/g2o/types/../core/base_binary_edge.h:60:80: warning: ‘Eigen::AlignedBit’ is deprecated [-Wdeprecated-declarations]
   60 |       typedef Eigen::Map<Matrix<double, Dj, Di>, Matrix<double, Dj, Di>::Flags & AlignedBit ? Aligned : Unaligned > HessianBlockTransposedType;
      |                                                                          ~~~~~~^~~~~~~~~~~~
/usr/include/eigen3/Eigen/src/Core/util/Constants.h:167:37: note: declared here
  167 | EIGEN_DEPRECATED const unsigned int AlignedBit = 0x80;
      |                                     ^~~~~~~~~~
/home/zlw/End2End/ORB_SLAM3/Thirdparty/g2o/g2o/types/../core/base_binary_edge.h: In instantiation of ‘class g2o::BaseBinaryEdge<2, Eigen::Matrix<double, 2, 1>, g2o::VertexSBAPointXYZ, g2o::VertexSim3Expmap>’:
/home/zlw/End2End/ORB_SLAM3/Thirdparty/g2o/g2o/types/types_seven_dof_expmap.h:130:36:   required from here
/home/zlw/End2End/ORB_SLAM3/Thirdparty/g2o/g2o/types/../core/base_binary_edge.h:59:80: warning: ‘Eigen::AlignedBit’ is deprecated [-Wdeprecated-declarations]
   59 |       typedef Eigen::Map<Matrix<double, Di, Dj>, Matrix<double, Di, Dj>::Flags & AlignedBit ? Aligned : Unaligned > HessianBlockType;
      |                                                                          ~~~~~~^~~~~~~~~~~~
/usr/include/eigen3/Eigen/src/Core/util/Constants.h:167:37: note: declared here
  167 | EIGEN_DEPRECATED const unsigned int AlignedBit = 0x80;
      |                                     ^~~~~~~~~~
/home/zlw/End2End/ORB_SLAM3/Thirdparty/g2o/g2o/types/../core/base_binary_edge.h:60:80: warning: ‘Eigen::AlignedBit’ is deprecated [-Wdeprecated-declarations]
   60 |       typedef Eigen::Map<Matrix<double, Dj, Di>, Matrix<double, Dj, Di>::Flags & AlignedBit ? Aligned : Unaligned > HessianBlockTransposedType;
      |                                                                          ~~~~~~^~~~~~~~~~~~
/usr/include/eigen3/Eigen/src/Core/util/Constants.h:167:37: note: declared here
  167 | EIGEN_DEPRECATED const unsigned int AlignedBit = 0x80;
      |                                     ^~~~~~~~~~
In file included from /home/zlw/End2End/ORB_SLAM3/Thirdparty/DBoW2/DBoW2/FORB.h:17,
                 from /home/zlw/End2End/ORB_SLAM3/include/ORBVocabulary.h:23,
                 from /home/zlw/End2End/ORB_SLAM3/include/KeyFrame.h:26,
                 from /home/zlw/End2End/ORB_SLAM3/include/MapPoint.h:23,
                 from /home/zlw/End2End/ORB_SLAM3/src/MapPoint.cc:19:
/home/zlw/End2End/ORB_SLAM3/Thirdparty/DBoW2/DBoW2/FClass.h:35:16: warning: ‘virtual void DBoW2::FClass::meanValue(const std::vector<const TDescriptor*>&, TDescriptor&)’ was hidden [-Woverloaded-virtual=]
   35 |   virtual void meanValue(const std::vector<pDescriptor> &descriptors,
      |                ^~~~~~~~~
/home/zlw/End2End/ORB_SLAM3/Thirdparty/DBoW2/DBoW2/FORB.h:38:15: note:   by ‘static void DBoW2::FORB::meanValue(const std::vector<const cv::Mat*>&, TDescriptor&)’
   38 |   static void meanValue(const std::vector<pDescriptor> &descriptors,
      |               ^~~~~~~~~
In file included from /home/zlw/End2End/ORB_SLAM3/include/Frame.h:30,
                 from /home/zlw/End2End/ORB_SLAM3/include/KeyFrame.h:28:
/home/zlw/End2End/ORB_SLAM3/include/ImuTypes.h: In member function ‘void ORB_SLAM3::IMU::Preintegrated::printMeasurements() const’:
/home/zlw/End2End/ORB_SLAM3/include/ImuTypes.h:204:23: warning: comparison of integer expressions of different signedness: ‘int’ and ‘std::vector<ORB_SLAM3::IMU::Preintegrated::integrable>::size_type’ {aka ‘long unsigned int’} [-Wsign-compare]
  204 |         for(int i=0; i<mvMeasurements.size(); i++){
      |                      ~^~~~~~~~~~~~~~~~~~~~~~
In file included from /home/zlw/End2End/ORB_SLAM3/Thirdparty/g2o/g2o/types/types_six_dof_expmap.h:37,
                 from /home/zlw/End2End/ORB_SLAM3/include/Converter.h:26,
                 from /home/zlw/End2End/ORB_SLAM3/include/Frame.h:33:
/home/zlw/End2End/ORB_SLAM3/Thirdparty/g2o/g2o/types/../core/base_vertex.h: At global scope:
/home/zlw/End2End/ORB_SLAM3/Thirdparty/g2o/g2o/types/../core/base_vertex.h:62:74: warning: ‘Eigen::AlignedBit’ is deprecated [-Wdeprecated-declarations]
   62 |     typedef Eigen::Map<Matrix<double, D, D>, Matrix<double,D,D>::Flags & AlignedBit ? Aligned : Unaligned >  HessianBlockType;
      |                                                                          ^~~~~~~~~~
In file included from /usr/include/eigen3/Eigen/Core:161,
                 from /usr/include/eigen3/Eigen/LU:11,
                 from /home/zlw/End2End/ORB_SLAM3/Thirdparty/Sophus/sophus/so2.hpp:12,
                 from /home/zlw/End2End/ORB_SLAM3/Thirdparty/Sophus/sophus/se2.hpp:7,
                 from /home/zlw/End2End/ORB_SLAM3/Thirdparty/Sophus/sophus/geometry.hpp:7,
                 from /home/zlw/End2End/ORB_SLAM3/include/Frame.h:28:
/usr/include/eigen3/Eigen/src/Core/util/Constants.h:167:37: note: declared here
  167 | EIGEN_DEPRECATED const unsigned int AlignedBit = 0x80;
      |                                     ^~~~~~~~~~
In file included from /home/zlw/End2End/ORB_SLAM3/Thirdparty/g2o/g2o/types/types_six_dof_expmap.h:38:
/home/zlw/End2End/ORB_SLAM3/Thirdparty/g2o/g2o/types/../core/base_binary_edge.h:59:82: warning: ‘Eigen::AlignedBit’ is deprecated [-Wdeprecated-declarations]
   59 |       typedef Eigen::Map<Matrix<double, Di, Dj>, Matrix<double, Di, Dj>::Flags & AlignedBit ? Aligned : Unaligned > HessianBlockType;
      |                                                                                  ^~~~~~~~~~
/usr/include/eigen3/Eigen/src/Core/util/Constants.h:167:37: note: declared here
  167 | EIGEN_DEPRECATED const unsigned int AlignedBit = 0x80;
      |                                     ^~~~~~~~~~
/home/zlw/End2End/ORB_SLAM3/Thirdparty/g2o/g2o/types/../core/base_binary_edge.h:60:82: warning: ‘Eigen::AlignedBit’ is deprecated [-Wdeprecated-declarations]
   60 |       typedef Eigen::Map<Matrix<double, Dj, Di>, Matrix<double, Dj, Di>::Flags & AlignedBit ? Aligned : Unaligned > HessianBlockTransposedType;
      |                                                                                  ^~~~~~~~~~
/usr/include/eigen3/Eigen/src/Core/util/Constants.h:167:37: note: declared here
  167 | EIGEN_DEPRECATED const unsigned int AlignedBit = 0x80;
      |                                     ^~~~~~~~~~
/home/zlw/End2End/ORB_SLAM3/Thirdparty/g2o/g2o/types/../core/base_vertex.h: In instantiation of ‘class g2o::BaseVertex<3, Eigen::Matrix<double, 3, 1> >’:
/home/zlw/End2End/ORB_SLAM3/Thirdparty/g2o/g2o/types/types_sba.h:40:35:   required from here
/home/zlw/End2End/ORB_SLAM3/Thirdparty/g2o/g2o/types/../core/base_vertex.h:62:72: warning: ‘Eigen::AlignedBit’ is deprecated [-Wdeprecated-declarations]
   62 |     typedef Eigen::Map<Matrix<double, D, D>, Matrix<double,D,D>::Flags & AlignedBit ? Aligned : Unaligned >  HessianBlockType;
      |                                                                  ~~~~~~^~~~~~~~~~~~
/usr/include/eigen3/Eigen/src/Core/util/Constants.h:167:37: note: declared here
  167 | EIGEN_DEPRECATED const unsigned int AlignedBit = 0x80;
      |                                     ^~~~~~~~~~
/home/zlw/End2End/ORB_SLAM3/Thirdparty/g2o/g2o/types/../core/base_vertex.h: In instantiation of ‘class g2o::BaseVertex<6, g2o::SE3Quat>’:
/home/zlw/End2End/ORB_SLAM3/Thirdparty/g2o/g2o/types/types_six_dof_expmap.h:59:33:   required from here
/home/zlw/End2End/ORB_SLAM3/Thirdparty/g2o/g2o/types/../core/base_vertex.h:62:72: warning: ‘Eigen::AlignedBit’ is deprecated [-Wdeprecated-declarations]
   62 |     typedef Eigen::Map<Matrix<double, D, D>, Matrix<double,D,D>::Flags & AlignedBit ? Aligned : Unaligned >  HessianBlockType;
      |                                                                  ~~~~~~^~~~~~~~~~~~
/usr/include/eigen3/Eigen/src/Core/util/Constants.h:167:37: note: declared here
  167 | EIGEN_DEPRECATED const unsigned int AlignedBit = 0x80;
      |                                     ^~~~~~~~~~
/home/zlw/End2End/ORB_SLAM3/Thirdparty/g2o/g2o/types/../core/base_binary_edge.h: In instantiation of ‘class g2o::BaseBinaryEdge<6, g2o::SE3Quat, g2o::VertexSE3Expmap, g2o::VertexSE3Expmap>’:
/home/zlw/End2End/ORB_SLAM3/Thirdparty/g2o/g2o/types/types_six_dof_expmap.h:83:24:   required from here
/home/zlw/End2End/ORB_SLAM3/Thirdparty/g2o/g2o/types/../core/base_binary_edge.h:59:80: warning: ‘Eigen::AlignedBit’ is deprecated [-Wdeprecated-declarations]
   59 |       typedef Eigen::Map<Matrix<double, Di, Dj>, Matrix<double, Di, Dj>::Flags & AlignedBit ? Aligned : Unaligned > HessianBlockType;
      |                                                                          ~~~~~~^~~~~~~~~~~~
/usr/include/eigen3/Eigen/src/Core/util/Constants.h:167:37: note: declared here
  167 | EIGEN_DEPRECATED const unsigned int AlignedBit = 0x80;
      |                                     ^~~~~~~~~~
/home/zlw/End2End/ORB_SLAM3/Thirdparty/g2o/g2o/types/../core/base_binary_edge.h:60:80: warning: ‘Eigen::AlignedBit’ is deprecated [-Wdeprecated-declarations]
   60 |       typedef Eigen::Map<Matrix<double, Dj, Di>, Matrix<double, Dj, Di>::Flags & AlignedBit ? Aligned : Unaligned > HessianBlockTransposedType;
      |                                                                          ~~~~~~^~~~~~~~~~~~
/usr/include/eigen3/Eigen/src/Core/util/Constants.h:167:37: note: declared here
  167 | EIGEN_DEPRECATED const unsigned int AlignedBit = 0x80;
      |                                     ^~~~~~~~~~
/home/zlw/End2End/ORB_SLAM3/Thirdparty/g2o/g2o/types/../core/base_binary_edge.h: In instantiation of ‘class g2o::BaseBinaryEdge<2, Eigen::Matrix<double, 2, 1>, g2o::VertexSBAPointXYZ, g2o::VertexSE3Expmap>’:
/home/zlw/End2End/ORB_SLAM3/Thirdparty/g2o/g2o/types/types_six_dof_expmap.h:114:35:   required from here
/home/zlw/End2End/ORB_SLAM3/Thirdparty/g2o/g2o/types/../core/base_binary_edge.h:59:80: warning: ‘Eigen::AlignedBit’ is deprecated [-Wdeprecated-declarations]
   59 |       typedef Eigen::Map<Matrix<double, Di, Dj>, Matrix<double, Di, Dj>::Flags & AlignedBit ? Aligned : Unaligned > HessianBlockType;
      |                                                                          ~~~~~~^~~~~~~~~~~~
/usr/include/eigen3/Eigen/src/Core/util/Constants.h:167:37: note: declared here
  167 | EIGEN_DEPRECATED const unsigned int AlignedBit = 0x80;
      |                                     ^~~~~~~~~~
/home/zlw/End2End/ORB_SLAM3/Thirdparty/g2o/g2o/types/../core/base_binary_edge.h:60:80: warning: ‘Eigen::AlignedBit’ is deprecated [-Wdeprecated-declarations]
   60 |       typedef Eigen::Map<Matrix<double, Dj, Di>, Matrix<double, Dj, Di>::Flags & AlignedBit ? Aligned : Unaligned > HessianBlockTransposedType;
      |                                                                          ~~~~~~^~~~~~~~~~~~
/usr/include/eigen3/Eigen/src/Core/util/Constants.h:167:37: note: declared here
  167 | EIGEN_DEPRECATED const unsigned int AlignedBit = 0x80;
      |                                     ^~~~~~~~~~
/home/zlw/End2End/ORB_SLAM3/Thirdparty/g2o/g2o/types/../core/base_binary_edge.h: In instantiation of ‘class g2o::BaseBinaryEdge<3, Eigen::Matrix<double, 3, 1>, g2o::VertexSBAPointXYZ, g2o::VertexSE3Expmap>’:
/home/zlw/End2End/ORB_SLAM3/Thirdparty/g2o/g2o/types/types_six_dof_expmap.h:146:41:   required from here
/home/zlw/End2End/ORB_SLAM3/Thirdparty/g2o/g2o/types/../core/base_binary_edge.h:59:80: warning: ‘Eigen::AlignedBit’ is deprecated [-Wdeprecated-declarations]
   59 |       typedef Eigen::Map<Matrix<double, Di, Dj>, Matrix<double, Di, Dj>::Flags & AlignedBit ? Aligned : Unaligned > HessianBlockType;
      |                                                                          ~~~~~~^~~~~~~~~~~~
/usr/include/eigen3/Eigen/src/Core/util/Constants.h:167:37: note: declared here
  167 | EIGEN_DEPRECATED const unsigned int AlignedBit = 0x80;
      |                                     ^~~~~~~~~~
/home/zlw/End2End/ORB_SLAM3/Thirdparty/g2o/g2o/types/../core/base_binary_edge.h:60:80: warning: ‘Eigen::AlignedBit’ is deprecated [-Wdeprecated-declarations]
   60 |       typedef Eigen::Map<Matrix<double, Dj, Di>, Matrix<double, Dj, Di>::Flags & AlignedBit ? Aligned : Unaligned > HessianBlockTransposedType;
      |                                                                          ~~~~~~^~~~~~~~~~~~
/usr/include/eigen3/Eigen/src/Core/util/Constants.h:167:37: note: declared here
  167 | EIGEN_DEPRECATED const unsigned int AlignedBit = 0x80;
      |                                     ^~~~~~~~~~
/home/zlw/End2End/ORB_SLAM3/Thirdparty/g2o/g2o/types/../core/base_vertex.h: In instantiation of ‘class g2o::BaseVertex<7, g2o::Sim3>’:
/home/zlw/End2End/ORB_SLAM3/Thirdparty/g2o/g2o/types/types_seven_dof_expmap.h:48:35:   required from here
/home/zlw/End2End/ORB_SLAM3/Thirdparty/g2o/g2o/types/../core/base_vertex.h:62:72: warning: ‘Eigen::AlignedBit’ is deprecated [-Wdeprecated-declarations]
   62 |     typedef Eigen::Map<Matrix<double, D, D>, Matrix<double,D,D>::Flags & AlignedBit ? Aligned : Unaligned >  HessianBlockType;
      |                                                                  ~~~~~~^~~~~~~~~~~~
/usr/include/eigen3/Eigen/src/Core/util/Constants.h:167:37: note: declared here
  167 | EIGEN_DEPRECATED const unsigned int AlignedBit = 0x80;
      |                                     ^~~~~~~~~~
/home/zlw/End2End/ORB_SLAM3/Thirdparty/g2o/g2o/types/../core/base_binary_edge.h: In instantiation of ‘class g2o::BaseBinaryEdge<7, g2o::Sim3, g2o::VertexSim3Expmap, g2o::VertexSim3Expmap>’:
/home/zlw/End2End/ORB_SLAM3/Thirdparty/g2o/g2o/types/types_seven_dof_expmap.h:99:27:   required from here
/home/zlw/End2End/ORB_SLAM3/Thirdparty/g2o/g2o/types/../core/base_binary_edge.h:59:80: warning: ‘Eigen::AlignedBit’ is deprecated [-Wdeprecated-declarations]
   59 |       typedef Eigen::Map<Matrix<double, Di, Dj>, Matrix<double, Di, Dj>::Flags & AlignedBit ? Aligned : Unaligned > HessianBlockType;
      |                                                                          ~~~~~~^~~~~~~~~~~~
/usr/include/eigen3/Eigen/src/Core/util/Constants.h:167:37: note: declared here
  167 | EIGEN_DEPRECATED const unsigned int AlignedBit = 0x80;
      |                                     ^~~~~~~~~~
/home/zlw/End2End/ORB_SLAM3/Thirdparty/g2o/g2o/types/../core/base_binary_edge.h:60:80: warning: ‘Eigen::AlignedBit’ is deprecated [-Wdeprecated-declarations]
   60 |       typedef Eigen::Map<Matrix<double, Dj, Di>, Matrix<double, Dj, Di>::Flags & AlignedBit ? Aligned : Unaligned > HessianBlockTransposedType;
      |                                                                          ~~~~~~^~~~~~~~~~~~
/usr/include/eigen3/Eigen/src/Core/util/Constants.h:167:37: note: declared here
  167 | EIGEN_DEPRECATED const unsigned int AlignedBit = 0x80;
      |                                     ^~~~~~~~~~
/home/zlw/End2End/ORB_SLAM3/Thirdparty/g2o/g2o/types/../core/base_binary_edge.h: In instantiation of ‘class g2o::BaseBinaryEdge<2, Eigen::Matrix<double, 2, 1>, g2o::VertexSBAPointXYZ, g2o::VertexSim3Expmap>’:
/home/zlw/End2End/ORB_SLAM3/Thirdparty/g2o/g2o/types/types_seven_dof_expmap.h:130:36:   required from here
/home/zlw/End2End/ORB_SLAM3/Thirdparty/g2o/g2o/types/../core/base_binary_edge.h:59:80: warning: ‘Eigen::AlignedBit’ is deprecated [-Wdeprecated-declarations]
   59 |       typedef Eigen::Map<Matrix<double, Di, Dj>, Matrix<double, Di, Dj>::Flags & AlignedBit ? Aligned : Unaligned > HessianBlockType;
      |                                                                          ~~~~~~^~~~~~~~~~~~
/usr/include/eigen3/Eigen/src/Core/util/Constants.h:167:37: note: declared here
  167 | EIGEN_DEPRECATED const unsigned int AlignedBit = 0x80;
      |                                     ^~~~~~~~~~
/home/zlw/End2End/ORB_SLAM3/Thirdparty/g2o/g2o/types/../core/base_binary_edge.h:60:80: warning: ‘Eigen::AlignedBit’ is deprecated [-Wdeprecated-declarations]
   60 |       typedef Eigen::Map<Matrix<double, Dj, Di>, Matrix<double, Dj, Di>::Flags & AlignedBit ? Aligned : Unaligned > HessianBlockTransposedType;
      |                                                                          ~~~~~~^~~~~~~~~~~~
/usr/include/eigen3/Eigen/src/Core/util/Constants.h:167:37: note: declared here
  167 | EIGEN_DEPRECATED const unsigned int AlignedBit = 0x80;
      |                                     ^~~~~~~~~~
/home/zlw/End2End/ORB_SLAM3/include/MapPoint.h: In constructor ‘ORB_SLAM3::MapPoint::MapPoint(const Eigen::Vector3f&, ORB_SLAM3::KeyFrame*, ORB_SLAM3::Map*)’:
/home/zlw/End2End/ORB_SLAM3/include/MapPoint.h:245:11: warning: ‘ORB_SLAM3::MapPoint::mpMap’ will be initialized after [-Wreorder]
  245 |      Map* mpMap;
      |           ^~~~~
/home/zlw/End2End/ORB_SLAM3/include/MapPoint.h:208:18: warning:   ‘unsigned int ORB_SLAM3::MapPoint::mnOriginMapId’ [-Wreorder]
  208 |     unsigned int mnOriginMapId;
      |                  ^~~~~~~~~~~~~
/home/zlw/End2End/ORB_SLAM3/src/MapPoint.cc:39:1: warning:   when initialized here [-Wreorder]
   39 | MapPoint::MapPoint(const Eigen::Vector3f &Pos, KeyFrame *pRefKF, Map* pMap):
      | ^~~~~~~~
/home/zlw/End2End/ORB_SLAM3/include/MapPoint.h: In constructor ‘ORB_SLAM3::MapPoint::MapPoint(double, cv::Point2f, ORB_SLAM3::KeyFrame*, ORB_SLAM3::KeyFrame*, ORB_SLAM3::Map*)’:
/home/zlw/End2End/ORB_SLAM3/include/MapPoint.h:245:11: warning: ‘ORB_SLAM3::MapPoint::mpMap’ will be initialized after [-Wreorder]
  245 |      Map* mpMap;
      |           ^~~~~
/home/zlw/End2End/ORB_SLAM3/include/MapPoint.h:208:18: warning:   ‘unsigned int ORB_SLAM3::MapPoint::mnOriginMapId’ [-Wreorder]
  208 |     unsigned int mnOriginMapId;
      |                  ^~~~~~~~~~~~~
/home/zlw/End2End/ORB_SLAM3/src/MapPoint.cc:58:1: warning:   when initialized here [-Wreorder]
   58 | MapPoint::MapPoint(const double invDepth, cv::Point2f uv_init, KeyFrame* pRefKF, KeyFrame* pHostKF, Map* pMap):
      | ^~~~~~~~
/home/zlw/End2End/ORB_SLAM3/include/MapPoint.h: In constructor ‘ORB_SLAM3::MapPoint::MapPoint(const Eigen::Vector3f&, ORB_SLAM3::Map*, ORB_SLAM3::Frame*, const int&)’:
/home/zlw/End2End/ORB_SLAM3/include/MapPoint.h:245:11: warning: ‘ORB_SLAM3::MapPoint::mpMap’ will be initialized after [-Wreorder]
  245 |      Map* mpMap;
      |           ^~~~~
/home/zlw/End2End/ORB_SLAM3/include/MapPoint.h:208:18: warning:   ‘unsigned int ORB_SLAM3::MapPoint::mnOriginMapId’ [-Wreorder]
  208 |     unsigned int mnOriginMapId;
      |                  ^~~~~~~~~~~~~
/home/zlw/End2End/ORB_SLAM3/src/MapPoint.cc:78:1: warning:   when initialized here [-Wreorder]
   78 | MapPoint::MapPoint(const Eigen::Vector3f &Pos, Map* pMap, Frame* pFrame, const int &idxF):
      | ^~~~~~~~
/home/zlw/End2End/ORB_SLAM3/src/MapPoint.cc: In member function ‘void ORB_SLAM3::MapPoint::PrintObservations()’:
/home/zlw/End2End/ORB_SLAM3/src/MapPoint.cc:555:13: warning: unused variable ‘leftIndex’ [-Wunused-variable]
  555 |         int leftIndex = get<0>(indexes), rightIndex = get<1>(indexes);
      |             ^~~~~~~~~
/home/zlw/End2End/ORB_SLAM3/src/MapPoint.cc:555:42: warning: unused variable ‘rightIndex’ [-Wunused-variable]
  555 |         int leftIndex = get<0>(indexes), rightIndex = get<1>(indexes);
      |                                          ^~~~~~~~~~
[ 28%] Building CXX object CMakeFiles/ORB_SLAM3_h15_f120_o8_purevis.dir/src/KeyFrame.cc.o
In file included from /home/zlw/End2End/ORB_SLAM3/include/Frame.h:30,
                 from /home/zlw/End2End/ORB_SLAM3/include/MapPoint.h:24,
                 from /home/zlw/End2End/ORB_SLAM3/include/KeyFrame.h:23,
                 from /home/zlw/End2End/ORB_SLAM3/src/KeyFrame.cc:19:
/home/zlw/End2End/ORB_SLAM3/include/ImuTypes.h: In member function ‘void ORB_SLAM3::IMU::Preintegrated::printMeasurements() const’:
/home/zlw/End2End/ORB_SLAM3/include/ImuTypes.h:204:23: warning: comparison of integer expressions of different signedness: ‘int’ and ‘std::vector<ORB_SLAM3::IMU::Preintegrated::integrable>::size_type’ {aka ‘long unsigned int’} [-Wsign-compare]
  204 |         for(int i=0; i<mvMeasurements.size(); i++){
      |                      ~^~~~~~~~~~~~~~~~~~~~~~
In file included from /home/zlw/End2End/ORB_SLAM3/Thirdparty/DBoW2/DBoW2/FORB.h:17,
                 from /home/zlw/End2End/ORB_SLAM3/include/ORBVocabulary.h:23,
                 from /home/zlw/End2End/ORB_SLAM3/include/Frame.h:31:
/home/zlw/End2End/ORB_SLAM3/Thirdparty/DBoW2/DBoW2/FClass.h: At global scope:
/home/zlw/End2End/ORB_SLAM3/Thirdparty/DBoW2/DBoW2/FClass.h:35:16: warning: ‘virtual void DBoW2::FClass::meanValue(const std::vector<const TDescriptor*>&, TDescriptor&)’ was hidden [-Woverloaded-virtual=]
   35 |   virtual void meanValue(const std::vector<pDescriptor> &descriptors,
      |                ^~~~~~~~~
/home/zlw/End2End/ORB_SLAM3/Thirdparty/DBoW2/DBoW2/FORB.h:38:15: note:   by ‘static void DBoW2::FORB::meanValue(const std::vector<const cv::Mat*>&, TDescriptor&)’
   38 |   static void meanValue(const std::vector<pDescriptor> &descriptors,
      |               ^~~~~~~~~
In file included from /home/zlw/End2End/ORB_SLAM3/Thirdparty/g2o/g2o/types/types_six_dof_expmap.h:37,
                 from /home/zlw/End2End/ORB_SLAM3/include/Converter.h:26,
                 from /home/zlw/End2End/ORB_SLAM3/include/Frame.h:33:
/home/zlw/End2End/ORB_SLAM3/Thirdparty/g2o/g2o/types/../core/base_vertex.h:62:74: warning: ‘Eigen::AlignedBit’ is deprecated [-Wdeprecated-declarations]
   62 |     typedef Eigen::Map<Matrix<double, D, D>, Matrix<double,D,D>::Flags & AlignedBit ? Aligned : Unaligned >  HessianBlockType;
      |                                                                          ^~~~~~~~~~
In file included from /usr/include/eigen3/Eigen/Core:161,
                 from /usr/include/eigen3/Eigen/LU:11,
                 from /home/zlw/End2End/ORB_SLAM3/Thirdparty/Sophus/sophus/so2.hpp:12,
                 from /home/zlw/End2End/ORB_SLAM3/Thirdparty/Sophus/sophus/se2.hpp:7,
                 from /home/zlw/End2End/ORB_SLAM3/Thirdparty/Sophus/sophus/geometry.hpp:7,
                 from /home/zlw/End2End/ORB_SLAM3/include/Frame.h:28:
/usr/include/eigen3/Eigen/src/Core/util/Constants.h:167:37: note: declared here
  167 | EIGEN_DEPRECATED const unsigned int AlignedBit = 0x80;
      |                                     ^~~~~~~~~~
In file included from /home/zlw/End2End/ORB_SLAM3/Thirdparty/g2o/g2o/types/types_six_dof_expmap.h:38:
/home/zlw/End2End/ORB_SLAM3/Thirdparty/g2o/g2o/types/../core/base_binary_edge.h:59:82: warning: ‘Eigen::AlignedBit’ is deprecated [-Wdeprecated-declarations]
   59 |       typedef Eigen::Map<Matrix<double, Di, Dj>, Matrix<double, Di, Dj>::Flags & AlignedBit ? Aligned : Unaligned > HessianBlockType;
      |                                                                                  ^~~~~~~~~~
/usr/include/eigen3/Eigen/src/Core/util/Constants.h:167:37: note: declared here
  167 | EIGEN_DEPRECATED const unsigned int AlignedBit = 0x80;
      |                                     ^~~~~~~~~~
/home/zlw/End2End/ORB_SLAM3/Thirdparty/g2o/g2o/types/../core/base_binary_edge.h:60:82: warning: ‘Eigen::AlignedBit’ is deprecated [-Wdeprecated-declarations]
   60 |       typedef Eigen::Map<Matrix<double, Dj, Di>, Matrix<double, Dj, Di>::Flags & AlignedBit ? Aligned : Unaligned > HessianBlockTransposedType;
      |                                                                                  ^~~~~~~~~~
/usr/include/eigen3/Eigen/src/Core/util/Constants.h:167:37: note: declared here
  167 | EIGEN_DEPRECATED const unsigned int AlignedBit = 0x80;
      |                                     ^~~~~~~~~~
/home/zlw/End2End/ORB_SLAM3/Thirdparty/g2o/g2o/types/../core/base_vertex.h: In instantiation of ‘class g2o::BaseVertex<3, Eigen::Matrix<double, 3, 1> >’:
/home/zlw/End2End/ORB_SLAM3/Thirdparty/g2o/g2o/types/types_sba.h:40:35:   required from here
/home/zlw/End2End/ORB_SLAM3/Thirdparty/g2o/g2o/types/../core/base_vertex.h:62:72: warning: ‘Eigen::AlignedBit’ is deprecated [-Wdeprecated-declarations]
   62 |     typedef Eigen::Map<Matrix<double, D, D>, Matrix<double,D,D>::Flags & AlignedBit ? Aligned : Unaligned >  HessianBlockType;
      |                                                                  ~~~~~~^~~~~~~~~~~~
/usr/include/eigen3/Eigen/src/Core/util/Constants.h:167:37: note: declared here
  167 | EIGEN_DEPRECATED const unsigned int AlignedBit = 0x80;
      |                                     ^~~~~~~~~~
/home/zlw/End2End/ORB_SLAM3/Thirdparty/g2o/g2o/types/../core/base_vertex.h: In instantiation of ‘class g2o::BaseVertex<6, g2o::SE3Quat>’:
/home/zlw/End2End/ORB_SLAM3/Thirdparty/g2o/g2o/types/types_six_dof_expmap.h:59:33:   required from here
/home/zlw/End2End/ORB_SLAM3/Thirdparty/g2o/g2o/types/../core/base_vertex.h:62:72: warning: ‘Eigen::AlignedBit’ is deprecated [-Wdeprecated-declarations]
   62 |     typedef Eigen::Map<Matrix<double, D, D>, Matrix<double,D,D>::Flags & AlignedBit ? Aligned : Unaligned >  HessianBlockType;
      |                                                                  ~~~~~~^~~~~~~~~~~~
/usr/include/eigen3/Eigen/src/Core/util/Constants.h:167:37: note: declared here
  167 | EIGEN_DEPRECATED const unsigned int AlignedBit = 0x80;
      |                                     ^~~~~~~~~~
/home/zlw/End2End/ORB_SLAM3/Thirdparty/g2o/g2o/types/../core/base_binary_edge.h: In instantiation of ‘class g2o::BaseBinaryEdge<6, g2o::SE3Quat, g2o::VertexSE3Expmap, g2o::VertexSE3Expmap>’:
/home/zlw/End2End/ORB_SLAM3/Thirdparty/g2o/g2o/types/types_six_dof_expmap.h:83:24:   required from here
/home/zlw/End2End/ORB_SLAM3/Thirdparty/g2o/g2o/types/../core/base_binary_edge.h:59:80: warning: ‘Eigen::AlignedBit’ is deprecated [-Wdeprecated-declarations]
   59 |       typedef Eigen::Map<Matrix<double, Di, Dj>, Matrix<double, Di, Dj>::Flags & AlignedBit ? Aligned : Unaligned > HessianBlockType;
      |                                                                          ~~~~~~^~~~~~~~~~~~
/usr/include/eigen3/Eigen/src/Core/util/Constants.h:167:37: note: declared here
  167 | EIGEN_DEPRECATED const unsigned int AlignedBit = 0x80;
      |                                     ^~~~~~~~~~
/home/zlw/End2End/ORB_SLAM3/Thirdparty/g2o/g2o/types/../core/base_binary_edge.h:60:80: warning: ‘Eigen::AlignedBit’ is deprecated [-Wdeprecated-declarations]
   60 |       typedef Eigen::Map<Matrix<double, Dj, Di>, Matrix<double, Dj, Di>::Flags & AlignedBit ? Aligned : Unaligned > HessianBlockTransposedType;
      |                                                                          ~~~~~~^~~~~~~~~~~~
/usr/include/eigen3/Eigen/src/Core/util/Constants.h:167:37: note: declared here
  167 | EIGEN_DEPRECATED const unsigned int AlignedBit = 0x80;
      |                                     ^~~~~~~~~~
/home/zlw/End2End/ORB_SLAM3/Thirdparty/g2o/g2o/types/../core/base_binary_edge.h: In instantiation of ‘class g2o::BaseBinaryEdge<2, Eigen::Matrix<double, 2, 1>, g2o::VertexSBAPointXYZ, g2o::VertexSE3Expmap>’:
/home/zlw/End2End/ORB_SLAM3/Thirdparty/g2o/g2o/types/types_six_dof_expmap.h:114:35:   required from here
/home/zlw/End2End/ORB_SLAM3/Thirdparty/g2o/g2o/types/../core/base_binary_edge.h:59:80: warning: ‘Eigen::AlignedBit’ is deprecated [-Wdeprecated-declarations]
   59 |       typedef Eigen::Map<Matrix<double, Di, Dj>, Matrix<double, Di, Dj>::Flags & AlignedBit ? Aligned : Unaligned > HessianBlockType;
      |                                                                          ~~~~~~^~~~~~~~~~~~
/usr/include/eigen3/Eigen/src/Core/util/Constants.h:167:37: note: declared here
  167 | EIGEN_DEPRECATED const unsigned int AlignedBit = 0x80;
      |                                     ^~~~~~~~~~
/home/zlw/End2End/ORB_SLAM3/Thirdparty/g2o/g2o/types/../core/base_binary_edge.h:60:80: warning: ‘Eigen::AlignedBit’ is deprecated [-Wdeprecated-declarations]
   60 |       typedef Eigen::Map<Matrix<double, Dj, Di>, Matrix<double, Dj, Di>::Flags & AlignedBit ? Aligned : Unaligned > HessianBlockTransposedType;
      |                                                                          ~~~~~~^~~~~~~~~~~~
/usr/include/eigen3/Eigen/src/Core/util/Constants.h:167:37: note: declared here
  167 | EIGEN_DEPRECATED const unsigned int AlignedBit = 0x80;
      |                                     ^~~~~~~~~~
/home/zlw/End2End/ORB_SLAM3/Thirdparty/g2o/g2o/types/../core/base_binary_edge.h: In instantiation of ‘class g2o::BaseBinaryEdge<3, Eigen::Matrix<double, 3, 1>, g2o::VertexSBAPointXYZ, g2o::VertexSE3Expmap>’:
/home/zlw/End2End/ORB_SLAM3/Thirdparty/g2o/g2o/types/types_six_dof_expmap.h:146:41:   required from here
/home/zlw/End2End/ORB_SLAM3/Thirdparty/g2o/g2o/types/../core/base_binary_edge.h:59:80: warning: ‘Eigen::AlignedBit’ is deprecated [-Wdeprecated-declarations]
   59 |       typedef Eigen::Map<Matrix<double, Di, Dj>, Matrix<double, Di, Dj>::Flags & AlignedBit ? Aligned : Unaligned > HessianBlockType;
      |                                                                          ~~~~~~^~~~~~~~~~~~
/usr/include/eigen3/Eigen/src/Core/util/Constants.h:167:37: note: declared here
  167 | EIGEN_DEPRECATED const unsigned int AlignedBit = 0x80;
      |                                     ^~~~~~~~~~
/home/zlw/End2End/ORB_SLAM3/Thirdparty/g2o/g2o/types/../core/base_binary_edge.h:60:80: warning: ‘Eigen::AlignedBit’ is deprecated [-Wdeprecated-declarations]
   60 |       typedef Eigen::Map<Matrix<double, Dj, Di>, Matrix<double, Dj, Di>::Flags & AlignedBit ? Aligned : Unaligned > HessianBlockTransposedType;
      |                                                                          ~~~~~~^~~~~~~~~~~~
/usr/include/eigen3/Eigen/src/Core/util/Constants.h:167:37: note: declared here
  167 | EIGEN_DEPRECATED const unsigned int AlignedBit = 0x80;
      |                                     ^~~~~~~~~~
/home/zlw/End2End/ORB_SLAM3/Thirdparty/g2o/g2o/types/../core/base_vertex.h: In instantiation of ‘class g2o::BaseVertex<7, g2o::Sim3>’:
/home/zlw/End2End/ORB_SLAM3/Thirdparty/g2o/g2o/types/types_seven_dof_expmap.h:48:35:   required from here
/home/zlw/End2End/ORB_SLAM3/Thirdparty/g2o/g2o/types/../core/base_vertex.h:62:72: warning: ‘Eigen::AlignedBit’ is deprecated [-Wdeprecated-declarations]
   62 |     typedef Eigen::Map<Matrix<double, D, D>, Matrix<double,D,D>::Flags & AlignedBit ? Aligned : Unaligned >  HessianBlockType;
      |                                                                  ~~~~~~^~~~~~~~~~~~
/usr/include/eigen3/Eigen/src/Core/util/Constants.h:167:37: note: declared here
  167 | EIGEN_DEPRECATED const unsigned int AlignedBit = 0x80;
      |                                     ^~~~~~~~~~
/home/zlw/End2End/ORB_SLAM3/Thirdparty/g2o/g2o/types/../core/base_binary_edge.h: In instantiation of ‘class g2o::BaseBinaryEdge<7, g2o::Sim3, g2o::VertexSim3Expmap, g2o::VertexSim3Expmap>’:
/home/zlw/End2End/ORB_SLAM3/Thirdparty/g2o/g2o/types/types_seven_dof_expmap.h:99:27:   required from here
/home/zlw/End2End/ORB_SLAM3/Thirdparty/g2o/g2o/types/../core/base_binary_edge.h:59:80: warning: ‘Eigen::AlignedBit’ is deprecated [-Wdeprecated-declarations]
   59 |       typedef Eigen::Map<Matrix<double, Di, Dj>, Matrix<double, Di, Dj>::Flags & AlignedBit ? Aligned : Unaligned > HessianBlockType;
      |                                                                          ~~~~~~^~~~~~~~~~~~
/usr/include/eigen3/Eigen/src/Core/util/Constants.h:167:37: note: declared here
  167 | EIGEN_DEPRECATED const unsigned int AlignedBit = 0x80;
      |                                     ^~~~~~~~~~
/home/zlw/End2End/ORB_SLAM3/Thirdparty/g2o/g2o/types/../core/base_binary_edge.h:60:80: warning: ‘Eigen::AlignedBit’ is deprecated [-Wdeprecated-declarations]
   60 |       typedef Eigen::Map<Matrix<double, Dj, Di>, Matrix<double, Dj, Di>::Flags & AlignedBit ? Aligned : Unaligned > HessianBlockTransposedType;
      |                                                                          ~~~~~~^~~~~~~~~~~~
/usr/include/eigen3/Eigen/src/Core/util/Constants.h:167:37: note: declared here
  167 | EIGEN_DEPRECATED const unsigned int AlignedBit = 0x80;
      |                                     ^~~~~~~~~~
/home/zlw/End2End/ORB_SLAM3/Thirdparty/g2o/g2o/types/../core/base_binary_edge.h: In instantiation of ‘class g2o::BaseBinaryEdge<2, Eigen::Matrix<double, 2, 1>, g2o::VertexSBAPointXYZ, g2o::VertexSim3Expmap>’:
/home/zlw/End2End/ORB_SLAM3/Thirdparty/g2o/g2o/types/types_seven_dof_expmap.h:130:36:   required from here
/home/zlw/End2End/ORB_SLAM3/Thirdparty/g2o/g2o/types/../core/base_binary_edge.h:59:80: warning: ‘Eigen::AlignedBit’ is deprecated [-Wdeprecated-declarations]
   59 |       typedef Eigen::Map<Matrix<double, Di, Dj>, Matrix<double, Di, Dj>::Flags & AlignedBit ? Aligned : Unaligned > HessianBlockType;
      |                                                                          ~~~~~~^~~~~~~~~~~~
/usr/include/eigen3/Eigen/src/Core/util/Constants.h:167:37: note: declared here
  167 | EIGEN_DEPRECATED const unsigned int AlignedBit = 0x80;
      |                                     ^~~~~~~~~~
/home/zlw/End2End/ORB_SLAM3/Thirdparty/g2o/g2o/types/../core/base_binary_edge.h:60:80: warning: ‘Eigen::AlignedBit’ is deprecated [-Wdeprecated-declarations]
   60 |       typedef Eigen::Map<Matrix<double, Dj, Di>, Matrix<double, Dj, Di>::Flags & AlignedBit ? Aligned : Unaligned > HessianBlockTransposedType;
      |                                                                          ~~~~~~^~~~~~~~~~~~
/usr/include/eigen3/Eigen/src/Core/util/Constants.h:167:37: note: declared here
  167 | EIGEN_DEPRECATED const unsigned int AlignedBit = 0x80;
      |                                     ^~~~~~~~~~
/home/zlw/End2End/ORB_SLAM3/src/KeyFrame.cc: In constructor ‘ORB_SLAM3::KeyFrame::KeyFrame()’:
/home/zlw/End2End/ORB_SLAM3/src/KeyFrame.cc:35:89: warning: passing NULL to non-pointer argument 1 of ‘std::vector<_Tp, _Alloc>::vector(size_type, const allocator_type&) [with _Tp = cv::KeyPoint; _Alloc = std::allocator<cv::KeyPoint>; size_type = long unsigned int; allocator_type = std::allocator<cv::KeyPoint>]’ [-Wconversion-null]
   35 |         mbf(0), mb(0), mThDepth(0), N(0), mvKeys(static_cast<vector<cv::KeyPoint> >(NULL)), mvKeysUn(static_cast<vector<cv::KeyPoint> >(NULL)),
      |                                                                                         ^
In file included from /usr/include/c++/13/vector:66,
                 from /home/zlw/End2End/ORB_SLAM3/include/Frame.h:23:
/usr/include/c++/13/bits/stl_vector.h:556:24: note:   declared here
  556 |       vector(size_type __n, const allocator_type& __a = allocator_type())
      |              ~~~~~~~~~~^~~
/home/zlw/End2End/ORB_SLAM3/src/KeyFrame.cc:35:141: warning: passing NULL to non-pointer argument 1 of ‘std::vector<_Tp, _Alloc>::vector(size_type, const allocator_type&) [with _Tp = cv::KeyPoint; _Alloc = std::allocator<cv::KeyPoint>; size_type = long unsigned int; allocator_type = std::allocator<cv::KeyPoint>]’ [-Wconversion-null]
   35 |         mbf(0), mb(0), mThDepth(0), N(0), mvKeys(static_cast<vector<cv::KeyPoint> >(NULL)), mvKeysUn(static_cast<vector<cv::KeyPoint> >(NULL)),
      |                                                                                                                                             ^
/usr/include/c++/13/bits/stl_vector.h:556:24: note:   declared here
  556 |       vector(size_type __n, const allocator_type& __a = allocator_type())
      |              ~~~~~~~~~~^~~
/home/zlw/End2End/ORB_SLAM3/src/KeyFrame.cc:36:50: warning: passing NULL to non-pointer argument 1 of ‘std::vector<_Tp, _Alloc>::vector(size_type, const allocator_type&) [with _Tp = float; _Alloc = std::allocator<float>; size_type = long unsigned int; allocator_type = std::allocator<float>]’ [-Wconversion-null]
   36 |         mvuRight(static_cast<vector<float> >(NULL)), mvDepth(static_cast<vector<float> >(NULL)), mnScaleLevels(0), mfScaleFactor(0),
      |                                                  ^
/usr/include/c++/13/bits/stl_vector.h:556:24: note:   declared here
  556 |       vector(size_type __n, const allocator_type& __a = allocator_type())
      |              ~~~~~~~~~~^~~
/home/zlw/End2End/ORB_SLAM3/src/KeyFrame.cc:36:94: warning: passing NULL to non-pointer argument 1 of ‘std::vector<_Tp, _Alloc>::vector(size_type, const allocator_type&) [with _Tp = float; _Alloc = std::allocator<float>; size_type = long unsigned int; allocator_type = std::allocator<float>]’ [-Wconversion-null]
   36 |         mvuRight(static_cast<vector<float> >(NULL)), mvDepth(static_cast<vector<float> >(NULL)), mnScaleLevels(0), mfScaleFactor(0),
      |                                                                                              ^
/usr/include/c++/13/bits/stl_vector.h:556:24: note:   declared here
  556 |       vector(size_type __n, const allocator_type& __a = allocator_type())
      |              ~~~~~~~~~~^~~
/home/zlw/End2End/ORB_SLAM3/include/KeyFrame.h:369:23: warning: ‘ORB_SLAM3::KeyFrame::mnBALocalForMerge’ will be initialized after [-Wreorder]
  369 |     long unsigned int mnBALocalForMerge;
      |                       ^~~~~~~~~~~~~~~~~
/home/zlw/End2End/ORB_SLAM3/include/KeyFrame.h:335:23: warning:   ‘long unsigned int ORB_SLAM3::KeyFrame::mnLoopQuery’ [-Wreorder]
  335 |     long unsigned int mnLoopQuery;
      |                       ^~~~~~~~~~~
/home/zlw/End2End/ORB_SLAM3/src/KeyFrame.cc:29:1: warning:   when initialized here [-Wreorder]
   29 | KeyFrame::KeyFrame():
      | ^~~~~~~~
/home/zlw/End2End/ORB_SLAM3/include/KeyFrame.h:374:40: warning: ‘ORB_SLAM3::KeyFrame::invfy’ will be initialized after [-Wreorder]
  374 |     const float fx, fy, cx, cy, invfx, invfy, mbf, mb, mThDepth;
      |                                        ^~~~~
/home/zlw/End2End/ORB_SLAM3/include/KeyFrame.h:344:23: warning:   ‘long unsigned int ORB_SLAM3::KeyFrame::mnPlaceRecognitionQuery’ [-Wreorder]
  344 |     long unsigned int mnPlaceRecognitionQuery;
      |                       ^~~~~~~~~~~~~~~~~~~~~~~
/home/zlw/End2End/ORB_SLAM3/src/KeyFrame.cc:29:1: warning:   when initialized here [-Wreorder]
   29 | KeyFrame::KeyFrame():
      | ^~~~~~~~
/home/zlw/End2End/ORB_SLAM3/include/KeyFrame.h:483:11: warning: ‘ORB_SLAM3::KeyFrame::mHalfBaseline’ will be initialized after [-Wreorder]
  483 |     float mHalfBaseline; // Only for visualization
      |           ^~~~~~~~~~~~~
/home/zlw/End2End/ORB_SLAM3/include/KeyFrame.h:348:10: warning:   ‘bool ORB_SLAM3::KeyFrame::mbCurrentPlaceRecognition’ [-Wreorder]
  348 |     bool mbCurrentPlaceRecognition;
      |          ^~~~~~~~~~~~~~~~~~~~~~~~~
/home/zlw/End2End/ORB_SLAM3/src/KeyFrame.cc:29:1: warning:   when initialized here [-Wreorder]
   29 | KeyFrame::KeyFrame():
      | ^~~~~~~~
/home/zlw/End2End/ORB_SLAM3/include/KeyFrame.h:516:22: warning: ‘ORB_SLAM3::KeyFrame::NRight’ will be initialized after [-Wreorder]
  516 |     const int NLeft, NRight;
      |                      ^~~~~~
/home/zlw/End2End/ORB_SLAM3/include/KeyFrame.h:332:23: warning:   ‘long unsigned int ORB_SLAM3::KeyFrame::mnNumberOfOpt’ [-Wreorder]
  332 |     long unsigned int mnNumberOfOpt;
      |                       ^~~~~~~~~~~~~
/home/zlw/End2End/ORB_SLAM3/src/KeyFrame.cc:29:1: warning:   when initialized here [-Wreorder]
   29 | KeyFrame::KeyFrame():
      | ^~~~~~~~
/home/zlw/End2End/ORB_SLAM3/include/KeyFrame.h: In constructor ‘ORB_SLAM3::KeyFrame::KeyFrame(ORB_SLAM3::Frame&, ORB_SLAM3::Map*, ORB_SLAM3::KeyFrameDatabase*)’:
/home/zlw/End2End/ORB_SLAM3/include/KeyFrame.h:369:23: warning: ‘ORB_SLAM3::KeyFrame::mnBALocalForMerge’ will be initialized after [-Wreorder]
  369 |     long unsigned int mnBALocalForMerge;
      |                       ^~~~~~~~~~~~~~~~~
/home/zlw/End2End/ORB_SLAM3/include/KeyFrame.h:335:23: warning:   ‘long unsigned int ORB_SLAM3::KeyFrame::mnLoopQuery’ [-Wreorder]
  335 |     long unsigned int mnLoopQuery;
      |                       ^~~~~~~~~~~
/home/zlw/End2End/ORB_SLAM3/src/KeyFrame.cc:45:1: warning:   when initialized here [-Wreorder]
   45 | KeyFrame::KeyFrame(Frame &F, Map *pMap, KeyFrameDatabase *pKFDB):
      | ^~~~~~~~
/home/zlw/End2End/ORB_SLAM3/include/KeyFrame.h:357:23: warning: ‘ORB_SLAM3::KeyFrame::mnBAGlobalForKF’ will be initialized after [-Wreorder]
  357 |     long unsigned int mnBAGlobalForKF;
      |                       ^~~~~~~~~~~~~~~
/home/zlw/End2End/ORB_SLAM3/include/KeyFrame.h:344:23: warning:   ‘long unsigned int ORB_SLAM3::KeyFrame::mnPlaceRecognitionQuery’ [-Wreorder]
  344 |     long unsigned int mnPlaceRecognitionQuery;
      |                       ^~~~~~~~~~~~~~~~~~~~~~~
/home/zlw/End2End/ORB_SLAM3/src/KeyFrame.cc:45:1: warning:   when initialized here [-Wreorder]
   45 | KeyFrame::KeyFrame(Frame &F, Map *pMap, KeyFrameDatabase *pKFDB):
      | ^~~~~~~~
/home/zlw/End2End/ORB_SLAM3/include/KeyFrame.h:496:21: warning: ‘ORB_SLAM3::KeyFrame::mK_’ will be initialized after [-Wreorder]
  496 |     Eigen::Matrix3f mK_;
      |                     ^~~
/home/zlw/End2End/ORB_SLAM3/include/KeyFrame.h:409:15: warning:   ‘ORB_SLAM3::KeyFrame* ORB_SLAM3::KeyFrame::mPrevKF’ [-Wreorder]
  409 |     KeyFrame* mPrevKF;
      |               ^~~~~~~
/home/zlw/End2End/ORB_SLAM3/src/KeyFrame.cc:45:1: warning:   when initialized here [-Wreorder]
   45 | KeyFrame::KeyFrame(Frame &F, Map *pMap, KeyFrameDatabase *pKFDB):
      | ^~~~~~~~
/home/zlw/End2End/ORB_SLAM3/include/KeyFrame.h:468:15: warning: ‘ORB_SLAM3::KeyFrame::mpParent’ will be initialized after [-Wreorder]
  468 |     KeyFrame* mpParent;
      |               ^~~~~~~~
/home/zlw/End2End/ORB_SLAM3/include/KeyFrame.h:375:13: warning:   ‘cv::Mat ORB_SLAM3::KeyFrame::mDistCoef’ [-Wreorder]
  375 |     cv::Mat mDistCoef;
      |             ^~~~~~~~~
/home/zlw/End2End/ORB_SLAM3/src/KeyFrame.cc:45:1: warning:   when initialized here [-Wreorder]
   45 | KeyFrame::KeyFrame(Frame &F, Map *pMap, KeyFrameDatabase *pKFDB):
      | ^~~~~~~~
/home/zlw/End2End/ORB_SLAM3/include/KeyFrame.h:479:10: warning: ‘ORB_SLAM3::KeyFrame::mbNotErase’ will be initialized after [-Wreorder]
  479 |     bool mbNotErase;
      |          ^~~~~~~~~~
/home/zlw/End2End/ORB_SLAM3/include/KeyFrame.h:419:9: warning:   ‘int ORB_SLAM3::KeyFrame::mnDataset’ [-Wreorder]
  419 |     int mnDataset;
      |         ^~~~~~~~~
/home/zlw/End2End/ORB_SLAM3/src/KeyFrame.cc:45:1: warning:   when initialized here [-Wreorder]
   45 | KeyFrame::KeyFrame(Frame &F, Map *pMap, KeyFrameDatabase *pKFDB):
      | ^~~~~~~~
/home/zlw/End2End/ORB_SLAM3/include/KeyFrame.h:485:10: warning: ‘ORB_SLAM3::KeyFrame::mpMap’ will be initialized after [-Wreorder]
  485 |     Map* mpMap;
      |          ^~~~~
/home/zlw/End2End/ORB_SLAM3/include/KeyFrame.h:348:10: warning:   ‘bool ORB_SLAM3::KeyFrame::mbCurrentPlaceRecognition’ [-Wreorder]
  348 |     bool mbCurrentPlaceRecognition;
      |          ^~~~~~~~~~~~~~~~~~~~~~~~~
/home/zlw/End2End/ORB_SLAM3/src/KeyFrame.cc:45:1: warning:   when initialized here [-Wreorder]
   45 | KeyFrame::KeyFrame(Frame &F, Map *pMap, KeyFrameDatabase *pKFDB):
      | ^~~~~~~~
/home/zlw/End2End/ORB_SLAM3/include/KeyFrame.h:417:12: warning: ‘ORB_SLAM3::KeyFrame::mNameFile’ will be initialized after [-Wreorder]
  417 |     string mNameFile;
      |            ^~~~~~~~~
/home/zlw/End2End/ORB_SLAM3/include/KeyFrame.h:366:23: warning:   ‘long unsigned int ORB_SLAM3::KeyFrame::mnMergeCorrectedForKF’ [-Wreorder]
  366 |     long unsigned int mnMergeCorrectedForKF;
      |                       ^~~~~~~~~~~~~~~~~~~~~
/home/zlw/End2End/ORB_SLAM3/src/KeyFrame.cc:45:1: warning:   when initialized here [-Wreorder]
   45 | KeyFrame::KeyFrame(Frame &F, Map *pMap, KeyFrameDatabase *pKFDB):
      | ^~~~~~~~
/home/zlw/End2End/ORB_SLAM3/include/KeyFrame.h:508:42: warning: ‘ORB_SLAM3::KeyFrame::mvRightToLeftMatch’ will be initialized after [-Wreorder]
  508 |     std::vector<int> mvLeftToRightMatch, mvRightToLeftMatch;
      |                                          ^~~~~~~~~~~~~~~~~~
/home/zlw/End2End/ORB_SLAM3/include/KeyFrame.h:442:24: warning:   ‘Sophus::SE3<float> ORB_SLAM3::KeyFrame::mTlr’ [-Wreorder]
  442 |     Sophus::SE3<float> mTlr;
      |                        ^~~~
/home/zlw/End2End/ORB_SLAM3/src/KeyFrame.cc:45:1: warning:   when initialized here [-Wreorder]
   45 | KeyFrame::KeyFrame(Frame &F, Map *pMap, KeyFrameDatabase *pKFDB):
      | ^~~~~~~~
/home/zlw/End2End/ORB_SLAM3/include/KeyFrame.h:516:22: warning: ‘ORB_SLAM3::KeyFrame::NRight’ will be initialized after [-Wreorder]
  516 |     const int NLeft, NRight;
      |                      ^~~~~~
/home/zlw/End2End/ORB_SLAM3/include/KeyFrame.h:443:24: warning:   ‘Sophus::SE3<float> ORB_SLAM3::KeyFrame::mTrl’ [-Wreorder]
  443 |     Sophus::SE3<float> mTrl;
      |                        ^~~~
/home/zlw/End2End/ORB_SLAM3/src/KeyFrame.cc:45:1: warning:   when initialized here [-Wreorder]
   45 | KeyFrame::KeyFrame(Frame &F, Map *pMap, KeyFrameDatabase *pKFDB):
      | ^~~~~~~~
/home/zlw/End2End/ORB_SLAM3/include/KeyFrame.h:443:24: warning: ‘ORB_SLAM3::KeyFrame::mTrl’ will be initialized after [-Wreorder]
  443 |     Sophus::SE3<float> mTrl;
      |                        ^~~~
/home/zlw/End2End/ORB_SLAM3/include/KeyFrame.h:332:23: warning:   ‘long unsigned int ORB_SLAM3::KeyFrame::mnNumberOfOpt’ [-Wreorder]
  332 |     long unsigned int mnNumberOfOpt;
      |                       ^~~~~~~~~~~~~
/home/zlw/End2End/ORB_SLAM3/src/KeyFrame.cc:45:1: warning:   when initialized here [-Wreorder]
   45 | KeyFrame::KeyFrame(Frame &F, Map *pMap, KeyFrameDatabase *pKFDB):
      | ^~~~~~~~
/home/zlw/End2End/ORB_SLAM3/src/KeyFrame.cc: In member function ‘void ORB_SLAM3::KeyFrame::EraseMapPointMatch(ORB_SLAM3::MapPoint*)’:
/home/zlw/End2End/ORB_SLAM3/src/KeyFrame.cc:313:18: warning: comparison of integer expressions of different signedness: ‘size_t’ {aka ‘long unsigned int’} and ‘int’ [-Wsign-compare]
  313 |     if(leftIndex != -1)
      |        ~~~~~~~~~~^~~~~
/home/zlw/End2End/ORB_SLAM3/src/KeyFrame.cc:315:19: warning: comparison of integer expressions of different signedness: ‘size_t’ {aka ‘long unsigned int’} and ‘int’ [-Wsign-compare]
  315 |     if(rightIndex != -1)
      |        ~~~~~~~~~~~^~~~~
[ 28%] Building CXX object CMakeFiles/ORB_SLAM3_h15_f120_o8_purevis.dir/src/Atlas.cc.o
In file included from /home/zlw/End2End/ORB_SLAM3/Thirdparty/DBoW2/DBoW2/FORB.h:17,
                 from /home/zlw/End2End/ORB_SLAM3/include/ORBVocabulary.h:23,
                 from /home/zlw/End2End/ORB_SLAM3/include/KeyFrame.h:26,
                 from /home/zlw/End2End/ORB_SLAM3/include/MapPoint.h:23,
                 from /home/zlw/End2End/ORB_SLAM3/include/Map.h:23,
                 from /home/zlw/End2End/ORB_SLAM3/include/Atlas.h:22,
                 from /home/zlw/End2End/ORB_SLAM3/src/Atlas.cc:19:
/home/zlw/End2End/ORB_SLAM3/Thirdparty/DBoW2/DBoW2/FClass.h:35:16: warning: ‘virtual void DBoW2::FClass::meanValue(const std::vector<const TDescriptor*>&, TDescriptor&)’ was hidden [-Woverloaded-virtual=]
   35 |   virtual void meanValue(const std::vector<pDescriptor> &descriptors,
      |                ^~~~~~~~~
/home/zlw/End2End/ORB_SLAM3/Thirdparty/DBoW2/DBoW2/FORB.h:38:15: note:   by ‘static void DBoW2::FORB::meanValue(const std::vector<const cv::Mat*>&, TDescriptor&)’
   38 |   static void meanValue(const std::vector<pDescriptor> &descriptors,
      |               ^~~~~~~~~
In file included from /home/zlw/End2End/ORB_SLAM3/include/Frame.h:30,
                 from /home/zlw/End2End/ORB_SLAM3/include/KeyFrame.h:28:
/home/zlw/End2End/ORB_SLAM3/include/ImuTypes.h: In member function ‘void ORB_SLAM3::IMU::Preintegrated::printMeasurements() const’:
/home/zlw/End2End/ORB_SLAM3/include/ImuTypes.h:204:23: warning: comparison of integer expressions of different signedness: ‘int’ and ‘std::vector<ORB_SLAM3::IMU::Preintegrated::integrable>::size_type’ {aka ‘long unsigned int’} [-Wsign-compare]
  204 |         for(int i=0; i<mvMeasurements.size(); i++){
      |                      ~^~~~~~~~~~~~~~~~~~~~~~
In file included from /home/zlw/End2End/ORB_SLAM3/Thirdparty/g2o/g2o/types/types_six_dof_expmap.h:37,
                 from /home/zlw/End2End/ORB_SLAM3/include/Converter.h:26,
                 from /home/zlw/End2End/ORB_SLAM3/include/Frame.h:33:
/home/zlw/End2End/ORB_SLAM3/Thirdparty/g2o/g2o/types/../core/base_vertex.h: At global scope:
/home/zlw/End2End/ORB_SLAM3/Thirdparty/g2o/g2o/types/../core/base_vertex.h:62:74: warning: ‘Eigen::AlignedBit’ is deprecated [-Wdeprecated-declarations]
   62 |     typedef Eigen::Map<Matrix<double, D, D>, Matrix<double,D,D>::Flags & AlignedBit ? Aligned : Unaligned >  HessianBlockType;
      |                                                                          ^~~~~~~~~~
In file included from /usr/include/eigen3/Eigen/Core:161,
                 from /usr/include/eigen3/Eigen/LU:11,
                 from /home/zlw/End2End/ORB_SLAM3/Thirdparty/Sophus/sophus/so2.hpp:12,
                 from /home/zlw/End2End/ORB_SLAM3/Thirdparty/Sophus/sophus/se2.hpp:7,
                 from /home/zlw/End2End/ORB_SLAM3/Thirdparty/Sophus/sophus/geometry.hpp:7,
                 from /home/zlw/End2End/ORB_SLAM3/include/Frame.h:28:
/usr/include/eigen3/Eigen/src/Core/util/Constants.h:167:37: note: declared here
  167 | EIGEN_DEPRECATED const unsigned int AlignedBit = 0x80;
      |                                     ^~~~~~~~~~
In file included from /home/zlw/End2End/ORB_SLAM3/Thirdparty/g2o/g2o/types/types_six_dof_expmap.h:38:
/home/zlw/End2End/ORB_SLAM3/Thirdparty/g2o/g2o/types/../core/base_binary_edge.h:59:82: warning: ‘Eigen::AlignedBit’ is deprecated [-Wdeprecated-declarations]
   59 |       typedef Eigen::Map<Matrix<double, Di, Dj>, Matrix<double, Di, Dj>::Flags & AlignedBit ? Aligned : Unaligned > HessianBlockType;
      |                                                                                  ^~~~~~~~~~
/usr/include/eigen3/Eigen/src/Core/util/Constants.h:167:37: note: declared here
  167 | EIGEN_DEPRECATED const unsigned int AlignedBit = 0x80;
      |                                     ^~~~~~~~~~
/home/zlw/End2End/ORB_SLAM3/Thirdparty/g2o/g2o/types/../core/base_binary_edge.h:60:82: warning: ‘Eigen::AlignedBit’ is deprecated [-Wdeprecated-declarations]
   60 |       typedef Eigen::Map<Matrix<double, Dj, Di>, Matrix<double, Dj, Di>::Flags & AlignedBit ? Aligned : Unaligned > HessianBlockTransposedType;
      |                                                                                  ^~~~~~~~~~
/usr/include/eigen3/Eigen/src/Core/util/Constants.h:167:37: note: declared here
  167 | EIGEN_DEPRECATED const unsigned int AlignedBit = 0x80;
      |                                     ^~~~~~~~~~
/home/zlw/End2End/ORB_SLAM3/Thirdparty/g2o/g2o/types/../core/base_vertex.h: In instantiation of ‘class g2o::BaseVertex<3, Eigen::Matrix<double, 3, 1> >’:
/home/zlw/End2End/ORB_SLAM3/Thirdparty/g2o/g2o/types/types_sba.h:40:35:   required from here
/home/zlw/End2End/ORB_SLAM3/Thirdparty/g2o/g2o/types/../core/base_vertex.h:62:72: warning: ‘Eigen::AlignedBit’ is deprecated [-Wdeprecated-declarations]
   62 |     typedef Eigen::Map<Matrix<double, D, D>, Matrix<double,D,D>::Flags & AlignedBit ? Aligned : Unaligned >  HessianBlockType;
      |                                                                  ~~~~~~^~~~~~~~~~~~
/usr/include/eigen3/Eigen/src/Core/util/Constants.h:167:37: note: declared here
  167 | EIGEN_DEPRECATED const unsigned int AlignedBit = 0x80;
      |                                     ^~~~~~~~~~
/home/zlw/End2End/ORB_SLAM3/Thirdparty/g2o/g2o/types/../core/base_vertex.h: In instantiation of ‘class g2o::BaseVertex<6, g2o::SE3Quat>’:
/home/zlw/End2End/ORB_SLAM3/Thirdparty/g2o/g2o/types/types_six_dof_expmap.h:59:33:   required from here
/home/zlw/End2End/ORB_SLAM3/Thirdparty/g2o/g2o/types/../core/base_vertex.h:62:72: warning: ‘Eigen::AlignedBit’ is deprecated [-Wdeprecated-declarations]
   62 |     typedef Eigen::Map<Matrix<double, D, D>, Matrix<double,D,D>::Flags & AlignedBit ? Aligned : Unaligned >  HessianBlockType;
      |                                                                  ~~~~~~^~~~~~~~~~~~
/usr/include/eigen3/Eigen/src/Core/util/Constants.h:167:37: note: declared here
  167 | EIGEN_DEPRECATED const unsigned int AlignedBit = 0x80;
      |                                     ^~~~~~~~~~
/home/zlw/End2End/ORB_SLAM3/Thirdparty/g2o/g2o/types/../core/base_binary_edge.h: In instantiation of ‘class g2o::BaseBinaryEdge<6, g2o::SE3Quat, g2o::VertexSE3Expmap, g2o::VertexSE3Expmap>’:
/home/zlw/End2End/ORB_SLAM3/Thirdparty/g2o/g2o/types/types_six_dof_expmap.h:83:24:   required from here
/home/zlw/End2End/ORB_SLAM3/Thirdparty/g2o/g2o/types/../core/base_binary_edge.h:59:80: warning: ‘Eigen::AlignedBit’ is deprecated [-Wdeprecated-declarations]
   59 |       typedef Eigen::Map<Matrix<double, Di, Dj>, Matrix<double, Di, Dj>::Flags & AlignedBit ? Aligned : Unaligned > HessianBlockType;
      |                                                                          ~~~~~~^~~~~~~~~~~~
/usr/include/eigen3/Eigen/src/Core/util/Constants.h:167:37: note: declared here
  167 | EIGEN_DEPRECATED const unsigned int AlignedBit = 0x80;
      |                                     ^~~~~~~~~~
/home/zlw/End2End/ORB_SLAM3/Thirdparty/g2o/g2o/types/../core/base_binary_edge.h:60:80: warning: ‘Eigen::AlignedBit’ is deprecated [-Wdeprecated-declarations]
   60 |       typedef Eigen::Map<Matrix<double, Dj, Di>, Matrix<double, Dj, Di>::Flags & AlignedBit ? Aligned : Unaligned > HessianBlockTransposedType;
      |                                                                          ~~~~~~^~~~~~~~~~~~
/usr/include/eigen3/Eigen/src/Core/util/Constants.h:167:37: note: declared here
  167 | EIGEN_DEPRECATED const unsigned int AlignedBit = 0x80;
      |                                     ^~~~~~~~~~
/home/zlw/End2End/ORB_SLAM3/Thirdparty/g2o/g2o/types/../core/base_binary_edge.h: In instantiation of ‘class g2o::BaseBinaryEdge<2, Eigen::Matrix<double, 2, 1>, g2o::VertexSBAPointXYZ, g2o::VertexSE3Expmap>’:
/home/zlw/End2End/ORB_SLAM3/Thirdparty/g2o/g2o/types/types_six_dof_expmap.h:114:35:   required from here
/home/zlw/End2End/ORB_SLAM3/Thirdparty/g2o/g2o/types/../core/base_binary_edge.h:59:80: warning: ‘Eigen::AlignedBit’ is deprecated [-Wdeprecated-declarations]
   59 |       typedef Eigen::Map<Matrix<double, Di, Dj>, Matrix<double, Di, Dj>::Flags & AlignedBit ? Aligned : Unaligned > HessianBlockType;
      |                                                                          ~~~~~~^~~~~~~~~~~~
/usr/include/eigen3/Eigen/src/Core/util/Constants.h:167:37: note: declared here
  167 | EIGEN_DEPRECATED const unsigned int AlignedBit = 0x80;
      |                                     ^~~~~~~~~~
/home/zlw/End2End/ORB_SLAM3/Thirdparty/g2o/g2o/types/../core/base_binary_edge.h:60:80: warning: ‘Eigen::AlignedBit’ is deprecated [-Wdeprecated-declarations]
   60 |       typedef Eigen::Map<Matrix<double, Dj, Di>, Matrix<double, Dj, Di>::Flags & AlignedBit ? Aligned : Unaligned > HessianBlockTransposedType;
      |                                                                          ~~~~~~^~~~~~~~~~~~
/usr/include/eigen3/Eigen/src/Core/util/Constants.h:167:37: note: declared here
  167 | EIGEN_DEPRECATED const unsigned int AlignedBit = 0x80;
      |                                     ^~~~~~~~~~
/home/zlw/End2End/ORB_SLAM3/Thirdparty/g2o/g2o/types/../core/base_binary_edge.h: In instantiation of ‘class g2o::BaseBinaryEdge<3, Eigen::Matrix<double, 3, 1>, g2o::VertexSBAPointXYZ, g2o::VertexSE3Expmap>’:
/home/zlw/End2End/ORB_SLAM3/Thirdparty/g2o/g2o/types/types_six_dof_expmap.h:146:41:   required from here
/home/zlw/End2End/ORB_SLAM3/Thirdparty/g2o/g2o/types/../core/base_binary_edge.h:59:80: warning: ‘Eigen::AlignedBit’ is deprecated [-Wdeprecated-declarations]
   59 |       typedef Eigen::Map<Matrix<double, Di, Dj>, Matrix<double, Di, Dj>::Flags & AlignedBit ? Aligned : Unaligned > HessianBlockType;
      |                                                                          ~~~~~~^~~~~~~~~~~~
/usr/include/eigen3/Eigen/src/Core/util/Constants.h:167:37: note: declared here
  167 | EIGEN_DEPRECATED const unsigned int AlignedBit = 0x80;
      |                                     ^~~~~~~~~~
/home/zlw/End2End/ORB_SLAM3/Thirdparty/g2o/g2o/types/../core/base_binary_edge.h:60:80: warning: ‘Eigen::AlignedBit’ is deprecated [-Wdeprecated-declarations]
   60 |       typedef Eigen::Map<Matrix<double, Dj, Di>, Matrix<double, Dj, Di>::Flags & AlignedBit ? Aligned : Unaligned > HessianBlockTransposedType;
      |                                                                          ~~~~~~^~~~~~~~~~~~
/usr/include/eigen3/Eigen/src/Core/util/Constants.h:167:37: note: declared here
  167 | EIGEN_DEPRECATED const unsigned int AlignedBit = 0x80;
      |                                     ^~~~~~~~~~
/home/zlw/End2End/ORB_SLAM3/Thirdparty/g2o/g2o/types/../core/base_vertex.h: In instantiation of ‘class g2o::BaseVertex<7, g2o::Sim3>’:
/home/zlw/End2End/ORB_SLAM3/Thirdparty/g2o/g2o/types/types_seven_dof_expmap.h:48:35:   required from here
/home/zlw/End2End/ORB_SLAM3/Thirdparty/g2o/g2o/types/../core/base_vertex.h:62:72: warning: ‘Eigen::AlignedBit’ is deprecated [-Wdeprecated-declarations]
   62 |     typedef Eigen::Map<Matrix<double, D, D>, Matrix<double,D,D>::Flags & AlignedBit ? Aligned : Unaligned >  HessianBlockType;
      |                                                                  ~~~~~~^~~~~~~~~~~~
/usr/include/eigen3/Eigen/src/Core/util/Constants.h:167:37: note: declared here
  167 | EIGEN_DEPRECATED const unsigned int AlignedBit = 0x80;
      |                                     ^~~~~~~~~~
/home/zlw/End2End/ORB_SLAM3/Thirdparty/g2o/g2o/types/../core/base_binary_edge.h: In instantiation of ‘class g2o::BaseBinaryEdge<7, g2o::Sim3, g2o::VertexSim3Expmap, g2o::VertexSim3Expmap>’:
/home/zlw/End2End/ORB_SLAM3/Thirdparty/g2o/g2o/types/types_seven_dof_expmap.h:99:27:   required from here
/home/zlw/End2End/ORB_SLAM3/Thirdparty/g2o/g2o/types/../core/base_binary_edge.h:59:80: warning: ‘Eigen::AlignedBit’ is deprecated [-Wdeprecated-declarations]
   59 |       typedef Eigen::Map<Matrix<double, Di, Dj>, Matrix<double, Di, Dj>::Flags & AlignedBit ? Aligned : Unaligned > HessianBlockType;
      |                                                                          ~~~~~~^~~~~~~~~~~~
/usr/include/eigen3/Eigen/src/Core/util/Constants.h:167:37: note: declared here
  167 | EIGEN_DEPRECATED const unsigned int AlignedBit = 0x80;
      |                                     ^~~~~~~~~~
/home/zlw/End2End/ORB_SLAM3/Thirdparty/g2o/g2o/types/../core/base_binary_edge.h:60:80: warning: ‘Eigen::AlignedBit’ is deprecated [-Wdeprecated-declarations]
   60 |       typedef Eigen::Map<Matrix<double, Dj, Di>, Matrix<double, Dj, Di>::Flags & AlignedBit ? Aligned : Unaligned > HessianBlockTransposedType;
      |                                                                          ~~~~~~^~~~~~~~~~~~
/usr/include/eigen3/Eigen/src/Core/util/Constants.h:167:37: note: declared here
  167 | EIGEN_DEPRECATED const unsigned int AlignedBit = 0x80;
      |                                     ^~~~~~~~~~
/home/zlw/End2End/ORB_SLAM3/Thirdparty/g2o/g2o/types/../core/base_binary_edge.h: In instantiation of ‘class g2o::BaseBinaryEdge<2, Eigen::Matrix<double, 2, 1>, g2o::VertexSBAPointXYZ, g2o::VertexSim3Expmap>’:
/home/zlw/End2End/ORB_SLAM3/Thirdparty/g2o/g2o/types/types_seven_dof_expmap.h:130:36:   required from here
/home/zlw/End2End/ORB_SLAM3/Thirdparty/g2o/g2o/types/../core/base_binary_edge.h:59:80: warning: ‘Eigen::AlignedBit’ is deprecated [-Wdeprecated-declarations]
   59 |       typedef Eigen::Map<Matrix<double, Di, Dj>, Matrix<double, Di, Dj>::Flags & AlignedBit ? Aligned : Unaligned > HessianBlockType;
      |                                                                          ~~~~~~^~~~~~~~~~~~
/usr/include/eigen3/Eigen/src/Core/util/Constants.h:167:37: note: declared here
  167 | EIGEN_DEPRECATED const unsigned int AlignedBit = 0x80;
      |                                     ^~~~~~~~~~
/home/zlw/End2End/ORB_SLAM3/Thirdparty/g2o/g2o/types/../core/base_binary_edge.h:60:80: warning: ‘Eigen::AlignedBit’ is deprecated [-Wdeprecated-declarations]
   60 |       typedef Eigen::Map<Matrix<double, Dj, Di>, Matrix<double, Dj, Di>::Flags & AlignedBit ? Aligned : Unaligned > HessianBlockTransposedType;
      |                                                                          ~~~~~~^~~~~~~~~~~~
/usr/include/eigen3/Eigen/src/Core/util/Constants.h:167:37: note: declared here
  167 | EIGEN_DEPRECATED const unsigned int AlignedBit = 0x80;
      |                                     ^~~~~~~~~~
In file included from /home/zlw/End2End/ORB_SLAM3/include/Atlas.h:27:
/home/zlw/End2End/ORB_SLAM3/include/CameraModels/KannalaBrandt8.h: In constructor ‘ORB_SLAM3::KannalaBrandt8::KannalaBrandt8(std::vector<float>)’:
/home/zlw/End2End/ORB_SLAM3/include/CameraModels/KannalaBrandt8.h:102:21: warning: ‘ORB_SLAM3::KannalaBrandt8::precision’ will be initialized after [-Wreorder]
  102 |         const float precision;
      |                     ^~~~~~~~~
/home/zlw/End2End/ORB_SLAM3/include/CameraModels/KannalaBrandt8.h:88:26: warning:   ‘std::vector<int> ORB_SLAM3::KannalaBrandt8::mvLappingArea’ [-Wreorder]
   88 |         std::vector<int> mvLappingArea;
      |                          ^~~~~~~~~~~~~
/home/zlw/End2End/ORB_SLAM3/include/CameraModels/KannalaBrandt8.h:47:9: warning:   when initialized here [-Wreorder]
   47 |         KannalaBrandt8(const std::vector<float> _vParameters) : GeometricCamera(_vParameters), precision(1e-6), mvLappingArea(2,0) ,tvr(nullptr) {
      |         ^~~~~~~~~~~~~~
/home/zlw/End2End/ORB_SLAM3/include/CameraModels/KannalaBrandt8.h: In constructor ‘ORB_SLAM3::KannalaBrandt8::KannalaBrandt8(std::vector<float>, float)’:
/home/zlw/End2End/ORB_SLAM3/include/CameraModels/KannalaBrandt8.h:102:21: warning: ‘ORB_SLAM3::KannalaBrandt8::precision’ will be initialized after [-Wreorder]
  102 |         const float precision;
      |                     ^~~~~~~~~
/home/zlw/End2End/ORB_SLAM3/include/CameraModels/KannalaBrandt8.h:88:26: warning:   ‘std::vector<int> ORB_SLAM3::KannalaBrandt8::mvLappingArea’ [-Wreorder]
   88 |         std::vector<int> mvLappingArea;
      |                          ^~~~~~~~~~~~~
/home/zlw/End2End/ORB_SLAM3/include/CameraModels/KannalaBrandt8.h:53:9: warning:   when initialized here [-Wreorder]
   53 |         KannalaBrandt8(const std::vector<float> _vParameters, const float _precision) : GeometricCamera(_vParameters),
      |         ^~~~~~~~~~~~~~
/home/zlw/End2End/ORB_SLAM3/include/CameraModels/KannalaBrandt8.h: In constructor ‘ORB_SLAM3::KannalaBrandt8::KannalaBrandt8(ORB_SLAM3::KannalaBrandt8*)’:
/home/zlw/End2End/ORB_SLAM3/include/CameraModels/KannalaBrandt8.h:102:21: warning: ‘ORB_SLAM3::KannalaBrandt8::precision’ will be initialized after [-Wreorder]
  102 |         const float precision;
      |                     ^~~~~~~~~
/home/zlw/End2End/ORB_SLAM3/include/CameraModels/KannalaBrandt8.h:88:26: warning:   ‘std::vector<int> ORB_SLAM3::KannalaBrandt8::mvLappingArea’ [-Wreorder]
   88 |         std::vector<int> mvLappingArea;
      |                          ^~~~~~~~~~~~~
/home/zlw/End2End/ORB_SLAM3/include/CameraModels/KannalaBrandt8.h:59:9: warning:   when initialized here [-Wreorder]
   59 |         KannalaBrandt8(KannalaBrandt8* pKannala) : GeometricCamera(pKannala->mvParameters), precision(pKannala->precision), mvLappingArea(2,0) ,tvr(nullptr) {
      |         ^~~~~~~~~~~~~~
[ 28%] Building CXX object CMakeFiles/ORB_SLAM3_h15_f120_o8_purevis.dir/src/Map.cc.o
In file included from /home/zlw/End2End/ORB_SLAM3/Thirdparty/DBoW2/DBoW2/FORB.h:17,
                 from /home/zlw/End2End/ORB_SLAM3/include/ORBVocabulary.h:23,
                 from /home/zlw/End2End/ORB_SLAM3/include/KeyFrame.h:26,
                 from /home/zlw/End2End/ORB_SLAM3/include/MapPoint.h:23,
                 from /home/zlw/End2End/ORB_SLAM3/include/Map.h:23,
                 from /home/zlw/End2End/ORB_SLAM3/src/Map.cc:20:
/home/zlw/End2End/ORB_SLAM3/Thirdparty/DBoW2/DBoW2/FClass.h:35:16: warning: ‘virtual void DBoW2::FClass::meanValue(const std::vector<const TDescriptor*>&, TDescriptor&)’ was hidden [-Woverloaded-virtual=]
   35 |   virtual void meanValue(const std::vector<pDescriptor> &descriptors,
      |                ^~~~~~~~~
/home/zlw/End2End/ORB_SLAM3/Thirdparty/DBoW2/DBoW2/FORB.h:38:15: note:   by ‘static void DBoW2::FORB::meanValue(const std::vector<const cv::Mat*>&, TDescriptor&)’
   38 |   static void meanValue(const std::vector<pDescriptor> &descriptors,
      |               ^~~~~~~~~
In file included from /home/zlw/End2End/ORB_SLAM3/include/Frame.h:30,
                 from /home/zlw/End2End/ORB_SLAM3/include/KeyFrame.h:28:
/home/zlw/End2End/ORB_SLAM3/include/ImuTypes.h: In member function ‘void ORB_SLAM3::IMU::Preintegrated::printMeasurements() const’:
/home/zlw/End2End/ORB_SLAM3/include/ImuTypes.h:204:23: warning: comparison of integer expressions of different signedness: ‘int’ and ‘std::vector<ORB_SLAM3::IMU::Preintegrated::integrable>::size_type’ {aka ‘long unsigned int’} [-Wsign-compare]
  204 |         for(int i=0; i<mvMeasurements.size(); i++){
      |                      ~^~~~~~~~~~~~~~~~~~~~~~
In file included from /home/zlw/End2End/ORB_SLAM3/Thirdparty/g2o/g2o/types/types_six_dof_expmap.h:37,
                 from /home/zlw/End2End/ORB_SLAM3/include/Converter.h:26,
                 from /home/zlw/End2End/ORB_SLAM3/include/Frame.h:33:
/home/zlw/End2End/ORB_SLAM3/Thirdparty/g2o/g2o/types/../core/base_vertex.h: At global scope:
/home/zlw/End2End/ORB_SLAM3/Thirdparty/g2o/g2o/types/../core/base_vertex.h:62:74: warning: ‘Eigen::AlignedBit’ is deprecated [-Wdeprecated-declarations]
   62 |     typedef Eigen::Map<Matrix<double, D, D>, Matrix<double,D,D>::Flags & AlignedBit ? Aligned : Unaligned >  HessianBlockType;
      |                                                                          ^~~~~~~~~~
In file included from /usr/include/eigen3/Eigen/Core:161,
                 from /usr/include/eigen3/Eigen/LU:11,
                 from /home/zlw/End2End/ORB_SLAM3/Thirdparty/Sophus/sophus/so2.hpp:12,
                 from /home/zlw/End2End/ORB_SLAM3/Thirdparty/Sophus/sophus/se2.hpp:7,
                 from /home/zlw/End2End/ORB_SLAM3/Thirdparty/Sophus/sophus/geometry.hpp:7,
                 from /home/zlw/End2End/ORB_SLAM3/include/Frame.h:28:
/usr/include/eigen3/Eigen/src/Core/util/Constants.h:167:37: note: declared here
  167 | EIGEN_DEPRECATED const unsigned int AlignedBit = 0x80;
      |                                     ^~~~~~~~~~
In file included from /home/zlw/End2End/ORB_SLAM3/Thirdparty/g2o/g2o/types/types_six_dof_expmap.h:38:
/home/zlw/End2End/ORB_SLAM3/Thirdparty/g2o/g2o/types/../core/base_binary_edge.h:59:82: warning: ‘Eigen::AlignedBit’ is deprecated [-Wdeprecated-declarations]
   59 |       typedef Eigen::Map<Matrix<double, Di, Dj>, Matrix<double, Di, Dj>::Flags & AlignedBit ? Aligned : Unaligned > HessianBlockType;
      |                                                                                  ^~~~~~~~~~
/usr/include/eigen3/Eigen/src/Core/util/Constants.h:167:37: note: declared here
  167 | EIGEN_DEPRECATED const unsigned int AlignedBit = 0x80;
      |                                     ^~~~~~~~~~
/home/zlw/End2End/ORB_SLAM3/Thirdparty/g2o/g2o/types/../core/base_binary_edge.h:60:82: warning: ‘Eigen::AlignedBit’ is deprecated [-Wdeprecated-declarations]
   60 |       typedef Eigen::Map<Matrix<double, Dj, Di>, Matrix<double, Dj, Di>::Flags & AlignedBit ? Aligned : Unaligned > HessianBlockTransposedType;
      |                                                                                  ^~~~~~~~~~
/usr/include/eigen3/Eigen/src/Core/util/Constants.h:167:37: note: declared here
  167 | EIGEN_DEPRECATED const unsigned int AlignedBit = 0x80;
      |                                     ^~~~~~~~~~
[ 42%] Building CXX object CMakeFiles/ORB_SLAM3_h15_f120_o8_purevis.dir/src/MapDrawer.cc.o
/home/zlw/End2End/ORB_SLAM3/Thirdparty/g2o/g2o/types/../core/base_vertex.h: In instantiation of ‘class g2o::BaseVertex<3, Eigen::Matrix<double, 3, 1> >’:
/home/zlw/End2End/ORB_SLAM3/Thirdparty/g2o/g2o/types/types_sba.h:40:35:   required from here
/home/zlw/End2End/ORB_SLAM3/Thirdparty/g2o/g2o/types/../core/base_vertex.h:62:72: warning: ‘Eigen::AlignedBit’ is deprecated [-Wdeprecated-declarations]
   62 |     typedef Eigen::Map<Matrix<double, D, D>, Matrix<double,D,D>::Flags & AlignedBit ? Aligned : Unaligned >  HessianBlockType;
      |                                                                  ~~~~~~^~~~~~~~~~~~
/usr/include/eigen3/Eigen/src/Core/util/Constants.h:167:37: note: declared here
  167 | EIGEN_DEPRECATED const unsigned int AlignedBit = 0x80;
      |                                     ^~~~~~~~~~
/home/zlw/End2End/ORB_SLAM3/Thirdparty/g2o/g2o/types/../core/base_vertex.h: In instantiation of ‘class g2o::BaseVertex<6, g2o::SE3Quat>’:
/home/zlw/End2End/ORB_SLAM3/Thirdparty/g2o/g2o/types/types_six_dof_expmap.h:59:33:   required from here
/home/zlw/End2End/ORB_SLAM3/Thirdparty/g2o/g2o/types/../core/base_vertex.h:62:72: warning: ‘Eigen::AlignedBit’ is deprecated [-Wdeprecated-declarations]
   62 |     typedef Eigen::Map<Matrix<double, D, D>, Matrix<double,D,D>::Flags & AlignedBit ? Aligned : Unaligned >  HessianBlockType;
      |                                                                  ~~~~~~^~~~~~~~~~~~
/usr/include/eigen3/Eigen/src/Core/util/Constants.h:167:37: note: declared here
  167 | EIGEN_DEPRECATED const unsigned int AlignedBit = 0x80;
      |                                     ^~~~~~~~~~
/home/zlw/End2End/ORB_SLAM3/Thirdparty/g2o/g2o/types/../core/base_binary_edge.h: In instantiation of ‘class g2o::BaseBinaryEdge<6, g2o::SE3Quat, g2o::VertexSE3Expmap, g2o::VertexSE3Expmap>’:
/home/zlw/End2End/ORB_SLAM3/Thirdparty/g2o/g2o/types/types_six_dof_expmap.h:83:24:   required from here
/home/zlw/End2End/ORB_SLAM3/Thirdparty/g2o/g2o/types/../core/base_binary_edge.h:59:80: warning: ‘Eigen::AlignedBit’ is deprecated [-Wdeprecated-declarations]
   59 |       typedef Eigen::Map<Matrix<double, Di, Dj>, Matrix<double, Di, Dj>::Flags & AlignedBit ? Aligned : Unaligned > HessianBlockType;
      |                                                                          ~~~~~~^~~~~~~~~~~~
/usr/include/eigen3/Eigen/src/Core/util/Constants.h:167:37: note: declared here
  167 | EIGEN_DEPRECATED const unsigned int AlignedBit = 0x80;
      |                                     ^~~~~~~~~~
/home/zlw/End2End/ORB_SLAM3/Thirdparty/g2o/g2o/types/../core/base_binary_edge.h:60:80: warning: ‘Eigen::AlignedBit’ is deprecated [-Wdeprecated-declarations]
   60 |       typedef Eigen::Map<Matrix<double, Dj, Di>, Matrix<double, Dj, Di>::Flags & AlignedBit ? Aligned : Unaligned > HessianBlockTransposedType;
      |                                                                          ~~~~~~^~~~~~~~~~~~
/usr/include/eigen3/Eigen/src/Core/util/Constants.h:167:37: note: declared here
  167 | EIGEN_DEPRECATED const unsigned int AlignedBit = 0x80;
      |                                     ^~~~~~~~~~
/home/zlw/End2End/ORB_SLAM3/Thirdparty/g2o/g2o/types/../core/base_binary_edge.h: In instantiation of ‘class g2o::BaseBinaryEdge<2, Eigen::Matrix<double, 2, 1>, g2o::VertexSBAPointXYZ, g2o::VertexSE3Expmap>’:
/home/zlw/End2End/ORB_SLAM3/Thirdparty/g2o/g2o/types/types_six_dof_expmap.h:114:35:   required from here
/home/zlw/End2End/ORB_SLAM3/Thirdparty/g2o/g2o/types/../core/base_binary_edge.h:59:80: warning: ‘Eigen::AlignedBit’ is deprecated [-Wdeprecated-declarations]
   59 |       typedef Eigen::Map<Matrix<double, Di, Dj>, Matrix<double, Di, Dj>::Flags & AlignedBit ? Aligned : Unaligned > HessianBlockType;
      |                                                                          ~~~~~~^~~~~~~~~~~~
/usr/include/eigen3/Eigen/src/Core/util/Constants.h:167:37: note: declared here
  167 | EIGEN_DEPRECATED const unsigned int AlignedBit = 0x80;
      |                                     ^~~~~~~~~~
/home/zlw/End2End/ORB_SLAM3/Thirdparty/g2o/g2o/types/../core/base_binary_edge.h:60:80: warning: ‘Eigen::AlignedBit’ is deprecated [-Wdeprecated-declarations]
   60 |       typedef Eigen::Map<Matrix<double, Dj, Di>, Matrix<double, Dj, Di>::Flags & AlignedBit ? Aligned : Unaligned > HessianBlockTransposedType;
      |                                                                          ~~~~~~^~~~~~~~~~~~
/usr/include/eigen3/Eigen/src/Core/util/Constants.h:167:37: note: declared here
  167 | EIGEN_DEPRECATED const unsigned int AlignedBit = 0x80;
      |                                     ^~~~~~~~~~
/home/zlw/End2End/ORB_SLAM3/Thirdparty/g2o/g2o/types/../core/base_binary_edge.h: In instantiation of ‘class g2o::BaseBinaryEdge<3, Eigen::Matrix<double, 3, 1>, g2o::VertexSBAPointXYZ, g2o::VertexSE3Expmap>’:
/home/zlw/End2End/ORB_SLAM3/Thirdparty/g2o/g2o/types/types_six_dof_expmap.h:146:41:   required from here
/home/zlw/End2End/ORB_SLAM3/Thirdparty/g2o/g2o/types/../core/base_binary_edge.h:59:80: warning: ‘Eigen::AlignedBit’ is deprecated [-Wdeprecated-declarations]
   59 |       typedef Eigen::Map<Matrix<double, Di, Dj>, Matrix<double, Di, Dj>::Flags & AlignedBit ? Aligned : Unaligned > HessianBlockType;
      |                                                                          ~~~~~~^~~~~~~~~~~~
/usr/include/eigen3/Eigen/src/Core/util/Constants.h:167:37: note: declared here
  167 | EIGEN_DEPRECATED const unsigned int AlignedBit = 0x80;
      |                                     ^~~~~~~~~~
/home/zlw/End2End/ORB_SLAM3/Thirdparty/g2o/g2o/types/../core/base_binary_edge.h:60:80: warning: ‘Eigen::AlignedBit’ is deprecated [-Wdeprecated-declarations]
   60 |       typedef Eigen::Map<Matrix<double, Dj, Di>, Matrix<double, Dj, Di>::Flags & AlignedBit ? Aligned : Unaligned > HessianBlockTransposedType;
      |                                                                          ~~~~~~^~~~~~~~~~~~
/usr/include/eigen3/Eigen/src/Core/util/Constants.h:167:37: note: declared here
  167 | EIGEN_DEPRECATED const unsigned int AlignedBit = 0x80;
      |                                     ^~~~~~~~~~
/home/zlw/End2End/ORB_SLAM3/Thirdparty/g2o/g2o/types/../core/base_vertex.h: In instantiation of ‘class g2o::BaseVertex<7, g2o::Sim3>’:
/home/zlw/End2End/ORB_SLAM3/Thirdparty/g2o/g2o/types/types_seven_dof_expmap.h:48:35:   required from here
/home/zlw/End2End/ORB_SLAM3/Thirdparty/g2o/g2o/types/../core/base_vertex.h:62:72: warning: ‘Eigen::AlignedBit’ is deprecated [-Wdeprecated-declarations]
   62 |     typedef Eigen::Map<Matrix<double, D, D>, Matrix<double,D,D>::Flags & AlignedBit ? Aligned : Unaligned >  HessianBlockType;
      |                                                                  ~~~~~~^~~~~~~~~~~~
/usr/include/eigen3/Eigen/src/Core/util/Constants.h:167:37: note: declared here
  167 | EIGEN_DEPRECATED const unsigned int AlignedBit = 0x80;
      |                                     ^~~~~~~~~~
/home/zlw/End2End/ORB_SLAM3/Thirdparty/g2o/g2o/types/../core/base_binary_edge.h: In instantiation of ‘class g2o::BaseBinaryEdge<7, g2o::Sim3, g2o::VertexSim3Expmap, g2o::VertexSim3Expmap>’:
/home/zlw/End2End/ORB_SLAM3/Thirdparty/g2o/g2o/types/types_seven_dof_expmap.h:99:27:   required from here
/home/zlw/End2End/ORB_SLAM3/Thirdparty/g2o/g2o/types/../core/base_binary_edge.h:59:80: warning: ‘Eigen::AlignedBit’ is deprecated [-Wdeprecated-declarations]
   59 |       typedef Eigen::Map<Matrix<double, Di, Dj>, Matrix<double, Di, Dj>::Flags & AlignedBit ? Aligned : Unaligned > HessianBlockType;
      |                                                                          ~~~~~~^~~~~~~~~~~~
/usr/include/eigen3/Eigen/src/Core/util/Constants.h:167:37: note: declared here
  167 | EIGEN_DEPRECATED const unsigned int AlignedBit = 0x80;
      |                                     ^~~~~~~~~~
/home/zlw/End2End/ORB_SLAM3/Thirdparty/g2o/g2o/types/../core/base_binary_edge.h:60:80: warning: ‘Eigen::AlignedBit’ is deprecated [-Wdeprecated-declarations]
   60 |       typedef Eigen::Map<Matrix<double, Dj, Di>, Matrix<double, Dj, Di>::Flags & AlignedBit ? Aligned : Unaligned > HessianBlockTransposedType;
      |                                                                          ~~~~~~^~~~~~~~~~~~
/usr/include/eigen3/Eigen/src/Core/util/Constants.h:167:37: note: declared here
  167 | EIGEN_DEPRECATED const unsigned int AlignedBit = 0x80;
      |                                     ^~~~~~~~~~
/home/zlw/End2End/ORB_SLAM3/Thirdparty/g2o/g2o/types/../core/base_binary_edge.h: In instantiation of ‘class g2o::BaseBinaryEdge<2, Eigen::Matrix<double, 2, 1>, g2o::VertexSBAPointXYZ, g2o::VertexSim3Expmap>’:
/home/zlw/End2End/ORB_SLAM3/Thirdparty/g2o/g2o/types/types_seven_dof_expmap.h:130:36:   required from here
/home/zlw/End2End/ORB_SLAM3/Thirdparty/g2o/g2o/types/../core/base_binary_edge.h:59:80: warning: ‘Eigen::AlignedBit’ is deprecated [-Wdeprecated-declarations]
   59 |       typedef Eigen::Map<Matrix<double, Di, Dj>, Matrix<double, Di, Dj>::Flags & AlignedBit ? Aligned : Unaligned > HessianBlockType;
      |                                                                          ~~~~~~^~~~~~~~~~~~
/usr/include/eigen3/Eigen/src/Core/util/Constants.h:167:37: note: declared here
  167 | EIGEN_DEPRECATED const unsigned int AlignedBit = 0x80;
      |                                     ^~~~~~~~~~
/home/zlw/End2End/ORB_SLAM3/Thirdparty/g2o/g2o/types/../core/base_binary_edge.h:60:80: warning: ‘Eigen::AlignedBit’ is deprecated [-Wdeprecated-declarations]
   60 |       typedef Eigen::Map<Matrix<double, Dj, Di>, Matrix<double, Dj, Di>::Flags & AlignedBit ? Aligned : Unaligned > HessianBlockTransposedType;
      |                                                                          ~~~~~~^~~~~~~~~~~~
/usr/include/eigen3/Eigen/src/Core/util/Constants.h:167:37: note: declared here
  167 | EIGEN_DEPRECATED const unsigned int AlignedBit = 0x80;
      |                                     ^~~~~~~~~~
/home/zlw/End2End/ORB_SLAM3/include/Map.h: In constructor ‘ORB_SLAM3::Map::Map()’:
/home/zlw/End2End/ORB_SLAM3/include/Map.h:187:9: warning: ‘ORB_SLAM3::Map::mnBigChangeIdx’ will be initialized after [-Wreorder]
  187 |     int mnBigChangeIdx;
      |         ^~~~~~~~~~~~~~
/home/zlw/End2End/ORB_SLAM3/include/Map.h:177:10: warning:   ‘bool ORB_SLAM3::Map::mbImuInitialized’ [-Wreorder]
  177 |     bool mbImuInitialized;
      |          ^~~~~~~~~~~~~~~~
/home/zlw/End2End/ORB_SLAM3/src/Map.cc:29:1: warning:   when initialized here [-Wreorder]
   29 | Map::Map():mnMaxKFid(0),mnBigChangeIdx(0), mbImuInitialized(false), mnMapChange(0), mpFirstRegionKF(static_cast<KeyFrame*>(NULL)),
      | ^~~
/home/zlw/End2End/ORB_SLAM3/include/Map.h:179:9: warning: ‘ORB_SLAM3::Map::mnMapChange’ will be initialized after [-Wreorder]
  179 |     int mnMapChange;
      |         ^~~~~~~~~~~
/home/zlw/End2End/ORB_SLAM3/include/Map.h:140:15: warning:   ‘ORB_SLAM3::KeyFrame* ORB_SLAM3::Map::mpFirstRegionKF’ [-Wreorder]
  140 |     KeyFrame* mpFirstRegionKF;
      |               ^~~~~~~~~~~~~~~
/home/zlw/End2End/ORB_SLAM3/src/Map.cc:29:1: warning:   when initialized here [-Wreorder]
   29 | Map::Map():mnMaxKFid(0),mnBigChangeIdx(0), mbImuInitialized(false), mnMapChange(0), mpFirstRegionKF(static_cast<KeyFrame*>(NULL)),
      | ^~~
/home/zlw/End2End/ORB_SLAM3/include/Map.h:195:10: warning: ‘ORB_SLAM3::Map::mbBad’ will be initialized after [-Wreorder]
  195 |     bool mbBad = false;
      |          ^~~~~
/home/zlw/End2End/ORB_SLAM3/include/Map.h:180:9: warning:   ‘int ORB_SLAM3::Map::mnMapChangeNotified’ [-Wreorder]
  180 |     int mnMapChangeNotified;
      |         ^~~~~~~~~~~~~~~~~~~
/home/zlw/End2End/ORB_SLAM3/src/Map.cc:29:1: warning:   when initialized here [-Wreorder]
   29 | Map::Map():mnMaxKFid(0),mnBigChangeIdx(0), mbImuInitialized(false), mnMapChange(0), mpFirstRegionKF(static_cast<KeyFrame*>(NULL)),
      | ^~~
/home/zlw/End2End/ORB_SLAM3/include/Map.h: In constructor ‘ORB_SLAM3::Map::Map(int)’:
/home/zlw/End2End/ORB_SLAM3/include/Map.h:195:10: warning: ‘ORB_SLAM3::Map::mbBad’ will be initialized after [-Wreorder]
  195 |     bool mbBad = false;
      |          ^~~~~
/home/zlw/End2End/ORB_SLAM3/include/Map.h:177:10: warning:   ‘bool ORB_SLAM3::Map::mbImuInitialized’ [-Wreorder]
  177 |     bool mbImuInitialized;
      |          ^~~~~~~~~~~~~~~~
/home/zlw/End2End/ORB_SLAM3/src/Map.cc:36:1: warning:   when initialized here [-Wreorder]
   36 | Map::Map(int initKFid):mnInitKFid(initKFid), mnMaxKFid(initKFid),/*mnLastLoopKFid(initKFid),*/ mnBigChangeIdx(0), mIsInUse(false),
      | ^~~
/home/zlw/End2End/ORB_SLAM3/include/Map.h:177:10: warning: ‘ORB_SLAM3::Map::mbImuInitialized’ will be initialized after [-Wreorder]
  177 |     bool mbImuInitialized;
      |          ^~~~~~~~~~~~~~~~
/home/zlw/End2End/ORB_SLAM3/include/Map.h:140:15: warning:   ‘ORB_SLAM3::KeyFrame* ORB_SLAM3::Map::mpFirstRegionKF’ [-Wreorder]
  140 |     KeyFrame* mpFirstRegionKF;
      |               ^~~~~~~~~~~~~~~
/home/zlw/End2End/ORB_SLAM3/src/Map.cc:36:1: warning:   when initialized here [-Wreorder]
   36 | Map::Map(int initKFid):mnInitKFid(initKFid), mnMaxKFid(initKFid),/*mnLastLoopKFid(initKFid),*/ mnBigChangeIdx(0), mIsInUse(false),
      | ^~~
/home/zlw/End2End/ORB_SLAM3/include/Map.h:179:9: warning: ‘ORB_SLAM3::Map::mnMapChange’ will be initialized after [-Wreorder]
  179 |     int mnMapChange;
      |         ^~~~~~~~~~~
/home/zlw/End2End/ORB_SLAM3/include/Map.h:146:10: warning:   ‘bool ORB_SLAM3::Map::mbFail’ [-Wreorder]
  146 |     bool mbFail;
      |          ^~~~~~
/home/zlw/End2End/ORB_SLAM3/src/Map.cc:36:1: warning:   when initialized here [-Wreorder]
   36 | Map::Map(int initKFid):mnInitKFid(initKFid), mnMaxKFid(initKFid),/*mnLastLoopKFid(initKFid),*/ mnBigChangeIdx(0), mIsInUse(false),
      | ^~~
/home/zlw/End2End/ORB_SLAM3/src/Map.cc: In member function ‘void ORB_SLAM3::Map::PostLoad(ORB_SLAM3::KeyFrameDatabase*, ORB_SLAM3::ORBVocabulary*, std::map<unsigned int, ORB_SLAM3::GeometricCamera*>&)’:
/home/zlw/End2End/ORB_SLAM3/src/Map.cc:473:28: warning: comparison of integer expressions of different signedness: ‘long unsigned int’ and ‘int’ [-Wsign-compare]
  473 |     if(mnBackupKFinitialID != -1)
      |        ~~~~~~~~~~~~~~~~~~~~^~~~~
/home/zlw/End2End/ORB_SLAM3/src/Map.cc:478:26: warning: comparison of integer expressions of different signedness: ‘long unsigned int’ and ‘int’ [-Wsign-compare]
  478 |     if(mnBackupKFlowerID != -1)
      |        ~~~~~~~~~~~~~~~~~~^~~~~
/home/zlw/End2End/ORB_SLAM3/src/Map.cc:485:22: warning: comparison of integer expressions of different signedness: ‘int’ and ‘std::vector<long unsigned int>::size_type’ {aka ‘long unsigned int’} [-Wsign-compare]
  485 |     for(int i = 0; i < mvBackupKeyFrameOriginsId.size(); ++i)
      |                    ~~^~~~~~~~~~~~~~~~~~~~~~~~~~~~~~~~~~
In file included from /home/zlw/End2End/ORB_SLAM3/Thirdparty/DBoW2/DBoW2/FORB.h:17,
                 from /home/zlw/End2End/ORB_SLAM3/include/ORBVocabulary.h:23,
                 from /home/zlw/End2End/ORB_SLAM3/include/KeyFrame.h:26,
                 from /home/zlw/End2End/ORB_SLAM3/include/MapPoint.h:23,
                 from /home/zlw/End2End/ORB_SLAM3/include/Map.h:23,
                 from /home/zlw/End2End/ORB_SLAM3/include/Atlas.h:22,
                 from /home/zlw/End2End/ORB_SLAM3/include/MapDrawer.h:23,
                 from /home/zlw/End2End/ORB_SLAM3/src/MapDrawer.cc:19:
/home/zlw/End2End/ORB_SLAM3/Thirdparty/DBoW2/DBoW2/FClass.h:35:16: warning: ‘virtual void DBoW2::FClass::meanValue(const std::vector<const TDescriptor*>&, TDescriptor&)’ was hidden [-Woverloaded-virtual=]
   35 |   virtual void meanValue(const std::vector<pDescriptor> &descriptors,
      |                ^~~~~~~~~
/home/zlw/End2End/ORB_SLAM3/Thirdparty/DBoW2/DBoW2/FORB.h:38:15: note:   by ‘static void DBoW2::FORB::meanValue(const std::vector<const cv::Mat*>&, TDescriptor&)’
   38 |   static void meanValue(const std::vector<pDescriptor> &descriptors,
      |               ^~~~~~~~~
In file included from /home/zlw/End2End/ORB_SLAM3/include/Frame.h:30,
                 from /home/zlw/End2End/ORB_SLAM3/include/KeyFrame.h:28:
/home/zlw/End2End/ORB_SLAM3/include/ImuTypes.h: In member function ‘void ORB_SLAM3::IMU::Preintegrated::printMeasurements() const’:
/home/zlw/End2End/ORB_SLAM3/include/ImuTypes.h:204:23: warning: comparison of integer expressions of different signedness: ‘int’ and ‘std::vector<ORB_SLAM3::IMU::Preintegrated::integrable>::size_type’ {aka ‘long unsigned int’} [-Wsign-compare]
  204 |         for(int i=0; i<mvMeasurements.size(); i++){
      |                      ~^~~~~~~~~~~~~~~~~~~~~~
In file included from /home/zlw/End2End/ORB_SLAM3/Thirdparty/g2o/g2o/types/types_six_dof_expmap.h:37,
                 from /home/zlw/End2End/ORB_SLAM3/include/Converter.h:26,
                 from /home/zlw/End2End/ORB_SLAM3/include/Frame.h:33:
/home/zlw/End2End/ORB_SLAM3/Thirdparty/g2o/g2o/types/../core/base_vertex.h: At global scope:
/home/zlw/End2End/ORB_SLAM3/Thirdparty/g2o/g2o/types/../core/base_vertex.h:62:74: warning: ‘Eigen::AlignedBit’ is deprecated [-Wdeprecated-declarations]
   62 |     typedef Eigen::Map<Matrix<double, D, D>, Matrix<double,D,D>::Flags & AlignedBit ? Aligned : Unaligned >  HessianBlockType;
      |                                                                          ^~~~~~~~~~
In file included from /usr/include/eigen3/Eigen/Core:161,
                 from /usr/include/eigen3/Eigen/LU:11,
                 from /home/zlw/End2End/ORB_SLAM3/Thirdparty/Sophus/sophus/so2.hpp:12,
                 from /home/zlw/End2End/ORB_SLAM3/Thirdparty/Sophus/sophus/se2.hpp:7,
                 from /home/zlw/End2End/ORB_SLAM3/Thirdparty/Sophus/sophus/geometry.hpp:7,
                 from /home/zlw/End2End/ORB_SLAM3/include/Frame.h:28:
/usr/include/eigen3/Eigen/src/Core/util/Constants.h:167:37: note: declared here
  167 | EIGEN_DEPRECATED const unsigned int AlignedBit = 0x80;
      |                                     ^~~~~~~~~~
In file included from /home/zlw/End2End/ORB_SLAM3/Thirdparty/g2o/g2o/types/types_six_dof_expmap.h:38:
/home/zlw/End2End/ORB_SLAM3/Thirdparty/g2o/g2o/types/../core/base_binary_edge.h:59:82: warning: ‘Eigen::AlignedBit’ is deprecated [-Wdeprecated-declarations]
   59 |       typedef Eigen::Map<Matrix<double, Di, Dj>, Matrix<double, Di, Dj>::Flags & AlignedBit ? Aligned : Unaligned > HessianBlockType;
      |                                                                                  ^~~~~~~~~~
/usr/include/eigen3/Eigen/src/Core/util/Constants.h:167:37: note: declared here
  167 | EIGEN_DEPRECATED const unsigned int AlignedBit = 0x80;
      |                                     ^~~~~~~~~~
/home/zlw/End2End/ORB_SLAM3/Thirdparty/g2o/g2o/types/../core/base_binary_edge.h:60:82: warning: ‘Eigen::AlignedBit’ is deprecated [-Wdeprecated-declarations]
   60 |       typedef Eigen::Map<Matrix<double, Dj, Di>, Matrix<double, Dj, Di>::Flags & AlignedBit ? Aligned : Unaligned > HessianBlockTransposedType;
      |                                                                                  ^~~~~~~~~~
/usr/include/eigen3/Eigen/src/Core/util/Constants.h:167:37: note: declared here
  167 | EIGEN_DEPRECATED const unsigned int AlignedBit = 0x80;
      |                                     ^~~~~~~~~~
/home/zlw/End2End/ORB_SLAM3/Thirdparty/g2o/g2o/types/../core/base_vertex.h: In instantiation of ‘class g2o::BaseVertex<3, Eigen::Matrix<double, 3, 1> >’:
/home/zlw/End2End/ORB_SLAM3/Thirdparty/g2o/g2o/types/types_sba.h:40:35:   required from here
/home/zlw/End2End/ORB_SLAM3/Thirdparty/g2o/g2o/types/../core/base_vertex.h:62:72: warning: ‘Eigen::AlignedBit’ is deprecated [-Wdeprecated-declarations]
   62 |     typedef Eigen::Map<Matrix<double, D, D>, Matrix<double,D,D>::Flags & AlignedBit ? Aligned : Unaligned >  HessianBlockType;
      |                                                                  ~~~~~~^~~~~~~~~~~~
/usr/include/eigen3/Eigen/src/Core/util/Constants.h:167:37: note: declared here
  167 | EIGEN_DEPRECATED const unsigned int AlignedBit = 0x80;
      |                                     ^~~~~~~~~~
/home/zlw/End2End/ORB_SLAM3/Thirdparty/g2o/g2o/types/../core/base_vertex.h: In instantiation of ‘class g2o::BaseVertex<6, g2o::SE3Quat>’:
/home/zlw/End2End/ORB_SLAM3/Thirdparty/g2o/g2o/types/types_six_dof_expmap.h:59:33:   required from here
/home/zlw/End2End/ORB_SLAM3/Thirdparty/g2o/g2o/types/../core/base_vertex.h:62:72: warning: ‘Eigen::AlignedBit’ is deprecated [-Wdeprecated-declarations]
   62 |     typedef Eigen::Map<Matrix<double, D, D>, Matrix<double,D,D>::Flags & AlignedBit ? Aligned : Unaligned >  HessianBlockType;
      |                                                                  ~~~~~~^~~~~~~~~~~~
/usr/include/eigen3/Eigen/src/Core/util/Constants.h:167:37: note: declared here
  167 | EIGEN_DEPRECATED const unsigned int AlignedBit = 0x80;
      |                                     ^~~~~~~~~~
/home/zlw/End2End/ORB_SLAM3/Thirdparty/g2o/g2o/types/../core/base_binary_edge.h: In instantiation of ‘class g2o::BaseBinaryEdge<6, g2o::SE3Quat, g2o::VertexSE3Expmap, g2o::VertexSE3Expmap>’:
/home/zlw/End2End/ORB_SLAM3/Thirdparty/g2o/g2o/types/types_six_dof_expmap.h:83:24:   required from here
/home/zlw/End2End/ORB_SLAM3/Thirdparty/g2o/g2o/types/../core/base_binary_edge.h:59:80: warning: ‘Eigen::AlignedBit’ is deprecated [-Wdeprecated-declarations]
   59 |       typedef Eigen::Map<Matrix<double, Di, Dj>, Matrix<double, Di, Dj>::Flags & AlignedBit ? Aligned : Unaligned > HessianBlockType;
      |                                                                          ~~~~~~^~~~~~~~~~~~
/usr/include/eigen3/Eigen/src/Core/util/Constants.h:167:37: note: declared here
  167 | EIGEN_DEPRECATED const unsigned int AlignedBit = 0x80;
      |                                     ^~~~~~~~~~
/home/zlw/End2End/ORB_SLAM3/Thirdparty/g2o/g2o/types/../core/base_binary_edge.h:60:80: warning: ‘Eigen::AlignedBit’ is deprecated [-Wdeprecated-declarations]
   60 |       typedef Eigen::Map<Matrix<double, Dj, Di>, Matrix<double, Dj, Di>::Flags & AlignedBit ? Aligned : Unaligned > HessianBlockTransposedType;
      |                                                                          ~~~~~~^~~~~~~~~~~~
/usr/include/eigen3/Eigen/src/Core/util/Constants.h:167:37: note: declared here
  167 | EIGEN_DEPRECATED const unsigned int AlignedBit = 0x80;
      |                                     ^~~~~~~~~~
/home/zlw/End2End/ORB_SLAM3/Thirdparty/g2o/g2o/types/../core/base_binary_edge.h: In instantiation of ‘class g2o::BaseBinaryEdge<2, Eigen::Matrix<double, 2, 1>, g2o::VertexSBAPointXYZ, g2o::VertexSE3Expmap>’:
/home/zlw/End2End/ORB_SLAM3/Thirdparty/g2o/g2o/types/types_six_dof_expmap.h:114:35:   required from here
/home/zlw/End2End/ORB_SLAM3/Thirdparty/g2o/g2o/types/../core/base_binary_edge.h:59:80: warning: ‘Eigen::AlignedBit’ is deprecated [-Wdeprecated-declarations]
   59 |       typedef Eigen::Map<Matrix<double, Di, Dj>, Matrix<double, Di, Dj>::Flags & AlignedBit ? Aligned : Unaligned > HessianBlockType;
      |                                                                          ~~~~~~^~~~~~~~~~~~
/usr/include/eigen3/Eigen/src/Core/util/Constants.h:167:37: note: declared here
  167 | EIGEN_DEPRECATED const unsigned int AlignedBit = 0x80;
      |                                     ^~~~~~~~~~
/home/zlw/End2End/ORB_SLAM3/Thirdparty/g2o/g2o/types/../core/base_binary_edge.h:60:80: warning: ‘Eigen::AlignedBit’ is deprecated [-Wdeprecated-declarations]
   60 |       typedef Eigen::Map<Matrix<double, Dj, Di>, Matrix<double, Dj, Di>::Flags & AlignedBit ? Aligned : Unaligned > HessianBlockTransposedType;
      |                                                                          ~~~~~~^~~~~~~~~~~~
/usr/include/eigen3/Eigen/src/Core/util/Constants.h:167:37: note: declared here
  167 | EIGEN_DEPRECATED const unsigned int AlignedBit = 0x80;
      |                                     ^~~~~~~~~~
/home/zlw/End2End/ORB_SLAM3/Thirdparty/g2o/g2o/types/../core/base_binary_edge.h: In instantiation of ‘class g2o::BaseBinaryEdge<3, Eigen::Matrix<double, 3, 1>, g2o::VertexSBAPointXYZ, g2o::VertexSE3Expmap>’:
/home/zlw/End2End/ORB_SLAM3/Thirdparty/g2o/g2o/types/types_six_dof_expmap.h:146:41:   required from here
/home/zlw/End2End/ORB_SLAM3/Thirdparty/g2o/g2o/types/../core/base_binary_edge.h:59:80: warning: ‘Eigen::AlignedBit’ is deprecated [-Wdeprecated-declarations]
   59 |       typedef Eigen::Map<Matrix<double, Di, Dj>, Matrix<double, Di, Dj>::Flags & AlignedBit ? Aligned : Unaligned > HessianBlockType;
      |                                                                          ~~~~~~^~~~~~~~~~~~
/usr/include/eigen3/Eigen/src/Core/util/Constants.h:167:37: note: declared here
  167 | EIGEN_DEPRECATED const unsigned int AlignedBit = 0x80;
      |                                     ^~~~~~~~~~
/home/zlw/End2End/ORB_SLAM3/Thirdparty/g2o/g2o/types/../core/base_binary_edge.h:60:80: warning: ‘Eigen::AlignedBit’ is deprecated [-Wdeprecated-declarations]
   60 |       typedef Eigen::Map<Matrix<double, Dj, Di>, Matrix<double, Dj, Di>::Flags & AlignedBit ? Aligned : Unaligned > HessianBlockTransposedType;
      |                                                                          ~~~~~~^~~~~~~~~~~~
/usr/include/eigen3/Eigen/src/Core/util/Constants.h:167:37: note: declared here
  167 | EIGEN_DEPRECATED const unsigned int AlignedBit = 0x80;
      |                                     ^~~~~~~~~~
/home/zlw/End2End/ORB_SLAM3/Thirdparty/g2o/g2o/types/../core/base_vertex.h: In instantiation of ‘class g2o::BaseVertex<7, g2o::Sim3>’:
/home/zlw/End2End/ORB_SLAM3/Thirdparty/g2o/g2o/types/types_seven_dof_expmap.h:48:35:   required from here
/home/zlw/End2End/ORB_SLAM3/Thirdparty/g2o/g2o/types/../core/base_vertex.h:62:72: warning: ‘Eigen::AlignedBit’ is deprecated [-Wdeprecated-declarations]
   62 |     typedef Eigen::Map<Matrix<double, D, D>, Matrix<double,D,D>::Flags & AlignedBit ? Aligned : Unaligned >  HessianBlockType;
      |                                                                  ~~~~~~^~~~~~~~~~~~
/usr/include/eigen3/Eigen/src/Core/util/Constants.h:167:37: note: declared here
  167 | EIGEN_DEPRECATED const unsigned int AlignedBit = 0x80;
      |                                     ^~~~~~~~~~
/home/zlw/End2End/ORB_SLAM3/Thirdparty/g2o/g2o/types/../core/base_binary_edge.h: In instantiation of ‘class g2o::BaseBinaryEdge<7, g2o::Sim3, g2o::VertexSim3Expmap, g2o::VertexSim3Expmap>’:
/home/zlw/End2End/ORB_SLAM3/Thirdparty/g2o/g2o/types/types_seven_dof_expmap.h:99:27:   required from here
/home/zlw/End2End/ORB_SLAM3/Thirdparty/g2o/g2o/types/../core/base_binary_edge.h:59:80: warning: ‘Eigen::AlignedBit’ is deprecated [-Wdeprecated-declarations]
   59 |       typedef Eigen::Map<Matrix<double, Di, Dj>, Matrix<double, Di, Dj>::Flags & AlignedBit ? Aligned : Unaligned > HessianBlockType;
      |                                                                          ~~~~~~^~~~~~~~~~~~
/usr/include/eigen3/Eigen/src/Core/util/Constants.h:167:37: note: declared here
  167 | EIGEN_DEPRECATED const unsigned int AlignedBit = 0x80;
      |                                     ^~~~~~~~~~
/home/zlw/End2End/ORB_SLAM3/Thirdparty/g2o/g2o/types/../core/base_binary_edge.h:60:80: warning: ‘Eigen::AlignedBit’ is deprecated [-Wdeprecated-declarations]
   60 |       typedef Eigen::Map<Matrix<double, Dj, Di>, Matrix<double, Dj, Di>::Flags & AlignedBit ? Aligned : Unaligned > HessianBlockTransposedType;
      |                                                                          ~~~~~~^~~~~~~~~~~~
/usr/include/eigen3/Eigen/src/Core/util/Constants.h:167:37: note: declared here
  167 | EIGEN_DEPRECATED const unsigned int AlignedBit = 0x80;
      |                                     ^~~~~~~~~~
/home/zlw/End2End/ORB_SLAM3/Thirdparty/g2o/g2o/types/../core/base_binary_edge.h: In instantiation of ‘class g2o::BaseBinaryEdge<2, Eigen::Matrix<double, 2, 1>, g2o::VertexSBAPointXYZ, g2o::VertexSim3Expmap>’:
/home/zlw/End2End/ORB_SLAM3/Thirdparty/g2o/g2o/types/types_seven_dof_expmap.h:130:36:   required from here
/home/zlw/End2End/ORB_SLAM3/Thirdparty/g2o/g2o/types/../core/base_binary_edge.h:59:80: warning: ‘Eigen::AlignedBit’ is deprecated [-Wdeprecated-declarations]
   59 |       typedef Eigen::Map<Matrix<double, Di, Dj>, Matrix<double, Di, Dj>::Flags & AlignedBit ? Aligned : Unaligned > HessianBlockType;
      |                                                                          ~~~~~~^~~~~~~~~~~~
/usr/include/eigen3/Eigen/src/Core/util/Constants.h:167:37: note: declared here
  167 | EIGEN_DEPRECATED const unsigned int AlignedBit = 0x80;
      |                                     ^~~~~~~~~~
/home/zlw/End2End/ORB_SLAM3/Thirdparty/g2o/g2o/types/../core/base_binary_edge.h:60:80: warning: ‘Eigen::AlignedBit’ is deprecated [-Wdeprecated-declarations]
   60 |       typedef Eigen::Map<Matrix<double, Dj, Di>, Matrix<double, Dj, Di>::Flags & AlignedBit ? Aligned : Unaligned > HessianBlockTransposedType;
      |                                                                          ~~~~~~^~~~~~~~~~~~
/usr/include/eigen3/Eigen/src/Core/util/Constants.h:167:37: note: declared here
  167 | EIGEN_DEPRECATED const unsigned int AlignedBit = 0x80;
      |                                     ^~~~~~~~~~
In file included from /home/zlw/End2End/ORB_SLAM3/include/Atlas.h:27:
/home/zlw/End2End/ORB_SLAM3/include/CameraModels/KannalaBrandt8.h: In constructor ‘ORB_SLAM3::KannalaBrandt8::KannalaBrandt8(std::vector<float>)’:
/home/zlw/End2End/ORB_SLAM3/include/CameraModels/KannalaBrandt8.h:102:21: warning: ‘ORB_SLAM3::KannalaBrandt8::precision’ will be initialized after [-Wreorder]
  102 |         const float precision;
      |                     ^~~~~~~~~
/home/zlw/End2End/ORB_SLAM3/include/CameraModels/KannalaBrandt8.h:88:26: warning:   ‘std::vector<int> ORB_SLAM3::KannalaBrandt8::mvLappingArea’ [-Wreorder]
   88 |         std::vector<int> mvLappingArea;
      |                          ^~~~~~~~~~~~~
/home/zlw/End2End/ORB_SLAM3/include/CameraModels/KannalaBrandt8.h:47:9: warning:   when initialized here [-Wreorder]
   47 |         KannalaBrandt8(const std::vector<float> _vParameters) : GeometricCamera(_vParameters), precision(1e-6), mvLappingArea(2,0) ,tvr(nullptr) {
      |         ^~~~~~~~~~~~~~
/home/zlw/End2End/ORB_SLAM3/include/CameraModels/KannalaBrandt8.h: In constructor ‘ORB_SLAM3::KannalaBrandt8::KannalaBrandt8(std::vector<float>, float)’:
/home/zlw/End2End/ORB_SLAM3/include/CameraModels/KannalaBrandt8.h:102:21: warning: ‘ORB_SLAM3::KannalaBrandt8::precision’ will be initialized after [-Wreorder]
  102 |         const float precision;
      |                     ^~~~~~~~~
/home/zlw/End2End/ORB_SLAM3/include/CameraModels/KannalaBrandt8.h:88:26: warning:   ‘std::vector<int> ORB_SLAM3::KannalaBrandt8::mvLappingArea’ [-Wreorder]
   88 |         std::vector<int> mvLappingArea;
      |                          ^~~~~~~~~~~~~
/home/zlw/End2End/ORB_SLAM3/include/CameraModels/KannalaBrandt8.h:53:9: warning:   when initialized here [-Wreorder]
   53 |         KannalaBrandt8(const std::vector<float> _vParameters, const float _precision) : GeometricCamera(_vParameters),
      |         ^~~~~~~~~~~~~~
/home/zlw/End2End/ORB_SLAM3/include/CameraModels/KannalaBrandt8.h: In constructor ‘ORB_SLAM3::KannalaBrandt8::KannalaBrandt8(ORB_SLAM3::KannalaBrandt8*)’:
/home/zlw/End2End/ORB_SLAM3/include/CameraModels/KannalaBrandt8.h:102:21: warning: ‘ORB_SLAM3::KannalaBrandt8::precision’ will be initialized after [-Wreorder]
  102 |         const float precision;
      |                     ^~~~~~~~~
/home/zlw/End2End/ORB_SLAM3/include/CameraModels/KannalaBrandt8.h:88:26: warning:   ‘std::vector<int> ORB_SLAM3::KannalaBrandt8::mvLappingArea’ [-Wreorder]
   88 |         std::vector<int> mvLappingArea;
      |                          ^~~~~~~~~~~~~
/home/zlw/End2End/ORB_SLAM3/include/CameraModels/KannalaBrandt8.h:59:9: warning:   when initialized here [-Wreorder]
   59 |         KannalaBrandt8(KannalaBrandt8* pKannala) : GeometricCamera(pKannala->mvParameters), precision(pKannala->precision), mvLappingArea(2,0) ,tvr(nullptr) {
      |         ^~~~~~~~~~~~~~
/home/zlw/End2End/ORB_SLAM3/src/MapDrawer.cc: In member function ‘void ORB_SLAM3::MapDrawer::DrawKeyFrames(bool, bool, bool, bool)’:
/home/zlw/End2End/ORB_SLAM3/src/MapDrawer.cc:200:26: warning: unused variable ‘index_color’ [-Wunused-variable]
  200 |             unsigned int index_color = pKF->mnOriginMapId;
      |                          ^~~~~~~~~~~
[ 42%] Building CXX object CMakeFiles/ORB_SLAM3_h15_f120_o8_purevis.dir/src/Optimizer.cc.o
In file included from /home/zlw/End2End/ORB_SLAM3/Thirdparty/DBoW2/DBoW2/FORB.h:17,
                 from /home/zlw/End2End/ORB_SLAM3/include/ORBVocabulary.h:23,
                 from /home/zlw/End2End/ORB_SLAM3/include/KeyFrame.h:26,
                 from /home/zlw/End2End/ORB_SLAM3/include/MapPoint.h:23,
                 from /home/zlw/End2End/ORB_SLAM3/include/Map.h:23,
                 from /home/zlw/End2End/ORB_SLAM3/include/Optimizer.h:23,
                 from /home/zlw/End2End/ORB_SLAM3/src/Optimizer.cc:20:
/home/zlw/End2End/ORB_SLAM3/Thirdparty/DBoW2/DBoW2/FClass.h:35:16: warning: ‘virtual void DBoW2::FClass::meanValue(const std::vector<const TDescriptor*>&, TDescriptor&)’ was hidden [-Woverloaded-virtual=]
   35 |   virtual void meanValue(const std::vector<pDescriptor> &descriptors,
      |                ^~~~~~~~~
/home/zlw/End2End/ORB_SLAM3/Thirdparty/DBoW2/DBoW2/FORB.h:38:15: note:   by ‘static void DBoW2::FORB::meanValue(const std::vector<const cv::Mat*>&, TDescriptor&)’
   38 |   static void meanValue(const std::vector<pDescriptor> &descriptors,
      |               ^~~~~~~~~
[ 42%] Building CXX object CMakeFiles/ORB_SLAM3_h15_f120_o8_purevis.dir/src/Frame.cc.o
In file included from /home/zlw/End2End/ORB_SLAM3/include/Frame.h:30,
                 from /home/zlw/End2End/ORB_SLAM3/include/KeyFrame.h:28:
/home/zlw/End2End/ORB_SLAM3/include/ImuTypes.h: In member function ‘void ORB_SLAM3::IMU::Preintegrated::printMeasurements() const’:
/home/zlw/End2End/ORB_SLAM3/include/ImuTypes.h:204:23: warning: comparison of integer expressions of different signedness: ‘int’ and ‘std::vector<ORB_SLAM3::IMU::Preintegrated::integrable>::size_type’ {aka ‘long unsigned int’} [-Wsign-compare]
  204 |         for(int i=0; i<mvMeasurements.size(); i++){
      |                      ~^~~~~~~~~~~~~~~~~~~~~~
In file included from /home/zlw/End2End/ORB_SLAM3/Thirdparty/g2o/g2o/types/types_six_dof_expmap.h:37,
                 from /home/zlw/End2End/ORB_SLAM3/include/Converter.h:26,
                 from /home/zlw/End2End/ORB_SLAM3/include/Frame.h:33:
/home/zlw/End2End/ORB_SLAM3/Thirdparty/g2o/g2o/types/../core/base_vertex.h: At global scope:
/home/zlw/End2End/ORB_SLAM3/Thirdparty/g2o/g2o/types/../core/base_vertex.h:62:74: warning: ‘Eigen::AlignedBit’ is deprecated [-Wdeprecated-declarations]
   62 |     typedef Eigen::Map<Matrix<double, D, D>, Matrix<double,D,D>::Flags & AlignedBit ? Aligned : Unaligned >  HessianBlockType;
      |                                                                          ^~~~~~~~~~
In file included from /usr/include/eigen3/Eigen/Core:161,
                 from /usr/include/eigen3/Eigen/LU:11,
                 from /home/zlw/End2End/ORB_SLAM3/Thirdparty/Sophus/sophus/so2.hpp:12,
                 from /home/zlw/End2End/ORB_SLAM3/Thirdparty/Sophus/sophus/se2.hpp:7,
                 from /home/zlw/End2End/ORB_SLAM3/Thirdparty/Sophus/sophus/geometry.hpp:7,
                 from /home/zlw/End2End/ORB_SLAM3/include/Frame.h:28:
/usr/include/eigen3/Eigen/src/Core/util/Constants.h:167:37: note: declared here
  167 | EIGEN_DEPRECATED const unsigned int AlignedBit = 0x80;
      |                                     ^~~~~~~~~~
In file included from /home/zlw/End2End/ORB_SLAM3/Thirdparty/g2o/g2o/types/types_six_dof_expmap.h:38:
/home/zlw/End2End/ORB_SLAM3/Thirdparty/g2o/g2o/types/../core/base_binary_edge.h:59:82: warning: ‘Eigen::AlignedBit’ is deprecated [-Wdeprecated-declarations]
   59 |       typedef Eigen::Map<Matrix<double, Di, Dj>, Matrix<double, Di, Dj>::Flags & AlignedBit ? Aligned : Unaligned > HessianBlockType;
      |                                                                                  ^~~~~~~~~~
/usr/include/eigen3/Eigen/src/Core/util/Constants.h:167:37: note: declared here
  167 | EIGEN_DEPRECATED const unsigned int AlignedBit = 0x80;
      |                                     ^~~~~~~~~~
/home/zlw/End2End/ORB_SLAM3/Thirdparty/g2o/g2o/types/../core/base_binary_edge.h:60:82: warning: ‘Eigen::AlignedBit’ is deprecated [-Wdeprecated-declarations]
   60 |       typedef Eigen::Map<Matrix<double, Dj, Di>, Matrix<double, Dj, Di>::Flags & AlignedBit ? Aligned : Unaligned > HessianBlockTransposedType;
      |                                                                                  ^~~~~~~~~~
/usr/include/eigen3/Eigen/src/Core/util/Constants.h:167:37: note: declared here
  167 | EIGEN_DEPRECATED const unsigned int AlignedBit = 0x80;
      |                                     ^~~~~~~~~~
/home/zlw/End2End/ORB_SLAM3/Thirdparty/g2o/g2o/types/../core/base_vertex.h: In instantiation of ‘class g2o::BaseVertex<3, Eigen::Matrix<double, 3, 1> >’:
/home/zlw/End2End/ORB_SLAM3/Thirdparty/g2o/g2o/types/types_sba.h:40:35:   required from here
/home/zlw/End2End/ORB_SLAM3/Thirdparty/g2o/g2o/types/../core/base_vertex.h:62:72: warning: ‘Eigen::AlignedBit’ is deprecated [-Wdeprecated-declarations]
   62 |     typedef Eigen::Map<Matrix<double, D, D>, Matrix<double,D,D>::Flags & AlignedBit ? Aligned : Unaligned >  HessianBlockType;
      |                                                                  ~~~~~~^~~~~~~~~~~~
/usr/include/eigen3/Eigen/src/Core/util/Constants.h:167:37: note: declared here
  167 | EIGEN_DEPRECATED const unsigned int AlignedBit = 0x80;
      |                                     ^~~~~~~~~~
/home/zlw/End2End/ORB_SLAM3/Thirdparty/g2o/g2o/types/../core/base_vertex.h: In instantiation of ‘class g2o::BaseVertex<6, g2o::SE3Quat>’:
/home/zlw/End2End/ORB_SLAM3/Thirdparty/g2o/g2o/types/types_six_dof_expmap.h:59:33:   required from here
/home/zlw/End2End/ORB_SLAM3/Thirdparty/g2o/g2o/types/../core/base_vertex.h:62:72: warning: ‘Eigen::AlignedBit’ is deprecated [-Wdeprecated-declarations]
   62 |     typedef Eigen::Map<Matrix<double, D, D>, Matrix<double,D,D>::Flags & AlignedBit ? Aligned : Unaligned >  HessianBlockType;
      |                                                                  ~~~~~~^~~~~~~~~~~~
/usr/include/eigen3/Eigen/src/Core/util/Constants.h:167:37: note: declared here
  167 | EIGEN_DEPRECATED const unsigned int AlignedBit = 0x80;
      |                                     ^~~~~~~~~~
/home/zlw/End2End/ORB_SLAM3/Thirdparty/g2o/g2o/types/../core/base_binary_edge.h: In instantiation of ‘class g2o::BaseBinaryEdge<6, g2o::SE3Quat, g2o::VertexSE3Expmap, g2o::VertexSE3Expmap>’:
/home/zlw/End2End/ORB_SLAM3/Thirdparty/g2o/g2o/types/types_six_dof_expmap.h:83:24:   required from here
/home/zlw/End2End/ORB_SLAM3/Thirdparty/g2o/g2o/types/../core/base_binary_edge.h:59:80: warning: ‘Eigen::AlignedBit’ is deprecated [-Wdeprecated-declarations]
   59 |       typedef Eigen::Map<Matrix<double, Di, Dj>, Matrix<double, Di, Dj>::Flags & AlignedBit ? Aligned : Unaligned > HessianBlockType;
      |                                                                          ~~~~~~^~~~~~~~~~~~
/usr/include/eigen3/Eigen/src/Core/util/Constants.h:167:37: note: declared here
  167 | EIGEN_DEPRECATED const unsigned int AlignedBit = 0x80;
      |                                     ^~~~~~~~~~
/home/zlw/End2End/ORB_SLAM3/Thirdparty/g2o/g2o/types/../core/base_binary_edge.h:60:80: warning: ‘Eigen::AlignedBit’ is deprecated [-Wdeprecated-declarations]
   60 |       typedef Eigen::Map<Matrix<double, Dj, Di>, Matrix<double, Dj, Di>::Flags & AlignedBit ? Aligned : Unaligned > HessianBlockTransposedType;
      |                                                                          ~~~~~~^~~~~~~~~~~~
/usr/include/eigen3/Eigen/src/Core/util/Constants.h:167:37: note: declared here
  167 | EIGEN_DEPRECATED const unsigned int AlignedBit = 0x80;
      |                                     ^~~~~~~~~~
/home/zlw/End2End/ORB_SLAM3/Thirdparty/g2o/g2o/types/../core/base_binary_edge.h: In instantiation of ‘class g2o::BaseBinaryEdge<2, Eigen::Matrix<double, 2, 1>, g2o::VertexSBAPointXYZ, g2o::VertexSE3Expmap>’:
/home/zlw/End2End/ORB_SLAM3/Thirdparty/g2o/g2o/types/types_six_dof_expmap.h:114:35:   required from here
/home/zlw/End2End/ORB_SLAM3/Thirdparty/g2o/g2o/types/../core/base_binary_edge.h:59:80: warning: ‘Eigen::AlignedBit’ is deprecated [-Wdeprecated-declarations]
   59 |       typedef Eigen::Map<Matrix<double, Di, Dj>, Matrix<double, Di, Dj>::Flags & AlignedBit ? Aligned : Unaligned > HessianBlockType;
      |                                                                          ~~~~~~^~~~~~~~~~~~
/usr/include/eigen3/Eigen/src/Core/util/Constants.h:167:37: note: declared here
  167 | EIGEN_DEPRECATED const unsigned int AlignedBit = 0x80;
      |                                     ^~~~~~~~~~
/home/zlw/End2End/ORB_SLAM3/Thirdparty/g2o/g2o/types/../core/base_binary_edge.h:60:80: warning: ‘Eigen::AlignedBit’ is deprecated [-Wdeprecated-declarations]
   60 |       typedef Eigen::Map<Matrix<double, Dj, Di>, Matrix<double, Dj, Di>::Flags & AlignedBit ? Aligned : Unaligned > HessianBlockTransposedType;
      |                                                                          ~~~~~~^~~~~~~~~~~~
/usr/include/eigen3/Eigen/src/Core/util/Constants.h:167:37: note: declared here
  167 | EIGEN_DEPRECATED const unsigned int AlignedBit = 0x80;
      |                                     ^~~~~~~~~~
/home/zlw/End2End/ORB_SLAM3/Thirdparty/g2o/g2o/types/../core/base_binary_edge.h: In instantiation of ‘class g2o::BaseBinaryEdge<3, Eigen::Matrix<double, 3, 1>, g2o::VertexSBAPointXYZ, g2o::VertexSE3Expmap>’:
/home/zlw/End2End/ORB_SLAM3/Thirdparty/g2o/g2o/types/types_six_dof_expmap.h:146:41:   required from here
/home/zlw/End2End/ORB_SLAM3/Thirdparty/g2o/g2o/types/../core/base_binary_edge.h:59:80: warning: ‘Eigen::AlignedBit’ is deprecated [-Wdeprecated-declarations]
   59 |       typedef Eigen::Map<Matrix<double, Di, Dj>, Matrix<double, Di, Dj>::Flags & AlignedBit ? Aligned : Unaligned > HessianBlockType;
      |                                                                          ~~~~~~^~~~~~~~~~~~
/usr/include/eigen3/Eigen/src/Core/util/Constants.h:167:37: note: declared here
  167 | EIGEN_DEPRECATED const unsigned int AlignedBit = 0x80;
      |                                     ^~~~~~~~~~
/home/zlw/End2End/ORB_SLAM3/Thirdparty/g2o/g2o/types/../core/base_binary_edge.h:60:80: warning: ‘Eigen::AlignedBit’ is deprecated [-Wdeprecated-declarations]
   60 |       typedef Eigen::Map<Matrix<double, Dj, Di>, Matrix<double, Dj, Di>::Flags & AlignedBit ? Aligned : Unaligned > HessianBlockTransposedType;
      |                                                                          ~~~~~~^~~~~~~~~~~~
/usr/include/eigen3/Eigen/src/Core/util/Constants.h:167:37: note: declared here
  167 | EIGEN_DEPRECATED const unsigned int AlignedBit = 0x80;
      |                                     ^~~~~~~~~~
/home/zlw/End2End/ORB_SLAM3/Thirdparty/g2o/g2o/types/../core/base_vertex.h: In instantiation of ‘class g2o::BaseVertex<7, g2o::Sim3>’:
/home/zlw/End2End/ORB_SLAM3/Thirdparty/g2o/g2o/types/types_seven_dof_expmap.h:48:35:   required from here
/home/zlw/End2End/ORB_SLAM3/Thirdparty/g2o/g2o/types/../core/base_vertex.h:62:72: warning: ‘Eigen::AlignedBit’ is deprecated [-Wdeprecated-declarations]
   62 |     typedef Eigen::Map<Matrix<double, D, D>, Matrix<double,D,D>::Flags & AlignedBit ? Aligned : Unaligned >  HessianBlockType;
      |                                                                  ~~~~~~^~~~~~~~~~~~
/usr/include/eigen3/Eigen/src/Core/util/Constants.h:167:37: note: declared here
  167 | EIGEN_DEPRECATED const unsigned int AlignedBit = 0x80;
      |                                     ^~~~~~~~~~
/home/zlw/End2End/ORB_SLAM3/Thirdparty/g2o/g2o/types/../core/base_binary_edge.h: In instantiation of ‘class g2o::BaseBinaryEdge<7, g2o::Sim3, g2o::VertexSim3Expmap, g2o::VertexSim3Expmap>’:
/home/zlw/End2End/ORB_SLAM3/Thirdparty/g2o/g2o/types/types_seven_dof_expmap.h:99:27:   required from here
/home/zlw/End2End/ORB_SLAM3/Thirdparty/g2o/g2o/types/../core/base_binary_edge.h:59:80: warning: ‘Eigen::AlignedBit’ is deprecated [-Wdeprecated-declarations]
   59 |       typedef Eigen::Map<Matrix<double, Di, Dj>, Matrix<double, Di, Dj>::Flags & AlignedBit ? Aligned : Unaligned > HessianBlockType;
      |                                                                          ~~~~~~^~~~~~~~~~~~
/usr/include/eigen3/Eigen/src/Core/util/Constants.h:167:37: note: declared here
  167 | EIGEN_DEPRECATED const unsigned int AlignedBit = 0x80;
      |                                     ^~~~~~~~~~
/home/zlw/End2End/ORB_SLAM3/Thirdparty/g2o/g2o/types/../core/base_binary_edge.h:60:80: warning: ‘Eigen::AlignedBit’ is deprecated [-Wdeprecated-declarations]
   60 |       typedef Eigen::Map<Matrix<double, Dj, Di>, Matrix<double, Dj, Di>::Flags & AlignedBit ? Aligned : Unaligned > HessianBlockTransposedType;
      |                                                                          ~~~~~~^~~~~~~~~~~~
/usr/include/eigen3/Eigen/src/Core/util/Constants.h:167:37: note: declared here
  167 | EIGEN_DEPRECATED const unsigned int AlignedBit = 0x80;
      |                                     ^~~~~~~~~~
/home/zlw/End2End/ORB_SLAM3/Thirdparty/g2o/g2o/types/../core/base_binary_edge.h: In instantiation of ‘class g2o::BaseBinaryEdge<2, Eigen::Matrix<double, 2, 1>, g2o::VertexSBAPointXYZ, g2o::VertexSim3Expmap>’:
/home/zlw/End2End/ORB_SLAM3/Thirdparty/g2o/g2o/types/types_seven_dof_expmap.h:130:36:   required from here
/home/zlw/End2End/ORB_SLAM3/Thirdparty/g2o/g2o/types/../core/base_binary_edge.h:59:80: warning: ‘Eigen::AlignedBit’ is deprecated [-Wdeprecated-declarations]
   59 |       typedef Eigen::Map<Matrix<double, Di, Dj>, Matrix<double, Di, Dj>::Flags & AlignedBit ? Aligned : Unaligned > HessianBlockType;
      |                                                                          ~~~~~~^~~~~~~~~~~~
/usr/include/eigen3/Eigen/src/Core/util/Constants.h:167:37: note: declared here
  167 | EIGEN_DEPRECATED const unsigned int AlignedBit = 0x80;
      |                                     ^~~~~~~~~~
/home/zlw/End2End/ORB_SLAM3/Thirdparty/g2o/g2o/types/../core/base_binary_edge.h:60:80: warning: ‘Eigen::AlignedBit’ is deprecated [-Wdeprecated-declarations]
   60 |       typedef Eigen::Map<Matrix<double, Dj, Di>, Matrix<double, Dj, Di>::Flags & AlignedBit ? Aligned : Unaligned > HessianBlockTransposedType;
      |                                                                          ~~~~~~^~~~~~~~~~~~
/usr/include/eigen3/Eigen/src/Core/util/Constants.h:167:37: note: declared here
  167 | EIGEN_DEPRECATED const unsigned int AlignedBit = 0x80;
      |                                     ^~~~~~~~~~
In file included from /home/zlw/End2End/ORB_SLAM3/include/Frame.h:30,
                 from /home/zlw/End2End/ORB_SLAM3/src/Frame.cc:19:
/home/zlw/End2End/ORB_SLAM3/include/ImuTypes.h: In member function ‘void ORB_SLAM3::IMU::Preintegrated::printMeasurements() const’:
/home/zlw/End2End/ORB_SLAM3/include/ImuTypes.h:204:23: warning: comparison of integer expressions of different signedness: ‘int’ and ‘std::vector<ORB_SLAM3::IMU::Preintegrated::integrable>::size_type’ {aka ‘long unsigned int’} [-Wsign-compare]
  204 |         for(int i=0; i<mvMeasurements.size(); i++){
      |                      ~^~~~~~~~~~~~~~~~~~~~~~
In file included from /home/zlw/End2End/ORB_SLAM3/Thirdparty/DBoW2/DBoW2/FORB.h:17,
                 from /home/zlw/End2End/ORB_SLAM3/include/ORBVocabulary.h:23,
                 from /home/zlw/End2End/ORB_SLAM3/include/Frame.h:31:
/home/zlw/End2End/ORB_SLAM3/Thirdparty/DBoW2/DBoW2/FClass.h: At global scope:
/home/zlw/End2End/ORB_SLAM3/Thirdparty/DBoW2/DBoW2/FClass.h:35:16: warning: ‘virtual void DBoW2::FClass::meanValue(const std::vector<const TDescriptor*>&, TDescriptor&)’ was hidden [-Woverloaded-virtual=]
   35 |   virtual void meanValue(const std::vector<pDescriptor> &descriptors,
      |                ^~~~~~~~~
/home/zlw/End2End/ORB_SLAM3/Thirdparty/DBoW2/DBoW2/FORB.h:38:15: note:   by ‘static void DBoW2::FORB::meanValue(const std::vector<const cv::Mat*>&, TDescriptor&)’
   38 |   static void meanValue(const std::vector<pDescriptor> &descriptors,
      |               ^~~~~~~~~
In file included from /home/zlw/End2End/ORB_SLAM3/include/Atlas.h:27,
                 from /home/zlw/End2End/ORB_SLAM3/include/LocalMapping.h:24,
                 from /home/zlw/End2End/ORB_SLAM3/include/LoopClosing.h:24,
                 from /home/zlw/End2End/ORB_SLAM3/include/Optimizer.h:26:
/home/zlw/End2End/ORB_SLAM3/include/CameraModels/KannalaBrandt8.h: In constructor ‘ORB_SLAM3::KannalaBrandt8::KannalaBrandt8(std::vector<float>)’:
/home/zlw/End2End/ORB_SLAM3/include/CameraModels/KannalaBrandt8.h:102:21: warning: ‘ORB_SLAM3::KannalaBrandt8::precision’ will be initialized after [-Wreorder]
  102 |         const float precision;
      |                     ^~~~~~~~~
/home/zlw/End2End/ORB_SLAM3/include/CameraModels/KannalaBrandt8.h:88:26: warning:   ‘std::vector<int> ORB_SLAM3::KannalaBrandt8::mvLappingArea’ [-Wreorder]
   88 |         std::vector<int> mvLappingArea;
      |                          ^~~~~~~~~~~~~
/home/zlw/End2End/ORB_SLAM3/include/CameraModels/KannalaBrandt8.h:47:9: warning:   when initialized here [-Wreorder]
   47 |         KannalaBrandt8(const std::vector<float> _vParameters) : GeometricCamera(_vParameters), precision(1e-6), mvLappingArea(2,0) ,tvr(nullptr) {
      |         ^~~~~~~~~~~~~~
/home/zlw/End2End/ORB_SLAM3/include/CameraModels/KannalaBrandt8.h: In constructor ‘ORB_SLAM3::KannalaBrandt8::KannalaBrandt8(std::vector<float>, float)’:
/home/zlw/End2End/ORB_SLAM3/include/CameraModels/KannalaBrandt8.h:102:21: warning: ‘ORB_SLAM3::KannalaBrandt8::precision’ will be initialized after [-Wreorder]
  102 |         const float precision;
      |                     ^~~~~~~~~
/home/zlw/End2End/ORB_SLAM3/include/CameraModels/KannalaBrandt8.h:88:26: warning:   ‘std::vector<int> ORB_SLAM3::KannalaBrandt8::mvLappingArea’ [-Wreorder]
   88 |         std::vector<int> mvLappingArea;
      |                          ^~~~~~~~~~~~~
/home/zlw/End2End/ORB_SLAM3/include/CameraModels/KannalaBrandt8.h:53:9: warning:   when initialized here [-Wreorder]
   53 |         KannalaBrandt8(const std::vector<float> _vParameters, const float _precision) : GeometricCamera(_vParameters),
      |         ^~~~~~~~~~~~~~
/home/zlw/End2End/ORB_SLAM3/include/CameraModels/KannalaBrandt8.h: In constructor ‘ORB_SLAM3::KannalaBrandt8::KannalaBrandt8(ORB_SLAM3::KannalaBrandt8*)’:
/home/zlw/End2End/ORB_SLAM3/include/CameraModels/KannalaBrandt8.h:102:21: warning: ‘ORB_SLAM3::KannalaBrandt8::precision’ will be initialized after [-Wreorder]
  102 |         const float precision;
      |                     ^~~~~~~~~
/home/zlw/End2End/ORB_SLAM3/include/CameraModels/KannalaBrandt8.h:88:26: warning:   ‘std::vector<int> ORB_SLAM3::KannalaBrandt8::mvLappingArea’ [-Wreorder]
   88 |         std::vector<int> mvLappingArea;
      |                          ^~~~~~~~~~~~~
/home/zlw/End2End/ORB_SLAM3/include/CameraModels/KannalaBrandt8.h:59:9: warning:   when initialized here [-Wreorder]
   59 |         KannalaBrandt8(KannalaBrandt8* pKannala) : GeometricCamera(pKannala->mvParameters), precision(pKannala->precision), mvLappingArea(2,0) ,tvr(nullptr) {
      |         ^~~~~~~~~~~~~~
In file included from /home/zlw/End2End/ORB_SLAM3/Thirdparty/g2o/g2o/types/types_six_dof_expmap.h:37,
                 from /home/zlw/End2End/ORB_SLAM3/include/Converter.h:26,
                 from /home/zlw/End2End/ORB_SLAM3/include/Frame.h:33:
/home/zlw/End2End/ORB_SLAM3/Thirdparty/g2o/g2o/types/../core/base_vertex.h:62:74: warning: ‘Eigen::AlignedBit’ is deprecated [-Wdeprecated-declarations]
   62 |     typedef Eigen::Map<Matrix<double, D, D>, Matrix<double,D,D>::Flags & AlignedBit ? Aligned : Unaligned >  HessianBlockType;
      |                                                                          ^~~~~~~~~~
In file included from /usr/include/eigen3/Eigen/Core:161,
                 from /usr/include/eigen3/Eigen/LU:11,
                 from /home/zlw/End2End/ORB_SLAM3/Thirdparty/Sophus/sophus/so2.hpp:12,
                 from /home/zlw/End2End/ORB_SLAM3/Thirdparty/Sophus/sophus/se2.hpp:7,
                 from /home/zlw/End2End/ORB_SLAM3/Thirdparty/Sophus/sophus/geometry.hpp:7,
                 from /home/zlw/End2End/ORB_SLAM3/include/Frame.h:28:
/usr/include/eigen3/Eigen/src/Core/util/Constants.h:167:37: note: declared here
  167 | EIGEN_DEPRECATED const unsigned int AlignedBit = 0x80;
      |                                     ^~~~~~~~~~
In file included from /home/zlw/End2End/ORB_SLAM3/Thirdparty/g2o/g2o/types/types_six_dof_expmap.h:38:
/home/zlw/End2End/ORB_SLAM3/Thirdparty/g2o/g2o/types/../core/base_binary_edge.h:59:82: warning: ‘Eigen::AlignedBit’ is deprecated [-Wdeprecated-declarations]
   59 |       typedef Eigen::Map<Matrix<double, Di, Dj>, Matrix<double, Di, Dj>::Flags & AlignedBit ? Aligned : Unaligned > HessianBlockType;
      |                                                                                  ^~~~~~~~~~
/usr/include/eigen3/Eigen/src/Core/util/Constants.h:167:37: note: declared here
  167 | EIGEN_DEPRECATED const unsigned int AlignedBit = 0x80;
      |                                     ^~~~~~~~~~
/home/zlw/End2End/ORB_SLAM3/Thirdparty/g2o/g2o/types/../core/base_binary_edge.h:60:82: warning: ‘Eigen::AlignedBit’ is deprecated [-Wdeprecated-declarations]
   60 |       typedef Eigen::Map<Matrix<double, Dj, Di>, Matrix<double, Dj, Di>::Flags & AlignedBit ? Aligned : Unaligned > HessianBlockTransposedType;
      |                                                                                  ^~~~~~~~~~
/usr/include/eigen3/Eigen/src/Core/util/Constants.h:167:37: note: declared here
  167 | EIGEN_DEPRECATED const unsigned int AlignedBit = 0x80;
      |                                     ^~~~~~~~~~
/home/zlw/End2End/ORB_SLAM3/Thirdparty/g2o/g2o/types/../core/base_vertex.h: In instantiation of ‘class g2o::BaseVertex<3, Eigen::Matrix<double, 3, 1> >’:
/home/zlw/End2End/ORB_SLAM3/Thirdparty/g2o/g2o/types/types_sba.h:40:35:   required from here
/home/zlw/End2End/ORB_SLAM3/Thirdparty/g2o/g2o/types/../core/base_vertex.h:62:72: warning: ‘Eigen::AlignedBit’ is deprecated [-Wdeprecated-declarations]
   62 |     typedef Eigen::Map<Matrix<double, D, D>, Matrix<double,D,D>::Flags & AlignedBit ? Aligned : Unaligned >  HessianBlockType;
      |                                                                  ~~~~~~^~~~~~~~~~~~
/usr/include/eigen3/Eigen/src/Core/util/Constants.h:167:37: note: declared here
  167 | EIGEN_DEPRECATED const unsigned int AlignedBit = 0x80;
      |                                     ^~~~~~~~~~
/home/zlw/End2End/ORB_SLAM3/Thirdparty/g2o/g2o/types/../core/base_vertex.h: In instantiation of ‘class g2o::BaseVertex<6, g2o::SE3Quat>’:
/home/zlw/End2End/ORB_SLAM3/Thirdparty/g2o/g2o/types/types_six_dof_expmap.h:59:33:   required from here
/home/zlw/End2End/ORB_SLAM3/Thirdparty/g2o/g2o/types/../core/base_vertex.h:62:72: warning: ‘Eigen::AlignedBit’ is deprecated [-Wdeprecated-declarations]
   62 |     typedef Eigen::Map<Matrix<double, D, D>, Matrix<double,D,D>::Flags & AlignedBit ? Aligned : Unaligned >  HessianBlockType;
      |                                                                  ~~~~~~^~~~~~~~~~~~
/usr/include/eigen3/Eigen/src/Core/util/Constants.h:167:37: note: declared here
  167 | EIGEN_DEPRECATED const unsigned int AlignedBit = 0x80;
      |                                     ^~~~~~~~~~
/home/zlw/End2End/ORB_SLAM3/Thirdparty/g2o/g2o/types/../core/base_binary_edge.h: In instantiation of ‘class g2o::BaseBinaryEdge<6, g2o::SE3Quat, g2o::VertexSE3Expmap, g2o::VertexSE3Expmap>’:
/home/zlw/End2End/ORB_SLAM3/Thirdparty/g2o/g2o/types/types_six_dof_expmap.h:83:24:   required from here
/home/zlw/End2End/ORB_SLAM3/Thirdparty/g2o/g2o/types/../core/base_binary_edge.h:59:80: warning: ‘Eigen::AlignedBit’ is deprecated [-Wdeprecated-declarations]
   59 |       typedef Eigen::Map<Matrix<double, Di, Dj>, Matrix<double, Di, Dj>::Flags & AlignedBit ? Aligned : Unaligned > HessianBlockType;
      |                                                                          ~~~~~~^~~~~~~~~~~~
/usr/include/eigen3/Eigen/src/Core/util/Constants.h:167:37: note: declared here
  167 | EIGEN_DEPRECATED const unsigned int AlignedBit = 0x80;
      |                                     ^~~~~~~~~~
/home/zlw/End2End/ORB_SLAM3/Thirdparty/g2o/g2o/types/../core/base_binary_edge.h:60:80: warning: ‘Eigen::AlignedBit’ is deprecated [-Wdeprecated-declarations]
   60 |       typedef Eigen::Map<Matrix<double, Dj, Di>, Matrix<double, Dj, Di>::Flags & AlignedBit ? Aligned : Unaligned > HessianBlockTransposedType;
      |                                                                          ~~~~~~^~~~~~~~~~~~
/usr/include/eigen3/Eigen/src/Core/util/Constants.h:167:37: note: declared here
  167 | EIGEN_DEPRECATED const unsigned int AlignedBit = 0x80;
      |                                     ^~~~~~~~~~
/home/zlw/End2End/ORB_SLAM3/Thirdparty/g2o/g2o/types/../core/base_binary_edge.h: In instantiation of ‘class g2o::BaseBinaryEdge<2, Eigen::Matrix<double, 2, 1>, g2o::VertexSBAPointXYZ, g2o::VertexSE3Expmap>’:
/home/zlw/End2End/ORB_SLAM3/Thirdparty/g2o/g2o/types/types_six_dof_expmap.h:114:35:   required from here
/home/zlw/End2End/ORB_SLAM3/Thirdparty/g2o/g2o/types/../core/base_binary_edge.h:59:80: warning: ‘Eigen::AlignedBit’ is deprecated [-Wdeprecated-declarations]
   59 |       typedef Eigen::Map<Matrix<double, Di, Dj>, Matrix<double, Di, Dj>::Flags & AlignedBit ? Aligned : Unaligned > HessianBlockType;
      |                                                                          ~~~~~~^~~~~~~~~~~~
/usr/include/eigen3/Eigen/src/Core/util/Constants.h:167:37: note: declared here
  167 | EIGEN_DEPRECATED const unsigned int AlignedBit = 0x80;
      |                                     ^~~~~~~~~~
/home/zlw/End2End/ORB_SLAM3/Thirdparty/g2o/g2o/types/../core/base_binary_edge.h:60:80: warning: ‘Eigen::AlignedBit’ is deprecated [-Wdeprecated-declarations]
   60 |       typedef Eigen::Map<Matrix<double, Dj, Di>, Matrix<double, Dj, Di>::Flags & AlignedBit ? Aligned : Unaligned > HessianBlockTransposedType;
      |                                                                          ~~~~~~^~~~~~~~~~~~
/usr/include/eigen3/Eigen/src/Core/util/Constants.h:167:37: note: declared here
  167 | EIGEN_DEPRECATED const unsigned int AlignedBit = 0x80;
      |                                     ^~~~~~~~~~
/home/zlw/End2End/ORB_SLAM3/Thirdparty/g2o/g2o/types/../core/base_binary_edge.h: In instantiation of ‘class g2o::BaseBinaryEdge<3, Eigen::Matrix<double, 3, 1>, g2o::VertexSBAPointXYZ, g2o::VertexSE3Expmap>’:
/home/zlw/End2End/ORB_SLAM3/Thirdparty/g2o/g2o/types/types_six_dof_expmap.h:146:41:   required from here
/home/zlw/End2End/ORB_SLAM3/Thirdparty/g2o/g2o/types/../core/base_binary_edge.h:59:80: warning: ‘Eigen::AlignedBit’ is deprecated [-Wdeprecated-declarations]
   59 |       typedef Eigen::Map<Matrix<double, Di, Dj>, Matrix<double, Di, Dj>::Flags & AlignedBit ? Aligned : Unaligned > HessianBlockType;
      |                                                                          ~~~~~~^~~~~~~~~~~~
/usr/include/eigen3/Eigen/src/Core/util/Constants.h:167:37: note: declared here
  167 | EIGEN_DEPRECATED const unsigned int AlignedBit = 0x80;
      |                                     ^~~~~~~~~~
/home/zlw/End2End/ORB_SLAM3/Thirdparty/g2o/g2o/types/../core/base_binary_edge.h:60:80: warning: ‘Eigen::AlignedBit’ is deprecated [-Wdeprecated-declarations]
   60 |       typedef Eigen::Map<Matrix<double, Dj, Di>, Matrix<double, Dj, Di>::Flags & AlignedBit ? Aligned : Unaligned > HessianBlockTransposedType;
      |                                                                          ~~~~~~^~~~~~~~~~~~
/usr/include/eigen3/Eigen/src/Core/util/Constants.h:167:37: note: declared here
  167 | EIGEN_DEPRECATED const unsigned int AlignedBit = 0x80;
      |                                     ^~~~~~~~~~
In file included from /home/zlw/End2End/ORB_SLAM3/include/G2oTypes.h:25,
                 from /home/zlw/End2End/ORB_SLAM3/src/Optimizer.cc:40:
/home/zlw/End2End/ORB_SLAM3/Thirdparty/g2o/g2o/core/base_multi_edge.h: At global scope:
/home/zlw/End2End/ORB_SLAM3/Thirdparty/g2o/g2o/core/base_multi_edge.h:69:54: warning: ‘Eigen::AlignedBit’ is deprecated [-Wdeprecated-declarations]
   69 |       typedef Eigen::Map<MatrixXd, MatrixXd::Flags & AlignedBit ? Aligned : Unaligned > HessianBlockType;
      |                                                      ^~~~~~~~~~
/usr/include/eigen3/Eigen/src/Core/util/Constants.h:167:37: note: declared here
  167 | EIGEN_DEPRECATED const unsigned int AlignedBit = 0x80;
      |                                     ^~~~~~~~~~
/home/zlw/End2End/ORB_SLAM3/Thirdparty/g2o/g2o/types/../core/base_vertex.h: In instantiation of ‘class g2o::BaseVertex<6, ORB_SLAM3::ImuCamPose>’:
/home/zlw/End2End/ORB_SLAM3/include/G2oTypes.h:130:32:   required from here
/home/zlw/End2End/ORB_SLAM3/Thirdparty/g2o/g2o/types/../core/base_vertex.h:62:72: warning: ‘Eigen::AlignedBit’ is deprecated [-Wdeprecated-declarations]
   62 |     typedef Eigen::Map<Matrix<double, D, D>, Matrix<double,D,D>::Flags & AlignedBit ? Aligned : Unaligned >  HessianBlockType;
      |                                                                  ~~~~~~^~~~~~~~~~~~
/usr/include/eigen3/Eigen/src/Core/util/Constants.h:167:37: note: declared here
  167 | EIGEN_DEPRECATED const unsigned int AlignedBit = 0x80;
      |                                     ^~~~~~~~~~
/home/zlw/End2End/ORB_SLAM3/Thirdparty/g2o/g2o/types/../core/base_vertex.h: In instantiation of ‘class g2o::BaseVertex<4, ORB_SLAM3::ImuCamPose>’:
/home/zlw/End2End/ORB_SLAM3/include/G2oTypes.h:155:36:   required from here
/home/zlw/End2End/ORB_SLAM3/Thirdparty/g2o/g2o/types/../core/base_vertex.h:62:72: warning: ‘Eigen::AlignedBit’ is deprecated [-Wdeprecated-declarations]
   62 |     typedef Eigen::Map<Matrix<double, D, D>, Matrix<double,D,D>::Flags & AlignedBit ? Aligned : Unaligned >  HessianBlockType;
      |                                                                  ~~~~~~^~~~~~~~~~~~
/usr/include/eigen3/Eigen/src/Core/util/Constants.h:167:37: note: declared here
  167 | EIGEN_DEPRECATED const unsigned int AlignedBit = 0x80;
      |                                     ^~~~~~~~~~
/home/zlw/End2End/ORB_SLAM3/Thirdparty/g2o/g2o/types/../core/base_vertex.h: In instantiation of ‘class g2o::BaseVertex<2, ORB_SLAM3::GDirection>’:
/home/zlw/End2End/ORB_SLAM3/include/G2oTypes.h:274:32:   required from here
/home/zlw/End2End/ORB_SLAM3/Thirdparty/g2o/g2o/types/../core/base_vertex.h:62:72: warning: ‘Eigen::AlignedBit’ is deprecated [-Wdeprecated-declarations]
   62 |     typedef Eigen::Map<Matrix<double, D, D>, Matrix<double,D,D>::Flags & AlignedBit ? Aligned : Unaligned >  HessianBlockType;
      |                                                                  ~~~~~~^~~~~~~~~~~~
/usr/include/eigen3/Eigen/src/Core/util/Constants.h:167:37: note: declared here
  167 | EIGEN_DEPRECATED const unsigned int AlignedBit = 0x80;
      |                                     ^~~~~~~~~~
/home/zlw/End2End/ORB_SLAM3/Thirdparty/g2o/g2o/types/../core/base_vertex.h: In instantiation of ‘class g2o::BaseVertex<7, g2o::Sim3>’:
/home/zlw/End2End/ORB_SLAM3/Thirdparty/g2o/g2o/types/types_seven_dof_expmap.h:48:35:   required from here
/home/zlw/End2End/ORB_SLAM3/Thirdparty/g2o/g2o/types/../core/base_vertex.h:62:72: warning: ‘Eigen::AlignedBit’ is deprecated [-Wdeprecated-declarations]
   62 |     typedef Eigen::Map<Matrix<double, D, D>, Matrix<double,D,D>::Flags & AlignedBit ? Aligned : Unaligned >  HessianBlockType;
      |                                                                  ~~~~~~^~~~~~~~~~~~
/usr/include/eigen3/Eigen/src/Core/util/Constants.h:167:37: note: declared here
  167 | EIGEN_DEPRECATED const unsigned int AlignedBit = 0x80;
      |                                     ^~~~~~~~~~
/home/zlw/End2End/ORB_SLAM3/Thirdparty/g2o/g2o/types/../core/base_vertex.h: In instantiation of ‘class g2o::BaseVertex<1, double>’:
/home/zlw/End2End/ORB_SLAM3/include/G2oTypes.h:296:33:   required from here
/home/zlw/End2End/ORB_SLAM3/Thirdparty/g2o/g2o/types/../core/base_vertex.h:62:72: warning: ‘Eigen::AlignedBit’ is deprecated [-Wdeprecated-declarations]
   62 |     typedef Eigen::Map<Matrix<double, D, D>, Matrix<double,D,D>::Flags & AlignedBit ? Aligned : Unaligned >  HessianBlockType;
      |                                                                  ~~~~~~^~~~~~~~~~~~
/usr/include/eigen3/Eigen/src/Core/util/Constants.h:167:37: note: declared here
  167 | EIGEN_DEPRECATED const unsigned int AlignedBit = 0x80;
      |                                     ^~~~~~~~~~
/home/zlw/End2End/ORB_SLAM3/Thirdparty/g2o/g2o/types/../core/base_binary_edge.h: In instantiation of ‘class g2o::BaseBinaryEdge<7, g2o::Sim3, g2o::VertexSim3Expmap, g2o::VertexSim3Expmap>’:
/home/zlw/End2End/ORB_SLAM3/Thirdparty/g2o/g2o/types/types_seven_dof_expmap.h:99:27:   required from here
/home/zlw/End2End/ORB_SLAM3/Thirdparty/g2o/g2o/types/../core/base_binary_edge.h:59:80: warning: ‘Eigen::AlignedBit’ is deprecated [-Wdeprecated-declarations]
   59 |       typedef Eigen::Map<Matrix<double, Di, Dj>, Matrix<double, Di, Dj>::Flags & AlignedBit ? Aligned : Unaligned > HessianBlockType;
      |                                                                          ~~~~~~^~~~~~~~~~~~
/usr/include/eigen3/Eigen/src/Core/util/Constants.h:167:37: note: declared here
  167 | EIGEN_DEPRECATED const unsigned int AlignedBit = 0x80;
      |                                     ^~~~~~~~~~
/home/zlw/End2End/ORB_SLAM3/Thirdparty/g2o/g2o/types/../core/base_binary_edge.h:60:80: warning: ‘Eigen::AlignedBit’ is deprecated [-Wdeprecated-declarations]
   60 |       typedef Eigen::Map<Matrix<double, Dj, Di>, Matrix<double, Dj, Di>::Flags & AlignedBit ? Aligned : Unaligned > HessianBlockTransposedType;
      |                                                                          ~~~~~~^~~~~~~~~~~~
/usr/include/eigen3/Eigen/src/Core/util/Constants.h:167:37: note: declared here
  167 | EIGEN_DEPRECATED const unsigned int AlignedBit = 0x80;
      |                                     ^~~~~~~~~~
/home/zlw/End2End/ORB_SLAM3/Thirdparty/g2o/g2o/types/../core/base_vertex.h: In instantiation of ‘class g2o::BaseVertex<1, ORB_SLAM3::InvDepthPoint>’:
/home/zlw/End2End/ORB_SLAM3/include/G2oTypes.h:321:36:   required from here
/home/zlw/End2End/ORB_SLAM3/Thirdparty/g2o/g2o/types/../core/base_vertex.h:62:72: warning: ‘Eigen::AlignedBit’ is deprecated [-Wdeprecated-declarations]
   62 |     typedef Eigen::Map<Matrix<double, D, D>, Matrix<double,D,D>::Flags & AlignedBit ? Aligned : Unaligned >  HessianBlockType;
      |                                                                  ~~~~~~^~~~~~~~~~~~
/usr/include/eigen3/Eigen/src/Core/util/Constants.h:167:37: note: declared here
  167 | EIGEN_DEPRECATED const unsigned int AlignedBit = 0x80;
      |                                     ^~~~~~~~~~
/home/zlw/End2End/ORB_SLAM3/Thirdparty/g2o/g2o/types/../core/base_binary_edge.h: In instantiation of ‘class g2o::BaseBinaryEdge<2, Eigen::Matrix<double, 2, 1>, g2o::VertexSBAPointXYZ, ORB_SLAM3::VertexPose>’:
/home/zlw/End2End/ORB_SLAM3/include/G2oTypes.h:342:30:   required from here
/home/zlw/End2End/ORB_SLAM3/Thirdparty/g2o/g2o/types/../core/base_binary_edge.h:59:80: warning: ‘Eigen::AlignedBit’ is deprecated [-Wdeprecated-declarations]
   59 |       typedef Eigen::Map<Matrix<double, Di, Dj>, Matrix<double, Di, Dj>::Flags & AlignedBit ? Aligned : Unaligned > HessianBlockType;
      |                                                                          ~~~~~~^~~~~~~~~~~~
/usr/include/eigen3/Eigen/src/Core/util/Constants.h:167:37: note: declared here
  167 | EIGEN_DEPRECATED const unsigned int AlignedBit = 0x80;
      |                                     ^~~~~~~~~~
/home/zlw/End2End/ORB_SLAM3/Thirdparty/g2o/g2o/types/../core/base_binary_edge.h:60:80: warning: ‘Eigen::AlignedBit’ is deprecated [-Wdeprecated-declarations]
   60 |       typedef Eigen::Map<Matrix<double, Dj, Di>, Matrix<double, Dj, Di>::Flags & AlignedBit ? Aligned : Unaligned > HessianBlockTransposedType;
      |                                                                          ~~~~~~^~~~~~~~~~~~
/usr/include/eigen3/Eigen/src/Core/util/Constants.h:167:37: note: declared here
  167 | EIGEN_DEPRECATED const unsigned int AlignedBit = 0x80;
      |                                     ^~~~~~~~~~
/home/zlw/End2End/ORB_SLAM3/Thirdparty/g2o/g2o/types/../core/base_binary_edge.h: In instantiation of ‘class g2o::BaseBinaryEdge<2, Eigen::Matrix<double, 2, 1>, g2o::VertexSBAPointXYZ, g2o::VertexSim3Expmap>’:
/home/zlw/End2End/ORB_SLAM3/Thirdparty/g2o/g2o/types/types_seven_dof_expmap.h:130:36:   required from here
/home/zlw/End2End/ORB_SLAM3/Thirdparty/g2o/g2o/types/../core/base_binary_edge.h:59:80: warning: ‘Eigen::AlignedBit’ is deprecated [-Wdeprecated-declarations]
   59 |       typedef Eigen::Map<Matrix<double, Di, Dj>, Matrix<double, Di, Dj>::Flags & AlignedBit ? Aligned : Unaligned > HessianBlockType;
      |                                                                          ~~~~~~^~~~~~~~~~~~
/usr/include/eigen3/Eigen/src/Core/util/Constants.h:167:37: note: declared here
  167 | EIGEN_DEPRECATED const unsigned int AlignedBit = 0x80;
      |                                     ^~~~~~~~~~
/home/zlw/End2End/ORB_SLAM3/Thirdparty/g2o/g2o/types/../core/base_binary_edge.h:60:80: warning: ‘Eigen::AlignedBit’ is deprecated [-Wdeprecated-declarations]
   60 |       typedef Eigen::Map<Matrix<double, Dj, Di>, Matrix<double, Dj, Di>::Flags & AlignedBit ? Aligned : Unaligned > HessianBlockTransposedType;
      |                                                                          ~~~~~~^~~~~~~~~~~~
/usr/include/eigen3/Eigen/src/Core/util/Constants.h:167:37: note: declared here
  167 | EIGEN_DEPRECATED const unsigned int AlignedBit = 0x80;
      |                                     ^~~~~~~~~~
/home/zlw/End2End/ORB_SLAM3/Thirdparty/g2o/g2o/types/../core/base_binary_edge.h: In instantiation of ‘class g2o::BaseBinaryEdge<3, Eigen::Matrix<double, 3, 1>, g2o::VertexSBAPointXYZ, ORB_SLAM3::VertexPose>’:
/home/zlw/End2End/ORB_SLAM3/include/G2oTypes.h:425:32:   required from here
/home/zlw/End2End/ORB_SLAM3/Thirdparty/g2o/g2o/types/../core/base_binary_edge.h:59:80: warning: ‘Eigen::AlignedBit’ is deprecated [-Wdeprecated-declarations]
   59 |       typedef Eigen::Map<Matrix<double, Di, Dj>, Matrix<double, Di, Dj>::Flags & AlignedBit ? Aligned : Unaligned > HessianBlockType;
      |                                                                          ~~~~~~^~~~~~~~~~~~
/usr/include/eigen3/Eigen/src/Core/util/Constants.h:167:37: note: declared here
  167 | EIGEN_DEPRECATED const unsigned int AlignedBit = 0x80;
      |                                     ^~~~~~~~~~
/home/zlw/End2End/ORB_SLAM3/Thirdparty/g2o/g2o/types/../core/base_binary_edge.h:60:80: warning: ‘Eigen::AlignedBit’ is deprecated [-Wdeprecated-declarations]
   60 |       typedef Eigen::Map<Matrix<double, Dj, Di>, Matrix<double, Dj, Di>::Flags & AlignedBit ? Aligned : Unaligned > HessianBlockTransposedType;
      |                                                                          ~~~~~~^~~~~~~~~~~~
/usr/include/eigen3/Eigen/src/Core/util/Constants.h:167:37: note: declared here
  167 | EIGEN_DEPRECATED const unsigned int AlignedBit = 0x80;
      |                                     ^~~~~~~~~~
In file included from /home/zlw/End2End/ORB_SLAM3/include/G2oTypes.h:25,
                 from /home/zlw/End2End/ORB_SLAM3/src/Frame.cc:21:
/home/zlw/End2End/ORB_SLAM3/Thirdparty/g2o/g2o/core/base_multi_edge.h:69:54: warning: ‘Eigen::AlignedBit’ is deprecated [-Wdeprecated-declarations]
   69 |       typedef Eigen::Map<MatrixXd, MatrixXd::Flags & AlignedBit ? Aligned : Unaligned > HessianBlockType;
      |                                                      ^~~~~~~~~~
/usr/include/eigen3/Eigen/src/Core/util/Constants.h:167:37: note: declared here
  167 | EIGEN_DEPRECATED const unsigned int AlignedBit = 0x80;
      |                                     ^~~~~~~~~~
/home/zlw/End2End/ORB_SLAM3/Thirdparty/g2o/g2o/types/../core/base_binary_edge.h: In instantiation of ‘class g2o::BaseBinaryEdge<3, Eigen::Matrix<double, 3, 1>, ORB_SLAM3::VertexGyroBias, ORB_SLAM3::VertexGyroBias>’:
/home/zlw/End2End/ORB_SLAM3/include/G2oTypes.h:635:32:   required from here
/home/zlw/End2End/ORB_SLAM3/Thirdparty/g2o/g2o/types/../core/base_binary_edge.h:59:80: warning: ‘Eigen::AlignedBit’ is deprecated [-Wdeprecated-declarations]
   59 |       typedef Eigen::Map<Matrix<double, Di, Dj>, Matrix<double, Di, Dj>::Flags & AlignedBit ? Aligned : Unaligned > HessianBlockType;
      |                                                                          ~~~~~~^~~~~~~~~~~~
/usr/include/eigen3/Eigen/src/Core/util/Constants.h:167:37: note: declared here
  167 | EIGEN_DEPRECATED const unsigned int AlignedBit = 0x80;
      |                                     ^~~~~~~~~~
/home/zlw/End2End/ORB_SLAM3/Thirdparty/g2o/g2o/types/../core/base_binary_edge.h:60:80: warning: ‘Eigen::AlignedBit’ is deprecated [-Wdeprecated-declarations]
   60 |       typedef Eigen::Map<Matrix<double, Dj, Di>, Matrix<double, Dj, Di>::Flags & AlignedBit ? Aligned : Unaligned > HessianBlockTransposedType;
      |                                                                          ~~~~~~^~~~~~~~~~~~
/usr/include/eigen3/Eigen/src/Core/util/Constants.h:167:37: note: declared here
  167 | EIGEN_DEPRECATED const unsigned int AlignedBit = 0x80;
      |                                     ^~~~~~~~~~
/home/zlw/End2End/ORB_SLAM3/Thirdparty/g2o/g2o/types/../core/base_binary_edge.h: In instantiation of ‘class g2o::BaseBinaryEdge<3, Eigen::Matrix<double, 3, 1>, ORB_SLAM3::VertexAccBias, ORB_SLAM3::VertexAccBias>’:
/home/zlw/End2End/ORB_SLAM3/include/G2oTypes.h:671:31:   required from here
/home/zlw/End2End/ORB_SLAM3/Thirdparty/g2o/g2o/types/../core/base_binary_edge.h:59:80: warning: ‘Eigen::AlignedBit’ is deprecated [-Wdeprecated-declarations]
   59 |       typedef Eigen::Map<Matrix<double, Di, Dj>, Matrix<double, Di, Dj>::Flags & AlignedBit ? Aligned : Unaligned > HessianBlockType;
      |                                                                          ~~~~~~^~~~~~~~~~~~
/usr/include/eigen3/Eigen/src/Core/util/Constants.h:167:37: note: declared here
  167 | EIGEN_DEPRECATED const unsigned int AlignedBit = 0x80;
      |                                     ^~~~~~~~~~
/home/zlw/End2End/ORB_SLAM3/Thirdparty/g2o/g2o/types/../core/base_binary_edge.h:60:80: warning: ‘Eigen::AlignedBit’ is deprecated [-Wdeprecated-declarations]
   60 |       typedef Eigen::Map<Matrix<double, Dj, Di>, Matrix<double, Dj, Di>::Flags & AlignedBit ? Aligned : Unaligned > HessianBlockTransposedType;
      |                                                                          ~~~~~~^~~~~~~~~~~~
/usr/include/eigen3/Eigen/src/Core/util/Constants.h:167:37: note: declared here
  167 | EIGEN_DEPRECATED const unsigned int AlignedBit = 0x80;
      |                                     ^~~~~~~~~~
/home/zlw/End2End/ORB_SLAM3/Thirdparty/g2o/g2o/types/../core/base_binary_edge.h: In instantiation of ‘class g2o::BaseBinaryEdge<6, Eigen::Matrix<double, 6, 1, 0, 6, 1>, ORB_SLAM3::VertexPose4DoF, ORB_SLAM3::VertexPose4DoF>’:
/home/zlw/End2End/ORB_SLAM3/include/G2oTypes.h:817:30:   required from here
/home/zlw/End2End/ORB_SLAM3/Thirdparty/g2o/g2o/types/../core/base_binary_edge.h:59:80: warning: ‘Eigen::AlignedBit’ is deprecated [-Wdeprecated-declarations]
   59 |       typedef Eigen::Map<Matrix<double, Di, Dj>, Matrix<double, Di, Dj>::Flags & AlignedBit ? Aligned : Unaligned > HessianBlockType;
      |                                                                          ~~~~~~^~~~~~~~~~~~
/usr/include/eigen3/Eigen/src/Core/util/Constants.h:167:37: note: declared here
  167 | EIGEN_DEPRECATED const unsigned int AlignedBit = 0x80;
      |                                     ^~~~~~~~~~
/home/zlw/End2End/ORB_SLAM3/Thirdparty/g2o/g2o/types/../core/base_binary_edge.h:60:80: warning: ‘Eigen::AlignedBit’ is deprecated [-Wdeprecated-declarations]
   60 |       typedef Eigen::Map<Matrix<double, Dj, Di>, Matrix<double, Dj, Di>::Flags & AlignedBit ? Aligned : Unaligned > HessianBlockTransposedType;
      |                                                                          ~~~~~~^~~~~~~~~~~~
/usr/include/eigen3/Eigen/src/Core/util/Constants.h:167:37: note: declared here
  167 | EIGEN_DEPRECATED const unsigned int AlignedBit = 0x80;
      |                                     ^~~~~~~~~~
/home/zlw/End2End/ORB_SLAM3/Thirdparty/g2o/g2o/types/../core/base_vertex.h: In instantiation of ‘class g2o::BaseVertex<6, ORB_SLAM3::ImuCamPose>’:
/home/zlw/End2End/ORB_SLAM3/include/G2oTypes.h:130:32:   required from here
/home/zlw/End2End/ORB_SLAM3/Thirdparty/g2o/g2o/types/../core/base_vertex.h:62:72: warning: ‘Eigen::AlignedBit’ is deprecated [-Wdeprecated-declarations]
   62 |     typedef Eigen::Map<Matrix<double, D, D>, Matrix<double,D,D>::Flags & AlignedBit ? Aligned : Unaligned >  HessianBlockType;
      |                                                                  ~~~~~~^~~~~~~~~~~~
/usr/include/eigen3/Eigen/src/Core/util/Constants.h:167:37: note: declared here
  167 | EIGEN_DEPRECATED const unsigned int AlignedBit = 0x80;
      |                                     ^~~~~~~~~~
/home/zlw/End2End/ORB_SLAM3/Thirdparty/g2o/g2o/types/../core/base_vertex.h: In instantiation of ‘class g2o::BaseVertex<4, ORB_SLAM3::ImuCamPose>’:
/home/zlw/End2End/ORB_SLAM3/include/G2oTypes.h:155:36:   required from here
/home/zlw/End2End/ORB_SLAM3/Thirdparty/g2o/g2o/types/../core/base_vertex.h:62:72: warning: ‘Eigen::AlignedBit’ is deprecated [-Wdeprecated-declarations]
   62 |     typedef Eigen::Map<Matrix<double, D, D>, Matrix<double,D,D>::Flags & AlignedBit ? Aligned : Unaligned >  HessianBlockType;
      |                                                                  ~~~~~~^~~~~~~~~~~~
/usr/include/eigen3/Eigen/src/Core/util/Constants.h:167:37: note: declared here
  167 | EIGEN_DEPRECATED const unsigned int AlignedBit = 0x80;
      |                                     ^~~~~~~~~~
/home/zlw/End2End/ORB_SLAM3/Thirdparty/g2o/g2o/types/../core/base_vertex.h: In instantiation of ‘class g2o::BaseVertex<2, ORB_SLAM3::GDirection>’:
/home/zlw/End2End/ORB_SLAM3/include/G2oTypes.h:274:32:   required from here
/home/zlw/End2End/ORB_SLAM3/Thirdparty/g2o/g2o/types/../core/base_vertex.h:62:72: warning: ‘Eigen::AlignedBit’ is deprecated [-Wdeprecated-declarations]
   62 |     typedef Eigen::Map<Matrix<double, D, D>, Matrix<double,D,D>::Flags & AlignedBit ? Aligned : Unaligned >  HessianBlockType;
      |                                                                  ~~~~~~^~~~~~~~~~~~
/usr/include/eigen3/Eigen/src/Core/util/Constants.h:167:37: note: declared here
  167 | EIGEN_DEPRECATED const unsigned int AlignedBit = 0x80;
      |                                     ^~~~~~~~~~
/home/zlw/End2End/ORB_SLAM3/Thirdparty/g2o/g2o/types/../core/base_vertex.h: In instantiation of ‘class g2o::BaseVertex<1, double>’:
/home/zlw/End2End/ORB_SLAM3/include/G2oTypes.h:296:33:   required from here
/home/zlw/End2End/ORB_SLAM3/Thirdparty/g2o/g2o/types/../core/base_vertex.h:62:72: warning: ‘Eigen::AlignedBit’ is deprecated [-Wdeprecated-declarations]
   62 |     typedef Eigen::Map<Matrix<double, D, D>, Matrix<double,D,D>::Flags & AlignedBit ? Aligned : Unaligned >  HessianBlockType;
      |                                                                  ~~~~~~^~~~~~~~~~~~
/usr/include/eigen3/Eigen/src/Core/util/Constants.h:167:37: note: declared here
  167 | EIGEN_DEPRECATED const unsigned int AlignedBit = 0x80;
      |                                     ^~~~~~~~~~
/home/zlw/End2End/ORB_SLAM3/Thirdparty/g2o/g2o/types/../core/base_vertex.h: In instantiation of ‘class g2o::BaseVertex<1, ORB_SLAM3::InvDepthPoint>’:
/home/zlw/End2End/ORB_SLAM3/include/G2oTypes.h:321:36:   required from here
/home/zlw/End2End/ORB_SLAM3/Thirdparty/g2o/g2o/types/../core/base_vertex.h:62:72: warning: ‘Eigen::AlignedBit’ is deprecated [-Wdeprecated-declarations]
   62 |     typedef Eigen::Map<Matrix<double, D, D>, Matrix<double,D,D>::Flags & AlignedBit ? Aligned : Unaligned >  HessianBlockType;
      |                                                                  ~~~~~~^~~~~~~~~~~~
/usr/include/eigen3/Eigen/src/Core/util/Constants.h:167:37: note: declared here
  167 | EIGEN_DEPRECATED const unsigned int AlignedBit = 0x80;
      |                                     ^~~~~~~~~~
/home/zlw/End2End/ORB_SLAM3/Thirdparty/g2o/g2o/types/../core/base_binary_edge.h: In instantiation of ‘class g2o::BaseBinaryEdge<2, Eigen::Matrix<double, 2, 1>, g2o::VertexSBAPointXYZ, ORB_SLAM3::VertexPose>’:
/home/zlw/End2End/ORB_SLAM3/include/G2oTypes.h:342:30:   required from here
/home/zlw/End2End/ORB_SLAM3/Thirdparty/g2o/g2o/types/../core/base_binary_edge.h:59:80: warning: ‘Eigen::AlignedBit’ is deprecated [-Wdeprecated-declarations]
   59 |       typedef Eigen::Map<Matrix<double, Di, Dj>, Matrix<double, Di, Dj>::Flags & AlignedBit ? Aligned : Unaligned > HessianBlockType;
      |                                                                          ~~~~~~^~~~~~~~~~~~
/usr/include/eigen3/Eigen/src/Core/util/Constants.h:167:37: note: declared here
  167 | EIGEN_DEPRECATED const unsigned int AlignedBit = 0x80;
      |                                     ^~~~~~~~~~
/home/zlw/End2End/ORB_SLAM3/Thirdparty/g2o/g2o/types/../core/base_binary_edge.h:60:80: warning: ‘Eigen::AlignedBit’ is deprecated [-Wdeprecated-declarations]
   60 |       typedef Eigen::Map<Matrix<double, Dj, Di>, Matrix<double, Dj, Di>::Flags & AlignedBit ? Aligned : Unaligned > HessianBlockTransposedType;
      |                                                                          ~~~~~~^~~~~~~~~~~~
/usr/include/eigen3/Eigen/src/Core/util/Constants.h:167:37: note: declared here
  167 | EIGEN_DEPRECATED const unsigned int AlignedBit = 0x80;
      |                                     ^~~~~~~~~~
/home/zlw/End2End/ORB_SLAM3/Thirdparty/g2o/g2o/types/../core/base_binary_edge.h: In instantiation of ‘class g2o::BaseBinaryEdge<3, Eigen::Matrix<double, 3, 1>, g2o::VertexSBAPointXYZ, ORB_SLAM3::VertexPose>’:
/home/zlw/End2End/ORB_SLAM3/include/G2oTypes.h:425:32:   required from here
/home/zlw/End2End/ORB_SLAM3/Thirdparty/g2o/g2o/types/../core/base_binary_edge.h:59:80: warning: ‘Eigen::AlignedBit’ is deprecated [-Wdeprecated-declarations]
   59 |       typedef Eigen::Map<Matrix<double, Di, Dj>, Matrix<double, Di, Dj>::Flags & AlignedBit ? Aligned : Unaligned > HessianBlockType;
      |                                                                          ~~~~~~^~~~~~~~~~~~
/usr/include/eigen3/Eigen/src/Core/util/Constants.h:167:37: note: declared here
  167 | EIGEN_DEPRECATED const unsigned int AlignedBit = 0x80;
      |                                     ^~~~~~~~~~
/home/zlw/End2End/ORB_SLAM3/Thirdparty/g2o/g2o/types/../core/base_binary_edge.h:60:80: warning: ‘Eigen::AlignedBit’ is deprecated [-Wdeprecated-declarations]
   60 |       typedef Eigen::Map<Matrix<double, Dj, Di>, Matrix<double, Dj, Di>::Flags & AlignedBit ? Aligned : Unaligned > HessianBlockTransposedType;
      |                                                                          ~~~~~~^~~~~~~~~~~~
/usr/include/eigen3/Eigen/src/Core/util/Constants.h:167:37: note: declared here
  167 | EIGEN_DEPRECATED const unsigned int AlignedBit = 0x80;
      |                                     ^~~~~~~~~~
/home/zlw/End2End/ORB_SLAM3/Thirdparty/g2o/g2o/types/../core/base_binary_edge.h: In instantiation of ‘class g2o::BaseBinaryEdge<3, Eigen::Matrix<double, 3, 1>, ORB_SLAM3::VertexGyroBias, ORB_SLAM3::VertexGyroBias>’:
/home/zlw/End2End/ORB_SLAM3/include/G2oTypes.h:635:32:   required from here
/home/zlw/End2End/ORB_SLAM3/Thirdparty/g2o/g2o/types/../core/base_binary_edge.h:59:80: warning: ‘Eigen::AlignedBit’ is deprecated [-Wdeprecated-declarations]
   59 |       typedef Eigen::Map<Matrix<double, Di, Dj>, Matrix<double, Di, Dj>::Flags & AlignedBit ? Aligned : Unaligned > HessianBlockType;
      |                                                                          ~~~~~~^~~~~~~~~~~~
/usr/include/eigen3/Eigen/src/Core/util/Constants.h:167:37: note: declared here
  167 | EIGEN_DEPRECATED const unsigned int AlignedBit = 0x80;
      |                                     ^~~~~~~~~~
/home/zlw/End2End/ORB_SLAM3/Thirdparty/g2o/g2o/types/../core/base_binary_edge.h:60:80: warning: ‘Eigen::AlignedBit’ is deprecated [-Wdeprecated-declarations]
   60 |       typedef Eigen::Map<Matrix<double, Dj, Di>, Matrix<double, Dj, Di>::Flags & AlignedBit ? Aligned : Unaligned > HessianBlockTransposedType;
      |                                                                          ~~~~~~^~~~~~~~~~~~
/usr/include/eigen3/Eigen/src/Core/util/Constants.h:167:37: note: declared here
  167 | EIGEN_DEPRECATED const unsigned int AlignedBit = 0x80;
      |                                     ^~~~~~~~~~
/home/zlw/End2End/ORB_SLAM3/Thirdparty/g2o/g2o/types/../core/base_binary_edge.h: In instantiation of ‘class g2o::BaseBinaryEdge<2, Eigen::Matrix<double, 2, 1>, g2o::VertexSBAPointXYZ, ORB_SLAM3::VertexSim3Expmap>’:
/home/zlw/End2End/ORB_SLAM3/include/OptimizableTypes.h:175:41:   required from here
/home/zlw/End2End/ORB_SLAM3/Thirdparty/g2o/g2o/types/../core/base_binary_edge.h:59:80: warning: ‘Eigen::AlignedBit’ is deprecated [-Wdeprecated-declarations]
   59 |       typedef Eigen::Map<Matrix<double, Di, Dj>, Matrix<double, Di, Dj>::Flags & AlignedBit ? Aligned : Unaligned > HessianBlockType;
      |                                                                          ~~~~~~^~~~~~~~~~~~
/usr/include/eigen3/Eigen/src/Core/util/Constants.h:167:37: note: declared here
  167 | EIGEN_DEPRECATED const unsigned int AlignedBit = 0x80;
      |                                     ^~~~~~~~~~
/home/zlw/End2End/ORB_SLAM3/Thirdparty/g2o/g2o/types/../core/base_binary_edge.h:60:80: warning: ‘Eigen::AlignedBit’ is deprecated [-Wdeprecated-declarations]
   60 |       typedef Eigen::Map<Matrix<double, Dj, Di>, Matrix<double, Dj, Di>::Flags & AlignedBit ? Aligned : Unaligned > HessianBlockTransposedType;
      |                                                                          ~~~~~~^~~~~~~~~~~~
/usr/include/eigen3/Eigen/src/Core/util/Constants.h:167:37: note: declared here
  167 | EIGEN_DEPRECATED const unsigned int AlignedBit = 0x80;
      |                                     ^~~~~~~~~~
/home/zlw/End2End/ORB_SLAM3/Thirdparty/g2o/g2o/types/../core/base_binary_edge.h: In instantiation of ‘class g2o::BaseBinaryEdge<3, Eigen::Matrix<double, 3, 1>, ORB_SLAM3::VertexAccBias, ORB_SLAM3::VertexAccBias>’:
/home/zlw/End2End/ORB_SLAM3/include/G2oTypes.h:671:31:   required from here
/home/zlw/End2End/ORB_SLAM3/Thirdparty/g2o/g2o/types/../core/base_binary_edge.h:59:80: warning: ‘Eigen::AlignedBit’ is deprecated [-Wdeprecated-declarations]
   59 |       typedef Eigen::Map<Matrix<double, Di, Dj>, Matrix<double, Di, Dj>::Flags & AlignedBit ? Aligned : Unaligned > HessianBlockType;
      |                                                                          ~~~~~~^~~~~~~~~~~~
/usr/include/eigen3/Eigen/src/Core/util/Constants.h:167:37: note: declared here
  167 | EIGEN_DEPRECATED const unsigned int AlignedBit = 0x80;
      |                                     ^~~~~~~~~~
/home/zlw/End2End/ORB_SLAM3/Thirdparty/g2o/g2o/types/../core/base_binary_edge.h:60:80: warning: ‘Eigen::AlignedBit’ is deprecated [-Wdeprecated-declarations]
   60 |       typedef Eigen::Map<Matrix<double, Dj, Di>, Matrix<double, Dj, Di>::Flags & AlignedBit ? Aligned : Unaligned > HessianBlockTransposedType;
      |                                                                          ~~~~~~^~~~~~~~~~~~
/usr/include/eigen3/Eigen/src/Core/util/Constants.h:167:37: note: declared here
  167 | EIGEN_DEPRECATED const unsigned int AlignedBit = 0x80;
      |                                     ^~~~~~~~~~
/home/zlw/End2End/ORB_SLAM3/src/Optimizer.cc: In static member function ‘static void ORB_SLAM3::Optimizer::BundleAdjustment(const std::vector<ORB_SLAM3::KeyFrame*>&, const std::vector<ORB_SLAM3::MapPoint*>&, int, bool*, long unsigned int, bool)’:
/home/zlw/End2End/ORB_SLAM3/src/Optimizer.cc:299:51: warning: comparison of integer expressions of different signedness: ‘int’ and ‘std::vector<cv::KeyPoint>::size_type’ {aka ‘long unsigned int’} [-Wsign-compare]
  299 |                 if(rightIndex != -1 && rightIndex < pKF->mvKeysRight.size()){
      |                                        ~~~~~~~~~~~^~~~~~~~~~~~~~~~~~~~~~~~~
/home/zlw/End2End/ORB_SLAM3/src/Optimizer.cc: In static member function ‘static void ORB_SLAM3::Optimizer::FullInertialBA(ORB_SLAM3::Map*, int, bool, long unsigned int, bool*, bool, float, float, Eigen::VectorXd*, bool*)’:
/home/zlw/End2End/ORB_SLAM3/src/Optimizer.cc:751:55: warning: comparison of integer expressions of different signedness: ‘int’ and ‘std::vector<cv::KeyPoint>::size_type’ {aka ‘long unsigned int’} [-Wsign-compare]
  751 |                     if(rightIndex != -1 && rightIndex < pKFi->mvKeysRight.size()){
      |                                            ~~~~~~~~~~~^~~~~~~~~~~~~~~~~~~~~~~~~~
/home/zlw/End2End/ORB_SLAM3/Thirdparty/g2o/g2o/types/../core/base_binary_edge.h: In instantiation of ‘class g2o::BaseBinaryEdge<6, Eigen::Matrix<double, 6, 1, 0, 6, 1>, ORB_SLAM3::VertexPose4DoF, ORB_SLAM3::VertexPose4DoF>’:
/home/zlw/End2End/ORB_SLAM3/include/G2oTypes.h:817:30:   required from here
/home/zlw/End2End/ORB_SLAM3/Thirdparty/g2o/g2o/types/../core/base_binary_edge.h:59:80: warning: ‘Eigen::AlignedBit’ is deprecated [-Wdeprecated-declarations]
   59 |       typedef Eigen::Map<Matrix<double, Di, Dj>, Matrix<double, Di, Dj>::Flags & AlignedBit ? Aligned : Unaligned > HessianBlockType;
      |                                                                          ~~~~~~^~~~~~~~~~~~
/usr/include/eigen3/Eigen/src/Core/util/Constants.h:167:37: note: declared here
  167 | EIGEN_DEPRECATED const unsigned int AlignedBit = 0x80;
      |                                     ^~~~~~~~~~
/home/zlw/End2End/ORB_SLAM3/Thirdparty/g2o/g2o/types/../core/base_binary_edge.h:60:80: warning: ‘Eigen::AlignedBit’ is deprecated [-Wdeprecated-declarations]
   60 |       typedef Eigen::Map<Matrix<double, Dj, Di>, Matrix<double, Dj, Di>::Flags & AlignedBit ? Aligned : Unaligned > HessianBlockTransposedType;
      |                                                                          ~~~~~~^~~~~~~~~~~~
/usr/include/eigen3/Eigen/src/Core/util/Constants.h:167:37: note: declared here
  167 | EIGEN_DEPRECATED const unsigned int AlignedBit = 0x80;
      |                                     ^~~~~~~~~~
/home/zlw/End2End/ORB_SLAM3/src/Optimizer.cc: In static member function ‘static void ORB_SLAM3::Optimizer::LocalInertialBA(ORB_SLAM3::KeyFrame*, bool*, ORB_SLAM3::Map*, int&, int&, int&, int&, bool, bool)’:
/home/zlw/End2End/ORB_SLAM3/src/Optimizer.cc:3040:34: warning: comparison of integer expressions of different signedness: ‘std::__cxx11::list<ORB_SLAM3::KeyFrame*>::size_type’ {aka ‘long unsigned int’} and ‘int’ [-Wsign-compare]
 3040 |         if(lFixedKeyFrames.size()>=maxFixKF)
      |            ~~~~~~~~~~~~~~~~~~~~~~^~~~~~~~~~
In file included from /home/zlw/End2End/ORB_SLAM3/src/Frame.cc:31:
/home/zlw/End2End/ORB_SLAM3/include/CameraModels/KannalaBrandt8.h: In constructor ‘ORB_SLAM3::KannalaBrandt8::KannalaBrandt8(std::vector<float>)’:
/home/zlw/End2End/ORB_SLAM3/include/CameraModels/KannalaBrandt8.h:102:21: warning: ‘ORB_SLAM3::KannalaBrandt8::precision’ will be initialized after [-Wreorder]
  102 |         const float precision;
      |                     ^~~~~~~~~
/home/zlw/End2End/ORB_SLAM3/include/CameraModels/KannalaBrandt8.h:88:26: warning:   ‘std::vector<int> ORB_SLAM3::KannalaBrandt8::mvLappingArea’ [-Wreorder]
   88 |         std::vector<int> mvLappingArea;
      |                          ^~~~~~~~~~~~~
/home/zlw/End2End/ORB_SLAM3/include/CameraModels/KannalaBrandt8.h:47:9: warning:   when initialized here [-Wreorder]
   47 |         KannalaBrandt8(const std::vector<float> _vParameters) : GeometricCamera(_vParameters), precision(1e-6), mvLappingArea(2,0) ,tvr(nullptr) {
      |         ^~~~~~~~~~~~~~
/home/zlw/End2End/ORB_SLAM3/include/CameraModels/KannalaBrandt8.h: In constructor ‘ORB_SLAM3::KannalaBrandt8::KannalaBrandt8(std::vector<float>, float)’:
/home/zlw/End2End/ORB_SLAM3/include/CameraModels/KannalaBrandt8.h:102:21: warning: ‘ORB_SLAM3::KannalaBrandt8::precision’ will be initialized after [-Wreorder]
  102 |         const float precision;
      |                     ^~~~~~~~~
/home/zlw/End2End/ORB_SLAM3/include/CameraModels/KannalaBrandt8.h:88:26: warning:   ‘std::vector<int> ORB_SLAM3::KannalaBrandt8::mvLappingArea’ [-Wreorder]
   88 |         std::vector<int> mvLappingArea;
      |                          ^~~~~~~~~~~~~
/home/zlw/End2End/ORB_SLAM3/include/CameraModels/KannalaBrandt8.h:53:9: warning:   when initialized here [-Wreorder]
   53 |         KannalaBrandt8(const std::vector<float> _vParameters, const float _precision) : GeometricCamera(_vParameters),
      |         ^~~~~~~~~~~~~~
/home/zlw/End2End/ORB_SLAM3/include/CameraModels/KannalaBrandt8.h: In constructor ‘ORB_SLAM3::KannalaBrandt8::KannalaBrandt8(ORB_SLAM3::KannalaBrandt8*)’:
/home/zlw/End2End/ORB_SLAM3/include/CameraModels/KannalaBrandt8.h:102:21: warning: ‘ORB_SLAM3::KannalaBrandt8::precision’ will be initialized after [-Wreorder]
  102 |         const float precision;
      |                     ^~~~~~~~~
/home/zlw/End2End/ORB_SLAM3/include/CameraModels/KannalaBrandt8.h:88:26: warning:   ‘std::vector<int> ORB_SLAM3::KannalaBrandt8::mvLappingArea’ [-Wreorder]
   88 |         std::vector<int> mvLappingArea;
      |                          ^~~~~~~~~~~~~
/home/zlw/End2End/ORB_SLAM3/include/CameraModels/KannalaBrandt8.h:59:9: warning:   when initialized here [-Wreorder]
   59 |         KannalaBrandt8(KannalaBrandt8* pKannala) : GeometricCamera(pKannala->mvParameters), precision(pKannala->precision), mvLappingArea(2,0) ,tvr(nullptr) {
      |         ^~~~~~~~~~~~~~
/home/zlw/End2End/ORB_SLAM3/include/Frame.h: In constructor ‘ORB_SLAM3::Frame::Frame()’:
/home/zlw/End2End/ORB_SLAM3/include/Frame.h:321:10: warning: ‘ORB_SLAM3::Frame::mbImuPreintegrated’ will be initialized after [-Wreorder]
  321 |     bool mbImuPreintegrated;
      |          ^~~~~~~~~~~~~~~~~~
/home/zlw/End2End/ORB_SLAM3/include/Frame.h:174:10: warning:   ‘bool ORB_SLAM3::Frame::mbHasPose’ [-Wreorder]
  174 |     bool mbHasPose;
      |          ^~~~~~~~~
/home/zlw/End2End/ORB_SLAM3/src/Frame.cc:45:1: warning:   when initialized here [-Wreorder]
   45 | Frame::Frame(): mpcpi(NULL), mpImuPreintegrated(NULL), mpPrevFrame(NULL), mpImuPreintegratedFrame(NULL), mpReferenceKF(static_cast<KeyFrame*>(NULL)), mbIsSet(false), mbImuPreintegrated(false), mbHasPose(false), mbHasVelocity(false)
      | ^~~~~
/home/zlw/End2End/ORB_SLAM3/include/Frame.h: In copy constructor ‘ORB_SLAM3::Frame::Frame(const ORB_SLAM3::Frame&)’:
/home/zlw/End2End/ORB_SLAM3/include/Frame.h:242:27: warning: ‘ORB_SLAM3::Frame::mDescriptorsRight’ will be initialized after [-Wreorder]
  242 |     cv::Mat mDescriptors, mDescriptorsRight;
      |                           ^~~~~~~~~~~~~~~~~
/home/zlw/End2End/ORB_SLAM3/include/Frame.h:232:28: warning:   ‘std::vector<ORB_SLAM3::MapPoint*> ORB_SLAM3::Frame::mvpMapPoints’ [-Wreorder]
  232 |     std::vector<MapPoint*> mvpMapPoints;
      |                            ^~~~~~~~~~~~
/home/zlw/End2End/ORB_SLAM3/src/Frame.cc:55:1: warning:   when initialized here [-Wreorder]
   55 | Frame::Frame(const Frame &frame)
      | ^~~~~
/home/zlw/End2End/ORB_SLAM3/include/Frame.h:260:16: warning: ‘ORB_SLAM3::Frame::mImuCalib’ will be initialized after [-Wreorder]
  260 |     IMU::Calib mImuCalib;
      |                ^~~~~~~~~
/home/zlw/End2End/ORB_SLAM3/include/Frame.h:247:9: warning:   ‘int ORB_SLAM3::Frame::mnCloseMPs’ [-Wreorder]
  247 |     int mnCloseMPs;
      |         ^~~~~~~~~~
/home/zlw/End2End/ORB_SLAM3/src/Frame.cc:55:1: warning:   when initialized here [-Wreorder]
   55 | Frame::Frame(const Frame &frame)
      | ^~~~~
/home/zlw/End2End/ORB_SLAM3/include/Frame.h:268:25: warning: ‘ORB_SLAM3::Frame::mpImuPreintegratedFrame’ will be initialized after [-Wreorder]
  268 |     IMU::Preintegrated* mpImuPreintegratedFrame;
      |                         ^~~~~~~~~~~~~~~~~~~~~~~
/home/zlw/End2End/ORB_SLAM3/include/Frame.h:257:15: warning:   ‘ORB_SLAM3::IMU::Bias ORB_SLAM3::Frame::mImuBias’ [-Wreorder]
  257 |     IMU::Bias mImuBias;
      |               ^~~~~~~~
/home/zlw/End2End/ORB_SLAM3/src/Frame.cc:55:1: warning:   when initialized here [-Wreorder]
   55 | Frame::Frame(const Frame &frame)
      | ^~~~~
/home/zlw/End2End/ORB_SLAM3/include/Frame.h:299:9: warning: ‘ORB_SLAM3::Frame::mnDataset’ will be initialized after [-Wreorder]
  299 |     int mnDataset;
      |         ^~~~~~~~~
/home/zlw/End2End/ORB_SLAM3/include/Frame.h:283:19: warning:   ‘std::vector<float> ORB_SLAM3::Frame::mvLevelSigma2’ [-Wreorder]
  283 |     vector<float> mvLevelSigma2;
      |                   ^~~~~~~~~~~~~
/home/zlw/End2End/ORB_SLAM3/src/Frame.cc:55:1: warning:   when initialized here [-Wreorder]
   55 | Frame::Frame(const Frame &frame)
      | ^~~~~
/home/zlw/End2End/ORB_SLAM3/include/Frame.h:284:19: warning: ‘ORB_SLAM3::Frame::mvInvLevelSigma2’ will be initialized after [-Wreorder]
  284 |     vector<float> mvInvLevelSigma2;
      |                   ^~~~~~~~~~~~~~~~
/home/zlw/End2End/ORB_SLAM3/include/Frame.h:267:12: warning:   ‘ORB_SLAM3::Frame* ORB_SLAM3::Frame::mpPrevFrame’ [-Wreorder]
  267 |     Frame* mpPrevFrame;
      |            ^~~~~~~~~~~
/home/zlw/End2End/ORB_SLAM3/src/Frame.cc:55:1: warning:   when initialized here [-Wreorder]
   55 | Frame::Frame(const Frame &frame)
      | ^~~~~
/home/zlw/End2End/ORB_SLAM3/include/Frame.h:267:12: warning: ‘ORB_SLAM3::Frame::mpPrevFrame’ will be initialized after [-Wreorder]
  267 |     Frame* mpPrevFrame;
      |            ^~~~~~~~~~~
/home/zlw/End2End/ORB_SLAM3/include/Frame.h:264:15: warning:   ‘ORB_SLAM3::KeyFrame* ORB_SLAM3::Frame::mpLastKeyFrame’ [-Wreorder]
  264 |     KeyFrame* mpLastKeyFrame;
      |               ^~~~~~~~~~~~~~
/home/zlw/End2End/ORB_SLAM3/src/Frame.cc:55:1: warning:   when initialized here [-Wreorder]
   55 | Frame::Frame(const Frame &frame)
      | ^~~~~
/home/zlw/End2End/ORB_SLAM3/include/Frame.h:341:34: warning: ‘ORB_SLAM3::Frame::mvStereo3Dpoints’ will be initialized after [-Wreorder]
  341 |     std::vector<Eigen::Vector3f> mvStereo3Dpoints;
      |                                  ^~~~~~~~~~~~~~~~
/home/zlw/End2End/ORB_SLAM3/include/Frame.h:180:24: warning:   ‘Sophus::SE3<float> ORB_SLAM3::Frame::mTlr’ [-Wreorder]
  180 |     Sophus::SE3<float> mTlr, mTrl;
      |                        ^~~~
/home/zlw/End2End/ORB_SLAM3/src/Frame.cc:55:1: warning:   when initialized here [-Wreorder]
   55 | Frame::Frame(const Frame &frame)
      | ^~~~~
/home/zlw/End2End/ORB_SLAM3/include/Frame.h:182:21: warning: ‘ORB_SLAM3::Frame::mtlr’ will be initialized after [-Wreorder]
  182 |     Eigen::Vector3f mtlr;
      |                     ^~~~
/home/zlw/End2End/ORB_SLAM3/include/Frame.h:180:30: warning:   ‘Sophus::SE3<float> ORB_SLAM3::Frame::mTrl’ [-Wreorder]
  180 |     Sophus::SE3<float> mTlr, mTrl;
      |                              ^~~~
/home/zlw/End2End/ORB_SLAM3/src/Frame.cc:55:1: warning:   when initialized here [-Wreorder]
   55 | Frame::Frame(const Frame &frame)
      | ^~~~~
/home/zlw/End2End/ORB_SLAM3/include/Frame.h:180:30: warning: ‘ORB_SLAM3::Frame::mTrl’ will be initialized after [-Wreorder]
  180 |     Sophus::SE3<float> mTlr, mTrl;
      |                              ^~~~
/home/zlw/End2End/ORB_SLAM3/include/Frame.h:169:24: warning:   ‘Sophus::SE3<float> ORB_SLAM3::Frame::mTcw’ [-Wreorder]
  169 |     Sophus::SE3<float> mTcw;
      |                        ^~~~
/home/zlw/End2End/ORB_SLAM3/src/Frame.cc:55:1: warning:   when initialized here [-Wreorder]
   55 | Frame::Frame(const Frame &frame)
      | ^~~~~
/home/zlw/End2End/ORB_SLAM3/include/Frame.h: In constructor ‘ORB_SLAM3::Frame::Frame(const cv::Mat&, const cv::Mat&, const double&, ORB_SLAM3::ORBextractor*, ORB_SLAM3::ORBextractor*, ORB_SLAM3::ORBVocabulary*, cv::Mat&, cv::Mat&, const float&, const float&, ORB_SLAM3::GeometricCamera*, ORB_SLAM3::Frame*, const ORB_SLAM3::IMU::Calib&)’:
/home/zlw/End2End/ORB_SLAM3/include/Frame.h:326:33: warning: ‘ORB_SLAM3::Frame::mpCamera2’ will be initialized after [-Wreorder]
  326 |     GeometricCamera* mpCamera, *mpCamera2;
      |                                 ^~~~~~~~~
/home/zlw/End2End/ORB_SLAM3/include/Frame.h:174:10: warning:   ‘bool ORB_SLAM3::Frame::mbHasPose’ [-Wreorder]
  174 |     bool mbHasPose;
      |          ^~~~~~~~~
/home/zlw/End2End/ORB_SLAM3/src/Frame.cc:101:1: warning:   when initialized here [-Wreorder]
  101 | Frame::Frame(const cv::Mat &imLeft, const cv::Mat &imRight, const double &timeStamp, ORBextractor* extractorLeft, ORBextractor* extractorRight, ORBVocabulary* voc, cv::Mat &K, cv::Mat &distCoef, const float &bf, const float &thDepth, GeometricCamera* pCamera, Frame* pPrevF, const IMU::Calib &ImuCalib)
      | ^~~~~
/home/zlw/End2End/ORB_SLAM3/include/Frame.h: In constructor ‘ORB_SLAM3::Frame::Frame(const cv::Mat&, const cv::Mat&, const double&, ORB_SLAM3::ORBextractor*, ORB_SLAM3::ORBVocabulary*, cv::Mat&, cv::Mat&, const float&, const float&, ORB_SLAM3::GeometricCamera*, ORB_SLAM3::Frame*, const ORB_SLAM3::IMU::Calib&)’:
/home/zlw/End2End/ORB_SLAM3/include/Frame.h:326:33: warning: ‘ORB_SLAM3::Frame::mpCamera2’ will be initialized after [-Wreorder]
  326 |     GeometricCamera* mpCamera, *mpCamera2;
      |                                 ^~~~~~~~~
/home/zlw/End2End/ORB_SLAM3/include/Frame.h:174:10: warning:   ‘bool ORB_SLAM3::Frame::mbHasPose’ [-Wreorder]
  174 |     bool mbHasPose;
      |          ^~~~~~~~~
/home/zlw/End2End/ORB_SLAM3/src/Frame.cc:200:1: warning:   when initialized here [-Wreorder]
  200 | Frame::Frame(const cv::Mat &imGray, const cv::Mat &imDepth, const double &timeStamp, ORBextractor* extractor,ORBVocabulary* voc, cv::Mat &K, cv::Mat &distCoef, const float &bf, const float &thDepth, GeometricCamera* pCamera,Frame* pPrevF, const IMU::Calib &ImuCalib)
      | ^~~~~
/home/zlw/End2End/ORB_SLAM3/include/Frame.h: In constructor ‘ORB_SLAM3::Frame::Frame(const cv::Mat&, const double&, ORB_SLAM3::ORBextractor*, ORB_SLAM3::ORBVocabulary*, ORB_SLAM3::GeometricCamera*, cv::Mat&, const float&, const float&, ORB_SLAM3::Frame*, const ORB_SLAM3::IMU::Calib&)’:
/home/zlw/End2End/ORB_SLAM3/include/Frame.h:326:33: warning: ‘ORB_SLAM3::Frame::mpCamera2’ will be initialized after [-Wreorder]
  326 |     GeometricCamera* mpCamera, *mpCamera2;
      |                                 ^~~~~~~~~
/home/zlw/End2End/ORB_SLAM3/include/Frame.h:174:10: warning:   ‘bool ORB_SLAM3::Frame::mbHasPose’ [-Wreorder]
  174 |     bool mbHasPose;
      |          ^~~~~~~~~
/home/zlw/End2End/ORB_SLAM3/src/Frame.cc:289:1: warning:   when initialized here [-Wreorder]
  289 | Frame::Frame(const cv::Mat &imGray, const double &timeStamp, ORBextractor* extractor,ORBVocabulary* voc, GeometricCamera* pCamera, cv::Mat &distCoef, const float &bf, const float &thDepth, Frame* pPrevF, const IMU::Calib &ImuCalib)
      | ^~~~~
/home/zlw/End2End/ORB_SLAM3/include/Frame.h: In constructor ‘ORB_SLAM3::Frame::Frame(const cv::Mat&, const cv::Mat&, const double&, ORB_SLAM3::ORBextractor*, ORB_SLAM3::ORBextractor*, ORB_SLAM3::ORBVocabulary*, cv::Mat&, cv::Mat&, const float&, const float&, ORB_SLAM3::GeometricCamera*, ORB_SLAM3::GeometricCamera*, Sophus::SE3f&, ORB_SLAM3::Frame*, const ORB_SLAM3::IMU::Calib&)’:
/home/zlw/End2End/ORB_SLAM3/include/Frame.h:326:33: warning: ‘ORB_SLAM3::Frame::mpCamera2’ will be initialized after [-Wreorder]
  326 |     GeometricCamera* mpCamera, *mpCamera2;
      |                                 ^~~~~~~~~
/home/zlw/End2End/ORB_SLAM3/include/Frame.h:174:10: warning:   ‘bool ORB_SLAM3::Frame::mbHasPose’ [-Wreorder]
  174 |     bool mbHasPose;
      |          ^~~~~~~~~
/home/zlw/End2End/ORB_SLAM3/src/Frame.cc:1034:1: warning:   when initialized here [-Wreorder]
 1034 | Frame::Frame(const cv::Mat &imLeft, const cv::Mat &imRight, const double &timeStamp, ORBextractor* extractorLeft, ORBextractor* extractorRight, ORBVocabulary* voc, cv::Mat &K, cv::Mat &distCoef, const float &bf, const float &thDepth, GeometricCamera* pCamera, GeometricCamera* pCamera2, Sophus::SE3f& Tlr,Frame* pPrevF, const IMU::Calib &ImuCalib)
      | ^~~~~
/home/zlw/End2End/ORB_SLAM3/src/Optimizer.cc:3044:10: warning: unused variable ‘bNonFixed’ [-Wunused-variable]
 3044 |     bool bNonFixed = (lFixedKeyFrames.size() == 0);
      |          ^~~~~~~~~
/home/zlw/End2End/ORB_SLAM3/src/Optimizer.cc: In static member function ‘static void ORB_SLAM3::Optimizer::InertialOptimization(ORB_SLAM3::Map*, Eigen::Matrix3d&, double&, Eigen::Vector3d&, Eigen::Vector3d&, bool, Eigen::MatrixXd&, bool, bool, float, float)’:
/home/zlw/End2End/ORB_SLAM3/src/Optimizer.cc:4222:22: warning: comparison of integer expressions of different signedness: ‘size_t’ {aka ‘long unsigned int’} and ‘const int’ [-Wsign-compare]
 4222 |     for(size_t i=0; i<N; i++)
      |                     ~^~
/home/zlw/End2End/ORB_SLAM3/src/Optimizer.cc: In static member function ‘static void ORB_SLAM3::Optimizer::InertialOptimization(ORB_SLAM3::Map*, Eigen::Vector3d&, Eigen::Vector3d&, float, float)’:
/home/zlw/End2End/ORB_SLAM3/src/Optimizer.cc:4387:22: warning: comparison of integer expressions of different signedness: ‘size_t’ {aka ‘long unsigned int’} and ‘const int’ [-Wsign-compare]
 4387 |     for(size_t i=0; i<N; i++)
      |                     ~^~
/home/zlw/End2End/ORB_SLAM3/src/Optimizer.cc: In static member function ‘static void ORB_SLAM3::Optimizer::InertialOptimization(ORB_SLAM3::Map*, Eigen::Matrix3d&, double&)’:
/home/zlw/End2End/ORB_SLAM3/src/Optimizer.cc:4508:11: warning: unused variable ‘err’ [-Wunused-variable]
 4508 |     float err = optimizer.activeRobustChi2();
      |           ^~~
/home/zlw/End2End/ORB_SLAM3/src/Optimizer.cc:4511:11: warning: unused variable ‘err_end’ [-Wunused-variable]
 4511 |     float err_end = optimizer.activeRobustChi2();
      |           ^~~~~~~
/home/zlw/End2End/ORB_SLAM3/src/Optimizer.cc: In static member function ‘static void ORB_SLAM3::Optimizer::LocalBundleAdjustment(ORB_SLAM3::KeyFrame*, std::vector<ORB_SLAM3::KeyFrame*>, std::vector<ORB_SLAM3::KeyFrame*>, bool*)’:
/home/zlw/End2End/ORB_SLAM3/src/Optimizer.cc:4519:10: warning: unused variable ‘bShowImages’ [-Wunused-variable]
 4519 |     bool bShowImages = false;
      |          ^~~~~~~~~~~
/home/zlw/End2End/ORB_SLAM3/src/Optimizer.cc: In static member function ‘static void ORB_SLAM3::Optimizer::MergeInertialBA(ORB_SLAM3::KeyFrame*, ORB_SLAM3::KeyFrame*, bool*, ORB_SLAM3::Map*, ORB_SLAM3::LoopClosing::KeyFrameAndPose&)’:
/home/zlw/End2End/ORB_SLAM3/src/Optimizer.cc:5067:19: warning: suggest explicit braces to avoid ambiguous ‘else’ [-Wdangling-else]
 5067 |                 if(!pMP->isBad())
      |                   ^
/home/zlw/End2End/ORB_SLAM3/src/Optimizer.cc: In static member function ‘static void ORB_SLAM3::Optimizer::OptimizeEssentialGraph4DoF(ORB_SLAM3::Map*, ORB_SLAM3::KeyFrame*, ORB_SLAM3::KeyFrame*, const ORB_SLAM3::LoopClosing::KeyFrameAndPose&, const ORB_SLAM3::LoopClosing::KeyFrameAndPose&, const std::map<ORB_SLAM3::KeyFrame*, std::set<ORB_SLAM3::KeyFrame*> >&)’:
/home/zlw/End2End/ORB_SLAM3/src/Optimizer.cc:6388:15: warning: variable ‘e_loop’ set but not used [-Wunused-but-set-variable]
 6388 |     Edge4DoF* e_loop;
      |               ^~~~~~
/home/zlw/End2End/ORB_SLAM3/src/Optimizer.cc:6316:62: warning: typedef ‘BlockSolver_4_4’ locally defined but not used [-Wunused-local-typedefs]
 6316 |     typedef g2o::BlockSolver< g2o::BlockSolverTraits<4, 4> > BlockSolver_4_4;
      |                                                              ^~~~~~~~~~~~~~~
[ 42%] Building CXX object CMakeFiles/ORB_SLAM3_h15_f120_o8_purevis.dir/src/KeyFrameDatabase.cc.o
In file included from /home/zlw/End2End/ORB_SLAM3/include/Frame.h:30,
                 from /home/zlw/End2End/ORB_SLAM3/include/MapPoint.h:24,
                 from /home/zlw/End2End/ORB_SLAM3/include/KeyFrame.h:23,
                 from /home/zlw/End2End/ORB_SLAM3/include/KeyFrameDatabase.h:27,
                 from /home/zlw/End2End/ORB_SLAM3/src/KeyFrameDatabase.cc:20:
/home/zlw/End2End/ORB_SLAM3/include/ImuTypes.h: In member function ‘void ORB_SLAM3::IMU::Preintegrated::printMeasurements() const’:
/home/zlw/End2End/ORB_SLAM3/include/ImuTypes.h:204:23: warning: comparison of integer expressions of different signedness: ‘int’ and ‘std::vector<ORB_SLAM3::IMU::Preintegrated::integrable>::size_type’ {aka ‘long unsigned int’} [-Wsign-compare]
  204 |         for(int i=0; i<mvMeasurements.size(); i++){
      |                      ~^~~~~~~~~~~~~~~~~~~~~~
In file included from /home/zlw/End2End/ORB_SLAM3/Thirdparty/DBoW2/DBoW2/FORB.h:17,
                 from /home/zlw/End2End/ORB_SLAM3/include/ORBVocabulary.h:23,
                 from /home/zlw/End2End/ORB_SLAM3/include/Frame.h:31:
/home/zlw/End2End/ORB_SLAM3/Thirdparty/DBoW2/DBoW2/FClass.h: At global scope:
/home/zlw/End2End/ORB_SLAM3/Thirdparty/DBoW2/DBoW2/FClass.h:35:16: warning: ‘virtual void DBoW2::FClass::meanValue(const std::vector<const TDescriptor*>&, TDescriptor&)’ was hidden [-Woverloaded-virtual=]
   35 |   virtual void meanValue(const std::vector<pDescriptor> &descriptors,
      |                ^~~~~~~~~
/home/zlw/End2End/ORB_SLAM3/Thirdparty/DBoW2/DBoW2/FORB.h:38:15: note:   by ‘static void DBoW2::FORB::meanValue(const std::vector<const cv::Mat*>&, TDescriptor&)’
   38 |   static void meanValue(const std::vector<pDescriptor> &descriptors,
      |               ^~~~~~~~~
In file included from /home/zlw/End2End/ORB_SLAM3/Thirdparty/g2o/g2o/types/types_six_dof_expmap.h:37,
                 from /home/zlw/End2End/ORB_SLAM3/include/Converter.h:26,
                 from /home/zlw/End2End/ORB_SLAM3/include/Frame.h:33:
/home/zlw/End2End/ORB_SLAM3/Thirdparty/g2o/g2o/types/../core/base_vertex.h:62:74: warning: ‘Eigen::AlignedBit’ is deprecated [-Wdeprecated-declarations]
   62 |     typedef Eigen::Map<Matrix<double, D, D>, Matrix<double,D,D>::Flags & AlignedBit ? Aligned : Unaligned >  HessianBlockType;
      |                                                                          ^~~~~~~~~~
In file included from /usr/include/eigen3/Eigen/Core:161,
                 from /usr/include/eigen3/Eigen/LU:11,
                 from /home/zlw/End2End/ORB_SLAM3/Thirdparty/Sophus/sophus/so2.hpp:12,
                 from /home/zlw/End2End/ORB_SLAM3/Thirdparty/Sophus/sophus/se2.hpp:7,
                 from /home/zlw/End2End/ORB_SLAM3/Thirdparty/Sophus/sophus/geometry.hpp:7,
                 from /home/zlw/End2End/ORB_SLAM3/include/Frame.h:28:
/usr/include/eigen3/Eigen/src/Core/util/Constants.h:167:37: note: declared here
  167 | EIGEN_DEPRECATED const unsigned int AlignedBit = 0x80;
      |                                     ^~~~~~~~~~
In file included from /home/zlw/End2End/ORB_SLAM3/Thirdparty/g2o/g2o/types/types_six_dof_expmap.h:38:
/home/zlw/End2End/ORB_SLAM3/Thirdparty/g2o/g2o/types/../core/base_binary_edge.h:59:82: warning: ‘Eigen::AlignedBit’ is deprecated [-Wdeprecated-declarations]
   59 |       typedef Eigen::Map<Matrix<double, Di, Dj>, Matrix<double, Di, Dj>::Flags & AlignedBit ? Aligned : Unaligned > HessianBlockType;
      |                                                                                  ^~~~~~~~~~
/usr/include/eigen3/Eigen/src/Core/util/Constants.h:167:37: note: declared here
  167 | EIGEN_DEPRECATED const unsigned int AlignedBit = 0x80;
      |                                     ^~~~~~~~~~
/home/zlw/End2End/ORB_SLAM3/Thirdparty/g2o/g2o/types/../core/base_binary_edge.h:60:82: warning: ‘Eigen::AlignedBit’ is deprecated [-Wdeprecated-declarations]
   60 |       typedef Eigen::Map<Matrix<double, Dj, Di>, Matrix<double, Dj, Di>::Flags & AlignedBit ? Aligned : Unaligned > HessianBlockTransposedType;
      |                                                                                  ^~~~~~~~~~
/usr/include/eigen3/Eigen/src/Core/util/Constants.h:167:37: note: declared here
  167 | EIGEN_DEPRECATED const unsigned int AlignedBit = 0x80;
      |                                     ^~~~~~~~~~
/home/zlw/End2End/ORB_SLAM3/Thirdparty/g2o/g2o/types/../core/base_vertex.h: In instantiation of ‘class g2o::BaseVertex<3, Eigen::Matrix<double, 3, 1> >’:
/home/zlw/End2End/ORB_SLAM3/Thirdparty/g2o/g2o/types/types_sba.h:40:35:   required from here
/home/zlw/End2End/ORB_SLAM3/Thirdparty/g2o/g2o/types/../core/base_vertex.h:62:72: warning: ‘Eigen::AlignedBit’ is deprecated [-Wdeprecated-declarations]
   62 |     typedef Eigen::Map<Matrix<double, D, D>, Matrix<double,D,D>::Flags & AlignedBit ? Aligned : Unaligned >  HessianBlockType;
      |                                                                  ~~~~~~^~~~~~~~~~~~
/usr/include/eigen3/Eigen/src/Core/util/Constants.h:167:37: note: declared here
  167 | EIGEN_DEPRECATED const unsigned int AlignedBit = 0x80;
      |                                     ^~~~~~~~~~
/home/zlw/End2End/ORB_SLAM3/Thirdparty/g2o/g2o/types/../core/base_vertex.h: In instantiation of ‘class g2o::BaseVertex<6, g2o::SE3Quat>’:
/home/zlw/End2End/ORB_SLAM3/Thirdparty/g2o/g2o/types/types_six_dof_expmap.h:59:33:   required from here
/home/zlw/End2End/ORB_SLAM3/Thirdparty/g2o/g2o/types/../core/base_vertex.h:62:72: warning: ‘Eigen::AlignedBit’ is deprecated [-Wdeprecated-declarations]
   62 |     typedef Eigen::Map<Matrix<double, D, D>, Matrix<double,D,D>::Flags & AlignedBit ? Aligned : Unaligned >  HessianBlockType;
      |                                                                  ~~~~~~^~~~~~~~~~~~
/usr/include/eigen3/Eigen/src/Core/util/Constants.h:167:37: note: declared here
  167 | EIGEN_DEPRECATED const unsigned int AlignedBit = 0x80;
      |                                     ^~~~~~~~~~
/home/zlw/End2End/ORB_SLAM3/Thirdparty/g2o/g2o/types/../core/base_binary_edge.h: In instantiation of ‘class g2o::BaseBinaryEdge<6, g2o::SE3Quat, g2o::VertexSE3Expmap, g2o::VertexSE3Expmap>’:
/home/zlw/End2End/ORB_SLAM3/Thirdparty/g2o/g2o/types/types_six_dof_expmap.h:83:24:   required from here
/home/zlw/End2End/ORB_SLAM3/Thirdparty/g2o/g2o/types/../core/base_binary_edge.h:59:80: warning: ‘Eigen::AlignedBit’ is deprecated [-Wdeprecated-declarations]
   59 |       typedef Eigen::Map<Matrix<double, Di, Dj>, Matrix<double, Di, Dj>::Flags & AlignedBit ? Aligned : Unaligned > HessianBlockType;
      |                                                                          ~~~~~~^~~~~~~~~~~~
/usr/include/eigen3/Eigen/src/Core/util/Constants.h:167:37: note: declared here
  167 | EIGEN_DEPRECATED const unsigned int AlignedBit = 0x80;
      |                                     ^~~~~~~~~~
/home/zlw/End2End/ORB_SLAM3/Thirdparty/g2o/g2o/types/../core/base_binary_edge.h:60:80: warning: ‘Eigen::AlignedBit’ is deprecated [-Wdeprecated-declarations]
   60 |       typedef Eigen::Map<Matrix<double, Dj, Di>, Matrix<double, Dj, Di>::Flags & AlignedBit ? Aligned : Unaligned > HessianBlockTransposedType;
      |                                                                          ~~~~~~^~~~~~~~~~~~
/usr/include/eigen3/Eigen/src/Core/util/Constants.h:167:37: note: declared here
  167 | EIGEN_DEPRECATED const unsigned int AlignedBit = 0x80;
      |                                     ^~~~~~~~~~
/home/zlw/End2End/ORB_SLAM3/Thirdparty/g2o/g2o/types/../core/base_binary_edge.h: In instantiation of ‘class g2o::BaseBinaryEdge<2, Eigen::Matrix<double, 2, 1>, g2o::VertexSBAPointXYZ, g2o::VertexSE3Expmap>’:
/home/zlw/End2End/ORB_SLAM3/Thirdparty/g2o/g2o/types/types_six_dof_expmap.h:114:35:   required from here
/home/zlw/End2End/ORB_SLAM3/Thirdparty/g2o/g2o/types/../core/base_binary_edge.h:59:80: warning: ‘Eigen::AlignedBit’ is deprecated [-Wdeprecated-declarations]
   59 |       typedef Eigen::Map<Matrix<double, Di, Dj>, Matrix<double, Di, Dj>::Flags & AlignedBit ? Aligned : Unaligned > HessianBlockType;
      |                                                                          ~~~~~~^~~~~~~~~~~~
/usr/include/eigen3/Eigen/src/Core/util/Constants.h:167:37: note: declared here
  167 | EIGEN_DEPRECATED const unsigned int AlignedBit = 0x80;
      |                                     ^~~~~~~~~~
/home/zlw/End2End/ORB_SLAM3/Thirdparty/g2o/g2o/types/../core/base_binary_edge.h:60:80: warning: ‘Eigen::AlignedBit’ is deprecated [-Wdeprecated-declarations]
   60 |       typedef Eigen::Map<Matrix<double, Dj, Di>, Matrix<double, Dj, Di>::Flags & AlignedBit ? Aligned : Unaligned > HessianBlockTransposedType;
      |                                                                          ~~~~~~^~~~~~~~~~~~
/usr/include/eigen3/Eigen/src/Core/util/Constants.h:167:37: note: declared here
  167 | EIGEN_DEPRECATED const unsigned int AlignedBit = 0x80;
      |                                     ^~~~~~~~~~
/home/zlw/End2End/ORB_SLAM3/Thirdparty/g2o/g2o/types/../core/base_binary_edge.h: In instantiation of ‘class g2o::BaseBinaryEdge<3, Eigen::Matrix<double, 3, 1>, g2o::VertexSBAPointXYZ, g2o::VertexSE3Expmap>’:
/home/zlw/End2End/ORB_SLAM3/Thirdparty/g2o/g2o/types/types_six_dof_expmap.h:146:41:   required from here
/home/zlw/End2End/ORB_SLAM3/Thirdparty/g2o/g2o/types/../core/base_binary_edge.h:59:80: warning: ‘Eigen::AlignedBit’ is deprecated [-Wdeprecated-declarations]
   59 |       typedef Eigen::Map<Matrix<double, Di, Dj>, Matrix<double, Di, Dj>::Flags & AlignedBit ? Aligned : Unaligned > HessianBlockType;
      |                                                                          ~~~~~~^~~~~~~~~~~~
/usr/include/eigen3/Eigen/src/Core/util/Constants.h:167:37: note: declared here
  167 | EIGEN_DEPRECATED const unsigned int AlignedBit = 0x80;
      |                                     ^~~~~~~~~~
/home/zlw/End2End/ORB_SLAM3/Thirdparty/g2o/g2o/types/../core/base_binary_edge.h:60:80: warning: ‘Eigen::AlignedBit’ is deprecated [-Wdeprecated-declarations]
   60 |       typedef Eigen::Map<Matrix<double, Dj, Di>, Matrix<double, Dj, Di>::Flags & AlignedBit ? Aligned : Unaligned > HessianBlockTransposedType;
      |                                                                          ~~~~~~^~~~~~~~~~~~
/usr/include/eigen3/Eigen/src/Core/util/Constants.h:167:37: note: declared here
  167 | EIGEN_DEPRECATED const unsigned int AlignedBit = 0x80;
      |                                     ^~~~~~~~~~
/home/zlw/End2End/ORB_SLAM3/Thirdparty/g2o/g2o/types/../core/base_vertex.h: In instantiation of ‘class g2o::BaseVertex<7, g2o::Sim3>’:
/home/zlw/End2End/ORB_SLAM3/Thirdparty/g2o/g2o/types/types_seven_dof_expmap.h:48:35:   required from here
/home/zlw/End2End/ORB_SLAM3/Thirdparty/g2o/g2o/types/../core/base_vertex.h:62:72: warning: ‘Eigen::AlignedBit’ is deprecated [-Wdeprecated-declarations]
   62 |     typedef Eigen::Map<Matrix<double, D, D>, Matrix<double,D,D>::Flags & AlignedBit ? Aligned : Unaligned >  HessianBlockType;
      |                                                                  ~~~~~~^~~~~~~~~~~~
/usr/include/eigen3/Eigen/src/Core/util/Constants.h:167:37: note: declared here
  167 | EIGEN_DEPRECATED const unsigned int AlignedBit = 0x80;
      |                                     ^~~~~~~~~~
/home/zlw/End2End/ORB_SLAM3/Thirdparty/g2o/g2o/types/../core/base_binary_edge.h: In instantiation of ‘class g2o::BaseBinaryEdge<7, g2o::Sim3, g2o::VertexSim3Expmap, g2o::VertexSim3Expmap>’:
/home/zlw/End2End/ORB_SLAM3/Thirdparty/g2o/g2o/types/types_seven_dof_expmap.h:99:27:   required from here
/home/zlw/End2End/ORB_SLAM3/Thirdparty/g2o/g2o/types/../core/base_binary_edge.h:59:80: warning: ‘Eigen::AlignedBit’ is deprecated [-Wdeprecated-declarations]
   59 |       typedef Eigen::Map<Matrix<double, Di, Dj>, Matrix<double, Di, Dj>::Flags & AlignedBit ? Aligned : Unaligned > HessianBlockType;
      |                                                                          ~~~~~~^~~~~~~~~~~~
/usr/include/eigen3/Eigen/src/Core/util/Constants.h:167:37: note: declared here
  167 | EIGEN_DEPRECATED const unsigned int AlignedBit = 0x80;
      |                                     ^~~~~~~~~~
/home/zlw/End2End/ORB_SLAM3/Thirdparty/g2o/g2o/types/../core/base_binary_edge.h:60:80: warning: ‘Eigen::AlignedBit’ is deprecated [-Wdeprecated-declarations]
   60 |       typedef Eigen::Map<Matrix<double, Dj, Di>, Matrix<double, Dj, Di>::Flags & AlignedBit ? Aligned : Unaligned > HessianBlockTransposedType;
      |                                                                          ~~~~~~^~~~~~~~~~~~
/usr/include/eigen3/Eigen/src/Core/util/Constants.h:167:37: note: declared here
  167 | EIGEN_DEPRECATED const unsigned int AlignedBit = 0x80;
      |                                     ^~~~~~~~~~
/home/zlw/End2End/ORB_SLAM3/Thirdparty/g2o/g2o/types/../core/base_binary_edge.h: In instantiation of ‘class g2o::BaseBinaryEdge<2, Eigen::Matrix<double, 2, 1>, g2o::VertexSBAPointXYZ, g2o::VertexSim3Expmap>’:
/home/zlw/End2End/ORB_SLAM3/Thirdparty/g2o/g2o/types/types_seven_dof_expmap.h:130:36:   required from here
/home/zlw/End2End/ORB_SLAM3/Thirdparty/g2o/g2o/types/../core/base_binary_edge.h:59:80: warning: ‘Eigen::AlignedBit’ is deprecated [-Wdeprecated-declarations]
   59 |       typedef Eigen::Map<Matrix<double, Di, Dj>, Matrix<double, Di, Dj>::Flags & AlignedBit ? Aligned : Unaligned > HessianBlockType;
      |                                                                          ~~~~~~^~~~~~~~~~~~
/usr/include/eigen3/Eigen/src/Core/util/Constants.h:167:37: note: declared here
  167 | EIGEN_DEPRECATED const unsigned int AlignedBit = 0x80;
      |                                     ^~~~~~~~~~
/home/zlw/End2End/ORB_SLAM3/Thirdparty/g2o/g2o/types/../core/base_binary_edge.h:60:80: warning: ‘Eigen::AlignedBit’ is deprecated [-Wdeprecated-declarations]
   60 |       typedef Eigen::Map<Matrix<double, Dj, Di>, Matrix<double, Dj, Di>::Flags & AlignedBit ? Aligned : Unaligned > HessianBlockTransposedType;
      |                                                                          ~~~~~~^~~~~~~~~~~~
/usr/include/eigen3/Eigen/src/Core/util/Constants.h:167:37: note: declared here
  167 | EIGEN_DEPRECATED const unsigned int AlignedBit = 0x80;
      |                                     ^~~~~~~~~~
/home/zlw/End2End/ORB_SLAM3/src/KeyFrameDatabase.cc: In member function ‘void ORB_SLAM3::KeyFrameDatabase::DetectNBestCandidates(ORB_SLAM3::KeyFrame*, std::vector<ORB_SLAM3::KeyFrame*>&, std::vector<ORB_SLAM3::KeyFrame*>&, int)’:
/home/zlw/End2End/ORB_SLAM3/src/KeyFrameDatabase.cc:709:13: warning: comparison of integer expressions of different signedness: ‘int’ and ‘std::__cxx11::list<std::pair<float, ORB_SLAM3::KeyFrame*> >::size_type’ {aka ‘long unsigned int’} [-Wsign-compare]
  709 |     while(i < lAccScoreAndMatch.size() && (vpLoopCand.size() < nNumCandidates || vpMergeCand.size() < nNumCandidates))
      |           ~~^~~~~~~~~~~~~~~~~~~~~~~~~~
/home/zlw/End2End/ORB_SLAM3/src/KeyFrameDatabase.cc:709:62: warning: comparison of integer expressions of different signedness: ‘std::vector<ORB_SLAM3::KeyFrame*>::size_type’ {aka ‘long unsigned int’} and ‘int’ [-Wsign-compare]
  709 |     while(i < lAccScoreAndMatch.size() && (vpLoopCand.size() < nNumCandidates || vpMergeCand.size() < nNumCandidates))
      |                                            ~~~~~~~~~~~~~~~~~~^~~~~~~~~~~~~~~~
/home/zlw/End2End/ORB_SLAM3/src/KeyFrameDatabase.cc:709:101: warning: comparison of integer expressions of different signedness: ‘std::vector<ORB_SLAM3::KeyFrame*>::size_type’ {aka ‘long unsigned int’} and ‘int’ [-Wsign-compare]
  709 |     while(i < lAccScoreAndMatch.size() && (vpLoopCand.size() < nNumCandidates || vpMergeCand.size() < nNumCandidates))
      |                                                                                  ~~~~~~~~~~~~~~~~~~~^~~~~~~~~~~~~~~~
/home/zlw/End2End/ORB_SLAM3/src/KeyFrameDatabase.cc:717:69: warning: comparison of integer expressions of different signedness: ‘std::vector<ORB_SLAM3::KeyFrame*>::size_type’ {aka ‘long unsigned int’} and ‘int’ [-Wsign-compare]
  717 |             if(pKF->GetMap() == pKFi->GetMap() && vpLoopCand.size() < nNumCandidates)
      |                                                   ~~~~~~~~~~~~~~~~~~^~~~~~~~~~~~~~~~
/home/zlw/End2End/ORB_SLAM3/src/KeyFrameDatabase.cc:721:75: warning: comparison of integer expressions of different signedness: ‘std::vector<ORB_SLAM3::KeyFrame*>::size_type’ {aka ‘long unsigned int’} and ‘int’ [-Wsign-compare]
  721 |             else if(pKF->GetMap() != pKFi->GetMap() && vpMergeCand.size() < nNumCandidates && !pKFi->GetMap()->IsBad())
      |                                                        ~~~~~~~~~~~~~~~~~~~^~~~~~~~~~~~~~~~
[ 42%] Building CXX object CMakeFiles/ORB_SLAM3_h15_f120_o8_purevis.dir/src/Sim3Solver.cc.o
In file included from /home/zlw/End2End/ORB_SLAM3/include/Frame.h:30,
                 from /home/zlw/End2End/ORB_SLAM3/include/MapPoint.h:24,
                 from /home/zlw/End2End/ORB_SLAM3/include/KeyFrame.h:23,
                 from /home/zlw/End2End/ORB_SLAM3/include/Sim3Solver.h:26,
                 from /home/zlw/End2End/ORB_SLAM3/src/Sim3Solver.cc:20:
/home/zlw/End2End/ORB_SLAM3/include/ImuTypes.h: In member function ‘void ORB_SLAM3::IMU::Preintegrated::printMeasurements() const’:
/home/zlw/End2End/ORB_SLAM3/include/ImuTypes.h:204:23: warning: comparison of integer expressions of different signedness: ‘int’ and ‘std::vector<ORB_SLAM3::IMU::Preintegrated::integrable>::size_type’ {aka ‘long unsigned int’} [-Wsign-compare]
  204 |         for(int i=0; i<mvMeasurements.size(); i++){
      |                      ~^~~~~~~~~~~~~~~~~~~~~~
In file included from /home/zlw/End2End/ORB_SLAM3/Thirdparty/DBoW2/DBoW2/FORB.h:17,
                 from /home/zlw/End2End/ORB_SLAM3/include/ORBVocabulary.h:23,
                 from /home/zlw/End2End/ORB_SLAM3/include/Frame.h:31:
/home/zlw/End2End/ORB_SLAM3/Thirdparty/DBoW2/DBoW2/FClass.h: At global scope:
/home/zlw/End2End/ORB_SLAM3/Thirdparty/DBoW2/DBoW2/FClass.h:35:16: warning: ‘virtual void DBoW2::FClass::meanValue(const std::vector<const TDescriptor*>&, TDescriptor&)’ was hidden [-Woverloaded-virtual=]
   35 |   virtual void meanValue(const std::vector<pDescriptor> &descriptors,
      |                ^~~~~~~~~
/home/zlw/End2End/ORB_SLAM3/Thirdparty/DBoW2/DBoW2/FORB.h:38:15: note:   by ‘static void DBoW2::FORB::meanValue(const std::vector<const cv::Mat*>&, TDescriptor&)’
   38 |   static void meanValue(const std::vector<pDescriptor> &descriptors,
      |               ^~~~~~~~~
In file included from /home/zlw/End2End/ORB_SLAM3/Thirdparty/g2o/g2o/types/types_six_dof_expmap.h:37,
                 from /home/zlw/End2End/ORB_SLAM3/include/Converter.h:26,
                 from /home/zlw/End2End/ORB_SLAM3/include/Frame.h:33:
/home/zlw/End2End/ORB_SLAM3/Thirdparty/g2o/g2o/types/../core/base_vertex.h:62:74: warning: ‘Eigen::AlignedBit’ is deprecated [-Wdeprecated-declarations]
   62 |     typedef Eigen::Map<Matrix<double, D, D>, Matrix<double,D,D>::Flags & AlignedBit ? Aligned : Unaligned >  HessianBlockType;
      |                                                                          ^~~~~~~~~~
In file included from /usr/include/eigen3/Eigen/Core:161,
                 from /usr/include/eigen3/Eigen/LU:11,
                 from /home/zlw/End2End/ORB_SLAM3/Thirdparty/Sophus/sophus/so2.hpp:12,
                 from /home/zlw/End2End/ORB_SLAM3/Thirdparty/Sophus/sophus/se2.hpp:7,
                 from /home/zlw/End2End/ORB_SLAM3/Thirdparty/Sophus/sophus/geometry.hpp:7,
                 from /home/zlw/End2End/ORB_SLAM3/include/Frame.h:28:
/usr/include/eigen3/Eigen/src/Core/util/Constants.h:167:37: note: declared here
  167 | EIGEN_DEPRECATED const unsigned int AlignedBit = 0x80;
      |                                     ^~~~~~~~~~
In file included from /home/zlw/End2End/ORB_SLAM3/Thirdparty/g2o/g2o/types/types_six_dof_expmap.h:38:
/home/zlw/End2End/ORB_SLAM3/Thirdparty/g2o/g2o/types/../core/base_binary_edge.h:59:82: warning: ‘Eigen::AlignedBit’ is deprecated [-Wdeprecated-declarations]
   59 |       typedef Eigen::Map<Matrix<double, Di, Dj>, Matrix<double, Di, Dj>::Flags & AlignedBit ? Aligned : Unaligned > HessianBlockType;
      |                                                                                  ^~~~~~~~~~
/usr/include/eigen3/Eigen/src/Core/util/Constants.h:167:37: note: declared here
  167 | EIGEN_DEPRECATED const unsigned int AlignedBit = 0x80;
      |                                     ^~~~~~~~~~
/home/zlw/End2End/ORB_SLAM3/Thirdparty/g2o/g2o/types/../core/base_binary_edge.h:60:82: warning: ‘Eigen::AlignedBit’ is deprecated [-Wdeprecated-declarations]
   60 |       typedef Eigen::Map<Matrix<double, Dj, Di>, Matrix<double, Dj, Di>::Flags & AlignedBit ? Aligned : Unaligned > HessianBlockTransposedType;
      |                                                                                  ^~~~~~~~~~
/usr/include/eigen3/Eigen/src/Core/util/Constants.h:167:37: note: declared here
  167 | EIGEN_DEPRECATED const unsigned int AlignedBit = 0x80;
      |                                     ^~~~~~~~~~
/home/zlw/End2End/ORB_SLAM3/Thirdparty/g2o/g2o/types/../core/base_vertex.h: In instantiation of ‘class g2o::BaseVertex<3, Eigen::Matrix<double, 3, 1> >’:
/home/zlw/End2End/ORB_SLAM3/Thirdparty/g2o/g2o/types/types_sba.h:40:35:   required from here
/home/zlw/End2End/ORB_SLAM3/Thirdparty/g2o/g2o/types/../core/base_vertex.h:62:72: warning: ‘Eigen::AlignedBit’ is deprecated [-Wdeprecated-declarations]
   62 |     typedef Eigen::Map<Matrix<double, D, D>, Matrix<double,D,D>::Flags & AlignedBit ? Aligned : Unaligned >  HessianBlockType;
      |                                                                  ~~~~~~^~~~~~~~~~~~
/usr/include/eigen3/Eigen/src/Core/util/Constants.h:167:37: note: declared here
  167 | EIGEN_DEPRECATED const unsigned int AlignedBit = 0x80;
      |                                     ^~~~~~~~~~
/home/zlw/End2End/ORB_SLAM3/Thirdparty/g2o/g2o/types/../core/base_vertex.h: In instantiation of ‘class g2o::BaseVertex<6, g2o::SE3Quat>’:
/home/zlw/End2End/ORB_SLAM3/Thirdparty/g2o/g2o/types/types_six_dof_expmap.h:59:33:   required from here
/home/zlw/End2End/ORB_SLAM3/Thirdparty/g2o/g2o/types/../core/base_vertex.h:62:72: warning: ‘Eigen::AlignedBit’ is deprecated [-Wdeprecated-declarations]
   62 |     typedef Eigen::Map<Matrix<double, D, D>, Matrix<double,D,D>::Flags & AlignedBit ? Aligned : Unaligned >  HessianBlockType;
      |                                                                  ~~~~~~^~~~~~~~~~~~
/usr/include/eigen3/Eigen/src/Core/util/Constants.h:167:37: note: declared here
  167 | EIGEN_DEPRECATED const unsigned int AlignedBit = 0x80;
      |                                     ^~~~~~~~~~
/home/zlw/End2End/ORB_SLAM3/Thirdparty/g2o/g2o/types/../core/base_binary_edge.h: In instantiation of ‘class g2o::BaseBinaryEdge<6, g2o::SE3Quat, g2o::VertexSE3Expmap, g2o::VertexSE3Expmap>’:
/home/zlw/End2End/ORB_SLAM3/Thirdparty/g2o/g2o/types/types_six_dof_expmap.h:83:24:   required from here
/home/zlw/End2End/ORB_SLAM3/Thirdparty/g2o/g2o/types/../core/base_binary_edge.h:59:80: warning: ‘Eigen::AlignedBit’ is deprecated [-Wdeprecated-declarations]
   59 |       typedef Eigen::Map<Matrix<double, Di, Dj>, Matrix<double, Di, Dj>::Flags & AlignedBit ? Aligned : Unaligned > HessianBlockType;
      |                                                                          ~~~~~~^~~~~~~~~~~~
/usr/include/eigen3/Eigen/src/Core/util/Constants.h:167:37: note: declared here
  167 | EIGEN_DEPRECATED const unsigned int AlignedBit = 0x80;
      |                                     ^~~~~~~~~~
/home/zlw/End2End/ORB_SLAM3/Thirdparty/g2o/g2o/types/../core/base_binary_edge.h:60:80: warning: ‘Eigen::AlignedBit’ is deprecated [-Wdeprecated-declarations]
   60 |       typedef Eigen::Map<Matrix<double, Dj, Di>, Matrix<double, Dj, Di>::Flags & AlignedBit ? Aligned : Unaligned > HessianBlockTransposedType;
      |                                                                          ~~~~~~^~~~~~~~~~~~
/usr/include/eigen3/Eigen/src/Core/util/Constants.h:167:37: note: declared here
  167 | EIGEN_DEPRECATED const unsigned int AlignedBit = 0x80;
      |                                     ^~~~~~~~~~
/home/zlw/End2End/ORB_SLAM3/Thirdparty/g2o/g2o/types/../core/base_binary_edge.h: In instantiation of ‘class g2o::BaseBinaryEdge<2, Eigen::Matrix<double, 2, 1>, g2o::VertexSBAPointXYZ, g2o::VertexSE3Expmap>’:
/home/zlw/End2End/ORB_SLAM3/Thirdparty/g2o/g2o/types/types_six_dof_expmap.h:114:35:   required from here
/home/zlw/End2End/ORB_SLAM3/Thirdparty/g2o/g2o/types/../core/base_binary_edge.h:59:80: warning: ‘Eigen::AlignedBit’ is deprecated [-Wdeprecated-declarations]
   59 |       typedef Eigen::Map<Matrix<double, Di, Dj>, Matrix<double, Di, Dj>::Flags & AlignedBit ? Aligned : Unaligned > HessianBlockType;
      |                                                                          ~~~~~~^~~~~~~~~~~~
/usr/include/eigen3/Eigen/src/Core/util/Constants.h:167:37: note: declared here
  167 | EIGEN_DEPRECATED const unsigned int AlignedBit = 0x80;
      |                                     ^~~~~~~~~~
/home/zlw/End2End/ORB_SLAM3/Thirdparty/g2o/g2o/types/../core/base_binary_edge.h:60:80: warning: ‘Eigen::AlignedBit’ is deprecated [-Wdeprecated-declarations]
   60 |       typedef Eigen::Map<Matrix<double, Dj, Di>, Matrix<double, Dj, Di>::Flags & AlignedBit ? Aligned : Unaligned > HessianBlockTransposedType;
      |                                                                          ~~~~~~^~~~~~~~~~~~
/usr/include/eigen3/Eigen/src/Core/util/Constants.h:167:37: note: declared here
  167 | EIGEN_DEPRECATED const unsigned int AlignedBit = 0x80;
      |                                     ^~~~~~~~~~
/home/zlw/End2End/ORB_SLAM3/Thirdparty/g2o/g2o/types/../core/base_binary_edge.h: In instantiation of ‘class g2o::BaseBinaryEdge<3, Eigen::Matrix<double, 3, 1>, g2o::VertexSBAPointXYZ, g2o::VertexSE3Expmap>’:
/home/zlw/End2End/ORB_SLAM3/Thirdparty/g2o/g2o/types/types_six_dof_expmap.h:146:41:   required from here
/home/zlw/End2End/ORB_SLAM3/Thirdparty/g2o/g2o/types/../core/base_binary_edge.h:59:80: warning: ‘Eigen::AlignedBit’ is deprecated [-Wdeprecated-declarations]
   59 |       typedef Eigen::Map<Matrix<double, Di, Dj>, Matrix<double, Di, Dj>::Flags & AlignedBit ? Aligned : Unaligned > HessianBlockType;
      |                                                                          ~~~~~~^~~~~~~~~~~~
/usr/include/eigen3/Eigen/src/Core/util/Constants.h:167:37: note: declared here
  167 | EIGEN_DEPRECATED const unsigned int AlignedBit = 0x80;
      |                                     ^~~~~~~~~~
/home/zlw/End2End/ORB_SLAM3/Thirdparty/g2o/g2o/types/../core/base_binary_edge.h:60:80: warning: ‘Eigen::AlignedBit’ is deprecated [-Wdeprecated-declarations]
   60 |       typedef Eigen::Map<Matrix<double, Dj, Di>, Matrix<double, Dj, Di>::Flags & AlignedBit ? Aligned : Unaligned > HessianBlockTransposedType;
      |                                                                          ~~~~~~^~~~~~~~~~~~
/usr/include/eigen3/Eigen/src/Core/util/Constants.h:167:37: note: declared here
  167 | EIGEN_DEPRECATED const unsigned int AlignedBit = 0x80;
      |                                     ^~~~~~~~~~
/home/zlw/End2End/ORB_SLAM3/Thirdparty/g2o/g2o/types/../core/base_vertex.h: In instantiation of ‘class g2o::BaseVertex<7, g2o::Sim3>’:
/home/zlw/End2End/ORB_SLAM3/Thirdparty/g2o/g2o/types/types_seven_dof_expmap.h:48:35:   required from here
/home/zlw/End2End/ORB_SLAM3/Thirdparty/g2o/g2o/types/../core/base_vertex.h:62:72: warning: ‘Eigen::AlignedBit’ is deprecated [-Wdeprecated-declarations]
   62 |     typedef Eigen::Map<Matrix<double, D, D>, Matrix<double,D,D>::Flags & AlignedBit ? Aligned : Unaligned >  HessianBlockType;
      |                                                                  ~~~~~~^~~~~~~~~~~~
/usr/include/eigen3/Eigen/src/Core/util/Constants.h:167:37: note: declared here
  167 | EIGEN_DEPRECATED const unsigned int AlignedBit = 0x80;
      |                                     ^~~~~~~~~~
/home/zlw/End2End/ORB_SLAM3/Thirdparty/g2o/g2o/types/../core/base_binary_edge.h: In instantiation of ‘class g2o::BaseBinaryEdge<7, g2o::Sim3, g2o::VertexSim3Expmap, g2o::VertexSim3Expmap>’:
/home/zlw/End2End/ORB_SLAM3/Thirdparty/g2o/g2o/types/types_seven_dof_expmap.h:99:27:   required from here
/home/zlw/End2End/ORB_SLAM3/Thirdparty/g2o/g2o/types/../core/base_binary_edge.h:59:80: warning: ‘Eigen::AlignedBit’ is deprecated [-Wdeprecated-declarations]
   59 |       typedef Eigen::Map<Matrix<double, Di, Dj>, Matrix<double, Di, Dj>::Flags & AlignedBit ? Aligned : Unaligned > HessianBlockType;
      |                                                                          ~~~~~~^~~~~~~~~~~~
/usr/include/eigen3/Eigen/src/Core/util/Constants.h:167:37: note: declared here
  167 | EIGEN_DEPRECATED const unsigned int AlignedBit = 0x80;
      |                                     ^~~~~~~~~~
/home/zlw/End2End/ORB_SLAM3/Thirdparty/g2o/g2o/types/../core/base_binary_edge.h:60:80: warning: ‘Eigen::AlignedBit’ is deprecated [-Wdeprecated-declarations]
   60 |       typedef Eigen::Map<Matrix<double, Dj, Di>, Matrix<double, Dj, Di>::Flags & AlignedBit ? Aligned : Unaligned > HessianBlockTransposedType;
      |                                                                          ~~~~~~^~~~~~~~~~~~
/usr/include/eigen3/Eigen/src/Core/util/Constants.h:167:37: note: declared here
  167 | EIGEN_DEPRECATED const unsigned int AlignedBit = 0x80;
      |                                     ^~~~~~~~~~
/home/zlw/End2End/ORB_SLAM3/Thirdparty/g2o/g2o/types/../core/base_binary_edge.h: In instantiation of ‘class g2o::BaseBinaryEdge<2, Eigen::Matrix<double, 2, 1>, g2o::VertexSBAPointXYZ, g2o::VertexSim3Expmap>’:
/home/zlw/End2End/ORB_SLAM3/Thirdparty/g2o/g2o/types/types_seven_dof_expmap.h:130:36:   required from here
/home/zlw/End2End/ORB_SLAM3/Thirdparty/g2o/g2o/types/../core/base_binary_edge.h:59:80: warning: ‘Eigen::AlignedBit’ is deprecated [-Wdeprecated-declarations]
   59 |       typedef Eigen::Map<Matrix<double, Di, Dj>, Matrix<double, Di, Dj>::Flags & AlignedBit ? Aligned : Unaligned > HessianBlockType;
      |                                                                          ~~~~~~^~~~~~~~~~~~
/usr/include/eigen3/Eigen/src/Core/util/Constants.h:167:37: note: declared here
  167 | EIGEN_DEPRECATED const unsigned int AlignedBit = 0x80;
      |                                     ^~~~~~~~~~
/home/zlw/End2End/ORB_SLAM3/Thirdparty/g2o/g2o/types/../core/base_binary_edge.h:60:80: warning: ‘Eigen::AlignedBit’ is deprecated [-Wdeprecated-declarations]
   60 |       typedef Eigen::Map<Matrix<double, Dj, Di>, Matrix<double, Dj, Di>::Flags & AlignedBit ? Aligned : Unaligned > HessianBlockTransposedType;
      |                                                                          ~~~~~~^~~~~~~~~~~~
/usr/include/eigen3/Eigen/src/Core/util/Constants.h:167:37: note: declared here
  167 | EIGEN_DEPRECATED const unsigned int AlignedBit = 0x80;
      |                                     ^~~~~~~~~~
[ 42%] Building CXX object CMakeFiles/ORB_SLAM3_h15_f120_o8_purevis.dir/src/Viewer.cc.o
In file included from /home/zlw/End2End/ORB_SLAM3/Thirdparty/DBoW2/DBoW2/FORB.h:17,
                 from /home/zlw/End2End/ORB_SLAM3/include/ORBVocabulary.h:23,
                 from /home/zlw/End2End/ORB_SLAM3/include/KeyFrame.h:26,
                 from /home/zlw/End2End/ORB_SLAM3/include/MapPoint.h:23,
                 from /home/zlw/End2End/ORB_SLAM3/include/Map.h:23,
                 from /home/zlw/End2End/ORB_SLAM3/include/Atlas.h:22,
                 from /home/zlw/End2End/ORB_SLAM3/include/Tracking.h:28,
                 from /home/zlw/End2End/ORB_SLAM3/include/FrameDrawer.h:23,
                 from /home/zlw/End2End/ORB_SLAM3/include/Viewer.h:23,
                 from /home/zlw/End2End/ORB_SLAM3/src/Viewer.cc:20:
/home/zlw/End2End/ORB_SLAM3/Thirdparty/DBoW2/DBoW2/FClass.h:35:16: warning: ‘virtual void DBoW2::FClass::meanValue(const std::vector<const TDescriptor*>&, TDescriptor&)’ was hidden [-Woverloaded-virtual=]
   35 |   virtual void meanValue(const std::vector<pDescriptor> &descriptors,
      |                ^~~~~~~~~
/home/zlw/End2End/ORB_SLAM3/Thirdparty/DBoW2/DBoW2/FORB.h:38:15: note:   by ‘static void DBoW2::FORB::meanValue(const std::vector<const cv::Mat*>&, TDescriptor&)’
   38 |   static void meanValue(const std::vector<pDescriptor> &descriptors,
      |               ^~~~~~~~~
In file included from /home/zlw/End2End/ORB_SLAM3/include/Frame.h:30,
                 from /home/zlw/End2End/ORB_SLAM3/include/KeyFrame.h:28:
/home/zlw/End2End/ORB_SLAM3/include/ImuTypes.h: In member function ‘void ORB_SLAM3::IMU::Preintegrated::printMeasurements() const’:
/home/zlw/End2End/ORB_SLAM3/include/ImuTypes.h:204:23: warning: comparison of integer expressions of different signedness: ‘int’ and ‘std::vector<ORB_SLAM3::IMU::Preintegrated::integrable>::size_type’ {aka ‘long unsigned int’} [-Wsign-compare]
  204 |         for(int i=0; i<mvMeasurements.size(); i++){
      |                      ~^~~~~~~~~~~~~~~~~~~~~~
In file included from /home/zlw/End2End/ORB_SLAM3/Thirdparty/g2o/g2o/types/types_six_dof_expmap.h:37,
                 from /home/zlw/End2End/ORB_SLAM3/include/Converter.h:26,
                 from /home/zlw/End2End/ORB_SLAM3/include/Frame.h:33:
/home/zlw/End2End/ORB_SLAM3/Thirdparty/g2o/g2o/types/../core/base_vertex.h: At global scope:
/home/zlw/End2End/ORB_SLAM3/Thirdparty/g2o/g2o/types/../core/base_vertex.h:62:74: warning: ‘Eigen::AlignedBit’ is deprecated [-Wdeprecated-declarations]
   62 |     typedef Eigen::Map<Matrix<double, D, D>, Matrix<double,D,D>::Flags & AlignedBit ? Aligned : Unaligned >  HessianBlockType;
      |                                                                          ^~~~~~~~~~
In file included from /usr/include/eigen3/Eigen/Core:161,
                 from /usr/include/eigen3/Eigen/LU:11,
                 from /home/zlw/End2End/ORB_SLAM3/Thirdparty/Sophus/sophus/so2.hpp:12,
                 from /home/zlw/End2End/ORB_SLAM3/Thirdparty/Sophus/sophus/se2.hpp:7,
                 from /home/zlw/End2End/ORB_SLAM3/Thirdparty/Sophus/sophus/geometry.hpp:7,
                 from /home/zlw/End2End/ORB_SLAM3/include/Frame.h:28:
/usr/include/eigen3/Eigen/src/Core/util/Constants.h:167:37: note: declared here
  167 | EIGEN_DEPRECATED const unsigned int AlignedBit = 0x80;
      |                                     ^~~~~~~~~~
In file included from /home/zlw/End2End/ORB_SLAM3/Thirdparty/g2o/g2o/types/types_six_dof_expmap.h:38:
/home/zlw/End2End/ORB_SLAM3/Thirdparty/g2o/g2o/types/../core/base_binary_edge.h:59:82: warning: ‘Eigen::AlignedBit’ is deprecated [-Wdeprecated-declarations]
   59 |       typedef Eigen::Map<Matrix<double, Di, Dj>, Matrix<double, Di, Dj>::Flags & AlignedBit ? Aligned : Unaligned > HessianBlockType;
      |                                                                                  ^~~~~~~~~~
/usr/include/eigen3/Eigen/src/Core/util/Constants.h:167:37: note: declared here
  167 | EIGEN_DEPRECATED const unsigned int AlignedBit = 0x80;
      |                                     ^~~~~~~~~~
/home/zlw/End2End/ORB_SLAM3/Thirdparty/g2o/g2o/types/../core/base_binary_edge.h:60:82: warning: ‘Eigen::AlignedBit’ is deprecated [-Wdeprecated-declarations]
   60 |       typedef Eigen::Map<Matrix<double, Dj, Di>, Matrix<double, Dj, Di>::Flags & AlignedBit ? Aligned : Unaligned > HessianBlockTransposedType;
      |                                                                                  ^~~~~~~~~~
/usr/include/eigen3/Eigen/src/Core/util/Constants.h:167:37: note: declared here
  167 | EIGEN_DEPRECATED const unsigned int AlignedBit = 0x80;
      |                                     ^~~~~~~~~~
/home/zlw/End2End/ORB_SLAM3/Thirdparty/g2o/g2o/types/../core/base_vertex.h: In instantiation of ‘class g2o::BaseVertex<3, Eigen::Matrix<double, 3, 1> >’:
/home/zlw/End2End/ORB_SLAM3/Thirdparty/g2o/g2o/types/types_sba.h:40:35:   required from here
/home/zlw/End2End/ORB_SLAM3/Thirdparty/g2o/g2o/types/../core/base_vertex.h:62:72: warning: ‘Eigen::AlignedBit’ is deprecated [-Wdeprecated-declarations]
   62 |     typedef Eigen::Map<Matrix<double, D, D>, Matrix<double,D,D>::Flags & AlignedBit ? Aligned : Unaligned >  HessianBlockType;
      |                                                                  ~~~~~~^~~~~~~~~~~~
/usr/include/eigen3/Eigen/src/Core/util/Constants.h:167:37: note: declared here
  167 | EIGEN_DEPRECATED const unsigned int AlignedBit = 0x80;
      |                                     ^~~~~~~~~~
/home/zlw/End2End/ORB_SLAM3/Thirdparty/g2o/g2o/types/../core/base_vertex.h: In instantiation of ‘class g2o::BaseVertex<6, g2o::SE3Quat>’:
/home/zlw/End2End/ORB_SLAM3/Thirdparty/g2o/g2o/types/types_six_dof_expmap.h:59:33:   required from here
/home/zlw/End2End/ORB_SLAM3/Thirdparty/g2o/g2o/types/../core/base_vertex.h:62:72: warning: ‘Eigen::AlignedBit’ is deprecated [-Wdeprecated-declarations]
   62 |     typedef Eigen::Map<Matrix<double, D, D>, Matrix<double,D,D>::Flags & AlignedBit ? Aligned : Unaligned >  HessianBlockType;
      |                                                                  ~~~~~~^~~~~~~~~~~~
/usr/include/eigen3/Eigen/src/Core/util/Constants.h:167:37: note: declared here
  167 | EIGEN_DEPRECATED const unsigned int AlignedBit = 0x80;
      |                                     ^~~~~~~~~~
/home/zlw/End2End/ORB_SLAM3/Thirdparty/g2o/g2o/types/../core/base_binary_edge.h: In instantiation of ‘class g2o::BaseBinaryEdge<6, g2o::SE3Quat, g2o::VertexSE3Expmap, g2o::VertexSE3Expmap>’:
/home/zlw/End2End/ORB_SLAM3/Thirdparty/g2o/g2o/types/types_six_dof_expmap.h:83:24:   required from here
/home/zlw/End2End/ORB_SLAM3/Thirdparty/g2o/g2o/types/../core/base_binary_edge.h:59:80: warning: ‘Eigen::AlignedBit’ is deprecated [-Wdeprecated-declarations]
   59 |       typedef Eigen::Map<Matrix<double, Di, Dj>, Matrix<double, Di, Dj>::Flags & AlignedBit ? Aligned : Unaligned > HessianBlockType;
      |                                                                          ~~~~~~^~~~~~~~~~~~
/usr/include/eigen3/Eigen/src/Core/util/Constants.h:167:37: note: declared here
  167 | EIGEN_DEPRECATED const unsigned int AlignedBit = 0x80;
      |                                     ^~~~~~~~~~
/home/zlw/End2End/ORB_SLAM3/Thirdparty/g2o/g2o/types/../core/base_binary_edge.h:60:80: warning: ‘Eigen::AlignedBit’ is deprecated [-Wdeprecated-declarations]
   60 |       typedef Eigen::Map<Matrix<double, Dj, Di>, Matrix<double, Dj, Di>::Flags & AlignedBit ? Aligned : Unaligned > HessianBlockTransposedType;
      |                                                                          ~~~~~~^~~~~~~~~~~~
/usr/include/eigen3/Eigen/src/Core/util/Constants.h:167:37: note: declared here
  167 | EIGEN_DEPRECATED const unsigned int AlignedBit = 0x80;
      |                                     ^~~~~~~~~~
/home/zlw/End2End/ORB_SLAM3/Thirdparty/g2o/g2o/types/../core/base_binary_edge.h: In instantiation of ‘class g2o::BaseBinaryEdge<2, Eigen::Matrix<double, 2, 1>, g2o::VertexSBAPointXYZ, g2o::VertexSE3Expmap>’:
/home/zlw/End2End/ORB_SLAM3/Thirdparty/g2o/g2o/types/types_six_dof_expmap.h:114:35:   required from here
/home/zlw/End2End/ORB_SLAM3/Thirdparty/g2o/g2o/types/../core/base_binary_edge.h:59:80: warning: ‘Eigen::AlignedBit’ is deprecated [-Wdeprecated-declarations]
   59 |       typedef Eigen::Map<Matrix<double, Di, Dj>, Matrix<double, Di, Dj>::Flags & AlignedBit ? Aligned : Unaligned > HessianBlockType;
      |                                                                          ~~~~~~^~~~~~~~~~~~
/usr/include/eigen3/Eigen/src/Core/util/Constants.h:167:37: note: declared here
  167 | EIGEN_DEPRECATED const unsigned int AlignedBit = 0x80;
      |                                     ^~~~~~~~~~
/home/zlw/End2End/ORB_SLAM3/Thirdparty/g2o/g2o/types/../core/base_binary_edge.h:60:80: warning: ‘Eigen::AlignedBit’ is deprecated [-Wdeprecated-declarations]
   60 |       typedef Eigen::Map<Matrix<double, Dj, Di>, Matrix<double, Dj, Di>::Flags & AlignedBit ? Aligned : Unaligned > HessianBlockTransposedType;
      |                                                                          ~~~~~~^~~~~~~~~~~~
/usr/include/eigen3/Eigen/src/Core/util/Constants.h:167:37: note: declared here
  167 | EIGEN_DEPRECATED const unsigned int AlignedBit = 0x80;
      |                                     ^~~~~~~~~~
/home/zlw/End2End/ORB_SLAM3/Thirdparty/g2o/g2o/types/../core/base_binary_edge.h: In instantiation of ‘class g2o::BaseBinaryEdge<3, Eigen::Matrix<double, 3, 1>, g2o::VertexSBAPointXYZ, g2o::VertexSE3Expmap>’:
/home/zlw/End2End/ORB_SLAM3/Thirdparty/g2o/g2o/types/types_six_dof_expmap.h:146:41:   required from here
/home/zlw/End2End/ORB_SLAM3/Thirdparty/g2o/g2o/types/../core/base_binary_edge.h:59:80: warning: ‘Eigen::AlignedBit’ is deprecated [-Wdeprecated-declarations]
   59 |       typedef Eigen::Map<Matrix<double, Di, Dj>, Matrix<double, Di, Dj>::Flags & AlignedBit ? Aligned : Unaligned > HessianBlockType;
      |                                                                          ~~~~~~^~~~~~~~~~~~
/usr/include/eigen3/Eigen/src/Core/util/Constants.h:167:37: note: declared here
  167 | EIGEN_DEPRECATED const unsigned int AlignedBit = 0x80;
      |                                     ^~~~~~~~~~
/home/zlw/End2End/ORB_SLAM3/Thirdparty/g2o/g2o/types/../core/base_binary_edge.h:60:80: warning: ‘Eigen::AlignedBit’ is deprecated [-Wdeprecated-declarations]
   60 |       typedef Eigen::Map<Matrix<double, Dj, Di>, Matrix<double, Dj, Di>::Flags & AlignedBit ? Aligned : Unaligned > HessianBlockTransposedType;
      |                                                                          ~~~~~~^~~~~~~~~~~~
/usr/include/eigen3/Eigen/src/Core/util/Constants.h:167:37: note: declared here
  167 | EIGEN_DEPRECATED const unsigned int AlignedBit = 0x80;
      |                                     ^~~~~~~~~~
/home/zlw/End2End/ORB_SLAM3/Thirdparty/g2o/g2o/types/../core/base_vertex.h: In instantiation of ‘class g2o::BaseVertex<7, g2o::Sim3>’:
/home/zlw/End2End/ORB_SLAM3/Thirdparty/g2o/g2o/types/types_seven_dof_expmap.h:48:35:   required from here
/home/zlw/End2End/ORB_SLAM3/Thirdparty/g2o/g2o/types/../core/base_vertex.h:62:72: warning: ‘Eigen::AlignedBit’ is deprecated [-Wdeprecated-declarations]
   62 |     typedef Eigen::Map<Matrix<double, D, D>, Matrix<double,D,D>::Flags & AlignedBit ? Aligned : Unaligned >  HessianBlockType;
      |                                                                  ~~~~~~^~~~~~~~~~~~
/usr/include/eigen3/Eigen/src/Core/util/Constants.h:167:37: note: declared here
  167 | EIGEN_DEPRECATED const unsigned int AlignedBit = 0x80;
      |                                     ^~~~~~~~~~
/home/zlw/End2End/ORB_SLAM3/Thirdparty/g2o/g2o/types/../core/base_binary_edge.h: In instantiation of ‘class g2o::BaseBinaryEdge<7, g2o::Sim3, g2o::VertexSim3Expmap, g2o::VertexSim3Expmap>’:
/home/zlw/End2End/ORB_SLAM3/Thirdparty/g2o/g2o/types/types_seven_dof_expmap.h:99:27:   required from here
/home/zlw/End2End/ORB_SLAM3/Thirdparty/g2o/g2o/types/../core/base_binary_edge.h:59:80: warning: ‘Eigen::AlignedBit’ is deprecated [-Wdeprecated-declarations]
   59 |       typedef Eigen::Map<Matrix<double, Di, Dj>, Matrix<double, Di, Dj>::Flags & AlignedBit ? Aligned : Unaligned > HessianBlockType;
      |                                                                          ~~~~~~^~~~~~~~~~~~
/usr/include/eigen3/Eigen/src/Core/util/Constants.h:167:37: note: declared here
  167 | EIGEN_DEPRECATED const unsigned int AlignedBit = 0x80;
      |                                     ^~~~~~~~~~
/home/zlw/End2End/ORB_SLAM3/Thirdparty/g2o/g2o/types/../core/base_binary_edge.h:60:80: warning: ‘Eigen::AlignedBit’ is deprecated [-Wdeprecated-declarations]
   60 |       typedef Eigen::Map<Matrix<double, Dj, Di>, Matrix<double, Dj, Di>::Flags & AlignedBit ? Aligned : Unaligned > HessianBlockTransposedType;
      |                                                                          ~~~~~~^~~~~~~~~~~~
/usr/include/eigen3/Eigen/src/Core/util/Constants.h:167:37: note: declared here
  167 | EIGEN_DEPRECATED const unsigned int AlignedBit = 0x80;
      |                                     ^~~~~~~~~~
/home/zlw/End2End/ORB_SLAM3/Thirdparty/g2o/g2o/types/../core/base_binary_edge.h: In instantiation of ‘class g2o::BaseBinaryEdge<2, Eigen::Matrix<double, 2, 1>, g2o::VertexSBAPointXYZ, g2o::VertexSim3Expmap>’:
/home/zlw/End2End/ORB_SLAM3/Thirdparty/g2o/g2o/types/types_seven_dof_expmap.h:130:36:   required from here
/home/zlw/End2End/ORB_SLAM3/Thirdparty/g2o/g2o/types/../core/base_binary_edge.h:59:80: warning: ‘Eigen::AlignedBit’ is deprecated [-Wdeprecated-declarations]
   59 |       typedef Eigen::Map<Matrix<double, Di, Dj>, Matrix<double, Di, Dj>::Flags & AlignedBit ? Aligned : Unaligned > HessianBlockType;
      |                                                                          ~~~~~~^~~~~~~~~~~~
/usr/include/eigen3/Eigen/src/Core/util/Constants.h:167:37: note: declared here
  167 | EIGEN_DEPRECATED const unsigned int AlignedBit = 0x80;
      |                                     ^~~~~~~~~~
/home/zlw/End2End/ORB_SLAM3/Thirdparty/g2o/g2o/types/../core/base_binary_edge.h:60:80: warning: ‘Eigen::AlignedBit’ is deprecated [-Wdeprecated-declarations]
   60 |       typedef Eigen::Map<Matrix<double, Dj, Di>, Matrix<double, Dj, Di>::Flags & AlignedBit ? Aligned : Unaligned > HessianBlockTransposedType;
      |                                                                          ~~~~~~^~~~~~~~~~~~
/usr/include/eigen3/Eigen/src/Core/util/Constants.h:167:37: note: declared here
  167 | EIGEN_DEPRECATED const unsigned int AlignedBit = 0x80;
      |                                     ^~~~~~~~~~
In file included from /home/zlw/End2End/ORB_SLAM3/include/Atlas.h:27:
/home/zlw/End2End/ORB_SLAM3/include/CameraModels/KannalaBrandt8.h: In constructor ‘ORB_SLAM3::KannalaBrandt8::KannalaBrandt8(std::vector<float>)’:
/home/zlw/End2End/ORB_SLAM3/include/CameraModels/KannalaBrandt8.h:102:21: warning: ‘ORB_SLAM3::KannalaBrandt8::precision’ will be initialized after [-Wreorder]
  102 |         const float precision;
      |                     ^~~~~~~~~
/home/zlw/End2End/ORB_SLAM3/include/CameraModels/KannalaBrandt8.h:88:26: warning:   ‘std::vector<int> ORB_SLAM3::KannalaBrandt8::mvLappingArea’ [-Wreorder]
   88 |         std::vector<int> mvLappingArea;
      |                          ^~~~~~~~~~~~~
/home/zlw/End2End/ORB_SLAM3/include/CameraModels/KannalaBrandt8.h:47:9: warning:   when initialized here [-Wreorder]
   47 |         KannalaBrandt8(const std::vector<float> _vParameters) : GeometricCamera(_vParameters), precision(1e-6), mvLappingArea(2,0) ,tvr(nullptr) {
      |         ^~~~~~~~~~~~~~
/home/zlw/End2End/ORB_SLAM3/include/CameraModels/KannalaBrandt8.h: In constructor ‘ORB_SLAM3::KannalaBrandt8::KannalaBrandt8(std::vector<float>, float)’:
/home/zlw/End2End/ORB_SLAM3/include/CameraModels/KannalaBrandt8.h:102:21: warning: ‘ORB_SLAM3::KannalaBrandt8::precision’ will be initialized after [-Wreorder]
  102 |         const float precision;
      |                     ^~~~~~~~~
/home/zlw/End2End/ORB_SLAM3/include/CameraModels/KannalaBrandt8.h:88:26: warning:   ‘std::vector<int> ORB_SLAM3::KannalaBrandt8::mvLappingArea’ [-Wreorder]
   88 |         std::vector<int> mvLappingArea;
      |                          ^~~~~~~~~~~~~
/home/zlw/End2End/ORB_SLAM3/include/CameraModels/KannalaBrandt8.h:53:9: warning:   when initialized here [-Wreorder]
   53 |         KannalaBrandt8(const std::vector<float> _vParameters, const float _precision) : GeometricCamera(_vParameters),
      |         ^~~~~~~~~~~~~~
/home/zlw/End2End/ORB_SLAM3/include/CameraModels/KannalaBrandt8.h: In constructor ‘ORB_SLAM3::KannalaBrandt8::KannalaBrandt8(ORB_SLAM3::KannalaBrandt8*)’:
/home/zlw/End2End/ORB_SLAM3/include/CameraModels/KannalaBrandt8.h:102:21: warning: ‘ORB_SLAM3::KannalaBrandt8::precision’ will be initialized after [-Wreorder]
  102 |         const float precision;
      |                     ^~~~~~~~~
/home/zlw/End2End/ORB_SLAM3/include/CameraModels/KannalaBrandt8.h:88:26: warning:   ‘std::vector<int> ORB_SLAM3::KannalaBrandt8::mvLappingArea’ [-Wreorder]
   88 |         std::vector<int> mvLappingArea;
      |                          ^~~~~~~~~~~~~
/home/zlw/End2End/ORB_SLAM3/include/CameraModels/KannalaBrandt8.h:59:9: warning:   when initialized here [-Wreorder]
   59 |         KannalaBrandt8(KannalaBrandt8* pKannala) : GeometricCamera(pKannala->mvParameters), precision(pKannala->precision), mvLappingArea(2,0) ,tvr(nullptr) {
      |         ^~~~~~~~~~~~~~
[ 57%] Building CXX object CMakeFiles/ORB_SLAM3_h15_f120_o8_purevis.dir/src/ImuTypes.cc.o
In file included from /home/zlw/End2End/ORB_SLAM3/src/ImuTypes.cc:19:
/home/zlw/End2End/ORB_SLAM3/include/ImuTypes.h: In member function ‘void ORB_SLAM3::IMU::Preintegrated::printMeasurements() const’:
/home/zlw/End2End/ORB_SLAM3/include/ImuTypes.h:204:23: warning: comparison of integer expressions of different signedness: ‘int’ and ‘std::vector<ORB_SLAM3::IMU::Preintegrated::integrable>::size_type’ {aka ‘long unsigned int’} [-Wsign-compare]
  204 |         for(int i=0; i<mvMeasurements.size(); i++){
      |                      ~^~~~~~~~~~~~~~~~~~~~~~
In file included from /home/zlw/End2End/ORB_SLAM3/Thirdparty/g2o/g2o/types/types_six_dof_expmap.h:37,
                 from /home/zlw/End2End/ORB_SLAM3/include/Converter.h:26,
                 from /home/zlw/End2End/ORB_SLAM3/src/ImuTypes.cc:20:
/home/zlw/End2End/ORB_SLAM3/Thirdparty/g2o/g2o/types/../core/base_vertex.h: At global scope:
/home/zlw/End2End/ORB_SLAM3/Thirdparty/g2o/g2o/types/../core/base_vertex.h:62:74: warning: ‘Eigen::AlignedBit’ is deprecated [-Wdeprecated-declarations]
   62 |     typedef Eigen::Map<Matrix<double, D, D>, Matrix<double,D,D>::Flags & AlignedBit ? Aligned : Unaligned >  HessianBlockType;
      |                                                                          ^~~~~~~~~~
In file included from /usr/include/eigen3/Eigen/Core:161,
                 from /home/zlw/End2End/ORB_SLAM3/include/ImuTypes.h:26:
/usr/include/eigen3/Eigen/src/Core/util/Constants.h:167:37: note: declared here
  167 | EIGEN_DEPRECATED const unsigned int AlignedBit = 0x80;
      |                                     ^~~~~~~~~~
In file included from /home/zlw/End2End/ORB_SLAM3/Thirdparty/g2o/g2o/types/types_six_dof_expmap.h:38:
/home/zlw/End2End/ORB_SLAM3/Thirdparty/g2o/g2o/types/../core/base_binary_edge.h:59:82: warning: ‘Eigen::AlignedBit’ is deprecated [-Wdeprecated-declarations]
   59 |       typedef Eigen::Map<Matrix<double, Di, Dj>, Matrix<double, Di, Dj>::Flags & AlignedBit ? Aligned : Unaligned > HessianBlockType;
      |                                                                                  ^~~~~~~~~~
/usr/include/eigen3/Eigen/src/Core/util/Constants.h:167:37: note: declared here
  167 | EIGEN_DEPRECATED const unsigned int AlignedBit = 0x80;
      |                                     ^~~~~~~~~~
/home/zlw/End2End/ORB_SLAM3/Thirdparty/g2o/g2o/types/../core/base_binary_edge.h:60:82: warning: ‘Eigen::AlignedBit’ is deprecated [-Wdeprecated-declarations]
   60 |       typedef Eigen::Map<Matrix<double, Dj, Di>, Matrix<double, Dj, Di>::Flags & AlignedBit ? Aligned : Unaligned > HessianBlockTransposedType;
      |                                                                                  ^~~~~~~~~~
/usr/include/eigen3/Eigen/src/Core/util/Constants.h:167:37: note: declared here
  167 | EIGEN_DEPRECATED const unsigned int AlignedBit = 0x80;
      |                                     ^~~~~~~~~~
/home/zlw/End2End/ORB_SLAM3/Thirdparty/g2o/g2o/types/../core/base_vertex.h: In instantiation of ‘class g2o::BaseVertex<3, Eigen::Matrix<double, 3, 1> >’:
/home/zlw/End2End/ORB_SLAM3/Thirdparty/g2o/g2o/types/types_sba.h:40:35:   required from here
/home/zlw/End2End/ORB_SLAM3/Thirdparty/g2o/g2o/types/../core/base_vertex.h:62:72: warning: ‘Eigen::AlignedBit’ is deprecated [-Wdeprecated-declarations]
   62 |     typedef Eigen::Map<Matrix<double, D, D>, Matrix<double,D,D>::Flags & AlignedBit ? Aligned : Unaligned >  HessianBlockType;
      |                                                                  ~~~~~~^~~~~~~~~~~~
/usr/include/eigen3/Eigen/src/Core/util/Constants.h:167:37: note: declared here
  167 | EIGEN_DEPRECATED const unsigned int AlignedBit = 0x80;
      |                                     ^~~~~~~~~~
/home/zlw/End2End/ORB_SLAM3/Thirdparty/g2o/g2o/types/../core/base_vertex.h: In instantiation of ‘class g2o::BaseVertex<6, g2o::SE3Quat>’:
/home/zlw/End2End/ORB_SLAM3/Thirdparty/g2o/g2o/types/types_six_dof_expmap.h:59:33:   required from here
/home/zlw/End2End/ORB_SLAM3/Thirdparty/g2o/g2o/types/../core/base_vertex.h:62:72: warning: ‘Eigen::AlignedBit’ is deprecated [-Wdeprecated-declarations]
   62 |     typedef Eigen::Map<Matrix<double, D, D>, Matrix<double,D,D>::Flags & AlignedBit ? Aligned : Unaligned >  HessianBlockType;
      |                                                                  ~~~~~~^~~~~~~~~~~~
/usr/include/eigen3/Eigen/src/Core/util/Constants.h:167:37: note: declared here
  167 | EIGEN_DEPRECATED const unsigned int AlignedBit = 0x80;
      |                                     ^~~~~~~~~~
/home/zlw/End2End/ORB_SLAM3/Thirdparty/g2o/g2o/types/../core/base_binary_edge.h: In instantiation of ‘class g2o::BaseBinaryEdge<6, g2o::SE3Quat, g2o::VertexSE3Expmap, g2o::VertexSE3Expmap>’:
/home/zlw/End2End/ORB_SLAM3/Thirdparty/g2o/g2o/types/types_six_dof_expmap.h:83:24:   required from here
/home/zlw/End2End/ORB_SLAM3/Thirdparty/g2o/g2o/types/../core/base_binary_edge.h:59:80: warning: ‘Eigen::AlignedBit’ is deprecated [-Wdeprecated-declarations]
   59 |       typedef Eigen::Map<Matrix<double, Di, Dj>, Matrix<double, Di, Dj>::Flags & AlignedBit ? Aligned : Unaligned > HessianBlockType;
      |                                                                          ~~~~~~^~~~~~~~~~~~
/usr/include/eigen3/Eigen/src/Core/util/Constants.h:167:37: note: declared here
  167 | EIGEN_DEPRECATED const unsigned int AlignedBit = 0x80;
      |                                     ^~~~~~~~~~
/home/zlw/End2End/ORB_SLAM3/Thirdparty/g2o/g2o/types/../core/base_binary_edge.h:60:80: warning: ‘Eigen::AlignedBit’ is deprecated [-Wdeprecated-declarations]
   60 |       typedef Eigen::Map<Matrix<double, Dj, Di>, Matrix<double, Dj, Di>::Flags & AlignedBit ? Aligned : Unaligned > HessianBlockTransposedType;
      |                                                                          ~~~~~~^~~~~~~~~~~~
/usr/include/eigen3/Eigen/src/Core/util/Constants.h:167:37: note: declared here
  167 | EIGEN_DEPRECATED const unsigned int AlignedBit = 0x80;
      |                                     ^~~~~~~~~~
/home/zlw/End2End/ORB_SLAM3/Thirdparty/g2o/g2o/types/../core/base_binary_edge.h: In instantiation of ‘class g2o::BaseBinaryEdge<2, Eigen::Matrix<double, 2, 1>, g2o::VertexSBAPointXYZ, g2o::VertexSE3Expmap>’:
/home/zlw/End2End/ORB_SLAM3/Thirdparty/g2o/g2o/types/types_six_dof_expmap.h:114:35:   required from here
/home/zlw/End2End/ORB_SLAM3/Thirdparty/g2o/g2o/types/../core/base_binary_edge.h:59:80: warning: ‘Eigen::AlignedBit’ is deprecated [-Wdeprecated-declarations]
   59 |       typedef Eigen::Map<Matrix<double, Di, Dj>, Matrix<double, Di, Dj>::Flags & AlignedBit ? Aligned : Unaligned > HessianBlockType;
      |                                                                          ~~~~~~^~~~~~~~~~~~
/usr/include/eigen3/Eigen/src/Core/util/Constants.h:167:37: note: declared here
  167 | EIGEN_DEPRECATED const unsigned int AlignedBit = 0x80;
      |                                     ^~~~~~~~~~
/home/zlw/End2End/ORB_SLAM3/Thirdparty/g2o/g2o/types/../core/base_binary_edge.h:60:80: warning: ‘Eigen::AlignedBit’ is deprecated [-Wdeprecated-declarations]
   60 |       typedef Eigen::Map<Matrix<double, Dj, Di>, Matrix<double, Dj, Di>::Flags & AlignedBit ? Aligned : Unaligned > HessianBlockTransposedType;
      |                                                                          ~~~~~~^~~~~~~~~~~~
/usr/include/eigen3/Eigen/src/Core/util/Constants.h:167:37: note: declared here
  167 | EIGEN_DEPRECATED const unsigned int AlignedBit = 0x80;
      |                                     ^~~~~~~~~~
/home/zlw/End2End/ORB_SLAM3/Thirdparty/g2o/g2o/types/../core/base_binary_edge.h: In instantiation of ‘class g2o::BaseBinaryEdge<3, Eigen::Matrix<double, 3, 1>, g2o::VertexSBAPointXYZ, g2o::VertexSE3Expmap>’:
/home/zlw/End2End/ORB_SLAM3/Thirdparty/g2o/g2o/types/types_six_dof_expmap.h:146:41:   required from here
/home/zlw/End2End/ORB_SLAM3/Thirdparty/g2o/g2o/types/../core/base_binary_edge.h:59:80: warning: ‘Eigen::AlignedBit’ is deprecated [-Wdeprecated-declarations]
   59 |       typedef Eigen::Map<Matrix<double, Di, Dj>, Matrix<double, Di, Dj>::Flags & AlignedBit ? Aligned : Unaligned > HessianBlockType;
      |                                                                          ~~~~~~^~~~~~~~~~~~
/usr/include/eigen3/Eigen/src/Core/util/Constants.h:167:37: note: declared here
  167 | EIGEN_DEPRECATED const unsigned int AlignedBit = 0x80;
      |                                     ^~~~~~~~~~
/home/zlw/End2End/ORB_SLAM3/Thirdparty/g2o/g2o/types/../core/base_binary_edge.h:60:80: warning: ‘Eigen::AlignedBit’ is deprecated [-Wdeprecated-declarations]
   60 |       typedef Eigen::Map<Matrix<double, Dj, Di>, Matrix<double, Dj, Di>::Flags & AlignedBit ? Aligned : Unaligned > HessianBlockTransposedType;
      |                                                                          ~~~~~~^~~~~~~~~~~~
/usr/include/eigen3/Eigen/src/Core/util/Constants.h:167:37: note: declared here
  167 | EIGEN_DEPRECATED const unsigned int AlignedBit = 0x80;
      |                                     ^~~~~~~~~~
/home/zlw/End2End/ORB_SLAM3/Thirdparty/g2o/g2o/types/../core/base_vertex.h: In instantiation of ‘class g2o::BaseVertex<7, g2o::Sim3>’:
/home/zlw/End2End/ORB_SLAM3/Thirdparty/g2o/g2o/types/types_seven_dof_expmap.h:48:35:   required from here
/home/zlw/End2End/ORB_SLAM3/Thirdparty/g2o/g2o/types/../core/base_vertex.h:62:72: warning: ‘Eigen::AlignedBit’ is deprecated [-Wdeprecated-declarations]
   62 |     typedef Eigen::Map<Matrix<double, D, D>, Matrix<double,D,D>::Flags & AlignedBit ? Aligned : Unaligned >  HessianBlockType;
      |                                                                  ~~~~~~^~~~~~~~~~~~
/usr/include/eigen3/Eigen/src/Core/util/Constants.h:167:37: note: declared here
  167 | EIGEN_DEPRECATED const unsigned int AlignedBit = 0x80;
      |                                     ^~~~~~~~~~
/home/zlw/End2End/ORB_SLAM3/Thirdparty/g2o/g2o/types/../core/base_binary_edge.h: In instantiation of ‘class g2o::BaseBinaryEdge<7, g2o::Sim3, g2o::VertexSim3Expmap, g2o::VertexSim3Expmap>’:
/home/zlw/End2End/ORB_SLAM3/Thirdparty/g2o/g2o/types/types_seven_dof_expmap.h:99:27:   required from here
/home/zlw/End2End/ORB_SLAM3/Thirdparty/g2o/g2o/types/../core/base_binary_edge.h:59:80: warning: ‘Eigen::AlignedBit’ is deprecated [-Wdeprecated-declarations]
   59 |       typedef Eigen::Map<Matrix<double, Di, Dj>, Matrix<double, Di, Dj>::Flags & AlignedBit ? Aligned : Unaligned > HessianBlockType;
      |                                                                          ~~~~~~^~~~~~~~~~~~
/usr/include/eigen3/Eigen/src/Core/util/Constants.h:167:37: note: declared here
  167 | EIGEN_DEPRECATED const unsigned int AlignedBit = 0x80;
      |                                     ^~~~~~~~~~
/home/zlw/End2End/ORB_SLAM3/Thirdparty/g2o/g2o/types/../core/base_binary_edge.h:60:80: warning: ‘Eigen::AlignedBit’ is deprecated [-Wdeprecated-declarations]
   60 |       typedef Eigen::Map<Matrix<double, Dj, Di>, Matrix<double, Dj, Di>::Flags & AlignedBit ? Aligned : Unaligned > HessianBlockTransposedType;
      |                                                                          ~~~~~~^~~~~~~~~~~~
/usr/include/eigen3/Eigen/src/Core/util/Constants.h:167:37: note: declared here
  167 | EIGEN_DEPRECATED const unsigned int AlignedBit = 0x80;
      |                                     ^~~~~~~~~~
/home/zlw/End2End/ORB_SLAM3/Thirdparty/g2o/g2o/types/../core/base_binary_edge.h: In instantiation of ‘class g2o::BaseBinaryEdge<2, Eigen::Matrix<double, 2, 1>, g2o::VertexSBAPointXYZ, g2o::VertexSim3Expmap>’:
/home/zlw/End2End/ORB_SLAM3/Thirdparty/g2o/g2o/types/types_seven_dof_expmap.h:130:36:   required from here
/home/zlw/End2End/ORB_SLAM3/Thirdparty/g2o/g2o/types/../core/base_binary_edge.h:59:80: warning: ‘Eigen::AlignedBit’ is deprecated [-Wdeprecated-declarations]
   59 |       typedef Eigen::Map<Matrix<double, Di, Dj>, Matrix<double, Di, Dj>::Flags & AlignedBit ? Aligned : Unaligned > HessianBlockType;
      |                                                                          ~~~~~~^~~~~~~~~~~~
/usr/include/eigen3/Eigen/src/Core/util/Constants.h:167:37: note: declared here
  167 | EIGEN_DEPRECATED const unsigned int AlignedBit = 0x80;
      |                                     ^~~~~~~~~~
/home/zlw/End2End/ORB_SLAM3/Thirdparty/g2o/g2o/types/../core/base_binary_edge.h:60:80: warning: ‘Eigen::AlignedBit’ is deprecated [-Wdeprecated-declarations]
   60 |       typedef Eigen::Map<Matrix<double, Dj, Di>, Matrix<double, Dj, Di>::Flags & AlignedBit ? Aligned : Unaligned > HessianBlockTransposedType;
      |                                                                          ~~~~~~^~~~~~~~~~~~
/usr/include/eigen3/Eigen/src/Core/util/Constants.h:167:37: note: declared here
  167 | EIGEN_DEPRECATED const unsigned int AlignedBit = 0x80;
      |                                     ^~~~~~~~~~
In file included from /usr/lib/gcc/x86_64-linux-gnu/13/include/immintrin.h:43,
                 from /usr/include/opencv4/opencv2/core/cv_cpu_dispatch.h:230,
                 from /usr/include/opencv4/opencv2/core/cvdef.h:349,
                 from /usr/include/opencv4/opencv2/core.hpp:52,
                 from /usr/include/opencv4/opencv2/core/core.hpp:48,
                 from /home/zlw/End2End/ORB_SLAM3/Thirdparty/DBoW2/DBoW2/FORB.h:13:
In function ‘__m256d _mm256_loadu_pd(const double*)’,
    inlined from ‘Packet Eigen::internal::ploadu(const typename unpacket_traits<T>::type*) [with Packet = __vector(4) double]’ at /usr/include/eigen3/Eigen/src/Core/arch/AVX/PacketMath.h:582:129,
    inlined from ‘Packet Eigen::internal::ploadt(const typename unpacket_traits<T>::type*) [with Packet = __vector(4) double; int Alignment = 0]’ at /usr/include/eigen3/Eigen/src/Core/GenericPacketMath.h:969:26,
    inlined from ‘PacketType Eigen::internal::evaluator<Eigen::PlainObjectBase<Derived> >::packet(Eigen::Index, Eigen::Index) const [with int LoadMode = 0; PacketType = __vector(4) double; Derived = Eigen::Matrix<double, 3, 1>]’ at /usr/include/eigen3/Eigen/src/Core/CoreEvaluators.h:238:42,
    inlined from ‘void Eigen::internal::generic_dense_assignment_kernel<DstEvaluatorTypeT, SrcEvaluatorTypeT, Functor, Version>::assignPacket(Eigen::Index, Eigen::Index) [with int StoreMode = 32; int LoadMode = 0; PacketType = __vector(4) double; DstEvaluatorTypeT = Eigen::internal::evaluator<Eigen::Block<Eigen::Matrix<double, 6, 1, 0, 6, 1>, -1, -1, false> >; SrcEvaluatorTypeT = Eigen::internal::evaluator<Eigen::Matrix<double, 3, 1> >; Functor = Eigen::internal::assign_op<double, double>; int Version = 0]’ at /usr/include/eigen3/Eigen/src/Core/AssignEvaluator.h:675:116,
    inlined from ‘void Eigen::internal::generic_dense_assignment_kernel<DstEvaluatorTypeT, SrcEvaluatorTypeT, Functor, Version>::assignPacketByOuterInner(Eigen::Index, Eigen::Index) [with int StoreMode = 32; int LoadMode = 0; PacketType = __vector(4) double; DstEvaluatorTypeT = Eigen::internal::evaluator<Eigen::Block<Eigen::Matrix<double, 6, 1, 0, 6, 1>, -1, -1, false> >; SrcEvaluatorTypeT = Eigen::internal::evaluator<Eigen::Matrix<double, 3, 1> >; Functor = Eigen::internal::assign_op<double, double>; int Version = 0]’ at /usr/include/eigen3/Eigen/src/Core/AssignEvaluator.h:689:48,
    inlined from ‘static void Eigen::internal::dense_assignment_loop<Kernel, 4, 0>::run(Kernel&) [with Kernel = Eigen::internal::generic_dense_assignment_kernel<Eigen::internal::evaluator<Eigen::Block<Eigen::Matrix<double, 6, 1, 0, 6, 1>, -1, -1, false> >, Eigen::internal::evaluator<Eigen::Matrix<double, 3, 1> >, Eigen::internal::assign_op<double, double>, 0>]’ at /usr/include/eigen3/Eigen/src/Core/AssignEvaluator.h:572:86,
    inlined from ‘void Eigen::internal::call_dense_assignment_loop(DstXprType&, const SrcXprType&, const Functor&) [with DstXprType = Eigen::Block<Eigen::Matrix<double, 6, 1, 0, 6, 1>, -1, -1, false>; SrcXprType = Eigen::Matrix<double, 3, 1>; Functor = assign_op<double, double>]’ at /usr/include/eigen3/Eigen/src/Core/AssignEvaluator.h:785:37,
    inlined from ‘static void Eigen::internal::Assignment<DstXprType, SrcXprType, Functor, Eigen::internal::Dense2Dense, Weak>::run(DstXprType&, const SrcXprType&, const Functor&) [with DstXprType = Eigen::Block<Eigen::Matrix<double, 6, 1, 0, 6, 1>, -1, -1, false>; SrcXprType = Eigen::Matrix<double, 3, 1>; Functor = Eigen::internal::assign_op<double, double>; Weak = void]’ at /usr/include/eigen3/Eigen/src/Core/AssignEvaluator.h:954:31,
    inlined from ‘void Eigen::internal::call_assignment_no_alias(Dst&, const Src&, const Func&) [with Dst = Eigen::Block<Eigen::Matrix<double, 6, 1, 0, 6, 1>, -1, -1, false>; Src = Eigen::Matrix<double, 3, 1>; Func = assign_op<double, double>]’ at /usr/include/eigen3/Eigen/src/Core/AssignEvaluator.h:890:49,
    inlined from ‘void Eigen::internal::call_assignment(Dst&, const Src&, const Func&, typename enable_if<(! evaluator_assume_aliasing<Src>::value), void*>::type) [with Dst = Eigen::Block<Eigen::Matrix<double, 6, 1, 0, 6, 1>, -1, -1, false>; Src = Eigen::Matrix<double, 3, 1>; Func = assign_op<double, double>]’ at /usr/include/eigen3/Eigen/src/Core/AssignEvaluator.h:858:27,
    inlined from ‘void Eigen::internal::call_assignment(Dst&, const Src&) [with Dst = Eigen::Block<Eigen::Matrix<double, 6, 1, 0, 6, 1>, -1, -1, false>; Src = Eigen::Matrix<double, 3, 1>]’ at /usr/include/eigen3/Eigen/src/Core/AssignEvaluator.h:836:18,
    inlined from ‘Derived& Eigen::MatrixBase<Derived>::operator=(const Eigen::DenseBase<OtherDerived>&) [with OtherDerived = Eigen::Matrix<double, 3, 1>; Derived = Eigen::Block<Eigen::Matrix<double, 6, 1, 0, 6, 1>, -1, -1, false>]’ at /usr/include/eigen3/Eigen/src/Core/Assign.h:66:28,
    inlined from ‘Eigen::CommaInitializer<MatrixType>::CommaInitializer(XprType&, const Eigen::DenseBase<OtherDerived>&) [with OtherDerived = Eigen::Matrix<double, 3, 1>; XprType = Eigen::Matrix<double, 6, 1, 0, 6, 1>]’ at /usr/include/eigen3/Eigen/src/Core/CommaInitializer.h:48:51,
    inlined from ‘Eigen::CommaInitializer<Derived> Eigen::DenseBase<Derived>::operator<<(const Eigen::DenseBase<OtherDerived>&) [with OtherDerived = Eigen::Matrix<double, 3, 1>; Derived = Eigen::Matrix<double, 6, 1, 0, 6, 1>]’ at /usr/include/eigen3/Eigen/src/Core/CommaInitializer.h:159:72,
    inlined from ‘virtual void ORB_SLAM3::Edge4DoF::computeError()’ at /home/zlw/End2End/ORB_SLAM3/include/G2oTypes.h:834:16:
/usr/lib/gcc/x86_64-linux-gnu/13/include/avxintrin.h:893:24: warning: array subscript ‘__m256d_u[0]’ is partly outside array bounds of ‘Eigen::Vector3d [1]’ {aka ‘Eigen::Matrix<double, 3, 1> [1]’} [-Warray-bounds=]
  893 |   return *(__m256d_u *)__P;
      |                        ^~~
/home/zlw/End2End/ORB_SLAM3/include/G2oTypes.h: In member function ‘virtual void ORB_SLAM3::Edge4DoF::computeError()’:
/home/zlw/End2End/ORB_SLAM3/include/G2oTypes.h:834:25: note: at offset [0, 16] into object ‘<anonymous>’ of size 24
  834 |         _error << LogSO3(VPi->estimate().Rcw[0]*VPj->estimate().Rcw[0].transpose()*dRij.transpose()),
      |                   ~~~~~~^~~~~~~~~~~~~~~~~~~~~~~~~~~~~~~~~~~~~~~~~~~~~~~~~~~~~~~~~~~~~~~~~~~~~~~~~~~~
[ 57%] Building CXX object CMakeFiles/ORB_SLAM3_h15_f120_o8_purevis.dir/src/G2oTypes.cc.o
In file included from /home/zlw/End2End/ORB_SLAM3/include/G2oTypes.h:22,
                 from /home/zlw/End2End/ORB_SLAM3/src/G2oTypes.cc:19:
/home/zlw/End2End/ORB_SLAM3/Thirdparty/g2o/g2o/core/base_vertex.h:62:74: warning: ‘Eigen::AlignedBit’ is deprecated [-Wdeprecated-declarations]
   62 |     typedef Eigen::Map<Matrix<double, D, D>, Matrix<double,D,D>::Flags & AlignedBit ? Aligned : Unaligned >  HessianBlockType;
      |                                                                          ^~~~~~~~~~
In file included from /usr/include/eigen3/Eigen/Core:161,
                 from /home/zlw/End2End/ORB_SLAM3/Thirdparty/g2o/g2o/core/jacobian_workspace.h:30,
                 from /home/zlw/End2End/ORB_SLAM3/Thirdparty/g2o/g2o/core/optimizable_graph.h:41,
                 from /home/zlw/End2End/ORB_SLAM3/Thirdparty/g2o/g2o/core/base_vertex.h:30:
/usr/include/eigen3/Eigen/src/Core/util/Constants.h:167:37: note: declared here
  167 | EIGEN_DEPRECATED const unsigned int AlignedBit = 0x80;
      |                                     ^~~~~~~~~~
In file included from /home/zlw/End2End/ORB_SLAM3/include/G2oTypes.h:23:
/home/zlw/End2End/ORB_SLAM3/Thirdparty/g2o/g2o/core/base_binary_edge.h:59:82: warning: ‘Eigen::AlignedBit’ is deprecated [-Wdeprecated-declarations]
   59 |       typedef Eigen::Map<Matrix<double, Di, Dj>, Matrix<double, Di, Dj>::Flags & AlignedBit ? Aligned : Unaligned > HessianBlockType;
      |                                                                                  ^~~~~~~~~~
/usr/include/eigen3/Eigen/src/Core/util/Constants.h:167:37: note: declared here
  167 | EIGEN_DEPRECATED const unsigned int AlignedBit = 0x80;
      |                                     ^~~~~~~~~~
/home/zlw/End2End/ORB_SLAM3/Thirdparty/g2o/g2o/core/base_binary_edge.h:60:82: warning: ‘Eigen::AlignedBit’ is deprecated [-Wdeprecated-declarations]
   60 |       typedef Eigen::Map<Matrix<double, Dj, Di>, Matrix<double, Dj, Di>::Flags & AlignedBit ? Aligned : Unaligned > HessianBlockTransposedType;
      |                                                                                  ^~~~~~~~~~
/usr/include/eigen3/Eigen/src/Core/util/Constants.h:167:37: note: declared here
  167 | EIGEN_DEPRECATED const unsigned int AlignedBit = 0x80;
      |                                     ^~~~~~~~~~
/home/zlw/End2End/ORB_SLAM3/Thirdparty/g2o/g2o/core/base_vertex.h: In instantiation of ‘class g2o::BaseVertex<3, Eigen::Matrix<double, 3, 1> >’:
/home/zlw/End2End/ORB_SLAM3/Thirdparty/g2o/g2o/types/types_sba.h:40:35:   required from here
/home/zlw/End2End/ORB_SLAM3/Thirdparty/g2o/g2o/core/base_vertex.h:62:72: warning: ‘Eigen::AlignedBit’ is deprecated [-Wdeprecated-declarations]
   62 |     typedef Eigen::Map<Matrix<double, D, D>, Matrix<double,D,D>::Flags & AlignedBit ? Aligned : Unaligned >  HessianBlockType;
      |                                                                  ~~~~~~^~~~~~~~~~~~
/usr/include/eigen3/Eigen/src/Core/util/Constants.h:167:37: note: declared here
  167 | EIGEN_DEPRECATED const unsigned int AlignedBit = 0x80;
      |                                     ^~~~~~~~~~
In file included from /home/zlw/End2End/ORB_SLAM3/include/G2oTypes.h:25:
/home/zlw/End2End/ORB_SLAM3/Thirdparty/g2o/g2o/core/base_multi_edge.h:69:54: warning: ‘Eigen::AlignedBit’ is deprecated [-Wdeprecated-declarations]
   69 |       typedef Eigen::Map<MatrixXd, MatrixXd::Flags & AlignedBit ? Aligned : Unaligned > HessianBlockType;
      |                                                      ^~~~~~~~~~
/usr/include/eigen3/Eigen/src/Core/util/Constants.h:167:37: note: declared here
  167 | EIGEN_DEPRECATED const unsigned int AlignedBit = 0x80;
      |                                     ^~~~~~~~~~
In file included from /home/zlw/End2End/ORB_SLAM3/include/Frame.h:30,
                 from /home/zlw/End2End/ORB_SLAM3/include/G2oTypes.h:34:
/home/zlw/End2End/ORB_SLAM3/include/ImuTypes.h: In member function ‘void ORB_SLAM3::IMU::Preintegrated::printMeasurements() const’:
/home/zlw/End2End/ORB_SLAM3/include/ImuTypes.h:204:23: warning: comparison of integer expressions of different signedness: ‘int’ and ‘std::vector<ORB_SLAM3::IMU::Preintegrated::integrable>::size_type’ {aka ‘long unsigned int’} [-Wsign-compare]
  204 |         for(int i=0; i<mvMeasurements.size(); i++){
      |                      ~^~~~~~~~~~~~~~~~~~~~~~
In file included from /home/zlw/End2End/ORB_SLAM3/Thirdparty/DBoW2/DBoW2/FORB.h:17,
                 from /home/zlw/End2End/ORB_SLAM3/include/ORBVocabulary.h:23,
                 from /home/zlw/End2End/ORB_SLAM3/include/Frame.h:31:
/home/zlw/End2End/ORB_SLAM3/Thirdparty/DBoW2/DBoW2/FClass.h: At global scope:
/home/zlw/End2End/ORB_SLAM3/Thirdparty/DBoW2/DBoW2/FClass.h:35:16: warning: ‘virtual void DBoW2::FClass::meanValue(const std::vector<const TDescriptor*>&, TDescriptor&)’ was hidden [-Woverloaded-virtual=]
   35 |   virtual void meanValue(const std::vector<pDescriptor> &descriptors,
      |                ^~~~~~~~~
/home/zlw/End2End/ORB_SLAM3/Thirdparty/DBoW2/DBoW2/FORB.h:38:15: note:   by ‘static void DBoW2::FORB::meanValue(const std::vector<const cv::Mat*>&, TDescriptor&)’
   38 |   static void meanValue(const std::vector<pDescriptor> &descriptors,
      |               ^~~~~~~~~
/home/zlw/End2End/ORB_SLAM3/Thirdparty/g2o/g2o/core/base_vertex.h: In instantiation of ‘class g2o::BaseVertex<6, g2o::SE3Quat>’:
/home/zlw/End2End/ORB_SLAM3/Thirdparty/g2o/g2o/types/types_six_dof_expmap.h:59:33:   required from here
/home/zlw/End2End/ORB_SLAM3/Thirdparty/g2o/g2o/core/base_vertex.h:62:72: warning: ‘Eigen::AlignedBit’ is deprecated [-Wdeprecated-declarations]
   62 |     typedef Eigen::Map<Matrix<double, D, D>, Matrix<double,D,D>::Flags & AlignedBit ? Aligned : Unaligned >  HessianBlockType;
      |                                                                  ~~~~~~^~~~~~~~~~~~
/usr/include/eigen3/Eigen/src/Core/util/Constants.h:167:37: note: declared here
  167 | EIGEN_DEPRECATED const unsigned int AlignedBit = 0x80;
      |                                     ^~~~~~~~~~
/home/zlw/End2End/ORB_SLAM3/Thirdparty/g2o/g2o/core/base_binary_edge.h: In instantiation of ‘class g2o::BaseBinaryEdge<6, g2o::SE3Quat, g2o::VertexSE3Expmap, g2o::VertexSE3Expmap>’:
/home/zlw/End2End/ORB_SLAM3/Thirdparty/g2o/g2o/types/types_six_dof_expmap.h:83:24:   required from here
/home/zlw/End2End/ORB_SLAM3/Thirdparty/g2o/g2o/core/base_binary_edge.h:59:80: warning: ‘Eigen::AlignedBit’ is deprecated [-Wdeprecated-declarations]
   59 |       typedef Eigen::Map<Matrix<double, Di, Dj>, Matrix<double, Di, Dj>::Flags & AlignedBit ? Aligned : Unaligned > HessianBlockType;
      |                                                                          ~~~~~~^~~~~~~~~~~~
/usr/include/eigen3/Eigen/src/Core/util/Constants.h:167:37: note: declared here
  167 | EIGEN_DEPRECATED const unsigned int AlignedBit = 0x80;
      |                                     ^~~~~~~~~~
/home/zlw/End2End/ORB_SLAM3/Thirdparty/g2o/g2o/core/base_binary_edge.h:60:80: warning: ‘Eigen::AlignedBit’ is deprecated [-Wdeprecated-declarations]
   60 |       typedef Eigen::Map<Matrix<double, Dj, Di>, Matrix<double, Dj, Di>::Flags & AlignedBit ? Aligned : Unaligned > HessianBlockTransposedType;
      |                                                                          ~~~~~~^~~~~~~~~~~~
/usr/include/eigen3/Eigen/src/Core/util/Constants.h:167:37: note: declared here
  167 | EIGEN_DEPRECATED const unsigned int AlignedBit = 0x80;
      |                                     ^~~~~~~~~~
/home/zlw/End2End/ORB_SLAM3/Thirdparty/g2o/g2o/core/base_binary_edge.h: In instantiation of ‘class g2o::BaseBinaryEdge<2, Eigen::Matrix<double, 2, 1>, g2o::VertexSBAPointXYZ, g2o::VertexSE3Expmap>’:
/home/zlw/End2End/ORB_SLAM3/Thirdparty/g2o/g2o/types/types_six_dof_expmap.h:114:35:   required from here
/home/zlw/End2End/ORB_SLAM3/Thirdparty/g2o/g2o/core/base_binary_edge.h:59:80: warning: ‘Eigen::AlignedBit’ is deprecated [-Wdeprecated-declarations]
   59 |       typedef Eigen::Map<Matrix<double, Di, Dj>, Matrix<double, Di, Dj>::Flags & AlignedBit ? Aligned : Unaligned > HessianBlockType;
      |                                                                          ~~~~~~^~~~~~~~~~~~
/usr/include/eigen3/Eigen/src/Core/util/Constants.h:167:37: note: declared here
  167 | EIGEN_DEPRECATED const unsigned int AlignedBit = 0x80;
      |                                     ^~~~~~~~~~
/home/zlw/End2End/ORB_SLAM3/Thirdparty/g2o/g2o/core/base_binary_edge.h:60:80: warning: ‘Eigen::AlignedBit’ is deprecated [-Wdeprecated-declarations]
   60 |       typedef Eigen::Map<Matrix<double, Dj, Di>, Matrix<double, Dj, Di>::Flags & AlignedBit ? Aligned : Unaligned > HessianBlockTransposedType;
      |                                                                          ~~~~~~^~~~~~~~~~~~
/usr/include/eigen3/Eigen/src/Core/util/Constants.h:167:37: note: declared here
  167 | EIGEN_DEPRECATED const unsigned int AlignedBit = 0x80;
      |                                     ^~~~~~~~~~
/home/zlw/End2End/ORB_SLAM3/Thirdparty/g2o/g2o/core/base_binary_edge.h: In instantiation of ‘class g2o::BaseBinaryEdge<3, Eigen::Matrix<double, 3, 1>, g2o::VertexSBAPointXYZ, g2o::VertexSE3Expmap>’:
/home/zlw/End2End/ORB_SLAM3/Thirdparty/g2o/g2o/types/types_six_dof_expmap.h:146:41:   required from here
/home/zlw/End2End/ORB_SLAM3/Thirdparty/g2o/g2o/core/base_binary_edge.h:59:80: warning: ‘Eigen::AlignedBit’ is deprecated [-Wdeprecated-declarations]
   59 |       typedef Eigen::Map<Matrix<double, Di, Dj>, Matrix<double, Di, Dj>::Flags & AlignedBit ? Aligned : Unaligned > HessianBlockType;
      |                                                                          ~~~~~~^~~~~~~~~~~~
/usr/include/eigen3/Eigen/src/Core/util/Constants.h:167:37: note: declared here
  167 | EIGEN_DEPRECATED const unsigned int AlignedBit = 0x80;
      |                                     ^~~~~~~~~~
/home/zlw/End2End/ORB_SLAM3/Thirdparty/g2o/g2o/core/base_binary_edge.h:60:80: warning: ‘Eigen::AlignedBit’ is deprecated [-Wdeprecated-declarations]
   60 |       typedef Eigen::Map<Matrix<double, Dj, Di>, Matrix<double, Dj, Di>::Flags & AlignedBit ? Aligned : Unaligned > HessianBlockTransposedType;
      |                                                                          ~~~~~~^~~~~~~~~~~~
/usr/include/eigen3/Eigen/src/Core/util/Constants.h:167:37: note: declared here
  167 | EIGEN_DEPRECATED const unsigned int AlignedBit = 0x80;
      |                                     ^~~~~~~~~~
/home/zlw/End2End/ORB_SLAM3/Thirdparty/g2o/g2o/core/base_vertex.h: In instantiation of ‘class g2o::BaseVertex<7, g2o::Sim3>’:
/home/zlw/End2End/ORB_SLAM3/Thirdparty/g2o/g2o/types/types_seven_dof_expmap.h:48:35:   required from here
/home/zlw/End2End/ORB_SLAM3/Thirdparty/g2o/g2o/core/base_vertex.h:62:72: warning: ‘Eigen::AlignedBit’ is deprecated [-Wdeprecated-declarations]
   62 |     typedef Eigen::Map<Matrix<double, D, D>, Matrix<double,D,D>::Flags & AlignedBit ? Aligned : Unaligned >  HessianBlockType;
      |                                                                  ~~~~~~^~~~~~~~~~~~
/usr/include/eigen3/Eigen/src/Core/util/Constants.h:167:37: note: declared here
  167 | EIGEN_DEPRECATED const unsigned int AlignedBit = 0x80;
      |                                     ^~~~~~~~~~
/home/zlw/End2End/ORB_SLAM3/Thirdparty/g2o/g2o/core/base_binary_edge.h: In instantiation of ‘class g2o::BaseBinaryEdge<7, g2o::Sim3, g2o::VertexSim3Expmap, g2o::VertexSim3Expmap>’:
/home/zlw/End2End/ORB_SLAM3/Thirdparty/g2o/g2o/types/types_seven_dof_expmap.h:99:27:   required from here
/home/zlw/End2End/ORB_SLAM3/Thirdparty/g2o/g2o/core/base_binary_edge.h:59:80: warning: ‘Eigen::AlignedBit’ is deprecated [-Wdeprecated-declarations]
   59 |       typedef Eigen::Map<Matrix<double, Di, Dj>, Matrix<double, Di, Dj>::Flags & AlignedBit ? Aligned : Unaligned > HessianBlockType;
      |                                                                          ~~~~~~^~~~~~~~~~~~
/usr/include/eigen3/Eigen/src/Core/util/Constants.h:167:37: note: declared here
  167 | EIGEN_DEPRECATED const unsigned int AlignedBit = 0x80;
      |                                     ^~~~~~~~~~
/home/zlw/End2End/ORB_SLAM3/Thirdparty/g2o/g2o/core/base_binary_edge.h:60:80: warning: ‘Eigen::AlignedBit’ is deprecated [-Wdeprecated-declarations]
   60 |       typedef Eigen::Map<Matrix<double, Dj, Di>, Matrix<double, Dj, Di>::Flags & AlignedBit ? Aligned : Unaligned > HessianBlockTransposedType;
      |                                                                          ~~~~~~^~~~~~~~~~~~
/usr/include/eigen3/Eigen/src/Core/util/Constants.h:167:37: note: declared here
  167 | EIGEN_DEPRECATED const unsigned int AlignedBit = 0x80;
      |                                     ^~~~~~~~~~
/home/zlw/End2End/ORB_SLAM3/Thirdparty/g2o/g2o/core/base_binary_edge.h: In instantiation of ‘class g2o::BaseBinaryEdge<2, Eigen::Matrix<double, 2, 1>, g2o::VertexSBAPointXYZ, g2o::VertexSim3Expmap>’:
/home/zlw/End2End/ORB_SLAM3/Thirdparty/g2o/g2o/types/types_seven_dof_expmap.h:130:36:   required from here
/home/zlw/End2End/ORB_SLAM3/Thirdparty/g2o/g2o/core/base_binary_edge.h:59:80: warning: ‘Eigen::AlignedBit’ is deprecated [-Wdeprecated-declarations]
   59 |       typedef Eigen::Map<Matrix<double, Di, Dj>, Matrix<double, Di, Dj>::Flags & AlignedBit ? Aligned : Unaligned > HessianBlockType;
      |                                                                          ~~~~~~^~~~~~~~~~~~
/usr/include/eigen3/Eigen/src/Core/util/Constants.h:167:37: note: declared here
  167 | EIGEN_DEPRECATED const unsigned int AlignedBit = 0x80;
      |                                     ^~~~~~~~~~
/home/zlw/End2End/ORB_SLAM3/Thirdparty/g2o/g2o/core/base_binary_edge.h:60:80: warning: ‘Eigen::AlignedBit’ is deprecated [-Wdeprecated-declarations]
   60 |       typedef Eigen::Map<Matrix<double, Dj, Di>, Matrix<double, Dj, Di>::Flags & AlignedBit ? Aligned : Unaligned > HessianBlockTransposedType;
      |                                                                          ~~~~~~^~~~~~~~~~~~
/usr/include/eigen3/Eigen/src/Core/util/Constants.h:167:37: note: declared here
  167 | EIGEN_DEPRECATED const unsigned int AlignedBit = 0x80;
      |                                     ^~~~~~~~~~
/home/zlw/End2End/ORB_SLAM3/Thirdparty/g2o/g2o/core/base_vertex.h: In instantiation of ‘class g2o::BaseVertex<6, ORB_SLAM3::ImuCamPose>’:
/home/zlw/End2End/ORB_SLAM3/include/G2oTypes.h:130:32:   required from here
/home/zlw/End2End/ORB_SLAM3/Thirdparty/g2o/g2o/core/base_vertex.h:62:72: warning: ‘Eigen::AlignedBit’ is deprecated [-Wdeprecated-declarations]
   62 |     typedef Eigen::Map<Matrix<double, D, D>, Matrix<double,D,D>::Flags & AlignedBit ? Aligned : Unaligned >  HessianBlockType;
      |                                                                  ~~~~~~^~~~~~~~~~~~
/usr/include/eigen3/Eigen/src/Core/util/Constants.h:167:37: note: declared here
  167 | EIGEN_DEPRECATED const unsigned int AlignedBit = 0x80;
      |                                     ^~~~~~~~~~
/home/zlw/End2End/ORB_SLAM3/Thirdparty/g2o/g2o/core/base_vertex.h: In instantiation of ‘class g2o::BaseVertex<4, ORB_SLAM3::ImuCamPose>’:
/home/zlw/End2End/ORB_SLAM3/include/G2oTypes.h:155:36:   required from here
/home/zlw/End2End/ORB_SLAM3/Thirdparty/g2o/g2o/core/base_vertex.h:62:72: warning: ‘Eigen::AlignedBit’ is deprecated [-Wdeprecated-declarations]
   62 |     typedef Eigen::Map<Matrix<double, D, D>, Matrix<double,D,D>::Flags & AlignedBit ? Aligned : Unaligned >  HessianBlockType;
      |                                                                  ~~~~~~^~~~~~~~~~~~
/usr/include/eigen3/Eigen/src/Core/util/Constants.h:167:37: note: declared here
  167 | EIGEN_DEPRECATED const unsigned int AlignedBit = 0x80;
      |                                     ^~~~~~~~~~
/home/zlw/End2End/ORB_SLAM3/Thirdparty/g2o/g2o/core/base_vertex.h: In instantiation of ‘class g2o::BaseVertex<2, ORB_SLAM3::GDirection>’:
/home/zlw/End2End/ORB_SLAM3/include/G2oTypes.h:274:32:   required from here
/home/zlw/End2End/ORB_SLAM3/Thirdparty/g2o/g2o/core/base_vertex.h:62:72: warning: ‘Eigen::AlignedBit’ is deprecated [-Wdeprecated-declarations]
   62 |     typedef Eigen::Map<Matrix<double, D, D>, Matrix<double,D,D>::Flags & AlignedBit ? Aligned : Unaligned >  HessianBlockType;
      |                                                                  ~~~~~~^~~~~~~~~~~~
/usr/include/eigen3/Eigen/src/Core/util/Constants.h:167:37: note: declared here
  167 | EIGEN_DEPRECATED const unsigned int AlignedBit = 0x80;
      |                                     ^~~~~~~~~~
/home/zlw/End2End/ORB_SLAM3/Thirdparty/g2o/g2o/core/base_vertex.h: In instantiation of ‘class g2o::BaseVertex<1, double>’:
/home/zlw/End2End/ORB_SLAM3/include/G2oTypes.h:296:33:   required from here
/home/zlw/End2End/ORB_SLAM3/Thirdparty/g2o/g2o/core/base_vertex.h:62:72: warning: ‘Eigen::AlignedBit’ is deprecated [-Wdeprecated-declarations]
   62 |     typedef Eigen::Map<Matrix<double, D, D>, Matrix<double,D,D>::Flags & AlignedBit ? Aligned : Unaligned >  HessianBlockType;
      |                                                                  ~~~~~~^~~~~~~~~~~~
/usr/include/eigen3/Eigen/src/Core/util/Constants.h:167:37: note: declared here
  167 | EIGEN_DEPRECATED const unsigned int AlignedBit = 0x80;
      |                                     ^~~~~~~~~~
/home/zlw/End2End/ORB_SLAM3/Thirdparty/g2o/g2o/core/base_vertex.h: In instantiation of ‘class g2o::BaseVertex<1, ORB_SLAM3::InvDepthPoint>’:
/home/zlw/End2End/ORB_SLAM3/include/G2oTypes.h:321:36:   required from here
/home/zlw/End2End/ORB_SLAM3/Thirdparty/g2o/g2o/core/base_vertex.h:62:72: warning: ‘Eigen::AlignedBit’ is deprecated [-Wdeprecated-declarations]
   62 |     typedef Eigen::Map<Matrix<double, D, D>, Matrix<double,D,D>::Flags & AlignedBit ? Aligned : Unaligned >  HessianBlockType;
      |                                                                  ~~~~~~^~~~~~~~~~~~
/usr/include/eigen3/Eigen/src/Core/util/Constants.h:167:37: note: declared here
  167 | EIGEN_DEPRECATED const unsigned int AlignedBit = 0x80;
      |                                     ^~~~~~~~~~
/home/zlw/End2End/ORB_SLAM3/Thirdparty/g2o/g2o/core/base_binary_edge.h: In instantiation of ‘class g2o::BaseBinaryEdge<2, Eigen::Matrix<double, 2, 1>, g2o::VertexSBAPointXYZ, ORB_SLAM3::VertexPose>’:
/home/zlw/End2End/ORB_SLAM3/include/G2oTypes.h:342:30:   required from here
/home/zlw/End2End/ORB_SLAM3/Thirdparty/g2o/g2o/core/base_binary_edge.h:59:80: warning: ‘Eigen::AlignedBit’ is deprecated [-Wdeprecated-declarations]
   59 |       typedef Eigen::Map<Matrix<double, Di, Dj>, Matrix<double, Di, Dj>::Flags & AlignedBit ? Aligned : Unaligned > HessianBlockType;
      |                                                                          ~~~~~~^~~~~~~~~~~~
/usr/include/eigen3/Eigen/src/Core/util/Constants.h:167:37: note: declared here
  167 | EIGEN_DEPRECATED const unsigned int AlignedBit = 0x80;
      |                                     ^~~~~~~~~~
/home/zlw/End2End/ORB_SLAM3/Thirdparty/g2o/g2o/core/base_binary_edge.h:60:80: warning: ‘Eigen::AlignedBit’ is deprecated [-Wdeprecated-declarations]
   60 |       typedef Eigen::Map<Matrix<double, Dj, Di>, Matrix<double, Dj, Di>::Flags & AlignedBit ? Aligned : Unaligned > HessianBlockTransposedType;
      |                                                                          ~~~~~~^~~~~~~~~~~~
/usr/include/eigen3/Eigen/src/Core/util/Constants.h:167:37: note: declared here
  167 | EIGEN_DEPRECATED const unsigned int AlignedBit = 0x80;
      |                                     ^~~~~~~~~~
/home/zlw/End2End/ORB_SLAM3/Thirdparty/g2o/g2o/core/base_binary_edge.h: In instantiation of ‘class g2o::BaseBinaryEdge<3, Eigen::Matrix<double, 3, 1>, g2o::VertexSBAPointXYZ, ORB_SLAM3::VertexPose>’:
/home/zlw/End2End/ORB_SLAM3/include/G2oTypes.h:425:32:   required from here
/home/zlw/End2End/ORB_SLAM3/Thirdparty/g2o/g2o/core/base_binary_edge.h:59:80: warning: ‘Eigen::AlignedBit’ is deprecated [-Wdeprecated-declarations]
   59 |       typedef Eigen::Map<Matrix<double, Di, Dj>, Matrix<double, Di, Dj>::Flags & AlignedBit ? Aligned : Unaligned > HessianBlockType;
      |                                                                          ~~~~~~^~~~~~~~~~~~
/usr/include/eigen3/Eigen/src/Core/util/Constants.h:167:37: note: declared here
  167 | EIGEN_DEPRECATED const unsigned int AlignedBit = 0x80;
      |                                     ^~~~~~~~~~
/home/zlw/End2End/ORB_SLAM3/Thirdparty/g2o/g2o/core/base_binary_edge.h:60:80: warning: ‘Eigen::AlignedBit’ is deprecated [-Wdeprecated-declarations]
   60 |       typedef Eigen::Map<Matrix<double, Dj, Di>, Matrix<double, Dj, Di>::Flags & AlignedBit ? Aligned : Unaligned > HessianBlockTransposedType;
      |                                                                          ~~~~~~^~~~~~~~~~~~
/usr/include/eigen3/Eigen/src/Core/util/Constants.h:167:37: note: declared here
  167 | EIGEN_DEPRECATED const unsigned int AlignedBit = 0x80;
      |                                     ^~~~~~~~~~
/home/zlw/End2End/ORB_SLAM3/Thirdparty/g2o/g2o/core/base_binary_edge.h: In instantiation of ‘class g2o::BaseBinaryEdge<3, Eigen::Matrix<double, 3, 1>, ORB_SLAM3::VertexGyroBias, ORB_SLAM3::VertexGyroBias>’:
/home/zlw/End2End/ORB_SLAM3/include/G2oTypes.h:635:32:   required from here
/home/zlw/End2End/ORB_SLAM3/Thirdparty/g2o/g2o/core/base_binary_edge.h:59:80: warning: ‘Eigen::AlignedBit’ is deprecated [-Wdeprecated-declarations]
   59 |       typedef Eigen::Map<Matrix<double, Di, Dj>, Matrix<double, Di, Dj>::Flags & AlignedBit ? Aligned : Unaligned > HessianBlockType;
      |                                                                          ~~~~~~^~~~~~~~~~~~
/usr/include/eigen3/Eigen/src/Core/util/Constants.h:167:37: note: declared here
  167 | EIGEN_DEPRECATED const unsigned int AlignedBit = 0x80;
      |                                     ^~~~~~~~~~
/home/zlw/End2End/ORB_SLAM3/Thirdparty/g2o/g2o/core/base_binary_edge.h:60:80: warning: ‘Eigen::AlignedBit’ is deprecated [-Wdeprecated-declarations]
   60 |       typedef Eigen::Map<Matrix<double, Dj, Di>, Matrix<double, Dj, Di>::Flags & AlignedBit ? Aligned : Unaligned > HessianBlockTransposedType;
      |                                                                          ~~~~~~^~~~~~~~~~~~
/usr/include/eigen3/Eigen/src/Core/util/Constants.h:167:37: note: declared here
  167 | EIGEN_DEPRECATED const unsigned int AlignedBit = 0x80;
      |                                     ^~~~~~~~~~
/home/zlw/End2End/ORB_SLAM3/Thirdparty/g2o/g2o/core/base_binary_edge.h: In instantiation of ‘class g2o::BaseBinaryEdge<3, Eigen::Matrix<double, 3, 1>, ORB_SLAM3::VertexAccBias, ORB_SLAM3::VertexAccBias>’:
/home/zlw/End2End/ORB_SLAM3/include/G2oTypes.h:671:31:   required from here
/home/zlw/End2End/ORB_SLAM3/Thirdparty/g2o/g2o/core/base_binary_edge.h:59:80: warning: ‘Eigen::AlignedBit’ is deprecated [-Wdeprecated-declarations]
   59 |       typedef Eigen::Map<Matrix<double, Di, Dj>, Matrix<double, Di, Dj>::Flags & AlignedBit ? Aligned : Unaligned > HessianBlockType;
      |                                                                          ~~~~~~^~~~~~~~~~~~
/usr/include/eigen3/Eigen/src/Core/util/Constants.h:167:37: note: declared here
  167 | EIGEN_DEPRECATED const unsigned int AlignedBit = 0x80;
      |                                     ^~~~~~~~~~
/home/zlw/End2End/ORB_SLAM3/Thirdparty/g2o/g2o/core/base_binary_edge.h:60:80: warning: ‘Eigen::AlignedBit’ is deprecated [-Wdeprecated-declarations]
   60 |       typedef Eigen::Map<Matrix<double, Dj, Di>, Matrix<double, Dj, Di>::Flags & AlignedBit ? Aligned : Unaligned > HessianBlockTransposedType;
      |                                                                          ~~~~~~^~~~~~~~~~~~
/usr/include/eigen3/Eigen/src/Core/util/Constants.h:167:37: note: declared here
  167 | EIGEN_DEPRECATED const unsigned int AlignedBit = 0x80;
      |                                     ^~~~~~~~~~
/home/zlw/End2End/ORB_SLAM3/Thirdparty/g2o/g2o/core/base_binary_edge.h: In instantiation of ‘class g2o::BaseBinaryEdge<6, Eigen::Matrix<double, 6, 1, 0, 6, 1>, ORB_SLAM3::VertexPose4DoF, ORB_SLAM3::VertexPose4DoF>’:
/home/zlw/End2End/ORB_SLAM3/include/G2oTypes.h:817:30:   required from here
/home/zlw/End2End/ORB_SLAM3/Thirdparty/g2o/g2o/core/base_binary_edge.h:59:80: warning: ‘Eigen::AlignedBit’ is deprecated [-Wdeprecated-declarations]
   59 |       typedef Eigen::Map<Matrix<double, Di, Dj>, Matrix<double, Di, Dj>::Flags & AlignedBit ? Aligned : Unaligned > HessianBlockType;
      |                                                                          ~~~~~~^~~~~~~~~~~~
/usr/include/eigen3/Eigen/src/Core/util/Constants.h:167:37: note: declared here
  167 | EIGEN_DEPRECATED const unsigned int AlignedBit = 0x80;
      |                                     ^~~~~~~~~~
/home/zlw/End2End/ORB_SLAM3/Thirdparty/g2o/g2o/core/base_binary_edge.h:60:80: warning: ‘Eigen::AlignedBit’ is deprecated [-Wdeprecated-declarations]
   60 |       typedef Eigen::Map<Matrix<double, Dj, Di>, Matrix<double, Dj, Di>::Flags & AlignedBit ? Aligned : Unaligned > HessianBlockTransposedType;
      |                                                                          ~~~~~~^~~~~~~~~~~~
/usr/include/eigen3/Eigen/src/Core/util/Constants.h:167:37: note: declared here
  167 | EIGEN_DEPRECATED const unsigned int AlignedBit = 0x80;
      |                                     ^~~~~~~~~~
/home/zlw/End2End/ORB_SLAM3/src/G2oTypes.cc: In member function ‘void ORB_SLAM3::ImuCamPose::SetParam(const std::vector<Eigen::Matrix<double, 3, 3> >&, const std::vector<Eigen::Matrix<double, 3, 1> >&, const std::vector<Eigen::Matrix<double, 3, 3> >&, const std::vector<Eigen::Matrix<double, 3, 1> >&, const double&)’:
/home/zlw/End2End/ORB_SLAM3/src/G2oTypes.cc:159:19: warning: comparison of integer expressions of different signedness: ‘int’ and ‘std::vector<Eigen::Matrix<double, 3, 1> >::size_type’ {aka ‘long unsigned int’} [-Wsign-compare]
  159 |     for(int i=0; i<tcb.size(); i++)
      |                  ~^~~~~~~~~~~
/home/zlw/End2End/ORB_SLAM3/src/G2oTypes.cc: In member function ‘void ORB_SLAM3::ImuCamPose::Update(const double*)’:
/home/zlw/End2End/ORB_SLAM3/src/G2oTypes.cc:214:19: warning: comparison of integer expressions of different signedness: ‘int’ and ‘std::vector<ORB_SLAM3::GeometricCamera*>::size_type’ {aka ‘long unsigned int’} [-Wsign-compare]
  214 |     for(int i=0; i<pCamera.size(); i++)
      |                  ~^~~~~~~~~~~~~~~
/home/zlw/End2End/ORB_SLAM3/src/G2oTypes.cc: In member function ‘void ORB_SLAM3::ImuCamPose::UpdateW(const double*)’:
/home/zlw/End2End/ORB_SLAM3/src/G2oTypes.cc:251:19: warning: comparison of integer expressions of different signedness: ‘int’ and ‘std::vector<ORB_SLAM3::GeometricCamera*>::size_type’ {aka ‘long unsigned int’} [-Wsign-compare]
  251 |     for(int i=0; i<pCamera.size(); i++)
      |                  ~^~~~~~~~~~~~~~~
/home/zlw/End2End/ORB_SLAM3/include/G2oTypes.h: In constructor ‘ORB_SLAM3::InvDepthPoint::InvDepthPoint(double, double, double, ORB_SLAM3::KeyFrame*)’:
/home/zlw/End2End/ORB_SLAM3/include/G2oTypes.h:122:15: warning: ‘ORB_SLAM3::InvDepthPoint::v’ will be initialized after [-Wreorder]
  122 |     double u, v; // they are not variables, observation in the host frame
      |               ^
/home/zlw/End2End/ORB_SLAM3/include/G2oTypes.h:121:12: warning:   ‘double ORB_SLAM3::InvDepthPoint::rho’ [-Wreorder]
  121 |     double rho;
      |            ^~~
/home/zlw/End2End/ORB_SLAM3/src/G2oTypes.cc:258:1: warning:   when initialized here [-Wreorder]
  258 | InvDepthPoint::InvDepthPoint(double _rho, double _u, double _v, KeyFrame* pHostKF): u(_u), v(_v), rho(_rho),
      | ^~~~~~~~~~~~~
/home/zlw/End2End/ORB_SLAM3/src/Optimizer.cc: In static member function ‘static void ORB_SLAM3::Optimizer::FullInertialBA(ORB_SLAM3::Map*, int, bool, long unsigned int, bool*, bool, float, float, Eigen::VectorXd*, bool*)’:
/home/zlw/End2End/ORB_SLAM3/src/Optimizer.cc:525:55: warning: ‘pIncKF’ may be used uninitialized [-Wmaybe-uninitialized]
  525 |         VertexGyroBias* VG = new VertexGyroBias(pIncKF);
      |                                                       ^
/home/zlw/End2End/ORB_SLAM3/src/Optimizer.cc:484:15: note: ‘pIncKF’ was declared here
  484 |     KeyFrame* pIncKF;
      |               ^~~~~~
In file included from /usr/include/eigen3/Eigen/Core:278:
In static member function ‘static void Eigen::internal::Assignment<DstXprType, SrcXprType, Functor, Eigen::internal::Dense2Dense, Weak>::run(DstXprType&, const SrcXprType&, const Functor&) [with DstXprType = Eigen::Matrix<double, 3, 3>; SrcXprType = Eigen::Matrix<double, 3, 3>; Functor = Eigen::internal::assign_op<double, double>; Weak = void]’,
    inlined from ‘void Eigen::internal::call_assignment_no_alias(Dst&, const Src&, const Func&) [with Dst = Eigen::Matrix<double, 3, 3>; Src = Eigen::Matrix<double, 3, 3>; Func = assign_op<double, double>]’ at /usr/include/eigen3/Eigen/src/Core/AssignEvaluator.h:890:49,
    inlined from ‘void Eigen::internal::call_assignment(Dst&, const Src&, const Func&, typename enable_if<(! evaluator_assume_aliasing<Src>::value), void*>::type) [with Dst = Eigen::Matrix<double, 3, 3>; Src = Eigen::Matrix<double, 3, 3>; Func = assign_op<double, double>]’ at /usr/include/eigen3/Eigen/src/Core/AssignEvaluator.h:858:27,
    inlined from ‘void Eigen::internal::call_assignment(Dst&, const Src&) [with Dst = Eigen::Matrix<double, 3, 3>; Src = Eigen::Matrix<double, 3, 3>]’ at /usr/include/eigen3/Eigen/src/Core/AssignEvaluator.h:836:18,
    inlined from ‘Derived& Eigen::PlainObjectBase<Derived>::_set(const Eigen::DenseBase<OtherDerived>&) [with OtherDerived = Eigen::Matrix<double, 3, 3>; Derived = Eigen::Matrix<double, 3, 3>]’ at /usr/include/eigen3/Eigen/src/Core/PlainObjectBase.h:779:32,
    inlined from ‘Eigen::Matrix<_Scalar, _Rows, _Cols, _Options, _MaxRows, _MaxCols>& Eigen::Matrix<_Scalar, _Rows, _Cols, _Options, _MaxRows, _MaxCols>::operator=(const Eigen::Matrix<_Scalar, _Rows, _Cols, _Options, _MaxRows, _MaxCols>&) [with _Scalar = double; int _Rows = 3; int _Cols = 3; int _Options = 0; int _MaxRows = 3; int _MaxCols = 3]’ at /usr/include/eigen3/Eigen/src/Core/Matrix.h:208:24,
    inlined from ‘ORB_SLAM3::GDirection& ORB_SLAM3::GDirection::operator=(const ORB_SLAM3::GDirection&)’ at /home/zlw/End2End/ORB_SLAM3/include/G2oTypes.h:257:7,
    inlined from ‘void g2o::BaseVertex<D, T>::setEstimate(const EstimateType&) [with int D = 2; T = ORB_SLAM3::GDirection]’ at /home/zlw/End2End/ORB_SLAM3/Thirdparty/g2o/g2o/types/../core/base_vertex.h:104:58,
    inlined from ‘ORB_SLAM3::VertexGDir::VertexGDir(Eigen::Matrix3d)’ at /home/zlw/End2End/ORB_SLAM3/include/G2oTypes.h:280:20,
    inlined from ‘static void ORB_SLAM3::Optimizer::InertialOptimization(ORB_SLAM3::Map*, Eigen::Matrix3d&, double&, Eigen::Vector3d&, Eigen::Vector3d&, bool, Eigen::MatrixXd&, bool, bool, float, float)’ at /home/zlw/End2End/ORB_SLAM3/src/Optimizer.cc:4136:43:
/usr/include/eigen3/Eigen/src/Core/AssignEvaluator.h:954:31: warning: ‘<anonymous>’ may be used uninitialized [-Wmaybe-uninitialized]
  954 |     call_dense_assignment_loop(dst, src, func);
      |     ~~~~~~~~~~~~~~~~~~~~~~~~~~^~~~~~~~~~~~~~~~
/usr/include/eigen3/Eigen/src/Core/AssignEvaluator.h: In static member function ‘static void ORB_SLAM3::Optimizer::InertialOptimization(ORB_SLAM3::Map*, Eigen::Matrix3d&, double&, Eigen::Vector3d&, Eigen::Vector3d&, bool, Eigen::MatrixXd&, bool, bool, float, float)’:
/usr/include/eigen3/Eigen/src/Core/AssignEvaluator.h:769:44: note: by argument 2 of type ‘const Eigen::Matrix<double, 3, 3>&’ to ‘void Eigen::internal::call_dense_assignment_loop(DstXprType&, const SrcXprType&, const Functor&) [with DstXprType = Eigen::Matrix<double, 3, 3>; SrcXprType = Eigen::Matrix<double, 3, 3>; Functor = assign_op<double, double>]’ declared here
  769 | EIGEN_DEVICE_FUNC EIGEN_STRONG_INLINE void call_dense_assignment_loop(DstXprType& dst, const SrcXprType& src, const Functor &func)
      |                                            ^~~~~~~~~~~~~~~~~~~~~~~~~~
/home/zlw/End2End/ORB_SLAM3/include/G2oTypes.h:280:36: note: ‘<anonymous>’ declared here
  280 |         setEstimate(GDirection(pRwg));
      |                                    ^
In member function ‘ORB_SLAM3::GDirection& ORB_SLAM3::GDirection::operator=(const ORB_SLAM3::GDirection&)’,
    inlined from ‘void g2o::BaseVertex<D, T>::setEstimate(const EstimateType&) [with int D = 2; T = ORB_SLAM3::GDirection]’ at /home/zlw/End2End/ORB_SLAM3/Thirdparty/g2o/g2o/types/../core/base_vertex.h:104:58,
    inlined from ‘ORB_SLAM3::VertexGDir::VertexGDir(Eigen::Matrix3d)’ at /home/zlw/End2End/ORB_SLAM3/include/G2oTypes.h:280:20,
    inlined from ‘static void ORB_SLAM3::Optimizer::InertialOptimization(ORB_SLAM3::Map*, Eigen::Matrix3d&, double&, Eigen::Vector3d&, Eigen::Vector3d&, bool, Eigen::MatrixXd&, bool, bool, float, float)’ at /home/zlw/End2End/ORB_SLAM3/src/Optimizer.cc:4136:43:
/home/zlw/End2End/ORB_SLAM3/include/G2oTypes.h:257:7: warning: ‘<anonymous>.ORB_SLAM3::GDirection::its’ may be used uninitialized [-Wmaybe-uninitialized]
  257 | class GDirection
      |       ^~~~~~~~~~
/home/zlw/End2End/ORB_SLAM3/include/G2oTypes.h: In static member function ‘static void ORB_SLAM3::Optimizer::InertialOptimization(ORB_SLAM3::Map*, Eigen::Matrix3d&, double&, Eigen::Vector3d&, Eigen::Vector3d&, bool, Eigen::MatrixXd&, bool, bool, float, float)’:
/home/zlw/End2End/ORB_SLAM3/include/G2oTypes.h:280:36: note: ‘<anonymous>’ declared here
  280 |         setEstimate(GDirection(pRwg));
      |                                    ^
In static member function ‘static void Eigen::internal::Assignment<DstXprType, SrcXprType, Functor, Eigen::internal::Dense2Dense, Weak>::run(DstXprType&, const SrcXprType&, const Functor&) [with DstXprType = Eigen::Matrix<double, 3, 3>; SrcXprType = Eigen::Matrix<double, 3, 3>; Functor = Eigen::internal::assign_op<double, double>; Weak = void]’,
    inlined from ‘void Eigen::internal::call_assignment_no_alias(Dst&, const Src&, const Func&) [with Dst = Eigen::Matrix<double, 3, 3>; Src = Eigen::Matrix<double, 3, 3>; Func = assign_op<double, double>]’ at /usr/include/eigen3/Eigen/src/Core/AssignEvaluator.h:890:49,
    inlined from ‘void Eigen::internal::call_assignment(Dst&, const Src&, const Func&, typename enable_if<(! evaluator_assume_aliasing<Src>::value), void*>::type) [with Dst = Eigen::Matrix<double, 3, 3>; Src = Eigen::Matrix<double, 3, 3>; Func = assign_op<double, double>]’ at /usr/include/eigen3/Eigen/src/Core/AssignEvaluator.h:858:27,
    inlined from ‘void Eigen::internal::call_assignment(Dst&, const Src&) [with Dst = Eigen::Matrix<double, 3, 3>; Src = Eigen::Matrix<double, 3, 3>]’ at /usr/include/eigen3/Eigen/src/Core/AssignEvaluator.h:836:18,
    inlined from ‘Derived& Eigen::PlainObjectBase<Derived>::_set(const Eigen::DenseBase<OtherDerived>&) [with OtherDerived = Eigen::Matrix<double, 3, 3>; Derived = Eigen::Matrix<double, 3, 3>]’ at /usr/include/eigen3/Eigen/src/Core/PlainObjectBase.h:779:32,
    inlined from ‘Eigen::Matrix<_Scalar, _Rows, _Cols, _Options, _MaxRows, _MaxCols>& Eigen::Matrix<_Scalar, _Rows, _Cols, _Options, _MaxRows, _MaxCols>::operator=(const Eigen::Matrix<_Scalar, _Rows, _Cols, _Options, _MaxRows, _MaxCols>&) [with _Scalar = double; int _Rows = 3; int _Cols = 3; int _Options = 0; int _MaxRows = 3; int _MaxCols = 3]’ at /usr/include/eigen3/Eigen/src/Core/Matrix.h:208:24,
    inlined from ‘ORB_SLAM3::GDirection& ORB_SLAM3::GDirection::operator=(const ORB_SLAM3::GDirection&)’ at /home/zlw/End2End/ORB_SLAM3/include/G2oTypes.h:257:7,
    inlined from ‘void g2o::BaseVertex<D, T>::setEstimate(const EstimateType&) [with int D = 2; T = ORB_SLAM3::GDirection]’ at /home/zlw/End2End/ORB_SLAM3/Thirdparty/g2o/g2o/types/../core/base_vertex.h:104:58,
    inlined from ‘ORB_SLAM3::VertexGDir::VertexGDir(Eigen::Matrix3d)’ at /home/zlw/End2End/ORB_SLAM3/include/G2oTypes.h:280:20,
    inlined from ‘static void ORB_SLAM3::Optimizer::InertialOptimization(ORB_SLAM3::Map*, Eigen::Vector3d&, Eigen::Vector3d&, float, float)’ at /home/zlw/End2End/ORB_SLAM3/src/Optimizer.cc:4310:67:
/usr/include/eigen3/Eigen/src/Core/AssignEvaluator.h:954:31: warning: ‘<anonymous>’ may be used uninitialized [-Wmaybe-uninitialized]
  954 |     call_dense_assignment_loop(dst, src, func);
      |     ~~~~~~~~~~~~~~~~~~~~~~~~~~^~~~~~~~~~~~~~~~
/usr/include/eigen3/Eigen/src/Core/AssignEvaluator.h: In static member function ‘static void ORB_SLAM3::Optimizer::InertialOptimization(ORB_SLAM3::Map*, Eigen::Vector3d&, Eigen::Vector3d&, float, float)’:
/usr/include/eigen3/Eigen/src/Core/AssignEvaluator.h:769:44: note: by argument 2 of type ‘const Eigen::Matrix<double, 3, 3>&’ to ‘void Eigen::internal::call_dense_assignment_loop(DstXprType&, const SrcXprType&, const Functor&) [with DstXprType = Eigen::Matrix<double, 3, 3>; SrcXprType = Eigen::Matrix<double, 3, 3>; Functor = assign_op<double, double>]’ declared here
  769 | EIGEN_DEVICE_FUNC EIGEN_STRONG_INLINE void call_dense_assignment_loop(DstXprType& dst, const SrcXprType& src, const Functor &func)
      |                                            ^~~~~~~~~~~~~~~~~~~~~~~~~~
/home/zlw/End2End/ORB_SLAM3/include/G2oTypes.h:280:36: note: ‘<anonymous>’ declared here
  280 |         setEstimate(GDirection(pRwg));
      |                                    ^
In member function ‘ORB_SLAM3::GDirection& ORB_SLAM3::GDirection::operator=(const ORB_SLAM3::GDirection&)’,
    inlined from ‘void g2o::BaseVertex<D, T>::setEstimate(const EstimateType&) [with int D = 2; T = ORB_SLAM3::GDirection]’ at /home/zlw/End2End/ORB_SLAM3/Thirdparty/g2o/g2o/types/../core/base_vertex.h:104:58,
    inlined from ‘ORB_SLAM3::VertexGDir::VertexGDir(Eigen::Matrix3d)’ at /home/zlw/End2End/ORB_SLAM3/include/G2oTypes.h:280:20,
    inlined from ‘static void ORB_SLAM3::Optimizer::InertialOptimization(ORB_SLAM3::Map*, Eigen::Vector3d&, Eigen::Vector3d&, float, float)’ at /home/zlw/End2End/ORB_SLAM3/src/Optimizer.cc:4310:67:
/home/zlw/End2End/ORB_SLAM3/include/G2oTypes.h:257:7: warning: ‘<anonymous>.ORB_SLAM3::GDirection::its’ may be used uninitialized [-Wmaybe-uninitialized]
  257 | class GDirection
      |       ^~~~~~~~~~
/home/zlw/End2End/ORB_SLAM3/include/G2oTypes.h: In static member function ‘static void ORB_SLAM3::Optimizer::InertialOptimization(ORB_SLAM3::Map*, Eigen::Vector3d&, Eigen::Vector3d&, float, float)’:
/home/zlw/End2End/ORB_SLAM3/include/G2oTypes.h:280:36: note: ‘<anonymous>’ declared here
  280 |         setEstimate(GDirection(pRwg));
      |                                    ^
In static member function ‘static void Eigen::internal::Assignment<DstXprType, SrcXprType, Functor, Eigen::internal::Dense2Dense, Weak>::run(DstXprType&, const SrcXprType&, const Functor&) [with DstXprType = Eigen::Matrix<double, 3, 3>; SrcXprType = Eigen::Matrix<double, 3, 3>; Functor = Eigen::internal::assign_op<double, double>; Weak = void]’,
    inlined from ‘void Eigen::internal::call_assignment_no_alias(Dst&, const Src&, const Func&) [with Dst = Eigen::Matrix<double, 3, 3>; Src = Eigen::Matrix<double, 3, 3>; Func = assign_op<double, double>]’ at /usr/include/eigen3/Eigen/src/Core/AssignEvaluator.h:890:49,
    inlined from ‘void Eigen::internal::call_assignment(Dst&, const Src&, const Func&, typename enable_if<(! evaluator_assume_aliasing<Src>::value), void*>::type) [with Dst = Eigen::Matrix<double, 3, 3>; Src = Eigen::Matrix<double, 3, 3>; Func = assign_op<double, double>]’ at /usr/include/eigen3/Eigen/src/Core/AssignEvaluator.h:858:27,
    inlined from ‘void Eigen::internal::call_assignment(Dst&, const Src&) [with Dst = Eigen::Matrix<double, 3, 3>; Src = Eigen::Matrix<double, 3, 3>]’ at /usr/include/eigen3/Eigen/src/Core/AssignEvaluator.h:836:18,
    inlined from ‘Derived& Eigen::PlainObjectBase<Derived>::_set(const Eigen::DenseBase<OtherDerived>&) [with OtherDerived = Eigen::Matrix<double, 3, 3>; Derived = Eigen::Matrix<double, 3, 3>]’ at /usr/include/eigen3/Eigen/src/Core/PlainObjectBase.h:779:32,
    inlined from ‘Eigen::Matrix<_Scalar, _Rows, _Cols, _Options, _MaxRows, _MaxCols>& Eigen::Matrix<_Scalar, _Rows, _Cols, _Options, _MaxRows, _MaxCols>::operator=(const Eigen::Matrix<_Scalar, _Rows, _Cols, _Options, _MaxRows, _MaxCols>&) [with _Scalar = double; int _Rows = 3; int _Cols = 3; int _Options = 0; int _MaxRows = 3; int _MaxCols = 3]’ at /usr/include/eigen3/Eigen/src/Core/Matrix.h:208:24,
    inlined from ‘ORB_SLAM3::GDirection& ORB_SLAM3::GDirection::operator=(const ORB_SLAM3::GDirection&)’ at /home/zlw/End2End/ORB_SLAM3/include/G2oTypes.h:257:7,
    inlined from ‘void g2o::BaseVertex<D, T>::setEstimate(const EstimateType&) [with int D = 2; T = ORB_SLAM3::GDirection]’ at /home/zlw/End2End/ORB_SLAM3/Thirdparty/g2o/g2o/types/../core/base_vertex.h:104:58,
    inlined from ‘ORB_SLAM3::VertexGDir::VertexGDir(Eigen::Matrix3d)’ at /home/zlw/End2End/ORB_SLAM3/include/G2oTypes.h:280:20,
    inlined from ‘static void ORB_SLAM3::Optimizer::InertialOptimization(ORB_SLAM3::Map*, Eigen::Matrix3d&, double&)’ at /home/zlw/End2End/ORB_SLAM3/src/Optimizer.cc:4453:43:
/usr/include/eigen3/Eigen/src/Core/AssignEvaluator.h:954:31: warning: ‘<anonymous>’ may be used uninitialized [-Wmaybe-uninitialized]
  954 |     call_dense_assignment_loop(dst, src, func);
      |     ~~~~~~~~~~~~~~~~~~~~~~~~~~^~~~~~~~~~~~~~~~
/usr/include/eigen3/Eigen/src/Core/AssignEvaluator.h: In static member function ‘static void ORB_SLAM3::Optimizer::InertialOptimization(ORB_SLAM3::Map*, Eigen::Matrix3d&, double&)’:
/usr/include/eigen3/Eigen/src/Core/AssignEvaluator.h:769:44: note: by argument 2 of type ‘const Eigen::Matrix<double, 3, 3>&’ to ‘void Eigen::internal::call_dense_assignment_loop(DstXprType&, const SrcXprType&, const Functor&) [with DstXprType = Eigen::Matrix<double, 3, 3>; SrcXprType = Eigen::Matrix<double, 3, 3>; Functor = assign_op<double, double>]’ declared here
  769 | EIGEN_DEVICE_FUNC EIGEN_STRONG_INLINE void call_dense_assignment_loop(DstXprType& dst, const SrcXprType& src, const Functor &func)
      |                                            ^~~~~~~~~~~~~~~~~~~~~~~~~~
/home/zlw/End2End/ORB_SLAM3/include/G2oTypes.h:280:36: note: ‘<anonymous>’ declared here
  280 |         setEstimate(GDirection(pRwg));
      |                                    ^
In member function ‘ORB_SLAM3::GDirection& ORB_SLAM3::GDirection::operator=(const ORB_SLAM3::GDirection&)’,
    inlined from ‘void g2o::BaseVertex<D, T>::setEstimate(const EstimateType&) [with int D = 2; T = ORB_SLAM3::GDirection]’ at /home/zlw/End2End/ORB_SLAM3/Thirdparty/g2o/g2o/types/../core/base_vertex.h:104:58,
    inlined from ‘ORB_SLAM3::VertexGDir::VertexGDir(Eigen::Matrix3d)’ at /home/zlw/End2End/ORB_SLAM3/include/G2oTypes.h:280:20,
    inlined from ‘static void ORB_SLAM3::Optimizer::InertialOptimization(ORB_SLAM3::Map*, Eigen::Matrix3d&, double&)’ at /home/zlw/End2End/ORB_SLAM3/src/Optimizer.cc:4453:43:
/home/zlw/End2End/ORB_SLAM3/include/G2oTypes.h:257:7: warning: ‘<anonymous>.ORB_SLAM3::GDirection::its’ may be used uninitialized [-Wmaybe-uninitialized]
  257 | class GDirection
      |       ^~~~~~~~~~
/home/zlw/End2End/ORB_SLAM3/include/G2oTypes.h: In static member function ‘static void ORB_SLAM3::Optimizer::InertialOptimization(ORB_SLAM3::Map*, Eigen::Matrix3d&, double&)’:
/home/zlw/End2End/ORB_SLAM3/include/G2oTypes.h:280:36: note: ‘<anonymous>’ declared here
  280 |         setEstimate(GDirection(pRwg));
      |                                    ^
[ 57%] Building CXX object CMakeFiles/ORB_SLAM3_h15_f120_o8_purevis.dir/src/CameraModels/Pinhole.cpp.o
In file included from /home/zlw/End2End/ORB_SLAM3/Thirdparty/g2o/g2o/types/types_six_dof_expmap.h:37,
                 from /home/zlw/End2End/ORB_SLAM3/include/Converter.h:26,
                 from /home/zlw/End2End/ORB_SLAM3/include/CameraModels/GeometricCamera.h:39,
                 from /home/zlw/End2End/ORB_SLAM3/include/CameraModels/Pinhole.h:24,
                 from /home/zlw/End2End/ORB_SLAM3/src/CameraModels/Pinhole.cpp:19:
/home/zlw/End2End/ORB_SLAM3/Thirdparty/g2o/g2o/types/../core/base_vertex.h:62:74: warning: ‘Eigen::AlignedBit’ is deprecated [-Wdeprecated-declarations]
   62 |     typedef Eigen::Map<Matrix<double, D, D>, Matrix<double,D,D>::Flags & AlignedBit ? Aligned : Unaligned >  HessianBlockType;
      |                                                                          ^~~~~~~~~~
In file included from /usr/include/eigen3/Eigen/Core:161,
                 from /usr/include/eigen3/Eigen/Dense:1,
                 from /home/zlw/End2End/ORB_SLAM3/Thirdparty/Sophus/sophus/rotation_matrix.hpp:7,
                 from /home/zlw/End2End/ORB_SLAM3/Thirdparty/Sophus/sophus/so3.hpp:7,
                 from /home/zlw/End2End/ORB_SLAM3/Thirdparty/Sophus/sophus/se3.hpp:7,
                 from /home/zlw/End2End/ORB_SLAM3/include/CameraModels/GeometricCamera.h:35:
/usr/include/eigen3/Eigen/src/Core/util/Constants.h:167:37: note: declared here
  167 | EIGEN_DEPRECATED const unsigned int AlignedBit = 0x80;
      |                                     ^~~~~~~~~~
In file included from /home/zlw/End2End/ORB_SLAM3/Thirdparty/g2o/g2o/types/types_six_dof_expmap.h:38:
/home/zlw/End2End/ORB_SLAM3/Thirdparty/g2o/g2o/types/../core/base_binary_edge.h:59:82: warning: ‘Eigen::AlignedBit’ is deprecated [-Wdeprecated-declarations]
   59 |       typedef Eigen::Map<Matrix<double, Di, Dj>, Matrix<double, Di, Dj>::Flags & AlignedBit ? Aligned : Unaligned > HessianBlockType;
      |                                                                                  ^~~~~~~~~~
/usr/include/eigen3/Eigen/src/Core/util/Constants.h:167:37: note: declared here
  167 | EIGEN_DEPRECATED const unsigned int AlignedBit = 0x80;
      |                                     ^~~~~~~~~~
/home/zlw/End2End/ORB_SLAM3/Thirdparty/g2o/g2o/types/../core/base_binary_edge.h:60:82: warning: ‘Eigen::AlignedBit’ is deprecated [-Wdeprecated-declarations]
   60 |       typedef Eigen::Map<Matrix<double, Dj, Di>, Matrix<double, Dj, Di>::Flags & AlignedBit ? Aligned : Unaligned > HessianBlockTransposedType;
      |                                                                                  ^~~~~~~~~~
/usr/include/eigen3/Eigen/src/Core/util/Constants.h:167:37: note: declared here
  167 | EIGEN_DEPRECATED const unsigned int AlignedBit = 0x80;
      |                                     ^~~~~~~~~~
/home/zlw/End2End/ORB_SLAM3/Thirdparty/g2o/g2o/types/../core/base_vertex.h: In instantiation of ‘class g2o::BaseVertex<3, Eigen::Matrix<double, 3, 1> >’:
/home/zlw/End2End/ORB_SLAM3/Thirdparty/g2o/g2o/types/types_sba.h:40:35:   required from here
/home/zlw/End2End/ORB_SLAM3/Thirdparty/g2o/g2o/types/../core/base_vertex.h:62:72: warning: ‘Eigen::AlignedBit’ is deprecated [-Wdeprecated-declarations]
   62 |     typedef Eigen::Map<Matrix<double, D, D>, Matrix<double,D,D>::Flags & AlignedBit ? Aligned : Unaligned >  HessianBlockType;
      |                                                                  ~~~~~~^~~~~~~~~~~~
/usr/include/eigen3/Eigen/src/Core/util/Constants.h:167:37: note: declared here
  167 | EIGEN_DEPRECATED const unsigned int AlignedBit = 0x80;
      |                                     ^~~~~~~~~~
/home/zlw/End2End/ORB_SLAM3/Thirdparty/g2o/g2o/types/../core/base_vertex.h: In instantiation of ‘class g2o::BaseVertex<6, g2o::SE3Quat>’:
/home/zlw/End2End/ORB_SLAM3/Thirdparty/g2o/g2o/types/types_six_dof_expmap.h:59:33:   required from here
/home/zlw/End2End/ORB_SLAM3/Thirdparty/g2o/g2o/types/../core/base_vertex.h:62:72: warning: ‘Eigen::AlignedBit’ is deprecated [-Wdeprecated-declarations]
   62 |     typedef Eigen::Map<Matrix<double, D, D>, Matrix<double,D,D>::Flags & AlignedBit ? Aligned : Unaligned >  HessianBlockType;
      |                                                                  ~~~~~~^~~~~~~~~~~~
/usr/include/eigen3/Eigen/src/Core/util/Constants.h:167:37: note: declared here
  167 | EIGEN_DEPRECATED const unsigned int AlignedBit = 0x80;
      |                                     ^~~~~~~~~~
/home/zlw/End2End/ORB_SLAM3/Thirdparty/g2o/g2o/types/../core/base_binary_edge.h: In instantiation of ‘class g2o::BaseBinaryEdge<6, g2o::SE3Quat, g2o::VertexSE3Expmap, g2o::VertexSE3Expmap>’:
/home/zlw/End2End/ORB_SLAM3/Thirdparty/g2o/g2o/types/types_six_dof_expmap.h:83:24:   required from here
/home/zlw/End2End/ORB_SLAM3/Thirdparty/g2o/g2o/types/../core/base_binary_edge.h:59:80: warning: ‘Eigen::AlignedBit’ is deprecated [-Wdeprecated-declarations]
   59 |       typedef Eigen::Map<Matrix<double, Di, Dj>, Matrix<double, Di, Dj>::Flags & AlignedBit ? Aligned : Unaligned > HessianBlockType;
      |                                                                          ~~~~~~^~~~~~~~~~~~
/usr/include/eigen3/Eigen/src/Core/util/Constants.h:167:37: note: declared here
  167 | EIGEN_DEPRECATED const unsigned int AlignedBit = 0x80;
      |                                     ^~~~~~~~~~
/home/zlw/End2End/ORB_SLAM3/Thirdparty/g2o/g2o/types/../core/base_binary_edge.h:60:80: warning: ‘Eigen::AlignedBit’ is deprecated [-Wdeprecated-declarations]
   60 |       typedef Eigen::Map<Matrix<double, Dj, Di>, Matrix<double, Dj, Di>::Flags & AlignedBit ? Aligned : Unaligned > HessianBlockTransposedType;
      |                                                                          ~~~~~~^~~~~~~~~~~~
/usr/include/eigen3/Eigen/src/Core/util/Constants.h:167:37: note: declared here
  167 | EIGEN_DEPRECATED const unsigned int AlignedBit = 0x80;
      |                                     ^~~~~~~~~~
/home/zlw/End2End/ORB_SLAM3/Thirdparty/g2o/g2o/types/../core/base_binary_edge.h: In instantiation of ‘class g2o::BaseBinaryEdge<2, Eigen::Matrix<double, 2, 1>, g2o::VertexSBAPointXYZ, g2o::VertexSE3Expmap>’:
/home/zlw/End2End/ORB_SLAM3/Thirdparty/g2o/g2o/types/types_six_dof_expmap.h:114:35:   required from here
/home/zlw/End2End/ORB_SLAM3/Thirdparty/g2o/g2o/types/../core/base_binary_edge.h:59:80: warning: ‘Eigen::AlignedBit’ is deprecated [-Wdeprecated-declarations]
   59 |       typedef Eigen::Map<Matrix<double, Di, Dj>, Matrix<double, Di, Dj>::Flags & AlignedBit ? Aligned : Unaligned > HessianBlockType;
      |                                                                          ~~~~~~^~~~~~~~~~~~
/usr/include/eigen3/Eigen/src/Core/util/Constants.h:167:37: note: declared here
  167 | EIGEN_DEPRECATED const unsigned int AlignedBit = 0x80;
      |                                     ^~~~~~~~~~
/home/zlw/End2End/ORB_SLAM3/Thirdparty/g2o/g2o/types/../core/base_binary_edge.h:60:80: warning: ‘Eigen::AlignedBit’ is deprecated [-Wdeprecated-declarations]
   60 |       typedef Eigen::Map<Matrix<double, Dj, Di>, Matrix<double, Dj, Di>::Flags & AlignedBit ? Aligned : Unaligned > HessianBlockTransposedType;
      |                                                                          ~~~~~~^~~~~~~~~~~~
/usr/include/eigen3/Eigen/src/Core/util/Constants.h:167:37: note: declared here
  167 | EIGEN_DEPRECATED const unsigned int AlignedBit = 0x80;
      |                                     ^~~~~~~~~~
/home/zlw/End2End/ORB_SLAM3/Thirdparty/g2o/g2o/types/../core/base_binary_edge.h: In instantiation of ‘class g2o::BaseBinaryEdge<3, Eigen::Matrix<double, 3, 1>, g2o::VertexSBAPointXYZ, g2o::VertexSE3Expmap>’:
/home/zlw/End2End/ORB_SLAM3/Thirdparty/g2o/g2o/types/types_six_dof_expmap.h:146:41:   required from here
/home/zlw/End2End/ORB_SLAM3/Thirdparty/g2o/g2o/types/../core/base_binary_edge.h:59:80: warning: ‘Eigen::AlignedBit’ is deprecated [-Wdeprecated-declarations]
   59 |       typedef Eigen::Map<Matrix<double, Di, Dj>, Matrix<double, Di, Dj>::Flags & AlignedBit ? Aligned : Unaligned > HessianBlockType;
      |                                                                          ~~~~~~^~~~~~~~~~~~
/usr/include/eigen3/Eigen/src/Core/util/Constants.h:167:37: note: declared here
  167 | EIGEN_DEPRECATED const unsigned int AlignedBit = 0x80;
      |                                     ^~~~~~~~~~
/home/zlw/End2End/ORB_SLAM3/Thirdparty/g2o/g2o/types/../core/base_binary_edge.h:60:80: warning: ‘Eigen::AlignedBit’ is deprecated [-Wdeprecated-declarations]
   60 |       typedef Eigen::Map<Matrix<double, Dj, Di>, Matrix<double, Dj, Di>::Flags & AlignedBit ? Aligned : Unaligned > HessianBlockTransposedType;
      |                                                                          ~~~~~~^~~~~~~~~~~~
/usr/include/eigen3/Eigen/src/Core/util/Constants.h:167:37: note: declared here
  167 | EIGEN_DEPRECATED const unsigned int AlignedBit = 0x80;
      |                                     ^~~~~~~~~~
/home/zlw/End2End/ORB_SLAM3/Thirdparty/g2o/g2o/types/../core/base_vertex.h: In instantiation of ‘class g2o::BaseVertex<7, g2o::Sim3>’:
/home/zlw/End2End/ORB_SLAM3/Thirdparty/g2o/g2o/types/types_seven_dof_expmap.h:48:35:   required from here
/home/zlw/End2End/ORB_SLAM3/Thirdparty/g2o/g2o/types/../core/base_vertex.h:62:72: warning: ‘Eigen::AlignedBit’ is deprecated [-Wdeprecated-declarations]
   62 |     typedef Eigen::Map<Matrix<double, D, D>, Matrix<double,D,D>::Flags & AlignedBit ? Aligned : Unaligned >  HessianBlockType;
      |                                                                  ~~~~~~^~~~~~~~~~~~
/usr/include/eigen3/Eigen/src/Core/util/Constants.h:167:37: note: declared here
  167 | EIGEN_DEPRECATED const unsigned int AlignedBit = 0x80;
      |                                     ^~~~~~~~~~
/home/zlw/End2End/ORB_SLAM3/Thirdparty/g2o/g2o/types/../core/base_binary_edge.h: In instantiation of ‘class g2o::BaseBinaryEdge<7, g2o::Sim3, g2o::VertexSim3Expmap, g2o::VertexSim3Expmap>’:
/home/zlw/End2End/ORB_SLAM3/Thirdparty/g2o/g2o/types/types_seven_dof_expmap.h:99:27:   required from here
/home/zlw/End2End/ORB_SLAM3/Thirdparty/g2o/g2o/types/../core/base_binary_edge.h:59:80: warning: ‘Eigen::AlignedBit’ is deprecated [-Wdeprecated-declarations]
   59 |       typedef Eigen::Map<Matrix<double, Di, Dj>, Matrix<double, Di, Dj>::Flags & AlignedBit ? Aligned : Unaligned > HessianBlockType;
      |                                                                          ~~~~~~^~~~~~~~~~~~
/usr/include/eigen3/Eigen/src/Core/util/Constants.h:167:37: note: declared here
  167 | EIGEN_DEPRECATED const unsigned int AlignedBit = 0x80;
      |                                     ^~~~~~~~~~
/home/zlw/End2End/ORB_SLAM3/Thirdparty/g2o/g2o/types/../core/base_binary_edge.h:60:80: warning: ‘Eigen::AlignedBit’ is deprecated [-Wdeprecated-declarations]
   60 |       typedef Eigen::Map<Matrix<double, Dj, Di>, Matrix<double, Dj, Di>::Flags & AlignedBit ? Aligned : Unaligned > HessianBlockTransposedType;
      |                                                                          ~~~~~~^~~~~~~~~~~~
/usr/include/eigen3/Eigen/src/Core/util/Constants.h:167:37: note: declared here
  167 | EIGEN_DEPRECATED const unsigned int AlignedBit = 0x80;
      |                                     ^~~~~~~~~~
/home/zlw/End2End/ORB_SLAM3/Thirdparty/g2o/g2o/types/../core/base_binary_edge.h: In instantiation of ‘class g2o::BaseBinaryEdge<2, Eigen::Matrix<double, 2, 1>, g2o::VertexSBAPointXYZ, g2o::VertexSim3Expmap>’:
/home/zlw/End2End/ORB_SLAM3/Thirdparty/g2o/g2o/types/types_seven_dof_expmap.h:130:36:   required from here
/home/zlw/End2End/ORB_SLAM3/Thirdparty/g2o/g2o/types/../core/base_binary_edge.h:59:80: warning: ‘Eigen::AlignedBit’ is deprecated [-Wdeprecated-declarations]
   59 |       typedef Eigen::Map<Matrix<double, Di, Dj>, Matrix<double, Di, Dj>::Flags & AlignedBit ? Aligned : Unaligned > HessianBlockType;
      |                                                                          ~~~~~~^~~~~~~~~~~~
/usr/include/eigen3/Eigen/src/Core/util/Constants.h:167:37: note: declared here
  167 | EIGEN_DEPRECATED const unsigned int AlignedBit = 0x80;
      |                                     ^~~~~~~~~~
/home/zlw/End2End/ORB_SLAM3/Thirdparty/g2o/g2o/types/../core/base_binary_edge.h:60:80: warning: ‘Eigen::AlignedBit’ is deprecated [-Wdeprecated-declarations]
   60 |       typedef Eigen::Map<Matrix<double, Dj, Di>, Matrix<double, Dj, Di>::Flags & AlignedBit ? Aligned : Unaligned > HessianBlockTransposedType;
      |                                                                          ~~~~~~^~~~~~~~~~~~
/usr/include/eigen3/Eigen/src/Core/util/Constants.h:167:37: note: declared here
  167 | EIGEN_DEPRECATED const unsigned int AlignedBit = 0x80;
      |                                     ^~~~~~~~~~
[ 57%] Building CXX object CMakeFiles/ORB_SLAM3_h15_f120_o8_purevis.dir/src/CameraModels/KannalaBrandt8.cpp.o
In file included from /home/zlw/End2End/ORB_SLAM3/Thirdparty/g2o/g2o/types/types_six_dof_expmap.h:37,
                 from /home/zlw/End2End/ORB_SLAM3/include/Converter.h:26,
                 from /home/zlw/End2End/ORB_SLAM3/include/CameraModels/GeometricCamera.h:39,
                 from /home/zlw/End2End/ORB_SLAM3/include/CameraModels/KannalaBrandt8.h:25,
                 from /home/zlw/End2End/ORB_SLAM3/src/CameraModels/KannalaBrandt8.cpp:19:
/home/zlw/End2End/ORB_SLAM3/Thirdparty/g2o/g2o/types/../core/base_vertex.h:62:74: warning: ‘Eigen::AlignedBit’ is deprecated [-Wdeprecated-declarations]
   62 |     typedef Eigen::Map<Matrix<double, D, D>, Matrix<double,D,D>::Flags & AlignedBit ? Aligned : Unaligned >  HessianBlockType;
      |                                                                          ^~~~~~~~~~
In file included from /usr/include/eigen3/Eigen/Core:161,
                 from /usr/include/eigen3/Eigen/Dense:1,
                 from /home/zlw/End2End/ORB_SLAM3/Thirdparty/Sophus/sophus/rotation_matrix.hpp:7,
                 from /home/zlw/End2End/ORB_SLAM3/Thirdparty/Sophus/sophus/so3.hpp:7,
                 from /home/zlw/End2End/ORB_SLAM3/Thirdparty/Sophus/sophus/se3.hpp:7,
                 from /home/zlw/End2End/ORB_SLAM3/include/CameraModels/GeometricCamera.h:35:
/usr/include/eigen3/Eigen/src/Core/util/Constants.h:167:37: note: declared here
  167 | EIGEN_DEPRECATED const unsigned int AlignedBit = 0x80;
      |                                     ^~~~~~~~~~
In file included from /home/zlw/End2End/ORB_SLAM3/Thirdparty/g2o/g2o/types/types_six_dof_expmap.h:38:
/home/zlw/End2End/ORB_SLAM3/Thirdparty/g2o/g2o/types/../core/base_binary_edge.h:59:82: warning: ‘Eigen::AlignedBit’ is deprecated [-Wdeprecated-declarations]
   59 |       typedef Eigen::Map<Matrix<double, Di, Dj>, Matrix<double, Di, Dj>::Flags & AlignedBit ? Aligned : Unaligned > HessianBlockType;
      |                                                                                  ^~~~~~~~~~
/usr/include/eigen3/Eigen/src/Core/util/Constants.h:167:37: note: declared here
  167 | EIGEN_DEPRECATED const unsigned int AlignedBit = 0x80;
      |                                     ^~~~~~~~~~
/home/zlw/End2End/ORB_SLAM3/Thirdparty/g2o/g2o/types/../core/base_binary_edge.h:60:82: warning: ‘Eigen::AlignedBit’ is deprecated [-Wdeprecated-declarations]
   60 |       typedef Eigen::Map<Matrix<double, Dj, Di>, Matrix<double, Dj, Di>::Flags & AlignedBit ? Aligned : Unaligned > HessianBlockTransposedType;
      |                                                                                  ^~~~~~~~~~
/usr/include/eigen3/Eigen/src/Core/util/Constants.h:167:37: note: declared here
  167 | EIGEN_DEPRECATED const unsigned int AlignedBit = 0x80;
      |                                     ^~~~~~~~~~
/home/zlw/End2End/ORB_SLAM3/Thirdparty/g2o/g2o/types/../core/base_vertex.h: In instantiation of ‘class g2o::BaseVertex<3, Eigen::Matrix<double, 3, 1> >’:
/home/zlw/End2End/ORB_SLAM3/Thirdparty/g2o/g2o/types/types_sba.h:40:35:   required from here
/home/zlw/End2End/ORB_SLAM3/Thirdparty/g2o/g2o/types/../core/base_vertex.h:62:72: warning: ‘Eigen::AlignedBit’ is deprecated [-Wdeprecated-declarations]
   62 |     typedef Eigen::Map<Matrix<double, D, D>, Matrix<double,D,D>::Flags & AlignedBit ? Aligned : Unaligned >  HessianBlockType;
      |                                                                  ~~~~~~^~~~~~~~~~~~
/usr/include/eigen3/Eigen/src/Core/util/Constants.h:167:37: note: declared here
  167 | EIGEN_DEPRECATED const unsigned int AlignedBit = 0x80;
      |                                     ^~~~~~~~~~
/home/zlw/End2End/ORB_SLAM3/Thirdparty/g2o/g2o/types/../core/base_vertex.h: In instantiation of ‘class g2o::BaseVertex<6, g2o::SE3Quat>’:
/home/zlw/End2End/ORB_SLAM3/Thirdparty/g2o/g2o/types/types_six_dof_expmap.h:59:33:   required from here
/home/zlw/End2End/ORB_SLAM3/Thirdparty/g2o/g2o/types/../core/base_vertex.h:62:72: warning: ‘Eigen::AlignedBit’ is deprecated [-Wdeprecated-declarations]
   62 |     typedef Eigen::Map<Matrix<double, D, D>, Matrix<double,D,D>::Flags & AlignedBit ? Aligned : Unaligned >  HessianBlockType;
      |                                                                  ~~~~~~^~~~~~~~~~~~
/usr/include/eigen3/Eigen/src/Core/util/Constants.h:167:37: note: declared here
  167 | EIGEN_DEPRECATED const unsigned int AlignedBit = 0x80;
      |                                     ^~~~~~~~~~
/home/zlw/End2End/ORB_SLAM3/Thirdparty/g2o/g2o/types/../core/base_binary_edge.h: In instantiation of ‘class g2o::BaseBinaryEdge<6, g2o::SE3Quat, g2o::VertexSE3Expmap, g2o::VertexSE3Expmap>’:
/home/zlw/End2End/ORB_SLAM3/Thirdparty/g2o/g2o/types/types_six_dof_expmap.h:83:24:   required from here
/home/zlw/End2End/ORB_SLAM3/Thirdparty/g2o/g2o/types/../core/base_binary_edge.h:59:80: warning: ‘Eigen::AlignedBit’ is deprecated [-Wdeprecated-declarations]
   59 |       typedef Eigen::Map<Matrix<double, Di, Dj>, Matrix<double, Di, Dj>::Flags & AlignedBit ? Aligned : Unaligned > HessianBlockType;
      |                                                                          ~~~~~~^~~~~~~~~~~~
/usr/include/eigen3/Eigen/src/Core/util/Constants.h:167:37: note: declared here
  167 | EIGEN_DEPRECATED const unsigned int AlignedBit = 0x80;
      |                                     ^~~~~~~~~~
/home/zlw/End2End/ORB_SLAM3/Thirdparty/g2o/g2o/types/../core/base_binary_edge.h:60:80: warning: ‘Eigen::AlignedBit’ is deprecated [-Wdeprecated-declarations]
   60 |       typedef Eigen::Map<Matrix<double, Dj, Di>, Matrix<double, Dj, Di>::Flags & AlignedBit ? Aligned : Unaligned > HessianBlockTransposedType;
      |                                                                          ~~~~~~^~~~~~~~~~~~
/usr/include/eigen3/Eigen/src/Core/util/Constants.h:167:37: note: declared here
  167 | EIGEN_DEPRECATED const unsigned int AlignedBit = 0x80;
      |                                     ^~~~~~~~~~
/home/zlw/End2End/ORB_SLAM3/Thirdparty/g2o/g2o/types/../core/base_binary_edge.h: In instantiation of ‘class g2o::BaseBinaryEdge<2, Eigen::Matrix<double, 2, 1>, g2o::VertexSBAPointXYZ, g2o::VertexSE3Expmap>’:
/home/zlw/End2End/ORB_SLAM3/Thirdparty/g2o/g2o/types/types_six_dof_expmap.h:114:35:   required from here
/home/zlw/End2End/ORB_SLAM3/Thirdparty/g2o/g2o/types/../core/base_binary_edge.h:59:80: warning: ‘Eigen::AlignedBit’ is deprecated [-Wdeprecated-declarations]
   59 |       typedef Eigen::Map<Matrix<double, Di, Dj>, Matrix<double, Di, Dj>::Flags & AlignedBit ? Aligned : Unaligned > HessianBlockType;
      |                                                                          ~~~~~~^~~~~~~~~~~~
/usr/include/eigen3/Eigen/src/Core/util/Constants.h:167:37: note: declared here
  167 | EIGEN_DEPRECATED const unsigned int AlignedBit = 0x80;
      |                                     ^~~~~~~~~~
/home/zlw/End2End/ORB_SLAM3/Thirdparty/g2o/g2o/types/../core/base_binary_edge.h:60:80: warning: ‘Eigen::AlignedBit’ is deprecated [-Wdeprecated-declarations]
   60 |       typedef Eigen::Map<Matrix<double, Dj, Di>, Matrix<double, Dj, Di>::Flags & AlignedBit ? Aligned : Unaligned > HessianBlockTransposedType;
      |                                                                          ~~~~~~^~~~~~~~~~~~
/usr/include/eigen3/Eigen/src/Core/util/Constants.h:167:37: note: declared here
  167 | EIGEN_DEPRECATED const unsigned int AlignedBit = 0x80;
      |                                     ^~~~~~~~~~
/home/zlw/End2End/ORB_SLAM3/Thirdparty/g2o/g2o/types/../core/base_binary_edge.h: In instantiation of ‘class g2o::BaseBinaryEdge<3, Eigen::Matrix<double, 3, 1>, g2o::VertexSBAPointXYZ, g2o::VertexSE3Expmap>’:
/home/zlw/End2End/ORB_SLAM3/Thirdparty/g2o/g2o/types/types_six_dof_expmap.h:146:41:   required from here
/home/zlw/End2End/ORB_SLAM3/Thirdparty/g2o/g2o/types/../core/base_binary_edge.h:59:80: warning: ‘Eigen::AlignedBit’ is deprecated [-Wdeprecated-declarations]
   59 |       typedef Eigen::Map<Matrix<double, Di, Dj>, Matrix<double, Di, Dj>::Flags & AlignedBit ? Aligned : Unaligned > HessianBlockType;
      |                                                                          ~~~~~~^~~~~~~~~~~~
/usr/include/eigen3/Eigen/src/Core/util/Constants.h:167:37: note: declared here
  167 | EIGEN_DEPRECATED const unsigned int AlignedBit = 0x80;
      |                                     ^~~~~~~~~~
/home/zlw/End2End/ORB_SLAM3/Thirdparty/g2o/g2o/types/../core/base_binary_edge.h:60:80: warning: ‘Eigen::AlignedBit’ is deprecated [-Wdeprecated-declarations]
   60 |       typedef Eigen::Map<Matrix<double, Dj, Di>, Matrix<double, Dj, Di>::Flags & AlignedBit ? Aligned : Unaligned > HessianBlockTransposedType;
      |                                                                          ~~~~~~^~~~~~~~~~~~
/usr/include/eigen3/Eigen/src/Core/util/Constants.h:167:37: note: declared here
  167 | EIGEN_DEPRECATED const unsigned int AlignedBit = 0x80;
      |                                     ^~~~~~~~~~
/home/zlw/End2End/ORB_SLAM3/Thirdparty/g2o/g2o/types/../core/base_vertex.h: In instantiation of ‘class g2o::BaseVertex<7, g2o::Sim3>’:
/home/zlw/End2End/ORB_SLAM3/Thirdparty/g2o/g2o/types/types_seven_dof_expmap.h:48:35:   required from here
/home/zlw/End2End/ORB_SLAM3/Thirdparty/g2o/g2o/types/../core/base_vertex.h:62:72: warning: ‘Eigen::AlignedBit’ is deprecated [-Wdeprecated-declarations]
   62 |     typedef Eigen::Map<Matrix<double, D, D>, Matrix<double,D,D>::Flags & AlignedBit ? Aligned : Unaligned >  HessianBlockType;
      |                                                                  ~~~~~~^~~~~~~~~~~~
/usr/include/eigen3/Eigen/src/Core/util/Constants.h:167:37: note: declared here
  167 | EIGEN_DEPRECATED const unsigned int AlignedBit = 0x80;
      |                                     ^~~~~~~~~~
/home/zlw/End2End/ORB_SLAM3/Thirdparty/g2o/g2o/types/../core/base_binary_edge.h: In instantiation of ‘class g2o::BaseBinaryEdge<7, g2o::Sim3, g2o::VertexSim3Expmap, g2o::VertexSim3Expmap>’:
/home/zlw/End2End/ORB_SLAM3/Thirdparty/g2o/g2o/types/types_seven_dof_expmap.h:99:27:   required from here
/home/zlw/End2End/ORB_SLAM3/Thirdparty/g2o/g2o/types/../core/base_binary_edge.h:59:80: warning: ‘Eigen::AlignedBit’ is deprecated [-Wdeprecated-declarations]
   59 |       typedef Eigen::Map<Matrix<double, Di, Dj>, Matrix<double, Di, Dj>::Flags & AlignedBit ? Aligned : Unaligned > HessianBlockType;
      |                                                                          ~~~~~~^~~~~~~~~~~~
/usr/include/eigen3/Eigen/src/Core/util/Constants.h:167:37: note: declared here
  167 | EIGEN_DEPRECATED const unsigned int AlignedBit = 0x80;
      |                                     ^~~~~~~~~~
/home/zlw/End2End/ORB_SLAM3/Thirdparty/g2o/g2o/types/../core/base_binary_edge.h:60:80: warning: ‘Eigen::AlignedBit’ is deprecated [-Wdeprecated-declarations]
   60 |       typedef Eigen::Map<Matrix<double, Dj, Di>, Matrix<double, Dj, Di>::Flags & AlignedBit ? Aligned : Unaligned > HessianBlockTransposedType;
      |                                                                          ~~~~~~^~~~~~~~~~~~
/usr/include/eigen3/Eigen/src/Core/util/Constants.h:167:37: note: declared here
  167 | EIGEN_DEPRECATED const unsigned int AlignedBit = 0x80;
      |                                     ^~~~~~~~~~
/home/zlw/End2End/ORB_SLAM3/Thirdparty/g2o/g2o/types/../core/base_binary_edge.h: In instantiation of ‘class g2o::BaseBinaryEdge<2, Eigen::Matrix<double, 2, 1>, g2o::VertexSBAPointXYZ, g2o::VertexSim3Expmap>’:
/home/zlw/End2End/ORB_SLAM3/Thirdparty/g2o/g2o/types/types_seven_dof_expmap.h:130:36:   required from here
/home/zlw/End2End/ORB_SLAM3/Thirdparty/g2o/g2o/types/../core/base_binary_edge.h:59:80: warning: ‘Eigen::AlignedBit’ is deprecated [-Wdeprecated-declarations]
   59 |       typedef Eigen::Map<Matrix<double, Di, Dj>, Matrix<double, Di, Dj>::Flags & AlignedBit ? Aligned : Unaligned > HessianBlockType;
      |                                                                          ~~~~~~^~~~~~~~~~~~
/usr/include/eigen3/Eigen/src/Core/util/Constants.h:167:37: note: declared here
  167 | EIGEN_DEPRECATED const unsigned int AlignedBit = 0x80;
      |                                     ^~~~~~~~~~
/home/zlw/End2End/ORB_SLAM3/Thirdparty/g2o/g2o/types/../core/base_binary_edge.h:60:80: warning: ‘Eigen::AlignedBit’ is deprecated [-Wdeprecated-declarations]
   60 |       typedef Eigen::Map<Matrix<double, Dj, Di>, Matrix<double, Dj, Di>::Flags & AlignedBit ? Aligned : Unaligned > HessianBlockTransposedType;
      |                                                                          ~~~~~~^~~~~~~~~~~~
/usr/include/eigen3/Eigen/src/Core/util/Constants.h:167:37: note: declared here
  167 | EIGEN_DEPRECATED const unsigned int AlignedBit = 0x80;
      |                                     ^~~~~~~~~~
/home/zlw/End2End/ORB_SLAM3/include/CameraModels/KannalaBrandt8.h: In constructor ‘ORB_SLAM3::KannalaBrandt8::KannalaBrandt8(std::vector<float>)’:
/home/zlw/End2End/ORB_SLAM3/include/CameraModels/KannalaBrandt8.h:102:21: warning: ‘ORB_SLAM3::KannalaBrandt8::precision’ will be initialized after [-Wreorder]
  102 |         const float precision;
      |                     ^~~~~~~~~
/home/zlw/End2End/ORB_SLAM3/include/CameraModels/KannalaBrandt8.h:88:26: warning:   ‘std::vector<int> ORB_SLAM3::KannalaBrandt8::mvLappingArea’ [-Wreorder]
   88 |         std::vector<int> mvLappingArea;
      |                          ^~~~~~~~~~~~~
/home/zlw/End2End/ORB_SLAM3/include/CameraModels/KannalaBrandt8.h:47:9: warning:   when initialized here [-Wreorder]
   47 |         KannalaBrandt8(const std::vector<float> _vParameters) : GeometricCamera(_vParameters), precision(1e-6), mvLappingArea(2,0) ,tvr(nullptr) {
      |         ^~~~~~~~~~~~~~
/home/zlw/End2End/ORB_SLAM3/include/CameraModels/KannalaBrandt8.h: In constructor ‘ORB_SLAM3::KannalaBrandt8::KannalaBrandt8(std::vector<float>, float)’:
/home/zlw/End2End/ORB_SLAM3/include/CameraModels/KannalaBrandt8.h:102:21: warning: ‘ORB_SLAM3::KannalaBrandt8::precision’ will be initialized after [-Wreorder]
  102 |         const float precision;
      |                     ^~~~~~~~~
/home/zlw/End2End/ORB_SLAM3/include/CameraModels/KannalaBrandt8.h:88:26: warning:   ‘std::vector<int> ORB_SLAM3::KannalaBrandt8::mvLappingArea’ [-Wreorder]
   88 |         std::vector<int> mvLappingArea;
      |                          ^~~~~~~~~~~~~
/home/zlw/End2End/ORB_SLAM3/include/CameraModels/KannalaBrandt8.h:53:9: warning:   when initialized here [-Wreorder]
   53 |         KannalaBrandt8(const std::vector<float> _vParameters, const float _precision) : GeometricCamera(_vParameters),
      |         ^~~~~~~~~~~~~~
/home/zlw/End2End/ORB_SLAM3/include/CameraModels/KannalaBrandt8.h: In constructor ‘ORB_SLAM3::KannalaBrandt8::KannalaBrandt8(ORB_SLAM3::KannalaBrandt8*)’:
/home/zlw/End2End/ORB_SLAM3/include/CameraModels/KannalaBrandt8.h:102:21: warning: ‘ORB_SLAM3::KannalaBrandt8::precision’ will be initialized after [-Wreorder]
  102 |         const float precision;
      |                     ^~~~~~~~~
/home/zlw/End2End/ORB_SLAM3/include/CameraModels/KannalaBrandt8.h:88:26: warning:   ‘std::vector<int> ORB_SLAM3::KannalaBrandt8::mvLappingArea’ [-Wreorder]
   88 |         std::vector<int> mvLappingArea;
      |                          ^~~~~~~~~~~~~
/home/zlw/End2End/ORB_SLAM3/include/CameraModels/KannalaBrandt8.h:59:9: warning:   when initialized here [-Wreorder]
   59 |         KannalaBrandt8(KannalaBrandt8* pKannala) : GeometricCamera(pKannala->mvParameters), precision(pKannala->precision), mvLappingArea(2,0) ,tvr(nullptr) {
      |         ^~~~~~~~~~~~~~
[ 57%] Building CXX object CMakeFiles/ORB_SLAM3_h15_f120_o8_purevis.dir/src/OptimizableTypes.cpp.o
In file included from /home/zlw/End2End/ORB_SLAM3/Thirdparty/g2o/g2o/types/types_six_dof_expmap.h:37,
                 from /home/zlw/End2End/ORB_SLAM3/include/OptimizableTypes.h:23,
                 from /home/zlw/End2End/ORB_SLAM3/src/OptimizableTypes.cpp:19:
/home/zlw/End2End/ORB_SLAM3/Thirdparty/g2o/g2o/types/../core/base_vertex.h:62:74: warning: ‘Eigen::AlignedBit’ is deprecated [-Wdeprecated-declarations]
   62 |     typedef Eigen::Map<Matrix<double, D, D>, Matrix<double,D,D>::Flags & AlignedBit ? Aligned : Unaligned >  HessianBlockType;
      |                                                                          ^~~~~~~~~~
In file included from /usr/include/eigen3/Eigen/Core:161,
                 from /home/zlw/End2End/ORB_SLAM3/Thirdparty/g2o/g2o/core/base_edge.h:33,
                 from /home/zlw/End2End/ORB_SLAM3/Thirdparty/g2o/g2o/core/base_unary_edge.h:34,
                 from /home/zlw/End2End/ORB_SLAM3/include/OptimizableTypes.h:22:
/usr/include/eigen3/Eigen/src/Core/util/Constants.h:167:37: note: declared here
  167 | EIGEN_DEPRECATED const unsigned int AlignedBit = 0x80;
      |                                     ^~~~~~~~~~
In file included from /home/zlw/End2End/ORB_SLAM3/Thirdparty/g2o/g2o/types/types_six_dof_expmap.h:38:
/home/zlw/End2End/ORB_SLAM3/Thirdparty/g2o/g2o/types/../core/base_binary_edge.h:59:82: warning: ‘Eigen::AlignedBit’ is deprecated [-Wdeprecated-declarations]
   59 |       typedef Eigen::Map<Matrix<double, Di, Dj>, Matrix<double, Di, Dj>::Flags & AlignedBit ? Aligned : Unaligned > HessianBlockType;
      |                                                                                  ^~~~~~~~~~
/usr/include/eigen3/Eigen/src/Core/util/Constants.h:167:37: note: declared here
  167 | EIGEN_DEPRECATED const unsigned int AlignedBit = 0x80;
      |                                     ^~~~~~~~~~
/home/zlw/End2End/ORB_SLAM3/Thirdparty/g2o/g2o/types/../core/base_binary_edge.h:60:82: warning: ‘Eigen::AlignedBit’ is deprecated [-Wdeprecated-declarations]
   60 |       typedef Eigen::Map<Matrix<double, Dj, Di>, Matrix<double, Dj, Di>::Flags & AlignedBit ? Aligned : Unaligned > HessianBlockTransposedType;
      |                                                                                  ^~~~~~~~~~
/usr/include/eigen3/Eigen/src/Core/util/Constants.h:167:37: note: declared here
  167 | EIGEN_DEPRECATED const unsigned int AlignedBit = 0x80;
      |                                     ^~~~~~~~~~
/home/zlw/End2End/ORB_SLAM3/Thirdparty/g2o/g2o/types/../core/base_vertex.h: In instantiation of ‘class g2o::BaseVertex<3, Eigen::Matrix<double, 3, 1> >’:
/home/zlw/End2End/ORB_SLAM3/Thirdparty/g2o/g2o/types/types_sba.h:40:35:   required from here
/home/zlw/End2End/ORB_SLAM3/Thirdparty/g2o/g2o/types/../core/base_vertex.h:62:72: warning: ‘Eigen::AlignedBit’ is deprecated [-Wdeprecated-declarations]
   62 |     typedef Eigen::Map<Matrix<double, D, D>, Matrix<double,D,D>::Flags & AlignedBit ? Aligned : Unaligned >  HessianBlockType;
      |                                                                  ~~~~~~^~~~~~~~~~~~
/usr/include/eigen3/Eigen/src/Core/util/Constants.h:167:37: note: declared here
  167 | EIGEN_DEPRECATED const unsigned int AlignedBit = 0x80;
      |                                     ^~~~~~~~~~
/home/zlw/End2End/ORB_SLAM3/Thirdparty/g2o/g2o/types/../core/base_vertex.h: In instantiation of ‘class g2o::BaseVertex<6, g2o::SE3Quat>’:
/home/zlw/End2End/ORB_SLAM3/Thirdparty/g2o/g2o/types/types_six_dof_expmap.h:59:33:   required from here
/home/zlw/End2End/ORB_SLAM3/Thirdparty/g2o/g2o/types/../core/base_vertex.h:62:72: warning: ‘Eigen::AlignedBit’ is deprecated [-Wdeprecated-declarations]
   62 |     typedef Eigen::Map<Matrix<double, D, D>, Matrix<double,D,D>::Flags & AlignedBit ? Aligned : Unaligned >  HessianBlockType;
      |                                                                  ~~~~~~^~~~~~~~~~~~
/usr/include/eigen3/Eigen/src/Core/util/Constants.h:167:37: note: declared here
  167 | EIGEN_DEPRECATED const unsigned int AlignedBit = 0x80;
      |                                     ^~~~~~~~~~
/home/zlw/End2End/ORB_SLAM3/Thirdparty/g2o/g2o/types/../core/base_binary_edge.h: In instantiation of ‘class g2o::BaseBinaryEdge<6, g2o::SE3Quat, g2o::VertexSE3Expmap, g2o::VertexSE3Expmap>’:
/home/zlw/End2End/ORB_SLAM3/Thirdparty/g2o/g2o/types/types_six_dof_expmap.h:83:24:   required from here
/home/zlw/End2End/ORB_SLAM3/Thirdparty/g2o/g2o/types/../core/base_binary_edge.h:59:80: warning: ‘Eigen::AlignedBit’ is deprecated [-Wdeprecated-declarations]
   59 |       typedef Eigen::Map<Matrix<double, Di, Dj>, Matrix<double, Di, Dj>::Flags & AlignedBit ? Aligned : Unaligned > HessianBlockType;
      |                                                                          ~~~~~~^~~~~~~~~~~~
/usr/include/eigen3/Eigen/src/Core/util/Constants.h:167:37: note: declared here
  167 | EIGEN_DEPRECATED const unsigned int AlignedBit = 0x80;
      |                                     ^~~~~~~~~~
/home/zlw/End2End/ORB_SLAM3/Thirdparty/g2o/g2o/types/../core/base_binary_edge.h:60:80: warning: ‘Eigen::AlignedBit’ is deprecated [-Wdeprecated-declarations]
   60 |       typedef Eigen::Map<Matrix<double, Dj, Di>, Matrix<double, Dj, Di>::Flags & AlignedBit ? Aligned : Unaligned > HessianBlockTransposedType;
      |                                                                          ~~~~~~^~~~~~~~~~~~
/usr/include/eigen3/Eigen/src/Core/util/Constants.h:167:37: note: declared here
  167 | EIGEN_DEPRECATED const unsigned int AlignedBit = 0x80;
      |                                     ^~~~~~~~~~
/home/zlw/End2End/ORB_SLAM3/Thirdparty/g2o/g2o/types/../core/base_binary_edge.h: In instantiation of ‘class g2o::BaseBinaryEdge<2, Eigen::Matrix<double, 2, 1>, g2o::VertexSBAPointXYZ, g2o::VertexSE3Expmap>’:
/home/zlw/End2End/ORB_SLAM3/Thirdparty/g2o/g2o/types/types_six_dof_expmap.h:114:35:   required from here
/home/zlw/End2End/ORB_SLAM3/Thirdparty/g2o/g2o/types/../core/base_binary_edge.h:59:80: warning: ‘Eigen::AlignedBit’ is deprecated [-Wdeprecated-declarations]
   59 |       typedef Eigen::Map<Matrix<double, Di, Dj>, Matrix<double, Di, Dj>::Flags & AlignedBit ? Aligned : Unaligned > HessianBlockType;
      |                                                                          ~~~~~~^~~~~~~~~~~~
/usr/include/eigen3/Eigen/src/Core/util/Constants.h:167:37: note: declared here
  167 | EIGEN_DEPRECATED const unsigned int AlignedBit = 0x80;
      |                                     ^~~~~~~~~~
/home/zlw/End2End/ORB_SLAM3/Thirdparty/g2o/g2o/types/../core/base_binary_edge.h:60:80: warning: ‘Eigen::AlignedBit’ is deprecated [-Wdeprecated-declarations]
   60 |       typedef Eigen::Map<Matrix<double, Dj, Di>, Matrix<double, Dj, Di>::Flags & AlignedBit ? Aligned : Unaligned > HessianBlockTransposedType;
      |                                                                          ~~~~~~^~~~~~~~~~~~
/usr/include/eigen3/Eigen/src/Core/util/Constants.h:167:37: note: declared here
  167 | EIGEN_DEPRECATED const unsigned int AlignedBit = 0x80;
      |                                     ^~~~~~~~~~
/home/zlw/End2End/ORB_SLAM3/Thirdparty/g2o/g2o/types/../core/base_binary_edge.h: In instantiation of ‘class g2o::BaseBinaryEdge<3, Eigen::Matrix<double, 3, 1>, g2o::VertexSBAPointXYZ, g2o::VertexSE3Expmap>’:
/home/zlw/End2End/ORB_SLAM3/Thirdparty/g2o/g2o/types/types_six_dof_expmap.h:146:41:   required from here
/home/zlw/End2End/ORB_SLAM3/Thirdparty/g2o/g2o/types/../core/base_binary_edge.h:59:80: warning: ‘Eigen::AlignedBit’ is deprecated [-Wdeprecated-declarations]
   59 |       typedef Eigen::Map<Matrix<double, Di, Dj>, Matrix<double, Di, Dj>::Flags & AlignedBit ? Aligned : Unaligned > HessianBlockType;
      |                                                                          ~~~~~~^~~~~~~~~~~~
/usr/include/eigen3/Eigen/src/Core/util/Constants.h:167:37: note: declared here
  167 | EIGEN_DEPRECATED const unsigned int AlignedBit = 0x80;
      |                                     ^~~~~~~~~~
/home/zlw/End2End/ORB_SLAM3/Thirdparty/g2o/g2o/types/../core/base_binary_edge.h:60:80: warning: ‘Eigen::AlignedBit’ is deprecated [-Wdeprecated-declarations]
   60 |       typedef Eigen::Map<Matrix<double, Dj, Di>, Matrix<double, Dj, Di>::Flags & AlignedBit ? Aligned : Unaligned > HessianBlockTransposedType;
      |                                                                          ~~~~~~^~~~~~~~~~~~
/usr/include/eigen3/Eigen/src/Core/util/Constants.h:167:37: note: declared here
  167 | EIGEN_DEPRECATED const unsigned int AlignedBit = 0x80;
      |                                     ^~~~~~~~~~
/home/zlw/End2End/ORB_SLAM3/Thirdparty/g2o/g2o/types/../core/base_vertex.h: In instantiation of ‘class g2o::BaseVertex<7, g2o::Sim3>’:
/home/zlw/End2End/ORB_SLAM3/Thirdparty/g2o/g2o/types/types_seven_dof_expmap.h:48:35:   required from here
/home/zlw/End2End/ORB_SLAM3/Thirdparty/g2o/g2o/types/../core/base_vertex.h:62:72: warning: ‘Eigen::AlignedBit’ is deprecated [-Wdeprecated-declarations]
   62 |     typedef Eigen::Map<Matrix<double, D, D>, Matrix<double,D,D>::Flags & AlignedBit ? Aligned : Unaligned >  HessianBlockType;
      |                                                                  ~~~~~~^~~~~~~~~~~~
/usr/include/eigen3/Eigen/src/Core/util/Constants.h:167:37: note: declared here
  167 | EIGEN_DEPRECATED const unsigned int AlignedBit = 0x80;
      |                                     ^~~~~~~~~~
/home/zlw/End2End/ORB_SLAM3/Thirdparty/g2o/g2o/types/../core/base_binary_edge.h: In instantiation of ‘class g2o::BaseBinaryEdge<7, g2o::Sim3, g2o::VertexSim3Expmap, g2o::VertexSim3Expmap>’:
/home/zlw/End2End/ORB_SLAM3/Thirdparty/g2o/g2o/types/types_seven_dof_expmap.h:99:27:   required from here
/home/zlw/End2End/ORB_SLAM3/Thirdparty/g2o/g2o/types/../core/base_binary_edge.h:59:80: warning: ‘Eigen::AlignedBit’ is deprecated [-Wdeprecated-declarations]
   59 |       typedef Eigen::Map<Matrix<double, Di, Dj>, Matrix<double, Di, Dj>::Flags & AlignedBit ? Aligned : Unaligned > HessianBlockType;
      |                                                                          ~~~~~~^~~~~~~~~~~~
/usr/include/eigen3/Eigen/src/Core/util/Constants.h:167:37: note: declared here
  167 | EIGEN_DEPRECATED const unsigned int AlignedBit = 0x80;
      |                                     ^~~~~~~~~~
/home/zlw/End2End/ORB_SLAM3/Thirdparty/g2o/g2o/types/../core/base_binary_edge.h:60:80: warning: ‘Eigen::AlignedBit’ is deprecated [-Wdeprecated-declarations]
   60 |       typedef Eigen::Map<Matrix<double, Dj, Di>, Matrix<double, Dj, Di>::Flags & AlignedBit ? Aligned : Unaligned > HessianBlockTransposedType;
      |                                                                          ~~~~~~^~~~~~~~~~~~
/usr/include/eigen3/Eigen/src/Core/util/Constants.h:167:37: note: declared here
  167 | EIGEN_DEPRECATED const unsigned int AlignedBit = 0x80;
      |                                     ^~~~~~~~~~
/home/zlw/End2End/ORB_SLAM3/Thirdparty/g2o/g2o/types/../core/base_binary_edge.h: In instantiation of ‘class g2o::BaseBinaryEdge<2, Eigen::Matrix<double, 2, 1>, g2o::VertexSBAPointXYZ, g2o::VertexSim3Expmap>’:
/home/zlw/End2End/ORB_SLAM3/Thirdparty/g2o/g2o/types/types_seven_dof_expmap.h:130:36:   required from here
/home/zlw/End2End/ORB_SLAM3/Thirdparty/g2o/g2o/types/../core/base_binary_edge.h:59:80: warning: ‘Eigen::AlignedBit’ is deprecated [-Wdeprecated-declarations]
   59 |       typedef Eigen::Map<Matrix<double, Di, Dj>, Matrix<double, Di, Dj>::Flags & AlignedBit ? Aligned : Unaligned > HessianBlockType;
      |                                                                          ~~~~~~^~~~~~~~~~~~
/usr/include/eigen3/Eigen/src/Core/util/Constants.h:167:37: note: declared here
  167 | EIGEN_DEPRECATED const unsigned int AlignedBit = 0x80;
      |                                     ^~~~~~~~~~
/home/zlw/End2End/ORB_SLAM3/Thirdparty/g2o/g2o/types/../core/base_binary_edge.h:60:80: warning: ‘Eigen::AlignedBit’ is deprecated [-Wdeprecated-declarations]
   60 |       typedef Eigen::Map<Matrix<double, Dj, Di>, Matrix<double, Dj, Di>::Flags & AlignedBit ? Aligned : Unaligned > HessianBlockTransposedType;
      |                                                                          ~~~~~~^~~~~~~~~~~~
/usr/include/eigen3/Eigen/src/Core/util/Constants.h:167:37: note: declared here
  167 | EIGEN_DEPRECATED const unsigned int AlignedBit = 0x80;
      |                                     ^~~~~~~~~~
/home/zlw/End2End/ORB_SLAM3/Thirdparty/g2o/g2o/types/../core/base_binary_edge.h: In instantiation of ‘class g2o::BaseBinaryEdge<2, Eigen::Matrix<double, 2, 1>, g2o::VertexSBAPointXYZ, ORB_SLAM3::VertexSim3Expmap>’:
/home/zlw/End2End/ORB_SLAM3/include/OptimizableTypes.h:175:41:   required from here
/home/zlw/End2End/ORB_SLAM3/Thirdparty/g2o/g2o/types/../core/base_binary_edge.h:59:80: warning: ‘Eigen::AlignedBit’ is deprecated [-Wdeprecated-declarations]
   59 |       typedef Eigen::Map<Matrix<double, Di, Dj>, Matrix<double, Di, Dj>::Flags & AlignedBit ? Aligned : Unaligned > HessianBlockType;
      |                                                                          ~~~~~~^~~~~~~~~~~~
/usr/include/eigen3/Eigen/src/Core/util/Constants.h:167:37: note: declared here
  167 | EIGEN_DEPRECATED const unsigned int AlignedBit = 0x80;
      |                                     ^~~~~~~~~~
/home/zlw/End2End/ORB_SLAM3/Thirdparty/g2o/g2o/types/../core/base_binary_edge.h:60:80: warning: ‘Eigen::AlignedBit’ is deprecated [-Wdeprecated-declarations]
   60 |       typedef Eigen::Map<Matrix<double, Dj, Di>, Matrix<double, Dj, Di>::Flags & AlignedBit ? Aligned : Unaligned > HessianBlockTransposedType;
      |                                                                          ~~~~~~^~~~~~~~~~~~
/usr/include/eigen3/Eigen/src/Core/util/Constants.h:167:37: note: declared here
  167 | EIGEN_DEPRECATED const unsigned int AlignedBit = 0x80;
      |                                     ^~~~~~~~~~
In file included from /usr/include/eigen3/Eigen/src/Core/util/ConfigureVectorization.h:346,
                 from /usr/include/eigen3/Eigen/Core:22:
In function ‘__m128d _mm_loadu_pd(const double*)’,
    inlined from ‘Packet Eigen::internal::ploadu(const typename unpacket_traits<T>::type*) [with Packet = __vector(2) double]’ at /usr/include/eigen3/Eigen/src/Core/arch/SSE/PacketMath.h:746:22,
    inlined from ‘Packet Eigen::internal::ploadt(const typename unpacket_traits<T>::type*) [with Packet = __vector(2) double; int Alignment = 0]’ at /usr/include/eigen3/Eigen/src/Core/GenericPacketMath.h:969:26,
    inlined from ‘PacketType Eigen::internal::evaluator<Eigen::PlainObjectBase<Derived> >::packet(Eigen::Index, Eigen::Index) const [with int LoadMode = 0; PacketType = __vector(2) double; Derived = Eigen::Matrix<double, 2, 3, 0, 2, 3>]’ at /usr/include/eigen3/Eigen/src/Core/CoreEvaluators.h:238:42,
    inlined from ‘PacketType Eigen::internal::unary_evaluator<Eigen::CwiseUnaryOp<UnaryOp, ArgType>, Eigen::internal::IndexBased>::packet(Eigen::Index, Eigen::Index) const [with int LoadMode = 0; PacketType = __vector(2) double; UnaryOp = Eigen::internal::scalar_opposite_op<double>; ArgType = const Eigen::Matrix<double, 2, 3, 0, 2, 3>]’ at /usr/include/eigen3/Eigen/src/Core/CoreEvaluators.h:596:81,
    inlined from ‘static void Eigen::internal::etor_product_packet_impl<0, 1, Lhs, Rhs, Packet, LoadMode>::run(Eigen::Index, Eigen::Index, const Lhs&, const Rhs&, Eigen::Index, Packet&) [with Lhs = Eigen::internal::evaluator<Eigen::CwiseUnaryOp<Eigen::internal::scalar_opposite_op<double>, const Eigen::Matrix<double, 2, 3, 0, 2, 3> > >; Rhs = Eigen::internal::evaluator<Eigen::Matrix<double, 3, 3> >; Packet = __vector(2) double; int LoadMode = 0]’ at /usr/include/eigen3/Eigen/src/Core/ProductEvaluators.h:707:52,
    inlined from ‘static void Eigen::internal::etor_product_packet_impl<0, UnrollingIndex, Lhs, Rhs, Packet, LoadMode>::run(Eigen::Index, Eigen::Index, const Lhs&, const Rhs&, Eigen::Index, Packet&) [with int UnrollingIndex = 2; Lhs = Eigen::internal::evaluator<Eigen::CwiseUnaryOp<Eigen::internal::scalar_opposite_op<double>, const Eigen::Matrix<double, 2, 3, 0, 2, 3> > >; Rhs = Eigen::internal::evaluator<Eigen::Matrix<double, 3, 3> >; Packet = __vector(2) double; int LoadMode = 0]’ at /usr/include/eigen3/Eigen/src/Core/ProductEvaluators.h:688:90,
    inlined from ‘static void Eigen::internal::etor_product_packet_impl<0, UnrollingIndex, Lhs, Rhs, Packet, LoadMode>::run(Eigen::Index, Eigen::Index, const Lhs&, const Rhs&, Eigen::Index, Packet&) [with int UnrollingIndex = 3; Lhs = Eigen::internal::evaluator<Eigen::CwiseUnaryOp<Eigen::internal::scalar_opposite_op<double>, const Eigen::Matrix<double, 2, 3, 0, 2, 3> > >; Rhs = Eigen::internal::evaluator<Eigen::Matrix<double, 3, 3> >; Packet = __vector(2) double; int LoadMode = 0]’ at /usr/include/eigen3/Eigen/src/Core/ProductEvaluators.h:688:90,
    inlined from ‘const PacketType Eigen::internal::product_evaluator<Eigen::Product<Lhs, Rhs, 1>, ProductTag, Eigen::DenseShape, Eigen::DenseShape>::packet(Eigen::Index, Eigen::Index) const [with int LoadMode = 0; PacketType = __vector(2) double; Lhs = Eigen::CwiseUnaryOp<Eigen::internal::scalar_opposite_op<double>, const Eigen::Matrix<double, 2, 3, 0, 2, 3> >; Rhs = Eigen::Matrix<double, 3, 3>; int ProductTag = 3]’ at /usr/include/eigen3/Eigen/src/Core/ProductEvaluators.h:629:20,
    inlined from ‘void Eigen::internal::generic_dense_assignment_kernel<DstEvaluatorTypeT, SrcEvaluatorTypeT, Functor, Version>::assignPacket(Eigen::Index, Eigen::Index) [with int StoreMode = 16; int LoadMode = 0; PacketType = __vector(2) double; DstEvaluatorTypeT = Eigen::internal::evaluator<Eigen::Matrix<double, 2, 3, 0, 2, 3> >; SrcEvaluatorTypeT = Eigen::internal::evaluator<Eigen::Product<Eigen::CwiseUnaryOp<Eigen::internal::scalar_opposite_op<double>, const Eigen::Matrix<double, 2, 3, 0, 2, 3> >, Eigen::Matrix<double, 3, 3>, 1> >; Functor = Eigen::internal::assign_op<double, double>; int Version = 0]’ at /usr/include/eigen3/Eigen/src/Core/AssignEvaluator.h:675:116,
    inlined from ‘void Eigen::internal::generic_dense_assignment_kernel<DstEvaluatorTypeT, SrcEvaluatorTypeT, Functor, Version>::assignPacketByOuterInner(Eigen::Index, Eigen::Index) [with int StoreMode = 16; int LoadMode = 0; PacketType = __vector(2) double; DstEvaluatorTypeT = Eigen::internal::evaluator<Eigen::Matrix<double, 2, 3, 0, 2, 3> >; SrcEvaluatorTypeT = Eigen::internal::evaluator<Eigen::Product<Eigen::CwiseUnaryOp<Eigen::internal::scalar_opposite_op<double>, const Eigen::Matrix<double, 2, 3, 0, 2, 3> >, Eigen::Matrix<double, 3, 3>, 1> >; Functor = Eigen::internal::assign_op<double, double>; int Version = 0]’ at /usr/include/eigen3/Eigen/src/Core/AssignEvaluator.h:689:48,
    inlined from ‘static void Eigen::internal::copy_using_evaluator_innervec_CompleteUnrolling<Kernel, Index, Stop>::run(Kernel&) [with Kernel = Eigen::internal::generic_dense_assignment_kernel<Eigen::internal::evaluator<Eigen::Matrix<double, 2, 3, 0, 2, 3> >, Eigen::internal::evaluator<Eigen::Product<Eigen::CwiseUnaryOp<Eigen::internal::scalar_opposite_op<double>, const Eigen::Matrix<double, 2, 3, 0, 2, 3> >, Eigen::Matrix<double, 3, 3>, 1> >, Eigen::internal::assign_op<double, double>, 0>; int Index = 0; int Stop = 6]’ at /usr/include/eigen3/Eigen/src/Core/AssignEvaluator.h:279:85,
    inlined from ‘static void Eigen::internal::dense_assignment_loop<Kernel, 2, 2>::run(Kernel&) [with Kernel = Eigen::internal::generic_dense_assignment_kernel<Eigen::internal::evaluator<Eigen::Matrix<double, 2, 3, 0, 2, 3> >, Eigen::internal::evaluator<Eigen::Product<Eigen::CwiseUnaryOp<Eigen::internal::scalar_opposite_op<double>, const Eigen::Matrix<double, 2, 3, 0, 2, 3> >, Eigen::Matrix<double, 3, 3>, 1> >, Eigen::internal::assign_op<double, double>, 0>]’ at /usr/include/eigen3/Eigen/src/Core/AssignEvaluator.h:489:99,
    inlined from ‘void Eigen::internal::call_dense_assignment_loop(DstXprType&, const SrcXprType&, const Functor&) [with DstXprType = Eigen::Matrix<double, 2, 3, 0, 2, 3>; SrcXprType = Eigen::Product<Eigen::CwiseUnaryOp<scalar_opposite_op<double>, const Eigen::Matrix<double, 2, 3, 0, 2, 3> >, Eigen::Matrix<double, 3, 3>, 1>; Functor = assign_op<double, double>]’ at /usr/include/eigen3/Eigen/src/Core/AssignEvaluator.h:785:37,
    inlined from ‘static void Eigen::internal::Assignment<DstXprType, SrcXprType, Functor, Eigen::internal::Dense2Dense, Weak>::run(DstXprType&, const SrcXprType&, const Functor&) [with DstXprType = Eigen::Matrix<double, 2, 3, 0, 2, 3>; SrcXprType = Eigen::Product<Eigen::CwiseUnaryOp<Eigen::internal::scalar_opposite_op<double>, const Eigen::Matrix<double, 2, 3, 0, 2, 3> >, Eigen::Matrix<double, 3, 3>, 1>; Functor = Eigen::internal::assign_op<double, double>; Weak = void]’ at /usr/include/eigen3/Eigen/src/Core/AssignEvaluator.h:954:31,
    inlined from ‘void Eigen::internal::call_assignment_no_alias(Dst&, const Src&, const Func&) [with Dst = Eigen::Matrix<double, 2, 3, 0, 2, 3>; Src = Eigen::Product<Eigen::CwiseUnaryOp<scalar_opposite_op<double>, const Eigen::Matrix<double, 2, 3, 0, 2, 3> >, Eigen::Matrix<double, 3, 3>, 1>; Func = assign_op<double, double>]’ at /usr/include/eigen3/Eigen/src/Core/AssignEvaluator.h:890:49,
    inlined from ‘static void Eigen::internal::generic_product_impl<Lhs, Rhs, Eigen::DenseShape, Eigen::DenseShape, 3>::evalTo(Dst&, const Lhs&, const Rhs&) [with Dst = Eigen::Matrix<double, 2, 3, 0, 2, 3>; Lhs = Eigen::CwiseUnaryOp<Eigen::internal::scalar_opposite_op<double>, const Eigen::Matrix<double, 2, 3, 0, 2, 3> >; Rhs = Eigen::Matrix<double, 3, 3>]’ at /usr/include/eigen3/Eigen/src/Core/ProductEvaluators.h:402:29,
    inlined from ‘static void Eigen::internal::Assignment<DstXprType, Eigen::Product<Lhs, Rhs, Options>, Eigen::internal::assign_op<Scalar, Scalar>, Eigen::internal::Dense2Dense, typename Eigen::internal::enable_if<((Options == Eigen::DefaultProduct) || (Options == Eigen::AliasFreeProduct))>::type>::run(DstXprType&, const SrcXprType&, const Eigen::internal::assign_op<Scalar, Scalar>&) [with DstXprType = Eigen::Matrix<double, 2, 3, 0, 2, 3>; Lhs = Eigen::CwiseUnaryOp<Eigen::internal::scalar_opposite_op<double>, const Eigen::Matrix<double, 2, 3, 0, 2, 3> >; Rhs = Eigen::Matrix<double, 3, 3>; int Options = 0; Scalar = double]’ at /usr/include/eigen3/Eigen/src/Core/ProductEvaluators.h:148:43,
    inlined from ‘void Eigen::internal::call_assignment_no_alias(Dst&, const Src&, const Func&) [with Dst = Eigen::Matrix<double, 2, 3, 0, 2, 3>; Src = Eigen::Product<Eigen::CwiseUnaryOp<scalar_opposite_op<double>, const Eigen::Matrix<double, 2, 3, 0, 2, 3> >, Eigen::Matrix<double, 3, 3>, 0>; Func = assign_op<double, double>]’ at /usr/include/eigen3/Eigen/src/Core/AssignEvaluator.h:890:49,
    inlined from ‘Derived& Eigen::PlainObjectBase<Derived>::_set_noalias(const Eigen::DenseBase<OtherDerived>&) [with OtherDerived = Eigen::Product<Eigen::CwiseUnaryOp<Eigen::internal::scalar_opposite_op<double>, const Eigen::Matrix<double, 2, 3, 0, 2, 3> >, Eigen::Matrix<double, 3, 3>, 0>; Derived = Eigen::Matrix<double, 2, 3, 0, 2, 3>]’ at /usr/include/eigen3/Eigen/src/Core/PlainObjectBase.h:797:41,
    inlined from ‘void Eigen::PlainObjectBase<Derived>::_init1(const Eigen::DenseBase<ElseDerived>&) [with T = Eigen::Product<Eigen::CwiseUnaryOp<Eigen::internal::scalar_opposite_op<double>, const Eigen::Matrix<double, 2, 3, 0, 2, 3> >, Eigen::Matrix<double, 3, 3>, 0>; OtherDerived = Eigen::Product<Eigen::CwiseUnaryOp<Eigen::internal::scalar_opposite_op<double>, const Eigen::Matrix<double, 2, 3, 0, 2, 3> >, Eigen::Matrix<double, 3, 3>, 0>; Derived = Eigen::Matrix<double, 2, 3, 0, 2, 3>]’ at /usr/include/eigen3/Eigen/src/Core/PlainObjectBase.h:883:25,
    inlined from ‘Eigen::Matrix<_Scalar, _Rows, _Cols, _Options, _MaxRows, _MaxCols>::Matrix(const T&) [with T = Eigen::Product<Eigen::CwiseUnaryOp<Eigen::internal::scalar_opposite_op<double>, const Eigen::Matrix<double, 2, 3, 0, 2, 3> >, Eigen::Matrix<double, 3, 3>, 0>; _Scalar = double; int _Rows = 2; int _Cols = 3; int _Options = 0; int _MaxRows = 2; int _MaxCols = 3]’ at /usr/include/eigen3/Eigen/src/Core/Matrix.h:332:31,
    inlined from ‘void Eigen::internal::call_assignment(Dst&, const Src&, const Func&, typename enable_if<evaluator_assume_aliasing<Src>::value, void*>::type) [with Dst = Eigen::Map<Eigen::Matrix<double, 2, 3, 0, 2, 3>, 32, Eigen::Stride<0, 0> >; Src = Eigen::Product<Eigen::CwiseUnaryOp<scalar_opposite_op<double>, const Eigen::Matrix<double, 2, 3, 0, 2, 3> >, Eigen::Matrix<double, 3, 3>, 0>; Func = assign_op<double, double>]’ at /usr/include/eigen3/Eigen/src/Core/AssignEvaluator.h:850:41,
    inlined from ‘void Eigen::internal::call_assignment(Dst&, const Src&) [with Dst = Eigen::Map<Eigen::Matrix<double, 2, 3, 0, 2, 3>, 32, Eigen::Stride<0, 0> >; Src = Eigen::Product<Eigen::CwiseUnaryOp<scalar_opposite_op<double>, const Eigen::Matrix<double, 2, 3, 0, 2, 3> >, Eigen::Matrix<double, 3, 3>, 0>]’ at /usr/include/eigen3/Eigen/src/Core/AssignEvaluator.h:836:18,
    inlined from ‘Derived& Eigen::MatrixBase<Derived>::operator=(const Eigen::DenseBase<OtherDerived>&) [with OtherDerived = Eigen::Product<Eigen::CwiseUnaryOp<Eigen::internal::scalar_opposite_op<double>, const Eigen::Matrix<double, 2, 3, 0, 2, 3> >, Eigen::Matrix<double, 3, 3>, 0>; Derived = Eigen::Map<Eigen::Matrix<double, 2, 3, 0, 2, 3>, 32, Eigen::Stride<0, 0> >]’ at /usr/include/eigen3/Eigen/src/Core/Assign.h:66:28,
    inlined from ‘virtual void ORB_SLAM3::EdgeSE3ProjectXYZ::linearizeOplus()’ at /home/zlw/End2End/ORB_SLAM3/src/OptimizableTypes.cpp:152:72:
/usr/lib/gcc/x86_64-linux-gnu/13/include/emmintrin.h:134:24: warning: ‘*(__m128d_u*)((char*)&<unnamed> + offsetof(Eigen::Matrix<double, 2, 3, 0, 2, 3>,Eigen::Matrix<double, 2, 3, 0, 2, 3>::<unnamed>.Eigen::PlainObjectBase<Eigen::Matrix<double, 2, 3, 0, 2, 3> >::<unnamed>.Eigen::MatrixBase<Eigen::Matrix<double, 2, 3, 0, 2, 3> >::<unnamed>.Eigen::DenseBase<Eigen::Matrix<double, 2, 3, 0, 2, 3> >::<unnamed>.Eigen::DenseCoeffsBase<Eigen::Matrix<double, 2, 3, 0, 2, 3>, 3>::<unnamed>.Eigen::DenseCoeffsBase<Eigen::Matrix<double, 2, 3, 0, 2, 3>, 1>::<unnamed>.Eigen::DenseCoeffsBase<Eigen::Matrix<double, 2, 3, 0, 2, 3>, 0>::<unnamed>))’ is used uninitialized [-Wuninitialized]
  134 |   return *(__m128d_u *)__P;
      |                        ^~~
/home/zlw/End2End/ORB_SLAM3/src/OptimizableTypes.cpp: In member function ‘virtual void ORB_SLAM3::EdgeSE3ProjectXYZ::linearizeOplus()’:
/home/zlw/End2End/ORB_SLAM3/src/OptimizableTypes.cpp:150:47: note: ‘<anonymous>’ declared here
  150 |         auto projectJac = -pCamera->projectJac(xyz_trans);
      |                            ~~~~~~~~~~~~~~~~~~~^~~~~~~~~~~
In function ‘__m128d _mm_loadu_pd(const double*)’,
    inlined from ‘Packet Eigen::internal::ploadu(const typename unpacket_traits<T>::type*) [with Packet = __vector(2) double]’ at /usr/include/eigen3/Eigen/src/Core/arch/SSE/PacketMath.h:746:22,
    inlined from ‘Packet Eigen::internal::ploadt(const typename unpacket_traits<T>::type*) [with Packet = __vector(2) double; int Alignment = 0]’ at /usr/include/eigen3/Eigen/src/Core/GenericPacketMath.h:969:26,
    inlined from ‘PacketType Eigen::internal::evaluator<Eigen::PlainObjectBase<Derived> >::packet(Eigen::Index, Eigen::Index) const [with int LoadMode = 0; PacketType = __vector(2) double; Derived = Eigen::Matrix<double, 2, 3, 0, 2, 3>]’ at /usr/include/eigen3/Eigen/src/Core/CoreEvaluators.h:238:42,
    inlined from ‘PacketType Eigen::internal::unary_evaluator<Eigen::CwiseUnaryOp<UnaryOp, ArgType>, Eigen::internal::IndexBased>::packet(Eigen::Index, Eigen::Index) const [with int LoadMode = 0; PacketType = __vector(2) double; UnaryOp = Eigen::internal::scalar_opposite_op<double>; ArgType = const Eigen::Matrix<double, 2, 3, 0, 2, 3>]’ at /usr/include/eigen3/Eigen/src/Core/CoreEvaluators.h:596:81,
    inlined from ‘static void Eigen::internal::etor_product_packet_impl<0, UnrollingIndex, Lhs, Rhs, Packet, LoadMode>::run(Eigen::Index, Eigen::Index, const Lhs&, const Rhs&, Eigen::Index, Packet&) [with int UnrollingIndex = 2; Lhs = Eigen::internal::evaluator<Eigen::CwiseUnaryOp<Eigen::internal::scalar_opposite_op<double>, const Eigen::Matrix<double, 2, 3, 0, 2, 3> > >; Rhs = Eigen::internal::evaluator<Eigen::Matrix<double, 3, 3> >; Packet = __vector(2) double; int LoadMode = 0]’ at /usr/include/eigen3/Eigen/src/Core/ProductEvaluators.h:689:54,
    inlined from ‘static void Eigen::internal::etor_product_packet_impl<0, UnrollingIndex, Lhs, Rhs, Packet, LoadMode>::run(Eigen::Index, Eigen::Index, const Lhs&, const Rhs&, Eigen::Index, Packet&) [with int UnrollingIndex = 3; Lhs = Eigen::internal::evaluator<Eigen::CwiseUnaryOp<Eigen::internal::scalar_opposite_op<double>, const Eigen::Matrix<double, 2, 3, 0, 2, 3> > >; Rhs = Eigen::internal::evaluator<Eigen::Matrix<double, 3, 3> >; Packet = __vector(2) double; int LoadMode = 0]’ at /usr/include/eigen3/Eigen/src/Core/ProductEvaluators.h:688:90,
    inlined from ‘const PacketType Eigen::internal::product_evaluator<Eigen::Product<Lhs, Rhs, 1>, ProductTag, Eigen::DenseShape, Eigen::DenseShape>::packet(Eigen::Index, Eigen::Index) const [with int LoadMode = 0; PacketType = __vector(2) double; Lhs = Eigen::CwiseUnaryOp<Eigen::internal::scalar_opposite_op<double>, const Eigen::Matrix<double, 2, 3, 0, 2, 3> >; Rhs = Eigen::Matrix<double, 3, 3>; int ProductTag = 3]’ at /usr/include/eigen3/Eigen/src/Core/ProductEvaluators.h:629:20,
    inlined from ‘void Eigen::internal::generic_dense_assignment_kernel<DstEvaluatorTypeT, SrcEvaluatorTypeT, Functor, Version>::assignPacket(Eigen::Index, Eigen::Index) [with int StoreMode = 16; int LoadMode = 0; PacketType = __vector(2) double; DstEvaluatorTypeT = Eigen::internal::evaluator<Eigen::Matrix<double, 2, 3, 0, 2, 3> >; SrcEvaluatorTypeT = Eigen::internal::evaluator<Eigen::Product<Eigen::CwiseUnaryOp<Eigen::internal::scalar_opposite_op<double>, const Eigen::Matrix<double, 2, 3, 0, 2, 3> >, Eigen::Matrix<double, 3, 3>, 1> >; Functor = Eigen::internal::assign_op<double, double>; int Version = 0]’ at /usr/include/eigen3/Eigen/src/Core/AssignEvaluator.h:675:116,
    inlined from ‘void Eigen::internal::generic_dense_assignment_kernel<DstEvaluatorTypeT, SrcEvaluatorTypeT, Functor, Version>::assignPacketByOuterInner(Eigen::Index, Eigen::Index) [with int StoreMode = 16; int LoadMode = 0; PacketType = __vector(2) double; DstEvaluatorTypeT = Eigen::internal::evaluator<Eigen::Matrix<double, 2, 3, 0, 2, 3> >; SrcEvaluatorTypeT = Eigen::internal::evaluator<Eigen::Product<Eigen::CwiseUnaryOp<Eigen::internal::scalar_opposite_op<double>, const Eigen::Matrix<double, 2, 3, 0, 2, 3> >, Eigen::Matrix<double, 3, 3>, 1> >; Functor = Eigen::internal::assign_op<double, double>; int Version = 0]’ at /usr/include/eigen3/Eigen/src/Core/AssignEvaluator.h:689:48,
    inlined from ‘static void Eigen::internal::copy_using_evaluator_innervec_CompleteUnrolling<Kernel, Index, Stop>::run(Kernel&) [with Kernel = Eigen::internal::generic_dense_assignment_kernel<Eigen::internal::evaluator<Eigen::Matrix<double, 2, 3, 0, 2, 3> >, Eigen::internal::evaluator<Eigen::Product<Eigen::CwiseUnaryOp<Eigen::internal::scalar_opposite_op<double>, const Eigen::Matrix<double, 2, 3, 0, 2, 3> >, Eigen::Matrix<double, 3, 3>, 1> >, Eigen::internal::assign_op<double, double>, 0>; int Index = 0; int Stop = 6]’ at /usr/include/eigen3/Eigen/src/Core/AssignEvaluator.h:279:85,
    inlined from ‘static void Eigen::internal::dense_assignment_loop<Kernel, 2, 2>::run(Kernel&) [with Kernel = Eigen::internal::generic_dense_assignment_kernel<Eigen::internal::evaluator<Eigen::Matrix<double, 2, 3, 0, 2, 3> >, Eigen::internal::evaluator<Eigen::Product<Eigen::CwiseUnaryOp<Eigen::internal::scalar_opposite_op<double>, const Eigen::Matrix<double, 2, 3, 0, 2, 3> >, Eigen::Matrix<double, 3, 3>, 1> >, Eigen::internal::assign_op<double, double>, 0>]’ at /usr/include/eigen3/Eigen/src/Core/AssignEvaluator.h:489:99,
    inlined from ‘void Eigen::internal::call_dense_assignment_loop(DstXprType&, const SrcXprType&, const Functor&) [with DstXprType = Eigen::Matrix<double, 2, 3, 0, 2, 3>; SrcXprType = Eigen::Product<Eigen::CwiseUnaryOp<scalar_opposite_op<double>, const Eigen::Matrix<double, 2, 3, 0, 2, 3> >, Eigen::Matrix<double, 3, 3>, 1>; Functor = assign_op<double, double>]’ at /usr/include/eigen3/Eigen/src/Core/AssignEvaluator.h:785:37,
    inlined from ‘static void Eigen::internal::Assignment<DstXprType, SrcXprType, Functor, Eigen::internal::Dense2Dense, Weak>::run(DstXprType&, const SrcXprType&, const Functor&) [with DstXprType = Eigen::Matrix<double, 2, 3, 0, 2, 3>; SrcXprType = Eigen::Product<Eigen::CwiseUnaryOp<Eigen::internal::scalar_opposite_op<double>, const Eigen::Matrix<double, 2, 3, 0, 2, 3> >, Eigen::Matrix<double, 3, 3>, 1>; Functor = Eigen::internal::assign_op<double, double>; Weak = void]’ at /usr/include/eigen3/Eigen/src/Core/AssignEvaluator.h:954:31,
    inlined from ‘void Eigen::internal::call_assignment_no_alias(Dst&, const Src&, const Func&) [with Dst = Eigen::Matrix<double, 2, 3, 0, 2, 3>; Src = Eigen::Product<Eigen::CwiseUnaryOp<scalar_opposite_op<double>, const Eigen::Matrix<double, 2, 3, 0, 2, 3> >, Eigen::Matrix<double, 3, 3>, 1>; Func = assign_op<double, double>]’ at /usr/include/eigen3/Eigen/src/Core/AssignEvaluator.h:890:49,
    inlined from ‘static void Eigen::internal::generic_product_impl<Lhs, Rhs, Eigen::DenseShape, Eigen::DenseShape, 3>::evalTo(Dst&, const Lhs&, const Rhs&) [with Dst = Eigen::Matrix<double, 2, 3, 0, 2, 3>; Lhs = Eigen::CwiseUnaryOp<Eigen::internal::scalar_opposite_op<double>, const Eigen::Matrix<double, 2, 3, 0, 2, 3> >; Rhs = Eigen::Matrix<double, 3, 3>]’ at /usr/include/eigen3/Eigen/src/Core/ProductEvaluators.h:402:29,
    inlined from ‘static void Eigen::internal::Assignment<DstXprType, Eigen::Product<Lhs, Rhs, Options>, Eigen::internal::assign_op<Scalar, Scalar>, Eigen::internal::Dense2Dense, typename Eigen::internal::enable_if<((Options == Eigen::DefaultProduct) || (Options == Eigen::AliasFreeProduct))>::type>::run(DstXprType&, const SrcXprType&, const Eigen::internal::assign_op<Scalar, Scalar>&) [with DstXprType = Eigen::Matrix<double, 2, 3, 0, 2, 3>; Lhs = Eigen::CwiseUnaryOp<Eigen::internal::scalar_opposite_op<double>, const Eigen::Matrix<double, 2, 3, 0, 2, 3> >; Rhs = Eigen::Matrix<double, 3, 3>; int Options = 0; Scalar = double]’ at /usr/include/eigen3/Eigen/src/Core/ProductEvaluators.h:148:43,
    inlined from ‘void Eigen::internal::call_assignment_no_alias(Dst&, const Src&, const Func&) [with Dst = Eigen::Matrix<double, 2, 3, 0, 2, 3>; Src = Eigen::Product<Eigen::CwiseUnaryOp<scalar_opposite_op<double>, const Eigen::Matrix<double, 2, 3, 0, 2, 3> >, Eigen::Matrix<double, 3, 3>, 0>; Func = assign_op<double, double>]’ at /usr/include/eigen3/Eigen/src/Core/AssignEvaluator.h:890:49,
    inlined from ‘Derived& Eigen::PlainObjectBase<Derived>::_set_noalias(const Eigen::DenseBase<OtherDerived>&) [with OtherDerived = Eigen::Product<Eigen::CwiseUnaryOp<Eigen::internal::scalar_opposite_op<double>, const Eigen::Matrix<double, 2, 3, 0, 2, 3> >, Eigen::Matrix<double, 3, 3>, 0>; Derived = Eigen::Matrix<double, 2, 3, 0, 2, 3>]’ at /usr/include/eigen3/Eigen/src/Core/PlainObjectBase.h:797:41,
    inlined from ‘void Eigen::PlainObjectBase<Derived>::_init1(const Eigen::DenseBase<ElseDerived>&) [with T = Eigen::Product<Eigen::CwiseUnaryOp<Eigen::internal::scalar_opposite_op<double>, const Eigen::Matrix<double, 2, 3, 0, 2, 3> >, Eigen::Matrix<double, 3, 3>, 0>; OtherDerived = Eigen::Product<Eigen::CwiseUnaryOp<Eigen::internal::scalar_opposite_op<double>, const Eigen::Matrix<double, 2, 3, 0, 2, 3> >, Eigen::Matrix<double, 3, 3>, 0>; Derived = Eigen::Matrix<double, 2, 3, 0, 2, 3>]’ at /usr/include/eigen3/Eigen/src/Core/PlainObjectBase.h:883:25,
    inlined from ‘Eigen::Matrix<_Scalar, _Rows, _Cols, _Options, _MaxRows, _MaxCols>::Matrix(const T&) [with T = Eigen::Product<Eigen::CwiseUnaryOp<Eigen::internal::scalar_opposite_op<double>, const Eigen::Matrix<double, 2, 3, 0, 2, 3> >, Eigen::Matrix<double, 3, 3>, 0>; _Scalar = double; int _Rows = 2; int _Cols = 3; int _Options = 0; int _MaxRows = 2; int _MaxCols = 3]’ at /usr/include/eigen3/Eigen/src/Core/Matrix.h:332:31,
    inlined from ‘void Eigen::internal::call_assignment(Dst&, const Src&, const Func&, typename enable_if<evaluator_assume_aliasing<Src>::value, void*>::type) [with Dst = Eigen::Map<Eigen::Matrix<double, 2, 3, 0, 2, 3>, 32, Eigen::Stride<0, 0> >; Src = Eigen::Product<Eigen::CwiseUnaryOp<scalar_opposite_op<double>, const Eigen::Matrix<double, 2, 3, 0, 2, 3> >, Eigen::Matrix<double, 3, 3>, 0>; Func = assign_op<double, double>]’ at /usr/include/eigen3/Eigen/src/Core/AssignEvaluator.h:850:41,
    inlined from ‘void Eigen::internal::call_assignment(Dst&, const Src&) [with Dst = Eigen::Map<Eigen::Matrix<double, 2, 3, 0, 2, 3>, 32, Eigen::Stride<0, 0> >; Src = Eigen::Product<Eigen::CwiseUnaryOp<scalar_opposite_op<double>, const Eigen::Matrix<double, 2, 3, 0, 2, 3> >, Eigen::Matrix<double, 3, 3>, 0>]’ at /usr/include/eigen3/Eigen/src/Core/AssignEvaluator.h:836:18,
    inlined from ‘Derived& Eigen::MatrixBase<Derived>::operator=(const Eigen::DenseBase<OtherDerived>&) [with OtherDerived = Eigen::Product<Eigen::CwiseUnaryOp<Eigen::internal::scalar_opposite_op<double>, const Eigen::Matrix<double, 2, 3, 0, 2, 3> >, Eigen::Matrix<double, 3, 3>, 0>; Derived = Eigen::Map<Eigen::Matrix<double, 2, 3, 0, 2, 3>, 32, Eigen::Stride<0, 0> >]’ at /usr/include/eigen3/Eigen/src/Core/Assign.h:66:28,
    inlined from ‘virtual void ORB_SLAM3::EdgeSE3ProjectXYZ::linearizeOplus()’ at /home/zlw/End2End/ORB_SLAM3/src/OptimizableTypes.cpp:152:72:
/usr/lib/gcc/x86_64-linux-gnu/13/include/emmintrin.h:134:24: warning: ‘*(__m128d_u*)((char*)&<unnamed> + offsetof(Eigen::Matrix<double, 2, 3, 0, 2, 3>,Eigen::Matrix<double, 2, 3, 0, 2, 3>::<unnamed>.Eigen::PlainObjectBase<Eigen::Matrix<double, 2, 3, 0, 2, 3> >::m_storage.Eigen::DenseStorage<double, 6, 2, 3, 0>::m_data.Eigen::internal::plain_array<double, 6, 0, 16>::array[2]))’ is used uninitialized [-Wuninitialized]
  134 |   return *(__m128d_u *)__P;
      |                        ^~~
/home/zlw/End2End/ORB_SLAM3/src/OptimizableTypes.cpp: In member function ‘virtual void ORB_SLAM3::EdgeSE3ProjectXYZ::linearizeOplus()’:
/home/zlw/End2End/ORB_SLAM3/src/OptimizableTypes.cpp:150:47: note: ‘<anonymous>’ declared here
  150 |         auto projectJac = -pCamera->projectJac(xyz_trans);
      |                            ~~~~~~~~~~~~~~~~~~~^~~~~~~~~~~
In function ‘__m128d _mm_loadu_pd(const double*)’,
    inlined from ‘Packet Eigen::internal::ploadu(const typename unpacket_traits<T>::type*) [with Packet = __vector(2) double]’ at /usr/include/eigen3/Eigen/src/Core/arch/SSE/PacketMath.h:746:22,
    inlined from ‘Packet Eigen::internal::ploadt(const typename unpacket_traits<T>::type*) [with Packet = __vector(2) double; int Alignment = 0]’ at /usr/include/eigen3/Eigen/src/Core/GenericPacketMath.h:969:26,
    inlined from ‘PacketType Eigen::internal::evaluator<Eigen::PlainObjectBase<Derived> >::packet(Eigen::Index, Eigen::Index) const [with int LoadMode = 0; PacketType = __vector(2) double; Derived = Eigen::Matrix<double, 2, 3, 0, 2, 3>]’ at /usr/include/eigen3/Eigen/src/Core/CoreEvaluators.h:238:42,
    inlined from ‘PacketType Eigen::internal::unary_evaluator<Eigen::CwiseUnaryOp<UnaryOp, ArgType>, Eigen::internal::IndexBased>::packet(Eigen::Index, Eigen::Index) const [with int LoadMode = 0; PacketType = __vector(2) double; UnaryOp = Eigen::internal::scalar_opposite_op<double>; ArgType = const Eigen::Matrix<double, 2, 3, 0, 2, 3>]’ at /usr/include/eigen3/Eigen/src/Core/CoreEvaluators.h:596:81,
    inlined from ‘static void Eigen::internal::etor_product_packet_impl<0, UnrollingIndex, Lhs, Rhs, Packet, LoadMode>::run(Eigen::Index, Eigen::Index, const Lhs&, const Rhs&, Eigen::Index, Packet&) [with int UnrollingIndex = 3; Lhs = Eigen::internal::evaluator<Eigen::CwiseUnaryOp<Eigen::internal::scalar_opposite_op<double>, const Eigen::Matrix<double, 2, 3, 0, 2, 3> > >; Rhs = Eigen::internal::evaluator<Eigen::Matrix<double, 3, 3> >; Packet = __vector(2) double; int LoadMode = 0]’ at /usr/include/eigen3/Eigen/src/Core/ProductEvaluators.h:689:54,
    inlined from ‘const PacketType Eigen::internal::product_evaluator<Eigen::Product<Lhs, Rhs, 1>, ProductTag, Eigen::DenseShape, Eigen::DenseShape>::packet(Eigen::Index, Eigen::Index) const [with int LoadMode = 0; PacketType = __vector(2) double; Lhs = Eigen::CwiseUnaryOp<Eigen::internal::scalar_opposite_op<double>, const Eigen::Matrix<double, 2, 3, 0, 2, 3> >; Rhs = Eigen::Matrix<double, 3, 3>; int ProductTag = 3]’ at /usr/include/eigen3/Eigen/src/Core/ProductEvaluators.h:629:20,
    inlined from ‘void Eigen::internal::generic_dense_assignment_kernel<DstEvaluatorTypeT, SrcEvaluatorTypeT, Functor, Version>::assignPacket(Eigen::Index, Eigen::Index) [with int StoreMode = 16; int LoadMode = 0; PacketType = __vector(2) double; DstEvaluatorTypeT = Eigen::internal::evaluator<Eigen::Matrix<double, 2, 3, 0, 2, 3> >; SrcEvaluatorTypeT = Eigen::internal::evaluator<Eigen::Product<Eigen::CwiseUnaryOp<Eigen::internal::scalar_opposite_op<double>, const Eigen::Matrix<double, 2, 3, 0, 2, 3> >, Eigen::Matrix<double, 3, 3>, 1> >; Functor = Eigen::internal::assign_op<double, double>; int Version = 0]’ at /usr/include/eigen3/Eigen/src/Core/AssignEvaluator.h:675:116,
    inlined from ‘void Eigen::internal::generic_dense_assignment_kernel<DstEvaluatorTypeT, SrcEvaluatorTypeT, Functor, Version>::assignPacketByOuterInner(Eigen::Index, Eigen::Index) [with int StoreMode = 16; int LoadMode = 0; PacketType = __vector(2) double; DstEvaluatorTypeT = Eigen::internal::evaluator<Eigen::Matrix<double, 2, 3, 0, 2, 3> >; SrcEvaluatorTypeT = Eigen::internal::evaluator<Eigen::Product<Eigen::CwiseUnaryOp<Eigen::internal::scalar_opposite_op<double>, const Eigen::Matrix<double, 2, 3, 0, 2, 3> >, Eigen::Matrix<double, 3, 3>, 1> >; Functor = Eigen::internal::assign_op<double, double>; int Version = 0]’ at /usr/include/eigen3/Eigen/src/Core/AssignEvaluator.h:689:48,
    inlined from ‘static void Eigen::internal::copy_using_evaluator_innervec_CompleteUnrolling<Kernel, Index, Stop>::run(Kernel&) [with Kernel = Eigen::internal::generic_dense_assignment_kernel<Eigen::internal::evaluator<Eigen::Matrix<double, 2, 3, 0, 2, 3> >, Eigen::internal::evaluator<Eigen::Product<Eigen::CwiseUnaryOp<Eigen::internal::scalar_opposite_op<double>, const Eigen::Matrix<double, 2, 3, 0, 2, 3> >, Eigen::Matrix<double, 3, 3>, 1> >, Eigen::internal::assign_op<double, double>, 0>; int Index = 0; int Stop = 6]’ at /usr/include/eigen3/Eigen/src/Core/AssignEvaluator.h:279:85,
    inlined from ‘static void Eigen::internal::dense_assignment_loop<Kernel, 2, 2>::run(Kernel&) [with Kernel = Eigen::internal::generic_dense_assignment_kernel<Eigen::internal::evaluator<Eigen::Matrix<double, 2, 3, 0, 2, 3> >, Eigen::internal::evaluator<Eigen::Product<Eigen::CwiseUnaryOp<Eigen::internal::scalar_opposite_op<double>, const Eigen::Matrix<double, 2, 3, 0, 2, 3> >, Eigen::Matrix<double, 3, 3>, 1> >, Eigen::internal::assign_op<double, double>, 0>]’ at /usr/include/eigen3/Eigen/src/Core/AssignEvaluator.h:489:99,
    inlined from ‘void Eigen::internal::call_dense_assignment_loop(DstXprType&, const SrcXprType&, const Functor&) [with DstXprType = Eigen::Matrix<double, 2, 3, 0, 2, 3>; SrcXprType = Eigen::Product<Eigen::CwiseUnaryOp<scalar_opposite_op<double>, const Eigen::Matrix<double, 2, 3, 0, 2, 3> >, Eigen::Matrix<double, 3, 3>, 1>; Functor = assign_op<double, double>]’ at /usr/include/eigen3/Eigen/src/Core/AssignEvaluator.h:785:37,
    inlined from ‘static void Eigen::internal::Assignment<DstXprType, SrcXprType, Functor, Eigen::internal::Dense2Dense, Weak>::run(DstXprType&, const SrcXprType&, const Functor&) [with DstXprType = Eigen::Matrix<double, 2, 3, 0, 2, 3>; SrcXprType = Eigen::Product<Eigen::CwiseUnaryOp<Eigen::internal::scalar_opposite_op<double>, const Eigen::Matrix<double, 2, 3, 0, 2, 3> >, Eigen::Matrix<double, 3, 3>, 1>; Functor = Eigen::internal::assign_op<double, double>; Weak = void]’ at /usr/include/eigen3/Eigen/src/Core/AssignEvaluator.h:954:31,
    inlined from ‘void Eigen::internal::call_assignment_no_alias(Dst&, const Src&, const Func&) [with Dst = Eigen::Matrix<double, 2, 3, 0, 2, 3>; Src = Eigen::Product<Eigen::CwiseUnaryOp<scalar_opposite_op<double>, const Eigen::Matrix<double, 2, 3, 0, 2, 3> >, Eigen::Matrix<double, 3, 3>, 1>; Func = assign_op<double, double>]’ at /usr/include/eigen3/Eigen/src/Core/AssignEvaluator.h:890:49,
    inlined from ‘static void Eigen::internal::generic_product_impl<Lhs, Rhs, Eigen::DenseShape, Eigen::DenseShape, 3>::evalTo(Dst&, const Lhs&, const Rhs&) [with Dst = Eigen::Matrix<double, 2, 3, 0, 2, 3>; Lhs = Eigen::CwiseUnaryOp<Eigen::internal::scalar_opposite_op<double>, const Eigen::Matrix<double, 2, 3, 0, 2, 3> >; Rhs = Eigen::Matrix<double, 3, 3>]’ at /usr/include/eigen3/Eigen/src/Core/ProductEvaluators.h:402:29,
    inlined from ‘static void Eigen::internal::Assignment<DstXprType, Eigen::Product<Lhs, Rhs, Options>, Eigen::internal::assign_op<Scalar, Scalar>, Eigen::internal::Dense2Dense, typename Eigen::internal::enable_if<((Options == Eigen::DefaultProduct) || (Options == Eigen::AliasFreeProduct))>::type>::run(DstXprType&, const SrcXprType&, const Eigen::internal::assign_op<Scalar, Scalar>&) [with DstXprType = Eigen::Matrix<double, 2, 3, 0, 2, 3>; Lhs = Eigen::CwiseUnaryOp<Eigen::internal::scalar_opposite_op<double>, const Eigen::Matrix<double, 2, 3, 0, 2, 3> >; Rhs = Eigen::Matrix<double, 3, 3>; int Options = 0; Scalar = double]’ at /usr/include/eigen3/Eigen/src/Core/ProductEvaluators.h:148:43,
    inlined from ‘void Eigen::internal::call_assignment_no_alias(Dst&, const Src&, const Func&) [with Dst = Eigen::Matrix<double, 2, 3, 0, 2, 3>; Src = Eigen::Product<Eigen::CwiseUnaryOp<scalar_opposite_op<double>, const Eigen::Matrix<double, 2, 3, 0, 2, 3> >, Eigen::Matrix<double, 3, 3>, 0>; Func = assign_op<double, double>]’ at /usr/include/eigen3/Eigen/src/Core/AssignEvaluator.h:890:49,
    inlined from ‘Derived& Eigen::PlainObjectBase<Derived>::_set_noalias(const Eigen::DenseBase<OtherDerived>&) [with OtherDerived = Eigen::Product<Eigen::CwiseUnaryOp<Eigen::internal::scalar_opposite_op<double>, const Eigen::Matrix<double, 2, 3, 0, 2, 3> >, Eigen::Matrix<double, 3, 3>, 0>; Derived = Eigen::Matrix<double, 2, 3, 0, 2, 3>]’ at /usr/include/eigen3/Eigen/src/Core/PlainObjectBase.h:797:41,
    inlined from ‘void Eigen::PlainObjectBase<Derived>::_init1(const Eigen::DenseBase<ElseDerived>&) [with T = Eigen::Product<Eigen::CwiseUnaryOp<Eigen::internal::scalar_opposite_op<double>, const Eigen::Matrix<double, 2, 3, 0, 2, 3> >, Eigen::Matrix<double, 3, 3>, 0>; OtherDerived = Eigen::Product<Eigen::CwiseUnaryOp<Eigen::internal::scalar_opposite_op<double>, const Eigen::Matrix<double, 2, 3, 0, 2, 3> >, Eigen::Matrix<double, 3, 3>, 0>; Derived = Eigen::Matrix<double, 2, 3, 0, 2, 3>]’ at /usr/include/eigen3/Eigen/src/Core/PlainObjectBase.h:883:25,
    inlined from ‘Eigen::Matrix<_Scalar, _Rows, _Cols, _Options, _MaxRows, _MaxCols>::Matrix(const T&) [with T = Eigen::Product<Eigen::CwiseUnaryOp<Eigen::internal::scalar_opposite_op<double>, const Eigen::Matrix<double, 2, 3, 0, 2, 3> >, Eigen::Matrix<double, 3, 3>, 0>; _Scalar = double; int _Rows = 2; int _Cols = 3; int _Options = 0; int _MaxRows = 2; int _MaxCols = 3]’ at /usr/include/eigen3/Eigen/src/Core/Matrix.h:332:31,
    inlined from ‘void Eigen::internal::call_assignment(Dst&, const Src&, const Func&, typename enable_if<evaluator_assume_aliasing<Src>::value, void*>::type) [with Dst = Eigen::Map<Eigen::Matrix<double, 2, 3, 0, 2, 3>, 32, Eigen::Stride<0, 0> >; Src = Eigen::Product<Eigen::CwiseUnaryOp<scalar_opposite_op<double>, const Eigen::Matrix<double, 2, 3, 0, 2, 3> >, Eigen::Matrix<double, 3, 3>, 0>; Func = assign_op<double, double>]’ at /usr/include/eigen3/Eigen/src/Core/AssignEvaluator.h:850:41,
    inlined from ‘void Eigen::internal::call_assignment(Dst&, const Src&) [with Dst = Eigen::Map<Eigen::Matrix<double, 2, 3, 0, 2, 3>, 32, Eigen::Stride<0, 0> >; Src = Eigen::Product<Eigen::CwiseUnaryOp<scalar_opposite_op<double>, const Eigen::Matrix<double, 2, 3, 0, 2, 3> >, Eigen::Matrix<double, 3, 3>, 0>]’ at /usr/include/eigen3/Eigen/src/Core/AssignEvaluator.h:836:18,
    inlined from ‘Derived& Eigen::MatrixBase<Derived>::operator=(const Eigen::DenseBase<OtherDerived>&) [with OtherDerived = Eigen::Product<Eigen::CwiseUnaryOp<Eigen::internal::scalar_opposite_op<double>, const Eigen::Matrix<double, 2, 3, 0, 2, 3> >, Eigen::Matrix<double, 3, 3>, 0>; Derived = Eigen::Map<Eigen::Matrix<double, 2, 3, 0, 2, 3>, 32, Eigen::Stride<0, 0> >]’ at /usr/include/eigen3/Eigen/src/Core/Assign.h:66:28,
    inlined from ‘virtual void ORB_SLAM3::EdgeSE3ProjectXYZ::linearizeOplus()’ at /home/zlw/End2End/ORB_SLAM3/src/OptimizableTypes.cpp:152:72:
/usr/lib/gcc/x86_64-linux-gnu/13/include/emmintrin.h:134:24: warning: ‘*(__m128d_u*)((char*)&<unnamed> + offsetof(Eigen::Matrix<double, 2, 3, 0, 2, 3>,Eigen::Matrix<double, 2, 3, 0, 2, 3>::<unnamed>.Eigen::PlainObjectBase<Eigen::Matrix<double, 2, 3, 0, 2, 3> >::m_storage.Eigen::DenseStorage<double, 6, 2, 3, 0>::m_data.Eigen::internal::plain_array<double, 6, 0, 16>::array[4]))’ is used uninitialized [-Wuninitialized]
  134 |   return *(__m128d_u *)__P;
      |                        ^~~
/home/zlw/End2End/ORB_SLAM3/src/OptimizableTypes.cpp: In member function ‘virtual void ORB_SLAM3::EdgeSE3ProjectXYZ::linearizeOplus()’:
/home/zlw/End2End/ORB_SLAM3/src/OptimizableTypes.cpp:150:47: note: ‘<anonymous>’ declared here
  150 |         auto projectJac = -pCamera->projectJac(xyz_trans);
      |                            ~~~~~~~~~~~~~~~~~~~^~~~~~~~~~~
[ 71%] Building CXX object CMakeFiles/ORB_SLAM3_h15_f120_o8_purevis.dir/src/MLPnPsolver.cpp.o
In file included from /home/zlw/End2End/ORB_SLAM3/Thirdparty/DBoW2/DBoW2/FORB.h:17,
                 from /home/zlw/End2End/ORB_SLAM3/include/ORBVocabulary.h:23,
                 from /home/zlw/End2End/ORB_SLAM3/include/KeyFrame.h:26,
                 from /home/zlw/End2End/ORB_SLAM3/include/MapPoint.h:23,
                 from /home/zlw/End2End/ORB_SLAM3/include/MLPnPsolver.h:52,
                 from /home/zlw/End2End/ORB_SLAM3/src/MLPnPsolver.cpp:49:
/home/zlw/End2End/ORB_SLAM3/Thirdparty/DBoW2/DBoW2/FClass.h:35:16: warning: ‘virtual void DBoW2::FClass::meanValue(const std::vector<const TDescriptor*>&, TDescriptor&)’ was hidden [-Woverloaded-virtual=]
   35 |   virtual void meanValue(const std::vector<pDescriptor> &descriptors,
      |                ^~~~~~~~~
/home/zlw/End2End/ORB_SLAM3/Thirdparty/DBoW2/DBoW2/FORB.h:38:15: note:   by ‘static void DBoW2::FORB::meanValue(const std::vector<const cv::Mat*>&, TDescriptor&)’
   38 |   static void meanValue(const std::vector<pDescriptor> &descriptors,
      |               ^~~~~~~~~
In file included from /home/zlw/End2End/ORB_SLAM3/include/Frame.h:30,
                 from /home/zlw/End2End/ORB_SLAM3/include/KeyFrame.h:28:
/home/zlw/End2End/ORB_SLAM3/include/ImuTypes.h: In member function ‘void ORB_SLAM3::IMU::Preintegrated::printMeasurements() const’:
/home/zlw/End2End/ORB_SLAM3/include/ImuTypes.h:204:23: warning: comparison of integer expressions of different signedness: ‘int’ and ‘std::vector<ORB_SLAM3::IMU::Preintegrated::integrable>::size_type’ {aka ‘long unsigned int’} [-Wsign-compare]
  204 |         for(int i=0; i<mvMeasurements.size(); i++){
      |                      ~^~~~~~~~~~~~~~~~~~~~~~
In file included from /home/zlw/End2End/ORB_SLAM3/Thirdparty/g2o/g2o/types/types_six_dof_expmap.h:37,
                 from /home/zlw/End2End/ORB_SLAM3/include/Converter.h:26,
                 from /home/zlw/End2End/ORB_SLAM3/include/Frame.h:33:
/home/zlw/End2End/ORB_SLAM3/Thirdparty/g2o/g2o/types/../core/base_vertex.h: At global scope:
/home/zlw/End2End/ORB_SLAM3/Thirdparty/g2o/g2o/types/../core/base_vertex.h:62:74: warning: ‘Eigen::AlignedBit’ is deprecated [-Wdeprecated-declarations]
   62 |     typedef Eigen::Map<Matrix<double, D, D>, Matrix<double,D,D>::Flags & AlignedBit ? Aligned : Unaligned >  HessianBlockType;
      |                                                                          ^~~~~~~~~~
In file included from /usr/include/eigen3/Eigen/Core:161,
                 from /usr/include/eigen3/Eigen/LU:11,
                 from /home/zlw/End2End/ORB_SLAM3/Thirdparty/Sophus/sophus/so2.hpp:12,
                 from /home/zlw/End2End/ORB_SLAM3/Thirdparty/Sophus/sophus/se2.hpp:7,
                 from /home/zlw/End2End/ORB_SLAM3/Thirdparty/Sophus/sophus/geometry.hpp:7,
                 from /home/zlw/End2End/ORB_SLAM3/include/Frame.h:28:
/usr/include/eigen3/Eigen/src/Core/util/Constants.h:167:37: note: declared here
  167 | EIGEN_DEPRECATED const unsigned int AlignedBit = 0x80;
      |                                     ^~~~~~~~~~
In file included from /home/zlw/End2End/ORB_SLAM3/Thirdparty/g2o/g2o/types/types_six_dof_expmap.h:38:
/home/zlw/End2End/ORB_SLAM3/Thirdparty/g2o/g2o/types/../core/base_binary_edge.h:59:82: warning: ‘Eigen::AlignedBit’ is deprecated [-Wdeprecated-declarations]
   59 |       typedef Eigen::Map<Matrix<double, Di, Dj>, Matrix<double, Di, Dj>::Flags & AlignedBit ? Aligned : Unaligned > HessianBlockType;
      |                                                                                  ^~~~~~~~~~
/usr/include/eigen3/Eigen/src/Core/util/Constants.h:167:37: note: declared here
  167 | EIGEN_DEPRECATED const unsigned int AlignedBit = 0x80;
      |                                     ^~~~~~~~~~
/home/zlw/End2End/ORB_SLAM3/Thirdparty/g2o/g2o/types/../core/base_binary_edge.h:60:82: warning: ‘Eigen::AlignedBit’ is deprecated [-Wdeprecated-declarations]
   60 |       typedef Eigen::Map<Matrix<double, Dj, Di>, Matrix<double, Dj, Di>::Flags & AlignedBit ? Aligned : Unaligned > HessianBlockTransposedType;
      |                                                                                  ^~~~~~~~~~
/usr/include/eigen3/Eigen/src/Core/util/Constants.h:167:37: note: declared here
  167 | EIGEN_DEPRECATED const unsigned int AlignedBit = 0x80;
      |                                     ^~~~~~~~~~
/home/zlw/End2End/ORB_SLAM3/Thirdparty/g2o/g2o/types/../core/base_vertex.h: In instantiation of ‘class g2o::BaseVertex<3, Eigen::Matrix<double, 3, 1> >’:
/home/zlw/End2End/ORB_SLAM3/Thirdparty/g2o/g2o/types/types_sba.h:40:35:   required from here
/home/zlw/End2End/ORB_SLAM3/Thirdparty/g2o/g2o/types/../core/base_vertex.h:62:72: warning: ‘Eigen::AlignedBit’ is deprecated [-Wdeprecated-declarations]
   62 |     typedef Eigen::Map<Matrix<double, D, D>, Matrix<double,D,D>::Flags & AlignedBit ? Aligned : Unaligned >  HessianBlockType;
      |                                                                  ~~~~~~^~~~~~~~~~~~
/usr/include/eigen3/Eigen/src/Core/util/Constants.h:167:37: note: declared here
  167 | EIGEN_DEPRECATED const unsigned int AlignedBit = 0x80;
      |                                     ^~~~~~~~~~
/home/zlw/End2End/ORB_SLAM3/Thirdparty/g2o/g2o/types/../core/base_vertex.h: In instantiation of ‘class g2o::BaseVertex<6, g2o::SE3Quat>’:
/home/zlw/End2End/ORB_SLAM3/Thirdparty/g2o/g2o/types/types_six_dof_expmap.h:59:33:   required from here
/home/zlw/End2End/ORB_SLAM3/Thirdparty/g2o/g2o/types/../core/base_vertex.h:62:72: warning: ‘Eigen::AlignedBit’ is deprecated [-Wdeprecated-declarations]
   62 |     typedef Eigen::Map<Matrix<double, D, D>, Matrix<double,D,D>::Flags & AlignedBit ? Aligned : Unaligned >  HessianBlockType;
      |                                                                  ~~~~~~^~~~~~~~~~~~
/usr/include/eigen3/Eigen/src/Core/util/Constants.h:167:37: note: declared here
  167 | EIGEN_DEPRECATED const unsigned int AlignedBit = 0x80;
      |                                     ^~~~~~~~~~
/home/zlw/End2End/ORB_SLAM3/Thirdparty/g2o/g2o/types/../core/base_binary_edge.h: In instantiation of ‘class g2o::BaseBinaryEdge<6, g2o::SE3Quat, g2o::VertexSE3Expmap, g2o::VertexSE3Expmap>’:
/home/zlw/End2End/ORB_SLAM3/Thirdparty/g2o/g2o/types/types_six_dof_expmap.h:83:24:   required from here
/home/zlw/End2End/ORB_SLAM3/Thirdparty/g2o/g2o/types/../core/base_binary_edge.h:59:80: warning: ‘Eigen::AlignedBit’ is deprecated [-Wdeprecated-declarations]
   59 |       typedef Eigen::Map<Matrix<double, Di, Dj>, Matrix<double, Di, Dj>::Flags & AlignedBit ? Aligned : Unaligned > HessianBlockType;
      |                                                                          ~~~~~~^~~~~~~~~~~~
/usr/include/eigen3/Eigen/src/Core/util/Constants.h:167:37: note: declared here
  167 | EIGEN_DEPRECATED const unsigned int AlignedBit = 0x80;
      |                                     ^~~~~~~~~~
/home/zlw/End2End/ORB_SLAM3/Thirdparty/g2o/g2o/types/../core/base_binary_edge.h:60:80: warning: ‘Eigen::AlignedBit’ is deprecated [-Wdeprecated-declarations]
   60 |       typedef Eigen::Map<Matrix<double, Dj, Di>, Matrix<double, Dj, Di>::Flags & AlignedBit ? Aligned : Unaligned > HessianBlockTransposedType;
      |                                                                          ~~~~~~^~~~~~~~~~~~
/usr/include/eigen3/Eigen/src/Core/util/Constants.h:167:37: note: declared here
  167 | EIGEN_DEPRECATED const unsigned int AlignedBit = 0x80;
      |                                     ^~~~~~~~~~
/home/zlw/End2End/ORB_SLAM3/Thirdparty/g2o/g2o/types/../core/base_binary_edge.h: In instantiation of ‘class g2o::BaseBinaryEdge<2, Eigen::Matrix<double, 2, 1>, g2o::VertexSBAPointXYZ, g2o::VertexSE3Expmap>’:
/home/zlw/End2End/ORB_SLAM3/Thirdparty/g2o/g2o/types/types_six_dof_expmap.h:114:35:   required from here
/home/zlw/End2End/ORB_SLAM3/Thirdparty/g2o/g2o/types/../core/base_binary_edge.h:59:80: warning: ‘Eigen::AlignedBit’ is deprecated [-Wdeprecated-declarations]
   59 |       typedef Eigen::Map<Matrix<double, Di, Dj>, Matrix<double, Di, Dj>::Flags & AlignedBit ? Aligned : Unaligned > HessianBlockType;
      |                                                                          ~~~~~~^~~~~~~~~~~~
/usr/include/eigen3/Eigen/src/Core/util/Constants.h:167:37: note: declared here
  167 | EIGEN_DEPRECATED const unsigned int AlignedBit = 0x80;
      |                                     ^~~~~~~~~~
/home/zlw/End2End/ORB_SLAM3/Thirdparty/g2o/g2o/types/../core/base_binary_edge.h:60:80: warning: ‘Eigen::AlignedBit’ is deprecated [-Wdeprecated-declarations]
   60 |       typedef Eigen::Map<Matrix<double, Dj, Di>, Matrix<double, Dj, Di>::Flags & AlignedBit ? Aligned : Unaligned > HessianBlockTransposedType;
      |                                                                          ~~~~~~^~~~~~~~~~~~
/usr/include/eigen3/Eigen/src/Core/util/Constants.h:167:37: note: declared here
  167 | EIGEN_DEPRECATED const unsigned int AlignedBit = 0x80;
      |                                     ^~~~~~~~~~
/home/zlw/End2End/ORB_SLAM3/Thirdparty/g2o/g2o/types/../core/base_binary_edge.h: In instantiation of ‘class g2o::BaseBinaryEdge<3, Eigen::Matrix<double, 3, 1>, g2o::VertexSBAPointXYZ, g2o::VertexSE3Expmap>’:
/home/zlw/End2End/ORB_SLAM3/Thirdparty/g2o/g2o/types/types_six_dof_expmap.h:146:41:   required from here
/home/zlw/End2End/ORB_SLAM3/Thirdparty/g2o/g2o/types/../core/base_binary_edge.h:59:80: warning: ‘Eigen::AlignedBit’ is deprecated [-Wdeprecated-declarations]
   59 |       typedef Eigen::Map<Matrix<double, Di, Dj>, Matrix<double, Di, Dj>::Flags & AlignedBit ? Aligned : Unaligned > HessianBlockType;
      |                                                                          ~~~~~~^~~~~~~~~~~~
/usr/include/eigen3/Eigen/src/Core/util/Constants.h:167:37: note: declared here
  167 | EIGEN_DEPRECATED const unsigned int AlignedBit = 0x80;
      |                                     ^~~~~~~~~~
/home/zlw/End2End/ORB_SLAM3/Thirdparty/g2o/g2o/types/../core/base_binary_edge.h:60:80: warning: ‘Eigen::AlignedBit’ is deprecated [-Wdeprecated-declarations]
   60 |       typedef Eigen::Map<Matrix<double, Dj, Di>, Matrix<double, Dj, Di>::Flags & AlignedBit ? Aligned : Unaligned > HessianBlockTransposedType;
      |                                                                          ~~~~~~^~~~~~~~~~~~
/usr/include/eigen3/Eigen/src/Core/util/Constants.h:167:37: note: declared here
  167 | EIGEN_DEPRECATED const unsigned int AlignedBit = 0x80;
      |                                     ^~~~~~~~~~
/home/zlw/End2End/ORB_SLAM3/Thirdparty/g2o/g2o/types/../core/base_vertex.h: In instantiation of ‘class g2o::BaseVertex<7, g2o::Sim3>’:
/home/zlw/End2End/ORB_SLAM3/Thirdparty/g2o/g2o/types/types_seven_dof_expmap.h:48:35:   required from here
/home/zlw/End2End/ORB_SLAM3/Thirdparty/g2o/g2o/types/../core/base_vertex.h:62:72: warning: ‘Eigen::AlignedBit’ is deprecated [-Wdeprecated-declarations]
   62 |     typedef Eigen::Map<Matrix<double, D, D>, Matrix<double,D,D>::Flags & AlignedBit ? Aligned : Unaligned >  HessianBlockType;
      |                                                                  ~~~~~~^~~~~~~~~~~~
/usr/include/eigen3/Eigen/src/Core/util/Constants.h:167:37: note: declared here
  167 | EIGEN_DEPRECATED const unsigned int AlignedBit = 0x80;
      |                                     ^~~~~~~~~~
/home/zlw/End2End/ORB_SLAM3/Thirdparty/g2o/g2o/types/../core/base_binary_edge.h: In instantiation of ‘class g2o::BaseBinaryEdge<7, g2o::Sim3, g2o::VertexSim3Expmap, g2o::VertexSim3Expmap>’:
/home/zlw/End2End/ORB_SLAM3/Thirdparty/g2o/g2o/types/types_seven_dof_expmap.h:99:27:   required from here
/home/zlw/End2End/ORB_SLAM3/Thirdparty/g2o/g2o/types/../core/base_binary_edge.h:59:80: warning: ‘Eigen::AlignedBit’ is deprecated [-Wdeprecated-declarations]
   59 |       typedef Eigen::Map<Matrix<double, Di, Dj>, Matrix<double, Di, Dj>::Flags & AlignedBit ? Aligned : Unaligned > HessianBlockType;
      |                                                                          ~~~~~~^~~~~~~~~~~~
/usr/include/eigen3/Eigen/src/Core/util/Constants.h:167:37: note: declared here
  167 | EIGEN_DEPRECATED const unsigned int AlignedBit = 0x80;
      |                                     ^~~~~~~~~~
/home/zlw/End2End/ORB_SLAM3/Thirdparty/g2o/g2o/types/../core/base_binary_edge.h:60:80: warning: ‘Eigen::AlignedBit’ is deprecated [-Wdeprecated-declarations]
   60 |       typedef Eigen::Map<Matrix<double, Dj, Di>, Matrix<double, Dj, Di>::Flags & AlignedBit ? Aligned : Unaligned > HessianBlockTransposedType;
      |                                                                          ~~~~~~^~~~~~~~~~~~
/usr/include/eigen3/Eigen/src/Core/util/Constants.h:167:37: note: declared here
  167 | EIGEN_DEPRECATED const unsigned int AlignedBit = 0x80;
      |                                     ^~~~~~~~~~
/home/zlw/End2End/ORB_SLAM3/Thirdparty/g2o/g2o/types/../core/base_binary_edge.h: In instantiation of ‘class g2o::BaseBinaryEdge<2, Eigen::Matrix<double, 2, 1>, g2o::VertexSBAPointXYZ, g2o::VertexSim3Expmap>’:
/home/zlw/End2End/ORB_SLAM3/Thirdparty/g2o/g2o/types/types_seven_dof_expmap.h:130:36:   required from here
/home/zlw/End2End/ORB_SLAM3/Thirdparty/g2o/g2o/types/../core/base_binary_edge.h:59:80: warning: ‘Eigen::AlignedBit’ is deprecated [-Wdeprecated-declarations]
   59 |       typedef Eigen::Map<Matrix<double, Di, Dj>, Matrix<double, Di, Dj>::Flags & AlignedBit ? Aligned : Unaligned > HessianBlockType;
      |                                                                          ~~~~~~^~~~~~~~~~~~
/usr/include/eigen3/Eigen/src/Core/util/Constants.h:167:37: note: declared here
  167 | EIGEN_DEPRECATED const unsigned int AlignedBit = 0x80;
      |                                     ^~~~~~~~~~
/home/zlw/End2End/ORB_SLAM3/Thirdparty/g2o/g2o/types/../core/base_binary_edge.h:60:80: warning: ‘Eigen::AlignedBit’ is deprecated [-Wdeprecated-declarations]
   60 |       typedef Eigen::Map<Matrix<double, Dj, Di>, Matrix<double, Dj, Di>::Flags & AlignedBit ? Aligned : Unaligned > HessianBlockTransposedType;
      |                                                                          ~~~~~~^~~~~~~~~~~~
/usr/include/eigen3/Eigen/src/Core/util/Constants.h:167:37: note: declared here
  167 | EIGEN_DEPRECATED const unsigned int AlignedBit = 0x80;
      |                                     ^~~~~~~~~~
/home/zlw/End2End/ORB_SLAM3/src/MLPnPsolver.cpp: In member function ‘void ORB_SLAM3::MLPnPsolver::mlpnp_residuals_and_jacs(const Eigen::VectorXd&, const points_t&, const std::vector<Eigen::Matrix<double, -1, -1> >&, Eigen::VectorXd&, Eigen::MatrixXd&, bool)’:
/home/zlw/End2End/ORB_SLAM3/src/MLPnPsolver.cpp:771:27: warning: comparison of integer expressions of different signedness: ‘int’ and ‘std::vector<Eigen::Matrix<double, 3, 1>, Eigen::aligned_allocator<Eigen::Matrix<double, 3, 1> > >::size_type’ {aka ‘long unsigned int’} [-Wsign-compare]
  771 |         for (int i = 0; i < pts.size(); ++i)
      |                         ~~^~~~~~~~~~~~
[ 71%] Building CXX object CMakeFiles/ORB_SLAM3_h15_f120_o8_purevis.dir/src/GeometricTools.cc.o
In file included from /home/zlw/End2End/ORB_SLAM3/include/Frame.h:30,
                 from /home/zlw/End2End/ORB_SLAM3/include/MapPoint.h:24,
                 from /home/zlw/End2End/ORB_SLAM3/include/KeyFrame.h:23,
                 from /home/zlw/End2End/ORB_SLAM3/src/GeometricTools.cc:21:
/home/zlw/End2End/ORB_SLAM3/include/ImuTypes.h: In member function ‘void ORB_SLAM3::IMU::Preintegrated::printMeasurements() const’:
/home/zlw/End2End/ORB_SLAM3/include/ImuTypes.h:204:23: warning: comparison of integer expressions of different signedness: ‘int’ and ‘std::vector<ORB_SLAM3::IMU::Preintegrated::integrable>::size_type’ {aka ‘long unsigned int’} [-Wsign-compare]
  204 |         for(int i=0; i<mvMeasurements.size(); i++){
      |                      ~^~~~~~~~~~~~~~~~~~~~~~
In file included from /home/zlw/End2End/ORB_SLAM3/Thirdparty/DBoW2/DBoW2/FORB.h:17,
                 from /home/zlw/End2End/ORB_SLAM3/include/ORBVocabulary.h:23,
                 from /home/zlw/End2End/ORB_SLAM3/include/Frame.h:31:
/home/zlw/End2End/ORB_SLAM3/Thirdparty/DBoW2/DBoW2/FClass.h: At global scope:
/home/zlw/End2End/ORB_SLAM3/Thirdparty/DBoW2/DBoW2/FClass.h:35:16: warning: ‘virtual void DBoW2::FClass::meanValue(const std::vector<const TDescriptor*>&, TDescriptor&)’ was hidden [-Woverloaded-virtual=]
   35 |   virtual void meanValue(const std::vector<pDescriptor> &descriptors,
      |                ^~~~~~~~~
/home/zlw/End2End/ORB_SLAM3/Thirdparty/DBoW2/DBoW2/FORB.h:38:15: note:   by ‘static void DBoW2::FORB::meanValue(const std::vector<const cv::Mat*>&, TDescriptor&)’
   38 |   static void meanValue(const std::vector<pDescriptor> &descriptors,
      |               ^~~~~~~~~
In file included from /home/zlw/End2End/ORB_SLAM3/Thirdparty/g2o/g2o/types/types_six_dof_expmap.h:37,
                 from /home/zlw/End2End/ORB_SLAM3/include/Converter.h:26,
                 from /home/zlw/End2End/ORB_SLAM3/include/Frame.h:33:
/home/zlw/End2End/ORB_SLAM3/Thirdparty/g2o/g2o/types/../core/base_vertex.h:62:74: warning: ‘Eigen::AlignedBit’ is deprecated [-Wdeprecated-declarations]
   62 |     typedef Eigen::Map<Matrix<double, D, D>, Matrix<double,D,D>::Flags & AlignedBit ? Aligned : Unaligned >  HessianBlockType;
      |                                                                          ^~~~~~~~~~
In file included from /usr/include/eigen3/Eigen/Core:161,
                 from /usr/include/eigen3/Eigen/Dense:1,
                 from /home/zlw/End2End/ORB_SLAM3/Thirdparty/Sophus/sophus/rotation_matrix.hpp:7,
                 from /home/zlw/End2End/ORB_SLAM3/Thirdparty/Sophus/sophus/so3.hpp:7,
                 from /home/zlw/End2End/ORB_SLAM3/Thirdparty/Sophus/sophus/se3.hpp:7,
                 from /home/zlw/End2End/ORB_SLAM3/include/GeometricTools.h:24,
                 from /home/zlw/End2End/ORB_SLAM3/src/GeometricTools.cc:19:
/usr/include/eigen3/Eigen/src/Core/util/Constants.h:167:37: note: declared here
  167 | EIGEN_DEPRECATED const unsigned int AlignedBit = 0x80;
      |                                     ^~~~~~~~~~
In file included from /home/zlw/End2End/ORB_SLAM3/Thirdparty/g2o/g2o/types/types_six_dof_expmap.h:38:
/home/zlw/End2End/ORB_SLAM3/Thirdparty/g2o/g2o/types/../core/base_binary_edge.h:59:82: warning: ‘Eigen::AlignedBit’ is deprecated [-Wdeprecated-declarations]
   59 |       typedef Eigen::Map<Matrix<double, Di, Dj>, Matrix<double, Di, Dj>::Flags & AlignedBit ? Aligned : Unaligned > HessianBlockType;
      |                                                                                  ^~~~~~~~~~
/usr/include/eigen3/Eigen/src/Core/util/Constants.h:167:37: note: declared here
  167 | EIGEN_DEPRECATED const unsigned int AlignedBit = 0x80;
      |                                     ^~~~~~~~~~
/home/zlw/End2End/ORB_SLAM3/Thirdparty/g2o/g2o/types/../core/base_binary_edge.h:60:82: warning: ‘Eigen::AlignedBit’ is deprecated [-Wdeprecated-declarations]
   60 |       typedef Eigen::Map<Matrix<double, Dj, Di>, Matrix<double, Dj, Di>::Flags & AlignedBit ? Aligned : Unaligned > HessianBlockTransposedType;
      |                                                                                  ^~~~~~~~~~
/usr/include/eigen3/Eigen/src/Core/util/Constants.h:167:37: note: declared here
  167 | EIGEN_DEPRECATED const unsigned int AlignedBit = 0x80;
      |                                     ^~~~~~~~~~
/home/zlw/End2End/ORB_SLAM3/Thirdparty/g2o/g2o/types/../core/base_vertex.h: In instantiation of ‘class g2o::BaseVertex<3, Eigen::Matrix<double, 3, 1> >’:
/home/zlw/End2End/ORB_SLAM3/Thirdparty/g2o/g2o/types/types_sba.h:40:35:   required from here
/home/zlw/End2End/ORB_SLAM3/Thirdparty/g2o/g2o/types/../core/base_vertex.h:62:72: warning: ‘Eigen::AlignedBit’ is deprecated [-Wdeprecated-declarations]
   62 |     typedef Eigen::Map<Matrix<double, D, D>, Matrix<double,D,D>::Flags & AlignedBit ? Aligned : Unaligned >  HessianBlockType;
      |                                                                  ~~~~~~^~~~~~~~~~~~
/usr/include/eigen3/Eigen/src/Core/util/Constants.h:167:37: note: declared here
  167 | EIGEN_DEPRECATED const unsigned int AlignedBit = 0x80;
      |                                     ^~~~~~~~~~
/home/zlw/End2End/ORB_SLAM3/Thirdparty/g2o/g2o/types/../core/base_vertex.h: In instantiation of ‘class g2o::BaseVertex<6, g2o::SE3Quat>’:
/home/zlw/End2End/ORB_SLAM3/Thirdparty/g2o/g2o/types/types_six_dof_expmap.h:59:33:   required from here
/home/zlw/End2End/ORB_SLAM3/Thirdparty/g2o/g2o/types/../core/base_vertex.h:62:72: warning: ‘Eigen::AlignedBit’ is deprecated [-Wdeprecated-declarations]
   62 |     typedef Eigen::Map<Matrix<double, D, D>, Matrix<double,D,D>::Flags & AlignedBit ? Aligned : Unaligned >  HessianBlockType;
      |                                                                  ~~~~~~^~~~~~~~~~~~
/usr/include/eigen3/Eigen/src/Core/util/Constants.h:167:37: note: declared here
  167 | EIGEN_DEPRECATED const unsigned int AlignedBit = 0x80;
      |                                     ^~~~~~~~~~
/home/zlw/End2End/ORB_SLAM3/Thirdparty/g2o/g2o/types/../core/base_binary_edge.h: In instantiation of ‘class g2o::BaseBinaryEdge<6, g2o::SE3Quat, g2o::VertexSE3Expmap, g2o::VertexSE3Expmap>’:
/home/zlw/End2End/ORB_SLAM3/Thirdparty/g2o/g2o/types/types_six_dof_expmap.h:83:24:   required from here
/home/zlw/End2End/ORB_SLAM3/Thirdparty/g2o/g2o/types/../core/base_binary_edge.h:59:80: warning: ‘Eigen::AlignedBit’ is deprecated [-Wdeprecated-declarations]
   59 |       typedef Eigen::Map<Matrix<double, Di, Dj>, Matrix<double, Di, Dj>::Flags & AlignedBit ? Aligned : Unaligned > HessianBlockType;
      |                                                                          ~~~~~~^~~~~~~~~~~~
/usr/include/eigen3/Eigen/src/Core/util/Constants.h:167:37: note: declared here
  167 | EIGEN_DEPRECATED const unsigned int AlignedBit = 0x80;
      |                                     ^~~~~~~~~~
/home/zlw/End2End/ORB_SLAM3/Thirdparty/g2o/g2o/types/../core/base_binary_edge.h:60:80: warning: ‘Eigen::AlignedBit’ is deprecated [-Wdeprecated-declarations]
   60 |       typedef Eigen::Map<Matrix<double, Dj, Di>, Matrix<double, Dj, Di>::Flags & AlignedBit ? Aligned : Unaligned > HessianBlockTransposedType;
      |                                                                          ~~~~~~^~~~~~~~~~~~
/usr/include/eigen3/Eigen/src/Core/util/Constants.h:167:37: note: declared here
  167 | EIGEN_DEPRECATED const unsigned int AlignedBit = 0x80;
      |                                     ^~~~~~~~~~
/home/zlw/End2End/ORB_SLAM3/Thirdparty/g2o/g2o/types/../core/base_binary_edge.h: In instantiation of ‘class g2o::BaseBinaryEdge<2, Eigen::Matrix<double, 2, 1>, g2o::VertexSBAPointXYZ, g2o::VertexSE3Expmap>’:
/home/zlw/End2End/ORB_SLAM3/Thirdparty/g2o/g2o/types/types_six_dof_expmap.h:114:35:   required from here
/home/zlw/End2End/ORB_SLAM3/Thirdparty/g2o/g2o/types/../core/base_binary_edge.h:59:80: warning: ‘Eigen::AlignedBit’ is deprecated [-Wdeprecated-declarations]
   59 |       typedef Eigen::Map<Matrix<double, Di, Dj>, Matrix<double, Di, Dj>::Flags & AlignedBit ? Aligned : Unaligned > HessianBlockType;
      |                                                                          ~~~~~~^~~~~~~~~~~~
/usr/include/eigen3/Eigen/src/Core/util/Constants.h:167:37: note: declared here
  167 | EIGEN_DEPRECATED const unsigned int AlignedBit = 0x80;
      |                                     ^~~~~~~~~~
/home/zlw/End2End/ORB_SLAM3/Thirdparty/g2o/g2o/types/../core/base_binary_edge.h:60:80: warning: ‘Eigen::AlignedBit’ is deprecated [-Wdeprecated-declarations]
   60 |       typedef Eigen::Map<Matrix<double, Dj, Di>, Matrix<double, Dj, Di>::Flags & AlignedBit ? Aligned : Unaligned > HessianBlockTransposedType;
      |                                                                          ~~~~~~^~~~~~~~~~~~
/usr/include/eigen3/Eigen/src/Core/util/Constants.h:167:37: note: declared here
  167 | EIGEN_DEPRECATED const unsigned int AlignedBit = 0x80;
      |                                     ^~~~~~~~~~
/home/zlw/End2End/ORB_SLAM3/Thirdparty/g2o/g2o/types/../core/base_binary_edge.h: In instantiation of ‘class g2o::BaseBinaryEdge<3, Eigen::Matrix<double, 3, 1>, g2o::VertexSBAPointXYZ, g2o::VertexSE3Expmap>’:
/home/zlw/End2End/ORB_SLAM3/Thirdparty/g2o/g2o/types/types_six_dof_expmap.h:146:41:   required from here
/home/zlw/End2End/ORB_SLAM3/Thirdparty/g2o/g2o/types/../core/base_binary_edge.h:59:80: warning: ‘Eigen::AlignedBit’ is deprecated [-Wdeprecated-declarations]
   59 |       typedef Eigen::Map<Matrix<double, Di, Dj>, Matrix<double, Di, Dj>::Flags & AlignedBit ? Aligned : Unaligned > HessianBlockType;
      |                                                                          ~~~~~~^~~~~~~~~~~~
/usr/include/eigen3/Eigen/src/Core/util/Constants.h:167:37: note: declared here
  167 | EIGEN_DEPRECATED const unsigned int AlignedBit = 0x80;
      |                                     ^~~~~~~~~~
/home/zlw/End2End/ORB_SLAM3/Thirdparty/g2o/g2o/types/../core/base_binary_edge.h:60:80: warning: ‘Eigen::AlignedBit’ is deprecated [-Wdeprecated-declarations]
   60 |       typedef Eigen::Map<Matrix<double, Dj, Di>, Matrix<double, Dj, Di>::Flags & AlignedBit ? Aligned : Unaligned > HessianBlockTransposedType;
      |                                                                          ~~~~~~^~~~~~~~~~~~
/usr/include/eigen3/Eigen/src/Core/util/Constants.h:167:37: note: declared here
  167 | EIGEN_DEPRECATED const unsigned int AlignedBit = 0x80;
      |                                     ^~~~~~~~~~
/home/zlw/End2End/ORB_SLAM3/Thirdparty/g2o/g2o/types/../core/base_vertex.h: In instantiation of ‘class g2o::BaseVertex<7, g2o::Sim3>’:
/home/zlw/End2End/ORB_SLAM3/Thirdparty/g2o/g2o/types/types_seven_dof_expmap.h:48:35:   required from here
/home/zlw/End2End/ORB_SLAM3/Thirdparty/g2o/g2o/types/../core/base_vertex.h:62:72: warning: ‘Eigen::AlignedBit’ is deprecated [-Wdeprecated-declarations]
   62 |     typedef Eigen::Map<Matrix<double, D, D>, Matrix<double,D,D>::Flags & AlignedBit ? Aligned : Unaligned >  HessianBlockType;
      |                                                                  ~~~~~~^~~~~~~~~~~~
/usr/include/eigen3/Eigen/src/Core/util/Constants.h:167:37: note: declared here
  167 | EIGEN_DEPRECATED const unsigned int AlignedBit = 0x80;
      |                                     ^~~~~~~~~~
/home/zlw/End2End/ORB_SLAM3/Thirdparty/g2o/g2o/types/../core/base_binary_edge.h: In instantiation of ‘class g2o::BaseBinaryEdge<7, g2o::Sim3, g2o::VertexSim3Expmap, g2o::VertexSim3Expmap>’:
/home/zlw/End2End/ORB_SLAM3/Thirdparty/g2o/g2o/types/types_seven_dof_expmap.h:99:27:   required from here
/home/zlw/End2End/ORB_SLAM3/Thirdparty/g2o/g2o/types/../core/base_binary_edge.h:59:80: warning: ‘Eigen::AlignedBit’ is deprecated [-Wdeprecated-declarations]
   59 |       typedef Eigen::Map<Matrix<double, Di, Dj>, Matrix<double, Di, Dj>::Flags & AlignedBit ? Aligned : Unaligned > HessianBlockType;
      |                                                                          ~~~~~~^~~~~~~~~~~~
/usr/include/eigen3/Eigen/src/Core/util/Constants.h:167:37: note: declared here
  167 | EIGEN_DEPRECATED const unsigned int AlignedBit = 0x80;
      |                                     ^~~~~~~~~~
/home/zlw/End2End/ORB_SLAM3/Thirdparty/g2o/g2o/types/../core/base_binary_edge.h:60:80: warning: ‘Eigen::AlignedBit’ is deprecated [-Wdeprecated-declarations]
   60 |       typedef Eigen::Map<Matrix<double, Dj, Di>, Matrix<double, Dj, Di>::Flags & AlignedBit ? Aligned : Unaligned > HessianBlockTransposedType;
      |                                                                          ~~~~~~^~~~~~~~~~~~
/usr/include/eigen3/Eigen/src/Core/util/Constants.h:167:37: note: declared here
  167 | EIGEN_DEPRECATED const unsigned int AlignedBit = 0x80;
      |                                     ^~~~~~~~~~
/home/zlw/End2End/ORB_SLAM3/Thirdparty/g2o/g2o/types/../core/base_binary_edge.h: In instantiation of ‘class g2o::BaseBinaryEdge<2, Eigen::Matrix<double, 2, 1>, g2o::VertexSBAPointXYZ, g2o::VertexSim3Expmap>’:
/home/zlw/End2End/ORB_SLAM3/Thirdparty/g2o/g2o/types/types_seven_dof_expmap.h:130:36:   required from here
/home/zlw/End2End/ORB_SLAM3/Thirdparty/g2o/g2o/types/../core/base_binary_edge.h:59:80: warning: ‘Eigen::AlignedBit’ is deprecated [-Wdeprecated-declarations]
   59 |       typedef Eigen::Map<Matrix<double, Di, Dj>, Matrix<double, Di, Dj>::Flags & AlignedBit ? Aligned : Unaligned > HessianBlockType;
      |                                                                          ~~~~~~^~~~~~~~~~~~
/usr/include/eigen3/Eigen/src/Core/util/Constants.h:167:37: note: declared here
  167 | EIGEN_DEPRECATED const unsigned int AlignedBit = 0x80;
      |                                     ^~~~~~~~~~
/home/zlw/End2End/ORB_SLAM3/Thirdparty/g2o/g2o/types/../core/base_binary_edge.h:60:80: warning: ‘Eigen::AlignedBit’ is deprecated [-Wdeprecated-declarations]
   60 |       typedef Eigen::Map<Matrix<double, Dj, Di>, Matrix<double, Dj, Di>::Flags & AlignedBit ? Aligned : Unaligned > HessianBlockTransposedType;
      |                                                                          ~~~~~~^~~~~~~~~~~~
/usr/include/eigen3/Eigen/src/Core/util/Constants.h:167:37: note: declared here
  167 | EIGEN_DEPRECATED const unsigned int AlignedBit = 0x80;
      |                                     ^~~~~~~~~~
In file included from /usr/lib/gcc/x86_64-linux-gnu/13/include/immintrin.h:43,
                 from /usr/include/eigen3/Eigen/src/Core/util/ConfigureVectorization.h:361,
                 from /usr/include/eigen3/Eigen/Core:22:
In function ‘__m256d _mm256_loadu_pd(const double*)’,
    inlined from ‘Packet Eigen::internal::ploadu(const typename unpacket_traits<T>::type*) [with Packet = __vector(4) double]’ at /usr/include/eigen3/Eigen/src/Core/arch/AVX/PacketMath.h:582:129,
    inlined from ‘Packet Eigen::internal::ploadt(const typename unpacket_traits<T>::type*) [with Packet = __vector(4) double; int Alignment = 0]’ at /usr/include/eigen3/Eigen/src/Core/GenericPacketMath.h:969:26,
    inlined from ‘PacketType Eigen::internal::evaluator<Eigen::PlainObjectBase<Derived> >::packet(Eigen::Index) const [with int LoadMode = 0; PacketType = __vector(4) double; Derived = Eigen::Matrix<double, 2, 1>]’ at /usr/include/eigen3/Eigen/src/Core/CoreEvaluators.h:245:40,
    inlined from ‘void Eigen::internal::generic_dense_assignment_kernel<DstEvaluatorTypeT, SrcEvaluatorTypeT, Functor, Version>::assignPacket(Eigen::Index) [with int StoreMode = 32; int LoadMode = 0; PacketType = __vector(4) double; DstEvaluatorTypeT = Eigen::internal::evaluator<Eigen::Block<Eigen::Matrix<double, 3, 1>, -1, 1, false> >; SrcEvaluatorTypeT = Eigen::internal::evaluator<Eigen::Matrix<double, 2, 1> >; Functor = Eigen::internal::assign_op<double, double>; int Version = 0]’ at /usr/include/eigen3/Eigen/src/Core/AssignEvaluator.h:681:114,
    inlined from ‘static void Eigen::internal::dense_assignment_loop<Kernel, 3, 0>::run(Kernel&) [with Kernel = Eigen::internal::generic_dense_assignment_kernel<Eigen::internal::evaluator<Eigen::Block<Eigen::Matrix<double, 3, 1>, -1, 1, false> >, Eigen::internal::evaluator<Eigen::Matrix<double, 2, 1> >, Eigen::internal::assign_op<double, double>, 0>]’ at /usr/include/eigen3/Eigen/src/Core/AssignEvaluator.h:437:75,
    inlined from ‘void Eigen::internal::call_dense_assignment_loop(DstXprType&, const SrcXprType&, const Functor&) [with DstXprType = Eigen::Block<Eigen::Matrix<double, 3, 1>, -1, 1, false>; SrcXprType = Eigen::Matrix<double, 2, 1>; Functor = assign_op<double, double>]’ at /usr/include/eigen3/Eigen/src/Core/AssignEvaluator.h:785:37,
    inlined from ‘static void Eigen::internal::Assignment<DstXprType, SrcXprType, Functor, Eigen::internal::Dense2Dense, Weak>::run(DstXprType&, const SrcXprType&, const Functor&) [with DstXprType = Eigen::Block<Eigen::Matrix<double, 3, 1>, -1, 1, false>; SrcXprType = Eigen::Matrix<double, 2, 1>; Functor = Eigen::internal::assign_op<double, double>; Weak = void]’ at /usr/include/eigen3/Eigen/src/Core/AssignEvaluator.h:954:31,
    inlined from ‘void Eigen::internal::call_assignment_no_alias(Dst&, const Src&, const Func&) [with Dst = Eigen::Block<Eigen::Matrix<double, 3, 1>, -1, 1, false>; Src = Eigen::Matrix<double, 2, 1>; Func = assign_op<double, double>]’ at /usr/include/eigen3/Eigen/src/Core/AssignEvaluator.h:890:49,
    inlined from ‘void Eigen::internal::call_assignment(Dst&, const Src&, const Func&, typename enable_if<(! evaluator_assume_aliasing<Src>::value), void*>::type) [with Dst = Eigen::Block<Eigen::Matrix<double, 3, 1>, -1, 1, false>; Src = Eigen::Matrix<double, 2, 1>; Func = assign_op<double, double>]’ at /usr/include/eigen3/Eigen/src/Core/AssignEvaluator.h:858:27,
    inlined from ‘void Eigen::internal::call_assignment(Dst&, const Src&) [with Dst = Eigen::Block<Eigen::Matrix<double, 3, 1>, -1, 1, false>; Src = Eigen::Matrix<double, 2, 1>]’ at /usr/include/eigen3/Eigen/src/Core/AssignEvaluator.h:836:18,
    inlined from ‘Derived& Eigen::MatrixBase<Derived>::operator=(const Eigen::DenseBase<OtherDerived>&) [with OtherDerived = Eigen::Matrix<double, 2, 1>; Derived = Eigen::Block<Eigen::Matrix<double, 3, 1>, -1, 1, false>]’ at /usr/include/eigen3/Eigen/src/Core/Assign.h:66:28,
    inlined from ‘Eigen::Vector3d ORB_SLAM3::ImuCamPose::ProjectStereo(const Eigen::Vector3d&, int) const’ at /home/zlw/End2End/ORB_SLAM3/src/G2oTypes.cc:182:46:
/usr/lib/gcc/x86_64-linux-gnu/13/include/avxintrin.h:893:24: warning: array subscript ‘__m256d_u[0]’ is partly outside array bounds of ‘Eigen::Vector2d [1]’ {aka ‘Eigen::Matrix<double, 2, 1> [1]’} [-Warray-bounds=]
  893 |   return *(__m256d_u *)__P;
      |                        ^~~
/home/zlw/End2End/ORB_SLAM3/src/G2oTypes.cc: In member function ‘Eigen::Vector3d ORB_SLAM3::ImuCamPose::ProjectStereo(const Eigen::Vector3d&, int) const’:
/home/zlw/End2End/ORB_SLAM3/src/G2oTypes.cc:182:43: note: at offset [0, 8] into object ‘<anonymous>’ of size 16
  182 |     pc.head(2) = pCamera[cam_idx]->project(Pc);
      |                  ~~~~~~~~~~~~~~~~~~~~~~~~~^~~~
In function ‘__m256d _mm256_loadu_pd(const double*)’,
    inlined from ‘Packet Eigen::internal::ploadu(const typename unpacket_traits<T>::type*) [with Packet = __vector(4) double]’ at /usr/include/eigen3/Eigen/src/Core/arch/AVX/PacketMath.h:582:129,
    inlined from ‘Packet Eigen::internal::ploadt(const typename unpacket_traits<T>::type*) [with Packet = __vector(4) double; int Alignment = 0]’ at /usr/include/eigen3/Eigen/src/Core/GenericPacketMath.h:969:26,
    inlined from ‘PacketType Eigen::internal::evaluator<Eigen::PlainObjectBase<Derived> >::packet(Eigen::Index, Eigen::Index) const [with int LoadMode = 0; PacketType = __vector(4) double; Derived = Eigen::Matrix<double, 3, 1>]’ at /usr/include/eigen3/Eigen/src/Core/CoreEvaluators.h:238:42,
    inlined from ‘void Eigen::internal::generic_dense_assignment_kernel<DstEvaluatorTypeT, SrcEvaluatorTypeT, Functor, Version>::assignPacket(Eigen::Index, Eigen::Index) [with int StoreMode = 32; int LoadMode = 0; PacketType = __vector(4) double; DstEvaluatorTypeT = Eigen::internal::evaluator<Eigen::Block<Eigen::Matrix<double, 15, 1>, -1, -1, false> >; SrcEvaluatorTypeT = Eigen::internal::evaluator<Eigen::Matrix<double, 3, 1> >; Functor = Eigen::internal::assign_op<double, double>; int Version = 0]’ at /usr/include/eigen3/Eigen/src/Core/AssignEvaluator.h:675:116,
    inlined from ‘void Eigen::internal::generic_dense_assignment_kernel<DstEvaluatorTypeT, SrcEvaluatorTypeT, Functor, Version>::assignPacketByOuterInner(Eigen::Index, Eigen::Index) [with int StoreMode = 32; int LoadMode = 0; PacketType = __vector(4) double; DstEvaluatorTypeT = Eigen::internal::evaluator<Eigen::Block<Eigen::Matrix<double, 15, 1>, -1, -1, false> >; SrcEvaluatorTypeT = Eigen::internal::evaluator<Eigen::Matrix<double, 3, 1> >; Functor = Eigen::internal::assign_op<double, double>; int Version = 0]’ at /usr/include/eigen3/Eigen/src/Core/AssignEvaluator.h:689:48,
    inlined from ‘static void Eigen::internal::dense_assignment_loop<Kernel, 4, 0>::run(Kernel&) [with Kernel = Eigen::internal::generic_dense_assignment_kernel<Eigen::internal::evaluator<Eigen::Block<Eigen::Matrix<double, 15, 1>, -1, -1, false> >, Eigen::internal::evaluator<Eigen::Matrix<double, 3, 1> >, Eigen::internal::assign_op<double, double>, 0>]’ at /usr/include/eigen3/Eigen/src/Core/AssignEvaluator.h:572:86,
    inlined from ‘void Eigen::internal::call_dense_assignment_loop(DstXprType&, const SrcXprType&, const Functor&) [with DstXprType = Eigen::Block<Eigen::Matrix<double, 15, 1>, -1, -1, false>; SrcXprType = Eigen::Matrix<double, 3, 1>; Functor = assign_op<double, double>]’ at /usr/include/eigen3/Eigen/src/Core/AssignEvaluator.h:785:37,
    inlined from ‘static void Eigen::internal::Assignment<DstXprType, SrcXprType, Functor, Eigen::internal::Dense2Dense, Weak>::run(DstXprType&, const SrcXprType&, const Functor&) [with DstXprType = Eigen::Block<Eigen::Matrix<double, 15, 1>, -1, -1, false>; SrcXprType = Eigen::Matrix<double, 3, 1>; Functor = Eigen::internal::assign_op<double, double>; Weak = void]’ at /usr/include/eigen3/Eigen/src/Core/AssignEvaluator.h:954:31,
    inlined from ‘void Eigen::internal::call_assignment_no_alias(Dst&, const Src&, const Func&) [with Dst = Eigen::Block<Eigen::Matrix<double, 15, 1>, -1, -1, false>; Src = Eigen::Matrix<double, 3, 1>; Func = assign_op<double, double>]’ at /usr/include/eigen3/Eigen/src/Core/AssignEvaluator.h:890:49,
    inlined from ‘void Eigen::internal::call_assignment(Dst&, const Src&, const Func&, typename enable_if<(! evaluator_assume_aliasing<Src>::value), void*>::type) [with Dst = Eigen::Block<Eigen::Matrix<double, 15, 1>, -1, -1, false>; Src = Eigen::Matrix<double, 3, 1>; Func = assign_op<double, double>]’ at /usr/include/eigen3/Eigen/src/Core/AssignEvaluator.h:858:27,
    inlined from ‘void Eigen::internal::call_assignment(Dst&, const Src&) [with Dst = Eigen::Block<Eigen::Matrix<double, 15, 1>, -1, -1, false>; Src = Eigen::Matrix<double, 3, 1>]’ at /usr/include/eigen3/Eigen/src/Core/AssignEvaluator.h:836:18,
    inlined from ‘Derived& Eigen::MatrixBase<Derived>::operator=(const Eigen::DenseBase<OtherDerived>&) [with OtherDerived = Eigen::Matrix<double, 3, 1>; Derived = Eigen::Block<Eigen::Matrix<double, 15, 1>, -1, -1, false>]’ at /usr/include/eigen3/Eigen/src/Core/Assign.h:66:28,
    inlined from ‘Eigen::CommaInitializer<MatrixType>::CommaInitializer(XprType&, const Eigen::DenseBase<OtherDerived>&) [with OtherDerived = Eigen::Matrix<double, 3, 1>; XprType = Eigen::Matrix<double, 15, 1>]’ at /usr/include/eigen3/Eigen/src/Core/CommaInitializer.h:48:51,
    inlined from ‘Eigen::CommaInitializer<Derived> Eigen::DenseBase<Derived>::operator<<(const Eigen::DenseBase<OtherDerived>&) [with OtherDerived = Eigen::Matrix<double, 3, 1>; Derived = Eigen::Matrix<double, 15, 1>]’ at /usr/include/eigen3/Eigen/src/Core/CommaInitializer.h:159:72,
    inlined from ‘virtual void ORB_SLAM3::EdgePriorPoseImu::computeError()’ at /home/zlw/End2End/ORB_SLAM3/src/G2oTypes.cc:744:12:
/usr/lib/gcc/x86_64-linux-gnu/13/include/avxintrin.h:893:24: warning: array subscript ‘__m256d_u[0]’ is partly outside array bounds of ‘const Eigen::Vector3d [1]’ {aka ‘const Eigen::Matrix<double, 3, 1> [1]’} [-Warray-bounds=]
  893 |   return *(__m256d_u *)__P;
      |                        ^~~
/home/zlw/End2End/ORB_SLAM3/src/G2oTypes.cc: In member function ‘virtual void ORB_SLAM3::EdgePriorPoseImu::computeError()’:
/home/zlw/End2End/ORB_SLAM3/src/G2oTypes.cc:738:27: note: at offset [0, 16] into object ‘er’ of size 24
  738 |     const Eigen::Vector3d er = LogSO3(Rwb.transpose()*VP->estimate().Rwb);
      |                           ^~
In function ‘__m256d _mm256_loadu_pd(const double*)’,
    inlined from ‘Packet Eigen::internal::ploadu(const typename unpacket_traits<T>::type*) [with Packet = __vector(4) double]’ at /usr/include/eigen3/Eigen/src/Core/arch/AVX/PacketMath.h:582:129,
    inlined from ‘Packet Eigen::internal::ploadt(const typename unpacket_traits<T>::type*) [with Packet = __vector(4) double; int Alignment = 0]’ at /usr/include/eigen3/Eigen/src/Core/GenericPacketMath.h:969:26,
    inlined from ‘PacketType Eigen::internal::evaluator<Eigen::PlainObjectBase<Derived> >::packet(Eigen::Index, Eigen::Index) const [with int LoadMode = 0; PacketType = __vector(4) double; Derived = Eigen::Matrix<double, 3, 1>]’ at /usr/include/eigen3/Eigen/src/Core/CoreEvaluators.h:238:42,
    inlined from ‘void Eigen::internal::generic_dense_assignment_kernel<DstEvaluatorTypeT, SrcEvaluatorTypeT, Functor, Version>::assignPacket(Eigen::Index, Eigen::Index) [with int StoreMode = 32; int LoadMode = 0; PacketType = __vector(4) double; DstEvaluatorTypeT = Eigen::internal::evaluator<Eigen::Block<Eigen::Matrix<double, 9, 1>, -1, -1, false> >; SrcEvaluatorTypeT = Eigen::internal::evaluator<Eigen::Matrix<double, 3, 1> >; Functor = Eigen::internal::assign_op<double, double>; int Version = 0]’ at /usr/include/eigen3/Eigen/src/Core/AssignEvaluator.h:675:116,
    inlined from ‘void Eigen::internal::generic_dense_assignment_kernel<DstEvaluatorTypeT, SrcEvaluatorTypeT, Functor, Version>::assignPacketByOuterInner(Eigen::Index, Eigen::Index) [with int StoreMode = 32; int LoadMode = 0; PacketType = __vector(4) double; DstEvaluatorTypeT = Eigen::internal::evaluator<Eigen::Block<Eigen::Matrix<double, 9, 1>, -1, -1, false> >; SrcEvaluatorTypeT = Eigen::internal::evaluator<Eigen::Matrix<double, 3, 1> >; Functor = Eigen::internal::assign_op<double, double>; int Version = 0]’ at /usr/include/eigen3/Eigen/src/Core/AssignEvaluator.h:689:48,
    inlined from ‘static void Eigen::internal::dense_assignment_loop<Kernel, 4, 0>::run(Kernel&) [with Kernel = Eigen::internal::generic_dense_assignment_kernel<Eigen::internal::evaluator<Eigen::Block<Eigen::Matrix<double, 9, 1>, -1, -1, false> >, Eigen::internal::evaluator<Eigen::Matrix<double, 3, 1> >, Eigen::internal::assign_op<double, double>, 0>]’ at /usr/include/eigen3/Eigen/src/Core/AssignEvaluator.h:572:86,
    inlined from ‘void Eigen::internal::call_dense_assignment_loop(DstXprType&, const SrcXprType&, const Functor&) [with DstXprType = Eigen::Block<Eigen::Matrix<double, 9, 1>, -1, -1, false>; SrcXprType = Eigen::Matrix<double, 3, 1>; Functor = assign_op<double, double>]’ at /usr/include/eigen3/Eigen/src/Core/AssignEvaluator.h:785:37,
    inlined from ‘static void Eigen::internal::Assignment<DstXprType, SrcXprType, Functor, Eigen::internal::Dense2Dense, Weak>::run(DstXprType&, const SrcXprType&, const Functor&) [with DstXprType = Eigen::Block<Eigen::Matrix<double, 9, 1>, -1, -1, false>; SrcXprType = Eigen::Matrix<double, 3, 1>; Functor = Eigen::internal::assign_op<double, double>; Weak = void]’ at /usr/include/eigen3/Eigen/src/Core/AssignEvaluator.h:954:31,
    inlined from ‘void Eigen::internal::call_assignment_no_alias(Dst&, const Src&, const Func&) [with Dst = Eigen::Block<Eigen::Matrix<double, 9, 1>, -1, -1, false>; Src = Eigen::Matrix<double, 3, 1>; Func = assign_op<double, double>]’ at /usr/include/eigen3/Eigen/src/Core/AssignEvaluator.h:890:49,
    inlined from ‘void Eigen::internal::call_assignment(Dst&, const Src&, const Func&, typename enable_if<(! evaluator_assume_aliasing<Src>::value), void*>::type) [with Dst = Eigen::Block<Eigen::Matrix<double, 9, 1>, -1, -1, false>; Src = Eigen::Matrix<double, 3, 1>; Func = assign_op<double, double>]’ at /usr/include/eigen3/Eigen/src/Core/AssignEvaluator.h:858:27,
    inlined from ‘void Eigen::internal::call_assignment(Dst&, const Src&) [with Dst = Eigen::Block<Eigen::Matrix<double, 9, 1>, -1, -1, false>; Src = Eigen::Matrix<double, 3, 1>]’ at /usr/include/eigen3/Eigen/src/Core/AssignEvaluator.h:836:18,
    inlined from ‘Derived& Eigen::MatrixBase<Derived>::operator=(const Eigen::DenseBase<OtherDerived>&) [with OtherDerived = Eigen::Matrix<double, 3, 1>; Derived = Eigen::Block<Eigen::Matrix<double, 9, 1>, -1, -1, false>]’ at /usr/include/eigen3/Eigen/src/Core/Assign.h:66:28,
    inlined from ‘Eigen::CommaInitializer<MatrixType>::CommaInitializer(XprType&, const Eigen::DenseBase<OtherDerived>&) [with OtherDerived = Eigen::Matrix<double, 3, 1>; XprType = Eigen::Matrix<double, 9, 1>]’ at /usr/include/eigen3/Eigen/src/Core/CommaInitializer.h:48:51,
    inlined from ‘Eigen::CommaInitializer<Derived> Eigen::DenseBase<Derived>::operator<<(const Eigen::DenseBase<OtherDerived>&) [with OtherDerived = Eigen::Matrix<double, 3, 1>; Derived = Eigen::Matrix<double, 9, 1>]’ at /usr/include/eigen3/Eigen/src/Core/CommaInitializer.h:159:72,
    inlined from ‘virtual void ORB_SLAM3::EdgeInertial::computeError()’ at /home/zlw/End2End/ORB_SLAM3/src/G2oTypes.cc:533:12:
/usr/lib/gcc/x86_64-linux-gnu/13/include/avxintrin.h:893:24: warning: array subscript ‘__m256d_u[0]’ is partly outside array bounds of ‘const Eigen::Vector3d [1]’ {aka ‘const Eigen::Matrix<double, 3, 1> [1]’} [-Warray-bounds=]
  893 |   return *(__m256d_u *)__P;
      |                        ^~~
/home/zlw/End2End/ORB_SLAM3/src/G2oTypes.cc: In member function ‘virtual void ORB_SLAM3::EdgeInertial::computeError()’:
/home/zlw/End2End/ORB_SLAM3/src/G2oTypes.cc:528:27: note: at offset [0, 16] into object ‘er’ of size 24
  528 |     const Eigen::Vector3d er = LogSO3(dR.transpose()*VP1->estimate().Rwb.transpose()*VP2->estimate().Rwb);
      |                           ^~
In function ‘__m256d _mm256_loadu_pd(const double*)’,
    inlined from ‘Packet Eigen::internal::ploadu(const typename unpacket_traits<T>::type*) [with Packet = __vector(4) double]’ at /usr/include/eigen3/Eigen/src/Core/arch/AVX/PacketMath.h:582:129,
    inlined from ‘Packet Eigen::internal::ploadt(const typename unpacket_traits<T>::type*) [with Packet = __vector(4) double; int Alignment = 0]’ at /usr/include/eigen3/Eigen/src/Core/GenericPacketMath.h:969:26,
    inlined from ‘PacketType Eigen::internal::evaluator<Eigen::PlainObjectBase<Derived> >::packet(Eigen::Index, Eigen::Index) const [with int LoadMode = 0; PacketType = __vector(4) double; Derived = Eigen::Matrix<double, 3, 1>]’ at /usr/include/eigen3/Eigen/src/Core/CoreEvaluators.h:238:42,
    inlined from ‘void Eigen::internal::generic_dense_assignment_kernel<DstEvaluatorTypeT, SrcEvaluatorTypeT, Functor, Version>::assignPacket(Eigen::Index, Eigen::Index) [with int StoreMode = 32; int LoadMode = 0; PacketType = __vector(4) double; DstEvaluatorTypeT = Eigen::internal::evaluator<Eigen::Block<Eigen::Matrix<double, 9, 1>, -1, -1, false> >; SrcEvaluatorTypeT = Eigen::internal::evaluator<Eigen::Matrix<double, 3, 1> >; Functor = Eigen::internal::assign_op<double, double>; int Version = 0]’ at /usr/include/eigen3/Eigen/src/Core/AssignEvaluator.h:675:116,
    inlined from ‘void Eigen::internal::generic_dense_assignment_kernel<DstEvaluatorTypeT, SrcEvaluatorTypeT, Functor, Version>::assignPacketByOuterInner(Eigen::Index, Eigen::Index) [with int StoreMode = 32; int LoadMode = 0; PacketType = __vector(4) double; DstEvaluatorTypeT = Eigen::internal::evaluator<Eigen::Block<Eigen::Matrix<double, 9, 1>, -1, -1, false> >; SrcEvaluatorTypeT = Eigen::internal::evaluator<Eigen::Matrix<double, 3, 1> >; Functor = Eigen::internal::assign_op<double, double>; int Version = 0]’ at /usr/include/eigen3/Eigen/src/Core/AssignEvaluator.h:689:48,
    inlined from ‘static void Eigen::internal::dense_assignment_loop<Kernel, 4, 0>::run(Kernel&) [with Kernel = Eigen::internal::generic_dense_assignment_kernel<Eigen::internal::evaluator<Eigen::Block<Eigen::Matrix<double, 9, 1>, -1, -1, false> >, Eigen::internal::evaluator<Eigen::Matrix<double, 3, 1> >, Eigen::internal::assign_op<double, double>, 0>]’ at /usr/include/eigen3/Eigen/src/Core/AssignEvaluator.h:572:86,
    inlined from ‘void Eigen::internal::call_dense_assignment_loop(DstXprType&, const SrcXprType&, const Functor&) [with DstXprType = Eigen::Block<Eigen::Matrix<double, 9, 1>, -1, -1, false>; SrcXprType = Eigen::Matrix<double, 3, 1>; Functor = assign_op<double, double>]’ at /usr/include/eigen3/Eigen/src/Core/AssignEvaluator.h:785:37,
    inlined from ‘static void Eigen::internal::Assignment<DstXprType, SrcXprType, Functor, Eigen::internal::Dense2Dense, Weak>::run(DstXprType&, const SrcXprType&, const Functor&) [with DstXprType = Eigen::Block<Eigen::Matrix<double, 9, 1>, -1, -1, false>; SrcXprType = Eigen::Matrix<double, 3, 1>; Functor = Eigen::internal::assign_op<double, double>; Weak = void]’ at /usr/include/eigen3/Eigen/src/Core/AssignEvaluator.h:954:31,
    inlined from ‘void Eigen::internal::call_assignment_no_alias(Dst&, const Src&, const Func&) [with Dst = Eigen::Block<Eigen::Matrix<double, 9, 1>, -1, -1, false>; Src = Eigen::Matrix<double, 3, 1>; Func = assign_op<double, double>]’ at /usr/include/eigen3/Eigen/src/Core/AssignEvaluator.h:890:49,
    inlined from ‘void Eigen::internal::call_assignment(Dst&, const Src&, const Func&, typename enable_if<(! evaluator_assume_aliasing<Src>::value), void*>::type) [with Dst = Eigen::Block<Eigen::Matrix<double, 9, 1>, -1, -1, false>; Src = Eigen::Matrix<double, 3, 1>; Func = assign_op<double, double>]’ at /usr/include/eigen3/Eigen/src/Core/AssignEvaluator.h:858:27,
    inlined from ‘void Eigen::internal::call_assignment(Dst&, const Src&) [with Dst = Eigen::Block<Eigen::Matrix<double, 9, 1>, -1, -1, false>; Src = Eigen::Matrix<double, 3, 1>]’ at /usr/include/eigen3/Eigen/src/Core/AssignEvaluator.h:836:18,
    inlined from ‘Derived& Eigen::MatrixBase<Derived>::operator=(const Eigen::DenseBase<OtherDerived>&) [with OtherDerived = Eigen::Matrix<double, 3, 1>; Derived = Eigen::Block<Eigen::Matrix<double, 9, 1>, -1, -1, false>]’ at /usr/include/eigen3/Eigen/src/Core/Assign.h:66:28,
    inlined from ‘Eigen::CommaInitializer<MatrixType>::CommaInitializer(XprType&, const Eigen::DenseBase<OtherDerived>&) [with OtherDerived = Eigen::Matrix<double, 3, 1>; XprType = Eigen::Matrix<double, 9, 1>]’ at /usr/include/eigen3/Eigen/src/Core/CommaInitializer.h:48:51,
    inlined from ‘Eigen::CommaInitializer<Derived> Eigen::DenseBase<Derived>::operator<<(const Eigen::DenseBase<OtherDerived>&) [with OtherDerived = Eigen::Matrix<double, 3, 1>; Derived = Eigen::Matrix<double, 9, 1>]’ at /usr/include/eigen3/Eigen/src/Core/CommaInitializer.h:159:72,
    inlined from ‘virtual void ORB_SLAM3::EdgeInertialGS::computeError()’ at /home/zlw/End2End/ORB_SLAM3/src/G2oTypes.cc:639:12:
/usr/lib/gcc/x86_64-linux-gnu/13/include/avxintrin.h:893:24: warning: array subscript ‘__m256d_u[0]’ is partly outside array bounds of ‘const Eigen::Vector3d [1]’ {aka ‘const Eigen::Matrix<double, 3, 1> [1]’} [-Warray-bounds=]
  893 |   return *(__m256d_u *)__P;
      |                        ^~~
/home/zlw/End2End/ORB_SLAM3/src/G2oTypes.cc: In member function ‘virtual void ORB_SLAM3::EdgeInertialGS::computeError()’:
/home/zlw/End2End/ORB_SLAM3/src/G2oTypes.cc:635:27: note: at offset [0, 16] into object ‘er’ of size 24
  635 |     const Eigen::Vector3d er = LogSO3(dR.transpose()*VP1->estimate().Rwb.transpose()*VP2->estimate().Rwb);
      |                           ^~
[ 71%] Building CXX object CMakeFiles/ORB_SLAM3_h15_f120_o8_purevis.dir/src/TwoViewReconstruction.cc.o
In file included from /home/zlw/End2End/ORB_SLAM3/Thirdparty/g2o/g2o/types/types_six_dof_expmap.h:37,
                 from /home/zlw/End2End/ORB_SLAM3/include/Converter.h:26,
                 from /home/zlw/End2End/ORB_SLAM3/src/TwoViewReconstruction.cc:21:
/home/zlw/End2End/ORB_SLAM3/Thirdparty/g2o/g2o/types/../core/base_vertex.h:62:74: warning: ‘Eigen::AlignedBit’ is deprecated [-Wdeprecated-declarations]
   62 |     typedef Eigen::Map<Matrix<double, D, D>, Matrix<double,D,D>::Flags & AlignedBit ? Aligned : Unaligned >  HessianBlockType;
      |                                                                          ^~~~~~~~~~
In file included from /usr/include/eigen3/Eigen/Core:161,
                 from /home/zlw/End2End/ORB_SLAM3/include/TwoViewReconstruction.h:23,
                 from /home/zlw/End2End/ORB_SLAM3/src/TwoViewReconstruction.cc:19:
/usr/include/eigen3/Eigen/src/Core/util/Constants.h:167:37: note: declared here
  167 | EIGEN_DEPRECATED const unsigned int AlignedBit = 0x80;
      |                                     ^~~~~~~~~~
In file included from /home/zlw/End2End/ORB_SLAM3/Thirdparty/g2o/g2o/types/types_six_dof_expmap.h:38:
/home/zlw/End2End/ORB_SLAM3/Thirdparty/g2o/g2o/types/../core/base_binary_edge.h:59:82: warning: ‘Eigen::AlignedBit’ is deprecated [-Wdeprecated-declarations]
   59 |       typedef Eigen::Map<Matrix<double, Di, Dj>, Matrix<double, Di, Dj>::Flags & AlignedBit ? Aligned : Unaligned > HessianBlockType;
      |                                                                                  ^~~~~~~~~~
/usr/include/eigen3/Eigen/src/Core/util/Constants.h:167:37: note: declared here
  167 | EIGEN_DEPRECATED const unsigned int AlignedBit = 0x80;
      |                                     ^~~~~~~~~~
/home/zlw/End2End/ORB_SLAM3/Thirdparty/g2o/g2o/types/../core/base_binary_edge.h:60:82: warning: ‘Eigen::AlignedBit’ is deprecated [-Wdeprecated-declarations]
   60 |       typedef Eigen::Map<Matrix<double, Dj, Di>, Matrix<double, Dj, Di>::Flags & AlignedBit ? Aligned : Unaligned > HessianBlockTransposedType;
      |                                                                                  ^~~~~~~~~~
/usr/include/eigen3/Eigen/src/Core/util/Constants.h:167:37: note: declared here
  167 | EIGEN_DEPRECATED const unsigned int AlignedBit = 0x80;
      |                                     ^~~~~~~~~~
/home/zlw/End2End/ORB_SLAM3/Thirdparty/g2o/g2o/types/../core/base_vertex.h: In instantiation of ‘class g2o::BaseVertex<3, Eigen::Matrix<double, 3, 1> >’:
/home/zlw/End2End/ORB_SLAM3/Thirdparty/g2o/g2o/types/types_sba.h:40:35:   required from here
/home/zlw/End2End/ORB_SLAM3/Thirdparty/g2o/g2o/types/../core/base_vertex.h:62:72: warning: ‘Eigen::AlignedBit’ is deprecated [-Wdeprecated-declarations]
   62 |     typedef Eigen::Map<Matrix<double, D, D>, Matrix<double,D,D>::Flags & AlignedBit ? Aligned : Unaligned >  HessianBlockType;
      |                                                                  ~~~~~~^~~~~~~~~~~~
/usr/include/eigen3/Eigen/src/Core/util/Constants.h:167:37: note: declared here
  167 | EIGEN_DEPRECATED const unsigned int AlignedBit = 0x80;
      |                                     ^~~~~~~~~~
/home/zlw/End2End/ORB_SLAM3/Thirdparty/g2o/g2o/types/../core/base_vertex.h: In instantiation of ‘class g2o::BaseVertex<6, g2o::SE3Quat>’:
/home/zlw/End2End/ORB_SLAM3/Thirdparty/g2o/g2o/types/types_six_dof_expmap.h:59:33:   required from here
/home/zlw/End2End/ORB_SLAM3/Thirdparty/g2o/g2o/types/../core/base_vertex.h:62:72: warning: ‘Eigen::AlignedBit’ is deprecated [-Wdeprecated-declarations]
   62 |     typedef Eigen::Map<Matrix<double, D, D>, Matrix<double,D,D>::Flags & AlignedBit ? Aligned : Unaligned >  HessianBlockType;
      |                                                                  ~~~~~~^~~~~~~~~~~~
/usr/include/eigen3/Eigen/src/Core/util/Constants.h:167:37: note: declared here
  167 | EIGEN_DEPRECATED const unsigned int AlignedBit = 0x80;
      |                                     ^~~~~~~~~~
/home/zlw/End2End/ORB_SLAM3/Thirdparty/g2o/g2o/types/../core/base_binary_edge.h: In instantiation of ‘class g2o::BaseBinaryEdge<6, g2o::SE3Quat, g2o::VertexSE3Expmap, g2o::VertexSE3Expmap>’:
/home/zlw/End2End/ORB_SLAM3/Thirdparty/g2o/g2o/types/types_six_dof_expmap.h:83:24:   required from here
/home/zlw/End2End/ORB_SLAM3/Thirdparty/g2o/g2o/types/../core/base_binary_edge.h:59:80: warning: ‘Eigen::AlignedBit’ is deprecated [-Wdeprecated-declarations]
   59 |       typedef Eigen::Map<Matrix<double, Di, Dj>, Matrix<double, Di, Dj>::Flags & AlignedBit ? Aligned : Unaligned > HessianBlockType;
      |                                                                          ~~~~~~^~~~~~~~~~~~
/usr/include/eigen3/Eigen/src/Core/util/Constants.h:167:37: note: declared here
  167 | EIGEN_DEPRECATED const unsigned int AlignedBit = 0x80;
      |                                     ^~~~~~~~~~
/home/zlw/End2End/ORB_SLAM3/Thirdparty/g2o/g2o/types/../core/base_binary_edge.h:60:80: warning: ‘Eigen::AlignedBit’ is deprecated [-Wdeprecated-declarations]
   60 |       typedef Eigen::Map<Matrix<double, Dj, Di>, Matrix<double, Dj, Di>::Flags & AlignedBit ? Aligned : Unaligned > HessianBlockTransposedType;
      |                                                                          ~~~~~~^~~~~~~~~~~~
/usr/include/eigen3/Eigen/src/Core/util/Constants.h:167:37: note: declared here
  167 | EIGEN_DEPRECATED const unsigned int AlignedBit = 0x80;
      |                                     ^~~~~~~~~~
/home/zlw/End2End/ORB_SLAM3/Thirdparty/g2o/g2o/types/../core/base_binary_edge.h: In instantiation of ‘class g2o::BaseBinaryEdge<2, Eigen::Matrix<double, 2, 1>, g2o::VertexSBAPointXYZ, g2o::VertexSE3Expmap>’:
/home/zlw/End2End/ORB_SLAM3/Thirdparty/g2o/g2o/types/types_six_dof_expmap.h:114:35:   required from here
/home/zlw/End2End/ORB_SLAM3/Thirdparty/g2o/g2o/types/../core/base_binary_edge.h:59:80: warning: ‘Eigen::AlignedBit’ is deprecated [-Wdeprecated-declarations]
   59 |       typedef Eigen::Map<Matrix<double, Di, Dj>, Matrix<double, Di, Dj>::Flags & AlignedBit ? Aligned : Unaligned > HessianBlockType;
      |                                                                          ~~~~~~^~~~~~~~~~~~
/usr/include/eigen3/Eigen/src/Core/util/Constants.h:167:37: note: declared here
  167 | EIGEN_DEPRECATED const unsigned int AlignedBit = 0x80;
      |                                     ^~~~~~~~~~
/home/zlw/End2End/ORB_SLAM3/Thirdparty/g2o/g2o/types/../core/base_binary_edge.h:60:80: warning: ‘Eigen::AlignedBit’ is deprecated [-Wdeprecated-declarations]
   60 |       typedef Eigen::Map<Matrix<double, Dj, Di>, Matrix<double, Dj, Di>::Flags & AlignedBit ? Aligned : Unaligned > HessianBlockTransposedType;
      |                                                                          ~~~~~~^~~~~~~~~~~~
/usr/include/eigen3/Eigen/src/Core/util/Constants.h:167:37: note: declared here
  167 | EIGEN_DEPRECATED const unsigned int AlignedBit = 0x80;
      |                                     ^~~~~~~~~~
/home/zlw/End2End/ORB_SLAM3/Thirdparty/g2o/g2o/types/../core/base_binary_edge.h: In instantiation of ‘class g2o::BaseBinaryEdge<3, Eigen::Matrix<double, 3, 1>, g2o::VertexSBAPointXYZ, g2o::VertexSE3Expmap>’:
/home/zlw/End2End/ORB_SLAM3/Thirdparty/g2o/g2o/types/types_six_dof_expmap.h:146:41:   required from here
/home/zlw/End2End/ORB_SLAM3/Thirdparty/g2o/g2o/types/../core/base_binary_edge.h:59:80: warning: ‘Eigen::AlignedBit’ is deprecated [-Wdeprecated-declarations]
   59 |       typedef Eigen::Map<Matrix<double, Di, Dj>, Matrix<double, Di, Dj>::Flags & AlignedBit ? Aligned : Unaligned > HessianBlockType;
      |                                                                          ~~~~~~^~~~~~~~~~~~
/usr/include/eigen3/Eigen/src/Core/util/Constants.h:167:37: note: declared here
  167 | EIGEN_DEPRECATED const unsigned int AlignedBit = 0x80;
      |                                     ^~~~~~~~~~
/home/zlw/End2End/ORB_SLAM3/Thirdparty/g2o/g2o/types/../core/base_binary_edge.h:60:80: warning: ‘Eigen::AlignedBit’ is deprecated [-Wdeprecated-declarations]
   60 |       typedef Eigen::Map<Matrix<double, Dj, Di>, Matrix<double, Dj, Di>::Flags & AlignedBit ? Aligned : Unaligned > HessianBlockTransposedType;
      |                                                                          ~~~~~~^~~~~~~~~~~~
/usr/include/eigen3/Eigen/src/Core/util/Constants.h:167:37: note: declared here
  167 | EIGEN_DEPRECATED const unsigned int AlignedBit = 0x80;
      |                                     ^~~~~~~~~~
/home/zlw/End2End/ORB_SLAM3/Thirdparty/g2o/g2o/types/../core/base_vertex.h: In instantiation of ‘class g2o::BaseVertex<7, g2o::Sim3>’:
/home/zlw/End2End/ORB_SLAM3/Thirdparty/g2o/g2o/types/types_seven_dof_expmap.h:48:35:   required from here
/home/zlw/End2End/ORB_SLAM3/Thirdparty/g2o/g2o/types/../core/base_vertex.h:62:72: warning: ‘Eigen::AlignedBit’ is deprecated [-Wdeprecated-declarations]
   62 |     typedef Eigen::Map<Matrix<double, D, D>, Matrix<double,D,D>::Flags & AlignedBit ? Aligned : Unaligned >  HessianBlockType;
      |                                                                  ~~~~~~^~~~~~~~~~~~
/usr/include/eigen3/Eigen/src/Core/util/Constants.h:167:37: note: declared here
  167 | EIGEN_DEPRECATED const unsigned int AlignedBit = 0x80;
      |                                     ^~~~~~~~~~
/home/zlw/End2End/ORB_SLAM3/Thirdparty/g2o/g2o/types/../core/base_binary_edge.h: In instantiation of ‘class g2o::BaseBinaryEdge<7, g2o::Sim3, g2o::VertexSim3Expmap, g2o::VertexSim3Expmap>’:
/home/zlw/End2End/ORB_SLAM3/Thirdparty/g2o/g2o/types/types_seven_dof_expmap.h:99:27:   required from here
/home/zlw/End2End/ORB_SLAM3/Thirdparty/g2o/g2o/types/../core/base_binary_edge.h:59:80: warning: ‘Eigen::AlignedBit’ is deprecated [-Wdeprecated-declarations]
   59 |       typedef Eigen::Map<Matrix<double, Di, Dj>, Matrix<double, Di, Dj>::Flags & AlignedBit ? Aligned : Unaligned > HessianBlockType;
      |                                                                          ~~~~~~^~~~~~~~~~~~
/usr/include/eigen3/Eigen/src/Core/util/Constants.h:167:37: note: declared here
  167 | EIGEN_DEPRECATED const unsigned int AlignedBit = 0x80;
      |                                     ^~~~~~~~~~
/home/zlw/End2End/ORB_SLAM3/Thirdparty/g2o/g2o/types/../core/base_binary_edge.h:60:80: warning: ‘Eigen::AlignedBit’ is deprecated [-Wdeprecated-declarations]
   60 |       typedef Eigen::Map<Matrix<double, Dj, Di>, Matrix<double, Dj, Di>::Flags & AlignedBit ? Aligned : Unaligned > HessianBlockTransposedType;
      |                                                                          ~~~~~~^~~~~~~~~~~~
/usr/include/eigen3/Eigen/src/Core/util/Constants.h:167:37: note: declared here
  167 | EIGEN_DEPRECATED const unsigned int AlignedBit = 0x80;
      |                                     ^~~~~~~~~~
/home/zlw/End2End/ORB_SLAM3/Thirdparty/g2o/g2o/types/../core/base_binary_edge.h: In instantiation of ‘class g2o::BaseBinaryEdge<2, Eigen::Matrix<double, 2, 1>, g2o::VertexSBAPointXYZ, g2o::VertexSim3Expmap>’:
/home/zlw/End2End/ORB_SLAM3/Thirdparty/g2o/g2o/types/types_seven_dof_expmap.h:130:36:   required from here
/home/zlw/End2End/ORB_SLAM3/Thirdparty/g2o/g2o/types/../core/base_binary_edge.h:59:80: warning: ‘Eigen::AlignedBit’ is deprecated [-Wdeprecated-declarations]
   59 |       typedef Eigen::Map<Matrix<double, Di, Dj>, Matrix<double, Di, Dj>::Flags & AlignedBit ? Aligned : Unaligned > HessianBlockType;
      |                                                                          ~~~~~~^~~~~~~~~~~~
/usr/include/eigen3/Eigen/src/Core/util/Constants.h:167:37: note: declared here
  167 | EIGEN_DEPRECATED const unsigned int AlignedBit = 0x80;
      |                                     ^~~~~~~~~~
/home/zlw/End2End/ORB_SLAM3/Thirdparty/g2o/g2o/types/../core/base_binary_edge.h:60:80: warning: ‘Eigen::AlignedBit’ is deprecated [-Wdeprecated-declarations]
   60 |       typedef Eigen::Map<Matrix<double, Dj, Di>, Matrix<double, Dj, Di>::Flags & AlignedBit ? Aligned : Unaligned > HessianBlockTransposedType;
      |                                                                          ~~~~~~^~~~~~~~~~~~
/usr/include/eigen3/Eigen/src/Core/util/Constants.h:167:37: note: declared here
  167 | EIGEN_DEPRECATED const unsigned int AlignedBit = 0x80;
      |                                     ^~~~~~~~~~
[ 71%] Building CXX object CMakeFiles/ORB_SLAM3_h15_f120_o8_purevis.dir/src/HardwareAdapter.cc.o
In file included from /home/zlw/End2End/ORB_SLAM3/include/Frame.h:30,
                 from /home/zlw/End2End/ORB_SLAM3/include/MapPoint.h:24,
                 from /home/zlw/End2End/ORB_SLAM3/include/KeyFrame.h:23,
                 from /home/zlw/End2End/ORB_SLAM3/include/HardwareAdapter.h:10,
                 from /home/zlw/End2End/ORB_SLAM3/src/HardwareAdapter.cc:1:
/home/zlw/End2End/ORB_SLAM3/include/ImuTypes.h: In member function ‘void ORB_SLAM3::IMU::Preintegrated::printMeasurements() const’:
/home/zlw/End2End/ORB_SLAM3/include/ImuTypes.h:204:23: warning: comparison of integer expressions of different signedness: ‘int’ and ‘std::vector<ORB_SLAM3::IMU::Preintegrated::integrable>::size_type’ {aka ‘long unsigned int’} [-Wsign-compare]
  204 |         for(int i=0; i<mvMeasurements.size(); i++){
      |                      ~^~~~~~~~~~~~~~~~~~~~~~
In file included from /home/zlw/End2End/ORB_SLAM3/Thirdparty/DBoW2/DBoW2/FORB.h:17,
                 from /home/zlw/End2End/ORB_SLAM3/include/ORBVocabulary.h:23,
                 from /home/zlw/End2End/ORB_SLAM3/include/Frame.h:31:
/home/zlw/End2End/ORB_SLAM3/Thirdparty/DBoW2/DBoW2/FClass.h: At global scope:
/home/zlw/End2End/ORB_SLAM3/Thirdparty/DBoW2/DBoW2/FClass.h:35:16: warning: ‘virtual void DBoW2::FClass::meanValue(const std::vector<const TDescriptor*>&, TDescriptor&)’ was hidden [-Woverloaded-virtual=]
   35 |   virtual void meanValue(const std::vector<pDescriptor> &descriptors,
      |                ^~~~~~~~~
/home/zlw/End2End/ORB_SLAM3/Thirdparty/DBoW2/DBoW2/FORB.h:38:15: note:   by ‘static void DBoW2::FORB::meanValue(const std::vector<const cv::Mat*>&, TDescriptor&)’
   38 |   static void meanValue(const std::vector<pDescriptor> &descriptors,
      |               ^~~~~~~~~
In file included from /home/zlw/End2End/ORB_SLAM3/Thirdparty/g2o/g2o/types/types_six_dof_expmap.h:37,
                 from /home/zlw/End2End/ORB_SLAM3/include/Converter.h:26,
                 from /home/zlw/End2End/ORB_SLAM3/include/Frame.h:33:
/home/zlw/End2End/ORB_SLAM3/Thirdparty/g2o/g2o/types/../core/base_vertex.h:62:74: warning: ‘Eigen::AlignedBit’ is deprecated [-Wdeprecated-declarations]
   62 |     typedef Eigen::Map<Matrix<double, D, D>, Matrix<double,D,D>::Flags & AlignedBit ? Aligned : Unaligned >  HessianBlockType;
      |                                                                          ^~~~~~~~~~
In file included from /usr/include/eigen3/Eigen/Core:161,
                 from /usr/include/eigen3/Eigen/Dense:1,
                 from /home/zlw/End2End/ORB_SLAM3/include/HardwareAdapter.h:9:
/usr/include/eigen3/Eigen/src/Core/util/Constants.h:167:37: note: declared here
  167 | EIGEN_DEPRECATED const unsigned int AlignedBit = 0x80;
      |                                     ^~~~~~~~~~
In file included from /home/zlw/End2End/ORB_SLAM3/Thirdparty/g2o/g2o/types/types_six_dof_expmap.h:38:
/home/zlw/End2End/ORB_SLAM3/Thirdparty/g2o/g2o/types/../core/base_binary_edge.h:59:82: warning: ‘Eigen::AlignedBit’ is deprecated [-Wdeprecated-declarations]
   59 |       typedef Eigen::Map<Matrix<double, Di, Dj>, Matrix<double, Di, Dj>::Flags & AlignedBit ? Aligned : Unaligned > HessianBlockType;
      |                                                                                  ^~~~~~~~~~
/usr/include/eigen3/Eigen/src/Core/util/Constants.h:167:37: note: declared here
  167 | EIGEN_DEPRECATED const unsigned int AlignedBit = 0x80;
      |                                     ^~~~~~~~~~
/home/zlw/End2End/ORB_SLAM3/Thirdparty/g2o/g2o/types/../core/base_binary_edge.h:60:82: warning: ‘Eigen::AlignedBit’ is deprecated [-Wdeprecated-declarations]
   60 |       typedef Eigen::Map<Matrix<double, Dj, Di>, Matrix<double, Dj, Di>::Flags & AlignedBit ? Aligned : Unaligned > HessianBlockTransposedType;
      |                                                                                  ^~~~~~~~~~
/usr/include/eigen3/Eigen/src/Core/util/Constants.h:167:37: note: declared here
  167 | EIGEN_DEPRECATED const unsigned int AlignedBit = 0x80;
      |                                     ^~~~~~~~~~
/home/zlw/End2End/ORB_SLAM3/Thirdparty/g2o/g2o/types/../core/base_vertex.h: In instantiation of ‘class g2o::BaseVertex<3, Eigen::Matrix<double, 3, 1> >’:
/home/zlw/End2End/ORB_SLAM3/Thirdparty/g2o/g2o/types/types_sba.h:40:35:   required from here
/home/zlw/End2End/ORB_SLAM3/Thirdparty/g2o/g2o/types/../core/base_vertex.h:62:72: warning: ‘Eigen::AlignedBit’ is deprecated [-Wdeprecated-declarations]
   62 |     typedef Eigen::Map<Matrix<double, D, D>, Matrix<double,D,D>::Flags & AlignedBit ? Aligned : Unaligned >  HessianBlockType;
      |                                                                  ~~~~~~^~~~~~~~~~~~
/usr/include/eigen3/Eigen/src/Core/util/Constants.h:167:37: note: declared here
  167 | EIGEN_DEPRECATED const unsigned int AlignedBit = 0x80;
      |                                     ^~~~~~~~~~
/home/zlw/End2End/ORB_SLAM3/Thirdparty/g2o/g2o/types/../core/base_vertex.h: In instantiation of ‘class g2o::BaseVertex<6, g2o::SE3Quat>’:
/home/zlw/End2End/ORB_SLAM3/Thirdparty/g2o/g2o/types/types_six_dof_expmap.h:59:33:   required from here
/home/zlw/End2End/ORB_SLAM3/Thirdparty/g2o/g2o/types/../core/base_vertex.h:62:72: warning: ‘Eigen::AlignedBit’ is deprecated [-Wdeprecated-declarations]
   62 |     typedef Eigen::Map<Matrix<double, D, D>, Matrix<double,D,D>::Flags & AlignedBit ? Aligned : Unaligned >  HessianBlockType;
      |                                                                  ~~~~~~^~~~~~~~~~~~
/usr/include/eigen3/Eigen/src/Core/util/Constants.h:167:37: note: declared here
  167 | EIGEN_DEPRECATED const unsigned int AlignedBit = 0x80;
      |                                     ^~~~~~~~~~
/home/zlw/End2End/ORB_SLAM3/Thirdparty/g2o/g2o/types/../core/base_binary_edge.h: In instantiation of ‘class g2o::BaseBinaryEdge<6, g2o::SE3Quat, g2o::VertexSE3Expmap, g2o::VertexSE3Expmap>’:
/home/zlw/End2End/ORB_SLAM3/Thirdparty/g2o/g2o/types/types_six_dof_expmap.h:83:24:   required from here
/home/zlw/End2End/ORB_SLAM3/Thirdparty/g2o/g2o/types/../core/base_binary_edge.h:59:80: warning: ‘Eigen::AlignedBit’ is deprecated [-Wdeprecated-declarations]
   59 |       typedef Eigen::Map<Matrix<double, Di, Dj>, Matrix<double, Di, Dj>::Flags & AlignedBit ? Aligned : Unaligned > HessianBlockType;
      |                                                                          ~~~~~~^~~~~~~~~~~~
/usr/include/eigen3/Eigen/src/Core/util/Constants.h:167:37: note: declared here
  167 | EIGEN_DEPRECATED const unsigned int AlignedBit = 0x80;
      |                                     ^~~~~~~~~~
/home/zlw/End2End/ORB_SLAM3/Thirdparty/g2o/g2o/types/../core/base_binary_edge.h:60:80: warning: ‘Eigen::AlignedBit’ is deprecated [-Wdeprecated-declarations]
   60 |       typedef Eigen::Map<Matrix<double, Dj, Di>, Matrix<double, Dj, Di>::Flags & AlignedBit ? Aligned : Unaligned > HessianBlockTransposedType;
      |                                                                          ~~~~~~^~~~~~~~~~~~
/usr/include/eigen3/Eigen/src/Core/util/Constants.h:167:37: note: declared here
  167 | EIGEN_DEPRECATED const unsigned int AlignedBit = 0x80;
      |                                     ^~~~~~~~~~
/home/zlw/End2End/ORB_SLAM3/Thirdparty/g2o/g2o/types/../core/base_binary_edge.h: In instantiation of ‘class g2o::BaseBinaryEdge<2, Eigen::Matrix<double, 2, 1>, g2o::VertexSBAPointXYZ, g2o::VertexSE3Expmap>’:
/home/zlw/End2End/ORB_SLAM3/Thirdparty/g2o/g2o/types/types_six_dof_expmap.h:114:35:   required from here
/home/zlw/End2End/ORB_SLAM3/Thirdparty/g2o/g2o/types/../core/base_binary_edge.h:59:80: warning: ‘Eigen::AlignedBit’ is deprecated [-Wdeprecated-declarations]
   59 |       typedef Eigen::Map<Matrix<double, Di, Dj>, Matrix<double, Di, Dj>::Flags & AlignedBit ? Aligned : Unaligned > HessianBlockType;
      |                                                                          ~~~~~~^~~~~~~~~~~~
/usr/include/eigen3/Eigen/src/Core/util/Constants.h:167:37: note: declared here
  167 | EIGEN_DEPRECATED const unsigned int AlignedBit = 0x80;
      |                                     ^~~~~~~~~~
/home/zlw/End2End/ORB_SLAM3/Thirdparty/g2o/g2o/types/../core/base_binary_edge.h:60:80: warning: ‘Eigen::AlignedBit’ is deprecated [-Wdeprecated-declarations]
   60 |       typedef Eigen::Map<Matrix<double, Dj, Di>, Matrix<double, Dj, Di>::Flags & AlignedBit ? Aligned : Unaligned > HessianBlockTransposedType;
      |                                                                          ~~~~~~^~~~~~~~~~~~
/usr/include/eigen3/Eigen/src/Core/util/Constants.h:167:37: note: declared here
  167 | EIGEN_DEPRECATED const unsigned int AlignedBit = 0x80;
      |                                     ^~~~~~~~~~
/home/zlw/End2End/ORB_SLAM3/Thirdparty/g2o/g2o/types/../core/base_binary_edge.h: In instantiation of ‘class g2o::BaseBinaryEdge<3, Eigen::Matrix<double, 3, 1>, g2o::VertexSBAPointXYZ, g2o::VertexSE3Expmap>’:
/home/zlw/End2End/ORB_SLAM3/Thirdparty/g2o/g2o/types/types_six_dof_expmap.h:146:41:   required from here
/home/zlw/End2End/ORB_SLAM3/Thirdparty/g2o/g2o/types/../core/base_binary_edge.h:59:80: warning: ‘Eigen::AlignedBit’ is deprecated [-Wdeprecated-declarations]
   59 |       typedef Eigen::Map<Matrix<double, Di, Dj>, Matrix<double, Di, Dj>::Flags & AlignedBit ? Aligned : Unaligned > HessianBlockType;
      |                                                                          ~~~~~~^~~~~~~~~~~~
/usr/include/eigen3/Eigen/src/Core/util/Constants.h:167:37: note: declared here
  167 | EIGEN_DEPRECATED const unsigned int AlignedBit = 0x80;
      |                                     ^~~~~~~~~~
/home/zlw/End2End/ORB_SLAM3/Thirdparty/g2o/g2o/types/../core/base_binary_edge.h:60:80: warning: ‘Eigen::AlignedBit’ is deprecated [-Wdeprecated-declarations]
   60 |       typedef Eigen::Map<Matrix<double, Dj, Di>, Matrix<double, Dj, Di>::Flags & AlignedBit ? Aligned : Unaligned > HessianBlockTransposedType;
      |                                                                          ~~~~~~^~~~~~~~~~~~
/usr/include/eigen3/Eigen/src/Core/util/Constants.h:167:37: note: declared here
  167 | EIGEN_DEPRECATED const unsigned int AlignedBit = 0x80;
      |                                     ^~~~~~~~~~
/home/zlw/End2End/ORB_SLAM3/Thirdparty/g2o/g2o/types/../core/base_vertex.h: In instantiation of ‘class g2o::BaseVertex<7, g2o::Sim3>’:
/home/zlw/End2End/ORB_SLAM3/Thirdparty/g2o/g2o/types/types_seven_dof_expmap.h:48:35:   required from here
/home/zlw/End2End/ORB_SLAM3/Thirdparty/g2o/g2o/types/../core/base_vertex.h:62:72: warning: ‘Eigen::AlignedBit’ is deprecated [-Wdeprecated-declarations]
   62 |     typedef Eigen::Map<Matrix<double, D, D>, Matrix<double,D,D>::Flags & AlignedBit ? Aligned : Unaligned >  HessianBlockType;
      |                                                                  ~~~~~~^~~~~~~~~~~~
/usr/include/eigen3/Eigen/src/Core/util/Constants.h:167:37: note: declared here
  167 | EIGEN_DEPRECATED const unsigned int AlignedBit = 0x80;
      |                                     ^~~~~~~~~~
/home/zlw/End2End/ORB_SLAM3/Thirdparty/g2o/g2o/types/../core/base_binary_edge.h: In instantiation of ‘class g2o::BaseBinaryEdge<7, g2o::Sim3, g2o::VertexSim3Expmap, g2o::VertexSim3Expmap>’:
/home/zlw/End2End/ORB_SLAM3/Thirdparty/g2o/g2o/types/types_seven_dof_expmap.h:99:27:   required from here
/home/zlw/End2End/ORB_SLAM3/Thirdparty/g2o/g2o/types/../core/base_binary_edge.h:59:80: warning: ‘Eigen::AlignedBit’ is deprecated [-Wdeprecated-declarations]
   59 |       typedef Eigen::Map<Matrix<double, Di, Dj>, Matrix<double, Di, Dj>::Flags & AlignedBit ? Aligned : Unaligned > HessianBlockType;
      |                                                                          ~~~~~~^~~~~~~~~~~~
/usr/include/eigen3/Eigen/src/Core/util/Constants.h:167:37: note: declared here
  167 | EIGEN_DEPRECATED const unsigned int AlignedBit = 0x80;
      |                                     ^~~~~~~~~~
/home/zlw/End2End/ORB_SLAM3/Thirdparty/g2o/g2o/types/../core/base_binary_edge.h:60:80: warning: ‘Eigen::AlignedBit’ is deprecated [-Wdeprecated-declarations]
   60 |       typedef Eigen::Map<Matrix<double, Dj, Di>, Matrix<double, Dj, Di>::Flags & AlignedBit ? Aligned : Unaligned > HessianBlockTransposedType;
      |                                                                          ~~~~~~^~~~~~~~~~~~
/usr/include/eigen3/Eigen/src/Core/util/Constants.h:167:37: note: declared here
  167 | EIGEN_DEPRECATED const unsigned int AlignedBit = 0x80;
      |                                     ^~~~~~~~~~
/home/zlw/End2End/ORB_SLAM3/Thirdparty/g2o/g2o/types/../core/base_binary_edge.h: In instantiation of ‘class g2o::BaseBinaryEdge<2, Eigen::Matrix<double, 2, 1>, g2o::VertexSBAPointXYZ, g2o::VertexSim3Expmap>’:
/home/zlw/End2End/ORB_SLAM3/Thirdparty/g2o/g2o/types/types_seven_dof_expmap.h:130:36:   required from here
/home/zlw/End2End/ORB_SLAM3/Thirdparty/g2o/g2o/types/../core/base_binary_edge.h:59:80: warning: ‘Eigen::AlignedBit’ is deprecated [-Wdeprecated-declarations]
   59 |       typedef Eigen::Map<Matrix<double, Di, Dj>, Matrix<double, Di, Dj>::Flags & AlignedBit ? Aligned : Unaligned > HessianBlockType;
      |                                                                          ~~~~~~^~~~~~~~~~~~
/usr/include/eigen3/Eigen/src/Core/util/Constants.h:167:37: note: declared here
  167 | EIGEN_DEPRECATED const unsigned int AlignedBit = 0x80;
      |                                     ^~~~~~~~~~
/home/zlw/End2End/ORB_SLAM3/Thirdparty/g2o/g2o/types/../core/base_binary_edge.h:60:80: warning: ‘Eigen::AlignedBit’ is deprecated [-Wdeprecated-declarations]
   60 |       typedef Eigen::Map<Matrix<double, Dj, Di>, Matrix<double, Dj, Di>::Flags & AlignedBit ? Aligned : Unaligned > HessianBlockTransposedType;
      |                                                                          ~~~~~~^~~~~~~~~~~~
/usr/include/eigen3/Eigen/src/Core/util/Constants.h:167:37: note: declared here
  167 | EIGEN_DEPRECATED const unsigned int AlignedBit = 0x80;
      |                                     ^~~~~~~~~~
/home/zlw/End2End/ORB_SLAM3/src/HardwareAdapter.cc: In static member function ‘static void ORB_SLAM3::HardwareAdapter::AddPriors(const LocalBAInput&, ORBSLAM3Exporter&)’:
/home/zlw/End2End/ORB_SLAM3/src/HardwareAdapter.cc:1504:22: warning: comparison of integer expressions of different signedness: ‘long unsigned int’ and ‘const int’ [-Wsign-compare]
 1504 |         if (kf->mnId == init_id) {
      |             ~~~~~~~~~^~~~~~~~~~
/home/zlw/End2End/ORB_SLAM3/src/HardwareAdapter.cc: At global scope:
/home/zlw/End2End/ORB_SLAM3/src/HardwareAdapter.cc:701:6: warning: ‘bool ORB_SLAM3::{anonymous}::DeltaLooksSafe(const std::map<int, Eigen::Matrix<float, 6, 1, 0, 6, 1> >&, const std::map<int, Eigen::Matrix<float, 3, 1> >&)’ defined but not used [-Wunused-function]
  701 | bool DeltaLooksSafe(const std::map<int, Eigen::Matrix<float, 6, 1>>& pose_deltas,
      |      ^~~~~~~~~~~~~~
/home/zlw/End2End/ORB_SLAM3/src/HardwareAdapter.cc:120:17: warning: ‘Eigen::Vector3f ORB_SLAM3::{anonymous}::CvMatToEigenVec3f(const cv::Mat&)’ defined but not used [-Wunused-function]
  120 | Eigen::Vector3f CvMatToEigenVec3f(const cv::Mat& t) {
      |                 ^~~~~~~~~~~~~~~~~
/home/zlw/End2End/ORB_SLAM3/src/HardwareAdapter.cc:108:17: warning: ‘Eigen::Matrix3f ORB_SLAM3::{anonymous}::CvMatToEigen3f(const cv::Mat&)’ defined but not used [-Wunused-function]
  108 | Eigen::Matrix3f CvMatToEigen3f(const cv::Mat& R) {
      |                 ^~~~~~~~~~~~~~
[ 71%] Building CXX object CMakeFiles/ORB_SLAM3_h15_f120_o8_purevis.dir/src/Config.cc.o
[ 71%] Building CXX object CMakeFiles/ORB_SLAM3_h15_f120_o8_purevis.dir/src/Settings.cc.o
In file included from /home/zlw/End2End/ORB_SLAM3/Thirdparty/g2o/g2o/types/types_six_dof_expmap.h:37,
                 from /home/zlw/End2End/ORB_SLAM3/include/Converter.h:26,
                 from /home/zlw/End2End/ORB_SLAM3/include/CameraModels/GeometricCamera.h:39,
                 from /home/zlw/End2End/ORB_SLAM3/include/Settings.h:26,
                 from /home/zlw/End2End/ORB_SLAM3/src/Settings.cc:19:
/home/zlw/End2End/ORB_SLAM3/Thirdparty/g2o/g2o/types/../core/base_vertex.h:62:74: warning: ‘Eigen::AlignedBit’ is deprecated [-Wdeprecated-declarations]
   62 |     typedef Eigen::Map<Matrix<double, D, D>, Matrix<double,D,D>::Flags & AlignedBit ? Aligned : Unaligned >  HessianBlockType;
      |                                                                          ^~~~~~~~~~
In file included from /usr/include/eigen3/Eigen/Core:161,
                 from /usr/include/eigen3/Eigen/Dense:1,
                 from /home/zlw/End2End/ORB_SLAM3/Thirdparty/Sophus/sophus/rotation_matrix.hpp:7,
                 from /home/zlw/End2End/ORB_SLAM3/Thirdparty/Sophus/sophus/so3.hpp:7,
                 from /home/zlw/End2End/ORB_SLAM3/Thirdparty/Sophus/sophus/se3.hpp:7,
                 from /home/zlw/End2End/ORB_SLAM3/include/CameraModels/GeometricCamera.h:35:
/usr/include/eigen3/Eigen/src/Core/util/Constants.h:167:37: note: declared here
  167 | EIGEN_DEPRECATED const unsigned int AlignedBit = 0x80;
      |                                     ^~~~~~~~~~
In file included from /home/zlw/End2End/ORB_SLAM3/Thirdparty/g2o/g2o/types/types_six_dof_expmap.h:38:
/home/zlw/End2End/ORB_SLAM3/Thirdparty/g2o/g2o/types/../core/base_binary_edge.h:59:82: warning: ‘Eigen::AlignedBit’ is deprecated [-Wdeprecated-declarations]
   59 |       typedef Eigen::Map<Matrix<double, Di, Dj>, Matrix<double, Di, Dj>::Flags & AlignedBit ? Aligned : Unaligned > HessianBlockType;
      |                                                                                  ^~~~~~~~~~
/usr/include/eigen3/Eigen/src/Core/util/Constants.h:167:37: note: declared here
  167 | EIGEN_DEPRECATED const unsigned int AlignedBit = 0x80;
      |                                     ^~~~~~~~~~
/home/zlw/End2End/ORB_SLAM3/Thirdparty/g2o/g2o/types/../core/base_binary_edge.h:60:82: warning: ‘Eigen::AlignedBit’ is deprecated [-Wdeprecated-declarations]
   60 |       typedef Eigen::Map<Matrix<double, Dj, Di>, Matrix<double, Dj, Di>::Flags & AlignedBit ? Aligned : Unaligned > HessianBlockTransposedType;
      |                                                                                  ^~~~~~~~~~
/usr/include/eigen3/Eigen/src/Core/util/Constants.h:167:37: note: declared here
  167 | EIGEN_DEPRECATED const unsigned int AlignedBit = 0x80;
      |                                     ^~~~~~~~~~
/home/zlw/End2End/ORB_SLAM3/Thirdparty/g2o/g2o/types/../core/base_vertex.h: In instantiation of ‘class g2o::BaseVertex<3, Eigen::Matrix<double, 3, 1> >’:
/home/zlw/End2End/ORB_SLAM3/Thirdparty/g2o/g2o/types/types_sba.h:40:35:   required from here
/home/zlw/End2End/ORB_SLAM3/Thirdparty/g2o/g2o/types/../core/base_vertex.h:62:72: warning: ‘Eigen::AlignedBit’ is deprecated [-Wdeprecated-declarations]
   62 |     typedef Eigen::Map<Matrix<double, D, D>, Matrix<double,D,D>::Flags & AlignedBit ? Aligned : Unaligned >  HessianBlockType;
      |                                                                  ~~~~~~^~~~~~~~~~~~
/usr/include/eigen3/Eigen/src/Core/util/Constants.h:167:37: note: declared here
  167 | EIGEN_DEPRECATED const unsigned int AlignedBit = 0x80;
      |                                     ^~~~~~~~~~
/home/zlw/End2End/ORB_SLAM3/Thirdparty/g2o/g2o/types/../core/base_vertex.h: In instantiation of ‘class g2o::BaseVertex<6, g2o::SE3Quat>’:
/home/zlw/End2End/ORB_SLAM3/Thirdparty/g2o/g2o/types/types_six_dof_expmap.h:59:33:   required from here
/home/zlw/End2End/ORB_SLAM3/Thirdparty/g2o/g2o/types/../core/base_vertex.h:62:72: warning: ‘Eigen::AlignedBit’ is deprecated [-Wdeprecated-declarations]
   62 |     typedef Eigen::Map<Matrix<double, D, D>, Matrix<double,D,D>::Flags & AlignedBit ? Aligned : Unaligned >  HessianBlockType;
      |                                                                  ~~~~~~^~~~~~~~~~~~
/usr/include/eigen3/Eigen/src/Core/util/Constants.h:167:37: note: declared here
  167 | EIGEN_DEPRECATED const unsigned int AlignedBit = 0x80;
      |                                     ^~~~~~~~~~
/home/zlw/End2End/ORB_SLAM3/Thirdparty/g2o/g2o/types/../core/base_binary_edge.h: In instantiation of ‘class g2o::BaseBinaryEdge<6, g2o::SE3Quat, g2o::VertexSE3Expmap, g2o::VertexSE3Expmap>’:
/home/zlw/End2End/ORB_SLAM3/Thirdparty/g2o/g2o/types/types_six_dof_expmap.h:83:24:   required from here
/home/zlw/End2End/ORB_SLAM3/Thirdparty/g2o/g2o/types/../core/base_binary_edge.h:59:80: warning: ‘Eigen::AlignedBit’ is deprecated [-Wdeprecated-declarations]
   59 |       typedef Eigen::Map<Matrix<double, Di, Dj>, Matrix<double, Di, Dj>::Flags & AlignedBit ? Aligned : Unaligned > HessianBlockType;
      |                                                                          ~~~~~~^~~~~~~~~~~~
/usr/include/eigen3/Eigen/src/Core/util/Constants.h:167:37: note: declared here
  167 | EIGEN_DEPRECATED const unsigned int AlignedBit = 0x80;
      |                                     ^~~~~~~~~~
/home/zlw/End2End/ORB_SLAM3/Thirdparty/g2o/g2o/types/../core/base_binary_edge.h:60:80: warning: ‘Eigen::AlignedBit’ is deprecated [-Wdeprecated-declarations]
   60 |       typedef Eigen::Map<Matrix<double, Dj, Di>, Matrix<double, Dj, Di>::Flags & AlignedBit ? Aligned : Unaligned > HessianBlockTransposedType;
      |                                                                          ~~~~~~^~~~~~~~~~~~
/usr/include/eigen3/Eigen/src/Core/util/Constants.h:167:37: note: declared here
  167 | EIGEN_DEPRECATED const unsigned int AlignedBit = 0x80;
      |                                     ^~~~~~~~~~
/home/zlw/End2End/ORB_SLAM3/Thirdparty/g2o/g2o/types/../core/base_binary_edge.h: In instantiation of ‘class g2o::BaseBinaryEdge<2, Eigen::Matrix<double, 2, 1>, g2o::VertexSBAPointXYZ, g2o::VertexSE3Expmap>’:
/home/zlw/End2End/ORB_SLAM3/Thirdparty/g2o/g2o/types/types_six_dof_expmap.h:114:35:   required from here
/home/zlw/End2End/ORB_SLAM3/Thirdparty/g2o/g2o/types/../core/base_binary_edge.h:59:80: warning: ‘Eigen::AlignedBit’ is deprecated [-Wdeprecated-declarations]
   59 |       typedef Eigen::Map<Matrix<double, Di, Dj>, Matrix<double, Di, Dj>::Flags & AlignedBit ? Aligned : Unaligned > HessianBlockType;
      |                                                                          ~~~~~~^~~~~~~~~~~~
/usr/include/eigen3/Eigen/src/Core/util/Constants.h:167:37: note: declared here
  167 | EIGEN_DEPRECATED const unsigned int AlignedBit = 0x80;
      |                                     ^~~~~~~~~~
/home/zlw/End2End/ORB_SLAM3/Thirdparty/g2o/g2o/types/../core/base_binary_edge.h:60:80: warning: ‘Eigen::AlignedBit’ is deprecated [-Wdeprecated-declarations]
   60 |       typedef Eigen::Map<Matrix<double, Dj, Di>, Matrix<double, Dj, Di>::Flags & AlignedBit ? Aligned : Unaligned > HessianBlockTransposedType;
      |                                                                          ~~~~~~^~~~~~~~~~~~
/usr/include/eigen3/Eigen/src/Core/util/Constants.h:167:37: note: declared here
  167 | EIGEN_DEPRECATED const unsigned int AlignedBit = 0x80;
      |                                     ^~~~~~~~~~
/home/zlw/End2End/ORB_SLAM3/Thirdparty/g2o/g2o/types/../core/base_binary_edge.h: In instantiation of ‘class g2o::BaseBinaryEdge<3, Eigen::Matrix<double, 3, 1>, g2o::VertexSBAPointXYZ, g2o::VertexSE3Expmap>’:
/home/zlw/End2End/ORB_SLAM3/Thirdparty/g2o/g2o/types/types_six_dof_expmap.h:146:41:   required from here
/home/zlw/End2End/ORB_SLAM3/Thirdparty/g2o/g2o/types/../core/base_binary_edge.h:59:80: warning: ‘Eigen::AlignedBit’ is deprecated [-Wdeprecated-declarations]
   59 |       typedef Eigen::Map<Matrix<double, Di, Dj>, Matrix<double, Di, Dj>::Flags & AlignedBit ? Aligned : Unaligned > HessianBlockType;
      |                                                                          ~~~~~~^~~~~~~~~~~~
/usr/include/eigen3/Eigen/src/Core/util/Constants.h:167:37: note: declared here
  167 | EIGEN_DEPRECATED const unsigned int AlignedBit = 0x80;
      |                                     ^~~~~~~~~~
/home/zlw/End2End/ORB_SLAM3/Thirdparty/g2o/g2o/types/../core/base_binary_edge.h:60:80: warning: ‘Eigen::AlignedBit’ is deprecated [-Wdeprecated-declarations]
   60 |       typedef Eigen::Map<Matrix<double, Dj, Di>, Matrix<double, Dj, Di>::Flags & AlignedBit ? Aligned : Unaligned > HessianBlockTransposedType;
      |                                                                          ~~~~~~^~~~~~~~~~~~
/usr/include/eigen3/Eigen/src/Core/util/Constants.h:167:37: note: declared here
  167 | EIGEN_DEPRECATED const unsigned int AlignedBit = 0x80;
      |                                     ^~~~~~~~~~
/home/zlw/End2End/ORB_SLAM3/Thirdparty/g2o/g2o/types/../core/base_vertex.h: In instantiation of ‘class g2o::BaseVertex<7, g2o::Sim3>’:
/home/zlw/End2End/ORB_SLAM3/Thirdparty/g2o/g2o/types/types_seven_dof_expmap.h:48:35:   required from here
/home/zlw/End2End/ORB_SLAM3/Thirdparty/g2o/g2o/types/../core/base_vertex.h:62:72: warning: ‘Eigen::AlignedBit’ is deprecated [-Wdeprecated-declarations]
   62 |     typedef Eigen::Map<Matrix<double, D, D>, Matrix<double,D,D>::Flags & AlignedBit ? Aligned : Unaligned >  HessianBlockType;
      |                                                                  ~~~~~~^~~~~~~~~~~~
/usr/include/eigen3/Eigen/src/Core/util/Constants.h:167:37: note: declared here
  167 | EIGEN_DEPRECATED const unsigned int AlignedBit = 0x80;
      |                                     ^~~~~~~~~~
/home/zlw/End2End/ORB_SLAM3/Thirdparty/g2o/g2o/types/../core/base_binary_edge.h: In instantiation of ‘class g2o::BaseBinaryEdge<7, g2o::Sim3, g2o::VertexSim3Expmap, g2o::VertexSim3Expmap>’:
/home/zlw/End2End/ORB_SLAM3/Thirdparty/g2o/g2o/types/types_seven_dof_expmap.h:99:27:   required from here
/home/zlw/End2End/ORB_SLAM3/Thirdparty/g2o/g2o/types/../core/base_binary_edge.h:59:80: warning: ‘Eigen::AlignedBit’ is deprecated [-Wdeprecated-declarations]
   59 |       typedef Eigen::Map<Matrix<double, Di, Dj>, Matrix<double, Di, Dj>::Flags & AlignedBit ? Aligned : Unaligned > HessianBlockType;
      |                                                                          ~~~~~~^~~~~~~~~~~~
/usr/include/eigen3/Eigen/src/Core/util/Constants.h:167:37: note: declared here
  167 | EIGEN_DEPRECATED const unsigned int AlignedBit = 0x80;
      |                                     ^~~~~~~~~~
/home/zlw/End2End/ORB_SLAM3/Thirdparty/g2o/g2o/types/../core/base_binary_edge.h:60:80: warning: ‘Eigen::AlignedBit’ is deprecated [-Wdeprecated-declarations]
   60 |       typedef Eigen::Map<Matrix<double, Dj, Di>, Matrix<double, Dj, Di>::Flags & AlignedBit ? Aligned : Unaligned > HessianBlockTransposedType;
      |                                                                          ~~~~~~^~~~~~~~~~~~
/usr/include/eigen3/Eigen/src/Core/util/Constants.h:167:37: note: declared here
  167 | EIGEN_DEPRECATED const unsigned int AlignedBit = 0x80;
      |                                     ^~~~~~~~~~
/home/zlw/End2End/ORB_SLAM3/Thirdparty/g2o/g2o/types/../core/base_binary_edge.h: In instantiation of ‘class g2o::BaseBinaryEdge<2, Eigen::Matrix<double, 2, 1>, g2o::VertexSBAPointXYZ, g2o::VertexSim3Expmap>’:
/home/zlw/End2End/ORB_SLAM3/Thirdparty/g2o/g2o/types/types_seven_dof_expmap.h:130:36:   required from here
/home/zlw/End2End/ORB_SLAM3/Thirdparty/g2o/g2o/types/../core/base_binary_edge.h:59:80: warning: ‘Eigen::AlignedBit’ is deprecated [-Wdeprecated-declarations]
   59 |       typedef Eigen::Map<Matrix<double, Di, Dj>, Matrix<double, Di, Dj>::Flags & AlignedBit ? Aligned : Unaligned > HessianBlockType;
      |                                                                          ~~~~~~^~~~~~~~~~~~
/usr/include/eigen3/Eigen/src/Core/util/Constants.h:167:37: note: declared here
  167 | EIGEN_DEPRECATED const unsigned int AlignedBit = 0x80;
      |                                     ^~~~~~~~~~
/home/zlw/End2End/ORB_SLAM3/Thirdparty/g2o/g2o/types/../core/base_binary_edge.h:60:80: warning: ‘Eigen::AlignedBit’ is deprecated [-Wdeprecated-declarations]
   60 |       typedef Eigen::Map<Matrix<double, Dj, Di>, Matrix<double, Dj, Di>::Flags & AlignedBit ? Aligned : Unaligned > HessianBlockTransposedType;
      |                                                                          ~~~~~~^~~~~~~~~~~~
/usr/include/eigen3/Eigen/src/Core/util/Constants.h:167:37: note: declared here
  167 | EIGEN_DEPRECATED const unsigned int AlignedBit = 0x80;
      |                                     ^~~~~~~~~~
In file included from /home/zlw/End2End/ORB_SLAM3/src/Settings.cc:22:
/home/zlw/End2End/ORB_SLAM3/include/CameraModels/KannalaBrandt8.h: In constructor ‘ORB_SLAM3::KannalaBrandt8::KannalaBrandt8(std::vector<float>)’:
/home/zlw/End2End/ORB_SLAM3/include/CameraModels/KannalaBrandt8.h:102:21: warning: ‘ORB_SLAM3::KannalaBrandt8::precision’ will be initialized after [-Wreorder]
  102 |         const float precision;
      |                     ^~~~~~~~~
/home/zlw/End2End/ORB_SLAM3/include/CameraModels/KannalaBrandt8.h:88:26: warning:   ‘std::vector<int> ORB_SLAM3::KannalaBrandt8::mvLappingArea’ [-Wreorder]
   88 |         std::vector<int> mvLappingArea;
      |                          ^~~~~~~~~~~~~
/home/zlw/End2End/ORB_SLAM3/include/CameraModels/KannalaBrandt8.h:47:9: warning:   when initialized here [-Wreorder]
   47 |         KannalaBrandt8(const std::vector<float> _vParameters) : GeometricCamera(_vParameters), precision(1e-6), mvLappingArea(2,0) ,tvr(nullptr) {
      |         ^~~~~~~~~~~~~~
/home/zlw/End2End/ORB_SLAM3/include/CameraModels/KannalaBrandt8.h: In constructor ‘ORB_SLAM3::KannalaBrandt8::KannalaBrandt8(std::vector<float>, float)’:
/home/zlw/End2End/ORB_SLAM3/include/CameraModels/KannalaBrandt8.h:102:21: warning: ‘ORB_SLAM3::KannalaBrandt8::precision’ will be initialized after [-Wreorder]
  102 |         const float precision;
      |                     ^~~~~~~~~
/home/zlw/End2End/ORB_SLAM3/include/CameraModels/KannalaBrandt8.h:88:26: warning:   ‘std::vector<int> ORB_SLAM3::KannalaBrandt8::mvLappingArea’ [-Wreorder]
   88 |         std::vector<int> mvLappingArea;
      |                          ^~~~~~~~~~~~~
/home/zlw/End2End/ORB_SLAM3/include/CameraModels/KannalaBrandt8.h:53:9: warning:   when initialized here [-Wreorder]
   53 |         KannalaBrandt8(const std::vector<float> _vParameters, const float _precision) : GeometricCamera(_vParameters),
      |         ^~~~~~~~~~~~~~
/home/zlw/End2End/ORB_SLAM3/include/CameraModels/KannalaBrandt8.h: In constructor ‘ORB_SLAM3::KannalaBrandt8::KannalaBrandt8(ORB_SLAM3::KannalaBrandt8*)’:
/home/zlw/End2End/ORB_SLAM3/include/CameraModels/KannalaBrandt8.h:102:21: warning: ‘ORB_SLAM3::KannalaBrandt8::precision’ will be initialized after [-Wreorder]
  102 |         const float precision;
      |                     ^~~~~~~~~
/home/zlw/End2End/ORB_SLAM3/include/CameraModels/KannalaBrandt8.h:88:26: warning:   ‘std::vector<int> ORB_SLAM3::KannalaBrandt8::mvLappingArea’ [-Wreorder]
   88 |         std::vector<int> mvLappingArea;
      |                          ^~~~~~~~~~~~~
/home/zlw/End2End/ORB_SLAM3/include/CameraModels/KannalaBrandt8.h:59:9: warning:   when initialized here [-Wreorder]
   59 |         KannalaBrandt8(KannalaBrandt8* pKannala) : GeometricCamera(pKannala->mvParameters), precision(pKannala->precision), mvLappingArea(2,0) ,tvr(nullptr) {
      |         ^~~~~~~~~~~~~~
In file included from /home/zlw/End2End/ORB_SLAM3/Thirdparty/DBoW2/DBoW2/FORB.h:17,
                 from /home/zlw/End2End/ORB_SLAM3/include/ORBVocabulary.h:23,
                 from /home/zlw/End2End/ORB_SLAM3/include/KeyFrame.h:26,
                 from /home/zlw/End2End/ORB_SLAM3/include/MapPoint.h:23,
                 from /home/zlw/End2End/ORB_SLAM3/include/FrameDrawer.h:24,
                 from /home/zlw/End2End/ORB_SLAM3/include/Viewer.h:23,
                 from /home/zlw/End2End/ORB_SLAM3/include/Tracking.h:26,
                 from /home/zlw/End2End/ORB_SLAM3/include/System.h:31,
                 from /home/zlw/End2End/ORB_SLAM3/src/Settings.cc:24:
/home/zlw/End2End/ORB_SLAM3/Thirdparty/DBoW2/DBoW2/FClass.h: At global scope:
/home/zlw/End2End/ORB_SLAM3/Thirdparty/DBoW2/DBoW2/FClass.h:35:16: warning: ‘virtual void DBoW2::FClass::meanValue(const std::vector<const TDescriptor*>&, TDescriptor&)’ was hidden [-Woverloaded-virtual=]
   35 |   virtual void meanValue(const std::vector<pDescriptor> &descriptors,
      |                ^~~~~~~~~
/home/zlw/End2End/ORB_SLAM3/Thirdparty/DBoW2/DBoW2/FORB.h:38:15: note:   by ‘static void DBoW2::FORB::meanValue(const std::vector<const cv::Mat*>&, TDescriptor&)’
   38 |   static void meanValue(const std::vector<pDescriptor> &descriptors,
      |               ^~~~~~~~~
[ 85%] Building CXX object CMakeFiles/ORB_SLAM3_h15_f120_o8_purevis.dir/home/zlw/End2End/QR/SW/ORBSLAM3_Exporter.cpp.o
In file included from /home/zlw/End2End/ORB_SLAM3/include/Frame.h:30,
                 from /home/zlw/End2End/ORB_SLAM3/include/KeyFrame.h:28:
/home/zlw/End2End/ORB_SLAM3/include/ImuTypes.h: In member function ‘void ORB_SLAM3::IMU::Preintegrated::printMeasurements() const’:
/home/zlw/End2End/ORB_SLAM3/include/ImuTypes.h:204:23: warning: comparison of integer expressions of different signedness: ‘int’ and ‘std::vector<ORB_SLAM3::IMU::Preintegrated::integrable>::size_type’ {aka ‘long unsigned int’} [-Wsign-compare]
  204 |         for(int i=0; i<mvMeasurements.size(); i++){
      |                      ~^~~~~~~~~~~~~~~~~~~~~~
[ 85%] Building CXX object CMakeFiles/ORB_SLAM3_h15_f120_o8_purevis.dir/home/zlw/End2End/QR/SW/VariableEliminationDriver.cpp.o
[ 85%] Building CXX object CMakeFiles/ORB_SLAM3_h15_f120_o8_purevis.dir/home/zlw/End2End/QR/SW/Imu.cpp.o
/home/zlw/End2End/QR/SW/VariableEliminationDriver.cpp: In member function ‘void VariableEliminationDriver::eliminateLandmark(int, const std::vector<CameraObservation>&, float)’:
/home/zlw/End2End/QR/SW/VariableEliminationDriver.cpp:262:13: warning: unused variable ‘local_rows’ [-Wunused-variable]
  262 |         int local_rows = observations.size() * 2;
      |             ^~~~~~~~~~
/home/zlw/End2End/QR/SW/VariableEliminationDriver.cpp: At global scope:
/home/zlw/End2End/QR/SW/VariableEliminationDriver.cpp:117:19: warning: ‘BodyPoseEx cameraToBodyPose(const Eigen::Matrix3f&, const Eigen::Vector3f&)’ defined but not used [-Wunused-function]
  117 | static BodyPoseEx cameraToBodyPose(const Eigen::Matrix3f& Rcw,
      |                   ^~~~~~~~~~~~~~~~
/home/zlw/End2End/QR/SW/VariableEliminationDriver.cpp:100:24: warning: ‘Eigen::Matrix3f invRightJacSO3(const Eigen::Vector3f&)’ defined but not used [-Wunused-function]
  100 | static Eigen::Matrix3f invRightJacSO3(const Eigen::Vector3f& v) {
      |                        ^~~~~~~~~~~~~~
/home/zlw/End2End/QR/SW/VariableEliminationDriver.cpp:90:24: warning: ‘Eigen::Matrix3f rightJacSO3(const Eigen::Vector3f&)’ defined but not used [-Wunused-function]
   90 | static Eigen::Matrix3f rightJacSO3(const Eigen::Vector3f& v) {
      |                        ^~~~~~~~~~~
/home/zlw/End2End/QR/SW/VariableEliminationDriver.cpp:79:24: warning: ‘Eigen::Vector3f so3LogMat(const Eigen::Matrix3f&)’ defined but not used [-Wunused-function]
   79 | static Eigen::Vector3f so3LogMat(const Eigen::Matrix3f& R) {
      |                        ^~~~~~~~~
[ 85%] Building CXX object CMakeFiles/ORB_SLAM3_h15_f120_o8_purevis.dir/home/zlw/End2End/QR/SW/config/SolverSwitch.cpp.o
[ 85%] Building CXX object CMakeFiles/ORB_SLAM3_h15_f120_o8_purevis.dir/home/zlw/End2End/QR/SW/io/JsonDumper.cpp.o
[ 85%] Building CXX object CMakeFiles/ORB_SLAM3_h15_f120_o8_purevis.dir/home/zlw/End2End/QR/SW/json_loader.cpp.o
[100%] Linking CXX shared library /home/zlw/End2End/ORB_SLAM3/lib/libORB_SLAM3_h15_f120_o8_purevis.so
[100%] Built target ORB_SLAM3_h15_f120_o8_purevis
[100%] Building CXX object CMakeFiles/mono_inertial_euroc_h15_f120_o8_purevis.dir/Examples/Monocular-Inertial/mono_inertial_euroc.cc.o
In file included from /home/zlw/End2End/ORB_SLAM3/Thirdparty/DBoW2/DBoW2/FORB.h:17,
                 from /home/zlw/End2End/ORB_SLAM3/include/ORBVocabulary.h:23,
                 from /home/zlw/End2End/ORB_SLAM3/include/KeyFrame.h:26,
                 from /home/zlw/End2End/ORB_SLAM3/include/MapPoint.h:23,
                 from /home/zlw/End2End/ORB_SLAM3/include/FrameDrawer.h:24,
                 from /home/zlw/End2End/ORB_SLAM3/include/Viewer.h:23,
                 from /home/zlw/End2End/ORB_SLAM3/include/Tracking.h:26,
                 from /home/zlw/End2End/ORB_SLAM3/include/System.h:31,
                 from /home/zlw/End2End/ORB_SLAM3/Examples/Monocular-Inertial/mono_inertial_euroc.cc:29:
/home/zlw/End2End/ORB_SLAM3/Thirdparty/DBoW2/DBoW2/FClass.h:35:16: warning: ‘virtual void DBoW2::FClass::meanValue(const std::vector<const TDescriptor*>&, TDescriptor&)’ was hidden [-Woverloaded-virtual=]
   35 |   virtual void meanValue(const std::vector<pDescriptor> &descriptors,
      |                ^~~~~~~~~
/home/zlw/End2End/ORB_SLAM3/Thirdparty/DBoW2/DBoW2/FORB.h:38:15: note:   by ‘static void DBoW2::FORB::meanValue(const std::vector<const cv::Mat*>&, TDescriptor&)’
   38 |   static void meanValue(const std::vector<pDescriptor> &descriptors,
      |               ^~~~~~~~~
In file included from /home/zlw/End2End/ORB_SLAM3/include/Frame.h:30,
                 from /home/zlw/End2End/ORB_SLAM3/include/KeyFrame.h:28:
/home/zlw/End2End/ORB_SLAM3/include/ImuTypes.h: In member function ‘void ORB_SLAM3::IMU::Preintegrated::printMeasurements() const’:
/home/zlw/End2End/ORB_SLAM3/include/ImuTypes.h:204:23: warning: comparison of integer expressions of different signedness: ‘int’ and ‘std::vector<ORB_SLAM3::IMU::Preintegrated::integrable>::size_type’ {aka ‘long unsigned int’} [-Wsign-compare]
  204 |         for(int i=0; i<mvMeasurements.size(); i++){
      |                      ~^~~~~~~~~~~~~~~~~~~~~~
In file included from /home/zlw/End2End/ORB_SLAM3/Thirdparty/g2o/g2o/types/types_six_dof_expmap.h:37,
                 from /home/zlw/End2End/ORB_SLAM3/include/Converter.h:26,
                 from /home/zlw/End2End/ORB_SLAM3/include/Frame.h:33:
/home/zlw/End2End/ORB_SLAM3/Thirdparty/g2o/g2o/types/../core/base_vertex.h: At global scope:
/home/zlw/End2End/ORB_SLAM3/Thirdparty/g2o/g2o/types/../core/base_vertex.h:62:74: warning: ‘Eigen::AlignedBit’ is deprecated [-Wdeprecated-declarations]
   62 |     typedef Eigen::Map<Matrix<double, D, D>, Matrix<double,D,D>::Flags & AlignedBit ? Aligned : Unaligned >  HessianBlockType;
      |                                                                          ^~~~~~~~~~
In file included from /usr/include/eigen3/Eigen/Core:161,
                 from /usr/include/eigen3/Eigen/LU:11,
                 from /home/zlw/End2End/ORB_SLAM3/Thirdparty/Sophus/sophus/so2.hpp:12,
                 from /home/zlw/End2End/ORB_SLAM3/Thirdparty/Sophus/sophus/se2.hpp:7,
                 from /home/zlw/End2End/ORB_SLAM3/Thirdparty/Sophus/sophus/geometry.hpp:7,
                 from /home/zlw/End2End/ORB_SLAM3/include/Frame.h:28:
/usr/include/eigen3/Eigen/src/Core/util/Constants.h:167:37: note: declared here
  167 | EIGEN_DEPRECATED const unsigned int AlignedBit = 0x80;
      |                                     ^~~~~~~~~~
In file included from /home/zlw/End2End/ORB_SLAM3/Thirdparty/g2o/g2o/types/types_six_dof_expmap.h:38:
/home/zlw/End2End/ORB_SLAM3/Thirdparty/g2o/g2o/types/../core/base_binary_edge.h:59:82: warning: ‘Eigen::AlignedBit’ is deprecated [-Wdeprecated-declarations]
   59 |       typedef Eigen::Map<Matrix<double, Di, Dj>, Matrix<double, Di, Dj>::Flags & AlignedBit ? Aligned : Unaligned > HessianBlockType;
      |                                                                                  ^~~~~~~~~~
/usr/include/eigen3/Eigen/src/Core/util/Constants.h:167:37: note: declared here
  167 | EIGEN_DEPRECATED const unsigned int AlignedBit = 0x80;
      |                                     ^~~~~~~~~~
/home/zlw/End2End/ORB_SLAM3/Thirdparty/g2o/g2o/types/../core/base_binary_edge.h:60:82: warning: ‘Eigen::AlignedBit’ is deprecated [-Wdeprecated-declarations]
   60 |       typedef Eigen::Map<Matrix<double, Dj, Di>, Matrix<double, Dj, Di>::Flags & AlignedBit ? Aligned : Unaligned > HessianBlockTransposedType;
      |                                                                                  ^~~~~~~~~~
/usr/include/eigen3/Eigen/src/Core/util/Constants.h:167:37: note: declared here
  167 | EIGEN_DEPRECATED const unsigned int AlignedBit = 0x80;
      |                                     ^~~~~~~~~~
/home/zlw/End2End/ORB_SLAM3/Thirdparty/g2o/g2o/types/../core/base_vertex.h: In instantiation of ‘class g2o::BaseVertex<3, Eigen::Matrix<double, 3, 1> >’:
/home/zlw/End2End/ORB_SLAM3/Thirdparty/g2o/g2o/types/types_sba.h:40:35:   required from here
/home/zlw/End2End/ORB_SLAM3/Thirdparty/g2o/g2o/types/../core/base_vertex.h:62:72: warning: ‘Eigen::AlignedBit’ is deprecated [-Wdeprecated-declarations]
   62 |     typedef Eigen::Map<Matrix<double, D, D>, Matrix<double,D,D>::Flags & AlignedBit ? Aligned : Unaligned >  HessianBlockType;
      |                                                                  ~~~~~~^~~~~~~~~~~~
/usr/include/eigen3/Eigen/src/Core/util/Constants.h:167:37: note: declared here
  167 | EIGEN_DEPRECATED const unsigned int AlignedBit = 0x80;
      |                                     ^~~~~~~~~~
/home/zlw/End2End/ORB_SLAM3/Thirdparty/g2o/g2o/types/../core/base_vertex.h: In instantiation of ‘class g2o::BaseVertex<6, g2o::SE3Quat>’:
/home/zlw/End2End/ORB_SLAM3/Thirdparty/g2o/g2o/types/types_six_dof_expmap.h:59:33:   required from here
/home/zlw/End2End/ORB_SLAM3/Thirdparty/g2o/g2o/types/../core/base_vertex.h:62:72: warning: ‘Eigen::AlignedBit’ is deprecated [-Wdeprecated-declarations]
   62 |     typedef Eigen::Map<Matrix<double, D, D>, Matrix<double,D,D>::Flags & AlignedBit ? Aligned : Unaligned >  HessianBlockType;
      |                                                                  ~~~~~~^~~~~~~~~~~~
/usr/include/eigen3/Eigen/src/Core/util/Constants.h:167:37: note: declared here
  167 | EIGEN_DEPRECATED const unsigned int AlignedBit = 0x80;
      |                                     ^~~~~~~~~~
/home/zlw/End2End/ORB_SLAM3/Thirdparty/g2o/g2o/types/../core/base_binary_edge.h: In instantiation of ‘class g2o::BaseBinaryEdge<6, g2o::SE3Quat, g2o::VertexSE3Expmap, g2o::VertexSE3Expmap>’:
/home/zlw/End2End/ORB_SLAM3/Thirdparty/g2o/g2o/types/types_six_dof_expmap.h:83:24:   required from here
/home/zlw/End2End/ORB_SLAM3/Thirdparty/g2o/g2o/types/../core/base_binary_edge.h:59:80: warning: ‘Eigen::AlignedBit’ is deprecated [-Wdeprecated-declarations]
   59 |       typedef Eigen::Map<Matrix<double, Di, Dj>, Matrix<double, Di, Dj>::Flags & AlignedBit ? Aligned : Unaligned > HessianBlockType;
      |                                                                          ~~~~~~^~~~~~~~~~~~
/usr/include/eigen3/Eigen/src/Core/util/Constants.h:167:37: note: declared here
  167 | EIGEN_DEPRECATED const unsigned int AlignedBit = 0x80;
      |                                     ^~~~~~~~~~
/home/zlw/End2End/ORB_SLAM3/Thirdparty/g2o/g2o/types/../core/base_binary_edge.h:60:80: warning: ‘Eigen::AlignedBit’ is deprecated [-Wdeprecated-declarations]
   60 |       typedef Eigen::Map<Matrix<double, Dj, Di>, Matrix<double, Dj, Di>::Flags & AlignedBit ? Aligned : Unaligned > HessianBlockTransposedType;
      |                                                                          ~~~~~~^~~~~~~~~~~~
/usr/include/eigen3/Eigen/src/Core/util/Constants.h:167:37: note: declared here
  167 | EIGEN_DEPRECATED const unsigned int AlignedBit = 0x80;
      |                                     ^~~~~~~~~~
/home/zlw/End2End/ORB_SLAM3/Thirdparty/g2o/g2o/types/../core/base_binary_edge.h: In instantiation of ‘class g2o::BaseBinaryEdge<2, Eigen::Matrix<double, 2, 1>, g2o::VertexSBAPointXYZ, g2o::VertexSE3Expmap>’:
/home/zlw/End2End/ORB_SLAM3/Thirdparty/g2o/g2o/types/types_six_dof_expmap.h:114:35:   required from here
/home/zlw/End2End/ORB_SLAM3/Thirdparty/g2o/g2o/types/../core/base_binary_edge.h:59:80: warning: ‘Eigen::AlignedBit’ is deprecated [-Wdeprecated-declarations]
   59 |       typedef Eigen::Map<Matrix<double, Di, Dj>, Matrix<double, Di, Dj>::Flags & AlignedBit ? Aligned : Unaligned > HessianBlockType;
      |                                                                          ~~~~~~^~~~~~~~~~~~
/usr/include/eigen3/Eigen/src/Core/util/Constants.h:167:37: note: declared here
  167 | EIGEN_DEPRECATED const unsigned int AlignedBit = 0x80;
      |                                     ^~~~~~~~~~
/home/zlw/End2End/ORB_SLAM3/Thirdparty/g2o/g2o/types/../core/base_binary_edge.h:60:80: warning: ‘Eigen::AlignedBit’ is deprecated [-Wdeprecated-declarations]
   60 |       typedef Eigen::Map<Matrix<double, Dj, Di>, Matrix<double, Dj, Di>::Flags & AlignedBit ? Aligned : Unaligned > HessianBlockTransposedType;
      |                                                                          ~~~~~~^~~~~~~~~~~~
/usr/include/eigen3/Eigen/src/Core/util/Constants.h:167:37: note: declared here
  167 | EIGEN_DEPRECATED const unsigned int AlignedBit = 0x80;
      |                                     ^~~~~~~~~~
/home/zlw/End2End/ORB_SLAM3/Thirdparty/g2o/g2o/types/../core/base_binary_edge.h: In instantiation of ‘class g2o::BaseBinaryEdge<3, Eigen::Matrix<double, 3, 1>, g2o::VertexSBAPointXYZ, g2o::VertexSE3Expmap>’:
/home/zlw/End2End/ORB_SLAM3/Thirdparty/g2o/g2o/types/types_six_dof_expmap.h:146:41:   required from here
/home/zlw/End2End/ORB_SLAM3/Thirdparty/g2o/g2o/types/../core/base_binary_edge.h:59:80: warning: ‘Eigen::AlignedBit’ is deprecated [-Wdeprecated-declarations]
   59 |       typedef Eigen::Map<Matrix<double, Di, Dj>, Matrix<double, Di, Dj>::Flags & AlignedBit ? Aligned : Unaligned > HessianBlockType;
      |                                                                          ~~~~~~^~~~~~~~~~~~
/usr/include/eigen3/Eigen/src/Core/util/Constants.h:167:37: note: declared here
  167 | EIGEN_DEPRECATED const unsigned int AlignedBit = 0x80;
      |                                     ^~~~~~~~~~
/home/zlw/End2End/ORB_SLAM3/Thirdparty/g2o/g2o/types/../core/base_binary_edge.h:60:80: warning: ‘Eigen::AlignedBit’ is deprecated [-Wdeprecated-declarations]
   60 |       typedef Eigen::Map<Matrix<double, Dj, Di>, Matrix<double, Dj, Di>::Flags & AlignedBit ? Aligned : Unaligned > HessianBlockTransposedType;
      |                                                                          ~~~~~~^~~~~~~~~~~~
/usr/include/eigen3/Eigen/src/Core/util/Constants.h:167:37: note: declared here
  167 | EIGEN_DEPRECATED const unsigned int AlignedBit = 0x80;
      |                                     ^~~~~~~~~~
/home/zlw/End2End/ORB_SLAM3/Thirdparty/g2o/g2o/types/../core/base_vertex.h: In instantiation of ‘class g2o::BaseVertex<7, g2o::Sim3>’:
/home/zlw/End2End/ORB_SLAM3/Thirdparty/g2o/g2o/types/types_seven_dof_expmap.h:48:35:   required from here
/home/zlw/End2End/ORB_SLAM3/Thirdparty/g2o/g2o/types/../core/base_vertex.h:62:72: warning: ‘Eigen::AlignedBit’ is deprecated [-Wdeprecated-declarations]
   62 |     typedef Eigen::Map<Matrix<double, D, D>, Matrix<double,D,D>::Flags & AlignedBit ? Aligned : Unaligned >  HessianBlockType;
      |                                                                  ~~~~~~^~~~~~~~~~~~
/usr/include/eigen3/Eigen/src/Core/util/Constants.h:167:37: note: declared here
  167 | EIGEN_DEPRECATED const unsigned int AlignedBit = 0x80;
      |                                     ^~~~~~~~~~
/home/zlw/End2End/ORB_SLAM3/Thirdparty/g2o/g2o/types/../core/base_binary_edge.h: In instantiation of ‘class g2o::BaseBinaryEdge<7, g2o::Sim3, g2o::VertexSim3Expmap, g2o::VertexSim3Expmap>’:
/home/zlw/End2End/ORB_SLAM3/Thirdparty/g2o/g2o/types/types_seven_dof_expmap.h:99:27:   required from here
/home/zlw/End2End/ORB_SLAM3/Thirdparty/g2o/g2o/types/../core/base_binary_edge.h:59:80: warning: ‘Eigen::AlignedBit’ is deprecated [-Wdeprecated-declarations]
   59 |       typedef Eigen::Map<Matrix<double, Di, Dj>, Matrix<double, Di, Dj>::Flags & AlignedBit ? Aligned : Unaligned > HessianBlockType;
      |                                                                          ~~~~~~^~~~~~~~~~~~
/usr/include/eigen3/Eigen/src/Core/util/Constants.h:167:37: note: declared here
  167 | EIGEN_DEPRECATED const unsigned int AlignedBit = 0x80;
      |                                     ^~~~~~~~~~
/home/zlw/End2End/ORB_SLAM3/Thirdparty/g2o/g2o/types/../core/base_binary_edge.h:60:80: warning: ‘Eigen::AlignedBit’ is deprecated [-Wdeprecated-declarations]
   60 |       typedef Eigen::Map<Matrix<double, Dj, Di>, Matrix<double, Dj, Di>::Flags & AlignedBit ? Aligned : Unaligned > HessianBlockTransposedType;
      |                                                                          ~~~~~~^~~~~~~~~~~~
/usr/include/eigen3/Eigen/src/Core/util/Constants.h:167:37: note: declared here
  167 | EIGEN_DEPRECATED const unsigned int AlignedBit = 0x80;
      |                                     ^~~~~~~~~~
/home/zlw/End2End/ORB_SLAM3/Thirdparty/g2o/g2o/types/../core/base_binary_edge.h: In instantiation of ‘class g2o::BaseBinaryEdge<2, Eigen::Matrix<double, 2, 1>, g2o::VertexSBAPointXYZ, g2o::VertexSim3Expmap>’:
/home/zlw/End2End/ORB_SLAM3/Thirdparty/g2o/g2o/types/types_seven_dof_expmap.h:130:36:   required from here
/home/zlw/End2End/ORB_SLAM3/Thirdparty/g2o/g2o/types/../core/base_binary_edge.h:59:80: warning: ‘Eigen::AlignedBit’ is deprecated [-Wdeprecated-declarations]
   59 |       typedef Eigen::Map<Matrix<double, Di, Dj>, Matrix<double, Di, Dj>::Flags & AlignedBit ? Aligned : Unaligned > HessianBlockType;
      |                                                                          ~~~~~~^~~~~~~~~~~~
/usr/include/eigen3/Eigen/src/Core/util/Constants.h:167:37: note: declared here
  167 | EIGEN_DEPRECATED const unsigned int AlignedBit = 0x80;
      |                                     ^~~~~~~~~~
/home/zlw/End2End/ORB_SLAM3/Thirdparty/g2o/g2o/types/../core/base_binary_edge.h:60:80: warning: ‘Eigen::AlignedBit’ is deprecated [-Wdeprecated-declarations]
   60 |       typedef Eigen::Map<Matrix<double, Dj, Di>, Matrix<double, Dj, Di>::Flags & AlignedBit ? Aligned : Unaligned > HessianBlockTransposedType;
      |                                                                          ~~~~~~^~~~~~~~~~~~
/usr/include/eigen3/Eigen/src/Core/util/Constants.h:167:37: note: declared here
  167 | EIGEN_DEPRECATED const unsigned int AlignedBit = 0x80;
      |                                     ^~~~~~~~~~
In file included from /home/zlw/End2End/ORB_SLAM3/include/Atlas.h:27,
                 from /home/zlw/End2End/ORB_SLAM3/include/FrameDrawer.h:25:
/home/zlw/End2End/ORB_SLAM3/include/CameraModels/KannalaBrandt8.h: In constructor ‘ORB_SLAM3::KannalaBrandt8::KannalaBrandt8(std::vector<float>)’:
/home/zlw/End2End/ORB_SLAM3/include/CameraModels/KannalaBrandt8.h:102:21: warning: ‘ORB_SLAM3::KannalaBrandt8::precision’ will be initialized after [-Wreorder]
  102 |         const float precision;
      |                     ^~~~~~~~~
/home/zlw/End2End/ORB_SLAM3/include/CameraModels/KannalaBrandt8.h:88:26: warning:   ‘std::vector<int> ORB_SLAM3::KannalaBrandt8::mvLappingArea’ [-Wreorder]
   88 |         std::vector<int> mvLappingArea;
      |                          ^~~~~~~~~~~~~
/home/zlw/End2End/ORB_SLAM3/include/CameraModels/KannalaBrandt8.h:47:9: warning:   when initialized here [-Wreorder]
   47 |         KannalaBrandt8(const std::vector<float> _vParameters) : GeometricCamera(_vParameters), precision(1e-6), mvLappingArea(2,0) ,tvr(nullptr) {
      |         ^~~~~~~~~~~~~~
/home/zlw/End2End/ORB_SLAM3/include/CameraModels/KannalaBrandt8.h: In constructor ‘ORB_SLAM3::KannalaBrandt8::KannalaBrandt8(std::vector<float>, float)’:
/home/zlw/End2End/ORB_SLAM3/include/CameraModels/KannalaBrandt8.h:102:21: warning: ‘ORB_SLAM3::KannalaBrandt8::precision’ will be initialized after [-Wreorder]
  102 |         const float precision;
      |                     ^~~~~~~~~
/home/zlw/End2End/ORB_SLAM3/include/CameraModels/KannalaBrandt8.h:88:26: warning:   ‘std::vector<int> ORB_SLAM3::KannalaBrandt8::mvLappingArea’ [-Wreorder]
   88 |         std::vector<int> mvLappingArea;
      |                          ^~~~~~~~~~~~~
/home/zlw/End2End/ORB_SLAM3/include/CameraModels/KannalaBrandt8.h:53:9: warning:   when initialized here [-Wreorder]
   53 |         KannalaBrandt8(const std::vector<float> _vParameters, const float _precision) : GeometricCamera(_vParameters),
      |         ^~~~~~~~~~~~~~
/home/zlw/End2End/ORB_SLAM3/include/CameraModels/KannalaBrandt8.h: In constructor ‘ORB_SLAM3::KannalaBrandt8::KannalaBrandt8(ORB_SLAM3::KannalaBrandt8*)’:
/home/zlw/End2End/ORB_SLAM3/include/CameraModels/KannalaBrandt8.h:102:21: warning: ‘ORB_SLAM3::KannalaBrandt8::precision’ will be initialized after [-Wreorder]
  102 |         const float precision;
      |                     ^~~~~~~~~
/home/zlw/End2End/ORB_SLAM3/include/CameraModels/KannalaBrandt8.h:88:26: warning:   ‘std::vector<int> ORB_SLAM3::KannalaBrandt8::mvLappingArea’ [-Wreorder]
   88 |         std::vector<int> mvLappingArea;
      |                          ^~~~~~~~~~~~~
/home/zlw/End2End/ORB_SLAM3/include/CameraModels/KannalaBrandt8.h:59:9: warning:   when initialized here [-Wreorder]
   59 |         KannalaBrandt8(KannalaBrandt8* pKannala) : GeometricCamera(pKannala->mvParameters), precision(pKannala->precision), mvLappingArea(2,0) ,tvr(nullptr) {
      |         ^~~~~~~~~~~~~~
[100%] Linking CXX executable /home/zlw/End2End/ORB_SLAM3/Examples/Monocular-Inertial/mono_inertial_euroc_h15_f120_o8_purevis
[100%] Built target mono_inertial_euroc_h15_f120_o8_purevis
