1403715894084058112.000000 0.063151076 -0.045035113 -0.032502070 -0.004763155 -0.039342396 0.001815675 0.999212861
1403715894134057984.000000 0.036711790 -0.018922107 -0.030192588 -0.001573859 -0.041315790 -0.000578951 0.999144733
1403715894184058112.000000 0.041238021 -0.023172820 -0.034406289 -0.004404241 -0.037939824 -0.006379328 0.999249995
1403715894234057984.000000 0.036963057 -0.020521507 -0.039860614 -0.004241469 -0.027766729 -0.010532116 0.999550045
1403715894284058112.000000 0.041279670 -0.024676144 -0.045293424 -0.006814909 -0.019951474 -0.016932232 0.999634385
1403715894334057984.000000 0.115569703 -0.074033126 -0.074965999 -0.013622613 -0.024804357 -0.026444040 0.999249697
1403715894384058112.000000 0.070343219 -0.037219360 -0.049960446 -0.011150429 -0.019032452 -0.027040426 0.999391019
1403715894434057984.000000 0.123275161 -0.082800254 -0.084805034 -0.015355492 -0.017294623 -0.030867869 0.999255955
1403715894484058112.000000 0.137083560 -0.092473783 -0.087408327 -0.016264539 -0.022333963 -0.029851774 0.999172509
1403715894534057984.000000 0.143355459 -0.098492727 -0.091164216 -0.015073784 -0.026254008 -0.027956942 0.999150634
1403715894584058112.000000 0.179344669 -0.142568842 -0.089411996 -0.018218638 -0.031248517 -0.026868273 0.998984396
1403715894634057984.000000 0.185351864 -0.152199000 -0.091264106 -0.017406493 -0.034400400 -0.024563525 0.998954654
1403715894684058112.000000 0.190259501 -0.159680784 -0.093977235 -0.014842824 -0.037324421 -0.019718055 0.998998404
1403715894734057984.000000 0.194587514 -0.171253070 -0.096457273 -0.013443082 -0.036828998 -0.016024854 0.999102652
1403715894784058112.000000 0.202604517 -0.185133353 -0.098787628 -0.011774478 -0.035417579 -0.011882112 0.999232590
1403715894834057984.000000 0.214153543 -0.257305026 -0.103636540 -0.013953798 -0.029589899 -0.009327945 0.999421239
1403715894884058112.000000 0.221123502 -0.265195668 -0.105415732 -0.011011461 -0.026020318 -0.006886574 0.999577045
1403715894934057984.000000 0.226380825 -0.279414117 -0.106438883 -0.010271374 -0.021503437 -0.005980020 0.999698162
1403715894984058112.000000 0.238800883 -0.292489320 -0.111308470 -0.009652349 -0.020373553 -0.003609254 0.999739349
1403715895034057984.000000 0.245416597 -0.307487041 -0.110427856 -0.009303802 -0.018447977 -0.003581943 0.999780118
1403715895084058112.000000 0.282297254 -0.382351190 -0.108444892 -0.012532423 -0.017978268 -0.004526449 0.999749660
1403715895134057984.000000 0.293373376 -0.400276423 -0.111454941 -0.012722760 -0.018545294 -0.002653850 0.999743581
1403715895184058112.000000 0.298975915 -0.405666381 -0.114205882 -0.009638095 -0.017571261 -0.000832328 0.999798834
1403715895234057984.000000 0.302145183 -0.418244541 -0.116260640 -0.008139295 -0.016425857 0.000750594 0.999831736
1403715895284058112.000000 0.313559502 -0.434959173 -0.118880451 -0.008432947 -0.017276200 0.001289802 0.999814391
1403715895334057984.000000 0.349162310 -0.512630224 -0.114903376 -0.011844491 -0.018434327 0.001206790 0.999759197
1403715895384058112.000000 0.358909160 -0.528186083 -0.118206158 -0.011795774 -0.018222496 0.001769650 0.999762833
1403715895434057984.000000 0.366353929 -0.533063531 -0.124059662 -0.008515139 -0.017940436 0.002153363 0.999800503
1403715895484058112.000000 0.374083459 -0.546159506 -0.128891528 -0.007309080 -0.018570924 0.003233789 0.999795675
1403715895534057984.000000 0.366716176 -0.552247524 -0.133244827 -0.005050046 -0.014652662 0.002979031 0.999875486
1403715895584058112.000000 0.436282694 -0.652835429 -0.112947397 -0.014722059 -0.025043603 0.003034784 0.999573410
1403715895634057984.000000 0.450416744 -0.671064377 -0.115132019 -0.015641414 -0.026392151 0.002483311 0.999526262
1403715895684058112.000000 0.451046914 -0.679313004 -0.120379739 -0.013501144 -0.024744723 0.002725369 0.999598980
1403715895734057984.000000 0.442642182 -0.680147111 -0.125147387 -0.009562272 -0.021157213 0.002368020 0.999727666
1403715895784058112.000000 0.465339780 -0.701363385 -0.132460058 -0.010103245 -0.024691463 0.004984714 0.999631643
1403715895834057984.000000 0.461832225 -0.766861618 -0.147702783 -0.010781910 -0.018408682 0.004439287 0.999762654
1403715895884058112.000000 0.462641627 -0.771855652 -0.156322747 -0.007353575 -0.017104343 0.003692232 0.999819934
1403715895934057984.000000 0.455552608 -0.786035955 -0.159200296 -0.005995054 -0.013216350 0.002570895 0.999891400
1403715895984058112.000000 0.467453182 -0.787959933 -0.167192847 -0.001595811 -0.015049264 0.004513353 0.999875307
1403715896034057984.000000 0.464105874 -0.805030644 -0.174945265 -0.001071896 -0.012255390 0.006614935 0.999902487
1403715896084058112.000000 0.516131580 -0.893189967 -0.158298835 -0.008654615 -0.019587699 0.011394344 0.999705791
1403715896134057984.000000 0.508765876 -0.918108463 -0.159530595 -0.006483546 -0.016883262 0.016485563 0.999700546
1403715896184058112.000000 0.517684817 -0.939473093 -0.160649374 0.004705426 0.016149091 -0.021560611 -0.999626100
1403715896234057984.000000 0.545799911 -0.966294944 -0.161623538 -0.003035333 -0.019162577 0.028270278 0.999412000
1403715896284058112.000000 0.558586657 -0.977175951 -0.168759346 0.003140082 -0.017177928 0.037397452 0.999147952
1403715896334057984.000000 0.562712789 -1.002902627 -0.162116438 0.003137826 -0.014228159 0.047041379 0.998786688
1403715896384058112.000000 0.573597312 -1.023424745 -0.164484173 0.006202308 -0.012976679 0.055925313 0.998331428
1403715896434057984.000000 0.559383273 -1.023932338 -0.145450011 0.009380070 -0.006647050 0.062640086 0.997970045
1403715896484058112.000000 0.570041597 -1.037160039 -0.151668578 0.011695722 -0.005190635 0.069277667 0.997515380
1403715896534057984.000000 0.603352845 -1.063415051 -0.172849551 0.012048366 -0.007421428 0.072918802 0.997237563
1403715896584058112.000000 0.589615226 -1.052322626 -0.157992110 0.014789293 0.000053505 0.077886388 0.996852577
1403715896634057984.000000 0.588693380 -1.066605330 -0.188850552 0.016948162 0.004048958 0.077874295 0.996810913
1403715896684058112.000000 0.607367873 -1.059497356 -0.161424324 0.015709572 0.005197238 0.082282871 0.996471643
1403715896734057984.000000 0.615333796 -1.052631736 -0.166577265 -0.016881164 -0.006039467 -0.084545389 -0.996258378
1403715896784058112.000000 0.647293150 -1.052136660 -0.196852908 0.017351488 -0.000546314 0.085953660 0.996147871
1403715896834057984.000000 0.654039800 -1.037509203 -0.203112721 0.019131558 -0.004132743 0.088911615 0.995847225
1403715896884058112.000000 0.662050307 -1.021898270 -0.212092534 0.020463265 -0.007307128 0.092565112 0.995469570
1403715896934057984.000000 0.670398295 -1.001394272 -0.222849846 0.022826761 -0.010487488 0.098032638 0.994866133
1403715896984058112.000000 0.655532837 -0.958564520 -0.214436933 0.026911775 -0.008816395 0.105636731 0.994001508
1403715897034057984.000000 0.662018120 -0.927861631 -0.223452911 0.029740933 -0.011432190 0.113130420 0.993069112
1403715897084058112.000000 0.669459939 -0.891419411 -0.233344659 0.031818289 -0.013397078 0.118614927 0.992340028
1403715897134057984.000000 0.676333606 -0.849919200 -0.242298797 0.032182422 -0.014068802 0.120617531 0.992077529
1403715897184058112.000000 0.685089111 -0.801789582 -0.252775401 0.031411111 -0.014216900 0.119767129 0.992203176
1403715897234057984.000000 0.692098141 -0.749182522 -0.261754274 0.029029353 -0.015768487 0.113520749 0.992986321
1403715897284058112.000000 0.713629484 -0.686564445 -0.306427687 0.027350526 -0.018692089 0.100714229 0.994363725
1403715897334057984.000000 0.721825540 -0.623857856 -0.315156460 0.021517524 -0.020550905 0.084339090 0.995992780
1403715897384058112.000000 0.730569303 -0.557741165 -0.323602229 0.014807262 -0.022393487 0.065417804 0.997496784
1403715897434057984.000000 0.739644408 -0.489670932 -0.332692772 0.009571024 -0.024955606 0.051538032 0.998313308
1403715897484058112.000000 0.747903943 -0.420854568 -0.339483678 -0.005422533 0.025360724 -0.040756818 -0.998832524
1403715897534057984.000000 0.756534457 -0.350262791 -0.347167969 0.002661617 -0.026292294 0.033193991 0.999099553
1403715897584058112.000000 0.764003575 -0.280219078 -0.352383703 -0.001593155 0.026925670 -0.031775746 -0.999131083
1403715897634057984.000000 0.770145178 -0.208117023 -0.361802876 0.002384673 -0.026334092 0.035175625 0.999031305
1403715897684058112.000000 0.778498888 -0.136459365 -0.367231488 0.003044590 -0.026375437 0.038584616 0.998902559
1403715897734057984.000000 0.803793073 -0.045735393 -0.376632661 0.006229019 -0.027777979 0.047001924 0.998489082
1403715897784058112.000000 0.789095342 0.009242976 -0.377609819 0.006892066 -0.023733059 0.051755410 0.998354018
1403715897834057984.000000 0.807497144 0.106374487 -0.392940938 0.008572777 -0.022510106 0.055598624 0.998162627
1403715897884058112.000000 0.814262450 0.185774699 -0.397962213 0.008956369 -0.018742861 0.057533816 0.998127460
1403715897934057984.000000 0.821783900 0.263137579 -0.401190847 -0.007524936 0.015856288 -0.053745303 -0.998400509
1403715897984058112.000000 0.828148663 0.349755406 -0.407462031 0.006715286 -0.012993081 0.051055059 0.998588800
1403715898034057984.000000 0.836046398 0.430049241 -0.410857052 -0.004613172 0.007952115 -0.045562770 -0.998919249
1403715898084058112.000000 0.851948440 0.528782785 -0.408697158 0.003814968 -0.002670715 0.040181566 0.999181569
1403715898134057984.000000 0.859516382 0.610827506 -0.413199127 0.000227948 -0.004203519 -0.034926306 -0.999381065
1403715898184058112.000000 0.866825938 0.703842402 -0.422204137 -0.004686137 0.009917347 0.032223243 0.999420524
1403715898234057984.000000 0.871611834 0.772665918 -0.432225406 -0.014216683 0.013697067 0.029373169 0.999373555
1403715898284058112.000000 0.881940424 0.852471113 -0.429618299 -0.023337128 0.013093248 0.027389470 0.999266624
1403715898334057984.000000 0.883733511 0.935310364 -0.439665824 0.031813566 -0.011859098 -0.026639700 -0.999068320
1403715898384058112.000000 0.887918651 1.038743019 -0.454649836 -0.038855288 0.007630502 0.027638519 0.998833418
1403715898434057984.000000 0.886076570 1.120399356 -0.466111302 -0.048483830 0.001416023 0.028866012 0.998405755
1403715898484058112.000000 0.883277833 1.211652756 -0.479005545 -0.057661895 -0.004580929 0.031677932 0.997822940
1403715898534057984.000000 0.879086316 1.291433454 -0.491218567 0.067985244 0.011738272 -0.034282863 -0.997028053
1403715898584058112.000000 0.882720709 1.383661151 -0.509493947 -0.077868871 -0.018182795 0.035927180 0.996150136
1403715898634057984.000000 0.862191141 1.470801830 -0.528629601 -0.088222563 -0.020353727 0.039526362 0.995108187
1403715898684058112.000000 0.875693619 1.557948947 -0.537838757 -0.099482924 -0.022764223 0.042946640 0.993851423
1403715898734057984.000000 0.859596550 1.632103324 -0.545569003 -0.111408129 -0.020291679 0.045182891 0.992539704
1403715898784058112.000000 0.845606804 1.707466006 -0.555803001 -0.121705100 -0.021526629 0.047553726 0.991192818
1403715898834057984.000000 0.820505023 1.793212414 -0.568428874 -0.130586043 -0.021552045 0.050958853 0.989891946
1403715898884058112.000000 0.801020682 1.867044091 -0.576339483 -0.138481289 -0.022823725 0.052599084 0.988703847
1403715898934057984.000000 0.777318299 1.955848694 -0.581164420 -0.143710122 -0.024539655 0.055719096 0.987745225
1403715898984058112.000000 0.752633750 2.028510094 -0.586588800 -0.149441302 -0.026321840 0.056237090 0.986819088
1403715899034057984.000000 0.725005150 2.104301214 -0.592372358 -0.153946817 -0.025431454 0.058089655 0.986042202
1403715899084058112.000000 0.695886910 2.176410198 -0.595156252 0.157399639 0.028151779 -0.059167076 -0.985358894
1403715899134057984.000000 0.671284497 2.247821093 -0.598559320 -0.160392419 -0.033856709 0.060858514 0.984593511
1403715899184058112.000000 0.634377003 2.328298092 -0.597661078 -0.161435351 -0.038939137 0.061189737 0.984214485
1403715899234057984.000000 0.607667565 2.399100780 -0.598613858 -0.164162502 -0.046719618 0.058208127 0.983605564
1403715899284058112.000000 0.577260256 2.470693827 -0.604366183 -0.165892318 -0.052101362 0.056855328 0.983123958
1403715899334057984.000000 0.555873394 2.539098978 -0.604172826 -0.166990533 -0.061019618 0.055033810 0.982528448
1403715899384058112.000000 0.546981275 2.610959053 -0.596064448 -0.167922065 -0.069944695 0.050214376 0.982032835
1403715899434057984.000000 0.534788072 2.677117109 -0.593347669 -0.168924302 -0.074776866 0.045564618 0.981731594
1403715899484058112.000000 0.527863741 2.744950056 -0.586774468 -0.168648869 -0.075793125 0.044211958 0.981762886
1403715899534057984.000000 0.523261368 2.810067177 -0.578792095 -0.167459115 -0.076063029 0.043990374 0.981955588
1403715899584058112.000000 0.520150602 2.872994661 -0.568716109 0.166294977 0.075415656 -0.044346709 -0.982187271
1403715899634057984.000000 0.517737269 2.934862614 -0.555845559 0.164536685 0.075686924 -0.046251897 -0.982374728
1403715899684058112.000000 0.515708983 2.999149561 -0.538346350 -0.163428873 -0.074545644 0.045533452 0.982680321
1403715899734057984.000000 0.515364945 3.058654547 -0.519999444 -0.162790582 -0.073838294 0.042949453 0.982955992
1403715899784058112.000000 0.515909016 3.120497465 -0.497579724 -0.162694201 -0.071278147 0.038444638 0.983347416
1403715899834057984.000000 0.518868804 3.177117348 -0.473961294 -0.163401589 -0.066808023 0.032328039 0.983763993
1403715899884058112.000000 0.524054050 3.233058214 -0.447633803 -0.164636418 -0.061871704 0.024483461 0.984107435
1403715899934057984.000000 0.527768672 3.290656090 -0.419583917 -0.165551126 -0.058309086 0.016333753 0.984340429
1403715899984058112.000000 0.532485247 3.346659899 -0.388863564 -0.167286262 -0.055905946 0.007703845 0.984291852
1403715900034057984.000000 0.540108144 3.394365549 -0.357526541 0.168476850 0.053623360 -0.001655014 -0.984244585
1403715900084058112.000000 0.550439477 3.443038940 -0.327714533 -0.167491674 -0.052770413 -0.002625581 0.984456658
1403715900134057984.000000 0.559417546 3.484408140 -0.292941302 -0.168463379 -0.052147046 -0.006052416 0.984308958
1403715900184058112.000000 0.559771180 3.523689985 -0.251786381 -0.170402914 -0.051532555 -0.010348872 0.983971655
1403715900234057984.000000 0.570459723 3.558184147 -0.213904947 -0.170538440 -0.050886326 -0.012702046 0.983954251
1403715900284058112.000000 0.585911393 3.598989487 -0.181890324 -0.168039739 -0.051559366 -0.014546538 0.984323502
1403715900334057984.000000 0.588308096 3.619495869 -0.131208345 -0.170932457 -0.051474098 -0.015559305 0.983814299
1403715900384058112.000000 0.606959820 3.650481224 -0.093139380 -0.168897510 -0.052437067 -0.016028633 0.984107256
1403715900434057984.000000 0.618831754 3.670293093 -0.047547147 -0.168095857 -0.052882314 -0.013262566 0.984261870
1403715900484058112.000000 0.632357419 3.685914516 -0.001427643 -0.164818242 -0.051186562 -0.002149841 0.984992564
1403715900534057984.000000 0.646989048 3.690985441 0.047210351 -0.162490442 -0.045651838 0.008861580 0.985613644
1403715900584058112.000000 0.663222313 3.700669289 0.095140569 -0.159838930 -0.037941702 0.017468838 0.986259043
1403715900634057984.000000 0.669677794 3.711893797 0.149688125 -0.157739624 -0.026782725 0.026650818 0.986757696
1403715900684058112.000000 0.686811686 3.718261719 0.198606431 -0.154408649 -0.015814064 0.037656095 0.987162590
1403715900734057984.000000 0.708284438 3.732128620 0.239704669 -0.148761898 -0.004288209 0.045981426 0.987794161
1403715900784058112.000000 0.725169659 3.736249447 0.286720455 -0.148173675 0.008152314 0.048508886 0.987737358
1403715900834057984.000000 0.736177266 3.732620955 0.339973807 -0.152421013 0.021155588 0.045194317 0.987055123
1403715900884058112.000000 0.752548575 3.735066175 0.382996261 0.153683126 -0.030081430 -0.042317834 -0.986755192
1403715900934057984.000000 0.768107533 3.736776829 0.423911244 -0.155510202 0.036300804 0.038708795 0.986407936
1403715900984058112.000000 0.783301413 3.736295700 0.460796893 -0.156963810 0.043000799 0.035609405 0.986025035
1403715901034057984.000000 0.798670173 3.734033823 0.494327456 -0.157445773 0.050894886 0.034524176 0.985610783
1403715901084058112.000000 0.813485086 3.730110645 0.523682594 -0.158769056 0.057575386 0.031940885 0.985117912
1403715901134057984.000000 0.826950014 3.724501371 0.548886240 -0.158622280 0.064478517 0.031804059 0.984718263
1403715901184058112.000000 0.840347648 3.716115236 0.569336653 -0.159696758 0.070763603 0.030933535 0.984140515
1403715901234057984.000000 0.852857590 3.705671310 0.585518837 0.159837946 -0.075515904 -0.031848565 -0.983735144
1403715901284058112.000000 0.863611579 3.693771124 0.596292377 -0.160077527 0.078207195 0.033205915 0.983441055
1403715901334057984.000000 0.873609781 3.679269314 0.602877140 -0.160234198 0.077124022 0.036049955 0.983400881
1403715901384058112.000000 0.882282674 3.662776709 0.605435967 -0.159908220 0.072129324 0.039545607 0.983698606
1403715901434057984.000000 0.888532460 3.644983053 0.603273153 -0.159132212 0.062774636 0.044639077 0.984247744
1403715901484058112.000000 0.893297970 3.625611067 0.594875097 0.159828559 -0.051349714 -0.047782440 -0.984649658
1403715901534057984.000000 0.897689700 3.605463266 0.586814880 -0.159479484 0.042220123 0.049690478 0.985045552
1403715901584058112.000000 0.901239991 3.583741188 0.570980668 0.161236793 -0.036036573 -0.049918879 -0.984993577
1403715901634057984.000000 0.906709194 3.562860966 0.558162928 -0.161943331 0.033435933 0.047754589 0.985076606
1403715901684058112.000000 0.910122752 3.540220737 0.540165484 -0.162094027 0.031489465 0.048643552 0.985072434
1403715901734057984.000000 0.911857367 3.516540527 0.520259738 -0.162520543 0.026607648 0.048556168 0.985150516
1403715901784058112.000000 0.912381351 3.492212772 0.498521179 -0.162749946 0.020838516 0.049424443 0.985208392
1403715901834057984.000000 0.911405385 3.465941429 0.476397663 0.163076296 -0.014115353 -0.050016671 -0.985243797
1403715901884058112.000000 0.911831141 3.440966845 0.450858951 -0.162711307 0.009059316 0.049119968 0.985408664
1403715901934057984.000000 0.909819484 3.414307833 0.425772071 -0.162188813 0.005815645 0.050318681 0.985458791
1403715901984058112.000000 0.907659173 3.386780739 0.400127590 0.161739781 -0.003314348 -0.050953086 -0.985511601
1403715902034057984.000000 0.905179739 3.358899117 0.373111516 0.161317751 -0.003828755 -0.051278278 -0.985562086
1403715902084058112.000000 0.902058244 3.330515146 0.345177740 0.161567494 -0.005662153 -0.050320219 -0.985561669
1403715902134057984.000000 0.898025632 3.301597834 0.316781878 0.162337631 -0.005683233 -0.046939794 -0.985601842
1403715902184058112.000000 0.893487513 3.271939993 0.287837714 0.162890062 -0.005709036 -0.043153126 -0.985683560
1403715902234057984.000000 0.888055921 3.241768837 0.258632571 0.164322436 -0.002939838 -0.038461063 -0.985652268
1403715902284058112.000000 0.881876826 3.210365534 0.229252905 0.164737806 0.001119738 -0.036066271 -0.985677123
1403715902334057984.000000 0.872560799 3.178942680 0.191513836 -0.164926112 -0.006285495 0.032587331 0.985747457
1403715902384058112.000000 0.865767598 3.144567013 0.159737214 0.164969608 0.010871731 -0.031279452 -0.985742629
1403715902434057984.000000 0.858833432 3.110298634 0.128325164 -0.164788291 -0.014036418 0.030675828 0.985751927
1403715902484058112.000000 0.851809442 3.073819160 0.096826248 -0.162878916 -0.017465267 0.035038836 0.985869050
1403715902534057984.000000 0.845261931 3.035534143 0.065579504 -0.160416290 -0.020858198 0.041877002 0.985940099
1403715902584058112.000000 0.838244379 2.997981787 0.034734949 -0.157317147 -0.024719583 0.047518987 0.986094415
1403715902634057984.000000 0.832542956 2.958261490 0.004306085 -0.153186932 -0.027768252 0.051836882 0.986446023
1403715902684058112.000000 0.827945173 2.916517973 -0.025056846 0.147814423 0.031352095 -0.055383168 -0.986965418
1403715902734057984.000000 0.817614734 2.881190538 -0.053843405 -0.141075596 -0.036885615 0.056730889 0.987683594
1403715902784058112.000000 0.808276653 2.841818094 -0.080162190 -0.133531049 -0.042172734 0.056105439 0.988556147
1403715902834057984.000000 0.795248747 2.805174112 -0.104404680 -0.124684952 -0.046821557 0.055602625 0.989530087
1403715902884058112.000000 0.780934751 2.767906666 -0.125704989 -0.115625039 -0.052061051 0.052756146 0.990523815
1403715902934057984.000000 0.766130984 2.730908155 -0.144328937 0.106389947 0.055332359 -0.049198981 -0.991563916
1403715902984058112.000000 0.749016106 2.694974422 -0.161391973 -0.098044738 -0.057296079 0.041489150 0.992664635
1403715903034057984.000000 0.736170292 2.658978701 -0.176356643 -0.087565280 -0.056749348 0.035907932 0.993892550
1403715903084058112.000000 0.722274601 2.624318600 -0.191155836 -0.077509508 -0.056519482 0.027415872 0.995010674
1403715903134057984.000000 0.711056352 2.588999271 -0.202768981 -0.067445941 -0.055782713 0.018850872 0.995983899
1403715903184058112.000000 0.700680971 2.554089308 -0.212728262 0.058590084 0.054997534 -0.009891364 -0.996716976
1403715903234057984.000000 0.690484524 2.519938469 -0.224132597 -0.049477123 -0.055594537 0.005954737 0.997209013
1403715903284058112.000000 0.681113183 2.484735727 -0.231164396 0.041370738 0.059201214 -0.004525702 -0.997378170
1403715903334057984.000000 0.672121108 2.449204445 -0.237140551 -0.034230955 -0.062942117 0.004306080 0.997420728
1403715903384058112.000000 0.665049791 2.413407087 -0.240318239 -0.026574051 -0.068059817 0.004780282 0.997315884
1403715903434057984.000000 0.661285996 2.377117395 -0.242320120 0.018180231 0.071789131 -0.005176730 -0.997240722
1403715903484058112.000000 0.659068644 2.337952137 -0.243069008 -0.009178477 -0.073539451 0.003119346 0.997245193
1403715903534057984.000000 0.663496435 2.301029682 -0.240974665 0.000807183 -0.075102374 0.001721040 0.997174025
1403715903584058112.000000 0.672162354 2.264003277 -0.237241328 -0.011503336 0.074552566 0.001538972 -0.997149587
1403715903634057984.000000 0.697578251 2.229598761 -0.230195478 0.023184765 -0.077696234 -0.003960503 0.996699631
1403715903684058112.000000 0.714903235 2.192409992 -0.222763106 0.035697445 -0.075410821 -0.008123890 0.996480227
1403715903734057984.000000 0.730463028 2.155131817 -0.214760616 0.048547331 -0.069319151 -0.013554727 0.996320367
1403715903784058112.000000 0.755191088 2.117747068 -0.204630375 0.063947558 -0.063174859 -0.013824034 0.995855689
1403715903834057984.000000 0.786672413 2.080095530 -0.192748249 0.080104820 -0.057352874 -0.015718086 0.995010972
1403715903884058112.000000 0.818904221 2.042859316 -0.180085257 0.097703777 -0.050120559 -0.017082753 0.993805826
1403715903934057984.000000 0.852543414 2.006020546 -0.166239828 0.115695901 -0.043498166 -0.021242984 0.992104411
1403715903984058112.000000 0.890738547 1.969336629 -0.151382789 0.134299308 -0.036938656 -0.027124241 0.989880562
1403715904034057984.000000 0.924659252 1.933244705 -0.135976374 0.154043913 -0.031612135 -0.030811409 0.987077415
1403715904084058112.000000 0.957923770 1.898156881 -0.120166600 0.173972398 -0.028139034 -0.035202608 0.983718753
1403715904134057984.000000 0.995477378 1.864507437 -0.105067059 0.194142595 -0.025493924 -0.040028673 0.979824781
1403715904184058112.000000 1.027695537 1.832273483 -0.088445187 0.213255152 -0.023828123 -0.048800178 0.975486100
1403715904234057984.000000 1.059323788 1.801390767 -0.071963832 0.232253656 -0.022776544 -0.057633214 0.970679045
1403715904284058112.000000 1.093772888 1.772121668 -0.058071405 0.249921605 -0.020019649 -0.070454910 0.965491891
1403715904334057984.000000 1.124055147 1.742842197 -0.040706463 0.267286897 -0.015110057 -0.082160182 0.959989130
1403715904384058112.000000 1.152271628 1.713827491 -0.022974879 0.283935100 -0.010057581 -0.093842775 0.954187214
1403715904434057984.000000 1.180647492 1.686294556 -0.008764148 0.300601214 -0.006111867 -0.101329453 0.948332191
1403715904484058112.000000 1.203465223 1.657970428 0.009875149 0.315651178 -0.002356144 -0.109649815 0.942515671
1403715904534057984.000000 1.223080754 1.629806876 0.028252229 0.329140186 0.002492737 -0.120173395 0.936599672
1403715904584058112.000000 1.240613461 1.603455663 0.042777508 0.342575192 0.008075925 -0.129997790 0.930418015
1403715904634057984.000000 1.253538489 1.575066209 0.060938120 0.356100619 0.013424667 -0.139041588 0.923947871
1403715904684058112.000000 1.263566971 1.548322916 0.074650794 0.370891541 0.018329235 -0.145567939 0.917013347
1403715904734057984.000000 1.268852592 1.519852638 0.090370744 0.388116658 0.019478550 -0.147565886 0.909511089
1403715904784058112.000000 1.270119786 1.491242170 0.105093405 0.407066375 0.017244024 -0.146722019 0.901372492
1403715904834057984.000000 1.271346569 1.464426041 0.115269288 0.426550657 0.013982883 -0.146937758 0.892338753
1403715904884058112.000000 1.266237259 1.436166406 0.128551066 0.446769118 0.012763798 -0.147316873 0.882344723
1403715904934057984.000000 1.257445216 1.411766529 0.135521889 0.466892242 0.013476197 -0.148589581 0.871637046
1403715904984058112.000000 1.246157885 1.384529114 0.147482216 0.487272024 0.014573212 -0.150339261 0.860088229
1403715905034057984.000000 1.232714415 1.361711144 0.154926687 0.507081211 0.018609425 -0.153360307 0.847940445
1403715905084058112.000000 1.216047525 1.338526726 0.164020061 0.526084602 0.023451472 -0.156626567 0.835555613
1403715905134057984.000000 1.196474075 1.315137863 0.174631715 0.544417322 0.029260082 -0.158731714 0.823138952
1403715905184058112.000000 1.174552798 1.297856688 0.181595862 0.560342848 0.036530234 -0.163151488 0.811210930
1403715905234057984.000000 1.152416706 1.278061748 0.190752387 0.574751019 0.041698452 -0.168148890 0.799780250
1403715905284058112.000000 1.135082245 1.270488024 0.193716407 0.586764276 0.041153815 -0.178820491 0.788693368
1403715905334057984.000000 1.111333728 1.257411003 0.200133145 0.597658277 0.037647713 -0.188906610 0.778268397
1403715905384058112.000000 1.081633091 1.248841763 0.196815193 0.607224584 0.034668021 -0.199136630 0.768388689
1403715905434057984.000000 1.059014916 1.240572810 0.198843539 0.617549181 0.031442173 -0.207682684 0.757965982
1403715905484058112.000000 1.034348726 1.238999367 0.197535276 0.628090620 0.025907466 -0.215844601 0.747155964
1403715905534057984.000000 1.002449036 1.237540722 0.192356944 0.637695491 0.023289703 -0.223424003 0.736806512
1403715905584058112.000000 0.978946209 1.233276725 0.187334061 0.649012625 0.016849115 -0.228037670 0.725601554
1403715905634057984.000000 0.953510761 1.232877254 0.177636921 0.661782146 0.007804574 -0.228882924 0.713860035
1403715905684058112.000000 0.930127144 1.229646206 0.169200301 0.675323308 -0.001804813 -0.228030741 0.701382279
1403715905734057984.000000 0.896158338 1.233948588 0.158814549 0.688703179 -0.009702391 -0.228101403 0.688159525
1403715905784058112.000000 0.873379052 1.231605053 0.148676157 0.702654719 -0.015795788 -0.229364455 0.673363805
1403715905834057984.000000 0.850100398 1.230019331 0.138242960 0.716558754 -0.022286935 -0.233152390 0.657028854
1403715905884058112.000000 0.840066552 1.228129864 0.119137049 0.729102671 -0.030404026 -0.242441252 0.639302135
1403715905934057984.000000 0.816296220 1.227897644 0.108170390 0.741338551 -0.037272319 -0.252235472 0.620810151
1403715905984058112.000000 0.793947101 1.225023150 0.098512650 0.752749383 -0.041225221 -0.264546901 0.601401567
1403715906034057984.000000 0.771386147 1.223083019 0.087517262 0.764230192 -0.043165658 -0.276303351 0.581158757
1403715906084058112.000000 0.750996232 1.217053413 0.077497721 0.776234925 -0.041503824 -0.285849154 0.560381114
1403715906134057984.000000 0.732727706 1.207589030 0.067302823 0.788651466 -0.033739764 -0.293610871 0.539150417
1403715906184058112.000000 0.711011469 1.207982421 0.050540566 0.801518619 -0.022147918 -0.298506409 0.517659545
1403715906234057984.000000 0.693468153 1.197862506 0.037866592 0.814008534 -0.009985426 -0.303058922 0.495424807
1403715906284058112.000000 0.673488319 1.192482471 0.021629453 0.825828612 -0.002901185 -0.306814164 0.473142475
1403715906334057984.000000 0.654787600 1.182766676 0.006318212 0.836620033 0.003574960 -0.311804682 0.450368851
1403715906384058112.000000 0.635902166 1.174567342 -0.012029052 0.846726835 0.008617750 -0.316374570 0.427652508
1403715906434057984.000000 0.616697431 1.165629983 -0.030110955 0.856690943 0.012158426 -0.319154769 0.405059487
1403715906484058112.000000 0.493176937 1.178281665 -0.093496323 0.862336874 0.029101804 -0.317898124 0.393025517
1403715906534057984.000000 0.475162983 1.170554161 -0.114688158 0.871803999 0.032907169 -0.318430483 0.370778948
1403715906584058112.000000 0.557773054 1.157146335 -0.100448847 0.885575712 0.018148251 -0.318058580 0.338031352
1403715906634057984.000000 0.544028521 1.152434349 -0.126276374 0.894634783 0.014220466 -0.315881044 0.315666854
1403715906684058112.000000 0.530782521 1.154510260 -0.155723333 0.903412163 0.008616835 -0.312710851 0.293230683
1403715906734057984.000000 0.523210645 1.151613235 -0.184795499 0.910988450 0.003545845 -0.311417788 0.270382106
1403715906784058112.000000 0.516426265 1.153058529 -0.215812385 0.917583048 -0.001307261 -0.311470181 0.247034565
1403715906834057984.000000 0.511664093 1.151715040 -0.246058464 -0.923977792 0.005376649 0.310693890 -0.222947404
1403715906884058112.000000 0.501057982 1.161139965 -0.275419116 0.929783762 -0.007803609 -0.309847146 0.198585421
1403715906934057984.000000 0.494236708 1.160233259 -0.302907854 0.935193360 -0.007856171 -0.308446884 0.173816562
1403715906984058112.000000 0.482655257 1.164170623 -0.329800695 0.940091014 -0.007833743 -0.306517839 0.149044633
1403715907034057984.000000 0.470751703 1.163686514 -0.353950500 0.943773985 -0.004763958 -0.306396842 0.124052584
1403715907084058112.000000 0.453760713 1.174369216 -0.374034852 0.946134508 0.001589445 -0.308376193 0.098646335
1403715907134057984.000000 0.440590292 1.174582958 -0.396484494 0.947874665 0.008912565 -0.310137421 0.072588556
1403715907184058112.000000 0.427706063 1.182713747 -0.418598711 0.949243307 0.015686268 -0.310837090 0.045512721
1403715907234057984.000000 0.419077456 1.189177036 -0.440867543 0.949740827 0.019370666 -0.311943829 0.017557608
1403715907284058112.000000 0.414907634 1.195012569 -0.464132875 0.949682593 0.020893544 -0.312329739 -0.010800748
1403715907334057984.000000 0.413964897 1.207187891 -0.485481709 0.948949814 0.022969080 -0.312193841 -0.038753804
1403715907384058112.000000 0.416695386 1.215839386 -0.508723021 0.947941959 0.025027130 -0.310338765 -0.066855304
1403715907434057984.000000 0.421594530 1.229558706 -0.525709569 0.946127951 0.029677270 -0.308575839 -0.093499795
1403715907484058112.000000 0.428144693 1.241505146 -0.547945559 0.943655670 0.032888621 -0.306987643 -0.119125694
1403715907534057984.000000 0.435945272 1.261032581 -0.570468187 0.940635324 0.036135416 -0.305531442 -0.143352941
1403715907584058112.000000 0.443537891 1.276815653 -0.589956880 0.937176168 0.037721243 -0.304327518 -0.166321322
1403715907634057984.000000 0.451685071 1.296836615 -0.606620073 0.933630586 0.036958616 -0.302558571 -0.188218951
1403715907684058112.000000 0.460254788 1.316771030 -0.622757673 0.930381238 0.035226975 -0.299131304 -0.208974689
1403715907734057984.000000 0.468253255 1.337023497 -0.638095498 0.927143991 0.031048069 -0.294798672 -0.229202822
1403715907784058112.000000 0.477164268 1.360640526 -0.650109291 0.923590362 0.027342122 -0.290276915 -0.248943046
1403715907834057984.000000 0.484524250 1.383152962 -0.662077546 0.919822872 0.023993572 -0.285135299 -0.268417895
1403715907884058112.000000 0.492637217 1.406316876 -0.669424176 0.915127516 0.019441428 -0.281605333 -0.287857920
1403715907934057984.000000 0.499535024 1.429604411 -0.677427530 0.909813285 0.012558122 -0.278667361 -0.307289153
1403715907984058112.000000 0.507271945 1.451507926 -0.681169391 0.903628111 0.007390000 -0.276112795 -0.327358097
1403715908034057984.000000 0.514154613 1.474045873 -0.685383320 0.896620750 0.002517266 -0.273811847 -0.347982824
1403715908084058112.000000 0.524602771 1.502855420 -0.687540770 0.889004111 -0.000432343 -0.271083146 -0.369033128
1403715908134057984.000000 0.532487750 1.525421858 -0.687901855 0.880994260 -0.003894524 -0.267042696 -0.390540957
1403715908184058112.000000 0.538764417 1.545238972 -0.686897278 0.871622443 -0.004767532 -0.264714330 -0.412526369
1403715908234057984.000000 0.546345770 1.566643715 -0.682229042 0.861545265 -0.006201270 -0.261829197 -0.434910089
1403715908284058112.000000 0.551596701 1.583149672 -0.677208185 0.850604534 -0.006563633 -0.259302527 -0.457374096
1403715908334057984.000000 0.558598578 1.599265337 -0.671363354 0.838997304 -0.006932061 -0.257062078 -0.479535818
1403715908384058112.000000 0.564360023 1.612472057 -0.664573908 0.826635957 -0.006803454 -0.254956245 -0.501621485
1403715908434057984.000000 0.572746038 1.630094528 -0.656143904 0.813941240 -0.007110065 -0.251637965 -0.523571908
1403715908484058112.000000 0.580937207 1.644011736 -0.644268036 0.800491095 -0.007229388 -0.248292714 -0.545447052
1403715908534057984.000000 0.586168230 1.654104710 -0.637764812 0.786692917 -0.006208347 -0.243162706 -0.567404389
1403715908584058112.000000 0.594608068 1.663050056 -0.627851844 0.771893680 -0.006013108 -0.238650665 -0.589228332
1403715908634057984.000000 0.603982925 1.671389461 -0.614588022 0.757452071 -0.003613518 -0.231261849 -0.610550046
1403715908684058112.000000 0.612733901 1.677548289 -0.603672981 0.742489636 -0.003131118 -0.223713517 -0.631388664
1403715908734057984.000000 0.625411928 1.685173035 -0.584553957 0.727523565 -0.003413949 -0.215690479 -0.651287615
1403715908784058112.000000 0.633693755 1.688361645 -0.572299242 0.711836696 -0.005498067 -0.209474444 -0.670357287
1403715908834057984.000000 0.642314732 1.690707684 -0.555553317 0.696088612 -0.007051321 -0.203580901 -0.688451767
1403715908884058112.000000 0.649271965 1.690086842 -0.541795135 -0.679569185 0.006920752 0.199772254 0.705853283
1403715908934057984.000000 0.653294265 1.687275410 -0.528451443 -0.662211835 0.004325052 0.198017165 0.722665906
1403715908984058112.000000 0.662974238 1.683638334 -0.506937981 0.645081043 0.000803492 -0.194510102 -0.738942206
1403715909034057984.000000 0.668043673 1.677735925 -0.491850674 0.628513575 0.006280232 -0.189834028 -0.754250884
1403715909084058112.000000 0.672345638 1.670199752 -0.476632714 -0.612000346 -0.011745775 0.185665324 0.768665135
1403715909134057984.000000 0.680215955 1.662873149 -0.454361618 -0.596139669 -0.016739607 0.179512829 0.782376230
1403715909184058112.000000 0.683582425 1.653529644 -0.437619507 -0.579641104 -0.019868817 0.176368505 0.795308530
1403715909234057984.000000 0.689539790 1.643610477 -0.415435612 -0.564155757 -0.022550156 0.171324089 0.807383358
1403715909284058112.000000 0.692230582 1.633327365 -0.396727443 -0.547955811 -0.023012757 0.168655097 0.819005728
1403715909334057984.000000 0.697899222 1.621721268 -0.373038530 -0.533137023 -0.023831492 0.163102672 0.829815984
1403715909384058112.000000 0.699748814 1.611345649 -0.352589041 0.518601656 0.025365023 -0.157409549 -0.840018630
1403715909434057984.000000 0.704361081 1.597459674 -0.327371299 -0.504178345 -0.026413128 0.151359335 0.849821746
1403715909484058112.000000 0.705097556 1.585906148 -0.304874927 -0.490670890 -0.027706088 0.141700491 0.859299421
1403715909534057984.000000 0.708381891 1.570230365 -0.276667714 -0.476491034 -0.029980531 0.131869391 0.868716300
1403715909584058112.000000 0.708097577 1.557077765 -0.250722289 -0.461084157 -0.032853268 0.122460015 0.878251553
1403715909634057984.000000 0.710559130 1.538903594 -0.219327152 -0.444122136 -0.033253375 0.114042282 0.888056397
1403715909684058112.000000 0.710855544 1.523007751 -0.189950734 -0.425321698 -0.030822344 0.107443281 0.898113251
1403715909734057984.000000 0.712489724 1.501496196 -0.155798301 -0.405001342 -0.030209674 0.101619542 0.908149123
1403715909784058112.000000 0.712637067 1.482535243 -0.123470694 -0.382926434 -0.027617769 0.096815258 0.918276310
1403715909834057984.000000 0.714245021 1.457971215 -0.086509615 -0.359290361 -0.025016176 0.090387121 0.928501427
1403715909884058112.000000 0.714780390 1.436081052 -0.051565826 -0.333252460 -0.018845014 0.085825525 0.938734114
1403715909934057984.000000 0.716511726 1.407842398 -0.013584584 -0.305797368 -0.010323305 0.081163459 0.948574722
1403715909984058112.000000 0.717167675 1.382812619 0.021143332 -0.277197987 -0.002200630 0.075032011 0.957876146
1403715910034057984.000000 0.717542112 1.351420164 0.058326349 -0.247664556 0.004313266 0.067582190 0.966476321
1403715910084058112.000000 0.716834188 1.323698163 0.091437109 -0.217594802 0.008311524 0.058819354 0.974229872
1403715910134057984.000000 0.714112937 1.289482236 0.125885278 -0.187585384 0.008842948 0.050039638 0.980933070
1403715910184058112.000000 0.711201012 1.259353280 0.155899584 -0.157668442 0.007964618 0.041911729 0.986570179
1403715910234057984.000000 0.706024826 1.223737121 0.187124804 -0.130024940 0.005201573 0.032060914 0.990978599
1403715910284058112.000000 0.702750146 1.192332268 0.214425758 0.102725200 -0.004800095 -0.023927502 -0.994410396
1403715910334057984.000000 0.697486460 1.155853629 0.241864383 -0.077380039 0.005259292 0.015936544 0.996860504
1403715910384058112.000000 0.695074379 1.123807907 0.265306205 -0.053741761 0.007626509 0.007777382 0.998495519
1403715910434057984.000000 0.692278802 1.091605067 0.286668897 0.031280179 -0.012559742 -0.000040227 -0.999431729
1403715910484058112.000000 0.684500396 1.050533414 0.309259176 -0.010047434 0.018030437 -0.007773826 0.999756753
1403715910534057984.000000 0.681406796 1.017717600 0.326292664 0.010640548 0.022975357 -0.015106131 0.999565303
1403715910584058112.000000 0.674340069 0.978372097 0.342477232 0.030599598 0.026466651 -0.021722142 0.998945177
1403715910634057984.000000 0.668753803 0.941680253 0.355543762 0.050193060 0.027558163 -0.027235936 0.997987688
1403715910684058112.000000 0.665207386 0.908430398 0.364798427 -0.069216914 -0.027644608 0.032616615 -0.996685028
1403715910734057984.000000 0.657369852 0.873412490 0.372976124 0.088366106 0.026316578 -0.036462907 0.995072603
1403715910784058112.000000 0.654565632 0.840014815 0.378066063 0.106597178 0.026108738 -0.041578580 0.993089497
1403715910834057984.000000 0.646691382 0.792851150 0.382027179 0.124991782 0.026189154 -0.046099532 0.990740180
1403715910884058112.000000 0.642713726 0.759373665 0.381805122 0.143202513 0.025937052 -0.050437350 0.988066971
1403715910934057984.000000 0.633314967 0.718962371 0.379912704 0.161650047 0.025235133 -0.054590356 0.985013962
1403715910984058112.000000 0.627680898 0.686110258 0.374686420 0.180138305 0.022998657 -0.058121309 0.981653333
1403715911034057984.000000 0.617685318 0.646259725 0.367594779 0.198517352 0.023304977 -0.061409939 0.977894008
1403715911084058112.000000 0.610751510 0.614760876 0.357246667 0.217192098 0.025914121 -0.064292587 0.973664522
1403715911134057984.000000 0.601201177 0.576268494 0.345452935 0.235510096 0.029571714 -0.067036532 0.969106138
1403715911184058112.000000 0.593007147 0.547261655 0.330434263 0.254106522 0.032363717 -0.070217840 0.964080870
1403715911234057984.000000 0.582121491 0.510805428 0.313932776 0.272706151 0.034265798 -0.074106835 0.958626866
1403715911284058112.000000 0.571397543 0.480278581 0.294459224 0.291131318 0.033893809 -0.079322934 0.952786267
1403715911334057984.000000 0.560260534 0.454767734 0.272753388 0.309676647 0.031901099 -0.083730988 0.946610749
1403715911384058112.000000 0.547797561 0.424357533 0.248870507 0.327762455 0.028974595 -0.088099129 0.940197229
1403715911434057984.000000 0.534764647 0.402148783 0.223846510 0.345303923 0.025434077 -0.092953548 0.933529913
1403715911484058112.000000 0.520240068 0.375877649 0.196400180 0.362103462 0.019584076 -0.097435750 0.926824629
1403715911534057984.000000 0.504861057 0.354238093 0.168113083 0.378593922 0.012815186 -0.102193452 0.919814646
1403715911584058112.000000 0.489548713 0.338001132 0.139472395 0.393299371 0.004803849 -0.109255686 0.912883222
1403715911634057984.000000 0.473010391 0.314839512 0.108176380 0.407129973 -0.000983595 -0.117342621 0.905800760
1403715911684058112.000000 0.458117574 0.301690847 0.077944428 0.420121312 -0.005740768 -0.127220780 0.898487628
1403715911734057984.000000 0.444246233 0.280601591 0.045015283 0.432536393 -0.007073330 -0.138180003 0.890936911
1403715911784058112.000000 0.434168249 0.268207520 0.012443926 0.444546193 -0.007252267 -0.148192018 0.883382916
1403715911834057984.000000 0.426399440 0.249070287 -0.022922479 0.457033545 -0.007566899 -0.155427530 0.875731409
1403715911884058112.000000 0.422112048 0.234360754 -0.059759483 0.469182909 -0.006475485 -0.161746308 0.868138075
1403715911934057984.000000 0.420337081 0.219893113 -0.097951494 0.480832964 -0.006150184 -0.166737825 0.860790551
1403715911984058112.000000 0.421444654 0.207855836 -0.136941105 0.492338747 -0.005889093 -0.169723943 0.853675425
1403715912034057984.000000 0.425477952 0.191526592 -0.178341389 0.502862990 -0.006782839 -0.172446758 0.846962154
1403715912084058112.000000 0.429888904 0.180637911 -0.219481245 0.513150454 -0.008117976 -0.173553959 0.840529442
1403715912134057984.000000 0.434930116 0.168948084 -0.259755194 0.523018062 -0.009586311 -0.173115462 0.834500611
1403715912184058112.000000 0.439250469 0.158205330 -0.300481200 0.532223105 -0.010679759 -0.174265161 0.828405857
1403715912234057984.000000 0.443149894 0.147956699 -0.341018707 0.541626811 -0.011802563 -0.174252436 0.822275698
1403715912284058112.000000 0.446702212 0.138316900 -0.381172121 0.550566912 -0.011977728 -0.175140917 0.816123962
1403715912334057984.000000 0.449896306 0.129018113 -0.421057910 0.559344411 -0.011949231 -0.176296800 0.809883058
1403715912384058112.000000 0.452725172 0.120048553 -0.460352063 0.567761540 -0.012168895 -0.178490281 0.803517342
1403715912434057984.000000 0.455356896 0.111682259 -0.499349296 0.576319993 -0.013125250 -0.181200519 0.796774387
1403715912484058112.000000 0.457842767 0.103819966 -0.538007557 0.585388303 -0.013387517 -0.183896229 0.789508462
1403715912534057984.000000 0.461881101 0.078251511 -0.595116556 0.594163895 -0.013423122 -0.186575934 0.782290578
1403715912584058112.000000 0.463856667 0.069631547 -0.635731459 0.604447544 -0.014669375 -0.189855114 0.773552239
1403715912634057984.000000 0.465745389 0.061618060 -0.676243246 0.615175903 -0.015139979 -0.193138942 0.764216423
1403715912684058112.000000 0.467665911 0.055860430 -0.713201404 0.626364231 -0.014852894 -0.197261155 0.754012883
1403715912734057984.000000 0.469994426 0.050235301 -0.750163674 0.639032781 -0.014890003 -0.200496241 0.742439687
1403715912784058112.000000 0.472501010 0.045119762 -0.786844373 0.652552247 -0.014947041 -0.204261839 0.729540527
1403715912834057984.000000 0.474462450 0.040750086 -0.822986186 0.666468203 -0.014535206 -0.209463745 0.715355814
1403715912884058112.000000 0.474134445 0.036582589 -0.858158946 0.681415975 -0.014073440 -0.214151993 0.699723601
1403715912934057984.000000 0.470841885 0.032971382 -0.891978741 0.696205556 -0.013803910 -0.220055416 0.683142006
1403715912984058112.000000 0.464279890 0.030014575 -0.924408495 0.710809231 -0.013292174 -0.225165963 0.666238666
1403715913034057984.000000 0.454373062 0.027694225 -0.954980314 0.725339532 -0.013909785 -0.229068637 0.649012148
1403715913084058112.000000 0.441602141 0.025716841 -0.983947217 0.738889933 -0.013140418 -0.233898222 0.631791592
1403715913134057984.000000 0.426831841 0.024342597 -1.012126446 0.752000093 -0.011877199 -0.238776013 0.614280820
1403715913184058112.000000 0.410843492 0.023787141 -1.039322615 0.765180171 -0.010265834 -0.241884381 0.596561790
1403715913234057984.000000 0.395112038 0.023693204 -1.065733314 0.777881324 -0.006824132 -0.243011713 0.579482079
1403715913284058112.000000 0.379826158 0.024271965 -1.091033697 0.789454579 -0.000743873 -0.245370314 0.562631726
1403715913334057984.000000 0.365190208 0.025491357 -1.115791798 0.799276710 0.007638759 -0.248218805 0.547253013
1403715913384058112.000000 0.351354480 0.027584314 -1.139516115 0.806883931 0.016726658 -0.252357125 0.533830047
1403715913434057984.000000 0.337695420 0.031352401 -1.163004398 0.813452601 0.025385866 -0.254666656 0.522298157
1403715913484058112.000000 0.324865818 0.037207723 -1.186510563 0.818700671 0.034021311 -0.255358338 0.513189912
1403715913534057984.000000 0.312578768 0.045385003 -1.209519625 0.822280526 0.043674581 -0.256737858 0.505997062
1403715913584058112.000000 0.300796688 0.060065150 -1.225431085 0.823561013 0.057146594 -0.260345757 0.500701189
1403715913634057984.000000 0.287691087 0.071207881 -1.254619122 0.824517548 0.068650909 -0.262904048 0.496325940
1403715913684058112.000000 0.275691599 0.092403531 -1.272656441 0.824705958 0.077721596 -0.264531940 0.493803889
1403715913734057984.000000 0.262200832 0.111292124 -1.304064751 0.824921429 0.080810376 -0.266857237 0.491692662
1403715913784058112.000000 0.248929203 0.139936805 -1.324819088 0.824852705 0.078112058 -0.268532604 0.491331697
1403715913834057984.000000 0.235890150 0.167041063 -1.358593941 0.824113667 0.072108291 -0.272677809 0.491206586
1403715913884058112.000000 0.223311692 0.203093767 -1.382872343 0.822933257 0.064145543 -0.276233613 0.492302001
1403715913934057984.000000 0.211794794 0.239509463 -1.414761782 0.821963370 0.056231413 -0.278856546 0.493409961
1403715913984058112.000000 0.199888498 0.278174639 -1.448462248 0.821099281 0.050307967 -0.280182689 0.494735003
1403715914034057984.000000 0.188169688 0.318847895 -1.484603167 0.819678187 0.046358436 -0.281880409 0.496509880
1403715914084058112.000000 0.176927090 0.361269355 -1.522371411 0.817969084 0.045951415 -0.283363998 0.498517692
1403715914134057984.000000 0.166931838 0.404905915 -1.560162067 0.816125154 0.045345157 -0.284536332 0.500921786
1403715914184058112.000000 0.155806750 0.451081157 -1.600247145 0.814994097 0.041719005 -0.282783091 0.504061401
1403715914234057984.000000 0.143839538 0.498911977 -1.641101241 0.812870681 0.030051405 -0.282250822 0.508598804
1403715914284058112.000000 0.131997719 0.547655582 -1.682861090 0.809509575 0.017574420 -0.282492310 0.514376819
1403715914334057984.000000 0.119680054 0.595635295 -1.727455735 0.804578185 0.004858230 -0.284766436 0.521093428
1403715914384058112.000000 0.108005911 0.644228816 -1.770853400 0.798447013 -0.007227946 -0.288559109 0.528359592
1403715914434057984.000000 0.096740872 0.691946030 -1.814612985 0.791653216 -0.017470192 -0.292359829 0.536195695
1403715914484058112.000000 0.086100444 0.738505125 -1.858780146 0.784487009 -0.024116430 -0.295842707 0.544495821
1403715914534057984.000000 0.075776622 0.783308864 -1.903690457 0.777561843 -0.030655127 -0.298545867 0.552565157
1403715914584058112.000000 0.066099510 0.826060534 -1.948997736 0.771011770 -0.036427177 -0.298757851 0.561210930
1403715914634057984.000000 0.055880323 0.866497040 -1.994575262 0.764201343 -0.045170039 -0.297766954 0.570342720
1403715914684058112.000000 0.045202792 0.904246926 -2.040302992 0.757466137 -0.057167768 -0.294535697 0.579849720
1403715914734057984.000000 0.034254491 0.938817501 -2.085601568 0.750612259 -0.069971606 -0.289865315 0.589629829
1403715914784058112.000000 0.022679955 0.969832301 -2.130216599 0.744282782 -0.088188522 -0.282166749 0.598872185
1403715914834057984.000000 0.011356473 0.996622562 -2.173696756 0.738439143 -0.104770362 -0.275185347 0.606633186
1403715914884058112.000000 0.000807941 1.019112229 -2.215363503 -0.733140528 0.119823657 0.268069029 -0.613421738
1403715914934057984.000000 -0.008775055 1.036805630 -2.254410267 -0.728526175 0.130056486 0.262805879 -0.619086504
1403715914984058112.000000 -0.017145574 1.049035192 -2.290562868 -0.724965572 0.136647061 0.258000821 -0.623849452
1403715915034057984.000000 -0.030549049 1.054500222 -2.324557781 -0.722141445 0.142315820 0.253304422 -0.627769828
1403715915084058112.000000 -0.036657333 1.079685807 -2.334293604 -0.720820844 0.146607786 0.248896450 -0.630058825
1403715915134057984.000000 -0.041011035 1.074760318 -2.359717369 -0.719339013 0.147437379 0.246580794 -0.632464707
1403715915184058112.000000 -0.043575227 1.064080715 -2.381333828 -0.719287515 0.146155387 0.242919609 -0.634235144
1403715915234057984.000000 -0.043407679 1.047384024 -2.399062872 0.720309019 -0.134742096 -0.240664825 0.636458933
1403715915284058112.000000 -0.051308393 1.019038439 -2.418534517 0.721994698 -0.118664958 -0.239540309 0.638171494
1403715915334057984.000000 -0.052624166 1.000252485 -2.429872513 0.723022759 -0.098489538 -0.242121890 0.639464557
1403715915384058112.000000 -0.049200416 0.975859284 -2.446907759 0.724326611 -0.079638802 -0.244211346 0.639819980
1403715915434057984.000000 -0.054280311 0.945031166 -2.452175140 0.724840283 -0.063647769 -0.248307824 0.639451981
1403715915484058112.000000 -0.058306068 0.911594868 -2.459130526 0.725855827 -0.051740065 -0.249869153 0.638765812
1403715915534057984.000000 -0.066111326 0.879665613 -2.463379383 0.726820171 -0.043326795 -0.250356764 0.638104022
1403715915584058112.000000 -0.078716278 0.845594883 -2.464792490 0.727856934 -0.035662647 -0.251148492 0.637084723
1403715915634057984.000000 -0.093776017 0.810876369 -2.465100765 0.728075504 -0.027075917 -0.254092395 0.636089683
1403715915684058112.000000 -0.110011935 0.775279999 -2.465280056 0.728310049 -0.020423679 -0.256678849 0.635030210
1403715915734057984.000000 -0.127373725 0.739575386 -2.465440035 0.728579223 -0.019757630 -0.259469926 0.633606613
1403715915784058112.000000 -0.145036772 0.703238487 -2.466095448 0.728866160 -0.023256022 -0.261579931 0.632288933
1403715915834057984.000000 -0.162794679 0.666125059 -2.467121124 0.728860497 -0.028368719 -0.264163941 0.631011128
1403715915884058112.000000 -0.180464625 0.628173590 -2.468626976 0.728774011 -0.033609323 -0.267255038 0.629550338
1403715915934057984.000000 -0.022687450 0.371493340 -2.311953306 0.728924870 -0.038068440 -0.269390464 0.628210306
1403715915984058112.000000 -0.021674603 0.323712111 -2.305846691 0.730302155 -0.039050627 -0.268386692 0.626978874
1403715916034057984.000000 -0.019517876 0.274388313 -2.299759388 0.732038319 -0.037794307 -0.265508354 0.626256227
1403715916084058112.000000 0.373182446 -0.891970038 -1.336991191 0.733386099 -0.036417618 -0.261593729 0.626408279
1403715916134057984.000000 0.405903369 -0.983608365 -1.277946234 0.732227683 -0.034479219 -0.259672403 0.628668547
1403715916184058112.000000 0.442744136 -1.080460072 -1.214217544 0.730127335 -0.031278487 -0.254844338 0.633237779
1403715916234057984.000000 0.479902357 -1.174725413 -1.150495887 0.726437807 -0.029300103 -0.250073731 0.639447212
1403715916284058112.000000 0.519252419 -1.270025730 -1.084357738 0.720784307 -0.027545085 -0.245712385 0.647562087
1403715916334057984.000000 0.561452985 -1.366317987 -1.016246200 0.713705361 -0.025476608 -0.241284773 0.657082379
1403715916384058112.000000 0.605652690 -1.463264108 -0.945879042 0.706081748 -0.024909304 -0.235814184 0.667247951
1403715916434057984.000000 0.651868343 -1.560963154 -0.873190582 0.697878599 -0.025493570 -0.229518875 0.677965045
1403715916484058112.000000 0.699737966 -1.659138918 -0.798109591 0.688406944 -0.028154777 -0.223797157 0.689360678
1403715916534057984.000000 0.597296417 -2.076029539 -0.436748266 0.677919626 -0.031700611 -0.218764529 0.701114893
1403715916584058112.000000 0.638325930 -2.186516762 -0.342965007 0.666524172 -0.033344071 -0.214307830 0.713236213
1403715916634057984.000000 0.680891156 -2.297191620 -0.246204615 0.655268908 -0.037194706 -0.207570478 0.725364625
1403715916684058112.000000 0.753801227 -2.306471586 -0.192322731 0.644503713 -0.041542906 -0.200119436 0.736777723
1403715916734057984.000000 0.785386384 -2.411286116 -0.100462079 0.635200679 -0.046195734 -0.192081362 0.746653140
1403715916784058112.000000 0.918611228 -2.205246449 -0.110121727 0.626968026 -0.051013306 -0.183391690 0.755431235
1403715916834057984.000000 1.042918682 -2.092450380 -0.057462335 0.619309604 -0.055512283 -0.176049262 0.763138711
1403715916884058112.000000 1.108467460 -2.174716949 0.050862074 0.613762975 -0.061426923 -0.165357798 0.769531429
1403715916934057984.000000 1.178150415 -2.256274939 0.163660169 0.608603179 -0.063545905 -0.156172067 0.775354385
1403715916984058112.000000 1.250920296 -2.336723328 0.281235933 0.604072511 -0.065416925 -0.148070157 0.780315518
1403715917034057984.000000 1.312052608 -2.314105034 0.461436629 0.600453198 -0.066081099 -0.140344873 0.784469604
1403715917084058112.000000 1.388075829 -2.385161638 0.593687534 0.596571803 -0.059157845 -0.135903075 0.788754046
1403715917134057984.000000 1.448912382 -2.447215796 0.740548372 0.592398167 -0.044258788 -0.131133288 0.793668509
1403715917184058112.000000 1.517318845 -2.504028320 0.888964415 0.585288286 -0.023209702 -0.133070782 0.799494326
1403715917234057984.000000 1.290714741 -2.572860718 0.944741726 0.576614559 -0.002169159 -0.137145504 0.805420458
1403715917284058112.000000 1.356695414 -2.622983932 1.083645940 0.567100108 0.011942390 -0.140595913 0.811472535
1403715917334057984.000000 1.423486352 -2.668646812 1.224041820 0.558475912 0.023124993 -0.141461998 0.817042470
1403715917384058112.000000 1.490616202 -2.710155010 1.365242720 0.551477492 0.029092789 -0.141826108 0.821530044
1403715917434057984.000000 1.558653593 -2.747451067 1.506793022 0.545852363 0.030969460 -0.142208919 0.825144112
1403715917484058112.000000 1.626834869 -2.780637980 1.648667336 0.542394936 0.023981676 -0.140465856 0.827950478
1403715917534057984.000000 1.695095062 -2.810081244 1.791329622 0.538963139 0.014208357 -0.141683862 0.830206335
1403715917584058112.000000 1.762762547 -2.835610390 1.935054064 0.537632227 0.002442063 -0.139107227 0.831621766
1403715917634057984.000000 1.830166817 -2.858341217 2.080932379 0.537142277 -0.006286038 -0.136232689 0.832393765
1403715917684058112.000000 1.897583127 -2.878636122 2.229506731 0.538055956 -0.010530054 -0.130434036 0.832689583
1403715917734057984.000000 1.965550184 -2.896003962 2.380394220 0.540069818 -0.009599098 -0.123332366 0.832479179
1403715917784058112.000000 2.033905983 -2.909689426 2.533664465 0.541736782 -0.005256794 -0.118050843 0.832200468
1403715917834057984.000000 2.054073334 -2.926179409 2.626267910 0.543382406 0.001050002 -0.114441372 0.831647575
1403715917884058112.000000 2.071835279 -2.933691978 2.702963352 0.545057297 0.007260965 -0.112103373 0.830838501
1403715917934057984.000000 2.196872950 -2.903027773 2.801843643 0.545913100 0.013321427 -0.112467445 0.830152154
1403715917984058112.000000 2.316321850 -2.863516331 2.871290922 0.546514869 0.019022105 -0.114886984 0.829313338
1403715918034057984.000000 2.394395590 -2.849099636 3.015016317 0.545270443 0.024342030 -0.119695865 0.829313338
1403715918084058112.000000 2.473436356 -2.829431057 3.159690142 0.541418970 0.028161289 -0.126633123 0.830684364
1403715918134057984.000000 2.564568996 -2.718160629 3.006320477 0.535719275 0.030566527 -0.134664863 0.833028257
1403715918184058112.000000 2.492396355 -2.674433231 2.998565435 0.529234648 0.033469710 -0.139624074 0.836238980
1403715918234057984.000000 2.566479683 -2.635535479 3.119593859 0.523777425 0.034045555 -0.137912273 0.839927554
1403715918284058112.000000 2.503235579 -2.572122574 3.094192028 0.518500328 0.032121439 -0.133149743 0.844035983
1403715918334057984.000000 2.596124649 -2.454178333 2.945640087 0.513345003 0.024181049 -0.126474768 0.848467112
1403715918384058112.000000 2.449654341 -2.381652355 2.820982933 0.507606447 0.011647490 -0.120328665 0.853065789
1403715918434057984.000000 2.499796152 -2.321748734 2.910878658 0.501212180 -0.001978437 -0.114087388 0.857768357
1403715930234057984.000000 -53.615428925 -19.837984085 53.674629211 0.083820261 0.003851041 0.056537803 0.994868279
1403715930284058112.000000 -53.618991852 -19.836065292 53.680980682 0.089614034 0.005501849 0.066521190 0.993737400
1403715930334057984.000000 -53.620964050 -19.834716797 53.685249329 0.091517977 0.004746331 0.069166906 0.993387103
1403715930384058112.000000 -53.613891602 -19.858085632 53.679458618 0.084475145 -0.002812354 0.065842845 0.994243801
1403715930434057984.000000 -53.611618042 -19.861482620 53.679565430 0.081306159 -0.011851100 0.059360571 0.994849324
1403715930484058112.000000 -53.610610962 -19.913150787 53.689586639 0.072926514 -0.020621702 0.050862402 0.995826066
1403715930534057984.000000 -53.616073608 -19.866008759 53.683322906 0.073521942 -0.030287692 0.044930484 0.995820522
1403715930584058112.000000 -53.626022339 -19.837762833 53.671291351 0.071233496 -0.039025564 0.038871534 0.995937645
1403715930634057984.000000 -53.628616333 -19.837972641 53.673648834 0.067968287 -0.048735376 0.035376128 0.995868325
1403715930684058112.000000 -53.631019592 -19.837085724 53.676700592 0.066075966 -0.057325408 0.033848710 0.995591342
1403715930734057984.000000 -53.632488251 -19.833843231 53.683021545 0.064794980 -0.061669413 0.034268089 0.995401502
1403715930784058112.000000 -53.642284393 -19.898197174 53.725318909 0.059341554 -0.065143287 0.034686930 0.995505750
1403715930834057984.000000 -53.638545990 -19.893821716 53.729206085 0.056303151 -0.067825414 0.029143970 0.995680809
1403715930884058112.000000 -53.622253418 -19.820936203 53.696231842 0.054852407 -0.069271982 0.018406956 0.995918632
1403715930934057984.000000 -53.624958038 -19.880437851 53.741821289 0.047202174 -0.069785617 0.008672556 0.996406913
1403715930984058112.000000 -53.604396820 -19.806871414 53.710323334 0.046899620 -0.071857870 -0.001306675 0.996310830
1403715931034057984.000000 -53.568550110 -19.830513000 53.791755676 0.041649174 -0.079894692 -0.007819396 0.995902181
1403715931084058112.000000 -53.561943054 -19.821847916 53.802261353 0.040068243 -0.085684009 -0.011249686 0.995452821
1403715931134057984.000000 -53.556545258 -19.814043045 53.814620972 0.039058421 -0.091606125 -0.012920526 0.994945168
1403715931184058112.000000 -53.550312042 -19.808582306 53.827537537 0.037817176 -0.095650539 -0.014386995 0.994592369
1403715931234057984.000000 -53.541244507 -19.802873611 53.843265533 0.036893830 -0.096929379 -0.014308658 0.994504333
1403715931284058112.000000 -53.481685638 -19.766103745 53.927017212 0.036504030 -0.099758975 -0.015386492 0.994222760
1403715931334057984.000000 -53.468757629 -19.760875702 53.945537567 0.037055962 -0.097321250 -0.011601311 0.994495273
1403715931384058112.000000 -53.455104828 -19.753301620 53.965545654 0.038419195 -0.092885576 -0.008650659 0.994897723
1403715931434057984.000000 -53.441978455 -19.752664566 53.982212067 0.037823733 -0.086794719 -0.009316240 0.995464385
1403715931484058112.000000 -53.425643921 -19.747716904 54.007358551 0.039319750 -0.082906738 -0.008762837 0.995742738
1403715931534057984.000000 -53.318050385 -19.721677780 54.131717682 0.040547255 -0.082167722 -0.010257571 0.995740592
1403715931584058112.000000 -53.303035736 -19.719869614 54.154468536 0.040687695 -0.077899590 -0.012852462 0.996047735
1403715931634057984.000000 -53.292602539 -19.714717865 54.180702209 0.042001907 -0.073415406 -0.015028699 0.996303320
1403715931684058112.000000 -53.283237457 -19.717050552 54.208301544 0.041210044 -0.067506649 -0.019926386 0.996668279
1403715931734057984.000000 -53.270950317 -19.714883804 54.245914459 0.041403621 -0.064170361 -0.020612296 0.996866643
1403715931784058112.000000 -53.184726715 -19.695762634 54.408931732 0.044748381 -0.065091610 -0.025085000 0.996559799
1403715931834057984.000000 -53.179767609 -19.695430756 54.441173553 0.046871156 -0.057676919 -0.024085933 0.996943533
1403715931884058112.000000 -53.181735992 -19.725133896 54.470207214 0.039377596 -0.045151904 -0.022651028 0.997946739
1403715931934057984.000000 -53.173736572 -19.727420807 54.501541138 0.039675258 -0.033896733 -0.024196539 0.998344362
1403715931984058112.000000 -53.172775269 -19.713769913 54.536518097 0.045543611 -0.019085500 -0.025827099 0.998446047
1403715932034057984.000000 -53.060882568 -19.692073822 54.724285126 0.055150356 -0.021064492 -0.024488499 0.997955501
1403715932084058112.000000 -53.058807373 -19.695299149 54.756778717 0.055875588 -0.003077870 -0.024723427 0.998126864
1403715932134057984.000000 -53.051273346 -19.697565079 54.786273956 0.056226671 0.016491098 -0.025216280 0.997963309
1403715932184058112.000000 -53.042182922 -19.692134857 54.814716339 0.059167061 0.036752049 -0.026157353 0.997228324
1403715932234057984.000000 -53.031696320 -19.689867020 54.843082428 0.060319461 0.059537392 -0.027808564 0.996013820
1403715932284058112.000000 -52.923038483 -19.708049774 55.007438660 0.059519108 0.067881525 -0.025988324 0.995577335
1403715932334057984.000000 -52.895656586 -19.713222504 55.052875519 0.060137209 0.086427890 -0.024828691 0.994131446
1403715932384058112.000000 -52.871967316 -19.718143463 55.090915680 -0.060557257 -0.102920994 0.024248485 -0.992548347
1403715932434057984.000000 -52.846355438 -19.724506378 55.126354218 0.060738333 0.115449637 -0.023108823 0.991185248
1403715932484058112.000000 -52.826747894 -19.729579926 55.151634216 -0.061846916 -0.126213267 0.021282231 -0.989844620
1403715932534057984.000000 -52.806365967 -19.735267639 55.171890259 0.062640034 0.137318537 -0.019602958 0.988349974
1403715932584058112.000000 -52.788700104 -19.740274429 55.182155609 0.063284434 0.149533063 -0.017930411 0.986566544
1403715932634057984.000000 -52.771686554 -19.746492386 55.182849884 0.064496376 0.160430700 -0.014893300 0.984825134
1403715932684058112.000000 -52.758525848 -19.750602722 55.174552917 0.065085083 0.169818610 -0.013082809 0.983236730
1403715932734057984.000000 -52.747806549 -19.754817963 55.156181335 0.065211877 0.178243086 -0.012207349 0.981747329
1403715932784058112.000000 -52.741008759 -19.757587433 55.128280640 0.064549439 0.182694465 -0.012114861 0.980973661
1403715932834057984.000000 -52.738014221 -19.758924484 55.089153290 0.063290335 0.180211902 -0.012659672 0.981507897
1403715932884058112.000000 -52.737651825 -19.761289597 55.042221069 0.060479738 0.166288152 -0.014636092 0.984111905
1403715932934057984.000000 -52.742801666 -19.761169434 54.984687805 -0.057784960 -0.142437294 0.015807470 -0.987989247
1403715932984058112.000000 -52.750331879 -19.761663437 54.922058105 0.054829583 0.111695029 -0.016670672 0.992088735
1403715933034057984.000000 -52.765228271 -19.758901596 54.854015350 0.052360922 0.081922591 -0.017878683 0.995101750
1403715933084058112.000000 -52.776275635 -19.758872986 54.777072906 0.049587496 0.052713949 -0.018995499 0.997196794
1403715933134057984.000000 -52.788715363 -19.758989334 54.700439453 0.047044326 0.023941256 -0.019698920 0.998411596
1403715933184058112.000000 -52.802043915 -19.759376526 54.620170593 0.044926558 -0.005771540 -0.020222092 0.998768985
1403715933234057984.000000 -52.815101624 -19.760322571 54.537830353 -0.043057092 0.032640923 0.021023335 -0.998318017
1403715933284058112.000000 -52.821872711 -19.766218185 54.452163696 0.041027121 -0.061508849 -0.020398576 0.997054398
1403715933334057984.000000 -52.834060669 -19.768392563 54.372920990 0.040388551 -0.088010229 -0.017950611 0.995138645
1403715933384058112.000000 -52.844909668 -19.771205902 54.302253723 0.040583137 -0.114889279 -0.012786486 0.992466629
1403715933434057984.000000 -52.855499268 -19.773895264 54.231266022 0.040734079 -0.141764164 -0.006043850 0.989043593
1403715933484058112.000000 -52.865703583 -19.775646210 54.171009064 0.040836640 -0.166842878 0.001464570 0.985136390
1403715933534057984.000000 -52.871013641 -19.778608322 54.114097595 0.040417910 -0.189876109 0.007282447 0.980948746
1403715933584058112.000000 -52.861160278 -19.780000687 54.075073242 0.039544739 -0.211271927 0.010125048 0.976574600
1403715933634057984.000000 -52.862514496 -19.783351898 54.032691956 0.037756916 -0.227651760 0.011550682 0.972941816
1403715933684058112.000000 -52.852138519 -19.784349442 54.007720947 0.035349336 -0.239156380 0.008700761 0.970298409
1403715933734057984.000000 -52.837802887 -19.785354614 53.993041992 0.032761533 -0.247154161 0.003694881 0.968415141
1403715933784058112.000000 -52.812923431 -19.785440445 53.993988037 0.030290060 -0.250565529 -0.000394214 0.967625618
1403715933834057984.000000 -52.785469055 -19.786689758 54.004386902 0.028022919 -0.248234406 -0.004664002 0.968283355
1403715933884058112.000000 -52.750946045 -19.788280487 54.028358459 -0.026281701 0.236622825 0.008345735 -0.971210241
1403715933934057984.000000 -52.705333710 -19.789075851 54.066967010 0.024936797 -0.212958619 -0.008161266 0.976708889
1403715933984058112.000000 -52.656105042 -19.792707443 54.110908508 0.024039520 -0.177270353 -0.009828650 0.983819485
1403715934034057984.000000 -52.589351654 -19.793838501 54.164791107 0.023786254 -0.137937143 -0.008835461 0.990115941
1403715934084058112.000000 -52.533107758 -19.798896790 54.220153809 0.023195919 -0.093026392 -0.010107633 0.995342135
1403715934134057984.000000 -52.479679108 -19.805179596 54.277526855 0.022814250 -0.046308875 -0.008566163 0.998629928
1403715934184058112.000000 -52.428901672 -19.810501099 54.335865021 0.022463610 0.000898679 -0.007958487 0.999715567
1403715934234057984.000000 -52.386264801 -19.815683365 54.394878387 -0.021950139 -0.039660487 0.007336454 -0.998945177
1403715934284058112.000000 -52.340496063 -19.820936203 54.457057953 0.021426577 0.073077425 -0.008602160 0.997058988
1403715934334057984.000000 -52.309677124 -19.826637268 54.510700226 0.021581480 0.100428015 -0.007653904 0.994680822
1403715934384058112.000000 -52.261051178 -19.831583023 54.560897827 0.022343505 0.121601477 -0.006559247 0.992305875
1403715934434057984.000000 -52.239871979 -19.836917877 54.603843689 0.022674274 0.143920109 -0.006946911 0.989305139
1403715934484058112.000000 -52.222515106 -19.841884613 54.640548706 -0.023537308 -0.163967788 0.006363253 -0.986164391
1403715934534057984.000000 -52.222141266 -19.847654343 54.677433014 0.024932778 0.183940843 -0.005741518 0.982604325
1403715934584058112.000000 -52.214187622 -19.852367401 54.695766449 0.026629986 0.200006321 -0.005058862 0.979419589
1403715934634057984.000000 -52.207527161 -19.857261658 54.705898285 0.028635940 0.212517574 -0.003968416 0.976729512
1403715934684058112.000000 -52.207168579 -19.861129761 54.699741364 0.031396855 0.221440479 -0.002472016 0.974665225
1403715934734057984.000000 -52.207298279 -19.865137100 54.684967041 0.034781866 0.226394564 0.000379621 0.973414421
1403715934784058112.000000 -52.212669373 -19.867307663 54.651588440 0.038605239 0.228370890 0.003852153 0.972800910
1403715934834057984.000000 -52.219692230 -19.869380951 54.609363556 0.041498881 0.218963608 0.005818209 0.974832773
1403715934884058112.000000 -52.232158661 -19.868900299 54.550319672 0.042330101 0.195792779 0.004528919 0.979720831
1403715934934057984.000000 -52.245506287 -19.868503571 54.484542847 0.042694028 0.163739204 0.003467004 0.985573351
1403715934984058112.000000 -52.263099670 -19.865858078 54.404541016 -0.043301072 -0.128836513 -0.003888177 -0.990712464
1403715935034057984.000000 -52.283840179 -19.863302231 54.323669434 0.042913906 0.092218801 0.003616113 0.994807065
1403715935084058112.000000 -52.288597107 -19.858621597 54.234222412 0.042365555 0.051011235 0.003622000 0.997792482
1403715935134057984.000000 -52.317478180 -19.853586197 54.141059875 0.040579416 0.016152289 0.002019712 0.999043763
1403715935184058112.000000 -52.349052429 -19.848737717 54.055271149 0.039093204 -0.017407211 0.001508332 0.999082804
1403715935234057984.000000 -52.384395599 -19.843315125 53.960590363 0.037283797 -0.045959350 0.000021419 0.998247266
1403715935284058112.000000 -52.423439026 -19.837574005 53.868682861 -0.035802979 0.070934117 0.001164238 -0.996837616
1403715935334057984.000000 -52.482532501 -19.834054947 53.794425964 0.034066971 -0.090499081 -0.003508564 0.995307565
1403715935384058112.000000 -52.525127411 -19.828371048 53.708724976 0.032884799 -0.108776897 -0.005345326 0.993507743
1403715935434057984.000000 -52.568675995 -19.823251724 53.628684998 -0.031634603 0.125373632 0.007597586 -0.991576016
1403715935484058112.000000 -52.613121033 -19.818389893 53.553367615 -0.030725459 0.138838306 0.008926639 -0.989798129
1403715935534057984.000000 -52.644077301 -19.810792923 53.510948181 0.030357230 -0.150307417 -0.010466090 0.988117695
1403715935584058112.000000 -52.686332703 -19.806825638 53.450119019 0.029609449 -0.158741564 -0.012357549 0.986798704
1403715935634057984.000000 -52.726177216 -19.804271698 53.399856567 -0.029256850 0.167694598 0.012724265 -0.985322654
1403715935684058112.000000 -52.764488220 -19.805385590 53.361801147 0.028404664 -0.176600069 -0.013655409 0.983778000
1403715935734057984.000000 -52.798294067 -19.804168701 53.325294495 0.027726572 -0.185939446 -0.014914483 0.982056737
1403715935784058112.000000 -52.827686310 -19.804201126 53.299129486 -0.027174748 0.194998160 0.014947553 -0.980313182
1403715935834057984.000000 -52.849559784 -19.804479599 53.289413452 0.026241401 -0.202601373 -0.016387712 0.978772461
1403715935884058112.000000 -52.869323730 -19.806686401 53.281291962 -0.025331577 0.208160460 0.017220099 -0.977614939
1403715935934057984.000000 -52.883739471 -19.809852600 53.282760620 -0.024227967 0.208488986 0.017500851 -0.977567971
1403715935984058112.000000 -52.888809204 -19.813337326 53.299945831 0.023643095 -0.199507535 -0.017655041 0.979451954
1403715936034057984.000000 -52.890819550 -19.818710327 53.320075989 0.023084618 -0.179419920 -0.017332980 0.983349025
1403715936084058112.000000 -52.892845154 -19.823844910 53.341415405 -0.022504929 0.150934324 0.016599279 -0.988148212
1403715936134057984.000000 -52.877586365 -19.830993652 53.385665894 0.021753421 -0.117795676 -0.017834200 0.992639422
1403715936184058112.000000 -52.869155884 -19.838232040 53.423553467 0.020877445 -0.083708890 -0.017860001 0.996111453
1403715936234057984.000000 -52.859519958 -19.846166611 53.464015961 0.019731894 -0.049215131 -0.018192597 0.998427629
1403715936284058112.000000 -52.845127106 -19.855733871 53.508190155 0.019018639 -0.014861458 -0.017601699 0.999553740
1403715936334057984.000000 -52.836372375 -19.865182877 53.550544739 0.018279329 0.013377301 -0.015222565 0.999627590
1403715936384058112.000000 -52.828784943 -19.875110626 53.591918945 -0.018478299 -0.037104875 0.010157202 -0.999088943
1403715936434057984.000000 -52.823932648 -19.885370255 53.630485535 -0.017821018 -0.054187808 0.007413355 -0.998344243
1403715936484058112.000000 -52.818305969 -19.896839142 53.663421631 0.017441247 0.065783150 -0.004625708 0.997670770
1403715936534057984.000000 -52.817058563 -19.907218933 53.693901062 0.017607059 0.075717084 -0.000572153 0.996973753
1403715936584058112.000000 -52.817150116 -19.917173386 53.719520569 0.018140880 0.083770186 0.004189406 0.996311247
1403715936634057984.000000 -52.818550110 -19.927223206 53.737899780 0.019086819 0.090134062 0.009249556 0.995703816
1403715936684058112.000000 -52.820346832 -19.936296463 53.752490997 0.020073861 0.095061295 0.014338764 0.995165765
1403715936734057984.000000 -52.823448181 -19.944751740 53.761398315 -0.019405127 -0.093735553 -0.015128465 -0.995293081
1403715936784058112.000000 -52.829265594 -19.952383041 53.764797211 -0.018523436 -0.085812479 -0.014253576 -0.996037185
1403715936834057984.000000 -52.836284637 -19.959295273 53.763416290 -0.016542194 -0.074926838 -0.010751044 -0.996993899
1403715936884058112.000000 -52.841979980 -19.965641022 53.760200500 -0.014895851 -0.065147847 -0.008021520 -0.997732222
1403715936934057984.000000 -52.851570129 -19.971712112 53.751075745 -0.014042381 -0.055391420 -0.006937751 -0.998341858
1403715936984058112.000000 -52.862300873 -19.977548599 53.738716125 -0.014973489 -0.047388155 -0.006207762 -0.998745084
1403715937034057984.000000 -52.887538910 -19.983535767 53.712615967 0.017433211 0.039717168 0.004590877 0.999048412
1403715937084058112.000000 -52.902217865 -19.989387512 53.694705963 0.021700451 0.029807875 0.002712687 0.999316394
1403715937134057984.000000 -52.915798187 -19.994693756 53.675907135 -0.028006455 -0.017991154 -0.001131847 -0.999445200
1403715937184058112.000000 -52.930629730 -20.000474930 53.655242920 -0.035998784 -0.008962121 0.001324338 -0.999310791
1403715937234057984.000000 -52.946361542 -20.006446838 53.633827209 -0.044712681 -0.001220422 0.005104579 -0.998986125
1403715937284058112.000000 -52.970214844 -20.013051987 53.606269836 0.055631559 -0.004972988 -0.008115519 0.998405993
1403715937334057984.000000 -52.991065979 -20.019205093 53.585014343 0.066832796 -0.008678403 -0.013866073 0.997630119
1403715937384058112.000000 -53.014606476 -20.025259018 53.564113617 0.079077043 -0.010349710 -0.018858647 0.996636391
1403715937434057984.000000 -53.042182922 -20.031570435 53.540573120 0.091603428 -0.011712404 -0.023624057 0.995446444
1403715937484058112.000000 -53.072196960 -20.037208557 53.520782471 0.103018172 -0.016551116 -0.028624648 0.994129777
1403715937534057984.000000 -53.106834412 -20.042390823 53.501529694 -0.113584489 0.027667951 0.031532198 -0.992642343
1403715937584058112.000000 -53.143760681 -20.048429489 53.482074738 0.122385733 -0.042547889 -0.037129957 0.990874767
1403715937634057984.000000 -53.179470062 -20.053985596 53.466392517 0.131658509 -0.056996591 -0.042845614 0.988727331
1403715937684058112.000000 -53.215114594 -20.060167313 53.450313568 0.140964851 -0.069287084 -0.047744352 0.986432314
1403715937734057984.000000 -53.248634338 -20.066289902 53.438003540 0.149691433 -0.078748114 -0.052999988 0.984165788
1403715937784058112.000000 -53.280464172 -20.073095322 53.428092957 0.159101635 -0.085714266 -0.056645628 0.981901765
1403715937834057984.000000 -53.312065125 -20.081756592 53.421016693 0.168040782 -0.090996780 -0.062038332 0.979608715
1403715937884058112.000000 -53.340450287 -20.090438843 53.416900635 0.177696407 -0.095042065 -0.065057583 0.977322161
1403715937934057984.000000 -53.367202759 -20.100191116 53.415817261 0.187038377 -0.097931787 -0.070245989 0.974931598
1403715937984058112.000000 -53.393932343 -20.112627029 53.417541504 0.196577206 -0.100587681 -0.076127909 0.972339511
1403715938034057984.000000 -53.417102814 -20.125423431 53.423294067 0.207269013 -0.102923639 -0.080431588 0.969524205
1403715938084058112.000000 -53.437347412 -20.141246796 53.433181763 0.217667073 -0.105927393 -0.085606292 0.966474056
1403715938134057984.000000 -53.453460693 -20.158218384 53.445907593 0.228518814 -0.107890621 -0.091365360 0.963219225
1403715938184058112.000000 -53.464759827 -20.177536011 53.461875916 0.239929363 -0.110365085 -0.097196676 0.959586561
1403715938234057984.000000 -53.470462799 -20.200426102 53.481197357 0.251680195 -0.108301371 -0.102521360 0.956251740
1403715938284058112.000000 -53.469154358 -20.225141525 53.503147125 0.263724029 -0.099973589 -0.110289320 0.953043103
1403715938334057984.000000 -53.461723328 -20.252153397 53.527164459 0.275939256 -0.085141957 -0.118651524 0.950015903
1403715938384058112.000000 -53.450519562 -20.282703400 53.553157806 0.288270265 -0.070145756 -0.127351969 0.946446717
1403715938434057984.000000 -53.436534882 -20.314035416 53.579700470 0.301692069 -0.057836823 -0.131156832 0.942568183
1403715938484058112.000000 -53.421642303 -20.348165512 53.606010437 0.315816373 -0.045173224 -0.133570164 0.938284874
1403715938534057984.000000 -53.406642914 -20.382492065 53.633106232 0.329593778 -0.036737721 -0.134093940 0.933829248
1403715938584058112.000000 -53.392982483 -20.417476654 53.660491943 0.341927499 -0.030560363 -0.134241834 0.929586411
1403715938634057984.000000 -53.382331848 -20.455057144 53.688270569 0.351513058 -0.027508827 -0.134930000 0.925999880
1403715938684058112.000000 -53.370582581 -20.490938187 53.716423035 0.359476715 -0.028377071 -0.135842040 0.922777474
1403715938734057984.000000 -53.360183716 -20.527017593 53.745147705 0.364587992 -0.034798563 -0.138617709 0.920135736
1403715938784058112.000000 -53.351890564 -20.565834045 53.773605347 0.367495686 -0.044416588 -0.143496826 0.917814136
1403715938834057984.000000 -53.342437744 -20.603536606 53.803546906 0.369382948 -0.056738541 -0.148292288 0.915612638
1403715938884058112.000000 -53.334445953 -20.644285202 53.834075928 0.370535553 -0.069036201 -0.152761042 0.913565338
1403715938934057984.000000 -53.325275421 -20.684833527 53.866264343 0.371390522 -0.079634368 -0.157084569 0.911620498
1403715938984058112.000000 -53.315967560 -20.728490829 53.900787354 -0.372208029 0.089561976 0.160218462 -0.909818590
1403715939034057984.000000 -53.309028625 -20.775455475 53.936000824 0.372957200 -0.097754315 -0.162951812 0.908181608
1403715939084058112.000000 -53.299171448 -20.823698044 53.975090027 0.373482645 -0.103215516 -0.166003898 0.906807601
1403715939134057984.000000 -53.287368774 -20.875450134 54.016460419 0.375207961 -0.102254994 -0.166406319 0.906130195
1403715939184058112.000000 -53.276802063 -20.932909012 54.060031891 0.378434479 -0.090704992 -0.162763402 0.906679690
1403715939234057984.000000 -53.260097504 -20.991319656 54.105468750 0.382974863 -0.071105495 -0.155853987 0.907735586
1403715939284058112.000000 -53.242416382 -21.051856995 54.152259827 0.387729704 -0.049273100 -0.147976294 0.908482730
1403715939334057984.000000 -53.224906921 -21.113216400 54.199867249 0.391963810 -0.027163584 -0.139218390 0.908980131
1403715939384058112.000000 -53.210212708 -21.176982880 54.244262695 0.395934969 -0.004523460 -0.129436016 0.909099281
1403715939434057984.000000 -53.194126129 -21.237983704 54.291004181 0.398823500 0.015930375 -0.120994858 0.908870935
1403715939484058112.000000 -53.176074982 -21.303836823 54.337791443 0.400953472 0.033956219 -0.113105819 0.908454955
1403715939534057984.000000 -53.162006378 -21.361368179 54.380832672 0.402221084 0.051377594 -0.106847718 0.907833755
1403715939584058112.000000 -53.148551941 -21.415870667 54.420661926 0.403091103 0.067266449 -0.100155957 0.907172322
1403715939634057984.000000 -53.135169983 -21.467222214 54.452617645 0.404067129 0.087807916 -0.091708981 0.905874729
1403715939684058112.000000 -53.119873047 -21.512973785 54.482345581 0.404949933 0.108099245 -0.082485311 0.904171646
1403715939734057984.000000 -53.104862213 -21.552730560 54.506000519 0.405081242 0.125671595 -0.074595943 0.902525067
1403715939784058112.000000 -53.093013763 -21.579595566 54.512676239 0.405027628 0.138981268 -0.067942254 0.901121914
1403715939834057984.000000 -53.077987671 -21.606151581 54.522853851 0.404038161 0.149835855 -0.063199691 0.900171220
1403715939884058112.000000 -53.063667297 -21.624729156 54.524410248 0.402970195 0.157417059 -0.059860494 0.899584174
1403715939934057984.000000 -53.049423218 -21.635583878 54.517765045 0.401396304 0.159278288 -0.059378635 0.899992049
1403715939984058112.000000 -53.035179138 -21.638877869 54.503089905 0.399597347 0.154834211 -0.061655022 0.901413918
1403715940034057984.000000 -53.022529602 -21.635326385 54.481346130 0.396377832 0.137910649 -0.070373058 0.904938102
1403715940084058112.000000 -53.011432648 -21.625316620 54.452983856 0.393119901 0.113306306 -0.081380419 0.908843100
1403715940134057984.000000 -53.001144409 -21.610069275 54.418788910 0.389254779 0.085493758 -0.093707092 0.912354410
1403715940184058112.000000 -52.989974976 -21.596599579 54.389324188 0.385529995 0.058148637 -0.104889162 0.914868116
1403715940234057984.000000 -52.986526489 -21.573736191 54.327705383 0.381265670 0.031069083 -0.116128914 0.916616261
1403715940284058112.000000 -52.980167389 -21.550165176 54.282119751 0.377935529 0.004092572 -0.126193628 0.917182267
1403715940334057984.000000 -52.971092224 -21.526218414 54.236618042 0.374542594 -0.023057805 -0.135921493 0.916903257
1403715940384058112.000000 -52.966110229 -21.502515793 54.189170837 -0.371178061 0.048470166 0.144564942 -0.915957689
1403715940434057984.000000 -52.961948395 -21.480018616 54.142642975 -0.367182374 0.074592791 0.153640687 -0.914334536
1403715940484058112.000000 -52.956871033 -21.459794998 54.097167969 -0.363229007 0.099686250 0.161767706 -0.912117660
1403715940534057984.000000 -52.945800781 -21.443660736 54.056892395 0.359554768 -0.126392320 -0.168046236 0.909123719
1403715940584058112.000000 -52.940467834 -21.431388855 54.018527985 0.355447412 -0.153560802 -0.173282579 0.905565798
1403715940634057984.000000 -52.933994293 -21.424327850 53.985023499 0.351021588 -0.180153966 -0.178110734 0.901446044
1403715940684058112.000000 -52.923416138 -21.418796539 53.953948975 0.346908867 -0.205562100 -0.180840135 0.897048175
1403715940734057984.000000 -52.911571503 -21.425312042 53.933734894 0.343085259 -0.224003658 -0.185605615 0.893121183
1403715940784058112.000000 -52.892585754 -21.438179016 53.920131683 0.339653105 -0.235641673 -0.192099229 0.890059948
1403715940834057984.000000 -52.871643066 -21.461706161 53.917198181 0.337503433 -0.240010530 -0.196985200 0.888641298
1403715940884058112.000000 -52.845146179 -21.495193481 53.923431396 0.336926967 -0.234435365 -0.199431330 0.889801919
1403715940934057984.000000 -52.810806274 -21.540760040 53.941146851 0.338896185 -0.218663067 -0.196882844 0.893629134
1403715940984058112.000000 -52.772861481 -21.593662262 53.964080811 0.343406498 -0.189880341 -0.188437968 0.900282562
1403715941034057984.000000 -52.731491089 -21.653516769 53.992958069 0.349415302 -0.153959945 -0.176982880 0.907128692
1403715941084058112.000000 -52.692287445 -21.722509384 54.030342102 -0.356223077 0.110421501 0.162224144 -0.913562059
1403715941134057984.000000 -52.638763428 -21.792163849 54.065658569 0.363463372 -0.063882962 -0.143386871 0.918288469
1403715941184058112.000000 -52.592628479 -21.860679626 54.101219177 -0.369534284 0.016434697 0.125381261 -0.920572579
1403715941234057984.000000 -52.539302826 -21.924251556 54.127010345 0.373920798 0.021086883 -0.109271355 0.920759678
1403715941284058112.000000 -52.498317719 -21.989612579 54.160755157 0.378496736 0.053046137 -0.092438444 0.919446349
1403715941334057984.000000 -52.460426331 -22.051464081 54.192008972 0.381907105 0.077576689 -0.079193592 0.917527795
1403715941384058112.000000 -52.424774170 -22.109846115 54.220352173 0.384522974 0.098061122 -0.067650944 0.915395856
1403715941434057984.000000 -52.392059326 -22.164724350 54.253051758 0.387432516 0.114862621 -0.056391586 0.912974656
1403715941484058112.000000 -52.368865967 -22.213371277 54.276142120 0.389580250 0.124998845 -0.048587274 0.911176085
1403715941534057984.000000 -52.352771759 -22.256406784 54.297195435 0.391412973 0.133636966 -0.042013507 0.909489989
1403715941584058112.000000 -52.340805054 -22.292905807 54.313095093 0.393190891 0.140782475 -0.035992000 0.907901943
1403715941634057984.000000 -52.336776733 -22.323230743 54.327339172 0.395395696 0.150131807 -0.028192816 0.905719578
1403715941684058112.000000 -52.335605621 -22.345703125 54.336101532 0.397885352 0.160016596 -0.019146755 0.903169632
1403715941734057984.000000 -52.339614868 -22.359169006 54.339580536 0.400559545 0.170760006 -0.009895017 0.900164068
1403715941784058112.000000 -52.346904755 -22.363372803 54.337112427 0.402724355 0.182087258 -0.001840928 0.897025108
1403715941834057984.000000 -52.354938507 -22.359819412 54.329708099 0.404084802 0.191015393 0.003507438 0.894548178
1403715941884058112.000000 -52.368732452 -22.343498230 54.313999176 0.405058265 0.195756391 0.006185365 0.893067241
1403715941934057984.000000 -52.386444092 -22.316637039 54.291416168 0.403481841 0.194582403 0.001642530 0.894056797
1403715941984058112.000000 -52.406894684 -22.284030914 54.266242981 0.401659817 0.182272896 -0.007848322 0.897432148
1403715942034057984.000000 -52.433864594 -22.238204956 54.231670380 0.398460954 0.160676420 -0.023168663 0.902704418
1403715942084058112.000000 -52.464179993 -22.187580109 54.195259094 0.395084262 0.132777065 -0.039915845 0.908121943
1403715942134057984.000000 -52.499969482 -22.127494812 54.151641846 0.391562760 0.100572996 -0.057210218 0.912847579
1403715942184058112.000000 -52.540832520 -22.063528061 54.106044769 0.387722582 0.067551039 -0.074041337 0.916311085
1403715942234057984.000000 -52.587146759 -22.000982285 54.065189362 0.383902550 0.034512594 -0.089591630 0.918368757
1403715942284058112.000000 -52.641098022 -21.931138992 54.018890381 0.379191846 -0.001885816 -0.105367884 0.919297338
1403715942334057984.000000 -52.699832916 -21.860651016 53.973365784 0.374503851 -0.034104645 -0.118734233 0.918959200
1403715942384058112.000000 -52.762275696 -21.791522980 53.930076599 -0.370424867 0.062597483 0.129392266 -0.917673469
1403715942434057984.000000 -52.830532074 -21.738048553 53.904220581 0.366956174 -0.084881432 -0.136693224 0.916216850
1403715942484058112.000000 -52.896968842 -21.672863007 53.866165161 0.364576191 -0.107307710 -0.142143726 0.913982749
1403715942534057984.000000 -52.962760925 -21.610769272 53.831611633 0.362111926 -0.125940055 -0.147609144 0.911715746
1403715942584058112.000000 -53.024642944 -21.551872253 53.804729462 0.359328389 -0.144514993 -0.154972658 0.908835530
1403715942634057984.000000 -53.086559296 -21.498414993 53.778682709 0.356415421 -0.159668207 -0.163540304 0.905940831
1403715942684058112.000000 -53.145938873 -21.450288773 53.758300781 -0.353995621 0.172050357 0.171255141 -0.903192937
1403715942734057984.000000 -53.202533722 -21.414268494 53.751300812 0.352671504 -0.179979816 -0.176939309 0.901067495
1403715942784058112.000000 -53.255115509 -21.379409790 53.742317200 0.352030545 -0.183940724 -0.181291834 0.899651945
1403715942834057984.000000 -53.304077148 -21.352371216 53.740867615 -0.352250397 0.184996545 0.183917269 -0.898816168
1403715942884058112.000000 -53.349864960 -21.337156296 53.751186371 0.353076309 -0.182968274 -0.185768172 0.898526549
1403715942934057984.000000 -53.392700195 -21.324686050 53.761920929 0.354399294 -0.180643484 -0.186578989 0.898308098
1403715942984058112.000000 -53.430999756 -21.320102692 53.778366089 0.355916888 -0.175423667 -0.187613934 0.898526967
1403715943034057984.000000 -53.464027405 -21.324424744 53.802127838 0.357477486 -0.168732941 -0.190277159 0.898628771
1403715943084058112.000000 -53.488475800 -21.335632324 53.829551697 0.358463377 -0.159620553 -0.195107549 0.898865044
1403715943134057984.000000 -53.504119873 -21.357242584 53.864120483 -0.360619843 0.147877842 0.195456475 -0.899934590
1403715943184058112.000000 -53.518413544 -21.384809494 53.898635864 0.364822775 -0.130545452 -0.191223949 0.901829064
1403715943234057984.000000 -53.523757935 -21.418649673 53.936531067 0.371215343 -0.107278250 -0.179512665 0.904690981
1403715943284058112.000000 -53.523429871 -21.458673477 53.975975037 -0.379069656 0.077918611 0.165238440 -0.907155514
1403715943334057984.000000 -53.520030975 -21.501304626 54.014823914 0.388140857 -0.046080537 -0.150379792 0.908079922
1403715943384058112.000000 -53.512935638 -21.546360016 54.053817749 -0.397268832 0.013533244 0.136449516 -0.907400608
1403715943434057984.000000 -53.504886627 -21.591192245 54.091129303 -0.406355351 -0.017823843 0.122419998 -0.905301571
1403715943484058112.000000 -53.499610901 -21.629140854 54.119964600 0.414409965 0.042357348 -0.111273788 0.902268469
1403715943534057984.000000 -53.495086670 -21.669677734 54.153934479 0.419895023 0.059389118 -0.103728630 0.899667501
1403715943584058112.000000 -53.492263794 -21.704750061 54.182880402 0.423326671 0.072900452 -0.098299712 0.897673249
1403715943634057984.000000 -53.490409851 -21.737518311 54.211071014 0.426121265 0.083945148 -0.092232823 0.896028519
1403715943684058112.000000 -53.488479614 -21.766124725 54.233528137 0.427434385 0.093864262 -0.086649083 0.894975543
1403715943734057984.000000 -53.487495422 -21.789203644 54.253261566 0.428719729 0.102622189 -0.078632042 0.894139349
1403715943784058112.000000 -53.486228943 -21.806282043 54.267684937 0.428685933 0.113652825 -0.071221247 0.893442214
1403715943834057984.000000 -53.484794617 -21.812799454 54.271167755 0.427385539 0.123365402 -0.065164857 0.893239200
1403715943884058112.000000 -53.481796265 -21.815662384 54.273395538 0.426240832 0.130812898 -0.059708256 0.893107951
1403715943934057984.000000 -53.476348877 -21.807706833 54.263820648 0.424092472 0.137068152 -0.056815665 0.893381178
1403715943984058112.000000 -53.469306946 -21.794036865 54.250667572 0.422457576 0.134356037 -0.056247931 0.894602835
1403715944034057984.000000 -53.463188171 -21.770689011 54.227348328 0.421632737 0.117265239 -0.060061265 0.897144020
1403715944084058112.000000 -53.457683563 -21.742206573 54.201599121 0.420933276 0.087317564 -0.069777809 0.900178909
1403715944134057984.000000 -53.452537537 -21.708103180 54.169952393 0.420600682 0.053974804 -0.082516931 0.901871860
1403715944184058112.000000 -53.449409485 -21.667091370 54.133071899 0.421459168 0.018715857 -0.095454462 0.901615381
1403715944234057984.000000 -53.446487427 -21.626651764 54.098312378 0.422401428 -0.020072795 -0.111335352 0.899321198
1403715944284058112.000000 -53.444896698 -21.585029602 54.064109802 0.423724174 -0.055355173 -0.128073275 0.894980907
1403715944334057984.000000 -53.439552307 -21.546051025 54.028709412 0.425924808 -0.083821610 -0.144801214 0.889153898
1403715944384058112.000000 -53.439853668 -21.505950928 53.998336792 0.429871589 -0.105587713 -0.160542727 0.882206202
1403715944434057984.000000 -53.441726685 -21.468715668 53.970275879 -0.435109675 0.124500319 0.174901485 -0.874407649
1403715944484058112.000000 -53.456020355 -21.430328369 53.952781677 -0.441901922 0.138772964 0.188299969 -0.866029978
1403715944534057984.000000 -53.457057953 -21.400741577 53.931129456 -0.449683309 0.151111335 0.200685740 -0.857132196
1403715944584058112.000000 -53.436374664 -21.389808655 53.910858154 0.457769424 -0.163053110 -0.210683197 0.848217845
1403715944634057984.000000 -53.431892395 -21.375194550 53.898880005 0.467828065 -0.169397473 -0.218895286 0.839360654
1403715944684058112.000000 -53.424652100 -21.367975235 53.891937256 0.478534102 -0.174693450 -0.224950120 0.830592990
1403715944734057984.000000 -53.413322449 -21.369461060 53.890792847 0.489266872 -0.178523526 -0.232139125 0.821497917
1403715944784058112.000000 -53.402229309 -21.376930237 53.893085480 0.500558674 -0.177163437 -0.240718558 0.812470794
1403715944834057984.000000 -53.383018494 -21.395771027 53.900505066 0.513059497 -0.170166820 -0.247195557 0.804181337
1403715944884058112.000000 -53.364017487 -21.419906616 53.910625458 0.527460039 -0.149958745 -0.251719713 0.797455668
1403715944934057984.000000 -53.337593079 -21.454845428 53.923835754 0.544076443 -0.120783247 -0.251896828 0.791163862
1403715944984058112.000000 -53.314270020 -21.491260529 53.938407898 0.561283410 -0.086991645 -0.246805787 0.785162628
1403715945034057984.000000 -53.289375305 -21.531501770 53.954109192 0.578296959 -0.048616666 -0.237095878 0.779098690
1403715945084058112.000000 -53.260353088 -21.577903748 53.967575073 0.593322098 -0.011060527 -0.224100590 0.773062408
1403715945134057984.000000 -53.237476349 -21.619802475 53.981922150 0.604593992 0.019603146 -0.211333558 0.767736971
1403715945184058112.000000 -53.215888977 -21.659896851 53.994827271 0.612596035 0.044266041 -0.201580361 0.762975812
1403715945234057984.000000 -53.192718506 -21.703201294 54.005393982 0.618467569 0.064254440 -0.191600189 0.759380460
1403715945284058112.000000 -53.174098969 -21.736713409 54.014884949 0.622782886 0.081018522 -0.182429165 0.756503284
1403715945334057984.000000 -53.153450012 -21.770099640 54.020378113 0.626251042 0.096413866 -0.171718955 0.754338562
1403715945384058112.000000 -53.135269165 -21.793792725 54.023502350 0.628620744 0.112365514 -0.161235616 0.752471328
1403715945434057984.000000 -53.117465973 -21.810829163 54.023101807 0.630657136 0.125925869 -0.149779066 0.750986397
1403715945484058112.000000 -53.099853516 -21.820791245 54.018959045 0.633006811 0.137403905 -0.136871159 0.749459088
1403715945534057984.000000 -53.083717346 -21.821727753 54.011505127 0.634006143 0.144402236 -0.127387196 0.748970509
1403715945584058112.000000 -53.072792053 -21.813936234 54.001342773 0.634217799 0.132587433 -0.127084509 0.751024604
1403715945634057984.000000 -53.064697266 -21.798694611 53.989295959 0.632034183 0.107819006 -0.137639418 0.754959166
1403715945684058112.000000 -53.058048248 -21.776363373 53.974781036 0.629014969 0.079397239 -0.150791258 0.758484244
1403715945734057984.000000 -53.051803589 -21.748390198 53.958381653 0.624487638 0.052926447 -0.165400758 0.761483252
1403715945784058112.000000 -53.045478821 -21.718404770 53.939506531 0.619172812 0.027182542 -0.181442052 0.763521373
1403715945834057984.000000 -53.032028198 -21.701435089 53.916648865 0.611515880 0.000560048 -0.200838655 0.765318215
1403715945884058112.000000 -53.035858154 -21.648857117 53.901584625 0.604889214 -0.023712806 -0.217732280 0.765597463
1403715945934057984.000000 -53.034393311 -21.607961655 53.883613586 0.597108781 -0.047936171 -0.235215157 0.765399992
1403715945984058112.000000 -53.017848969 -21.602659225 53.858669281 0.590977490 -0.070816442 -0.248685613 0.764124453
1403715946034057984.000000 -53.014034271 -21.572774887 53.839382172 -0.587088883 0.088122666 0.261736333 -0.760956764
1403715946084058112.000000 -53.009384155 -21.548118591 53.820289612 -0.585216701 0.101770386 0.272662252 -0.756848454
1403715946134057984.000000 -53.003139496 -21.532945633 53.800430298 -0.585004926 0.115167394 0.281892449 -0.751693010
1403715946184058112.000000 -52.995864868 -21.528610229 53.781272888 -0.585737407 0.126132742 0.292404920 -0.745319843
1403715946234057984.000000 -52.987907410 -21.531160355 53.762954712 -0.587531924 0.135686666 0.301091135 -0.738741875
1403715946284058112.000000 -52.979469299 -21.538524628 53.745433807 -0.590544283 0.141595617 0.307797372 -0.732440352
1403715946334057984.000000 -52.969093323 -21.554880142 53.728355408 -0.596496582 0.140034050 0.311809003 -0.726193845
1403715946384058112.000000 -52.956176758 -21.581134796 53.711772919 -0.605574787 0.128676251 0.311923712 -0.720711589
1403715946434057984.000000 -52.940704346 -21.615804672 53.694770813 -0.617341101 0.109073400 0.305968523 -0.716502845
1403715946484058112.000000 -52.924602509 -21.656806946 53.678047180 -0.630474150 0.084611371 0.294573665 -0.713140786
1403715946534057984.000000 -52.909072876 -21.703475952 53.660957336 0.643708527 -0.062055890 -0.278775394 0.709980845
1403715946584058112.000000 -52.892776489 -21.753723145 53.642524719 0.656698585 -0.038511187 -0.258980930 0.707243085
1403715946634057984.000000 -52.879219055 -21.798019409 53.624923706 0.668249428 -0.014394733 -0.239178032 0.704293489
1403715946684058112.000000 -52.864189148 -21.849555969 53.607215881 0.678749919 0.005764661 -0.218940079 0.700949728
1403715946734057984.000000 -52.859539032 -21.877334595 53.593612671 0.686716795 0.023962397 -0.203537375 0.697437048
1403715946784058112.000000 -52.846797943 -21.923639297 53.575366974 0.693139672 0.036338359 -0.189556077 0.694482088
1403715946834057984.000000 -52.826427460 -21.989353180 53.553794861 0.696961224 0.043570817 -0.180810571 0.692570746
1403715946884058112.000000 -52.825920105 -22.010875702 53.540458679 0.700871229 0.052564241 -0.172439694 0.690131307
1403715946934057984.000000 -52.817218781 -22.045469284 53.523792267 0.703768730 0.060545158 -0.165106490 0.688319564
1403715946984058112.000000 -52.810295105 -22.075010300 53.507568359 0.705172122 0.068663552 -0.159723908 0.687390685
1403715947034057984.000000 -52.802909851 -22.098737717 53.491340637 0.707074463 0.076239266 -0.151775941 0.686438203
1403715947084058112.000000 -52.799625397 -22.097726822 53.468341827 0.709937036 0.083718777 -0.140968665 0.684914947
1403715947134057984.000000 -52.791007996 -22.107852936 53.452610016 0.712432802 0.097128615 -0.124176845 0.683802366
1403715947184058112.000000 -52.783927917 -22.110952377 53.436988831 0.714054823 0.112140410 -0.107233234 0.682679474
1403715947234057984.000000 -52.779491425 -22.105653763 53.422500610 0.714723229 0.121350460 -0.094074056 0.682345152
1403715947284058112.000000 -52.777561188 -22.091672897 53.409759521 0.714250267 0.124894515 -0.087001927 0.683138788
1403715947334057984.000000 -52.779567719 -22.072847366 53.400085449 0.712625206 0.118833415 -0.088478103 0.685722768
1403715947384058112.000000 -52.783580780 -22.037883759 53.387592316 0.709476590 0.106401019 -0.099914804 0.689448297
1403715947434057984.000000 -52.792156219 -22.001686096 53.379261017 0.704426587 0.086440206 -0.119380116 0.694305182
1403715947484058112.000000 -52.801959991 -21.969980240 53.376022339 0.699156582 0.063051172 -0.140165552 0.698253810
1403715947534057984.000000 -52.819145203 -21.897531509 53.361679077 0.695495784 0.039578129 -0.158032537 0.699817836
1403715947584058112.000000 -52.833694458 -21.859731674 53.361816406 0.690894604 0.014290776 -0.174193889 0.701510489
1403715947634057984.000000 -52.852664948 -21.804117203 53.359409332 0.685166895 -0.012536360 -0.193433508 0.702120125
1403715947684058112.000000 -52.877128601 -21.743387222 53.358207703 0.679766357 -0.038493324 -0.209937304 0.701685369
1403715947734057984.000000 -52.891632080 -21.711452484 53.352642059 0.673192799 -0.062322941 -0.226282194 0.701230168
1403715947784058112.000000 -52.919246674 -21.659408569 53.352970123 0.667146981 -0.077375300 -0.241991162 0.700263023
1403715947834057984.000000 -52.944068909 -21.620788574 53.356163025 0.661744118 -0.087585367 -0.257075548 0.698810279
1403715947884058112.000000 -52.973274231 -21.577217102 53.359832764 -0.655970812 0.096452087 0.272945642 -0.697065234
1403715947934057984.000000 -53.002990723 -21.536983490 53.363876343 -0.650862873 0.105544880 0.287212640 -0.694799781
1403715947984058112.000000 -53.031883240 -21.502367020 53.366897583 -0.645907819 0.114179298 0.301346391 -0.692066908
1403715948034057984.000000 -53.059635162 -21.473678589 53.369255066 -0.641297817 0.123422563 0.314253628 -0.689020157
1403715948084058112.000000 -53.085998535 -21.453186035 53.371261597 -0.637072086 0.132832110 0.325532943 -0.685946941
1403715948134057984.000000 -53.129997253 -21.406299591 53.380485535 -0.634666443 0.136973858 0.334804446 -0.682892919
1403715948184058112.000000 -53.135406494 -21.440629959 53.376457214 -0.631892204 0.142522722 0.341577023 -0.680973351
1403715948234057984.000000 -53.177169800 -21.410926819 53.385238647 -0.633628666 0.140760645 0.341401666 -0.679813266
1403715948284058112.000000 -53.196010590 -21.430831909 53.386814117 -0.637091160 0.134758130 0.336226135 -0.680372834
1403715948334057984.000000 -53.212657928 -21.462114334 53.388717651 -0.643738031 0.123128764 0.324737430 -0.681899071
1403715948384058112.000000 -53.225826263 -21.501037598 53.389423370 -0.652578712 0.106305584 0.307956964 -0.684107304
1403715948434057984.000000 -53.221591949 -21.581851959 53.384216309 -0.660806358 0.088515550 0.288908720 -0.687045634
1403715948484058112.000000 -53.234779358 -21.631145477 53.385231018 0.668676376 -0.066521466 -0.270431668 0.689429879
1403715948534057984.000000 -53.247451782 -21.683212280 53.385498047 0.674859524 -0.045915995 -0.253156930 0.691641450
1403715948584058112.000000 -53.261077881 -21.737260818 53.387783051 0.680037975 -0.024262065 -0.235734642 0.693821967
1403715948634057984.000000 -53.275802612 -21.791801453 53.391029358 0.683604062 -0.007155742 -0.220854655 0.695598781
1403715948684058112.000000 -53.293155670 -21.837076187 53.394439697 0.686226308 0.009976298 -0.207154557 0.697195113
1403715948734057984.000000 -53.307762146 -21.887046814 53.397293091 0.688564062 0.026305916 -0.192929506 0.698545456
1403715948784058112.000000 -53.323749542 -21.933359146 53.400260925 0.689635038 0.039484918 -0.182157412 0.699759424
1403715948834057984.000000 -53.351280212 -21.954290390 53.408588409 0.691276968 0.050457425 -0.172643945 0.699845910
1403715948884058112.000000 -53.365867615 -21.994806290 53.411758423 0.692777216 0.058487706 -0.164295554 0.699747026
1403715948934057984.000000 -53.381397247 -22.027565002 53.412330627 0.695913672 0.064179614 -0.156119436 0.698005736
1403715948984058112.000000 -53.396198273 -22.055252075 53.412807465 0.700017214 0.070934512 -0.148515239 0.694901109
1403715949034057984.000000 -53.411060333 -22.072334290 53.413547516 0.705001593 0.076857693 -0.141750753 0.690631926
1403715949084058112.000000 -53.423500061 -22.089040756 53.413097382 0.709854722 0.079886094 -0.138257235 0.686009884
1403715949134057984.000000 -53.426788330 -22.111619949 53.408729553 0.714724123 0.077084534 -0.138670087 0.681174040
1403715949184058112.000000 -53.449077606 -22.093029022 53.411956787 0.719701827 0.070442617 -0.145679548 0.675162613
1403715949234057984.000000 -53.462848663 -22.085437775 53.413597107 0.722289443 0.056105696 -0.162806526 0.669809163
1403715949284058112.000000 -53.467811584 -22.091405869 53.409469604 0.724370122 0.037616406 -0.181748942 0.663958132
1403715949334057984.000000 -53.492858887 -22.049070358 53.414398193 0.726106822 0.019487476 -0.204106644 0.656299949
1403715949384058112.000000 -53.492313385 -22.056818008 53.410781860 0.724333227 -0.002622029 -0.228864014 0.650350511
1403715949434057984.000000 -53.516036987 -22.012952805 53.418960571 0.722928226 -0.021998741 -0.252558261 0.642732680
1403715949484058112.000000 -53.510246277 -22.028991699 53.413394928 0.720284343 -0.039962880 -0.273473591 0.636243403
1403715949534057984.000000 -53.520610809 -22.017309189 53.414283752 0.719227076 -0.054038648 -0.291135043 0.628516197
1403715949584058112.000000 -53.544448853 -21.973119736 53.420494080 0.720001042 -0.061353371 -0.306755155 0.619463921
1403715949634057984.000000 -53.537136078 -21.998022079 53.414733887 -0.721005201 0.072096854 0.318850935 -0.610972762
1403715949684058112.000000 -53.543544769 -21.994823456 53.412590027 -0.722788692 0.080154046 0.330751061 -0.601461172
1403715949734057984.000000 -53.550762177 -21.997112274 53.410018921 -0.724882126 0.086720116 0.342104316 -0.591599703
1403715949784058112.000000 -53.556968689 -22.006252289 53.405601501 -0.727177501 0.090213977 0.353356779 -0.581561148
1403715949834057984.000000 -53.562362671 -22.019908905 53.398330688 -0.730862737 0.089146227 0.361715972 -0.571886599
1403715949884058112.000000 -53.568073273 -22.042581558 53.388740540 -0.735119224 0.085301027 0.369312108 -0.562078297
1403715949934057984.000000 -53.573154449 -22.073455811 53.375709534 -0.740781963 0.077332325 0.374310285 -0.552407146
1403715949984058112.000000 -53.576896667 -22.109420776 53.360771179 -0.746594310 0.065245084 0.378548443 -0.543176949
1403715950034057984.000000 -53.581523895 -22.151706696 53.342472076 -0.753130853 0.052981853 0.381154776 -0.533580363
1403715950084058112.000000 -53.584945679 -22.200073242 53.319183350 -0.762437880 0.036516834 0.377523035 -0.524243653
1403715950134057984.000000 -53.587112427 -22.251253128 53.290832520 -0.774855196 0.016903870 0.364754945 -0.516011238
1403715950184058112.000000 -53.592025757 -22.296236038 53.259777069 0.787683249 -0.000552567 -0.346468985 0.509425282
1403715950234057984.000000 -53.606655121 -22.326360703 53.229782104 0.802228928 0.017383698 -0.320508391 0.503389537
1403715950284058112.000000 -53.610805511 -22.380092621 53.193981171 0.814895570 0.027294816 -0.293488592 0.499063849
1403715950334057984.000000 -53.614830017 -22.429679871 53.157176971 0.825394809 0.036061540 -0.268447310 0.495337367
1403715950384058112.000000 -53.615753174 -22.480060577 53.122383118 0.833876491 0.043030214 -0.244958356 0.492741197
1403715950434057984.000000 -53.619556427 -22.524009705 53.088008881 0.840402961 0.051149219 -0.224296778 0.490711391
1403715950484058112.000000 -53.612358093 -22.583866119 53.049293518 0.845407784 0.058751591 -0.204942420 0.489727050
1403715950534057984.000000 -53.627449036 -22.599239349 53.020866394 0.849467814 0.068724684 -0.187688991 0.488317788
1403715950584058112.000000 -53.632980347 -22.624553680 52.989780426 0.851468205 0.075016916 -0.176756397 0.487987190
1403715950634057984.000000 -53.634773254 -22.656188965 52.964973450 0.852981508 0.078480564 -0.167330623 0.488122880
1403715950684058112.000000 -53.636367798 -22.674926758 52.941768646 0.854439557 0.082582176 -0.158623591 0.487803191
1403715950734057984.000000 -53.633216858 -22.684707642 52.921943665 0.855803311 0.087019712 -0.149341911 0.487570912
1403715950784058112.000000 -53.629455566 -22.686061859 52.904243469 0.857157528 0.091201328 -0.141438365 0.486783803
1403715950834057984.000000 -53.624465942 -22.679603577 52.888736725 0.858664274 0.093753412 -0.134235859 0.485681832
1403715950884058112.000000 -53.616607666 -22.663890839 52.876647949 0.859446406 0.095973127 -0.130748704 0.484815300
1403715950934057984.000000 -53.611797333 -22.641559601 52.867485046 0.859777987 0.091965258 -0.133647084 0.484213531
1403715950984058112.000000 -53.603725433 -22.609317780 52.864429474 0.859076917 0.078917012 -0.146433324 0.484062254
1403715951034057984.000000 -53.595859528 -22.569679260 52.865345001 0.856078446 0.061652936 -0.168407306 0.484734625
1403715951084058112.000000 -53.588569641 -22.519794464 52.867370605 0.851698756 0.044017926 -0.193022832 0.485194743
1403715951134057984.000000 -53.582389832 -22.465991974 52.867767334 0.846845865 0.027321663 -0.218497410 0.484112173
1403715951184058112.000000 -53.576175690 -22.395950317 52.877426147 0.840511739 0.012243459 -0.247316465 0.481897086
1403715951234057984.000000 -53.566249847 -22.331714630 52.886825562 0.833396375 -0.003947847 -0.277089030 0.478180498
1403715951284058112.000000 -53.556648254 -22.266757965 52.896606445 0.826937735 -0.018414743 -0.303452104 0.473023981
1403715951334057984.000000 -53.534172058 -22.224216461 52.900630951 0.821068883 -0.033780899 -0.325841457 0.467474133
1403715951384058112.000000 -53.538448334 -22.142543793 52.914672852 -0.816857338 0.043127444 0.345756561 -0.459713519
1403715951434057984.000000 -53.527519226 -22.095718384 52.921257019 -0.812772453 0.052682366 0.363510251 -0.452201247
1403715951484058112.000000 -53.504219055 -22.062671661 52.919540405 -0.808700860 0.063030861 0.380190700 -0.444393098
1403715951534057984.000000 -53.493099213 -22.015037537 52.918930054 -0.805914342 0.071584441 0.394149810 -0.435917020
1403715951584058112.000000 -53.479019165 -21.981956482 52.914218903 -0.803940594 0.077098280 0.406683505 -0.427017599
1403715951634057984.000000 -53.485565186 -21.922065735 52.911998749 -0.803020179 0.081160188 0.417251378 -0.417699605
1403715951684058112.000000 -53.465167999 -21.917297363 52.893085480 -0.802497208 0.084673993 0.426205426 -0.408873558
1403715951734057984.000000 -53.467605591 -21.869747162 52.880252838 -0.803507924 0.086490691 0.432833076 -0.399437100
1403715951784058112.000000 -53.443706512 -21.892829895 52.850814819 -0.804787934 0.088765711 0.437608510 -0.391070127
1403715951834057984.000000 -53.452842712 -21.863613129 52.827468872 -0.808628559 0.087414637 0.438535273 -0.382315993
1403715951884058112.000000 -53.450012207 -21.864833832 52.791263580 -0.817049980 0.082170270 0.431062847 -0.373981655
1403715951934057984.000000 -53.439224243 -21.881298065 52.749790192 -0.831214964 0.073531695 0.411310643 -0.366740227
1403715951984058112.000000 -53.436161041 -21.897472382 52.701293945 -0.847579181 0.060863189 0.386640698 -0.358349293
1403715952034057984.000000 -53.430561066 -21.919570923 52.651939392 -0.864120007 0.047843825 0.359108508 -0.349354595
1403715952084058112.000000 -53.424755096 -21.944664001 52.601799011 -0.880759656 0.035494678 0.327792972 -0.339932978
1403715952134057984.000000 -53.402172089 -22.004806519 52.546314240 0.895438671 -0.024373459 -0.297313511 0.330454677
1403715952184058112.000000 -53.410854340 -21.998493195 52.502494812 0.907398641 -0.012779134 -0.273405284 0.318926424
1403715952234057984.000000 -53.405326843 -22.021354675 52.455902100 0.916966498 -0.005811023 -0.252340108 0.308971167
1403715952284058112.000000 -53.409343719 -22.053993225 52.420238495 0.924397171 -0.000284471 -0.235636458 0.299942255
1403715952334057984.000000 -53.404312134 -22.075393677 52.382400513 0.930386782 0.004414184 -0.221886471 0.291766018
1403715952384058112.000000 -53.398105621 -22.094802856 52.349281311 0.935354829 0.008831206 -0.209939063 0.284533083
1403715952434057984.000000 -53.390613556 -22.111858368 52.321533203 0.939810395 0.012850579 -0.197805882 0.278324097
1403715952484058112.000000 -53.382316589 -22.126152039 52.299064636 0.943391860 0.015382784 -0.189996973 0.271433860
1403715952534057984.000000 -53.372112274 -22.137508392 52.282394409 0.946588814 0.019646512 -0.183454514 0.264439225
1403715952584058112.000000 -53.359725952 -22.145717621 52.271354675 0.949976325 0.022423802 -0.176159933 0.256924033
1403715952634057984.000000 -53.344970703 -22.150707245 52.266685486 0.953509688 0.024339681 -0.166758373 0.249837205
1403715952684058112.000000 -53.327220917 -22.152240753 52.269042969 0.956973851 0.027604170 -0.154567093 0.244024888
1403715952734057984.000000 -53.306625366 -22.149913788 52.279212952 0.960361063 0.032084122 -0.140076071 0.238863796
1403715952784058112.000000 -53.283691406 -22.143535614 52.297534943 0.963174701 0.036553435 -0.126510799 0.234421372
1403715952834057984.000000 -53.258575439 -22.133182526 52.324100494 0.965058088 0.039616797 -0.116944037 0.231122524
1403715952884058112.000000 -53.233600616 -22.118713379 52.360248566 0.964846849 0.038425524 -0.122819446 0.229149535
1403715952934057984.000000 -53.208656311 -22.100109100 52.405838013 0.962052464 0.032311529 -0.146363586 0.228010505
1403715952984058112.000000 -53.184204102 -22.078052521 52.459518433 0.956845641 0.024212282 -0.180158436 0.226722553
1403715953034057984.000000 -53.160717010 -22.053310394 52.519321442 0.950035810 0.014873218 -0.216607913 0.224258438
1403715953084058112.000000 -53.139286041 -22.026557922 52.584789276 0.941359997 0.004701626 -0.254456162 0.221520454
1403715953134057984.000000 -53.405254364 -22.259403229 53.286972046 0.931233227 -0.004527546 -0.291886479 0.218143255
1403715953184058112.000000 -53.410881042 -22.251029968 53.408737183 -0.920168877 0.014178495 0.326233178 -0.216009766
1403715953234057984.000000 -53.418640137 -22.244190216 53.533241272 -0.909653723 0.021047942 0.355085701 -0.214479119
1403715953284058112.000000 -53.415187836 -22.246177673 53.663162231 -0.900759578 0.026818207 0.377695680 -0.212741762
1403715953334057984.000000 -53.216754913 -21.834724426 54.020137787 -0.893766820 0.031724162 0.395299405 -0.209554106
1403715953384058112.000000 -53.205318451 -21.841423035 54.160072327 -0.886208177 0.036509044 0.413118184 -0.206483811
1403715953434057984.000000 -53.221862793 -21.803081512 54.309654236 -0.879711628 0.040042233 0.428962559 -0.201234341
1403715953484058112.000000 -53.229949951 -21.788055420 54.451137543 -0.874374986 0.043309633 0.442372710 -0.194676951
1403715953534057984.000000 -53.238166809 -21.776687622 54.588462830 -0.869880795 0.045469500 0.454424590 -0.186382353
1403715953584058112.000000 -53.246120453 -21.769458771 54.721000671 -0.865953982 0.046517577 0.465539873 -0.176727459
1403715953634057984.000000 -53.253532410 -21.766574860 54.847476959 -0.863029540 0.046272077 0.474918574 -0.165805206
1403715953684058112.000000 -53.270111084 -21.766708374 54.967765808 -0.860690713 0.045371383 0.483076155 -0.154241532
1403715953734057984.000000 -53.296596527 -21.782104492 55.078968048 -0.858973563 0.044103209 0.489486933 -0.143603280
1403715953784058112.000000 -53.305503845 -21.793403625 55.184120178 -0.858189166 0.040082794 0.493836373 -0.134277716
1403715953834057984.000000 -53.313583374 -21.809211731 55.281097412 -0.860088468 0.032582588 0.493351847 -0.125659212
1403715953884058112.000000 -53.321041107 -21.829177856 55.370021820 -0.864612818 0.018605823 0.488141239 -0.117544040
1403715953934057984.000000 -53.329437256 -21.852212906 55.452293396 -0.871914744 -0.001649106 0.477257848 -0.109484978
1403715953984058112.000000 -53.338989258 -21.877229691 55.529190063 -0.882708192 -0.027026238 0.457946390 -0.101887010
1403715954034057984.000000 -53.353042603 -21.901372910 55.603179932 -0.894204378 -0.054013170 0.434052110 -0.095288530
1403715954084058112.000000 -53.373634338 -21.932849884 55.675544739 -0.905965269 -0.070566386 0.407441169 -0.090769231
1403715954134057984.000000 -53.392097473 -21.954408646 55.748313904 -0.917735815 -0.083506398 0.378411114 -0.087135881
1403715954184058112.000000 -53.407672882 -21.967218399 55.821060181 -0.929226816 -0.090908945 0.347984582 -0.084734038
1403715954234057984.000000 -53.427093506 -21.983201981 55.896141052 0.939757884 0.092652909 -0.318212301 0.083734818
1403715954284058112.000000 -53.446731567 -21.996067047 55.974636078 0.948761165 0.089712925 -0.291219890 0.083635055
1403715954334057984.000000 -53.466300964 -22.005897522 56.057960510 0.956682026 0.080780499 -0.266847879 0.083823256
1403715954384058112.000000 -53.485710144 -22.012916565 56.147045135 0.963758528 0.065761238 -0.244586125 0.083800621
1403715954434057984.000000 -53.542045593 -22.075416565 56.386634827 0.970044196 0.050088871 -0.222221628 0.084397830
1403715954484058112.000000 -53.564559937 -22.086620331 56.504814148 0.975330770 0.039134357 -0.200250834 0.084249757
1403715954534057984.000000 -53.585075378 -22.096988678 56.632713318 0.979636729 0.033162490 -0.179296494 0.084053434
1403715954584058112.000000 -53.603591919 -22.107009888 56.771057129 0.983182728 0.030272175 -0.159557626 0.083526842
1403715954634057984.000000 -53.620552063 -22.116409302 56.921062469 0.985750318 0.027868656 -0.143756405 0.082787313
1403715954684058112.000000 -53.636039734 -22.125232697 57.083457947 0.987645745 0.025668148 -0.131220087 0.081721656
1403715954734057984.000000 -53.650905609 -22.133731842 57.259319305 0.988096118 0.024826009 -0.128315851 0.081147514
1403715954784058112.000000 -53.664772034 -22.142078400 57.447887421 0.987563610 0.024244299 -0.132702813 0.080748841
1403715954834057984.000000 -53.673706055 -22.150279999 57.649490356 0.985734224 0.022414586 -0.145874009 0.080910675
1403715954884058112.000000 -53.684654236 -22.158584595 57.862808228 0.983123422 0.021980792 -0.162305757 0.081498578
1403715954934057984.000000 -53.694564819 -22.166988373 58.087501526 0.978921115 0.019754423 -0.185896933 0.082253434
1403715954984058112.000000 -53.703079224 -22.175388336 58.322460175 0.973164082 0.019131938 -0.213438541 0.083843559
1403715955034057984.000000 -53.710247040 -22.183933258 58.565937042 0.966974437 0.016937977 -0.239610747 0.085207984
1403715955084058112.000000 -53.714920044 -22.192306519 58.817317963 0.960128188 0.014291924 -0.265315562 0.086933196
1403715955134057984.000000 -53.712692261 -22.209476471 59.074523926 -0.952289522 -0.007785751 0.291976362 -0.088509619
1403715955184058112.000000 -53.719062805 -22.220165253 59.336917877 -0.943638921 0.000661505 0.318485230 -0.090069026
1403715955234057984.000000 -53.725856781 -22.232700348 59.603069305 -0.934025049 0.009143471 0.345136523 -0.091621473
1403715955284058112.000000 -53.166450500 -22.197383881 59.789813995 -0.925831020 0.009289963 0.366145164 -0.093211956
1403715955334057984.000000 -53.127162933 -22.212917328 60.052276611 -0.917568684 0.012470035 0.385910481 -0.094790921
1403715955384058112.000000 -53.086463928 -22.231304169 60.313968658 -0.910177529 0.016301384 0.402490050 -0.096503638
1403715955434057984.000000 -52.949989319 -22.235031128 60.655540466 -0.902946115 0.019237909 0.418015659 -0.097884186
1403715955484058112.000000 -52.900848389 -22.259689331 60.918609619 -0.896160364 0.025123768 0.432088763 -0.097800069
1403715955534057984.000000 -52.862731934 -22.205055237 61.265121460 -0.889265120 0.034621913 0.445731044 -0.096605733
1403715955584058112.000000 -52.812759399 -22.233127594 61.525482178 -0.882975578 0.042617783 0.457960337 -0.093862951
1403715955634057984.000000 -52.761680603 -22.265819550 61.780601501 -0.877606928 0.047808409 0.468553215 -0.089321077
1403715955684058112.000000 -52.668678284 -22.288871765 62.178176880 -0.873930693 0.048974402 0.476389229 -0.083066866
1403715955734057984.000000 -52.612297058 -22.332969666 62.427536011 -0.875300109 0.043410681 0.475861311 -0.074305743
1403715955784058112.000000 -52.605461121 -22.248832703 62.741142273 -0.883456528 0.035724189 0.462722063 -0.064162247
1403715955834057984.000000 -52.546733856 -22.294635773 62.980327606 -0.897001028 0.029229265 0.437847286 -0.053147040
1403715955884058112.000000 -52.428268433 -22.403684616 63.393032074 -0.911256075 0.020580458 0.409317970 -0.040591985
1403715955934057984.000000 -52.238918304 -22.670555115 63.488227844 -0.924667299 0.015452239 0.379518867 -0.026779622
1403715955984058112.000000 -52.085906982 -22.960779190 63.607063293 -0.937379479 0.008370954 0.348010153 -0.011771086
1403715956034057984.000000 -51.274234772 -24.063100815 62.912826538 -0.948826432 -0.000275170 0.315756947 0.005095764
1403715956084058112.000000 -51.149124146 -24.204977036 63.105197906 -0.957118809 -0.010576264 0.288667321 0.021975407
1403715956134057984.000000 -51.020236969 -24.348503113 63.303485870 -0.962476313 -0.019198520 0.267885208 0.038837139
1403715956184058112.000000 -50.888225555 -24.495586395 63.507053375 0.966246724 0.026694348 -0.250034392 -0.056013856
1403715956234057984.000000 -50.752906799 -24.645999908 63.716953278 0.968144000 0.032302808 -0.237156332 -0.073557727
1403715956284058112.000000 -50.613815308 -24.799936295 63.933578491 0.968416810 0.035281226 -0.229387939 -0.091133639
1403715956334057984.000000 -50.469329834 -24.957195282 64.157089233 0.968918622 0.035398033 -0.219026953 -0.109411858
1403715956384058112.000000 -50.319366455 -25.117986679 64.388031006 0.969618559 0.033504225 -0.205851212 -0.127838075
1403715956434057984.000000 -50.163513184 -25.282947540 64.626716614 0.970658302 0.029393697 -0.188549355 -0.146313742
1403715956484058112.000000 -50.002128601 -25.452596664 64.873809814 0.971414924 0.024476105 -0.169507369 -0.164381385
1403715956534057984.000000 -49.836082458 -25.627895355 65.129852295 0.971150279 0.019861750 -0.153922454 -0.181054100
1403715956584058112.000000 -49.665084839 -25.809604645 65.395057678 0.970210075 0.015428647 -0.142094791 -0.195610344
1403715956634057984.000000 -49.489376068 -25.998399734 65.670150757 0.968719006 0.010362495 -0.135287106 -0.207782254
1403715956684058112.000000 -49.310192108 -26.194450378 65.955459595 0.966402471 0.008657710 -0.137669936 -0.216883481
1403715956734057984.000000 -49.127304077 -26.397998810 66.250656128 0.962999344 0.005122737 -0.149015009 -0.224500731
1403715956784058112.000000 -48.940093994 -26.609174728 66.554290771 0.959009111 0.003063776 -0.165090412 -0.230298579
1403715956834057984.000000 -48.749149323 -26.827823639 66.865676880 0.954564393 0.001000727 -0.184148863 -0.234296903
1403715956884058112.000000 -48.554763794 -27.053382874 67.183181763 0.949349999 0.000840424 -0.206465587 -0.236866832
1403715956934057984.000000 -48.357383728 -27.285785675 67.505836487 0.943583906 0.002627260 -0.230161369 -0.238051146
1403715956984058112.000000 -48.158279419 -27.524599075 67.832664490 0.936648250 0.005749312 -0.256775379 -0.238167152
1403715957034057984.000000 -47.958305359 -27.769414902 68.162689209 0.929320097 0.010458570 -0.282810360 -0.237219691
1403715957084058112.000000 -47.757884979 -28.019508362 68.494743347 0.922179043 0.014807361 -0.306474686 -0.235456601
1403715963434057984.000000 -1.027885914 0.644117475 0.832749963 0.113401823 -0.189369544 -0.045892052 0.974255145
1403715963484058112.000000 -1.035886645 0.653386354 0.891076863 0.127442092 -0.168008521 -0.046851050 0.976389647
1403715963534057984.000000 -1.069209218 0.661810398 0.915700614 0.141836539 -0.129802406 -0.048905741 0.980123520
1403715963584058112.000000 -1.101745725 0.668096423 0.944120884 0.156307995 -0.095192626 -0.049547896 0.981861115
1403715963634057984.000000 -1.130922437 0.668847799 0.969581664 0.168989763 -0.064916037 -0.053107537 0.982042789
1403715963684058112.000000 -1.226525903 0.668157399 0.956122160 0.181039810 -0.016611768 -0.060222708 0.981489658
1403715963734057984.000000 -1.255069733 0.668876529 0.982353926 0.191480726 0.001198781 -0.063054614 0.979468226
1403715963784058112.000000 -1.286069155 0.670662463 1.010496974 0.200772658 0.011345569 -0.062372625 0.977584422
1403715963834057984.000000 -1.309195399 0.674539745 1.029651761 0.209270582 0.017262358 -0.061849110 0.975747228
1403715963884058112.000000 -1.329637885 0.685293078 1.041838169 0.216678530 0.018226599 -0.060933687 0.974169016
1403715963934057984.000000 -1.357235789 0.679518104 1.061223865 0.221367225 0.014790707 -0.062006429 0.973104894
1403715963984058112.000000 -1.377152562 0.679926336 1.059074998 0.226155773 0.012511652 -0.063077882 0.971966207
1403715964034057984.000000 -1.383640289 0.686120629 1.076548100 0.228506550 -0.005117477 -0.065815322 0.971301675
1403715964084058112.000000 -1.409053087 0.687988520 1.071664929 0.228909492 -0.016030174 -0.076470509 0.970307112
1403715964134057984.000000 -1.412198544 0.687850833 1.071143627 0.225716874 -0.035977662 -0.094118252 0.968968153
1403715964184058112.000000 -1.417692184 0.685794175 1.069677591 0.224155247 -0.052661840 -0.103636287 0.967595339
1403715964234057984.000000 -1.417917728 0.687453032 1.069172502 0.224903345 -0.059097663 -0.107875332 0.966586232
1403715964284058112.000000 -1.404848814 0.686090708 1.063729286 0.228733405 -0.056680426 -0.101263225 0.966547549
1403715964334057984.000000 -1.392744064 0.679609537 1.061262131 0.231543168 -0.051219381 -0.095955782 0.966724813
1403715964384058112.000000 -1.374525547 0.669841051 1.062733769 0.234549195 -0.043673050 -0.089641139 0.966976643
1403715964434057984.000000 -1.360276937 0.661974967 1.056997418 0.236586541 -0.039856769 -0.085541420 0.967016518
1403715964484058112.000000 -1.343042731 0.653106451 1.059579134 0.238021553 -0.038522311 -0.083216764 0.966921270
1403715964534057984.000000 -1.322903037 0.640166402 1.059567571 0.237151653 -0.036794737 -0.084269509 0.967111111
1403715964584058112.000000 -1.312861323 0.626522839 1.064380527 0.237204149 -0.035947938 -0.084716536 0.967091024
1403715964634057984.000000 -1.295397282 0.612869143 1.065675020 0.239088103 -0.033886053 -0.081149876 0.967007399
1403715964684058112.000000 -1.281078339 0.600624919 1.071339607 0.242502406 -0.030974673 -0.073628128 0.966856837
1403715964734057984.000000 -1.262666464 0.582554460 1.071253896 0.244858220 -0.027190972 -0.066664189 0.966882110
1403715964784058112.000000 -1.226126075 0.570553184 1.063501239 0.247537360 -0.027771056 -0.054228887 0.966960907
1403715964834057984.000000 -1.203807235 0.553492725 1.068559289 0.252249926 -0.021247076 -0.043537471 0.966448665
1403715964884058112.000000 -1.173122644 0.541440845 1.066203475 0.256376803 -0.012579792 -0.036295541 0.965813339
1403715964934057984.000000 -1.153311253 0.533833623 1.071704149 0.259667277 -0.001760502 -0.033459038 0.965116799
1403715964984058112.000000 -1.126155615 0.519701540 1.071938515 0.262372226 0.008209443 -0.031723224 0.964410305
1403715965034057984.000000 -1.094198704 0.517956674 1.065021157 0.263763726 0.013749756 -0.030816408 0.963996947
1403715965084058112.000000 -1.086350441 0.512024462 1.073350787 0.266397297 0.028587999 -0.031705905 0.962917447
1403715965134057984.000000 -1.062496185 0.504505873 1.069577456 0.267785311 0.040169612 -0.031966757 0.962109983
1403715965184058112.000000 -1.055259228 0.506106555 1.077796578 0.267750949 0.037561484 -0.040102914 0.961920142
1403715965234057984.000000 -1.039839506 0.511354685 1.064411998 0.265420914 0.020155048 -0.052268293 0.962503850
1403715965284058112.000000 -1.044681907 0.517210782 1.063008904 0.261542410 -0.004358477 -0.066107020 0.962915659
1403715965334057984.000000 -1.050709605 0.518455744 1.064091921 0.256264597 -0.034323342 -0.080710568 0.962619483
1403715965384058112.000000 -1.042184234 0.520112991 1.057563305 0.250893593 -0.067413226 -0.091440171 0.961325467
1403715965434057984.000000 -1.049384475 0.529029012 1.046561122 0.246421933 -0.087874182 -0.100797489 0.959892869
1403715965484058112.000000 -1.058399916 0.536560833 1.052444935 0.243170738 -0.105163574 -0.109935112 0.957978606
1403715965534057984.000000 -1.018922687 0.538712919 1.060382128 0.236932635 -0.138215691 -0.112685040 0.955019116
1403715965584058112.000000 -1.008250594 0.532355487 1.064519048 0.233503491 -0.148735151 -0.116229936 0.953857720
1403715965634057984.000000 -0.987437546 0.527574003 1.083457351 0.232083470 -0.145956725 -0.116788305 0.954565108
1403715965684058112.000000 -0.963446796 0.514675856 1.102528691 -0.232922450 0.127652928 0.114109807 -0.957303941
1403715965734057984.000000 -0.935840726 0.499707341 1.125472784 0.235832125 -0.098029599 -0.108269192 0.960755587
1403715965784058112.000000 -0.906513631 0.480950475 1.151164770 0.239805251 -0.064212188 -0.099879973 0.963532209
1403715965834057984.000000 -0.866610885 0.463744581 1.177254200 0.244938418 -0.029265046 -0.089114644 0.964990854
1403715965884058112.000000 -0.838581622 0.442738712 1.203286886 -0.248953834 -0.004297801 0.079284318 -0.965255141
1403715965934057984.000000 -0.819666028 0.425825834 1.234332204 0.252055824 0.034500238 -0.071722791 0.964434266
1403715965984058112.000000 -0.796025872 0.406647086 1.256335616 0.254075676 0.059330061 -0.066873737 0.963043809
1403715966034057984.000000 -0.775175571 0.390282691 1.275968671 0.256560564 0.076890051 -0.062475007 0.961437225
1403715966084058112.000000 -0.754833639 0.374871373 1.289536476 0.259164751 0.098371528 -0.057784922 0.959071279
1403715966134057984.000000 -0.732429743 0.359146118 1.290933132 0.262205690 0.120150678 -0.050396942 0.956175864
1403715966184058112.000000 -0.715284646 0.350180119 1.291374445 0.264518112 0.133229300 -0.046851087 0.953983843
1403715966234057984.000000 -0.702034950 0.345211238 1.286525846 0.265271187 0.133944526 -0.047399651 0.953647375
1403715966284058112.000000 -0.690654635 0.344152182 1.273312807 0.263929367 0.120798074 -0.052049689 0.955531240
1403715966334057984.000000 -0.683744550 0.346387744 1.256267905 0.261825681 0.093488269 -0.058735650 0.958779097
1403715966384058112.000000 -0.676279306 0.352111697 1.231431723 0.258255243 0.064421572 -0.066239208 0.961647749
1403715966434057984.000000 -0.671815395 0.358941793 1.204626799 0.253390878 0.033346511 -0.074838847 0.963888109
1403715966484058112.000000 -0.667214334 0.367753357 1.173434019 -0.247315228 0.002984227 0.083500363 -0.965325892
1403715966534057984.000000 -0.670239091 0.378862321 1.149925590 0.240409419 -0.041979689 -0.092616566 0.965330660
1403715966584058112.000000 -0.666515529 0.387001038 1.118057013 0.233734131 -0.075057246 -0.099215366 0.964308679
1403715966634057984.000000 -0.666366816 0.386920452 1.081814528 0.226566076 -0.103054971 -0.103660002 0.962965250
1403715966684058112.000000 -0.660409510 0.390346169 1.055430174 0.220864311 -0.124400459 -0.106664024 0.961439729
1403715966734057984.000000 -0.654604912 0.390426457 1.035617948 0.216025114 -0.140179738 -0.108362287 0.960177302
1403715966784058112.000000 -0.646703899 0.387323141 1.019027710 0.211730719 -0.154590145 -0.110030256 0.958731174
1403715966834057984.000000 -0.624647558 0.381596655 1.011345148 0.209042534 -0.163270712 -0.111593939 0.957700729
1403715966884058112.000000 -0.610235214 0.370269507 1.007237434 0.207207143 -0.159143165 -0.112486348 0.958689511
1403715966934057984.000000 -0.589113951 0.354039192 1.010368824 0.207909033 -0.140197039 -0.108673938 0.961929619
1403715966984058112.000000 -0.567301691 0.334574431 1.017204881 0.209699795 -0.114146575 -0.103311695 0.965568900
1403715967034057984.000000 -0.542580068 0.312017024 1.029258132 0.211653933 -0.082340293 -0.099588528 0.968764603
1403715967084058112.000000 -0.517584622 0.287032157 1.041780472 0.214934275 -0.047558244 -0.091125354 0.971204281
1403715967134057984.000000 -0.494782984 0.263480961 1.062714338 0.217719510 -0.012612502 -0.084706992 0.972246826
1403715967184058112.000000 -0.470722079 0.237294972 1.074665189 0.219864711 0.019782184 -0.077756964 0.972225308
1403715967234057984.000000 -0.440435737 0.209824234 1.080658078 0.221628383 0.052590463 -0.069800235 0.971207023
1403715967284058112.000000 -0.419040859 0.185279220 1.086394787 0.223767847 0.084791452 -0.061561156 0.968993604
1403715967334057984.000000 -0.399471581 0.162701696 1.086618066 0.224854708 0.114330418 -0.054213218 0.966141820
1403715967384058112.000000 -0.379706651 0.142672181 1.083431482 0.226640746 0.132535905 -0.046707667 0.963787675
1403715967434057984.000000 -0.366670370 0.125461087 1.070791841 0.226381540 0.141007334 -0.043701146 0.962786853
1403715967484058112.000000 -0.357643127 0.111309916 1.050817370 0.227462500 0.138463438 -0.040605970 0.963036835
1403715967534057984.000000 -0.347584963 0.100777715 1.027118087 0.231441051 0.128646821 -0.037039150 0.963593841
1403715967584058112.000000 -0.344758451 0.092923328 0.992914379 0.237301648 0.112181403 -0.033963360 0.964339018
1403715967634057984.000000 -0.345146507 0.088954888 0.953851402 0.244632855 0.088996544 -0.033034027 0.964957595
1403715967684058112.000000 -0.339059293 0.088684708 0.904811203 0.253894269 0.061539937 -0.032826304 0.964713991
1403715967734057984.000000 -0.342418641 0.090283804 0.856882691 0.264634103 0.033940166 -0.030693401 0.963262618
1403715967784058112.000000 -0.347165048 0.095312975 0.807800829 0.275231749 0.003494882 -0.030975442 0.960872471
1403715967834057984.000000 -0.349821955 0.103372730 0.758308172 0.285916626 -0.028419737 -0.031512324 0.957314491
1403715967884058112.000000 -0.356858999 0.113898009 0.709487736 0.296167672 -0.053689551 -0.033226956 0.953046799
1403715967934057984.000000 -0.364449263 0.126535535 0.664431691 0.304501206 -0.076021254 -0.037857588 0.948718429
1403715967984058112.000000 -0.370071769 0.143841475 0.630888820 0.309556395 -0.095313229 -0.049346477 0.944804370
1403715968034057984.000000 -0.381309241 0.159731328 0.594248891 0.311598688 -0.113337442 -0.066452853 0.941087127
1403715968084058112.000000 -0.392420590 0.176030457 0.563627601 -0.311717749 0.128611058 0.085567698 -0.937533736
1403715968134057984.000000 -0.399809182 0.191417947 0.540239930 0.311454207 -0.141145855 -0.102969617 0.934061825
1403715968184058112.000000 -0.410411030 0.204836294 0.520987451 0.311567038 -0.146824956 -0.115777880 0.931645811
1403715968234057984.000000 -0.419341385 0.215326935 0.507631600 0.313109517 -0.141675472 -0.121925309 0.931141675
1403715968284058112.000000 -0.422544122 0.223792017 0.500287771 0.316398621 -0.124489442 -0.122526407 0.932406366
1403715968334057984.000000 -0.430948704 0.229302034 0.496106267 0.320144713 -0.102730423 -0.118644930 0.934278965
1403715968384058112.000000 -0.442807794 0.231544822 0.495613188 -0.323267817 0.079031952 0.114405684 -0.936035931
1403715968434057984.000000 -0.455137551 0.234068006 0.497451901 -0.327096909 0.054859459 0.106358610 -0.937382460
1403715968484058112.000000 -0.468081951 0.237591773 0.501255333 0.330082983 -0.031187868 -0.099452309 0.938180029
1403715968534057984.000000 -0.477752626 0.238706172 0.511943996 0.333040327 -0.009496778 -0.091291994 0.938434720
1403715968584058112.000000 -0.496597022 0.242118329 0.519060850 0.335014582 0.012919961 -0.085004084 0.938281715
1403715968634057984.000000 -0.517934680 0.246385753 0.526393652 0.336677432 0.034050927 -0.078929909 0.937688112
1403715968684058112.000000 -0.539869130 0.252621889 0.533544838 0.337448090 0.053897627 -0.073750533 0.936901689
1403715968734057984.000000 -0.564365029 0.262025625 0.536730468 0.338050812 0.071539260 -0.069840468 0.935802460
1403715968784058112.000000 -0.588023365 0.275638700 0.534447074 0.339323342 0.086269811 -0.065679446 0.934400082
1403715968834057984.000000 -0.614489079 0.292508662 0.529535532 0.339936107 0.099411286 -0.062693462 0.933075726
1403715968884058112.000000 -0.642491400 0.314034760 0.519891500 0.340696752 0.107520640 -0.060221493 0.932061374
1403715968934057984.000000 -0.669324875 0.340751946 0.500754654 0.341347784 0.110290654 -0.059077911 0.931572556
1403715968984058112.000000 -0.701580882 0.370773613 0.481708527 0.341599405 0.103386126 -0.060965210 0.932150483
1403715969034057984.000000 -0.736810088 0.404869854 0.458609730 0.341024846 0.084378302 -0.067397445 0.933830798
1403715969084058112.000000 -0.773819506 0.442459434 0.429226488 0.338913202 0.055075984 -0.077408791 0.936008751
1403715969134057984.000000 -0.813520074 0.483278006 0.399782181 0.334515691 0.016582701 -0.091749594 0.937766731
1403715969184058112.000000 -0.854186654 0.525701165 0.368827522 0.329083443 -0.027864268 -0.107221991 0.937779963
1403715969234057984.000000 -0.888984323 0.573468983 0.326586574 0.322978497 -0.068153396 -0.121054038 0.936154902
1403715969284058112.000000 -0.925130606 0.614482105 0.296767324 0.316423982 -0.103327386 -0.132936165 0.933556318
1403715969334057984.000000 -0.957215846 0.652982891 0.269109577 -0.310740769 0.130734637 0.141996816 -0.930690944
1403715969384058112.000000 -0.987680495 0.682045817 0.255018771 0.304716945 -0.153685331 -0.151388898 0.927690625
1403715969434057984.000000 -1.014335036 0.711262345 0.237440497 0.299365312 -0.173390165 -0.158960357 0.924688041
1403715969484058112.000000 -1.036976099 0.734463215 0.226168066 0.294006050 -0.186409459 -0.168571770 0.922168911
1403715969534057984.000000 -1.057008386 0.751449406 0.221184939 0.289005399 -0.191534266 -0.180887014 0.920364320
1403715969584058112.000000 -1.070038080 0.759713709 0.223690271 0.285114735 -0.185862929 -0.196195528 0.919604242
1403715969634057984.000000 -1.077826619 0.758335769 0.231973916 -0.282770246 0.172328606 0.210194901 -0.919870675
1403715969684058112.000000 -1.082348347 0.748351574 0.245052904 -0.281621039 0.155255303 0.221639290 -0.920576632
1403715969734057984.000000 -1.088495612 0.730333686 0.262974620 0.281451672 -0.133370340 -0.231013805 0.921753764
1403715969784058112.000000 -1.086211443 0.702369332 0.282366008 0.283662707 -0.109303370 -0.233422041 0.923635483
1403715969834057984.000000 -1.082104206 0.667183518 0.302008659 -0.288330644 0.082097225 0.228359595 -0.926270723
1403715969884058112.000000 -1.080581784 0.623946428 0.325105309 0.295778424 -0.058068816 -0.213289663 0.929328084
1403715969934057984.000000 -1.074671268 0.576536298 0.344331473 0.305749595 -0.035267863 -0.189746588 0.932346344
1403715969984058112.000000 -1.068091989 0.525617063 0.361647874 0.316489607 -0.010629946 -0.163968623 0.934256732
1403715970034057984.000000 -1.071947694 0.477319419 0.371142924 0.325353831 0.011232029 -0.142521590 0.934722602
1403715970084058112.000000 -1.066790223 0.424242139 0.383853287 0.332927644 0.031281970 -0.124328792 0.934196413
1403715970134057984.000000 -1.062751770 0.372207433 0.393735886 0.338961124 0.050040673 -0.110378958 0.932961822
1403715970184058112.000000 -1.060106397 0.322577745 0.399834812 0.344306558 0.069339029 -0.097213224 0.931232929
1403715970234057984.000000 -1.062081218 0.268756032 0.408794731 0.350080937 0.089392349 -0.083143890 0.928730071
1403715970284058112.000000 -1.060686707 0.225771844 0.405707449 0.355190635 0.107860960 -0.069939561 0.925912619
1403715970334057984.000000 -1.060778141 0.187781200 0.397375107 0.359469384 0.122503996 -0.058197033 0.923248470
1403715970384058112.000000 -1.062040329 0.155370235 0.383589476 0.361872524 0.133610249 -0.051113397 0.921186209
1403715970434057984.000000 -1.059943795 0.127437353 0.361726552 0.365001917 0.138744459 -0.042984892 0.919606447
1403715970484058112.000000 -1.071256995 0.109998912 0.357519299 0.368732661 0.133852348 -0.037918858 0.919065773
1403715970534057984.000000 -1.078749299 0.097126678 0.325896412 0.372711957 0.118118688 -0.033974089 0.919771433
1403715970584058112.000000 -1.088391185 0.090955831 0.289662153 0.376487195 0.092145190 -0.031902459 0.921275735
1403715970634057984.000000 -1.106871009 0.091531500 0.247663945 0.377221704 0.062034532 -0.035244245 0.923370659
1403715970684058112.000000 -1.119094372 0.098085329 0.205430388 0.375990301 0.028599638 -0.041337196 0.925259233
1403715970734057984.000000 -1.132171988 0.109813228 0.162123859 0.373236746 -0.008949867 -0.048763286 0.926410556
1403715970784058112.000000 -1.144735098 0.127559438 0.121709801 0.369224399 -0.050464477 -0.056169759 0.926267624
1403715970834057984.000000 -1.156358123 0.146481737 0.081173375 0.363541782 -0.091105185 -0.063776314 0.924916148
1403715970884058112.000000 -1.164994836 0.166566104 0.044354767 -0.357007891 0.128388613 0.070508651 -0.922545552
1403715970934057984.000000 -1.162125230 0.185518607 0.026908847 0.350827664 -0.160704553 -0.077905476 0.919252276
1403715970984058112.000000 -1.163302660 0.205048412 0.002224442 0.345463604 -0.186690226 -0.086133823 0.915632367
1403715971034057984.000000 -1.159591198 0.221512169 -0.012434127 -0.340409786 0.205206051 0.098638035 -0.912295043
1403715971084058112.000000 -1.147782445 0.235123381 -0.017013546 0.336340100 -0.217848107 -0.115321815 0.908910632
1403715971134057984.000000 -1.132375717 0.244292066 -0.014160287 0.334571481 -0.219807625 -0.134154961 0.906503737
1403715971184058112.000000 -1.110462785 0.246920884 -0.001528839 -0.335292071 0.212982744 0.151418552 -0.905146420
1403715971234057984.000000 -1.083081722 0.242470741 0.019330956 -0.339188278 0.194688544 0.170206487 -0.904476404
1403715971284058112.000000 -1.045948744 0.230818346 0.047410607 0.346718341 -0.168330178 -0.184827611 0.904041052
1403715971334057984.000000 -1.009822965 0.211663783 0.080154866 0.356394917 -0.136278540 -0.197678670 0.902958512
1403715971384058112.000000 -0.971942365 0.186217546 0.115462013 0.368333399 -0.101915084 -0.207523853 0.900487423
1403715971434057984.000000 -0.929048836 0.154685795 0.151222199 0.381918073 -0.067806423 -0.213260442 0.896694481
1403715971484058112.000000 -0.891178906 0.119184010 0.188142538 0.396335661 -0.034417607 -0.217076525 0.891409755
1403715971534057984.000000 -0.853814363 0.080957457 0.222873375 0.411655307 -0.003803314 -0.218714520 0.884697378
1403715971584058112.000000 -0.815968215 0.038574550 0.252500355 0.427611202 0.022163413 -0.218192220 0.876954794
1403715971634057984.000000 -0.782516003 -0.004418975 0.280610800 0.443721443 0.043527123 -0.215600461 0.868753850
1403715971684058112.000000 -0.751421928 -0.048086815 0.304422021 0.459990710 0.059433371 -0.211318135 0.860360920
1403715971734057984.000000 -0.720796049 -0.092959441 0.320426196 0.477873415 0.070817515 -0.202469811 0.851837993
1403715971784058112.000000 -0.694792092 -0.135938063 0.335357219 0.495351076 0.078414664 -0.192519650 0.843454003
1403715971834057984.000000 -0.671426296 -0.177042320 0.346293986 0.513656974 0.079864495 -0.180437699 0.834997296
1403715971884058112.000000 -0.649271131 -0.216091335 0.348430634 0.530657232 0.077218652 -0.170129701 0.826738238
1403715971934057984.000000 -0.631407857 -0.251424372 0.352598190 0.545755148 0.073668055 -0.163179055 0.818594575
1403715971984058112.000000 -0.614440560 -0.283765376 0.353274375 0.559149742 0.068695955 -0.158993602 0.810773432
1403715972034057984.000000 -0.600120962 -0.312138051 0.347353697 0.570564806 0.065065026 -0.157517791 0.803374469
1403715972084058112.000000 -0.585814118 -0.336787105 0.343627155 0.581519961 0.064800136 -0.154233977 0.796145260
1403715972134057984.000000 -0.571261704 -0.357259870 0.337820977 0.590821981 0.069527611 -0.149779081 0.789722502
1403715972184058112.000000 -0.558111608 -0.373434991 0.327772200 0.599097013 0.078207664 -0.142944410 0.783921778
1403715972234057984.000000 -0.542544186 -0.384318620 0.317694664 0.606439173 0.088984869 -0.134183586 0.778657913
1403715972284058112.000000 -0.527712107 -0.389031649 0.305798560 0.612099886 0.099061653 -0.126957253 0.774210930
1403715972334057984.000000 -0.516662240 -0.384128362 0.288614571 0.616249621 0.107737936 -0.120980993 0.770709157
1403715972384058112.000000 -0.503905594 -0.374992549 0.272794127 0.619579375 0.111511871 -0.116134830 0.768244326
1403715972434057984.000000 -0.493384361 -0.357847512 0.254309714 0.621112704 0.111691691 -0.115588211 0.767061532
1403715972484058112.000000 -0.486709267 -0.331790447 0.233631164 0.621414602 0.107792333 -0.118309245 0.766959965
1403715972534057984.000000 -0.479776591 -0.300636500 0.212813631 0.620064676 0.097231030 -0.126011074 0.768236458
1403715972584058112.000000 -0.475271553 -0.263252437 0.190780401 0.617974877 0.077160262 -0.137228698 0.770273745
1403715972634057984.000000 -0.474714279 -0.217953578 0.166514874 0.614685535 0.055682346 -0.149251878 0.772518694
1403715972684058112.000000 -0.473948359 -0.170317262 0.142777443 0.610968292 0.031055657 -0.161548451 0.774374187
1403715972734057984.000000 -0.475769460 -0.119935706 0.119174920 0.606501639 0.005608887 -0.173671335 0.775862515
1403715972784058112.000000 -0.482873648 -0.067538567 0.096578911 0.600999832 -0.018083228 -0.185265571 0.777270138
1403715972834057984.000000 -0.489187986 -0.015112020 0.074744903 0.596248984 -0.037018288 -0.193692267 0.778203130
1403715972884058112.000000 -0.496263832 0.036984593 0.054125585 0.592870891 -0.047220048 -0.197494358 0.779275596
1403715972934057984.000000 -0.503446341 0.087524928 0.034985539 0.591815591 -0.048225284 -0.193917796 0.780912697
1403715972984058112.000000 -0.512850940 0.137178615 0.016767383 0.591586590 -0.045559902 -0.187713876 0.782759964
1403715973034057984.000000 -0.521395504 0.185424566 0.000923023 0.593126357 -0.043873735 -0.176467761 0.784305632
1403715973084058112.000000 -0.530609012 0.233255699 -0.013437867 0.593822718 -0.041906368 -0.166992038 0.785959423
1403715973134057984.000000 -0.539116502 0.281124413 -0.025993645 0.593131781 -0.038223077 -0.162539467 0.787600517
1403715973184058112.000000 -0.548393011 0.331602216 -0.037506372 0.591616154 -0.034383878 -0.161770463 0.789074481
1403715973234057984.000000 -0.556078672 0.380967915 -0.046726406 0.590306222 -0.033493690 -0.160749346 0.790301442
1403715973284058112.000000 -0.558892787 0.427804232 -0.051472157 0.589174330 -0.034037810 -0.160274357 0.791218817
1403715973334057984.000000 -0.565556347 0.478237748 -0.057592124 0.587488651 -0.038193919 -0.161524326 0.792027891
1403715973384058112.000000 -0.571623564 0.529095888 -0.062033802 0.585167885 -0.043897107 -0.165451527 0.792639554
1403715973434057984.000000 -0.576895177 0.579439998 -0.064589769 0.581889927 -0.050225280 -0.172245190 0.793229580
1403715973484058112.000000 -0.583201170 0.630788565 -0.065927684 0.578791440 -0.057006162 -0.178816468 0.793583930
1403715973534057984.000000 -0.583225191 0.680994570 -0.062348515 0.576079607 -0.065148257 -0.184541374 0.793619871
1403715973584058112.000000 -0.585725069 0.728461683 -0.060464501 0.574183464 -0.073510639 -0.187937990 0.793466389
1403715973634057984.000000 -0.586940289 0.773801267 -0.056808174 0.573032022 -0.082071848 -0.189944416 0.792981565
1403715973684058112.000000 -0.587284207 0.818034530 -0.051091433 0.572336018 -0.092079923 -0.190680876 0.792208076
1403715973734057984.000000 -0.585093617 0.853619814 -0.039655387 0.571987927 -0.100718401 -0.191166148 0.791290820
1403715973784058112.000000 -0.583758950 0.891447663 -0.028728068 0.571870744 -0.107547894 -0.191229597 0.790461063
1403715973834057984.000000 -0.580709219 0.926125228 -0.014606416 0.571694970 -0.111583501 -0.191904157 0.789865077
1403715973884058112.000000 -0.575545251 0.955663443 0.005432487 0.571424305 -0.114528313 -0.194151774 0.789089859
1403715973934057984.000000 -0.569989920 0.983618438 0.025982976 0.571374834 -0.116389148 -0.195946559 0.788409412
1403715973984058112.000000 -0.562357962 1.007842183 0.049486160 0.571369469 -0.111393683 -0.199398503 0.788269401
1403715974034057984.000000 -0.552084446 1.028481722 0.075825095 0.571965158 -0.102026589 -0.202146426 0.788405538
1403715974084058112.000000 -0.540917695 1.045990586 0.104020298 0.572914839 -0.091640212 -0.203837872 0.788556218
1403715974134057984.000000 -0.530059159 1.058919668 0.138174474 0.574594855 -0.080205053 -0.203655005 0.788627088
1403715974184058112.000000 -0.517265558 1.071171403 0.169990599 0.576468706 -0.070591733 -0.201899275 0.788630128
1403715974234057984.000000 -0.504775286 1.081325412 0.203343213 0.578112721 -0.062807150 -0.200379178 0.788472652
1403715974284058112.000000 -0.493111908 1.089689612 0.237941653 0.578867137 -0.057416838 -0.201072857 0.788153529
1403715974334057984.000000 -0.482334435 1.097632647 0.274489075 0.579272151 -0.055145204 -0.203081086 0.787502944
1403715974384058112.000000 -0.473820239 1.103669763 0.311471671 0.579659402 -0.054691594 -0.204649925 0.786843240
1403715974434057984.000000 -0.472533524 1.105742931 0.353472233 0.579740524 -0.054830126 -0.206623226 0.786257923
1403715974484058112.000000 -0.465418458 1.108762860 0.392556220 0.580209076 -0.054078571 -0.207176656 0.785818636
1403715974534057984.000000 -0.458152413 1.110218883 0.432246894 0.581085980 -0.050985124 -0.206310704 0.785605252
1403715974584058112.000000 -0.451009452 1.109830379 0.472614527 0.582261860 -0.047515534 -0.204440087 0.785441160
1403715974634057984.000000 -0.447976261 1.108020782 0.515554786 0.583470643 -0.043007325 -0.202758536 0.785239756
1403715974684058112.000000 -0.440886319 1.105515480 0.556324005 0.584735096 -0.040247899 -0.200207263 0.785100102
1403715974734057984.000000 -0.434378624 1.102331161 0.597558260 0.585420012 -0.037280001 -0.199253321 0.784978867
1403715974784058112.000000 -0.429472536 1.098355770 0.638971686 0.586149693 -0.034866042 -0.198215336 0.784808040
1403715974834057984.000000 -0.424371243 1.093922853 0.680527747 0.586838603 -0.035066295 -0.197874993 0.784370065
1403715974884058112.000000 -0.424290568 1.086695433 0.723860443 0.587610126 -0.033728439 -0.197680369 0.783900023
1403715974934057984.000000 -0.419589996 1.081113100 0.765473843 0.588483036 -0.032816552 -0.197582394 0.783308387
1403715974984058112.000000 -0.415439188 1.076202393 0.807674825 0.589580834 -0.031683244 -0.197282821 0.782604814
1403715975034057984.000000 -0.410758138 1.070676327 0.849393845 0.590229988 -0.029461645 -0.198613256 0.781865358
1403715975084058112.000000 -0.405910373 1.064503074 0.890724480 0.591438532 -0.027747279 -0.199564293 0.780771911
1403715975134057984.000000 -0.400718659 1.057859182 0.931735873 0.591891766 -0.025576001 -0.201929525 0.779893935
1403715975184058112.000000 -0.398783386 1.046611667 0.972140789 0.592615068 -0.023790261 -0.203638136 0.778956354
1403715975234057984.000000 -0.393276632 1.038566589 1.011922240 0.593037605 -0.022112170 -0.206524760 0.777923584
1403715975284058112.000000 -0.386962801 1.029589057 1.050894618 0.593853116 -0.020404799 -0.208026260 0.776947379
1403715975334057984.000000 -0.377221882 1.020739555 1.088319182 0.595306516 -0.016670633 -0.207910180 0.775954664
1403715975384058112.000000 -0.371840775 1.009222031 1.124342680 0.596758604 -0.012841465 -0.207747370 0.774955094
1403715975434057984.000000 -0.362268209 0.999050558 1.158956766 0.598088741 -0.007927326 -0.207436860 0.774078190
1403715975484058112.000000 -0.352479398 0.989137173 1.191758752 0.599003911 -0.001882824 -0.207924858 0.773277462
1403715975534057984.000000 -0.341911674 0.979727685 1.222752571 0.599994123 -0.000055375 -0.207895145 0.772519767
1403715975584058112.000000 -0.330341041 0.969427586 1.251276731 0.600545287 -0.001647772 -0.209054977 0.771776319
1403715975634057984.000000 -0.319095969 0.960742116 1.278894901 0.601094604 -0.004721708 -0.209461525 0.771225572
1403715975684058112.000000 -0.307392210 0.952036500 1.304850340 0.601601124 -0.007389273 -0.209619343 0.770766675
1403715975734057984.000000 -0.297391176 0.946168900 1.329700351 0.601454258 -0.008706893 -0.210443497 0.770642936
1403715975784058112.000000 -0.280693680 0.932740688 1.351791978 0.601664007 -0.010904989 -0.210575655 0.770415008
1403715975834057984.000000 -0.268494785 0.923408747 1.373855591 0.601499677 -0.011424261 -0.210855603 0.770459294
1403715975884058112.000000 -0.256418943 0.913792372 1.394975901 0.600959659 -0.012971130 -0.212182000 0.770492077
1403715975934057984.000000 -0.244776636 0.903691530 1.415008783 0.600544512 -0.014099610 -0.212923348 0.770591438
1403715975984058112.000000 -0.233363047 0.892845511 1.434042215 0.600060642 -0.015234882 -0.213765591 0.770713568
1403715976034057984.000000 -0.222627670 0.881665707 1.452375293 0.598916948 -0.015986200 -0.215775475 0.771027863
1403715976084058112.000000 -0.212251842 0.870231628 1.469586253 0.598485827 -0.016721088 -0.215828389 0.771332204
1403715976134057984.000000 -0.201901466 0.858062625 1.485621214 0.597848594 -0.016194467 -0.215413511 0.771953285
1403715976184058112.000000 -0.186244667 0.840420961 1.499097228 0.597037077 -0.014423246 -0.215392798 0.772622049
1403715976234057984.000000 -0.176052004 0.827124476 1.513151050 0.596220315 -0.012094397 -0.215121731 0.773367763
1403715976284058112.000000 -0.166466609 0.813061595 1.526210308 0.595522821 -0.011347756 -0.214231059 0.774163365
1403715976334057984.000000 -0.157881707 0.799827695 1.538207054 0.594093263 -0.008753895 -0.215421394 0.774964631
1403715976384058112.000000 -0.146849439 0.782377005 1.548788428 0.593211591 -0.005313839 -0.216216013 0.775449872
1403715976434057984.000000 -0.139544696 0.766829491 1.558111906 0.593031287 -0.002792811 -0.219049841 0.774805307
1403715976484058112.000000 -0.133439362 0.750638127 1.565812230 0.594301164 -0.000345698 -0.222321004 0.772903264
1403715976534057984.000000 -0.127937824 0.733210444 1.571629643 0.596630692 0.001641104 -0.224893853 0.770358324
1403715976584058112.000000 -0.121970460 0.714130521 1.575958967 0.600519061 0.003903385 -0.228184059 0.766350925
1403715976634057984.000000 -0.119632840 0.696018457 1.577933192 0.605856895 0.003512610 -0.230255917 0.761516452
1403715976684058112.000000 -0.118113756 0.677398562 1.577884912 0.612692535 0.002403132 -0.229788303 0.756174266
1403715976734057984.000000 -0.117787063 0.658262849 1.576545835 0.618974268 -0.000777223 -0.229992822 0.750981808
1403715976784058112.000000 -0.117902085 0.638925314 1.573692679 0.624520719 -0.002397856 -0.229580745 0.746499121
1403715976834057984.000000 -0.118652150 0.619076729 1.569718599 0.629219294 -0.003474327 -0.230102479 0.742377162
1403715976884058112.000000 -0.119317472 0.597936511 1.566077471 0.633400798 -0.003875561 -0.230165467 0.738791108
1403715976934057984.000000 -0.120947286 0.577677369 1.559898615 0.636497378 -0.004457165 -0.231210709 0.735794127
1403715976984058112.000000 -0.122749254 0.556998014 1.552354217 0.640313208 -0.004724107 -0.231686130 0.732323885
1403715977034057984.000000 -0.123728573 0.536707282 1.543569088 0.644332767 -0.004204100 -0.233279213 0.728284657
1403715977084058112.000000 -0.129078493 0.515312791 1.534961462 0.649182558 -0.004069458 -0.234458432 0.723584652
1403715977134057984.000000 -0.132274792 0.494440675 1.523561954 0.654661536 -0.003839178 -0.236867040 0.717842340
1403715977184058112.000000 -0.136259854 0.472986579 1.510524988 0.661263883 -0.002647983 -0.239489183 0.710892439
1403715977234057984.000000 -0.142578542 0.451990843 1.497196555 0.669051826 -0.002553703 -0.241949350 0.702725887
1403715977284058112.000000 -0.148554429 0.430643559 1.481706738 0.677452624 -0.002333870 -0.245587960 0.693353474
1403715977334057984.000000 -0.154389054 0.409000874 1.464481592 0.687011957 -0.000609154 -0.249125361 0.682605922
1403715977384058112.000000 -0.161339492 0.388500929 1.446409345 0.697546422 0.000261679 -0.252355248 0.670630932
1403715977434057984.000000 -0.170761719 0.368368030 1.425558805 0.708664119 -0.000352881 -0.255091339 0.657817245
1403715977484058112.000000 -0.179036930 0.347814202 1.404877663 0.719712138 0.001516042 -0.259497672 0.643951178
1403715977534057984.000000 -0.187722191 0.327443719 1.382761002 0.731114805 0.001352578 -0.263617456 0.629265606
1403715977584058112.000000 -0.196521074 0.307271838 1.359417558 0.743151903 0.002549800 -0.266717315 0.613661706
1403715977634057984.000000 -0.205757916 0.287299633 1.334816933 0.755514920 0.002837808 -0.269333959 0.597200572
1403715977684058112.000000 -0.215846181 0.267897606 1.309440970 0.767463565 0.002677167 -0.272340417 0.580364823
1403715977734057984.000000 -0.227782637 0.249994755 1.281609654 0.779229641 0.001720551 -0.275905967 0.562738121
1403715977784058112.000000 -0.238651633 0.231956482 1.254936099 0.790723979 0.002947988 -0.279407769 0.544681787
1403715977834057984.000000 -0.249842435 0.214400291 1.227479339 0.802233994 0.004356792 -0.282266289 0.526049018
1403715977884058112.000000 -0.260655582 0.197024465 1.199290276 0.813220680 0.008741629 -0.285427958 0.507076621
1403715977934057984.000000 -0.273036242 0.183652759 1.166374922 0.823892415 0.014274277 -0.288354725 0.487697870
1403715977984058112.000000 -0.284317464 0.169052720 1.136229873 0.834262073 0.021695027 -0.291751623 0.467351347
1403715978034057984.000000 -0.297438204 0.157835484 1.102108717 0.844212592 0.027533218 -0.294679642 0.446890324
1403715978084058112.000000 -0.309386462 0.147236586 1.069524169 0.854611337 0.035292428 -0.296477795 0.424846977
1403715978134057984.000000 -0.321996123 0.138604701 1.036057353 0.863816917 0.043306891 -0.299662650 0.402675003
1403715978184058112.000000 -0.335247308 0.132393837 1.001059175 0.872067690 0.051391378 -0.302786797 0.381021082
1403715978234057984.000000 -0.353545696 0.132294714 0.963677645 0.879538238 0.058243949 -0.305982500 0.359714985
1403715978284058112.000000 -0.367943972 0.131276846 0.926590979 0.887128174 0.064096406 -0.307362139 0.338265985
1403715978334057984.000000 -0.382325530 0.133816302 0.888674378 0.894770741 0.064893931 -0.307433993 0.317267299
1403715978384058112.000000 -0.397967368 0.139889836 0.848457456 0.902631938 0.063411728 -0.305273920 0.296719491
1403715978434057984.000000 -0.417499840 0.155089170 0.808464885 0.909504116 0.059148800 -0.304781049 0.276427776
1403715978484058112.000000 -0.434585571 0.166608855 0.767450094 0.916200101 0.051215060 -0.303811610 0.256228387
1403715978534057984.000000 -0.452356011 0.180986628 0.726542592 0.923077643 0.041448399 -0.301676214 0.234949559
1403715978584058112.000000 -0.470705032 0.199157923 0.684545517 0.929737031 0.032314103 -0.298196793 0.213597074
1403715978634057984.000000 -0.488983959 0.219149530 0.643537998 0.935611367 0.025404260 -0.295535892 0.191427782
1403715978684058112.000000 -0.507427871 0.240372404 0.603913605 -0.940149188 -0.018991550 0.295226693 -0.169115916
1403715978734057984.000000 -0.528522849 0.273671269 0.569424212 0.943684518 0.017148873 -0.296318978 0.146152765
1403715978784058112.000000 -0.546133280 0.299551785 0.533577323 0.946420789 0.017184759 -0.297792494 0.123742163
1403715978834057984.000000 -0.563116550 0.326664358 0.499281138 0.948030412 0.017440153 -0.301235288 0.100952774
1403715978884058112.000000 -0.579063416 0.354701132 0.465675831 0.948893726 0.019483350 -0.305215657 0.077875480
1403715978934057984.000000 -0.593961537 0.383630693 0.432633281 0.949400067 0.020863336 -0.308700651 0.053928420
1403715978984058112.000000 -0.607846320 0.413637727 0.400351524 0.949264944 0.023806669 -0.312149316 0.029870706
1403715979034057984.000000 -0.620696485 0.444996893 0.368965924 0.949421525 0.026586495 -0.312831879 0.005321415
1403715979084058112.000000 -0.626679659 0.448265225 0.325875878 -0.950022459 -0.025654085 0.310497612 0.019758942
1403715979134057984.000000 -0.642651439 0.505255640 0.306005597 0.950489759 0.024937902 -0.306411833 -0.045378335
1403715979184058112.000000 -0.649960876 0.537066936 0.275854886 -0.951250911 -0.023630135 0.299118102 0.071356632
1403715979234057984.000000 -0.655002415 0.569477141 0.246956855 -0.952348828 -0.020096961 0.288201958 0.097814120
1403715979284058112.000000 -0.657863021 0.602187753 0.219567776 -0.952868521 -0.018346110 0.276126713 0.124334678
1403715979334057984.000000 -0.660002232 0.635060191 0.194875956 -0.951726317 -0.022854693 0.266603708 0.150390431
1403715979384058112.000000 -0.661246896 0.668026268 0.173330218 -0.949147582 -0.028076742 0.259603113 0.175889075
1403715979434057984.000000 -0.662257493 0.701030254 0.155191422 -0.944901049 -0.035635877 0.256733924 0.199949652
1403715979484058112.000000 -0.662045896 0.734237492 0.140365541 -0.940116584 -0.041225743 0.254566461 0.222884133
1403715979534057984.000000 -0.660365820 0.768000185 0.128731370 -0.934897125 -0.045481775 0.252864361 0.244863957
1403715979584058112.000000 -0.657290697 0.802320004 0.120395124 -0.928973198 -0.047112752 0.252785206 0.266249746
1403715979634057984.000000 -0.652750492 0.837430358 0.115274310 -0.922729731 -0.048643287 0.252431273 0.287196964
1403715979684058112.000000 -0.646852016 0.873405755 0.113530517 -0.915904820 -0.048558015 0.251949489 0.308677763
1403715979734057984.000000 -0.639349580 0.910013914 0.115071893 -0.909145772 -0.048914999 0.248656422 0.330501527
1403715979784058112.000000 -0.630484104 0.947265625 0.119815111 -0.902082264 -0.047533948 0.244343773 0.352539718
1403715979834057984.000000 -0.620444834 0.984760106 0.127980947 -0.894793093 -0.045649633 0.239102706 0.374287724
1403715979884058112.000000 -0.608949244 1.022353768 0.139547229 -0.886955798 -0.042115480 0.233143806 0.396458924
1403715979934057984.000000 -0.596308589 1.059609056 0.154540420 -0.878726125 -0.039525762 0.226512879 0.418294251
1403715979984058112.000000 -0.582066894 1.096292019 0.172907829 -0.869910955 -0.036096670 0.218959302 0.440464228
1403715980034057984.000000 -0.566505909 1.131894708 0.194875956 -0.860508680 -0.032164354 0.211361378 0.462403178
1403715980084058112.000000 -0.551590502 1.162023664 0.221389651 -0.850404620 -0.029730713 0.204597369 0.483805716
1403715980134057984.000000 -0.534836292 1.194170594 0.250857592 -0.839596689 -0.027733510 0.198600069 0.504842758
1403715980184058112.000000 -0.517495453 1.224374533 0.283908725 -0.827659845 -0.025009168 0.194234520 0.525953174
1403715980234057984.000000 -0.499643594 1.252536416 0.320308566 -0.814699233 -0.020777591 0.192012563 0.546776593
1403715980284058112.000000 -0.481491566 1.278281927 0.360249162 -0.800654888 -0.017210990 0.192040533 0.567253172
1403715980334057984.000000 -0.462847739 1.301549911 0.403227687 -0.786207080 -0.014759011 0.191287518 0.587426364
1403715980384058112.000000 -0.443389237 1.322345614 0.448943377 -0.771172106 -0.011386389 0.189915165 0.607532859
1403715980434057984.000000 -0.423101425 1.340504885 0.496811271 -0.755683422 -0.006321718 0.187126637 0.627603650
1403715980484058112.000000 -0.402019501 1.355565429 0.546512961 -0.739836693 -0.000809533 0.182797626 0.647476792
1403715980534057984.000000 -0.380762577 1.367322922 0.598269343 -0.722631216 0.007432055 0.179858208 0.667382896
1403715980584058112.000000 -0.359620929 1.375772953 0.651324868 -0.704573154 0.013607888 0.177521139 0.686933637
1403715980634057984.000000 -0.338764966 1.380707502 0.705337763 -0.686002016 0.017804278 0.175137237 0.705982506
1403715980684058112.000000 -0.318133265 1.382360578 0.759769440 -0.666996121 0.020756051 0.172152340 0.724602699
1403715980734057984.000000 -0.298087150 1.380332470 0.814230442 -0.647514462 0.023312295 0.169215813 0.742662489
1403715980784058112.000000 -0.278963268 1.374755621 0.868788600 -0.626712620 0.025478555 0.168167874 0.760461509
1403715980834057984.000000 -0.260358721 1.366012573 0.922718525 -0.605737507 0.025849741 0.166311085 0.777659595
1403715980884058112.000000 -0.241860822 1.353939891 0.975991011 -0.583958328 0.027796695 0.164177969 0.794522345
1403715980934057984.000000 -0.223692179 1.339042902 1.028080344 -0.561987579 0.028988190 0.160536796 0.810899317
1403715980984058112.000000 -0.205633700 1.321169138 1.078743458 -0.539134085 0.031863157 0.156004027 0.827031970
1403715981034057984.000000 -0.188166112 1.300155401 1.127499580 -0.515893936 0.035613958 0.150953010 0.842495322
1403715981084058112.000000 -0.171222046 1.276313901 1.174140215 -0.492104143 0.039606359 0.144916922 0.857475281
1403715981134057984.000000 -0.155239582 1.250010848 1.218597770 -0.467463940 0.042559937 0.138991579 0.871979117
1403715981184058112.000000 -0.139673144 1.221161366 1.260304809 -0.443684369 0.044103403 0.129882887 0.885623813
1403715981234057984.000000 -0.125068545 1.189203858 1.299329758 -0.417705446 0.045966916 0.122938514 0.899052441
1403715981284058112.000000 -0.110782385 1.154674649 1.335318446 -0.390664756 0.047903553 0.116355412 0.911892354
1403715981334057984.000000 -0.097126722 1.118183017 1.367890716 -0.363271594 0.049672987 0.108978949 0.923953414
1403715981384058112.000000 -0.084061138 1.079919577 1.397257924 -0.334531873 0.051749017 0.102691039 0.935342252
1403715981434057984.000000 -0.071718350 1.039784431 1.422877908 -0.305526555 0.054346919 0.095530689 0.945819139
1403715981484058112.000000 -0.059988737 0.997712374 1.444524288 -0.275351942 0.058538672 0.089108169 0.955413163
1403715981534057984.000000 -0.048646279 0.954023182 1.461790919 -0.245730311 0.064355969 0.080726229 0.963824868
1403715981584058112.000000 -0.038442098 0.908906341 1.474334478 -0.216405615 0.070458576 0.071543068 0.971126080
1403715981634057984.000000 -0.029747752 0.862519622 1.481831074 -0.187008306 0.074598767 0.061506964 0.977588773
1403715981684058112.000000 -0.038700521 0.779553950 1.466804147 -0.158206284 0.076935820 0.050969668 0.983083844
1403715981734057984.000000 -0.024248999 0.702581227 1.450924516 0.130107582 -0.075619556 -0.037730914 -0.987891793
1403715981784058112.000000 -0.029479560 0.653707862 1.451633930 0.101721033 -0.068471596 -0.028430218 -0.992046535
1403715981834057984.000000 -0.032785192 0.601653814 1.438589811 0.073878765 -0.055110399 -0.019474434 -0.995552897
1403715981884058112.000000 -0.039917376 0.547640443 1.423737168 0.046640184 -0.042740390 -0.010617184 -0.997940481
1403715981934057984.000000 -0.045804329 0.494934916 1.403221011 0.019959060 -0.032731209 -0.002416378 -0.999261975
1403715981984058112.000000 -0.053333145 0.437088907 1.382660031 -0.005270531 -0.026715357 0.007199233 -0.999603271
1403715982034057984.000000 -0.060559783 0.384146273 1.356259942 -0.029724689 -0.022193562 0.015420241 -0.999192715
1403715982084058112.000000 -0.068153962 0.331227660 1.327209234 -0.053501181 -0.020223325 0.023542454 -0.998085439
1403715982134057984.000000 -0.076731198 0.278558791 1.295849323 -0.076586306 -0.018797787 0.031526860 -0.996387184
1403715982184058112.000000 -0.085577920 0.226220533 1.262415886 -0.099085830 -0.018298313 0.039549969 -0.994124234
1403715982234057984.000000 -0.094867878 0.174103498 1.226855516 -0.121342599 -0.018161813 0.046768550 -0.991341949
1403715982284058112.000000 -0.104942910 0.122111633 1.189352274 -0.143724397 -0.016790384 0.052672327 -0.988072395
1403715982334057984.000000 -0.115348585 0.070355505 1.150010467 -0.165196598 -0.016644647 0.059758835 -0.984307885
1403715982384058112.000000 -0.126447022 0.018944900 1.108884335 -0.186862573 -0.015911927 0.065413207 -0.980076671
1403715982434057984.000000 -0.138288721 -0.031779692 1.065860271 -0.208446279 -0.015805013 0.072555669 -0.975210786
1403715982484058112.000000 -0.151121572 -0.081973977 1.020980358 -0.230467662 -0.015256419 0.079410627 -0.969714344
1403715982534057984.000000 -0.165151447 -0.130916595 0.972861171 -0.252043039 -0.016566100 0.087628193 -0.963598073
1403715982584058112.000000 -0.180230677 -0.179462910 0.923833251 0.274540007 0.017025141 -0.094740286 0.956745684
1403715982634057984.000000 -0.196080714 -0.227124959 0.872706950 0.297662765 0.018212831 -0.101801373 0.949053049
1403715982684058112.000000 -0.212832302 -0.274200827 0.819870532 0.321093768 0.017910771 -0.108245112 0.940670550
1403715982734057984.000000 -0.240182653 -0.306810796 0.762836099 0.344554067 0.017773161 -0.115044348 0.931520998
1403715982784058112.000000 -0.259097248 -0.351206988 0.706753612 0.368207455 0.017779473 -0.122292094 0.921494424
1403715982834057984.000000 -0.277169079 -0.418474495 0.640010834 0.391754717 0.016988739 -0.128646195 0.910873175
1403715982884058112.000000 -0.295732558 -0.464224726 0.574154675 0.414584011 0.016781401 -0.136461064 0.899564803
1403715982934057984.000000 -0.316052347 -0.504447460 0.511037469 0.436218590 0.016598584 -0.145039394 0.887919724
1403715982984058112.000000 -0.332055628 -0.538586915 0.452519238 0.458254963 0.016498998 -0.150443077 0.875840843
1403715983034057984.000000 -0.353801578 -0.575327039 0.387752533 0.479726851 0.016202737 -0.155990049 0.863288283
1403715983084058112.000000 -0.373503745 -0.612388492 0.320184529 0.500647783 0.016074276 -0.162141636 0.850178540
1403715983134057984.000000 -0.398366302 -0.647259116 0.254630178 0.521373868 0.014860738 -0.166639358 0.836767435
1403715983184058112.000000 -0.424968958 -0.691725731 0.180471748 0.542659163 0.015008235 -0.171804428 0.822057843
1403715983234057984.000000 -0.448267668 -0.719658673 0.106530249 0.564374030 0.014937910 -0.176459655 0.806300700
1403715983284058112.000000 -0.472663730 -0.747465670 0.035861254 0.585410357 0.014492496 -0.181849599 0.789946437
1403715983334057984.000000 -0.497186840 -0.770515203 -0.036884010 0.605959117 0.016521974 -0.187923595 0.772803605
1403715983384058112.000000 -0.522580147 -0.790478110 -0.110617280 0.626501560 0.015817864 -0.194171458 0.754680753
1403715983434057984.000000 -0.547852099 -0.810311198 -0.182998598 0.647722661 0.016388716 -0.198372796 0.735414863
1403715983484058112.000000 -0.572567582 -0.827886105 -0.255642921 0.669671416 0.018494355 -0.198922127 0.715281904
1403715983534057984.000000 -0.602821589 -0.834434032 -0.323445261 0.691619456 0.020623611 -0.197400093 0.694456995
1403715983584058112.000000 -0.627324104 -0.845602870 -0.395090461 0.712912560 0.023334729 -0.194698513 0.673278272
1403715983634057984.000000 -0.651591122 -0.853407860 -0.465810955 0.733505428 0.025226302 -0.191525996 0.651652753
1403715983684058112.000000 -0.676047206 -0.857228756 -0.534925044 0.752635658 0.025709456 -0.189603761 0.630023062
1403715983734057984.000000 -0.699818134 -0.856859982 -0.602477372 0.770635128 0.026478823 -0.186937898 0.608666301
1403715983784058112.000000 -0.723485112 -0.852324188 -0.667772830 0.786833942 0.025487280 -0.186896637 0.587632835
1403715983834057984.000000 -0.746430278 -0.843550026 -0.730634332 0.801859260 0.024822487 -0.187724859 0.566714287
1403715983884058112.000000 -0.789117217 -0.819552064 -0.794001341 0.816156566 0.023492543 -0.188509360 0.545711339
1403715983934057984.000000 -0.812025309 -0.801480591 -0.851072431 0.828932762 0.022321392 -0.191005334 0.525251687
1403715983984058112.000000 -0.834083438 -0.779374182 -0.904968202 0.841094077 0.019569024 -0.192980483 0.504912317
1403715984034057984.000000 -0.855308533 -0.753351629 -0.955354869 0.851808548 0.016413894 -0.197258800 0.485017359
1403715984084058112.000000 -0.875545502 -0.723528981 -1.002093554 0.861686230 0.011607127 -0.202068359 0.465328425
1403715984134057984.000000 -0.894592345 -0.690503538 -1.045161009 0.870274425 0.007716541 -0.208715037 0.446095258
1403715984184058112.000000 -0.616311431 -0.849115014 -0.880719900 0.879023492 0.000344148 -0.213587061 0.426260740
1403715984234057984.000000 -0.611197293 -0.838831663 -0.896718740 0.886697769 -0.004303083 -0.218243629 0.407576114
1403715984284058112.000000 -0.598604083 -0.824552178 -0.909118414 0.894001067 -0.006880932 -0.222731471 0.388722837
1403715984334057984.000000 -0.587427020 -0.808365345 -0.917464256 0.901502013 -0.009512055 -0.224661857 0.369771272
1403715984384058112.000000 -0.571260512 -0.788217366 -0.925052166 0.908412993 -0.010769328 -0.227137491 0.350825310
1403715984434057984.000000 -0.553509116 -0.766382158 -0.926548600 0.914816141 -0.009147626 -0.229756460 0.332023799
1403715984484058112.000000 -0.533242881 -0.746176839 -0.925760984 0.920428634 -0.008183413 -0.234017745 0.313017279
1403715984534057984.000000 -0.511505485 -0.726206660 -0.920997024 0.925089121 -0.008258137 -0.240704417 0.293604106
