1403638149695097088.000000 0.105319396 -0.039341874 0.053758357 0.005357282 0.002716683 -0.004875197 0.999970078
1403638149745096960.000000 0.112175524 -0.043234169 0.046581883 0.008124460 0.003167493 -0.006869432 0.999938428
1403638149795097088.000000 0.113164000 -0.045668270 0.053274613 0.011332428 0.003495229 -0.007482814 0.999901772
1403638149845096960.000000 0.125185087 -0.055696413 0.062782809 0.013263495 0.002267847 -0.008425016 0.999874055
1403638149895097088.000000 0.121634349 -0.059656806 0.070336536 0.015449777 0.003655167 -0.008902573 0.999834418
1403638149945096960.000000 0.153676286 -0.094023891 0.095311843 0.016469425 0.001440995 -0.010292311 0.999810338
1403638149995097088.000000 0.130045965 -0.067149788 0.082130976 0.018385191 0.002877899 -0.011601470 0.999759555
1403638150045096960.000000 0.103633605 -0.059844904 0.106551103 0.017958684 0.002146170 -0.013733837 0.999742150
1403638150095097088.000000 0.096506119 -0.063736521 0.111397229 0.017366491 0.002742659 -0.017877510 0.999685585
1403638150145096960.000000 0.093701802 -0.072863296 0.118669592 0.016283389 0.002751620 -0.022963108 0.999599934
1403638150195097088.000000 0.143391684 -0.112547196 0.159389287 0.015890226 0.002262774 -0.029862851 0.999425113
1403638150245096960.000000 0.089922138 -0.082896292 0.133495256 0.014487136 0.003386606 -0.031235673 0.999401331
1403638150295097088.000000 0.088829838 -0.090452351 0.138895676 0.014755656 0.000969971 -0.031227555 0.999402940
1403638150345096960.000000 0.084582843 -0.100484572 0.148432747 0.014749886 -0.002094223 -0.031102793 0.999405146
1403638150395097088.000000 0.078460418 -0.111566000 0.154963076 0.016856590 -0.006292718 -0.028659143 0.999427319
1403638150445096960.000000 0.117700227 -0.180785522 0.224181026 0.021502092 -0.013231744 -0.028364351 0.999278784
1403638150495097088.000000 0.077051908 -0.132079393 0.169028610 0.026705321 -0.016868841 -0.022820175 0.999240458
1403638150545096960.000000 0.076274976 -0.136670813 0.170468867 0.031998139 -0.021110149 -0.022622976 0.999008894
1403638150595097088.000000 0.090446189 -0.147766531 0.177578390 0.036649846 -0.024899896 -0.022137886 0.998772621
1403638150645096960.000000 0.083422311 -0.167839989 0.181227505 0.040230196 -0.024571804 -0.021574091 0.998655319
1403638150695097088.000000 0.122602351 -0.284871548 0.299115807 0.043540034 -0.023905149 -0.024709051 0.998459995
1403638150745096960.000000 0.098809205 -0.187690347 0.198225737 0.047725752 -0.023766175 -0.023002304 0.998312771
1403638150795097088.000000 0.139516383 -0.217647597 0.191857666 0.051261581 -0.021775657 -0.027093714 0.998080254
1403638150845096960.000000 0.143803865 -0.224789545 0.197319627 0.056651320 -0.019301269 -0.029580710 0.997769058
1403638150895097088.000000 0.159601524 -0.246947050 0.203644454 0.060182281 -0.017117888 -0.030916499 0.997561634
1403638150945096960.000000 0.187429860 -0.395377129 0.358730316 0.063481055 -0.014211910 -0.035432443 0.997252643
1403638150995097088.000000 0.187590614 -0.401235074 0.369093031 0.068931133 -0.008768454 -0.037368860 0.996882737
1403638151045096960.000000 0.208628833 -0.436992228 0.377857178 0.072456740 -0.009420333 -0.039895386 0.996528864
1403638151095097088.000000 0.209331125 -0.436514676 0.390088946 0.080844730 -0.005966362 -0.042367309 0.995808065
1403638151145096960.000000 0.184829906 -0.327058643 0.261014193 0.087989658 -0.002869734 -0.046585627 0.995027363
1403638151195097088.000000 0.229265451 -0.523528934 0.446512222 0.097766772 -0.002921207 -0.052502643 0.993819237
1403638151245096960.000000 0.230633721 -0.546006083 0.453897297 0.108758211 -0.003663430 -0.056615472 0.992448032
1403638151295097088.000000 0.227875486 -0.534498215 0.471610010 0.123071529 -0.003370150 -0.058850378 0.990645647
1403638151345096960.000000 0.235474169 -0.528915048 0.477680266 0.136174574 -0.004834209 -0.063459799 0.988638520
1403638151395097088.000000 0.241973683 -0.593869269 0.486186802 0.144317538 -0.006074795 -0.067348756 0.987218201
1403638151445096960.000000 0.246270701 -0.670195460 0.538895130 0.156862110 -0.005525072 -0.070144929 0.985110879
1403638151495097088.000000 0.253551424 -0.682353616 0.541047096 0.168668896 -0.005910578 -0.073957369 0.982876480
1403638151545096960.000000 0.260308951 -0.708580256 0.549725354 0.179009557 -0.005958359 -0.077172101 0.980797946
1403638151595097088.000000 0.269473284 -0.734647214 0.558580995 0.187590852 -0.006875847 -0.080987282 0.978878736
1403638151645096960.000000 0.278948903 -0.750972986 0.574332237 0.195934474 -0.006178940 -0.083198667 0.977061629
1403638151695097088.000000 0.294102907 -0.835584402 0.618550122 0.202453956 -0.004864383 -0.086021073 0.975494325
1403638151745096960.000000 0.306370646 -0.854788125 0.625347853 -0.207540751 0.005146387 0.088132732 -0.974234581
1403638151795097088.000000 0.322203785 -0.906426787 0.639489055 0.211402804 -0.005849480 -0.090301491 0.973201096
1403638151845096960.000000 0.337294698 -0.939744413 0.651028693 -0.214639127 0.006186926 0.091396481 -0.972388029
1403638151895097088.000000 0.347786456 -1.003163576 0.638894796 0.212739706 -0.006706620 -0.091184638 0.972821772
1403638151945096960.000000 0.376000822 -1.002805829 0.676517725 0.218272731 -0.006885437 -0.094564199 0.971270978
1403638151995097088.000000 0.386666745 -1.070193291 0.655445516 0.214617714 -0.007586344 -0.094403274 0.972095490
1403638152045096960.000000 0.406125993 -1.111414433 0.673247099 0.215051159 -0.008126534 -0.094413064 0.971994400
1403638152095097088.000000 0.422072083 -1.146749496 0.686202109 0.214918345 -0.008395418 -0.095049441 0.971959472
1403638152145096960.000000 0.439189643 -1.183331847 0.694697678 0.214741647 -0.008050022 -0.095916316 0.971916318
1403638152195097088.000000 0.452690721 -1.219636559 0.708409667 -0.214451581 0.008355706 0.095672578 -0.972001791
1403638152245096960.000000 0.465185910 -1.256487966 0.718295574 0.213650361 -0.007741861 -0.097049505 0.972046793
1403638152295097088.000000 0.475353271 -1.293824553 0.733363211 0.212686509 -0.007438169 -0.098194525 0.972145557
1403638152345096960.000000 0.496736705 -1.287025213 0.777979076 0.217278153 -0.006043398 -0.100915760 0.970860302
1403638152395097088.000000 0.503353357 -1.326160431 0.792952001 -0.215904281 0.006277429 0.102352552 -0.971014917
1403638152445096960.000000 0.508236468 -1.367591500 0.805968583 0.214453265 -0.006343956 -0.103253469 0.971240640
1403638152495097088.000000 0.511620283 -1.408653140 0.821983218 0.212774277 -0.006666357 -0.104955085 0.971425354
1403638152545096960.000000 0.514930248 -1.452297807 0.834706247 0.212333396 -0.006111215 -0.104964934 0.971524358
1403638152595097088.000000 0.516618013 -1.495507598 0.849839807 -0.211749911 0.006703584 0.104327291 -0.971716464
1403638152645096960.000000 0.517134964 -1.540920734 0.864024282 0.212426335 -0.008827928 -0.102117047 0.971786618
1403638152695097088.000000 0.518521190 -1.586376548 0.878809750 0.214466974 -0.010421985 -0.099924549 0.971550524
1403638152745096960.000000 0.512946606 -1.623358011 0.898363948 0.218599483 -0.009912485 -0.100134395 0.970612764
1403638152795097088.000000 0.518834710 -1.671273708 0.912081182 0.223242089 -0.009062252 -0.098388225 0.969742596
1403638152845096960.000000 0.538890481 -1.726166606 0.912366271 0.227479994 -0.008936936 -0.097300671 0.968868256
1403638152895097088.000000 0.548932314 -1.775211096 0.924938440 -0.233966514 0.006076962 0.096288428 -0.967445791
1403638152945096960.000000 0.566420376 -1.821095228 0.937598169 0.241788447 -0.003813697 -0.097212322 0.965439618
1403638152995097088.000000 0.578494608 -1.870258689 0.949085593 0.249019623 -0.003938131 -0.099107586 0.963406205
1403638153045096960.000000 0.595511258 -1.918929935 0.959619880 0.256148130 -0.006125351 -0.101831615 0.961239278
1403638153095097088.000000 0.610198081 -1.968015552 0.969635248 -0.262116820 0.009354740 0.104367420 -0.959330380
1403638153145096960.000000 0.626377463 -2.017251492 0.978912473 0.267111421 -0.012317438 -0.107041299 0.957623065
1403638153195097088.000000 0.640592396 -2.066575766 0.989918232 0.271044403 -0.014129162 -0.109417565 0.956223369
1403638153245096960.000000 0.656575203 -2.115810871 0.998811483 0.274386227 -0.015421111 -0.111497387 0.955009282
1403638153295097088.000000 0.668775558 -2.165525436 1.011754751 0.277948737 -0.015847703 -0.114513822 0.953614175
1403638153345096960.000000 0.685460091 -2.214000940 1.030409575 0.283494085 -0.016979311 -0.116686873 0.951696932
1403638153395097088.000000 0.695600629 -2.264293194 1.044183612 0.288959622 -0.017268196 -0.119583271 0.949686289
1403638153445096960.000000 0.703973770 -2.317331314 1.048186898 0.293798655 -0.017230220 -0.124179006 0.947610199
1403638153495097088.000000 0.715211034 -2.368600607 1.062019825 0.298836619 -0.016624983 -0.131446466 0.945061982
1403638153545096960.000000 0.727811456 -2.419925690 1.075532198 -0.304315627 0.016205277 0.139125660 -0.942217350
1403638153595097088.000000 0.750033677 -2.470561266 1.100608349 0.312452585 -0.016172795 -0.145224795 0.938627541
1403638153645096960.000000 0.765345216 -2.524553299 1.112832665 0.319737017 -0.015217990 -0.150864825 0.935294867
1403638153695097088.000000 0.783808470 -2.581051826 1.125657439 0.328851432 -0.014722719 -0.153864369 0.931646824
1403638153745096960.000000 0.798842907 -2.638017893 1.137647867 0.338480651 -0.013344144 -0.154373825 0.928128004
1403638153795097088.000000 0.812289476 -2.698545456 1.148192167 0.345995575 -0.012202923 -0.156576306 0.924998462
1403638153845096960.000000 0.824462175 -2.756878853 1.161225080 0.353392988 -0.010908353 -0.157538965 0.922049880
1403638153895097088.000000 0.836906791 -2.817255259 1.173288345 0.359462649 -0.008839116 -0.157823011 0.919674039
1403638153945096960.000000 0.851151824 -2.874406576 1.192512035 0.365990698 -0.005871525 -0.156606227 0.917328119
1403638153995097088.000000 0.858996987 -2.934531927 1.206190228 0.370246023 -0.004849258 -0.155622542 0.915792525
1403638154045096960.000000 0.866450191 -2.994928360 1.221294403 0.373960048 -0.003591165 -0.154322192 0.914508462
1403638154095097088.000000 0.871335864 -3.055178165 1.235007763 0.376266032 -0.001235297 -0.154302940 0.913571537
1403638154145096960.000000 0.874465108 -3.115208626 1.248325706 0.378144592 0.002362320 -0.154062927 0.912833869
1403638154195097088.000000 0.877401948 -3.175745487 1.261753798 0.379067868 0.006122139 -0.153910279 0.912459195
1403638154245096960.000000 0.881627262 -3.236762285 1.278491974 0.379973173 0.009780387 -0.154396072 0.911968589
1403638154295097088.000000 0.882287920 -3.297164679 1.290964246 0.380090863 0.012485578 -0.154220924 0.911916196
1403638154345096960.000000 0.881433547 -3.359356642 1.303806186 0.380836844 0.016106559 -0.152069002 0.911909521
1403638154395097088.000000 0.880822659 -3.419337273 1.314933896 0.381103575 0.021547629 -0.150169492 0.912000477
1403638154445096960.000000 0.878570557 -3.479842901 1.326353550 0.381716311 0.025030604 -0.147721276 0.912055135
1403638154495097088.000000 0.875354767 -3.538962603 1.335905552 0.381527156 0.027587166 -0.146167234 0.912310839
1403638154545096960.000000 0.872093439 -3.598279715 1.344095111 0.381518126 0.026924528 -0.145292729 0.912474155
1403638154595097088.000000 0.869767547 -3.656425953 1.349549651 0.382661015 0.025082855 -0.144885346 0.912112772
1403638154645096960.000000 0.868308663 -3.707525253 1.358773232 0.385023952 0.022034753 -0.145662248 0.911072791
1403638154695097088.000000 0.868772745 -3.765522718 1.361024261 0.387729138 0.017775459 -0.147254273 0.909761727
1403638154745096960.000000 0.868777573 -3.819248438 1.361604691 0.390428752 0.014367197 -0.151358977 0.907992005
1403638154795097088.000000 0.871701896 -3.875173807 1.360090852 0.392682016 0.011932830 -0.155795798 0.906303585
1403638154845096960.000000 0.874862015 -3.930269003 1.357259274 0.394745737 0.010869981 -0.160284102 0.904636204
1403638154895097088.000000 0.879154563 -3.984170198 1.354684472 0.397101223 0.010422507 -0.163797930 0.902979672
1403638154945096960.000000 0.886060357 -4.040141582 1.348755598 0.399680227 0.010655014 -0.168043762 0.901056945
1403638154995097088.000000 0.893398762 -4.094356537 1.341517925 0.403585970 0.011493849 -0.170463383 0.898848474
1403638155045096960.000000 0.902991652 -4.152534962 1.330798030 0.408632189 0.012864703 -0.172591597 0.896139741
1403638155095097088.000000 0.912626088 -4.208175182 1.318850040 0.414062142 0.013558326 -0.174893171 0.893185973
1403638155145096960.000000 0.920073807 -4.259813309 1.306320310 0.419706762 0.015292574 -0.175799668 0.890340865
1403638155195097088.000000 0.927831054 -4.315544128 1.292966485 0.424806774 0.015787749 -0.175877631 0.887894690
1403638155245096960.000000 0.932306409 -4.367690086 1.280463099 0.429655850 0.018384615 -0.175346091 0.885613680
1403638155295097088.000000 0.936597824 -4.423405170 1.266333818 0.433402658 0.021053197 -0.175481141 0.883699834
1403638155345096960.000000 0.938692629 -4.482295513 1.254803777 0.437058181 0.024183001 -0.176630184 0.881587863
1403638155395097088.000000 0.939074993 -4.537715435 1.238969326 0.441688627 0.027164903 -0.177733019 0.878967762
1403638155445096960.000000 0.936113477 -4.591286659 1.223799944 0.445933461 0.030151675 -0.180271611 0.876205623
1403638155495097088.000000 0.932151258 -4.646345139 1.206687689 0.450902194 0.031161442 -0.182620838 0.873135626
1403638155545096960.000000 0.922577143 -4.691373348 1.188485861 0.458314627 0.031065842 -0.181188896 0.869570732
1403638155595097088.000000 0.914744854 -4.745316982 1.168977022 0.466001749 0.030503303 -0.180067241 0.865729570
1403638155645096960.000000 0.904770553 -4.798573494 1.147625208 0.475438178 0.030815190 -0.177270219 0.861152887
1403638155695097088.000000 0.894841373 -4.854731560 1.128090382 0.485281646 0.031723365 -0.175933108 0.855887294
1403638155745096960.000000 0.882293165 -4.906061172 1.105279446 0.494843870 0.031338025 -0.175790384 0.850438356
1403638155795097088.000000 0.868003488 -4.954699993 1.081458092 0.504255831 0.030447790 -0.177682951 0.844528079
1403638155845096960.000000 0.851605177 -5.000422955 1.059658766 0.514120281 0.028249167 -0.179217085 0.838310003
1403638155895097088.000000 0.834606409 -5.045467377 1.035469770 0.523636818 0.024218768 -0.183389023 0.831616759
1403638155945096960.000000 0.818597436 -5.089836121 1.009246826 0.533275545 0.018324703 -0.188651547 0.824434400
1403638155995097088.000000 0.802466035 -5.132434368 0.983005285 0.543001294 0.011929364 -0.195207968 0.816640139
1403638156045096960.000000 0.789221048 -5.174335957 0.955145359 0.552482307 0.005723588 -0.202223465 0.808601439
1403638156095097088.000000 0.778080583 -5.215758801 0.926196575 0.562107742 -0.000290654 -0.208614543 0.800321758
1403638156145096960.000000 0.766740084 -5.255163670 0.897977591 0.571387768 -0.003619468 -0.212695360 0.792630792
1403638156195097088.000000 0.759831071 -5.295397758 0.867893457 0.580257595 -0.007009165 -0.214953437 0.785523415
1403638156245096960.000000 0.754124165 -5.334665298 0.838326454 0.588220179 -0.009385962 -0.218991816 0.778428912
1403638156295097088.000000 0.749748826 -5.375398159 0.806987286 0.595289707 -0.013505897 -0.223602042 0.771654010
1403638156345096960.000000 0.745183110 -5.415413857 0.778206825 0.601276994 -0.016650181 -0.227570355 0.765767932
1403638156395097088.000000 0.739339113 -5.455489635 0.749838829 0.606495321 -0.019591359 -0.229679197 0.760938406
1403638156445096960.000000 0.732411504 -5.495864868 0.723606110 0.610443234 -0.022079861 -0.232255384 0.756920695
1403638156495097088.000000 0.724093556 -5.537333965 0.698568821 0.613563836 -0.024166830 -0.233820200 0.753845930
1403638156545096960.000000 0.715353727 -5.577391148 0.673888206 0.616151631 -0.024686314 -0.234875277 0.751386344
1403638156595097088.000000 0.704961300 -5.619962215 0.651672363 0.618161619 -0.025075642 -0.235367924 0.749566197
1403638156645096960.000000 0.693261623 -5.663450718 0.630870342 0.619112730 -0.025282847 -0.236145124 0.748529077
1403638156695097088.000000 0.681045055 -5.704816341 0.610004902 0.619727850 -0.026076404 -0.236586705 0.747853100
1403638156745096960.000000 0.667456031 -5.750113010 0.591629505 0.620136738 -0.025367459 -0.236965895 0.747418344
1403638156795097088.000000 0.653904557 -5.794661999 0.573079586 0.619946420 -0.025671007 -0.237274408 0.747467935
1403638156845096960.000000 0.638904095 -5.842015266 0.557060719 0.619329989 -0.025846263 -0.237607315 0.747867048
1403638156895097088.000000 0.623239756 -5.888976574 0.540240765 0.618739247 -0.025637977 -0.237735987 0.748322129
1403638156945096960.000000 0.608886600 -5.935864449 0.525752068 0.617548108 -0.025924793 -0.238214582 0.749143600
1403638156995097088.000000 0.596580029 -5.983308792 0.507969379 0.616534770 -0.025943760 -0.237859458 0.750089824
1403638157045096960.000000 0.586160779 -6.032964706 0.493624210 0.615190923 -0.027396565 -0.238228291 0.751023948
1403638157095097088.000000 0.578023434 -6.083692074 0.478892326 0.613940060 -0.028832499 -0.238733187 0.751833022
1403638157145096960.000000 0.575249910 -6.133260250 0.464204788 0.612265646 -0.030874159 -0.239836171 0.752765715
1403638157195097088.000000 0.570099354 -6.186122894 0.450257301 0.610388458 -0.032291871 -0.241450220 0.753714144
1403638157245096960.000000 0.566929340 -6.239567280 0.434760094 0.609955072 -0.033359926 -0.240341872 0.754372478
1403638157295097088.000000 0.565403223 -6.294384003 0.419881344 0.610531986 -0.032211728 -0.240067676 0.754042923
1403638157345096960.000000 0.565641403 -6.350850582 0.404655933 0.611129999 -0.029890308 -0.241158113 0.753305733
1403638157395097088.000000 0.568201780 -6.406370163 0.389626026 0.611550212 -0.027145658 -0.242728621 0.752563775
1403638157445096960.000000 0.567389965 -6.464637280 0.375469685 0.612206519 -0.023326401 -0.243873164 0.751787841
1403638157495097088.000000 0.565220356 -6.523899078 0.361550808 0.614329994 -0.020410953 -0.243787229 0.750166595
1403638157545096960.000000 0.564021349 -6.582808018 0.348285198 0.617558897 -0.017280655 -0.243669659 0.747627974
1403638157595097088.000000 0.559648752 -6.643538952 0.334659576 0.621859133 -0.013594056 -0.243808165 0.744086087
1403638157645096960.000000 0.555593967 -6.704399109 0.321923733 0.626935244 -0.008767883 -0.244466782 0.739669800
1403638157695097088.000000 0.549917221 -6.765357494 0.308009624 0.632772148 -0.003632808 -0.246248648 0.734130681
1403638157745096960.000000 0.545115232 -6.826497555 0.293303013 0.639010787 0.000580672 -0.249145761 0.727730215
1403638157795097088.000000 0.540100574 -6.886562347 0.278830051 0.646109045 0.002746949 -0.251642078 0.720563591
1403638157845096960.000000 0.538353682 -6.948029041 0.261397362 0.654293239 0.003301936 -0.253314525 0.712545633
1403638157895097088.000000 0.538307667 -7.009339809 0.242466927 0.662627637 0.003214371 -0.254234970 0.704470694
1403638157945096960.000000 0.541172504 -7.069869518 0.223670006 0.670480132 0.002356490 -0.255820066 0.696424425
1403638157995097088.000000 0.543436050 -7.130072117 0.203156471 0.676904380 0.002636530 -0.257706076 0.689478934
1403638158045096960.000000 0.550201893 -7.190979004 0.184024334 0.682903767 -0.002043046 -0.259459794 0.682875454
1403638158095097088.000000 0.550554991 -7.250123978 0.164401531 0.688586116 -0.005560435 -0.259145051 0.677246034
1403638158145096960.000000 0.549876451 -7.308775902 0.145879745 0.693334758 -0.008299884 -0.258590937 0.672568798
1403638158195097088.000000 0.547713518 -7.367527485 0.128117085 0.697517633 -0.011656835 -0.257417351 0.668632686
1403638158245096960.000000 0.544569969 -7.426080704 0.111573219 0.700312376 -0.012191610 -0.257748634 0.665567219
1403638158295097088.000000 0.542446852 -7.485648155 0.096559048 0.702425003 -0.011427206 -0.258450627 0.663077652
1403638158345096960.000000 0.537662745 -7.543829441 0.082062721 0.703077435 -0.010135377 -0.261282295 0.661294997
1403638158395097088.000000 0.532009125 -7.601109028 0.068692207 0.703794479 -0.009085726 -0.262256771 0.660160780
1403638158445096960.000000 0.524074316 -7.661211967 0.052903175 0.703724086 -0.005580552 -0.264548719 0.659359753
1403638158495097088.000000 0.516831636 -7.717624664 0.040643692 0.703725219 -0.002835235 -0.265898764 0.658832788
1403638158545096960.000000 0.508458614 -7.773774147 0.028102875 0.703507960 0.000244247 -0.266926885 0.658655167
1403638158595097088.000000 0.503116369 -7.828934669 0.018030167 0.703091562 0.001763722 -0.267813265 0.658737600
1403638158645096960.000000 0.493624449 -7.884517193 0.005291939 0.702947319 0.003249486 -0.267301857 0.659093559
1403638158695097088.000000 0.483895779 -7.939158440 -0.008167267 0.703019679 0.002176014 -0.265774906 0.659638047
1403638158745096960.000000 0.474962234 -7.995164871 -0.021839142 0.703122556 -0.000050595 -0.264363497 0.660098910
1403638158795097088.000000 0.465136528 -8.049030304 -0.036221504 0.702767551 -0.004427609 -0.263896704 0.660648704
1403638158845096960.000000 0.456759930 -8.104930878 -0.052618027 0.702077150 -0.008951638 -0.263394415 0.661536872
1403638158895097088.000000 0.450337410 -8.158370972 -0.068351746 0.701099694 -0.013174658 -0.263986588 0.662266433
1403638158945096960.000000 0.446502447 -8.212833405 -0.084898949 0.700737357 -0.016763940 -0.263385653 0.662807882
1403638158995097088.000000 0.445879698 -8.265935898 -0.098675728 0.699339747 -0.020104771 -0.265309066 0.663423657
1403638159045096960.000000 0.445753098 -8.319707870 -0.115883827 0.697694778 -0.024858272 -0.268195242 0.663833857
1403638159095097088.000000 0.446970463 -8.373278618 -0.133373260 0.695421159 -0.029129902 -0.272308409 0.664371192
1403638159145096960.000000 0.449341536 -8.430080414 -0.149033546 0.693001866 -0.035658706 -0.276695848 0.664767861
1403638159195097088.000000 0.449474335 -8.486008644 -0.165593147 0.690222085 -0.040192477 -0.282149404 0.665108919
1403638159245096960.000000 0.449800253 -8.544960022 -0.180216789 0.688915133 -0.041509088 -0.284075260 0.665563166
1403638159295097088.000000 0.449378252 -8.604841232 -0.195924759 0.689915419 -0.038872749 -0.280147612 0.666350543
1403638159345096960.000000 0.448132515 -8.668182373 -0.210086823 0.692653596 -0.034020748 -0.272112459 0.667104483
1403638159395097088.000000 0.446373463 -8.731539726 -0.224637032 0.695814967 -0.026944933 -0.263283819 0.667680502
1403638159445096960.000000 0.446045399 -8.790584564 -0.234919548 0.699543297 -0.018976940 -0.252702445 0.668147147
1403638159495097088.000000 0.446170330 -8.854404449 -0.248285294 0.703446686 -0.012839397 -0.241404623 0.668372512
1403638159545096960.000000 0.447916508 -8.916722298 -0.261252403 0.707647443 -0.009416418 -0.229207620 0.668289185
1403638159595097088.000000 0.451742887 -8.980573654 -0.271744728 0.711636662 -0.009876501 -0.217630848 0.667916656
1403638159645096960.000000 0.457922697 -9.040199280 -0.283167839 0.714698374 -0.010707071 -0.208585516 0.667520583
1403638159695097088.000000 0.466723442 -9.100273132 -0.293410301 0.717115879 -0.011647009 -0.201306552 0.667146802
1403638159745096960.000000 0.478268623 -9.154763222 -0.297931671 0.718502820 -0.014194123 -0.197774127 0.666661620
1403638159795097088.000000 0.492763996 -9.210150719 -0.304471970 0.718572557 -0.010264846 -0.197897390 0.666621923
1403638159845096960.000000 0.509098053 -9.261152267 -0.305842400 0.718150556 -0.005960539 -0.199797392 0.666562378
1403638159895097088.000000 0.529353619 -9.312738419 -0.308794975 0.716294587 0.000560661 -0.206394941 0.666575491
1403638159945096960.000000 0.551820755 -9.361527443 -0.310471535 0.714052737 0.006616917 -0.213116378 0.666833103
1403638159995097088.000000 0.586900234 -9.424523354 -0.313002586 0.712888598 0.010570559 -0.218565986 0.666263461
1403638160045096960.000000 0.614692450 -9.467463493 -0.314427376 0.711680233 0.013325018 -0.223114744 0.665998161
1403638160095097088.000000 0.643830538 -9.507866859 -0.315121651 0.710583091 0.012688971 -0.227376059 0.665740848
1403638160145096960.000000 0.674534559 -9.539239883 -0.309965134 0.709409237 0.011266038 -0.232430980 0.665272474
1403638160195097088.000000 0.708012104 -9.578063011 -0.311775208 0.707210243 0.005710389 -0.240071461 0.664971292
1403638160245096960.000000 0.743510008 -9.610094070 -0.309807777 0.704713702 -0.000500846 -0.248236299 0.664648116
1403638160295097088.000000 0.781502247 -9.646398544 -0.312273026 0.702771127 -0.006553010 -0.254650861 0.664246023
1403638160345096960.000000 0.820318699 -9.677957535 -0.311468124 0.700697362 -0.010544490 -0.260809958 0.663995624
1403638160395097088.000000 0.861186266 -9.713357925 -0.314812660 0.699208498 -0.013549434 -0.265211880 0.663766980
1403638160445096960.000000 0.901540518 -9.749053955 -0.317790031 0.698635697 -0.015688021 -0.266828448 0.663675129
1403638160495097088.000000 0.937144041 -9.781351089 -0.318589211 0.698242903 -0.016722707 -0.267922759 0.663622320
1403638160545096960.000000 0.975075483 -9.817440033 -0.320576668 0.697684884 -0.017551091 -0.269041985 0.663735092
1403638160595097088.000000 1.011396170 -9.852982521 -0.321843147 0.697613060 -0.017910384 -0.269238085 0.663721383
1403638160645096960.000000 1.046739817 -9.889283180 -0.315442085 0.697253466 -0.020023739 -0.269644022 0.663874149
1403638160695097088.000000 1.081090450 -9.927068710 -0.316659927 0.697352231 -0.018565679 -0.269068122 0.664046407
1403638160745096960.000000 1.113708496 -9.965494156 -0.315017700 0.698979914 -0.018677462 -0.264995903 0.663969457
1403638160795097088.000000 1.146142483 -10.003819466 -0.314866066 0.700458825 -0.018178495 -0.258656234 0.664924026
1403638160845096960.000000 1.178452730 -10.042299271 -0.313813210 0.701541066 -0.015826870 -0.249990970 0.667153835
1403638160895097088.000000 1.210469723 -10.082635880 -0.309014320 0.701590776 -0.013604860 -0.240411833 0.670661986
1403638160945096960.000000 1.241624832 -10.119589806 -0.305106163 0.699716866 -0.009970848 -0.232239798 0.675545454
1403638160995097088.000000 1.270363808 -10.154743195 -0.298806190 0.696124017 -0.006947130 -0.226559862 0.681200325
1403638161045096960.000000 1.303005695 -10.193623543 -0.290284157 0.691251755 -0.004909234 -0.221883222 0.687687933
1403638161095097088.000000 1.331854343 -10.226372719 -0.281569481 0.685379267 -0.004076990 -0.218345329 0.694668293
1403638161145096960.000000 1.359021187 -10.258566856 -0.279090881 0.677658617 -0.002491964 -0.217481315 0.702477396
1403638161195097088.000000 1.385745764 -10.287643433 -0.267642975 0.668826878 -0.002510004 -0.216855735 0.711082220
1403638161245096960.000000 1.412551165 -10.313744545 -0.246750832 0.659141004 -0.003554344 -0.216642305 0.720129609
1403638161295097088.000000 1.441957235 -10.351988792 -0.242036819 0.648897827 -0.003863479 -0.214974031 0.729864955
1403638161345096960.000000 1.468806267 -10.378453255 -0.227911949 0.638448477 -0.005180247 -0.214225933 0.739232063
1403638161395097088.000000 1.493988514 -10.403093338 -0.214286804 0.628827691 -0.008433450 -0.215004519 0.747179866
1403638161445096960.000000 1.532290697 -10.431926727 -0.188024521 0.620204926 -0.012446010 -0.216717064 0.753806770
1403638161495097088.000000 1.557349682 -10.456348419 -0.173126221 0.612339497 -0.015525808 -0.219273239 0.759419918
1403638161545096960.000000 1.584660292 -10.484295845 -0.156268120 0.606193423 -0.018033355 -0.220482945 0.763931692
1403638161595097088.000000 1.607497931 -10.508662224 -0.140027523 0.601058185 -0.019949926 -0.220146000 0.768027902
1403638161645096960.000000 1.632034063 -10.537055016 -0.121585369 0.597027183 -0.022213977 -0.219220698 0.771367252
1403638161695097088.000000 1.652560472 -10.561474800 -0.103865623 0.594445944 -0.024479853 -0.216664374 0.774009943
1403638161745096960.000000 1.672202110 -10.585981369 -0.085322380 0.592921674 -0.025107248 -0.213325858 0.776083589
1403638161795097088.000000 1.681396961 -10.617109299 -0.081637383 0.590496957 -0.024117250 -0.210134462 0.778829455
1403638161845096960.000000 1.699882269 -10.641585350 -0.060911179 0.588184714 -0.021285478 -0.207326934 0.781409800
1403638161895097088.000000 1.717918158 -10.667498589 -0.039472103 0.585431337 -0.018599609 -0.203574598 0.784526408
1403638161945096960.000000 1.745612383 -10.701769829 0.000154972 0.582039654 -0.017248150 -0.201292008 0.787663579
1403638161995097088.000000 1.762169600 -10.725914001 0.023438454 0.578562975 -0.016516160 -0.199540213 0.790680587
1403638162045096960.000000 1.786372423 -10.751043320 0.053856850 0.576317370 -0.016148215 -0.197732672 0.792779565
1403638162095097088.000000 1.806478739 -10.775608063 0.076771259 0.573828697 -0.016323039 -0.196828842 0.794803500
1403638162145096960.000000 1.828421354 -10.799385071 0.099429131 0.571765959 -0.018546954 -0.196095258 0.796421051
1403638162195097088.000000 1.851680756 -10.826915741 0.124045849 0.570246100 -0.021814458 -0.194896311 0.797721088
1403638162245096960.000000 1.876518488 -10.850054741 0.147018433 0.568725049 -0.024299175 -0.194485307 0.798834682
1403638162295097088.000000 1.901092052 -10.873222351 0.171143055 0.567567945 -0.026552120 -0.193781361 0.799756467
1403638162345096960.000000 1.927480459 -10.906785965 0.206245899 0.567367196 -0.029036781 -0.191364855 0.800394177
1403638162395097088.000000 1.950761318 -10.930686951 0.233601093 0.567544699 -0.029426102 -0.188930258 0.800832391
1403638162445096960.000000 1.973187685 -10.957516670 0.264592648 0.567707241 -0.028467763 -0.187134549 0.801173329
1403638162495097088.000000 1.995290041 -10.980802536 0.294977188 0.567445874 -0.026578434 -0.186885357 0.801481545
1403638162545096960.000000 2.017147303 -11.003805161 0.326289654 0.567073882 -0.024659103 -0.188089535 0.801524520
1403638162595097088.000000 2.042323589 -11.031945229 0.361450672 0.566218317 -0.023152243 -0.191035956 0.801477492
1403638162645096960.000000 2.067690134 -11.053824425 0.393544674 0.565772355 -0.020920102 -0.193363205 0.801295638
1403638162695097088.000000 2.094833136 -11.075502396 0.425736427 0.565145850 -0.019623602 -0.196686789 0.800961614
1403638162745096960.000000 2.129610538 -11.105676651 0.468183517 0.564727604 -0.019190677 -0.199759215 0.800506592
1403638162795097088.000000 2.160073757 -11.126268387 0.500019073 0.564296186 -0.021692783 -0.198829040 0.800978303
1403638162845096960.000000 2.192213535 -11.146343231 0.532058716 0.562749028 -0.023061883 -0.197824627 0.802276254
1403638162895097088.000000 2.231637239 -11.175227165 0.571134090 0.561862469 -0.023821618 -0.193423286 0.803946853
1403638162945096960.000000 2.267408609 -11.194348335 0.603404045 0.561642468 -0.023702219 -0.187550172 0.805494249
1403638162995097088.000000 2.305205584 -11.214568138 0.637520790 0.561076522 -0.019067287 -0.182587117 0.807150304
1403638163045096960.000000 2.347002268 -11.242639542 0.678441525 0.560564160 -0.014697748 -0.177490979 0.808732808
1403638163095097088.000000 2.380045652 -11.260677338 0.715485573 0.559228659 -0.011675364 -0.172425613 0.810799897
1403638163145096960.000000 2.408379316 -11.277874947 0.754445553 0.555805862 -0.010524684 -0.170656532 0.813538909
1403638163195097088.000000 2.438721180 -11.302990913 0.803442478 0.550962746 -0.009797812 -0.170810133 0.816803515
1403638163245096960.000000 2.459563732 -11.317316055 0.846991539 0.544766009 -0.008712455 -0.172187343 0.820673883
1403638163295097088.000000 2.479073048 -11.333315849 0.893374443 0.537888288 -0.007789861 -0.173340425 0.824965835
1403638163345096960.000000 2.501672983 -11.352591515 0.944411278 0.530428529 -0.005930945 -0.173714563 0.829719067
1403638163395097088.000000 2.519307852 -11.365530014 0.991685390 0.522553861 -0.003955815 -0.173684269 0.834718943
1403638163445096960.000000 2.536830187 -11.379011154 1.039686203 0.514956832 -0.002560840 -0.172056869 0.839767516
1403638163495097088.000000 2.560789585 -11.398033142 1.094851971 0.508079112 -0.002645160 -0.170821041 0.844197214
1403638163545096960.000000 2.580246449 -11.409450531 1.141503334 0.502491355 -0.001442070 -0.168752000 0.847952306
1403638163595097088.000000 2.601667166 -11.420213699 1.187552452 0.498008430 -0.003010436 -0.167749092 0.850787222
1403638163645096960.000000 2.629065514 -11.435633659 1.238345623 0.494240820 -0.002624246 -0.167454481 0.853040576
1403638163695097088.000000 2.654632092 -11.445274353 1.282466888 0.490972906 -0.001774930 -0.166992113 0.855018139
1403638163745096960.000000 2.682569742 -11.455456734 1.326263905 0.488722205 -0.002059385 -0.166486979 0.856404424
1403638163795097088.000000 2.716700792 -11.468141556 1.373216629 0.487132221 -0.000564891 -0.166358918 0.857336938
1403638163845096960.000000 2.748134136 -11.476028442 1.414247513 0.486568749 -0.000949450 -0.164233431 0.858066082
1403638163895097088.000000 2.781662941 -11.483828545 1.454944134 0.486339629 -0.000991176 -0.162512854 0.858523428
1403638163945096960.000000 2.819771290 -11.492789268 1.498672962 0.486153305 -0.003125368 -0.161837861 0.858751237
1403638163995097088.000000 2.855690956 -11.498889923 1.537918091 0.487195194 -0.005732725 -0.158563882 0.858758152
1403638164045096960.000000 2.892696142 -11.504261017 1.577352047 0.487960100 -0.008181403 -0.157314926 0.858533740
1403638164095097088.000000 2.936327934 -11.511401176 1.619771481 0.489207864 -0.009541614 -0.155277178 0.858180463
1403638164145096960.000000 2.976964235 -11.515322685 1.658622265 0.490478635 -0.009955096 -0.153342918 0.857798100
1403638164195097088.000000 3.017714739 -11.518183708 1.697887897 0.492131799 -0.010669583 -0.150650948 0.857319534
1403638164245096960.000000 3.062678337 -11.521821976 1.741679192 0.493178129 -0.009543520 -0.149951354 0.856854022
1403638164295097088.000000 3.101984978 -11.523419380 1.783312321 0.494798660 -0.009123213 -0.147757187 0.856305361
1403638164345096960.000000 3.140170574 -11.523909569 1.826428413 0.495958239 -0.008302053 -0.146593794 0.855842769
1403638164395097088.000000 3.180505753 -11.522667885 1.872309208 0.496770740 -0.008041049 -0.146078035 0.855462134
1403638164445096960.000000 3.216017962 -11.520525932 1.917248726 0.497711986 -0.007167807 -0.146295965 0.854885340
1403638164495097088.000000 3.250360727 -11.517311096 1.963383198 0.498626977 -0.008755836 -0.145279914 0.854510486
1403638164545096960.000000 3.284964085 -11.512581825 2.010665417 0.499663860 -0.009326720 -0.143654853 0.854173541
1403638164595097088.000000 3.318075180 -11.506736755 2.058942318 0.500237286 -0.010640807 -0.142301813 0.854049027
1403638164645096960.000000 3.350475311 -11.499314308 2.108519077 0.499322385 -0.011475915 -0.140805051 0.854821265
1403638164695097088.000000 3.379234314 -11.490213394 2.157991409 0.496452272 -0.010737712 -0.141192973 0.856437147
1403638164745096960.000000 3.410401821 -11.479740143 2.210470200 0.492883623 -0.007741306 -0.141818970 0.858424902
1403638164795097088.000000 3.441240788 -11.467832565 2.263805389 0.488422215 -0.001528053 -0.146221876 0.860267758
1403638164845096960.000000 3.474610329 -11.454334259 2.319498539 0.483528733 0.005808351 -0.151523054 0.862094581
1403638164895097088.000000 3.513581276 -11.440392494 2.381328583 0.478918970 0.012058972 -0.156389967 0.863732219
1403638164945096960.000000 3.542006493 -11.426364899 2.436265945 0.475685894 0.016277123 -0.158868253 0.864996493
1403638164995097088.000000 3.568954706 -11.411375999 2.490447998 0.474589676 0.019173605 -0.155513108 0.866148174
1403638165045096960.000000 3.594117641 -11.395391464 2.543947697 0.474096507 0.020304425 -0.148009390 0.867705822
1403638165095097088.000000 3.617380619 -11.377565384 2.597309589 0.472468317 0.018779125 -0.141000524 0.869793057
1403638165145096960.000000 3.638619423 -11.358513832 2.650541306 0.470093578 0.015135712 -0.136906236 0.871802568
1403638165195097088.000000 3.658478737 -11.337881088 2.703750610 0.466604501 0.010425563 -0.137098640 0.873713613
1403638165245096960.000000 3.676712513 -11.315654755 2.757025719 0.462613553 0.003414432 -0.139492929 0.875510573
1403638165295097088.000000 3.693366528 -11.292814255 2.809918404 0.459396273 -0.005253047 -0.140834391 0.876979589
1403638165345096960.000000 3.709043980 -11.268796921 2.863203526 0.456907123 -0.010840957 -0.139558837 0.878431439
1403638165395097088.000000 3.724235058 -11.243690491 2.917332172 0.455434471 -0.014108132 -0.136892542 0.879568577
1403638165445096960.000000 3.739380360 -11.218897820 2.972319126 0.453706533 -0.013400918 -0.136289194 0.880565763
1403638165495097088.000000 3.754811049 -11.193522453 3.028066158 0.452464789 -0.007522353 -0.134405196 0.881563604
1403638165545096960.000000 3.769345999 -11.166651726 3.084364414 0.451104373 -0.000229589 -0.133352742 0.882452190
1403638165595097088.000000 3.783392668 -11.139067650 3.140917778 0.450470924 0.008088769 -0.131144643 0.883069396
1403638165645096960.000000 3.796226501 -11.110186577 3.198183537 0.449213803 0.017885810 -0.131698236 0.883483231
1403638165695097088.000000 3.807328224 -11.079697609 3.254177570 0.448776066 0.025092714 -0.130447969 0.883715928
1403638165745096960.000000 3.813377380 -11.058126450 3.316378117 0.447923481 0.031386465 -0.131864980 0.883737028
1403638165795097088.000000 3.823850632 -11.011029243 3.364345551 0.446499646 0.031469606 -0.134118021 0.884115517
1403638165845096960.000000 3.826731920 -10.986262321 3.424170494 0.445585608 0.028072268 -0.137775525 0.884128571
1403638165895097088.000000 3.831986189 -10.947717667 3.475592613 0.444666743 0.022645697 -0.140927628 0.884249985
1403638165945096960.000000 3.839964628 -10.908433914 3.525115490 0.443440229 0.018154282 -0.144727901 0.884355783
1403638165995097088.000000 3.852345943 -10.856941223 3.567386150 0.442282498 0.011885187 -0.148065552 0.884489477
1403638166045096960.000000 3.863315821 -10.816364288 3.614367008 0.441647381 0.005391159 -0.150815755 0.884405494
1403638166095097088.000000 3.873472452 -10.787775993 3.666240692 0.440652132 0.002787842 -0.156018540 0.884011388
1403638166145096960.000000 3.893344879 -10.735908508 3.703423500 0.439304173 0.000682509 -0.160564438 0.883872449
1403638166195097088.000000 3.909468651 -10.707650185 3.753068924 0.439903557 -0.000524017 -0.163058430 0.883117557
1403638166245096960.000000 3.932253361 -10.677896500 3.800487518 0.440807194 -0.000853755 -0.165122226 0.882282853
1403638166295097088.000000 3.967464924 -10.616522789 3.824961185 0.440348923 -0.000666044 -0.167004764 0.882157505
1403638166345096960.000000 4.000718117 -10.575913429 3.859366894 0.440621644 -0.000703100 -0.169375733 0.881569028
1403638166395097088.000000 4.035297394 -10.551049232 3.898483753 0.441346109 0.000350818 -0.170866311 0.880918980
1403638166445096960.000000 4.073109627 -10.513637543 3.929385662 0.441507727 -0.000615317 -0.172368065 0.880545259
1403638166495097088.000000 4.110244274 -10.483489037 3.965010166 0.442442954 0.000101629 -0.173087284 0.879934728
1403638166545096960.000000 4.146327019 -10.447004318 3.994974136 0.443679541 -0.000480465 -0.172148734 0.879495919
1403638166595097088.000000 4.182308197 -10.401899338 4.019329071 0.443904907 0.000158152 -0.172384337 0.879336178
1403638166645096960.000000 4.214822769 -10.372755051 4.057174206 0.445241660 -0.000719260 -0.171655148 0.878802478
1403638166695097088.000000 4.248592377 -10.328186989 4.082853794 0.446031392 -0.002274469 -0.169690281 0.878781021
1403638166745096960.000000 4.278465271 -10.290508270 4.115278721 0.447700739 -0.005074994 -0.166922033 0.878450572
1403638166795097088.000000 4.304777622 -10.259588242 4.147525787 0.449892759 -0.011657689 -0.162329033 0.878128707
1403638166845096960.000000 4.329802036 -10.226658821 4.180284023 0.451336473 -0.020387119 -0.158914477 0.877853096
1403638166895097088.000000 4.352888584 -10.192105293 4.213799477 0.452331930 -0.031589866 -0.156839430 0.877382100
1403638166945096960.000000 4.372656822 -10.167818069 4.257341862 0.452823043 -0.040001798 -0.156562418 0.876834929
1403638166995097088.000000 4.401041031 -10.114549637 4.278839588 0.450963438 -0.047196500 -0.159018770 0.876993477
1403638167045096960.000000 4.420612335 -10.097168922 4.324657917 0.450097919 -0.050196495 -0.162416130 0.876648903
1403638167095097088.000000 4.443585873 -10.076397896 4.371218681 0.449457496 -0.051603910 -0.165316358 0.876353562
1403638167145096960.000000 4.471203327 -10.048488617 4.411477089 0.448087335 -0.050142575 -0.169526964 0.876335621
1403638167195097088.000000 4.506213665 -10.014103889 4.448637486 0.446911246 -0.048310343 -0.171950743 0.876566827
1403638167245096960.000000 4.542322159 -9.979398727 4.486308575 0.445273280 -0.045896422 -0.175708592 0.876784861
1403638167295097088.000000 4.577956676 -9.958802223 4.532270432 0.444787294 -0.043012943 -0.176954538 0.876927137
1403638167345096960.000000 4.614009380 -9.940686226 4.579433918 0.444542110 -0.040810026 -0.177748665 0.876996160
1403638167395097088.000000 4.646647930 -9.953575134 4.641416550 0.445361316 -0.039546654 -0.177215204 0.876746356
1403638167445096960.000000 4.686506271 -9.928677559 4.682436466 0.445086807 -0.037599910 -0.175739020 0.877268434
1403638167495097088.000000 4.719999313 -9.921651840 4.741662502 0.446346164 -0.035394739 -0.173113555 0.877242267
1403638167545096960.000000 4.757447720 -9.909591675 4.794661999 0.447156519 -0.032196648 -0.170229211 0.877517283
1403638167595097088.000000 4.787729263 -9.888118744 4.831445217 0.447753072 -0.029566240 -0.164174333 0.878458798
1403638167645096960.000000 4.837299347 -9.862891197 4.887782574 0.448472887 -0.029427757 -0.157524675 0.879313469
1403638167695097088.000000 4.865302563 -9.870098114 4.954287529 0.448352575 -0.028397543 -0.151538685 0.880459964
1403638167745096960.000000 4.891775131 -9.866618156 5.020112514 0.446713388 -0.028086539 -0.145215645 0.882366538
1403638167795097088.000000 4.929664135 -9.834511757 5.064144611 0.442758799 -0.029031258 -0.138804555 0.885355949
1403638167845096960.000000 4.952689171 -9.846435547 5.142813206 0.439418912 -0.029715486 -0.132631689 0.887939692
1403638167895097088.000000 4.986716270 -9.825736046 5.199037075 0.433368444 -0.029741127 -0.128308341 0.891540408
1403638167945096960.000000 5.014040947 -9.824959755 5.273472786 0.428052723 -0.029050164 -0.123610772 0.894789040
1403638167995097088.000000 5.045590878 -9.808396339 5.336654663 0.420552731 -0.028440190 -0.120761856 0.898745358
1403638168045096960.000000 5.076816082 -9.803898811 5.405453205 0.414304167 -0.027839843 -0.117646903 0.902073324
1403638168095097088.000000 5.110794067 -9.791799545 5.474834442 0.409025282 -0.027327491 -0.113907337 0.904973328
1403638168145096960.000000 5.146887779 -9.777965546 5.544384956 0.402736396 -0.026374131 -0.113061182 0.907923460
1403638168195097088.000000 5.185318470 -9.762589455 5.614094734 0.396544546 -0.025019642 -0.110395044 0.911010146
1403638168245096960.000000 5.224105358 -9.745720863 5.685028076 0.388360441 -0.023859024 -0.111617684 0.914411545
1403638168295097088.000000 5.270345211 -9.699499130 5.745044708 0.379700661 -0.023130041 -0.111240864 0.918105602
1403638168345096960.000000 5.307147503 -9.708007812 5.832426071 0.371924669 -0.021070378 -0.110507317 0.921420813
1403638168395097088.000000 5.353309155 -9.688743591 5.904613018 0.363852710 -0.018878734 -0.108354136 0.924940169
1403638168445096960.000000 5.400568962 -9.668786049 5.976943016 0.355267256 -0.017283998 -0.110010542 0.928107798
1403638168495097088.000000 5.446829796 -9.648537636 6.050195694 0.347160161 -0.018201673 -0.113892913 0.930686355
1403638168545096960.000000 5.496482372 -9.600008965 6.112580299 0.338714123 -0.019277733 -0.119737104 0.933040321
1403638168595097088.000000 5.539257050 -9.580003738 6.187757015 0.331706852 -0.022206472 -0.125814289 0.934691548
1403638168645096960.000000 5.580424786 -9.560812950 6.263850689 0.325534701 -0.023520552 -0.131366640 0.936064541
1403638168695097088.000000 5.619658947 -9.542713165 6.341032028 -0.320584029 0.024997462 0.135961577 -0.937078178
1403638168745096960.000000 5.657444000 -9.526059151 6.418948174 -0.317277104 0.025893388 0.138835728 -0.937757671
1403638168795097088.000000 5.693690777 -9.510806084 6.497379303 -0.315361977 0.026788706 0.140049353 -0.938197911
1403638168845096960.000000 5.728470802 -9.497037888 6.576538563 -0.313669264 0.028291307 0.141652837 -0.938480556
1403638168895097088.000000 5.762435913 -9.485077858 6.656596184 -0.312579960 0.028560335 0.143312037 -0.938583970
1403638168945096960.000000 5.784404278 -9.483419418 6.724337578 -0.312544405 0.029801410 0.143414244 -0.938541532
1403638168995097088.000000 5.815498829 -9.476020813 6.804848194 -0.313170254 0.028719651 0.144021124 -0.938273728
1403638169045096960.000000 5.845861435 -9.470460892 6.886116982 -0.314722657 0.024824955 0.143563569 -0.937935531
1403638169095097088.000000 5.875200272 -9.466629028 6.967840195 -0.317917764 0.019790031 0.139020890 -0.937661886
1403638169145096960.000000 5.898040295 -9.493762016 7.062124252 0.321964115 -0.016486885 -0.134696752 0.936976075
1403638169195097088.000000 5.923852921 -9.491986275 7.144804001 0.325587153 -0.014931756 -0.129526526 0.936478972
1403638169245096960.000000 5.948609829 -9.490737915 7.227963924 0.329022199 -0.013727609 -0.121978320 0.936310470
1403638169295097088.000000 5.972216606 -9.489609718 7.311730385 0.331129164 -0.012232424 -0.112959243 0.936719894
1403638169345096960.000000 5.994931698 -9.488200188 7.396276474 0.333006263 -0.010013808 -0.099908471 0.937563300
1403638169395097088.000000 6.017199993 -9.485920906 7.481903076 0.332623124 -0.007550894 -0.088241637 0.938892066
1403638169445096960.000000 6.039145947 -9.481861115 7.567990303 0.330389321 -0.004263458 -0.078038678 0.940603375
1403638169495097088.000000 6.062061310 -9.475677490 7.654486656 0.325498104 -0.001662102 -0.070491321 0.942909956
1403638169545096960.000000 6.086984634 -9.467157364 7.740804672 0.319595695 0.001534697 -0.065041460 0.945317924
1403638169595097088.000000 6.113711834 -9.455204010 7.826417446 0.311291993 0.003604564 -0.061942291 0.948286593
1403638169645096960.000000 6.012506962 -9.279085159 7.862102509 0.301515579 0.005278671 -0.061332405 0.951471984
1403638169695097088.000000 6.008898258 -9.229567528 7.800262451 0.290026635 0.005639951 -0.063656509 0.954882503
1403638169745096960.000000 5.948483467 -9.102156639 7.783875465 0.278349817 0.006364101 -0.064314976 0.958302915
1403638169795097088.000000 5.011329174 -8.736776352 6.750360012 0.265089333 0.008400504 -0.068502426 0.961750746
1403638169845096960.000000 4.980647087 -8.695185661 6.753480911 0.250567019 0.009975725 -0.073277481 0.965270519
1403638169895097088.000000 4.574433327 -8.918707848 5.849658012 0.236502543 0.011953380 -0.076642811 0.968529642
1403638169945096960.000000 4.525162697 -8.899531364 5.776093960 -0.221696466 -0.018563189 0.079299048 -0.971708715
1403638169995097088.000000 4.473823547 -8.875883102 5.717968941 -0.208593056 -0.025283625 0.078738011 -0.974499881
1403638170045096960.000000 4.419686794 -8.853589058 5.654567719 -0.196778536 -0.031256847 0.074514076 -0.977112591
1403638170095097088.000000 4.361905575 -8.832795143 5.586386681 -0.185489997 -0.035179418 0.068983555 -0.979590356
1403638170145096960.000000 4.386678696 -9.390044212 5.416471481 -0.174027398 -0.036253978 0.062348392 -0.982096195
1403638170195097088.000000 4.323019505 -9.390004158 5.353616714 -0.163552448 -0.035666008 0.054826267 -0.984364033
1403638170245096960.000000 4.331130028 -9.358190536 5.169279575 -0.152699202 -0.034881886 0.047025863 -0.986536801
1403638170295097088.000000 4.262722015 -9.368045807 5.071888447 -0.142373353 -0.033391505 0.037899010 -0.988523424
1403638170345096960.000000 4.238050461 -9.424048424 4.920010567 -0.131355152 -0.030842625 0.030686226 -0.990380168
1403638170395097088.000000 4.222566128 -9.477757454 4.760703564 -0.120030902 -0.027407713 0.023987925 -0.992101848
1403638170445096960.000000 4.223441601 -9.546688080 4.581569672 -0.108498827 -0.024668645 0.018516459 -0.993617952
1403638170495097088.000000 4.117294788 -9.744082451 4.481846809 -0.098604128 -0.022417331 0.010194248 -0.994821966
1403638170545096960.000000 4.227089882 -9.590581894 4.192977905 -0.089747056 -0.023033643 0.000422068 -0.995698214
1403638170595097088.000000 4.127904892 -9.656476974 3.961237907 -0.080327921 -0.024867572 -0.007878920 -0.996427119
1403638170645096960.000000 4.060910702 -9.695246696 3.810582161 -0.070251942 -0.028341152 -0.014475447 -0.997021556
1403638170695097088.000000 4.007543564 -10.379257202 3.786984921 -0.059299134 -0.031049350 -0.019463053 -0.997567415
1403638170745096960.000000 3.934804440 -10.437897682 3.617781639 -0.048757259 -0.031665657 -0.024351392 -0.998011529
1403638170795097088.000000 3.872402668 -10.510889053 3.454429150 -0.038343176 -0.033132162 -0.028320044 -0.998313606
1403638170845096960.000000 3.809109211 -10.586789131 3.286427736 -0.027996948 -0.033088669 -0.031696960 -0.998557270
1403638170895097088.000000 3.743568182 -10.665864944 3.114148617 -0.017021593 -0.033231217 -0.033692282 -0.998734593
1403638170945096960.000000 3.674949884 -10.748034477 2.937937260 -0.006220344 -0.032700282 -0.036425281 -0.998781860
1403638170995097088.000000 3.927104473 -10.970102310 2.392205000 0.004298543 -0.034111883 -0.038077753 -0.998683214
1403638171045096960.000000 3.886417866 -11.066544533 2.189516544 0.014543140 -0.035635129 -0.040596686 -0.998434067
1403638171095097088.000000 3.829886198 -11.181063652 1.982421756 0.023094177 -0.036669325 -0.043867048 -0.998097122
1403638171145096960.000000 3.772235632 -11.300413132 1.771099567 0.030472782 -0.038095459 -0.046445698 -0.997728944
1403638171195097088.000000 3.713311195 -11.424703598 1.555575848 0.036225535 -0.039219085 -0.050031953 -0.997319639
1403638171245096960.000000 3.653575897 -11.553873062 1.335940123 0.041040655 -0.040375475 -0.052867644 -0.996940553
1403638171295097088.000000 3.592966795 -11.687844276 1.112071872 0.045290168 -0.041322950 -0.054244101 -0.996643782
1403638171345096960.000000 3.531398058 -11.826901436 0.883915544 0.048215214 -0.042122725 -0.056198705 -0.996364713
1403638171395097088.000000 3.465181589 -11.980630875 0.668427169 0.051076945 -0.043824382 -0.057741962 -0.996060491
1403638171445096960.000000 3.401426554 -12.129232407 0.432536602 0.054905359 -0.044699766 -0.059530742 -0.995712578
1403638171495097088.000000 3.336972237 -12.282786369 0.192513615 0.057658184 -0.046390709 -0.061762184 -0.995343626
1403638171545096960.000000 3.256892681 -12.439482689 -0.090005957 0.059308827 -0.048430443 -0.065971047 -0.994879305
1403638171595097088.000000 3.190899611 -12.602297783 -0.340518445 0.062813170 -0.050148416 -0.067372598 -0.994485140
1403638171645096960.000000 3.123627424 -12.769923210 -0.595112383 0.065847047 -0.051973380 -0.070946239 -0.993946493
1403638171695097088.000000 3.050063610 -12.948137283 -0.852725744 0.069587119 -0.053436812 -0.074599639 -0.993346453
1403638171745096960.000000 2.973176479 -13.127927780 -1.116197586 0.074353024 -0.054977961 -0.077956028 -0.992659092
1403638171795097088.000000 2.915618181 -13.309788704 -1.377266288 0.078233376 -0.055570066 -0.080985323 -0.992085159
1403638171845096960.000000 2.844402313 -13.487538338 -1.651172280 0.081709936 -0.058595836 -0.085104667 -0.991285682
1403638171895097088.000000 2.777117729 -13.686288834 -1.929760695 0.085334785 -0.061087769 -0.088431261 -0.990538359
1403638171945096960.000000 2.709403515 -13.880920410 -2.214389563 0.089743808 -0.065111853 -0.088114500 -0.989920378
1403638171995097088.000000 2.642270088 -14.079973221 -2.504347563 0.094255254 -0.065883622 -0.086365394 -0.989604175
1403638172045096960.000000 2.575928450 -14.283759117 -2.799717188 0.098052576 -0.066992909 -0.085392065 -0.989245057
1403638172095097088.000000 2.503265381 -14.488237381 -3.108062029 0.102027737 -0.066744164 -0.083874911 -0.988989711
1403638172145096960.000000 2.413630247 -14.697383881 -3.454798222 0.104191691 -0.066831023 -0.082821444 -0.988846958
1403638172195097088.000000 2.347395182 -14.928236961 -3.785084009 0.105802663 -0.065946154 -0.082674302 -0.988747656
1403638172245096960.000000 2.272608280 -15.140288353 -4.090813637 0.107498802 -0.064969614 -0.081451118 -0.988730848
1403638172295097088.000000 2.199674129 -15.369494438 -4.420166492 0.108529054 -0.064038455 -0.080204308 -0.988780975
1403638172345096960.000000 2.120392323 -15.606933594 -4.743060112 0.109284274 -0.064189553 -0.079295047 -0.988761365
1403638172395097088.000000 2.040504932 -15.848226547 -5.071404934 0.109120771 -0.064352088 -0.079104856 -0.988784075
1403638172445096960.000000 1.958331585 -16.089454651 -5.391432285 0.108001150 -0.065858714 -0.078811638 -0.988831222
1403638172495097088.000000 1.877379417 -16.363765717 -5.709897041 0.107548758 -0.067722708 -0.079271659 -0.988717854
1403638172545096960.000000 1.786939144 -16.605901718 -6.043907642 0.105728656 -0.069317788 -0.080049351 -0.988740981
1403638172595097088.000000 1.695145011 -16.871232986 -6.379434586 0.104547516 -0.070898823 -0.080034509 -0.988755703
1403638172645096960.000000 1.600555658 -17.142282486 -6.718800068 0.102306895 -0.072054565 -0.082134925 -0.988734245
1403638207695097088.000000 4.218763351 -11.007279396 4.066227913 0.512513995 0.032346491 -0.171025887 0.840852737
1403638207745096960.000000 4.208219528 -11.011059761 4.028435230 0.519916654 0.024727618 -0.172030017 0.836349726
1403638207795097088.000000 4.184381485 -11.027954102 3.983125210 0.522804081 0.021471117 -0.174862072 0.834049344
1403638207845096960.000000 4.170189857 -11.034494400 3.936233521 0.525523663 0.015266656 -0.176516220 0.832126081
1403638207895097088.000000 4.162808418 -11.030950546 3.882835865 0.528055072 0.008041386 -0.179255635 0.830036521
1403638207945096960.000000 4.105590820 -11.071862221 3.743120193 0.527010322 0.006442354 -0.181028992 0.830329537
1403638207995097088.000000 4.098156929 -11.072753906 3.699398041 0.528257906 0.004328330 -0.182756156 0.829171300
1403638208045096960.000000 4.087958336 -11.075624466 3.658797264 0.529553175 0.002845863 -0.183534428 0.828179061
1403638208095097088.000000 4.075729370 -11.078377724 3.607204437 0.529869795 0.005716388 -0.182270914 0.828240693
1403638208145096960.000000 4.064026833 -11.077455521 3.555343151 0.530978262 0.006323789 -0.178807244 0.828281462
1403638208195097088.000000 4.016301155 -11.109206200 3.435420513 0.530003309 0.011706294 -0.176186204 0.829408228
1403638208245096960.000000 4.002722740 -11.109367371 3.397354603 0.530076563 0.014052861 -0.175454006 0.829480171
1403638208295097088.000000 3.989207983 -11.107067108 3.348771095 0.529282689 0.014490482 -0.175305292 0.830010831
1403638208345096960.000000 3.975297689 -11.104855537 3.316361904 0.529101193 0.011758207 -0.177198574 0.829767644
1403638208395097088.000000 3.950857401 -11.097958565 3.267004490 0.527619302 0.010793460 -0.178917617 0.830355287
1403638208445096960.000000 3.894181490 -11.121047020 3.159686089 0.525579154 0.009102502 -0.180336177 0.831361949
1403638208495097088.000000 3.877952814 -11.119625092 3.121133804 0.526912332 0.006943048 -0.182140201 0.830144703
1403638208545096960.000000 3.859676600 -11.117049217 3.082157612 0.530075967 0.005157979 -0.184190914 0.827687502
1403638208595097088.000000 3.849153280 -11.111246109 3.045884609 0.534435630 0.003520113 -0.187024683 0.824249983
1403638208645096960.000000 3.835489273 -11.104378700 3.012060642 0.540802956 0.003817006 -0.188945636 0.819644570
1403638208695097088.000000 3.779121637 -11.112157822 2.893386364 0.543164194 0.004012174 -0.188891575 0.818093300
1403638208745096960.000000 3.765886545 -11.113862038 2.859032631 0.548581779 0.002554331 -0.188559145 0.814553261
1403638208795097088.000000 3.758590937 -11.107440948 2.836307049 0.554549217 0.002541544 -0.189787447 0.810215712
1403638208845096960.000000 3.752384901 -11.094806671 2.786478519 0.557608366 0.003098540 -0.190194115 0.808015823
1403638208895097088.000000 3.740486622 -11.091100693 2.738903522 0.559719920 0.003951044 -0.191773370 0.806176841
1403638208945096960.000000 3.699912548 -11.086438179 2.635329247 0.561253786 0.006613451 -0.193345949 0.804715931
1403638208995097088.000000 3.686397791 -11.079961777 2.619282722 0.564728677 0.007593824 -0.194165230 0.802074671
1403638209045096960.000000 3.673655987 -11.072482109 2.576554775 0.566375077 0.007476100 -0.194790572 0.800762117
1403638209095097088.000000 3.660799265 -11.065585136 2.543577671 0.568355381 0.006398077 -0.194821388 0.799359739
1403638209145096960.000000 3.647587299 -11.056014061 2.508394718 0.569337487 0.005832234 -0.195337981 0.798538625
1403638209195097088.000000 3.591766119 -11.043084145 2.398461342 0.568177462 0.005923004 -0.195864066 0.799235046
1403638209245096960.000000 3.571478605 -11.030890465 2.364048958 0.568836689 0.005434110 -0.194891050 0.799007416
1403638209295097088.000000 3.558069229 -11.026801109 2.345357895 0.570468783 0.004335264 -0.194809541 0.797869623
1403638209345096960.000000 3.536131382 -11.010485649 2.308801174 0.570416749 0.003436347 -0.195139930 0.797830462
1403638209395097088.000000 3.520699501 -11.010680199 2.297243595 0.572357595 0.002312823 -0.194043458 0.796711147
1403638209445096960.000000 3.460136652 -10.978516579 2.209978580 0.570936739 0.002870210 -0.193773672 0.797793746
1403638209495097088.000000 3.444185495 -10.974832535 2.193108559 0.572108984 0.003433652 -0.192086846 0.797359586
1403638209545096960.000000 3.420388699 -10.956275940 2.161128521 0.572189569 0.005400699 -0.191300079 0.797479928
1403638209595097088.000000 3.399280071 -10.940571785 2.150289536 0.573474288 0.005987012 -0.190423772 0.796762407
1403638209645096960.000000 3.372858524 -10.933658600 2.127999783 0.573442400 0.004132036 -0.189682350 0.796974003
1403638209695097088.000000 3.273088455 -10.905623436 2.054823875 0.571103215 0.005094133 -0.189057246 0.798794508
1403638209745096960.000000 3.223609686 -10.889332771 2.030874729 0.570507765 0.005164259 -0.189730391 0.799059927
1403638209795097088.000000 3.169062376 -10.866898537 2.002683640 -0.569452643 -0.007659660 0.191895723 -0.799275398
1403638209845096960.000000 3.113824129 -10.855267525 1.989285946 0.568866968 0.009127470 -0.192946821 0.799423933
1403638209895097088.000000 3.053720474 -10.832561493 1.965470791 -0.568383574 -0.011764925 0.193253443 -0.799659193
1403638209945096960.000000 2.985019207 -10.812355042 1.945347309 0.568482578 0.014945156 -0.192190111 0.799792051
1403638209995097088.000000 2.918991089 -10.789666176 1.924767494 0.568770647 0.018457636 -0.190998331 0.799799323
1403638210045096960.000000 2.874411345 -10.777750015 1.918637753 0.569406271 0.022563763 -0.189111918 0.799689949
1403638210095097088.000000 2.815308809 -10.756187439 1.901327133 0.570155501 0.025778558 -0.186502993 0.799671710
1403638210145096960.000000 2.756311417 -10.730855942 1.882082939 -0.570992410 -0.027805490 0.183907390 -0.799607754
1403638210195097088.000000 2.663844109 -10.686081886 1.840799332 0.571425378 0.030932702 -0.181977198 0.799625278
1403638210245096960.000000 2.606858015 -10.656661987 1.820996284 0.571833432 0.030106213 -0.180726930 0.799648643
1403638210295097088.000000 2.593708515 -10.650135040 1.826430321 0.571960211 0.030744838 -0.180993155 0.799473464
1403638210345096960.000000 2.539117575 -10.616037369 1.806534767 0.571446002 0.031444542 -0.182159647 0.799548984
1403638210395097088.000000 2.487997055 -10.583558083 1.786616325 0.571487486 0.029800417 -0.181788445 0.799666762
1403638210445096960.000000 2.432038546 -10.545859337 1.767658710 0.571259081 0.029682716 -0.182350859 0.799706340
1403638210495097088.000000 2.372823000 -10.505715370 1.744112968 0.571671367 0.029380323 -0.180549562 0.799831629
1403638210545096960.000000 2.314285755 -10.465375900 1.726284504 0.571477473 0.029874284 -0.180562750 0.799948931
1403638210595097088.000000 2.266273499 -10.430503845 1.712289333 0.571358502 0.030703703 -0.180165395 0.800092041
1403638210645096960.000000 2.205339432 -10.387123108 1.695618153 0.571708858 0.031379651 -0.178740576 0.800135136
1403638210695097088.000000 2.149231434 -10.344252586 1.677764893 0.572075725 0.030333124 -0.176909044 0.800320268
1403638210745096960.000000 2.088593483 -10.297083855 1.661338806 0.571963370 0.030664142 -0.176891834 0.800391793
1403638210795097088.000000 2.026957750 -10.242218971 1.636196613 0.571718991 0.030246919 -0.176704809 0.800623536
1403638210845096960.000000 1.968621254 -10.190715790 1.618329048 0.571474791 0.028340900 -0.177242115 0.800748825
1403638210895097088.000000 1.927218914 -10.146393776 1.604677677 0.571783125 0.025175676 -0.177294508 0.800622821
1403638210945096960.000000 1.872112036 -10.092673302 1.586564541 0.570860445 0.022422871 -0.179896221 0.800782740
1403638210995097088.000000 1.826689959 -10.037647247 1.566328049 0.570904613 0.019258035 -0.180451140 0.800708711
1403638211045096960.000000 1.774565458 -9.980128288 1.547576904 0.570762992 0.016604932 -0.181345358 0.800667048
1403638211095097088.000000 1.734124899 -9.922792435 1.525971889 0.570421576 0.014136666 -0.182691738 0.800651729
1403638211145096960.000000 1.687895298 -9.864770889 1.506354332 0.570260882 0.011636104 -0.183691204 0.800577700
1403638211195097088.000000 1.642607689 -9.794930458 1.477343559 0.570305526 0.008420002 -0.183678731 0.800589085
1403638211245096960.000000 1.600296021 -9.737380028 1.458191395 0.569997013 0.007506435 -0.184612378 0.800603151
1403638211295097088.000000 1.576139212 -9.689305305 1.445439339 0.569432318 0.007362140 -0.185104206 0.800892651
1403638211345096960.000000 1.538617373 -9.631375313 1.427224636 0.567654729 0.006614526 -0.184787616 0.802233160
1403638211395097088.000000 1.500606775 -9.558402061 1.399519920 0.564268947 0.006904146 -0.183750466 0.804853261
1403638211445096960.000000 1.463512659 -9.499433517 1.383208275 0.559940219 0.005446910 -0.182310343 0.808208108
1403638211495097088.000000 1.433675289 -9.447937012 1.375861645 0.555051267 0.005951978 -0.180271477 0.812025249
1403638211545096960.000000 1.395999432 -9.387461662 1.361722946 0.549112976 0.005212424 -0.177717775 0.816617548
1403638211595097088.000000 1.359172463 -9.327239037 1.348723888 -0.542629957 -0.004283616 0.173057273 -0.821940184
1403638211645096960.000000 1.317589641 -9.258243561 1.335830688 0.535435975 0.004209487 -0.168056428 0.827676117
1403638211695097088.000000 1.277787209 -9.195625305 1.325707912 0.526733279 0.004192139 -0.162466973 0.834349394
1403638211745096960.000000 1.237642765 -9.132789612 1.316743851 -0.516863406 -0.002191919 0.157682627 -0.841417670
1403638211795097088.000000 1.193869948 -9.061020851 1.308083534 0.506340683 0.000844400 -0.151485577 0.848923147
1403638211845096960.000000 1.154782653 -8.996559143 1.301117897 0.495855719 -0.002370330 -0.144346252 0.856321037
1403638211895097088.000000 1.118394256 -8.931145668 1.295053482 -0.484777391 0.003387070 0.138274550 -0.863631666
1403638211945096960.000000 1.079292178 -8.857694626 1.288763762 0.473100662 -0.003577123 -0.133170307 0.870878160
1403638211995097088.000000 1.047156334 -8.790613174 1.284082174 0.461477607 -0.004389158 -0.128412932 0.877797961
1403638212045096960.000000 1.022800922 -8.729315758 1.280003548 -0.450014651 0.004665616 0.123592131 -0.884415150
1403638212095097088.000000 0.985412061 -8.646438599 1.275711298 0.438116580 -0.003265620 -0.120613933 0.890783668
1403638212145096960.000000 0.960404277 -8.577216148 1.273115158 0.426197320 -0.002255294 -0.117981791 0.896900833
1403638212195097088.000000 0.951902926 -8.524707794 1.270568609 -0.413580477 0.000188260 0.115861632 -0.903065503
1403638212245096960.000000 0.914011002 -8.428397179 1.267026663 0.401698202 0.000868607 -0.112365372 0.908851922
1403638212295097088.000000 0.896884084 -8.356345177 1.263639688 0.389927477 0.001959596 -0.108862214 0.914386034
1403638212345096960.000000 0.886490762 -8.289746284 1.258759260 -0.377935499 -0.001499417 0.105875149 -0.919757068
1403638212395097088.000000 0.863089621 -8.201550484 1.256061435 0.365656704 0.004385647 -0.103611223 0.924954474
1403638212445096960.000000 0.851636589 -8.127223969 1.252720714 0.353690207 0.004072833 -0.100288741 0.929961741
1403638212495097088.000000 0.846683502 -8.055632591 1.248031855 -0.342198074 -0.005734862 0.094887525 -0.934806943
1403638212545096960.000000 0.831757545 -7.968036175 1.243254185 0.331211090 0.005285845 -0.089338318 0.939302981
1403638212595097088.000000 0.825744987 -7.890100479 1.238803983 0.318947554 0.005305134 -0.086155169 0.943833530
1403638212645096960.000000 0.820363998 -7.811285019 1.232966661 -0.307483405 -0.004368215 0.079955347 -0.948178351
1403638212695097088.000000 0.815300941 -7.726734638 1.227176666 0.295205086 0.004423803 -0.076327778 0.952369988
1403638212745096960.000000 0.814003348 -7.645899296 1.220684648 0.281852663 0.003481063 -0.074290104 0.956570983
1403638212795097088.000000 0.816896379 -7.570933342 1.213241339 -0.269225389 -0.004816211 0.068735838 -0.960609138
1403638212845096960.000000 0.817246675 -7.483259201 1.207529068 -0.256026387 -0.004737765 0.064280011 -0.964518666
1403638212895097088.000000 0.819776118 -7.400564194 1.200834513 -0.243105263 -0.003642630 0.057894759 -0.968263805
1403638212945096960.000000 0.820518255 -7.308506966 1.190854430 0.229278713 0.004328833 -0.053176600 0.971897542
1403638212995097088.000000 0.826362789 -7.222081661 1.182949305 0.214895412 0.002851094 -0.048459053 0.975430012
1403638213045096960.000000 0.834332347 -7.134752274 1.174658775 0.200394347 0.003263299 -0.042711981 0.978778362
1403638213095097088.000000 0.839331090 -7.049759388 1.167042732 0.186076254 0.002503819 -0.036463253 0.981855273
1403638213145096960.000000 0.845990300 -6.960294247 1.158492804 0.172034591 0.000588121 -0.028876441 0.984667420
1403638213195097088.000000 0.848535597 -6.873041630 1.147448897 -0.157826647 0.003438446 0.021457536 -0.987227678
1403638213245096960.000000 0.856210887 -6.786087990 1.146665692 0.144403622 -0.009120496 -0.012760185 0.989394605
1403638213295097088.000000 0.858156562 -6.695557117 1.141170979 0.131003827 -0.014704560 -0.003143307 0.991267860
1403638213345096960.000000 0.856478393 -6.603989124 1.133448601 -0.117607608 0.021413764 -0.006594084 -0.992807388
1403638213395097088.000000 0.861764848 -6.516136646 1.138254642 0.104586251 -0.026030462 0.016877472 0.994031906
1403638213445096960.000000 0.860807121 -6.422383785 1.137540698 0.092000306 -0.030631555 0.027616303 0.994904578
1403638213495097088.000000 0.819861472 -6.263741016 1.212065458 0.082039282 -0.033605918 0.038678352 0.995311141
1403638213545096960.000000 0.817923844 -6.165439606 1.216397643 0.069124781 -0.033659648 0.045163460 0.996016681
1403638213595097088.000000 0.823464453 -6.156756401 1.214050293 0.052598648 -0.028201725 0.044898525 0.997207165
1403638213645096960.000000 0.823459864 -6.054367065 1.220869899 0.040171575 -0.019654678 0.041261803 0.998147011
1403638213695097088.000000 0.825027525 -5.929919720 1.256888986 0.031196799 -0.010676998 0.037462916 0.998753905
1403638213745096960.000000 0.828194141 -5.825429916 1.264704466 0.022130322 -0.002977033 0.031926312 0.999240816
1403638213795097088.000000 0.847968817 -5.738080025 1.259591579 0.014806808 0.002993479 0.029134991 0.999461412
1403638213845096960.000000 0.854346991 -5.632479668 1.266859651 0.009044486 0.006473524 0.025021428 0.999625087
1403638213895097088.000000 0.862251759 -5.527233601 1.273876548 -0.005650339 -0.008445398 -0.023486447 -0.999672532
1403638213945096960.000000 0.901821375 -5.431379318 1.210512400 0.001473338 0.009665759 0.017083455 0.999806345
1403638213995097088.000000 0.911977291 -5.325810432 1.215558171 0.001159568 0.009033636 0.017836053 0.999799430
1403638214045096960.000000 0.918802857 -5.274301052 1.267301559 0.000390716 0.002634598 0.019634804 0.999803722
1403638214095097088.000000 0.929820716 -5.169509888 1.271642685 0.000179697 -0.003390318 0.018032765 0.999831676
1403638214145096960.000000 0.951380134 -5.027075291 1.231327415 0.000647745 -0.006410343 0.013799421 0.999884129
1403638214195097088.000000 0.965598524 -4.923603535 1.235617638 0.001801566 -0.013286809 0.012509316 0.999831915
1403638214245096960.000000 0.981086969 -4.820898533 1.241436839 -0.003137729 0.018045662 -0.011476054 -0.999766409
1403638214295097088.000000 0.985279381 -4.776392937 1.284355879 0.005549656 -0.025008913 0.014322175 0.999569297
1403638214345096960.000000 0.997281313 -4.673958302 1.293103337 0.007278753 -0.028659455 0.013403722 0.999472916
1403638214395097088.000000 0.998022377 -4.583950996 1.303223848 0.008826851 -0.031291530 0.010558217 0.999415576
1403638214445096960.000000 1.008685470 -4.482690811 1.316442847 0.010667196 -0.031438220 0.009089460 0.999407470
1403638214495097088.000000 1.039174914 -4.353230953 1.305903435 0.011975751 -0.025015838 0.005595711 0.999599695
1403638214545096960.000000 1.049373388 -4.252298832 1.322347403 0.013633590 -0.019393185 0.004551729 0.999708652
1403638214595097088.000000 1.032129169 -4.202867031 1.387163997 0.014452986 -0.016349860 0.004871825 0.999750018
1403638214645096960.000000 1.039943337 -4.102394581 1.406204939 0.016207024 -0.010466770 0.004248076 0.999804854
1403638214695097088.000000 1.047051191 -4.001632690 1.425431609 -0.017677521 0.004717960 -0.003121333 -0.999827802
1403638214745096960.000000 1.077409148 -3.884116173 1.402642608 0.019861165 0.003343466 0.000459889 0.999797106
1403638214795097088.000000 1.082192659 -3.784445286 1.422439098 0.021551214 0.006998696 -0.000045481 0.999743283
1403638214845096960.000000 1.085493684 -3.684540033 1.441614628 -0.022810550 -0.010290555 0.001031711 -0.999686360
1403638214895097088.000000 1.050943255 -3.646630764 1.512035251 0.023166122 0.010095391 -0.000207400 0.999680638
1403638214945096960.000000 1.050788641 -3.547626019 1.531340122 0.024130363 0.012392177 -0.000862756 0.999631703
1403638214995097088.000000 1.083329678 -3.427404165 1.501355171 0.025666088 0.015320240 -0.002654635 0.999549687
1403638215045096960.000000 1.080769777 -3.330611706 1.520926356 0.026441662 0.015828047 -0.002700676 0.999521434
1403638215095097088.000000 1.073618054 -3.253117561 1.546998143 0.026699979 0.015713351 -0.004386829 0.999510407
1403638215145096960.000000 1.068458200 -3.157412052 1.566315293 0.027117673 0.015510408 -0.004568652 0.999501526
1403638215195097088.000000 1.061715841 -3.065482855 1.585220456 -0.027002985 -0.013581434 0.005348080 -0.999528825
1403638215245096960.000000 1.028243899 -3.040016413 1.641413093 0.025712827 0.009445351 -0.004775507 0.999613404
1403638215295097088.000000 1.020094514 -2.947638988 1.659659863 0.024778947 0.007690431 -0.007377837 0.999636233
1403638215345096960.000000 1.012071252 -2.858129978 1.677314997 -0.023756389 -0.006677674 0.009295539 -0.999652267
1403638215395097088.000000 1.001803041 -2.789673328 1.694668770 0.022629460 0.006700611 -0.011856524 0.999651194
1403638215445096960.000000 0.995887637 -2.701238155 1.711606622 0.021461675 0.007635968 -0.015443667 0.999621272
1403638215495097088.000000 0.992565870 -2.606040478 1.728676081 -0.021041080 -0.007327825 0.016355598 -0.999618053
1403638215545096960.000000 0.986229360 -2.555021524 1.743570566 0.020745123 0.007248074 -0.016535429 0.999621809
1403638215595097088.000000 0.985532284 -2.473328829 1.757211208 0.020249804 0.009517001 -0.017811853 0.999590993
1403638215645096960.000000 1.009627104 -2.345622301 1.742427468 0.021956816 0.013538589 -0.018200452 0.999501586
1403638215695097088.000000 1.011232018 -2.268545628 1.753548503 0.022530265 0.013557696 -0.016299784 0.999521315
1403638215745096960.000000 0.982985616 -2.235563278 1.807309031 0.023141304 0.011783131 -0.010805204 0.999604404
1403638215795097088.000000 0.984096646 -2.161517143 1.817925334 0.022133220 0.011870288 -0.009041470 0.999643743
1403638215845096960.000000 0.982340872 -2.094372511 1.828261971 0.020369817 0.011562050 -0.005655912 0.999709725
1403638215895097088.000000 0.980359018 -2.021892309 1.838214040 0.017849945 0.011566634 -0.004914426 0.999761701
1403638215945096960.000000 0.976890266 -1.952537775 1.847420931 -0.015636977 -0.011773337 0.003286140 -0.999803007
1403638215995097088.000000 0.968244672 -1.881057858 1.854351282 0.014158946 0.012072738 -0.001298747 0.999826074
1403638216045096960.000000 0.961976469 -1.811819315 1.863009810 0.012366120 0.011960920 -0.000313024 0.999852002
1403638216095097088.000000 0.955822766 -1.743489265 1.871353030 0.009963769 0.012336631 -0.001535679 0.999873161
1403638216145096960.000000 0.983336449 -1.655483842 1.843245387 0.008542992 0.014145209 -0.003834275 0.999856114
1403638216195097088.000000 0.979478061 -1.589970589 1.848992944 0.006929241 0.014504631 -0.004679328 0.999859869
1403638216245096960.000000 0.976953208 -1.525388002 1.853466511 0.005519071 0.016176574 -0.004813541 0.999842405
1403638216295097088.000000 0.973019958 -1.454559803 1.865657091 0.004223556 0.016502609 -0.005194548 0.999841452
1403638216345096960.000000 0.972896397 -1.392188072 1.868385673 0.003286941 0.017808240 -0.005581438 0.999820411
1403638216395097088.000000 0.968436718 -1.326242924 1.879413486 0.002902567 0.019258339 -0.005890460 0.999793053
1403638216445096960.000000 0.970533073 -1.267302990 1.879452586 0.002177977 0.020078847 -0.005967814 0.999778211
1403638216495097088.000000 0.972634792 -1.209638476 1.878555298 0.001907846 0.020030884 -0.005819572 0.999780655
1403638216545096960.000000 0.944966137 -1.207833409 1.906444311 0.000332181 0.016619114 -0.003939291 0.999854147
1403638216595097088.000000 0.943655491 -1.152299285 1.905515671 -0.000577776 0.015955541 -0.005167725 0.999859214
1403638216645096960.000000 0.973902464 -1.062873602 1.869624019 -0.001309755 0.016732980 -0.009490267 0.999814093
1403638216695097088.000000 0.968318760 -1.009361625 1.869264722 -0.001832981 0.015386371 -0.010507157 0.999824703
1403638216745096960.000000 0.961207509 -0.956164479 1.868848324 0.002440939 -0.014503661 0.012488127 -0.999813914
1403638216795097088.000000 0.900175929 -0.900766432 1.922929525 -0.002812908 0.015482869 -0.011889441 0.999805510
1403638216845096960.000000 0.891139448 -0.850402474 1.922736883 -0.005343116 0.019082865 -0.011495490 0.999737561
1403638216895097088.000000 0.935006261 -0.806088507 1.868128419 0.009905693 -0.023034599 0.012228206 -0.999610782
1403638216945096960.000000 0.920654595 -0.751282334 1.868691564 -0.014241344 0.024099659 -0.009875115 0.999559402
1403638216995097088.000000 0.908755362 -0.704265237 1.866926432 -0.018915502 0.024215126 -0.005616041 0.999512076
1403638217045096960.000000 0.841095805 -0.654866874 1.916080832 -0.023170028 0.021121459 0.001187487 0.999507725
1403638217095097088.000000 0.826409340 -0.609848440 1.913209200 -0.029727103 0.018653605 0.005789416 0.999367237
1403638217145096960.000000 0.855231822 -0.555644214 1.875819325 -0.037501108 0.018121663 0.008993866 0.999091804
1403638217195097088.000000 0.839578450 -0.512202680 1.872265577 -0.044031445 0.016133413 0.012627122 0.998820126
1403638217245096960.000000 0.768721938 -0.474231482 1.908294320 -0.049467139 0.012353665 0.015838433 0.998573780
1403638217295097088.000000 0.754455805 -0.433303058 1.903014779 -0.054399159 0.010919019 0.017999172 0.998297334
1403638217345096960.000000 0.748550713 -0.398135126 1.891851425 -0.059025891 0.009588217 0.018607566 0.998036981
1403638217395097088.000000 0.738179266 -0.359190047 1.884865046 -0.062778838 0.007743260 0.019957986 0.997797847
1403638217445096960.000000 0.720556796 -0.314276218 1.888622046 -0.065706916 0.007391079 0.020780435 0.997595251
1403638217495097088.000000 0.714092433 -0.276623547 1.879475832 -0.068802141 0.006477172 0.019638859 0.997415960
1403638217545096960.000000 0.715973079 -0.244016036 1.872485161 -0.071990274 0.005131433 0.017248727 0.997242987
1403638217595097088.000000 0.713572741 -0.209108204 1.861037016 -0.074246012 0.004099245 0.015094564 0.997117281
1403638217645096960.000000 0.712533057 -0.174090296 1.849382401 0.076619007 -0.003522860 -0.010926074 -0.996994376
1403638217695097088.000000 0.696242571 -0.131828994 1.834969759 -0.078932874 0.004079594 0.007498056 0.996843457
1403638217745096960.000000 0.698972881 -0.100465365 1.821613669 -0.080430284 0.002739630 0.003669777 0.996749759
1403638217795097088.000000 0.702720165 -0.070781201 1.807484627 0.081572220 -0.001415298 -0.000153700 -0.996666431
1403638217845096960.000000 0.707449853 -0.042949650 1.800010085 -0.082541250 0.000049253 -0.002643482 0.996584177
1403638217895097088.000000 0.713052452 -0.017787537 1.785437942 -0.082219906 0.000543164 -0.003283628 0.996608734
1403638217945096960.000000 0.717892587 0.004804340 1.771468878 0.082795911 -0.002544140 0.006331591 -0.996543169
1403638217995097088.000000 0.721263707 0.025652079 1.758384228 0.081644960 -0.004581406 0.006024709 -0.996632814
1403638218045096960.000000 0.733572900 0.040011737 1.755028486 -0.081214882 0.005318728 -0.007732114 0.996652484
1403638218095097088.000000 0.734208405 0.057043780 1.743295074 -0.080779843 0.006599171 -0.008300367 0.996675611
1403638218145096960.000000 0.733733416 0.072309427 1.731672525 0.079486161 -0.008031484 0.006873406 -0.996779919
1403638218195097088.000000 0.721518874 0.098344564 1.742788196 -0.078400850 0.010365532 -0.006973042 0.996843696
1403638218245096960.000000 0.718426526 0.109666139 1.731738210 -0.077250004 0.013551114 -0.006954760 0.996895373
1403638218295097088.000000 0.713856280 0.119557507 1.723204494 0.075907148 -0.016937006 0.006615201 -0.996949136
1403638218345096960.000000 0.719757020 0.119142540 1.711160779 -0.074073501 0.019790050 -0.003914459 0.997048795
1403638218395097088.000000 0.716138363 0.124807544 1.700032830 -0.071970686 0.020537823 -0.001346221 0.997194409
1403638218445096960.000000 0.713898301 0.128562152 1.688785791 0.070073366 -0.020694146 -0.001077753 -0.997326612
1403638218495097088.000000 0.713584423 0.130911842 1.676071167 0.068673290 -0.020347904 -0.003177518 -0.997426629
1403638218545096960.000000 0.715066254 0.131644577 1.661701798 0.068167783 -0.019395582 -0.003116300 -0.997480512
1403638218595097088.000000 0.706712723 0.147357538 1.663586259 -0.066548958 0.019130211 0.005070369 0.997586846
1403638218645096960.000000 0.709963381 0.145689085 1.646485448 -0.065878138 0.016639618 0.005940610 0.997671306
1403638218695097088.000000 0.712256134 0.142953351 1.629502296 0.065831199 -0.012521512 -0.007898862 -0.997720957
1403638218745096960.000000 0.713479221 0.140000314 1.611943722 0.068312824 -0.008085292 -0.008506655 -0.997594953
1403638218795097088.000000 0.715012550 0.120251767 1.568427801 0.072291546 -0.004185296 -0.010595773 -0.997318506
1403638218845096960.000000 0.714426041 0.130248278 1.585612893 -0.076002821 0.001172458 0.012217223 0.997032046
1403638218895097088.000000 0.712117076 0.125316098 1.570063591 -0.079442047 -0.000259920 0.015138321 0.996724546
1403638218945096960.000000 0.708237290 0.120011695 1.556509137 0.080123357 0.000738271 -0.023842923 -0.996499538
1403638218995097088.000000 0.703535557 0.113869883 1.543239594 0.080339290 0.000262527 -0.032827262 -0.996226907
1403638219045096960.000000 0.697927117 0.107671261 1.530429959 0.080558956 -0.001032273 -0.040936854 -0.995908320
1403638219095097088.000000 0.693543673 0.088044278 1.514292955 -0.081562988 0.002992574 0.046552584 0.995575964
1403638219145096960.000000 0.686984956 0.082938038 1.502345562 -0.083376199 0.004205795 0.048336014 0.995336294
1403638219195097088.000000 0.723418415 0.118731201 1.480258822 -0.084699355 0.009103383 0.044436011 0.995373607
1403638219245096960.000000 0.716085672 0.114814587 1.468476415 -0.087815382 0.013548721 0.040162783 0.995234549
1403638219295097088.000000 0.707369983 0.110683374 1.457483292 0.090411514 -0.018670341 -0.037047792 -0.995040059
1403638219345096960.000000 0.669979811 0.061741520 1.462546945 -0.094122708 0.021033965 0.033973981 0.994758368
1403638219395097088.000000 0.661360145 0.057290986 1.450074315 -0.095262676 0.028308632 0.032624740 0.994514644
1403638219445096960.000000 0.654088676 0.051989377 1.437395930 0.096658215 -0.033786681 -0.029993350 -0.994291723
1403638219495097088.000000 0.647039592 0.046555370 1.423093081 0.097297117 -0.036945693 -0.028547242 -0.994159639
1403638219545096960.000000 0.622898221 0.068256058 1.417461634 -0.095848106 0.038063157 0.029940566 0.994217277
1403638219595097088.000000 0.616497397 0.061653819 1.400593638 -0.095074892 0.036678713 0.031975683 0.994280219
1403638219645096960.000000 0.610511541 0.054955069 1.382810235 0.094151981 -0.033989828 -0.034070589 -0.994394004
1403638219695097088.000000 0.625502527 0.023822695 1.342099786 -0.093750641 0.031578235 0.037266210 0.994396806
1403638219745096960.000000 0.617886543 0.016403906 1.322237253 -0.092473075 0.028391724 0.040411644 0.994489610
1403638219795097088.000000 0.609587967 0.008786530 1.301448822 0.090564370 -0.025660679 -0.045244016 -0.994531393
1403638219845096960.000000 0.596424341 0.004110085 1.275615215 -0.088634543 0.022566861 0.050186243 0.994543135
1403638219895097088.000000 0.584572673 -0.002140905 1.254759192 -0.086849317 0.020487797 0.054846626 0.994499505
1403638219945096960.000000 0.571592927 -0.007332555 1.232723236 0.085325994 -0.018079851 -0.059303235 -0.994422317
1403638219995097088.000000 0.581411481 0.033484705 1.183528900 -0.082099155 0.019005166 0.061592326 0.994537592
1403638220045096960.000000 0.565518498 0.030850951 1.161965609 -0.081458636 0.016658502 0.063641757 0.994503319
1403638220095097088.000000 0.549309492 0.029369330 1.139627337 0.081319414 -0.014853377 -0.063974679 -0.994521916
1403638220145096960.000000 0.531432390 0.029996874 1.110924840 -0.082489014 0.012928447 0.060852159 0.994648457
1403638220195097088.000000 0.518150210 0.032256745 1.088441610 -0.085040428 0.011416904 0.054750949 0.994806647
1403638220245096960.000000 0.508022785 0.029329501 1.062727451 -0.089114562 0.010234620 0.045248147 0.994940460
1403638220295097088.000000 0.497903407 0.033342674 1.038399220 -0.092163675 0.007763453 0.037433378 0.995009720
1403638220345096960.000000 0.490154326 0.037268426 1.013233662 -0.094294094 0.007332255 0.031570178 0.995016694
1403638220395097088.000000 0.483742416 0.040494766 0.984709382 0.096232198 -0.006814593 -0.027704151 -0.994949996
1403638220445096960.000000 0.430962592 0.035802789 0.956727147 -0.095901020 0.004393938 0.028085016 0.994984925
1403638220495097088.000000 0.427410156 0.038171444 0.928613603 -0.096952349 0.004421931 0.025934378 0.994941294
1403638220545096960.000000 0.424335480 0.039875906 0.899479628 0.097052343 -0.005139537 -0.026674734 -0.994908571
1403638220595097088.000000 0.417753309 0.040127240 0.872241676 -0.098131366 0.005318164 0.025804771 0.994824708
1403638220645096960.000000 0.413810611 0.040818755 0.844542384 -0.098786592 0.005446392 0.026095297 0.994751513
1403638220695097088.000000 0.407399356 0.040531900 0.816428721 0.099508397 -0.005820683 -0.025990563 -0.994680285
1403638220745096960.000000 0.399789602 0.039945584 0.789656460 0.099924408 -0.005387072 -0.027195694 -0.994608700
1403638220795097088.000000 0.390010118 0.039886013 0.760353506 -0.100150056 0.005290459 0.028007345 0.994563997
1403638220845096960.000000 0.379440427 0.038384672 0.734882236 -0.100365147 0.006032331 0.029111924 0.994506419
1403638220895097088.000000 0.366751760 0.036674537 0.708859503 0.101169795 -0.005259945 -0.028932923 -0.994434476
1403638220945096960.000000 0.352589846 0.034404948 0.684327722 0.101268075 -0.004539236 -0.030771149 -0.994372845
1403638220995097088.000000 0.335758924 0.042376351 0.656258643 -0.101015851 0.003713663 0.030853096 0.994399428
1403638221045096960.000000 0.319479078 0.039302327 0.633194923 -0.101306066 0.003428746 0.030976597 0.994367123
1403638221095097088.000000 0.303038836 0.036090273 0.610204220 0.101849139 -0.002776289 -0.031498104 -0.994297266
1403638221145096960.000000 0.286080092 0.033015244 0.586125135 -0.102360763 0.001785699 0.031277392 0.994253993
1403638221195097088.000000 0.271413058 0.028809423 0.562998772 -0.102437437 0.000340379 0.031983618 0.994225144
1403638221245096960.000000 0.258180887 0.024197554 0.539256215 0.102585025 0.000860179 -0.032456718 -0.994194269
1403638221295097088.000000 0.251462460 0.021528877 0.518644035 -0.102161512 -0.002294943 0.034072813 0.994181514
1403638221345096960.000000 0.241591007 0.016240142 0.494005740 -0.102186263 -0.003613142 0.035099339 0.994139373
1403638221395097088.000000 0.232478619 0.010923583 0.468798608 0.101853222 0.004433802 -0.037210502 -0.994093418
1403638221445096960.000000 0.222707391 0.013086764 0.451946318 -0.101358332 -0.004547029 0.038954437 0.994076669
1403638221495097088.000000 0.212608591 0.007714342 0.428494990 -0.101072066 -0.004661778 0.040434364 0.994046152
1403638221545096960.000000 0.201093659 0.002647493 0.405974925 -0.100817189 -0.004465266 0.041937817 0.994010687
1403638221595097088.000000 0.188933179 -0.001414072 0.384085119 0.101059049 0.003544850 -0.042982899 -0.993945181
1403638221645096960.000000 0.175654203 -0.005614211 0.363235742 0.101178296 0.002734717 -0.042804010 -0.993943334
1403638221695097088.000000 0.162060842 -0.009506073 0.343115598 0.100875780 0.000426002 -0.043879855 -0.993930876
1403638221745096960.000000 0.159905776 -0.008474084 0.333869398 -0.100355007 0.001567093 0.045199506 0.993923306
1403638221795097088.000000 0.147565961 -0.011892628 0.313897222 -0.099593937 0.003097078 0.046130653 0.993953526
1403638221845096960.000000 0.137269422 -0.014787843 0.293603599 -0.099673070 0.003652784 0.045478798 0.993973672
1403638221895097088.000000 0.130037516 -0.017270414 0.273821235 0.100183852 -0.005115752 -0.043429952 -0.994007528
1403638221945096960.000000 0.124151230 -0.019588109 0.252269000 0.100994542 -0.006086431 -0.040447906 -0.994045854
1403638221995097088.000000 0.120506853 -0.028156582 0.222884327 -0.101801448 0.006176649 0.038272042 0.994049072
1403638222045096960.000000 0.118153982 -0.030269425 0.200308800 -0.102619350 0.005515000 0.036261901 0.994044244
1403638222095097088.000000 0.117299937 -0.032241691 0.179119229 0.103279650 -0.003279541 -0.034316353 -0.994054854
1403638222145096960.000000 0.118435547 -0.023542238 0.172946587 -0.102816947 -0.000004645 0.034391049 0.994105637
1403638222195097088.000000 0.114961706 -0.026129853 0.152032182 -0.103169478 -0.003369849 0.034054462 0.994075000
1403638222245096960.000000 0.110613897 -0.029057022 0.132871658 0.103128880 0.006572302 -0.034796290 -0.994037509
1403638222295097088.000000 0.095090836 -0.036621448 0.101962037 -0.103477322 -0.009415310 0.035657067 0.993947864
1403638222345096960.000000 0.088886037 -0.039711125 0.084621884 -0.103267327 -0.012455945 0.036127564 0.993919313
1403638222395097088.000000 0.082012311 -0.042678908 0.068566725 -0.103429779 -0.014722787 0.036738295 0.993849039
1403638222445096960.000000 0.080003776 -0.038731471 0.065701976 -0.102853321 -0.017588189 0.036546983 0.993869305
1403638222495097088.000000 0.071732536 -0.041591160 0.052136246 -0.102862291 -0.019038016 0.036497101 0.993843555
1403638222545096960.000000 0.061634723 -0.043595023 0.039882772 -0.102710590 -0.016921317 0.036776979 0.993887186
1403638222595097088.000000 0.053164560 -0.046132598 0.028787153 -0.102733582 -0.012379622 0.036213029 0.993972480
1403638222645096960.000000 0.045101829 -0.048880138 0.017923826 0.102449112 0.006958675 -0.037192397 -0.994018376
1403638222695097088.000000 0.035572715 -0.051111035 0.008666375 0.102293357 0.003001940 -0.037538301 -0.994041264
1403638222745096960.000000 0.021325640 -0.051858634 0.001591122 -0.102566779 -0.000482135 0.036573861 0.994053483
1403638222795097088.000000 0.010599111 -0.054261509 -0.006590469 -0.102522887 0.001147011 0.036579136 0.994057298
1403638222845096960.000000 -0.000587991 -0.056720834 -0.013667040 0.102816105 -0.004015939 -0.035775401 -0.994048774
1403638222895097088.000000 -0.011140672 -0.059448119 -0.020878829 0.102932155 -0.010853125 -0.034852888 -0.994018435
1403638222945096960.000000 -0.022277748 -0.062548496 -0.028119469 0.102496237 -0.017086910 -0.035349350 -0.993958294
1403638222995097088.000000 -0.034204081 -0.071255177 -0.039322596 0.102618128 -0.018872188 -0.035865854 -0.993894935
1403638223045096960.000000 -0.049916551 -0.068733186 -0.046338029 -0.101829953 0.017869942 0.035589557 0.994004428
1403638223095097088.000000 -0.059050065 -0.072261065 -0.057006266 -0.102051750 0.014202832 0.035085618 0.994058728
1403638223145096960.000000 -0.067726240 -0.076233007 -0.069588438 -0.102335803 0.007735666 0.035049409 0.994102180
1403638223195097088.000000 -0.070887394 -0.078781240 -0.081475571 0.101458080 0.001689818 -0.038052894 -0.994110346
1403638223245096960.000000 -0.088428020 -0.086103812 -0.096436508 0.100256197 0.009923373 -0.042255562 -0.994014502
1403638223295097088.000000 -0.096706599 -0.090535358 -0.109216601 0.099479176 0.015245500 -0.044455215 -0.993929267
1403638223345096960.000000 -0.104156867 -0.094501346 -0.121341206 0.099270001 0.014030554 -0.045826945 -0.993905663
1403638223395097088.000000 -0.112249412 -0.098097444 -0.132519156 0.098523647 0.011995566 -0.048215404 -0.993893623
1403638223445096960.000000 -0.120720021 -0.101093248 -0.142798081 0.096576408 0.008052844 -0.053507410 -0.993853688
1403638223495097088.000000 -0.129420564 -0.103293680 -0.152415052 0.094146654 0.003524154 -0.060038660 -0.993740141
1403638223545096960.000000 -0.138702884 -0.104059227 -0.161534756 0.093011975 0.000540004 -0.063536026 -0.993635595
1403638223595097088.000000 -0.147968009 -0.103294358 -0.170425609 0.093770422 -0.000849884 -0.061452929 -0.993695080
1403638223645096960.000000 -0.157272860 -0.101137765 -0.179012299 0.096242018 -0.001879464 -0.055385515 -0.993814111
1403638223695097088.000000 -0.166840717 -0.098178543 -0.187225431 0.098511696 -0.001926177 -0.049350705 -0.993909657
1403638223745096960.000000 -0.176234722 -0.094516248 -0.194959581 0.101203740 -0.001515317 -0.042230647 -0.993967891
1403638223795097088.000000 -0.186205983 -0.090434484 -0.202225372 0.103228308 -0.000482863 -0.037355591 -0.993955910
1403638223845096960.000000 -0.195874453 -0.086521007 -0.209250227 0.104385585 -0.000102605 -0.033600438 -0.993969142
1403638223895097088.000000 -0.205534980 -0.083165944 -0.216116861 0.105315790 0.000409199 -0.031002125 -0.993955433
1403638223945096960.000000 -0.214879975 -0.079774626 -0.221735641 0.106453322 0.000119086 -0.027705025 -0.993931651
1403638223995097088.000000 -0.225109488 -0.077078789 -0.226897791 0.106783599 0.001000982 -0.026678294 -0.993923843
1403638224045096960.000000 -0.235505804 -0.074919604 -0.231910869 0.106975511 0.003926647 -0.026062718 -0.993912280
1403638224095097088.000000 -0.246778026 -0.072349742 -0.236057892 0.106364474 0.008067787 -0.027285062 -0.993920088
1403638224145096960.000000 -0.256975681 -0.070334323 -0.239269242 0.105773561 0.013976630 -0.028388755 -0.993886709
1403638224195097088.000000 -0.267238736 -0.069193147 -0.241119459 0.105403289 0.019406382 -0.029722849 -0.993795872
1403638224245096960.000000 -0.275419980 -0.068493977 -0.242789149 0.105054632 0.020103520 -0.030396687 -0.993798494
1403638224295097088.000000 -0.282817096 -0.067704059 -0.242314190 0.104945824 0.018267287 -0.030307211 -0.993848205
1403638224345096960.000000 -0.288672090 -0.066999048 -0.241734952 0.104899466 0.012512050 -0.030519970 -0.993935704
1403638224395097088.000000 -0.294258863 -0.066720769 -0.239652514 0.104028270 0.007391651 -0.033895075 -0.993969142
1403638224445096960.000000 -0.299629927 -0.066013537 -0.236422971 0.102304541 0.001755449 -0.038222536 -0.994016945
1403638224495097088.000000 -0.304650456 -0.067093767 -0.233897790 0.101622939 -0.005731179 -0.039680626 -0.994014800
1403638224545096960.000000 -0.309379220 -0.068136603 -0.232149571 0.102092683 -0.010841702 -0.038277503 -0.993979096
1403638224595097088.000000 -0.316142112 -0.069167636 -0.229342014 0.102090120 -0.011507462 -0.037522282 -0.994000614
1403638224645096960.000000 -0.322494596 -0.071169704 -0.226469398 0.102594867 -0.006848322 -0.036276508 -0.994037986
1403638224695097088.000000 -0.329479575 -0.073641978 -0.224572688 0.102463603 0.001559005 -0.036647402 -0.994060278
1403638224745096960.000000 -0.335938632 -0.075484239 -0.221829876 0.102478646 0.011163628 -0.036979154 -0.993984938
1403638224795097088.000000 -0.340252519 -0.077830456 -0.219000697 0.102613978 0.017137691 -0.037112541 -0.993880987
1403638224845096960.000000 -0.341266155 -0.080261774 -0.216010034 0.102117069 0.016238989 -0.037784282 -0.993921936
1403638224895097088.000000 -0.341473401 -0.082912467 -0.211574301 0.100560755 0.010488887 -0.041561887 -0.994007111
1403638224945096960.000000 -0.339555115 -0.086772822 -0.208184257 0.098711371 0.003609702 -0.045682494 -0.994060457
1403638224995097088.000000 -0.337272555 -0.088830352 -0.203365073 0.096583694 -0.003367309 -0.050154801 -0.994054735
1403638225045096960.000000 -0.334713459 -0.092268020 -0.200316086 0.095334142 -0.007502252 -0.052140865 -0.994050562
1403638225095097088.000000 -0.331598729 -0.094372302 -0.198419675 0.095707744 -0.010005692 -0.050427981 -0.994080961
1403638225145096960.000000 -0.328870922 -0.096918046 -0.195985615 0.096700177 -0.009021133 -0.046615653 -0.994180441
1403638225195097088.000000 -0.326743424 -0.098693945 -0.192751423 0.097596698 -0.004466376 -0.043303456 -0.994273484
1403638225245096960.000000 -0.323735505 -0.100405686 -0.192114204 0.098027334 0.002122884 -0.040625811 -0.994351923
1403638225295097088.000000 -0.320813894 -0.101043493 -0.191242754 0.098687708 0.008255204 -0.038662963 -0.994332850
1403638225345096960.000000 -0.317192286 -0.100654453 -0.190666005 0.099179946 0.008641720 -0.036983706 -0.994344413
1403638225395097088.000000 -0.312363744 -0.101838239 -0.190323010 0.099393718 0.006826886 -0.035556275 -0.994389355
1403638225445096960.000000 -0.307824492 -0.102314755 -0.190312773 0.099783123 0.001558784 -0.034937408 -0.994394481
1403638225495097088.000000 -0.305346757 -0.102629073 -0.187749013 0.100197412 -0.007255831 -0.033142593 -0.994388998
1403638225545096960.000000 -0.306127280 -0.101210237 -0.186803773 0.100720823 -0.016314222 -0.032066267 -0.994264007
1403638225595097088.000000 -0.309555143 -0.102913693 -0.185832620 0.101402916 -0.025569273 -0.030462157 -0.994050205
1403638225645096960.000000 -0.314043373 -0.102548487 -0.183385432 0.101411887 -0.033877086 -0.029703379 -0.993823826
1403638225695097088.000000 -0.321100980 -0.102997795 -0.180121630 0.101663947 -0.034054987 -0.029138878 -0.993808687
1403638225745096960.000000 -0.331702799 -0.103423335 -0.177629873 0.101663224 -0.030028367 -0.028666435 -0.993952274
1403638225795097088.000000 -0.345192522 -0.105087519 -0.174665034 0.101315394 -0.021888979 -0.029906310 -0.994163871
1403638225845096960.000000 -0.358686596 -0.108050957 -0.173722267 0.101327799 -0.010530115 -0.029968105 -0.994345963
1403638225895097088.000000 -0.375256479 -0.111895733 -0.170407549 0.101299956 -0.000156584 -0.030301308 -0.994394422
1403638225945096960.000000 -0.393165976 -0.115843453 -0.166990355 0.100878052 0.007370470 -0.031271499 -0.994379997
1403638225995097088.000000 -0.412223041 -0.119839348 -0.163608834 0.099672459 0.014616193 -0.034708187 -0.994307339
1403638226045096960.000000 -0.415856719 -0.127113074 -0.162151322 0.097486794 0.025355605 -0.033579852 -0.994346976
1403638226095097088.000000 -0.407175213 -0.133643165 -0.161523014 0.089478537 0.020966390 -0.053994402 -0.994303107
1403638226145096960.000000 -0.404923856 -0.140862986 -0.149931714 0.086615831 0.022617891 -0.058495931 -0.994265795
1403638226195097088.000000 -0.408116788 -0.142684847 -0.142918184 0.088399142 0.029974278 -0.051437616 -0.994304478
1403638226245096960.000000 -0.412549198 -0.144956887 -0.134052455 0.099225610 0.030650619 -0.030328440 -0.994130254
1403638226295097088.000000 -0.415647626 -0.146230757 -0.137369797 0.097974092 0.015895281 -0.043399129 -0.994115174
1403638226345096960.000000 -0.418837965 -0.150055617 -0.135966271 0.097559176 0.023581976 -0.032469738 -0.994420350
1403638226395097088.000000 -0.417562693 -0.149451807 -0.135523990 0.096446536 0.023018137 -0.030846665 -0.994593799
1403638226445096960.000000 -0.416760087 -0.146946296 -0.131668150 0.097567990 0.023212131 -0.032687470 -0.994421124
1403638226495097088.000000 -0.420243263 -0.145521656 -0.132091776 0.097207636 0.023089241 -0.032783736 -0.994456053
1403638226545096960.000000 -0.423533589 -0.143948957 -0.131353155 0.097160950 0.022083987 -0.032275140 -0.994500101
1403638226595097088.000000 -0.427464664 -0.145691425 -0.131088540 0.097632080 0.022351028 -0.032058846 -0.994454980
1403638226645096960.000000 -0.429923743 -0.146030918 -0.130487114 0.097150758 0.022231523 -0.032887302 -0.994477749
1403638226695097088.000000 -0.433741689 -0.146657661 -0.130761877 0.097400784 0.022995366 -0.031950645 -0.994466484
1403638226745096960.000000 -0.437128633 -0.147923246 -0.130484253 0.097055972 0.023186307 -0.033436954 -0.994446874
1403638226795097088.000000 -0.441332608 -0.148066461 -0.130689427 0.097564287 0.022733357 -0.031794753 -0.994461477
1403638226845096960.000000 -0.441438258 -0.146694168 -0.133094624 0.097007841 0.022805510 -0.033098716 -0.994471669
1403638226895097088.000000 -0.444837868 -0.146742150 -0.133515880 0.097360112 0.023124952 -0.032116450 -0.994462073
1403638226945096960.000000 -0.448049694 -0.146993354 -0.135549307 0.097295329 0.023202535 -0.032668702 -0.994448662
1403638226995097088.000000 -0.446684629 -0.149624333 -0.134795085 0.097113371 0.023437276 -0.033217944 -0.994442701
1403638227045096960.000000 -0.449404895 -0.151476234 -0.136833385 0.097482674 0.023183459 -0.032011844 -0.994452119
1403638227095097088.000000 -0.447100133 -0.153179511 -0.136394039 0.097131886 0.023400458 -0.033394028 -0.994435906
1403638227145096960.000000 -0.447161734 -0.154462188 -0.139236003 0.097502016 0.023535090 -0.032361131 -0.994430661
1403638227195097088.000000 -0.445009023 -0.155990958 -0.139433712 0.097213425 0.023534767 -0.033114847 -0.994434059
1403638227245096960.000000 -0.444282293 -0.156482503 -0.141594216 0.097334325 0.023674594 -0.032536592 -0.994438052
1403638227295097088.000000 -0.443656385 -0.156274498 -0.144733131 0.097300559 0.023692815 -0.032731608 -0.994434476
1403638227345096960.000000 -0.440390587 -0.156471550 -0.143545389 0.097195655 0.023834718 -0.033002704 -0.994432449
1403638227395097088.000000 -0.436415941 -0.160091072 -0.147044569 0.097415954 0.023936709 -0.032512106 -0.994424582
1403638227445096960.000000 -0.435537994 -0.160972834 -0.148925200 0.097314902 0.024043249 -0.033023495 -0.994414985
1403638227495097088.000000 -0.432488829 -0.164225012 -0.150630251 0.097466335 0.024127143 -0.032709308 -0.994408548
1403638227545096960.000000 -0.430793405 -0.163780674 -0.153497159 0.097364813 0.024138499 -0.032856062 -0.994413316
1403638227595097088.000000 -0.427716881 -0.161695525 -0.154323086 0.097329460 0.024197729 -0.032872643 -0.994414806
1403638227645096960.000000 -0.426053882 -0.162714481 -0.154586300 0.097460344 0.024254018 -0.032696214 -0.994406521
1403638227695097088.000000 -0.423109204 -0.161606446 -0.155081719 0.097344004 0.024434946 -0.033012398 -0.994403005
1403638227745096960.000000 -0.422204047 -0.166109115 -0.157398820 0.097509995 0.024469133 -0.032815978 -0.994392395
1403638227795097088.000000 -0.418616593 -0.164982468 -0.156736165 0.097436674 0.024582019 -0.033098131 -0.994387507
1403638227845096960.000000 -0.416125655 -0.165712982 -0.156612694 0.097538896 0.024669960 -0.032889266 -0.994382143
1403638227895097088.000000 -0.412826627 -0.166851670 -0.155279577 0.097533591 0.024715537 -0.033014707 -0.994377434
1403638227945096960.000000 -0.409037679 -0.167129606 -0.153302833 0.097559460 0.024799703 -0.033054434 -0.994371474
1403638227995097088.000000 -0.407335222 -0.166353092 -0.152658463 0.097635649 0.024799339 -0.033009417 -0.994365454
1403638228045096960.000000 -0.406492025 -0.167080790 -0.154986531 0.097630695 0.024855157 -0.033084523 -0.994362116
1403638228095097088.000000 -0.405890048 -0.166815281 -0.155207977 0.097670257 0.024863658 -0.032927968 -0.994363189
1403638228145096960.000000 -0.403569281 -0.166177228 -0.153804764 0.097683392 0.024902428 -0.033045109 -0.994357049
1403638228195097088.000000 -0.401815116 -0.166010469 -0.153558850 0.097710751 0.024928028 -0.032954384 -0.994356692
1403638228245096960.000000 -0.400841534 -0.166675448 -0.152279049 0.097723976 0.024978900 -0.033004478 -0.994352520
1403638228295097088.000000 -0.400427014 -0.165972382 -0.152139917 0.097710349 0.024971927 -0.033057179 -0.994352281
1403638228345096960.000000 -0.400053024 -0.165523931 -0.151114330 0.097735949 0.025030695 -0.033035632 -0.994348943
1403638228395097088.000000 -0.398230106 -0.163390979 -0.150915906 0.097681850 0.025065577 -0.033101942 -0.994351208
1403638228445096960.000000 -0.396698147 -0.163658276 -0.149274468 0.097704493 0.025115622 -0.032961246 -0.994352400
1403638228495097088.000000 -0.395115256 -0.163984314 -0.148001701 0.097692035 0.025067605 -0.033028819 -0.994352579
1403638228545096960.000000 -0.394968152 -0.164214805 -0.148478925 0.097671650 0.025095897 -0.032990534 -0.994355142
1403638228595097088.000000 -0.394034117 -0.163003847 -0.147539258 0.097649410 0.025144549 -0.032984331 -0.994356334
1403638228645096960.000000 -0.394868284 -0.162780970 -0.147326127 0.097710110 0.025192926 -0.032889888 -0.994352281
1403638228695097088.000000 -0.394475758 -0.163129836 -0.146874875 0.097742416 0.025157858 -0.032911953 -0.994349241
1403638228745096960.000000 -0.394470155 -0.163754493 -0.148284554 0.097746432 0.025178036 -0.032900434 -0.994348645
1403638228795097088.000000 -0.394582301 -0.164477840 -0.149387166 0.097781584 0.025189813 -0.032885507 -0.994345427
1403638228845096960.000000 -0.394081116 -0.165040731 -0.150200546 0.097758546 0.025195798 -0.032910626 -0.994346738
