1403638148345096960.000000 0.029037561 -0.000135479 -0.003619341 0.001635718 0.001303414 -0.000442047 0.999997735
1403638148395097088.000000 0.041631460 -0.000250156 -0.004035634 0.002949812 -0.002667999 -0.001567532 0.999990940
1403638148445096960.000000 0.046768110 0.000805736 -0.003645951 0.004348551 -0.004586523 -0.003051872 0.999975383
1403638148495097088.000000 0.032289103 -0.003354119 -0.001824979 0.003519393 -0.003062740 -0.003683447 0.999982417
1403638148545096960.000000 0.036167599 -0.000036180 -0.002733211 0.004916392 -0.007193051 -0.005330044 0.999947846
1403638148595097088.000000 0.076385424 -0.008031492 -0.001525859 0.005028417 -0.014952725 -0.009339309 0.999831975
1403638148645096960.000000 0.038596965 0.000561930 -0.001102282 0.007080402 -0.014874512 -0.007750455 0.999834359
1403638148695097088.000000 0.022873571 -0.000014021 0.002774399 0.008275557 -0.021575546 -0.007879394 0.999701977
1403638148745096960.000000 0.020390816 -0.000033691 0.003723036 0.009594913 -0.022994187 -0.007600782 0.999660730
1403638148795097088.000000 0.042045131 -0.000205004 0.002838158 0.010150556 -0.023500627 -0.008076611 0.999639690
1403638148845096960.000000 0.086387224 -0.020567203 0.026919344 0.010105330 -0.026463896 -0.010700310 0.999541402
1403638148895097088.000000 0.085429735 -0.020781236 0.028874373 0.010967911 -0.025962600 -0.011326106 0.999538600
1403638148945096960.000000 0.028395988 -0.004562893 0.007049473 0.012322973 -0.027070431 -0.008343946 0.999522746
1403638148995097088.000000 0.077949069 -0.011632372 0.006902882 0.012605260 -0.022220660 -0.011124007 0.999611735
1403638149045096960.000000 0.032664586 -0.001820951 0.007737976 0.014803775 -0.011696785 -0.009785807 0.999774158
1403638149095097088.000000 0.193407983 -0.027198164 0.054379117 0.015401574 -0.014406769 -0.009586152 0.999731660
1403638149145096960.000000 0.048481543 -0.005151040 0.009772163 0.015169878 -0.010149896 -0.009877838 0.999784648
1403638149195097088.000000 0.196889430 -0.028528996 0.056189608 0.016079381 -0.010323576 -0.011158575 0.999755144
1403638149245096960.000000 0.045052592 -0.004239046 0.012647171 0.016669132 -0.003345496 -0.009128795 0.999813855
1403638149295097088.000000 0.054904245 -0.008831322 0.012851130 0.015913878 -0.005269067 -0.006160416 0.999840498
1403638149345096960.000000 0.275388449 -0.070025854 0.084922567 0.016625769 -0.010116700 -0.008576838 0.999773800
1403638149395097088.000000 0.277266473 -0.069265097 0.086722389 0.017127777 -0.008908802 -0.009124908 0.999772012
1403638149445096960.000000 0.278803110 -0.069712929 0.087871201 0.017314821 -0.008112648 -0.008689520 0.999779463
1403638149495097088.000000 0.281786710 -0.069054335 0.086463921 0.017902406 -0.007580325 -0.009913051 0.999761879
1403638149545096960.000000 0.283606380 -0.070243508 0.087971315 0.017517352 -0.007266314 -0.010758697 0.999762297
1403638149595097088.000000 0.379470348 -0.079777755 0.118468389 0.018209929 -0.004403105 -0.008887170 0.999785066
1403638149645096960.000000 0.380272239 -0.080602609 0.119590379 0.019939806 -0.004294118 -0.010462820 0.999737263
1403638149695097088.000000 0.380591661 -0.080785967 0.121567637 0.023275256 -0.003512030 -0.011447310 0.999657393
1403638149745096960.000000 0.381390959 -0.080791600 0.122146018 0.026544556 -0.002925468 -0.013035849 0.999558389
1403638149795097088.000000 0.383247465 -0.082784474 0.124151140 0.029090211 -0.003775246 -0.014196917 0.999468863
1403638149845096960.000000 0.423515797 -0.113103196 0.162888959 0.031608183 -0.004983027 -0.014771191 0.999378800
1403638149895097088.000000 0.423752189 -0.113751821 0.163868725 0.034114741 -0.004070400 -0.015196300 0.999294102
1403638149945096960.000000 0.424301952 -0.114489250 0.165655240 0.035684992 -0.004597660 -0.016340805 0.999218941
1403638149995097088.000000 0.424544215 -0.116359159 0.167107180 0.036329385 -0.004486719 -0.017746042 0.999172270
1403638150045096960.000000 0.426213413 -0.116462611 0.167565256 0.036470264 -0.004498166 -0.022302466 0.999075770
1403638150095097088.000000 0.438530266 -0.150253072 0.213638574 0.035700392 -0.004615947 -0.026859665 0.998990893
1403638150145096960.000000 0.438569129 -0.152204633 0.215050459 0.034562260 -0.004578391 -0.031958036 0.998880982
1403638150195097088.000000 0.438236117 -0.153369993 0.216849402 0.033841755 -0.004261190 -0.036021128 0.998768806
1403638150245096960.000000 0.438568056 -0.153713882 0.217589289 0.033349816 -0.003828083 -0.039889649 0.998640060
1403638150295097088.000000 0.438178837 -0.155216217 0.219032720 0.033519790 -0.006121350 -0.040451843 0.998600304
1403638150345096960.000000 0.418663412 -0.202129886 0.270201951 0.033151567 -0.009216210 -0.040297803 0.998595119
1403638150395097088.000000 0.411693484 -0.216829792 0.281866848 0.035357565 -0.013701100 -0.038241908 0.998548806
1403638150445096960.000000 0.406881869 -0.239133924 0.297474831 0.039454143 -0.020050572 -0.034829650 0.998412907
1403638150495097088.000000 0.403477192 -0.256889671 0.308180213 0.044596460 -0.024007266 -0.032231551 0.998196363
1403638150545096960.000000 0.401867926 -0.275892228 0.318973124 0.049386933 -0.028153498 -0.031882878 0.997873664
1403638150595097088.000000 0.401883125 -0.297432303 0.330965489 -0.053839155 0.030686116 0.031478848 -0.997581482
1403638150645096960.000000 0.407396525 -0.315282851 0.340373635 0.058094766 -0.031811126 -0.031189630 0.997316539
1403638150695097088.000000 0.412892133 -0.338013828 0.352429688 -0.061449632 0.031146137 0.031312831 -0.997132599
1403638150745096960.000000 0.420245260 -0.361306846 0.365302473 -0.064923093 0.030410042 0.032504290 -0.996897101
1403638150795097088.000000 0.430276930 -0.385280162 0.379180133 -0.068578184 0.028914033 0.034558035 -0.996627748
1403638150845096960.000000 0.451981604 -0.401717931 0.387681425 0.073675252 -0.027154988 -0.037107300 0.996221721
1403638150895097088.000000 0.463163018 -0.426699221 0.402505010 0.078108951 -0.024423715 -0.039613888 0.995858014
1403638150945096960.000000 0.475530326 -0.447262198 0.416047364 0.081837893 -0.021443218 -0.041760068 0.995539546
1403638150995097088.000000 0.485474914 -0.473224133 0.432796150 0.086479194 -0.016897067 -0.043446414 0.995162427
1403638151045096960.000000 0.494375467 -0.494651794 0.446310937 0.091831021 -0.015961928 -0.046240982 0.994572341
1403638151095097088.000000 0.501440465 -0.521695018 0.463806868 0.098486371 -0.013250781 -0.049840350 0.993801177
1403638151145096960.000000 0.511544585 -0.549303949 0.483123809 0.106695227 -0.010794755 -0.054326721 0.992747903
1403638151195097088.000000 0.515447021 -0.577649593 0.501612902 0.116413757 -0.010119190 -0.058285870 0.991437495
1403638151245096960.000000 0.518594265 -0.603046000 0.518009484 0.127636954 -0.011025648 -0.061774153 0.989833951
1403638151295097088.000000 0.520185471 -0.632698238 0.536841333 -0.138842583 0.011650893 0.065509140 -0.988076746
1403638151345096960.000000 0.522498488 -0.659659147 0.553353786 0.150541291 -0.012436569 -0.069776505 0.986059844
1403638151395097088.000000 0.524371564 -0.690771222 0.571330070 0.163007602 -0.012482394 -0.073062517 0.983836710
1403638151445096960.000000 0.528615355 -0.718946934 0.587156355 0.175431043 -0.012792595 -0.075485662 0.981510162
1403638151495097088.000000 0.533539772 -0.751295567 0.603079796 0.187082797 -0.012573254 -0.079523057 0.979039371
1403638151545096960.000000 0.539105594 -0.803890526 0.624602437 0.196976945 -0.012315461 -0.082784325 0.976829171
1403638151595097088.000000 0.547160566 -0.836452365 0.639724255 0.206051037 -0.012713294 -0.086055316 0.974667013
1403638151645096960.000000 0.555944562 -0.865108788 0.651298821 0.214013651 -0.012064178 -0.088364825 0.972750902
1403638151695097088.000000 0.567234159 -0.898269415 0.665357113 0.220518619 -0.011803638 -0.090848885 0.971070886
1403638151745096960.000000 0.579113364 -0.927976251 0.676474810 0.225559115 -0.011997083 -0.093018398 0.969704509
1403638151795097088.000000 0.594571471 -0.961708069 0.688956082 0.229637235 -0.012846376 -0.094958477 0.968547702
1403638151845096960.000000 0.609541059 -0.993484020 0.697494924 0.232982829 -0.013199158 -0.096082702 0.967632651
1403638151895097088.000000 0.628614187 -1.027781844 0.708594859 0.235133141 -0.013555005 -0.097095586 0.967006266
1403638151945096960.000000 0.650049508 -1.080454350 0.719034553 0.235698894 -0.013841951 -0.099454574 0.966624677
1403638151995097088.000000 0.670523524 -1.115687251 0.729530454 0.236670941 -0.014262589 -0.100450240 0.966278076
1403638152045096960.000000 0.681317508 -1.121674418 0.727861404 0.237763032 -0.014859339 -0.100322805 0.966014147
1403638152095097088.000000 0.699528754 -1.158019543 0.739354193 0.237767220 -0.015153687 -0.101005226 0.965937376
1403638152145096960.000000 0.710246682 -1.200662374 0.754939377 0.237999171 -0.014184778 -0.101442173 0.965849221
1403638152195097088.000000 0.725455940 -1.238219500 0.767460108 0.237844810 -0.014526230 -0.101252824 0.965902030
1403638152245096960.000000 0.739092588 -1.290775537 0.795467377 0.236765400 -0.013792096 -0.103364408 0.965954363
1403638152295097088.000000 0.750678420 -1.329799294 0.809368789 0.235933840 -0.013487128 -0.104545839 0.966034949
1403638152345096960.000000 0.759934604 -1.338125348 0.796023250 0.234596044 -0.013268122 -0.105673969 0.966241062
1403638152395097088.000000 0.767570615 -1.378902674 0.810902357 0.233375788 -0.013495123 -0.107171662 0.966368437
1403638152445096960.000000 0.769617379 -1.431567430 0.825419664 0.232494295 -0.012926931 -0.107668154 0.966533422
1403638152495097088.000000 0.773958623 -1.474577546 0.841042757 0.230954289 -0.013256695 -0.109422550 0.966701150
1403638152545096960.000000 0.775603533 -1.511459708 0.851493001 0.230638847 -0.012687308 -0.109459572 0.966779888
1403638152595097088.000000 0.777728498 -1.556453705 0.866579294 -0.230178431 0.013318581 0.108879209 -0.966946721
1403638152645096960.000000 0.777623296 -1.595837116 0.878076196 0.230958223 -0.015522420 -0.106737681 0.966966689
1403638152695097088.000000 0.779479146 -1.643254161 0.892728627 0.233100429 -0.017211668 -0.104593888 0.966658235
1403638152745096960.000000 0.783720613 -1.689094901 0.901793599 0.236142471 -0.017331740 -0.104439236 0.965934157
1403638152795097088.000000 0.790340960 -1.738992929 0.915425777 0.240887314 -0.016562669 -0.102681302 0.964964032
1403638152845096960.000000 0.796189249 -1.776162267 0.925122976 0.246332064 -0.015798979 -0.101877131 0.963686705
1403638152895097088.000000 0.807341039 -1.827411175 0.937566578 0.252909601 -0.013039193 -0.100794427 0.962136865
1403638152945096960.000000 0.816693902 -1.866238594 0.943418086 0.260043412 -0.010560156 -0.101659141 0.960172594
1403638152995097088.000000 0.829621375 -1.916773796 0.954490840 0.267396986 -0.010699041 -0.103525825 0.957949281
1403638153045096960.000000 0.848329365 -1.980504274 0.964128375 0.274405420 -0.012848081 -0.106178619 0.955647826
1403638153095097088.000000 0.863132238 -2.027305841 0.972591460 0.280459642 -0.016074808 -0.108756542 0.953549206
1403638153145096960.000000 0.878811657 -2.078056574 0.982799768 0.285531938 -0.019042764 -0.111462153 0.951674879
1403638153195097088.000000 0.894396067 -2.127263784 0.990931153 0.289620370 -0.020833684 -0.113854870 0.950117469
1403638153245096960.000000 0.908359766 -2.178006649 1.003066659 0.293018639 -0.022092216 -0.115952179 0.948792517
1403638153295097088.000000 0.895830989 -2.230887175 1.061822057 0.296742290 -0.021197572 -0.119279288 0.947241902
1403638153345096960.000000 0.907321274 -2.282294512 1.075343490 0.301645309 -0.022302827 -0.121308319 0.945408463
1403638153395097088.000000 0.916997015 -2.325694323 1.084698677 0.307228893 -0.022557069 -0.124188662 0.943227887
1403638153445096960.000000 0.927096784 -2.377694130 1.098976851 0.312852502 -0.022494938 -0.128958851 0.940737486
1403638153495097088.000000 0.965190053 -2.426826239 1.062114000 0.318057805 -0.023009092 -0.135822579 0.938009620
1403638153545096960.000000 0.977917194 -2.479682684 1.075774670 0.323658168 -0.022477109 -0.143472597 0.934963048
1403638153595097088.000000 0.991855025 -2.527551889 1.084931135 0.330560952 -0.022343405 -0.149218604 0.931645930
1403638153645096960.000000 1.007558823 -2.583328247 1.097052574 0.337961853 -0.021330601 -0.154804364 0.928096116
1403638153695097088.000000 1.024483919 -2.642312765 1.107309818 0.346918583 -0.020751666 -0.157650664 0.924317658
1403638153745096960.000000 1.039916635 -2.701419353 1.119113684 0.356614947 -0.019418305 -0.158085987 0.920574605
1403638153795097088.000000 1.053166628 -2.758062601 1.132247210 0.364425153 -0.018363684 -0.160313174 0.917145967
1403638153845096960.000000 1.065152526 -2.809748888 1.139808416 0.371956170 -0.017018413 -0.161175892 0.913991988
1403638153895097088.000000 1.076080441 -2.871215105 1.152818322 0.378111959 -0.014974991 -0.161417156 0.911455750
1403638153945096960.000000 1.084293842 -2.915874958 1.159267664 0.383790731 -0.012062595 -0.159939572 0.909383655
1403638153995097088.000000 1.091549277 -2.978496552 1.173112750 0.388133705 -0.011095918 -0.158939123 0.907726526
1403638154045096960.000000 1.099966526 -3.055235147 1.188732386 0.391753078 -0.009783017 -0.157481000 0.906440139
1403638154095097088.000000 1.104039907 -3.117251635 1.202298284 0.394180983 -0.007442252 -0.157437876 0.905416667
1403638154145096960.000000 1.107703567 -3.175523043 1.213291287 0.396069884 -0.003964398 -0.157070711 0.904677749
1403638154195097088.000000 1.109873414 -3.237581491 1.226496577 0.397135347 -0.000220140 -0.156877682 0.904252708
1403638154245096960.000000 1.110898614 -3.299774408 1.239377260 0.397780538 0.003511810 -0.157283634 0.903891742
1403638154295097088.000000 1.110851169 -3.355992079 1.248613000 0.398080349 0.006269027 -0.157056868 0.903784275
1403638154345096960.000000 1.110189676 -3.418210506 1.260253310 0.398756444 0.009751658 -0.154823259 0.903840780
1403638154395097088.000000 1.107723236 -3.449979782 1.264506340 0.399121672 0.015108763 -0.152910829 0.903931379
1403638154445096960.000000 1.104511380 -3.511314869 1.274824023 0.399612784 0.018493239 -0.150398463 0.904073000
1403638154495097088.000000 1.099377155 -3.564966917 1.281852007 0.399570793 0.021082114 -0.148796082 0.904300034
1403638154545096960.000000 1.095333338 -3.625519276 1.289629221 0.399628192 0.020396244 -0.147947982 0.904429555
1403638154595097088.000000 1.092371941 -3.684960604 1.294551849 0.400839388 0.018545814 -0.147586033 0.903992414
1403638154645096960.000000 1.090294123 -3.762442112 1.300083160 0.402884454 0.015612379 -0.148249060 0.903029740
1403638154695097088.000000 1.090078354 -3.820325613 1.300340295 0.405593276 0.011359502 -0.149892583 0.901608169
1403638154745096960.000000 1.090961337 -3.877640724 1.299011827 0.408208996 0.007956896 -0.154052153 0.899761140
1403638154795097088.000000 1.090868950 -3.926597595 1.295988917 0.410498619 0.005685574 -0.158478856 0.897966146
1403638154845096960.000000 1.094355106 -3.982304573 1.291317105 0.412557900 0.004668948 -0.162972361 0.896222234
1403638154895097088.000000 1.101811886 -4.037155151 1.279091120 0.414528459 0.004046302 -0.166645408 0.894639134
1403638154945096960.000000 1.109043121 -4.091711044 1.270897627 0.417120248 0.004322254 -0.170869619 0.892634094
1403638154995097088.000000 1.110585093 -4.142405033 1.269476295 0.421361625 0.005467700 -0.173045710 0.890213251
1403638155045096960.000000 1.120483160 -4.197008610 1.257194638 0.426404476 0.006831375 -0.175106376 0.887395263
1403638155095097088.000000 1.129421949 -4.250763893 1.238229156 0.431665808 0.007508876 -0.177393779 0.884386659
1403638155145096960.000000 1.139310122 -4.305353165 1.223136425 0.437246293 0.009192620 -0.178240761 0.881454170
1403638155195097088.000000 1.149435401 -4.360888004 1.212704420 0.442465574 0.009677455 -0.178228140 0.878843248
1403638155245096960.000000 1.147825003 -4.413736343 1.201730967 0.447276235 0.012307394 -0.177583292 0.876502573
1403638155295097088.000000 1.152762890 -4.468083858 1.185415983 0.450991511 0.014912553 -0.177643493 0.874543965
1403638155345096960.000000 1.155271769 -4.522325993 1.168359756 0.454624325 0.018093174 -0.178677097 0.872389793
1403638155395097088.000000 1.151587129 -4.574157238 1.153245926 0.459268451 0.021131942 -0.179660723 0.869682670
1403638155445096960.000000 1.150251150 -4.627754211 1.134697676 0.463449001 0.024095843 -0.182113901 0.866873145
1403638155495097088.000000 1.143831134 -4.679210186 1.117011547 0.468434274 0.025211597 -0.184375420 0.863677919
1403638155545096960.000000 1.137589693 -4.732803822 1.096193790 0.475768626 0.024874073 -0.182952672 0.859973252
1403638155595097088.000000 1.129201174 -4.784722328 1.074436903 0.483383119 0.024279924 -0.181763604 0.855986714
1403638155645096960.000000 1.117564678 -4.832366467 1.054060936 0.492715299 0.024519872 -0.178867549 0.851256013
1403638155695097088.000000 1.106603146 -4.883011818 1.029914856 0.502389371 0.025513152 -0.177341416 0.845874727
1403638155745096960.000000 1.093962908 -4.932531834 1.005196571 0.511851609 0.025072157 -0.177120730 0.840242624
1403638155795097088.000000 1.080805421 -4.981207371 0.979236841 0.521156371 0.024174748 -0.178980440 0.834132850
1403638155845096960.000000 1.066178203 -5.028191566 0.952819109 0.530860841 0.021981170 -0.180459678 0.827730656
1403638155895097088.000000 1.052399755 -5.077919006 0.922511339 0.540222347 0.017917085 -0.184645459 0.820819676
1403638155945096960.000000 1.035551310 -5.117417336 0.897285461 0.549778998 0.012162281 -0.189901009 0.813346684
1403638155995097088.000000 1.012663007 -5.147210598 0.875915527 0.559411108 0.006040629 -0.196312323 0.805285215
1403638156045096960.000000 1.000657082 -5.186267376 0.842971563 0.568702042 -0.000109842 -0.203368440 0.797006428
1403638156095097088.000000 0.990823746 -5.224619389 0.808921814 0.578137100 -0.006068401 -0.209793925 0.788484156
1403638156145096960.000000 0.977659583 -5.263536453 0.785944223 0.587388337 -0.009224215 -0.213730156 0.780518591
1403638156195097088.000000 0.970884800 -5.300319195 0.751962662 0.596109629 -0.012576140 -0.215947673 0.773215294
1403638156245096960.000000 0.964761734 -5.339550495 0.723210812 0.603978217 -0.014911642 -0.219934300 0.765909135
1403638156295097088.000000 0.960495114 -5.376579762 0.690343380 0.610882759 -0.018880771 -0.224531576 0.758980453
1403638156345096960.000000 0.955240011 -5.415934086 0.661713123 0.616805971 -0.021953838 -0.228454009 0.752912521
1403638156395097088.000000 0.949818969 -5.453082085 0.631097317 0.621897817 -0.024836371 -0.230570197 0.747973084
1403638156445096960.000000 0.944413543 -5.491570950 0.599507332 0.625618935 -0.027316300 -0.233276203 0.743933499
1403638156495097088.000000 0.936395526 -5.528919220 0.571695328 0.628648043 -0.029382456 -0.234859616 0.740796387
1403638156545096960.000000 0.927458167 -5.566706657 0.545101166 0.631157756 -0.029829878 -0.235883161 0.738315105
1403638156595097088.000000 0.917957544 -5.610772133 0.524566174 0.633188128 -0.030234106 -0.236349747 0.736408591
1403638156645096960.000000 0.906445026 -5.650183201 0.500822544 0.634107053 -0.030427169 -0.237131983 0.735357642
1403638156695097088.000000 0.893999577 -5.692398548 0.478931904 0.634667158 -0.031200660 -0.237602130 0.734689951
1403638156745096960.000000 0.880793333 -5.733896732 0.457135677 0.635058880 -0.030499119 -0.237987563 0.734256089
1403638156795097088.000000 0.862799764 -5.779133797 0.444498539 0.635173857 -0.030787742 -0.238065109 0.734119415
1403638156845096960.000000 0.848149419 -5.822900295 0.424803734 0.634543836 -0.030964026 -0.238429666 0.734538376
1403638156895097088.000000 0.833472371 -5.866739750 0.406284809 0.633957565 -0.030809151 -0.238595098 0.734997332
1403638156945096960.000000 0.818207979 -5.916244030 0.392930984 0.632916391 -0.031124786 -0.239004180 0.735748053
1403638156995097088.000000 0.805879951 -5.960890293 0.374634743 0.631868541 -0.031132912 -0.238688275 0.736750185
1403638157045096960.000000 0.796178102 -6.007497311 0.356809616 0.630506396 -0.032611538 -0.239136219 0.737707376
1403638157095097088.000000 0.788117886 -6.057142258 0.340728760 0.629273355 -0.034050666 -0.239695832 0.738513112
1403638157145096960.000000 0.781814694 -6.105811596 0.323147297 0.627573133 -0.035947002 -0.240852267 0.739493132
1403638157195097088.000000 0.776570797 -6.158735752 0.308017731 0.625722528 -0.037337922 -0.242488533 0.740457058
1403638157245096960.000000 0.773151159 -6.209103107 0.290363789 0.625291288 -0.038432647 -0.241433933 0.741109610
1403638157295097088.000000 0.771933079 -6.260241032 0.272328377 0.625860631 -0.037290715 -0.241141081 0.740782738
1403638157345096960.000000 0.773584366 -6.313212395 0.257143974 0.626428723 -0.034972794 -0.242231920 0.740059257
1403638157395097088.000000 0.773915291 -6.367659569 0.238839626 0.626804590 -0.032154135 -0.243770957 0.739363194
1403638157445096960.000000 0.773391962 -6.422996998 0.221204281 0.627447248 -0.028308431 -0.244839743 0.738621771
1403638157495097088.000000 0.769781113 -6.488236904 0.209573269 0.629729748 -0.025423385 -0.244552895 0.736877263
1403638157545096960.000000 0.766915083 -6.545262337 0.192520142 0.632849932 -0.022287205 -0.244394168 0.734354019
1403638157595097088.000000 0.767336369 -6.600540161 0.174696922 0.636788070 -0.018889481 -0.244606122 0.730966508
1403638157645096960.000000 0.762336731 -6.659008503 0.158089161 0.641783953 -0.014030595 -0.245138928 0.726514637
1403638157695097088.000000 0.756830454 -6.716240883 0.141658306 0.647565246 -0.008888217 -0.246769369 0.720891953
1403638157745096960.000000 0.747235775 -6.785113811 0.132226944 0.654180646 -0.004383876 -0.249251157 0.714074552
1403638157795097088.000000 0.743915558 -6.842992783 0.113420010 0.661136031 -0.002284705 -0.251696676 0.706783473
1403638157845096960.000000 0.742374897 -6.900771141 0.093035221 0.669167221 -0.001702851 -0.253268749 0.698618174
1403638157895097088.000000 0.748023987 -6.951427460 0.071704865 0.676932514 -0.002077735 -0.254341841 0.690701306
1403638157945096960.000000 0.749765158 -7.008868694 0.048825264 0.684583783 -0.002887850 -0.255863935 0.682546973
1403638157995097088.000000 0.747766495 -7.076505184 0.031941891 0.691326678 -0.002327368 -0.257429898 0.675123572
1403638158045096960.000000 0.748918772 -7.132573128 0.009054184 0.697074175 -0.006684242 -0.259147346 0.668495059
1403638158095097088.000000 0.748417854 -7.199195862 -0.011258125 0.702826202 -0.010254721 -0.258674383 0.662584186
1403638158145096960.000000 0.747673988 -7.254710674 -0.032655716 0.707427919 -0.012995332 -0.258146077 0.657827973
1403638158195097088.000000 0.745515585 -7.309907913 -0.053143501 0.711476207 -0.016376600 -0.257017434 0.653816164
1403638158245096960.000000 0.742356777 -7.371774673 -0.069639683 0.714319825 -0.016952854 -0.257239908 0.650605500
1403638158295097088.000000 0.738194466 -7.426539421 -0.087655067 0.716304779 -0.016073629 -0.257938713 0.648164213
1403638158345096960.000000 0.733098745 -7.481059551 -0.104752064 0.716921628 -0.014718384 -0.260770530 0.646378756
1403638158395097088.000000 0.727607012 -7.542773247 -0.119503021 0.717741728 -0.013697072 -0.261629730 0.645142794
1403638158445096960.000000 0.721108437 -7.596328735 -0.135056496 0.717709243 -0.010209414 -0.263889223 0.644322753
1403638158495097088.000000 0.713530302 -7.648047447 -0.149760246 0.717708170 -0.007442688 -0.265211433 0.643818736
1403638158545096960.000000 0.706488848 -7.704636574 -0.164154053 0.717441857 -0.004383789 -0.266267955 0.643707514
1403638158595097088.000000 0.697030544 -7.756093979 -0.178752899 0.716916621 -0.002664994 -0.267142534 0.643939793
1403638158645096960.000000 0.687244415 -7.807113171 -0.193838120 0.716761231 -0.001180009 -0.266610146 0.644337654
1403638158695097088.000000 0.676790237 -7.873311043 -0.207425117 0.717082381 -0.002347268 -0.264924973 0.644672215
1403638158745096960.000000 0.666489601 -7.923955917 -0.223715782 0.717129469 -0.004538539 -0.263561696 0.645166636
1403638158795097088.000000 0.656560421 -7.974415779 -0.240490913 0.716720343 -0.008961033 -0.263254136 0.645700336
1403638158845096960.000000 0.650961637 -8.017606735 -0.258912086 0.715756774 -0.013519798 -0.263102055 0.646750927
1403638158895097088.000000 0.644138813 -8.067239761 -0.276772499 0.714758754 -0.017715180 -0.263788730 0.647473276
1403638158945096960.000000 0.638045788 -8.138219833 -0.291364670 0.714790344 -0.021375747 -0.262901127 0.647688866
1403638158995097088.000000 0.635775089 -8.188230515 -0.310563087 0.713269055 -0.024586240 -0.264947981 0.648417592
1403638159045096960.000000 0.635343075 -8.238009453 -0.330095291 0.711593688 -0.029267484 -0.267955333 0.648828089
1403638159095097088.000000 0.637041807 -8.297096252 -0.346925735 0.709442198 -0.033503044 -0.272108823 0.649250388
1403638159145096960.000000 0.638234377 -8.348426819 -0.366520882 0.706936300 -0.039890643 -0.276667356 0.649696112
1403638159195097088.000000 0.638378859 -8.400971413 -0.385553360 0.704142451 -0.044298083 -0.282256424 0.650040388
1403638159245096960.000000 0.637797594 -8.463447571 -0.400403976 0.702954888 -0.045597322 -0.284156621 0.650407910
1403638159295097088.000000 0.637248278 -8.520270348 -0.418361664 0.703936338 -0.043049842 -0.280211270 0.651231229
1403638159345096960.000000 0.635669470 -8.583066940 -0.433410645 0.706768513 -0.038454536 -0.272093236 0.651893258
1403638159395097088.000000 0.633857965 -8.642957687 -0.450335503 0.709896624 -0.031576071 -0.263150275 0.652534902
1403638159445096960.000000 0.631925821 -8.707199097 -0.463660240 0.713599682 -0.023831278 -0.252334744 0.653096259
1403638159495097088.000000 0.631575823 -8.768308640 -0.479382515 0.717445135 -0.017943073 -0.240931600 0.653377831
1403638159545096960.000000 0.633093834 -8.828576088 -0.494803429 0.721570730 -0.014762484 -0.228658885 0.653324485
1403638159595097088.000000 0.635622263 -8.879982948 -0.506266594 0.725235045 -0.015518486 -0.217297018 0.653127372
1403638159645096960.000000 0.641289949 -8.937889099 -0.520180702 0.728195369 -0.016548702 -0.208282262 0.652745068
1403638159695097088.000000 0.649972677 -8.994395256 -0.529521942 0.730575383 -0.017654233 -0.200999662 0.652339756
1403638159745096960.000000 0.660861492 -9.050774574 -0.539906502 0.731836438 -0.020301495 -0.197595268 0.651889205
1403638159795097088.000000 0.674223423 -9.101955414 -0.545274734 0.731986165 -0.016375361 -0.197605863 0.651828289
1403638159845096960.000000 0.691382885 -9.154440880 -0.551836014 0.731527030 -0.012076316 -0.199517369 0.651855230
1403638159895097088.000000 0.710673571 -9.218198776 -0.551601410 0.730144501 -0.005427303 -0.205607727 0.651601911
1403638159945096960.000000 0.733191967 -9.265823364 -0.555002213 0.727968156 0.000755576 -0.212267622 0.651923597
1403638159995097088.000000 0.759236336 -9.310378075 -0.557934761 0.726744413 0.004943067 -0.217312261 0.651608467
1403638160045096960.000000 0.781947613 -9.329660416 -0.557462692 0.725376010 0.007879992 -0.221947014 0.651542127
1403638160095097088.000000 0.811269045 -9.369335175 -0.559782028 0.724269032 0.007308105 -0.226271346 0.651292861
1403638160145096960.000000 0.842744827 -9.407656670 -0.562245369 0.722883940 0.005715022 -0.231630251 0.650963664
1403638160195097088.000000 0.877332211 -9.463088989 -0.558133125 0.721087277 0.000229791 -0.239078492 0.650288105
1403638160245096960.000000 0.913589954 -9.499325752 -0.561298370 0.718544543 -0.005775540 -0.247493833 0.649928629
1403638160295097088.000000 0.949913502 -9.533508301 -0.561785698 0.716664016 -0.011676799 -0.253961653 0.649430454
1403638160345096960.000000 0.989891529 -9.568549156 -0.565919876 0.714623213 -0.015469457 -0.260302663 0.649089336
1403638160395097088.000000 1.030717611 -9.603728294 -0.570481300 0.713109553 -0.018436680 -0.264825493 0.648846984
1403638160445096960.000000 1.068322659 -9.637697220 -0.569727898 0.712664247 -0.020459019 -0.266333669 0.648658216
1403638160495097088.000000 1.107256413 -9.673447609 -0.572956085 0.712097585 -0.021690855 -0.267598212 0.648720086
1403638160545096960.000000 1.144256592 -9.708426476 -0.575380325 0.711590588 -0.022437612 -0.268677503 0.648804903
1403638160595097088.000000 1.179222822 -9.745878220 -0.575502396 0.711528718 -0.022857020 -0.268886089 0.648771703
1403638160645096960.000000 1.213718653 -9.783189774 -0.577999115 0.711186409 -0.024563331 -0.269181341 0.648962259
1403638160695097088.000000 1.240402460 -9.813419342 -0.580600739 0.711243689 -0.023032190 -0.268641293 0.649179399
1403638160745096960.000000 1.272574663 -9.851289749 -0.582630157 0.712736487 -0.023228662 -0.264621973 0.649185896
1403638160795097088.000000 1.304048061 -9.889795303 -0.583933830 0.714174032 -0.022873573 -0.258303702 0.650162637
1403638160845096960.000000 1.342813253 -9.939209938 -0.580540657 0.715424657 -0.020707730 -0.249354333 0.652350545
1403638160895097088.000000 1.373333216 -9.977877617 -0.579811096 0.715347469 -0.018670576 -0.239858627 0.656046748
1403638160945096960.000000 1.403099537 -10.015444756 -0.577363014 0.713523030 -0.015225204 -0.231697872 0.661036551
1403638160995097088.000000 1.434279680 -10.054272652 -0.571841240 0.710046887 -0.012352906 -0.225979477 0.666793942
1403638161045096960.000000 1.462776184 -10.090623856 -0.565874100 0.705274582 -0.010255422 -0.221355200 0.673412561
1403638161095097088.000000 1.492943764 -10.125858307 -0.558417320 0.699538052 -0.009492284 -0.217863768 0.680508494
1403638161145096960.000000 1.519674540 -10.157138824 -0.549385071 0.692130804 -0.008232643 -0.217063218 0.688310146
1403638161195097088.000000 1.548756599 -10.189809799 -0.538933754 0.683488727 -0.008295256 -0.216558650 0.697048545
1403638161245096960.000000 1.574136019 -10.219412804 -0.527175903 0.673770487 -0.009041703 -0.216512680 0.706451654
1403638161295097088.000000 1.599381447 -10.248672485 -0.514477730 0.663877189 -0.009673789 -0.214968696 0.716213644
1403638161345096960.000000 1.625842094 -10.273910522 -0.506909370 0.653445661 -0.011036403 -0.214544415 0.725849688
1403638161395097088.000000 1.650552034 -10.300607681 -0.493631363 0.643984556 -0.014271033 -0.215493113 0.733923018
1403638161445096960.000000 1.674813271 -10.326860428 -0.479791641 0.635122120 -0.017769592 -0.217448220 0.740959167
1403638161495097088.000000 1.709643602 -10.362965584 -0.460400581 0.627508402 -0.020874210 -0.220023766 0.746583641
1403638161545096960.000000 1.732258797 -10.389355659 -0.445749760 0.621282578 -0.023303762 -0.221274972 0.751333773
1403638161595097088.000000 1.757589579 -10.417652130 -0.429721832 0.616225064 -0.025292449 -0.221060991 0.755486012
1403638161645096960.000000 1.777653456 -10.444290161 -0.413831711 0.612224221 -0.027516661 -0.220242679 0.758892357
1403638161695097088.000000 1.796488047 -10.471158981 -0.397197723 0.609665334 -0.029817879 -0.217756167 0.761578202
1403638161745096960.000000 1.816125393 -10.496770859 -0.383291245 0.608019173 -0.030600671 -0.214584753 0.763760269
1403638161795097088.000000 1.833513498 -10.524038315 -0.364956856 0.606174946 -0.030149180 -0.211362243 0.766139090
1403638161845096960.000000 1.850578308 -10.551519394 -0.345606804 0.603878558 -0.027388334 -0.208565831 0.768817902
1403638161895097088.000000 1.870877743 -10.578185081 -0.322426796 0.601257980 -0.024801299 -0.204775825 0.771971941
1403638161945096960.000000 1.886458158 -10.606086731 -0.300480366 0.597525954 -0.022909114 -0.202575952 0.775500476
1403638161995097088.000000 1.908893585 -10.641304016 -0.270751953 0.594193697 -0.022333762 -0.200813711 0.778530061
1403638162045096960.000000 1.925741673 -10.668529510 -0.248926640 0.591362536 -0.021975234 -0.199186876 0.781109512
1403638162095097088.000000 1.945428610 -10.697240829 -0.226493835 0.588864625 -0.022198511 -0.198366404 0.783196390
1403638162145096960.000000 1.959928989 -10.712986946 -0.210969925 0.586696208 -0.024401188 -0.197787628 0.784902692
1403638162195097088.000000 1.982856512 -10.740627289 -0.188969135 0.585168600 -0.027701676 -0.196682304 0.786210179
1403638162245096960.000000 2.006628990 -10.768024445 -0.166533470 0.583600998 -0.030214937 -0.196371660 0.787359655
1403638162295097088.000000 2.029800177 -10.792282104 -0.142899990 0.582430184 -0.032495301 -0.195726171 0.788295865
1403638162345096960.000000 2.052304745 -10.820000648 -0.118280888 0.582177818 -0.034729078 -0.193569303 0.788919389
1403638162395097088.000000 2.087135553 -10.860527992 -0.073040009 0.582630932 -0.035256449 -0.190955788 0.789198458
1403638162445096960.000000 2.108661175 -10.888192177 -0.045382500 0.582771361 -0.034373958 -0.189183027 0.789560556
1403638162495097088.000000 2.131641388 -10.914842606 -0.012052536 0.582565427 -0.032492843 -0.188878611 0.789864898
1403638162545096960.000000 2.153177500 -10.941537857 0.017774582 0.582175076 -0.030601772 -0.190103158 0.789934576
1403638162595097088.000000 2.176208735 -10.967321396 0.048879623 0.581381738 -0.029029148 -0.193016917 0.789871514
1403638162645096960.000000 2.203755140 -10.993568420 0.086311817 0.581038833 -0.026771151 -0.195273891 0.789648831
1403638162695097088.000000 2.230422735 -11.019268036 0.117461681 0.580381274 -0.025439622 -0.198607326 0.789345026
1403638162745096960.000000 2.259032726 -11.044489861 0.148416042 0.579828024 -0.025018340 -0.201394081 0.789058983
1403638162795097088.000000 2.289034128 -11.068907738 0.180250645 0.579414248 -0.027555751 -0.200518534 0.789501250
1403638162845096960.000000 2.325402975 -11.094077110 0.219864845 0.577992618 -0.028939467 -0.199507102 0.790748954
1403638162895097088.000000 2.359545946 -11.118593216 0.251439095 0.577035427 -0.029641207 -0.195028260 0.792537451
1403638162945096960.000000 2.395203829 -11.142499924 0.283295155 0.576777518 -0.029690389 -0.189201429 0.794134200
1403638162995097088.000000 2.435985565 -11.166629791 0.322534561 0.576338112 -0.025108861 -0.184121683 0.795803547
1403638163045096960.000000 2.471847773 -11.190205574 0.356637001 0.575814486 -0.020905167 -0.178898767 0.797493577
1403638163095097088.000000 2.504153013 -11.212736130 0.392939568 0.574432969 -0.018018639 -0.173845634 0.799674869
1403638163145096960.000000 2.536832809 -11.234802246 0.438373566 0.571172774 -0.016888553 -0.172060221 0.802416265
1403638163195097088.000000 2.560381889 -11.255298615 0.480182648 0.566325307 -0.016298257 -0.172325313 0.805800259
1403638163245096960.000000 2.581399679 -11.274617195 0.523693085 0.560191810 -0.015267618 -0.173811257 0.809778869
1403638163295097088.000000 2.603749990 -11.292804718 0.574268818 0.553461015 -0.014263596 -0.174979731 0.814161897
1403638163345096960.000000 2.621530771 -11.310949326 0.620436668 0.546081483 -0.012374534 -0.175409079 0.819068730
1403638163395097088.000000 2.638734102 -11.328380585 0.667339802 0.538281202 -0.010443763 -0.175484642 0.824226558
1403638163445096960.000000 2.655856848 -11.344774246 0.715215683 0.530761719 -0.009081961 -0.173945397 0.829429030
1403638163495097088.000000 2.674411535 -11.357297897 0.764496326 0.524120390 -0.009383048 -0.172980160 0.833839118
1403638163545096960.000000 2.693418026 -11.372896194 0.810979366 0.518576980 -0.008252517 -0.170997486 0.837716997
1403638163595097088.000000 2.713324547 -11.387594223 0.856731892 0.514090002 -0.009788319 -0.170060769 0.840651572
1403638163645096960.000000 2.741096973 -11.401869774 0.911685467 0.510500371 -0.009262081 -0.169674799 0.842919946
1403638163695097088.000000 2.766010284 -11.415959358 0.955701351 0.507265687 -0.008462386 -0.169271067 0.844959915
1403638163745096960.000000 2.793078184 -11.429882050 0.998712063 0.505023777 -0.008753247 -0.168799400 0.846393049
1403638163795097088.000000 2.817966938 -11.443681717 1.031621933 0.503225267 -0.007262011 -0.168701142 0.847497225
1403638163845096960.000000 2.851835251 -11.446550369 1.075721741 0.502636135 -0.007577296 -0.166504934 0.848278105
1403638163895097088.000000 2.884425640 -11.457834244 1.116051197 0.502413988 -0.007647958 -0.164787054 0.848744392
1403638163945096960.000000 2.918128490 -11.468317032 1.155755997 0.502279520 -0.009813465 -0.164163768 0.848922491
1403638163995097088.000000 2.953636408 -11.477437973 1.194924831 0.503260791 -0.012536816 -0.160981551 0.848914802
1403638164045096960.000000 2.997735262 -11.488098145 1.252691746 0.504267275 -0.014971016 -0.159607843 0.848537445
1403638164095097088.000000 3.036531448 -11.497057915 1.291516781 0.505570590 -0.016400084 -0.157612339 0.848108411
1403638164145096960.000000 3.076831341 -11.505239487 1.330419540 0.506770492 -0.016907157 -0.155715704 0.847732544
1403638164195097088.000000 3.118024826 -11.512519836 1.370999336 0.508409917 -0.017726073 -0.153052628 0.847219050
1403638164245096960.000000 3.159574986 -11.514148712 1.415713310 0.509611130 -0.016357128 -0.152107656 0.846694887
1403638164295097088.000000 3.198368311 -11.519897461 1.457483768 0.511171579 -0.016058516 -0.149942473 0.846145988
1403638164345096960.000000 3.235954762 -11.524529457 1.500400543 0.512316287 -0.015306624 -0.148799345 0.845669329
1403638164395097088.000000 3.270919323 -11.527144432 1.544351101 0.513262153 -0.014814556 -0.148233846 0.845203638
1403638164445096960.000000 3.308404684 -11.524305344 1.593214035 0.514282465 -0.013939212 -0.148378283 0.844572783
1403638164495097088.000000 3.341775894 -11.525427818 1.639484406 0.515140057 -0.015595715 -0.147416890 0.844189465
1403638164545096960.000000 3.374692678 -11.525519371 1.686659813 0.516139209 -0.016159264 -0.145805478 0.843848288
1403638164595097088.000000 3.404361248 -11.521958351 1.730257511 0.516606152 -0.017639678 -0.144615382 0.843737721
1403638164645096960.000000 3.444608688 -11.513673782 1.786046028 0.515723526 -0.018826012 -0.143216819 0.844490290
1403638164695097088.000000 3.474991798 -11.508298874 1.837303162 0.512749970 -0.018298253 -0.143652767 0.846236706
1403638164745096960.000000 3.504812956 -11.501845360 1.889903069 0.509271026 -0.015353907 -0.144318759 0.848280251
1403638164795097088.000000 3.535155296 -11.491446495 1.944120884 0.504926622 -0.008922854 -0.148595691 0.850228667
1403638164845096960.000000 3.564152956 -11.482313156 1.998470306 0.500336170 -0.001316893 -0.153837353 0.852054060
1403638164895097088.000000 3.592159748 -11.472264290 2.052958012 0.496085286 0.005626064 -0.158364385 0.853691101
1403638164945096960.000000 3.617148399 -11.461809158 2.107107162 0.492834449 0.009659435 -0.160981327 0.855047405
1403638164995097088.000000 3.644530296 -11.446166992 2.161134720 0.492036223 0.012881444 -0.157136634 0.856179059
1403638165045096960.000000 3.667783260 -11.432961464 2.214119434 0.491512924 0.013881857 -0.149605766 0.857811451
1403638165095097088.000000 3.689143181 -11.416778564 2.267278671 0.489774704 0.012228929 -0.142543197 0.860030651
1403638165145096960.000000 3.708955288 -11.400281906 2.319439888 0.487363279 0.008512807 -0.138571247 0.862092018
1403638165195097088.000000 3.726866722 -11.383088112 2.370553017 0.483814299 0.003819211 -0.138919324 0.864066303
1403638165245096960.000000 3.743467331 -11.362041473 2.426591396 0.479718387 -0.003275970 -0.141234279 0.865974844
1403638165295097088.000000 3.758617878 -11.342128754 2.478441238 0.476465195 -0.011888987 -0.142754510 0.867444932
1403638165345096960.000000 3.773194313 -11.321396828 2.530552387 0.473930150 -0.017495990 -0.141594037 0.868927658
1403638165395097088.000000 3.787225246 -11.299895287 2.583402634 0.472380191 -0.020814804 -0.139055014 0.870107710
1403638165445096960.000000 3.800667763 -11.275209427 2.643807411 0.470491320 -0.019957941 -0.138407722 0.871253729
1403638165495097088.000000 3.814461470 -11.252944946 2.698262691 0.469237745 -0.014135315 -0.136412337 0.872357607
1403638165545096960.000000 3.827419758 -11.227745056 2.757122040 0.467993975 -0.006785586 -0.135168120 0.873307049
1403638165595097088.000000 3.840208054 -11.203374863 2.813519955 0.467391819 0.001467310 -0.132821769 0.874014437
1403638165645096960.000000 3.851977587 -11.177686691 2.870006084 0.466173500 0.011260768 -0.133215666 0.874533653
1403638165695097088.000000 3.860205650 -11.147342682 2.929279327 0.465779006 0.018589333 -0.131786361 0.874835312
1403638165745096960.000000 3.867816687 -11.118427277 2.984498978 0.464473039 0.024661802 -0.133214459 0.875163198
1403638165795097088.000000 3.873112679 -11.087802887 3.039084435 0.463471025 0.025096726 -0.135340229 0.875355780
1403638165845096960.000000 3.876563549 -11.056262016 3.090661049 0.462100923 0.021457363 -0.139220223 0.875568449
1403638165895097088.000000 3.881599665 -11.023551941 3.141437054 0.461128742 0.016110759 -0.142440975 0.875677586
1403638165945096960.000000 3.886488914 -10.993535042 3.184275150 0.459829867 0.011578563 -0.146408364 0.875778019
1403638165995097088.000000 3.894203186 -10.958365440 3.232058525 0.459040374 0.005689033 -0.149731919 0.875688314
1403638166045096960.000000 3.905051708 -10.918560982 3.285022736 0.458339930 -0.000566848 -0.152495578 0.875596523
1403638166095097088.000000 3.917769432 -10.883237839 3.330115795 0.456843078 -0.003334052 -0.157828704 0.875427604
1403638166145096960.000000 3.930759192 -10.854429245 3.363017082 0.455816090 -0.005254269 -0.162482366 0.875102043
1403638166195097088.000000 3.954288721 -10.788811684 3.440070629 0.456586123 -0.006740129 -0.164264351 0.874357462
1403638166245096960.000000 3.973393917 -10.783775330 3.448033333 0.456391513 -0.007074863 -0.167101264 0.873918772
1403638166295097088.000000 4.002624035 -10.745828629 3.491631031 0.456856966 -0.006191917 -0.168682054 0.873378396
1403638166345096960.000000 4.038765907 -10.680245399 3.558164597 0.458093256 -0.006149135 -0.170065016 0.872462511
1403638166395097088.000000 4.074279308 -10.647591591 3.589822292 0.458294362 -0.005362854 -0.171629593 0.872055590
1403638166445096960.000000 4.110860825 -10.614511490 3.619580746 0.458355755 -0.006295956 -0.173164770 0.871713459
1403638166495097088.000000 4.146932125 -10.582273483 3.648700237 0.458830595 -0.005780494 -0.173965663 0.871307671
1403638166545096960.000000 4.181167603 -10.550601006 3.677460670 0.460010767 -0.006391014 -0.173053011 0.870862782
1403638166595097088.000000 4.213717937 -10.519519806 3.706247807 0.460604817 -0.005489487 -0.173195481 0.870526552
1403638166645096960.000000 4.243977547 -10.488768578 3.735158920 0.461476952 -0.006579725 -0.172591105 0.870177031
1403638166695097088.000000 4.271982193 -10.458827019 3.764509201 0.462545097 -0.007908120 -0.170547560 0.870001793
1403638166745096960.000000 4.297822952 -10.429554939 3.793919086 0.464072406 -0.010699944 -0.167835146 0.869685948
1403638166795097088.000000 4.321504593 -10.400785446 3.823637486 0.466135174 -0.017324166 -0.163343027 0.869331360
1403638166845096960.000000 4.342893600 -10.372681618 3.854071140 0.467442662 -0.026085470 -0.160036027 0.869025528
1403638166895097088.000000 4.361797333 -10.344816208 3.885828495 0.468304068 -0.037314240 -0.158138141 0.868499458
1403638166945096960.000000 4.379468441 -10.317667961 3.918359756 0.468264163 -0.046013337 -0.158244938 0.868084133
1403638166995097088.000000 4.397196770 -10.291852951 3.952571869 0.467270583 -0.052551385 -0.160549507 0.867825091
1403638167045096960.000000 4.415866375 -10.267002106 3.987842083 0.465928733 -0.055753633 -0.164078102 0.867686808
1403638167095097088.000000 4.436477661 -10.244084358 4.024668217 0.464877367 -0.057349607 -0.167084798 0.867572963
1403638167145096960.000000 4.460175037 -10.222620964 4.063114643 0.463507056 -0.055815708 -0.171242923 0.867595375
1403638167195097088.000000 4.487029552 -10.204252243 4.102518559 0.462742656 -0.053698696 -0.173513293 0.867685974
1403638167245096960.000000 4.515221596 -10.188012123 4.141746521 0.461568892 -0.050902486 -0.177174315 0.867739856
1403638167295097088.000000 4.545260429 -10.174074173 4.182861805 0.461058199 -0.047975320 -0.178367332 0.867933691
1403638167345096960.000000 4.577257156 -10.161419868 4.222883224 0.460791796 -0.045770265 -0.179117247 0.868039787
1403638167395097088.000000 4.608957291 -10.151249886 4.263635159 0.460483044 -0.044769194 -0.178820178 0.868317068
1403638167445096960.000000 4.640810013 -10.142188072 4.305334568 0.460796833 -0.042926751 -0.177070916 0.868602037
1403638167495097088.000000 4.671493530 -10.134760857 4.349236965 0.461342573 -0.040713407 -0.174533367 0.868932426
1403638167545096960.000000 4.702569008 -10.128457069 4.395033360 0.462138385 -0.037478060 -0.171415389 0.869275808
1403638167595097088.000000 4.732103825 -10.123594284 4.440330029 0.463486761 -0.035293907 -0.165845767 0.869729638
1403638167645096960.000000 4.759510040 -10.118363380 4.486338139 0.464443594 -0.034697246 -0.158546582 0.870603979
1403638167695097088.000000 4.786002159 -10.115039825 4.534451962 0.463650495 -0.034228239 -0.152646616 0.872098386
1403638167745096960.000000 4.810443401 -10.119615555 4.573867321 0.461071730 -0.034121335 -0.146969303 0.874441922
1403638167795097088.000000 4.835635662 -10.107757568 4.632878304 0.458634347 -0.034612011 -0.139920041 0.876857460
1403638167845096960.000000 4.858880520 -10.104262352 4.686110497 0.454318166 -0.036097888 -0.134217203 0.879930556
1403638167895097088.000000 4.881061554 -10.099390030 4.741208553 0.448770791 -0.035784144 -0.129614785 0.883472919
1403638167945096960.000000 4.904349327 -10.093971252 4.797208309 0.442951381 -0.035353452 -0.125038743 0.887079298
1403638167995097088.000000 4.926510811 -10.087706566 4.856117249 0.435744226 -0.034894861 -0.122282751 0.891042292
1403638168045096960.000000 4.950073242 -10.082461357 4.916316032 0.429621369 -0.033951212 -0.119074680 0.894479811
1403638168095097088.000000 4.975319862 -10.078431129 4.976596832 0.424336046 -0.033499319 -0.115377232 0.897499263
1403638168145096960.000000 5.003843307 -10.072272301 5.037185669 0.418078423 -0.032554302 -0.114574224 0.900568426
1403638168195097088.000000 5.034554005 -10.065942764 5.097916603 0.411937803 -0.031238655 -0.111952282 0.903768897
1403638168245096960.000000 5.065484524 -10.057460785 5.159876823 0.403806418 -0.030047718 -0.113232896 0.907312453
1403638168295097088.000000 5.099313259 -10.047039986 5.223635674 0.395845085 -0.029174477 -0.112826027 0.910892844
1403638168345096960.000000 5.135764122 -10.035180092 5.285952568 0.387438983 -0.027265457 -0.112217672 0.914633751
1403638168395097088.000000 5.173509121 -10.023640633 5.348942757 0.379394114 -0.025102513 -0.110096239 0.918318510
1403638168445096960.000000 5.212297440 -10.011186600 5.412501335 0.370861351 -0.023468286 -0.111810125 0.921634197
1403638168495097088.000000 5.250098228 -9.998685837 5.475277424 0.362797201 -0.024311813 -0.115780063 0.924327910
1403638168545096960.000000 5.286516190 -9.987227440 5.540315151 0.355060756 -0.025140617 -0.121616699 0.926557779
1403638168595097088.000000 5.328823090 -10.013446808 5.581019402 0.347488999 -0.027772741 -0.129383847 0.928299487
1403638168645096960.000000 5.354516029 -9.971222878 5.662494659 0.341480523 -0.029413290 -0.133942068 0.929830849
1403638168695097088.000000 5.385038853 -9.961170197 5.728724480 0.336548150 -0.030804269 -0.138605237 0.930900097
1403638168745096960.000000 5.424475670 -9.980805397 5.773787498 0.332856238 -0.031448200 -0.142797396 0.931572199
1403638168795097088.000000 5.453396320 -9.974046707 5.843906879 -0.330914348 0.032326579 0.144030109 -0.932044029
1403638168845096960.000000 5.479351997 -9.968523979 5.911763191 -0.329203546 0.033800479 0.145675167 -0.932341874
1403638168895097088.000000 5.508193970 -9.962898254 5.982689857 -0.328110039 0.034045964 0.147357255 -0.932454109
1403638168945096960.000000 5.521142960 -9.932831764 6.073827744 -0.328450143 0.035499550 0.146210492 -0.932460666
1403638168995097088.000000 5.544064045 -9.933116913 6.143647671 -0.329057008 0.034414928 0.146799713 -0.932194710
1403638169045096960.000000 5.566174030 -9.935290337 6.214067936 -0.330595553 0.030538725 0.146272644 -0.931868196
1403638169095097088.000000 5.587179661 -9.939225197 6.284783363 0.333754718 -0.025596483 -0.141631752 0.931607783
1403638169145096960.000000 5.606380463 -9.944480896 6.355904579 0.337082416 -0.022538543 -0.137324274 0.931133509
1403638169195097088.000000 5.623716831 -9.950412750 6.427288055 0.340645403 -0.021082755 -0.132108867 0.930625379
1403638169245096960.000000 5.639961243 -9.956917763 6.499034882 0.344007224 -0.020015422 -0.124523990 0.930458128
1403638169295097088.000000 5.654982567 -9.963584900 6.571281433 0.346041232 -0.018676830 -0.115476348 0.930898488
1403638169345096960.000000 5.669055939 -9.970010757 6.644226074 0.347827494 -0.016677808 -0.102389961 0.931801617
1403638169395097088.000000 5.682622910 -9.975639343 6.718179703 0.347372115 -0.014406297 -0.090702198 0.933219254
1403638169445096960.000000 5.695811272 -9.979526520 6.792559624 0.345086634 -0.011281229 -0.080480218 0.935045958
1403638169495097088.000000 5.709952354 -9.981356621 6.867325783 0.340168178 -0.008793038 -0.072945565 0.937489867
1403638169545096960.000000 5.726055622 -9.980907440 6.941943645 0.334257841 -0.005673458 -0.067506351 0.940043807
1403638169595097088.000000 5.743970871 -9.977070808 7.015892982 0.325965732 -0.003636999 -0.064454399 0.943174899
1403638169645096960.000000 5.929008007 -9.894842148 6.618779182 0.315923303 -0.001850026 -0.064131953 0.946613073
1403638169695097088.000000 5.960327148 -9.885681152 6.656908035 0.304393828 -0.001378015 -0.066534869 0.950218797
1403638169745096960.000000 5.994008541 -9.874588966 6.692641258 0.292670786 -0.000552669 -0.067261226 0.953844547
1403638169795097088.000000 6.030085564 -9.862201691 6.723620892 0.278905749 0.001568695 -0.071741715 0.957633674
1403638169845096960.000000 6.071601391 -9.838668823 6.752971172 0.264436275 0.003260734 -0.076615699 0.961349547
1403638169895097088.000000 6.112474918 -9.823263168 6.779873371 0.250055045 0.005612944 -0.079983898 0.964906037
1403638169945096960.000000 6.155079842 -9.807771683 6.803552628 0.235661119 0.011724286 -0.083059117 0.968208492
1403638169995097088.000000 6.199464798 -9.792894363 6.823763847 0.222578913 0.018492008 -0.082514808 0.971240461
1403638170045096960.000000 6.243943691 -9.778487206 6.840556622 0.210753277 0.024456270 -0.078308381 0.974090755
1403638170095097088.000000 6.287676334 -9.764621735 6.854348183 0.199430674 0.028350182 -0.072819024 0.976791263
1403638170145096960.000000 6.329010963 -9.751072884 6.865473270 0.188456163 0.029002020 -0.065419130 0.979471028
1403638170195097088.000000 6.337480068 -9.776460648 6.885224342 0.177591115 0.028821660 -0.057593394 0.981994748
1403638170245096960.000000 6.372196198 -9.764976501 6.891114235 -0.166734070 -0.027831765 0.049743850 -0.984352946
1403638170295097088.000000 6.366851807 -9.828800201 6.917588234 -0.156385973 -0.026190666 0.040753625 -0.986507356
1403638170345096960.000000 6.421058178 -9.801484108 6.890097618 -0.145421401 -0.023515193 0.033453330 -0.988524497
1403638170395097088.000000 6.389351368 -9.903908730 6.931756496 -0.134124577 -0.019843319 0.026764182 -0.990404248
1403638170445096960.000000 6.413368702 -9.900161743 6.929229259 -0.122646451 -0.016896907 0.021142161 -0.992081404
1403638170495097088.000000 6.390219688 -9.933636665 6.932858944 -0.112646915 -0.014496879 0.012781935 -0.993447185
1403638170545096960.000000 6.362295628 -10.075135231 6.933444977 -0.103838310 -0.014897280 0.003023132 -0.994478047
1403638170595097088.000000 6.316725731 -10.138871193 6.934843540 -0.094462410 -0.016315356 -0.005413120 -0.995380044
1403638170645096960.000000 6.336302280 -10.145639420 6.922358036 -0.084321171 -0.019713325 -0.012000053 -0.996171415
1403638170695097088.000000 6.293082237 -10.199090958 6.891626835 -0.074216999 -0.022524575 -0.017914953 -0.996826768
1403638170745096960.000000 6.272548676 -10.338414192 6.865113258 -0.064100742 -0.022956612 -0.021998465 -0.997436821
1403638170795097088.000000 6.327686310 -10.409289360 6.738943100 -0.053730756 -0.024523856 -0.025863493 -0.997919202
1403638170845096960.000000 5.861714363 -11.496796608 7.048486233 -0.043510240 -0.024184844 -0.028717345 -0.998347282
1403638170895097088.000000 5.989685059 -12.353937149 6.861170292 -0.032313835 -0.024989607 -0.029553950 -0.998728156
1403638170945096960.000000 6.085955143 -12.751581192 6.853304386 -0.021375645 -0.024591170 -0.032019410 -0.998956025
1403638170995097088.000000 6.162925243 -12.752843857 6.770848751 -0.010529472 -0.025504893 -0.034590546 -0.999020576
1403638171045096960.000000 6.218883991 -13.009840965 6.772505760 -0.000560308 -0.027185071 -0.037822668 -0.998914480
1403638171095097088.000000 6.313155651 -12.960111618 6.640230656 0.008034569 -0.028322659 -0.041066248 -0.998722613
1403638171145096960.000000 6.332746506 -13.082780838 6.594518185 0.015454550 -0.029733621 -0.043641426 -0.998485088
1403638171195097088.000000 6.464463234 -13.550338745 6.479760647 0.021386165 -0.031067623 -0.047024727 -0.998181462
1403638171245096960.000000 6.527908802 -13.592764854 6.345077515 0.026256762 -0.032235581 -0.049875297 -0.997889757
1403638171295097088.000000 6.557051659 -13.738406181 6.285037041 0.030540971 -0.033178736 -0.051262382 -0.997666597
1403638171345096960.000000 6.556782246 -13.799257278 6.070581913 0.033579957 -0.034164082 -0.053214397 -0.997433424
1403638171395097088.000000 6.584469795 -13.950082779 5.998381138 0.036489900 -0.035936441 -0.054840621 -0.997180820
1403638171445096960.000000 6.612290382 -14.104067802 5.923788071 0.040358663 -0.036803953 -0.056641966 -0.996899426
1403638171495097088.000000 6.640584469 -14.261535645 5.846853256 0.043152560 -0.038477264 -0.058906078 -0.996587932
1403638171545096960.000000 6.669139862 -14.422467232 5.767517567 0.045198698 -0.040302329 -0.062405653 -0.996212006
1403638171595097088.000000 6.698119640 -14.586188316 5.685750008 0.048741832 -0.042007048 -0.063822106 -0.995884717
1403638171645096960.000000 6.727290630 -14.753181458 5.601394653 0.051828131 -0.043799549 -0.067428656 -0.995413899
1403638171695097088.000000 6.756670475 -14.923143387 5.514261246 0.055595770 -0.045337569 -0.071582109 -0.994851589
1403638171745096960.000000 6.786346912 -15.096042633 5.424577236 0.060416177 -0.046854895 -0.075005010 -0.994247854
1403638171795097088.000000 6.816873074 -15.271991730 5.331799984 0.064762026 -0.047447067 -0.078245714 -0.993696272
1403638171845096960.000000 6.849498749 -15.450938225 5.235551834 0.068449803 -0.050178062 -0.082083218 -0.993005097
1403638171895097088.000000 6.883847237 -15.632496834 5.135894775 0.071972296 -0.052900430 -0.085777827 -0.992302239
1403638171945096960.000000 6.328439713 -16.692531586 5.002541065 0.076921336 -0.057088558 -0.085221432 -0.991746604
1403638171995097088.000000 6.342477322 -16.921199799 4.898291111 0.081429392 -0.058236592 -0.082977906 -0.991510212
1403638172045096960.000000 6.358425617 -17.150363922 4.786358833 0.085251495 -0.059378464 -0.082019426 -0.991200924
1403638172095097088.000000 6.375229359 -17.383789062 4.670708656 0.088855296 -0.059073657 -0.079833686 -0.991081119
1403638172145096960.000000 6.391964912 -17.621711731 4.552455902 0.091190755 -0.059074122 -0.078912549 -0.990942657
1403638172195097088.000000 6.407068729 -17.864288330 4.432231426 0.092827700 -0.057801645 -0.078832157 -0.990872145
1403638172245096960.000000 6.420071602 -18.111782074 4.310302734 0.094515286 -0.057122290 -0.077514440 -0.990855932
1403638172295097088.000000 6.430659771 -18.364250183 4.186468601 0.095639877 -0.056215927 -0.076297991 -0.990894318
1403638172345096960.000000 6.439141750 -18.621677399 4.061209679 0.096424699 -0.056371063 -0.075399645 -0.990878165
1403638172395097088.000000 6.445332050 -18.884126663 3.934859753 0.096304491 -0.056524843 -0.075246938 -0.990892708
1403638172445096960.000000 6.373572350 -19.159208298 3.828372717 0.096036538 -0.057888031 -0.075166740 -0.990846097
1403638172495097088.000000 6.371499538 -19.431789398 3.701596975 0.095008336 -0.059820764 -0.076230191 -0.990749121
1403638172545096960.000000 6.210302830 -19.785013199 3.680768490 0.093887694 -0.061191633 -0.077218898 -0.990695715
1403638172595097088.000000 6.196749210 -20.070632935 3.556208849 0.092732914 -0.062763907 -0.077265643 -0.990702450
1403638172645096960.000000 6.180797577 -20.361228943 3.429722309 0.090536594 -0.063882135 -0.079430103 -0.990662932
1403638172695097088.000000 6.291129589 -20.361602783 2.256358624 0.089509472 -0.063713633 -0.079758875 -0.990740716
1403638172745096960.000000 6.276516914 -20.659057617 2.090384722 0.087999493 -0.063380621 -0.080075666 -0.990871787
1403638172795097088.000000 6.223460197 -20.816858292 1.552022099 0.086843662 -0.063466005 -0.079970382 -0.990976810
1403638172845096960.000000 4.468685627 -20.786552429 1.747516513 0.086009398 -0.062011402 -0.086095415 -0.990628421
1403638172895097088.000000 4.358298302 -21.072320938 1.571874261 0.084937178 -0.061519723 -0.085224502 -0.990826845
1403638172945096960.000000 3.911556005 -20.873945236 -0.032772660 0.082515739 -0.059328910 -0.088228330 -0.990902126
1403638172995097088.000000 3.774737120 -21.159704208 -0.260343909 0.079687484 -0.057283871 -0.090812847 -0.991020441
1403638173045096960.000000 3.632171631 -21.447637558 -0.490903080 0.077517509 -0.053241298 -0.091682643 -0.991337895
1403638173095097088.000000 3.485036612 -21.739286423 -0.724286079 0.074302472 -0.049122162 -0.094930023 -0.991491020
1403638173145096960.000000 3.249973059 -22.166812897 -1.147183299 0.072926834 -0.044643596 -0.094071500 -0.991886675
1403638173195097088.000000 3.089614630 -22.474166870 -1.390970588 0.072172843 -0.041111354 -0.093051478 -0.992190719
1403638173245096960.000000 2.909427881 -22.829507828 -1.853396177 0.072895475 -0.038796622 -0.088722847 -0.992627501
1403638173295097088.000000 2.769637823 -23.148584366 -2.318935394 0.074079655 -0.036751721 -0.084652916 -0.992973030
1403638173345096960.000000 2.597799301 -23.471872330 -2.585307121 0.075355001 -0.032864198 -0.079593636 -0.993431687
1403638197195097088.000000 -13.709304810 17.374082565 1.553833008 0.004542774 0.823908210 -0.012954910 0.566556990
1403638197445096960.000000 -13.694133759 17.314889908 1.503786087 -0.013938941 0.832942486 -0.017323958 0.552912712
1403638197695097088.000000 -13.698801994 17.245141983 1.437788010 -0.012838244 0.834921241 -0.017525977 0.549940586
1403638197945096960.000000 -13.727996826 17.160297394 1.382764816 -0.004419873 0.840869963 -0.015962912 0.540983856
1403638203145096960.000000 4.741003513 -5.475872040 6.737541199 -0.036156338 -0.000960970 0.012356781 0.999269307
1403638203195097088.000000 4.736511707 -5.472938538 6.709240437 -0.032446299 0.002170349 0.011404722 0.999406099
1403638203245096960.000000 4.735045910 -5.537250519 6.716955662 -0.032820567 0.004366518 0.010015678 0.999401569
1403638203295097088.000000 4.732736588 -5.665297985 6.720944881 -0.037227646 0.006393316 0.009899626 0.999237359
1403638203345096960.000000 4.722674370 -5.770673752 6.709169865 -0.039120756 0.007088534 0.011465210 0.999143660
1403638203395097088.000000 4.701058865 -6.009334087 6.707732677 -0.036421467 0.009712093 0.011073471 0.999227941
1403638203445096960.000000 4.707007408 -5.921490192 6.707544327 -0.037911490 0.010448516 0.013252908 0.999138594
1403638203495097088.000000 4.688462257 -6.159183502 6.692633152 -0.036114246 0.009760110 0.013446406 0.999209642
1403638203545096960.000000 4.677375317 -6.234653950 6.688457012 -0.035979997 0.009621245 0.014599797 0.999199569
1403638203595097088.000000 4.661908150 -6.312309265 6.681872368 -0.035705984 0.009792931 0.016481506 0.999178529
1403638203645096960.000000 4.642903805 -6.513022900 6.670029163 -0.034917228 0.006748258 0.015745215 0.999243379
1403638203695097088.000000 4.641005993 -6.580972672 6.660989761 -0.034263838 0.006579290 0.016677374 0.999252021
1403638203745096960.000000 4.627894878 -6.652437687 6.657079697 -0.035037894 0.007858397 0.016772494 0.999214351
1403638203795097088.000000 4.622328758 -6.709459782 6.649243832 -0.034892276 0.007734786 0.015035877 0.999248028
1403638203845096960.000000 4.615573883 -6.774366856 6.637176514 -0.034291878 0.008100679 0.014978678 0.999266803
1403638203895097088.000000 4.606395721 -6.982199192 6.609655857 -0.034862250 0.008538767 0.013852869 0.999259651
1403638203945096960.000000 4.604157925 -7.047813892 6.597649574 -0.034249917 0.007812561 0.014054039 0.999283969
1403638203995097088.000000 4.606051922 -7.118669033 6.584818363 -0.033866029 0.007517291 0.014657402 0.999290645
1403638204045096960.000000 4.599214554 -7.169741154 6.578538418 -0.032416720 0.006111678 0.014764860 0.999346673
1403638204095097088.000000 4.619767189 -7.095665455 6.580464840 -0.032200947 0.003079168 0.015519804 0.999356210
1403638204145096960.000000 4.601936817 -7.418878078 6.521377087 -0.030456258 0.001174720 0.017539211 0.999381542
1403638204195097088.000000 4.606713295 -7.473496437 6.508811951 -0.028667286 -0.001305868 0.020676494 0.999374270
1403638204245096960.000000 4.605688572 -7.532165527 6.500446320 -0.026962513 -0.003630162 0.024732856 0.999323845
1403638204295097088.000000 4.610187054 -7.586225986 6.490262985 -0.024794955 -0.007617738 0.030906744 0.999185622
1403638204345096960.000000 4.615819931 -7.646039963 6.470853329 -0.022740016 -0.011938204 0.037906215 0.998951256
1403638204395097088.000000 4.632886887 -7.819563866 6.418158054 -0.021643715 -0.016528921 0.043681014 0.998674273
1403638204445096960.000000 4.636448860 -7.867687702 6.407725811 -0.020350890 -0.018360112 0.047596067 0.998490572
1403638204495097088.000000 4.642546654 -7.916381836 6.393496037 -0.020464208 -0.019463075 0.049371067 0.998381197
1403638204545096960.000000 4.646941185 -7.967284203 6.381029606 -0.020671498 -0.018683532 0.050937667 0.998313069
1403638204595097088.000000 4.644207954 -8.006092072 6.379744530 -0.018618232 -0.015556316 0.051194433 0.998394012
1403638204645096960.000000 4.663788319 -8.160841942 6.333111763 -0.017940260 -0.016012140 0.049568910 0.998481214
1403638204695097088.000000 4.665901184 -8.203572273 6.324740887 -0.015583477 -0.015548186 0.045454755 0.998723865
1403638204745096960.000000 4.669697285 -8.250432968 6.310282230 -0.012132831 -0.015816279 0.038580667 0.999056697
1403638204795097088.000000 4.667388439 -8.286805153 6.307351112 -0.007553495 -0.015200716 0.030157609 0.999401033
1403638204845096960.000000 4.664381981 -8.320053101 6.302731514 -0.001475297 -0.013102070 0.017754057 0.999755502
1403638204895097088.000000 4.662565708 -8.446663857 6.277103424 0.005206464 -0.010242878 0.005895906 0.999916673
1403638204945096960.000000 4.654243946 -8.482894897 6.275395870 0.015856624 -0.008372777 -0.004740208 0.999828041
1403638204995097088.000000 4.652619839 -8.517893791 6.269031048 0.028630771 -0.007666696 -0.014043753 0.999462008
1403638205045096960.000000 4.645613194 -8.559383392 6.269806862 0.042422336 -0.006041687 -0.024378128 0.998784065
1403638205095097088.000000 4.640693188 -8.594900131 6.255440712 0.059466653 -0.005629312 -0.034566216 0.997615755
1403638205145096960.000000 4.629395962 -8.716706276 6.241982460 0.079337589 -0.006371257 -0.042114507 0.995937467
1403638205195097088.000000 4.623146057 -8.771818161 6.234798908 0.100942917 -0.004559838 -0.049828723 0.993633151
1403638205245096960.000000 4.614984989 -8.821865082 6.230594158 -0.123184688 0.003658252 0.058882456 -0.990628660
1403638205295097088.000000 4.616050720 -8.882740021 6.218516350 0.146412805 -0.001883650 -0.066836834 0.986961305
1403638205345096960.000000 4.612877846 -8.935054779 6.212283611 0.169772744 0.000571348 -0.074259654 0.982681274
1403638205395097088.000000 4.616734028 -8.994593620 6.199146748 0.192202613 0.003718372 -0.083501287 0.977789283
1403638205445096960.000000 4.620019436 -9.050229073 6.188090801 0.212568492 0.007115787 -0.092012547 0.972778380
1403638205495097088.000000 4.621736526 -9.100631714 6.180304050 0.229037896 0.011901370 -0.103755817 0.967799008
1403638205545096960.000000 4.630271912 -9.159927368 6.162389755 0.242551565 0.015463160 -0.114364870 0.963249862
1403638205595097088.000000 4.633580208 -9.209894180 6.151068211 0.253057599 0.020779075 -0.124969520 0.959120810
1403638205645096960.000000 4.644995689 -9.268342972 6.128300190 0.261221409 0.027344154 -0.134058580 0.955533385
1403638205695097088.000000 4.650046349 -9.319460869 6.113136292 0.268078744 0.033408757 -0.141608596 0.952346981
1403638205745096960.000000 4.663635731 -9.379737854 6.085604668 0.274929404 0.037923686 -0.147510633 0.949324131
1403638205795097088.000000 4.668548584 -9.433197975 6.065394402 0.282932550 0.039830890 -0.151293501 0.946294308
1403638205845096960.000000 4.681587696 -9.495159149 6.031350613 0.291790545 0.040099937 -0.154900134 0.943003893
1403638205895097088.000000 4.686163425 -9.550852776 6.004690170 0.301235765 0.038760427 -0.158308551 0.939517498
1403638205945096960.000000 4.699434280 -9.615298271 5.964955330 0.312402874 0.037664186 -0.160345465 0.935561419
1403638205995097088.000000 4.705180645 -9.673924446 5.933114052 0.324649841 0.035207078 -0.160601065 0.931434512
1403638206045096960.000000 4.719251156 -9.740553856 5.887377262 0.336337864 0.033442128 -0.163236603 0.926883161
1403638206095097088.000000 4.726298332 -9.799121857 5.849211216 0.348030865 0.033192955 -0.164905310 0.922268391
1403638206145096960.000000 4.740741730 -9.866634369 5.798076153 0.359814763 0.033547655 -0.166808605 0.917378247
1403638206195097088.000000 4.747125149 -9.926185608 5.755895615 0.370658726 0.034013823 -0.169069454 0.912617505
1403638206245096960.000000 4.759057522 -9.993557930 5.701345921 0.381435454 0.034486961 -0.170894921 0.907806516
1403638206295097088.000000 4.762086868 -10.052949905 5.656737328 0.392410636 0.034837674 -0.170677230 0.903144300
1403638206345096960.000000 4.769373417 -10.120357513 5.599769115 0.403775930 0.032588400 -0.166496724 0.898989320
1403638206395097088.000000 4.768202305 -10.178305626 5.552950382 0.412012875 0.031448297 -0.164050102 0.895736516
1403638206445096960.000000 4.771916389 -10.243799210 5.495199203 0.419376671 0.030317932 -0.160699680 0.892961204
1403638206495097088.000000 4.767999649 -10.299769402 5.447346210 0.424880326 0.030895043 -0.158130452 0.890795708
1403638206545096960.000000 4.766794205 -10.362724304 5.388781548 0.429455400 0.030693229 -0.155876458 0.889004290
1403638206595097088.000000 4.758959770 -10.415583611 5.340529442 0.432416707 0.031505201 -0.154887274 0.887712359
1403638206645096960.000000 4.745385170 -10.458275795 5.301302433 0.435337275 0.032696370 -0.153413847 0.886496782
1403638206695097088.000000 4.743937969 -10.530517578 5.226489544 0.439883381 0.031924315 -0.152478397 0.884439886
1403638206745096960.000000 4.730148315 -10.579099655 5.176962852 0.443829775 0.031344097 -0.154710636 0.882098258
1403638206795097088.000000 4.718421936 -10.635000229 5.116578579 0.448703587 0.029911634 -0.154558524 0.879705727
1403638206845096960.000000 4.702075005 -10.680986404 5.067379951 0.451817900 0.030062048 -0.156615317 0.877740622
1403638206895097088.000000 4.686967850 -10.733067513 5.006678104 0.455428123 0.030694572 -0.156382680 0.875892460
1403638206945096960.000000 4.668134212 -10.776363373 4.957439899 0.458440810 0.031952418 -0.155261323 0.874474168
1403638206995097088.000000 4.649462700 -10.825585365 4.896715164 0.461349815 0.033094972 -0.153753847 0.873167098
1403638207045096960.000000 4.627645016 -10.865363121 4.847428799 0.463374287 0.034340374 -0.152872175 0.872201324
1403638207095097088.000000 4.605066299 -10.910707474 4.786727428 0.464598238 0.036677871 -0.152940065 0.871442795
1403638207145096960.000000 4.579252243 -10.946504593 4.738104820 0.465900302 0.036631342 -0.152218312 0.870875776
1403638207195097088.000000 4.551623821 -10.981415749 4.688931942 0.468076378 0.037285969 -0.150612161 0.869959950
1403638207245096960.000000 4.522038460 -11.024067879 4.621945381 0.470583439 0.037557919 -0.151870295 0.868375540
1403638207295097088.000000 4.490451336 -11.054485321 4.572581768 0.474662691 0.039156441 -0.152420953 0.865985036
1403638207345096960.000000 4.457565784 -11.083644867 4.521331310 0.480222702 0.040081371 -0.152102113 0.862927914
1403638207395097088.000000 4.422049522 -11.119928360 4.454335213 0.486567944 0.042084631 -0.153485492 0.859024286
1403638207445096960.000000 4.388367653 -11.144473076 4.402158260 0.494381696 0.043324403 -0.155127764 0.854192674
1403638207495097088.000000 4.356552124 -11.168206215 4.347783089 0.502995670 0.044538934 -0.157724246 0.848607540
1403638207545096960.000000 4.322551727 -11.195209503 4.276446819 0.511789680 0.041683275 -0.160305589 0.842992306
1403638207595097088.000000 4.292867661 -11.212394714 4.219940662 0.518326044 0.039075296 -0.166149899 0.837977052
1403638207645096960.000000 4.263499260 -11.227493286 4.161445618 0.525541306 0.032152519 -0.167908892 0.833414197
1403638207695097088.000000 4.232764721 -11.245373726 4.088137627 0.530388951 0.025078021 -0.173021302 0.829531431
1403638207745096960.000000 4.208032608 -11.255521774 4.028988838 0.535496950 0.019613802 -0.174040392 0.826176941
1403638207795097088.000000 4.182798386 -11.267961502 3.959857941 0.539127290 0.014888533 -0.176531106 0.823381364
1403638207845096960.000000 4.163121223 -11.275790215 3.900796413 0.541839063 0.009299629 -0.178413182 0.821275115
1403638207895097088.000000 4.141970158 -11.284847260 3.831617832 0.543410480 0.003288951 -0.181263089 0.819657207
1403638207945096960.000000 4.127046108 -11.290795326 3.773673058 0.544497490 -0.000522966 -0.183170289 0.818517506
1403638207995097088.000000 4.112879753 -11.296273232 3.716237545 0.544838071 -0.001472804 -0.184621617 0.817963481
1403638208045096960.000000 4.092981339 -11.303712845 3.643062115 0.545208573 -0.003231258 -0.185521796 0.817507744
1403638208095097088.000000 4.078926086 -11.306632996 3.587828636 0.545697629 -0.000319291 -0.184353635 0.817452013
1403638208145096960.000000 4.068030357 -11.305308342 3.552624226 0.546719253 0.001235779 -0.180315927 0.817669034
1403638208195097088.000000 4.040510178 -11.313707352 3.464078426 0.547422647 0.004593236 -0.178229749 0.817643940
1403638208245096960.000000 4.022110462 -11.313802719 3.413717270 0.546895683 0.007155078 -0.177335411 0.818172395
1403638208295097088.000000 3.999905109 -11.315157890 3.363296986 0.546125889 0.008139003 -0.176930785 0.818764806
1403638208345096960.000000 3.976991177 -11.314440727 3.314898491 0.544843495 0.006190536 -0.178592920 0.819275260
1403638208395097088.000000 3.952874184 -11.312605858 3.267539024 0.543643773 0.004199619 -0.179944351 0.819788873
1403638208445096960.000000 3.923184156 -11.311585426 3.191872597 0.543020308 0.002127438 -0.182411224 0.819664955
1403638208495097088.000000 3.899647951 -11.309043884 3.145310402 0.544147730 0.000353041 -0.183710739 0.818629026
1403638208545096960.000000 3.877043724 -11.305470467 3.097615242 0.546835780 -0.001502926 -0.185083702 0.816524565
1403638208595097088.000000 3.851586103 -11.300281525 3.034576416 0.550575435 -0.002516910 -0.188484773 0.813224435
1403638208645096960.000000 3.833039999 -11.295712471 2.987170696 0.555659056 -0.002145915 -0.189952388 0.809417486
1403638208695097088.000000 3.816012859 -11.290820122 2.939063549 0.560345292 -0.002608308 -0.190731823 0.805994928
1403638208745096960.000000 3.796778202 -11.284150124 2.876802444 0.565115452 -0.003815945 -0.190809399 0.802634239
1403638208795097088.000000 3.783931494 -11.277818680 2.829906464 0.569259882 -0.003600784 -0.191678569 0.799493372
1403638208845096960.000000 3.770766973 -11.271599770 2.783214569 0.572936535 -0.002639769 -0.191788167 0.796840131
1403638208895097088.000000 3.754309893 -11.262259483 2.724137306 0.575544298 -0.001263086 -0.193946227 0.794438183
1403638208945096960.000000 3.740119219 -11.254594803 2.680101395 0.578192353 0.000035954 -0.194828779 0.792297602
1403638208995097088.000000 3.724326611 -11.246466637 2.637761116 0.580090880 0.000755783 -0.195714712 0.790689468
1403638209045096960.000000 3.703703165 -11.234029770 2.581879616 0.581853151 0.000658259 -0.196053132 0.789309621
1403638209095097088.000000 3.684962034 -11.224263191 2.541910172 0.583661735 0.000028835 -0.195926875 0.788004875
1403638209145096960.000000 3.664392233 -11.214360237 2.502358437 0.584417224 0.000328995 -0.196716219 0.787247896
1403638209195097088.000000 3.640823603 -11.200202942 2.454570770 0.585117817 -0.000135911 -0.197160259 0.786616206
1403638209245096960.000000 3.618070602 -11.188489914 2.417933464 0.585777700 -0.000204860 -0.196806237 0.786213577
1403638209295097088.000000 3.593484640 -11.174474716 2.377521515 0.586601675 -0.001232255 -0.195848912 0.785837233
1403638209345096960.000000 3.568317652 -11.161632538 2.343924522 0.586730719 -0.002265428 -0.196096569 0.785676837
1403638209395097088.000000 3.541977406 -11.149473190 2.310357094 0.587385833 -0.002469009 -0.194905207 0.785483181
1403638209445096960.000000 3.509320021 -11.128584862 2.257044792 0.587625682 -0.003658647 -0.195017397 0.785271287
1403638209495097088.000000 3.481014490 -11.115327835 2.226799011 0.588246226 -0.002077748 -0.192872122 0.785342216
1403638209545096960.000000 3.450176239 -11.100774765 2.195943832 0.588525772 -0.000041098 -0.191896155 0.785374701
1403638209595097088.000000 3.411986828 -11.082307816 2.158493996 0.588671267 0.000485270 -0.190530211 0.785597980
1403638209645096960.000000 3.372627735 -11.067140579 2.133358955 0.588528395 -0.000268764 -0.189746782 0.785894692
1403638209695097088.000000 3.329375029 -11.051451683 2.110540390 0.587851167 -0.001287421 -0.190119907 0.786310256
1403638209745096960.000000 3.278312922 -11.031319618 2.080220222 0.587164462 -0.001375835 -0.190831676 0.786650717
1403638209795097088.000000 3.227241278 -11.014439583 2.061994553 0.586252570 0.001372579 -0.192877293 0.786831915
1403638209845096960.000000 3.172546387 -10.997212410 2.045520782 0.585712731 0.002934545 -0.193815857 0.786999047
1403638209895097088.000000 3.112357140 -10.975477219 2.020327568 0.585148215 0.005405319 -0.194178835 0.787316263
1403638209945096960.000000 3.054747581 -10.956005096 2.004626274 0.585348010 0.008734990 -0.192971870 0.787434697
1403638209995097088.000000 2.996349573 -10.935700417 1.989435196 0.585718334 0.012430442 -0.191619590 0.787439883
1403638210045096960.000000 2.935641527 -10.915455818 1.970597267 0.586144984 0.016296618 -0.189717934 0.787512302
1403638210095097088.000000 2.878543139 -10.893122673 1.954303741 0.586907089 0.019565368 -0.186987221 0.787523448
1403638210145096960.000000 2.822967529 -10.868914604 1.936733246 0.587731242 0.021738006 -0.184293032 0.787486911
1403638210195097088.000000 2.769529819 -10.841813087 1.918700218 0.588416278 0.025318090 -0.182178721 0.787360370
1403638210245096960.000000 2.711027622 -10.810810089 1.896621704 0.588854551 0.024030339 -0.181023508 0.787339449
1403638210295097088.000000 2.659477711 -10.779191017 1.877731323 0.588670790 0.024251262 -0.181322679 0.787401259
1403638210345096960.000000 2.609069347 -10.744971275 1.858365059 0.588156164 0.025134485 -0.182430491 0.787502170
1403638210395097088.000000 2.562886953 -10.719951630 1.845480919 0.588105142 0.024021771 -0.182004064 0.787673771
1403638210445096960.000000 2.511272430 -10.682182312 1.826651573 0.587841570 0.024095351 -0.182516158 0.787749708
1403638210495097088.000000 2.458225250 -10.642097473 1.808431625 0.588318944 0.023915296 -0.180666670 0.787825167
1403638210545096960.000000 2.393977880 -10.595045090 1.784162521 0.588210642 0.023505090 -0.180823550 0.787882388
1403638210595097088.000000 2.338713169 -10.551807404 1.766876221 0.588013053 0.024242137 -0.180394322 0.788105905
1403638210645096960.000000 2.280908346 -10.509899139 1.750523090 0.588339269 0.024866933 -0.178956434 0.788170815
1403638210695097088.000000 2.224205017 -10.463978767 1.733711720 0.588655591 0.023826262 -0.177105084 0.788384914
1403638210745096960.000000 2.168568611 -10.417582512 1.717115402 0.588514984 0.024292730 -0.177069575 0.788483560
1403638210795097088.000000 2.112045527 -10.367762566 1.700668812 0.588438570 0.023951864 -0.176841468 0.788602233
1403638210845096960.000000 2.059313536 -10.315437317 1.682363033 0.588155389 0.022213301 -0.177378699 0.788743734
1403638210895097088.000000 2.008095980 -10.262174606 1.663719654 0.588282108 0.018786868 -0.177527249 0.788704932
1403638210945096960.000000 1.957171440 -10.207823753 1.647305965 0.587385714 0.015994430 -0.180193275 0.788829923
1403638210995097088.000000 1.909698963 -10.151100159 1.628196716 0.587350786 0.012904546 -0.180750296 0.788785100
1403638211045096960.000000 1.862941504 -10.093052864 1.610482693 0.587217391 0.010219784 -0.181717724 0.788701534
1403638211095097088.000000 1.820440531 -10.034711838 1.590598106 0.586843908 0.007840781 -0.183059052 0.788696587
1403638211145096960.000000 1.780669212 -9.975717545 1.571067810 0.586665154 0.005465673 -0.184115916 0.788603544
1403638211195097088.000000 1.739225626 -9.915532112 1.553492546 0.586851001 0.002471287 -0.184107214 0.788482428
1403638211245096960.000000 1.703023195 -9.856267929 1.534074783 0.586539388 0.001687647 -0.185059756 0.788493216
1403638211295097088.000000 1.669422626 -9.796716690 1.515140533 0.585772812 0.001237849 -0.185552225 0.788948059
1403638211345096960.000000 1.633920670 -9.736967087 1.499107838 0.584024191 0.000396138 -0.185271621 0.790310085
1403638211395097088.000000 1.601530313 -9.675918579 1.481546879 0.580862761 0.001071705 -0.184200823 0.792885542
1403638211445096960.000000 1.567973852 -9.615481377 1.465065002 0.576587558 -0.000293470 -0.182857305 0.796310246
1403638211495097088.000000 1.530313253 -9.552098274 1.453038216 0.571522057 -0.000324765 -0.180860206 0.800407410
1403638211545096960.000000 1.495107412 -9.489057541 1.438441277 0.565615356 -0.000995430 -0.178394333 0.805142045
1403638211595097088.000000 1.458997011 -9.426271439 1.425150871 0.559235513 -0.001814365 -0.173792511 0.810585320
1403638211645096960.000000 1.418097615 -9.360196114 1.417398453 0.552061141 -0.002249872 -0.168883488 0.816518128
1403638211695097088.000000 1.379583836 -9.294729233 1.406588078 0.543398499 -0.002235614 -0.163407966 0.823414207
1403638211745096960.000000 1.340700865 -9.230200768 1.398238182 0.533667743 -0.004134905 -0.158733666 0.830653548
1403638211795097088.000000 1.297951460 -9.161130905 1.393996239 0.523180127 -0.005859928 -0.152679458 0.838413537
1403638211845096960.000000 1.260039687 -9.094123840 1.386615276 0.512730479 -0.009063002 -0.145723879 0.846043706
1403638211895097088.000000 1.224174976 -9.026808739 1.380184174 0.501688182 -0.010045866 -0.139805108 0.853617430
1403638211945096960.000000 1.186693192 -8.956419945 1.379171848 0.490137994 -0.010542353 -0.134783253 0.861096442
1403638211995097088.000000 1.155967951 -8.887202263 1.374291420 0.478580356 -0.011282987 -0.130166680 0.868268490
1403638212045096960.000000 1.123867273 -8.815682411 1.372835398 0.467359513 -0.011415911 -0.125440747 0.875048220
1403638212095097088.000000 1.097154140 -8.744519234 1.369324684 0.455354571 -0.010296443 -0.122570865 0.881772459
1403638212145096960.000000 1.073841572 -8.671257019 1.363615513 0.443499684 -0.008961156 -0.120024584 0.888156474
1403638212195097088.000000 1.048056841 -8.599823952 1.368859291 0.431301892 -0.006798084 -0.117989995 0.894433320
1403638212245096960.000000 1.028081298 -8.524968147 1.365386486 0.419204861 -0.006204074 -0.114589699 0.900609851
1403638212295097088.000000 1.010984421 -8.448711395 1.360932589 0.407495916 -0.005011023 -0.111200564 0.906397521
1403638212345096960.000000 0.993273079 -8.375057220 1.363838673 0.395755053 -0.005382230 -0.108351462 0.911926031
1403638212395097088.000000 0.980228841 -8.297738075 1.359440565 0.383368611 -0.002723423 -0.106105767 0.917476237
1403638212445096960.000000 0.969088614 -8.219633102 1.354690671 0.371421367 -0.002939478 -0.102940798 0.922735453
1403638212495097088.000000 0.958525658 -8.144554138 1.358487129 0.360211521 -0.001221864 -0.097628117 0.927747250
1403638212545096960.000000 0.950845599 -8.063514709 1.352093101 0.349044144 -0.001971091 -0.092134684 0.932564020
1403638212595097088.000000 0.944410205 -7.976651669 1.336486459 0.336783081 -0.001457523 -0.089042716 0.937361479
1403638212645096960.000000 0.939758778 -7.905989647 1.349868417 0.325480789 -0.002907628 -0.082997650 0.941894472
1403638212695097088.000000 0.936371803 -7.821893215 1.341623068 0.313137621 -0.002935239 -0.079468533 0.946372569
1403638212745096960.000000 0.934892654 -7.736616135 1.332324147 0.299795508 -0.003720194 -0.077601030 0.950834870
1403638212795097088.000000 0.937512517 -7.660149097 1.337069273 0.287407219 -0.002328572 -0.072178759 0.955082178
1403638212845096960.000000 0.937825441 -7.573229790 1.326738834 0.274227113 -0.002508675 -0.067677431 0.959277332
1403638212895097088.000000 0.938763022 -7.485549927 1.315824628 0.261305869 -0.003511022 -0.061407179 0.963294446
1403638212945096960.000000 0.946398854 -7.407637596 1.321646810 0.247345254 -0.003218757 -0.056844965 0.967253208
1403638212995097088.000000 0.949659824 -7.318066597 1.310079217 0.232919559 -0.004546489 -0.052264962 0.971079946
1403638213045096960.000000 0.949164152 -7.216495514 1.281203389 0.218326837 -0.003729295 -0.046649847 0.974752963
1403638213095097088.000000 0.967711985 -7.149875641 1.305351257 0.204162151 -0.005126343 -0.040507670 0.978085220
1403638213145096960.000000 0.972783685 -7.059252262 1.293582678 0.190069333 -0.006973184 -0.033072591 0.981188715
1403638213195097088.000000 0.976398408 -6.967709541 1.282142282 0.175897762 -0.010877891 -0.025821349 0.984009624
1403638213245096960.000000 0.978574455 -6.882669449 1.272805452 -0.162246436 0.016695607 0.017395042 -0.986455679
1403638213295097088.000000 0.990698099 -6.798749924 1.290819883 0.148877263 -0.022647165 -0.007934958 0.988564491
1403638213345096960.000000 0.989618719 -6.707262039 1.282535911 0.135474950 -0.029220667 0.001608650 0.990348518
1403638213395097088.000000 0.978746593 -6.614039898 1.251363993 -0.122143619 0.033627879 -0.011573471 -0.991875052
1403638213445096960.000000 0.926267445 -6.443623543 1.061622262 0.113384850 -0.038879063 0.016552327 0.992652237
1403638213495097088.000000 0.924398541 -6.348790646 1.058782220 0.100390695 -0.040260285 0.026180828 0.993788421
1403638213545096960.000000 0.996407866 -6.339832783 1.308354139 0.083724901 -0.040442694 0.038302209 0.994930923
1403638213595097088.000000 0.993825018 -6.240378857 1.309514761 0.070596337 -0.034556624 0.038801387 0.996150792
1403638213645096960.000000 1.036055923 -6.148966312 1.115499854 0.058158543 -0.030085176 0.032639880 0.997319996
1403638213695097088.000000 1.036855936 -6.047440052 1.118360877 0.047856960 -0.020912994 0.028518906 0.998227954
1403638213745096960.000000 1.039811969 -5.945488930 1.122447968 -0.038887933 0.012951735 -0.022997502 -0.998894989
1403638213795097088.000000 1.092419744 -5.878805637 1.099152803 0.031715512 -0.008445873 0.020924741 0.999242246
1403638213845096960.000000 1.097302079 -5.775908947 1.101460099 0.026021695 -0.004729453 0.016781125 0.999509335
1403638213895097088.000000 1.104842186 -5.677220821 1.106043220 -0.022648258 0.002583873 -0.015219424 -0.999624312
1403638213945096960.000000 1.119462848 -5.568723202 1.159124255 0.019102313 -0.003599182 0.010334535 0.999757707
1403638213995097088.000000 1.128063440 -5.468263149 1.159762859 0.018714802 -0.004125192 0.011049263 0.999755323
1403638214045096960.000000 1.064875603 -5.347937584 1.416120648 0.018002748 -0.002527143 0.010677185 0.999777794
1403638214095097088.000000 1.074921370 -5.248344421 1.416240096 0.017729539 -0.008399787 0.008927039 0.999767721
1403638214145096960.000000 1.086537957 -5.149115562 1.418293118 -0.018432826 0.013591407 -0.008270718 -0.999703586
1403638214195097088.000000 1.107577682 -5.054152489 1.442733288 0.019585563 -0.020620899 0.006944327 0.999571443
1403638214245096960.000000 1.120009899 -4.956305981 1.444422007 0.020899117 -0.025166528 0.005792180 0.999448061
1403638214295097088.000000 1.132513165 -4.859349251 1.448331118 -0.022587692 0.029811759 -0.005180894 -0.999286830
1403638214345096960.000000 1.217264533 -4.765714169 1.240178823 0.024746360 -0.037909258 0.003548239 0.998968422
1403638214395097088.000000 1.226846814 -4.669399738 1.246596575 0.026293084 -0.040231477 0.001867362 0.998842657
1403638214445096960.000000 1.237285495 -4.579291344 1.257590532 -0.028108861 0.040307093 -0.000394428 -0.998791873
1403638214495097088.000000 1.260055661 -4.488963127 1.293161631 0.029384762 -0.037292227 -0.000698306 0.998872042
1403638214545096960.000000 1.268171310 -4.396863937 1.304982662 0.031024888 -0.031528164 -0.001653632 0.999019921
1403638214595097088.000000 1.275305629 -4.305262566 1.318045855 0.032417916 -0.025736045 -0.003013001 0.999138474
1403638214645096960.000000 1.212900162 -4.205684185 1.594572902 0.034352280 -0.015013850 -0.002848930 0.999293029
1403638214695097088.000000 1.217791200 -4.114250660 1.610953927 0.035861429 -0.009094615 -0.003896068 0.999307871
1403638214745096960.000000 1.221502066 -4.023380756 1.627263188 0.037446927 -0.003532276 -0.004714058 0.999281287
1403638214795097088.000000 1.306829214 -3.931614876 1.425185442 0.039189283 -0.004984447 -0.005545452 0.999204040
1403638214845096960.000000 1.307702065 -3.843696594 1.442301273 0.040529385 -0.001532982 -0.006486006 0.999156117
1403638214895097088.000000 1.312280059 -3.758069038 1.466208220 0.041555487 0.000442126 -0.006928186 0.999112129
1403638214945096960.000000 1.310039163 -3.671228170 1.484265804 0.042470537 0.002873098 -0.007560660 0.999064982
1403638214995097088.000000 1.305993199 -3.587396860 1.503371716 -0.043300662 -0.003753382 0.007830162 -0.999024391
1403638215045096960.000000 1.303004861 -3.489382744 1.537639260 0.044253454 0.004136199 -0.007764293 0.998981655
1403638215095097088.000000 1.296442270 -3.405683279 1.555258989 0.044385485 0.004066356 -0.009454067 0.998961508
1403638215145096960.000000 1.288616538 -3.322662592 1.572195530 0.044734102 0.004049337 -0.009651710 0.998944104
1403638215195097088.000000 1.281548500 -3.222206593 1.611979842 0.045079380 0.002177669 -0.010072368 0.998930275
1403638215245096960.000000 1.272205591 -3.139999866 1.628587127 0.044494752 0.000840260 -0.011576366 0.998942256
1403638215295097088.000000 1.262623549 -3.059921741 1.647207618 -0.043496601 0.000777591 0.014264936 -0.998951435
1403638215345096960.000000 1.255669355 -2.997689486 1.669937134 0.042085554 -0.001695281 -0.016588792 0.998974919
1403638215395097088.000000 1.245943666 -2.918984175 1.686397076 0.040987134 -0.001517668 -0.019181434 0.998974383
1403638215445096960.000000 1.238164186 -2.841529369 1.701851487 0.039794005 -0.000316140 -0.022778386 0.998948157
1403638215495097088.000000 1.232385635 -2.715305090 1.739130020 0.040546719 -0.000506001 -0.022967640 0.998913586
1403638215545096960.000000 1.228289604 -2.640774250 1.752316356 0.040270023 -0.000517818 -0.023176813 0.998919904
1403638215595097088.000000 1.226091981 -2.567566395 1.764070272 0.039728560 0.001941809 -0.024427777 0.998910069
1403638215645096960.000000 1.227958798 -2.542780399 1.783922791 0.039352451 0.002978392 -0.023446690 0.998945892
1403638215695097088.000000 1.228285074 -2.473290205 1.793923736 0.039857503 0.003100763 -0.021560468 0.998967946
1403638215745096960.000000 1.227825284 -2.359513283 1.801657081 -0.041962944 -0.003889405 0.017886668 -0.998951495
1403638215795097088.000000 1.236305594 -2.273148060 1.836392403 0.040555969 0.003561610 -0.015831931 0.999045551
1403638215845096960.000000 1.234712005 -2.206331253 1.845567107 0.038750295 0.003329290 -0.012485965 0.999165356
1403638215895097088.000000 1.225410819 -2.202361584 1.837486029 -0.035422720 -0.003825599 0.012777128 -0.999283433
1403638215945096960.000000 1.220842719 -2.121308565 1.874181986 0.033267781 0.003884377 -0.011161487 0.999376595
1403638215995097088.000000 1.215010285 -2.056289434 1.882644653 0.031402569 0.004038556 -0.009756328 0.999451101
1403638216045096960.000000 1.207884312 -1.991871595 1.890652537 0.029569147 0.004088810 -0.008808903 0.999515593
1403638216095097088.000000 1.193395019 -1.856237411 1.915399432 0.028453268 0.004950671 -0.008769947 0.999544442
1403638216145096960.000000 1.186916590 -1.794367075 1.922916174 0.027002595 0.004612528 -0.008120699 0.999591768
1403638216195097088.000000 1.181794643 -1.733408928 1.928949833 0.025338814 0.005132259 -0.008989009 0.999625385
1403638216245096960.000000 1.185190201 -1.660242319 1.944301605 0.024329038 0.006307824 -0.009115889 0.999642551
1403638216295097088.000000 1.182498336 -1.601139545 1.948205590 0.022985745 0.006607755 -0.009537749 0.999668479
1403638216345096960.000000 1.180661201 -1.542654753 1.953056931 -0.022050794 -0.008061932 0.009941493 -0.999674916
1403638216395097088.000000 1.182011127 -1.481243014 1.964353919 0.021138653 0.009235675 -0.010233859 0.999681592
1403638216445096960.000000 1.182745099 -1.425388098 1.965146780 0.020378159 0.010187583 -0.010324689 0.999687195
1403638216495097088.000000 1.183476090 -1.370801806 1.964819074 0.020101020 0.010280195 -0.010189901 0.999693215
1403638216545096960.000000 1.183903098 -1.308719754 1.976359010 0.019556195 0.009690726 -0.010723865 0.999704301
1403638216595097088.000000 1.181426764 -1.256229877 1.976134777 0.018613566 0.009189916 -0.011996985 0.999712586
1403638216645096960.000000 1.176633954 -1.204728365 1.975740194 0.017433612 0.007614474 -0.014031847 0.999720633
1403638216695097088.000000 1.184181929 -1.129894495 1.981649637 0.017427528 0.005768092 -0.014937743 0.999719977
1403638216745096960.000000 1.175662041 -1.079905272 1.982069731 0.016785784 0.005073887 -0.016960377 0.999702454
1403638216795097088.000000 1.166471362 -1.031141400 1.982258797 0.015349079 0.007555334 -0.018130012 0.999689281
1403638216845096960.000000 1.154501557 -0.974498928 1.993286014 0.012797633 0.011270254 -0.017869014 0.999694884
1403638216895097088.000000 1.143229842 -0.928036392 1.992873549 0.009253634 0.014011687 -0.016826456 0.999717414
1403638216945096960.000000 1.131072760 -0.882562041 1.991605639 0.004855814 0.015174736 -0.014453084 0.999768674
1403638216995097088.000000 1.122010112 -0.827675283 1.994451165 0.000358372 0.014912171 -0.010163250 0.999837101
1403638217045096960.000000 1.107420683 -0.783934891 1.992611408 -0.005322137 0.013439324 -0.005106985 0.999882519
1403638217095097088.000000 1.091731906 -0.741188169 1.989635229 -0.011958028 0.011044143 -0.000622482 0.999867380
1403638217145096960.000000 1.073610187 -0.693583965 1.988841653 -0.019169286 0.008542193 0.003923793 0.999772072
1403638217195097088.000000 1.056722283 -0.652226090 1.985009909 -0.025789602 0.006654404 0.007428593 0.999617696
1403638217245096960.000000 1.040027618 -0.611893773 1.980713964 -0.032041818 0.004700330 0.008926963 0.999435604
1403638217295097088.000000 1.023094058 -0.557600141 1.978043675 -0.036595892 0.003301866 0.011235732 0.999261558
1403638217345096960.000000 1.009841919 -0.519249201 1.971704721 -0.041309111 0.002321474 0.011832280 0.999073744
1403638217395097088.000000 1.002631187 -0.513974249 1.956179500 0.045178477 -0.001078007 -0.012992949 -0.998893917
1403638217445096960.000000 0.987822771 -0.437752426 1.964922667 -0.047972880 -0.000038019 0.013831113 0.998752892
1403638217495097088.000000 0.980847001 -0.402039915 1.954836726 -0.051113781 -0.000815181 0.012626986 0.998612761
1403638217545096960.000000 0.976135671 -0.367144346 1.943831086 -0.054326124 -0.001769984 0.010272436 0.998468876
1403638217595097088.000000 0.971878648 -0.325661659 1.943188667 -0.056446735 -0.002778654 0.008084604 0.998369038
1403638217645096960.000000 0.970633745 -0.292961061 1.931419730 -0.058830637 -0.003179395 0.003861120 0.998255432
1403638217695097088.000000 0.971259236 -0.261662871 1.918764949 -0.061223421 -0.003317620 -0.000173000 0.998118639
1403638217745096960.000000 0.968322933 -0.250270635 1.937938213 -0.062917769 -0.003869222 -0.004154712 0.998002589
1403638217795097088.000000 0.971446693 -0.222620577 1.922807097 -0.064089686 -0.005061272 -0.007720732 0.997901440
1403638217845096960.000000 0.975748241 -0.197183162 1.907057285 -0.065054305 -0.006285705 -0.010554491 0.997806132
1403638217895097088.000000 0.987029731 -0.140262946 1.882409453 -0.064368166 -0.006516463 -0.011051525 0.997843802
1403638217945096960.000000 0.991091847 -0.118854083 1.867773414 -0.064894147 -0.004369880 -0.014097233 0.997783065
1403638217995097088.000000 0.993498445 -0.099585652 1.853724003 -0.063753277 -0.002238819 -0.013770269 0.997868240
1403638218045096960.000000 0.997004569 -0.074266687 1.854019880 -0.063227475 -0.000955915 -0.014964732 0.997886539
1403638218095097088.000000 0.996381879 -0.058240715 1.841718435 -0.062808938 0.000438479 -0.015531709 0.997904658
1403638218145096960.000000 0.994252443 -0.044301409 1.829676032 -0.061534852 0.001958403 -0.014103175 0.998003423
1403638218195097088.000000 0.994328499 -0.025874071 1.831143856 -0.060669027 0.003634960 -0.014314396 0.998048723
1403638218245096960.000000 0.989665210 -0.015707918 1.819665432 -0.059519969 0.006919578 -0.014258410 0.998101354
1403638218295097088.000000 0.984022439 -0.007391608 1.807992578 -0.058200508 0.010389863 -0.013881013 0.998154342
1403638218345096960.000000 0.978129864 -0.000949449 1.799678087 0.056052592 -0.013730093 0.010864939 -0.998274267
1403638218395097088.000000 0.972942650 0.003291000 1.787291765 0.054023437 -0.014489090 0.008273039 -0.998400271
1403638218445096960.000000 0.968862116 0.005697508 1.772775173 0.052214723 -0.014710334 0.005849034 -0.998510480
1403638218495097088.000000 0.966765285 0.006597931 1.757361412 0.050883126 -0.014413100 0.003758531 -0.998593628
1403638218545096960.000000 0.966409564 0.005880970 1.740057826 0.050436907 -0.013537991 0.003835908 -0.998628139
1403638218595097088.000000 0.967385530 0.003721336 1.720842361 0.049512576 -0.012805799 0.002290652 -0.998688817
1403638218645096960.000000 0.968778610 0.000544954 1.700386882 0.048890281 -0.010368464 0.001461940 -0.998749256
1403638218695097088.000000 0.986007750 0.019752093 1.722362876 -0.048348464 0.005769627 0.000367956 0.998813808
1403638218745096960.000000 0.968896210 -0.007414824 1.657698393 0.051513612 -0.001999429 -0.000918251 -0.998669863
1403638218795097088.000000 0.967488170 -0.012146629 1.636529326 0.055036683 0.001844836 -0.002835237 -0.998478651
1403638218845096960.000000 0.965139687 -0.017528240 1.616286993 0.059340190 0.004746391 -0.004060784 -0.998218298
1403638218895097088.000000 0.961229682 -0.023758436 1.596824408 0.062904529 0.006174633 -0.006927348 -0.997976422
1403638218945096960.000000 0.951592445 -0.033616770 1.569422483 0.063548543 0.006725261 -0.015621432 -0.997833788
1403638218995097088.000000 0.945059955 -0.038393524 1.551128387 0.063880570 0.006311161 -0.024607407 -0.997634232
1403638219045096960.000000 0.953936398 -0.022410477 1.574486732 -0.063720606 -0.005601392 0.032676324 0.997417033
1403638219095097088.000000 0.945445836 -0.028950693 1.555025935 -0.064444661 -0.003575675 0.038749609 0.997162282
1403638219145096960.000000 0.958879471 -0.016342418 1.599913716 0.065674499 0.003011265 -0.040510159 -0.997013927
1403638219195097088.000000 0.952124298 -0.020431641 1.588717937 0.068011798 0.000417665 -0.038554754 -0.996939242
1403638219245096960.000000 0.945219338 -0.023839869 1.577345610 0.071001381 -0.004096332 -0.034343716 -0.996876419
1403638219295097088.000000 0.937256098 -0.026973648 1.566082597 0.073438697 -0.009298589 -0.031322695 -0.996764362
1403638219345096960.000000 0.928838849 -0.030471418 1.554958940 0.075773068 -0.014825787 -0.027037991 -0.996648252
1403638219395097088.000000 0.920715630 -0.034097046 1.543062925 0.076808028 -0.022089345 -0.025802027 -0.996467233
1403638219445096960.000000 0.913506925 -0.037933640 1.530408740 0.078101665 -0.027653771 -0.023268294 -0.996290147
1403638219495097088.000000 0.906921029 -0.042142317 1.516394734 0.078670591 -0.030840430 -0.021869184 -0.996183574
1403638219545096960.000000 0.900750279 -0.046916842 1.501056075 0.078601517 -0.031074176 -0.022438686 -0.996169090
1403638219595097088.000000 0.895373821 -0.052733127 1.484351993 0.077814288 -0.029602710 -0.024455747 -0.996228218
1403638219645096960.000000 0.890518129 -0.058911815 1.466335058 0.076879635 -0.026935192 -0.026508052 -0.996323943
1403638219695097088.000000 0.885263741 -0.065820992 1.446733832 0.075214818 -0.025248401 -0.030499091 -0.996381044
1403638219745096960.000000 0.878285229 -0.072703660 1.426081300 0.073970549 -0.021949699 -0.033584528 -0.996453106
1403638219795097088.000000 0.870406866 -0.078939676 1.404667139 0.072103135 -0.019195354 -0.038389936 -0.996473253
1403638219845096960.000000 0.860839009 -0.084765404 1.382480145 0.070244461 -0.015787136 -0.043240804 -0.996467173
1403638219895097088.000000 0.849648952 -0.090452649 1.359322906 0.068491928 -0.013593570 -0.047879513 -0.996409416
1403638219945096960.000000 0.837035418 -0.094716266 1.336491704 0.066998489 -0.011132323 -0.052310385 -0.996318758
1403638219995097088.000000 0.823117137 -0.097362675 1.312533140 0.065558642 -0.008832564 -0.055933759 -0.996240675
1403638220045096960.000000 0.807040572 -0.098908387 1.287894249 0.064952739 -0.006437097 -0.057936583 -0.996184349
1403638220095097088.000000 0.790620804 -0.098963082 1.263360977 0.064798482 -0.004665914 -0.058255441 -0.996185660
1403638220145096960.000000 0.775053680 -0.097133562 1.237925529 0.065941684 -0.002774801 -0.055099018 -0.996297240
1403638220195097088.000000 0.761302412 -0.094063058 1.211499691 0.068407409 -0.001391465 -0.048932314 -0.996455848
1403638220245096960.000000 0.750000179 -0.089719288 1.183961391 0.071960233 -0.000459233 -0.039455738 -0.996626735
1403638220295097088.000000 0.739670157 -0.085216463 1.155532837 0.074925952 0.001838738 -0.031558707 -0.996687889
1403638220345096960.000000 0.730447054 -0.080469921 1.126217127 0.077000007 0.002099178 -0.025669206 -0.996698380
1403638220395097088.000000 0.722968221 -0.076153986 1.095032811 0.078866467 0.002485350 -0.021781735 -0.996644139
1403638220445096960.000000 0.716788232 -0.072106488 1.062660813 0.079425722 0.002962271 -0.020123927 -0.996633291
1403638220495097088.000000 0.712206185 -0.068356737 1.029344320 0.080446862 0.002853529 -0.017977750 -0.996592700
1403638220545096960.000000 0.709284604 -0.065215468 0.996529579 0.080485731 0.002116996 -0.018731771 -0.996577561
1403638220595097088.000000 0.705375195 -0.061931156 0.964427233 0.081414759 0.001934489 -0.017904442 -0.996517658
1403638220645096960.000000 0.700035393 -0.059617050 0.932963789 0.082042195 0.001738478 -0.018190814 -0.996461391
1403638220695097088.000000 0.694287837 -0.058227215 0.902846277 0.082718715 0.001341575 -0.018089490 -0.996407926
1403638220745096960.000000 0.686372578 -0.056549761 0.872875392 0.083124913 0.001776968 -0.019311471 -0.996350467
1403638220795097088.000000 0.677747309 -0.055630118 0.843097627 0.083367296 0.001883787 -0.020135444 -0.996313632
1403638220845096960.000000 0.666701317 -0.055079829 0.814447582 0.083552986 0.001153368 -0.021277491 -0.996275485
1403638220895097088.000000 0.654844165 -0.055280771 0.787264287 0.084336877 0.001894104 -0.021079959 -0.996212482
1403638220945096960.000000 0.640564740 -0.056729984 0.761011183 0.084423788 0.002637115 -0.022914024 -0.996162951
1403638220995097088.000000 0.624906838 -0.057858758 0.735589147 0.084723286 0.003510050 -0.023074398 -0.996131122
1403638221045096960.000000 0.608407915 -0.058988743 0.711174548 0.084977686 0.003786424 -0.023185715 -0.996105909
1403638221095097088.000000 0.591750443 -0.060112558 0.687419653 0.085486673 0.004373600 -0.023710793 -0.996047616
1403638221145096960.000000 0.575747728 -0.062183578 0.663483500 0.086012647 0.005366086 -0.023484325 -0.996002853
1403638221195097088.000000 0.561106086 -0.063793361 0.639251649 0.086039454 0.006816874 -0.024162717 -0.995975375
1403638221245096960.000000 0.547967792 -0.065418571 0.615377426 0.086126298 0.007984223 -0.024621449 -0.995948017
1403638221295097088.000000 0.536445856 -0.067520447 0.592565954 0.085737742 0.009393281 -0.026225198 -0.995928288
1403638221345096960.000000 0.528152406 -0.069665708 0.567898214 0.085704938 0.010757250 -0.027220549 -0.995890617
1403638221395097088.000000 0.519971132 -0.072098404 0.545052886 0.085324466 0.011577950 -0.029316934 -0.995854557
1403638221445096960.000000 0.512633741 -0.075180709 0.523466647 0.085059419 0.012066582 -0.030783040 -0.995827138
1403638221495097088.000000 0.504500389 -0.078067116 0.502200305 0.084719703 0.012260444 -0.032265283 -0.995806813
1403638221545096960.000000 0.495342165 -0.079945549 0.481751114 0.084393002 0.012148098 -0.033773623 -0.995785952
1403638221595097088.000000 0.484936923 -0.081220359 0.463272899 0.084616475 0.011111167 -0.034849804 -0.995742023
1403638221645096960.000000 0.474062383 -0.082546219 0.445656925 0.084645219 0.010368940 -0.034698155 -0.995752811
1403638221695097088.000000 0.462902129 -0.085017584 0.428618103 0.084316656 0.008160897 -0.035836965 -0.995760977
1403638221745096960.000000 0.452458948 -0.087078981 0.411905289 0.083994150 0.005971442 -0.037327398 -0.995748997
1403638221795097088.000000 0.442550659 -0.088112511 0.395751953 0.083178565 0.004567754 -0.038326740 -0.995786905
1403638221845096960.000000 0.433675021 -0.089990832 0.379299551 0.083206408 0.004079212 -0.037706714 -0.995810390
1403638221895097088.000000 0.426971108 -0.091222756 0.360537112 0.083646841 0.002397885 -0.035681058 -0.995853662
1403638221945096960.000000 0.422325373 -0.091556594 0.341296673 0.084374897 0.001421357 -0.032702129 -0.995896339
1403638221995097088.000000 0.418996394 -0.091979958 0.323005408 0.084842809 0.001031965 -0.030732397 -0.995919824
1403638222045096960.000000 0.418431789 -0.091373742 0.302440405 0.085570984 0.001751667 -0.028715050 -0.995916665
1403638222095097088.000000 0.416907579 -0.092346817 0.281642914 0.086177960 0.003862988 -0.026726102 -0.995913804
1403638222145096960.000000 0.414251387 -0.093356438 0.260620475 0.086232908 0.007246952 -0.026697515 -0.995890915
1403638222195097088.000000 0.410905600 -0.094424501 0.239822164 0.086550765 0.010609152 -0.026279751 -0.995844305
1403638222245096960.000000 0.405715853 -0.096161336 0.220926493 0.086507015 0.013789082 -0.026981415 -0.995790362
1403638222295097088.000000 0.399270087 -0.098386705 0.202564716 0.086569063 0.016776310 -0.027523398 -0.995724320
1403638222345096960.000000 0.392824769 -0.100244693 0.184602693 0.086311899 0.019821675 -0.027923424 -0.995679557
1403638222395097088.000000 0.385689825 -0.101735845 0.168274552 0.086421914 0.022096969 -0.028492184 -0.995605946
1403638222445096960.000000 0.376783788 -0.103764907 0.153384686 0.086256288 0.024759801 -0.028582130 -0.995555103
1403638222495097088.000000 0.368447900 -0.105329297 0.140474379 0.086218528 0.026196538 -0.028515769 -0.995523453
1403638222545096960.000000 0.358655602 -0.106991097 0.128298968 0.086038992 0.024074432 -0.028872000 -0.995582342
1403638222595097088.000000 0.349329650 -0.108729422 0.117023923 0.085976124 0.019513411 -0.028379481 -0.995701790
1403638222645096960.000000 0.339890033 -0.110250115 0.107385851 0.085579902 0.014115376 -0.029407619 -0.995797217
1403638222695097088.000000 0.329693019 -0.111885719 0.098322697 0.085377827 0.010179268 -0.029824313 -0.995850146
1403638222745096960.000000 0.318874329 -0.112869032 0.089571968 0.085749619 0.007713353 -0.029038588 -0.995863616
1403638222795097088.000000 0.306991577 -0.115513563 0.081689052 0.085704818 0.006036812 -0.029070890 -0.995878100
1403638222845096960.000000 0.295632303 -0.117180578 0.073960729 0.085913688 0.003208627 -0.028322125 -0.995894790
1403638222895097088.000000 0.284821987 -0.118792810 0.066389918 0.085934758 -0.003667581 -0.027546410 -0.995913208
1403638222945096960.000000 0.273019820 -0.121354848 0.057455070 0.085451767 -0.009918063 -0.028166013 -0.995894790
1403638222995097088.000000 0.260553509 -0.124159850 0.049283039 0.085101634 -0.011698176 -0.028420126 -0.995898247
1403638223045096960.000000 0.249009058 -0.127248928 0.039687265 0.084879361 -0.010662343 -0.028447494 -0.995928049
1403638223095097088.000000 0.238844171 -0.130028665 0.028666109 0.085124142 -0.007003871 -0.027875992 -0.995955706
1403638223145096960.000000 0.229775488 -0.133103430 0.015879687 0.085447885 -0.000554875 -0.027718870 -0.995956838
1403638223195097088.000000 0.221790731 -0.136876658 0.002935283 0.084646329 0.008893468 -0.030428272 -0.995906651
1403638223245096960.000000 0.213316366 -0.141227961 -0.009858546 0.083499588 0.017341407 -0.034649309 -0.995754302
1403638223295097088.000000 0.206300691 -0.143912554 -0.022758817 0.082701996 0.022751469 -0.036763351 -0.995636106
1403638223345096960.000000 0.199979007 -0.146507412 -0.033602782 0.082467169 0.021606613 -0.038171358 -0.995628119
1403638223395097088.000000 0.194419265 -0.148358479 -0.042550515 0.081666626 0.019672478 -0.040598404 -0.995638192
1403638223445096960.000000 0.188035235 -0.149633914 -0.052039362 0.079717435 0.015911261 -0.045981850 -0.995629311
1403638223495097088.000000 0.181939006 -0.150779203 -0.060614534 0.077301271 0.011590453 -0.052611716 -0.995551229
1403638223545096960.000000 0.175347060 -0.150040671 -0.067577034 0.076153070 0.008750768 -0.056151163 -0.995475352
1403638223595097088.000000 0.167682782 -0.148020029 -0.074505270 0.076894224 0.007386160 -0.054101497 -0.995543003
1403638223645096960.000000 0.161347449 -0.145066455 -0.081706375 0.079284862 0.006295975 -0.048036601 -0.995674074
1403638223695097088.000000 0.153418645 -0.141719535 -0.088036053 0.081506915 0.006180005 -0.041998401 -0.995768368
1403638223745096960.000000 0.147058338 -0.137693271 -0.094170325 0.084122956 0.006532886 -0.034871183 -0.995823622
1403638223795097088.000000 0.139273241 -0.132291183 -0.101057276 0.086087652 0.007518291 -0.029993445 -0.995807648
1403638223845096960.000000 0.130858481 -0.127848953 -0.106402166 0.087197900 0.007872871 -0.026223782 -0.995814741
1403638223895097088.000000 0.122269727 -0.124260820 -0.111321963 0.088111080 0.008389939 -0.023602666 -0.995795667
1403638223945096960.000000 0.113895364 -0.121680573 -0.115421526 0.089244232 0.008063068 -0.020280888 -0.995770693
1403638223995097088.000000 0.104339428 -0.118760020 -0.118551537 0.089612670 0.008920391 -0.019252686 -0.995750666
1403638224045096960.000000 0.094404362 -0.117234625 -0.123078547 0.089837745 0.011867032 -0.018581418 -0.995712399
1403638224095097088.000000 0.084301315 -0.115708664 -0.126924410 0.089269072 0.016056824 -0.019743983 -0.995682359
1403638224145096960.000000 0.073601447 -0.114247389 -0.130713254 0.088734269 0.021996731 -0.020781580 -0.995595634
1403638224195097088.000000 0.063294806 -0.114811718 -0.132738769 0.088448718 0.027480325 -0.022038344 -0.995457649
1403638224245096960.000000 0.055038244 -0.115744263 -0.134743840 0.088131413 0.028232597 -0.022685913 -0.995450258
1403638224295097088.000000 0.047822647 -0.115027331 -0.134694144 0.087986603 0.026403597 -0.022661643 -0.995513797
1403638224345096960.000000 0.042700063 -0.116339266 -0.133276537 0.087927178 0.020697208 -0.022971798 -0.995646954
1403638224395097088.000000 0.035130262 -0.118037537 -0.133801803 0.087106280 0.015637729 -0.026438951 -0.995725334
1403638224445096960.000000 0.028061148 -0.120005973 -0.133035883 0.085441880 0.010076357 -0.030853285 -0.995814443
1403638224495097088.000000 0.020740885 -0.121529058 -0.134115547 0.084722236 0.002591949 -0.032447193 -0.995872796
1403638224545096960.000000 0.015529338 -0.123368785 -0.136175051 0.085203193 -0.002511703 -0.031130088 -0.995874047
1403638224595097088.000000 0.009683202 -0.124788746 -0.135913432 0.085215576 -0.003172640 -0.030403329 -0.995893538
1403638224645096960.000000 0.002573427 -0.125779122 -0.135009065 0.085718922 0.001426483 -0.029096961 -0.995893419
1403638224695097088.000000 -0.005725958 -0.129073501 -0.135281757 0.085669391 0.009815834 -0.029359492 -0.995842636
1403638224745096960.000000 -0.013625566 -0.133287132 -0.135288730 0.085797116 0.019410823 -0.029523905 -0.995685995
1403638224795097088.000000 -0.019915637 -0.138032198 -0.135347709 0.085997589 0.025368657 -0.029556552 -0.995533705
1403638224845096960.000000 -0.022481741 -0.140364856 -0.135806352 0.085512750 0.024478124 -0.030237265 -0.995577335
1403638224895097088.000000 -0.023599168 -0.144137740 -0.133183852 0.083978653 0.018774999 -0.034093052 -0.995707154
1403638224945096960.000000 -0.023992769 -0.147332147 -0.134153798 0.082087591 0.011930473 -0.038315590 -0.995816886
1403638224995097088.000000 -0.022748552 -0.150822282 -0.132317349 0.079942882 0.005066935 -0.042887677 -0.995863497
1403638225045096960.000000 -0.021573601 -0.154627234 -0.131541118 0.078715891 0.000954086 -0.044968855 -0.995881855
1403638225095097088.000000 -0.020821800 -0.155413672 -0.131037205 0.079061449 -0.001611852 -0.043302875 -0.995927513
1403638225145096960.000000 -0.019347481 -0.156689331 -0.132178769 0.080013946 -0.000705686 -0.039472558 -0.996011674
1403638225195097088.000000 -0.017710160 -0.156793356 -0.132387459 0.080903195 0.003761136 -0.036060207 -0.996062398
1403638225245096960.000000 -0.015359480 -0.157217354 -0.131171972 0.081353016 0.010278945 -0.033223633 -0.996078432
1403638225295097088.000000 -0.012456791 -0.156065926 -0.129505813 0.082021974 0.016345346 -0.031141376 -0.996009827
1403638225345096960.000000 -0.008203482 -0.156346619 -0.128764182 0.082517982 0.016692422 -0.029453281 -0.996014476
1403638225395097088.000000 -0.003535104 -0.155569926 -0.126065493 0.082672782 0.014795322 -0.028057996 -0.996071875
1403638225445096960.000000 -0.000815895 -0.155344799 -0.123843551 0.083046444 0.009437147 -0.027518146 -0.996121049
1403638225495097088.000000 0.000450904 -0.155089259 -0.123055138 0.083377965 0.000570547 -0.025875600 -0.996181846
1403638225545096960.000000 0.002576114 -0.155202866 -0.117255494 0.083879635 -0.008479031 -0.024935976 -0.996127784
1403638225595097088.000000 0.000258248 -0.155097038 -0.115621984 0.084393986 -0.017793944 -0.023468949 -0.995997131
1403638225645096960.000000 -0.004339865 -0.155305758 -0.109680839 0.084298842 -0.026131885 -0.022850307 -0.995835662
1403638225695097088.000000 -0.012021765 -0.156760290 -0.105499938 0.084556468 -0.026325069 -0.022250064 -0.995822370
1403638225745096960.000000 -0.023607789 -0.157056630 -0.104248829 0.084538743 -0.022324795 -0.021711988 -0.995933473
1403638225795097088.000000 -0.038347013 -0.161087424 -0.103470132 0.084266357 -0.014158370 -0.022807730 -0.996081650
1403638225845096960.000000 -0.052663989 -0.164765939 -0.103045307 0.084357187 -0.002855276 -0.022738904 -0.996172071
1403638225895097088.000000 -0.069837146 -0.167396754 -0.102408700 0.084387302 0.007516222 -0.022901412 -0.996141493
1403638225945096960.000000 -0.090310417 -0.170705304 -0.101038188 0.083969966 0.015034984 -0.023766754 -0.996071398
1403638225995097088.000000 -0.109624058 -0.175740331 -0.095642194 0.082842030 0.022327246 -0.027072772 -0.995944679
1403638226045096960.000000 -0.115660183 -0.181870118 -0.092867315 0.080669716 0.033045061 -0.025766106 -0.995859742
1403638226095097088.000000 -0.108004846 -0.188544318 -0.092782386 0.072784267 0.029026181 -0.046326768 -0.995848358
1403638226145096960.000000 -0.105168618 -0.193376482 -0.087497644 0.069908999 0.030835573 -0.050823644 -0.995780587
1403638226195097088.000000 -0.107288763 -0.194173172 -0.079437397 0.071667507 0.038044352 -0.043633565 -0.995747209
1403638226245096960.000000 -0.113536134 -0.197597548 -0.072328351 0.082326867 0.038269389 -0.022458097 -0.995617092
1403638226295097088.000000 -0.118087955 -0.199188173 -0.073017031 0.081104942 0.023713455 -0.035794806 -0.995780349
1403638226345096960.000000 -0.121313490 -0.202251554 -0.073552139 0.080623738 0.031192658 -0.024752155 -0.995948970
1403638226395097088.000000 -0.121361189 -0.204923451 -0.072476104 0.079542302 0.030585758 -0.023154974 -0.996093094
1403638226445096960.000000 -0.118980460 -0.204440370 -0.067931905 0.080655560 0.030822672 -0.025058897 -0.995950222
1403638226495097088.000000 -0.116737574 -0.206017554 -0.058451992 0.080290377 0.030741895 -0.025236046 -0.995977759
1403638226545096960.000000 -0.118240982 -0.204111427 -0.052456912 0.080273435 0.029696513 -0.024763523 -0.996022701
1403638226595097088.000000 -0.117547199 -0.206881344 -0.047296692 0.080780417 0.029968416 -0.024584688 -0.995977998
1403638226645096960.000000 -0.116748981 -0.205964953 -0.042313110 0.080319062 0.029841201 -0.025429286 -0.995997846
1403638226695097088.000000 -0.114719190 -0.206332013 -0.038699985 0.080586158 0.030620258 -0.024491716 -0.995976150
1403638226745096960.000000 -0.115768306 -0.207703128 -0.035598092 0.080285534 0.030826248 -0.026030645 -0.995955050
1403638226795097088.000000 -0.114168167 -0.207379207 -0.027808856 0.080769241 0.030382691 -0.024391098 -0.995971084
1403638226845096960.000000 -0.110073529 -0.207228705 -0.027037716 0.080265142 0.030515887 -0.025690027 -0.995975137
1403638226895097088.000000 -0.112075955 -0.207428351 -0.025753206 0.080593318 0.030807700 -0.024725739 -0.995964050
1403638226945096960.000000 -0.113498569 -0.209243432 -0.025700502 0.080516927 0.030946286 -0.025325125 -0.995950878
1403638226995097088.000000 -0.110240825 -0.210992411 -0.024037985 0.080289468 0.031254336 -0.025917929 -0.995944262
1403638227045096960.000000 -0.111907475 -0.209939122 -0.025219489 0.080633156 0.030919336 -0.024696676 -0.995958090
1403638227095097088.000000 -0.112044811 -0.211894855 -0.023253044 0.080265462 0.031141696 -0.026128929 -0.995944262
1403638227145096960.000000 -0.108393408 -0.212219685 -0.022887783 0.080595471 0.031372555 -0.025104312 -0.995936692
1403638227195097088.000000 -0.105684102 -0.211699203 -0.017204436 0.080215447 0.031459827 -0.025874868 -0.995944977
1403638227245096960.000000 -0.101317175 -0.212735772 -0.015154992 0.080276184 0.031665307 -0.025362382 -0.995946765
1403638227295097088.000000 -0.097678453 -0.213175729 -0.008139312 0.080181412 0.031726208 -0.025668565 -0.995944560
1403638227345096960.000000 -0.094720401 -0.214315981 -0.004105660 0.080059417 0.031911086 -0.025997905 -0.995939910
1403638227395097088.000000 -0.092984043 -0.215370297 -0.003008964 0.080208637 0.031979814 -0.025507661 -0.995938361
1403638227445096960.000000 -0.084273390 -0.216431990 0.003493166 0.080079466 0.032297153 -0.026051406 -0.995924532
1403638227495097088.000000 -0.080521993 -0.216915026 0.004768762 0.080135696 0.032400705 -0.025717363 -0.995925307
1403638227545096960.000000 -0.076763228 -0.215834036 0.007219053 0.080000378 0.032478616 -0.025838623 -0.995930493
1403638227595097088.000000 -0.073422298 -0.214414433 0.008539025 0.079934932 0.032553121 -0.025882933 -0.995932102
1403638227645096960.000000 -0.070056826 -0.213487372 0.005939979 0.080025457 0.032669086 -0.025694249 -0.995925963
1403638227695097088.000000 -0.067094304 -0.211522087 0.006668134 0.079851523 0.032875355 -0.026040129 -0.995924175
1403638227745096960.000000 -0.063789658 -0.210892349 0.002851794 0.079946846 0.032945845 -0.025818625 -0.995920002
1403638227795097088.000000 -0.060701814 -0.208355039 0.001281554 0.079823516 0.033114951 -0.026092382 -0.995917082
1403638227845096960.000000 -0.057457976 -0.208772629 -0.001326710 0.079890966 0.033274043 -0.025883369 -0.995911896
1403638227895097088.000000 -0.055230100 -0.207827359 -0.001598602 0.079831667 0.033323444 -0.025958562 -0.995912969
1403638227945096960.000000 -0.051391032 -0.208242521 -0.002058995 0.079856180 0.033454660 -0.025938665 -0.995907128
1403638227995097088.000000 -0.051398758 -0.207911834 -0.003600452 0.079908013 0.033458192 -0.025906207 -0.995903671
1403638228045096960.000000 -0.046953142 -0.206366241 -0.006523238 0.079877533 0.033686582 -0.025895856 -0.995898724
1403638228095097088.000000 -0.047162034 -0.205518886 -0.006959997 0.079912432 0.033759519 -0.025702452 -0.995898485
1403638228145096960.000000 -0.044842102 -0.203917548 -0.011127790 0.079886049 0.033842664 -0.025757620 -0.995896339
1403638228195097088.000000 -0.042407621 -0.204234973 -0.013451927 0.079893112 0.033930410 -0.025674205 -0.995894909
1403638228245096960.000000 -0.039192118 -0.203705043 -0.014545518 0.079891294 0.034047648 -0.025670707 -0.995891213
1403638228295097088.000000 -0.038868699 -0.202472791 -0.017302658 0.079849653 0.034060866 -0.025707934 -0.995893121
1403638228345096960.000000 -0.036500797 -0.203150406 -0.017696621 0.079867415 0.034163907 -0.025691386 -0.995888531
1403638228395097088.000000 -0.033839501 -0.203014284 -0.019835249 0.079816215 0.034299955 -0.025763469 -0.995886147
1403638228445096960.000000 -0.035063818 -0.201780319 -0.022606116 0.079800241 0.034342054 -0.025601793 -0.995890141
1403638228495097088.000000 -0.033500686 -0.201447308 -0.026668733 0.079794034 0.034365758 -0.025638748 -0.995888889
1403638228545096960.000000 -0.035174455 -0.200606495 -0.030837087 0.079772398 0.034402121 -0.025607228 -0.995890200
1403638228595097088.000000 -0.033322029 -0.200487673 -0.034326009 0.079766259 0.034507494 -0.025604123 -0.995887101
1403638228645096960.000000 -0.033549469 -0.199992895 -0.035151247 0.079818763 0.034595273 -0.025476325 -0.995883107
1403638228695097088.000000 -0.033552866 -0.198130772 -0.038730815 0.079798423 0.034612991 -0.025447812 -0.995884836
1403638228745096960.000000 -0.030273443 -0.198351935 -0.042127687 0.079848021 0.034744624 -0.025346957 -0.995878875
1403638228795097088.000000 -0.027252926 -0.198147416 -0.044780865 0.079896010 0.034843963 -0.025284266 -0.995873153
1403638228845096960.000000 -0.026335755 -0.197332695 -0.049739227 0.079889253 0.034871995 -0.025287621 -0.995872617
