1403636684463555584.000000 -1.893728733 1.622177124 5.030964851 -0.010854635 0.818684697 -0.025101431 0.573591769
1403636684713555456.000000 -1.951944351 1.484547257 5.074400902 -0.002756988 0.821164310 -0.023983713 0.570181131
1403636696263555584.000000 -0.030808084 0.049982011 0.066544212 -0.005759261 -0.014180868 -0.004527464 0.999872684
1403636696313555456.000000 -0.032209817 0.051418059 0.071488246 -0.005833545 -0.010755995 -0.003935511 0.999917388
1403636696363555584.000000 -0.032873869 0.052141074 0.073745862 -0.006307278 -0.002864083 -0.003476662 0.999970019
1403636696413555456.000000 -0.034008436 0.054202288 0.078396469 -0.005642560 0.005561513 -0.001373579 0.999967694
1403636696463555584.000000 -0.035363324 0.055007443 0.080721922 -0.004721420 0.010972702 0.002480843 0.999925613
1403636696513555456.000000 -0.050303657 0.063723862 0.112390421 -0.004740535 0.013845104 0.003352604 0.999887288
1403636696563555584.000000 -0.036798447 0.056388609 0.086306050 -0.005200211 0.011436580 0.004400252 0.999911427
1403636696613555456.000000 -0.019750651 0.037080713 0.043224648 -0.002419908 0.011417914 0.003883380 0.999924362
1403636696663555584.000000 -0.020195335 0.039221797 0.044069700 -0.001799685 0.009759700 0.005986780 0.999932885
1403636696713555456.000000 -0.019952543 0.040012691 0.045175951 -0.001646144 0.009343519 0.006297268 0.999935210
1403636696763555584.000000 -0.052328926 0.068492331 0.122641057 -0.004352798 0.008214895 0.008140580 0.999923706
1403636696813555456.000000 -0.019793270 0.037980001 0.044377290 -0.002682961 0.006930653 0.005656845 0.999956369
1403636696863555584.000000 -0.019722410 0.037960146 0.044507932 -0.002988560 0.005594084 0.005002688 0.999967456
1403636696913555456.000000 -0.019501269 0.037893657 0.044379342 -0.003552390 0.004612350 0.003375558 0.999977350
1403636696963555584.000000 -0.018734144 0.037586011 0.043948185 -0.006079875 0.004135070 -0.002943011 0.999968648
1403636697013555456.000000 -0.058435090 0.041764874 0.081069462 -0.011613101 0.005483912 -0.010492510 0.999862552
1403636697063555584.000000 -0.029820578 0.034807753 0.042222790 -0.011211501 0.005517412 -0.017371852 0.999771059
1403636697113555456.000000 -0.036304843 0.036312342 0.044299096 -0.013835085 0.006291891 -0.024232157 0.999590814
1403636697163555584.000000 -0.034225840 0.034137070 0.041081794 -0.016181238 0.005356769 -0.030234354 0.999397516
1403636697213555456.000000 -0.029530840 0.028295098 0.038712729 -0.018096685 0.004785321 -0.032858990 0.999284744
1403636697263555584.000000 -0.081808403 0.044101492 0.093315654 -0.020760028 0.005402600 -0.031855147 0.999262333
1403636697313555456.000000 -0.032125097 0.021788051 0.034152448 -0.017849732 0.003977655 -0.031013127 0.999351680
1403636697363555584.000000 -0.033810485 0.014576039 0.031282030 -0.016314656 0.002844689 -0.023695447 0.999582052
1403636697413555456.000000 -0.028798083 0.009151432 0.026518596 -0.013449261 -0.000516520 -0.016322318 0.999776244
1403636697463555584.000000 -0.027707338 -0.000289637 0.024537053 -0.011944954 -0.002889136 -0.010201519 0.999872506
1403636697513555456.000000 -0.055333756 -0.027382623 0.059266701 -0.011946553 -0.005963570 -0.005080816 0.999897957
1403636697563555584.000000 -0.018336918 -0.015567343 0.013695674 -0.012605818 -0.006724014 -0.003033200 0.999893367
1403636697613555456.000000 -0.034118544 -0.001921276 0.051482566 -0.018797683 -0.006203908 -0.000442415 0.999804020
1403636697663555584.000000 -0.020716373 -0.013789853 0.047265600 -0.026611669 -0.008860697 -0.000083862 0.999606609
1403636697713555456.000000 -0.019758815 -0.022257019 0.041268263 -0.035061833 -0.008471596 0.003776153 0.999342144
1403636697763555584.000000 -0.003925687 -0.119669795 0.011828454 -0.041899737 -0.008875443 0.006267969 0.999062777
1403636697813555456.000000 -0.001605424 -0.130427316 0.007467900 -0.053441219 -0.008813021 0.010429697 0.998477697
1403636697863555584.000000 0.001728212 -0.138364658 0.004168336 -0.063236028 -0.008937006 0.013990455 0.997860491
1403636697913555456.000000 0.005175700 -0.150575206 -0.001960383 -0.073347285 -0.009486900 0.018419579 0.997091234
1403636697963555584.000000 0.004361592 -0.157907113 -0.003877511 -0.080823787 -0.008900572 0.022949265 0.996424437
1403636698013555456.000000 0.014806706 -0.224334463 -0.021383815 -0.085993566 -0.008607323 0.025896922 0.995921910
1403636698063555584.000000 0.014099211 -0.234104767 -0.023923943 -0.091801040 -0.007610440 0.028007673 0.995354354
1403636698113555456.000000 0.015700826 -0.245547041 -0.027037280 -0.096860223 -0.008201010 0.031383511 0.994769335
1403636698163555584.000000 0.014276803 -0.256225854 -0.027888633 -0.101011939 -0.008144177 0.033619884 0.994283676
1403636698213555456.000000 0.012501003 -0.266719222 -0.028668547 -0.105288200 -0.007465883 0.034963332 0.993798912
1403636698263555584.000000 -0.001712023 -0.316464871 -0.014380446 -0.111072898 -0.007174095 0.036392584 0.993119895
1403636698313555456.000000 -0.005557935 -0.324826688 -0.014743424 0.117853634 0.007587272 -0.037835438 -0.992280960
1403636698363555584.000000 -0.004485201 -0.391638607 -0.039805248 -0.123053581 -0.006956663 0.041835368 0.991493464
1403636698413555456.000000 -0.012116871 -0.407936752 -0.037568025 0.131797433 0.007800531 -0.044544064 -0.990244687
1403636698463555584.000000 -0.018351274 -0.439927042 -0.041012447 -0.140857339 -0.008940170 0.048320509 0.988809645
1403636698513555456.000000 -0.033408165 -0.425607949 -0.013950347 -0.153976992 -0.009778379 0.048919763 0.986814260
1403636698563555584.000000 -0.040778458 -0.430628419 -0.010506887 -0.164872497 -0.010120348 0.052870691 0.984844923
1403636698613555456.000000 -0.049470082 -0.462211102 -0.009825834 -0.176235959 -0.010308559 0.057078309 0.982637703
1403636698663555584.000000 -0.057922926 -0.467887789 -0.004067534 -0.187932804 -0.010736038 0.063331015 0.980079234
1403636698713555456.000000 -0.063516945 -0.561454415 -0.035062172 -0.196541414 -0.010950279 0.070409723 0.977902889
1403636698763555584.000000 -0.078900561 -0.510373235 0.004210513 -0.212719366 -0.011092998 0.074361205 0.974216580
1403636698813555456.000000 -0.090808980 -0.528888226 0.009130083 -0.225884393 -0.011521063 0.079971187 0.970797718
1403636698863555584.000000 -0.099406593 -0.634862065 -0.023586001 -0.235173360 -0.011509852 0.088897757 0.967811108
1403636698913555456.000000 -0.110704347 -0.653086841 -0.017986432 -0.248624131 -0.011167809 0.094026782 0.963960767
1403636698963555584.000000 -0.121566013 -0.598452210 0.019016609 -0.264990866 -0.010739431 0.098682128 0.959127963
1403636699013555456.000000 -0.129992098 -0.617277384 0.023913715 -0.277303636 -0.010060931 0.104554772 0.955023468
1403636699063555584.000000 -0.135345608 -0.717550755 -0.005417049 -0.285896957 -0.009664722 0.113631465 0.951450229
1403636699113555456.000000 -0.139718622 -0.736460388 -0.001331277 -0.298375875 -0.008183968 0.119958363 0.946844697
1403636699163555584.000000 -0.140484154 -0.675872684 0.034428239 -0.313692153 -0.005406313 0.126383871 0.941060722
1403636699213555456.000000 -0.141975135 -0.694489539 0.036731474 -0.326095730 -0.004857804 0.133812875 0.935805678
1403636699263555584.000000 -0.146134719 -0.742242455 0.035751969 -0.338873714 -0.003766681 0.141510457 0.930121124
1403636699313555456.000000 -0.144994467 -0.759571671 0.036805816 -0.351030916 -0.003748683 0.150657952 0.924156666
1403636699363555584.000000 -0.140795082 -0.763851345 0.037962139 -0.363328844 -0.003580724 0.157835662 0.918186963
1403636699413555456.000000 -0.137219727 -0.778565288 0.037860423 -0.375106424 -0.003135779 0.165908292 0.912008703
1403636699463555584.000000 -0.136406541 -0.823217273 0.038473159 -0.386483967 -0.003156003 0.172248229 0.906063318
1403636699513555456.000000 -0.136264160 -0.913662672 0.007795885 -0.394105762 -0.003992053 0.179879665 0.901281416
1403636699563555584.000000 -0.134014621 -0.925303936 0.006482124 -0.405136466 -0.003365663 0.185832515 0.895164490
1403636699613555456.000000 -0.134700701 -0.940596879 0.007150590 -0.415647686 -0.002519770 0.191515580 0.889130116
1403636699663555584.000000 -0.135471255 -0.950270891 0.005463630 0.426453322 0.001410375 -0.197051331 -0.882783353
1403636699713555456.000000 -0.135504678 -0.960390449 0.000723928 -0.437810957 -0.000357286 0.200502768 0.876424611
1403636699763555584.000000 -0.138509139 -0.967409134 -0.002085924 -0.448697746 -0.001093340 0.200703740 0.870854318
1403636699813555456.000000 -0.142920539 -0.975548267 -0.005376667 0.458859146 0.001688034 -0.198951378 -0.865946770
1403636699863555584.000000 -0.147762626 -0.983078599 -0.007251829 -0.467146844 -0.001059418 0.197068691 0.861937761
1403636699913555456.000000 -0.153102398 -0.989262581 -0.011124730 -0.473463058 0.000305034 0.196201399 0.858683705
1403636699963555584.000000 -0.159139097 -0.995565653 -0.012482524 -0.477832913 0.002248098 0.196573332 0.856171489
1403636700013555456.000000 -0.166443810 -1.001507878 -0.016453952 -0.480898142 0.002961358 0.197602049 0.854214072
1403636700063555584.000000 -0.183869854 -1.005423069 -0.008145273 -0.482637733 0.003571104 0.198324174 0.853062510
1403636700113555456.000000 -0.193194509 -1.011744022 -0.012470216 0.483518124 -0.004743295 -0.199423879 -0.852301478
1403636700163555584.000000 -0.203624338 -1.016709328 -0.015843064 -0.484882027 0.005079011 0.199147314 0.851589084
1403636700213555456.000000 -0.214928910 -1.021876931 -0.020285815 0.485220224 -0.005374777 -0.199318275 -0.851354599
1403636700263555584.000000 -0.227294967 -1.024775147 -0.022960901 -0.485661447 0.005358089 0.200150251 0.850907862
1403636700313555456.000000 -0.241986468 -1.029659986 -0.028367341 -0.486946255 0.004374691 0.202285632 0.849673390
1403636700363555584.000000 -0.257911861 -1.028238058 -0.027964890 -0.488582999 0.003906365 0.206018299 0.847837210
1403636700413555456.000000 -0.276186764 -1.032016635 -0.033948958 -0.491668552 0.003979780 0.209345996 0.845233977
1403636700463555584.000000 -0.304478526 -1.027666092 -0.036466718 -0.496398747 0.004940322 0.209352687 0.842457950
1403636700513555456.000000 -0.324810922 -1.029559612 -0.042825282 -0.500906706 0.006787899 0.208243221 0.840048373
1403636700563555584.000000 -0.347235799 -1.026471972 -0.046126366 -0.506012738 0.007754452 0.206103101 0.837503791
1403636700613555456.000000 -0.368814617 -1.027221799 -0.053426206 -0.511997700 0.009365804 0.203937709 0.834374130
1403636700663555584.000000 -0.380907893 -1.030818224 -0.060944438 -0.519101858 0.009063060 0.201736838 0.830513954
1403636700713555456.000000 -0.403556228 -1.031266212 -0.069186211 0.525344491 -0.009629863 -0.201562911 -0.826615274
1403636700763555584.000000 -0.449205965 -1.018251181 -0.076909900 -0.530474126 0.009927877 0.200830027 0.823508322
1403636700813555456.000000 -0.469021022 -1.019508600 -0.086700916 -0.534668207 0.008806963 0.201007232 0.820760965
1403636700863555584.000000 -0.473965734 -1.023997784 -0.090757608 -0.537412882 0.006151878 0.203055203 0.818485260
1403636700913555456.000000 -0.490221262 -1.025330544 -0.101446748 -0.539511561 0.003676955 0.204591051 0.816735089
1403636700963555584.000000 -0.512019932 -1.020922780 -0.110841274 -0.540668726 0.000280078 0.206581756 0.815476179
1403636701013555456.000000 -0.524703979 -1.021852612 -0.122445226 -0.541074038 -0.002293272 0.208674386 0.814670861
1403636701063555584.000000 -0.552686214 -1.014900208 -0.137255490 -0.540501654 -0.006477884 0.211078167 0.814409018
1403636701113555456.000000 -0.561691046 -1.014913559 -0.149441659 0.539494097 0.010670996 -0.213893414 -0.814298451
1403636701163555584.000000 -0.557179093 -1.017091990 -0.157344639 -0.539203405 -0.013301630 0.213588238 0.814532340
1403636701213555456.000000 -0.561006069 -1.014930606 -0.170469582 -0.538092434 -0.016032957 0.214081571 0.815088034
1403636701263555584.000000 -0.582501054 -1.002461910 -0.189663172 -0.536775410 -0.016282093 0.214086324 0.815949857
1403636701313555456.000000 -0.582448006 -0.999028265 -0.203101039 -0.535624027 -0.017899046 0.213782117 0.816752017
1403636701363555584.000000 -0.582144141 -0.994425952 -0.216938019 0.534668505 0.017029991 -0.213472962 -0.817477167
1403636701413555456.000000 -0.580561340 -0.989130020 -0.230507076 0.534153044 0.016194647 -0.211129233 -0.818439186
1403636701463555584.000000 -0.578494012 -0.983024716 -0.243603170 0.533344507 0.013888071 -0.208752185 -0.819617808
1403636701513555456.000000 -0.562708855 -0.979922533 -0.249717176 -0.533465981 -0.010675396 0.205174565 0.820489824
1403636701563555584.000000 -0.560430825 -0.972826242 -0.262315333 -0.532929122 -0.007316752 0.202100396 0.821637750
1403636701613555456.000000 -0.578348875 -0.953160882 -0.289189637 -0.531456172 -0.004845303 0.200081527 0.823102832
1403636701663555584.000000 -0.577384531 -0.945072949 -0.300760448 -0.530843735 -0.003539558 0.197191492 0.824201405
1403636701713555456.000000 -0.585209787 -0.929134905 -0.307404339 -0.531095326 -0.001770670 0.196082801 0.824309528
1403636701763555584.000000 -0.585853577 -0.920925617 -0.318647385 -0.532105565 -0.001008758 0.196762711 0.823496878
1403636701813555456.000000 -0.589935899 -0.910942733 -0.330541432 -0.534332097 -0.000887673 0.199037492 0.821506321
1403636701863555584.000000 -0.594027162 -0.903118908 -0.341359138 -0.538846910 -0.001573556 0.200326830 0.818236351
1403636701913555456.000000 -0.600368619 -0.895296097 -0.351693511 0.543443263 0.001541818 -0.204192683 -0.814231217
1403636701963555584.000000 -0.606378317 -0.889818847 -0.360691905 0.549618959 0.001109876 -0.206711918 -0.809436858
1403636702013555456.000000 -0.620212317 -0.873547435 -0.373733282 -0.556286454 -0.000770353 0.210252553 0.803951919
1403636702063555584.000000 -0.629800439 -0.865107000 -0.385350227 -0.563935757 0.000034465 0.213790879 0.797665358
1403636702113555456.000000 -0.638766170 -0.858998775 -0.396456361 -0.572343111 0.001295954 0.217401460 0.790669560
1403636702163555584.000000 -0.651845813 -0.850594640 -0.407500744 -0.581460416 0.002475527 0.220376611 0.783155024
1403636702213555456.000000 -0.669143438 -0.840813398 -0.413415790 -0.589595854 0.002546465 0.223477781 0.776162386
1403636702263555584.000000 -0.684413016 -0.832717061 -0.423275352 -0.596242785 0.001628384 0.226418465 0.770212114
1403636702313555456.000000 -0.708183646 -0.818799198 -0.434282422 -0.601958692 -0.000967676 0.229269296 0.764905512
1403636702363555584.000000 -0.725251079 -0.810418248 -0.443269670 -0.606752038 -0.003610112 0.231168061 0.760526359
1403636702413555456.000000 -0.739880562 -0.806335688 -0.448681891 -0.611275077 -0.006629704 0.231282815 0.756840229
1403636702463555584.000000 -0.758704603 -0.797365665 -0.456501424 -0.614807189 -0.009707442 0.232893974 0.753444314
1403636702513555456.000000 -0.779372215 -0.787950158 -0.462681651 -0.617989957 -0.012088506 0.232830778 0.750820935
1403636702563555584.000000 -0.799825907 -0.778068066 -0.468656540 -0.620216429 -0.013715238 0.233141750 0.748858094
1403636702613555456.000000 -0.820459425 -0.768077254 -0.471898139 -0.621902227 -0.016173929 0.234077811 0.747116923
1403636702663555584.000000 -0.843091309 -0.757082224 -0.475694597 0.622933984 0.018811664 -0.234970808 -0.745914280
1403636702713555456.000000 -0.869070232 -0.744991839 -0.479826152 -0.623911500 -0.020830983 0.234703213 0.745127559
1403636702763555584.000000 -0.893101215 -0.732792974 -0.481496274 -0.624006629 -0.021165749 0.235934600 0.744649351
1403636702813555456.000000 -0.913963437 -0.721059501 -0.479652464 -0.624043524 -0.023800220 0.236066550 0.744497120
1403636702863555584.000000 -0.938929677 -0.706638873 -0.479212105 -0.623810887 -0.025109073 0.236557528 0.744493246
1403636702913555456.000000 -0.964297473 -0.692197740 -0.478954196 -0.623298109 -0.025661193 0.237658754 0.744553149
1403636702963555584.000000 -0.986121774 -0.676036537 -0.477347732 -0.623037398 -0.025353268 0.237321272 0.744889438
1403636703013555456.000000 -1.011473298 -0.655911267 -0.479889691 -0.622510493 -0.022466479 0.237979397 0.745212615
1403636703063555584.000000 -1.029537678 -0.637860715 -0.478460312 -0.622385204 -0.019634023 0.237361908 0.745594025
1403636703113555456.000000 -1.045673251 -0.620330453 -0.478086352 -0.621793211 -0.014113470 0.238215253 0.745940745
1403636703163555584.000000 -1.058701038 -0.600932360 -0.477403998 -0.621360958 -0.005660463 0.238331512 0.746375620
1403636703213555456.000000 -1.068038344 -0.587065101 -0.476491988 -0.620117128 0.000955709 0.239834905 0.746949255
1403636703263555584.000000 -1.078298330 -0.566427588 -0.477145612 -0.619036198 0.008290880 0.242232382 0.747026801
1403636703313555456.000000 -1.087383389 -0.546248019 -0.479556024 0.617962837 -0.014389503 -0.244025797 -0.747239113
1403636703363555584.000000 -1.095172882 -0.526373148 -0.483353436 0.617979705 -0.016750110 -0.243122280 -0.747470558
1403636703413555456.000000 -1.101375341 -0.506658018 -0.491601944 -0.619192839 0.015194345 0.239724144 0.747597396
1403636703463555584.000000 -1.107064247 -0.487297922 -0.498855203 -0.620509803 0.010196029 0.235905394 0.747805059
1403636703513555456.000000 -1.111558557 -0.469114542 -0.507230043 0.621765077 -0.004071365 -0.231826305 -0.748096466
1403636703563555584.000000 -1.116065145 -0.448597670 -0.518880367 -0.622734547 -0.000643956 0.228741705 0.748250306
1403636703613555456.000000 -1.117681146 -0.430432409 -0.528578162 -0.622469127 -0.004569848 0.228615180 0.748496175
1403636703663555584.000000 -1.118501067 -0.413350940 -0.538830042 -0.621959388 -0.006836760 0.228847802 0.748831391
1403636703713555456.000000 -1.119898319 -0.395854145 -0.548609614 -0.621533751 -0.008057980 0.229072437 0.749103963
1403636703763555584.000000 -1.121281266 -0.378210932 -0.558040917 -0.620984972 -0.006685933 0.228943139 0.749611914
1403636703813555456.000000 -1.124594450 -0.361046255 -0.566486537 -0.620422482 -0.004163181 0.229179129 0.750023663
1403636703863555584.000000 -1.128966331 -0.343546867 -0.574441135 -0.619688928 -0.000837056 0.229535773 0.750532091
1403636703913555456.000000 -1.134097219 -0.326812744 -0.581936121 -0.618685067 0.002326798 0.230079412 0.751190364
1403636703963555584.000000 -1.144218445 -0.295546621 -0.589290917 -0.618260264 0.003592745 0.229961917 0.751570940
1403636704013555456.000000 -1.151712418 -0.279530346 -0.596189976 -0.617034435 0.005861413 0.231178224 0.752190709
1403636704063555584.000000 -1.154955029 -0.274564266 -0.603398979 -0.615875244 0.007430663 0.231841132 0.752922416
1403636704113555456.000000 -1.165418267 -0.259122670 -0.610294580 -0.614839673 0.006263860 0.232820943 0.753476858
1403636704163555584.000000 -1.175481319 -0.241793096 -0.616635442 -0.613913000 0.003412343 0.233623803 0.754002094
1403636704213555456.000000 -1.188233972 -0.226831913 -0.623400152 -0.613037109 -0.000492986 0.234372303 0.754489839
1403636704263555584.000000 -1.201819658 -0.208816588 -0.629520178 -0.612392843 -0.004438449 0.235024735 0.754797041
1403636704313555456.000000 -1.214024782 -0.192805171 -0.636922956 -0.612108171 -0.007689743 0.234556124 0.755147636
1403636704363555584.000000 -1.229490399 -0.160473466 -0.644330621 -0.612075686 -0.010836650 0.233897746 0.755339503
1403636704413555456.000000 -1.237862468 -0.142916918 -0.652676105 -0.611336172 -0.012037714 0.234754398 0.755654454
1403636704463555584.000000 -1.243287444 -0.124561906 -0.660679579 -0.611122489 -0.015156464 0.234407112 0.755878925
1403636704513555456.000000 -1.247243881 -0.105988681 -0.669942737 -0.610903978 -0.018297601 0.234255254 0.756033123
1403636704563555584.000000 -1.250528574 -0.084307015 -0.678650022 -0.610346198 -0.020295173 0.235453710 0.756060362
1403636704613555456.000000 -1.252272964 -0.063952982 -0.687668085 -0.609853327 -0.022419166 0.235941663 0.756245911
1403636704663555584.000000 -1.253592968 -0.042914033 -0.695277989 -0.609613299 -0.024227133 0.236477748 0.756216228
1403636704713555456.000000 -1.257321358 -0.020731807 -0.702269316 -0.608837724 -0.028798725 0.237616152 0.756323993
1403636704763555584.000000 -1.263029695 0.001847923 -0.707355857 -0.608085334 -0.031620182 0.238228455 0.756623864
1403636704813555456.000000 -1.269532919 0.026402056 -0.711983562 -0.606774032 -0.034204531 0.240530118 0.756835997
1403636704863555584.000000 -1.277094483 0.052547157 -0.714778066 0.605390966 0.036939677 -0.242796674 -0.757091224
1403636704913555456.000000 -1.286927581 0.079709589 -0.716115355 -0.603918672 -0.038893163 0.244706020 0.757554352
1403636704963555584.000000 -1.296337962 0.109119236 -0.716960073 -0.602963924 -0.041642372 0.245767102 0.757825196
1403636705013555456.000000 -1.307902098 0.143574953 -0.717622936 -0.602335811 -0.043689538 0.246049806 0.758117676
1403636705063555584.000000 -1.318169355 0.176710010 -0.716753900 -0.602326512 -0.045201775 0.244626731 0.758496761
1403636705113555456.000000 -1.328398943 0.212215900 -0.714440703 -0.603269041 -0.041567829 0.241335854 0.759009659
1403636705163555584.000000 -1.337602258 0.249226272 -0.711637437 -0.605180502 -0.035179194 0.235432059 0.759664834
1403636705213555456.000000 -1.345287323 0.288530409 -0.708376706 0.607331812 0.028848277 -0.228781193 -0.760246754
1403636705263555584.000000 -1.349785328 0.319154322 -0.702624977 -0.608885288 -0.023970148 0.223396078 0.760774910
1403636705313555456.000000 -1.353819728 0.359552503 -0.698574960 -0.609758198 -0.020494651 0.220450684 0.761036456
1403636705363555584.000000 -1.359209538 0.407073677 -0.695594728 -0.610330880 -0.017923042 0.218543217 0.761192441
1403636705413555456.000000 -1.361140609 0.447382212 -0.690486193 -0.609832466 -0.019202080 0.219712585 0.761224091
1403636705463555584.000000 -1.363023162 0.487317622 -0.684865654 -0.609292746 -0.020510787 0.221748561 0.761031687
1403636705513555456.000000 -1.365390301 0.528145552 -0.678112864 -0.608559251 -0.023369180 0.224537238 0.760718465
1403636705563555584.000000 -1.368534088 0.568421245 -0.670208216 -0.607926309 -0.026421536 0.226283595 0.760607123
1403636705613555456.000000 -1.373112559 0.609640360 -0.660980701 -0.607548118 -0.027105929 0.227853805 0.760416448
1403636705663555584.000000 -1.378126502 0.650992274 -0.651159525 -0.607567132 -0.028409971 0.228685066 0.760104179
1403636705713555456.000000 -1.384366035 0.694414496 -0.640220582 -0.608046710 -0.026452962 0.227831081 0.760047674
1403636705763555584.000000 -1.391335607 0.738038003 -0.628600478 -0.608543396 -0.023554722 0.227096736 0.759965360
1403636705813555456.000000 -1.397537470 0.782470644 -0.616123140 -0.608539879 -0.019315125 0.226895213 0.760147810
1403636705863555584.000000 -1.402937651 0.826928079 -0.603990257 -0.608788669 -0.014429768 0.225896493 0.760354519
1403636705913555456.000000 -1.406380773 0.872489750 -0.591826141 -0.608353019 -0.008122743 0.226862580 0.760509074
1403636705963555584.000000 -1.406831741 0.916094184 -0.581015646 -0.607553184 -0.002015334 0.228316262 0.760754108
1403636706013555456.000000 -1.406070471 0.961623430 -0.570350707 -0.605730414 0.005061916 0.231721163 0.761163831
1403636706063555584.000000 -1.406274557 1.005619764 -0.560998261 -0.603603661 0.011282570 0.235718623 0.761559010
1403636706113555456.000000 -1.403279662 1.050799370 -0.553161800 -0.602308691 0.017123051 0.237869263 0.761806667
1403636706163555584.000000 -1.402870178 1.093882203 -0.546684623 -0.602804303 0.017067334 0.234848574 0.762352884
1403636706213555456.000000 -1.403011441 1.137814999 -0.540853143 -0.604206681 0.013509138 0.229409486 0.762969971
1403636706263555584.000000 -1.406364202 1.179461718 -0.535126567 -0.605098009 0.009116868 0.225537777 0.763482869
1403636706313555456.000000 -1.410861254 1.221638083 -0.529055774 -0.606374264 0.003063118 0.220360085 0.764030397
1403636706363555584.000000 -1.417255759 1.257834435 -0.523839414 -0.606746435 -0.002429512 0.217666790 0.764509022
1403636706413555456.000000 -1.425003290 1.299155712 -0.516935110 -0.607128739 -0.007195016 0.215276793 0.764852226
1403636706463555584.000000 -1.434330106 1.331501007 -0.510176957 -0.607096314 -0.011383014 0.214116663 0.765152693
1403636706513555456.000000 -1.440750718 1.372282505 -0.502630353 -0.607164562 -0.014275911 0.213164181 0.765315950
1403636706563555584.000000 -1.449076653 1.424677610 -0.493245542 -0.607383311 -0.016780000 0.213146597 0.765096426
1403636706613555456.000000 -1.451816440 1.464645147 -0.485860229 -0.607036889 -0.017586751 0.213577941 0.765232980
1403636706663555584.000000 -1.454483032 1.501053691 -0.479026079 -0.607230008 -0.019138606 0.213945836 0.764939725
1403636706713555456.000000 -1.453847647 1.542149067 -0.471095502 -0.606928766 -0.021148438 0.215217739 0.764769018
1403636706763555584.000000 -1.452122688 1.584858298 -0.462537289 -0.606311381 -0.022356899 0.218146935 0.764394343
1403636706813555456.000000 -1.448237538 1.625868559 -0.454470754 0.606304586 0.024949143 -0.219765201 -0.763855696
1403636706863555584.000000 -1.444345951 1.666449070 -0.446020246 -0.606584549 -0.026431821 0.221254393 0.763153374
1403636706913555456.000000 -1.438244343 1.708198547 -0.437217593 -0.606884122 -0.026269764 0.222700298 0.762500048
1403636706963555584.000000 -1.432246923 1.749853492 -0.428059459 -0.607993603 -0.026391741 0.222622514 0.761634171
1403636707013555456.000000 -1.424225569 1.792783260 -0.418386459 -0.609316707 -0.023945710 0.221688330 0.760929823
1403636707063555584.000000 -1.416891813 1.831411839 -0.409149945 -0.610972703 -0.022150859 0.219779149 0.760209799
1403636707113555456.000000 -1.408378124 1.874042034 -0.398345113 -0.612457097 -0.020136323 0.218819454 0.759347677
1403636707163555584.000000 -1.400873423 1.921389580 -0.386092067 -0.613666594 -0.019870091 0.218936160 0.758343935
1403636707213555456.000000 -1.392348051 1.963836432 -0.374286890 -0.615006328 -0.020393141 0.219532043 0.757071376
1403636707263555584.000000 -1.383773804 2.007981062 -0.362579703 -0.616302729 -0.020668436 0.219808638 0.755928576
1403636707313555456.000000 -1.372159243 2.050464392 -0.350698709 0.617504299 0.022288840 -0.219890252 -0.754877388
1403636707363555584.000000 -1.359709501 2.095415354 -0.337365746 -0.618274570 -0.022947710 0.220562428 0.754030645
1403636707413555456.000000 -1.343832374 2.138340950 -0.325082302 -0.618746877 -0.023408959 0.221585944 0.753328681
1403636707463555584.000000 -1.326712012 2.181456089 -0.313176513 -0.619215190 -0.024597634 0.221683010 0.752877295
1403636707513555456.000000 -1.306588888 2.224514246 -0.300661802 -0.619232774 -0.024013398 0.223053947 0.752476752
1403636707563555584.000000 -1.285423994 2.273265123 -0.284782648 -0.619276166 -0.022871912 0.224322885 0.752099216
1403636707613555456.000000 -1.264271259 2.317226887 -0.271079183 -0.618646443 -0.022492381 0.227020591 0.751819432
1403636707663555584.000000 -1.246017933 2.355922461 -0.259564161 -0.616329968 -0.019222694 0.233355895 0.751873016
1403636707713555456.000000 -1.229274750 2.400830269 -0.243600011 -0.614962578 -0.017070433 0.236912698 0.751932144
1403636707763555584.000000 -1.215524435 2.455096483 -0.221144080 -0.613756120 -0.015152966 0.239839375 0.752031207
1403636707813555456.000000 -1.204612732 2.501111984 -0.203644753 -0.613423109 -0.013269166 0.240674227 0.752071798
1403636707863555584.000000 -1.197088957 2.542959213 -0.189048529 -0.612790287 -0.011326183 0.240681127 0.752617121
1403636707913555456.000000 -1.191813231 2.589812756 -0.170580626 -0.612442672 -0.009166042 0.239688650 0.753245831
1403636707963555584.000000 -1.188089848 2.645003557 -0.145134687 -0.612553537 -0.008512995 0.237521753 0.753849566
1403636708013555456.000000 -1.187688947 2.692861557 -0.125646234 -0.612384558 -0.008234195 0.235122815 0.754741490
1403636708063555584.000000 -1.188334465 2.742416382 -0.103949785 -0.612256944 -0.008548246 0.232276917 0.755722106
1403636708113555456.000000 -1.191325068 2.790714979 -0.083650112 -0.612214088 -0.008340551 0.228889033 0.756792068
1403636708163555584.000000 -1.193530083 2.840253353 -0.061586380 -0.612118721 -0.008281282 0.226030111 0.757728577
1403636708213555456.000000 -1.199132204 2.888560772 -0.040114641 -0.611256778 -0.006325286 0.225608259 0.758568525
1403636708263555584.000000 -1.204003215 2.934281826 -0.019440651 -0.610194802 -0.002835948 0.226654842 0.759132326
1403636708313555456.000000 -1.211580634 2.981601715 0.002187729 -0.608621001 0.003351964 0.229486361 0.759542882
1403636708363555584.000000 -1.218771935 3.029243946 0.022879601 -0.606304109 0.010505795 0.234522671 0.759792149
1403636708413555456.000000 -1.225957751 3.075846195 0.042506456 -0.604661107 0.016160227 0.238073513 0.759897947
1403636708463555584.000000 -1.230649948 3.120510578 0.059066057 -0.603403509 0.020596599 0.240490228 0.760029256
1403636708513555456.000000 -1.234891891 3.168838978 0.074725866 -0.603143096 0.022753842 0.241068721 0.759991229
1403636708563555584.000000 -1.230880260 3.223099232 0.091778517 -0.603839517 0.023229253 0.239618376 0.759882390
1403636708613555456.000000 -1.233132243 3.270872593 0.102574587 -0.605849981 0.021126507 0.235309720 0.759690046
1403636708663555584.000000 -1.234309435 3.316220999 0.111697912 -0.608153224 0.015936971 0.230145648 0.759558260
1403636708713555456.000000 -1.238110900 3.362707615 0.120340586 -0.611412764 0.011771942 0.222893432 0.759180129
1403636708763555584.000000 -1.242607236 3.406040192 0.128923655 -0.614280105 0.006600395 0.216541052 0.758766353
1403636708813555456.000000 -1.249423146 3.450236320 0.137413025 -0.617409229 0.003362880 0.209775269 0.758148372
1403636708863555584.000000 -1.254935026 3.488559723 0.145956039 -0.619221747 0.000890759 0.207632408 0.757266521
1403636708913555456.000000 -1.262314439 3.530549526 0.155497074 -0.621573508 0.000807827 0.204880625 0.756088495
1403636708963555584.000000 -1.259557724 3.577160358 0.169080257 -0.623908520 -0.000414050 0.203143373 0.754632950
1403636709013555456.000000 -1.263460040 3.616226673 0.179020882 -0.625498116 0.001836450 0.202068746 0.753602684
1403636709063555584.000000 -1.264128923 3.650761843 0.188277006 -0.628096402 0.001550386 0.198965639 0.752266765
1403636709113555456.000000 -1.264521241 3.686327457 0.198844910 -0.629480422 0.002695729 0.198985830 0.751100421
1403636709163555584.000000 -1.261809826 3.717353821 0.208170652 -0.630813539 0.001083211 0.199204221 0.749927223
1403636709213555456.000000 -1.258517146 3.749281645 0.219244957 -0.631148517 -0.000784633 0.202048987 0.748883963
1403636709263555584.000000 -1.246491909 3.787591219 0.232949018 -0.631541908 -0.004898838 0.204029649 0.747999132
1403636709313555456.000000 -1.240316510 3.816391468 0.244724035 -0.631215990 -0.007432370 0.206713676 0.747516394
1403636709363555584.000000 -1.231132746 3.847302914 0.257414818 -0.630653620 -0.009672716 0.209368333 0.747226477
1403636709413555456.000000 -1.225297093 3.873768568 0.270763874 -0.631200790 -0.012596958 0.208827689 0.746872067
1403636709463555584.000000 -1.219975829 3.899316311 0.284732103 -0.630780995 -0.012609593 0.210032061 0.746888876
1403636709513555456.000000 -1.217428565 3.923954248 0.301083565 -0.630973041 -0.014539290 0.209649637 0.746798933
1403636709563555584.000000 -1.212736607 3.957560539 0.320978642 -0.630417466 -0.015432619 0.210654706 0.746967375
1403636709613555456.000000 -1.212749720 3.980179071 0.340137482 -0.630082965 -0.016964061 0.211458683 0.746989250
1403636709663555584.000000 -1.211740613 4.008722305 0.360059500 -0.629569888 -0.017831719 0.211951926 0.747261763
1403636709713555456.000000 -1.212568402 4.030498981 0.381370544 -0.629154742 -0.018646186 0.211582929 0.747696042
1403636709763555584.000000 -1.213647604 4.047695160 0.400452852 -0.628136456 -0.017981440 0.212453961 0.748321176
1403636709813555456.000000 -1.213302732 4.068574429 0.423709869 -0.627886355 -0.018370112 0.211066678 0.748914003
1403636709863555584.000000 -1.209544659 4.100044250 0.447966337 -0.626945853 -0.017344890 0.211759150 0.749530673
1403636709913555456.000000 -1.205323100 4.120382309 0.471854210 -0.626824737 -0.017432649 0.210564181 0.749966383
1403636709963555584.000000 -1.194328666 4.157970905 0.501798630 -0.626233459 -0.017115088 0.209685907 0.750713408
1403636710013555456.000000 -1.186354518 4.177522182 0.526396275 -0.625399649 -0.016406063 0.209981576 0.751341403
1403636710063555584.000000 -1.179568529 4.198338032 0.546619892 -0.624897301 -0.015900744 0.209310263 0.751957357
1403636710113555456.000000 -1.170273423 4.217223167 0.572476625 -0.624252260 -0.015189351 0.208421826 0.752754152
1403636710163555584.000000 -1.160270214 4.246665001 0.605155706 -0.623511434 -0.015136140 0.207502887 0.753622591
1403636710213555456.000000 -1.153815150 4.264694691 0.633561134 -0.622693002 -0.014728634 0.206609428 0.754552245
1403636710263555584.000000 -1.149007201 4.287303925 0.663914442 -0.621161878 -0.013042027 0.207334355 0.755645692
1403636710313555456.000000 -1.146390557 4.304920673 0.695658684 -0.618616402 -0.007713369 0.210815892 0.756842792
1403636710363555584.000000 -1.142173171 4.330755234 0.730408669 -0.614685416 -0.002130260 0.216513067 0.758471847
1403636710413555456.000000 -1.141903400 4.347535133 0.764083624 -0.610115290 0.002838029 0.220698848 0.760949016
1403636710463555584.000000 -1.142373443 4.368591785 0.798643589 -0.604641736 0.006680613 0.224523097 0.764168262
1403636710513555456.000000 -1.144104004 4.385032654 0.832649231 -0.598589420 0.010309363 0.227240741 0.768079519
1403636710563555584.000000 -1.146801591 4.405482769 0.866917372 -0.592777193 0.012562416 0.228267625 0.772237897
1403636710613555456.000000 -1.150320172 4.421565533 0.899316072 -0.587581396 0.014415730 0.227933034 0.776264727
1403636710663555584.000000 -1.155650377 4.441685677 0.932628155 -0.581656814 0.015039276 0.226585895 0.781094134
1403636710713555456.000000 -1.160688877 4.457965851 0.963456392 -0.576174319 0.015013439 0.223110020 0.786142349
1403636710763555584.000000 -1.171134472 4.464623928 0.988498926 -0.570304811 0.015079374 0.219072431 0.791537941
1403636710813555456.000000 -1.174472928 4.480717659 1.016572952 -0.564837515 0.012358468 0.211527035 0.797535121
1403636710863555584.000000 -1.175846219 4.496593475 1.042818546 0.558565855 -0.008617920 -0.204507351 -0.803807676
1403636710913555456.000000 -1.174640417 4.528306961 1.077283621 -0.551825821 0.004664458 0.198371843 0.810009360
1403636710963555584.000000 -1.173221111 4.543417454 1.101521015 -0.546052396 0.002013256 0.191844925 0.815486550
1403636711013555456.000000 -1.172529936 4.558583736 1.125587225 -0.541248024 -0.003561041 0.184547186 0.820353687
1403636711063555584.000000 -1.168431878 4.572816849 1.148693800 -0.536499023 -0.004551239 0.180857435 0.824280739
1403636711113555456.000000 -1.164643645 4.589102745 1.174989462 -0.533257246 -0.006972594 0.175828844 0.827449322
1403636711163555584.000000 -1.158627748 4.601971149 1.197786093 -0.530583858 -0.007297231 0.172369182 0.829889417
1403636711213555456.000000 -1.153955460 4.609686375 1.216556311 -0.528476596 -0.007440333 0.169746429 0.831771255
1403636711263555584.000000 -1.147586107 4.620112896 1.239749432 -0.526825845 -0.007458715 0.168179542 0.833135366
1403636711313555456.000000 -1.140114903 4.634728432 1.271684647 -0.524831831 -0.005078875 0.168962300 0.834252656
1403636711363555584.000000 -1.132133245 4.642621994 1.294772148 -0.523476005 -0.002482748 0.170061156 0.834892809
1403636711413555456.000000 -1.122192502 4.650629997 1.320632458 -0.523145020 0.003475711 0.169673905 0.835175514
1403636711463555584.000000 -1.111018777 4.656453609 1.343121290 -0.523564577 0.011107010 0.167941511 0.835196137
1403636711513555456.000000 -1.102012038 4.656662941 1.358793974 -0.524556398 0.017483167 0.165673882 0.834917486
1403636711563555584.000000 -1.090237379 4.660388470 1.380919695 -0.526717246 0.020908805 0.161610976 0.834274352
1403636711613555456.000000 -1.076230288 4.666034698 1.414048910 -0.528555512 0.022382200 0.158853963 0.833602786
1403636711663555584.000000 -1.064570427 4.666102886 1.436195374 -0.530200839 0.022467434 0.156990334 0.832908392
1403636711713555456.000000 -1.052875996 4.663245201 1.459797144 -0.531923413 0.020223975 0.155757099 0.832098663
1403636711763555584.000000 -1.040735483 4.659310818 1.481786489 -0.532733202 0.019351801 0.156643331 0.831434727
1403636711813555456.000000 -1.028663874 4.651568413 1.504767179 -0.532737434 0.018280117 0.159970790 0.830822527
1403636711863555584.000000 -1.016513228 4.643746853 1.526655912 -0.531614482 0.017283151 0.165551409 0.830469847
1403636711913555456.000000 -1.004679918 4.635401726 1.548177242 0.529793561 -0.016783670 -0.172892019 -0.830147862
1403636711963555584.000000 -0.991150439 4.624425411 1.569091320 0.528024316 -0.016560929 -0.180046305 -0.829758644
1403636712013555456.000000 -0.976929724 4.612175941 1.588911295 0.526151419 -0.017526917 -0.187168583 -0.829352438
1403636712063555584.000000 -0.961674988 4.599327087 1.607538700 0.524366558 -0.018947659 -0.193405926 -0.829020441
1403636712113555456.000000 -0.945353627 4.586213112 1.624639750 0.523515046 -0.020778125 -0.196490943 -0.828789294
1403636712163555584.000000 -0.927834213 4.571733952 1.640817881 0.522992373 -0.022104746 -0.197247788 -0.828905165
1403636712213555456.000000 -0.907947719 4.549111366 1.656594038 -0.522576630 0.020043092 0.192777231 0.830270350
1403636712263555584.000000 -0.889239669 4.534901142 1.670046806 -0.520682514 0.016843976 0.186485678 0.832964063
1403636712313555456.000000 -0.869156599 4.519989014 1.682746172 -0.517684519 0.014779018 0.179006994 0.836505175
1403636712363555584.000000 -0.848492742 4.504113674 1.694699049 -0.513678670 0.012225159 0.171857983 0.840505600
1403636712413555456.000000 -0.827019870 4.486851215 1.705881119 -0.509634435 0.010959548 0.166222125 0.844110727
1403636712463555584.000000 -0.804636061 4.468331337 1.716236830 -0.505579233 0.010658108 0.160756543 0.847604513
1403636712513555456.000000 -0.781212807 4.448292732 1.726298571 -0.501069069 0.010545950 0.156917199 0.850996852
1403636712563555584.000000 -0.757477164 4.427019596 1.735746384 -0.496745318 0.011383319 0.154555514 0.853947997
1403636712613555456.000000 -0.734352350 4.403813362 1.745239019 -0.492487252 0.014396168 0.152459294 0.856741071
1403636712663555584.000000 -0.712821901 4.379026413 1.754771948 -0.488304645 0.018758330 0.151516154 0.859214604
1403636712713555456.000000 -0.692876756 4.353057861 1.764146090 -0.484743357 0.022550063 0.150730193 0.861275733
1403636712763555584.000000 -0.674603343 4.325392246 1.773243189 -0.481265515 0.024526313 0.150552705 0.863201022
1403636712813555456.000000 -0.658052564 4.296450138 1.782381296 -0.478517592 0.024598429 0.151017562 0.864644229
1403636712863555584.000000 -0.642913520 4.265215397 1.791085005 -0.476320088 0.022916097 0.152048230 0.865722477
1403636712913555456.000000 -0.629535615 4.233535290 1.798825264 -0.474636197 0.020975910 0.153059855 0.866517842
1403636712963555584.000000 -0.617846906 4.199998856 1.806189775 -0.473607212 0.017873900 0.153715819 0.867034197
1403636713013555456.000000 -0.606861293 4.166100025 1.813327789 -0.473650306 0.015182588 0.152767256 0.867229581
1403636713063555584.000000 -0.595023274 4.130650043 1.819484472 -0.472999007 0.016096553 0.153479740 0.867442787
1403636713113555456.000000 -0.581609786 4.093351841 1.824732065 -0.471581787 0.017299516 0.154898509 0.867938817
1403636713163555584.000000 -0.567413092 4.054562569 1.828227878 -0.470287532 0.016725449 0.156207234 0.868417680
1403636713213555456.000000 -0.551753998 4.015598774 1.830800653 -0.469445765 0.015984681 0.158056796 0.868552446
1403636713263555584.000000 -0.535785079 3.988454342 1.833254695 0.468213081 -0.013855300 -0.159940571 -0.868909419
1403636713313555456.000000 -0.516160429 3.936851978 1.832159877 -0.468637705 0.012678102 0.160113975 0.868666589
1403636713363555584.000000 -0.495912582 3.897006989 1.831319332 -0.468361378 0.010809096 0.161338136 0.868614376
1403636713413555456.000000 -0.474053383 3.857609749 1.830780625 -0.467808664 0.011471555 0.163489565 0.868501365
1403636713463555584.000000 -0.451359868 3.817502499 1.829043746 -0.467530459 0.011516748 0.165335745 0.868301094
1403636713513555456.000000 -0.428532839 3.778378487 1.825552225 -0.466970146 0.011727296 0.167781115 0.868130744
1403636713563555584.000000 -0.405506968 3.738622427 1.822039127 -0.466565639 0.012819826 0.170219049 0.867858112
1403636713613555456.000000 -0.384725362 3.699162960 1.818394542 -0.465861171 0.012602126 0.174538374 0.867381692
1403636713663555584.000000 -0.365763664 3.660287142 1.814227104 -0.465366930 0.012319926 0.178067863 0.866933525
1403636713713555456.000000 -0.348291725 3.621037722 1.810284853 -0.464910686 0.012778298 0.181563601 0.866446495
1403636713763555584.000000 -0.332753837 3.583221197 1.805700064 -0.464745402 0.013186458 0.184836492 0.865836799
1403636713813555456.000000 -0.318392366 3.545413017 1.800582051 -0.464630246 0.013223231 0.187195450 0.865391135
1403636713863555584.000000 -0.305786848 3.506661892 1.794660091 -0.465425521 0.013169282 0.187703282 0.864854455
1403636713913555456.000000 -0.296171814 3.481553793 1.789409757 0.466526628 -0.011542129 -0.186658591 -0.864510417
1403636713963555584.000000 -0.286974818 3.444643497 1.781752825 0.467966408 -0.010030559 -0.185100034 -0.864086151
1403636714013555456.000000 -0.279714823 3.407562733 1.773436308 0.469288468 -0.008211495 -0.184518605 -0.863512516
1403636714063555584.000000 -0.273536503 3.371258259 1.765547395 0.472038567 -0.006398529 -0.180174381 -0.862946033
1403636714113555456.000000 -0.268498570 3.336866617 1.757360220 0.473351508 -0.005467928 -0.179705173 -0.862330854
1403636714163555584.000000 -0.264614910 3.290631056 1.750005722 -0.475262910 0.004964851 0.178568572 0.861518323
1403636714213555456.000000 -0.262667745 3.271046877 1.743150711 0.476003289 -0.006152415 -0.178306967 -0.861156046
1403636714263555584.000000 -0.261209548 3.223388195 1.735751867 -0.476692140 0.008443895 0.180029556 0.860396862
1403636714313555456.000000 -0.261328101 3.188906193 1.729694128 -0.476907641 0.009860229 0.182124585 0.859821260
1403636714363555584.000000 -0.262864709 3.153846264 1.722058773 -0.477370530 0.009319062 0.183507204 0.859276235
1403636714413555456.000000 -0.264605373 3.118688107 1.713616848 -0.477586985 0.005942659 0.185129240 0.858837962
1403636714463555584.000000 -0.269404441 3.084271431 1.706572056 -0.476146400 0.001893567 0.187061459 0.859237492
1403636714513555456.000000 -0.272038341 3.049989939 1.698925018 -0.473484099 -0.002190298 0.188487381 0.860395610
1403636714563555584.000000 -0.277181357 3.030077696 1.690529823 0.468715519 0.005319370 -0.190308630 -0.862589180
1403636714613555456.000000 -0.283312261 2.998309135 1.682864189 0.463284433 0.008426100 -0.190380022 -0.865477920
1403636714663555584.000000 -0.288246900 2.967645884 1.674079537 0.457347333 0.011112136 -0.188230604 -0.869068027
1403636714713555456.000000 -0.291611969 2.925828934 1.664803624 -0.450195640 -0.012957154 0.185752928 0.873299479
1403636714763555584.000000 -0.294105709 2.911935329 1.656354666 0.441404372 0.015149771 -0.181939140 -0.878539085
1403636714813555456.000000 -0.293435365 2.871480227 1.645848274 -0.432858825 -0.016591473 0.175483331 0.884060860
1403636714863555584.000000 -0.294853747 2.855422497 1.636901379 0.423145056 0.017621556 -0.168003023 -0.890175700
1403636714913555456.000000 -0.287532747 2.833063126 1.624469280 0.412627339 0.019524327 -0.162211969 -0.896127701
1403636714963555584.000000 -0.281075478 2.810406685 1.613310218 0.401695132 0.020976465 -0.157397375 -0.901901960
1403636715013555456.000000 -0.273298293 2.776638031 1.601543784 -0.392422050 -0.021907242 0.152371064 0.906812072
1403636715063555584.000000 -0.264385104 2.756949186 1.590880156 -0.383461088 -0.023030140 0.148149624 0.911306202
1403636715113555456.000000 -0.253407627 2.739672184 1.582554936 -0.376261532 -0.025167927 0.143546820 0.914979935
1403636715163555584.000000 -0.254940748 2.740295410 1.585460901 0.369585842 0.025397670 -0.140735075 -0.918125749
1403636715213555456.000000 -0.230585426 2.703331947 1.565946341 -0.364818633 -0.026191417 0.138634011 0.920327127
1403636715263555584.000000 -0.220205083 2.701568365 1.560217857 0.360115200 0.025148464 -0.137469485 -0.922381043
1403636715313555456.000000 -0.208359748 2.684840441 1.555349827 0.356617421 0.022565452 -0.137131006 -0.923856020
1403636715363555584.000000 -0.198659569 2.671298981 1.551848888 0.354167521 0.020664629 -0.136339739 -0.924959421
1403636715413555456.000000 -0.190680355 2.642909527 1.548949718 -0.352255493 -0.015586552 0.137869656 0.925562024
1403636715463555584.000000 -0.200614810 2.653784513 1.560086250 0.350587994 0.010486683 -0.138549373 -0.926165283
1403636715513555456.000000 -0.181197435 2.617948055 1.547115326 -0.348504156 -0.005442940 0.143765301 0.926200211
1403636715563555584.000000 -0.201248795 2.624060869 1.548247814 0.345174611 -0.000352735 -0.148935497 -0.926645875
1403636715613555456.000000 -0.193842098 2.613267183 1.557730198 0.345038027 -0.001955225 -0.152183235 -0.926166952
1403636715663555584.000000 -0.180489764 2.584589005 1.543489575 -0.346341550 0.005301327 0.150945187 0.925869823
1403636715713555456.000000 -0.203427941 2.592973471 1.543196440 0.348582476 -0.009770072 -0.143670604 -0.926149905
1403636715763555584.000000 -0.184566081 2.566638947 1.538925409 -0.352689415 0.012504907 0.138662875 0.925325096
1403636715813555456.000000 -0.187941656 2.558102369 1.534305692 -0.355816573 0.015263281 0.133290723 0.924875796
1403636715863555584.000000 -0.188074231 2.547240496 1.528706193 -0.358058035 0.018290408 0.129456639 0.924500406
1403636715913555456.000000 -0.207230121 2.554175138 1.522714138 0.360042214 -0.021037776 -0.123663895 -0.924464345
1403636715963555584.000000 -0.184748441 2.521386862 1.513420343 -0.362803638 0.022793656 0.123366855 0.923382163
1403636716013555456.000000 -0.183038145 2.506945610 1.504152298 -0.364068091 0.023850705 0.122853056 0.922926188
1403636716063555584.000000 -0.180097908 2.492290974 1.494072676 -0.365349054 0.023304395 0.123224713 0.922384262
1403636716113555456.000000 -0.175827220 2.476150513 1.482313037 -0.365755439 0.022829738 0.125881359 0.921876192
1403636716163555584.000000 -0.172588170 2.459221840 1.469553590 -0.365980059 0.018739872 0.129596651 0.921364307
1403636716213555456.000000 -0.190874428 2.459011316 1.457686663 0.365245938 -0.013833281 -0.133138627 -0.921237350
1403636716263555584.000000 -0.165904626 2.421968699 1.441061974 -0.367159396 0.009815412 0.136735931 0.920000553
1403636716313555456.000000 -0.163705200 2.402404308 1.426963806 -0.368133545 0.006443564 0.139031991 0.919296622
1403636716363555584.000000 -0.164481029 2.385806799 1.411704063 -0.369262010 0.004113195 0.140993759 0.918558359
1403636716413555456.000000 -0.167598695 2.368802309 1.395986438 -0.370488971 0.003702220 0.141791701 0.917943060
1403636716463555584.000000 -0.172661245 2.350163698 1.381101727 -0.371675521 0.002566383 0.142169043 0.917408705
1403636716513555456.000000 -0.178985745 2.345079660 1.365907431 0.372625977 -0.002702533 -0.142459944 -0.916977525
1403636716563555584.000000 -0.184454545 2.314609051 1.351665258 -0.373662472 0.002654014 0.140161932 0.916910052
1403636716613555456.000000 -0.192064360 2.295834064 1.338633657 -0.372747898 0.002031675 0.138549462 0.917528749
1403636716663555584.000000 -0.200710520 2.279402256 1.325953841 -0.370136976 0.002319309 0.136809483 0.918845236
1403636716713555456.000000 -0.210270405 2.258456469 1.313373685 -0.366293907 0.002124836 0.134881094 0.920669019
1403636716763555584.000000 -0.219896257 2.240295649 1.303773522 -0.361515701 0.002879747 0.133337662 0.922778010
1403636716813555456.000000 -0.233191475 2.222192764 1.291617393 -0.355074257 0.003090294 0.131377369 0.925555408
1403636716863555584.000000 -0.244536132 2.203744888 1.279132128 -0.347578347 0.002974660 0.129445225 0.928668141
1403636716913555456.000000 -0.255731791 2.184196234 1.266161442 -0.338800877 0.002975048 0.126982898 0.932244897
1403636716963555584.000000 -0.264442146 2.167703867 1.252706647 -0.328861684 0.001567902 0.123274937 0.936296403
1403636717013555456.000000 -0.271526664 2.153241873 1.238304853 -0.318580389 0.001843727 0.119394556 0.940344691
1403636717063555584.000000 -0.299608231 2.156926870 1.224755287 0.307081312 -0.001180986 -0.114061847 -0.944822609
1403636717113555456.000000 -0.304157287 2.143006802 1.210138917 0.296874791 -0.000919221 -0.109955020 -0.948564410
1403636717163555584.000000 -0.307513833 2.125309706 1.194818020 0.288787276 -0.000251870 -0.105661236 -0.951544881
1403636717213555456.000000 -0.309323967 2.110409737 1.180201054 0.281556338 0.000439304 -0.101937018 -0.954114616
1403636717263555584.000000 -0.313477933 2.095066309 1.164057493 0.276359141 0.001463334 -0.096722789 -0.956173718
1403636717313555456.000000 -0.315594256 2.080605030 1.147742629 0.272869259 0.003511100 -0.090458296 -0.957782567
1403636717363555584.000000 -0.315684438 2.068174601 1.133051276 0.270983160 0.005036638 -0.082725465 -0.959009588
1403636717413555456.000000 -0.317537785 2.055706978 1.118343115 0.269577593 0.006293999 -0.076226451 -0.959936380
1403636717463555584.000000 -0.319530189 2.038606405 1.103610635 0.268182635 0.006863952 -0.072277240 -0.960628450
1403636717513555456.000000 -0.324734181 2.020075321 1.088317156 0.266739994 0.007286751 -0.071144670 -0.961111486
1403636717563555584.000000 -0.328441709 2.001488209 1.075982332 0.264916062 0.006114801 -0.072572157 -0.961517274
1403636717613555456.000000 -0.335902393 1.979069948 1.063287616 0.262988567 0.005397622 -0.076008081 -0.961785138
1403636717663555584.000000 -0.343214720 1.953650117 1.052316427 0.262510210 0.004194167 -0.077333748 -0.961816192
1403636717713555456.000000 -0.352702439 1.929993868 1.041906953 0.262170404 0.003010375 -0.078797281 -0.961794496
1403636717763555584.000000 -0.362475127 1.903884292 1.031513691 0.262364656 0.004544217 -0.075924277 -0.961966574
1403636717813555456.000000 -0.370980918 1.878007293 1.022142291 0.260750741 0.005307990 -0.074428774 -0.962518215
1403636717863555584.000000 -0.379114866 1.850022793 1.013328314 0.257822007 0.006480600 -0.071570739 -0.963516176
1403636717913555456.000000 -0.386071801 1.819993258 1.004974484 0.253490716 0.007139022 -0.068562388 -0.964878619
1403636717963555584.000000 -0.389227778 1.791002870 0.997103512 0.248420939 0.007445932 -0.064937547 -0.966444373
1403636718013555456.000000 -0.390131146 1.757820964 0.988964498 0.241388813 0.007301500 -0.062182259 -0.968406737
1403636718063555584.000000 -0.390242189 1.724577785 0.977773190 0.233192265 0.007417771 -0.060129702 -0.970541537
1403636718113555456.000000 -0.389727056 1.690008759 0.968848407 0.222884521 0.006055390 -0.060487337 -0.972947717
1403636718163555584.000000 -0.388500094 1.654542923 0.962308109 0.212354943 0.005483951 -0.061165716 -0.975261092
1403636718213555456.000000 -0.388443768 1.619444013 0.954401493 0.202764153 0.004739949 -0.061781824 -0.977265179
1403636718263555584.000000 -0.390230149 1.583109379 0.942995191 0.194312021 0.004591840 -0.062290739 -0.978949308
1403636718313555456.000000 -0.393616349 1.547438860 0.936501145 0.186477676 0.004610561 -0.063318871 -0.980405867
1403636718363555584.000000 -0.399817050 1.511899233 0.931209445 0.178653270 0.004397866 -0.062869892 -0.981891572
1403636718413555456.000000 -0.405938774 1.476687670 0.924893916 0.170409814 0.004997801 -0.062840275 -0.983354867
1403636718463555584.000000 -0.414335191 1.439915657 0.918582857 0.161642060 0.004424093 -0.063579366 -0.984789312
1403636718513555456.000000 -0.423891157 1.404049754 0.915609598 0.153063282 0.003867375 -0.062582128 -0.986225247
1403636718563555584.000000 -0.435256124 1.367503047 0.912012637 0.144967243 0.003377078 -0.063541800 -0.987388313
1403636718613555456.000000 -0.447330505 1.332481027 0.910528600 0.137492150 0.003362651 -0.064916626 -0.988367558
1403636718663555584.000000 -0.459359109 1.297769308 0.907939434 0.129979417 0.002956950 -0.068499289 -0.989143312
1403636718713555456.000000 -0.473672569 1.264003992 0.906117022 0.123558968 0.003484637 -0.070849583 -0.989798725
1403636718763555584.000000 -0.486687362 1.230623960 0.903192937 0.118810251 0.003007371 -0.070674993 -0.990393996
1403636718813555456.000000 -0.500984490 1.198524117 0.900029480 0.116282620 0.003984765 -0.066564672 -0.990975142
1403636718863555584.000000 -0.515094638 1.168545365 0.898510695 0.115305111 0.004954938 -0.060033143 -0.991502047
1403636718913555456.000000 -0.527458906 1.140027404 0.895387411 0.114709266 0.005165179 -0.054236535 -0.991903961
1403636718963555584.000000 -0.537497759 1.110755920 0.891207099 0.114742376 0.004907070 -0.048688710 -0.992189229
1403636719013555456.000000 -0.546156168 1.084782004 0.887462676 0.114522494 0.004727379 -0.044753347 -0.992400885
1403636719063555584.000000 -0.553131282 1.058030248 0.882408798 0.114201203 0.003021024 -0.042423267 -0.992546916
1403636719113555456.000000 -0.556830883 1.030055404 0.877058327 0.114318430 0.000840399 -0.040324382 -0.992625117
1403636719163555584.000000 -0.558792531 0.999934137 0.868999898 0.114197344 -0.002512305 -0.039721299 -0.992660522
1403636719213555456.000000 -0.560084343 0.971518338 0.862902343 0.114351034 -0.005873447 -0.039692804 -0.992629766
1403636719263555584.000000 -0.562674642 0.945635974 0.857322574 0.114702441 -0.009210459 -0.039657157 -0.992565334
1403636719313555456.000000 -0.568190396 0.919875920 0.852138281 0.114352956 -0.012058935 -0.042030465 -0.992477477
1403636719363555584.000000 -0.575272143 0.894295275 0.845301092 0.114737347 -0.014695740 -0.042311247 -0.992385626
1403636719413555456.000000 -0.583575249 0.867433846 0.838711917 0.114980854 -0.016321000 -0.043335222 -0.992287874
1403636719463555584.000000 -0.593145370 0.839469075 0.831358850 0.115349472 -0.017369498 -0.044732481 -0.992165267
1403636719513555456.000000 -0.604013622 0.813056827 0.826651812 0.115796179 -0.017534284 -0.045984406 -0.992053092
1403636719563555584.000000 -0.616446197 0.787688136 0.821669817 0.116417490 -0.014730141 -0.047026299 -0.991977155
1403636719613555456.000000 -0.630556881 0.761489272 0.815497458 0.116514310 -0.012434212 -0.049497236 -0.991876960
1403636719663555584.000000 -0.641749799 0.735655844 0.807863712 0.117652386 -0.008670291 -0.050038695 -0.991755486
1403636719713555456.000000 -0.651967227 0.709182441 0.796467304 0.118762396 -0.005195056 -0.051403984 -0.991577685
1403636719763555584.000000 -0.659678459 0.683904052 0.787039578 0.120072089 -0.002851737 -0.052627340 -0.991365254
1403636719813555456.000000 -0.665342152 0.656874657 0.775161862 0.121375956 -0.000762545 -0.053902000 -0.991141796
1403636719863555584.000000 -0.668331563 0.629932642 0.760942400 0.122731008 -0.000196017 -0.054880109 -0.990921438
1403636719913555456.000000 -0.671571791 0.605018735 0.746933460 0.123913012 0.000329980 -0.055922743 -0.990716040
1403636719963555584.000000 -0.674139082 0.580012918 0.732596874 0.124759145 0.001985371 -0.057025947 -0.990544975
1403636720013555456.000000 -0.678930104 0.555610478 0.719510257 0.126335233 0.002435351 -0.056779183 -0.990358353
1403636720063555584.000000 -0.683779597 0.531541526 0.706746161 0.126683533 0.003019401 -0.057455271 -0.990273297
1403636720113555456.000000 -0.689075351 0.506906092 0.694067776 0.127425298 0.003546948 -0.057243455 -0.990188599
1403636720163555584.000000 -0.696198463 0.484115213 0.683494925 0.127813190 0.004764657 -0.057489820 -0.990119219
1403636720213555456.000000 -0.705249846 0.460953802 0.672220170 0.127548754 0.004768478 -0.058346480 -0.990103245
1403636720263555584.000000 -0.715056360 0.440023243 0.660988986 0.127414316 0.004561258 -0.058493868 -0.990112782
1403636720313555456.000000 -0.725388646 0.418935895 0.650539637 0.127083912 0.004338763 -0.059191301 -0.990114808
1403636720363555584.000000 -0.737095654 0.399042994 0.640072882 0.126725331 0.004348545 -0.058821820 -0.990182757
1403636720413555456.000000 -0.749120712 0.380680501 0.631149411 0.125994980 0.004305932 -0.059031703 -0.990263641
1403636720463555584.000000 -0.761130929 0.361571759 0.621874571 0.125102952 0.004685684 -0.059653915 -0.990337729
1403636720513555456.000000 -0.772324920 0.343286872 0.613590658 0.124410883 0.005085628 -0.059972730 -0.990403652
1403636720563555584.000000 -0.780938148 0.325207472 0.602153301 0.123315930 0.004917933 -0.060581237 -0.990504384
1403636720613555456.000000 -0.787744522 0.309378564 0.591737032 0.123093463 0.005840811 -0.059366554 -0.990600586
1403636720663555584.000000 -0.793933570 0.294577748 0.580923021 0.121833660 0.005641798 -0.059914473 -0.990724504
1403636720713555456.000000 -0.798220992 0.278695405 0.568292201 0.122092448 0.004200506 -0.059533536 -0.990722775
1403636720763555584.000000 -0.799868643 0.263969034 0.555661440 0.123141266 0.004432308 -0.060785871 -0.990515888
1403636720813555456.000000 -0.801323712 0.251100510 0.544402957 0.126274690 0.004784015 -0.061589856 -0.990069985
1403636720863555584.000000 -0.802934766 0.239179283 0.532424390 0.131014705 0.005234471 -0.061816845 -0.989437401
1403636720913555456.000000 -0.806062937 0.227906197 0.521297336 0.136902258 0.005294522 -0.063668095 -0.988522232
1403636720963555584.000000 -0.809850693 0.215962842 0.508734584 0.143287495 0.004205687 -0.065773755 -0.987484097
1403636721013555456.000000 -0.815367103 0.204499930 0.497842073 0.148802742 0.002506203 -0.069022402 -0.986451983
1403636721063555584.000000 -0.821834147 0.193635836 0.487521976 0.155139029 0.000477999 -0.071824491 -0.985278070
1403636721113555456.000000 -0.830051363 0.181582645 0.477211893 0.162198618 -0.000677666 -0.074975468 -0.983905435
1403636721163555584.000000 -0.839052260 0.172408700 0.467287898 0.170818433 -0.002829918 -0.077022105 -0.982283413
1403636721213555456.000000 -0.849284112 0.163297042 0.457359523 0.178836197 -0.004210884 -0.080035180 -0.980609179
1403636721263555584.000000 -0.857064784 0.154913858 0.447278589 0.186062068 -0.007195901 -0.082774587 -0.979018688
1403636721313555456.000000 -0.864518106 0.147083521 0.437488973 0.192545071 -0.007304878 -0.084744550 -0.977594733
1403636721363555584.000000 -0.869151235 0.139789551 0.425247729 0.198730722 -0.007473462 -0.086305052 -0.976218045
1403636721413555456.000000 -0.872590303 0.133736491 0.411689490 0.203967735 -0.008168170 -0.086825661 -0.975085557
1403636721463555584.000000 -0.875112832 0.126326174 0.397842109 0.208273500 -0.007794762 -0.088169307 -0.974057317
1403636721513555456.000000 -0.876352072 0.119640984 0.380628765 0.213555053 -0.006697610 -0.088666655 -0.972875953
1403636721563555584.000000 -0.878784120 0.114234157 0.367720217 0.219013453 -0.005719873 -0.090059064 -0.971539974
1403636721613555456.000000 -0.883045256 0.108878583 0.353197217 0.224756092 -0.004393627 -0.090603538 -0.970183730
1403636721663555584.000000 -0.888363004 0.102839276 0.340608180 0.229521304 -0.002844318 -0.091376759 -0.969000638
1403636721713555456.000000 -0.894250274 0.096291743 0.326396614 0.233376011 -0.003298184 -0.091229498 -0.968091905
1403636721763555584.000000 -0.902026117 0.089237884 0.312207073 0.236839935 -0.002114892 -0.090304680 -0.967340410
1403636721813555456.000000 -0.910984099 0.081936397 0.298856229 0.238765761 -0.002349268 -0.090718769 -0.966827571
1403636721863555584.000000 -0.920601904 0.074937522 0.285253644 0.239778474 -0.003051705 -0.091576375 -0.966494083
1403636721913555456.000000 -0.931317866 0.068563998 0.272956759 0.240560874 -0.003051871 -0.091461331 -0.966310561
1403636721963555584.000000 -0.942240000 0.061584339 0.262037665 0.241580501 -0.002458174 -0.088715725 -0.966313839
1403636722013555456.000000 -0.952082694 0.053696841 0.248539850 0.242651924 -0.001504511 -0.085365780 -0.966349065
1403636722063555584.000000 -0.959605694 0.045251001 0.235166773 0.243247598 -0.000621874 -0.082306445 -0.966465652
1403636722113555456.000000 -0.966291368 0.037110448 0.220819190 0.242574334 -0.000128987 -0.081513226 -0.966702282
1403636722163555584.000000 -0.971243501 0.027834775 0.206910938 0.241367579 -0.000083709 -0.082871020 -0.966888905
1403636722213555456.000000 -0.974385023 0.017918985 0.191553295 0.240073115 -0.000111845 -0.083858728 -0.967126012
1403636722263555584.000000 -0.976363599 0.008513716 0.175726980 0.238617882 0.000051228 -0.085296974 -0.967360318
1403636722313555456.000000 -0.978716731 -0.000885188 0.161144450 0.237048477 -0.000797802 -0.086626060 -0.967627645
1403636722363555584.000000 -0.980840027 -0.012094798 0.146834791 0.236590609 -0.000545610 -0.087397851 -0.967670560
1403636722413555456.000000 -0.985231996 -0.023135263 0.131843030 0.237904951 -0.000198867 -0.087665886 -0.967324078
1403636722463555584.000000 -0.990195036 -0.032788061 0.118068174 0.240215525 -0.000698544 -0.088108689 -0.966712475
1403636722513555456.000000 -0.996889234 -0.044687752 0.103340611 0.242460400 -0.000976543 -0.089373089 -0.966035485
1403636722563555584.000000 -1.003681660 -0.057415482 0.089464143 0.244706079 -0.000753072 -0.090111688 -0.965400577
1403636722613555456.000000 -1.012064815 -0.069026470 0.076473534 0.246894255 -0.000201979 -0.089288831 -0.964920044
1403636722663555584.000000 -1.020249009 -0.080241427 0.064107783 0.248672843 0.000392061 -0.089351527 -0.964457333
1403636722713555456.000000 -1.028969049 -0.089260355 0.052030921 0.250217915 0.000253472 -0.088906169 -0.964098930
1403636722763555584.000000 -1.039204836 -0.100607701 0.040099896 0.251704186 0.001100889 -0.088097155 -0.963785648
1403636722813555456.000000 -1.047618508 -0.113149278 0.026991142 0.252598614 0.002088200 -0.087674111 -0.963588536
1403636722863555584.000000 -1.053726554 -0.125128746 0.014117397 0.253529280 0.002281633 -0.086931758 -0.963410914
1403636722913555456.000000 -1.058574796 -0.137653768 0.001622822 0.253555834 0.002276288 -0.088089429 -0.963298798
1403636722963555584.000000 -1.061630368 -0.150571749 -0.011441696 0.253107280 0.002429900 -0.089341797 -0.963301063
1403636723013555456.000000 -1.062331915 -0.164542452 -0.026713952 0.252365440 0.001433411 -0.091038845 -0.963338852
1403636723063555584.000000 -1.060847759 -0.176875353 -0.039892063 0.251588851 -0.000034565 -0.093020104 -0.963353753
1403636723113555456.000000 -1.058914900 -0.190093204 -0.054144260 0.251236022 -0.000503709 -0.093895867 -0.963360727
1403636723163555584.000000 -1.057449102 -0.202311710 -0.068893671 0.251320809 -0.000717293 -0.094109602 -0.963317573
1403636723213555456.000000 -1.056898594 -0.214727849 -0.082723141 0.251327068 -0.000695920 -0.094696105 -0.963258505
1403636723263555584.000000 -1.057610154 -0.227309227 -0.097148560 0.251782805 0.000452833 -0.093773864 -0.963229835
1403636723313555456.000000 -1.059896231 -0.240456074 -0.109280638 0.253021061 0.000813728 -0.091603786 -0.963113964
1403636723363555584.000000 -1.062833428 -0.252740949 -0.121808648 0.254945159 0.001048023 -0.091213338 -0.962643325
1403636723413555456.000000 -1.066969156 -0.265509248 -0.133863702 0.258936822 0.001077205 -0.089986391 -0.961692810
1403636723463555584.000000 -1.071281791 -0.277496755 -0.146421030 0.264322758 -0.000154471 -0.088352814 -0.960378766
1403636723513555456.000000 -1.074874640 -0.290389478 -0.158470422 0.270022094 -0.003945461 -0.089137048 -0.958711207
1403636723563555584.000000 -1.078089476 -0.303597957 -0.169344530 0.275030166 -0.010803034 -0.091375217 -0.957022607
1403636723613555456.000000 -1.080575109 -0.317853659 -0.182965919 0.279558301 -0.017573921 -0.093226209 -0.955430388
1403636723663555584.000000 -1.081885219 -0.333381563 -0.197018877 0.283517003 -0.019027961 -0.095625423 -0.953997850
1403636723713555456.000000 -1.082680702 -0.350069553 -0.210841984 0.286802292 -0.015576567 -0.097960919 -0.952840745
1403636723763555584.000000 -1.082153440 -0.367935359 -0.226761177 0.289978176 -0.011410238 -0.100973070 -0.951623321
1403636723813555456.000000 -1.081911087 -0.385985196 -0.243171543 0.291934341 -0.007295929 -0.104952127 -0.950634658
1403636723863555584.000000 -1.083050132 -0.404562980 -0.259973526 0.293869436 -0.004184476 -0.107851461 -0.949732244
1403636723913555456.000000 -1.085558772 -0.424178243 -0.275781810 0.295431852 -0.001110166 -0.110714868 -0.948926210
1403636723963555584.000000 -1.088795781 -0.443514615 -0.290562689 0.296813071 0.002688006 -0.113764629 -0.948131025
1403636724013555456.000000 -1.094772935 -0.461153686 -0.304997087 0.299305618 0.006734750 -0.115838319 -0.947075665
1403636724063555584.000000 -1.100861311 -0.478709936 -0.318629563 0.303057522 0.009919172 -0.118495189 -0.945524573
1403636724113555456.000000 -1.108757257 -0.494213820 -0.332387805 0.308054179 0.013547981 -0.121178329 -0.943522632
1403636724163555584.000000 -1.116892695 -0.510265172 -0.344431043 0.314662993 0.013948807 -0.122503519 -0.941161871
1403636724213555456.000000 -1.125395179 -0.526103675 -0.355437756 0.321373940 0.014881852 -0.126095429 -0.938401461
1403636724263555584.000000 -1.135403395 -0.540109336 -0.366433561 0.329495817 0.014792955 -0.128589988 -0.935242414
1403636724313555456.000000 -1.146278501 -0.553978562 -0.376567453 0.338444889 0.013978641 -0.130065933 -0.931849003
1403636724363555584.000000 -1.158032298 -0.567565858 -0.385753930 0.347436875 0.012069227 -0.131960765 -0.928293228
1403636724413555456.000000 -1.167706847 -0.579804897 -0.394340634 0.356666505 0.009350005 -0.133294255 -0.924626529
1403636724463555584.000000 -1.174597025 -0.595263600 -0.404732794 0.364154786 0.007398129 -0.135176033 -0.921446741
1403636724513555456.000000 -1.179018378 -0.609225035 -0.413194448 0.371184766 0.005134020 -0.135134786 -0.918658912
1403636724563555584.000000 -1.182786107 -0.620892704 -0.421759546 0.376645714 0.002963644 -0.135834351 -0.916339636
1403636724613555456.000000 -1.183068633 -0.634447634 -0.429871053 0.381262332 0.002681405 -0.136790216 -0.914286792
1403636724663555584.000000 -1.180544019 -0.647169113 -0.438304394 0.384751707 0.002088956 -0.137426078 -0.912729919
1403636724713555456.000000 -1.177322745 -0.659634709 -0.447734594 0.387263238 0.002003293 -0.138557389 -0.911496103
1403636724763555584.000000 -1.171705127 -0.673000693 -0.457102627 0.389046133 0.002418540 -0.139600664 -0.910576224
1403636724813555456.000000 -1.163571954 -0.687604308 -0.467300117 0.390085071 0.003169484 -0.140488222 -0.909992695
1403636724863555584.000000 -1.153849483 -0.700872183 -0.478327572 0.390219420 0.003798848 -0.141851604 -0.909721136
1403636724913555456.000000 -1.141844273 -0.715771735 -0.489860237 0.389439821 0.003825587 -0.143895403 -0.909734130
1403636724963555584.000000 -1.128322482 -0.728122413 -0.500991642 0.388139933 0.003675013 -0.146360472 -0.909896970
1403636725013555456.000000 -1.113390326 -0.742282808 -0.513072729 0.386441827 0.002730168 -0.148857191 -0.910218060
1403636725063555584.000000 -1.095916510 -0.755358934 -0.525764644 0.385017127 0.001399776 -0.150616616 -0.910535336
1403636725113555456.000000 -1.077094316 -0.769195795 -0.538764000 0.383622169 0.001069746 -0.152245879 -0.910853565
1403636725163555584.000000 -1.057725430 -0.782464385 -0.553791761 0.382217824 0.001283575 -0.154077709 -0.911135554
1403636725213555456.000000 -1.039254665 -0.795475781 -0.570035696 0.381920487 0.001431534 -0.153296560 -0.911391795
1403636725263555584.000000 -1.022541881 -0.807528675 -0.584582448 0.381012559 0.001652887 -0.153610855 -0.911718428
1403636725313555456.000000 -1.007342577 -0.818922400 -0.599757671 0.381520808 0.002979963 -0.151743308 -0.911815226
1403636725363555584.000000 -0.993640900 -0.829896331 -0.613505960 0.381563038 0.003564866 -0.150683358 -0.911971211
1403636725413555456.000000 -0.980431736 -0.840942323 -0.626214385 0.382102966 0.003936892 -0.148852631 -0.912044287
1403636725463555584.000000 -0.969121873 -0.851184428 -0.638514996 0.382324517 0.004161519 -0.148134440 -0.912067413
1403636725513555456.000000 -0.958486676 -0.860741556 -0.649561763 0.382797778 0.004875495 -0.146728054 -0.912092626
1403636725563555584.000000 -0.949221134 -0.869765580 -0.658229828 0.383264720 0.005904946 -0.146269947 -0.911964059
1403636725613555456.000000 -0.940733910 -0.879431427 -0.668604255 0.383832544 0.006290342 -0.144926965 -0.911937058
1403636725663555584.000000 -0.934183061 -0.888002157 -0.677342355 0.384207338 0.004742960 -0.144267038 -0.911893249
1403636725713555456.000000 -0.928473651 -0.895543635 -0.685693145 0.384295970 0.004241052 -0.144707158 -0.911788583
1403636725763555584.000000 -0.924649894 -0.903941989 -0.692421198 0.384226441 0.004692403 -0.144773200 -0.911805272
1403636725813555456.000000 -0.922654390 -0.912428439 -0.698829412 0.384217322 0.004404384 -0.144378304 -0.911873102
1403636725863555584.000000 -0.922806859 -0.919609845 -0.703528523 0.383542866 0.005581608 -0.145402700 -0.911987901
1403636725913555456.000000 -0.923414648 -0.927628636 -0.708935142 0.382598698 0.004623918 -0.147065312 -0.912123203
1403636725963555584.000000 -0.924732149 -0.935957849 -0.713877320 0.381901026 0.004878823 -0.147695750 -0.912312388
1403636726013555456.000000 -0.927390277 -0.943357706 -0.717496753 0.381380379 0.003680977 -0.147933111 -0.912497342
1403636726063555584.000000 -0.930633426 -0.948488712 -0.719927311 0.381186187 0.003588323 -0.146890074 -0.912747324
1403636726113555456.000000 -0.935601413 -0.954668164 -0.722137690 0.381249070 0.003682650 -0.145533562 -0.912937939
1403636726163555584.000000 -0.941268325 -0.961038709 -0.725469291 0.381277919 0.002205582 -0.143949240 -0.913181722
1403636726213555456.000000 -0.946761727 -0.968392372 -0.727726936 0.381005526 0.001583635 -0.143255949 -0.913405776
1403636726263555584.000000 -0.953003883 -0.975578129 -0.729064107 0.380864382 0.001779569 -0.142031237 -0.913655460
1403636726313555456.000000 -0.959087491 -0.982804418 -0.730308771 0.380217731 0.001395570 -0.141638860 -0.913986325
1403636726363555584.000000 -0.963461399 -0.988533139 -0.732660532 0.380101055 0.000545391 -0.140289515 -0.914243817
1403636726413555456.000000 -0.965476036 -0.995461464 -0.734399080 0.379452109 0.000081080 -0.139730975 -0.914599061
1403636726463555584.000000 -0.965192497 -1.001578808 -0.737963557 0.378608525 -0.000950826 -0.139827490 -0.914933324
1403636726513555456.000000 -0.963295341 -1.008178115 -0.742256284 0.377291977 -0.002426936 -0.141664043 -0.915191889
1403636726563555584.000000 -0.959445596 -1.014665604 -0.747824490 0.374511689 -0.006297810 -0.147161141 -0.915448010
1403636726613555456.000000 -0.955277920 -1.020205975 -0.753885686 0.371181667 -0.010600086 -0.154470026 -0.915560484
1403636726663555584.000000 -0.949737012 -1.025758147 -0.760936856 0.368427485 -0.015862316 -0.160186380 -0.915614545
1403636726713555456.000000 -0.943747163 -1.031080484 -0.771203756 0.367857724 -0.016294098 -0.160904720 -0.915710092
1403636726763555584.000000 -0.935117304 -1.035170317 -0.783218384 0.368940830 -0.015791494 -0.157314420 -0.915906966
1403636726813555456.000000 -0.925367773 -1.038755178 -0.797070563 0.370333284 -0.013807420 -0.151939183 -0.916284442
1403636726863555584.000000 -0.913996816 -1.045593381 -0.812582195 0.370562136 -0.011983886 -0.145846292 -0.917207181
1403636726913555456.000000 -0.903475106 -1.050450921 -0.828135014 0.370150954 -0.010101379 -0.141223505 -0.918118834
1403636726963555584.000000 -0.889736176 -1.054898739 -0.844009101 0.369265467 -0.008788997 -0.137894809 -0.918994486
1403636727013555456.000000 -0.875621200 -1.059200883 -0.860299289 0.368352890 -0.008473561 -0.136102960 -0.919630587
1403636727063555584.000000 -0.859361351 -1.063885450 -0.877388656 0.368049890 -0.007822076 -0.133592367 -0.920125663
1403636727113555456.000000 -0.845006168 -1.068609476 -0.893922508 0.367558569 -0.006519110 -0.131529629 -0.920629263
1403636727163555584.000000 -0.832763076 -1.074908018 -0.910806537 0.367645442 -0.004574980 -0.128871992 -0.920982122
1403636727213555456.000000 -0.819988012 -1.081014395 -0.925955057 0.367869586 -0.002895572 -0.126372516 -0.921245694
1403636727263555584.000000 -0.810102165 -1.086894393 -0.941298723 0.368191421 -0.001327840 -0.123956785 -0.921448946
1403636727313555456.000000 -0.800542712 -1.094359398 -0.956741810 0.368806869 0.000409235 -0.121449292 -0.921537519
1403636727363555584.000000 -0.791418612 -1.102523685 -0.970953465 0.368722260 0.002417317 -0.121105358 -0.921613634
1403636727413555456.000000 -0.784185708 -1.110175371 -0.984464526 0.368862242 0.002992827 -0.120141402 -0.921682060
1403636727463555584.000000 -0.776843131 -1.119228721 -0.998438001 0.369165093 0.003296877 -0.119064867 -0.921699464
1403636727513555456.000000 -0.770029545 -1.128869057 -1.012283325 0.368646026 0.001084225 -0.120369017 -0.921743095
1403636727563555584.000000 -0.760622859 -1.139691710 -1.025582552 0.367613077 -0.001652291 -0.123290189 -0.921768665
1403636727613555456.000000 -0.751472950 -1.150323510 -1.039458632 0.367414206 -0.003529109 -0.123860605 -0.921766222
1403636727663555584.000000 -0.740566432 -1.161863685 -1.052047968 0.366672128 -0.004591279 -0.125834733 -0.921789646
1403636727713555456.000000 -0.727545977 -1.173097491 -1.065396905 0.366706610 -0.002905270 -0.126112804 -0.921744764
1403636727763555584.000000 -0.711868525 -1.185198903 -1.079540133 0.366968185 -0.001842304 -0.125367880 -0.921745002
1403636727813555456.000000 -0.696553051 -1.198106408 -1.093279600 0.367178112 -0.000705902 -0.124172986 -0.921824753
1403636727863555584.000000 -0.678923249 -1.211775899 -1.108434200 0.369024158 0.002132016 -0.119923465 -0.921648026
1403636727913555456.000000 -0.661009908 -1.225976110 -1.121030807 0.370719552 0.003910435 -0.115649417 -0.921508014
1403636727963555584.000000 -0.644551277 -1.241247416 -1.133449078 0.371150255 0.004424722 -0.114588082 -0.921464920
1403636728013555456.000000 -0.628823757 -1.258294582 -1.145755053 0.370875031 0.004279254 -0.116034649 -0.921395361
1403636728063555584.000000 -0.615230143 -1.277092934 -1.157783628 0.370393366 0.003793263 -0.117770694 -0.921370983
1403636728113555456.000000 -0.603042960 -1.294265151 -1.166353226 0.369487137 0.000964978 -0.120581545 -0.921378553
1403636728163555584.000000 -0.593222141 -1.313335538 -1.176395655 0.369414508 -0.000707586 -0.121870406 -0.921238363
1403636728213555456.000000 -0.583173633 -1.331542492 -1.184217691 0.368917108 -0.002450675 -0.123295665 -0.921244979
1403636728263555584.000000 -0.575094342 -1.351139426 -1.191578150 0.368735313 -0.003516879 -0.124261089 -0.921184659
1403636728313555456.000000 -0.567926884 -1.369815111 -1.198292494 0.368341297 -0.003862357 -0.125810415 -0.921130598
1403636728363555584.000000 -0.563561141 -1.388991833 -1.203933239 0.368606627 -0.003376900 -0.125708967 -0.921040177
1403636728413555456.000000 -0.561096907 -1.410645485 -1.210101366 0.367106080 -0.004473618 -0.129645735 -0.921089113
1403636728463555584.000000 -0.559030354 -1.431924820 -1.213501215 0.365291119 -0.007368800 -0.135322466 -0.920975566
1403636728513555456.000000 -0.557430089 -1.453304768 -1.218445539 0.362934619 -0.009719933 -0.142273873 -0.920837820
1403636728563555584.000000 -0.557479858 -1.476010680 -1.225747585 0.361092985 -0.010614243 -0.145662710 -0.921022058
1403636728613555456.000000 -0.557560742 -1.496360421 -1.232204556 0.358918279 -0.011867779 -0.147075757 -0.921632051
1403636728663555584.000000 -0.558262348 -1.516941667 -1.239236355 0.357270747 -0.009761525 -0.142926708 -0.922948658
1403636728713555456.000000 -0.558275163 -1.536104083 -1.245101810 0.354715258 -0.008061104 -0.136790708 -0.924878657
1403636728763555584.000000 -0.556633294 -1.555854201 -1.251567841 0.350392163 -0.006194788 -0.130784795 -0.927406192
1403636728813555456.000000 -0.554247439 -1.574154973 -1.259235144 0.345037460 -0.004174900 -0.124399498 -0.930299222
1403636728863555584.000000 -0.549229264 -1.593527913 -1.266893029 0.339390010 -0.003197993 -0.119513825 -0.933017015
1403636728913555456.000000 -0.544377744 -1.612796068 -1.275956273 0.334042579 -0.003592194 -0.114569917 -0.935562134
1403636728963555584.000000 -0.539635658 -1.633043289 -1.284914255 0.329054654 -0.004271820 -0.111646384 -0.937677920
1403636729013555456.000000 -0.537534952 -1.653347850 -1.293358803 0.324417353 -0.005390187 -0.108838752 -0.939616203
1403636729063555584.000000 -0.536111474 -1.674778461 -1.301341295 0.320660293 -0.006661801 -0.105821982 -0.941240847
1403636729113555456.000000 -0.535722852 -1.698258996 -1.308674335 0.317027926 -0.007685356 -0.104174301 -0.942646265
1403636729163555584.000000 -0.536362886 -1.719199657 -1.314318657 0.314316720 -0.007306892 -0.102695242 -0.943718910
1403636729213555456.000000 -0.539503336 -1.741554499 -1.322878599 0.311652601 -0.005443489 -0.102951385 -0.944586754
1403636729263555584.000000 -0.543024719 -1.765405416 -1.332284093 0.308876693 -0.005182432 -0.104548849 -0.945324302
1403636729313555456.000000 -0.547705472 -1.790385723 -1.341263771 0.307579219 -0.004887369 -0.104093120 -0.945799053
1403636729363555584.000000 -0.553033650 -1.814131021 -1.347247601 0.306287974 -0.005276289 -0.104593642 -0.946160674
1403636729413555456.000000 -0.558075488 -1.838569760 -1.354631424 0.305840015 -0.005896761 -0.103783846 -0.946391106
1403636729463555584.000000 -0.562745929 -1.862523675 -1.363593340 0.305377811 -0.006116121 -0.103469886 -0.946573317
1403636729513555456.000000 -0.565517783 -1.888749242 -1.373496771 0.304852933 -0.006249314 -0.103567317 -0.946730971
1403636729563555584.000000 -0.567811370 -1.915999770 -1.386808515 0.304302484 -0.005944477 -0.104139559 -0.946847200
1403636729613555456.000000 -0.567793787 -1.942749262 -1.398843408 0.303993970 -0.005158964 -0.104379639 -0.946924448
1403636729663555584.000000 -0.567800283 -1.972272754 -1.410885811 0.303840697 -0.004710329 -0.104789466 -0.946930766
1403636729713555456.000000 -0.565235376 -2.002674103 -1.424786687 0.303371459 -0.005391683 -0.105926789 -0.946951032
1403636729763555584.000000 -0.561310828 -2.032395124 -1.438571453 0.303682208 -0.003385378 -0.106099948 -0.946841359
1403636729813555456.000000 -0.558436394 -2.060092449 -1.449993253 0.303756446 -0.001546017 -0.107306182 -0.946686387
1403636729863555584.000000 -0.554116845 -2.092762947 -1.463930130 0.303993851 0.001231594 -0.107732140 -0.946562290
1403636729913555456.000000 -0.552226901 -2.120274067 -1.475139618 0.303487957 0.002287020 -0.110178553 -0.946441054
1403636729963555584.000000 -0.552726626 -2.147870541 -1.486999512 0.303723752 0.004322241 -0.109736323 -0.946409702
1403636730013555456.000000 -0.555023491 -2.177280903 -1.496555090 0.303445995 0.005523581 -0.111071140 -0.946336806
1403636730063555584.000000 -0.557656527 -2.204679966 -1.507916212 0.303033739 0.006268817 -0.111411184 -0.946424246
1403636730113555456.000000 -0.562199354 -2.231298447 -1.518675804 0.302434593 0.006780866 -0.111515686 -0.946600020
1403636730163555584.000000 -0.568545580 -2.256374598 -1.528238773 0.302064329 0.006169123 -0.112455361 -0.946611285
1403636730213555456.000000 -0.574202716 -2.281706572 -1.535827279 0.302067637 0.007546665 -0.111987643 -0.946655750
1403636730263555584.000000 -0.577760577 -2.305974007 -1.542373300 0.301724076 0.007686485 -0.111743368 -0.946793020
1403636730313555456.000000 -0.584874570 -2.331570387 -1.548800707 0.300937891 0.006499203 -0.113355078 -0.946860492
1403636730363555584.000000 -0.592733622 -2.356907368 -1.555966139 0.300459802 0.006903421 -0.113525406 -0.946989059
1403636730413555456.000000 -0.599477112 -2.381628990 -1.561482906 0.300305814 0.008358959 -0.113174453 -0.947068214
1403636730463555584.000000 -0.605853379 -2.405325413 -1.566198587 0.299417585 0.011682983 -0.114649251 -0.947136879
1403636730513555456.000000 -0.610989690 -2.429316282 -1.571894884 0.299286455 0.015798604 -0.114559077 -0.947129548
1403636730563555584.000000 -0.613313437 -2.451757431 -1.576927781 0.298346221 0.019539893 -0.116599284 -0.947107375
1403636730613555456.000000 -0.614761829 -2.474798203 -1.581431270 0.297658175 0.022125077 -0.117892645 -0.947106898
1403636730663555584.000000 -0.613387108 -2.496124744 -1.585703850 0.297309011 0.023412969 -0.118819624 -0.947069764
1403636730713555456.000000 -0.607750654 -2.517439127 -1.588545442 0.296841145 0.024296351 -0.119233049 -0.947142363
1403636730763555584.000000 -0.602290034 -2.535282373 -1.590310097 0.297112823 0.025627613 -0.118915863 -0.947061956
1403636730813555456.000000 -0.594627261 -2.555187702 -1.596230865 0.296863735 0.026067514 -0.118630134 -0.947163880
1403636730863555584.000000 -0.584139168 -2.577801704 -1.602863073 0.296233356 0.026076388 -0.120829850 -0.947082937
1403636730913555456.000000 -0.575745225 -2.594127417 -1.605825305 0.295184553 0.025478086 -0.124498025 -0.946951568
1403636730963555584.000000 -0.566875279 -2.611174583 -1.607287645 0.293850750 0.022537835 -0.128958434 -0.946843982
1403636731013555456.000000 -0.557816446 -2.629669666 -1.609235764 0.292684525 0.019527255 -0.133580789 -0.946631253
1403636731063555584.000000 -0.549791753 -2.645114183 -1.609486818 0.291392088 0.012034089 -0.138388634 -0.946464181
1403636731113555456.000000 -0.542428374 -2.658658266 -1.610338330 0.291367859 0.004484661 -0.140251547 -0.946263373
1403636731163555584.000000 -0.537603378 -2.671207666 -1.610037327 0.291645348 -0.001211963 -0.140686870 -0.946123064
1403636731213555456.000000 -0.531539321 -2.683560610 -1.611110687 0.293152660 -0.004216236 -0.138025135 -0.946040630
1403636731263555584.000000 -0.529055536 -2.694356680 -1.609662652 0.295339435 -0.006137713 -0.133277982 -0.946030676
1403636731313555456.000000 -0.525958419 -2.703729868 -1.613993645 0.297829419 -0.006132510 -0.127981067 -0.945981443
1403636731363555584.000000 -0.526580930 -2.712316990 -1.615964651 0.299624771 -0.005329685 -0.124071784 -0.945940197
1403636731413555456.000000 -0.527881026 -2.721779346 -1.617274046 0.301515311 -0.002682841 -0.119648099 -0.945920587
1403636731463555584.000000 -0.529353321 -2.730084896 -1.620839953 0.302195907 -0.002696136 -0.118005231 -0.945909739
1403636731513555456.000000 -0.531686723 -2.738546610 -1.623465657 0.301782638 -0.002202041 -0.119381145 -0.945870340
1403636731563555584.000000 -0.536551833 -2.745050192 -1.626150846 0.300074846 -0.003065085 -0.123380966 -0.945897877
1403636731613555456.000000 -0.540665865 -2.751826763 -1.628121853 0.299158216 -0.004243465 -0.126184106 -0.945813954
1403636731663555584.000000 -0.547067523 -2.754954815 -1.628509164 0.298159540 -0.004934754 -0.128599718 -0.945800543
1403636731713555456.000000 -0.555641294 -2.757000208 -1.628250957 0.298508257 -0.004923029 -0.128056556 -0.945764303
1403636731763555584.000000 -0.563654304 -2.759747505 -1.630260706 0.299514413 -0.003529329 -0.125302806 -0.945821285
1403636731813555456.000000 -0.572276771 -2.765517235 -1.633779764 0.300143629 -0.002894887 -0.123477563 -0.945864022
1403636731863555584.000000 -0.581240654 -2.768855572 -1.637298107 0.300754130 -0.001825952 -0.121156611 -0.945972979
1403636731913555456.000000 -0.591526508 -2.770773649 -1.639741182 0.300859392 -0.001580907 -0.119368427 -0.946167231
1403636731963555584.000000 -0.603783369 -2.773916483 -1.642908335 0.300810784 -0.002184566 -0.118800282 -0.946253002
1403636732013555456.000000 -0.614564776 -2.779797077 -1.647545338 0.300715178 -0.002178181 -0.118099079 -0.946371138
1403636732063555584.000000 -0.628510296 -2.781648636 -1.648208857 0.300861567 -0.003352612 -0.116704039 -0.946494222
1403636732113555456.000000 -0.641736031 -2.788047552 -1.651007414 0.300484955 -0.003651785 -0.117197968 -0.946551740
1403636732163555584.000000 -0.658028364 -2.787951946 -1.651537538 0.300412357 -0.003478478 -0.116090663 -0.946711898
1403636732213555456.000000 -0.673530817 -2.790577412 -1.654963970 0.300449610 -0.004839838 -0.115008526 -0.946826160
1403636732263555584.000000 -0.689083695 -2.793798923 -1.656666994 0.300817639 -0.005008918 -0.112914741 -0.946960390
1403636732313555456.000000 -0.703105330 -2.795478344 -1.658529758 0.300156236 -0.006231578 -0.113533057 -0.947089076
1403636732363555584.000000 -0.714919567 -2.796303988 -1.662848949 0.300813824 -0.004841993 -0.111161441 -0.947169900
1403636732413555456.000000 -0.725111246 -2.796921253 -1.669498801 0.302402407 -0.004913541 -0.106503978 -0.947198868
1403636732463555584.000000 -0.731811523 -2.802853107 -1.677660704 0.304889262 -0.004878231 -0.099006988 -0.947215080
1403636732513555456.000000 -0.736979842 -2.812052488 -1.689249516 0.307754606 -0.004855825 -0.090003662 -0.947186828
1403636732563555584.000000 -0.739476204 -2.820337057 -1.698633313 0.309847772 -0.005643545 -0.083180390 -0.947123885
1403636732613555456.000000 -0.741636038 -2.831614733 -1.711534739 0.311444044 -0.006943777 -0.077526927 -0.947071314
1403636732663555584.000000 -0.741425633 -2.842942953 -1.721530080 0.311129719 -0.009481208 -0.077033572 -0.947192848
1403636732713555456.000000 -0.740644217 -2.855624914 -1.728864193 0.309738964 -0.012588156 -0.079996563 -0.947366834
1403636732763555584.000000 -0.738998294 -2.869576454 -1.739518046 0.307825416 -0.014414179 -0.084329985 -0.947588682
1403636732813555456.000000 -0.736492872 -2.881885052 -1.746574521 0.305877656 -0.016901337 -0.088648841 -0.947784126
1403636732863555584.000000 -0.733913720 -2.895735502 -1.756859422 0.305064112 -0.017683793 -0.090411775 -0.947865486
1403636732913555456.000000 -0.733054340 -2.911313772 -1.768484235 0.304257989 -0.017081672 -0.091737799 -0.948008239
1403636732963555584.000000 -0.734061301 -2.934888124 -1.781466961 0.303418249 -0.015400231 -0.093291782 -0.948154449
1403636733013555456.000000 -0.738266945 -2.953816652 -1.790739536 0.302624851 -0.012849189 -0.094487943 -0.948327541
1403636733063555584.000000 -0.739654958 -2.974030972 -1.802777290 0.302146316 -0.010175707 -0.095287159 -0.948432624
1403636733113555456.000000 -0.739883065 -3.000241518 -1.818207741 0.301340401 -0.006528799 -0.096795477 -0.948568404
1403636733163555584.000000 -0.741733611 -3.022226572 -1.831996083 0.302217066 -0.005517311 -0.094092309 -0.948567927
1403636733213555456.000000 -0.740317881 -3.045483828 -1.845811605 0.301766634 -0.004229482 -0.094388731 -0.948688507
1403636733263555584.000000 -0.737457633 -3.070884228 -1.860117197 0.301476270 -0.003272359 -0.093650475 -0.948857784
1403636733313555456.000000 -0.734581470 -3.096332550 -1.873783350 0.300466090 -0.003341379 -0.095410436 -0.949002564
1403636733363555584.000000 -0.734286964 -3.121559858 -1.891452670 0.299168855 -0.001976914 -0.097762339 -0.949176848
1403636733413555456.000000 -0.728265703 -3.148218870 -1.906127214 0.297738343 -0.000205889 -0.099998362 -0.949395716
1403636733463555584.000000 -0.718731403 -3.178278923 -1.925790906 0.296687663 0.000749048 -0.103090934 -0.949393630
1403636733513555456.000000 -0.709951043 -3.204967737 -1.943294048 0.296097308 0.002630852 -0.104078032 -0.949466825
1403636733563555584.000000 -0.699180365 -3.230916977 -1.959202409 0.295559019 0.003831113 -0.105367601 -0.949488282
1403636733613555456.000000 -0.690259516 -3.255792618 -1.973707318 0.295279860 0.005401819 -0.104762062 -0.949634433
1403636733663555584.000000 -0.682887316 -3.282017708 -1.988137960 0.294624895 0.006036165 -0.106775336 -0.949609816
1403636733713555456.000000 -0.676913500 -3.313006639 -2.005294561 0.294323176 0.007189510 -0.106899753 -0.949681401
1403636733763555584.000000 -0.674326658 -3.342824936 -2.021678925 0.294283539 0.007685283 -0.106192954 -0.949769080
1403636733813555456.000000 -0.670730829 -3.367997646 -2.034588337 0.293712616 0.009463470 -0.107252158 -0.949810743
1403636733863555584.000000 -0.669692457 -3.396583796 -2.046263695 0.293449163 0.010273799 -0.107501499 -0.949855506
1403636733913555456.000000 -0.669760048 -3.426116467 -2.060890436 0.293902189 0.009721756 -0.105640776 -0.949930072
1403636733963555584.000000 -0.667352319 -3.446962595 -2.068553209 0.295259416 0.008736348 -0.102084450 -0.949907541
1403636734013555456.000000 -0.666781962 -3.472276926 -2.078233242 0.295993835 0.006056088 -0.099940628 -0.949927866
1403636734063555584.000000 -0.668145418 -3.505220652 -2.091629744 0.296640754 0.003732234 -0.099228553 -0.949812651
1403636734113555456.000000 -0.667774498 -3.532617092 -2.101290464 0.296942890 0.001290775 -0.100070745 -0.949636340
1403636734163555584.000000 -0.668336809 -3.560101032 -2.110580206 0.297139853 0.000563189 -0.100273803 -0.949553967
1403636734213555456.000000 -0.669726670 -3.586287737 -2.119629145 0.296466708 -0.000204628 -0.101656586 -0.949617505
1403636734263555584.000000 -0.670270979 -3.610075474 -2.128499985 0.295524269 -0.001356963 -0.102540143 -0.949815333
1403636734313555456.000000 -0.669834018 -3.640740395 -2.139351606 0.294536024 -0.000789834 -0.104384810 -0.949921966
1403636734363555584.000000 -0.666771293 -3.669623613 -2.148081303 0.293688506 0.000203326 -0.105762646 -0.950032294
1403636734413555456.000000 -0.658316016 -3.697405815 -2.159445524 0.292537272 0.001198811 -0.107633732 -0.950176597
1403636734463555584.000000 -0.648551941 -3.724846601 -2.168707371 0.291824043 0.003020371 -0.108248971 -0.950321972
1403636734513555456.000000 -0.639993370 -3.749027252 -2.181049347 0.290934265 0.004315644 -0.109138742 -0.950488031
1403636734563555584.000000 -0.635839581 -3.771879911 -2.189121485 0.290190995 0.006362268 -0.109873883 -0.950618982
1403636734613555456.000000 -0.630290270 -3.796664000 -2.201784372 0.289262414 0.008105555 -0.110709712 -0.950791776
1403636734663555584.000000 -0.627754152 -3.822654009 -2.213261843 0.288972586 0.010143343 -0.110308342 -0.950906992
1403636734713555456.000000 -0.626763999 -3.847362757 -2.222486019 0.288566321 0.011099319 -0.109667875 -0.951093733
1403636734763555584.000000 -0.625662208 -3.873002291 -2.230056524 0.288353205 0.011096401 -0.108250506 -0.951320767
1403636734813555456.000000 -0.627227724 -3.900217533 -2.239007473 0.287629664 0.012021829 -0.108643331 -0.951483786
1403636734863555584.000000 -0.630502820 -3.923341274 -2.245131254 0.286879152 0.011994047 -0.108600423 -0.951715529
1403636734913555456.000000 -0.633753419 -3.944670439 -2.252274990 0.286008507 0.012042461 -0.108995460 -0.951931834
1403636734963555584.000000 -0.638134420 -3.968607187 -2.257314205 0.285545230 0.011998134 -0.109664991 -0.951994598
1403636735013555456.000000 -0.643676579 -3.994297981 -2.262369871 0.285687059 0.012156631 -0.108519129 -0.952081263
1403636735063555584.000000 -0.650376260 -4.018513680 -2.267064333 0.285373032 0.011335690 -0.108981997 -0.952132702
1403636735113555456.000000 -0.655851781 -4.043602467 -2.270903349 0.285290569 0.011030619 -0.109705865 -0.952077925
1403636735163555584.000000 -0.660327196 -4.065410614 -2.273240089 0.284883887 0.010757447 -0.110938847 -0.952059925
1403636735213555456.000000 -0.663313806 -4.087477207 -2.278042555 0.284826010 0.011445067 -0.112126425 -0.951930106
1403636735263555584.000000 -0.662937999 -4.112662792 -2.286565781 0.284613162 0.012205047 -0.113998309 -0.951761961
1403636735313555456.000000 -0.660911441 -4.132920265 -2.287891388 0.284767479 0.013154339 -0.115872674 -0.951476753
1403636735363555584.000000 -0.656249046 -4.153982639 -2.292462349 0.285180241 0.013821909 -0.117392264 -0.951157331
1403636735413555456.000000 -0.649660707 -4.175813198 -2.297417879 0.286585242 0.012358030 -0.116985597 -0.950805247
1403636735463555584.000000 -0.638151586 -4.192866802 -2.299608707 0.287850946 0.010958161 -0.118214995 -0.950287819
1403636735513555456.000000 -0.625519514 -4.212443829 -2.305660725 0.289929539 0.010297563 -0.117624760 -0.949736416
1403636735563555584.000000 -0.612753212 -4.231419086 -2.311719894 0.291862011 0.008993839 -0.117233329 -0.949206054
1403636735613555456.000000 -0.598563492 -4.249531746 -2.317412853 0.293695241 0.008138172 -0.116628893 -0.948722601
1403636735663555584.000000 -0.584627628 -4.267195225 -2.323338509 0.295633018 0.008009803 -0.116421856 -0.948147178
1403636735713555456.000000 -0.571619511 -4.282343388 -2.328246832 0.296535820 0.008627092 -0.117619425 -0.947711885
1403636735763555584.000000 -0.561425567 -4.298937321 -2.335656643 0.297965825 0.009481300 -0.117093630 -0.947320223
1403636735813555456.000000 -0.551764727 -4.312565327 -2.340248108 0.298591435 0.008973671 -0.118208274 -0.946989715
1403636735863555584.000000 -0.544339478 -4.326127052 -2.341784716 0.299289405 0.008384860 -0.117893301 -0.946814060
1403636735913555456.000000 -0.538985968 -4.339035034 -2.343850613 0.299465060 0.007875599 -0.117951207 -0.946755648
1403636735963555584.000000 -0.533720076 -4.352673054 -2.344640732 0.299989849 0.007870302 -0.117311105 -0.946669042
1403636736013555456.000000 -0.527614832 -4.366662502 -2.346335173 0.298926324 0.007293014 -0.115645736 -0.947214842
1403636736063555584.000000 -0.523345530 -4.378346443 -2.347514629 0.296316683 0.006795608 -0.113684498 -0.948275328
1403636736113555456.000000 -0.514200032 -4.389717102 -2.348703861 0.292071044 0.004507157 -0.112301901 -0.949769735
1403636736163555584.000000 -0.503228545 -4.404026508 -2.350646257 0.286817312 0.002673444 -0.109675176 -0.951682806
1403636736213555456.000000 -0.495372713 -4.420765400 -2.355107546 0.280914754 0.000642324 -0.107376635 -0.953706920
1403636736263555584.000000 -0.482184142 -4.432734489 -2.354703188 0.275442094 -0.000051597 -0.104996681 -0.955566525
1403636736313555456.000000 -0.473282129 -4.444962502 -2.359395027 0.270569503 -0.000342632 -0.102273732 -0.957252443
1403636736363555584.000000 -0.462449074 -4.456829071 -2.362457275 0.266450286 -0.000362162 -0.099655449 -0.958682954
1403636736413555456.000000 -0.453307509 -4.466977596 -2.363957405 0.262791455 -0.000077806 -0.097697265 -0.959893703
1403636736463555584.000000 -0.443831474 -4.480757236 -2.369492769 0.260737926 0.000703994 -0.093016535 -0.960917890
1403636736513555456.000000 -0.438445717 -4.493780136 -2.370800257 0.259560317 0.001161935 -0.087560542 -0.961748600
1403636736563555584.000000 -0.435167432 -4.506176472 -2.373133183 0.258521736 0.001713366 -0.082811505 -0.962447882
1403636736613555456.000000 -0.432623506 -4.513954639 -2.373310089 0.257886708 0.002211250 -0.078902319 -0.962945461
1403636736663555584.000000 -0.430128783 -4.525410175 -2.374254942 0.256928563 0.001680073 -0.077205226 -0.963340163
1403636736713555456.000000 -0.427805662 -4.534866333 -2.374227285 0.256228954 0.001403059 -0.075537570 -0.963659167
1403636736763555584.000000 -0.424376488 -4.539913177 -2.371391535 0.255477935 0.002421370 -0.074836068 -0.963911235
1403636736813555456.000000 -0.425508380 -4.552967072 -2.371038914 0.254878402 0.001747133 -0.073355205 -0.964185178
1403636736863555584.000000 -0.425159812 -4.569592953 -2.371192455 0.253446192 0.001023785 -0.074368045 -0.964486063
1403636736913555456.000000 -0.425754249 -4.586354256 -2.370948076 0.252620459 0.002252226 -0.073582865 -0.964760840
1403636736963555584.000000 -0.425072849 -4.596128941 -2.365696907 0.250911027 0.001712852 -0.075353049 -0.965071321
1403636737013555456.000000 -0.427981347 -4.613385677 -2.362702847 0.248552233 0.001011816 -0.078582928 -0.965425074
1403636737063555584.000000 -0.428192317 -4.635748386 -2.356820822 0.246313348 -0.000284544 -0.081117474 -0.965789676
1403636737113555456.000000 -0.434164792 -4.654328346 -2.351047516 0.243664324 -0.002342369 -0.084521778 -0.966166794
1403636737163555584.000000 -0.438093752 -4.676638126 -2.346711874 0.241938502 -0.002423432 -0.085278302 -0.966533780
1403636737213555456.000000 -0.443047136 -4.697228909 -2.341061115 0.240182564 -0.002648646 -0.086133912 -0.966895163
1403636737263555584.000000 -0.450207889 -4.717397213 -2.337604284 0.237976432 -0.002700247 -0.088358223 -0.967239797
1403636737313555456.000000 -0.457968295 -4.736099243 -2.334801674 0.236798912 -0.000411513 -0.087994531 -0.967565536
1403636737363555584.000000 -0.462961853 -4.754258633 -2.328433037 0.235063732 0.001053252 -0.089198999 -0.967877805
1403636737413555456.000000 -0.468372047 -4.775662899 -2.325251579 0.233691692 0.003223786 -0.089136280 -0.968211055
1403636737463555584.000000 -0.468263686 -4.794900417 -2.325489044 0.232345715 0.005529592 -0.089511029 -0.968489885
1403636737513555456.000000 -0.468360484 -4.813620567 -2.323846817 0.231651470 0.007530949 -0.088668481 -0.968720198
1403636737563555584.000000 -0.467960179 -4.834482670 -2.324359894 0.230321676 0.007961790 -0.090272032 -0.968885720
1403636737613555456.000000 -0.466057718 -4.851184368 -2.324078083 0.229007706 0.008455290 -0.092497818 -0.968983114
1403636737663555584.000000 -0.459877223 -4.874971390 -2.327821970 0.227084860 0.008843076 -0.096180387 -0.969073594
1403636737713555456.000000 -0.456471533 -4.891121864 -2.328381538 0.225777194 0.009489063 -0.099593520 -0.969028234
1403636737763555584.000000 -0.447068185 -4.909790039 -2.332735300 0.224742413 0.009399489 -0.102116302 -0.969007134
1403636737813555456.000000 -0.438098818 -4.926115036 -2.338364124 0.223905995 0.009320356 -0.104869694 -0.968907475
1403636737863555584.000000 -0.427253157 -4.941534996 -2.343719482 0.223632872 0.009034236 -0.106412180 -0.968805075
1403636737913555456.000000 -0.412883162 -4.955608368 -2.348736048 0.223648787 0.009024394 -0.106943987 -0.968742907
1403636737963555584.000000 -0.397630274 -4.970894337 -2.354791164 0.223848268 0.008535597 -0.107501358 -0.968639553
1403636738013555456.000000 -0.378431976 -4.984570980 -2.360697746 0.224714682 0.008165644 -0.107397296 -0.968453646
1403636738063555584.000000 -0.358128518 -4.993339062 -2.365370989 0.225747794 0.008682896 -0.106902361 -0.968263626
1403636738113555456.000000 -0.337967992 -4.999736309 -2.370197058 0.227575272 0.008206793 -0.103694655 -0.968188882
1403636738163555584.000000 -0.319357038 -5.010447502 -2.375167847 0.228832811 0.007287815 -0.102494158 -0.968027592
1403636738213555456.000000 -0.300885499 -5.013408661 -2.375477552 0.230354205 0.006626827 -0.100805819 -0.967848778
1403636738263555584.000000 -0.286306024 -5.025702000 -2.378921032 0.231307715 0.006527338 -0.100791350 -0.967623472
1403636738313555456.000000 -0.272710323 -5.025429249 -2.377344370 0.232307494 0.006786607 -0.100264311 -0.967436969
1403636738363555584.000000 -0.261566162 -5.030202389 -2.377879858 0.233235598 0.007003421 -0.100758992 -0.967160642
1403636738413555456.000000 -0.250844002 -5.033784866 -2.376856327 0.233902007 0.007319153 -0.101085566 -0.966963351
1403636738463555584.000000 -0.241294086 -5.033381462 -2.373959064 0.235784426 0.007867778 -0.101266362 -0.966482759
1403636738513555456.000000 -0.234524578 -5.038628578 -2.371002197 0.238887712 0.008811403 -0.103099875 -0.965518236
1403636738563555584.000000 -0.229589686 -5.038323402 -2.368388414 0.243357077 0.010330711 -0.105528213 -0.964123666
1403636738613555456.000000 -0.227268487 -5.041944027 -2.367004871 0.248685807 0.011564369 -0.109239034 -0.962334931
1403636738663555584.000000 -0.224025071 -5.042243958 -2.362075090 0.255940020 0.011616359 -0.112494379 -0.960054576
1403636738713555456.000000 -0.221784234 -5.038805008 -2.357710361 0.264077991 0.010568106 -0.116735935 -0.957352579
1403636738763555584.000000 -0.223752618 -5.045193672 -2.360143661 0.273514479 0.007409776 -0.120507725 -0.954260409
1403636738813555456.000000 -0.226725459 -5.048939228 -2.359985352 0.283444703 0.004089861 -0.125426114 -0.950742185
1403636738863555584.000000 -0.233802050 -5.043190002 -2.355076551 0.293792248 -0.000102551 -0.130876377 -0.946867228
1403636738913555456.000000 -0.243515253 -5.041535378 -2.353946209 0.304735929 -0.002598183 -0.136237174 -0.942639291
1403636738963555584.000000 -0.253358781 -5.040438175 -2.354899883 0.315601289 -0.005123502 -0.143080249 -0.938028634
1403636739013555456.000000 -0.264402986 -5.045525074 -2.358331680 0.326937526 -0.007887375 -0.150188819 -0.933002114
1403636739063555584.000000 -0.276326239 -5.045507431 -2.357451677 0.338801116 -0.009434988 -0.157096237 -0.927602112
1403636739113555456.000000 -0.291031241 -5.040938377 -2.355201006 0.352159679 -0.009816397 -0.160629138 -0.922000825
1403636739163555584.000000 -0.307626665 -5.033703327 -2.354902983 0.366106242 -0.008118656 -0.162149519 -0.916301191
1403636739213555456.000000 -0.323883653 -5.025738239 -2.354439735 0.380359828 -0.007619023 -0.163428083 -0.910252512
1403636739263555584.000000 -0.342099309 -5.025123119 -2.362723827 0.394910604 -0.005701056 -0.163714945 -0.903997004
1403636739313555456.000000 -0.359742045 -5.017913342 -2.367739677 0.409431756 -0.004074770 -0.163266182 -0.897604167
1403636739363555584.000000 -0.377694249 -5.002006531 -2.369744539 0.423847973 -0.001689290 -0.162238747 -0.891082883
1403636739413555456.000000 -0.392987609 -4.990371704 -2.371370792 0.436873764 0.000252333 -0.162938014 -0.884642601
1403636739463555584.000000 -0.406862199 -4.978810787 -2.375515461 0.449380130 0.001608430 -0.164260283 -0.878107965
1403636739513555456.000000 -0.418309510 -4.973921776 -2.380080462 0.460386336 0.002212178 -0.167998001 -0.871674359
1403636739563555584.000000 -0.427099466 -4.960601807 -2.383029699 0.469563454 0.000395770 -0.172421336 -0.865898907
1403636739613555456.000000 -0.435076714 -4.953888416 -2.390893698 0.476782113 -0.000780923 -0.176961482 -0.861024380
1403636739663555584.000000 -0.440459371 -4.950025082 -2.398613214 0.483164042 0.000268495 -0.179569200 -0.856917381
1403636739713555456.000000 -0.444393754 -4.943150043 -2.405973673 0.488084912 -0.000466907 -0.181429118 -0.853730917
1403636739763555584.000000 -0.445710778 -4.932209969 -2.413655281 0.490928799 -0.001815705 -0.185581967 -0.851202130
1403636739813555456.000000 -0.446209073 -4.920741081 -2.415727615 0.493275523 -0.002701301 -0.187873557 -0.849338293
1403636739863555584.000000 -0.452278137 -4.916051388 -2.418129206 0.495062083 -0.002662746 -0.189452469 -0.847947061
1403636739913555456.000000 -0.456711888 -4.907967567 -2.419282436 0.496259660 -0.002531341 -0.190022081 -0.847119570
1403636739963555584.000000 -0.465579033 -4.892702103 -2.419528961 0.497145176 -0.002449133 -0.189741701 -0.846663356
1403636740013555456.000000 -0.472934604 -4.887489796 -2.424086332 0.497481346 -0.001331029 -0.189246535 -0.846579194
1403636740063555584.000000 -0.482409835 -4.883098602 -2.425888777 0.497543126 -0.000017921 -0.187845021 -0.846856058
1403636740113555456.000000 -0.495914698 -4.879643440 -2.430263519 0.497987539 0.000999579 -0.184758708 -0.847273111
1403636740163555584.000000 -0.507939577 -4.866924286 -2.429592133 0.498474717 0.003001074 -0.181099445 -0.847771764
1403636740213555456.000000 -0.522504210 -4.856185436 -2.431158543 0.498830438 0.004346920 -0.176753402 -0.848473668
1403636740263555584.000000 -0.532976568 -4.848206520 -2.432591677 0.498837411 0.005949906 -0.173535347 -0.849123895
1403636740313555456.000000 -0.547417045 -4.835198879 -2.432613134 0.497922093 0.004060206 -0.173183948 -0.849743724
1403636740363555584.000000 -0.563092649 -4.828909874 -2.432986736 0.496005774 0.002375891 -0.174279034 -0.850646496
1403636740413555456.000000 -0.581553340 -4.819693565 -2.433261395 0.494110048 -0.000130592 -0.176744282 -0.851244271
1403636740463555584.000000 -0.599999070 -4.816669464 -2.431960344 0.492313862 -0.000891696 -0.178824902 -0.851849735
1403636740513555456.000000 -0.618462086 -4.803845406 -2.428852320 0.490735024 -0.004079971 -0.179750457 -0.852556407
1403636740563555584.000000 -0.635656476 -4.795206547 -2.425053835 0.489878714 -0.004712527 -0.179402992 -0.853118539
1403636740613555456.000000 -0.652910709 -4.780992985 -2.421839714 0.488818347 -0.005186942 -0.179096743 -0.853788137
1403636740663555584.000000 -0.661192417 -4.783125401 -2.426999569 0.487248540 -0.004973309 -0.181003407 -0.854284465
1403636740713555456.000000 -0.674555182 -4.766993046 -2.423059225 0.485877216 -0.003627070 -0.182826906 -0.854683876
1403636740763555584.000000 -0.687225699 -4.755928993 -2.421736956 0.484891832 -0.000956069 -0.182968229 -0.855220258
1403636740813555456.000000 -0.698297977 -4.757225513 -2.425628424 0.483971447 -0.000732099 -0.183470935 -0.855634034
1403636740863555584.000000 -0.709582686 -4.751005650 -2.427696943 0.483549088 -0.001607918 -0.183090404 -0.855953097
1403636740913555456.000000 -0.726671219 -4.743454456 -2.425784349 0.484113425 -0.001397327 -0.179641187 -0.856365144
1403636740963555584.000000 -0.744555533 -4.733198166 -2.423514366 0.485586911 -0.001028771 -0.174614266 -0.856571198
1403636741013555456.000000 -0.763413787 -4.726792812 -2.423789978 0.487662226 0.001618313 -0.167613551 -0.856789827
1403636741063555584.000000 -0.781437337 -4.725571156 -2.426778793 0.490702599 0.003348131 -0.161234453 -0.856272876
1403636741113555456.000000 -0.805480719 -4.719181061 -2.425866604 0.493421078 0.002895097 -0.159107074 -0.855109453
1403636741163555584.000000 -0.829955637 -4.718963623 -2.425574780 0.496666849 0.001150412 -0.159786373 -0.853105605
1403636741213555456.000000 -0.853572786 -4.718096256 -2.422964573 0.499374509 -0.001939776 -0.163651586 -0.850787580
1403636741263555584.000000 -0.879093826 -4.726476669 -2.426525354 0.500934839 -0.005163683 -0.169435963 -0.848722100
1403636741313555456.000000 -0.909329593 -4.728515148 -2.420102358 0.501800656 -0.006814764 -0.174876630 -0.847093761
1403636741363555584.000000 -0.936312914 -4.735351086 -2.418582201 0.502149940 -0.005497473 -0.181703284 -0.845457971
1403636741413555456.000000 -0.962303996 -4.738996029 -2.414874077 0.502936363 -0.003401300 -0.186632395 -0.843926430
1403636741463555584.000000 -0.984564543 -4.747756958 -2.415174961 0.503673673 -0.000175824 -0.190589756 -0.842608035
1403636741513555456.000000 -1.008605123 -4.748652935 -2.410560131 0.503844500 0.005899174 -0.195182070 -0.841433287
1403636741563555584.000000 -1.031721711 -4.756530285 -2.414849758 0.502864599 0.007195679 -0.201335698 -0.840559006
1403636741613555456.000000 -1.048461795 -4.759248734 -2.413956404 0.503939152 0.011914258 -0.201038972 -0.839932561
1403636741663555584.000000 -1.065573573 -4.759505749 -2.411329269 0.504149854 0.013591903 -0.201735467 -0.839613676
1403636741713555456.000000 -1.077096224 -4.757703304 -2.410553694 0.504708707 0.013610828 -0.200792789 -0.839503527
1403636741763555584.000000 -1.086221933 -4.754463196 -2.410096884 0.505435705 0.012294360 -0.198236540 -0.839693904
1403636741813555456.000000 -1.096946955 -4.753557205 -2.412400723 0.505972624 0.011124266 -0.195112228 -0.840118647
1403636741863555584.000000 -1.106064677 -4.749585629 -2.415730000 0.506651878 0.010065534 -0.190845877 -0.840702355
1403636741913555456.000000 -1.119361520 -4.749077320 -2.415682316 0.507039905 0.010312187 -0.186927140 -0.841345608
1403636741963555584.000000 -1.134583950 -4.748441219 -2.417748690 0.507541239 0.011512555 -0.181562960 -0.842202067
1403636742013555456.000000 -1.150060892 -4.741734505 -2.414946318 0.507491171 0.014602514 -0.178064525 -0.842930973
1403636742063555584.000000 -1.166281343 -4.737186432 -2.409687519 0.506054163 0.017639615 -0.177590251 -0.843836367
1403636742113555456.000000 -1.182402015 -4.731429100 -2.405720711 0.503428936 0.021321533 -0.180496648 -0.844704509
1403636742163555584.000000 -1.198486924 -4.723928452 -2.401759148 0.500693560 0.022647021 -0.184305295 -0.845473051
1403636742213555456.000000 -1.213006258 -4.718832016 -2.401067734 0.498449415 0.022717055 -0.186671108 -0.846277773
1403636742263555584.000000 -1.225496531 -4.717024803 -2.400074005 0.495732337 0.021104855 -0.190210879 -0.847126842
1403636742313555456.000000 -1.233665586 -4.714945793 -2.400995493 0.494136989 0.018342908 -0.190114200 -0.848144352
1403636742363555584.000000 -1.238707900 -4.707795143 -2.399997473 0.493418604 0.013983098 -0.189689338 -0.848740578
1403636742413555456.000000 -1.242345929 -4.701147079 -2.397785187 0.492766649 0.009895465 -0.187741578 -0.849609494
1403636742463555584.000000 -1.246880293 -4.695463181 -2.395433903 0.492215395 0.007055357 -0.186868429 -0.850149691
1403636742513555456.000000 -1.251281023 -4.681679726 -2.386981726 0.491758168 0.005259338 -0.185527086 -0.850720882
1403636742563555584.000000 -1.254816294 -4.667170525 -2.379623413 0.491077423 0.004233432 -0.185012013 -0.851231873
1403636742613555456.000000 -1.258125067 -4.658463001 -2.377739906 0.490989357 0.002487104 -0.183351293 -0.851648808
1403636742663555584.000000 -1.260428429 -4.638633728 -2.367675543 0.491103202 0.000072259 -0.181890115 -0.851900101
1403636742713555456.000000 -1.265875578 -4.629469395 -2.366448164 0.490583777 -0.002355766 -0.180659086 -0.852457881
1403636742763555584.000000 -1.274403691 -4.618945122 -2.361453056 0.490241408 -0.004238703 -0.179409474 -0.852911294
1403636742813555456.000000 -1.285285234 -4.610036373 -2.357525587 0.490020871 -0.005555265 -0.178646684 -0.853190601
1403636742863555584.000000 -1.292337060 -4.600378513 -2.351227283 0.489257365 -0.007128757 -0.178767756 -0.853591561
1403636742913555456.000000 -1.302135468 -4.594620228 -2.347651958 0.488570362 -0.007981707 -0.179044783 -0.853919387
1403636742963555584.000000 -1.317441463 -4.587503910 -2.345576525 0.489085317 -0.008266362 -0.179775968 -0.853468120
1403636743013555456.000000 -1.335141897 -4.584646702 -2.346853971 0.490397751 -0.006385374 -0.181261167 -0.852416456
1403636743063555584.000000 -1.354392767 -4.581292152 -2.342082977 0.491870433 -0.001941356 -0.185579985 -0.850658536
1403636743113555456.000000 -1.369215488 -4.570497990 -2.331861973 0.492941737 0.005124735 -0.192036793 -0.848589480
1403636743163555584.000000 -1.382827759 -4.562205315 -2.326274395 0.493261069 0.014485265 -0.199242100 -0.846632361
1403636743213555456.000000 -1.399709105 -4.554781914 -2.317240477 0.493904501 0.021469519 -0.204136893 -0.844941139
1403636743263555584.000000 -1.416338444 -4.546269417 -2.308159113 0.494920850 0.029608469 -0.207795873 -0.843206763
1403636743313555456.000000 -1.431246400 -4.537954330 -2.305181026 0.495471954 0.032036811 -0.211117983 -0.841968238
1403636743363555584.000000 -1.442536950 -4.528856277 -2.299846172 0.495786726 0.032875571 -0.213914335 -0.841044307
1403636743413555456.000000 -1.449402094 -4.507877350 -2.292350054 0.496521562 0.032242291 -0.215140924 -0.840322137
1403636743463555584.000000 -1.456319332 -4.491140842 -2.289941311 0.497850478 0.028880555 -0.213735119 -0.840016782
1403636743513555456.000000 -1.465032220 -4.478086472 -2.287650824 0.499316633 0.025832433 -0.211775199 -0.839742124
1403636743563555584.000000 -1.471986294 -4.462752342 -2.283191919 0.500884295 0.021550789 -0.209026292 -0.839618146
1403636743613555456.000000 -1.483989000 -4.443413734 -2.274328947 0.502712488 0.018361511 -0.204161704 -0.839798212
1403636743663555584.000000 -1.492151260 -4.418465137 -2.264729023 0.504074574 0.016357146 -0.200563803 -0.839890182
1403636743713555456.000000 -1.506325006 -4.400368214 -2.257079124 0.505923569 0.013006730 -0.196204275 -0.839866757
1403636743763555584.000000 -1.520850062 -4.378647327 -2.250401497 0.508947909 0.009253070 -0.192354143 -0.838979363
1403636743813555456.000000 -1.533424020 -4.358557701 -2.240312576 0.511938691 0.006605874 -0.191988930 -0.837266624
1403636743863555584.000000 -1.548710346 -4.335346222 -2.226857901 0.514431238 0.002227833 -0.193787277 -0.835345566
1403636743913555456.000000 -1.564840794 -4.309829712 -2.216066360 0.517918348 0.000278198 -0.191716686 -0.833669782
1403636743963555584.000000 -1.583802104 -4.283961296 -2.200886965 0.520772040 -0.001737904 -0.190116271 -0.832255542
1403636744013555456.000000 -1.603623509 -4.259388447 -2.183720827 0.522705793 -0.003211295 -0.190278783 -0.831000865
1403636744063555584.000000 -1.622613430 -4.234516621 -2.166903973 0.526471138 -0.003354559 -0.188618660 -0.828999341
1403636744113555456.000000 -1.643164635 -4.211688042 -2.146557808 0.530209899 -0.003853150 -0.189272016 -0.826461613
1403636744163555584.000000 -1.668344140 -4.191798210 -2.132377148 0.533858657 -0.004909995 -0.189993709 -0.823937714
1403636744213555456.000000 -1.690420032 -4.167778492 -2.111472845 0.536591291 -0.007072462 -0.191807628 -0.821723580
1403636744263555584.000000 -1.714650989 -4.146506310 -2.092697859 0.538613319 -0.010251526 -0.194029659 -0.819843352
1403636744313555456.000000 -1.740001082 -4.123401642 -2.072097778 0.540411890 -0.011358920 -0.195682183 -0.818250895
1403636744363555584.000000 -1.766094804 -4.104558468 -2.056251287 0.541225016 -0.013209846 -0.198812678 -0.816929996
1403636744413555456.000000 -1.792864799 -4.087224007 -2.042690516 0.541154325 -0.015383047 -0.201837316 -0.816196680
1403636744463555584.000000 -1.824421644 -4.068805695 -2.025887251 0.540730298 -0.017877676 -0.205186978 -0.815591455
1403636744513555456.000000 -1.854199648 -4.049530029 -2.011234760 0.538980901 -0.021462843 -0.209661603 -0.815524995
1403636744563555584.000000 -1.883960605 -4.033550262 -2.001347780 0.538588822 -0.023779590 -0.209956467 -0.815643847
1403636744613555456.000000 -1.917270303 -4.019938946 -1.992970467 0.537453771 -0.026755752 -0.211718053 -0.815845072
1403636744663555584.000000 -1.947857261 -4.000640392 -1.980176210 0.537256956 -0.028543599 -0.211351395 -0.816009045
1403636744713555456.000000 -1.982817173 -3.980548859 -1.967687130 0.538221300 -0.028935822 -0.208057746 -0.816206217
1403636744763555584.000000 -2.017639637 -3.961308956 -1.953710318 0.540026426 -0.026547544 -0.203111202 -0.816340983
1403636744813555456.000000 -2.053365707 -3.950699329 -1.948661804 0.541174591 -0.023893785 -0.199953169 -0.816442311
1403636744863555584.000000 -2.088683605 -3.937456369 -1.940147877 0.541945100 -0.020261686 -0.197738916 -0.816568673
1403636744913555456.000000 -2.120787144 -3.922422171 -1.928728104 0.542167187 -0.014959077 -0.196829632 -0.816755235
1403636744963555584.000000 -2.153112411 -3.912314892 -1.924442291 0.541322052 -0.011817209 -0.197054431 -0.817312837
1403636745013555456.000000 -2.186283112 -3.898609400 -1.921925545 0.539762020 -0.007935205 -0.198837921 -0.817959428
1403636745063555584.000000 -2.212306023 -3.886111259 -1.915695906 0.538130522 -0.004352234 -0.199713498 -0.818847477
1403636745113555456.000000 -2.238509417 -3.871237755 -1.911719561 0.535687387 -0.000407494 -0.201857686 -0.819934368
1403636745163555584.000000 -2.265111923 -3.858096600 -1.911251783 0.533023179 -0.000202119 -0.204354391 -0.821051538
1403636745213555456.000000 -2.288008451 -3.843954325 -1.910125256 0.531415224 0.001159589 -0.202963680 -0.822436869
1403636745263555584.000000 -2.308438301 -3.831147909 -1.905358553 0.529439926 0.002305802 -0.202307612 -0.823868752
1403636745313555456.000000 -2.328226566 -3.810911417 -1.900560617 0.527992487 0.002289051 -0.200132146 -0.825327754
1403636745363555584.000000 -2.344229698 -3.793351889 -1.898150921 0.527122796 -0.000698447 -0.195997909 -0.826877177
1403636745413555456.000000 -2.358653307 -3.779548407 -1.900097370 0.526883423 -0.004537724 -0.192115411 -0.827928185
1403636745463555584.000000 -2.372053146 -3.769820690 -1.899748564 0.527399361 -0.007104745 -0.188182876 -0.828484595
1403636745513555456.000000 -2.382944107 -3.760510683 -1.902152300 0.527669787 -0.010096204 -0.187131345 -0.828519523
1403636745563555584.000000 -2.391711950 -3.748198986 -1.905858755 0.528343499 -0.011463561 -0.186731219 -0.828162611
1403636745613555456.000000 -2.400463820 -3.735769510 -1.907179117 0.529855192 -0.012591591 -0.186703533 -0.827186048
1403636745663555584.000000 -2.406706333 -3.724959135 -1.907257080 0.531860054 -0.013034592 -0.186828375 -0.825863361
1403636745713555456.000000 -2.409279346 -3.712805271 -1.908912659 0.534293473 -0.013092958 -0.186449096 -0.824376047
1403636745763555584.000000 -2.410581827 -3.703383207 -1.912391901 0.537348628 -0.011885958 -0.185791090 -0.822555065
1403636745813555456.000000 -2.404409170 -3.699973822 -1.915655851 0.540003002 -0.009998616 -0.186172172 -0.820753813
1403636745863555584.000000 -2.402259350 -3.696285248 -1.923765421 0.543289483 -0.008152526 -0.185311809 -0.818797708
1403636745913555456.000000 -2.401358128 -3.686674595 -1.930418730 0.546620607 -0.007295242 -0.184771419 -0.816708207
1403636745963555584.000000 -2.396347523 -3.681219101 -1.938514471 0.550331891 -0.004782742 -0.182821721 -0.814670682
1403636746013555456.000000 -2.385365725 -3.670457125 -1.934551001 0.553657651 -0.002775014 -0.181798875 -0.812652946
1403636746063555584.000000 -2.376401424 -3.665206432 -1.933628082 0.556685686 -0.000812660 -0.180777177 -0.810814440
1403636746113555456.000000 -2.367052317 -3.664555073 -1.935924768 0.559422076 0.002030883 -0.179912105 -0.809119642
1403636746163555584.000000 -2.353981018 -3.664565325 -1.935934305 0.561560094 0.002023300 -0.179277748 -0.807778239
1403636746213555456.000000 -2.342079878 -3.662607193 -1.936455727 0.563411176 0.000915844 -0.178063735 -0.806759179
1403636746263555584.000000 -2.323487759 -3.659340382 -1.935802221 0.565291703 -0.003048015 -0.176473662 -0.805787325
1403636746313555456.000000 -2.308571100 -3.659238338 -1.932255507 0.567634821 -0.010017199 -0.171933174 -0.805064857
1403636746363555584.000000 -2.293848991 -3.666597843 -1.932549477 0.568676174 -0.015868377 -0.170241505 -0.804595292
1403636746413555456.000000 -2.283709526 -3.668251514 -1.929784298 0.569258451 -0.018617036 -0.169085950 -0.804368258
1403636746463555584.000000 -2.279162884 -3.676885128 -1.925212145 0.567829072 -0.018370574 -0.172823235 -0.804589868
1403636746513555456.000000 -2.273929358 -3.684703350 -1.920022249 0.565738261 -0.015278555 -0.177640155 -0.805078208
1403636746563555584.000000 -2.271079540 -3.697278261 -1.915569782 0.562179446 -0.009711268 -0.185354367 -0.805917978
1403636746613555456.000000 -2.267508745 -3.704953194 -1.907526016 0.558072209 -0.001999511 -0.193859071 -0.806827247
1403636746663555584.000000 -2.266875982 -3.716176987 -1.898089170 0.553040743 0.005167433 -0.203490421 -0.807905316
1403636746713555456.000000 -2.270661831 -3.729067564 -1.892374516 0.547673643 0.010513856 -0.213768855 -0.808854699
1403636746763555584.000000 -2.267717361 -3.734847069 -1.884683847 0.543136895 0.012929179 -0.221694887 -0.809744775
1403636746813555456.000000 -2.268895626 -3.745435238 -1.878203392 0.539723814 0.011885957 -0.226857781 -0.810612500
1403636746863555584.000000 -2.269403219 -3.751931190 -1.870978594 0.537229538 0.009886571 -0.230169937 -0.811362207
1403636746913555456.000000 -2.273221016 -3.760926008 -1.868618250 0.535556734 0.007553753 -0.230990574 -0.812259436
1403636746963555584.000000 -2.273378372 -3.764144659 -1.863371849 0.534814119 0.006537893 -0.229605213 -0.813149810
1403636747013555456.000000 -2.273468256 -3.768899441 -1.861421347 0.534473598 0.004426585 -0.227806807 -0.813893378
1403636747063555584.000000 -2.265899181 -3.767481089 -1.859159946 0.536202312 0.004066986 -0.220964864 -0.814644158
1403636747113555456.000000 -2.258489847 -3.762651920 -1.857112885 0.538648009 0.003884684 -0.213586524 -0.814999461
1403636747163555584.000000 -2.247578144 -3.757062435 -1.853881836 0.540462732 0.001905981 -0.208284512 -0.815177321
1403636747213555456.000000 -2.232662916 -3.747581959 -1.848644257 0.542988002 0.002127642 -0.201597497 -0.815179765
1403636747263555584.000000 -2.214005947 -3.746286869 -1.845474243 0.544929445 0.001754591 -0.197093502 -0.814986527
1403636747313555456.000000 -2.194820404 -3.744833469 -1.840332031 0.546302617 0.002380735 -0.194472313 -0.814695299
1403636747363555584.000000 -2.172194004 -3.741628408 -1.835731745 0.547198176 0.002147536 -0.193289921 -0.814376235
1403636747413555456.000000 -2.156332970 -3.732897043 -1.826371908 0.548417628 0.001766377 -0.192328557 -0.813784242
1403636747463555584.000000 -2.137356043 -3.727621794 -1.818545341 0.549732387 0.002064592 -0.191850007 -0.813008964
1403636747513555456.000000 -2.121908903 -3.726663113 -1.813572884 0.550245523 0.002533475 -0.193847418 -0.812186360
1403636747563555584.000000 -2.106825352 -3.721371412 -1.803526163 0.550656855 0.003460929 -0.195125118 -0.811598003
1403636747613555456.000000 -2.092439413 -3.716196060 -1.794093370 0.551030397 0.003578155 -0.197073996 -0.810872674
1403636747663555584.000000 -2.072254896 -3.710235119 -1.784167767 0.551760137 0.004280268 -0.197920710 -0.810166597
1403636747713555456.000000 -2.057935238 -3.712348700 -1.773872375 0.552708685 0.004216006 -0.198775649 -0.809310615
1403636747763555584.000000 -2.042218924 -3.708190441 -1.764921427 0.553647399 0.004991084 -0.199454904 -0.808497071
1403636747813555456.000000 -2.023495913 -3.707090855 -1.758518219 0.554362237 0.004840623 -0.200436339 -0.807765126
1403636747863555584.000000 -2.003837585 -3.704328060 -1.744636536 0.555184245 0.003233481 -0.201516464 -0.806939483
1403636747913555456.000000 -1.982325912 -3.698249578 -1.737090588 0.554170430 -0.001346305 -0.207324535 -0.806169927
1403636747963555584.000000 -1.956988811 -3.692105293 -1.725305796 0.553303719 -0.008583976 -0.213057429 -0.805225432
1403636748013555456.000000 -1.932078958 -3.691339254 -1.718235731 0.552035749 -0.013840252 -0.219356641 -0.804330528
1403636748063555584.000000 -1.912217855 -3.690519571 -1.712721586 0.551448703 -0.017488319 -0.223999679 -0.803382039
1403636748113555456.000000 -1.895664692 -3.693406582 -1.705351830 0.551495016 -0.018433202 -0.226294667 -0.802685678
1403636748163555584.000000 -1.877900839 -3.687801600 -1.698152542 0.551128268 -0.019558936 -0.229633674 -0.801962316
1403636748213555456.000000 -1.865714908 -3.688391209 -1.693154812 0.552204013 -0.017866567 -0.228885949 -0.801475286
1403636748263555584.000000 -1.855089188 -3.684958458 -1.687548876 0.554044783 -0.013510321 -0.224667847 -0.801483810
1403636748313555456.000000 -1.842919111 -3.683559179 -1.684149504 0.556478858 -0.008539087 -0.218981937 -0.801439524
1403636748363555584.000000 -1.829654217 -3.678148270 -1.677395582 0.558938682 -0.003278000 -0.212470144 -0.801519454
1403636748413555456.000000 -1.818503618 -3.671514034 -1.671063423 0.560830712 0.000823745 -0.206535786 -0.801755190
1403636748463555584.000000 -1.807198048 -3.666452408 -1.666797638 0.561809897 0.001740419 -0.203727081 -0.801786780
1403636748513555456.000000 -1.792051077 -3.662519932 -1.663416624 0.562749445 0.002786606 -0.200472623 -0.801945210
1403636748563555584.000000 -1.774810195 -3.655269623 -1.660043240 0.562999785 0.002660575 -0.200164557 -0.801846802
1403636748613555456.000000 -1.755365849 -3.649187565 -1.656246424 0.562188745 -0.000543963 -0.202938348 -0.801722944
1403636748663555584.000000 -1.738739252 -3.641203642 -1.651782751 0.561425805 -0.003581181 -0.205682039 -0.801550508
1403636748713555456.000000 -1.718026996 -3.631657600 -1.648813725 0.560341656 -0.007438260 -0.209726170 -0.801234603
1403636748763555584.000000 -1.695991158 -3.624610424 -1.645362616 0.559337854 -0.010520998 -0.213604391 -0.800876856
1403636748813555456.000000 -1.677325845 -3.616441965 -1.641039848 0.558838010 -0.012756391 -0.216844842 -0.800322235
1403636748863555584.000000 -1.662135363 -3.608450651 -1.636337042 0.559020042 -0.014638132 -0.218666971 -0.799666882
1403636748913555456.000000 -1.648294806 -3.599185944 -1.632420063 0.559517026 -0.016546911 -0.220694497 -0.798724592
1403636748963555584.000000 -1.633239508 -3.589511156 -1.628590584 0.560608208 -0.017435310 -0.221818238 -0.797628462
1403636749013555456.000000 -1.621074677 -3.579900265 -1.625281334 0.561659753 -0.018337421 -0.222872809 -0.796573818
1403636749063555584.000000 -1.611273766 -3.567966938 -1.620405436 0.561824262 -0.020644179 -0.225707516 -0.795602620
1403636749113555456.000000 -1.600515127 -3.556518078 -1.617510080 0.561727047 -0.023728227 -0.228947103 -0.794659078
1403636749163555584.000000 -1.591860414 -3.550058842 -1.617980242 0.562261939 -0.025190476 -0.230130747 -0.793893516
1403636749213555456.000000 -1.585556149 -3.542980194 -1.620644569 0.563675880 -0.024382103 -0.229109377 -0.793211222
1403636749263555584.000000 -1.577750683 -3.535462141 -1.624322891 0.566775560 -0.020928234 -0.223975465 -0.792567074
1403636749313555456.000000 -1.567617774 -3.525712967 -1.628484011 0.569406509 -0.018021753 -0.219219595 -0.792082250
1403636749363555584.000000 -1.558091283 -3.522036076 -1.636979103 0.571478963 -0.014560519 -0.215368703 -0.791717231
1403636749413555456.000000 -1.543661952 -3.518083334 -1.643745184 0.573237479 -0.011721122 -0.211755589 -0.791467667
1403636749463555584.000000 -1.532023787 -3.510020971 -1.651850939 0.574884772 -0.009074510 -0.207693771 -0.791383922
1403636749513555456.000000 -1.518855095 -3.505653620 -1.660022974 0.576080322 -0.006085661 -0.204440147 -0.791390359
1403636749563555584.000000 -1.504626632 -3.498147488 -1.668182373 0.577148438 -0.002396809 -0.200684682 -0.791593075
1403636749613555456.000000 -1.490160942 -3.491952181 -1.677027941 0.578280151 -0.000459917 -0.196590587 -0.791797996
1403636749663555584.000000 -1.477180719 -3.489092112 -1.684710979 0.578230619 0.000440247 -0.195418447 -0.792124212
1403636749713555456.000000 -1.465078473 -3.485353231 -1.690557718 0.577703297 -0.000856686 -0.195181772 -0.792566955
1403636749763555584.000000 -1.454716086 -3.480083227 -1.695671797 0.577255011 -0.003893183 -0.194343254 -0.793090343
1403636749813555456.000000 -1.446588516 -3.474246502 -1.702100039 0.576866269 -0.008221158 -0.192828387 -0.793709636
1403636749863555584.000000 -1.439432740 -3.472558498 -1.707102060 0.576276481 -0.013301237 -0.191782400 -0.794322371
1403636749913555456.000000 -1.432748795 -3.472854614 -1.709973812 0.575502813 -0.016455147 -0.190451488 -0.795144022
1403636749963555584.000000 -1.428605080 -3.472756386 -1.712871075 0.574545205 -0.019446025 -0.189071760 -0.796097755
1403636750013555456.000000 -1.423761129 -3.472620964 -1.711837053 0.573301613 -0.021029679 -0.188364118 -0.797121108
1403636750063555584.000000 -1.422039032 -3.474832058 -1.712111235 0.571974099 -0.021843400 -0.188303337 -0.798066616
1403636750113555456.000000 -1.418500543 -3.477302790 -1.712074518 0.570275962 -0.020852474 -0.189321309 -0.799067020
1403636750163555584.000000 -1.417036295 -3.477918625 -1.711097479 0.568799078 -0.019134020 -0.190343440 -0.799919367
1403636750213555456.000000 -1.410554647 -3.481324196 -1.712426901 0.567050815 -0.018125923 -0.191710711 -0.800856948
1403636750263555584.000000 -1.405123234 -3.487841129 -1.714820385 0.565547824 -0.014992046 -0.192802921 -0.801721931
1403636750313555456.000000 -1.396850348 -3.491327047 -1.715386868 0.563617408 -0.013482284 -0.194476023 -0.802703381
1403636750363555584.000000 -1.383998513 -3.495019197 -1.719376087 0.562142491 -0.010374563 -0.194800243 -0.803704619
1403636750413555456.000000 -1.369676590 -3.501489401 -1.723680973 0.560223758 -0.010051067 -0.196939513 -0.804526627
1403636750463555584.000000 -1.352933764 -3.509748936 -1.726843596 0.558739364 -0.008469854 -0.196502969 -0.805683076
1403636750513555456.000000 -1.337469101 -3.518819571 -1.735620260 0.557192326 -0.008729397 -0.195854083 -0.806908786
1403636750563555584.000000 -1.317302942 -3.523726463 -1.739076138 0.555733681 -0.007740253 -0.195264518 -0.808066905
1403636750613555456.000000 -1.294249773 -3.533307076 -1.748234510 0.554092884 -0.007074281 -0.195384368 -0.809169948
1403636750663555584.000000 -1.273715734 -3.542197943 -1.754875660 0.553551376 -0.006007839 -0.193551615 -0.809989214
1403636750713555456.000000 -1.249347925 -3.551577330 -1.764120102 0.552344203 -0.005051963 -0.193587780 -0.810810864
1403636750763555584.000000 -1.223187685 -3.564233780 -1.773036957 0.551174045 -0.003889122 -0.193841115 -0.811552703
1403636750813555456.000000 -1.196656704 -3.574747801 -1.783557177 0.550643444 -0.002611358 -0.193288416 -0.812049687
1403636750863555584.000000 -1.167079568 -3.587169647 -1.793719769 0.549864471 -0.001802814 -0.193339825 -0.812567294
1403636750913555456.000000 -1.136358261 -3.601458788 -1.804903984 0.549693167 0.000837688 -0.192749828 -0.812824905
1403636750963555584.000000 -1.105227470 -3.612854242 -1.812483311 0.549767315 0.002806713 -0.191671163 -0.813025415
1403636751013555456.000000 -1.074341655 -3.625205994 -1.823438406 0.549915195 0.004676701 -0.191467702 -0.812964678
1403636751063555584.000000 -1.046007395 -3.641732454 -1.835465908 0.550082147 0.005165500 -0.191359535 -0.812874258
1403636751113555456.000000 -1.016582370 -3.655838251 -1.841476679 0.550164759 0.005180904 -0.192044139 -0.812656701
1403636751163555584.000000 -0.990090013 -3.666704416 -1.848364592 0.549786508 0.006653759 -0.194702029 -0.812269449
1403636751213555456.000000 -0.965609968 -3.679880857 -1.853673458 0.549675226 0.011143562 -0.196555331 -0.811849117
1403636751263555584.000000 -0.942387760 -3.694159508 -1.859387159 0.548784852 0.014408195 -0.200565189 -0.811419308
1403636751313555456.000000 -0.920210600 -3.711032629 -1.868879318 0.548102915 0.015281194 -0.203801006 -0.811057866
1403636751363555584.000000 -0.896719217 -3.728106260 -1.874161720 0.547493756 0.013253012 -0.207584321 -0.810545325
1403636751413555456.000000 -0.873621464 -3.743774414 -1.879482985 0.547270894 0.009044776 -0.210113361 -0.810101986
1403636751463555584.000000 -0.848203301 -3.753016710 -1.881257772 0.546793759 0.003421754 -0.213389829 -0.809610903
1403636751513555456.000000 -0.824201822 -3.763746500 -1.886046410 0.545989394 -0.001742447 -0.215055004 -0.809718430
1403636751563555584.000000 -0.803637624 -3.773514509 -1.888684034 0.544303179 -0.006735465 -0.215107694 -0.810812771
1403636751613555456.000000 -0.781622171 -3.782514572 -1.890614271 0.541444898 -0.009561301 -0.216491908 -0.812328339
1403636751663555584.000000 -0.760049701 -3.784057856 -1.890337706 0.538538098 -0.010678811 -0.217676461 -0.813928604
1403636751713555456.000000 -0.740769744 -3.790472984 -1.893324137 0.535220027 -0.008816666 -0.219788834 -0.815570235
1403636751763555584.000000 -0.722616076 -3.795143604 -1.895498276 0.532105446 -0.005659686 -0.222273439 -0.816961646
1403636751813555456.000000 -0.706587434 -3.798154354 -1.898450375 0.529020309 -0.002127674 -0.224831477 -0.818281054
1403636751863555584.000000 -0.688362956 -3.803314447 -1.900735378 0.527630568 0.003962169 -0.224492192 -0.819264054
1403636751913555456.000000 -0.669138432 -3.809449434 -1.909993410 0.527041256 0.008913833 -0.221569717 -0.820399284
1403636751963555584.000000 -0.650894284 -3.808696747 -1.916432142 0.526974618 0.013304254 -0.217974365 -0.821345270
1403636752013555456.000000 -0.637369990 -3.808993578 -1.924682379 0.527265251 0.016644267 -0.214534298 -0.822003305
1403636752063555584.000000 -0.622376800 -3.805490017 -1.930383444 0.527591586 0.017408365 -0.211771667 -0.822494328
1403636752113555456.000000 -0.607704401 -3.801362991 -1.939161539 0.527910948 0.016296633 -0.209275186 -0.822951078
1403636752163555584.000000 -0.594063044 -3.792329073 -1.945042849 0.527776778 0.012800005 -0.205499381 -0.824049711
1403636752213555456.000000 -0.581473947 -3.784216166 -1.951315641 0.526714206 0.008720802 -0.201329842 -0.825810194
1403636752263555584.000000 -0.568200469 -3.779775143 -1.955936909 0.524033904 0.004648278 -0.197768971 -0.828404725
1403636752313555456.000000 -0.551962197 -3.775341988 -1.958905458 0.520569563 -0.000330375 -0.193470255 -0.831610858
1403636752363555584.000000 -0.535963953 -3.765991688 -1.961303949 0.515835881 -0.004428234 -0.189262047 -0.835507989
1403636752413555456.000000 -0.518628776 -3.761107206 -1.967842579 0.509700656 -0.006765703 -0.185807988 -0.840020776
1403636752463555584.000000 -0.500551045 -3.760570049 -1.973960161 0.502192438 -0.007299104 -0.183287874 -0.845076978
1403636752513555456.000000 -0.478341758 -3.755147457 -1.981488228 0.494253874 -0.007005709 -0.179669961 -0.850519180
1403636752563555584.000000 -0.456072927 -3.750403643 -1.982698679 0.485679924 -0.005436621 -0.176755473 -0.856062531
1403636752613555456.000000 -0.436426818 -3.742397070 -1.983916283 0.476756930 -0.004007435 -0.173437238 -0.861746132
1403636752663555584.000000 -0.417231083 -3.735248804 -1.987568021 0.467380494 -0.001330657 -0.170754269 -0.867408037
1403636752713555456.000000 -0.398868382 -3.728740454 -1.990296245 0.457969218 -0.001021080 -0.167647213 -0.873016357
1403636752763555584.000000 -0.384836674 -3.725160122 -1.992367744 0.448154837 -0.000129394 -0.164519534 -0.878686905
1403636752813555456.000000 -0.374264657 -3.719211578 -1.994247437 0.438908696 0.001476358 -0.159517035 -0.884257555
1403636752863555584.000000 -0.362251520 -3.714498281 -1.995712519 0.428877711 0.003337974 -0.155559123 -0.889861941
1403636752913555456.000000 -0.353234529 -3.710311890 -1.996498704 0.419828176 0.003962881 -0.148492530 -0.895365119
1403636752963555584.000000 -0.342559576 -3.708783150 -1.998214602 0.410278857 0.005648129 -0.141876131 -0.900838852
1403636753013555456.000000 -0.335214764 -3.709733486 -2.002266884 0.400296956 0.007477939 -0.135644957 -0.906259894
1403636753063555584.000000 -0.329868883 -3.716865063 -2.005592823 0.389929920 0.009079036 -0.129574940 -0.911637306
1403636753113555456.000000 -0.323794246 -3.719507933 -2.007563591 0.379054636 0.010167732 -0.124058656 -0.916964471
1403636753163555584.000000 -0.318474203 -3.728759289 -2.007060051 0.367928296 0.011075694 -0.118880913 -0.922156990
1403636753213555456.000000 -0.316087157 -3.730423927 -2.001861334 0.356641650 0.011861502 -0.113442644 -0.927252352
1403636753263555584.000000 -0.315171182 -3.739099264 -1.995335221 0.345754206 0.013122165 -0.106887244 -0.932125032
1403636753313555456.000000 -0.315748811 -3.747225761 -1.991172194 0.335204989 0.014256327 -0.098899774 -0.936831534
1403636753363555584.000000 -0.318139821 -3.754323244 -1.981142998 0.324963838 0.013061287 -0.093968332 -0.940955877
1403636753413555456.000000 -0.321803987 -3.756068468 -1.970321417 0.315560251 0.011399878 -0.091562465 -0.944408894
1403636753463555584.000000 -0.322436512 -3.764850140 -1.965905905 0.306894183 0.009341324 -0.092144921 -0.947226524
1403636753513555456.000000 -0.320883751 -3.775260925 -1.961186171 0.299955904 0.007727977 -0.093223311 -0.949355721
1403636753563555584.000000 -0.319012016 -3.787194490 -1.956845999 0.294039160 0.006037787 -0.094915561 -0.951049745
1403636753613555456.000000 -0.316894829 -3.796842337 -1.951624751 0.290039897 0.003620962 -0.095368840 -0.952243924
1403636753663555584.000000 -0.309370369 -3.806134224 -1.943871975 0.287339300 0.002553761 -0.096368752 -0.952965260
1403636753713555456.000000 -0.306863785 -3.814613104 -1.937093496 0.285604596 0.001911274 -0.097438194 -0.953379393
1403636753763555584.000000 -0.306249619 -3.823400497 -1.932541847 0.285236180 0.000863820 -0.096549980 -0.953581572
1403636753813555456.000000 -0.305773675 -3.835159302 -1.926063776 0.285473973 0.000408252 -0.095590584 -0.953607380
1403636753863555584.000000 -0.304570884 -3.845729351 -1.921064496 0.286212057 -0.000146862 -0.095258005 -0.953419447
1403636753913555456.000000 -0.304526865 -3.857168198 -1.910978317 0.286741078 -0.000241760 -0.096634448 -0.953121901
1403636753963555584.000000 -0.304068446 -3.870990753 -1.902000785 0.287911922 -0.000584741 -0.096412808 -0.952791154
1403636754013555456.000000 -0.305987120 -3.882958889 -1.894414544 0.289567560 -0.001051874 -0.095932633 -0.952337384
1403636754063555584.000000 -0.307935506 -3.893975735 -1.887602687 0.291069508 -0.004348353 -0.095779277 -0.951885521
1403636754113555456.000000 -0.304089010 -3.902707815 -1.883813620 0.292483181 -0.007844273 -0.095428295 -0.951464951
1403636754163555584.000000 -0.300679445 -3.912250042 -1.879789472 0.294243038 -0.010196107 -0.094571270 -0.950985551
1403636754213555456.000000 -0.297034442 -3.925495625 -1.877370119 0.296467394 -0.011960550 -0.092592709 -0.950468659
1403636754263555584.000000 -0.293147087 -3.943383932 -1.878052235 0.298356891 -0.012632133 -0.091542199 -0.949970365
1403636754313555456.000000 -0.283843786 -3.961295128 -1.877012730 0.299936682 -0.012393197 -0.091109738 -0.949517548
1403636754363555584.000000 -0.275829494 -3.975626945 -1.877808094 0.300985068 -0.011986900 -0.089766838 -0.949318826
1403636754413555456.000000 -0.262504607 -3.994928122 -1.877615452 0.300322980 -0.011791715 -0.089899205 -0.949518383
1403636754463555584.000000 -0.249337554 -4.013417244 -1.880448461 0.298312247 -0.011380502 -0.089768842 -0.950169444
1403636754513555456.000000 -0.241166502 -4.031258106 -1.880934596 0.295675546 -0.010545818 -0.088724159 -0.951100826
1403636754563555584.000000 -0.232903257 -4.051224232 -1.881642818 0.292037934 -0.008247822 -0.086575501 -0.952444494
1403636754613555456.000000 -0.227790892 -4.072123051 -1.881732464 0.287036836 -0.006328568 -0.084473044 -0.954166770
1403636754663555584.000000 -0.221807972 -4.096856117 -1.883991480 0.280681938 -0.005962945 -0.082429692 -0.956236124
1403636754713555456.000000 -0.218123376 -4.120040417 -1.883279681 0.273265451 -0.005290787 -0.081074402 -0.958501458
1403636754763555584.000000 -0.218954787 -4.139321804 -1.881840229 0.265074819 -0.005964662 -0.078663014 -0.960995317
1403636754813555456.000000 -0.214085072 -4.166164398 -1.880299807 0.257540524 -0.005668335 -0.075841099 -0.963269889
1403636754863555584.000000 -0.212840274 -4.196618557 -1.881662846 0.250148833 -0.005949931 -0.074737892 -0.965300202
1403636754913555456.000000 -0.216127530 -4.218892574 -1.883986473 0.244473100 -0.006343192 -0.071884707 -0.966967106
1403636754963555584.000000 -0.218060836 -4.245256424 -1.882466197 0.238722667 -0.006241947 -0.071121439 -0.968459785
1403636755013555456.000000 -0.220204890 -4.270263672 -1.880735874 0.234682739 -0.005313621 -0.068005458 -0.969675720
1403636755063555584.000000 -0.224141881 -4.298511982 -1.881035328 0.230861276 -0.005888044 -0.067937657 -0.970594168
1403636755113555456.000000 -0.224978566 -4.329505444 -1.881268024 0.227852643 -0.005485810 -0.066858508 -0.971382082
1403636755163555584.000000 -0.226140171 -4.360977650 -1.882849932 0.224969223 -0.005126680 -0.067480631 -0.972012818
1403636755213555456.000000 -0.222675607 -4.397076130 -1.889637232 0.222703815 -0.005104381 -0.067662500 -0.972521842
1403636755263555584.000000 -0.223331079 -4.433797359 -1.893395543 0.221324697 -0.002552855 -0.068160243 -0.972811997
1403636755313555456.000000 -0.219623581 -4.466701031 -1.895063162 0.219766423 0.002248002 -0.069531448 -0.973068953
1403636755363555584.000000 -0.213138297 -4.502572060 -1.899712920 0.218461916 0.008142519 -0.071486935 -0.973189473
1403636755413555456.000000 -0.210334271 -4.537240505 -1.904065609 0.218097389 0.013457675 -0.071996257 -0.973174691
1403636755463555584.000000 -0.204161137 -4.577082157 -1.909153461 0.217851162 0.016702183 -0.073289320 -0.973083079
1403636755513555456.000000 -0.196491539 -4.611325264 -1.911929727 0.218612880 0.017868940 -0.072920628 -0.972919226
1403636755563555584.000000 -0.186294615 -4.637626648 -1.910188079 0.219812736 0.018529953 -0.071553305 -0.972737968
1403636755613555456.000000 -0.178778589 -4.673556328 -1.912283182 0.220853567 0.017153569 -0.070350289 -0.972615242
1403636755663555584.000000 -0.175393343 -4.712382317 -1.912723899 0.221296951 0.015460152 -0.071612060 -0.972450733
1403636755713555456.000000 -0.171595067 -4.746832848 -1.915361643 0.221871793 0.014606910 -0.072060131 -0.972299814
1403636755763555584.000000 -0.168683156 -4.788965702 -1.912674546 0.222254753 0.012682025 -0.073198259 -0.972154319
1403636755813555456.000000 -0.165046424 -4.827198982 -1.913235426 0.222671404 0.009588850 -0.073526084 -0.972069681
1403636755863555584.000000 -0.164727420 -4.852644920 -1.905843973 0.222802833 0.007639851 -0.074037388 -0.972018063
1403636755913555456.000000 -0.158433720 -4.888012886 -1.904919147 0.223129973 0.005084799 -0.073572248 -0.971994996
1403636755963555584.000000 -0.156186283 -4.916549683 -1.900155544 0.222811237 0.003875420 -0.074661441 -0.971990645
1403636756013555456.000000 -0.154172346 -4.945974827 -1.898572683 0.222604334 0.002436802 -0.075000674 -0.972016633
1403636756063555584.000000 -0.150949076 -4.981052399 -1.896725893 0.222419545 0.001313619 -0.075245984 -0.972042143
1403636756113555456.000000 -0.146203861 -5.011547089 -1.893543005 0.222865924 0.000887130 -0.073785365 -0.972052336
1403636756163555584.000000 -0.141467363 -5.042932510 -1.892306209 0.222918853 -0.000135964 -0.072963066 -0.972102702
1403636756213555456.000000 -0.134848118 -5.075408459 -1.892340064 0.222777322 -0.001384469 -0.072955199 -0.972134769
1403636756263555584.000000 -0.124640137 -5.113667965 -1.896847725 0.222357720 -0.001747984 -0.073261276 -0.972207189
1403636756313555456.000000 -0.115405396 -5.149990082 -1.898351192 0.221935749 -0.001888669 -0.073304206 -0.972300112
1403636756363555584.000000 -0.107082859 -5.182607651 -1.897518039 0.221588805 -0.002372397 -0.072624892 -0.972429216
1403636756413555456.000000 -0.105476007 -5.219145298 -1.901746392 0.221492991 -0.002778791 -0.071562283 -0.972528696
1403636756463555584.000000 -0.101657346 -5.265140057 -1.909777999 0.220855892 -0.003094367 -0.071670488 -0.972664654
1403636756513555456.000000 -0.099061683 -5.309130192 -1.915672779 0.220101520 -0.003264292 -0.071989127 -0.972811520
1403636756563555584.000000 -0.095679671 -5.357805729 -1.919570684 0.219812721 -0.003219521 -0.071424872 -0.972918630
1403636756613555456.000000 -0.097933620 -5.394520760 -1.920334220 0.219330326 -0.003902373 -0.071492523 -0.973019958
1403636756663555584.000000 -0.100110576 -5.440012932 -1.926629543 0.218628302 -0.004248654 -0.071746856 -0.973157763
1403636756713555456.000000 -0.097043693 -5.477004051 -1.925270677 0.218134448 -0.005303393 -0.071286440 -0.973297238
1403636756763555584.000000 -0.095415801 -5.509488583 -1.923712254 0.217665598 -0.005919515 -0.071033441 -0.973417103
1403636756813555456.000000 -0.093317673 -5.550955772 -1.929147005 0.216926619 -0.006649307 -0.071413405 -0.973549545
1403636756863555584.000000 -0.088381827 -5.595982075 -1.937299967 0.216211051 -0.006434010 -0.071705915 -0.973688662
1403636756913555456.000000 -0.082097858 -5.640480518 -1.947987795 0.216025352 -0.005999654 -0.071437590 -0.973752439
1403636756963555584.000000 -0.073858097 -5.678454876 -1.953242779 0.215209275 -0.005827708 -0.072228700 -0.973875821
1403636757013555456.000000 -0.065102309 -5.710522175 -1.959407091 0.214892700 -0.005839265 -0.071694389 -0.973985136
1403636757063555584.000000 -0.058148876 -5.749719620 -1.970214248 0.213680565 -0.005918649 -0.073856585 -0.974089801
1403636757113555456.000000 -0.053149864 -5.784427166 -1.977448106 0.213467017 -0.006242105 -0.073482424 -0.974162817
1403636757163555584.000000 -0.047082901 -5.832477570 -1.981834888 0.213275328 -0.005438661 -0.073974177 -0.974172473
1403636757213555456.000000 -0.043099031 -5.881204605 -1.981951118 0.213295400 -0.005841683 -0.074290924 -0.974141598
1403636757263555584.000000 -0.041027471 -5.925639153 -1.995036721 0.213152364 -0.005280876 -0.073592454 -0.974229157
1403636757313555456.000000 -0.041538820 -5.966104507 -1.997325897 0.213807598 -0.003825011 -0.071364813 -0.974258065
1403636757363555584.000000 -0.040601447 -6.013148308 -1.996922493 0.213392645 -0.002805702 -0.071960740 -0.974308670
1403636757413555456.000000 -0.044805259 -6.052324772 -1.999751925 0.213513687 -0.000742179 -0.070716828 -0.974376976
1403636757463555584.000000 -0.046059817 -6.098456383 -2.000354052 0.213814884 0.001905135 -0.069370836 -0.974406123
1403636757513555456.000000 -0.044109479 -6.155988693 -2.002555847 0.212589860 0.004825223 -0.067742348 -0.974778593
1403636757563555584.000000 -0.044052623 -6.206707001 -2.002825499 0.209871829 0.009022703 -0.067121133 -0.975380599
1403636757613555456.000000 -0.040344581 -6.255503178 -2.003711939 0.206008166 0.014959665 -0.066886127 -0.976147115
1403636757663555584.000000 -0.037097193 -6.311975002 -2.010841846 0.202110335 0.021194417 -0.066813163 -0.976851225
1403636757713555456.000000 -0.029466495 -6.364450932 -2.018089056 0.197746038 0.027137494 -0.067341454 -0.977560878
1403636757763555584.000000 -0.031664424 -6.372373581 -2.001778126 0.193714201 0.031726092 -0.068055853 -0.978180349
1403636757813555456.000000 -0.025560912 -6.420577049 -2.008294106 0.189867631 0.035409492 -0.068274207 -0.978792667
1403636757863555584.000000 -0.011065226 -6.466003418 -2.005599737 0.186376378 0.037145101 -0.069401070 -0.979319990
1403636757913555456.000000 0.007824257 -6.500493526 -1.997637272 0.183573335 0.036871128 -0.069681354 -0.979839742
1403636757963555584.000000 0.027457491 -6.544283390 -1.993572593 0.180846393 0.033636637 -0.070518695 -0.980403185
1403636758013555456.000000 0.048681661 -6.587031841 -1.987845302 0.179809704 0.025700226 -0.068441249 -0.980981052
1403636758063555584.000000 0.069143012 -6.629454136 -1.980502963 0.178414851 0.018505968 -0.067326419 -0.981474817
1403636758113555456.000000 0.088192031 -6.671307087 -1.972501755 0.177256107 0.011681536 -0.067123413 -0.981803596
1403636758163555584.000000 0.114644155 -6.706191540 -1.965452671 0.176499695 0.006193273 -0.066483729 -0.982033312
1403636758213555456.000000 0.131537944 -6.746916771 -1.955672741 0.175864384 0.001433389 -0.065818124 -0.982210636
1403636758263555584.000000 0.146640971 -6.787634850 -1.945527911 0.175154105 -0.001010784 -0.066459000 -0.982294917
1403636758313555456.000000 0.155785412 -6.834999561 -1.933265567 0.174519703 -0.003368356 -0.067551471 -0.982328057
1403636758363555584.000000 0.166076109 -6.876139641 -1.921522379 0.173807904 -0.002092020 -0.069037892 -0.982354462
1403636758413555456.000000 0.173688933 -6.917386055 -1.909199476 0.172324583 0.003580523 -0.073001698 -0.982324898
1403636758463555584.000000 0.179505974 -6.958393097 -1.895983338 0.170346648 0.011571890 -0.078551695 -0.982180059
1403636758513555456.000000 0.184187263 -6.999050140 -1.881720304 0.167497903 0.021073524 -0.086565256 -0.981838524
1403636758563555584.000000 0.188608170 -7.038583279 -1.866410732 0.164334968 0.030017968 -0.095486492 -0.981313050
1403636758613555456.000000 0.193259329 -7.076272011 -1.849990368 0.161691874 0.037056226 -0.102875814 -0.980764568
1403636758663555584.000000 0.199353725 -7.111250401 -1.831984878 0.161468640 0.038543835 -0.104728177 -0.980547965
1403636758713555456.000000 0.198520929 -7.146999359 -1.819681168 0.162898540 0.032585267 -0.102950290 -0.980715811
1403636758763555584.000000 0.205488592 -7.176788330 -1.799524307 0.165784046 0.024897728 -0.097685538 -0.980996132
1403636758813555456.000000 0.212149024 -7.204982758 -1.778113723 0.166982204 0.017043319 -0.095139422 -0.981211007
1403636758863555584.000000 0.218465671 -7.231600285 -1.756054997 0.168941066 0.009551408 -0.090012245 -0.981460929
1403636758913555456.000000 0.223521456 -7.257015705 -1.733839750 0.171682969 0.005629300 -0.083307698 -0.981607378
1403636758963555584.000000 0.227559671 -7.281774998 -1.711449742 0.173060700 0.001819613 -0.079916872 -0.981661916
1403636759013555456.000000 0.230453402 -7.306126595 -1.689047098 0.173952818 0.000219093 -0.077445664 -0.981703937
1403636759063555584.000000 0.232588649 -7.330386639 -1.666450977 0.173224106 -0.002749683 -0.079024598 -0.981703162
1403636759113555456.000000 0.233751684 -7.354309559 -1.643677711 0.170809075 -0.005680368 -0.085673206 -0.981556058
1403636759163555584.000000 0.234094679 -7.377740860 -1.620819807 0.166797370 -0.008769111 -0.095961913 -0.981271148
1403636759213555456.000000 0.247189939 -7.405367374 -1.609403133 0.162937254 -0.011515227 -0.105914451 -0.980867505
1403636759263555584.000000 0.246357799 -7.425759792 -1.588199258 0.159666494 -0.013658949 -0.114329323 -0.980433047
1403636759313555456.000000 0.244364753 -7.443910599 -1.567648411 0.158607528 -0.014166514 -0.116371684 -0.980357468
1403636759363555584.000000 0.241317555 -7.459527493 -1.548111200 0.160808399 -0.013590630 -0.109625533 -0.980784535
1403636759413555456.000000 0.236774176 -7.473150253 -1.529157996 0.163523838 -0.011427033 -0.101681866 -0.981218755
1403636759463555584.000000 0.231334731 -7.485309601 -1.510802388 0.166095898 -0.010644434 -0.093738414 -0.981586516
1403636759513555456.000000 0.224568963 -7.496513844 -1.492956638 0.168790698 -0.008811478 -0.085969262 -0.981856108
1403636759563555584.000000 0.217267409 -7.507210732 -1.475429416 0.169977322 -0.008146730 -0.080535933 -0.982117832
1403636759613555456.000000 0.211204648 -7.517349720 -1.458912969 0.171590552 -0.007010058 -0.074391924 -0.982330680
1403636759663555584.000000 0.207086623 -7.527539253 -1.444324970 0.172317520 -0.005936996 -0.070920758 -0.982467175
1403636759713555456.000000 0.205364287 -7.537683964 -1.430350184 0.172601089 -0.004789339 -0.068764418 -0.982576907
1403636759763555584.000000 0.260889292 -6.974791050 -1.278424263 0.171480700 -0.005713087 -0.069682725 -0.982703447
1403636759813555456.000000 0.268769681 -6.956777096 -1.262960672 0.172030687 -0.006308839 -0.067788921 -0.982736170
1403636759863555584.000000 0.277638882 -6.938028812 -1.247915030 0.171832994 -0.005448333 -0.068637259 -0.982717037
1403636759913555456.000000 0.285698652 -6.918900490 -1.232911587 0.171360150 -0.000345057 -0.069612689 -0.982746005
1403636759963555584.000000 0.293149859 -6.899176598 -1.217923164 0.171163470 0.005342165 -0.070396923 -0.982709944
1403636760013555456.000000 0.300386131 -6.878882885 -1.202659249 0.170793399 0.009790478 -0.071976893 -0.982625604
1403636760063555584.000000 0.307220250 -6.857843876 -1.186647296 0.170087531 0.013503240 -0.074720196 -0.982499301
1403636760113555456.000000 0.313880295 -6.835807800 -1.169952631 0.170258671 0.018293524 -0.075057440 -0.982366383
1403636760163555584.000000 0.321064353 -6.812826157 -1.152221084 0.170210749 0.021910636 -0.075677544 -0.982253134
1403636760213555456.000000 0.329653531 -6.788505077 -1.133317351 0.170290425 0.017583396 -0.075774014 -0.982318878
1403636760263555584.000000 0.338702708 -6.762841225 -1.113738537 0.171059668 0.010317280 -0.074674144 -0.982372582
1403636760313555456.000000 0.347665966 -6.736180305 -1.093496680 0.171036005 0.003011625 -0.074746199 -0.982420862
1403636760363555584.000000 0.355957747 -6.708426952 -1.072918177 0.171907395 -0.000700755 -0.072649069 -0.982430398
1403636760413555456.000000 0.363861948 -6.679911613 -1.052195549 0.172644123 -0.004106463 -0.070124291 -0.982476354
1403636760463555584.000000 0.371146470 -6.650788784 -1.031450510 0.173293680 -0.004927807 -0.068352900 -0.982483029
1403636760513555456.000000 0.378180951 -6.621330738 -1.011191249 0.173753858 -0.002840806 -0.066999763 -0.982503235
1403636760563555584.000000 0.385142982 -6.591608047 -0.990881205 0.173371181 0.002430064 -0.067148596 -0.982561827
1403636760613555456.000000 0.392561346 -6.561423302 -0.970507264 0.173138097 0.008122131 -0.067267247 -0.982564211
1403636760663555584.000000 0.400897205 -6.530653000 -0.949908912 0.173387870 0.012655583 -0.065862641 -0.982567370
1403636760713555456.000000 0.410203129 -6.499367714 -0.929008126 0.173355892 0.016453285 -0.064778820 -0.982588828
1403636760763555584.000000 0.421034485 -6.467488289 -0.907494962 0.173818067 0.016783463 -0.062689252 -0.982637167
1403636760813555456.000000 0.432770193 -6.435232639 -0.885075927 0.174022228 0.014518083 -0.061227296 -0.982729316
1403636760863555584.000000 0.445319235 -6.402595043 -0.862110734 0.174699306 0.011382385 -0.058609985 -0.982809961
1403636760913555456.000000 0.458400816 -6.369897366 -0.838817000 0.174877733 0.008642838 -0.056552872 -0.982926726
1403636760963555584.000000 0.471572518 -6.337200642 -0.814989150 0.174710110 0.008944436 -0.056578178 -0.982952416
1403636761013555456.000000 0.484879345 -6.304629326 -0.790647686 0.173512384 0.012064381 -0.059069723 -0.982984662
1403636761063555584.000000 0.498515695 -6.271838665 -0.765698195 0.172322765 0.016241567 -0.062233616 -0.982938528
1403636761113555456.000000 0.512670398 -6.238603592 -0.739720225 0.170759872 0.022077633 -0.065791778 -0.982865751
1403636761163555584.000000 0.527236223 -6.204687119 -0.712635517 0.169601515 0.029358253 -0.068485200 -0.982691884
1403636761213555456.000000 0.430203855 -6.342431068 -1.351725459 0.166871995 0.035819851 -0.068812773 -0.982921958
1403636761263555584.000000 0.243314818 -5.167873859 -0.645564675 0.166778430 0.040007047 -0.071990736 -0.982548654
1403636761313555456.000000 0.243131399 -5.080038548 -0.622594893 0.166843608 0.041367933 -0.071648419 -0.982506216
1403636761363555584.000000 0.244504392 -4.989645958 -0.598608494 0.166693226 0.038467117 -0.071551688 -0.982656598
1403636761413555456.000000 0.247480348 -4.896545410 -0.574091017 0.167282045 0.031486347 -0.070167206 -0.982904851
1403636761463555584.000000 0.264023811 -4.793203354 -0.578274131 0.168137357 0.024046486 -0.067854695 -0.983131468
1403636761513555456.000000 0.280476391 -4.710310459 -0.563441038 0.168738529 0.016667984 -0.066964723 -0.983242273
1403636761563555584.000000 0.287763655 -4.610258102 -0.541265428 0.169507504 0.010494465 -0.066107161 -0.983253241
1403636761613555456.000000 0.306165129 -4.520596504 -0.524871647 0.169776335 0.005306470 -0.066583537 -0.983216405
1403636761663555584.000000 0.320222199 -4.408636093 -0.498880416 0.168777063 0.001719703 -0.070549823 -0.983124614
1403636761713555456.000000 0.330555230 -4.304699898 -0.472343385 0.166786522 -0.001213280 -0.076545604 -0.983016551
1403636761763555584.000000 0.340140313 -4.196573257 -0.450317860 0.164942831 -0.002901047 -0.082342468 -0.982855618
1403636761813555456.000000 0.349955261 -4.085689545 -0.429185808 0.163558066 -0.004209673 -0.087291449 -0.982655227
1403636761863555584.000000 0.359826893 -3.971879721 -0.409057736 0.162629262 -0.004805720 -0.090291776 -0.982535541
1403636761913555456.000000 0.369571805 -3.854643106 -0.390196502 0.163202986 -0.003699783 -0.089438349 -0.982523263
1403636761963555584.000000 0.379347801 -3.734124899 -0.372333080 0.164707482 -0.002307927 -0.086206622 -0.982565343
1403636762013555456.000000 0.389576018 -3.610529184 -0.355101258 0.168093681 -0.000969349 -0.077381738 -0.982728720
1403636762063555584.000000 0.399933189 -3.484445810 -0.338393003 0.171804920 0.000472295 -0.068456762 -0.982749522
1403636762113555456.000000 0.416646987 -3.350306511 -0.325969756 0.176327825 0.002746772 -0.056537222 -0.982702672
1403636762163555584.000000 0.428017825 -3.220378399 -0.310957730 0.179433599 0.006033426 -0.048631541 -0.982548833
1403636762213555456.000000 0.438848287 -3.089558125 -0.295801342 0.180520833 0.011717001 -0.046764903 -0.982388973
1403636762263555584.000000 0.483047903 -2.966233253 -0.280406356 0.179646701 0.018835703 -0.049835309 -0.982287526
1403636762313555456.000000 0.495430648 -2.797206879 -0.253853321 0.178253636 0.025973387 -0.054310560 -0.982141316
1403636762363555584.000000 0.497391105 -2.669559956 -0.237471715 0.176776022 0.032142408 -0.058955483 -0.981957972
1403636762413555456.000000 0.506558895 -2.531523228 -0.216399640 0.175136223 0.034720298 -0.064090990 -0.981842220
1403636762463555584.000000 0.519424438 -2.395633698 -0.197965965 0.172339961 0.034197416 -0.072210945 -0.981791794
1403636762513555456.000000 0.529827714 -2.266615152 -0.200283378 0.167865530 0.026685983 -0.085353985 -0.981745303
1403636762563555584.000000 0.536270678 -2.122384310 -0.177009970 0.163827598 0.017927848 -0.097243235 -0.981520772
1403636762613555456.000000 0.541004777 -1.974910378 -0.153068781 0.159869760 0.009001719 -0.108573772 -0.981107771
1403636762663555584.000000 0.543933928 -1.823400497 -0.128947109 0.157757685 0.000999879 -0.114308640 -0.980839014
1403636762713555456.000000 0.544458270 -1.667548060 -0.105060861 0.159212187 -0.002837831 -0.109681584 -0.981128693
1403636762763555584.000000 0.542998254 -1.507734537 -0.081312120 0.161536083 -0.003995205 -0.102709197 -0.981499374
1403636762813555456.000000 0.539427042 -1.344504952 -0.057925865 0.164547890 -0.003071137 -0.093209490 -0.981950462
