1403636585613555456.000000 -0.022100676 0.000295222 0.001890783 0.006747524 -0.006072293 0.000134577 0.999958813
1403636585663555584.000000 -0.043414820 -0.000905635 0.002514510 0.012845968 -0.011059582 0.000177918 0.999856353
1403636585713555456.000000 -0.059853498 -0.000974401 0.000696231 0.019316455 -0.017739061 0.003413531 0.999650300
1403636585763555584.000000 -0.072714955 -0.001503387 -0.001824848 0.023165546 -0.024817694 0.005570739 0.999408066
1403636585813555456.000000 -0.083676115 -0.002768518 -0.004655391 0.027563466 -0.032132123 0.008548516 0.999066949
1403636585863555584.000000 -0.079909101 -0.001000483 -0.007490467 0.031959739 -0.045914676 0.014269470 0.998332024
1403636585913555456.000000 -0.091709532 -0.004108390 -0.014302229 0.033609543 -0.050332595 0.013972326 0.998069048
1403636585963555584.000000 -0.090522222 -0.005751885 -0.019135714 0.032922376 -0.062528998 0.015335623 0.997382104
1403636586013555456.000000 -0.090714619 -0.004205496 -0.021610722 0.030436780 -0.074966967 0.018052498 0.996557951
1403636586063555584.000000 -0.084570505 0.000708647 -0.022579912 0.025441978 -0.090829641 0.021763036 0.995303571
1403636586113555456.000000 -0.082506821 -0.000063496 -0.026135691 0.018874988 -0.101719208 0.022883948 0.994370818
1403636586163555584.000000 -0.081843421 -0.003548824 -0.027571386 0.012495786 -0.111567855 0.024618771 0.993373275
1403636586213555456.000000 -0.081281200 -0.005344134 -0.032082580 0.010274502 -0.119797289 0.026755221 0.992384672
1403636586263555584.000000 -0.079997100 -0.006193980 -0.036743607 0.010144580 -0.130069211 0.028433517 0.991045296
1403636586313555456.000000 -0.078052908 -0.009459225 -0.041454107 0.008310109 -0.140546948 0.029774094 0.989591300
1403636586363555584.000000 -0.079077907 -0.006959781 -0.046780027 0.009180448 -0.151024491 0.032649357 0.987948060
1403636586413555456.000000 -0.079986863 -0.007423363 -0.052188046 0.008588890 -0.161181197 0.035196628 0.986259699
1403636586463555584.000000 -0.083238944 -0.007932446 -0.057464823 0.007566752 -0.169219837 0.034228232 0.984954774
1403636586513555456.000000 -0.083783112 -0.005691256 -0.062921382 0.008038699 -0.177812815 0.033528659 0.983460128
1403636586563555584.000000 -0.083189420 -0.002731712 -0.067091994 0.009746809 -0.184892237 0.032738104 0.982165039
1403636586613555456.000000 -0.081984021 0.000324244 -0.071005985 0.010702590 -0.188554898 0.031905703 0.981485903
1403636586663555584.000000 -0.080458596 0.006056562 -0.072485246 0.011431014 -0.188928917 0.033284534 0.981360018
1403636586713555456.000000 -0.078507528 0.008827551 -0.073333643 0.011549663 -0.186172485 0.032639340 0.981906891
1403636586763555584.000000 -0.077298626 0.014426441 -0.072000876 0.014535269 -0.182413459 0.034096230 0.982523084
1403636586813555456.000000 -0.075376205 0.019602410 -0.070366323 0.016640475 -0.178410694 0.034570251 0.983207822
1403636586863555584.000000 -0.074921340 0.023284547 -0.068504311 0.017773861 -0.174214825 0.033711214 0.983969986
1403636586913555456.000000 -0.074984252 0.025147853 -0.065883979 0.019469947 -0.171091437 0.031605002 0.984555662
1403636586963555584.000000 -0.073604725 0.023907308 -0.064312108 0.020708136 -0.169216424 0.030147476 0.984900057
1403636587013555456.000000 -0.072154321 0.024255252 -0.061887123 0.022938894 -0.167970374 0.027192470 0.985149980
1403636587063555584.000000 -0.070925765 0.024379132 -0.059115373 0.023865182 -0.168646291 0.025653942 0.985053718
1403636587113555456.000000 -0.069739103 0.026242835 -0.055330001 0.025483454 -0.171015039 0.023680106 0.984654129
1403636587163555584.000000 -0.068729140 0.029161016 -0.052247223 0.026056904 -0.173584402 0.022353014 0.984220445
1403636587213555456.000000 -0.068598375 0.033166599 -0.050239265 0.027132593 -0.174853966 0.021827267 0.983978450
1403636587263555584.000000 -0.068276927 0.039007030 -0.046803437 0.026827531 -0.175665036 0.022651317 0.983823657
1403636587313555456.000000 -0.067582346 0.045396928 -0.043393556 0.025178839 -0.176405966 0.023514261 0.983714402
1403636587363555584.000000 -0.067210101 0.056833953 -0.037907764 0.024983404 -0.177143827 0.024930008 0.983551979
1403636587413555456.000000 -0.067327298 0.067574330 -0.033933897 0.023425022 -0.177215949 0.025583049 0.983560503
1403636587463555584.000000 -0.065527789 0.078879051 -0.031315897 0.022804271 -0.179292932 0.027590612 0.983144343
1403636587513555456.000000 -0.064785451 0.094065681 -0.026808554 0.022297520 -0.180852666 0.029801095 0.982805729
1403636587563555584.000000 -0.064601704 0.111032650 -0.023446232 0.021929445 -0.181149364 0.031785268 0.982697189
1403636587613555456.000000 -0.064160213 0.129222021 -0.020564882 0.020942245 -0.180200294 0.033615954 0.982832253
1403636587663555584.000000 -0.064543091 0.149153754 -0.015076513 0.019258538 -0.177259877 0.036876827 0.983284414
1403636587713555456.000000 -0.059604969 0.162764788 -0.015085842 0.014235984 -0.175469339 0.037689131 0.983660281
1403636587763555584.000000 -0.057731118 0.181506291 -0.011738709 0.010971821 -0.171769679 0.040632047 0.984237731
1403636587813555456.000000 -0.056356858 0.200236708 -0.008601363 0.007247322 -0.169062033 0.042641681 0.984655917
1403636587863555584.000000 -0.055963568 0.218689129 -0.005445907 0.003891010 -0.168174505 0.044846553 0.984728932
1403636587913555456.000000 -0.056736626 0.236279383 -0.002719532 0.000624387 -0.169443578 0.046107605 0.984460592
1403636587963555584.000000 -0.058885626 0.255544931 0.000078746 -0.003706045 -0.172976792 0.047143031 0.983790100
1403636588013555456.000000 -0.060644217 0.271836638 0.002281251 -0.008831500 -0.178406820 0.047133520 0.982787609
1403636588063555584.000000 -0.062374651 0.284002960 0.004353539 -0.012957761 -0.183369398 0.048788514 0.981747150
1403636588113555456.000000 -0.065330803 0.298522532 0.006889849 -0.013776860 -0.186579913 0.050205454 0.981059492
1403636588163555584.000000 -0.067504048 0.310298473 0.008875187 -0.014491357 -0.188497469 0.049695384 0.980708539
1403636588213555456.000000 -0.069573782 0.319410801 0.010782115 -0.013816069 -0.188824818 0.049540244 0.980663061
1403636588263555584.000000 -0.071472883 0.326214015 0.012374124 0.013022260 0.187914610 -0.049952783 -0.980827868
1403636588313555456.000000 -0.072929233 0.330716014 0.013512189 0.011745387 0.186156765 -0.050992616 -0.981125653
1403636588363555584.000000 -0.074215800 0.333157003 0.014246618 0.010025190 0.184268296 -0.051471848 -0.981476188
1403636588413555456.000000 -0.075250447 0.333647013 0.014249763 0.009463317 0.182639509 -0.052799392 -0.981715560
1403636588463555584.000000 -0.075555936 0.332291067 0.013639567 -0.009519383 -0.182193056 0.053552482 0.981757283
1403636588513555456.000000 -0.075663038 0.329140425 0.012051738 0.011225735 0.182705089 -0.052524600 -0.981699526
1403636588563555584.000000 -0.074695408 0.323757529 0.009968407 0.012265740 0.182597920 -0.051746402 -0.981748402
1403636588613555456.000000 -0.073713310 0.316227019 0.007036794 0.011958873 0.182112470 -0.051851135 -0.981836796
1403636588663555584.000000 -0.072267994 0.306291491 0.003878147 0.011108128 0.181617454 -0.051498003 -0.981957078
1403636588713555456.000000 -0.071968228 0.293690145 0.000409644 0.009029350 0.182059065 -0.051971938 -0.981871665
1403636588763555584.000000 -0.071605206 0.278446972 -0.003181232 0.006687724 0.183584973 -0.050445184 -0.981685936
1403636588813555456.000000 -0.072511017 0.266225517 -0.006005306 0.004395998 0.184951365 -0.049968306 -0.981466711
1403636588863555584.000000 -0.072845466 0.249435112 -0.008798692 -0.002332772 -0.185851485 0.049682021 0.981318295
1403636588913555456.000000 -0.072843015 0.231359646 -0.012132051 0.000482675 -0.185701355 0.049583636 0.981354296
1403636588963555584.000000 -0.072540380 0.212206602 -0.015923278 0.003153918 -0.184905276 0.048535760 0.981552064
1403636589013555456.000000 -0.071632996 0.192039043 -0.020240780 0.006110928 -0.183021203 0.047426142 0.981945395
1403636589063555584.000000 -0.070293657 0.170914248 -0.024983216 0.009338282 -0.180382237 0.046151984 0.982468903
1403636589113555456.000000 -0.068526164 0.149335384 -0.029684821 0.012426259 -0.177619427 0.044148676 0.983029962
1403636589163555584.000000 -0.066281572 0.127309471 -0.034370705 0.014757994 -0.175108910 0.043106850 0.983494282
1403636589213555456.000000 -0.064267047 0.104348905 -0.038870819 0.016896395 -0.173754185 0.042233769 0.983737946
1403636589263555584.000000 -0.062765501 0.080860138 -0.043405470 0.019012064 -0.173894346 0.041163359 0.983719945
1403636589313555456.000000 -0.061956748 0.056911495 -0.047525238 0.021709478 -0.175055429 0.039241750 0.983536661
1403636589363555584.000000 -0.062086031 0.032696377 -0.051372927 0.024426766 -0.177187979 0.037879154 0.983144462
1403636589413555456.000000 -0.062226687 0.009000063 -0.054867618 0.026672821 -0.178882375 0.035573501 0.982865334
1403636589463555584.000000 -0.062539689 -0.014619750 -0.058230788 0.027956050 -0.179206744 0.033556096 0.982841551
1403636589513555456.000000 -0.063356563 -0.038465325 -0.061440852 0.029186221 -0.178301886 0.032978017 0.982989907
1403636589563555584.000000 -0.064240992 -0.062223740 -0.064984865 0.031079851 -0.176942304 0.032629877 0.983189106
1403636589613555456.000000 -0.065243155 -0.085892454 -0.068132155 0.032301161 -0.175562188 0.031509213 0.983433664
1403636589663555584.000000 -0.066130780 -0.109123617 -0.071737811 0.033880148 -0.174226612 0.030477224 0.983650565
1403636589713555456.000000 -0.067428045 -0.132196695 -0.074941523 0.035313442 -0.173550069 0.029655542 0.983744860
1403636589763555584.000000 -0.069348931 -0.154515237 -0.078408763 0.038828734 -0.173789024 0.029372010 0.983578742
1403636589813555456.000000 -0.071786843 -0.175811395 -0.080644056 0.042802285 -0.175705761 0.028449828 0.983100235
1403636589863555584.000000 -0.074228950 -0.198402584 -0.084265329 0.046581388 -0.179147243 0.027094863 0.982345402
1403636589913555456.000000 -0.077254169 -0.213509008 -0.085115150 0.051127866 -0.181906700 0.026187543 0.981636465
1403636589963555584.000000 -0.079883426 -0.230219930 -0.086525612 -0.055836797 0.183728516 -0.026473466 -0.981032789
1403636590013555456.000000 -0.082142338 -0.248210728 -0.089552194 0.060114015 -0.183539808 0.026505211 0.980814457
1403636590063555584.000000 -0.082745373 -0.260557324 -0.090756565 -0.063335635 0.180887029 -0.026099021 -0.981115401
1403636590113555456.000000 -0.082959235 -0.270745337 -0.092823520 0.066321112 -0.177318603 0.025843453 0.981576204
1403636590163555584.000000 -0.082591452 -0.277725488 -0.093673877 0.069225594 -0.173899591 0.026204087 0.981977701
1403636590213555456.000000 -0.081949815 -0.281634212 -0.095510148 0.070491388 -0.171633214 0.025755545 0.982298195
1403636590263555584.000000 -0.081316538 -0.281917989 -0.096294835 0.070589699 -0.170967788 0.024820806 0.982431173
1403636590313555456.000000 -0.080840893 -0.278798282 -0.097082876 -0.069756366 0.171792969 -0.023493158 -0.982379436
1403636590363555584.000000 -0.080420591 -0.272775680 -0.097723022 -0.067527354 0.172943458 -0.023142384 -0.982341707
1403636590413555456.000000 -0.079950668 -0.263340861 -0.097682811 -0.064960346 0.173681706 -0.022429083 -0.982401073
1403636590463555584.000000 -0.079258353 -0.251482815 -0.098628186 -0.061121777 0.173521489 -0.022189941 -0.982681096
1403636590513555456.000000 -0.077887200 -0.237205267 -0.099651150 -0.057739627 0.172360733 -0.021397259 -0.983107388
1403636590563555584.000000 -0.076054074 -0.221304238 -0.102321193 0.053782202 -0.170750529 0.020814927 0.983625233
1403636590613555456.000000 -0.074425541 -0.203474179 -0.103338458 0.050874136 -0.169209942 0.020641288 0.984049678
1403636590663555584.000000 -0.073557794 -0.183700398 -0.102023095 0.047486827 -0.168405563 0.020896191 0.984351575
1403636590713555456.000000 -0.072803922 -0.163194761 -0.101061285 0.044466536 -0.168724701 0.021252107 0.984430313
1403636590763555584.000000 -0.072751984 -0.141965449 -0.099306218 0.041437399 -0.170325354 0.022651261 0.984255672
1403636590813555456.000000 -0.073081702 -0.120040201 -0.096986771 0.040441532 -0.173087865 0.024506701 0.983770609
1403636590863555584.000000 -0.074006639 -0.097367339 -0.093864881 0.039130922 -0.176236838 0.026608273 0.983209729
1403636590913555456.000000 -0.074627019 -0.073759705 -0.090600602 0.037677318 -0.178953916 0.027745467 0.982744217
1403636590963555584.000000 -0.075316064 -0.049968563 -0.086918361 0.035875011 -0.180212304 0.028194550 0.982568860
1403636591013555456.000000 -0.075832449 -0.026146874 -0.083098263 0.035511751 -0.180265829 0.028486094 0.982563853
1403636591063555584.000000 -0.076156512 -0.002733190 -0.078615263 0.036512427 -0.179487363 0.029206855 0.982648551
1403636591113555456.000000 -0.076112173 0.020039331 -0.074559234 0.037352096 -0.178936690 0.030051542 0.982691944
1403636591163555584.000000 -0.076142050 0.041456092 -0.070227899 0.037203532 -0.178972483 0.031714499 0.982638836
1403636591213555456.000000 -0.076231591 0.062534265 -0.066163868 0.036647629 -0.179743707 0.032697577 0.982486665
1403636591263555584.000000 -0.077053919 0.081524320 -0.061828788 0.035505909 -0.181088686 0.033588514 0.982251585
1403636591313555456.000000 -0.078425750 0.099537142 -0.057799049 0.033725757 -0.182551891 0.034084000 0.982026339
1403636591363555584.000000 -0.080445692 0.114608660 -0.053748712 0.031295825 -0.183987617 0.034982495 0.981807172
1403636591413555456.000000 -0.083038233 0.127889782 -0.049979314 -0.029159253 0.184638634 -0.036109407 -0.981710017
1403636591463555584.000000 -0.085842408 0.138550580 -0.045524690 0.027979722 -0.184866592 0.038000207 0.981630087
1403636591513555456.000000 -0.088666640 0.148629621 -0.040874954 -0.025296070 0.183905929 -0.037972279 -0.981884301
1403636591563555584.000000 -0.091302395 0.157735452 -0.035876989 -0.019378638 0.180350408 -0.038798604 -0.982645869
1403636591613555456.000000 -0.093600057 0.165679276 -0.030484682 -0.011278984 0.174265444 -0.040094905 -0.983817518
1403636591663555584.000000 -0.094933659 0.170466334 -0.025629299 0.004459195 -0.165186986 0.041037962 0.985398054
1403636591713555456.000000 -0.095998436 0.174511448 -0.021280298 -0.001124085 -0.154816911 0.040656179 0.987105668
1403636591763555584.000000 -0.095834635 0.178700611 -0.017356379 -0.007046298 -0.144117326 0.039563410 0.988744378
1403636591813555456.000000 -0.094624266 0.181856424 -0.013839846 -0.013063436 -0.133460641 0.039572321 0.990177572
1403636591863555584.000000 -0.092839658 0.183690965 -0.011239721 -0.017994246 -0.124989226 0.040559530 0.991165459
1403636591913555456.000000 -0.091195561 0.186509699 -0.008188651 0.022948185 0.119589001 -0.042097468 -0.991665184
1403636591963555584.000000 -0.089717597 0.190165132 -0.004488104 -0.026981626 -0.119132496 0.045395829 0.991472960
1403636592013555456.000000 -0.088277176 0.194371924 0.000408181 -0.031170677 -0.122705169 0.048562553 0.990764141
1403636592063555584.000000 -0.086763680 0.200555816 0.008325327 -0.036496449 -0.126350924 0.052693076 0.989912629
1403636592113555456.000000 -0.084771603 0.206518024 0.016723538 -0.041595567 -0.129984334 0.056518670 0.989029586
1403636592163555584.000000 -0.082376391 0.212532014 0.025725385 -0.046308558 -0.134200409 0.060475107 0.988022566
1403636592213555456.000000 -0.079898573 0.218663365 0.036226079 -0.049719743 -0.138968885 0.062876366 0.987047195
1403636592263555584.000000 -0.076753356 0.224431351 0.047641262 -0.051525440 -0.143592462 0.064157307 0.986210048
1403636592313555456.000000 -0.072990529 0.228506148 0.059809610 -0.051357824 -0.147668451 0.064831316 0.985572636
1403636592363555584.000000 -0.069036543 0.230981335 0.073846705 -0.049427941 -0.151127324 0.067322485 0.984979808
1403636592413555456.000000 -0.063859738 0.230865911 0.087784179 -0.045191672 -0.153820708 0.067663200 0.984742939
1403636592463555584.000000 -0.057887040 0.228746101 0.103067979 -0.039794829 -0.154170334 0.067094013 0.984960079
1403636592513555456.000000 -0.051069416 0.223735362 0.118145041 -0.032726578 -0.151559949 0.064915769 0.985771060
1403636592563555584.000000 -0.044774741 0.217337400 0.134154424 -0.025193527 -0.146844551 0.061418209 0.986929536
1403636592613555456.000000 -0.038308918 0.207513943 0.149140120 -0.016570695 -0.141708449 0.056768287 0.988140404
1403636592663555584.000000 -0.032769062 0.195861936 0.164918542 -0.008489943 -0.137682751 0.051329825 0.989109039
1403636592713555456.000000 -0.027371299 0.181544393 0.178540304 0.000674339 -0.135148317 0.046286114 0.989743471
1403636592763555584.000000 -0.023175336 0.164627925 0.191530496 0.012059401 -0.134190381 0.041480310 0.990013599
1403636592813555456.000000 -0.019285839 0.144327834 0.201430723 0.025186418 -0.134350985 0.037633054 0.989898622
1403636592863555584.000000 -0.017283946 0.121490940 0.209666833 0.040186886 -0.135862857 0.034450546 0.989312708
1403636592913555456.000000 -0.016682325 0.095738456 0.213757023 -0.054709502 0.138363227 -0.030520592 -0.988398254
1403636592963555584.000000 -0.015253642 0.067414515 0.214761138 0.068956107 -0.141529977 0.026855092 0.987164199
1403636593013555456.000000 -0.016818851 0.037694052 0.211036161 0.083555944 -0.144213185 0.022816872 0.985748708
1403636593063555584.000000 -0.019029321 0.008002638 0.204753593 0.097365983 -0.146654725 0.018344253 0.984213293
1403636593113555456.000000 -0.022041181 -0.022825183 0.193815261 0.110211357 -0.148112297 0.012742208 0.982727766
1403636593163555584.000000 -0.026764773 -0.053347915 0.180051520 0.123256929 -0.148739249 0.010357466 0.981110156
1403636593213555456.000000 -0.030941987 -0.083108760 0.162710905 0.134748057 -0.149238661 0.010095167 0.979524851
1403636593263555584.000000 -0.035851587 -0.109779693 0.143254265 0.146329194 -0.149805963 0.011177631 0.977763355
1403636593313555456.000000 -0.041864835 -0.133995205 0.122183777 0.154201344 -0.151764318 0.011073506 0.976251483
1403636593363555584.000000 -0.049022265 -0.153798267 0.100360408 0.158721298 -0.154014751 0.009733099 0.975188375
1403636593413555456.000000 -0.057385340 -0.169395402 0.077583119 0.161174998 -0.155997917 0.008961231 0.974477828
1403636593463555584.000000 -0.066842489 -0.180093586 0.053438462 0.160846651 -0.157572255 0.007663352 0.974289834
1403636593513555456.000000 -0.077205032 -0.185506269 0.030807512 0.157338113 -0.159225166 0.008021164 0.974591076
1403636593563555584.000000 -0.087510780 -0.187042266 0.008167980 0.153447762 -0.161635086 0.010109321 0.974795282
1403636593613555456.000000 -0.098932795 -0.184318289 -0.012686742 0.147422209 -0.165429860 0.013848271 0.975042582
1403636593663555584.000000 -0.110386722 -0.177113786 -0.033710994 0.140488923 -0.170033619 0.019521421 0.975177109
1403636593713555456.000000 -0.121672258 -0.166216210 -0.052664112 0.130420774 -0.174879014 0.024769926 0.975599408
1403636593763555584.000000 -0.132151172 -0.150960013 -0.071239576 0.117181763 -0.178552821 0.031645548 0.976414859
1403636593813555456.000000 -0.141804799 -0.132469654 -0.087876342 0.101210386 -0.179909870 0.038653582 0.977698743
1403636593863555584.000000 -0.150062799 -0.110859782 -0.103543766 0.083232433 -0.178196892 0.047072720 0.979337752
1403636593913555456.000000 -0.156377241 -0.087010488 -0.117123678 -0.063995942 0.174175814 -0.055315785 -0.981074691
1403636593963555584.000000 -0.161689222 -0.061425082 -0.128938973 0.043834466 -0.168864444 0.062846698 0.982656479
1403636594013555456.000000 -0.164854527 -0.034137797 -0.138230696 0.023668788 -0.163616329 0.069235250 0.983806968
1403636594063555584.000000 -0.166283175 -0.006412313 -0.144271821 0.003319349 -0.159843028 0.075924255 0.984212816
1403636594113555456.000000 -0.167116627 0.021947557 -0.147227988 -0.014687599 -0.157734334 0.082342081 0.983932972
1403636594163555584.000000 -0.167676121 0.049984839 -0.146321535 -0.031232748 -0.157646045 0.088585138 0.983018279
1403636594213555456.000000 -0.166792408 0.078662880 -0.141227022 -0.045454163 -0.158611417 0.092637151 0.981934190
1403636594263555584.000000 -0.166374713 0.107474737 -0.132348806 -0.057309009 -0.159254804 0.094604753 0.981021702
1403636594313555456.000000 -0.162902102 0.135737076 -0.119180448 -0.067086257 -0.159987539 0.095025443 0.980241597
1403636594363555584.000000 -0.158558011 0.162514523 -0.102749154 -0.075608388 -0.159746364 0.094280668 0.979732454
1403636594413555456.000000 -0.152399242 0.188923970 -0.083008595 -0.081979789 -0.157428846 0.092307135 0.979783118
1403636594463555584.000000 -0.145499989 0.213654250 -0.061047807 -0.086304568 -0.153316602 0.088991664 0.980370343
1403636594513555456.000000 -0.137213141 0.236713916 -0.036737677 -0.088179782 -0.147883996 0.085786380 0.981323302
1403636594563555584.000000 -0.128932610 0.254359782 -0.012212644 -0.088775165 -0.141922429 0.085910603 0.982138693
1403636594613555456.000000 -0.120478369 0.267494231 0.012604031 -0.087836392 -0.137228116 0.086154684 0.982868552
1403636594663555584.000000 -0.112252422 0.274010926 0.035871420 -0.086380623 -0.133425519 0.087421730 0.983409166
1403636594713555456.000000 -0.104250506 0.274726063 0.058950335 -0.083019033 -0.130906239 0.086498208 0.984118640
1403636594763555584.000000 -0.097369611 0.268047124 0.079591639 0.076709569 0.128800198 -0.084730379 -0.985061884
1403636594813555456.000000 -0.091563173 0.255425423 0.100718275 -0.067011558 -0.126602337 0.080647126 0.986396134
1403636594863555584.000000 -0.086264275 0.235442325 0.118112005 -0.055800039 -0.124380134 0.075712509 0.987766981
1403636594913555456.000000 -0.081621274 0.209969714 0.134276778 -0.042230338 -0.121896379 0.068259828 0.989291966
1403636594963555584.000000 -0.077769920 0.178093791 0.145297453 -0.026276084 -0.119935371 0.059677634 0.990638018
1403636595013555456.000000 -0.075253107 0.142478421 0.154055536 -0.006353116 -0.118263900 0.052367050 0.991580069
1403636595063555584.000000 -0.073825479 0.103177972 0.157607138 0.013697590 -0.118475951 0.043856382 0.991893351
1403636595113555456.000000 -0.073256999 0.061981414 0.159078434 0.033437062 -0.120527074 0.036677860 0.991468608
1403636595163555584.000000 -0.074344978 0.022316923 0.156825021 -0.052417796 0.122963741 -0.030271845 -0.990563452
1403636595213555456.000000 -0.077335142 -0.014500055 0.154056266 0.070612907 -0.125586301 0.026337001 0.989215970
1403636595263555584.000000 -0.080371156 -0.048687063 0.146181762 -0.087945960 0.128068939 -0.021948136 -0.987614393
1403636595313555456.000000 -0.084803864 -0.077284358 0.135943577 0.102803819 -0.130590647 0.017996268 0.985927880
1403636595363555584.000000 -0.089530878 -0.101211771 0.123159692 0.114161715 -0.132419720 0.013829612 0.984500349
1403636595413555456.000000 -0.094780497 -0.118770242 0.109228343 0.121770389 -0.133799717 0.011974660 0.983425796
1403636595463555584.000000 -0.100225672 -0.128943279 0.094559252 0.127056360 -0.135211363 0.010063871 0.982585073
1403636595513555456.000000 -0.106332429 -0.133775517 0.077648900 0.130080074 -0.137544751 0.010107731 0.981864810
1403636595563555584.000000 -0.112861797 -0.129794896 0.063202493 0.132091179 -0.139997840 0.008405349 0.981265485
1403636595613555456.000000 -0.119559892 -0.119671226 0.048307888 0.131141439 -0.142364949 0.007981143 0.981055796
1403636595663555584.000000 -0.126989365 -0.103282921 0.034852024 0.127468750 -0.144586086 0.007325011 0.981220126
1403636595713555456.000000 -0.134373218 -0.082707725 0.021272469 0.120140754 -0.145913318 0.008567085 0.981938004
1403636595763555584.000000 -0.142313331 -0.057355296 0.009533972 0.109859392 -0.146565139 0.008311474 0.983046591
1403636595813555456.000000 -0.150407806 -0.029953616 -0.002399728 0.095080502 -0.146372035 0.010124655 0.984597683
1403636595863555584.000000 -0.158582285 -0.000304311 -0.012844464 0.079712324 -0.146174297 0.011968853 0.985969484
1403636595913555456.000000 -0.167256698 0.030064462 -0.022890152 0.064079039 -0.146444082 0.015686596 0.987016737
1403636595963555584.000000 -0.175109833 0.058477227 -0.033856850 0.048425458 -0.147822335 0.020079279 0.987623632
1403636596013555456.000000 -0.182026520 0.083836466 -0.046866812 0.033021294 -0.150754154 0.024202380 0.987723172
1403636596063555584.000000 -0.189629793 0.105106056 -0.061226524 -0.018067654 0.153390974 -0.029307263 -0.987565637
1403636596113555456.000000 -0.197909445 0.121273085 -0.076155096 0.005336267 -0.155519933 0.034398392 0.987219334
1403636596163555584.000000 -0.204062551 0.129872888 -0.092355229 -0.003679495 -0.157075286 0.039151207 0.986803472
1403636596213555456.000000 -0.208991215 0.131999090 -0.108759977 -0.009446865 -0.156974152 0.043001000 0.986620963
1403636596263555584.000000 -0.212199956 0.126187250 -0.126847193 -0.012171485 -0.156028479 0.046966910 0.986560285
1403636596313555456.000000 -0.213752553 0.114917316 -0.146135613 0.013541874 0.154189542 -0.050017737 -0.986681581
1403636596363555584.000000 -0.215351582 0.100727119 -0.166178912 -0.014880276 -0.152011067 0.051278401 0.986935556
1403636596413555456.000000 -0.215615705 0.082990661 -0.188443214 -0.015613219 -0.149368107 0.050252430 0.987380445
1403636596463555584.000000 -0.216443494 0.064929485 -0.209975213 -0.014889767 -0.146289155 0.048189405 0.987955332
1403636596513555456.000000 -0.217091292 0.046415217 -0.230496779 -0.013622279 -0.143489942 0.045208577 0.988524854
1403636596563555584.000000 -0.217632353 0.029437078 -0.248362780 -0.011899762 -0.141267046 0.041934609 0.989011467
1403636596613555456.000000 -0.218609169 0.013389995 -0.263729364 -0.011861890 -0.141226858 0.040094905 0.989093840
1403636596663555584.000000 -0.219194055 -0.000412126 -0.275481939 -0.011421592 -0.142484277 0.039342113 0.988948941
1403636596713555456.000000 -0.220646918 -0.010718958 -0.282940328 -0.010407816 -0.143850639 0.038503941 0.988795340
1403636596763555584.000000 -0.220654666 -0.018054845 -0.285223186 -0.009112300 -0.143689409 0.035936661 0.988928139
1403636596813555456.000000 -0.219876289 -0.021748781 -0.282097876 -0.008777764 -0.141205117 0.034224655 0.989349723
1403636596863555584.000000 -0.217816353 -0.022187591 -0.273636788 -0.008972937 -0.138163611 0.030688221 0.989893198
1403636596913555456.000000 -0.214051768 -0.020263566 -0.259559870 -0.009722196 -0.135344788 0.028655116 0.990336418
1403636596963555584.000000 -0.208710954 -0.016036121 -0.240470931 -0.010963181 -0.135210425 0.025155021 0.990436912
1403636597013555456.000000 -0.202186510 -0.010439329 -0.217181638 -0.012035533 -0.137612104 0.024810376 0.990102291
1403636597063555584.000000 -0.195005745 -0.003769441 -0.190269575 -0.012069696 -0.142999083 0.023412330 0.989372253
1403636597113555456.000000 -0.186787695 0.003014425 -0.160941377 0.009420955 0.148846850 -0.023701426 -0.988531291
1403636597163555584.000000 -0.177080050 0.010233874 -0.130356491 -0.004513141 -0.153890297 0.021722022 0.987838864
1403636597213555456.000000 -0.165082991 0.017458325 -0.098349802 0.001830356 -0.156837910 0.019508349 0.987430036
1403636597263555584.000000 -0.151308030 0.024054492 -0.066173434 0.008564007 -0.157391116 0.016386079 0.987363279
1403636597313555456.000000 -0.136940956 0.029268121 -0.033930164 -0.015867529 0.155984536 -0.012253699 -0.987556040
1403636597363555584.000000 -0.122393332 0.032744732 -0.002126411 0.023707809 -0.153787464 0.009756264 0.987771392
1403636597413555456.000000 -0.108709492 0.035243470 0.029175542 0.031259380 -0.151470691 0.004590919 0.987956762
1403636597463555584.000000 -0.096099854 0.035818193 0.058594581 0.039739728 -0.149327844 0.000243112 0.987988830
1403636597513555456.000000 -0.084330715 0.033852793 0.084964246 0.048919570 -0.146809906 -0.005679410 0.987937987
1403636597563555584.000000 -0.075865746 0.029196052 0.106941231 0.060024723 -0.143644795 -0.008507858 0.987770677
1403636597613555456.000000 -0.069613278 0.022448489 0.124312118 0.072310179 -0.139656916 -0.009805117 0.987507522
1403636597663555584.000000 -0.066492595 0.012848059 0.135191485 0.084622160 -0.134988904 -0.010767872 0.987168312
1403636597713555456.000000 -0.065530233 0.001594785 0.140355214 0.096081622 -0.130269289 -0.011881648 0.986740649
1403636597763555584.000000 -0.066711277 -0.010246642 0.139761567 0.105358727 -0.125793055 -0.013490653 0.986353755
1403636597813555456.000000 -0.069344975 -0.021906879 0.133848280 0.112780787 -0.121530831 -0.015469921 0.986038327
1403636597863555584.000000 -0.073715068 -0.032161932 0.123666391 0.117651135 -0.118325360 -0.018996002 0.985797405
1403636597913555456.000000 -0.079588920 -0.041273080 0.109569915 0.122339301 -0.116532236 -0.023143597 0.985351562
1403636597963555584.000000 -0.087001190 -0.047997013 0.092748299 0.125016183 -0.116636075 -0.027332196 0.984895945
1403636598013555456.000000 -0.095319867 -0.053072341 0.073986009 0.126941338 -0.118656449 -0.030580521 0.984312654
1403636598063555584.000000 -0.105264999 -0.056500286 0.054023679 0.127462402 -0.122345321 -0.032006793 0.983748257
1403636598113555456.000000 -0.116207875 -0.058201395 0.033448316 -0.127924636 0.128292665 0.031711228 -0.982939899
1403636598163555584.000000 -0.128012285 -0.058658086 0.014209623 0.126737639 -0.135739207 -0.032745227 0.982059240
1403636598213555456.000000 -0.140199631 -0.056681126 -0.003107348 0.124030612 -0.145198345 -0.033503164 0.981025696
1403636598263555584.000000 -0.152273953 -0.053456910 -0.017089600 0.121142171 -0.154567316 -0.036210891 0.979858398
1403636598313555456.000000 -0.164108276 -0.048876349 -0.027620865 -0.117695920 0.161796778 0.037028395 -0.979080439
1403636598363555584.000000 -0.173592478 -0.043734983 -0.032995630 0.113311008 -0.166321069 -0.039640833 0.978737235
1403636598413555456.000000 -0.181788430 -0.038379159 -0.033402756 0.108732663 -0.168398768 -0.040382884 0.978870928
1403636598463555584.000000 -0.188855007 -0.032458093 -0.029337958 0.106270216 -0.168131322 -0.042126928 0.979113817
1403636598513555456.000000 -0.193323001 -0.027308259 -0.020038813 0.105563439 -0.165370852 -0.042125624 0.979660332
1403636598563555584.000000 -0.195208132 -0.022697905 -0.006762639 -0.108143166 0.160005495 0.042502984 -0.980253458
1403636598613555456.000000 -0.196863770 -0.017920779 0.008755046 0.111474641 -0.152749032 -0.041551169 0.981078327
1403636598663555584.000000 -0.196994200 -0.014122646 0.027166616 0.116374813 -0.144615814 -0.041176450 0.981757522
1403636598713555456.000000 -0.197425947 -0.011228242 0.047082603 -0.122356340 0.135050163 0.040225551 -0.982431889
1403636598763555584.000000 -0.199828446 -0.008276849 0.066304289 0.129392013 -0.123932786 -0.039174233 0.983038068
1403636598813555456.000000 -0.203275636 -0.006027416 0.086152568 0.135317028 -0.112521470 -0.037216723 0.983688533
1403636598863555584.000000 -0.207701862 -0.003593049 0.105368033 -0.139173821 0.100456543 0.035154670 -0.984531999
1403636598913555456.000000 -0.213445917 -0.001072885 0.123507276 0.140910313 -0.089880645 -0.032573719 0.985395730
1403636598963555584.000000 -0.219728917 0.001293915 0.141015783 0.140771285 -0.080596387 -0.032586325 0.986217976
1403636599013555456.000000 -0.226664305 0.003137252 0.156057477 0.141677767 -0.072829187 -0.032445893 0.986696839
1403636599063555584.000000 -0.232368276 0.004259658 0.169355229 0.143929303 -0.064188056 -0.030131979 0.987044215
1403636599113555456.000000 -0.237150788 0.005242025 0.180512145 0.148071989 -0.054573722 -0.027218157 0.987094581
1403636599163555584.000000 -0.240583107 0.005702957 0.189813301 0.152682707 -0.042274512 -0.023408229 0.987093210
1403636599213555456.000000 -0.242630348 0.006183078 0.198580116 0.153273657 -0.026111815 -0.022106607 0.987591386
1403636599263555584.000000 -0.244235203 0.006253569 0.206866443 0.153671578 -0.010431472 -0.018247722 0.987898409
1403636599313555456.000000 -0.243753925 0.006292539 0.212401524 0.153363898 0.002054202 -0.015202511 0.988050699
1403636599363555584.000000 -0.245862395 0.006459880 0.219514385 -0.152048200 -0.011584233 0.013034643 -0.988219261
1403636599413555456.000000 -0.248917326 0.006921590 0.225487635 0.149176925 0.017496536 -0.013658777 0.988561392
1403636599463555584.000000 -0.251768321 0.006458457 0.232135713 0.145267457 0.019817166 -0.015266365 0.989076138
1403636599513555456.000000 -0.254952073 0.006480654 0.236971393 0.140896559 0.018353779 -0.013701351 0.989759386
1403636599563555584.000000 -0.258810520 0.006981716 0.241115138 0.136866137 0.015405412 -0.012121913 0.990395606
1403636599613555456.000000 -0.261995405 0.006896726 0.244883254 0.134389281 0.011891375 -0.011160106 0.990794420
1403636599663555584.000000 -0.265665561 0.007609438 0.247308135 0.132235810 0.009475442 -0.011663218 0.991104364
1403636599713555456.000000 -0.268753082 0.008496605 0.248303249 -0.131792352 -0.010840669 0.010534257 -0.991162121
1403636599763555584.000000 -0.270797253 0.009117190 0.250338405 0.133413658 0.021020094 -0.010111256 0.990785956
1403636599813555456.000000 -0.270619988 0.010195406 0.249859393 0.133339852 0.029118991 -0.008947176 0.990602136
1403636599863555584.000000 -0.271553069 0.010902764 0.249333709 0.133500248 0.035423208 -0.007373691 0.990388095
1403636599913555456.000000 -0.272114366 0.011630924 0.249206260 0.134464160 0.037423000 -0.005787310 0.990194678
1403636599963555584.000000 -0.272466630 0.012163816 0.249523640 0.133364096 0.036416821 -0.004183766 0.990389049
1403636600013555456.000000 -0.272892505 0.012664821 0.249696359 0.132718414 0.035794660 -0.003088798 0.990502417
1403636600063555584.000000 -0.274111211 0.013665263 0.250120014 0.133672759 0.035767332 -0.000713582 0.990379691
1403636600113555456.000000 -0.274113864 0.014538486 0.249839976 0.134663522 0.038945559 0.001880764 0.990124047
1403636600163555584.000000 -0.274462134 0.015009956 0.249412626 0.134263217 0.039686780 0.000478905 0.990150571
1403636600213555456.000000 -0.274503231 0.014650732 0.249329910 0.134749770 0.039321523 0.001780804 0.990097523
1403636600263555584.000000 -0.274467915 0.014577316 0.249236390 0.134976313 0.039281934 0.001956962 0.990068018
1403636600313555456.000000 -0.274409264 0.014601694 0.249238461 0.135176957 0.039229486 0.002434234 0.990041614
1403636600363555584.000000 -0.274339050 0.014586424 0.249348640 0.135307133 0.039305251 0.003019973 0.990019202
1403636600413555456.000000 -0.274557263 0.014286535 0.249372244 0.135454744 0.039256964 0.002856866 0.990001380
1403636600463555584.000000 -0.274533689 0.014340777 0.249209374 0.135671437 0.039196070 0.003486572 0.989972115
1403636600513555456.000000 -0.274367005 0.014600761 0.249165669 0.135432094 0.039439753 0.003280075 0.989995897
1403636600563555584.000000 -0.274292260 0.014580635 0.249300420 0.135421827 0.039307859 0.002858879 0.990003884
1403636600613555456.000000 -0.274285376 0.014410889 0.249410599 0.135611221 0.039243549 0.003476824 0.989978552
1403636600663555584.000000 -0.274283499 0.014442164 0.249544844 0.135509893 0.039159246 0.003321499 0.989996254
1403636600713555456.000000 -0.274341881 0.014409101 0.249613807 0.135546103 0.039067943 0.003299135 0.989995062
1403636600763555584.000000 -0.274357259 0.014347397 0.249664366 0.135659158 0.039060026 0.003586639 0.989978850
1403636600813555456.000000 -0.274348289 0.014450323 0.249666244 0.135473892 0.039106399 0.003157558 0.990003884
1403636600863555584.000000 -0.274369508 0.014347201 0.249660000 0.135651305 0.038982026 0.003566206 0.989983082
1403636600913555456.000000 -0.274448991 0.014413666 0.249489233 0.135463804 0.039039399 0.003112308 0.990007997
1403636600963555584.000000 -0.274446934 0.014369961 0.249385193 0.135585681 0.038923144 0.003524659 0.989994526
1403636601013555456.000000 -0.274392992 0.014458846 0.249468222 0.135404229 0.038963385 0.003060742 0.990019321
1403636601063555584.000000 -0.274343312 0.014352513 0.249557227 0.135555133 0.038898915 0.003559504 0.989999533
1403636601113555456.000000 -0.274289668 0.014445635 0.249624774 0.135399669 0.038915914 0.003156521 0.990021467
1403636601163555584.000000 -0.274345070 0.014376700 0.249550223 0.135530412 0.038889822 0.003527057 0.990003407
1403636601213555456.000000 -0.274338186 0.014433390 0.249581248 0.135411069 0.038927302 0.003167153 0.990019441
1403636601263555584.000000 -0.274374604 0.014355392 0.249577254 0.135560036 0.038854081 0.003587104 0.990000546
1403636601313555456.000000 -0.274389476 0.014474235 0.249602437 0.135434434 0.038906138 0.003195815 0.990017056
1403636601363555584.000000 -0.274412811 0.014401831 0.249662668 0.135510683 0.038863793 0.003527761 0.990007102
1403636601413555456.000000 -0.274422228 0.014417991 0.249462649 0.135461643 0.038885161 0.003200504 0.990014076
1403636601463555584.000000 -0.274423957 0.014373461 0.249427706 0.135523066 0.038872108 0.003422909 0.990005493
1403636601513555456.000000 -0.274327844 0.014474254 0.249629110 0.135455459 0.038949531 0.003308764 0.990012050
1403636601563555584.000000 -0.274290890 0.014458746 0.249666348 0.135478079 0.038954034 0.003520217 0.990008056
1403636601613555456.000000 -0.274338037 0.014449954 0.249637663 0.135468602 0.038939305 0.003423044 0.990010262
1403636601663555584.000000 -0.274366468 0.014437381 0.249566928 0.135428801 0.039015673 0.003444342 0.990012646
1403636601713555456.000000 -0.274474144 0.014377292 0.249497533 0.135547265 0.039006677 0.003417780 0.989996850
1403636601763555584.000000 -0.274481773 0.014364730 0.249511003 0.135502800 0.039028645 0.003378968 0.990002215
1403636601813555456.000000 -0.274599671 0.014309744 0.249758959 0.135511577 0.038877517 0.003479037 0.990006626
1403636601863555584.000000 -0.274459034 0.014370067 0.249695197 0.135520220 0.038998544 0.003413757 0.990000904
1403636601913555456.000000 -0.274421424 0.014401246 0.249625161 0.135552049 0.038980264 0.003492021 0.989996970
1403636601963555584.000000 -0.274382532 0.014425514 0.249531373 0.135510772 0.038979627 0.003384107 0.990003049
1403636602013555456.000000 -0.274358988 0.014432961 0.249443233 0.135545239 0.039013222 0.003509952 0.989996552
1403636602063555584.000000 -0.274354339 0.014460380 0.249378204 0.135522485 0.038978413 0.003342343 0.990001678
1403636602113555456.000000 -0.274359107 0.014407261 0.249415413 0.135569543 0.038954232 0.003567162 0.989995420
1403636602163555584.000000 -0.274379432 0.014442560 0.249449953 0.135528550 0.038943969 0.003329120 0.990002215
1403636602213555456.000000 -0.274561107 0.014699113 0.249688640 0.135695890 0.038921524 0.003504319 0.989979506
1403636602263555584.000000 -0.274561971 0.014743552 0.249662980 0.135609716 0.038908228 0.003188093 0.989992976
1403636602313555456.000000 -0.274483085 0.014454131 0.249642551 0.135506228 0.038732477 0.003576566 0.990012705
1403636602363555584.000000 -0.274472564 0.014419983 0.249618217 0.135538891 0.038781699 0.003352748 0.990007102
1403636602413555456.000000 -0.274467498 0.014365532 0.249558344 0.135619119 0.038799413 0.003532535 0.989994824
1403636602463555584.000000 -0.274422228 0.014404496 0.249536067 0.135582805 0.038840763 0.003468214 0.989998400
1403636602513555456.000000 -0.274447709 0.014415171 0.249482527 0.135576740 0.038806003 0.003518285 0.990000367
1403636602563555584.000000 -0.274499744 0.014774512 0.249568373 0.135713056 0.038883418 0.003450949 0.989978850
1403636602613555456.000000 -0.274433881 0.014452347 0.249480784 0.135593459 0.038786080 0.003498530 0.989998937
1403636602663555584.000000 -0.274424583 0.014447557 0.249478012 0.135572657 0.038796492 0.003493614 0.990001380
1403636602713555456.000000 -0.274350315 0.014541273 0.249481246 0.135521218 0.038902469 0.003631500 0.990003765
1403636602763555584.000000 -0.274355561 0.014546053 0.249469057 0.135488182 0.038913619 0.003639129 0.990007818
1403636602813555456.000000 -0.274393320 0.014547868 0.249462396 0.135489956 0.038944934 0.003630168 0.990006387
1403636602863555584.000000 -0.274341762 0.014578577 0.249462709 0.135486841 0.038918938 0.003695218 0.990007639
1403636602913555456.000000 -0.274340570 0.014569555 0.249430120 0.135480627 0.038927410 0.003624340 0.990008354
1403636602963555584.000000 -0.274523348 0.014739089 0.249663472 0.135672435 0.038818438 0.003522927 0.989986718
1403636603013555456.000000 -0.274508893 0.014743235 0.249660760 0.135629117 0.038822394 0.003425820 0.989992857
1403636603063555584.000000 -0.274333805 0.014516903 0.249469846 0.135489941 0.038949676 0.003729868 0.990005851
1403636603113555456.000000 -0.274533212 0.014716787 0.249668896 0.135586709 0.038858298 0.003411873 0.989997327
1403636603163555584.000000 -0.274353653 0.014495591 0.249438912 0.135420099 0.038968377 0.003703821 0.990014732
1403636603213555456.000000 -0.274314255 0.014490313 0.249495596 0.135414034 0.038871169 0.003633630 0.990019619
1403636603263555584.000000 -0.274305373 0.014512932 0.249512747 0.135457993 0.038889736 0.003680720 0.990012765
1403636603313555456.000000 -0.274299622 0.014452068 0.249491066 0.135418415 0.038893335 0.003623736 0.990018249
1403636603363555584.000000 -0.274269938 0.014511303 0.249531597 0.135444373 0.038924243 0.003683509 0.990013242
1403636603413555456.000000 -0.274281472 0.014532998 0.249606520 0.135418385 0.038949221 0.003650196 0.990015984
1403636603463555584.000000 -0.274290890 0.014519623 0.249679968 0.135412231 0.038931813 0.003667433 0.990017414
1403636603513555456.000000 -0.274299473 0.014500419 0.249680951 0.135375947 0.038885139 0.003649068 0.990024269
1403636603563555584.000000 -0.274518549 0.014690133 0.249737442 0.135626897 0.038737692 0.003421060 0.989996552
1403636603613555456.000000 -0.274269313 0.014497914 0.249672398 0.135398030 0.038871668 0.003649916 0.990021765
1403636603663555584.000000 -0.274521589 0.014679418 0.249716640 0.135610908 0.038764704 0.003411522 0.989997625
1403636603713555456.000000 -0.274403363 0.014485569 0.249567643 0.135407224 0.038757376 0.003344663 0.990026116
1403636603763555584.000000 -0.274399221 0.014483755 0.249555439 0.135400936 0.038737059 0.003394771 0.990027606
1403636603813555456.000000 -0.274424613 0.014425667 0.249531001 0.135406107 0.038688824 0.003345576 0.990028918
1403636603863555584.000000 -0.274369419 0.014419369 0.249560595 0.135402858 0.038826354 0.003382226 0.990023851
1403636603913555456.000000 -0.274391532 0.014409898 0.249585301 0.135453448 0.038742874 0.003450565 0.990019917
1403636603963555584.000000 -0.274338424 0.014448321 0.249624297 0.135374606 0.038837001 0.003313586 0.990027547
1403636604013555456.000000 -0.274363101 0.014422828 0.249623895 0.135471866 0.038822629 0.003519395 0.990014076
1403636604063555584.000000 -0.274372935 0.014463607 0.249624878 0.135413721 0.038836587 0.003408271 0.990021884
1403636604113555456.000000 -0.274382830 0.014473528 0.249630481 0.135470644 0.038865730 0.003523801 0.990012527
1403636604163555584.000000 -0.274388552 0.014487479 0.249629855 0.135436773 0.038894325 0.003394837 0.990016460
1403636604213555456.000000 -0.274327487 0.014438402 0.249422520 0.135391101 0.038753927 0.003578265 0.990027606
1403636604263555584.000000 -0.274329007 0.014441930 0.249398664 0.135379717 0.038759787 0.003554299 0.990029037
1403636604313555456.000000 -0.274342209 0.014519373 0.249444991 0.135475203 0.038758907 0.003447117 0.990016401
1403636604363555584.000000 -0.274252355 0.014525009 0.249401897 0.135366976 0.038733512 0.003542995 0.990031838
1403636604413555456.000000 -0.274284035 0.014531283 0.249453455 0.135412350 0.038699321 0.003600500 0.990026772
1403636604463555584.000000 -0.274385929 0.014541265 0.249536753 0.135480478 0.038756397 0.003389980 0.990015924
1403636604513555456.000000 -0.274397522 0.014498179 0.249595687 0.135469362 0.038761918 0.003434686 0.990017116
1403636604563555584.000000 -0.274423838 0.014504898 0.249652714 0.135453731 0.038753211 0.003469965 0.990019500
1403636604613555456.000000 -0.274338275 0.014483651 0.249615416 0.135326624 0.038760345 0.003648175 0.990035892
1403636604663555584.000000 -0.274439394 0.014466660 0.249665558 0.135447726 0.038751576 0.003493658 0.990020216
1403636604713555456.000000 -0.274302930 0.014525041 0.249539211 0.135550216 0.038681369 0.003599272 0.990008593
1403636604763555584.000000 -0.274291903 0.014493192 0.249546468 0.135531157 0.038671862 0.003590467 0.990011573
1403636604813555456.000000 -0.274313569 0.014524961 0.249546096 0.135545582 0.038672168 0.003530601 0.990009844
1403636604863555584.000000 -0.274282962 0.014451558 0.249349654 0.135352910 0.038662836 0.003546671 0.990036488
1403636604913555456.000000 -0.274274379 0.014433241 0.249399394 0.135375530 0.038642991 0.003527639 0.990034282
1403636604963555584.000000 -0.274282962 0.014448775 0.249417037 0.135415122 0.038645081 0.003544227 0.990028739
1403636605013555456.000000 -0.274302423 0.014472762 0.249425292 0.135403737 0.038640998 0.003551665 0.990030348
1403636605063555584.000000 -0.274334759 0.014537637 0.249683231 0.135612994 0.038597606 0.003611686 0.990003169
1403636605113555456.000000 -0.274299622 0.014530415 0.249528378 0.135410205 0.038672030 0.003515067 0.990028381
1403636605163555584.000000 -0.274274588 0.014504028 0.249540493 0.135449201 0.038658116 0.003642501 0.990023196
1403636605213555456.000000 -0.274385542 0.014606530 0.249448061 0.135551170 0.038891148 0.003785787 0.989999533
1403636605263555584.000000 -0.274420440 0.014591098 0.249396399 0.135567755 0.038913086 0.003870490 0.989996076
1403636605313555456.000000 -0.274366081 0.014603255 0.249502316 0.135537356 0.038925651 0.003768487 0.990000129
1403636605363555584.000000 -0.274380863 0.014554612 0.249520212 0.135572985 0.038900990 0.003906023 0.989995658
1403636605413555456.000000 -0.274361849 0.014551235 0.249498561 0.135528371 0.038920231 0.003817459 0.990001380
1403636605463555584.000000 -0.274360150 0.014553216 0.249526769 0.135569230 0.038888972 0.003900393 0.989996731
1403636605513555456.000000 -0.274370670 0.014583603 0.249515727 0.135555655 0.038888115 0.003849474 0.989998817
1403636605563555584.000000 -0.274349689 0.014593726 0.249532029 0.135548085 0.038873542 0.003900605 0.990000188
1403636605613555456.000000 -0.274348944 0.014594881 0.249513209 0.135558784 0.038909771 0.003845877 0.989997506
1403636605663555584.000000 -0.274357319 0.014603562 0.249506846 0.135595009 0.038911924 0.003887110 0.989992380
1403636605713555456.000000 -0.274375975 0.014622314 0.249439761 0.135562912 0.038826227 0.003841739 0.990000308
1403636605763555584.000000 -0.274354905 0.014623025 0.249452859 0.135542452 0.038788449 0.003852393 0.990004480
1403636605813555456.000000 -0.274394006 0.014653068 0.249426454 0.135514811 0.038838774 0.003832944 0.990006328
1403636605863555584.000000 -0.274383426 0.014594628 0.249463379 0.135505751 0.038815755 0.003873158 0.990008414
1403636605913555456.000000 -0.274376780 0.014603170 0.249455348 0.135537773 0.038762644 0.003839959 0.990006208
1403636605963555584.000000 -0.274359792 0.014538832 0.249505281 0.135516375 0.038802255 0.003887608 0.990007460
1403636606013555456.000000 -0.274365634 0.014540067 0.249513343 0.135507941 0.038817890 0.003844911 0.990008116
1403636606063555584.000000 -0.274367124 0.014548916 0.249496400 0.135504261 0.038836997 0.003878216 0.990007758
1403636606113555456.000000 -0.274369329 0.014537738 0.249500230 0.135479435 0.038860321 0.003883747 0.990010202
1403636606163555584.000000 -0.274385095 0.014557924 0.249485388 0.135453328 0.038857587 0.003885656 0.990013897
1403636606213555456.000000 -0.274336040 0.014582036 0.249474019 0.135546044 0.038628999 0.003741861 0.990010679
1403636606263555584.000000 -0.274325222 0.014601065 0.249462351 0.135522902 0.038642660 0.003729111 0.990013361
1403636606313555456.000000 -0.274327755 0.014596673 0.249489829 0.135475218 0.038702611 0.003843307 0.990017116
1403636606363555584.000000 -0.274345309 0.014553230 0.249479383 0.135450870 0.038731225 0.003838411 0.990019381
1403636606413555456.000000 -0.274366885 0.014519222 0.249487385 0.135451838 0.038739443 0.003853460 0.990018845
1403636606463555584.000000 -0.274363548 0.014506523 0.249506161 0.135465801 0.038747147 0.003861604 0.990016639
1403636606513555456.000000 -0.274323016 0.014489311 0.249554813 0.135515094 0.038670100 0.003850017 0.990012944
1403636606563555584.000000 -0.274365902 0.014560668 0.249499947 0.135467127 0.038782805 0.003908731 0.990014791
1403636606613555456.000000 -0.274378896 0.014579423 0.249478206 0.135458082 0.038840938 0.003883811 0.990013897
1403636606663555584.000000 -0.274384558 0.014575957 0.249456033 0.135453224 0.038847778 0.003875730 0.990014315
1403636606713555456.000000 -0.274359047 0.014554305 0.249458373 0.135435730 0.038733888 0.003761966 0.990021586
1403636606763555584.000000 -0.274357408 0.014537524 0.249463394 0.135408834 0.038718883 0.003770011 0.990025818
1403636606813555456.000000 -0.274355620 0.014496687 0.249501288 0.135435641 0.038696896 0.003817813 0.990022898
1403636606863555584.000000 -0.274356395 0.014549485 0.249478161 0.135458380 0.038700216 0.003833946 0.990019560
1403636606913555456.000000 -0.274323195 0.014554070 0.249476418 0.135490507 0.038548917 0.003732254 0.990021467
1403636606963555584.000000 -0.274321198 0.014594974 0.249434382 0.135450691 0.038705923 0.003754999 0.990020633
1403636607013555456.000000 -0.274315625 0.014543399 0.249482036 0.135495633 0.038595103 0.003767419 0.990018785
1403636607063555584.000000 -0.274353534 0.014566121 0.249460250 0.135483176 0.038733460 0.003826351 0.990014851
1403636607113555456.000000 -0.274322718 0.014626081 0.249418303 0.135509804 0.038748182 0.003773976 0.990010858
1403636607163555584.000000 -0.274332106 0.014568359 0.249471068 0.135541737 0.038630214 0.003756887 0.990011096
1403636607213555456.000000 -0.274345368 0.014543319 0.249485120 0.135497689 0.038600702 0.003734028 0.990018427
1403636607263555584.000000 -0.274341732 0.014548779 0.249475598 0.135477096 0.038626254 0.003727408 0.990020275
1403636607313555456.000000 -0.274316728 0.014547752 0.249527276 0.135489836 0.038558725 0.003720812 0.990021169
1403636607363555584.000000 -0.274287224 0.014572673 0.249515831 0.135472521 0.038568258 0.003694804 0.990023315
1403636607413555456.000000 -0.274270475 0.014602045 0.249455258 0.135478035 0.038558286 0.003735914 0.990022779
1403636607463555584.000000 -0.274250627 0.014605430 0.249426737 0.135496154 0.038609270 0.003720828 0.990018308
1403636607513555456.000000 -0.274354219 0.014506444 0.249440819 0.135514826 0.038658563 0.003697336 0.990013957
1403636607563555584.000000 -0.274360448 0.014543122 0.249430731 0.135501415 0.038677610 0.003671352 0.990015149
1403636607613555456.000000 -0.274350852 0.014566288 0.249357328 0.135504648 0.038563538 0.003665215 0.990019202
1403636607663555584.000000 -0.274312198 0.014584937 0.249369785 0.135474741 0.038542353 0.003648262 0.990024149
1403636607713555456.000000 -0.274300367 0.014568292 0.249391496 0.135488257 0.038504984 0.003681678 0.990023613
1403636607763555584.000000 -0.274291754 0.014566967 0.249434248 0.135479420 0.038506705 0.003680556 0.990024745
1403636607813555456.000000 -0.274301738 0.014561446 0.249469250 0.135498941 0.038521245 0.003678654 0.990021586
1403636607863555584.000000 -0.274313539 0.014546407 0.249500632 0.135491207 0.038531583 0.003727231 0.990022004
1403636607913555456.000000 -0.274315715 0.014547969 0.249512807 0.135490701 0.038550921 0.003763519 0.990021169
1403636607963555584.000000 -0.274299860 0.014554624 0.249482945 0.135448232 0.038554113 0.003721308 0.990027010
1403636608013555456.000000 -0.274405628 0.014531372 0.249421194 0.135439381 0.038883191 0.003813176 0.990015030
1403636608063555584.000000 -0.274399549 0.014526607 0.249405906 0.135443985 0.038891353 0.003817270 0.990014076
1403636608113555456.000000 -0.274394691 0.014552439 0.249533847 0.135425121 0.038872939 0.003854145 0.990017295
1403636608163555584.000000 -0.274382621 0.014532730 0.249576807 0.135442242 0.038896758 0.003892292 0.990013838
1403636608213555456.000000 -0.274376512 0.014539035 0.249584243 0.135442212 0.038898006 0.003892955 0.990013778
1403636608263555584.000000 -0.274387598 0.014534620 0.249583319 0.135488495 0.038908422 0.003942139 0.990006864
1403636608313555456.000000 -0.274392068 0.014567316 0.249563262 0.135472015 0.038934551 0.003916920 0.990008116
1403636608363555584.000000 -0.274397612 0.014569911 0.249547571 0.135496542 0.038916524 0.003934455 0.990005493
1403636608413555456.000000 -0.274384320 0.014561056 0.249540105 0.135495514 0.038936295 0.003940023 0.990004778
1403636608463555584.000000 -0.274392486 0.014566179 0.249521986 0.135519162 0.038939498 0.003964676 0.990001380
1403636608513555456.000000 -0.274420530 0.014542807 0.249460652 0.135509580 0.038832445 0.003930584 0.990006983
1403636608563555584.000000 -0.274414688 0.014537316 0.249460086 0.135521725 0.038881112 0.003929306 0.990003347
1403636608613555456.000000 -0.274333119 0.014564089 0.249510095 0.135505021 0.038871158 0.003915335 0.990006089
1403636608663555584.000000 -0.274358243 0.014570078 0.249467775 0.135483384 0.038844608 0.003885160 0.990010321
1403636608713555456.000000 -0.274374962 0.014550322 0.249448419 0.135451093 0.038893338 0.003888926 0.990012765
1403636608763555584.000000 -0.274407595 0.014537876 0.249408901 0.135462463 0.038851939 0.003874641 0.990012884
1403636608813555456.000000 -0.274403870 0.014522238 0.249411657 0.135466889 0.038857013 0.003890266 0.990012050
1403636608863555584.000000 -0.274450928 0.014500845 0.249411076 0.135469839 0.038826317 0.003881752 0.990012884
1403636608913555456.000000 -0.274450868 0.014522420 0.249393910 0.135492966 0.038865887 0.003915374 0.990007997
1403636608963555584.000000 -0.274466038 0.014573528 0.249369130 0.135500863 0.038862076 0.003941712 0.990006983
1403636609013555456.000000 -0.274403334 0.014518835 0.249358341 0.135484308 0.038795047 0.003934118 0.990011871
1403636609063555584.000000 -0.274398804 0.014494641 0.249379843 0.135515496 0.038801748 0.003925012 0.990007460
1403636609113555456.000000 -0.274497122 0.014385134 0.249314681 0.135493413 0.038812574 0.003915250 0.990010083
1403636609163555584.000000 -0.274423718 0.014427505 0.249344617 0.135500535 0.038863081 0.003949034 0.990006983
1403636609213555456.000000 -0.274448037 0.014456643 0.249388099 0.135517731 0.038855631 0.003915661 0.990005016
1403636609263555584.000000 -0.274441600 0.014498040 0.249435633 0.135505155 0.038870282 0.003913938 0.990006149
1403636609313555456.000000 -0.274393588 0.014547216 0.249450520 0.135501698 0.038844202 0.003859311 0.990007877
1403636609363555584.000000 -0.274416804 0.014512395 0.249489754 0.135503083 0.038826138 0.003896033 0.990008235
1403636609413555456.000000 -0.274340570 0.014542179 0.249500796 0.135468692 0.038864248 0.003962267 0.990011156
1403636609463555584.000000 -0.274350524 0.014542161 0.249467641 0.135473266 0.038873605 0.003950449 0.990010262
1403636609513555456.000000 -0.274380445 0.014504548 0.249218613 0.135469720 0.038809877 0.003844468 0.990013659
1403636609563555584.000000 -0.274405897 0.014520125 0.249210373 0.135490790 0.038863420 0.003875940 0.990008533
1403636609613555456.000000 -0.274338633 0.014474997 0.249124825 0.135521606 0.038734745 0.003912054 0.990009248
1403636609663555584.000000 -0.274303228 0.014534723 0.249332845 0.135478750 0.038787708 0.003935257 0.990012944
1403636609713555456.000000 -0.274276853 0.014575955 0.249460921 0.135461882 0.038840096 0.003877179 0.990013480
1403636609763555584.000000 -0.274290264 0.014562205 0.249538630 0.135483548 0.038852047 0.003963733 0.990009665
1403636609813555456.000000 -0.274390250 0.014536712 0.249468789 0.135576576 0.038608998 0.003974771 0.990006328
1403636609863555584.000000 -0.274375230 0.014560979 0.249603629 0.135477811 0.038817178 0.003916964 0.990011990
1403636609913555456.000000 -0.274415165 0.014544957 0.249505252 0.135576233 0.038694315 0.004012035 0.990002871
1403636609963555584.000000 -0.274398327 0.014597131 0.249633580 0.135521784 0.038763307 0.003974467 0.990007818
1403636610013555456.000000 -0.274432868 0.014515102 0.249342814 0.135566771 0.038802288 0.004005352 0.990000069
1403636610063555584.000000 -0.274427325 0.014505704 0.249339223 0.135602906 0.038805809 0.004007587 0.989994943
1403636610113555456.000000 -0.274406374 0.014491539 0.249433398 0.135605708 0.038812026 0.004055771 0.989994049
1403636610163555584.000000 -0.274349540 0.014536809 0.249401763 0.135609120 0.038635328 0.004000451 0.990000784
1403636610213555456.000000 -0.274346888 0.014536154 0.249413997 0.135618448 0.038620204 0.004071809 0.989999831
1403636610263555584.000000 -0.274414390 0.014564749 0.249438718 0.135535002 0.038785648 0.003982310 0.990005136
1403636610313555456.000000 -0.274374187 0.014585268 0.249362469 0.135562062 0.038688842 0.004049979 0.990004957
1403636610363555584.000000 -0.274405628 0.014539696 0.249337971 0.135529444 0.038672458 0.004051084 0.990010083
1403636610413555456.000000 -0.274381250 0.014532861 0.249383345 0.135514349 0.038648874 0.004005383 0.990013242
1403636610463555584.000000 -0.274415344 0.014483889 0.249411285 0.135507137 0.038848367 0.004101563 0.990005970
1403636610513555456.000000 -0.274392813 0.014480021 0.249396294 0.135502130 0.038693435 0.003942610 0.990013421
1403636610563555584.000000 -0.274375856 0.014472593 0.249399140 0.135514542 0.038727429 0.003989689 0.990010202
1403636610613555456.000000 -0.274323821 0.014383524 0.249500230 0.135452643 0.038673177 0.003906026 0.990021110
1403636610663555584.000000 -0.274306387 0.014388470 0.249512270 0.135468021 0.038672905 0.003939971 0.990018904
1403636610713555456.000000 -0.274293572 0.014441011 0.249440119 0.135471314 0.038508181 0.003831048 0.990025282
1403636610763555584.000000 -0.274344534 0.014441132 0.249462038 0.135516763 0.038541101 0.003833528 0.990017712
1403636610813555456.000000 -0.274335980 0.014497369 0.249490499 0.135522261 0.038549419 0.003682433 0.990017295
1403636610863555584.000000 -0.274404883 0.014574430 0.249397248 0.135747150 0.038529962 0.003799984 0.989986777
1403636610913555456.000000 -0.274336159 0.014540350 0.249510348 0.135635525 0.038641725 0.003617449 0.989998400
1403636610963555584.000000 -0.274327099 0.014607098 0.249294460 0.135731563 0.038496867 0.003665303 0.989990652
1403636611013555456.000000 -0.274247319 0.014507428 0.249441564 0.135603532 0.038733657 0.003637407 0.989999056
1403636611063555584.000000 -0.274315655 0.014479659 0.249592751 0.135731727 0.038389310 0.003723414 0.989994645
1403636611113555456.000000 -0.274236143 0.014537400 0.249438763 0.135684356 0.038678970 0.003625078 0.989990234
1403636611163555584.000000 -0.274277776 0.014523782 0.249342173 0.135584384 0.038371839 0.003353044 0.990016818
1403636611213555456.000000 -0.274285764 0.014539298 0.249325603 0.135550037 0.038415786 0.003244912 0.990020216
1403636611263555584.000000 -0.274269491 0.014483689 0.249369174 0.135599762 0.038419731 0.003410606 0.990012705
1403636611313555456.000000 -0.274245799 0.014505980 0.249384925 0.135527149 0.038448967 0.003350099 0.990021646
1403636611363555584.000000 -0.274313509 0.014275040 0.249360561 0.136141866 0.038113650 0.004078931 0.989947617
1403636611413555456.000000 -0.274233609 0.014505642 0.249457061 0.135841832 0.038364984 0.003679018 0.989980638
1403636611463555584.000000 -0.274595588 0.014896709 0.249566525 0.136000440 0.037973151 0.004527509 0.989970446
1403636611513555456.000000 -0.274465442 0.015289749 0.249464750 0.135270283 0.038590852 0.003146632 0.990051985
1403636611563555584.000000 -0.274485320 0.015024728 0.249499872 0.135644212 0.038262866 0.003976063 0.990010500
1403636611613555456.000000 -0.274390250 0.015008843 0.249497741 0.135542363 0.038536198 0.003434974 0.990015924
1403636611663555584.000000 -0.274512172 0.014892066 0.249433011 0.135600731 0.038361564 0.004039872 0.990012407
1403636611713555456.000000 -0.274285465 0.015190450 0.249452606 0.135241419 0.038769599 0.003308815 0.990048349
1403636611763555584.000000 -0.274587363 0.014989173 0.249348268 0.135588080 0.038574263 0.003908448 0.990006447
1403636611813555456.000000 -0.274555981 0.014913685 0.249377519 0.135533378 0.038539711 0.004347248 0.990013421
1403636611863555584.000000 -0.274300843 0.015173469 0.249409750 0.135119483 0.038961183 0.003649340 0.990056336
1403636611913555456.000000 -0.274521917 0.015065469 0.249449372 0.135425866 0.038553968 0.003699661 0.990030229
1403636611963555584.000000 -0.274498224 0.014840745 0.249478072 0.135714665 0.038529761 0.004140670 0.989989877
1403636612013555456.000000 -0.274469882 0.014796012 0.249600336 0.135937989 0.038608447 0.004524789 0.989954531
1403636612063555584.000000 -0.274442136 0.015114724 0.249552548 0.135442004 0.038490184 0.003539314 0.990031064
1403636612113555456.000000 -0.274417013 0.014797887 0.249523878 0.136112839 0.038338542 0.004878100 0.989939272
1403636612163555584.000000 -0.274561971 0.014595279 0.249699309 0.136122912 0.038652722 0.004581313 0.989927053
1403636612213555456.000000 -0.274452806 0.014810082 0.249482647 0.136068940 0.038243972 0.004772141 0.989949465
1403636612263555584.000000 -0.274186581 0.015530155 0.249595165 0.134856731 0.039055265 0.001881834 0.990093350
1403636612313555456.000000 -0.274512053 0.014776262 0.249394894 0.136245877 0.038374230 0.004932838 0.989919305
1403636612363555584.000000 -0.274346918 0.015372650 0.249497324 0.135115817 0.038791753 0.002019083 0.990068138
1403636612413555456.000000 -0.274392009 0.014910217 0.249342829 0.135967299 0.038561329 0.004355732 0.989953041
1403636612463555584.000000 -0.274302274 0.015335875 0.249427095 0.135172084 0.038902037 0.002322916 0.990055501
1403636612513555456.000000 -0.274288476 0.014790896 0.249099314 0.135798261 0.038573537 0.004095530 0.989976883
1403636612563555584.000000 -0.274428874 0.015336567 0.249647468 0.135539412 0.038826026 0.002847585 0.990006864
1403636612613555456.000000 -0.274546921 0.015177439 0.249705732 0.135892496 0.038633995 0.003947719 0.989962220
1403636612663555584.000000 -0.274316639 0.015275219 0.248960719 0.135310635 0.038650040 0.002972306 0.990044713
1403636612713555456.000000 -0.274305612 0.015126506 0.249427259 0.135950759 0.038577788 0.003919221 0.989956498
1403636612763555584.000000 -0.274356365 0.015283514 0.249131337 0.135315299 0.038657695 0.003124619 0.990043223
1403636612813555456.000000 -0.274388462 0.015133629 0.249793142 0.135744289 0.038617413 0.003668718 0.989984214
1403636612863555584.000000 -0.274479687 0.015092570 0.249559954 0.135560885 0.038788531 0.003564407 0.990003109
1403636612913555456.000000 -0.274464190 0.015179201 0.249520868 0.135591194 0.038656756 0.003400984 0.990004659
1403636612963555584.000000 -0.274470776 0.015131779 0.249504134 0.135689229 0.038691506 0.003672659 0.989988863
1403636613013555456.000000 -0.274442136 0.015215982 0.249516621 0.135528073 0.038833071 0.003432001 0.990006268
1403636613063555584.000000 -0.274567753 0.015190201 0.249565899 0.135834262 0.038831528 0.003970444 0.989962399
1403636613113555456.000000 -0.274547726 0.015301768 0.249421418 0.135552272 0.038828060 0.003231492 0.990003824
1403636613163555584.000000 -0.274562627 0.015147986 0.249299958 0.135782003 0.038903940 0.004093478 0.989966214
1403636613213555456.000000 -0.274374992 0.015121864 0.249491096 0.135437608 0.038759679 0.003319641 0.990021944
1403636613263555584.000000 -0.274433225 0.015081944 0.249477327 0.135712713 0.038678914 0.003991314 0.989984930
1403636613313555456.000000 -0.274465948 0.015225375 0.249555647 0.135544434 0.039051350 0.003538558 0.989995062
1403636613363555584.000000 -0.274443656 0.015039197 0.249572292 0.135727018 0.038701355 0.004106662 0.989981651
1403636613413555456.000000 -0.274432153 0.015203943 0.249676481 0.135462373 0.038794510 0.003513249 0.990016460
1403636613463555584.000000 -0.274458319 0.015090721 0.249558151 0.135641068 0.038774826 0.004096108 0.989990532
1403636613513555456.000000 -0.274550110 0.015253110 0.249515146 0.135505259 0.039014649 0.003628631 0.990001619
1403636613563555584.000000 -0.274692416 0.015148670 0.249569222 0.135638937 0.039263140 0.003961387 0.989972174
1403636613613555456.000000 -0.274675369 0.015211784 0.249542430 0.135457769 0.039345674 0.003570527 0.989995122
1403636613663555584.000000 -0.274701059 0.015205022 0.249517441 0.135648206 0.039253671 0.003995379 0.989971101
1403636613713555456.000000 -0.274685591 0.015244323 0.249471962 0.135534585 0.039361220 0.003781669 0.989983261
1403636613763555584.000000 -0.274707228 0.015215927 0.249477342 0.135561928 0.039357159 0.003907364 0.989979148
1403636613813555456.000000 -0.274694383 0.015190918 0.249509826 0.135537669 0.039337453 0.003870606 0.989983439
1403636613863555584.000000 -0.274690658 0.015174632 0.249520913 0.135563299 0.039283991 0.003902282 0.989981890
1403636613913555456.000000 -0.274698645 0.015191069 0.249510780 0.135545045 0.039305486 0.003851307 0.989983797
1403636613963555584.000000 -0.274693310 0.015183396 0.249520212 0.135550126 0.039286047 0.003904225 0.989983678
1403636614013555456.000000 -0.274701208 0.015202662 0.249512345 0.135574862 0.039321244 0.003975738 0.989978552
1403636614063555584.000000 -0.274660289 0.015156507 0.249587312 0.135593891 0.039273612 0.003874457 0.989978254
1403636614113555456.000000 -0.274662048 0.015124889 0.249600872 0.135622188 0.039277032 0.003939267 0.989974022
1403636614163555584.000000 -0.274706453 0.015203699 0.249522403 0.135618687 0.039284028 0.003863150 0.989974499
1403636614213555456.000000 -0.274681389 0.015194998 0.249553606 0.135646939 0.039242785 0.003939736 0.989971936
1403636614263555584.000000 -0.274674714 0.015198885 0.249533698 0.135555908 0.039223876 0.003787807 0.989985704
1403636614313555456.000000 -0.274661243 0.015124294 0.249603882 0.135620251 0.039253403 0.003986305 0.989974976
1403636614363555584.000000 -0.274680525 0.015239187 0.249525756 0.135591239 0.039290551 0.003789832 0.989978254
1403636614413555456.000000 -0.274689943 0.015162580 0.249576747 0.135663345 0.039185893 0.004044733 0.989971519
1403636614463555584.000000 -0.274682671 0.015203411 0.249553218 0.135553315 0.039291505 0.003743155 0.989983618
1403636614513555456.000000 -0.274720252 0.015166907 0.249551550 0.135678709 0.039306194 0.004028451 0.989964724
1403636614563555584.000000 -0.274525583 0.015215376 0.249503180 0.135583192 0.038785785 0.003700804 0.989999592
1403636614613555456.000000 -0.274501324 0.015063796 0.249485090 0.135627136 0.038737677 0.003917930 0.989994705
1403636614663555584.000000 -0.274748415 0.015222210 0.249529853 0.135613382 0.039146882 0.003846673 0.989980757
1403636614713555456.000000 -0.274547845 0.015151121 0.249631569 0.135686651 0.038780969 0.003991266 0.989984512
1403636614763555584.000000 -0.274530441 0.015186981 0.249607578 0.135634884 0.038775161 0.003838162 0.989992440
1403636614813555456.000000 -0.274519145 0.015184787 0.249622270 0.135633633 0.038786013 0.003919817 0.989991844
1403636614863555584.000000 -0.274556518 0.015159545 0.249555588 0.135642946 0.038741503 0.003865386 0.989992559
1403636614913555456.000000 -0.274546653 0.015119774 0.249608889 0.135613635 0.038775817 0.003944933 0.989994884
1403636614963555584.000000 -0.274711430 0.015196582 0.249535009 0.135589510 0.039190304 0.003844086 0.989982307
1403636615013555456.000000 -0.274678022 0.015150296 0.249570504 0.135625258 0.039219830 0.003957435 0.989975750
1403636615063555584.000000 -0.274690032 0.015162800 0.249571279 0.135620758 0.039184570 0.003933787 0.989977896
1403636615113555456.000000 -0.274693072 0.015171902 0.249545917 0.135619283 0.039168410 0.003858849 0.989978969
1403636615163555584.000000 -0.274684608 0.015173862 0.249542743 0.135646626 0.039165817 0.003892936 0.989975214
1403636615213555456.000000 -0.274500191 0.015169602 0.249610379 0.135639250 0.038734589 0.003918358 0.989993095
1403636615263555584.000000 -0.274506271 0.015152700 0.249616310 0.135660797 0.038778782 0.003985051 0.989988148
1403636615313555456.000000 -0.274643004 0.015175968 0.249553695 0.135619655 0.039125666 0.003779054 0.989980936
1403636615363555584.000000 -0.274460852 0.015130375 0.249640688 0.135625824 0.038732234 0.003979918 0.989994764
1403636615413555456.000000 -0.274687052 0.015199274 0.249504954 0.135582194 0.039191846 0.003804468 0.989983380
1403636615463555584.000000 -0.274501085 0.015173905 0.249589011 0.135616153 0.038758900 0.003967243 0.989995122
1403636615513555456.000000 -0.274696410 0.015193464 0.249517739 0.135569766 0.039216805 0.003830777 0.989983976
1403636615563555584.000000 -0.274483293 0.015132639 0.249628633 0.135574579 0.038765572 0.004000780 0.990000427
1403636615613555456.000000 -0.274662882 0.015163416 0.249546424 0.135533363 0.039181676 0.003818823 0.989990413
1403636615663555584.000000 -0.274482489 0.015124820 0.249615207 0.135566488 0.038754955 0.004029146 0.990001857
1403636615713555456.000000 -0.274491459 0.015131472 0.249525696 0.135662511 0.038687315 0.003720329 0.989992559
1403636615763555584.000000 -0.274489492 0.015145109 0.249542251 0.135686487 0.038732715 0.003806950 0.989987075
1403636615813555456.000000 -0.274518073 0.015205091 0.249472797 0.135628045 0.038796082 0.003767661 0.989992797
1403636615863555584.000000 -0.274503052 0.015175108 0.249503404 0.135653794 0.038733952 0.003859291 0.989991367
1403636615913555456.000000 -0.274469078 0.015144475 0.249550119 0.135598660 0.038754035 0.003746582 0.989998579
1403636615963555584.000000 -0.274464875 0.015102560 0.249580562 0.135633171 0.038752038 0.003806324 0.989993691
1403636616013555456.000000 -0.274466753 0.015116070 0.249581292 0.135597661 0.038746949 0.003797574 0.989998758
1403636616063555584.000000 -0.274482489 0.015146008 0.249555394 0.135627016 0.038747165 0.003842193 0.989994586
1403636616113555456.000000 -0.274474561 0.015149187 0.249559060 0.135577559 0.038827389 0.003852616 0.989998162
1403636616163555584.000000 -0.274502397 0.015137754 0.249556080 0.135602355 0.038806800 0.003880134 0.989995480
1403636616213555456.000000 -0.274637491 0.015234291 0.249574974 0.135591894 0.039184302 0.003947936 0.989981771
1403636616263555584.000000 -0.274640083 0.015239555 0.249561220 0.135585442 0.039196230 0.003941206 0.989982188
1403636616313555456.000000 -0.274511397 0.015191574 0.249538437 0.135605901 0.038687557 0.003779619 0.990000069
1403636616363555584.000000 -0.274500787 0.015134646 0.249540463 0.135621354 0.038691085 0.003837566 0.989997625
1403636616413555456.000000 -0.274502575 0.015117023 0.249544248 0.135640532 0.038682763 0.003825318 0.989995301
1403636616463555584.000000 -0.274675697 0.015139143 0.249560669 0.135558635 0.039106596 0.003917291 0.989989519
1403636616513555456.000000 -0.274483889 0.015111375 0.249549001 0.135601401 0.038752660 0.003870461 0.989997804
1403636616563555584.000000 -0.274486184 0.015109476 0.249534786 0.135571182 0.038731486 0.003857617 0.990002811
1403636616613555456.000000 -0.274488866 0.015116025 0.249533027 0.135595113 0.038706053 0.003837014 0.990000546
1403636616663555584.000000 -0.274605095 0.015189709 0.249637395 0.135603726 0.039264537 0.004012840 0.989976704
1403636616713555456.000000 -0.274539948 0.015123667 0.249546811 0.135495350 0.038890727 0.003761402 0.990007341
1403636616763555584.000000 -0.274554461 0.015146194 0.249514490 0.135500535 0.038907677 0.003793487 0.990005851
1403636616813555456.000000 -0.274479985 0.015065538 0.249523744 0.135667339 0.038563401 0.003808206 0.989996314
1403636616863555584.000000 -0.274639189 0.015120183 0.249599740 0.135609478 0.039004281 0.003792832 0.989987075
1403636616913555456.000000 -0.274642199 0.015146004 0.249597982 0.135565266 0.039024260 0.003825739 0.989992201
1403636616963555584.000000 -0.274663687 0.015161756 0.249575853 0.135566667 0.039041582 0.003850133 0.989991248
1403636617013555456.000000 -0.274663866 0.015157251 0.249571100 0.135563716 0.039057549 0.003807607 0.989991128
1403636617063555584.000000 -0.274492890 0.015071706 0.249634936 0.135431439 0.038984429 0.003803952 0.990012169
1403636617113555456.000000 -0.274671406 0.015151312 0.249554738 0.135515466 0.039090980 0.003783896 0.989996552
1403636617163555584.000000 -0.274658233 0.015142378 0.249567032 0.135525256 0.039086886 0.003778445 0.989995420
1403636617213555456.000000 -0.274662584 0.015153615 0.249552816 0.135518581 0.039200149 0.003816061 0.989991665
1403636617263555584.000000 -0.274675399 0.015175452 0.249531716 0.135486469 0.039206393 0.003801639 0.989995897
1403636617313555456.000000 -0.274700165 0.015213385 0.249545932 0.135498106 0.039186180 0.003815100 0.989995062
1403636617363555584.000000 -0.274681300 0.015185582 0.249533311 0.135490343 0.039180256 0.003819196 0.989996374
1403636617413555456.000000 -0.274636328 0.015153212 0.249554291 0.135475099 0.039151266 0.003828450 0.989999533
1403636617463555584.000000 -0.274614602 0.015130071 0.249587417 0.135481417 0.039153729 0.003818134 0.989998639
1403636617513555456.000000 -0.274607509 0.015116633 0.249605954 0.135473654 0.039165821 0.003840477 0.989999115
1403636617563555584.000000 -0.274613649 0.015114131 0.249600738 0.135470942 0.039151821 0.003864124 0.989999950
1403636617613555456.000000 -0.274626911 0.015133083 0.249582335 0.135471344 0.039161589 0.003838996 0.989999592
1403636617663555584.000000 -0.274628818 0.015118688 0.249601498 0.135479569 0.039177701 0.003901748 0.989997566
1403636617713555456.000000 -0.274674237 0.015175432 0.249556825 0.135592550 0.039135166 0.003848248 0.989984035
1403636617763555584.000000 -0.274695039 0.015184389 0.249534398 0.135600686 0.039147161 0.003935483 0.989982069
1403636617813555456.000000 -0.274618208 0.015135989 0.249538332 0.135455564 0.039082233 0.003692400 0.990005493
1403636617863555584.000000 -0.274630278 0.015136112 0.249588400 0.135454759 0.039084781 0.003790437 0.990005076
1403636617913555456.000000 -0.274637014 0.015131588 0.249592915 0.135451883 0.039062310 0.003775525 0.990006387
1403636617963555584.000000 -0.274628520 0.015123969 0.249607861 0.135445416 0.039069206 0.003810130 0.990006924
1403636618013555456.000000 -0.274628192 0.015110098 0.249600351 0.135428622 0.039094638 0.003786468 0.990008295
1403636618063555584.000000 -0.274624169 0.015107482 0.249603525 0.135421678 0.039100405 0.003839123 0.990008831
1403636618113555456.000000 -0.274632186 0.015133191 0.249584019 0.135427073 0.039129701 0.003791727 0.990007102
1403636618163555584.000000 -0.274639815 0.015141057 0.249572396 0.135426134 0.039159659 0.003824110 0.990005910
1403636618213555456.000000 -0.274658322 0.015148625 0.249554858 0.135521695 0.039050277 0.003812067 0.989997208
1403636618263555584.000000 -0.274672925 0.015148394 0.249535859 0.135535643 0.039081745 0.003864936 0.989993870
1403636618313555456.000000 -0.274590522 0.015060324 0.249677986 0.135420263 0.038969934 0.003694106 0.990014732
1403636618363555584.000000 -0.274602771 0.015078804 0.249633193 0.135422051 0.039021514 0.003752448 0.990012169
1403636618413555456.000000 -0.274636149 0.015145509 0.249560580 0.135497794 0.039110966 0.003872063 0.989997864
1403636618463555584.000000 -0.274661809 0.015168482 0.249508783 0.135506764 0.039142791 0.003877729 0.989995360
1403636618513555456.000000 -0.274650902 0.015128348 0.249552742 0.135776803 0.039072156 0.003621581 0.989962101
1403636618563555584.000000 -0.274668783 0.015171133 0.249586642 0.135863751 0.039168522 0.003789272 0.989945769
1403636618613555456.000000 -0.274692535 0.015164832 0.249601960 0.135843307 0.039146751 0.003854530 0.989949167
1403636618663555584.000000 -0.274951190 0.014955346 0.249507219 0.135660335 0.039093751 0.003779901 0.989976585
1403636618713555456.000000 -0.274843067 0.015044903 0.249617383 0.135360613 0.039102737 0.004051091 0.990016222
1403636618763555584.000000 -0.274717629 0.015128959 0.249544576 0.135539949 0.039124552 0.003948251 0.989991248
1403636618813555456.000000 -0.274687856 0.015126821 0.249555960 0.135560453 0.039051220 0.003998892 0.989991128
1403636618863555584.000000 -0.274679571 0.015146051 0.249546245 0.135601684 0.039151877 0.003967030 0.989981651
1403636618913555456.000000 -0.274691403 0.015087374 0.249570116 0.135871053 0.039178677 0.004120707 0.989943027
1403636618963555584.000000 -0.274679214 0.015137749 0.249599352 0.135825604 0.039234988 0.004031179 0.989947438
1403636619013555456.000000 -0.274657100 0.015156263 0.249521658 0.135865599 0.039179422 0.004172400 0.989943504
1403636619063555584.000000 -0.274693787 0.015188430 0.249561697 0.135900706 0.038922910 0.003930729 0.989949822
1403636619113555456.000000 -0.274736017 0.015159855 0.249559999 0.135829851 0.039021596 0.004170267 0.989954710
1403636619163555584.000000 -0.274685979 0.015131507 0.249594972 0.135553092 0.038945261 0.004045963 0.989996135
1403636619213555456.000000 -0.274668932 0.015124043 0.249609739 0.135440469 0.038986381 0.004163996 0.990009427
1403636619263555584.000000 -0.274667352 0.015143845 0.249579832 0.135360539 0.039037671 0.004119122 0.990018547
1403636619313555456.000000 -0.274654210 0.015124017 0.249566138 0.135437429 0.039030287 0.004005958 0.990008712
1403636619363555584.000000 -0.274643540 0.015041645 0.249477237 0.135824993 0.039049175 0.003968360 0.989955068
1403636619413555456.000000 -0.274659157 0.015120598 0.249618351 0.135876238 0.039136514 0.003871251 0.989944994
1403636619463555584.000000 -0.274682462 0.015169859 0.249648511 0.135802746 0.039103858 0.003940325 0.989956141
1403636619513555456.000000 -0.274741203 0.015372122 0.249749973 0.135670617 0.039048821 0.003986901 0.989976168
1403636619563555584.000000 -0.274745941 0.015303571 0.249676138 0.135543346 0.039002381 0.004085721 0.989995062
1403636619613555456.000000 -0.274715126 0.015213018 0.249530032 0.135584995 0.038990665 0.003974404 0.989990294
1403636619663555584.000000 -0.274678022 0.015135900 0.249541000 0.135594994 0.039165232 0.004009416 0.989981830
1403636619713555456.000000 -0.274727404 0.015167043 0.249517068 0.135495275 0.039032668 0.003983503 0.990000904
1403636619763555584.000000 -0.274720758 0.015151720 0.249555066 0.135524899 0.039069384 0.004120467 0.989994824
1403636619813555456.000000 -0.274696231 0.015162302 0.249579906 0.135488227 0.039094079 0.004037594 0.989999175
1403636619863555584.000000 -0.274667770 0.015140443 0.249562889 0.135490909 0.039102975 0.003991038 0.989998698
1403636619913555456.000000 -0.274651676 0.015158597 0.249545336 0.135445029 0.039176676 0.003943369 0.990002215
1403636619963555584.000000 -0.274656445 0.015078227 0.249606058 0.135550991 0.039129388 0.003954805 0.989989519
1403636620013555456.000000 -0.274626523 0.015086733 0.249662831 0.135530591 0.039095826 0.003960942 0.989993632
1403636620063555584.000000 -0.274613887 0.015095646 0.249658167 0.135461852 0.039130468 0.003910643 0.990001857
1403636620113555456.000000 -0.274692863 0.015168786 0.249533162 0.135561422 0.039216857 0.003946024 0.989984632
1403636620163555584.000000 -0.274595201 0.015253954 0.249516115 0.135609239 0.039177835 0.003907367 0.989979804
1403636620213555456.000000 -0.274538815 0.015262362 0.249498323 0.135577440 0.039146919 0.003907750 0.989985347
1403636620263555584.000000 -0.274488330 0.015216138 0.249550030 0.135522619 0.039080411 0.003836113 0.989995778
1403636620313555456.000000 -0.274663955 0.015166664 0.249544099 0.135478079 0.039164495 0.003956711 0.989998162
1403636620363555584.000000 -0.274629742 0.015113063 0.249585077 0.135423362 0.039169777 0.003780415 0.990006089
1403636620413555456.000000 -0.274643302 0.015096994 0.249600530 0.135480940 0.039178919 0.003782144 0.989997864
1403636620463555584.000000 -0.274639338 0.015110718 0.249576315 0.135414734 0.039228845 0.003727976 0.990005076
1403636620513555456.000000 -0.274624884 0.015156969 0.249581069 0.135601968 0.039095897 0.003920143 0.989983976
1403636620563555584.000000 -0.274668753 0.015169991 0.249548450 0.135561630 0.039085187 0.003887261 0.989990115
1403636620613555456.000000 -0.274687618 0.015160002 0.249563590 0.135587111 0.039050084 0.003936647 0.989987731
1403636620663555584.000000 -0.274635404 0.015097933 0.249575600 0.135306671 0.039129306 0.003733193 0.990023792
1403636620713555456.000000 -0.274605542 0.015073642 0.249592632 0.135315195 0.039183598 0.003778178 0.990020275
1403636620763555584.000000 -0.274523914 0.015095526 0.249714226 0.135507673 0.039053511 0.003738049 0.989999294
1403636620813555456.000000 -0.274510056 0.015016973 0.249752060 0.135397032 0.039117068 0.003804895 0.990011632
1403636620863555584.000000 -0.274548143 0.015054457 0.249700069 0.135374397 0.039130338 0.003803128 0.990014195
1403636620913555456.000000 -0.274625957 0.015130445 0.249620393 0.135633901 0.039075118 0.003822665 0.989980817
1403636620963555584.000000 -0.274572819 0.015025122 0.249697104 0.135319293 0.039110053 0.003865788 0.990022361
1403636621013555456.000000 -0.274587601 0.015015660 0.249691337 0.135313660 0.039054405 0.003861835 0.990025342
1403636621063555584.000000 -0.274617076 0.015186355 0.249472648 0.135064751 0.039241843 0.003359031 0.990053713
1403636621113555456.000000 -0.274658531 0.015088372 0.249491245 0.135403916 0.039160304 0.003948215 0.990008414
1403636621163555584.000000 -0.274669498 0.014772982 0.249580711 0.135302871 0.039122943 0.003287119 0.990026116
1403636621213555456.000000 -0.274571091 0.014958704 0.249709621 0.135444134 0.039125107 0.003707900 0.990005314
1403636621263555584.000000 -0.274541616 0.015156418 0.249458760 0.135289624 0.039032705 0.003386223 0.990031242
1403636621313555456.000000 -0.274506867 0.015049089 0.249361590 0.135400757 0.039003998 0.003735378 0.990015924
1403636621363555584.000000 -0.274568021 0.015293321 0.249755383 0.135345638 0.039119560 0.003376241 0.990020096
1403636621413555456.000000 -0.274521410 0.015140833 0.249632344 0.135472581 0.038936887 0.003788855 0.990008473
1403636621463555584.000000 -0.274574786 0.015248884 0.249546319 0.135387659 0.039165780 0.003674938 0.990011454
1403636621513555456.000000 -0.274507880 0.015313907 0.249501675 0.135488033 0.039087273 0.003871004 0.990000188
1403636621563555584.000000 -0.274661303 0.015434819 0.249323815 0.135396659 0.039114758 0.003647304 0.990012348
1403636621613555456.000000 -0.274538606 0.015418388 0.249416128 0.135484293 0.039050166 0.003878046 0.990002096
1403636621663555584.000000 -0.274404913 0.015400851 0.249525890 0.135395452 0.039099555 0.003660357 0.990013123
1403636621713555456.000000 -0.274506927 0.015225779 0.249629602 0.135496885 0.039064780 0.003840520 0.989999890
1403636621763555584.000000 -0.274521768 0.015180439 0.249674261 0.135458097 0.039076503 0.003718811 0.990005255
1403636621813555456.000000 -0.274537325 0.015084555 0.249580517 0.135448486 0.038925845 0.003590076 0.990012944
1403636621863555584.000000 -0.274562627 0.015195725 0.249631986 0.135434806 0.039058454 0.003739874 0.990009010
1403636621913555456.000000 -0.274548382 0.015193470 0.249630988 0.135413691 0.039054058 0.003769231 0.990012050
1403636621963555584.000000 -0.274626195 0.015118752 0.249566182 0.135407031 0.039223693 0.003639251 0.990006685
1403636622013555456.000000 -0.274596900 0.015118268 0.249568999 0.135322064 0.039200254 0.003499082 0.990019798
1403636622063555584.000000 -0.274697691 0.014992030 0.249579206 0.135356084 0.039248519 0.003615652 0.990012765
1403636622113555456.000000 -0.274578303 0.015075725 0.249635845 0.135308266 0.039184846 0.003550211 0.990022063
1403636622163555584.000000 -0.274521142 0.015037813 0.249695405 0.135350943 0.039177243 0.003565059 0.990016460
1403636622213555456.000000 -0.274526387 0.015057821 0.249687001 0.135380819 0.039176408 0.003614936 0.990012228
1403636622263555584.000000 -0.274537712 0.015223926 0.249578327 0.135473028 0.038946453 0.003639944 0.990008593
1403636622313555456.000000 -0.274513453 0.015075613 0.249670491 0.135305271 0.039187465 0.003572758 0.990022302
1403636622363555584.000000 -0.274521351 0.015090841 0.249629423 0.135278583 0.039153550 0.003514275 0.990027487
1403636622413555456.000000 -0.274525344 0.015044155 0.249656022 0.135298029 0.039153639 0.003601531 0.990024507
1403636622463555584.000000 -0.274575293 0.015160154 0.249558851 0.135256484 0.039135098 0.003428435 0.990031600
1403636622513555456.000000 -0.274572819 0.015161023 0.249571949 0.135241613 0.039185025 0.003460919 0.990031481
1403636622563555584.000000 -0.274506271 0.015009160 0.249690264 0.135362998 0.038983557 0.003475397 0.990022779
1403636622613555456.000000 -0.274400353 0.014996228 0.249819919 0.135192454 0.039175328 0.003420362 0.990038753
1403636622663555584.000000 -0.274604976 0.015119476 0.249547869 0.135262832 0.039203517 0.003442340 0.990027905
1403636622713555456.000000 -0.274650037 0.015157172 0.249506339 0.135231420 0.039234284 0.003534433 0.990030646
1403636622763555584.000000 -0.274622232 0.015251257 0.249436244 0.135402456 0.039147794 0.003525256 0.990010738
1403636622813555456.000000 -0.274479926 0.015355311 0.249514654 0.135422319 0.038919710 0.003751853 0.990016162
1403636622863555584.000000 -0.274444044 0.015437013 0.249665067 0.135328159 0.039049141 0.003816019 0.990023732
1403636622913555456.000000 -0.274437398 0.015485855 0.249814808 0.135251656 0.039170850 0.003889516 0.990029097
1403636622963555584.000000 -0.274506152 0.015242133 0.249507710 0.135054231 0.039274577 0.003993043 0.990051508
1403636623013555456.000000 -0.274542958 0.015232598 0.249492839 0.134937853 0.039479759 0.003840734 0.990059793
1403636623063555584.000000 -0.274555057 0.015277996 0.249879792 0.134963363 0.039419577 0.003900255 0.990058541
1403636623113555456.000000 -0.274551392 0.015300062 0.250007898 0.134946227 0.039376285 0.003951186 0.990062356
1403636623163555584.000000 -0.274417669 0.015194350 0.249537960 0.134929195 0.039310034 0.003818984 0.990067840
1403636623213555456.000000 -0.274434984 0.015187007 0.249473006 0.134913906 0.039199077 0.003790417 0.990074456
1403636623263555584.000000 -0.274460316 0.015094756 0.249551415 0.134957448 0.039155271 0.003894044 0.990069807
1403636623313555456.000000 -0.274347007 0.015143979 0.249599263 0.134835586 0.039287269 0.003760840 0.990081728
1403636623363555584.000000 -0.274446994 0.015175160 0.249494627 0.134905487 0.039197087 0.004040534 0.990074635
1403636623413555456.000000 -0.274453044 0.015229953 0.249448717 0.134840339 0.039292727 0.003843342 0.990080535
1403636623463555584.000000 -0.274386346 0.015251180 0.249180287 0.134825140 0.039352033 0.003971020 0.990079761
1403636623513555456.000000 -0.274309963 0.015383524 0.248899996 0.134751603 0.039272338 0.003923981 0.990093112
1403636623563555584.000000 -0.274266392 0.015399102 0.248921901 0.134745851 0.039170697 0.003982345 0.990097702
1403636623613555456.000000 -0.274287045 0.015389520 0.249383122 0.134606823 0.039165556 0.004021851 0.990116596
1403636623663555584.000000 -0.274392217 0.015238359 0.249480978 0.134539679 0.039082188 0.003754784 0.990130126
1403636623713555456.000000 -0.274438590 0.015286778 0.249609143 0.134424835 0.039313365 0.003811707 0.990136385
1403636623763555584.000000 -0.273533911 0.015300741 0.250862122 0.134234980 0.039264694 0.003906984 0.990163624
1403636623813555456.000000 -0.274203181 0.015509377 0.249537691 0.134073943 0.038637899 0.004084603 0.990209460
1403636623863555584.000000 -0.274256438 0.015634444 0.249444425 0.133897290 0.038901526 0.004311154 0.990222037
1403636623913555456.000000 -0.274124503 0.015677184 0.249922231 0.133751422 0.038758121 0.004149658 0.990248084
1403636623963555584.000000 -0.274252832 0.015548434 0.249551028 0.133618519 0.038709462 0.004489242 0.990266383
1403636624013555456.000000 -0.274259031 0.015599583 0.249061599 0.133611709 0.038802553 0.004173625 0.990265131
1403636624063555584.000000 -0.274260551 0.015683321 0.249427855 0.133477107 0.038940270 0.004354778 0.990277052
1403636624113555456.000000 -0.274219453 0.015699709 0.249179468 0.132795021 0.038466994 0.004307216 0.990387499
1403636624163555584.000000 -0.274064869 0.015539241 0.249369055 0.132640585 0.038061079 0.004914126 0.990420997
1403636624213555456.000000 -0.273769557 0.015769033 0.249276757 0.132553294 0.037856892 0.004744075 0.990441382
1403636624263555584.000000 -0.274269283 0.015921049 0.249004126 0.132788524 0.037715148 0.005054135 0.990413725
1403636624313555456.000000 -0.274550974 0.016123662 0.249508545 0.131608471 0.035209984 0.004130970 0.990667760
1403636624363555584.000000 -0.273386061 0.016959675 0.248732448 0.129867166 0.030398447 0.002803087 0.991061389
1403636624413555456.000000 -0.275075555 0.019634467 0.247351617 0.128247634 0.026855048 0.002339577 0.991375804
1403636624463555584.000000 -0.276157856 0.022450397 0.245617509 0.126871690 0.022107717 0.002528512 0.991669536
1403636624513555456.000000 -0.277096242 0.025884129 0.243389338 0.124915332 0.017444778 0.002096370 0.992011845
1403636624563555584.000000 -0.277484953 0.029590702 0.240649939 -0.123023033 -0.014048535 -0.001595985 -0.992303133
1403636624613555456.000000 -0.277914673 0.034059737 0.239271075 0.121741496 0.013723652 0.000164396 0.992466986
1403636624663555584.000000 -0.278584033 0.039350111 0.237157911 0.120158784 0.015820635 -0.001814641 0.992627025
1403636624713555456.000000 -0.280556381 0.045489404 0.235338390 -0.118484579 -0.016427269 0.006140523 -0.992801070
1403636624763555584.000000 -0.282182276 0.052400295 0.231102407 0.117654145 0.019104425 -0.008313091 0.992836118
1403636624813555456.000000 -0.283812314 0.059993371 0.227118671 0.115252934 0.016136099 -0.015971698 0.993076742
1403636624863555584.000000 -0.283960998 0.068130769 0.221939832 0.113278277 0.012874424 -0.022896999 0.993215978
1403636624913555456.000000 -0.283074588 0.077035166 0.215017229 0.110533394 0.006569075 -0.031350516 0.993356109
1403636624963555584.000000 -0.279774815 0.085264713 0.206832185 0.108043045 0.000673175 -0.039465856 0.993362308
1403636625013555456.000000 -0.274669468 0.093606658 0.197211236 -0.106502503 0.005003958 0.044820238 -0.993289173
1403636625063555584.000000 -0.267664105 0.099933729 0.188614920 0.105378605 -0.011138855 -0.048422668 0.993190110
1403636625113555456.000000 -0.258510739 0.105314307 0.178819716 0.105618753 -0.016373569 -0.049477696 0.993040025
1403636625163555584.000000 -0.248539805 0.109123744 0.168941125 -0.107322507 0.019300552 0.045363598 -0.993001282
1403636625213555456.000000 -0.235371307 0.111988530 0.161256164 0.109351166 -0.017945873 -0.041389123 0.992979050
1403636625263555584.000000 -0.222508550 0.113954686 0.153336555 0.110932097 -0.014246073 -0.037713215 0.993009984
1403636625313555456.000000 -0.212549478 0.115068004 0.147973433 -0.112493113 0.010653078 0.034984533 -0.992979288
1403636625363555584.000000 -0.206208646 0.115743563 0.145174250 0.114175990 -0.008397173 -0.033285651 0.992867291
1403636625413555456.000000 -0.205031231 0.115935661 0.144818142 0.114792310 -0.009745294 -0.033256315 0.992784917
1403636625463555584.000000 -0.206762090 0.116004452 0.146511659 0.115227148 -0.012864605 -0.034000542 0.992673814
1403636625513555456.000000 -0.211393878 0.115809232 0.148190260 0.115789652 -0.014512854 -0.033861738 0.992590308
1403636625563555584.000000 -0.214398429 0.115178227 0.152286842 0.116219036 -0.015608193 -0.034566812 0.992499232
1403636625613555456.000000 -0.214687541 0.113836206 0.156174213 0.116509639 -0.015543559 -0.035744894 0.992424488
1403636625663555584.000000 -0.210450739 0.110353008 0.159462929 -0.116859093 0.013960983 0.036415048 -0.992382526
1403636625713555456.000000 -0.202940837 0.108854882 0.160547912 0.117923111 -0.010913992 -0.035628773 0.992323399
1403636625763555584.000000 -0.190248579 0.105633326 0.162648320 0.118384309 -0.005640344 -0.035566330 0.992314696
1403636625813555456.000000 -0.173866257 0.101517908 0.162972003 -0.119172283 0.000424952 0.034598023 -0.992270589
1403636625863555584.000000 -0.150601521 0.097438224 0.163033023 0.119837753 0.005131311 -0.033295397 0.992221773
1403636625913555456.000000 -0.127092361 0.092833646 0.162042394 0.120683536 0.008745065 -0.031748533 0.992144763
1403636625963555584.000000 -0.102033332 0.088157564 0.159801945 -0.121365152 -0.011609334 0.030779561 -0.992062688
1403636626013555456.000000 -0.075952269 0.085050888 0.158610851 0.122072190 0.013827972 -0.029313151 0.991991878
1403636626063555584.000000 -0.051678345 0.080469809 0.155720800 0.123889513 0.014793347 -0.025277060 0.991863728
1403636626113555456.000000 -0.030537641 0.074571006 0.151163533 -0.125904128 -0.015268077 0.021008842 -0.991702497
1403636626163555584.000000 -0.005296566 0.074129194 0.152027547 0.128338650 0.015610293 -0.015067573 0.991493106
1403636626213555456.000000 0.015094754 0.070721433 0.149236187 0.130066454 0.015772356 -0.010861972 0.991320372
1403636626263555584.000000 0.032390568 0.068610452 0.147165462 -0.131110623 -0.015841419 0.008360916 -0.991205931
1403636626313555456.000000 0.046540793 0.067767978 0.149017572 0.131270826 0.015663536 -0.008095911 0.991189778
1403636626363555584.000000 0.056879934 0.066983663 0.148814663 0.131198272 0.015879331 -0.008279999 0.991194427
1403636626413555456.000000 0.063759364 0.067806378 0.150105208 -0.130870908 -0.016758276 0.009962825 -0.991207719
1403636626463555584.000000 0.068251580 0.070015512 0.154688925 0.130149499 0.018066032 -0.012771453 0.991247535
1403636626513555456.000000 0.072473124 0.072076894 0.156316072 0.129370242 0.021824194 -0.015962794 0.991227627
1403636626563555584.000000 0.075331852 0.075338572 0.158643067 -0.128639132 -0.025887409 0.019568831 -0.991160393
1403636626613555456.000000 0.079126701 0.081160486 0.164793596 0.128802970 0.029619399 -0.021962754 0.990984440
1403636626663555584.000000 0.079738319 0.085231461 0.165598854 0.128559172 0.032620892 -0.024912769 0.990852118
1403636626713555456.000000 0.078404866 0.089431651 0.165900737 0.128991634 0.032308165 -0.026357964 0.990768731
1403636626763555584.000000 0.075562589 0.093863897 0.165528819 -0.129837289 -0.030015528 0.027409174 -0.990701854
1403636626813555456.000000 0.071601249 0.098497115 0.164674848 -0.130469784 -0.027207952 0.028190587 -0.990677893
1403636626863555584.000000 0.066422679 0.103771955 0.165512353 0.130437911 0.023377772 -0.029945273 0.990728378
1403636626913555456.000000 0.060783081 0.108756438 0.164119229 0.130686596 0.019238647 -0.030907512 0.990755081
1403636626963555584.000000 0.052610375 0.117324911 0.167792112 0.131220877 0.014827698 -0.031473108 0.990742505
1403636627013555456.000000 0.045142811 0.122410350 0.166209966 0.131162927 0.010539293 -0.032404475 0.990775049
1403636627063555584.000000 0.038178895 0.127515942 0.164372727 0.130764335 0.006604169 -0.033155862 0.990836918
1403636627113555456.000000 0.032113232 0.131012246 0.162420422 0.130203873 0.001579001 -0.034346525 0.990890920
1403636627163555584.000000 0.030801348 0.135987684 0.159593374 0.130567402 0.002724275 -0.033882156 0.990856528
1403636627213555456.000000 0.032348100 0.141011238 0.155947581 0.130529761 0.005456173 -0.034108125 0.990842521
1403636627263555584.000000 0.034870341 0.145585060 0.152410775 0.130713031 0.009602228 -0.034017168 0.990790009
1403636627313555456.000000 0.041202273 0.150502101 0.147507742 0.131614178 0.012778508 -0.032734439 0.990678012
1403636627363555584.000000 0.049423818 0.155326054 0.142413810 -0.132007137 -0.014109459 0.031651940 -0.990642846
1403636627413555456.000000 0.058407731 0.162327230 0.137233734 0.133131325 0.014257727 -0.029890766 0.990544975
1403636627463555584.000000 0.070032127 0.167726636 0.129746467 0.133064240 0.015112056 -0.028239096 0.990589857
1403636627513555456.000000 0.080887899 0.173566997 0.123282202 -0.131456271 -0.013887499 0.026307050 -0.990875602
1403636627563555584.000000 0.089895464 0.176943198 0.115205765 0.127693459 0.012940314 -0.024862155 0.991417646
1403636627613555456.000000 0.093355775 0.183447778 0.110680223 0.123647727 0.011519783 -0.023359098 0.991984367
1403636627663555584.000000 0.092392728 0.189731866 0.107275948 0.120048158 0.008440426 -0.022503309 0.992477179
1403636627713555456.000000 0.089204706 0.199048221 0.105966501 0.116036497 0.003342387 -0.021189807 0.993013322
1403636627763555584.000000 0.082698323 0.205790401 0.104867890 0.110343851 -0.002559931 -0.020408338 0.993680656
1403636627813555456.000000 0.075914457 0.212526008 0.104911350 0.104130909 -0.008025593 -0.019572942 0.994338632
1403636627863555584.000000 0.069697529 0.220212117 0.105707295 0.097179301 -0.013616327 -0.018483061 0.995002151
1403636627913555456.000000 0.063547201 0.227029949 0.107132107 0.091408700 -0.018472664 -0.017954119 0.995480239
1403636627963555584.000000 0.058843650 0.233322486 0.109024033 -0.086458653 0.021117700 0.017888034 -0.995870948
1403636628013555456.000000 0.060530283 0.239745826 0.112289384 0.082187578 -0.021889031 -0.017368292 0.996225178
1403636628063555584.000000 0.063513108 0.244985729 0.116550349 0.078894146 -0.019621294 -0.016408376 0.996554852
1403636628113555456.000000 0.070784733 0.249948233 0.120454997 0.076318301 -0.013078945 -0.014677919 0.996889710
1403636628163555584.000000 0.081919491 0.252301216 0.119325660 0.073742859 -0.004323359 -0.012849122 0.997185171
1403636628213555456.000000 0.093095191 0.256635785 0.123073295 0.072799772 0.004048532 -0.009721145 0.997291028
1403636628263555584.000000 0.104803875 0.263775051 0.132358819 0.073586568 0.009996885 -0.004415271 0.997228980
1403636628313555456.000000 0.117891416 0.268242449 0.134664834 0.074315108 0.013971730 0.000388123 0.997136831
1403636628363555584.000000 0.131425768 0.273604304 0.136583686 -0.074799910 -0.015588191 -0.003173690 -0.997071683
1403636628413555456.000000 0.143462941 0.279175073 0.140459552 0.075254448 0.015958780 0.005553680 0.997021258
1403636628463555584.000000 0.155211106 0.285606354 0.142394915 0.075889170 0.016006479 0.006920064 0.996963799
1403636628513555456.000000 0.165368050 0.292788327 0.144558236 0.076681137 0.015441618 0.007933044 0.996904612
1403636628563555584.000000 0.172290400 0.299693614 0.149385393 0.077550925 0.014675606 0.009072376 0.996839106
1403636628613555456.000000 0.179244146 0.308343440 0.152151451 0.078885511 0.014056950 0.009826971 0.996736169
1403636628663555584.000000 0.184224859 0.317836225 0.154286742 -0.079574749 -0.014021574 -0.009755170 -0.996682584
1403636628713555456.000000 0.188050732 0.328335702 0.157826737 -0.078257054 -0.013980024 -0.007999142 -0.996803105
1403636628763555584.000000 0.189871371 0.340202600 0.161433890 -0.074909464 -0.011784155 -0.005478563 -0.997105658
1403636628813555456.000000 0.190276861 0.352733791 0.165577590 -0.070271775 -0.008378325 -0.002908397 -0.997488439
1403636628863555584.000000 0.191155449 0.366564780 0.167093590 -0.065522008 -0.004194311 -0.001100538 -0.997841775
1403636628913555456.000000 0.192866266 0.379709512 0.172029465 -0.061090615 0.000097593 -0.000209150 -0.998132229
1403636628963555584.000000 0.197923020 0.391793758 0.166043609 -0.056523852 0.003688602 0.001484780 -0.998393416
1403636629013555456.000000 0.201283976 0.406461298 0.175785854 -0.054467950 0.006605071 0.000276699 -0.998493671
1403636629063555584.000000 0.205382213 0.415499151 0.192974612 0.051639013 -0.008225604 0.000535798 0.998631895
1403636629113555456.000000 0.218043208 0.434241474 0.171764046 -0.048239499 0.008808076 -0.000093709 -0.998796999
1403636629163555584.000000 0.225889802 0.447949260 0.173932090 -0.043954186 0.009057763 -0.001754997 -0.998991013
1403636629213555456.000000 0.235745355 0.461315751 0.165898621 -0.037658561 0.008168749 -0.002812648 -0.999253333
1403636629263555584.000000 0.242280647 0.475398123 0.168443710 -0.032674272 0.006437009 -0.004957696 -0.999433041
1403636629313555456.000000 0.245062873 0.489814818 0.183922008 -0.029360324 0.004077903 -0.009122011 -0.999518991
1403636629363555584.000000 0.250878930 0.504925191 0.186096147 -0.026065726 0.001813421 -0.012532432 -0.999580026
1403636629413555456.000000 0.253526628 0.514596403 0.182979494 -0.023868348 -0.001348381 -0.017218400 -0.999565959
1403636629463555584.000000 0.254608810 0.524979353 0.226464465 0.020152323 0.004494595 0.023108350 0.999519765
1403636629513555456.000000 0.255092829 0.538560629 0.231564447 0.015105636 0.006372635 0.028616156 0.999456108
1403636629563555584.000000 0.253724903 0.552694142 0.237303138 0.008926586 0.005700923 0.033189822 0.999392986
1403636629613555456.000000 0.250566900 0.567872882 0.243679389 0.000513016 0.002644736 0.035462264 0.999367476
1403636629663555584.000000 0.243488103 0.579377472 0.229039207 -0.008709667 -0.002312226 0.037426729 0.999258816
1403636629713555456.000000 0.239652202 0.600079358 0.258560061 -0.018660171 -0.007649193 0.039369196 0.999021232
1403636629763555584.000000 0.232639655 0.617222011 0.266974598 -0.029517042 -0.012315895 0.041213322 0.998638332
1403636629813555456.000000 0.221876010 0.630471766 0.254720658 -0.040798273 -0.015341769 0.043820094 0.998088181
1403636629863555584.000000 0.213119298 0.648512781 0.265504211 -0.051999893 -0.018061697 0.047153413 0.997369707
1403636629913555456.000000 0.210955918 0.670099735 0.249743953 0.063404009 0.019605696 -0.049419802 -0.996570826
1403636629963555584.000000 0.198255330 0.684481919 0.288366854 -0.071607076 -0.020671422 0.052711669 0.995824635
1403636630013555456.000000 0.195684865 0.706725895 0.320315301 -0.078929216 -0.020912936 0.055210646 0.995130479
1403636630063555584.000000 0.190341234 0.719303191 0.308672488 -0.085136697 -0.018979428 0.056845386 0.994565368
1403636630113555456.000000 0.189534694 0.736112952 0.319558859 -0.090497173 -0.014386720 0.057931904 0.994106233
1403636630163555584.000000 0.197094873 0.756793499 0.302532583 0.096048623 0.007115000 -0.057987835 -0.993660688
1403636630213555456.000000 0.200177550 0.774032056 0.313121498 0.100158416 0.000317750 -0.058144957 -0.993271053
1403636630263555584.000000 0.201369032 0.791825831 0.372702926 -0.102044284 0.005285365 0.059954114 0.992957532
1403636630313555456.000000 0.210773379 0.808110595 0.333525658 0.105335042 -0.009325200 -0.058758680 -0.992655516
1403636630363555584.000000 0.210678279 0.821363330 0.369913608 -0.105552077 0.008470982 0.059911087 0.992571235
1403636630413555456.000000 0.220532760 0.842794240 0.400178879 -0.106357329 0.006832772 0.059791993 0.992505133
1403636630463555584.000000 0.230065510 0.860126197 0.407964975 -0.106682032 0.003771489 0.058534104 0.992561638
1403636630513555456.000000 0.240625069 0.877187014 0.415947378 -0.106665760 0.002233974 0.057164565 0.992647827
1403636630563555584.000000 0.249869302 0.887966931 0.401308656 -0.106694952 0.000644779 0.054045431 0.992821693
1403636630613555456.000000 0.261738926 0.908546746 0.429356396 -0.106345333 -0.000186367 0.051109031 0.993014872
1403636630663555584.000000 0.271448970 0.922773302 0.439256936 -0.105500318 -0.001823572 0.048617318 0.993228436
1403636630713555456.000000 0.280973613 0.937128127 0.449799478 -0.104404323 -0.002704367 0.046992429 0.993420482
1403636630763555584.000000 0.288742512 0.949989736 0.460456103 -0.102797538 -0.002605335 0.047653630 0.993556738
1403636630813555456.000000 0.295537323 0.962392867 0.471098781 -0.100677699 -0.003184693 0.048735999 0.993719637
1403636630863555584.000000 0.300008506 0.973184705 0.483818859 -0.098948568 -0.003133841 0.050074622 0.993826926
1403636630913555456.000000 0.301465690 0.981127024 0.476188779 -0.097066909 -0.002446064 0.051493220 0.993941963
1403636630963555584.000000 0.306615502 0.995811999 0.510788381 -0.095515497 -0.002404614 0.052887283 0.994019091
1403636631013555456.000000 0.308000445 1.007440329 0.523472726 -0.094808884 -0.002129859 0.053507131 0.994054258
1403636631063555584.000000 0.309038848 1.017804623 0.537580669 -0.093762726 -0.000992635 0.053610969 0.994149625
1403636631113555456.000000 0.310323924 1.027403712 0.550665915 -0.093474679 0.000846187 0.053635247 0.994175613
1403636631163555584.000000 0.308112860 1.035396576 0.563484192 -0.093174681 0.002376953 0.053469297 0.994210243
1403636631213555456.000000 0.313285202 1.045322537 0.526423037 0.093576588 -0.005004239 -0.052211646 -0.994229555
1403636631263555584.000000 0.309242696 1.054510236 0.587852061 -0.092410550 0.005966581 0.052704554 0.994307339
1403636631313555456.000000 0.308090091 1.062970519 0.599673986 -0.091776848 0.006083108 0.052975643 0.994350851
1403636631363555584.000000 0.306953251 1.071330667 0.612126410 -0.091608308 0.006198394 0.052330725 0.994399846
1403636631413555456.000000 0.304431885 1.080678463 0.625549853 -0.091119170 0.006212091 0.052321322 0.994445205
1403636631463555584.000000 0.300166100 1.089492679 0.635663986 -0.090941504 0.006078401 0.051402308 0.994510233
1403636631513555456.000000 0.302598476 1.099084258 0.596563399 0.091823131 -0.006226612 -0.049000259 -0.994549572
1403636631563555584.000000 0.295094222 1.108507872 0.660237670 -0.090860821 0.005960687 0.048673913 0.994655609
1403636631613555456.000000 0.296375245 1.116468072 0.620808065 0.091585539 -0.006032923 -0.046217501 -0.994705856
1403636631663555584.000000 0.297641277 1.125213265 0.633026242 0.090970166 -0.005199217 -0.045252208 -0.994811416
1403636631713555456.000000 0.289926946 1.134784102 0.693293035 -0.089546427 0.004354427 0.045655407 0.994926214
1403636631763555584.000000 0.286803722 1.143268228 0.702131510 -0.089236729 0.003805447 0.044888653 0.994991124
1403636631813555456.000000 0.287319541 1.152026534 0.711539328 -0.088631704 0.004179412 0.044389777 0.995066106
1403636631863555584.000000 0.289707780 1.160718799 0.722239256 -0.088765897 0.003577456 0.043186076 0.995109499
1403636631913555456.000000 0.298418850 1.176811099 0.728518009 -0.088669881 0.002536438 0.042164307 0.995165050
1403636631963555584.000000 0.304516882 1.187549472 0.738526702 -0.088729724 0.002147652 0.041690826 0.995180547
1403636632013555456.000000 0.314104170 1.196226239 0.698949397 0.089977667 -0.002902029 -0.040621985 -0.995110810
1403636632063555584.000000 0.318164229 1.203600764 0.711811841 0.090363443 -0.004388351 -0.040251993 -0.995085418
1403636632113555456.000000 0.323130488 1.210425615 0.720721424 0.090868555 -0.005913324 -0.038659576 -0.995094717
1403636632163555584.000000 0.329231977 1.218878746 0.728023350 0.092655279 -0.007263689 -0.035671342 -0.995032609
1403636632213555456.000000 0.329315633 1.226418495 0.786653221 -0.092365012 0.006454989 0.035893064 0.995057225
1403636632263555584.000000 0.336974889 1.233517766 0.750383198 0.093784131 -0.007796737 -0.035853144 -0.994916260
1403636632313555456.000000 0.340104461 1.239201784 0.759473085 0.094066769 -0.007994762 -0.036858533 -0.994851232
1403636632363555584.000000 0.335423946 1.245015025 0.817323804 -0.093034551 0.007987553 0.039040428 0.994865179
1403636632413555456.000000 0.339350760 1.249714732 0.776061535 0.094639465 -0.007481040 -0.038346075 -0.994744778
1403636632463555584.000000 0.336229503 1.254263282 0.785230756 0.093839452 -0.004596094 -0.041600566 -0.994707286
1403636632513555456.000000 0.327666223 1.256875157 0.847183824 -0.090009376 0.000869420 0.046404094 0.994858980
1403636632563555584.000000 0.329067320 1.259453535 0.809436440 0.086627737 0.003830330 -0.050021414 -0.994976819
1403636632613555456.000000 0.321648657 1.265265942 0.819880784 0.080843516 0.008518899 -0.053890012 -0.995232522
1403636632663555584.000000 0.317169487 1.270625234 0.828158557 0.073806837 0.012074399 -0.055793542 -0.995637417
1403636632713555456.000000 0.311146289 1.277005434 0.849313140 0.065514043 0.014097285 -0.055851605 -0.996187687
1403636632763555584.000000 0.308746487 1.282386661 0.862386048 0.056036711 0.014980692 -0.054149412 -0.996846735
1403636632813555456.000000 0.302638769 1.288865566 0.868230641 0.045927681 0.014130643 -0.048805904 -0.997651756
1403636632863555584.000000 0.303909570 1.295477033 0.879827082 0.035988085 0.010916254 -0.040389534 -0.998476028
1403636632913555456.000000 0.301801682 1.301704288 0.940408766 -0.024916152 -0.006842791 0.032542124 0.999136329
1403636632963555584.000000 0.311667234 1.309413671 0.900095165 0.017346773 0.003618609 -0.023039287 -0.999577522
1403636633013555456.000000 0.314888269 1.317374706 0.910458505 0.009680084 0.001032282 -0.015733052 -0.999828935
1403636633063555584.000000 0.319504738 1.324666262 0.922212720 0.002778437 0.000215994 -0.010035777 -0.999945760
1403636633113555456.000000 0.325602680 1.332411289 0.931800365 -0.003534304 -0.000713870 -0.006133402 -0.999974728
1403636633163555584.000000 0.329705894 1.339285493 0.941169024 -0.008677682 -0.000852993 -0.002810192 -0.999958098
1403636633213555456.000000 0.333024591 1.345420718 0.954103708 -0.013108442 -0.001029713 -0.001022249 -0.999913037
1403636633263555584.000000 0.335195273 1.348887205 0.968917131 -0.016903136 0.000279600 -0.000791858 -0.999856830
1403636633313555456.000000 0.336334080 1.352900147 0.985633254 -0.020005954 0.001804736 -0.001326369 -0.999797344
1403636633363555584.000000 0.337545782 1.359585643 1.000020146 -0.022939852 0.003586653 -0.003327081 -0.999724865
1403636633413555456.000000 0.337314069 1.362664580 1.018304944 -0.024525581 0.005810122 -0.005256471 -0.999668539
1403636633463555584.000000 0.336423814 1.368584394 1.032195330 -0.025982177 0.007747973 -0.007311358 -0.999605656
1403636633513555456.000000 0.334036320 1.373514414 1.049845219 -0.026142284 0.009349027 -0.008456417 -0.999578834
1403636633563555584.000000 0.331608742 1.379698157 1.066627860 -0.025804851 0.011231718 -0.009859096 -0.999555349
1403636633613555456.000000 0.330979824 1.387320042 1.086748600 -0.025186947 0.013386981 -0.010607320 -0.999536872
1403636633663555584.000000 0.332502156 1.393606067 1.105367780 -0.023598284 0.014927242 -0.010765503 -0.999552190
1403636633713555456.000000 0.337201953 1.400847912 1.124020576 -0.022182913 0.014667150 -0.011473198 -0.999580562
1403636633763555584.000000 0.340082228 1.407078385 1.143990755 -0.021073997 0.014044112 -0.012590540 -0.999600053
1403636633813555456.000000 0.345642626 1.413576126 1.157192349 -0.019766936 0.013929198 -0.013567988 -0.999615610
1403636633863555584.000000 0.356800526 1.419160604 1.175476313 -0.018853216 0.012851099 -0.015621871 -0.999617636
1403636633913555456.000000 0.368124992 1.424695492 1.196140647 -0.018702207 0.011928993 -0.019733807 -0.999559224
1403636633963555584.000000 0.384850651 1.429094195 1.223490238 -0.018715870 0.010194858 -0.024393206 -0.999475241
1403636634013555456.000000 0.401608229 1.434937358 1.252881408 -0.018360697 0.008373966 -0.028330335 -0.999394953
1403636634063555584.000000 0.412354112 1.443264008 1.277600646 -0.017485196 0.008101437 -0.030565580 -0.999346972
1403636634113555456.000000 0.422336251 1.452681780 1.305005312 -0.017688768 0.008430641 -0.030704066 -0.999336481
1403636634163555584.000000 0.434189409 1.463297606 1.329620242 -0.017582010 0.009617060 -0.029410370 -0.999366522
1403636634213555456.000000 0.448298931 1.466443181 1.359527946 -0.017036870 0.010956610 -0.026155159 -0.999452651
1403636634263555584.000000 0.466372520 1.475467086 1.385483861 -0.016279096 0.010543934 -0.021846732 -0.999573171
1403636634313555456.000000 0.486701131 1.485874772 1.410250664 -0.015769590 0.007390272 -0.018182745 -0.999683082
1403636634363555584.000000 0.507733107 1.500027657 1.435183167 -0.015572140 0.002844870 -0.015047243 -0.999761522
1403636634413555456.000000 0.526818573 1.511509299 1.462975740 -0.015460480 -0.001835574 -0.012013070 -0.999806643
1403636634463555584.000000 0.542976916 1.522063851 1.487526298 -0.015435236 -0.004761775 -0.009661084 -0.999822915
1403636634513555456.000000 0.559212506 1.537476182 1.509503245 -0.016003691 -0.008249855 -0.008053658 -0.999805450
1403636634563555584.000000 0.576416373 1.548233867 1.533455849 -0.016664961 -0.010518535 -0.006808615 -0.999782622
1403636634613555456.000000 0.587894261 1.555707812 1.562518358 -0.017983217 -0.011714219 -0.004666515 -0.999758780
1403636634663555584.000000 0.598176599 1.565270185 1.590175748 -0.021126773 -0.012384867 -0.002461262 -0.999697089
1403636634713555456.000000 0.605574787 1.574246764 1.617140293 -0.024369473 -0.012828397 0.000682646 -0.999620557
1403636634763555584.000000 0.613187909 1.583420157 1.638369799 -0.028017664 -0.010928316 0.002849482 -0.999543667
1403636634813555456.000000 0.621204853 1.591637611 1.658592105 -0.031540275 -0.008795367 0.003944603 -0.999455988
1403636634863555584.000000 0.631422818 1.599974036 1.672495484 -0.034867886 -0.006723843 0.004838237 -0.999357700
1403636634913555456.000000 0.643648863 1.606488705 1.691030979 -0.038301155 -0.005082274 0.006097874 -0.999234796
1403636634963555584.000000 0.658018112 1.611466527 1.714696765 -0.041268721 -0.002553046 0.007807474 -0.999114394
1403636635013555456.000000 0.673287570 1.619089007 1.735239625 -0.043715056 -0.002231742 0.009879056 -0.998992682
1403636635063555584.000000 0.687735438 1.625556111 1.761579633 -0.045694008 -0.000666761 0.011706319 -0.998886704
1403636635113555456.000000 0.702407181 1.633070707 1.780494332 -0.047413655 0.000809360 0.013082072 -0.998789370
1403636635163555584.000000 0.714970112 1.638407350 1.802026510 -0.049120899 0.001776672 0.013526019 -0.998699665
1403636635213555456.000000 0.726383448 1.645421624 1.822869539 -0.050635818 0.003409371 0.013719321 -0.998617172
1403636635263555584.000000 0.737062037 1.653024554 1.844117880 -0.052695025 0.004402732 0.012270613 -0.998525620
1403636635313555456.000000 0.745855451 1.658042073 1.866814613 -0.054415524 0.005957454 0.010481024 -0.998445630
1403636635363555584.000000 0.754612565 1.662436724 1.890497923 -0.056386434 0.008003010 0.006942908 -0.998352766
1403636635413555456.000000 0.763588011 1.664456844 1.914470434 -0.057642229 0.009159210 0.005517744 -0.998280048
1403636635463555584.000000 0.774043679 1.668354154 1.939496398 -0.058274068 0.008832943 0.004111973 -0.998253167
1403636635513555456.000000 0.784807026 1.668050408 1.966753721 -0.059239820 0.009509646 0.001213058 -0.998197794
1403636635563555584.000000 0.798166394 1.672018051 1.991085529 -0.059509549 0.009662780 0.000404087 -0.998180926
1403636635613555456.000000 0.810581088 1.676607251 2.014860868 -0.059726689 0.009006014 -0.000735098 -0.998173892
1403636635663555584.000000 0.817546189 1.681493521 2.038961649 -0.059446953 0.007948289 -0.001717728 -0.998198390
1403636635713555456.000000 0.827404320 1.678572536 2.069374084 -0.059131086 0.006724935 -0.002322269 -0.998224914
1403636635763555584.000000 0.843666971 1.684482932 2.093536854 -0.059435632 0.003522567 -0.004713003 -0.998214841
1403636635813555456.000000 0.861850739 1.688308835 2.120742321 -0.060393319 -0.000389074 -0.009035915 -0.998133719
1403636635863555584.000000 0.882865667 1.694301963 2.145413637 -0.060924154 -0.002749951 -0.012759160 -0.998057127
1403636635913555456.000000 0.904102325 1.701352954 2.169243813 -0.061708536 -0.001248546 -0.016498528 -0.997957110
1403636635963555584.000000 0.920573115 1.710580230 2.198428154 -0.061423294 0.002268316 -0.017226662 -0.997960567
1403636636013555456.000000 0.937253535 1.724314094 2.222101450 -0.060237516 0.007552987 -0.015044345 -0.998042166
1403636636063555584.000000 0.955383301 1.731783390 2.253582478 -0.058157768 0.011360854 -0.010527262 -0.998187304
1403636636113555456.000000 0.975237370 1.741238117 2.282447815 -0.056190073 0.013925008 -0.005739461 -0.998306572
1403636636163555584.000000 0.992882431 1.754711747 2.307479382 -0.054635953 0.012068394 -0.001601874 -0.998432159
1403636636213555456.000000 1.012737513 1.768797159 2.331387281 -0.053177718 0.006899005 0.002585749 -0.998557925
1403636636263555584.000000 1.027867556 1.780709267 2.406591892 0.053014230 -0.000768839 -0.004655138 0.998582661
1403636636313555456.000000 1.058763027 1.795569301 2.378301620 -0.051279914 -0.005063282 0.007502978 -0.998643339
1403636636363555584.000000 1.078612685 1.809437156 2.404393673 -0.050680604 -0.011933270 0.008785988 -0.998604953
1403636636413555456.000000 1.102651954 1.821282625 2.427305460 -0.050589249 -0.020677496 0.009521103 -0.998460114
1403636636463555584.000000 1.120930076 1.838659525 2.449346542 -0.050580610 -0.027664280 0.009980191 -0.998286903
1403636636513555456.000000 1.077371240 1.714979529 2.168344975 -0.049542680 -0.030374259 0.012551815 -0.998231113
1403636636563555584.000000 1.081857085 1.714108825 2.180389881 -0.048651874 -0.031779189 0.015300573 -0.998192847
1403636636613555456.000000 1.095515609 1.716822624 2.173056126 -0.046694506 -0.032463137 0.020300189 -0.998175204
1403636636663555584.000000 1.100084901 1.715147614 2.174698114 -0.044987679 -0.032058574 0.024939083 -0.998161554
1403636636713555456.000000 1.101693273 1.711950183 2.175009251 -0.043442674 -0.032054700 0.028795278 -0.998126268
1403636636763555584.000000 1.097347140 1.707490802 2.174601793 -0.042032588 -0.031538185 0.032790657 -0.998079836
1403636636813555456.000000 1.088728786 1.699198604 2.175366402 -0.040312201 -0.031211207 0.038005024 -0.997976184
1403636636863555584.000000 1.078294396 1.688708782 2.174836636 -0.038906436 -0.029701181 0.042471685 -0.997897983
1403636636913555456.000000 1.066702724 1.677104831 2.170814514 -0.040338293 -0.026603356 0.040129833 -0.998025417
1403636636963555584.000000 1.050733924 1.662807465 2.167300463 -0.043267556 -0.024350705 0.034700096 -0.998163760
1403636637013555456.000000 1.029175162 1.649771333 2.161657095 -0.046683613 -0.021351203 0.027903425 -0.998291671
1403636637063555584.000000 1.010353565 1.637161374 2.150830507 -0.049699664 -0.019510224 0.021850437 -0.998334587
1403636637113555456.000000 0.986928225 1.619718671 2.143848896 -0.052136078 -0.016683135 0.017329039 -0.998350263
1403636637163555584.000000 0.962984860 1.605569363 2.132071972 -0.053647354 -0.012842760 0.014702436 -0.998369157
1403636637213555456.000000 0.939289987 1.589311361 2.119862080 -0.054361694 -0.008402772 0.013924830 -0.998388886
1403636637263555584.000000 0.915754855 1.557333350 2.114813328 -0.055012684 -0.005377506 0.013346020 -0.998382032
1403636637313555456.000000 0.899224639 1.536710620 2.108328342 -0.056056563 -0.002755645 0.012553567 -0.998344898
1403636637363555584.000000 0.881064713 1.516925216 2.095211744 -0.055931181 -0.000932200 0.013440086 -0.998343766
1403636637413555456.000000 0.869217992 1.495294809 2.077469110 -0.056674119 0.000134650 0.013645941 -0.998299539
1403636637463555584.000000 0.854709327 1.472964644 2.065853596 -0.057072565 0.002057306 0.014734428 -0.998259187
1403636637513555456.000000 0.843026519 1.457080007 2.049145222 -0.057704035 0.002541861 0.014075208 -0.998231292
1403636637563555584.000000 0.829067886 1.439747453 2.026807070 -0.058353025 0.004131699 0.013895107 -0.998190761
1403636637613555456.000000 0.818190157 1.419486523 2.005483866 -0.059386898 0.004352395 0.012948219 -0.998141646
1403636637663555584.000000 0.804381609 1.396949530 1.989013791 -0.060453597 0.005410917 0.011695243 -0.998087883
1403636637713555456.000000 0.798409879 1.375759363 1.964973211 -0.060340695 0.004677783 0.012725372 -0.998085797
1403636637763555584.000000 0.793003857 1.348555326 1.947212458 -0.060819115 0.003459655 0.013116677 -0.998056650
1403636637813555456.000000 0.788187981 1.326658368 1.925778031 -0.061048768 0.001184212 0.013546974 -0.998042166
1403636637863555584.000000 0.781937301 1.306694388 1.900320172 -0.061370306 -0.000414216 0.013647667 -0.998021662
1403636637913555456.000000 0.778226435 1.286389232 1.874006033 -0.061838306 -0.002396970 0.013555945 -0.997991264
1403636637963555584.000000 0.776749492 1.265162826 1.850807548 -0.062168743 -0.005069674 0.013416082 -0.997962594
1403636638013555456.000000 0.767719924 1.240426064 1.829680443 -0.062438063 -0.006779626 0.013288780 -0.997937441
1403636638063555584.000000 0.754599869 1.216823816 1.807347059 -0.062901944 -0.008538458 0.013214814 -0.997895718
1403636638113555456.000000 0.736808181 1.191403866 1.787725687 -0.063205123 -0.010659567 0.012860503 -0.997860789
1403636638163555584.000000 0.717658997 1.169731855 1.762870789 -0.063591301 -0.012130007 0.012503098 -0.997824013
1403636638213555456.000000 0.694715500 1.144031525 1.742195129 -0.063912511 -0.012475204 0.012708852 -0.997796655
1403636638263555584.000000 0.654788971 1.118325233 1.704285026 -0.063858233 -0.013163651 0.013074269 -0.997786522
1403636638313555456.000000 0.628249109 1.095623016 1.676581740 -0.064873509 -0.011193237 0.011439765 -0.997765124
1403636638363555584.000000 0.597834110 1.069597840 1.652047992 -0.066563956 -0.005152168 0.007380547 -0.997741580
1403636638413555456.000000 0.568587542 1.051343799 1.617458582 -0.068310253 0.005241062 0.002684951 -0.997646809
1403636638463555584.000000 0.535140097 1.026095152 1.591720343 -0.069909088 0.015555978 -0.001047913 -0.997431576
1403636638513555456.000000 0.501607478 1.001045227 1.566077113 -0.071521685 0.024391795 -0.005116879 -0.997127652
1403636638563555584.000000 0.469132155 0.976853848 1.538954973 -0.071858771 0.029370999 -0.006287294 -0.996962488
1403636638613555456.000000 0.493792981 0.918547451 1.426870465 -0.071313061 0.031754304 -0.003858958 -0.996940970
1403636638663555584.000000 0.471993297 0.892084360 1.392574787 -0.069812097 0.029824378 0.001402367 -0.997113287
1403636638713555456.000000 0.449479431 0.874545217 1.355925918 -0.068449467 0.026787728 0.005094777 -0.997281909
1403636638763555584.000000 0.432960927 0.849078178 1.320167899 -0.067767762 0.021963919 0.007924289 -0.997427881
1403636638813555456.000000 0.419148892 0.823317111 1.283866048 -0.067614675 0.016577695 0.009240489 -0.997531056
1403636638863555584.000000 0.407176077 0.797215104 1.246485114 -0.067716412 0.012063997 0.008806671 -0.997592866
1403636638913555456.000000 0.394896090 0.770840824 1.207390070 -0.068809494 0.008833396 0.006956340 -0.997566521
1403636638963555584.000000 0.380514592 0.750879049 1.167018771 -0.069989815 0.006404373 0.004437954 -0.997517288
1403636639013555456.000000 0.367768437 0.724480331 1.128680706 -0.072479546 0.006541420 -0.001026747 -0.997347951
1403636639063555584.000000 0.356568903 0.698584855 1.088636398 -0.074723534 0.006094620 -0.006805280 -0.997162521
1403636639113555456.000000 0.343066007 0.673054457 1.048913479 -0.076618925 0.005918727 -0.011630564 -0.996975064
1403636639163555584.000000 0.332632065 0.648105323 1.013493657 -0.078024812 0.006621931 -0.015625441 -0.996807039
1403636639213555456.000000 0.314339459 0.630264878 0.966486573 -0.078612037 0.006708247 -0.018497963 -0.996711135
1403636639263555584.000000 0.290485799 0.607728481 0.928871810 -0.079093233 0.007783868 -0.019717036 -0.996641874
1403636639313555456.000000 0.264367431 0.586551726 0.891386747 -0.077356242 0.007701577 -0.015194374 -0.996858001
1403636639363555584.000000 0.236841157 0.566274643 0.853559077 -0.075207338 0.007692949 -0.009040604 -0.997097254
1403636639413555456.000000 0.208329663 0.546527624 0.815748096 -0.072939403 0.007886241 -0.002685585 -0.997301638
1403636639463555584.000000 0.185609341 0.524995983 0.787148535 -0.070866033 0.008040899 0.003942262 -0.997445703
1403636639513555456.000000 0.150210902 0.501266539 0.775564492 0.069585763 -0.006196632 -0.009345875 0.997512937
1403636639563555584.000000 0.123912163 0.489630967 0.707312286 -0.065921478 0.003854402 0.017612034 -0.997661948
1403636639613555456.000000 0.036631543 0.399373233 0.601350188 -0.059418980 -0.001036757 0.020049958 -0.998031259
