1413393889705760512.000000 0.003359571 0.002959162 -0.004728451 -0.002627425 -0.004280456 -0.004125514 0.999978960
1413393889755760384.000000 0.054025944 0.014295388 -0.008716405 0.000094494 -0.033118460 -0.010981536 0.999391139
1413393889805760512.000000 0.109391995 0.020751378 -0.012988452 0.000625039 -0.059445929 -0.016532810 0.998094440
1413393889855760384.000000 0.035637259 0.002153607 -0.004773081 -0.009557233 -0.024279142 -0.015082658 0.999545753
1413393889905760512.000000 0.022569243 0.002550026 -0.007852843 -0.011898047 -0.016532028 -0.024278363 0.999497771
1413393889955760384.000000 -0.042599969 0.001372805 -0.011844301 -0.017279781 0.033684768 -0.032307021 0.998760819
1413393890005760512.000000 0.021997776 -0.000971473 -0.008478236 -0.017952142 0.002191223 -0.035426773 0.999208629
1413393890055760384.000000 0.024304960 -0.001636634 -0.009525937 -0.017979018 0.012512135 -0.032865830 0.999219775
1413393890105760512.000000 0.029406076 -0.000670607 -0.012728011 -0.015112376 0.018942662 -0.028095046 0.999311507
1413393890155760384.000000 0.034538191 -0.003801411 -0.011036723 -0.014390117 0.025573473 -0.023524685 0.999292612
1413393890205760512.000000 0.227511764 -0.149491370 0.087828688 -0.034612879 0.026735021 -0.004006766 0.999035120
1413393890255760384.000000 0.231253594 -0.150414124 0.087549381 -0.032207467 0.030777972 0.000454451 0.999007106
1413393890305760512.000000 0.233197242 -0.152543262 0.088562280 -0.031267993 0.034443788 0.005977463 0.998899519
1413393890355760384.000000 0.234723762 -0.153758317 0.089312851 -0.029287763 0.036265023 0.010246919 0.998860419
1413393890405760512.000000 0.234859169 -0.155602738 0.091999270 -0.027579455 0.038516529 0.013372960 0.998787820
1413393890455760384.000000 0.283284187 -0.183516160 0.094323620 -0.026550921 0.038399320 0.015480076 0.998789787
1413393890505760512.000000 0.283403456 -0.186080664 0.096435480 -0.025526566 0.046676014 0.018573560 0.998411179
1413393890555760384.000000 0.283310682 -0.187127233 0.097941659 -0.022960285 0.058498811 0.021371709 0.997794628
1413393890605760512.000000 0.283550441 -0.189368755 0.099732570 -0.022928460 0.067753360 0.020990929 0.997217774
1413393890655760384.000000 0.284893364 -0.191449925 0.100839861 -0.022651829 0.069101326 0.019526174 0.997161329
1413393890705760512.000000 0.272684842 -0.236050695 0.141091630 -0.027462475 0.068282090 0.019134924 0.997104406
1413393890755760384.000000 0.273226827 -0.239159912 0.143407181 -0.028204199 0.062522836 0.017605199 0.997489572
1413393890805760512.000000 0.274390519 -0.240798041 0.143014252 -0.027446186 0.055633705 0.016685165 0.997934461
1413393890855760384.000000 0.275398642 -0.243282706 0.143393338 -0.027853714 0.050387256 0.016013922 0.998212874
1413393890905760512.000000 0.276689291 -0.245389283 0.142960906 -0.027537912 0.046448991 0.015746586 0.998416841
1413393890955760384.000000 0.290431798 -0.277444839 0.137732595 -0.028438669 0.043372858 0.014728714 0.998545527
1413393891005760512.000000 0.291110903 -0.279082835 0.136427924 -0.028039536 0.041895431 0.014478539 0.998623550
1413393891055760384.000000 0.292457432 -0.280727029 0.134610310 -0.026922682 0.041057121 0.013719603 0.998699844
1413393891105760512.000000 0.293104142 -0.282485515 0.132958725 -0.025814397 0.042765256 0.014504195 0.998646259
1413393891155760384.000000 0.294073731 -0.284135491 0.131385848 -0.023746844 0.042996980 0.015779724 0.998668313
1413393891205760512.000000 0.323715746 -0.328415573 0.129731774 -0.027224146 0.040602587 0.014618621 0.998697519
1413393891255760384.000000 0.328056931 -0.332276732 0.131457657 -0.026957102 0.040371813 0.013874446 0.998724699
1413393891305760512.000000 0.299848318 -0.292511135 0.130228430 -0.021478130 0.053760696 0.015411552 0.998203933
1413393891355760384.000000 0.328797579 -0.337912798 0.130634978 -0.024891617 0.070605844 0.014123711 0.997093618
1413393891405760512.000000 0.329699904 -0.341814488 0.128959686 -0.024115184 0.099111602 0.013048079 0.994698524
1413393891455760384.000000 0.328327298 -0.400051683 0.130972072 -0.023729842 0.133329600 0.016690284 0.990647078
1413393891505760512.000000 0.325145155 -0.403239638 0.128773823 -0.022178169 0.156595290 0.016836766 0.987270296
1413393891555760384.000000 0.323395699 -0.406018466 0.124705650 -0.020168731 0.169146746 0.018073708 0.985218763
1413393891605760512.000000 0.321710378 -0.409941733 0.118463352 -0.021182742 0.172848865 0.013851718 0.984623134
1413393891655760384.000000 0.318634868 -0.410380095 0.109857097 -0.018529138 0.172874138 0.014677603 0.984660268
1413393891705760512.000000 0.263943791 -0.469497025 0.044824958 -0.020835660 0.176083401 0.014673929 0.984045386
1413393891755760384.000000 0.261053771 -0.472247422 0.032514147 -0.019878579 0.173809052 0.014450101 0.984472752
1413393891805760512.000000 0.257347822 -0.475392878 0.017150212 -0.019782577 0.170470729 0.013314528 0.985074222
1413393891855760384.000000 0.254272014 -0.477628350 0.002063111 -0.019246001 0.163008094 0.012638771 0.986356080
1413393891905760512.000000 0.249313995 -0.483631581 -0.013063030 -0.020340120 0.149974674 0.012612159 0.988400161
1413393891955760384.000000 0.181626260 -0.534951508 -0.165627107 -0.023719292 0.132914200 0.013531974 0.990751326
1413393892005760512.000000 0.137076348 -0.555307567 -0.262828439 -0.021624936 0.110870391 0.015161922 0.993483961
1413393892055760384.000000 0.125516504 -0.562630594 -0.305174470 0.021481683 -0.088324077 -0.015572811 -0.995738387
1413393892105760512.000000 0.129165396 -0.579137981 -0.330801159 -0.025525428 0.067011274 0.014538790 0.997319698
1413393892155760384.000000 0.106810667 -0.596168816 -0.401913941 -0.026124783 0.053446952 0.014312358 0.998126328
1413393892205760512.000000 0.090099148 -0.606889844 -0.455517799 -0.026534041 0.044478636 0.014211803 0.998556852
1413393892255760384.000000 0.082743376 -0.620674074 -0.456940591 -0.031834956 0.039925769 0.014907714 0.998584151
1413393892305760512.000000 0.106798016 -0.586827934 -0.847794771 -0.011887616 0.010163938 -0.008442724 0.999842048
1413393892355760384.000000 0.084788382 -0.602659106 -0.917119443 -0.013000689 0.006138158 -0.008532796 0.999860287
1413393892405760512.000000 0.059556764 -0.615303397 -0.980770648 -0.013085067 0.003282991 -0.007602326 0.999880135
1413393892455760384.000000 0.040593568 -0.622325778 -1.019860029 0.013729481 -0.000845740 0.007189753 -0.999879599
1413393892505760512.000000 0.023476051 -0.633655369 -1.057433963 -0.015942207 -0.001573775 -0.008761821 0.999833345
1413393892555760384.000000 0.001606471 -0.640476882 -1.091409206 -0.016233336 -0.003790543 -0.007446807 0.999833405
1413393892605760512.000000 -0.055185478 -0.685006559 -1.229841709 -0.018001270 -0.009164171 -0.007648975 0.999766767
1413393892655760384.000000 -0.087755360 -0.702364802 -1.285567045 -0.018808644 -0.016572529 -0.007743004 0.999655783
1413393892705760512.000000 -0.119784385 -0.719979525 -1.339060307 -0.020137107 -0.027424021 -0.008266646 0.999386907
1413393892755760384.000000 -0.152461037 -0.732068837 -1.383846879 -0.019281168 -0.039751198 -0.007312200 0.998996854
1413393892805760512.000000 -0.175826699 -0.741287053 -1.414354444 0.019332677 0.053932220 0.008245504 -0.998323381
1413393892855760384.000000 -0.206677407 -0.775167406 -1.482783556 -0.021832885 -0.068112873 -0.009591289 0.997392654
1413393892905760512.000000 -0.225057334 -0.784476757 -1.506624579 -0.021240477 -0.079803921 -0.009156272 0.996542215
1413393892955760384.000000 -0.250226706 -0.814749360 -1.558699369 -0.021198856 -0.090751685 -0.009881880 0.995598912
1413393893005760512.000000 -0.263694167 -0.826113522 -1.577560067 -0.020839868 -0.098475985 -0.010715613 0.994863570
1413393893055760384.000000 -0.279345095 -0.856857240 -1.614265442 -0.020551309 -0.103181817 -0.011581981 0.994382799
1413393893105760512.000000 -0.287985772 -0.870993018 -1.627593517 0.019342054 0.104232594 0.011328095 -0.994300306
1413393893155760384.000000 -0.292970717 -0.901181400 -1.646925569 -0.018779106 -0.101276502 -0.011230069 0.994617701
1413393893205760512.000000 -0.294818610 -0.915767670 -1.651929140 0.017480647 0.094565280 0.012297343 -0.995289207
1413393893255760384.000000 -0.290941387 -0.947107017 -1.658081770 -0.017482834 -0.088757858 -0.012404747 0.995822608
1413393893305760512.000000 -0.287828863 -0.961892128 -1.654985547 -0.015982676 -0.082299963 -0.008683451 0.996441603
1413393893355760384.000000 -0.276948422 -0.994756699 -1.649646163 -0.014927133 -0.079354502 -0.003300257 0.996729255
1413393893405760512.000000 -0.269924015 -1.009380460 -1.639728665 -0.013118059 -0.074227326 0.003058202 0.997150481
1413393893455760384.000000 -0.253002405 -1.041848183 -1.623452663 -0.012062422 -0.071447946 0.008491324 0.997335315
1413393893505760512.000000 -0.238396615 -1.064827085 -1.604297400 -0.009898722 -0.070030920 0.013488246 0.997404575
1413393893555760384.000000 -0.225568935 -1.080701113 -1.582318902 -0.007324866 -0.067200132 0.018147949 0.997547626
1413393893605760512.000000 -0.203804061 -1.107784748 -1.554681182 -0.006252269 -0.065321267 0.021417163 0.997614861
1413393893655760384.000000 -0.190258607 -1.120410204 -1.529617548 -0.003628909 -0.065012157 0.025991619 0.997539341
1413393893705760512.000000 -0.163528562 -1.145396113 -1.490054846 -0.002546198 -0.064622432 0.030206421 0.997449279
1413393893755760384.000000 -0.146446660 -1.155242562 -1.459244132 -0.000663372 -0.060630672 0.034090694 0.997577786
1413393893805760512.000000 -0.114772536 -1.175786376 -1.411616206 -0.000636138 -0.057075419 0.034848321 0.997761309
1413393893855760384.000000 -0.093781687 -1.182558179 -1.375975490 -0.000664677 -0.047529928 0.035606492 0.998234808
1413393893905760512.000000 -0.057816178 -1.198532104 -1.321683168 -0.001390956 -0.037897475 0.033205800 0.998728871
1413393893955760384.000000 -0.027508032 -1.207063556 -1.273215652 -0.001860964 -0.025780631 0.031358752 0.999173999
1413393894005760512.000000 0.003214435 -1.214020491 -1.223115087 -0.002526945 -0.017137175 0.030252736 0.999392211
1413393894055760384.000000 0.026833279 -1.215171218 -1.181512475 -0.001831380 -0.010820281 0.028875062 0.999522805
1413393894105760512.000000 0.066443026 -1.223981500 -1.119538665 -0.002331998 -0.007015409 0.028186530 0.999575377
1413393894155760384.000000 0.090842463 -1.222739220 -1.076666355 -0.001127306 -0.004925956 0.029259289 0.999559164
1413393894205760512.000000 0.131521106 -1.228488564 -1.013079524 -0.000705988 -0.004651844 0.030047657 0.999537408
1413393894255760384.000000 0.156308115 -1.224548578 -0.969724834 -0.000186699 -0.003431469 0.031197149 0.999507368
1413393894305760512.000000 0.196721196 -1.226470470 -0.904063761 -0.000066642 -0.003480392 0.033021204 0.999448597
1413393894355760384.000000 0.217960954 -1.219756722 -0.860107005 -0.000476783 0.002245393 -0.033657752 -0.999430776
1413393894405760512.000000 0.245450184 -1.213579774 -0.792725146 0.000340840 -0.001778437 0.032404251 0.999473214
1413393894455760384.000000 0.259115219 -1.213353872 -0.760721207 -0.000896102 -0.002474926 0.029223612 0.999569476
1413393894505760512.000000 0.269483984 -1.203174949 -0.712230325 -0.001019792 -0.000529306 0.027247746 0.999628067
1413393894555760384.000000 0.307094812 -1.197490096 -0.602583051 -0.003104826 0.001697022 0.024502218 0.999693513
1413393894605760512.000000 0.313712567 -1.185231924 -0.551920414 -0.003740852 0.003050297 0.021811360 0.999750495
1413393894655760384.000000 0.333794713 -1.177599072 -0.471656531 -0.005231882 0.004958656 0.019023228 0.999793053
1413393894705760512.000000 0.340312421 -1.163686514 -0.420640856 -0.005441732 0.007001692 0.017498283 0.999807656
1413393894755760384.000000 0.361041158 -1.153942943 -0.340330034 -0.005802158 0.007999630 0.015487056 0.999831259
1413393894805760512.000000 0.368892670 -1.139056206 -0.289121985 0.004948570 -0.008577256 -0.015824493 -0.999825776
1413393894855760384.000000 0.377397746 -1.123201966 -0.239240080 0.004464759 -0.010997264 -0.015400809 -0.999810934
1413393894905760512.000000 0.387473643 -1.123523355 -0.204810917 -0.003641744 0.013975176 0.014136520 0.999795794
1413393894955760384.000000 0.397400796 -1.106687307 -0.157229185 -0.003277302 0.019397393 0.012701628 0.999725878
1413393895005760512.000000 0.416455418 -1.098192096 -0.104262993 -0.003165066 0.024528103 0.011006218 0.999633610
1413393895055760384.000000 0.428899914 -1.083608985 -0.058879662 -0.002171336 0.030768324 0.010336248 0.999470711
1413393895105760512.000000 0.480234116 -1.053626537 0.102731965 -0.002896058 0.031683050 0.008922621 0.999453962
1413393895155760384.000000 0.492972493 -1.039381027 0.146160960 -0.002575612 0.030758267 0.007577635 0.999494851
1413393895205760512.000000 0.517692327 -1.022195101 0.221342415 -0.002179601 0.027331419 0.007220031 0.999597967
1413393895255760384.000000 0.536746383 -1.006237268 0.278985798 -0.002290949 0.025485106 0.006492575 0.999651551
1413393895305760512.000000 0.549116731 -0.993208110 0.320368975 0.001707404 -0.026684193 -0.006328327 -0.999622524
1413393895355760384.000000 0.571181893 -0.974610627 0.392428756 -0.001980222 0.028770013 0.005408965 0.999569476
1413393895405760512.000000 0.579304159 -0.961699128 0.431607097 -0.001870428 0.032280520 0.005571561 0.999461651
1413393895455760384.000000 0.595853031 -0.942440689 0.503805578 -0.002896964 0.033183593 0.004707185 0.999433994
1413393895505760512.000000 0.598168135 -0.929113626 0.541220903 -0.004858815 0.035306606 0.005428632 0.999350011
1413393895555760384.000000 0.611830890 -0.908751249 0.611974359 -0.008654758 0.034301661 0.007179242 0.999348283
1413393895605760512.000000 0.613320827 -0.895052075 0.647134781 -0.012825930 0.034365483 0.010659899 0.999270201
1413393895655760384.000000 0.627472460 -0.873925865 0.714549482 -0.019580912 0.033758074 0.011522700 0.999171793
1413393895705760512.000000 0.628777862 -0.866791308 0.728762150 -0.027560659 0.038250703 0.011738120 0.998819113
1413393895755760384.000000 0.633412123 -0.852646589 0.759160340 -0.036339197 0.040336158 0.014384904 0.998421490
1413393895805760512.000000 0.638811052 -0.846376777 0.783551812 -0.046680033 0.044153407 0.017451813 0.997781038
1413393895855760384.000000 0.645418704 -0.831476808 0.811067700 -0.059112206 0.046128646 0.021095384 0.996961832
1413393895905760512.000000 0.655095935 -0.816840887 0.852073431 -0.074315026 0.046788700 0.024122672 0.995844483
1413393895955760384.000000 0.661764383 -0.801938713 0.873864412 -0.089654088 0.046937637 0.030513939 0.994398296
1413393896005760512.000000 0.671061277 -0.788003445 0.907036722 -0.108217247 0.043940980 0.032821286 0.992613196
1413393896055760384.000000 0.676542044 -0.773868859 0.926602483 0.127436236 -0.043038279 -0.038026862 -0.990182698
1413393896105760512.000000 0.708817959 -0.751597524 0.971650064 -0.148386165 0.037859123 0.040900853 0.987357855
1413393896155760384.000000 0.714969337 -0.738551557 0.988720715 0.168282062 -0.039329186 -0.047170956 -0.983823836
1413393896205760512.000000 0.724982381 -0.726829708 1.028038263 -0.189472631 0.041678399 0.051795442 0.979632735
1413393896255760384.000000 0.731335402 -0.714959860 1.040080309 -0.211178735 0.048065137 0.055746462 0.974672079
1413393896305760512.000000 0.741187394 -0.704618931 1.070353627 -0.232749149 0.052481793 0.059515711 0.969294310
1413393896355760384.000000 0.747033238 -0.695625007 1.078614354 -0.253849596 0.057677064 0.064501859 0.963365614
1413393896405760512.000000 0.753524184 -0.688791037 1.087364197 0.274210215 -0.063377008 -0.073363550 -0.956770599
1413393896455760384.000000 0.801335752 -0.683505535 1.127244473 -0.293822438 0.056959186 0.080804296 0.950733781
1413393896505760512.000000 0.806710422 -0.680101514 1.126511812 -0.311478138 0.058770113 0.095727175 0.943590879
1413393896555760384.000000 0.776026547 -0.683897197 1.133514524 -0.326466471 0.070883438 0.121474028 0.934686780
1413393896605760512.000000 0.780341446 -0.682179093 1.127644658 -0.343434572 0.067956142 0.137737319 0.926532865
1413393896655760384.000000 0.830222905 -0.674472213 1.164196730 -0.363281250 0.050321389 0.144450158 0.919036865
1413393896705760512.000000 0.834436953 -0.671149075 1.154536605 -0.379267663 0.048222121 0.160202190 0.910036266
1413393896755760384.000000 0.798127592 -0.678408563 1.145110011 -0.390806019 0.059716310 0.184908018 0.899729788
1413393896805760512.000000 0.801088929 -0.672416985 1.129899740 -0.404969394 0.058590703 0.200497359 0.890150368
1413393896855760384.000000 0.811183512 -0.671724439 1.136650562 -0.418460995 0.054532778 0.216535747 0.880357265
1413393896905760512.000000 0.811638296 -0.663260400 1.118477464 0.431706011 -0.048709281 -0.232656509 -0.870131254
1413393896955760384.000000 0.833356857 -0.656868339 1.145696878 -0.449196279 0.033875972 0.243168101 0.859036922
1413393897005760512.000000 0.853577256 -0.584425449 1.269686222 -0.458272338 0.023277570 0.257998198 0.850224435
1413393897055760384.000000 0.847108543 -0.567086458 1.246799707 -0.470545024 0.000724023 0.260275751 0.843115330
1413393897105760512.000000 0.854069293 -0.561862051 1.250576138 -0.483506769 -0.020447513 0.254714608 0.837211788
1413393897155760384.000000 0.846035838 -0.535181642 1.226776838 -0.495863825 -0.037708063 0.243670389 0.832659602
1413393897205760512.000000 0.861516356 -0.496119380 1.218110204 -0.507966459 -0.051056836 0.229296386 0.828725815
1413393897255760384.000000 0.855197728 -0.463117182 1.200561523 -0.520502329 -0.056565356 0.206914932 0.826476812
1413393897305760512.000000 0.860823274 -0.443834603 1.205543756 -0.531960785 -0.056085542 0.181903586 0.825095952
1413393897355760384.000000 0.859303415 -0.409609914 1.198381186 -0.540347040 -0.051476959 0.162072703 0.824079871
1413393897405760512.000000 0.867043555 -0.385160744 1.202032089 -0.544699371 -0.042511832 0.152751133 0.823506176
1413393897455760384.000000 0.867410898 -0.350595832 1.202787876 -0.545690954 -0.030234065 0.151908740 0.823547840
1413393897505760512.000000 0.875442922 -0.325372636 1.217220783 -0.544815361 -0.018454853 0.154441625 0.824004591
1413393897555760384.000000 0.877950132 -0.292500377 1.224886417 -0.543149352 -0.009203840 0.157365859 0.824706078
1413393897605760512.000000 0.885924995 -0.270650029 1.241645932 -0.540734410 -0.003920805 0.163003281 0.825239837
1413393897655760384.000000 0.889883637 -0.240168512 1.253558755 -0.538021207 -0.001020374 0.166972801 0.826227784
1413393897705760512.000000 0.893178999 -0.208011031 1.264331341 0.535412490 0.000235760 -0.170213550 -0.827261031
1413393897755760384.000000 0.908258021 -0.189534426 1.291163445 -0.534781814 -0.001232308 0.170897245 0.827527165
1413393897805760512.000000 0.916133881 -0.162056744 1.306322455 0.533421457 0.002059329 -0.169954538 -0.828596890
1413393897855760384.000000 0.934916615 -0.124592066 1.324870229 -0.533969700 -0.003053223 0.168787882 0.828479230
1413393897905760512.000000 0.944459677 -0.097457170 1.340820551 0.536383510 0.004750128 -0.167724311 -0.827126741
1413393897955760384.000000 0.960999846 -0.068144441 1.367687464 -0.541445851 -0.007486173 0.164999023 0.824351668
1413393898005760512.000000 0.972111762 -0.041391551 1.384226918 -0.548695922 -0.009890505 0.161830783 0.820149839
1413393898055760384.000000 0.991415143 -0.012737751 1.415880322 -0.558950901 -0.012052822 0.157584101 0.814000010
1413393898105760512.000000 1.005877137 0.012074828 1.434537649 -0.570615113 -0.008445638 0.151312441 0.807113111
1413393898155760384.000000 1.024242043 0.033883929 1.463223338 -0.583415270 0.002577819 0.146092251 0.798922479
1413393898205760512.000000 1.040949345 0.053653240 1.484960079 -0.596163929 0.018614246 0.143254474 0.789759636
1413393898255760384.000000 1.060277820 0.068716526 1.508738637 0.607943833 -0.038132053 -0.139635995 -0.780674160
1413393898305760512.000000 1.086198092 0.094460845 1.551415205 -0.617521524 0.057545666 0.137282252 0.772340119
1413393898355760384.000000 1.106073976 0.102338910 1.575907707 -0.624051750 0.080768667 0.138339832 0.764786243
1413393898405760512.000000 1.131263256 0.114521861 1.615983486 -0.629953682 0.103400469 0.137274057 0.757378757
1413393898455760384.000000 1.151407719 0.110953689 1.640242696 -0.632259846 0.128515735 0.138076872 0.751442730
1413393898505760512.000000 1.296473503 0.187515259 1.807724118 -0.636282265 0.140685052 0.147344738 0.744071305
1413393898555760384.000000 1.308962584 0.172090173 1.830307961 -0.631256461 0.145973116 0.166354924 0.743325770
1413393898605760512.000000 1.200732231 0.089276910 1.744428992 -0.623077095 0.138792455 0.184448615 0.747322202
1413393898655760384.000000 1.204711676 0.063136339 1.763038158 -0.616449416 0.123039663 0.210996017 0.748553395
1413393898705760512.000000 1.210336089 0.035793066 1.779965639 -0.608472049 0.103315592 0.238708973 0.749737144
1413393898755760384.000000 1.212530136 0.012986183 1.809944391 -0.601422012 0.077416278 0.264949888 0.749733150
1413393898805760512.000000 1.207934022 -0.016122103 1.823048115 0.593596697 -0.048340004 -0.290569812 -0.748916209
1413393898855760384.000000 1.209707499 -0.036087990 1.851940036 -0.587912977 0.017410124 0.311927974 0.746161044
1413393898905760512.000000 1.205461502 -0.059014082 1.855946302 -0.582432508 -0.006934551 0.330345452 0.742695212
1413393898955760384.000000 1.341840863 -0.000011206 2.004360914 -0.580767035 -0.035718221 0.349105895 0.734546781
1413393899005760512.000000 1.340604663 -0.008577347 2.002114058 -0.578862846 -0.057933085 0.355912238 0.731360495
1413393899055760384.000000 1.349377990 -0.010287762 2.013020277 -0.582337022 -0.075512476 0.351065069 0.729338586
1413393899105760512.000000 1.354897022 0.002190351 2.005981207 -0.590336680 -0.084689759 0.334029436 0.729900420
1413393899155760384.000000 1.373504162 0.024298668 2.015230894 -0.603614748 -0.077512167 0.305944979 0.732146740
1413393899205760512.000000 1.388014674 0.054625750 2.010046721 0.619325876 0.055866018 -0.271239072 -0.734672606
1413393899255760384.000000 1.467210293 0.044344187 1.997588038 -0.632545829 -0.027034000 0.236581072 0.737010419
1413393899305760512.000000 1.484863877 0.079211712 1.994055271 -0.644654810 0.011551148 0.201497570 0.737350285
1413393899355760384.000000 1.452068329 0.136025786 2.016521692 -0.653942585 0.050782986 0.169811487 0.735489190
1413393899405760512.000000 1.469800830 0.164894938 2.015810966 -0.658082366 0.084140025 0.146073550 0.733832836
1413393899455760384.000000 1.478310466 0.197320580 2.021440506 -0.659936488 0.113167606 0.126270816 0.731937587
1413393899505760512.000000 1.496521115 0.211282134 2.021106482 -0.658402324 0.144331157 0.112927683 0.730015278
1413393899555760384.000000 1.547081590 0.177101016 2.011160135 -0.653391421 0.172716826 0.103938080 0.729688644
1413393899605760512.000000 1.564822435 0.178119421 2.002985001 -0.646748006 0.193166554 0.101207756 0.730862975
1413393899655760384.000000 1.576689005 0.162436128 2.001190424 0.639372468 -0.203458726 -0.109478347 -0.733363450
1413393899705760512.000000 1.596507072 0.125708580 2.020525455 -0.632815778 0.200542733 0.127406329 0.736949444
1413393899755760384.000000 1.600129485 0.091500044 2.014704704 -0.622525692 0.184843287 0.156202346 0.744241655
1413393899805760512.000000 1.585969806 0.085359335 2.046050072 -0.613669753 0.161779687 0.187023193 0.749839425
1413393899855760384.000000 1.583549500 0.036599040 2.034938097 -0.600920260 0.136101678 0.223215878 0.755344927
1413393899905760512.000000 1.582612991 -0.027820587 2.023480892 -0.587611020 0.104813516 0.262457520 0.758184433
1413393899955760384.000000 1.573481798 -0.081988811 2.006469488 -0.573732376 0.069801576 0.300026029 0.758909345
1413393900005760512.000000 1.626578093 -0.154896498 1.983283162 -0.561714947 0.038039416 0.333014786 0.756393075
1413393900055760384.000000 1.620035768 -0.210242271 1.962298393 -0.555160642 0.010779656 0.354127020 0.752512157
1413393900105760512.000000 1.615515232 -0.247172594 1.928938866 -0.551751196 -0.011733016 0.368660271 0.748012364
1413393900155760384.000000 1.601775050 -0.283203125 1.898382783 -0.553102911 -0.031617809 0.372603476 0.744475782
1413393900205760512.000000 1.582940459 -0.316377878 1.879313707 -0.557914793 -0.049164571 0.371680021 0.740383685
1413393900255760384.000000 1.566013455 -0.336165190 1.844841957 -0.564209998 -0.065841489 0.362458467 0.738888323
1413393900305760512.000000 1.549059868 -0.345409155 1.811280727 0.573369861 0.079336040 -0.345994771 -0.738404095
1413393900355760384.000000 1.501987219 -0.346176386 1.757623911 -0.583598375 -0.083672613 0.322452188 0.740564942
1413393900405760512.000000 1.484136581 -0.339601398 1.725344181 -0.596255600 -0.079237938 0.296400756 0.741853893
1413393900455760384.000000 1.523707151 -0.316493154 1.716196299 -0.607751071 -0.071638837 0.272685856 0.742394030
1413393900505760512.000000 1.508649349 -0.299751878 1.690526724 -0.619516850 -0.053315934 0.246020406 0.743525624
1413393900555760384.000000 1.492174864 -0.280528903 1.667798996 -0.630566478 -0.030215789 0.218901187 0.744012892
1413393900605760512.000000 1.472979307 -0.261631131 1.649189949 -0.640554726 -0.000024198 0.190970406 0.743787646
1413393900655760384.000000 1.450885296 -0.240437269 1.642910242 -0.648856878 0.033344060 0.166003957 0.741832614
1413393900705760512.000000 1.427761674 -0.226568699 1.629554033 -0.654211044 0.064079054 0.144716069 0.739566803
1413393900755760384.000000 1.356287241 -0.236110091 1.575931311 -0.657948375 0.089209154 0.126877934 0.736917734
1413393900805760512.000000 1.331258774 -0.234213948 1.566415429 -0.657702327 0.109621994 0.120627806 0.735431671
1413393900855760384.000000 1.305757523 -0.238594413 1.557040930 0.654771805 -0.123124525 -0.124274179 -0.735302746
1413393900905760512.000000 1.284956932 -0.250271678 1.555999756 -0.651852369 0.125134230 0.136007190 0.735480785
1413393900955760384.000000 1.258990288 -0.270394802 1.546817899 -0.644623816 0.120386526 0.157582849 0.738332510
1413393901005760512.000000 1.236114502 -0.289803028 1.535387158 -0.636378944 0.110913076 0.183007926 0.741099358
1413393901055760384.000000 1.211813927 -0.321211696 1.521795273 -0.627222300 0.097915366 0.209679678 0.743666112
1413393901105760512.000000 1.188609600 -0.348897576 1.506804347 -0.620414197 0.074372433 0.231676280 0.745574355
1413393901155760384.000000 1.164693832 -0.385305285 1.487190962 -0.613868177 0.045078732 0.252791137 0.746478677
1413393901205760512.000000 1.130691409 -0.414949775 1.442107558 -0.608503342 0.010987395 0.267225206 0.747123659
1413393901255760384.000000 1.110283971 -0.448699594 1.418045163 -0.605454803 -0.016317401 0.275880218 0.746356726
1413393901305760512.000000 1.086724877 -0.472272038 1.382233858 -0.602189541 -0.039241653 0.283120930 0.745433152
1413393901355760384.000000 1.070533872 -0.496817470 1.357051373 -0.600935996 -0.055373650 0.286680400 0.744059205
1413393901405760512.000000 1.047341824 -0.512487054 1.336267352 -0.599910975 -0.067433156 0.290697187 0.742330670
1413393901455760384.000000 1.034359455 -0.525029182 1.312909842 -0.598925531 -0.077652097 0.294274956 0.740716338
1413393901505760512.000000 1.017348170 -0.526389599 1.282200098 -0.598399520 -0.086919367 0.294353992 0.740080297
1413393901555760384.000000 1.008138895 -0.525398731 1.262089252 -0.598853588 -0.094300546 0.292698562 0.739465594
1413393901605760512.000000 1.004354954 -0.513456821 1.236055255 -0.600862563 -0.099420428 0.287663460 0.739141166
1413393901655760384.000000 1.000855446 -0.497716546 1.219927073 -0.606292784 -0.098107442 0.273276567 0.740340412
1413393901705760512.000000 0.995104074 -0.472232223 1.193345785 -0.612902343 -0.089079097 0.253411174 0.743100524
1413393901755760384.000000 0.997464299 -0.444602609 1.183090091 -0.620688856 -0.075108707 0.233019397 0.744853020
1413393901805760512.000000 0.988653064 -0.404088259 1.188896656 -0.628635764 -0.054212056 0.213718757 0.745789826
1413393901855760384.000000 0.992554545 -0.372759819 1.185283184 -0.632848382 -0.036229279 0.203654453 0.746133566
1413393901905760512.000000 0.997765601 -0.362738371 1.203592896 -0.634342730 -0.022157686 0.201700881 0.745945752
1413393901955760384.000000 0.999981701 -0.330508471 1.205993295 -0.634726703 -0.014960886 0.203019232 0.745440483
1413393902005760512.000000 1.005337238 -0.258455157 1.182143450 -0.634450793 -0.012683596 0.205938652 0.744916558
1413393902055760384.000000 1.008875370 -0.226340532 1.188182473 -0.634052157 -0.010812043 0.208624810 0.744537890
1413393902105760512.000000 1.017906070 -0.186011195 1.192547441 -0.634107053 -0.011180979 0.209812045 0.744152009
1413393902155760384.000000 1.023660779 -0.154069543 1.201255441 -0.634710550 -0.010405318 0.208593801 0.743991196
1413393902205760512.000000 1.033842444 -0.113519430 1.208965063 -0.634962201 -0.011596657 0.208531186 0.743776381
1413393902255760384.000000 1.041118622 -0.082072258 1.218618631 -0.635672331 -0.011446536 0.207570553 0.743440747
1413393902305760512.000000 1.048858047 -0.050962329 1.231715322 -0.635959208 -0.011700385 0.207266510 0.743276238
1413393902355760384.000000 1.062716007 -0.003905296 1.246761203 -0.636448503 -0.012494123 0.206616506 0.743025541
1413393902405760512.000000 1.068989038 0.027813196 1.263701320 -0.637373745 -0.010816076 0.204702213 0.742788553
1413393902455760384.000000 1.074602127 0.059622884 1.282139301 0.638246417 0.008691785 -0.201903433 -0.742833078
1413393902505760512.000000 1.076935291 0.091060519 1.296163082 -0.639332354 -0.005258307 0.198788956 0.742771566
1413393902555760384.000000 1.082526326 0.120563388 1.318488121 -0.639755368 -0.004092119 0.198055848 0.742610455
1413393902605760512.000000 1.087631106 0.151667356 1.337184548 -0.639509976 -0.003636167 0.198473528 0.742712617
1413393902655760384.000000 1.098764062 0.179459929 1.360536814 -0.639524221 -0.004449787 0.199548110 0.742407918
1413393902705760512.000000 1.135942459 0.248511076 1.402360439 -0.639651000 -0.006013475 0.200906157 0.741921246
1413393902755760384.000000 1.154523373 0.274427176 1.425968766 -0.638983250 -0.006106162 0.203039318 0.741915226
1413393902805760512.000000 1.176100850 0.300691009 1.449312568 0.636584580 0.004065803 -0.210898876 -0.741798759
1413393902855760384.000000 1.195441723 0.331967473 1.471483350 -0.632934034 -0.000532622 0.221580878 0.741819561
1413393902905760512.000000 1.220000267 0.357627392 1.496446729 -0.627487004 0.002086984 0.237454131 0.741533101
1413393902955760384.000000 1.244145274 0.384854674 1.520386934 0.622285724 -0.003475553 -0.252287358 -0.741012454
1413393903005760512.000000 1.292554617 0.455543399 1.571839333 -0.617862880 0.004655553 0.265795290 0.739984274
1413393903055760384.000000 1.316353679 0.485092044 1.593544245 0.614890635 -0.007781385 -0.274844706 -0.739127517
1413393903105760512.000000 1.350269437 0.534460783 1.624676704 -0.615310431 0.008753438 0.275359124 0.738575518
1413393903155760384.000000 1.374546051 0.567431092 1.642283440 -0.617952406 0.012347464 0.269390464 0.738519609
1413393903205760512.000000 1.408735156 0.620982051 1.671049356 -0.621634483 0.013816316 0.261705041 0.738166809
1413393903255760384.000000 1.430320740 0.656767368 1.685983539 -0.626120329 0.015873257 0.254018694 0.737018287
1413393903305760512.000000 1.458897114 0.709145784 1.708744049 -0.631916344 0.016870968 0.247632042 0.734217644
1413393903355760384.000000 1.476495147 0.745963216 1.722334385 -0.638593137 0.016489895 0.244047955 0.729635179
1413393903405760512.000000 1.483112574 0.769740462 1.729704618 0.646942317 -0.018604221 -0.242984369 -0.722549796
1413393903455760384.000000 1.506428242 0.822649956 1.759189963 -0.656474471 0.020321703 0.245575100 0.712966442
1413393903505760512.000000 1.510305524 0.859011889 1.774952769 -0.666144371 0.025067916 0.250113428 0.702187002
1413393903555760384.000000 1.521373034 0.912778258 1.803666115 -0.676994264 0.029888364 0.254720360 0.689857304
1413393903605760512.000000 1.518426061 0.947792292 1.821483850 -0.687444150 0.040621541 0.257176131 0.677960932
1413393903655760384.000000 1.539713383 1.046296000 1.870023608 0.697364211 -0.052774724 -0.258436859 -0.666414559
1413393903705760512.000000 1.536570191 1.078809500 1.886195183 0.706382334 -0.062332258 -0.261456966 -0.654812217
1413393903755760384.000000 1.534845829 1.112266183 1.901492000 0.714920461 -0.070358746 -0.264227659 -0.643523276
1413393903805760512.000000 1.544385791 1.157970667 1.925439835 0.721184611 -0.075192384 -0.269924194 -0.633545458
1413393903855760384.000000 1.541565299 1.185889125 1.935444117 0.724800408 -0.080371208 -0.278098643 -0.625192821
1413393903905760512.000000 1.540960908 1.215028763 1.944489479 0.727078855 -0.085067585 -0.286578029 -0.618055820
1413393903955760384.000000 1.562562943 1.270584822 1.964080095 0.729403734 -0.087930523 -0.294961572 -0.610930562
1413393904005760512.000000 1.562237501 1.293948650 1.965786219 0.731002510 -0.091437712 -0.299155712 -0.606448948
1413393904055760384.000000 1.568606019 1.336004257 1.975668550 0.733013570 -0.090456255 -0.302970588 -0.602260530
1413393904105760512.000000 1.564633489 1.356728792 1.972916126 0.735141873 -0.089413770 -0.302055001 -0.600278676
1413393904155760384.000000 1.564399838 1.394361019 1.978074193 0.738085985 -0.082401298 -0.301651061 -0.597867668
1413393904205760512.000000 1.555267930 1.412778378 1.973100543 0.739156842 -0.076456159 -0.300314814 -0.598007321
1413393904255760384.000000 1.545171142 1.429699421 1.965843916 0.741478264 -0.068648212 -0.299507558 -0.596483648
1413393904305760512.000000 1.545991898 1.469337225 1.965311646 0.743518889 -0.063308455 -0.296859175 -0.595857680
1413393904355760384.000000 1.543091297 1.484197855 1.951179862 0.744246364 -0.062109731 -0.294147849 -0.596420050
1413393904405760512.000000 1.543111682 1.494546890 1.947725534 0.746475458 -0.060629383 -0.292337596 -0.594674051
1413393904455760384.000000 1.545955777 1.507774115 1.925806165 0.747883916 -0.060664926 -0.291713983 -0.593205214
1413393904505760512.000000 1.554795980 1.527990341 1.910481572 0.751813650 -0.058464777 -0.291429102 -0.588580728
1413393904555760384.000000 1.563704729 1.540675640 1.881201386 0.756500006 -0.054927595 -0.289614797 -0.583792746
1413393904605760512.000000 1.575368285 1.589120388 1.838888288 0.762420595 -0.040356975 -0.291337579 -0.576375306
1413393904655760384.000000 1.580247045 1.599957705 1.808707237 0.767923534 -0.021100104 -0.293961823 -0.568713248
1413393904705760512.000000 1.589686871 1.649619579 1.778750658 0.771915197 -0.003243117 -0.300392866 -0.560268283
1413393904755760384.000000 1.588666916 1.660342216 1.751447916 0.776857495 0.012602509 -0.306878239 -0.549690366
1413393904805760512.000000 1.585882902 1.673491478 1.726666689 0.782370389 0.024286041 -0.312588930 -0.538140237
1413393904855760384.000000 1.577018023 1.675991535 1.704539895 0.789978147 0.033341058 -0.314936668 -0.525012255
1413393904905760512.000000 1.572019815 1.692922592 1.680276632 0.797440290 0.036284905 -0.315320402 -0.513172030
1413393904955760384.000000 1.565815330 1.714066505 1.657638192 0.807724357 0.035074469 -0.309877217 -0.500327229
1413393905005760512.000000 1.569726825 1.781492949 1.628269434 0.817857027 0.029909007 -0.302309781 -0.488696426
1413393905055760384.000000 1.560004473 1.806400776 1.607340932 0.828657627 0.023970442 -0.294468194 -0.475437224
1413393905105760512.000000 1.547501087 1.817687035 1.588522911 0.839443684 0.018780164 -0.288727194 -0.460019886
1413393905155760384.000000 1.532260418 1.843868732 1.573601365 0.848324895 0.013092331 -0.285353929 -0.445810199
1413393905205760512.000000 1.508035183 1.848960161 1.572711110 0.855742335 0.005277161 -0.285079420 -0.431748837
1413393905255760384.000000 1.494255781 1.897703171 1.550183177 0.862575829 -0.000337686 -0.286320329 -0.417113394
1413393905305760512.000000 1.473386645 1.923653364 1.541153312 0.868699670 -0.007531579 -0.288753837 -0.402399570
1413393905355760384.000000 1.466961861 1.984482288 1.529566169 0.873992324 -0.014187630 -0.292002589 -0.388163239
1413393905405760512.000000 1.450856805 2.017385006 1.522556186 0.878921032 -0.018226417 -0.295496762 -0.373961776
1413393905455760384.000000 1.436133981 2.049597740 1.516108274 0.883907437 -0.022126367 -0.298631757 -0.359217316
1413393905505760512.000000 1.422603488 2.080785275 1.510215163 0.888398886 -0.024846129 -0.302579731 -0.344348103
1413393905555760384.000000 1.409755707 2.110760212 1.505053759 0.892004669 -0.030360445 -0.308428347 -0.329056084
1413393905605760512.000000 1.397171974 2.139375448 1.500403643 0.894693077 -0.037099510 -0.316242307 -0.313271224
1413393905655760384.000000 1.385426283 2.166476011 1.495594382 0.897580802 -0.043792181 -0.322690547 -0.297156274
1413393905705760512.000000 1.369804859 2.180319786 1.486801386 0.900560796 -0.051304772 -0.327343166 -0.281433195
1413393905755760384.000000 1.354780316 2.192223549 1.476247072 0.903799236 -0.059518240 -0.330426365 -0.265373260
1413393905805760512.000000 1.339833736 2.202209949 1.464062333 0.905887485 -0.067988738 -0.334988266 -0.250056803
1413393905855760384.000000 1.324426413 2.209913492 1.450092912 0.905936956 -0.076409161 -0.343582928 -0.235352308
1413393905905760512.000000 1.308616161 2.215116978 1.433477759 0.904924631 -0.082232557 -0.354161292 -0.221176654
1413393905955760384.000000 1.292547345 2.217378378 1.413733244 0.903401256 -0.084999286 -0.365465879 -0.207547739
1413393906005760512.000000 1.276744246 2.216697454 1.389809370 0.903139889 -0.085363589 -0.373418152 -0.193933919
1413393906055760384.000000 1.261296749 2.212593079 1.360750318 0.904571116 -0.076477453 -0.378225714 -0.181239188
1413393906105760512.000000 1.245734453 2.205668926 1.327660441 0.908153534 -0.062238716 -0.377889425 -0.169065654
1413393906155760384.000000 1.228841305 2.196996927 1.291404843 0.913087308 -0.048316039 -0.372913122 -0.157711565
1413393906205760512.000000 1.209403753 2.187023878 1.253311753 0.919175148 -0.033618450 -0.363894492 -0.146859646
1413393906255760384.000000 1.187474370 2.177014351 1.213902950 0.925649643 -0.021643478 -0.352132976 -0.136772737
1413393906305760512.000000 1.162559152 2.166790485 1.173134685 0.931279719 -0.011905634 -0.341101766 -0.127381459
1413393906355760384.000000 1.134189367 2.156767368 1.132141948 0.935466051 -0.004628415 -0.332899153 -0.118575439
1413393906405760512.000000 1.102677822 2.147205353 1.091901779 0.938176394 -0.000936135 -0.328012764 -0.110597812
1413393906455760384.000000 1.068695784 2.137970924 1.053562880 0.940846145 0.001125130 -0.322829515 -0.102899872
1413393906505760512.000000 1.031335354 2.129172802 1.016835928 0.942619622 0.000816766 -0.320122451 -0.094811767
1413393906555760384.000000 0.991120458 2.121121168 0.980891883 0.944119632 -0.002464218 -0.317839175 -0.087237708
1413393906605760512.000000 0.947332978 2.113693237 0.947039723 0.945070744 -0.009239618 -0.316943944 -0.079388633
1413393906655760384.000000 0.902194381 2.105650902 0.914010465 0.945884764 -0.018655511 -0.316072404 -0.071079627
1413393906705760512.000000 0.834093213 2.038467646 0.872458994 0.945668042 -0.032958046 -0.316752225 -0.065526880
1413393906755760384.000000 0.791959524 2.038104773 0.840882897 0.945334435 -0.046870407 -0.317087561 -0.060012605
1413393906805760512.000000 0.747798920 2.027242661 0.808488965 0.945748031 -0.058664352 -0.314731896 -0.055344839
1413393906855760384.000000 0.704757094 2.013766527 0.776246786 0.946452737 -0.064113021 -0.312223494 -0.051314957
1413393906905760512.000000 0.662199020 1.997334003 0.744515479 0.947688937 -0.066382796 -0.308427930 -0.048488807
1413393906955760384.000000 0.639395416 2.028053999 0.721583426 0.949121177 -0.065833628 -0.304666907 -0.044866886
1413393907005760512.000000 0.597852945 2.006535530 0.690522671 0.950044096 -0.063833371 -0.302407384 -0.043489665
1413393907055760384.000000 0.556780815 1.982399940 0.660454571 0.950643837 -0.052938800 -0.302727371 -0.042778458
1413393907105760512.000000 0.515897334 1.956232548 0.631468296 0.950824380 -0.041298866 -0.304042310 -0.042258859
1413393907155760384.000000 0.453044981 1.870754361 0.593775928 0.950357318 -0.031398892 -0.306542039 -0.043210253
1413393907205760512.000000 0.413288295 1.841891766 0.565969348 0.950104535 -0.018830048 -0.308424503 -0.042675432
1413393907255760384.000000 0.374628574 1.812583804 0.538326681 0.949748695 -0.002159821 -0.310119957 -0.042407952
1413393907305760512.000000 0.336405426 1.783629179 0.511329412 0.948963225 0.017686268 -0.312060535 -0.042123351
1413393907355760384.000000 0.302569866 1.764773965 0.485155970 0.948337376 0.036355030 -0.312405974 -0.041679334
1413393907405760512.000000 0.270869076 1.744090557 0.459854007 0.947018147 0.046109684 -0.315254688 -0.040560644
1413393907455760384.000000 0.257043481 1.770981193 0.441931546 0.946051538 0.042695507 -0.318830729 -0.038865384
1413393907505760512.000000 0.207784668 1.704428792 0.405433774 0.945631862 0.033001523 -0.321086794 -0.039931688
1413393907555760384.000000 0.182607889 1.688722968 0.375563562 0.945692480 0.015514467 -0.322281301 -0.039495911
1413393907605760512.000000 0.161728546 1.674339771 0.343659043 0.946138442 0.002930654 -0.321311295 -0.039655950
1413393907655760384.000000 0.140639037 1.660332441 0.311432183 0.945666373 -0.007102376 -0.322654456 -0.039482016
1413393907705760512.000000 0.118042096 1.646281123 0.279661477 0.944517434 -0.014255987 -0.325783789 -0.039352834
1413393907755760384.000000 0.092461050 1.631965399 0.247843280 0.943705440 -0.018688673 -0.327902555 -0.039380379
1413393907805760512.000000 0.062763266 1.617087960 0.216887891 0.944047153 -0.021858733 -0.326732069 -0.039286993
1413393907855760384.000000 0.027782060 1.601535201 0.187542036 0.944739461 -0.024285492 -0.324608654 -0.038819008
1413393907905760512.000000 -0.012550041 1.585305929 0.159522340 0.945980906 -0.026646022 -0.320792735 -0.038757991
1413393907955760384.000000 -0.057709575 1.568053365 0.132996157 0.947294712 -0.024045764 -0.317143679 -0.038400225
1413393908005760512.000000 -0.105487570 1.549733162 0.107721642 0.948364496 -0.020397216 -0.314284891 -0.037601188
1413393908055760384.000000 -0.152266726 1.530726790 0.082068637 0.949120820 -0.015314154 -0.312338531 -0.037146311
1413393908105760512.000000 -0.200449571 1.502520442 0.056329682 0.948666573 -0.011459145 -0.313953608 -0.036519542
1413393908155760384.000000 -0.243896827 1.482634664 0.031777471 0.947010875 -0.008989363 -0.319065779 -0.035872191
1413393908205760512.000000 -0.283656955 1.462504864 0.006489515 0.945878088 -0.005883233 -0.322545350 -0.035278801
1413393908255760384.000000 -0.319947839 1.442317128 -0.019879252 0.945488751 -0.005168822 -0.323748648 -0.034802102
1413393908305760512.000000 -0.353285372 1.422257304 -0.046413541 0.946878612 -0.004483042 -0.319698393 -0.034551464
1413393908355760384.000000 -0.384793639 1.402183175 -0.073676139 0.949696839 -0.005931054 -0.311252981 -0.034094211
1413393908405760512.000000 -0.416789025 1.382227778 -0.100069344 0.950698018 -0.006665744 -0.308218420 -0.033621676
1413393908455760384.000000 -0.448876023 1.362402320 -0.125870228 0.950538695 -0.008279394 -0.308736086 -0.033011589
1413393908505760512.000000 -0.481050640 1.342400551 -0.151303589 0.949557662 -0.009385653 -0.311792314 -0.032214869
1413393908555760384.000000 -0.513145208 1.322137117 -0.176300228 0.948227048 -0.009174168 -0.315905809 -0.031383086
1413393908605760512.000000 -0.545007825 1.301785827 -0.200995088 0.946827531 -0.012436876 -0.320048600 -0.030527500
1413393908655760384.000000 -0.577071309 1.281103730 -0.225600660 0.944989145 -0.017919801 -0.325280696 -0.029443838
1413393908705760512.000000 -0.608919919 1.259819865 -0.250518978 0.943394244 -0.036274061 -0.328458548 -0.028399987
1413393908755760384.000000 -0.639724731 1.237073421 -0.276544750 0.942517400 -0.055855066 -0.328312755 -0.027423579
1413393908805760512.000000 -0.668152094 1.211588144 -0.303993285 0.943057239 -0.071535595 -0.323788434 -0.026207479
1413393908855760384.000000 -0.508726656 1.484726667 -0.612893105 0.945495129 -0.078077719 -0.315149546 -0.024975007
1413393908905760512.000000 0.169418484 1.332492828 -0.091059417 0.948764443 -0.071165241 -0.306917101 -0.024155950
1413393908955760384.000000 0.199411780 1.308229923 -0.114153326 0.950298071 -0.054433737 -0.305649370 -0.023435047
1413393909005760512.000000 0.233095035 1.281817794 -0.137399673 0.950180531 -0.038790192 -0.308449894 -0.022606859
1413393909055760384.000000 0.270422578 1.254192948 -0.161007702 0.949579835 -0.023162454 -0.311935663 -0.021397799
1413393909105760512.000000 0.310257435 1.226327062 -0.184114307 0.948553324 -0.011613871 -0.315770805 -0.020017322
1413393909155760384.000000 0.352206588 1.198933244 -0.207145423 0.947765768 -0.003244628 -0.318417698 -0.018432906
1413393909205760512.000000 0.394994378 1.172451496 -0.229940474 0.947339535 0.002010204 -0.319795191 -0.016579857
1413393909255760384.000000 0.437227428 1.147272468 -0.251621544 0.947708547 0.004743367 -0.318755567 -0.014864782
1413393909305760512.000000 0.478690177 1.123324513 -0.271958768 0.948080361 0.007896014 -0.317665309 -0.013041443
1413393909355760384.000000 0.518651485 1.100736260 -0.291615427 0.948226631 0.010324636 -0.317228466 -0.011218585
1413393909405760512.000000 0.557210028 1.079579234 -0.310055017 0.948136747 0.011574844 -0.317515045 -0.009330379
1413393909455760384.000000 0.594260216 1.060037017 -0.327124476 0.947863638 0.011657090 -0.318368495 -0.007763775
1413393909505760512.000000 0.630399168 1.042093396 -0.343008161 0.947690547 0.011010014 -0.318935484 -0.006457108
1413393909555760384.000000 0.664741397 1.025631785 -0.357305586 0.946630478 0.010625733 -0.322103411 -0.005225436
1413393909605760512.000000 0.697195888 1.010564566 -0.370118916 0.944451272 0.010502822 -0.328462958 -0.003678320
1413393909655760384.000000 0.727823138 0.996876240 -0.382228553 0.941033661 0.010678765 -0.338139564 -0.001816503
1413393909705760512.000000 0.757582784 0.984469831 -0.394523501 0.937169313 0.010918720 -0.348703682 0.000559880
1413393909755760384.000000 0.786441565 0.973609269 -0.407674313 0.932906687 0.011398671 -0.359923720 0.003195124
1413393909805760512.000000 0.814410269 0.964426041 -0.421930075 0.929568708 0.010907020 -0.368438095 0.006037164
1413393909855760384.000000 0.825737476 0.911302626 -0.437100291 0.925980806 0.012397469 -0.377223700 0.010404763
1413393909905760512.000000 0.850708723 0.905006051 -0.455116272 0.922925413 0.012377757 -0.384543985 0.013469773
1413393909955760384.000000 0.874255955 0.900301933 -0.475331545 0.920625746 0.012542321 -0.389903516 0.016317161
1413393910005760512.000000 1.151261568 0.852254331 -0.063398957 0.918507397 0.012819793 -0.394736439 0.019052349
1413393910055760384.000000 1.181626201 0.851278126 -0.070968270 0.916292965 0.012711452 -0.399732471 0.021438541
1413393910105760512.000000 1.214674711 0.852281809 -0.083042443 0.914588332 0.010548769 -0.403528541 0.024118723
1413393910155760384.000000 1.250852823 0.854893386 -0.100265026 0.912635207 0.007622999 -0.407823145 0.026819320
1413393910205760512.000000 1.290642500 0.858888328 -0.123685420 0.911516011 0.005964953 -0.410201609 0.028942797
1413393910255760384.000000 1.333974838 0.864044309 -0.152993858 0.910022140 0.005201576 -0.413386226 0.030732509
1413393910305760512.000000 1.380221367 0.870254457 -0.188366652 0.908692777 0.003499907 -0.416168153 0.032700460
1413393910355760384.000000 0.822731495 1.609435916 -0.185596466 0.905784190 -0.000489126 -0.422342539 0.034375507
1413393910405760512.000000 0.861036956 1.659773469 -0.207209170 0.902425826 -0.008980670 -0.429235607 0.036108464
1413393910455760384.000000 0.901643753 1.711850524 -0.233087301 -0.900227189 0.019455953 0.433391541 -0.037206270
1413393910505760512.000000 0.942362666 1.765017033 -0.263333023 -0.898168683 0.027357789 0.437229156 -0.037086576
1413393910555760384.000000 0.981218815 1.818759680 -0.297297806 -0.897120714 0.033206306 0.439058095 -0.036052346
1413393910605760512.000000 1.018361568 1.872822881 -0.334241658 -0.898309886 0.035924751 0.436579704 -0.033869088
1413393910655760384.000000 1.053291798 1.927242160 -0.374085158 -0.901200414 0.036650665 0.430742115 -0.030918431
1413393910705760512.000000 1.085491657 1.982039690 -0.415878862 -0.904703081 0.040026858 0.423245996 -0.027806519
1413393910755760384.000000 1.115522742 2.037233353 -0.459482968 -0.908950210 0.041606270 0.414121687 -0.024119247
1413393910805760512.000000 1.142781854 2.092718124 -0.504472494 -0.912682414 0.040421117 0.406187505 -0.019713867
1413393910855760384.000000 1.167941093 2.148827791 -0.550407469 0.916189075 -0.038041294 -0.398673803 0.014479814
1413393910905760512.000000 1.191826224 2.205486298 -0.597087979 0.920166254 -0.034947533 -0.389864385 0.008870128
1413393910955760384.000000 1.214812636 2.262827396 -0.644047201 0.925598383 -0.030504134 -0.377265692 0.002806526
1413393911005760512.000000 1.236637592 2.321246147 -0.690856457 0.930442095 -0.027380176 -0.365396351 -0.003660496
1413393911055760384.000000 1.257297397 2.381019831 -0.736335576 0.934409797 -0.024689229 -0.355183899 -0.010640258
1413393911105760512.000000 1.278229475 2.442093372 -0.780431867 0.937473297 -0.023770148 -0.346807390 -0.017419821
1413393911155760384.000000 1.300029635 2.504384279 -0.822917640 0.939237475 -0.023022817 -0.341669470 -0.023769207
1413393911205760512.000000 0.875952780 2.872706413 -0.426144481 0.941583753 -0.019573664 -0.335073292 -0.027619371
1413393911255760384.000000 0.882523656 2.985306740 -0.422144085 0.942361534 -0.017127406 -0.332470685 -0.033536844
1413393911305760512.000000 0.885728478 3.064577579 -0.417031169 0.943515360 -0.015932564 -0.328889579 -0.036832243
1413393911355760384.000000 0.891462743 3.145586729 -0.409379810 0.946666718 -0.013036114 -0.319587827 -0.038934249
1413393915005760512.000000 -0.285221040 0.918719947 -1.735264540 0.686561286 -0.032335315 -0.251404494 0.681457222
1413393915055760384.000000 -0.299741060 0.920096695 -1.744235873 0.677260756 -0.026929203 -0.257811606 0.688567996
1413393915105760512.000000 -0.284939349 0.893114507 -1.731463671 0.670911551 -0.025858719 -0.263349563 0.692716420
1413393915155760384.000000 -0.274580687 0.866229951 -1.717858076 0.665687144 -0.024276759 -0.267684162 0.696144044
1413393915205760512.000000 -0.260688961 0.836878359 -1.702622175 0.662378013 -0.024486138 -0.269982904 0.698401749
1413393915255760384.000000 -0.176613182 0.714698792 -1.632980824 0.662051141 -0.026641347 -0.273677826 0.697193742
1413393915305760512.000000 -0.241686583 0.783912957 -1.686947823 0.658113658 -0.019488603 -0.272128791 0.701749623
1413393915355760384.000000 -0.210662007 0.730414867 -1.659317374 0.660989344 -0.015601655 -0.271567374 0.699357450
1413393915405760512.000000 -0.201103806 0.700157046 -1.646238565 0.664897442 -0.005731855 -0.272893310 0.695275366
1413393915455760384.000000 -0.144278020 0.588268399 -1.588767052 0.671387851 0.005270498 -0.278348476 0.686828017
1413393915505760512.000000 -0.108505398 0.476246715 -1.537699461 0.678265512 0.016983649 -0.281084150 0.678718746
1413393915555760384.000000 -0.102576002 0.443874002 -1.532944798 0.682368398 0.024743052 -0.281879604 0.674021542
1413393915605760512.000000 -0.095557489 0.413041472 -1.524881005 0.688069046 0.028262734 -0.279609770 0.669014633
1413393915655760384.000000 -0.093728773 0.380166054 -1.517703772 0.693057775 0.029225877 -0.277025491 0.664886236
1413393915705760512.000000 -0.090200514 0.348708391 -1.513254046 0.696673036 0.030608259 -0.276147991 0.661401629
1413393915755760384.000000 -0.060812898 0.230845928 -1.482139230 0.701441169 0.030889897 -0.276903629 0.656011045
1413393915805760512.000000 -0.055457577 0.198013663 -1.480002403 0.703379571 0.033725034 -0.278814167 0.652979732
1413393915855760384.000000 -0.052381705 0.165914536 -1.474963903 0.705174744 0.035068557 -0.280768514 0.650129080
1413393915905760512.000000 -0.051139295 0.139551282 -1.474708796 0.706256092 0.035895579 -0.282259285 0.648261905
1413393915955760384.000000 -0.048931561 0.113209844 -1.479705215 0.706834137 0.039353400 -0.283712029 0.646795452
1413393916005760512.000000 -0.028843075 0.008587241 -1.471727133 0.708956659 0.041771520 -0.285292268 0.643617809
1413393916055760384.000000 -0.024022892 -0.020730138 -1.472824693 0.710292280 0.044150818 -0.285709471 0.641798854
1413393916105760512.000000 -0.022474200 -0.053062081 -1.476311684 0.711022437 0.048330136 -0.286228597 0.640456557
1413393916155760384.000000 -0.023342326 -0.076182008 -1.480722785 0.712028801 0.053141963 -0.284705400 0.639635682
1413393916205760512.000000 -0.023183763 -0.100326777 -1.492455006 0.711063445 0.057036359 -0.282616794 0.641298294
1413393916255760384.000000 -0.010332167 -0.184769273 -1.519054532 0.710898936 0.052740090 -0.277219087 0.644197822
1413393916305760512.000000 -0.014357328 -0.211924434 -1.525998235 0.710117579 0.047610428 -0.269552171 0.648697197
1413393916355760384.000000 -0.012357414 -0.230419874 -1.540675282 0.705881715 0.040610641 -0.264052093 0.656016946
1413393916405760512.000000 -0.013500258 -0.251580477 -1.549906015 0.700456619 0.033427026 -0.259022266 0.664191782
1413393916455760384.000000 -0.014120713 -0.270320296 -1.565725923 0.692224741 0.028950410 -0.255487800 0.674323916
1413393916505760512.000000 -0.001242176 -0.349513769 -1.613555551 0.682654798 0.021454010 -0.250940502 0.685967207
1413393916555760384.000000 -0.001972049 -0.366219521 -1.624508739 0.671755731 0.018731564 -0.246939689 0.698150635
1413393916605760512.000000 0.000460207 -0.379803181 -1.634451628 0.658813238 0.014036508 -0.244951636 0.711172819
1413393916655760384.000000 0.000513211 -0.396229386 -1.646314740 0.644326925 0.009541478 -0.242554173 0.725202978
1413393916705760512.000000 -0.001991987 -0.414139271 -1.659175396 0.627352715 0.004925840 -0.241350040 0.740374565
1413393916755760384.000000 0.018695548 -0.486476541 -1.726554394 0.607376754 -0.001706459 -0.239035755 0.757596552
1413393916805760512.000000 0.019269515 -0.501267910 -1.735775828 0.592261851 -0.003435974 -0.232259095 0.771537304
1413393916855760384.000000 0.020622872 -0.513702393 -1.746945024 0.575757086 -0.001630381 -0.224305943 0.786249340
1413393916905760512.000000 0.026918299 -0.527755022 -1.761377096 0.560218990 -0.002342109 -0.214617789 0.800055265
1413393916955760384.000000 0.024224497 -0.542424202 -1.773730636 0.544838786 -0.001988299 -0.201494768 0.813969731
1413393917005760512.000000 0.035447706 -0.612849951 -1.844457269 0.525495410 -0.003360427 -0.186454102 0.830107391
1413393917055760384.000000 0.039994422 -0.638097048 -1.867628098 0.510029852 -0.004380609 -0.169561610 0.843267024
1413393917105760512.000000 0.044573128 -0.658381581 -1.890679598 -0.493885696 0.004777804 0.154192224 -0.855733037
1413393917155760384.000000 0.050881743 -0.685765803 -1.911069512 0.476524770 -0.003935408 -0.140857533 0.867794812
1413393917205760512.000000 0.057700600 -0.707804441 -1.930960178 0.458642453 -0.003818738 -0.128912628 0.879212260
1413393917255760384.000000 0.064324081 -0.727827728 -1.949461222 0.440986872 -0.006911267 -0.117776431 0.889725626
1413393917305760512.000000 0.071552083 -0.745809555 -1.966416717 0.421475530 -0.011384732 -0.111059561 0.899941444
1413393917355760384.000000 0.081054814 -0.764896035 -1.985135317 0.401188552 -0.016644800 -0.104988061 0.909806728
1413393917405760512.000000 0.086851701 -0.775941074 -1.998310566 -0.380987227 0.021430936 0.096227519 -0.919309437
1413393917455760384.000000 0.093480311 -0.793947279 -2.008720636 0.359079570 -0.025551943 -0.088943392 0.928707719
1413393917505760512.000000 0.096331164 -0.801961660 -2.016520262 -0.336558342 0.028689671 0.081955254 -0.937650621
1413393917555760384.000000 0.099489465 -0.819636703 -2.018561840 0.313119024 -0.033166219 -0.073536843 0.946281552
1413393917605760512.000000 0.099116229 -0.823514462 -2.020667076 0.288038462 -0.035303663 -0.068596199 0.954506278
1413393917655760384.000000 0.099706411 -0.834090829 -2.018565416 0.261860788 -0.036732018 -0.065195560 0.962200165
1413393917705760512.000000 0.094262689 -0.828342676 -2.011692047 0.235552087 -0.034097195 -0.062028337 0.969280720
1413393917755760384.000000 0.091176540 -0.829413593 -2.005656958 0.209104583 -0.028561331 -0.057744015 0.975768983
1413393917805760512.000000 0.090909638 -0.835982442 -1.996463060 0.183086470 -0.019072961 -0.053044889 0.981479406
1413393917855760384.000000 0.089693166 -0.836231709 -1.987290859 -0.158261150 0.009981827 0.044468116 -0.986344934
1413393917905760512.000000 0.094597980 -0.852269292 -1.977695465 -0.134156540 0.004336271 0.033213656 -0.990393937
1413393917955760384.000000 0.093903288 -0.850012958 -1.967245579 -0.111264490 0.001547866 0.021498026 -0.993557096
1413393918005760512.000000 0.093243219 -0.842631340 -1.953988194 -0.089715123 -0.001858924 0.008362459 -0.995930672
1413393918055760384.000000 0.094130009 -0.837090135 -1.943430305 -0.068023264 -0.003129793 -0.004370925 -0.997669280
1413393918105760512.000000 0.102117330 -0.848678768 -1.930199623 -0.045841664 -0.002873224 -0.016339291 -0.998811007
1413393918155760384.000000 0.103566393 -0.840008855 -1.919391632 -0.024538457 -0.001767370 -0.027819904 -0.999310195
1413393918205760512.000000 0.108767092 -0.828167021 -1.903340816 -0.004944143 -0.000352681 -0.042192902 -0.999097228
1413393918255760384.000000 0.110529982 -0.820395410 -1.895748854 0.016466666 0.000860143 -0.051773518 -0.998522758
1413393918305760512.000000 0.114727721 -0.806984603 -1.882714510 0.037202831 0.002006663 -0.063462853 -0.997288525
1413393918355760384.000000 0.122152463 -0.796586752 -1.870253921 0.058411017 0.002370395 -0.073788285 -0.995559096
1413393918405760512.000000 0.127712429 -0.777307868 -1.856704473 0.079915956 0.002995764 -0.083325379 -0.993308306
1413393918455760384.000000 0.133602560 -0.754884124 -1.843103528 0.102266312 0.003870116 -0.092236154 -0.990464091
1413393918505760512.000000 0.145009309 -0.740627170 -1.830548048 0.125200570 0.004119752 -0.101678617 -0.986898839
1413393918555760384.000000 0.152545258 -0.712042689 -1.816339731 0.148134440 0.004470055 -0.112012066 -0.982593298
1413393918605760512.000000 0.164740935 -0.688474953 -1.803333640 0.172768936 0.001577692 -0.120961212 -0.977505445
1413393918655760384.000000 0.173921824 -0.654076576 -1.788939476 0.198714510 -0.003547709 -0.127862126 -0.971674442
1413393918705760512.000000 0.186566070 -0.624473512 -1.776550055 0.224226877 -0.010501320 -0.137677327 -0.964705706
1413393918755760384.000000 0.195498288 -0.584829211 -1.763084173 0.249713838 -0.015707860 -0.150344595 -0.956448019
1413393918805760512.000000 0.206855685 -0.550459743 -1.752561808 0.275763661 -0.023907693 -0.163750663 -0.946873128
1413393918855760384.000000 0.215774387 -0.504540980 -1.741057038 0.301820099 -0.034277841 -0.179061890 -0.935770571
1413393918905760512.000000 0.226189584 -0.465776145 -1.734479904 0.331574559 -0.046512306 -0.187367350 -0.923465490
1413393918955760384.000000 0.233977526 -0.414946675 -1.727960825 0.362504810 -0.056918517 -0.192430943 -0.910121441
1413393919005760512.000000 0.242034763 -0.373510569 -1.726769447 0.394289076 -0.065055832 -0.194409877 -0.895828545
1413393919055760384.000000 0.248323828 -0.320110679 -1.727005124 0.425732285 -0.071724102 -0.197058380 -0.880213439
1413393919105760512.000000 0.254208386 -0.278458148 -1.731170416 0.456054151 -0.076465078 -0.199046001 -0.864030361
1413393919155760384.000000 0.258274376 -0.224697649 -1.736948967 0.484249115 -0.080463521 -0.204129368 -0.846970856
1413393919205760512.000000 0.261710525 -0.185670733 -1.746735215 0.511332989 -0.087182127 -0.208154157 -0.829222381
1413393919255760384.000000 0.264379412 -0.133780420 -1.759156942 0.537075281 -0.094187900 -0.212007046 -0.811006725
1413393919305760512.000000 0.265231013 -0.098993540 -1.773985982 0.561918080 -0.104968637 -0.214198858 -0.792053342
1413393919355760384.000000 0.263929844 -0.052453518 -1.792540669 -0.584156632 0.115713499 0.216988236 0.773490548
1413393919405760512.000000 0.258303285 -0.023765683 -1.809757710 0.603313982 -0.127310693 -0.221137613 -0.755580842
1413393919455760384.000000 0.249155521 0.016656995 -1.832031131 0.618266046 -0.134800285 -0.229704499 -0.739467323
1413393919505760512.000000 0.235808998 0.038950324 -1.852063656 0.631468058 -0.137930542 -0.238778234 -0.724712551
1413393919555760384.000000 0.220060855 0.072672725 -1.880236506 0.642979920 -0.139759257 -0.248794913 -0.710735738
1413393919605760512.000000 0.199180633 0.087903619 -1.904417157 0.654064775 -0.139560848 -0.257167548 -0.697557807
1413393919655760384.000000 0.176312923 0.113793492 -1.938297510 0.665263534 -0.138688743 -0.261331707 -0.685489357
1413393919705760512.000000 0.149055719 0.124772191 -1.967496514 0.675581694 -0.137681842 -0.261525124 -0.675453722
1413393919755760384.000000 0.121641755 0.143219829 -2.007305384 0.686919630 -0.133566827 -0.254336864 -0.667543411
1413393919805760512.000000 0.092190444 0.148272276 -2.040157080 0.698205590 -0.127846703 -0.242344230 -0.661387563
1413393919855760384.000000 0.059679866 0.156526804 -2.082186699 0.708525002 -0.119813755 -0.228766322 -0.656736732
1413393919905760512.000000 0.025849015 0.156920195 -2.116583109 0.716529667 -0.110351048 -0.217071757 -0.653672516
1413393919955760384.000000 -0.012769908 0.156393528 -2.158219576 0.721895158 -0.099469803 -0.209387556 -0.652019918
1413393920005760512.000000 -0.052959055 0.149482012 -2.190179110 0.724485517 -0.088907056 -0.206746235 -0.651515365
1413393920055760384.000000 -0.096233457 0.141351223 -2.228594065 0.725071669 -0.080611199 -0.206538603 -0.652008235
1413393920105760512.000000 -0.143231079 0.127856493 -2.260746241 0.724825263 -0.074664161 -0.206590697 -0.652973175
1413393920155760384.000000 -0.189699724 0.112772226 -2.295395374 0.723832786 -0.068675235 -0.207674593 -0.654386044
1413393920205760512.000000 -0.237112075 0.094164848 -2.323245049 0.722509146 -0.064926893 -0.208950609 -0.655823708
1413393920255760384.000000 -0.285377175 0.073284864 -2.354840279 0.721359432 -0.061817609 -0.209605590 -0.657179356
1413393920305760512.000000 -0.332597017 0.048971415 -2.380522966 0.719626606 -0.059488032 -0.210950851 -0.658861578
1413393920355760384.000000 -0.379161388 0.022218227 -2.409407854 0.718190491 -0.055738024 -0.212032601 -0.660407364
1413393920405760512.000000 -0.424892753 -0.007288933 -2.434187174 0.715673625 -0.049582388 -0.216831505 -0.662070274
1413393920455760384.000000 -0.469416380 -0.038408279 -2.460896969 0.712243855 -0.042120244 -0.224174291 -0.663837790
1413393920505760512.000000 -0.512448609 -0.071175098 -2.486881256 0.709153831 -0.034184944 -0.230172232 -0.665547252
1413393920555760384.000000 -0.553954840 -0.104595900 -2.512706757 0.706461787 -0.028524024 -0.235047236 -0.666971445
1413393920605760512.000000 -0.595061183 -0.138883591 -2.533947945 0.704325199 -0.023624711 -0.236797020 -0.668801188
1413393920655760384.000000 -0.632536888 -0.171639681 -2.556791544 -0.702598155 0.019794442 0.238375172 0.670180082
1413393920705760512.000000 -0.671695113 -0.207771063 -2.580384254 0.701438725 -0.016943956 -0.238687620 -0.671360433
1413393920755760384.000000 -0.706925273 -0.239911318 -2.601709366 0.700620413 -0.015369358 -0.237537667 -0.672659457
1413393920805760512.000000 -0.745399594 -0.272541761 -2.623099089 0.699350536 -0.014234071 -0.238105476 -0.673804224
1413393920855760384.000000 -0.779492438 -0.304085732 -2.642731667 -0.699130118 0.011607879 0.236813337 0.674538255
1413393920905760512.000000 -0.816417038 -0.337692976 -2.661854744 0.697906733 -0.005802328 -0.238454863 -0.675301254
1413393920955760384.000000 -0.849546969 -0.368255615 -2.679109335 0.696160078 0.000641962 -0.241113201 -0.676184356
1413393921005760512.000000 -0.885742247 -0.400677919 -2.696021318 0.693927467 0.009007029 -0.247133449 -0.676245987
1413393921055760384.000000 -0.918394327 -0.428983212 -2.710925579 0.691020548 0.018715721 -0.253467172 -0.676679254
1413393921105760512.000000 -0.952440619 -0.458305836 -2.725305796 0.688154340 0.027137864 -0.259429127 -0.677055120
1413393921155760384.000000 -0.982140839 -0.481898069 -2.738379478 0.686404526 0.032902487 -0.263597727 -0.676965773
1413393921205760512.000000 -1.012170434 -0.505783319 -2.751016140 0.685406923 0.039026182 -0.265315056 -0.676980317
1413393921255760384.000000 -1.038461447 -0.523599625 -2.762019634 0.684499204 0.042629451 -0.266745299 -0.677119315
1413393921305760512.000000 -1.064810634 -0.540287018 -2.772197485 0.684303701 0.044330828 -0.267678916 -0.676839173
1413393921355760384.000000 -1.087798834 -0.551339626 -2.780366182 0.683279991 0.044209491 -0.269941151 -0.676982939
1413393921405760512.000000 -1.108454943 -0.559023142 -2.787898540 -0.683395445 -0.041149024 0.269979298 0.677044094
1413393921455760384.000000 -1.126754403 -0.562986374 -2.794617653 -0.685077310 -0.034039091 0.266961515 0.676935792
1413393921505760512.000000 -1.143214703 -0.563879490 -2.800351143 -0.687349081 -0.025460526 0.260833263 0.677398801
1413393921555760384.000000 -1.162846804 -0.565823317 -2.807444811 0.690137386 0.014978268 -0.253534734 -0.677647531
1413393921605760512.000000 -1.177923441 -0.562675238 -2.811298609 0.693359375 0.007732862 -0.246442243 -0.677096128
1413393921655760384.000000 -1.193381786 -0.558933496 -2.813880682 -0.694972217 -0.001792049 0.242741078 0.676821411
1413393921705760512.000000 -1.214112997 -0.555316448 -2.814906836 0.696664333 -0.001851253 -0.239621580 -0.676192999
1413393921755760384.000000 -1.234823108 -0.551074743 -2.813086748 0.698109925 -0.005047866 -0.237644359 -0.675383091
1413393921805760512.000000 -1.258128285 -0.547127724 -2.809592247 -0.699528396 0.007946836 0.234766006 0.674893916
1413393921855760384.000000 -1.282498360 -0.542769670 -2.804380894 0.701311648 -0.011344309 -0.231065854 -0.674271405
1413393921905760512.000000 -1.310219765 -0.537364244 -2.798237324 0.703829169 -0.017875079 -0.225325510 -0.673448980
1413393921955760384.000000 -1.335163832 -0.533427238 -2.790451050 0.706656635 -0.023949534 -0.218571931 -0.672524512
1413393922005760512.000000 -1.359631777 -0.530688524 -2.781728745 0.708306968 -0.028506445 -0.215031222 -0.671751678
1413393922055760384.000000 -1.384722829 -0.529250622 -2.771709681 0.708484590 -0.026677921 -0.217021480 -0.670998991
1413393922105760512.000000 -1.412143826 -0.527065754 -2.760435343 0.707978189 -0.023012225 -0.220937818 -0.670390904
1413393922155760384.000000 -1.437070251 -0.527722836 -2.748132229 0.706421435 -0.015705507 -0.228054658 -0.669860601
1413393922205760512.000000 -1.464789629 -0.528212786 -2.733703613 0.702972174 -0.004131373 -0.240807936 -0.669197023
1413393922255760384.000000 -1.490034819 -0.529527664 -2.719359636 0.699980617 0.007158031 -0.252049863 -0.668166757
1413393922305760512.000000 -1.514806271 -0.529617071 -2.704328537 0.696100771 0.017472720 -0.264576137 -0.667186618
1413393922355760384.000000 -1.538967490 -0.527971029 -2.688594341 0.692490637 0.026711894 -0.275883675 -0.666056693
1413393922405760512.000000 -1.561546206 -0.523028851 -2.672463417 0.689699113 0.033677649 -0.284964561 -0.664812922
1413393922455760384.000000 -1.582633972 -0.514885902 -2.656868696 0.686914980 0.033336669 -0.294404268 -0.663598239
1413393922505760512.000000 -1.602028489 -0.502436876 -2.641048431 0.685289443 0.026454126 -0.300732076 -0.662750959
1413393922555760384.000000 -1.619978905 -0.485865593 -2.627123356 -0.685316265 -0.014264120 0.303504348 0.661833405
1413393922605760512.000000 -1.636208296 -0.465863705 -2.613486290 0.685963154 -0.000625200 -0.303816229 -0.661173105
1413393922655760384.000000 -1.652806997 -0.442687273 -2.602572918 0.686174273 -0.012930717 -0.304127246 -0.660684764
1413393922705760512.000000 -1.669248223 -0.416444540 -2.593674898 -0.687115133 0.022658410 0.302350819 0.660260201
1413393922755760384.000000 -1.685008287 -0.389869690 -2.585137129 0.686916709 -0.027880039 -0.301604211 -0.660608113
1413393922805760512.000000 -1.702044368 -0.360098600 -2.580807924 0.686919510 -0.028529007 -0.300724685 -0.660978377
1413393922855760384.000000 -1.718468428 -0.330111980 -2.577690125 0.687106252 -0.022319639 -0.300023228 -0.661341786
1413393922905760512.000000 -1.734434843 -0.297142744 -2.578691959 0.686854720 -0.013867128 -0.300238520 -0.661736608
1413393922955760384.000000 -1.748126030 -0.262666464 -2.581915855 -0.687508583 0.002567017 0.298571020 0.661952198
1413393923005760512.000000 -1.757976413 -0.227344990 -2.586854458 0.688973248 0.011426538 -0.295156926 -0.661866844
1413393923055760384.000000 -1.765417695 -0.188030720 -2.594953775 0.690438390 0.023267910 -0.291679561 -0.661571264
1413393923105760512.000000 -1.769522905 -0.146391153 -2.603348255 0.691687405 0.030984271 -0.289576411 -0.660873771
1413393923155760384.000000 -1.770985842 -0.100043774 -2.613238335 0.692380905 0.037628245 -0.288689703 -0.660190165
1413393923205760512.000000 -1.769137263 -0.050934315 -2.623011351 0.693159580 0.040812399 -0.287570775 -0.659672141
1413393923255760384.000000 -1.765227079 0.002972126 -2.633351088 0.694418430 0.040422354 -0.285897911 -0.659098983
1413393923305760512.000000 -1.761339307 0.058825493 -2.642398357 0.694807172 0.033327002 -0.286553234 -0.658801675
1413393923355760384.000000 -1.755656719 0.119709253 -2.651378632 0.693459034 0.019372461 -0.289527029 -0.659479678
1413393923405760512.000000 -1.751299262 0.181853294 -2.659629822 0.689221442 0.002795448 -0.295095682 -0.661728501
1413393923455760384.000000 -1.744694948 0.247497559 -2.668800354 0.682930350 -0.013686179 -0.298111916 -0.666744471
1413393923505760512.000000 -1.740034580 0.313378572 -2.678787231 0.675325274 -0.028774474 -0.297849804 -0.674087048
1413393923555760384.000000 -1.733321071 0.381887674 -2.691426039 0.666365206 -0.041017827 -0.293989390 -0.683992088
1413393923605760512.000000 -1.727093935 0.450929642 -2.705891132 0.654838204 -0.048554458 -0.288827509 -0.696712434
1413393923655760384.000000 -1.724688649 0.517436028 -2.721500635 0.643675268 -0.048193917 -0.278278947 -0.711280823
1413393923705760512.000000 -1.719144464 0.586720943 -2.740850925 0.631640851 -0.043514594 -0.265094966 -0.727228343
1413393923755760384.000000 -1.714943409 0.655578852 -2.761348963 -0.617803991 0.033047955 0.252324104 0.744015276
1413393923805760512.000000 -1.714854836 0.722728968 -2.781260014 0.602146924 -0.023082474 -0.241545498 -0.760619581
1413393923855760384.000000 -1.712282658 0.791774273 -2.803711653 0.585599959 -0.015155589 -0.231396124 -0.776723206
1413393923905760512.000000 -1.711328626 0.859472036 -2.825470686 0.568536639 -0.008404078 -0.221614510 -0.792201102
1413393923955760384.000000 -1.709200025 0.927617073 -2.848909855 0.550611615 -0.003804764 -0.214006186 -0.806854188
1413393924005760512.000000 -1.708378077 0.995990515 -2.870469332 0.532584786 0.001419335 -0.207716018 -0.820491076
1413393924055760384.000000 -1.706843853 1.065158606 -2.893855810 -0.515559375 -0.006122048 0.201336950 0.832841277
1413393924105760512.000000 -1.705757022 1.134649038 -2.914545774 0.499799311 0.012923882 -0.192163393 -0.844456553
1413393924155760384.000000 -1.703419685 1.205912352 -2.936703920 0.486644804 0.020647468 -0.178111255 -0.855001092
1413393924205760512.000000 -1.700130701 1.277773976 -2.958320618 0.475383908 0.028048430 -0.159347340 -0.864772737
1413393924255760384.000000 -1.694880843 1.348528624 -2.972717285 0.465448588 0.034657106 -0.136481270 -0.873801708
1413393924305760512.000000 -1.689261317 1.419673681 -2.989698172 0.456406355 0.040779576 -0.115586564 -0.881288886
1413393924355760384.000000 -1.681719303 1.489168167 -2.999503613 0.448710322 0.047153629 -0.095488928 -0.887309074
1413393924405760512.000000 -1.673037529 1.557466388 -3.009977102 0.442826301 0.052698147 -0.076032773 -0.891822219
1413393924455760384.000000 -1.661144495 1.623133063 -3.011669636 0.439040780 0.058912974 -0.057685766 -0.894675851
1413393924505760512.000000 -1.646953225 1.686118960 -3.013069153 0.435980171 0.062547922 -0.042201001 -0.896787643
1413393924555760384.000000 -1.629236341 1.744494319 -3.004877806 0.433540493 0.064309575 -0.028837848 -0.898373723
1413393924605760512.000000 -1.608741045 1.799247742 -2.996058226 0.432763934 0.061699804 -0.015098626 -0.899266660
1413393924655760384.000000 -1.584149003 1.847194195 -2.977473021 0.433020771 0.057470888 -0.002085631 -0.899547577
1413393924705760512.000000 -1.554890871 1.889233470 -2.957335949 0.434202313 0.051350486 0.010657769 -0.899287522
1413393924755760384.000000 -1.519934416 1.924239993 -2.928022623 0.435957342 0.044362277 0.019800356 -0.898655236
1413393924805760512.000000 -1.478950143 1.950877905 -2.896863222 0.438535333 0.040000070 0.023986777 -0.897502840
1413393924855760384.000000 -1.430554986 1.969357252 -2.859567881 0.438856930 0.034546889 0.015699223 -0.897755384
1413393924905760512.000000 -1.381794572 1.982586384 -2.814872265 0.437029570 0.029355096 -0.002044122 -0.898965657
1413393924955760384.000000 -1.322864175 1.986930013 -2.767778873 0.431588084 0.025113910 -0.029582696 -0.901235759
1413393925005760512.000000 -1.260921001 1.986129284 -2.717232227 0.424256742 0.019911511 -0.055692401 -0.903608382
1413393925055760384.000000 -1.191361308 1.979170799 -2.664700508 0.416060448 0.015773343 -0.078834869 -0.905775905
1413393925105760512.000000 -1.118220091 1.969320774 -2.610030651 0.406456828 0.012119498 -0.099092983 -0.908199608
1413393925155760384.000000 -1.047650576 1.960734606 -2.554248095 0.394357651 0.009460325 -0.118488982 -0.911237061
1413393925205760512.000000 -0.970213294 1.948843002 -2.495759010 0.378936946 0.007980632 -0.138617441 -0.914947152
1413393925255760384.000000 -0.892695427 1.937413573 -2.436019421 0.362098247 0.008457459 -0.155015841 -0.919121027
1413393925305760512.000000 -0.821073949 1.931043625 -2.378144026 0.345560551 0.008775881 -0.166319668 -0.923498034
1413393925355760384.000000 -0.742182732 1.924208164 -2.318485498 0.332207322 0.010514953 -0.169501424 -0.927791476
1413393925405760512.000000 -0.667870343 1.923260212 -2.261130571 0.323325694 0.011358607 -0.164728850 -0.931770325
1413393925455760384.000000 -0.588810146 1.922649503 -2.203371048 0.316324741 0.009346238 -0.159083471 -0.935170472
1413393925505760512.000000 -0.513692200 1.927861929 -2.146419048 0.311541617 0.006732570 -0.151224941 -0.938097835
1413393925555760384.000000 -0.436122060 1.932382345 -2.089395285 0.306997836 0.004717425 -0.145589665 -0.940496624
1413393925605760512.000000 -0.360231042 1.940093756 -2.031262398 0.302561074 0.001998383 -0.142898276 -0.942355037
1413393925655760384.000000 -0.292785138 1.952989817 -1.972221732 0.299160808 -0.000044169 -0.139501378 -0.943950295
1413393925705760512.000000 -0.226236835 1.964352369 -1.910436749 0.296761602 -0.000494370 -0.135874912 -0.945235610
1413393925755760384.000000 -0.166781664 1.978383780 -1.845766187 0.295519441 -0.001822668 -0.131879851 -0.946188509
1413393925805760512.000000 -0.073680714 2.115234375 -1.833431244 -0.283214390 0.000453416 0.138652265 0.948981047
1413393925855760384.000000 -0.028353170 2.130329132 -1.763835430 -0.282994121 0.003528632 0.135577068 0.949484468
1413393925905760512.000000 -0.038813598 2.028031826 -1.640212536 0.294719130 -0.011780127 -0.120851636 -0.947837949
1413393925955760384.000000 -0.003666379 2.045995712 -1.567542672 0.294987351 -0.019199399 -0.117501616 -0.948054433
1413393926005760512.000000 0.023166735 2.064507723 -1.495548964 0.296010107 -0.027846297 -0.113802984 -0.947972357
1413393926055760384.000000 0.051227540 2.083368063 -1.421771884 0.296443880 -0.039732572 -0.111812770 -0.947649956
1413393926105760512.000000 0.074549451 2.101521254 -1.351665854 0.296484709 -0.051136386 -0.110734813 -0.947216868
1413393926155760384.000000 0.100086831 2.119722843 -1.281489015 0.296281844 -0.058617521 -0.111080982 -0.946806312
1413393926205760512.000000 0.122201115 2.137071609 -1.216281295 0.295835227 -0.062668107 -0.113044120 -0.946454108
1413393926255760384.000000 0.146281794 2.154714108 -1.151406407 0.295637369 -0.063379541 -0.115475081 -0.946175039
1413393926305760512.000000 0.167564452 2.170369625 -1.089970946 -0.295722812 0.061538078 0.119160339 0.945812881
1413393926355760384.000000 0.190834373 2.187577963 -1.030304909 -0.295076549 0.056062933 0.122930147 0.945872605
1413393926405760512.000000 0.212252721 2.202946901 -0.975614130 -0.293646008 0.049238279 0.124341391 0.946513057
1413393926455760384.000000 0.235801786 2.220427275 -0.921070755 -0.291611761 0.046908770 0.123265564 0.947400570
1413393926505760512.000000 0.258125722 2.237395763 -0.868675232 -0.288853586 0.048789240 0.120460175 0.948510706
1413393926555760384.000000 0.276807606 2.252816677 -0.818774402 -0.285740137 0.051943574 0.114739902 0.949994385
1413393926605760512.000000 0.290971935 2.270291090 -0.766339600 -0.281559855 0.055673014 0.108125590 0.951805353
1413393926655760384.000000 0.301099688 2.286607981 -0.714609146 -0.275815874 0.057610441 0.102032669 0.954041958
1413393926705760512.000000 0.310411245 2.303601265 -0.664143503 -0.269214630 0.057536054 0.094661333 0.956688225
1413393926755760384.000000 0.321906000 2.318039179 -0.618413746 -0.260465026 0.056413613 0.090008654 0.959621787
1413393926805760512.000000 0.334217578 2.333021641 -0.573840678 -0.250926793 0.054294467 0.085886016 0.962658584
1413393926855760384.000000 0.346791655 2.342889071 -0.538426697 -0.240103200 0.050800297 0.081695817 0.965968788
1413393926905760512.000000 0.364420921 2.356374741 -0.500079572 -0.228349179 0.044046942 0.079041898 0.969365239
1413393926955760384.000000 0.386754453 2.367718458 -0.466560751 -0.215899691 0.036944568 0.077977456 0.972595513
1413393927005760512.000000 0.409422010 2.379765987 -0.434664547 -0.204413846 0.027406797 0.077169321 0.975453138
1413393927055760384.000000 0.436552882 2.389455795 -0.409199327 -0.193260819 0.017801279 0.079654366 0.977746725
1413393927105760512.000000 0.464787453 2.402606010 -0.380716085 -0.183193356 0.011024042 0.083207436 0.979487300
1413393927155760384.000000 0.494799167 2.416739464 -0.352701962 -0.173319131 0.006660486 0.089226246 0.980792999
1413393927205760512.000000 0.528193057 2.430240154 -0.330030113 -0.165155381 0.004549870 0.094687581 0.981701195
1413393927255760384.000000 0.558030546 2.448195457 -0.302546084 -0.157368839 0.000052675 0.101371318 0.982323229
1413393927305760512.000000 0.588934541 2.468573570 -0.275732428 -0.150799230 -0.007530991 0.104743831 0.982970834
1413393927355760384.000000 0.622116387 2.487895727 -0.251806408 -0.145908952 -0.015895493 0.101849459 0.983912945
1413393927405760512.000000 0.654410958 2.513908863 -0.223435998 -0.142390743 -0.022013521 0.093729831 0.985116780
1413393927455760384.000000 0.687482476 2.544690609 -0.192525953 -0.140775323 -0.023944838 0.078676812 0.986619949
1413393927505760512.000000 0.726822436 2.567715406 -0.167863786 -0.140921175 -0.022055369 0.060599469 0.987918317
1413393927555760384.000000 0.764044642 2.598411798 -0.136407718 -0.140830308 -0.020423884 0.043268386 0.988876939
1413393927605760512.000000 0.803816557 2.625549555 -0.105525412 -0.139304474 -0.018216081 0.025186801 0.989761651
1413393927655760384.000000 0.843891978 2.654715538 -0.070884548 -0.136632994 -0.014369798 0.007528317 0.990488887
1413393927705760512.000000 0.886104524 2.681841850 -0.035315141 -0.133059382 -0.007845200 -0.009836994 0.991028190
1413393927755760384.000000 0.929376423 2.702275991 -0.000818353 -0.130582869 -0.000353848 -0.027755618 0.991048813
1413393927805760512.000000 0.973857641 2.723612070 0.036522433 -0.128653646 0.007952108 -0.043542713 0.990701258
1413393927855760384.000000 1.019655228 2.739983559 0.074653268 -0.126539141 0.015355404 -0.054412097 0.990349174
1413393927905760512.000000 1.064381719 2.747742176 0.106476426 -0.123368658 0.021371990 -0.059551083 0.990341902
1413393927955760384.000000 1.110492229 2.755260944 0.144614339 -0.121262893 0.025662992 -0.063082077 0.990281522
1413393928005760512.000000 1.154997587 2.757201910 0.182392031 -0.119991072 0.029563649 -0.065256566 0.990186751
1413393928055760384.000000 1.196620703 2.752888203 0.216400996 -0.119703218 0.031669684 -0.068384737 0.989945292
1413393928105760512.000000 1.236303687 2.746562243 0.254800767 -0.119772293 0.034522902 -0.070408933 0.989699602
1413393928155760384.000000 1.273503304 2.734183550 0.293081045 -0.119808696 0.036815245 -0.071059234 0.989566147
1413393928205760512.000000 1.308617711 2.718375683 0.331405312 -0.120239757 0.037053224 -0.070985816 0.989510238
1413393928255760384.000000 1.341278672 2.696293831 0.364165097 -0.119299158 0.034913126 -0.066203602 0.990033269
1413393928305760512.000000 1.370462060 2.671563864 0.402830899 -0.115473509 0.032008771 -0.052941453 0.991382182
1413393928355760384.000000 1.399971128 2.640979052 0.441603184 -0.109573498 0.033263609 -0.034294672 0.992829859
1413393928405760512.000000 1.425430059 2.609431744 0.479825974 -0.104014203 0.036953170 -0.016782887 0.993747354
1413393928455760384.000000 1.447839379 2.575605631 0.513403594 -0.099148847 0.039864644 -0.001417201 0.994272828
1413393928505760512.000000 1.466754079 2.540729046 0.550665140 -0.095248081 0.044350296 0.012093543 0.994391561
1413393928555760384.000000 1.484898686 2.503062725 0.587073386 -0.093022041 0.050746031 0.022127092 0.994123876
1413393928605760512.000000 1.500509620 2.467813969 0.622489929 -0.091785580 0.060953576 0.028265446 0.993509531
1413393928655760384.000000 1.517268419 2.432862282 0.654422104 -0.091314927 0.069066823 0.032735839 0.992884576
1413393928705760512.000000 1.530996084 2.397900820 0.684892595 -0.092650279 0.073101602 0.033458110 0.992447853
1413393928755760384.000000 1.545351267 2.361536741 0.711823285 -0.094659194 0.073958479 0.033452857 0.992194891
1413393928805760512.000000 1.558127761 2.327047110 0.735965371 -0.099600188 0.073848471 0.027201308 0.991910458
1413393928855760384.000000 1.571229935 2.291189194 0.756881773 -0.104452923 0.072310545 0.021239569 0.991670191
1413393928905760512.000000 1.582764506 2.256597281 0.775205374 -0.111162275 0.071615182 0.013058189 0.991132617
1413393928955760384.000000 1.595201492 2.219728231 0.791590154 -0.119627029 0.069763392 0.005269579 0.990350842
1413393929005760512.000000 1.605484366 2.183447838 0.804181159 -0.129750192 0.067526713 0.000009961 0.989244699
1413393929055760384.000000 1.616302013 2.143987179 0.814633250 -0.140464321 0.064830489 -0.000666136 0.987960756
1413393929105760512.000000 1.626120329 2.104357004 0.822249174 -0.152614489 0.062649496 -0.000963105 0.986297607
1413393929155760384.000000 1.636725307 2.060910225 0.827644944 -0.165026665 0.061242968 0.000480033 0.984385788
1413393929205760512.000000 1.645879149 2.017405987 0.831117749 -0.178426683 0.057178203 0.003952627 0.982282519
1413393929255760384.000000 1.655492663 1.970303297 0.832583845 -0.192506865 0.052996483 0.010911241 0.979802787
1413393929305760512.000000 1.663839102 1.922560453 0.832676291 -0.206068084 0.048408959 0.020920059 0.977115631
1413393929355760384.000000 1.673101783 1.871684790 0.831395864 -0.220377386 0.044117060 0.033305041 0.973847210
1413393929405760512.000000 1.682067394 1.820445061 0.829484999 -0.234883681 0.041014437 0.046754133 0.970031798
1413393929455760384.000000 1.692056060 1.765163422 0.826147318 -0.250080824 0.038820852 0.058682252 0.965665042
1413393929505760512.000000 1.701543927 1.711325765 0.822370708 -0.267026842 0.034920882 0.068873584 0.960590303
1413393929555760384.000000 1.711643696 1.656757116 0.818013668 -0.284104466 0.031224389 0.078811653 0.955038488
1413393929605760512.000000 1.722055197 1.601361275 0.812871814 -0.302133292 0.028305653 0.086897671 0.948874652
1413393929655760384.000000 1.732727170 1.545857072 0.807573140 -0.320549041 0.025183380 0.094330937 0.942186713
1413393929705760512.000000 1.743950367 1.489637017 0.802146673 -0.338357031 0.023839707 0.101410426 0.935233772
1413393929755760384.000000 1.755222082 1.432229042 0.796697319 -0.355605811 0.022608681 0.109958552 0.927869856
1413393929805760512.000000 1.766902924 1.375570178 0.791679144 -0.371351898 0.023224972 0.121403851 0.920227945
1413393929855760384.000000 1.777388453 1.317783117 0.785781443 -0.385482639 0.026073543 0.136339948 0.912214220
1413393929905760512.000000 1.789375544 1.261500716 0.780662060 -0.397925973 0.031156560 0.153480977 0.903951287
1413393929955760384.000000 1.800424814 1.205372930 0.774299324 -0.409527183 0.035958014 0.169978425 0.895601392
1413393930005760512.000000 1.811882377 1.150883079 0.767934918 -0.421200067 0.040263429 0.184716269 0.887045324
1413393930055760384.000000 1.820086479 1.097739100 0.760138750 -0.432692528 0.043752361 0.197801962 0.878485799
1413393930105760512.000000 1.827422380 1.046880126 0.752741337 -0.443483800 0.046299953 0.208686754 0.870418429
1413393930155760384.000000 1.831100225 0.996893048 0.743245542 -0.453372449 0.048387472 0.215760395 0.863457978
1413393930205760512.000000 1.833698392 0.950035810 0.734487176 -0.461758435 0.049943358 0.220778033 0.857637405
1413393930255760384.000000 1.831959724 0.903595090 0.723678946 -0.469231367 0.049703430 0.221969798 0.853276670
1413393930305760512.000000 1.829074502 0.860549808 0.713377416 -0.476261586 0.047694668 0.220044389 0.849988639
1413393930355760384.000000 1.821505785 0.817522526 0.701088428 -0.484674335 0.040875189 0.210519597 0.847998619
1413393930405760512.000000 1.813177586 0.776867449 0.689692855 -0.491307825 0.033608705 0.200781405 0.846861184
1413393930455760384.000000 1.804366708 0.735760868 0.678808987 -0.496844471 0.025798921 0.190953836 0.846177638
1413393930505760512.000000 1.787714243 0.696781635 0.669637799 -0.500923991 0.019776115 0.183062956 0.845678508
1413393930555760384.000000 1.765821695 0.658274949 0.662823856 -0.502416432 0.018138411 0.179343730 0.845626771
1413393930605760512.000000 1.738885403 0.620441437 0.658462465 -0.501895487 0.021084620 0.179649159 0.845802963
1413393930655760384.000000 1.706649065 0.583335340 0.656191885 -0.500228226 0.026229387 0.181438029 0.846264780
1413393930705760512.000000 1.670104384 0.546760142 0.655499279 -0.498114347 0.032411020 0.183402047 0.846873879
1413393930755760384.000000 1.631532550 0.511026680 0.655372143 -0.495822132 0.039406128 0.185047850 0.847564101
1413393930805760512.000000 1.592414975 0.476231277 0.654982686 -0.493697613 0.044465192 0.185028672 0.848557591
1413393930855760384.000000 1.539379120 0.438418388 0.652514875 -0.491614908 0.049435522 0.184987962 0.849500120
1413393930905760512.000000 1.517621279 0.408269465 0.649092674 -0.489859641 0.048854519 0.184998333 0.850544751
1413393930955760384.000000 1.483782887 0.374469280 0.642823219 -0.488065034 0.046300385 0.183500394 0.852042496
1413393931005760512.000000 1.453271270 0.341192305 0.633849680 -0.485780537 0.045554373 0.184119597 0.853253841
1413393931055760384.000000 1.426215053 0.307930708 0.622617364 -0.484755427 0.042355534 0.183382407 0.854159892
1413393931105760512.000000 1.403128266 0.275239646 0.608862996 -0.482497960 0.042559955 0.184042513 0.855285168
1413393931155760384.000000 1.392032504 0.247334838 0.592959762 -0.480643928 0.039821781 0.185662284 0.856110573
1413393931205760512.000000 1.362118721 0.211624235 0.575454891 -0.479351521 0.038194943 0.186811700 0.856659055
1413393931255760384.000000 1.347774029 0.181522399 0.557022333 -0.476506829 0.036137197 0.189966485 0.857640982
1413393931305760512.000000 1.316045284 0.136086583 0.533634305 -0.474119067 0.035014946 0.193404287 0.858242333
1413393931355760384.000000 1.297413230 0.103600025 0.510188937 -0.471438706 0.034711957 0.197469801 0.858805180
1413393931405760512.000000 1.275769949 0.072521806 0.487388313 -0.467774421 0.034765977 0.202947050 0.859529495
1413393931455760384.000000 1.252060771 0.042859524 0.464231014 -0.465016037 0.036042593 0.207590982 0.859864593
1413393931505760512.000000 1.226176858 0.014699906 0.440300882 -0.462186486 0.037425410 0.211988032 0.860258222
1413393931555760384.000000 1.196282506 -0.012777954 0.415698826 -0.460001916 0.038467437 0.214593351 0.860737085
1413393931605760512.000000 1.163345098 -0.038521230 0.390881717 -0.457885206 0.038044699 0.217095941 0.861256778
1413393931655760384.000000 1.128363252 -0.062210828 0.365568221 -0.456584126 0.038924832 0.217370763 0.861838639
1413393931705760512.000000 1.091285467 -0.083929181 0.339633882 -0.455622375 0.038963493 0.217497736 0.862313747
1413393931755760384.000000 1.051662445 -0.102743536 0.313125134 -0.454469174 0.038852468 0.216825515 0.863096178
1413393931805760512.000000 1.010134697 -0.120097578 0.285955131 -0.453962058 0.038348824 0.215760306 0.863652349
1413393931855760384.000000 0.967801213 -0.135049313 0.257802874 -0.453501910 0.037556835 0.214587152 0.864220977
1413393931905760512.000000 0.924790263 -0.147495985 0.227722049 -0.452945352 0.036664847 0.213734597 0.864762306
1413393931955760384.000000 0.882022321 -0.157540888 0.195431203 -0.452695251 0.036156587 0.212079570 0.865321934
1413393932005760512.000000 0.840582967 -0.164966971 0.161891669 -0.452842891 0.034907091 0.210012436 0.865800023
1413393932055760384.000000 0.799908519 -0.169575363 0.126796901 -0.453178644 0.032030068 0.207039297 0.866451442
1413393932105760512.000000 0.760418296 -0.173278093 0.090309784 -0.453908443 0.028440297 0.203582421 0.867013633
1413393932155760384.000000 0.721713543 -0.173857823 0.053044975 -0.455439597 0.023458989 0.198420033 0.867556393
1413393932205760512.000000 0.684057653 -0.172625810 0.014675928 -0.457549155 0.018364204 0.192255676 0.867956996
1413393932255760384.000000 0.646492839 -0.170249775 -0.023166273 -0.460238725 0.012934755 0.184451863 0.868326366
1413393932305760512.000000 0.610254645 -0.165704980 -0.060222883 -0.462401748 0.007798242 0.178058192 0.868573070
1413393932355760384.000000 0.574105978 -0.159831852 -0.097243644 -0.464723438 0.003545523 0.172527373 0.868477941
1413393932405760512.000000 0.540621638 -0.153179273 -0.133758277 -0.466179818 0.000170748 0.169026434 0.868393064
1413393932455760384.000000 0.507364988 -0.145927742 -0.170107171 -0.467762440 -0.002944578 0.166108415 0.868099988
1413393932505760512.000000 0.475774199 -0.137936026 -0.204300404 -0.469428807 -0.005134964 0.163893193 0.867611229
1413393932555760384.000000 0.444894731 -0.129404128 -0.236644402 -0.471097380 -0.005907916 0.161251351 0.867196858
1413393932605760512.000000 0.414933562 -0.119512305 -0.269051284 -0.472826302 -0.004226505 0.158773661 0.866722763
1413393932655760384.000000 0.387970299 -0.108591795 -0.300106853 -0.474722773 -0.001465120 0.156412944 0.866124272
1413393932705760512.000000 0.361743897 -0.099790290 -0.330780685 -0.475980699 0.000971078 0.155252561 0.865643203
1413393932755760384.000000 0.337201208 -0.090301417 -0.360011280 -0.477395833 0.003502324 0.154463112 0.864998281
1413393932805760512.000000 0.313770115 -0.081697777 -0.387766510 -0.478949338 0.006030509 0.153251246 0.864340961
1413393932855760384.000000 0.292771786 -0.073346727 -0.413911641 -0.480763733 0.005973749 0.151174784 0.863699496
1413393932905760512.000000 0.273303896 -0.066013746 -0.438647151 -0.482796580 0.006689182 0.148711860 0.862987578
1413393932955760384.000000 0.295605600 -0.009092018 -0.603300691 0.474870563 -0.009954451 -0.146694183 -0.867686450
1413393933005760512.000000 0.281343341 -0.002179131 -0.625460744 0.476820141 -0.019218072 -0.140889257 -0.867423534
1413393933055760384.000000 0.226518631 -0.047302797 -0.508524954 -0.488221020 0.029696176 0.132894903 0.862030923
1413393933105760512.000000 0.213906214 -0.044041276 -0.531793416 -0.488775045 0.039125554 0.127583429 0.862143099
1413393933155760384.000000 0.241158262 0.006308854 -0.686891735 -0.478689611 0.044731759 0.128599629 0.867362440
1413393933205760512.000000 0.189436778 -0.047524989 -0.575079918 -0.487584293 0.051506121 0.126936093 0.862262189
1413393933255760384.000000 0.177891389 -0.052381039 -0.596023738 -0.484764576 0.056412447 0.132567048 0.862697542
1413393933305760512.000000 0.205844536 -0.007458866 -0.753061831 -0.471242815 0.061767012 0.144376293 0.867911577
1413393933355760384.000000 0.158172086 -0.068959624 -0.640793741 -0.477291107 0.068230532 0.150134355 0.863132417
1413393933405760512.000000 0.149837509 -0.082814187 -0.665552497 -0.472597301 0.072415762 0.161525771 0.863317609
1413393933455760384.000000 0.141502351 -0.095470726 -0.691041410 -0.467522413 0.073226400 0.174934119 0.863399565
1413393933505760512.000000 0.169358373 -0.054934919 -0.857901275 0.451126218 -0.069033980 -0.192502320 -0.868713021
1413393933555760384.000000 0.118726343 -0.123214230 -0.747712553 -0.456142366 0.068702243 0.202974036 0.863722086
1413393933605760512.000000 0.105215639 -0.138443619 -0.779772341 -0.452475846 0.064791583 0.213318214 0.863459945
1413393933655760384.000000 0.089506552 -0.149485007 -0.808463871 -0.451422215 0.060107253 0.217716858 0.863252342
1413393933705760512.000000 0.110204577 -0.105393857 -0.971243858 -0.442959875 0.051452801 0.217928886 0.868128002
1413393933755760384.000000 0.054756574 -0.166633174 -0.871872723 -0.456506342 0.044617657 0.207971066 0.863920927
1413393933805760512.000000 0.032885730 -0.174987465 -0.905996203 -0.460643679 0.036123984 0.199032471 0.864227176
1413393933855760384.000000 0.051273331 -0.123186141 -1.080427408 0.452956975 -0.026334919 -0.194770902 -0.869598091
1413393933905760512.000000 0.027959689 -0.129158407 -1.114308834 0.455048174 -0.021905301 -0.189605236 -0.869770765
1413393933955760384.000000 -0.035388201 -0.195181787 -1.006169796 -0.467954099 0.022987496 0.181179896 0.864675939
1413393934005760512.000000 -0.018798754 -0.142343789 -1.176897883 -0.461583465 0.026031127 0.172102794 0.869852781
1413393934055760384.000000 -0.037345193 -0.147201270 -1.210659266 -0.465563744 0.032048799 0.161196962 0.869619966
1413393934105760512.000000 -0.047562681 -0.146759510 -1.252175808 0.467355341 -0.037027501 -0.151996449 -0.870117843
1413393934155760384.000000 -0.060354367 -0.153403550 -1.290730000 0.468672782 -0.039063409 -0.146016970 -0.870344222
1413393934205760512.000000 -0.068830855 -0.162717462 -1.328214049 0.469223797 -0.040204201 -0.142309964 -0.870609343
1413393934255760384.000000 -0.078023925 -0.172465652 -1.365842104 0.466966450 -0.040096696 -0.144709960 -0.871432006
1413393934305760512.000000 -0.086008757 -0.185134053 -1.400738716 0.464184761 -0.039516862 -0.149126351 -0.872199714
1413393934355760384.000000 -0.099000275 -0.197194308 -1.432685614 0.459916323 -0.037121933 -0.157829568 -0.873034239
1413393934405760512.000000 -0.113056041 -0.211785764 -1.465712786 0.455047309 -0.034867007 -0.168186113 -0.873744667
1413393934455760384.000000 -0.130613804 -0.225730300 -1.494021773 0.450924009 -0.032981858 -0.177243665 -0.874164999
1413393934505760512.000000 -0.151089251 -0.240923107 -1.523744941 0.447148234 -0.031612337 -0.185525253 -0.874436736
1413393934555760384.000000 -0.177186474 -0.256067544 -1.553016543 0.443363130 -0.031345479 -0.193466395 -0.874652743
1413393934605760512.000000 -0.204649240 -0.269107848 -1.579976797 0.440416008 -0.031700339 -0.200152442 -0.874624491
1413393934655760384.000000 -0.233384043 -0.281447262 -1.607422233 0.437345207 -0.034180585 -0.207310557 -0.874404490
1413393934705760512.000000 -0.265345752 -0.292602152 -1.635828972 0.434384525 -0.036716424 -0.213947073 -0.874178886
1413393934755760384.000000 -0.301039696 -0.302570254 -1.662920237 0.428346217 -0.039395008 -0.223392144 -0.874679089
1413393934805760512.000000 -0.338507652 -0.310801387 -1.690532327 0.419759780 -0.041349940 -0.234172210 -0.875931144
1413393934855760384.000000 -0.378996134 -0.315103680 -1.718733549 0.409599125 -0.040472399 -0.242215484 -0.878591061
1413393934905760512.000000 -0.421554685 -0.318923295 -1.748866439 0.398274988 -0.035241023 -0.246766612 -0.882746518
1413393934955760384.000000 -0.465229064 -0.318755060 -1.778948426 0.387305975 -0.025446970 -0.244428262 -0.888595164
1413393935005760512.000000 -0.509978533 -0.315335631 -1.809935570 0.378355622 -0.012383438 -0.230878845 -0.896319509
1413393935055760384.000000 -0.556189537 -0.308659792 -1.840471029 0.369449914 0.002952106 -0.210536659 -0.905081451
1413393935105760512.000000 -0.602019966 -0.298526555 -1.870572209 0.358620256 0.016401978 -0.189726874 -0.913852394
1413393935155760384.000000 -0.645381987 -0.285655618 -1.899898410 0.345218867 0.026907470 -0.171094328 -0.922402620
1413393935205760512.000000 -0.688409269 -0.275003046 -1.919011831 -0.330134213 -0.033613130 0.154735088 0.930558264
1413393935255760384.000000 -0.721853375 -0.257453471 -1.945814967 -0.312373668 -0.038531553 0.141688764 0.938542664
1413393935305760512.000000 -0.750450969 -0.237851039 -1.970538616 -0.293624550 -0.041736055 0.130684435 0.946025550
1413393935355760384.000000 -0.777019203 -0.221374795 -1.986304522 -0.273977309 -0.042447194 0.122713067 0.952930331
1413393935405760512.000000 -0.791453183 -0.194705874 -2.015722275 0.254255086 0.043318603 -0.111404389 -0.959722340
1413393935455760384.000000 -0.806562066 -0.173012272 -2.035078049 0.235851541 0.042048823 -0.098803207 -0.965838492
1413393935505760512.000000 -0.822016239 -0.152429283 -2.050555229 0.217843324 0.039323542 -0.084549129 -0.971519172
1413393935555760384.000000 -0.826205015 -0.131615385 -2.067548275 0.199482903 0.038814817 -0.071153834 -0.976543486
1413393935605760512.000000 -0.830835819 -0.114006817 -2.086233139 0.183813304 0.038772076 -0.055110086 -0.980648935
1413393935655760384.000000 -0.831458390 -0.091841877 -2.097241163 0.170541391 0.040497281 -0.040299132 -0.983692884
1413393935705760512.000000 -0.835669756 -0.066942275 -2.112965107 0.160150558 0.041404177 -0.023069138 -0.985954046
1413393935755760384.000000 -0.835894644 -0.045417346 -2.119793415 0.151782200 0.042033400 -0.006332425 -0.987499535
1413393935805760512.000000 -0.837581038 -0.032230090 -2.114248037 -0.145637438 -0.040623080 -0.012570469 0.988423824
1413393935855760384.000000 -0.833665550 -0.017613444 -2.114503860 -0.137955397 -0.038965862 -0.030441381 0.989203393
1413393935905760512.000000 -0.829865932 -0.006534090 -2.108163595 -0.127869949 -0.036700852 -0.042136990 0.990215600
1413393935955760384.000000 -0.826274514 0.010331579 -2.104794741 0.110990062 0.033977889 0.039264549 -0.992464185
1413393936005760512.000000 -0.820875466 0.011737290 -2.095623255 0.091209605 0.029112019 0.030078322 -0.994951546
1413393936055760384.000000 -0.812594771 0.003375570 -2.088641882 0.069877230 0.024726458 0.020862848 -0.997030854
1413393936105760512.000000 -0.800609112 -0.004728668 -2.078356028 0.046396300 0.019604800 0.011271007 -0.998667121
1413393936155760384.000000 -0.797092915 -0.020479457 -2.079663038 0.021670751 0.014727104 0.002160409 -0.999654412
1413393936205760512.000000 -0.787981272 -0.029854173 -2.065771103 -0.004579840 0.012043091 -0.007233371 -0.999890924
1413393936255760384.000000 -0.778390229 -0.039271127 -2.051033020 -0.030652724 0.010451898 -0.013256231 -0.999387562
1413393936305760512.000000 -0.767869294 -0.048069090 -2.035005808 -0.056650214 0.010587925 -0.017138241 -0.998190880
1413393936355760384.000000 -0.757514179 -0.055712495 -2.018140793 -0.082516149 0.011317691 -0.017857974 -0.996365428
1413393936405760512.000000 -0.753110230 -0.054935243 -1.998674512 -0.107051142 0.011656553 -0.015585614 -0.994063079
1413393936455760384.000000 -0.745167792 -0.058787610 -1.986218691 -0.130234525 0.011496556 -0.009725736 -0.991368890
1413393936505760512.000000 -0.734813154 -0.054681584 -1.962189555 -0.151828721 0.006875571 0.001608964 -0.988381624
1413393936555760384.000000 -0.722365022 -0.054391600 -1.940701962 0.171993747 -0.000033716 -0.014326831 0.984993875
1413393936605760512.000000 -0.711216867 -0.053622417 -1.916921258 0.191316426 0.009117959 -0.026014216 0.981141269
1413393936655760384.000000 -0.697312653 -0.052578621 -1.896774411 0.209946364 0.020292107 -0.036160175 0.976833284
1413393936705760512.000000 -0.687067807 -0.044008866 -1.882341623 0.227320507 0.031061657 -0.044859178 0.972290218
1413393936755760384.000000 -0.678849041 -0.042385280 -1.857639670 0.243888631 0.039629020 -0.052227236 0.967584789
1413393936805760512.000000 -0.669565856 -0.034185767 -1.837497115 0.259900391 0.046180990 -0.059776656 0.962676466
1413393936855760384.000000 -0.660692155 -0.022223145 -1.820522666 0.275933504 0.051490471 -0.067631058 0.957410872
1413393936905760512.000000 -0.652478993 -0.008462757 -1.803324461 0.291304022 0.057404716 -0.076277427 0.951855302
1413393936955760384.000000 -0.646419644 0.006994918 -1.790393114 0.307407469 0.061313424 -0.085250944 0.945766151
1413393937005760512.000000 -0.640146732 0.023021787 -1.780947089 0.323416203 0.067291707 -0.095890567 0.938977599
1413393937055760384.000000 -0.636018276 0.042423397 -1.772518635 0.339843780 0.071789384 -0.106502153 0.931670427
1413393937105760512.000000 -0.633296430 0.062820703 -1.766353369 0.356730640 0.075296856 -0.116062865 0.923906446
1413393937155760384.000000 -0.631362677 0.087079227 -1.766920686 0.373626292 0.077786744 -0.124008380 0.915955603
1413393937205760512.000000 -0.628211498 0.114146978 -1.771785259 0.390744537 0.080237947 -0.131011486 0.907588363
1413393937255760384.000000 -0.629451394 0.141373664 -1.780705214 0.406991243 0.081215888 -0.137627110 0.899344683
1413393937305760512.000000 -0.631307244 0.170721531 -1.798125982 0.422961533 0.081215821 -0.142781228 0.891134739
1413393937355760384.000000 -0.634571970 0.206424326 -1.819122553 0.437264740 0.079801813 -0.148257226 0.883431375
1413393937405760512.000000 -0.637939215 0.241012812 -1.835042357 0.449139684 0.077915169 -0.152560949 0.876885414
1413393937455760384.000000 -0.644488096 0.278196156 -1.854409814 0.458374530 0.072436035 -0.158007935 0.871595919
1413393937505760512.000000 -0.656335950 0.317369640 -1.874366522 0.465065420 0.060609207 -0.164065182 0.867826819
1413393937555760384.000000 -0.673354745 0.358293116 -1.895000219 0.471186340 0.047593899 -0.166432738 0.864880621
1413393937605760512.000000 -0.695874333 0.400150925 -1.911746740 0.475803047 0.036187813 -0.168020397 0.862595499
1413393937655760384.000000 -0.724825621 0.443201393 -1.929690003 0.480122805 0.024389962 -0.167551950 0.860705316
1413393937705760512.000000 -0.759024501 0.486086309 -1.948475122 0.482619017 0.013474908 -0.167870551 0.859486401
1413393937755760384.000000 -0.793734133 0.531127036 -1.965555191 0.483511448 0.002584928 -0.169968367 0.858673930
1413393937805760512.000000 -0.832288742 0.578975976 -1.983258486 0.483923018 -0.007799197 -0.171868861 0.858031988
1413393937855760384.000000 -0.867328584 0.622171462 -1.992385149 0.483862966 -0.016086809 -0.172542378 0.857815266
1413393937905760512.000000 -0.898581862 0.666783929 -2.008104801 0.483482748 -0.017485164 -0.174029127 0.857701957
1413393937955760384.000000 -0.928592801 0.711546600 -2.023541212 0.483105659 -0.011908527 -0.175623417 0.857685030
1413393938005760512.000000 -0.957874894 0.755754292 -2.038622856 0.481760383 -0.004968083 -0.178095281 0.858000278
1413393938055760384.000000 -0.986720383 0.799716115 -2.053850651 0.479913175 0.004509740 -0.182397127 0.858134210
1413393938105760512.000000 -1.015259504 0.843269467 -2.069905758 0.478178293 0.016935032 -0.188440934 0.857641459
1413393938155760384.000000 -1.043462038 0.886491358 -2.087526083 0.476993293 0.032448508 -0.195970982 0.856165767
1413393938205760512.000000 -1.072082043 0.929324508 -2.107518435 0.477265149 0.048968770 -0.204691932 0.853183031
1413393938255760384.000000 -1.102046967 0.971966088 -2.130499840 0.479461819 0.062576927 -0.211612642 0.849364877
1413393938305760512.000000 -1.133680820 1.014607310 -2.157081366 0.484459698 0.070802093 -0.214475825 0.845154464
1413393938355760384.000000 -1.166990995 1.057395697 -2.187669277 0.493260264 0.073717609 -0.212149560 0.840388417
1413393938405760512.000000 -1.202109098 1.100585461 -2.221988678 0.504849315 0.071124233 -0.206163689 0.835203648
1413393938455760384.000000 -1.238866210 1.144765973 -2.259752750 0.519488215 0.064082883 -0.196017802 0.829217911
1413393938505760512.000000 -1.277117372 1.190348387 -2.300102711 0.534072161 0.055971522 -0.188430965 0.822269976
1413393938555760384.000000 -1.316691995 1.237678170 -2.342258930 0.547880292 0.048274681 -0.183300510 0.814799249
1413393938605760512.000000 -1.358587503 1.286593080 -2.385079145 0.561238825 0.041944936 -0.180663884 0.806605399
1413393938655760384.000000 -1.404203892 1.337883472 -2.427541018 0.573997200 0.034942091 -0.179360613 0.798208058
1413393938705760512.000000 -1.453916430 1.391472697 -2.469006538 0.585485995 0.027525969 -0.179704800 0.790034592
1413393938755760384.000000 -1.506677151 1.447531700 -2.509569407 0.596936941 0.023287263 -0.179730862 0.781550288
1413393938805760512.000000 -1.562060833 1.506601810 -2.549070835 0.607905447 0.023323791 -0.180208683 0.772937119
1413393938855760384.000000 -1.618488312 1.568317652 -2.587986231 0.617754400 0.027366294 -0.182624772 0.764381349
1413393938905760512.000000 -1.675510406 1.632608175 -2.626556396 0.627072752 0.030536413 -0.186364412 0.755721927
1413393938955760384.000000 -1.732593298 1.699752092 -2.664901257 0.635740697 0.032617878 -0.191371530 0.747092247
1413393939005760512.000000 -1.789653182 1.769627452 -2.703210354 0.644267201 0.032990236 -0.196523577 0.738383293
1413393939055760384.000000 -1.845604181 1.842181444 -2.741730928 0.652358592 0.035374478 -0.200458795 0.730063915
1413393939105760512.000000 -1.898950100 1.917206883 -2.781397820 0.663177252 0.045351967 -0.195758179 0.720983982
1413393939155760384.000000 -1.951709151 1.995403886 -2.821333408 0.673956096 0.056258310 -0.190212786 0.711644113
1413393939205760512.000000 -2.006542921 2.077280521 -2.860629559 0.682149470 0.058209665 -0.191339970 0.703329802
1413393939255760384.000000 -2.063642025 2.163354635 -2.898790836 0.686598122 0.052504364 -0.199916199 0.697036564
1413393939305760512.000000 -2.122453213 2.253118515 -2.935836792 0.688206017 0.040395536 -0.212786764 0.692432284
1413393939355760384.000000 -2.183511257 2.346396446 -2.971542597 0.686322212 0.022222344 -0.231536821 0.689099908
1413393939405760512.000000 -2.247115850 2.441611767 -3.006178141 0.682579696 -0.003289566 -0.250594616 0.686495900
1413393939455760384.000000 -2.313329697 2.537393570 -3.039566278 0.677417397 -0.032189656 -0.268438935 0.684112608
1413393939505760512.000000 -2.381659031 2.632132053 -3.071769714 0.671405137 -0.061466638 -0.283016056 0.682157516
1413393939555760384.000000 -2.451578140 2.724191666 -3.102632046 -0.665586829 0.087623417 0.294077605 -0.680319607
1413393939605760512.000000 -2.522775650 2.812494040 -3.131579876 -0.659393609 0.109856658 0.303151190 -0.679139912
1413393939655760384.000000 -2.594786644 2.895700932 -3.158637524 -0.653234601 0.128081411 0.311173946 -0.678270340
1413393939705760512.000000 -2.666199923 2.972145081 -3.183661461 -0.647579968 0.135078609 0.320520103 -0.677982986
1413393939755760384.000000 -2.736665249 3.040884256 -3.206954718 -0.644745827 0.131767049 0.326029509 -0.678708434
1413393939805760512.000000 -2.805509567 3.101588011 -3.229269981 -0.646904647 0.115931883 0.323110878 -0.680935800
1413393939855760384.000000 -2.872309923 3.154666901 -3.251258135 -0.654821217 0.089308605 0.307138652 -0.684762061
1413393939905760512.000000 -2.936788559 3.202765942 -3.273125648 0.666208327 -0.056455985 -0.279379994 0.689148784
1413393939955760384.000000 -2.999369144 3.248778820 -3.295071363 0.678381681 -0.019216903 -0.246278226 0.691936553
1413393940005760512.000000 -3.061808586 3.295912981 -3.316531420 0.688897252 0.014585604 -0.212855458 0.692748427
1413393940055760384.000000 -3.124002934 3.345915079 -3.337573290 0.698665500 0.042398222 -0.178120017 0.691622972
1413393940105760512.000000 -3.186542511 3.400974274 -3.357508659 0.706136405 0.064681731 -0.148328245 0.689337611
1413393940155760384.000000 -3.249933720 3.463076115 -3.375629187 0.712357640 0.078305595 -0.123286650 0.686451316
1413393940205760512.000000 -3.312876940 3.534576893 -3.391831636 0.716721714 0.089679889 -0.104632802 0.683607697
1413393940255760384.000000 -3.376926661 3.614335299 -3.405609369 0.718990386 0.092581853 -0.095805235 0.682131112
1413393940305760512.000000 -3.441733599 3.702530146 -3.416709423 0.718477547 0.084748715 -0.101115808 0.682922602
1413393940355760384.000000 -3.507359743 3.800201416 -3.424920559 0.714275301 0.069149315 -0.121336967 0.685789049
1413393940405760512.000000 -3.572133064 3.905907154 -3.430669308 0.707150400 0.048485599 -0.149104953 0.689460158
1413393940455760384.000000 -3.637224197 4.017947197 -3.433963060 0.698150456 0.021194305 -0.179428950 0.692778528
1413393940505760512.000000 -3.703151703 4.134021759 -3.434991360 0.686751306 -0.012507348 -0.212440178 0.695043504
1413393940555760384.000000 -3.768336773 4.251954556 -3.434886456 0.675476968 -0.047993589 -0.239658430 0.695694923
1413393940605760512.000000 -3.831700563 4.368964672 -3.433879137 0.665229440 -0.080220796 -0.258552611 0.695834041
1413393940655760384.000000 -3.892435789 4.482521534 -3.431740046 -0.656944752 0.105645470 0.270316452 -0.695838809
1413393940705760512.000000 -3.950772047 4.590671539 -3.428025961 -0.651093185 0.126915097 0.274962932 -0.695963800
1413393940755760384.000000 -4.006631851 4.692745686 -3.422173738 -0.647281826 0.145517588 0.272542477 -0.696829677
1413393940805760512.000000 -4.058495045 4.787267685 -3.413659096 -0.646787226 0.152134165 0.265630394 -0.698542833
1413393940855760384.000000 -4.105294704 4.874414444 -3.401852131 -0.649998784 0.139380544 0.256118000 -0.701768041
1413393940905760512.000000 -4.148788929 4.955883026 -3.386777639 0.654579103 -0.114711121 -0.247868791 0.704931736
1413393940955760384.000000 -4.190241337 5.033290863 -3.369357109 0.661049843 -0.084884092 -0.235759124 0.707266212
1413393941005760512.000000 -4.230114460 5.108464718 -3.349826336 0.668542802 -0.051169682 -0.219549462 0.708682120
1413393941055760384.000000 -4.268942356 5.183415890 -3.328854561 0.677089453 -0.018256953 -0.197265103 0.708733439
1413393941105760512.000000 -4.307349205 5.260068893 -3.306498051 0.684629917 0.013538326 -0.176036686 0.707184434
1413393941155760384.000000 -4.346202850 5.340276241 -3.282698154 0.691181481 0.039158791 -0.157038197 0.704325140
1413393941205760512.000000 -4.386212826 5.425636768 -3.257458210 0.696155250 0.058716480 -0.142315164 0.701189518
1413393941255760384.000000 -4.428048134 5.516864777 -3.230515480 0.698894560 0.068935171 -0.136308730 0.698723316
1413393941305760512.000000 -4.472780704 5.614451408 -3.201559067 0.698756337 0.065312043 -0.143825844 0.697702050
1413393941355760384.000000 -4.519245148 5.718311787 -3.171219826 0.696907401 0.052223217 -0.158819810 0.697401702
1413393941405760512.000000 -4.567137241 5.827633858 -3.139741898 0.693203807 0.032811880 -0.179180175 0.697342455
1413393941455760384.000000 -4.615827084 5.941109657 -3.107466221 0.688103914 0.010761736 -0.201386765 0.697022676
1413393941505760512.000000 -4.665250301 6.057356834 -3.074033260 0.681142390 -0.013559732 -0.226540074 0.696089685
1413393941555760384.000000 -4.714369774 6.174596310 -3.040046692 0.673719108 -0.036506459 -0.249730185 0.694553673
1413393941605760512.000000 -4.762861252 6.291066170 -3.005856037 0.666644931 -0.056971315 -0.269851059 0.692473292
1413393941655760384.000000 -4.810375690 6.405012608 -2.971594334 0.660798490 -0.072298490 -0.285494655 0.690370321
1413393941705760512.000000 -4.858396530 6.515450954 -2.936614990 -0.655053377 0.084175356 0.297231942 -0.689545393
1413393941755760384.000000 -4.908236980 6.621609211 -2.900572300 -0.648993909 0.092959322 0.306945533 -0.689891279
1413393941805760512.000000 -4.960125923 6.723156452 -2.863595009 -0.644008577 0.097864643 0.313796759 -0.690801799
1413393941855760384.000000 -5.013211727 6.818840504 -2.826266289 -0.642181277 0.095497742 0.313608587 -0.692916334
1413393941905760512.000000 -5.066639423 6.908535480 -2.789054871 -0.645606518 0.083212763 0.303028554 -0.696018457
1413393941955760384.000000 -5.120391369 6.993539810 -2.751879692 0.651092410 -0.065221190 -0.287315875 0.699481606
1413393942005760512.000000 -5.173779488 7.075020313 -2.715126038 0.658559024 -0.042089570 -0.266048223 0.702671230
1413393942055760384.000000 -5.226275921 7.154827118 -2.678889751 0.666897058 -0.014201001 -0.240341872 0.705182612
1413393942105760512.000000 -5.278821945 7.235358238 -2.642748833 0.673922241 0.013753577 -0.215135351 0.706651568
1413393942155760384.000000 -5.332100868 7.318389416 -2.606786251 0.679327607 0.038899448 -0.192617223 0.707035780
1413393942205760512.000000 -5.386011600 7.405455589 -2.571016788 0.683155537 0.060451057 -0.173690990 0.706735909
1413393942255760384.000000 -5.440898895 7.497711182 -2.535304546 0.684673667 0.076250665 -0.162433788 0.706415653
1413393942305760512.000000 -5.496144772 7.596164227 -2.500008583 0.685711503 0.086463675 -0.154017746 0.706117868
1413393942355760384.000000 -5.551829338 7.701464176 -2.465156555 0.685606480 0.091161668 -0.151424766 0.706189752
1413393942405760512.000000 -5.608611107 7.813961029 -2.430691719 0.684192479 0.089229964 -0.155790955 0.706857741
