1403638135845096960.000000 -0.042326730 0.154827818 -0.044592749 -0.035970759 0.001635609 0.005104445 0.999338508
1403638135895097088.000000 -0.019254286 0.107845634 -0.064605832 -0.039798625 -0.004633531 -0.001846367 0.999195337
1403638135945096960.000000 -0.019758862 0.111390777 -0.074366413 -0.043931056 -0.011180685 -0.008432508 0.998936415
1403638135995097088.000000 -0.014809691 0.118649118 -0.076280303 -0.048762932 -0.014099246 -0.012869571 0.998627961
1403638136045096960.000000 -0.013230630 0.126521602 -0.089070104 -0.054389153 -0.010035683 -0.014636815 0.998362124
1403638136095097088.000000 -0.026914878 0.233599886 -0.096719265 -0.060028385 -0.001874463 -0.012415868 0.998117745
1403638136145096960.000000 -0.011097003 0.146602958 -0.104701057 -0.062992111 0.007723913 -0.005902696 0.997966766
1403638136195097088.000000 -0.021361971 0.222654730 -0.101102136 -0.064489394 0.014204707 0.000183871 0.997817278
1403638136245096960.000000 -0.019108655 0.214063987 -0.105382107 -0.069352120 0.016354725 0.002276282 0.997455537
1403638136295097088.000000 -0.022068605 0.241697088 -0.121087052 -0.073063992 0.017505314 0.000468111 0.997173548
1403638136345096960.000000 -0.028907761 0.353185058 -0.145674720 -0.076943487 0.017717645 -0.001090903 0.996877432
1403638136395097088.000000 -0.002610679 0.219849557 -0.155535609 -0.080440931 0.013907824 -0.002687889 0.996658742
1403638136445096960.000000 -0.019879976 0.287644327 -0.145289361 -0.083871186 0.009730415 -0.005663830 0.996413052
1403638136495097088.000000 -0.026662020 0.291845173 -0.150193751 -0.086745478 0.008468145 -0.005157363 0.996181190
1403638136545096960.000000 -0.024688801 0.292238802 -0.155862913 -0.088850819 0.005702209 0.000740454 0.996028364
1403638136595097088.000000 -0.035340287 0.372161031 -0.166809410 -0.089888260 0.007664358 0.007372824 0.995895088
1403638136645096960.000000 -0.033121880 0.367808133 -0.166772768 -0.085568361 0.009118062 0.012147184 0.996216536
1403638136695097088.000000 -0.031004906 0.359633058 -0.165836394 -0.079865836 0.010299540 0.016197115 0.996620774
1403638136745096960.000000 -0.014438393 0.272335917 -0.148299977 -0.071304150 0.008125075 0.018284040 0.997253954
1403638136795097088.000000 -0.010879490 0.261056840 -0.147214770 -0.061978906 0.009787203 0.022102665 0.997784734
1403638136845096960.000000 -0.006188839 0.301839858 -0.169935793 -0.053089835 0.016119760 0.029040698 0.998037219
1403638136895097088.000000 -0.008052022 0.292482495 -0.160437137 -0.043048766 0.023863103 0.038495969 0.998045862
1403638136945096960.000000 -0.012386568 0.223042995 -0.127702907 -0.033945076 0.031192049 0.046401054 0.997858584
1403638136995097088.000000 -0.017306028 0.212045699 -0.122545220 -0.027609078 0.037751999 0.051796939 0.997561812
1403638137045096960.000000 -0.024091957 0.203689769 -0.116659358 -0.021514589 0.040140506 0.054365642 0.997482002
1403638137095097088.000000 -0.028163617 0.201012120 -0.142711148 -0.020307986 0.038823299 0.050722610 0.997751296
1403638137145096960.000000 -0.039922778 0.190965772 -0.134975344 -0.018632561 0.034520533 0.045217805 0.998206675
1403638137195097088.000000 -0.055406637 0.175611064 -0.096658848 -0.014011379 0.026703550 0.038766082 0.998793185
1403638137245096960.000000 -0.059263851 0.172012925 -0.092807859 -0.011598524 0.018223206 0.031091824 0.999283135
1403638137295097088.000000 -0.068249717 0.156361938 -0.084347680 -0.010408551 0.012620241 0.024920667 0.999555647
1403638137345096960.000000 -0.117866717 0.138247311 -0.104039468 -0.009725777 0.009915247 0.020388480 0.999695659
1403638137395097088.000000 -0.122258767 0.135503694 -0.101754449 -0.010129116 0.005071444 0.015842626 0.999810338
1403638137445096960.000000 -0.095679231 0.172569469 -0.086197488 -0.007901021 -0.002428904 0.012428403 0.999888599
1403638137495097088.000000 -0.103290163 0.150354326 -0.064475633 -0.012233726 -0.009126875 0.004830276 0.999871850
1403638137545096960.000000 -0.101673670 0.085265256 -0.072815552 -0.015186639 -0.015612103 -0.002720280 0.999759138
1403638137595097088.000000 -0.203443348 0.117721908 -0.075892687 -0.021904984 -0.020626623 -0.015828256 0.999421954
1403638137645096960.000000 -0.207990780 0.119541660 -0.084409177 -0.024406357 -0.023176657 -0.019113749 0.999250710
1403638137695097088.000000 -0.110223942 0.099644154 -0.080519214 -0.024870457 -0.024150081 -0.016976792 0.999254823
1403638137745096960.000000 -0.115087643 0.104168028 -0.096786261 -0.027397165 -0.022308925 -0.016337752 0.999242127
1403638137795097088.000000 -0.133375958 0.156269908 -0.066818208 -0.030386895 -0.024339769 -0.015438522 0.999122620
1403638137845096960.000000 -0.265305489 0.126957417 -0.072896570 -0.036075551 -0.024195148 -0.019515356 0.998865545
1403638137895097088.000000 -0.271748364 0.126692683 -0.072052881 -0.038050644 -0.031042792 -0.024036963 0.998504281
1403638137945096960.000000 -0.277058601 0.126493052 -0.071489185 -0.039905198 -0.039898850 -0.030015597 0.997955263
1403638137995097088.000000 -0.265319616 0.115459867 -0.062546045 -0.039412297 -0.046592288 -0.034300037 0.997546732
1403638138045096960.000000 -0.282858014 0.122938909 -0.061851479 -0.038498636 -0.048597112 -0.037127592 0.997385502
1403638138095097088.000000 -0.286399513 0.123444043 -0.061602317 -0.038163736 -0.046763308 -0.037777979 0.997461557
1403638138145096960.000000 -0.291072637 0.122948736 -0.065304801 -0.038771354 -0.037977427 -0.032882988 0.997984648
1403638138195097088.000000 -0.286284804 0.126451612 -0.070629023 -0.040505785 -0.032820094 -0.029375205 0.998208046
1403638138245096960.000000 -0.288693607 0.126401350 -0.068834782 -0.039782710 -0.029623788 -0.026624607 0.998414218
1403638138295097088.000000 -0.289476663 0.129250765 -0.069737226 -0.038880110 -0.025577452 -0.025316510 0.998595655
1403638138345096960.000000 -0.288574010 0.126210436 -0.070526801 -0.040524136 -0.022454008 -0.025809851 0.998592794
1403638138395097088.000000 -0.288355321 0.126201108 -0.071617492 -0.040532198 -0.017574713 -0.024931829 0.998712540
1403638138445096960.000000 -0.290178448 0.125425041 -0.069734223 -0.040459663 -0.017156860 -0.025855133 0.998699307
1403638138495097088.000000 -0.291036963 0.126058355 -0.070801727 -0.040525980 -0.017001385 -0.026244992 0.998689115
1403638138545096960.000000 -0.289684743 0.126774058 -0.071733423 -0.040263701 -0.016770912 -0.025599472 0.998720348
1403638138595097088.000000 -0.289857507 0.127274692 -0.071983434 -0.040175661 -0.016799582 -0.025861820 0.998716593
1403638138645096960.000000 -0.289768755 0.126239151 -0.072499104 -0.040054195 -0.016761523 -0.025325680 0.998735905
1403638138695097088.000000 -0.318084359 0.121712305 -0.064787254 -0.039079089 -0.016045306 -0.024271220 0.998812497
1403638138745096960.000000 -0.290502429 0.125858709 -0.072004050 -0.039822575 -0.016766088 -0.025325775 0.998745084
1403638138795097088.000000 -0.290577412 0.127596527 -0.074290067 -0.039583929 -0.016995179 -0.025289390 0.998751640
1403638138845096960.000000 -0.290103197 0.126872808 -0.075064398 -0.039480314 -0.016818183 -0.025699090 0.998748302
1403638138895097088.000000 -0.290400177 0.127249449 -0.075384915 -0.039185829 -0.016776811 -0.023798767 0.998807609
1403638138945096960.000000 -0.289870828 0.128070116 -0.076489307 -0.039453309 -0.017036261 -0.025102908 0.998760819
1403638138995097088.000000 -0.290101320 0.128066689 -0.076226465 -0.039127026 -0.016869890 -0.024095958 0.998801231
1403638139045096960.000000 -0.290242463 0.129132316 -0.077643126 -0.039179426 -0.016815117 -0.024652964 0.998786509
1403638139095097088.000000 -0.290180385 0.129063576 -0.077458918 -0.039047636 -0.016858075 -0.024348436 0.998798430
1403638139145096960.000000 -0.290546149 0.128651142 -0.076499015 -0.038984485 -0.016792435 -0.024283638 0.998803556
1403638139195097088.000000 -0.290118426 0.128637910 -0.076903969 -0.039070729 -0.016788337 -0.024704091 0.998789907
1403638139245096960.000000 -0.289965898 0.127449542 -0.075651981 -0.038830936 -0.016751666 -0.023981057 0.998817623
1403638139295097088.000000 -0.289820254 0.127731383 -0.074682161 -0.039185692 -0.016753523 -0.024692168 0.998786330
1403638139345096960.000000 -0.289746940 0.127266496 -0.075776793 -0.038840260 -0.016751127 -0.024069702 0.998815060
1403638139395097088.000000 -0.289833128 0.127895504 -0.076589026 -0.039069898 -0.016769309 -0.024500037 0.998795390
1403638139445096960.000000 -0.290215224 0.127332970 -0.075203083 -0.039117221 -0.016741594 -0.024179919 0.998801827
1403638139495097088.000000 -0.289389610 0.126488999 -0.071620226 -0.039237101 -0.016793396 -0.024141911 0.998797119
1403638139545096960.000000 -0.289712340 0.126435623 -0.071156345 -0.039147995 -0.016711559 -0.024103913 0.998802900
1403638139595097088.000000 -0.289971799 0.126373947 -0.072602935 -0.039288983 -0.016777044 -0.024127372 0.998795748
1403638139645096960.000000 -0.289548367 0.126558617 -0.072804719 -0.039168000 -0.016791545 -0.024111941 0.998800635
1403638139695097088.000000 -0.289457232 0.126531497 -0.072351359 -0.039211720 -0.016715202 -0.023981459 0.998803258
1403638139745096960.000000 -0.289431453 0.127647281 -0.074168622 -0.039257228 -0.016784361 -0.024243334 0.998794019
1403638139795097088.000000 -0.289928943 0.127876073 -0.075012051 -0.038911462 -0.016768988 -0.024057675 0.998812318
1403638139845096960.000000 -0.289889663 0.127434373 -0.073476277 -0.039261509 -0.016683014 -0.024208572 0.998796403
1403638139895097088.000000 -0.289798886 0.126843572 -0.072422668 -0.039190162 -0.016733464 -0.024018610 0.998802960
1403638139945096960.000000 -0.290470362 0.127002552 -0.073603489 -0.039216924 -0.016873820 -0.024103055 0.998797476
1403638139995097088.000000 -0.290609896 0.126653224 -0.072549090 -0.039327003 -0.016738754 -0.024017511 0.998797536
1403638140045096960.000000 -0.290610105 0.127196252 -0.073437013 -0.039346658 -0.016819106 -0.023976550 0.998796344
1403638140095097088.000000 -0.290622026 0.126837477 -0.072371885 -0.039424911 -0.016784854 -0.024059009 0.998791873
1403638140145096960.000000 -0.290263861 0.128425613 -0.075269461 -0.039224502 -0.016734403 -0.023989413 0.998802245
1403638140195097088.000000 -0.290128142 0.128487796 -0.075344458 -0.039175946 -0.016840298 -0.023982596 0.998802543
1403638140245096960.000000 -0.290314317 0.128722817 -0.076632872 -0.039209511 -0.016715880 -0.023854479 0.998806357
1403638140295097088.000000 -0.290849239 0.129265741 -0.077932574 -0.039251372 -0.016728817 -0.023969293 0.998801768
1403638140345096960.000000 -0.290383786 0.129207924 -0.077247351 -0.039418772 -0.016853867 -0.023991739 0.998792529
1403638140395097088.000000 -0.290592819 0.129270121 -0.077178821 -0.039249435 -0.016720744 -0.023802033 0.998805940
1403638140445096960.000000 -0.290794134 0.129158199 -0.077959649 -0.039239027 -0.016840534 -0.023984175 0.998800039
1403638140495097088.000000 -0.290470153 0.128448904 -0.075686410 -0.039450679 -0.016783344 -0.023762545 0.998797953
1403638140545096960.000000 -0.290613264 0.128862187 -0.076774791 -0.039264511 -0.016754340 -0.023873411 0.998803139
1403638140595097088.000000 -0.290624470 0.129075617 -0.076981813 -0.039203808 -0.016850308 -0.023838900 0.998804748
1403638140645096960.000000 -0.290434062 0.128199503 -0.075178884 -0.039292231 -0.016833548 -0.023905611 0.998799920
1403638140695097088.000000 -0.290046901 0.127756000 -0.073985107 -0.039261162 -0.016838975 -0.023807246 0.998803437
1403638140745096960.000000 -0.290238976 0.127476335 -0.073499389 -0.039275184 -0.016581232 -0.023868600 0.998805761
1403638140795097088.000000 -0.290014327 0.127639294 -0.073578551 -0.039307121 -0.016726129 -0.023790000 0.998803914
1403638140845096960.000000 -0.290243655 0.127723902 -0.075228214 -0.039288513 -0.016782010 -0.023866132 0.998801947
1403638140895097088.000000 -0.290183723 0.127448291 -0.074001580 -0.039277282 -0.016707115 -0.023908136 0.998802602
1403638140945096960.000000 -0.290202051 0.127542391 -0.074571811 -0.039294779 -0.016804850 -0.023875874 0.998801053
1403638140995097088.000000 -0.289824426 0.127391189 -0.073385246 -0.039476261 -0.016790638 -0.023998646 0.998791218
1403638141045096960.000000 -0.290177494 0.127639964 -0.074439861 -0.039417472 -0.016712451 -0.024100209 0.998792350
1403638141095097088.000000 -0.290176690 0.127143905 -0.073208325 -0.039551873 -0.016721709 -0.023946691 0.998790562
1403638141145096960.000000 -0.290159196 0.127259031 -0.073330089 -0.039426040 -0.016638644 -0.023922518 0.998797536
1403638141195097088.000000 -0.289846927 0.127343759 -0.073353603 -0.039406117 -0.016655842 -0.024033247 0.998795450
1403638141245096960.000000 -0.290353298 0.128033206 -0.074744470 -0.039138760 -0.016686704 -0.023914581 0.998808205
1403638141295097088.000000 -0.290255874 0.127150193 -0.073529162 -0.039387472 -0.016785178 -0.023804598 0.998799443
1403638141345096960.000000 -0.290006697 0.126626849 -0.072093219 -0.039172098 -0.016516101 -0.023571635 0.998817921
1403638141395097088.000000 -0.289920092 0.127340645 -0.073666789 -0.039516881 -0.016803471 -0.024027769 0.998788655
1403638141445096960.000000 -0.290082276 0.127251416 -0.072946087 -0.039411794 -0.016630042 -0.023719929 0.998803079
1403638141495097088.000000 -0.289956152 0.126751587 -0.072089806 -0.039343808 -0.016704844 -0.023792800 0.998802781
1403638141545096960.000000 -0.289930731 0.127181411 -0.073462851 -0.039541762 -0.016700141 -0.023871891 0.998793125
1403638141595097088.000000 -0.289787084 0.126975745 -0.072456315 -0.039554168 -0.016671771 -0.023983361 0.998790443
1403638141645096960.000000 -0.317295015 0.119934924 -0.069134153 -0.038685575 -0.016234752 -0.023356156 0.998846591
1403638141695097088.000000 -0.290225267 0.127476037 -0.074073859 -0.039533667 -0.016892239 -0.023905015 0.998789430
1403638141745096960.000000 -0.289952904 0.127375588 -0.073411025 -0.039508432 -0.016665302 -0.023966556 0.998792827
1403638141795097088.000000 -0.290432662 0.127832085 -0.074320391 -0.039439898 -0.016635286 -0.024022106 0.998794615
1403638141845096960.000000 -0.289966285 0.126988977 -0.072682671 -0.039443683 -0.016751029 -0.023995860 0.998793244
1403638141895097088.000000 -0.290074676 0.127075151 -0.073138796 -0.039581109 -0.016683891 -0.023970952 0.998789489
1403638141945096960.000000 -0.290456355 0.126151457 -0.071323499 -0.039628431 -0.016786309 -0.023924034 0.998787045
1403638141995097088.000000 -0.290339172 0.127383262 -0.073725015 -0.039538994 -0.016779194 -0.023969356 0.998789608
1403638142045096960.000000 -0.290369749 0.127247408 -0.073953331 -0.039414693 -0.016660683 -0.023989467 0.998796046
1403638142095097088.000000 -0.289848000 0.126935422 -0.072855935 -0.039520722 -0.016757913 -0.023889909 0.998792589
1403638142145096960.000000 -0.290306509 0.126998931 -0.073769189 -0.039211128 -0.016614852 -0.023805451 0.998809218
1403638142195097088.000000 -0.290262699 0.126996994 -0.073068097 -0.039582536 -0.016603107 -0.023639897 0.998798668
1403638142245096960.000000 -0.290148288 0.126837716 -0.073565364 -0.039914992 -0.016768040 -0.023590550 0.998783827
1403638142295097088.000000 -0.290126413 0.126562297 -0.073327877 -0.040116817 -0.016699659 -0.023648579 0.998775542
1403638142345096960.000000 -0.290153712 0.126795590 -0.072841384 -0.039815396 -0.016633570 -0.023563530 0.998790681
1403638142395097088.000000 -0.290065765 0.126967937 -0.073591091 -0.040123243 -0.016651951 -0.023694716 0.998774946
1403638142445096960.000000 -0.289696991 0.126919433 -0.073102310 -0.039519101 -0.016741578 -0.023573224 0.998800457
1403638142495097088.000000 -0.289950997 0.128019705 -0.076424167 -0.039508734 -0.016732739 -0.023482749 0.998803198
1403638142545096960.000000 -0.290487856 0.128547683 -0.078684524 -0.039539613 -0.016763166 -0.023531023 0.998800278
1403638142595097088.000000 -0.290383697 0.127850756 -0.077697165 -0.038934790 -0.016830940 -0.023642413 0.998820245
1403638142645096960.000000 -0.290168285 0.127598196 -0.076559767 -0.039030131 -0.016722402 -0.023670143 0.998817682
1403638142695097088.000000 -0.290181160 0.127269536 -0.074416831 -0.039032873 -0.016876705 -0.023551613 0.998817801
1403638142745096960.000000 -0.289726883 0.127170712 -0.073342524 -0.039116427 -0.016772779 -0.023605764 0.998815000
1403638142795097088.000000 -0.289583653 0.126815557 -0.072662227 -0.039510202 -0.016845748 -0.023546537 0.998799682
1403638142845096960.000000 -0.289514720 0.126956612 -0.072902255 -0.039201103 -0.016689086 -0.023548970 0.998814404
1403638142895097088.000000 -0.289611757 0.126707762 -0.071929254 -0.039149620 -0.016701637 -0.023635473 0.998814166
1403638142945096960.000000 -0.289782375 0.127378926 -0.074342385 -0.039108109 -0.016788043 -0.023793720 0.998810649
1403638142995097088.000000 -0.289972723 0.127213091 -0.073837176 -0.038977623 -0.016843779 -0.023740457 0.998816073
1403638143045096960.000000 -0.289802611 0.127600402 -0.074452206 -0.039017092 -0.016858818 -0.023813516 0.998812497
1403638143095097088.000000 -0.289973170 0.126885727 -0.072522886 -0.039019439 -0.016816454 -0.023749392 0.998814642
1403638143145096960.000000 -0.290007204 0.127568945 -0.073639184 -0.039006457 -0.016781909 -0.023739070 0.998815954
1403638143195097088.000000 -0.290229887 0.127770200 -0.074239202 -0.039019428 -0.016912811 -0.023668423 0.998814940
1403638143245096960.000000 -0.289224505 0.127751380 -0.075423792 -0.039399073 -0.016776256 -0.023759030 0.998800218
1403638143295097088.000000 -0.289486557 0.127793059 -0.074620888 -0.039196316 -0.016826168 -0.023563882 0.998811960
1403638143345096960.000000 -0.289808333 0.128022507 -0.074957326 -0.039100055 -0.016842362 -0.023814511 0.998809516
1403638143395097088.000000 -0.289522707 0.127082974 -0.073684625 -0.038991947 -0.016751973 -0.023549272 0.998821557
1403638143445096960.000000 -0.289779842 0.127309978 -0.073625512 -0.039169636 -0.016869888 -0.023776136 0.998807192
1403638143495097088.000000 -0.289094180 0.126862451 -0.072429374 -0.039219726 -0.016887102 -0.023790896 0.998804629
1403638143545096960.000000 -0.289530486 0.127497599 -0.074538141 -0.039303970 -0.016797690 -0.023918783 0.998799801
1403638143595097088.000000 -0.289519757 0.127395317 -0.073834799 -0.039460231 -0.016878920 -0.023713978 0.998797119
1403638143645096960.000000 -0.289521277 0.127578616 -0.074042156 -0.039526019 -0.017027184 -0.023914365 0.998787224
1403638143695097088.000000 -0.289503753 0.127194226 -0.073267981 -0.039438788 -0.016817087 -0.023759410 0.998797953
1403638143745096960.000000 -0.289864063 0.127591982 -0.074236296 -0.039439306 -0.016795265 -0.023807375 0.998797119
1403638143795097088.000000 -0.289754361 0.127698824 -0.074250698 -0.039506309 -0.016853103 -0.023803165 0.998793602
1403638143845096960.000000 -0.289705068 0.127279609 -0.073155954 -0.039245676 -0.016903203 -0.023522004 0.998809695
1403638143895097088.000000 -0.289683551 0.127124518 -0.072996646 -0.039459899 -0.016785845 -0.023691999 0.998799205
1403638143945096960.000000 -0.290000916 0.126846060 -0.072305903 -0.039389312 -0.016694112 -0.023594907 0.998805821
1403638143995097088.000000 -0.290019929 0.128017738 -0.075107001 -0.039246425 -0.016763143 -0.023429476 0.998814225
1403638144045096960.000000 -0.290427357 0.128871083 -0.076986752 -0.039296377 -0.016835382 -0.023626922 0.998806417
1403638144095097088.000000 -0.290226251 0.128157839 -0.075350277 -0.039374862 -0.016795870 -0.023738794 0.998801291
1403638144145096960.000000 -0.289827317 0.127743289 -0.074744634 -0.039575938 -0.017013563 -0.023767482 0.998789012
1403638144195097088.000000 -0.289752454 0.127481312 -0.073718414 -0.039560702 -0.016948279 -0.023811029 0.998789668
1403638144245096960.000000 -0.290209144 0.127615169 -0.074278109 -0.039473407 -0.016816936 -0.023661414 0.998798907
1403638144295097088.000000 -0.289954007 0.127547279 -0.074009553 -0.039429620 -0.016847450 -0.023581835 0.998802006
1403638144345096960.000000 -0.289977819 0.128072768 -0.075075254 -0.039436769 -0.016883610 -0.023679024 0.998798788
1403638144395097088.000000 -0.289885640 0.127530709 -0.073921658 -0.039506529 -0.016716365 -0.023796877 0.998796105
1403638144445096960.000000 -0.290084302 0.127557263 -0.074337445 -0.039594248 -0.016930021 -0.023846332 0.998787820
1403638144495097088.000000 -0.290101111 0.127533838 -0.074101105 -0.039630953 -0.016739694 -0.023950940 0.998787105
1403638144545096960.000000 -0.289802998 0.127223790 -0.073672093 -0.039679900 -0.016885014 -0.023811938 0.998785973
1403638144595097088.000000 -0.313686728 0.118628956 -0.065723971 -0.038597025 -0.016704243 -0.022898221 0.998852849
1403638144645096960.000000 -0.290167511 0.127682254 -0.074168213 -0.039474480 -0.016736574 -0.023822887 0.998796403
1403638144695097088.000000 -0.289733917 0.127440989 -0.073836818 -0.039643772 -0.016831120 -0.023984486 0.998784184
1403638144745096960.000000 -0.290048718 0.127827510 -0.074306175 -0.039533053 -0.016924573 -0.023959126 0.998787642
1403638144795097088.000000 -0.290211111 0.127660289 -0.074372582 -0.039435558 -0.016872330 -0.023796985 0.998796225
1403638144845096960.000000 -0.290144652 0.127666056 -0.074216358 -0.039398786 -0.016766740 -0.023826487 0.998798788
1403638144895097088.000000 -0.289874792 0.128167629 -0.075178742 -0.039395012 -0.016960468 -0.023920065 0.998793423
1403638144945096960.000000 -0.289980173 0.128135741 -0.075026080 -0.039320078 -0.016948482 -0.023802495 0.998799384
1403638144995097088.000000 -0.290007591 0.128193051 -0.075407535 -0.039433189 -0.016904239 -0.023894336 0.998793483
1403638145045096960.000000 -0.290128380 0.128251910 -0.075336576 -0.039247304 -0.016956171 -0.023630729 0.998806179
1403638145095097088.000000 -0.290124774 0.128086329 -0.075041994 -0.039345101 -0.016840948 -0.023842052 0.998799324
1403638145145096960.000000 -0.290362030 0.128662646 -0.076051697 -0.039192263 -0.016948668 -0.023666233 0.998807669
1403638145195097088.000000 -0.290068537 0.127404794 -0.073367342 -0.039271984 -0.016851628 -0.023611210 0.998807430
1403638145245096960.000000 -0.290265679 0.128830954 -0.076293021 -0.039200582 -0.016995758 -0.023688076 0.998806000
1403638145295097088.000000 -0.290498465 0.127549902 -0.073849410 -0.039152686 -0.016856685 -0.023588475 0.998812556
1403638145345096960.000000 -0.290149838 0.127800465 -0.074635893 -0.039386094 -0.016966768 -0.023826320 0.998795867
1403638145395097088.000000 -0.290339231 0.127310559 -0.073088199 -0.039407808 -0.016781192 -0.023623936 0.998803020
1403638145445096960.000000 -0.289867848 0.126973301 -0.071929440 -0.039460283 -0.016804101 -0.023631141 0.998800337
1403638145495097088.000000 -0.290396154 0.127389923 -0.073599927 -0.039384224 -0.016839085 -0.023673380 0.998801768
1403638145545096960.000000 -0.290235817 0.127989784 -0.074330978 -0.039405633 -0.016794201 -0.023763947 0.998799503
1403638145595097088.000000 -0.290325999 0.128109962 -0.074651316 -0.039272588 -0.016767489 -0.023666991 0.998807490
1403638145645096960.000000 -0.290021241 0.127588198 -0.073960602 -0.039260816 -0.016911598 -0.023601901 0.998807073
1403638145695097088.000000 -0.289908737 0.127669469 -0.073578618 -0.039266348 -0.016847931 -0.023545500 0.998809278
1403638145745096960.000000 -0.290410876 0.127831206 -0.074731916 -0.039249312 -0.016891440 -0.023602333 0.998807847
1403638145795097088.000000 -0.290291995 0.128221765 -0.075291313 -0.039048754 -0.016808607 -0.023541743 0.998818576
1403638145845096960.000000 -0.290146679 0.128236175 -0.075436503 -0.039149791 -0.016874444 -0.023556102 0.998813152
1403638145895097088.000000 -0.290445954 0.128396079 -0.075951263 -0.039098315 -0.016832296 -0.023614263 0.998814523
1403638145945096960.000000 -0.290390432 0.128387168 -0.076284051 -0.039260920 -0.016970050 -0.023544135 0.998807430
1403638145995097088.000000 -0.289770544 0.127391905 -0.073629722 -0.039282683 -0.016837319 -0.023728898 0.998804510
1403638146045096960.000000 -0.289711446 0.127195016 -0.072793059 -0.039073166 -0.016777707 -0.023325056 0.998823225
1403638146095097088.000000 -0.289734453 0.127278805 -0.073342353 -0.039216779 -0.016788386 -0.023631945 0.998810172
1403638146145096960.000000 -0.289695978 0.127513230 -0.073785931 -0.039087024 -0.016895309 -0.023583559 0.998814642
1403638146195097088.000000 -0.289985687 0.127314076 -0.073883809 -0.039261535 -0.016681114 -0.023505511 0.998813212
1403638146245096960.000000 -0.289646596 0.127347261 -0.073932812 -0.039251018 -0.016870683 -0.023480268 0.998811066
1403638146295097088.000000 -0.290161014 0.127892017 -0.075193934 -0.039386041 -0.016716702 -0.023463074 0.998808742
1403638146345096960.000000 -0.280130714 0.098953217 -0.067644127 -0.038269989 -0.016748186 -0.023428597 0.998852372
1403638146395097088.000000 -0.290086329 0.127863944 -0.075370379 -0.039081734 -0.016677076 -0.023454729 0.998821557
1403638146445096960.000000 -0.290418327 0.127842098 -0.074380562 -0.039067093 -0.016689185 -0.023228312 0.998827159
1403638146495097088.000000 -0.290299416 0.127089605 -0.072501779 -0.039092150 -0.016852846 -0.023248905 0.998822987
1403638146545096960.000000 -0.290091842 0.127752304 -0.074122883 -0.039329071 -0.016755648 -0.023480535 0.998809874
1403638146595097088.000000 -0.289615095 0.127148286 -0.073452011 -0.039448839 -0.016711783 -0.023839956 0.998797417
1403638146645096960.000000 -0.289749354 0.127256006 -0.073600143 -0.039435655 -0.016892180 -0.023680437 0.998798728
1403638146695097088.000000 -0.289618373 0.127280369 -0.073875904 -0.039527602 -0.016939376 -0.023813944 0.998791039
1403638146745096960.000000 -0.289274931 0.127552181 -0.074367478 -0.039441556 -0.016897824 -0.023838809 0.998794556
1403638146795097088.000000 -0.289352328 0.127637416 -0.074487500 -0.039304592 -0.016836166 -0.023738340 0.998803437
1403638146845096960.000000 -0.289626658 0.128084138 -0.074393116 -0.039292306 -0.016929822 -0.023744382 0.998802125
1403638146895097088.000000 -0.290029734 0.127680391 -0.073000073 -0.039214116 -0.016615959 -0.023779681 0.998809636
1403638146945096960.000000 -0.290200651 0.127758369 -0.073794924 -0.039104205 -0.016623465 -0.023743983 0.998814702
1403638146995097088.000000 -0.289912850 0.127369374 -0.072819449 -0.039270014 -0.016854377 -0.023611395 0.998807430
1403638147045096960.000000 -0.289794683 0.126241669 -0.069996610 -0.039037354 -0.016790938 -0.023454260 0.998821378
1403638147095097088.000000 -0.289773732 0.127201945 -0.072891392 -0.038999200 -0.016831195 -0.023655260 0.998817444
1403638147145096960.000000 -0.290140569 0.127201036 -0.073298074 -0.039063044 -0.017150141 -0.023656303 0.998809516
1403638147195097088.000000 -0.289674312 0.127140254 -0.073202252 -0.039017294 -0.017154519 -0.023619862 0.998812079
1403638147245096960.000000 -0.289691955 0.126749605 -0.072978221 -0.039122816 -0.017218871 -0.023612168 0.998807013
1403638147295097088.000000 -0.290002108 0.127306670 -0.074034415 -0.039070666 -0.017157787 -0.023714213 0.998807728
1403638147345096960.000000 -0.289977968 0.126971662 -0.072071299 -0.039137002 -0.017014237 -0.023717323 0.998807490
1403638147395097088.000000 -0.290306747 0.127488554 -0.074075580 -0.039182030 -0.016909309 -0.023868190 0.998803914
1403638147445096960.000000 -0.290453613 0.126711324 -0.072537668 -0.039263386 -0.016856316 -0.023840141 0.998802304
1403638147495097088.000000 -0.280702293 0.096551083 -0.063656069 -0.037909053 -0.016038503 -0.023506533 0.998875976
1403638147545096960.000000 -0.310418218 0.118825145 -0.057977047 -0.038040668 -0.015796177 -0.022377426 0.998900771
1403638147595097088.000000 -0.290556043 0.126321316 -0.072528727 -0.038253393 -0.015495383 -0.023168532 0.998879313
1403638147645096960.000000 -0.290580004 0.126425833 -0.071524896 -0.038254444 -0.015909784 -0.023784488 0.998858273
1403638147695097088.000000 -0.289592445 0.126054838 -0.069951929 -0.037590247 -0.015668374 -0.023625823 0.998891056
1403638147745096960.000000 -0.285491258 0.126376808 -0.065750204 -0.037439343 -0.015065334 -0.023638437 0.998905718
1403638147795097088.000000 -0.288786829 0.128093377 -0.068268083 -0.037464872 -0.011706529 -0.023265610 0.998958528
1403638147845096960.000000 -0.286740601 0.129021555 -0.066900350 0.039251506 0.006960395 0.022466028 -0.998952568
1403638147895097088.000000 -0.277700633 0.129214302 -0.068162359 -0.040753491 0.000871623 -0.022078499 0.998924911
1403638147945096960.000000 -0.271886915 0.129957631 -0.065963700 0.041773267 -0.007409312 0.021588992 -0.998866439
1403638147995097088.000000 -0.254231721 0.097578809 -0.050366811 -0.041013539 0.012420335 -0.020322477 0.998874724
1403638148045096960.000000 -0.244613200 0.097791769 -0.049066611 0.041372139 -0.017380988 0.021472482 -0.998761892
1403638148095097088.000000 -0.231294498 0.098160557 -0.047670301 -0.040846501 0.021286435 -0.021107441 0.998715699
1403638148145096960.000000 -0.217574090 0.098237656 -0.047575679 0.040384315 -0.024221325 0.023004090 -0.998625696
1403638148195097088.000000 -0.204110950 0.104928315 -0.039954148 -0.041942935 0.026010202 -0.023392012 0.998507500
1403638148245096960.000000 -0.183978543 0.104186468 -0.042395551 0.040298656 -0.026659191 0.023605512 -0.998553038
1403638148295097088.000000 -0.169230267 0.121428601 -0.056326058 -0.037530571 0.027078649 -0.025349652 0.998606801
1403638148345096960.000000 -0.142824635 0.119873077 -0.062490601 0.035808925 -0.028343735 0.025887383 -0.998621166
1403638148395097088.000000 -0.118283294 0.117916107 -0.064769275 -0.034407429 0.027764661 -0.026820246 0.998662114
1403638148445096960.000000 -0.097491205 0.116570093 -0.069444485 0.033337705 -0.026357887 0.027853431 -0.998708189
1403638148495097088.000000 -0.082035258 0.117598295 -0.074012607 -0.032784458 0.021321749 -0.029308034 0.998805106
1403638148545096960.000000 -0.073125146 0.117231913 -0.074071944 0.032510344 -0.018132403 0.030890744 -0.998829365
1403638148595097088.000000 -0.063636720 0.106441863 -0.054798834 -0.031543575 0.014272373 -0.031253133 0.998911738
1403638148645096960.000000 -0.065164864 0.107067652 -0.050931785 0.030762143 -0.010750835 0.032370023 -0.998944640
1403638148695097088.000000 -0.068557769 0.128702939 -0.054348622 -0.029520327 0.007936202 -0.032725070 0.998996794
1403638148745096960.000000 -0.071545333 0.128727630 -0.048624709 0.028167080 -0.005544125 0.032592736 -0.999056399
1403638148795097088.000000 -0.066228159 0.130409986 -0.041526910 -0.027217237 0.003462934 -0.032656882 0.999089956
1403638148845096960.000000 -0.064519607 0.130674914 -0.034861002 0.025855882 -0.002660946 0.032499515 -0.999133706
1403638148895097088.000000 -0.057381198 0.125508800 -0.026316177 -0.025236242 0.002322263 -0.033067942 0.999131799
1403638148945096960.000000 -0.050204031 0.125269234 -0.019932175 0.024225237 -0.003682636 0.032986339 -0.999155402
1403638148995097088.000000 -0.026973173 0.088405408 -0.005720841 -0.024102742 0.005252822 -0.033464644 0.999135435
1403638149045096960.000000 -0.012084910 0.087179035 -0.000895687 0.023091184 -0.008849215 0.033804793 -0.999122500
1403638149095097088.000000 0.000818887 0.116335876 -0.008075948 -0.021429498 0.012078847 -0.034247905 0.999110639
1403638149145096960.000000 0.020756831 0.111638270 -0.003650827 -0.020903500 0.014604112 -0.034609452 0.999075592
1403638149195097088.000000 0.040997028 0.108793996 0.001025781 0.020515244 -0.016090222 0.034472972 -0.999065459
1403638149245096960.000000 0.060364105 0.100934714 -0.000466035 -0.020080613 0.017479755 -0.033947248 0.999068975
1403638149295097088.000000 0.079589412 0.092441291 0.001738361 -0.019705229 0.018024292 -0.032227043 0.999123812
1403638149345096960.000000 0.097328618 0.088865288 0.007447527 0.018960150 -0.019258598 0.031358745 -0.999142766
1403638149395097088.000000 0.138569027 0.043621745 0.029564802 -0.019873915 0.020260477 -0.031695366 0.999094605
1403638149445096960.000000 0.153962150 0.039998088 0.035210572 0.019599678 -0.020864829 0.031493157 -0.999094009
1403638149495097088.000000 0.153116807 0.043211810 0.030623680 -0.017933456 0.021816703 -0.032240409 0.999081135
1403638149545096960.000000 0.165606290 0.039416507 0.036723450 0.017930301 -0.022076270 0.032879975 -0.999054551
1403638149595097088.000000 0.174770474 0.035981372 0.042901479 -0.017543832 0.022187635 -0.033891201 0.999025226
1403638149645096960.000000 0.183730632 0.031600069 0.050167244 0.015687941 -0.021837192 0.035064314 -0.999023318
1403638149695097088.000000 0.195513025 0.023718391 0.058285631 -0.012663682 0.022009309 -0.036330767 0.999017239
1403638149745096960.000000 0.203195035 0.017533960 0.066266187 -0.009913138 0.022111371 -0.038188856 0.998976707
1403638149795097088.000000 0.208532915 0.013156991 0.074475452 0.006927039 -0.021725960 0.038957357 -0.998980701
1403638149845096960.000000 0.252567559 -0.011275395 0.100689448 -0.006419864 0.020588109 -0.040201209 0.998958945
1403638149895097088.000000 0.256581038 -0.015776820 0.109297588 0.004218142 -0.021154772 0.040580470 -0.998943388
1403638149945096960.000000 0.223466247 -0.003833290 0.100419000 -0.000564283 0.021291899 -0.041801937 0.998898864
1403638149995097088.000000 0.224886835 -0.008520397 0.109468780 -0.000635346 -0.021094242 0.043670844 -0.998823106
1403638150045096960.000000 0.233398199 -0.017162712 0.120121524 0.000038817 0.021225279 -0.047880094 0.998627543
1403638150095097088.000000 0.232304424 -0.022456894 0.130202234 0.000483825 -0.021022027 0.052394453 -0.998405099
1403638150145096960.000000 0.231148377 -0.032285601 0.141205952 -0.001558167 0.020952504 -0.057540085 0.998122096
1403638150195097088.000000 0.227268189 -0.039250851 0.152081609 0.002485852 -0.020950932 0.061639581 -0.997875452
1403638150245096960.000000 0.253480911 -0.064269811 0.192101613 -0.005418420 0.020765366 -0.064989306 0.997655213
1403638150295097088.000000 0.247184455 -0.073894456 0.204002887 0.005165400 -0.018498482 0.065019213 -0.997699201
1403638150345096960.000000 0.214125752 -0.066924945 0.184781417 -0.003402887 0.016226208 -0.065632910 0.997706175
1403638150395097088.000000 0.206525162 -0.079827026 0.197028548 0.001199334 -0.011798630 0.063485414 -0.997912288
1403638150445096960.000000 0.205662936 -0.093518831 0.212617382 0.002915893 0.005330372 -0.060012929 0.998179078
1403638150495097088.000000 0.202006698 -0.109336406 0.223798767 0.008085287 0.001368604 -0.057416469 0.998316705
1403638150545096960.000000 0.199885130 -0.126757786 0.234891251 -0.012851824 0.002862035 0.057049632 -0.998284578
1403638150595097088.000000 0.200365692 -0.139076293 0.245642170 0.017509697 -0.005423663 -0.056657877 0.998225331
1403638150645096960.000000 0.204390436 -0.158333078 0.256080478 -0.021807792 0.006638571 0.056443639 -0.998145521
1403638150695097088.000000 0.235337600 -0.212011024 0.307763189 0.023004858 -0.006550049 -0.056723595 0.998103380
1403638150745096960.000000 0.243615702 -0.232182473 0.318987668 0.026485721 -0.005965974 -0.058028128 0.997945786
1403638150795097088.000000 0.225849301 -0.211940870 0.292038977 0.032461829 -0.004040569 -0.060090456 0.997656822
1403638150845096960.000000 0.237946212 -0.231749788 0.307395160 0.037253935 -0.002272267 -0.062787920 0.997328818
1403638150895097088.000000 0.248654500 -0.253478467 0.321818650 0.041758787 0.000298776 -0.065544792 0.996975482
1403638150945096960.000000 0.259269476 -0.272123486 0.337538391 0.045710549 0.003137357 -0.067882277 0.996640742
1403638150995097088.000000 0.269818813 -0.293924212 0.352605462 0.050479889 0.007465341 -0.069840275 0.996252239
1403638151045096960.000000 0.276481390 -0.314993322 0.364520788 0.055836696 0.008313869 -0.072719343 0.995753467
1403638151095097088.000000 0.284201503 -0.337762177 0.380708694 0.062521063 0.010678607 -0.076575503 0.995044410
1403638151145096960.000000 0.319464982 -0.421653718 0.453327894 0.067767523 0.012214765 -0.081359081 0.994303346
1403638151195097088.000000 0.323778421 -0.445665836 0.470734358 0.077474184 0.012450051 -0.085569479 0.993237495
1403638151245096960.000000 0.295735419 -0.408228248 0.431253105 0.091444939 0.011827051 -0.089306429 0.991726995
1403638151295097088.000000 0.298928291 -0.435108006 0.454105973 0.102514967 0.010775834 -0.093414120 0.990276933
1403638151345096960.000000 0.297604471 -0.456824720 0.472513855 0.114215046 0.009510685 -0.097984768 0.988566399
1403638151395097088.000000 0.299336523 -0.483286828 0.489269972 -0.126730219 -0.008987699 0.101557374 -0.986683726
1403638151445096960.000000 0.302496046 -0.510380745 0.508669615 0.139164194 0.008190282 -0.104301110 0.984727204
1403638151495097088.000000 0.307090282 -0.537933469 0.523814857 -0.150875822 -0.007929672 0.108601674 -0.982537210
1403638151545096960.000000 0.340802968 -0.644299030 0.604810417 0.158768103 0.007078621 -0.110949747 0.981036603
1403638151595097088.000000 0.348162085 -0.672401965 0.618995547 0.167872816 0.006289969 -0.114395499 0.979128599
1403638151645096960.000000 0.327454746 -0.616720200 0.563769996 0.178902909 0.007326878 -0.117567092 0.976789653
1403638151695097088.000000 0.337468863 -0.645171642 0.576547325 -0.185450643 -0.007318811 0.120190211 -0.975248098
1403638151745096960.000000 0.331305087 -0.662647665 0.588645935 0.190375045 0.007235048 -0.122295916 0.974037409
1403638151795097088.000000 0.359212875 -0.710959375 0.606073081 0.194478139 0.006061338 -0.124414273 0.972965956
1403638151845096960.000000 0.371883184 -0.735537589 0.613355041 0.197911352 0.005474920 -0.125560179 0.972129583
1403638151895097088.000000 0.389183283 -0.765137494 0.622735023 0.200120613 0.005020569 -0.126595497 0.971545279
1403638151945096960.000000 0.443764180 -0.914635539 0.716234088 0.197024554 0.003592690 -0.129523650 0.971798420
1403638151995097088.000000 0.462191403 -0.945665121 0.726058841 0.198048800 0.003114039 -0.130512819 0.971459389
1403638152045096960.000000 0.430870712 -0.850169897 0.646319628 0.202691346 0.003711251 -0.129742607 0.970602572
1403638152095097088.000000 0.446886092 -0.882023036 0.656787336 0.202748805 0.003410756 -0.130408227 0.970502436
1403638152145096960.000000 0.452894807 -0.890489638 0.655106843 0.203005850 0.003595356 -0.131141424 0.970349252
1403638152195097088.000000 0.464778900 -0.933606029 0.676661611 0.202692047 0.003614627 -0.130983710 0.970436037
1403638152245096960.000000 0.475265324 -0.965563178 0.688472748 0.202057183 0.004205809 -0.132333919 0.970382869
1403638152295097088.000000 0.484491348 -0.998459160 0.701373458 0.201281741 0.004524304 -0.133492246 0.970384002
1403638152345096960.000000 0.554789603 -1.193578482 0.813671887 0.196146071 0.003936962 -0.135888398 0.971105337
1403638152395097088.000000 0.560082674 -1.227405310 0.828069925 0.194963679 0.003719044 -0.137333438 0.971141040
1403638152445096960.000000 0.562636614 -1.260387540 0.842113316 0.193679988 0.003675664 -0.138249099 0.971268177
1403638152495097088.000000 0.564383566 -1.295716405 0.857612610 0.192164183 0.003366328 -0.139942452 0.971327841
1403638152545096960.000000 0.568240345 -1.355392337 0.872820556 0.191454440 0.003673782 -0.139991641 0.971459746
1403638152595097088.000000 0.569065452 -1.397455573 0.887837708 0.191372767 0.003485519 -0.138654098 0.971668363
1403638152645096960.000000 0.566124678 -1.428908229 0.903395295 0.191937953 0.001012634 -0.137176588 0.971772373
1403638152695097088.000000 0.565336466 -1.467794895 0.918551922 -0.194197729 0.000598551 0.135017410 -0.971626043
1403638152745096960.000000 0.570871830 -1.528690457 0.934962511 0.197387308 -0.000539431 -0.134238198 0.971091211
1403638152795097088.000000 0.574542463 -1.570296407 0.949422479 -0.202324510 -0.000207293 0.132610768 -0.970298529
1403638152845096960.000000 0.576021850 -1.591853857 0.958897412 0.208150789 0.000939755 -0.131921753 0.969158947
1403638152895097088.000000 0.583997071 -1.635082960 0.972449303 0.214961514 0.003580203 -0.131079376 0.967779458
1403638152945096960.000000 0.601227760 -1.719379544 0.991412818 0.221786901 0.005588415 -0.132238224 0.966070592
1403638152995097088.000000 0.601762950 -1.716189861 0.997179031 0.229688570 0.005335033 -0.134177476 0.963955998
1403638153045096960.000000 0.612982273 -1.757950187 1.007993817 0.236668676 0.002896116 -0.136915684 0.961890697
1403638153095097088.000000 0.638429046 -1.865084171 1.027370334 0.242068112 -0.000863399 -0.139542937 0.960171878
1403638153145096960.000000 0.650411725 -1.906805515 1.038081884 0.247147724 -0.004068314 -0.142224997 0.958474636
1403638153195097088.000000 0.662195683 -1.948937058 1.050256252 0.251224726 -0.006085421 -0.144632682 0.957042575
1403638153245096960.000000 0.682399929 -2.033884764 1.067672968 0.254282802 -0.007578367 -0.146751195 0.955901146
1403638153295097088.000000 0.692127049 -2.076279402 1.082068563 0.258013159 -0.008214296 -0.149809241 0.954420805
1403638153345096960.000000 0.689934850 -2.074740648 1.089438438 0.263353974 -0.009439153 -0.151861221 0.952624679
1403638153395097088.000000 0.697353244 -2.117219448 1.104879618 0.269031107 -0.009991460 -0.154823035 0.950553656
1403638153445096960.000000 0.714135408 -2.202892780 1.124931097 0.274317026 -0.010345360 -0.159674346 0.948233783
1403638153495097088.000000 0.725641549 -2.258381605 1.141491652 0.279348075 -0.010132096 -0.167013183 0.945499182
1403638153545096960.000000 0.736831188 -2.309733391 1.156968117 0.284874618 -0.010081493 -0.174748138 0.942447841
1403638153595097088.000000 0.747470140 -2.355421543 1.171454668 0.291842133 -0.010399246 -0.180582270 0.939207196
1403638153645096960.000000 0.759823501 -2.402377367 1.184344769 0.299291641 -0.009838350 -0.186296597 0.935746431
1403638153695097088.000000 0.771829247 -2.451169729 1.197799206 0.308385968 -0.009715966 -0.189338326 0.932177424
1403638153745096960.000000 0.790330172 -2.529061556 1.214056849 0.318029761 -0.008755696 -0.190010846 0.928803742
1403638153795097088.000000 0.800175071 -2.579614639 1.228618383 0.326060265 -0.007947962 -0.192358047 0.925537646
1403638153845096960.000000 0.810484767 -2.640293360 1.242482781 0.333626777 -0.006935466 -0.193424016 0.922622502
1403638153895097088.000000 0.816879034 -2.680527449 1.257022142 0.340072930 -0.005147414 -0.193836987 0.920190871
1403638153945096960.000000 0.828601956 -2.762464523 1.275722265 0.345796645 -0.002374755 -0.192576826 0.918331802
1403638153995097088.000000 0.832358718 -2.815078735 1.291954279 0.350330561 -0.001495414 -0.191678613 0.916801870
1403638154045096960.000000 0.837488532 -2.880884886 1.308707118 0.353936911 -0.000346514 -0.190416604 0.915680170
1403638154095097088.000000 0.838496923 -2.932973385 1.324893951 0.356546998 0.001915685 -0.190485984 0.914650619
1403638154145096960.000000 0.830637813 -2.943645239 1.337122917 0.358818173 0.005320142 -0.190280020 0.913791478
1403638154195097088.000000 0.834545016 -3.023525953 1.356397152 0.359837264 0.009072908 -0.190254062 0.913366497
1403638154245096960.000000 0.832189441 -3.075750351 1.372454405 0.360635132 0.012827259 -0.190781236 0.912896752
1403638154295097088.000000 0.837426126 -3.176455975 1.390986204 0.360812008 0.015492332 -0.190707222 0.912800848
1403638154345096960.000000 0.834459364 -3.235199928 1.406565309 0.361663848 0.019059358 -0.188616067 0.912830770
1403638154395097088.000000 0.829594314 -3.288581371 1.417347908 0.362302125 0.024569519 -0.186851084 0.912809014
1403638154445096960.000000 0.824170113 -3.346402884 1.431647658 0.362973541 0.028051015 -0.184474766 0.912925243
1403638154495097088.000000 0.816768706 -3.402763844 1.445022702 0.363028735 0.030710937 -0.182982683 0.913117945
1403638154545096960.000000 0.810187459 -3.459554195 1.456353307 0.363116920 0.030080980 -0.182112440 0.913277805
1403638154595097088.000000 0.804957807 -3.522206306 1.469486475 0.364333451 0.028128676 -0.181730330 0.912931561
1403638154645096960.000000 0.800397754 -3.577631950 1.475618601 0.366183519 0.025046635 -0.182400495 0.912147105
1403638154695097088.000000 0.796759784 -3.631710529 1.479385376 0.368805051 0.020680452 -0.183919951 0.910894394
1403638154745096960.000000 0.794359505 -3.686575174 1.481708288 0.371313065 0.017053669 -0.187972277 0.909121692
1403638154795097088.000000 0.793328404 -3.739642620 1.482388616 0.373463631 0.014456831 -0.192350894 0.907368243
1403638154845096960.000000 0.793644309 -3.794245005 1.481658697 0.375457644 0.013191763 -0.196812123 0.905606151
1403638154895097088.000000 0.793785214 -3.849323273 1.481867790 0.377768695 0.012599886 -0.200311750 0.903884590
1403638154945096960.000000 0.797223449 -3.904804945 1.477726817 0.380336553 0.012625746 -0.204553679 0.901855052
1403638154995097088.000000 0.800569057 -3.959005356 1.472820282 0.384257555 0.013276028 -0.206995130 0.899623811
1403638155045096960.000000 0.805693030 -4.014693260 1.465373993 0.389403731 0.014388617 -0.209161058 0.896888793
1403638155095097088.000000 0.811658263 -4.070466042 1.455552340 0.394892842 0.014809894 -0.211491123 0.893930614
1403638155145096960.000000 0.815856278 -4.117674351 1.443260789 0.400665164 0.016314801 -0.212418154 0.891111612
1403638155195097088.000000 0.819740832 -4.173223972 1.431918859 0.405861288 0.016589565 -0.212533340 0.888724446
1403638155245096960.000000 0.820573509 -4.236768723 1.424437881 0.410757184 0.018948844 -0.212136656 0.886519909
1403638155295097088.000000 0.821113348 -4.292481422 1.412559867 0.414640278 0.021448625 -0.212335229 0.884605706
1403638155345096960.000000 0.819580793 -4.346577168 1.398549080 0.418411255 0.024441654 -0.213522509 0.882464051
1403638155395097088.000000 0.816206396 -4.400915146 1.384899020 0.423188984 0.027200328 -0.214684948 0.879819095
1403638155445096960.000000 0.807332039 -4.447261810 1.376132846 0.427567810 0.030005425 -0.217258632 0.876974463
1403638155495097088.000000 0.799496412 -4.501293659 1.361459732 0.432595164 0.030756060 -0.219627187 0.873887539
1403638155545096960.000000 0.787894368 -4.560730457 1.345543385 0.440058887 0.030220054 -0.218304023 0.870504677
1403638155595097088.000000 0.775989175 -4.613600254 1.328613281 0.447840720 0.029359225 -0.217208490 0.866831720
1403638155645096960.000000 0.761253834 -4.663957119 1.311529636 0.457412243 0.029320262 -0.214472696 0.862505555
1403638155695097088.000000 0.746585727 -4.715173244 1.291955471 0.467354774 0.030004874 -0.213107511 0.857475638
1403638155745096960.000000 0.729205132 -4.760087967 1.274918318 0.477067292 0.029248744 -0.212964699 0.852172136
1403638155795097088.000000 0.711446166 -4.808589935 1.254098892 0.486501515 0.027884718 -0.214854822 0.846390069
1403638155845096960.000000 0.690981388 -4.856820583 1.232840300 0.496337920 0.025236519 -0.216355830 0.840358198
1403638155895097088.000000 0.671025276 -4.902124405 1.210886955 0.505777001 0.020696871 -0.220430434 0.833769560
1403638155945096960.000000 0.650164604 -4.944267273 1.188436985 0.515250683 0.014260835 -0.225560322 0.826701880
1403638155995097088.000000 0.631418824 -4.986771584 1.164024353 0.524771333 0.007300721 -0.231945112 0.819001436
1403638156045096960.000000 0.613379836 -5.026646137 1.139274836 0.534073710 0.000534672 -0.238778427 0.811017811
1403638156095097088.000000 0.598484516 -5.067560196 1.112519026 0.543560803 -0.006044506 -0.244981378 0.802800894
1403638156145096960.000000 0.584890604 -5.106610298 1.085805416 0.552760303 -0.009919324 -0.248940811 0.795227110
1403638156195097088.000000 0.574318290 -5.146324158 1.058069944 0.561633289 -0.013759878 -0.251077473 0.788250506
1403638156245096960.000000 0.564671040 -5.186347008 1.029993534 0.569553792 -0.016622515 -0.255024403 0.781213641
1403638156295097088.000000 0.556597471 -5.226737499 1.002423525 0.576503813 -0.021095237 -0.259470403 0.774514973
1403638156345096960.000000 0.547806501 -5.266816616 0.976948738 0.582447112 -0.024611540 -0.263305813 0.768647969
1403638156395097088.000000 0.538675547 -5.307415009 0.951821804 0.587615490 -0.027824037 -0.265314102 0.763899446
1403638156445096960.000000 0.527611017 -5.344974995 0.924962044 0.591534913 -0.030534573 -0.267784089 0.759898543
1403638156495097088.000000 0.515939593 -5.385990143 0.902985096 0.594618857 -0.032811843 -0.269281656 0.756861448
1403638156545096960.000000 0.503368139 -5.427537918 0.882407188 0.597223103 -0.033433717 -0.270277768 0.754424810
1403638156595097088.000000 0.490864635 -5.468077183 0.858186722 0.599222302 -0.034007393 -0.270771176 0.752634764
1403638156645096960.000000 0.475815058 -5.510796070 0.840627670 0.600200415 -0.034273919 -0.271527767 0.751570046
1403638156695097088.000000 0.459631920 -5.551927090 0.823690891 0.600787282 -0.035069998 -0.271933317 0.750917375
1403638156745096960.000000 0.442681789 -5.596789360 0.808495998 0.601252377 -0.034405611 -0.272322476 0.750434697
1403638156795097088.000000 0.424948931 -5.640403271 0.792616844 0.601050556 -0.034660228 -0.272611409 0.750479817
1403638156845096960.000000 0.406660557 -5.686999798 0.779838085 0.600442231 -0.034813344 -0.272941887 0.750839472
1403638156895097088.000000 0.388424158 -5.733870506 0.767731667 0.599888980 -0.034624420 -0.273072660 0.751242816
1403638156945096960.000000 0.372357368 -5.775497913 0.751690865 0.598670423 -0.034936689 -0.273570657 0.752018869
1403638156995097088.000000 0.356371641 -5.823175907 0.740198135 0.597634017 -0.034875363 -0.273241997 0.752964973
1403638157045096960.000000 0.342296600 -5.873015881 0.728901386 0.596237719 -0.036271080 -0.273590595 0.753878832
1403638157095097088.000000 0.331659555 -5.920416832 0.713726521 0.594942749 -0.037710413 -0.274067611 0.754657567
1403638157145096960.000000 0.321506739 -5.972572803 0.702928066 0.593186915 -0.039555278 -0.275099725 0.755569220
1403638157195097088.000000 0.313346148 -6.023409367 0.689411163 0.591193736 -0.040945284 -0.276686192 0.756477594
1403638157245096960.000000 0.305932522 -6.077028275 0.678336143 0.590785444 -0.041962277 -0.275581568 0.757143736
1403638157295097088.000000 0.300719976 -6.130614758 0.664966583 0.591446698 -0.040820222 -0.275315017 0.756786764
1403638157345096960.000000 0.297036409 -6.187458515 0.652435780 0.592129886 -0.038541310 -0.276424915 0.755967021
1403638157395097088.000000 0.292950153 -6.245049953 0.640115261 0.592629313 -0.035801057 -0.278032571 0.755120277
1403638157445096960.000000 0.287931919 -6.302058220 0.627861023 0.593443632 -0.031998854 -0.279188812 0.754224360
1403638157495097088.000000 0.281638622 -6.361675739 0.616866589 0.595718384 -0.029174346 -0.279126436 0.752566934
1403638157545096960.000000 0.275334120 -6.415934563 0.607704639 0.599063933 -0.026210677 -0.279036760 0.750049293
1403638157595097088.000000 0.266836643 -6.476262093 0.597068787 0.603571415 -0.022751581 -0.279215723 0.746473432
1403638157645096960.000000 0.261117458 -6.537856579 0.584781170 0.608756065 -0.018268181 -0.279998183 0.742080390
1403638157695097088.000000 0.251382351 -6.598672390 0.573980331 0.614845395 -0.013483483 -0.281813234 0.736454189
1403638157745096960.000000 0.242626667 -6.658563614 0.562427044 0.621318996 -0.009657455 -0.284694374 0.729944229
1403638157795097088.000000 0.232310772 -6.716344357 0.552628994 0.628634512 -0.007868349 -0.287082285 0.722731352
1403638157845096960.000000 0.226255417 -6.777332783 0.538105011 0.636963248 -0.007766018 -0.288667947 0.714764595
1403638157895097088.000000 0.221864223 -6.838309765 0.522008419 0.645423353 -0.008293857 -0.289490253 0.706792295
1403638157945096960.000000 0.219731569 -6.904596329 0.505297661 0.653403044 -0.009543055 -0.290930241 0.698808253
1403638157995097088.000000 0.217751503 -6.965659142 0.487213135 0.659918964 -0.009639088 -0.292728484 0.691898882
1403638158045096960.000000 0.220099688 -7.022211075 0.467649937 0.665660441 -0.014696050 -0.294398487 0.685572624
1403638158095097088.000000 0.216182470 -7.081904888 0.450613022 0.671347260 -0.018503347 -0.293957591 0.680102587
1403638158145096960.000000 0.210824251 -7.141525269 0.434348106 0.676113904 -0.021465560 -0.293306887 0.675559342
1403638158195097088.000000 0.204823256 -7.197937489 0.419713020 0.680296421 -0.025029683 -0.292026669 0.671781838
1403638158245096960.000000 0.197378874 -7.256842613 0.405758381 0.683135569 -0.025720147 -0.292309552 0.668744624
1403638158295097088.000000 0.189012051 -7.315599442 0.392692566 0.685249805 -0.024992980 -0.293001980 0.666301727
1403638158345096960.000000 0.181985140 -7.373291016 0.380981922 0.685987353 -0.023880657 -0.295793205 0.664347351
1403638158395097088.000000 0.172329187 -7.430744171 0.370047569 0.686739922 -0.022900885 -0.296770513 0.663167536
1403638158445096960.000000 0.162741423 -7.487462997 0.359227180 0.686810553 -0.019544639 -0.299088001 0.662159860
1403638158495097088.000000 0.151418686 -7.544077396 0.349460125 0.686895728 -0.016826630 -0.300469220 0.661520541
1403638158545096960.000000 0.139100552 -7.599899292 0.340031624 0.686785460 -0.013776526 -0.301534534 0.661220849
1403638158595097088.000000 0.127322912 -7.654502869 0.330317974 0.686333179 -0.012108778 -0.302430123 0.661313951
1403638158645096960.000000 0.113850832 -7.709946632 0.320431232 0.686254442 -0.010616616 -0.301949829 0.661640763
1403638158695097088.000000 0.099972963 -7.764922619 0.309866905 0.686356723 -0.011642447 -0.300406396 0.662219763
1403638158745096960.000000 0.087515116 -7.818176270 0.298559666 0.686396420 -0.013820400 -0.298984677 0.662779927
1403638158795097088.000000 0.073517323 -7.872307777 0.286740303 0.685912907 -0.018158194 -0.298453361 0.663414896
1403638158845096960.000000 0.061929226 -7.923421383 0.274362564 0.685096204 -0.022656864 -0.297909915 0.664364100
1403638158895097088.000000 0.051350594 -7.976509094 0.261076927 0.683972538 -0.026836595 -0.298434466 0.665130258
1403638158945096960.000000 0.043564320 -8.034649849 0.247738838 0.683561862 -0.030427402 -0.297762841 0.665698588
1403638158995097088.000000 0.037663221 -8.088431358 0.233176231 0.681923985 -0.033656683 -0.299647689 0.666376948
1403638159045096960.000000 0.033608913 -8.142160416 0.218201637 0.680078149 -0.038389709 -0.302425176 0.666752636
1403638159095097088.000000 0.032925606 -8.194850922 0.205083847 0.677698016 -0.042654846 -0.306394637 0.667104483
1403638159145096960.000000 0.030195713 -8.249688148 0.190121651 0.674943209 -0.049112540 -0.310635835 0.667491615
1403638159195097088.000000 0.026403189 -8.305662155 0.175867081 0.671929061 -0.053630754 -0.315959126 0.667686224
1403638159245096960.000000 0.021509647 -8.361675262 0.165102005 0.670570135 -0.054877542 -0.317790747 0.668081820
1403638159295097088.000000 0.016569853 -8.421415329 0.151936531 0.671732247 -0.052189488 -0.313951969 0.668944180
1403638159345096960.000000 0.012982130 -8.486401558 0.140470505 0.674880922 -0.047436316 -0.306197017 0.669723034
1403638159395097088.000000 0.006825447 -8.549201965 0.128563881 0.678431273 -0.040316906 -0.297577828 0.670487225
1403638159445096960.000000 0.001634121 -8.612290382 0.119798660 0.682594836 -0.032273587 -0.287183285 0.671229184
1403638159495097088.000000 -0.002645254 -8.675769806 0.109209061 0.686931610 -0.026080713 -0.276080757 0.671732247
1403638159545096960.000000 -0.004990816 -8.738489151 0.098788261 0.691501260 -0.022583026 -0.264020860 0.672018707
1403638159595097088.000000 -0.005697727 -8.797755241 0.091433525 0.695674181 -0.023023231 -0.252535701 0.672110915
1403638159645096960.000000 -0.003711462 -8.858140945 0.082019806 0.698910773 -0.023816956 -0.243535534 0.672046900
1403638159695097088.000000 0.000978708 -8.917814255 0.073834419 0.701446950 -0.024702644 -0.236282259 0.671961784
1403638159745096960.000000 0.009112120 -8.974445343 0.071591377 0.702833712 -0.027299639 -0.232756898 0.671642661
1403638159795097088.000000 0.020036221 -9.030967712 0.066574097 0.703036249 -0.023372507 -0.232952476 0.671510935
1403638159845096960.000000 0.032789230 -9.078404427 0.066576004 0.702761948 -0.019054003 -0.234865934 0.671267927
1403638159895097088.000000 0.049967766 -9.131646156 0.064723015 0.701005578 -0.012588383 -0.241533935 0.670890510
1403638159945096960.000000 0.069696903 -9.180799484 0.064990997 0.698846579 -0.006567336 -0.248307616 0.670756042
1403638159995097088.000000 0.100372553 -9.228469849 0.069955826 0.697852910 -0.002607220 -0.253412426 0.669907987
1403638160045096960.000000 0.125830889 -9.272731781 0.069574356 0.696667194 0.000093908 -0.257977217 0.669404745
1403638160095097088.000000 0.152707577 -9.315005302 0.069323540 0.695467591 -0.000598197 -0.262209386 0.669007301
1403638160145096960.000000 0.181059837 -9.348160744 0.073857307 0.694127202 -0.002310537 -0.267363697 0.668355346
1403638160195097088.000000 0.212605238 -9.389070511 0.072538376 0.691640198 -0.007939436 -0.274864137 0.667847753
1403638160245096960.000000 0.245587111 -9.423011780 0.074074745 0.688840151 -0.014077216 -0.282922238 0.667275190
1403638160295097088.000000 0.281423092 -9.461701393 0.071377754 0.686598659 -0.020168159 -0.289188534 0.666742563
1403638160345096960.000000 0.317955494 -9.495369911 0.072113991 0.684413612 -0.024152774 -0.295264304 0.666193426
1403638160395097088.000000 0.356800556 -9.533169746 0.068564415 0.682760358 -0.027186409 -0.299589545 0.665841818
1403638160445096960.000000 0.395122051 -9.571216583 0.065415382 0.682090640 -0.029333608 -0.301171839 0.665723264
1403638160495097088.000000 0.427659512 -9.603811264 0.065561295 0.681597352 -0.030417938 -0.302177310 0.665724218
1403638160545096960.000000 0.463540077 -9.642595291 0.063493729 0.680996716 -0.031254809 -0.303276747 0.665800214
1403638160595097088.000000 0.498104095 -9.682180405 0.061614990 0.680861354 -0.031707861 -0.303555578 0.665790081
1403638160645096960.000000 0.530060768 -9.719474792 0.067548752 0.680509150 -0.033481535 -0.303979099 0.665870190
1403638160695097088.000000 0.562189102 -9.759524345 0.066371918 0.680674195 -0.032023415 -0.303440303 0.666018903
1403638160745096960.000000 0.589576244 -9.798686981 0.062184334 0.682387829 -0.031869818 -0.299089253 0.666240871
1403638160795097088.000000 0.619616985 -9.838800430 0.062508583 0.684005618 -0.031300653 -0.292829037 0.667388737
1403638160845096960.000000 0.649552345 -9.878272057 0.064439774 0.685353458 -0.028763937 -0.284253150 0.669823408
1403638160895097088.000000 0.680356026 -9.921061516 0.074124336 0.685641170 -0.026597083 -0.275098234 0.673431396
1403638160945096960.000000 0.709338903 -9.959373474 0.078393936 0.684001267 -0.022694372 -0.267106920 0.678440332
1403638160995097088.000000 0.737533808 -9.996454239 0.084486961 0.680532157 -0.019427678 -0.261635572 0.684138536
1403638161045096960.000000 0.765445232 -10.036217690 0.092726707 0.675693870 -0.016845314 -0.257056594 0.690706849
1403638161095097088.000000 0.792573452 -10.070146561 0.101510048 0.669820368 -0.015645262 -0.253644466 0.697682202
1403638161145096960.000000 0.820870399 -10.104957581 0.111869812 0.662303150 -0.013941265 -0.252815545 0.705155730
1403638161195097088.000000 0.846457720 -10.134871483 0.123884201 0.653398395 -0.013503971 -0.252296448 0.713606834
1403638161245096960.000000 0.872715950 -10.166926384 0.134180069 0.643331409 -0.013770911 -0.252258956 0.722703576
1403638161295097088.000000 0.898288488 -10.195808411 0.148209572 0.633187115 -0.013824108 -0.250655800 0.732157528
1403638161345096960.000000 0.924236059 -10.223332405 0.162560463 0.622598052 -0.014618645 -0.249987721 0.741393447
1403638161395097088.000000 0.954871416 -10.256307602 0.177897453 0.612900496 -0.017489212 -0.250767171 0.749108136
1403638161445096960.000000 0.979526043 -10.281472206 0.193013191 0.603707612 -0.020632390 -0.252521604 0.755873263
1403638161495097088.000000 1.001736641 -10.306932449 0.203054428 0.595475316 -0.023345929 -0.255107194 0.761435866
1403638161545096960.000000 1.024490833 -10.331567764 0.219130516 0.589046240 -0.025520066 -0.256209433 0.765983045
1403638161595097088.000000 1.054349184 -10.365168571 0.240164280 0.584064901 -0.027088316 -0.255926311 0.769828677
1403638161645096960.000000 1.075049877 -10.389848709 0.257783413 0.579970896 -0.029076485 -0.254991949 0.773154199
1403638161695097088.000000 1.094565392 -10.414438248 0.276224613 0.577381909 -0.031151917 -0.252420783 0.775850117
1403638161745096960.000000 1.116897583 -10.446937561 0.295270443 0.575902939 -0.031702589 -0.249366269 0.777912140
1403638161795097088.000000 1.134946346 -10.471485138 0.315329552 0.574143350 -0.031026650 -0.246149302 0.780261040
1403638161845096960.000000 1.152736425 -10.495971680 0.336427212 0.571958244 -0.028028375 -0.243430719 0.782828033
1403638161895097088.000000 1.167419672 -10.526993752 0.356832504 0.569222569 -0.025189402 -0.239592522 0.786095798
1403638161945096960.000000 1.183534861 -10.551402092 0.380066872 0.565529168 -0.023010081 -0.237409994 0.789483249
1403638161995097088.000000 1.199886322 -10.574790955 0.401089191 0.562055290 -0.022124486 -0.235750988 0.792480826
1403638162045096960.000000 1.217291117 -10.598518372 0.424418926 0.559247851 -0.021543039 -0.234094173 0.794970274
1403638162095097088.000000 1.237379313 -10.624206543 0.448912621 0.556748211 -0.021609152 -0.233229220 0.796974719
1403638162145096960.000000 1.267663240 -10.663120270 0.482302666 0.554736197 -0.023856370 -0.232848480 0.798423648
1403638162195097088.000000 1.291056395 -10.687218666 0.505756855 0.553199589 -0.027014317 -0.231592327 0.799753428
1403638162245096960.000000 1.315339565 -10.710895538 0.529570103 0.551623106 -0.029412141 -0.231149971 0.800884843
1403638162295097088.000000 1.340956926 -10.742218018 0.557368755 0.550331175 -0.031674806 -0.230351388 0.801916838
1403638162345096960.000000 1.364276171 -10.766149521 0.583384037 0.550139070 -0.033791371 -0.228102639 0.802604795
1403638162395097088.000000 1.386812210 -10.794044495 0.612633705 0.550334692 -0.034142934 -0.225699574 0.803134978
1403638162445096960.000000 1.409347057 -10.818109512 0.641814709 0.550590158 -0.033181921 -0.223950922 0.803489566
1403638162495097088.000000 1.430361271 -10.841249466 0.671875954 0.550403416 -0.031246498 -0.223714635 0.803760946
1403638162545096960.000000 1.457673788 -10.871910095 0.710408688 0.550122976 -0.029922679 -0.225295216 0.803561747
1403638162595097088.000000 1.481091261 -10.894369125 0.742255211 0.549288094 -0.028419985 -0.228228956 0.803359509
1403638162645096960.000000 1.506389618 -10.916302681 0.774109840 0.548886478 -0.026214939 -0.230570063 0.803040385
1403638162695097088.000000 1.531636953 -10.945944786 0.805464268 0.548209727 -0.024443671 -0.233721972 0.802647352
1403638162745096960.000000 1.560496807 -10.967020035 0.836927891 0.547683537 -0.024053600 -0.236438677 0.802222550
1403638162795097088.000000 1.590943098 -10.987831116 0.868311882 0.547211289 -0.026511872 -0.235479236 0.802749395
1403638162845096960.000000 1.635467052 -11.018676758 0.914268017 0.545657456 -0.028263325 -0.234928057 0.803907931
1403638162895097088.000000 1.670133829 -11.040084839 0.946485043 0.544828176 -0.028705165 -0.230412036 0.805759668
1403638162945096960.000000 1.706344843 -11.060826302 0.978871822 0.544746459 -0.028467540 -0.224591687 0.807464838
1403638162995097088.000000 1.738366127 -11.085985184 1.003369808 0.544394851 -0.023333957 -0.219380036 0.809297383
1403638163045096960.000000 1.775020838 -11.106418610 1.037963390 0.544140756 -0.018851493 -0.214283481 0.810948908
1403638163095097088.000000 1.808295488 -11.125350952 1.074844837 0.542993844 -0.015662372 -0.209301353 0.813083887
1403638163145096960.000000 1.855328083 -11.155134201 1.134097576 0.539932013 -0.014563257 -0.208239615 0.815412581
1403638163195097088.000000 1.880389214 -11.171187401 1.175914288 0.535042524 -0.013731974 -0.208444163 0.818591416
1403638163245096960.000000 1.906400919 -11.190796852 1.224179268 0.528828084 -0.012292289 -0.209903196 0.822271526
1403638163295097088.000000 1.926945210 -11.205583572 1.270039082 0.521922529 -0.011006944 -0.211043909 0.826399505
1403638163345096960.000000 1.946608067 -11.219264030 1.316802025 0.514477253 -0.008759840 -0.211416081 0.830987155
1403638163395097088.000000 1.970726490 -11.236836433 1.370140553 0.506656766 -0.006534105 -0.211449727 0.835790217
1403638163445096960.000000 1.989434004 -11.249168396 1.418464184 0.499107212 -0.004679994 -0.209796906 0.840746939
1403638163495097088.000000 2.008090734 -11.260718346 1.466622829 0.492388457 -0.004616107 -0.208728716 0.844964325
1403638163545096960.000000 2.033230305 -11.275476456 1.518523216 0.486865819 -0.003196559 -0.206831887 0.848629534
1403638163595097088.000000 2.055165768 -11.285890579 1.564348698 0.482322931 -0.004463925 -0.205768958 0.851471543
1403638163645096960.000000 2.079692125 -11.296418190 1.609220028 0.478569448 -0.003674111 -0.205369338 0.853686869
1403638163695097088.000000 2.110027790 -11.308692932 1.659196854 0.475445062 -0.002809594 -0.205079868 0.855503619
1403638163745096960.000000 2.139355898 -11.318416595 1.702265739 0.473206967 -0.002934572 -0.204539239 0.856872439
1403638163795097088.000000 2.171019316 -11.327705383 1.744056702 0.471622407 -0.001211971 -0.204270706 0.857813716
1403638163845096960.000000 2.205611944 -11.337712288 1.789713860 0.471164852 -0.001558227 -0.202109858 0.858576119
1403638163895097088.000000 2.240529537 -11.345859528 1.829464436 0.470996261 -0.001540328 -0.200384751 0.859072864
1403638163945096960.000000 2.276648760 -11.353271484 1.868253231 0.470873266 -0.003650465 -0.199686691 0.859296441
1403638163995097088.000000 2.314467669 -11.359742165 1.911624432 0.471943676 -0.006122785 -0.196335703 0.859467268
1403638164045096960.000000 2.353527546 -11.366240501 1.949671745 0.472672105 -0.008581012 -0.195061937 0.859336019
1403638164095097088.000000 2.394655943 -11.372265816 1.987272739 0.474054992 -0.009963539 -0.193029135 0.859018207
1403638164145096960.000000 2.436824799 -11.376682281 2.030082226 0.475481629 -0.010302356 -0.190888524 0.858704090
1403638164195097088.000000 2.479790688 -11.380929947 2.068572521 0.477217108 -0.011063120 -0.188224182 0.858319938
1403638164245096960.000000 2.522294998 -11.384021759 2.107908249 0.478457540 -0.009717781 -0.187401116 0.857825637
1403638164295097088.000000 2.564048290 -11.386106491 2.148761272 0.480116725 -0.009363733 -0.185232818 0.857373416
1403638164345096960.000000 2.604485989 -11.386855125 2.190464497 0.481365263 -0.008549834 -0.184090391 0.856927752
1403638164395097088.000000 2.643646002 -11.386185646 2.233239174 0.482380360 -0.008081562 -0.183568671 0.856473267
1403638164445096960.000000 2.681797028 -11.384193420 2.277009964 0.483386695 -0.007240125 -0.183800071 0.855863571
1403638164495097088.000000 2.718927145 -11.381026268 2.321957111 0.484330624 -0.008839608 -0.182772130 0.855534971
1403638164545096960.000000 2.756818056 -11.377991676 2.364565372 0.485300094 -0.009468546 -0.181382716 0.855274498
1403638164595097088.000000 2.792747498 -11.372059822 2.411601543 0.485880286 -0.010790266 -0.180045158 0.855212092
1403638164645096960.000000 2.818393469 -11.357219696 2.474383354 0.485233605 -0.011501006 -0.177471459 0.856107473
1403638164695097088.000000 2.861891031 -11.353678703 2.513071537 0.482104212 -0.010749482 -0.178712249 0.857625782
1403638164745096960.000000 2.896366596 -11.342965126 2.564332008 0.478640884 -0.007627365 -0.179392457 0.859455168
1403638164795097088.000000 2.931807518 -11.332382202 2.613327980 0.474192530 -0.001460251 -0.184097335 0.860957384
1403638164845096960.000000 2.950964689 -11.306868553 2.684727669 0.469984651 0.006230044 -0.187912628 0.862417877
1403638164895097088.000000 2.983989239 -11.292257309 2.737929821 0.465713173 0.013225770 -0.192544878 0.863633513
1403638164945096960.000000 3.015517950 -11.276554108 2.790892601 0.462504894 0.017563537 -0.195033982 0.864721119
1403638164995097088.000000 3.045835495 -11.260004997 2.843254566 0.461521685 0.020600174 -0.191709861 0.865921915
1403638165045096960.000000 3.074394464 -11.242284775 2.895160675 0.461163402 0.021896668 -0.184239313 0.867700875
1403638165095097088.000000 3.101006269 -11.223101616 2.946772099 0.459630936 0.020574918 -0.177239448 0.870001316
1403638165145096960.000000 3.126001835 -11.202541351 2.998297215 0.457219392 0.017119709 -0.173118412 0.872174025
1403638165195097088.000000 3.149795055 -11.180235863 3.049941063 0.453562886 0.012572332 -0.173239827 0.874134183
1403638165245096960.000000 3.172147274 -11.156680107 3.101831436 0.449282646 0.005721455 -0.175530061 0.875957608
1403638165295097088.000000 3.193009853 -11.132161140 3.153630733 0.445780694 -0.002805605 -0.176726654 0.877518952
1403638165345096960.000000 3.213410378 -11.106557846 3.205613613 0.443170756 -0.008250764 -0.175358832 0.879079640
1403638165395097088.000000 3.233194351 -11.080518723 3.258353710 0.441654474 -0.011409532 -0.172664016 0.880339921
1403638165445096960.000000 3.252954483 -11.054019928 3.312659740 0.439935505 -0.010620593 -0.172040433 0.881332040
1403638165495097088.000000 3.272790194 -11.026983261 3.367495060 0.438888788 -0.004670593 -0.170209289 0.882260561
1403638165545096960.000000 3.292099476 -10.998846054 3.423228741 0.437766522 0.002695701 -0.169240311 0.883012474
1403638165595097088.000000 3.310036182 -10.969879150 3.479187965 0.437455565 0.011060554 -0.167128846 0.883503437
1403638165645096960.000000 3.327157974 -10.939196587 3.535032749 0.436507821 0.020879762 -0.167776421 0.883671939
1403638165695097088.000000 3.342898369 -10.907399178 3.590772152 0.436326265 0.028118625 -0.166598231 0.883783758
1403638165745096960.000000 3.356813431 -10.873115540 3.646282673 0.435170978 0.034169890 -0.168175608 0.883841395
1403638165795097088.000000 3.368661880 -10.837156296 3.701821327 0.434173346 0.034559637 -0.170276359 0.883914649
1403638165845096960.000000 3.379011631 -10.799859047 3.755353928 0.432633936 0.030878920 -0.173969373 0.884086549
1403638165895097088.000000 3.390285730 -10.760456085 3.806991577 0.431504250 0.025457950 -0.177044466 0.884200931
1403638165945096960.000000 3.402582169 -10.720511436 3.857964039 0.430074841 0.020998204 -0.180765152 0.884261727
1403638165995097088.000000 3.416252851 -10.680095673 3.907214642 0.429159492 0.015013334 -0.183911592 0.884179473
1403638166045096960.000000 3.432038069 -10.640840530 3.953821659 0.428271621 0.008497059 -0.186551094 0.884143710
1403638166095097088.000000 3.450286865 -10.603356361 4.000061989 0.426654547 0.005576976 -0.191790715 0.883827567
1403638166145096960.000000 3.469427109 -10.565698624 4.044410706 0.425605536 0.003749037 -0.196174875 0.883380592
1403638166195097088.000000 3.498814583 -10.532300949 4.083499908 0.425562888 0.002159933 -0.199194267 0.882730603
1403638166245096960.000000 3.527319908 -10.495391846 4.122406483 0.425914288 0.001606958 -0.201326072 0.882078409
1403638166295097088.000000 3.555025101 -10.454347610 4.161864281 0.426519811 0.002341434 -0.202561542 0.881501138
1403638166345096960.000000 3.592763662 -10.420132637 4.196533203 0.426750273 0.002286443 -0.204966009 0.880833745
1403638166395097088.000000 3.631218433 -10.390240669 4.227238655 0.426979393 0.003008195 -0.206550449 0.880350232
1403638166445096960.000000 3.676664591 -10.361212730 4.251613617 0.426916659 0.001952922 -0.208485410 0.879927456
1403638166495097088.000000 3.711753368 -10.324854851 4.283155441 0.427588731 0.002471924 -0.208832964 0.879517257
1403638166545096960.000000 3.749323368 -10.290404320 4.310413361 0.428844601 0.001871998 -0.207881495 0.879132628
1403638166595097088.000000 3.792921543 -10.264576912 4.335539818 0.429385513 0.002697332 -0.208525121 0.878713906
1403638166645096960.000000 3.821753502 -10.229498863 4.368721962 0.430435985 0.001669077 -0.207435563 0.878460407
1403638166695097088.000000 3.854246140 -10.197793961 4.398099899 0.431604952 0.000365986 -0.205354869 0.878377140
1403638166745096960.000000 3.886244774 -10.168682098 4.427152157 0.433221847 -0.002416283 -0.202606216 0.878216207
1403638166795097088.000000 3.934317350 -10.165015221 4.432809353 0.434634060 -0.009387289 -0.199682489 0.878141284
1403638166845096960.000000 3.940812826 -10.113683701 4.488883018 0.436610639 -0.017710356 -0.194513276 0.878192544
1403638166895097088.000000 3.966132879 -10.085268021 4.521039486 0.437304765 -0.028901746 -0.192299649 0.878037691
1403638166945096960.000000 3.991514206 -10.055623055 4.555079937 0.437130421 -0.037641980 -0.192116946 0.877833247
1403638166995097088.000000 4.013854027 -10.029905319 4.588946342 0.435947895 -0.044248160 -0.194188207 0.877657413
1403638167045096960.000000 4.043137074 -10.010204315 4.621517658 0.434324533 -0.047580272 -0.198046952 0.877425611
1403638167095097088.000000 4.068936348 -9.986528397 4.659947872 0.433196485 -0.049232360 -0.200970173 0.877227485
1403638167145096960.000000 4.097339153 -9.963713646 4.698757648 0.431761444 -0.047783390 -0.205131546 0.877051830
1403638167195097088.000000 4.122234344 -9.938696861 4.742958069 0.431156754 -0.045641527 -0.206998885 0.877024651
1403638167245096960.000000 4.162113190 -9.926714897 4.778446198 0.429848224 -0.042952213 -0.211177424 0.876806617
1403638167295097088.000000 4.198145866 -9.911279678 4.820270538 0.429387957 -0.040028300 -0.212409258 0.876872897
1403638167345096960.000000 4.229277611 -9.894926071 4.867595673 0.429321319 -0.037768945 -0.212735042 0.876926720
1403638167395097088.000000 4.268246651 -9.882555962 4.909115791 0.429054528 -0.036724295 -0.212469101 0.877166152
1403638167445096960.000000 4.330120564 -9.894128799 4.927478313 0.428893030 -0.035065636 -0.212570667 0.877288461
1403638167495097088.000000 4.341113091 -9.886970520 4.937272549 0.427784324 -0.033189457 -0.208904579 0.878782153
1403638167545096960.000000 4.376621723 -9.881275177 4.982899666 0.428781897 -0.029844429 -0.205952361 0.879112720
1403638167595097088.000000 4.414228439 -9.858122826 5.089191437 0.432768852 -0.026813157 -0.199906230 0.878652215
1403638167645096960.000000 4.445616722 -9.853550911 5.139544487 0.433953285 -0.026009407 -0.192696199 0.879702389
1403638167695097088.000000 4.499779224 -9.868973732 5.167236328 0.432891101 -0.025531864 -0.188482285 0.881151497
1403638167745096960.000000 4.507436275 -9.846857071 5.240849495 0.431356400 -0.024599535 -0.180665091 0.883564770
1403638167795097088.000000 4.543794632 -9.848450661 5.289268017 0.428496033 -0.025117373 -0.174510956 0.886175096
1403638167845096960.000000 4.573206902 -9.845161438 5.344067574 0.424256504 -0.026223537 -0.168715537 0.889299631
1403638167895097088.000000 4.615803719 -9.845819473 5.386194706 0.418645620 -0.025369437 -0.164923638 0.892688334
1403638167945096960.000000 4.630233765 -9.856391907 5.425613403 0.411898702 -0.025178757 -0.159917757 0.896734059
1403638167995097088.000000 4.674100876 -9.837123871 5.506336212 0.405688852 -0.023673575 -0.157456130 0.900035441
1403638168045096960.000000 4.689942360 -9.846549988 5.552251339 0.398617238 -0.022995118 -0.153819203 0.903833687
1403638168095097088.000000 4.722842693 -9.842062950 5.613834381 0.393410325 -0.022194203 -0.150064707 0.906761467
1403638168145096960.000000 4.777802944 -9.834565163 5.693094254 0.387860447 -0.020631921 -0.150021300 0.909193158
1403638168195097088.000000 4.796464443 -9.828793526 5.740615368 0.381027967 -0.019304821 -0.146499529 0.912679017
1403638168245096960.000000 4.853086472 -9.821497917 5.813776970 0.373387575 -0.017588098 -0.148401126 0.915559709
1403638168295097088.000000 4.894539833 -9.812232018 5.875758171 0.365399063 -0.016366160 -0.147890866 0.918881953
1403638168345096960.000000 4.938101768 -9.802532196 5.937905312 0.357005835 -0.014089745 -0.147189841 0.922325075
1403638168395097088.000000 4.983788967 -9.792772293 6.000091553 0.349022895 -0.011527841 -0.144999757 0.925756633
1403638168445096960.000000 5.030552864 -9.782563210 6.062135696 0.340429813 -0.009601998 -0.146586448 0.928723752
1403638168495097088.000000 5.076299667 -9.772150040 6.124927521 0.332194746 -0.010242227 -0.150357768 0.931093097
1403638168545096960.000000 5.120646477 -9.761947632 6.188518524 0.324255258 -0.010935186 -0.155998826 0.932954133
1403638168595097088.000000 5.162823200 -9.751953125 6.253006458 0.317020983 -0.013663346 -0.161935121 0.934391856
1403638168645096960.000000 5.203320503 -9.742825508 6.318282604 0.310686678 -0.014804013 -0.167375162 0.935542762
1403638168695097088.000000 5.241783619 -9.734823227 6.384559631 0.305592984 -0.016142344 -0.171872422 0.936382592
1403638168745096960.000000 5.278654099 -9.728324890 6.451471329 0.302201569 -0.016938420 -0.174682736 0.936948895
1403638168795097088.000000 5.313845634 -9.723296165 6.518797874 -0.300239861 0.017763032 0.175856531 -0.937344670
1403638168845096960.000000 5.331999302 -9.732158661 6.577858448 -0.298467875 0.019196298 0.177425802 -0.937586546
1403638168895097088.000000 5.354607105 -9.728390694 6.641981125 -0.296897799 0.019928738 0.178986385 -0.937773168
1403638168945096960.000000 5.384567261 -9.729528427 6.710749626 -0.296843648 0.021161145 0.179065600 -0.937748194
1403638168995097088.000000 5.407108307 -9.735043526 6.780364037 -0.297503561 0.020096928 0.179691464 -0.937442660
1403638169045096960.000000 5.425424576 -9.745379448 6.844462395 -0.299198240 0.016233811 0.179309875 -0.937051177
1403638169095097088.000000 5.445914745 -9.754249573 6.915030479 0.302660525 -0.011237608 -0.174893051 0.936847270
1403638169145096960.000000 5.469375610 -9.763230324 6.984195709 0.306237847 -0.008144281 -0.170755684 0.936479867
1403638169195097088.000000 5.491084576 -9.772879601 7.054883003 0.310036093 -0.006633998 -0.165672019 0.936155140
1403638169245096960.000000 5.516023636 -9.783463478 7.128567696 0.313684076 -0.005434261 -0.158212766 0.936238050
1403638169295097088.000000 5.531779289 -9.785705566 7.195102692 0.316029310 -0.003891041 -0.149258867 0.936926961
1403638169345096960.000000 5.553773403 -9.802163124 7.268047333 0.318631589 -0.001262261 -0.136494786 0.937998652
1403638169395097088.000000 5.565433025 -9.806946754 7.340820312 0.318195313 0.001133652 -0.124721214 0.939784646
1403638169445096960.000000 5.582852364 -9.814639091 7.413901329 0.316275328 0.004670827 -0.114573769 0.941711724
1403638169495097088.000000 5.601274967 -9.820452690 7.487084389 0.311613560 0.007584668 -0.107032359 0.944131136
1403638169545096960.000000 5.621737003 -9.824261665 7.559727669 0.305913687 0.011100993 -0.101575792 0.946560144
1403638169595097088.000000 5.603565216 -9.534538269 7.560220718 0.297837168 0.013587833 -0.098385774 0.949435949
1403638169645096960.000000 5.571302891 -9.119548798 7.536425591 0.288119555 0.015758954 -0.097687930 0.952468276
1403638169695097088.000000 5.539398670 -8.949930191 7.521209240 0.276515037 0.016454123 -0.099775784 0.955674410
1403638169745096960.000000 5.525071621 -8.779731750 7.539937019 0.264813036 0.017700778 -0.100247905 0.958911419
1403638169795097088.000000 5.478395462 -8.621117592 7.480648518 0.251109272 0.019896204 -0.104374871 0.962109327
1403638169845096960.000000 5.386705399 -8.486014366 7.380959511 0.236520693 0.021646561 -0.108779468 0.965275347
1403638169895097088.000000 5.333220482 -8.333762169 7.238124371 0.222085029 0.024168754 -0.111775629 0.968297720
1403638169945096960.000000 5.331058979 -8.474528313 7.068000793 0.207817912 0.030184681 -0.114554234 0.970967531
1403638169995097088.000000 4.926091671 -8.582986832 6.600419521 0.195581064 0.036797944 -0.113938510 0.973350942
1403638170045096960.000000 4.875615597 -8.625349998 6.531736851 0.183870301 0.043303076 -0.108967416 0.975931764
1403638170095097088.000000 4.934715271 -9.939776421 6.624772072 0.172370970 0.047800262 -0.104242936 0.978333652
1403638170145096960.000000 4.332486629 -10.229345322 6.345926762 0.161042169 0.049072530 -0.096228406 0.981018543
1403638170195097088.000000 4.256880283 -10.336262703 6.243601322 -0.150261089 -0.049585704 0.088210076 -0.983454049
1403638170245096960.000000 4.224380016 -10.405740738 6.150422096 -0.139599785 -0.049163360 0.080173261 -0.985731781
1403638170295097088.000000 3.474925280 -10.693020821 6.037786007 -0.128979817 -0.048848938 0.070366494 -0.987940550
1403638170345096960.000000 2.762791634 -11.950634003 6.253283024 -0.117842086 -0.047666952 0.063790075 -0.989834309
1403638170395097088.000000 2.597911596 -12.069440842 6.167634010 -0.106582895 -0.044638898 0.056678809 -0.991682947
1403638170445096960.000000 2.397071123 -12.262331963 6.032770157 -0.094826937 -0.042406052 0.050882868 -0.993287802
1403638170495097088.000000 2.218440771 -12.394676208 5.936672211 -0.085002743 -0.040610012 0.042182807 -0.994658709
1403638170545096960.000000 2.036262035 -12.532137871 5.836524487 -0.076402053 -0.041517708 0.032104626 -0.995694935
1403638170595097088.000000 1.851163864 -12.674543381 5.732720852 -0.067302629 -0.043496255 0.023420539 -0.996508896
1403638170645096960.000000 1.663957834 -12.821698189 5.624761581 -0.057456199 -0.047376376 0.016658735 -0.997084141
1403638170695097088.000000 0.890622675 -14.231850624 5.874212265 -0.045756478 -0.051818386 0.011234386 -0.997544527
1403638170745096960.000000 0.652889490 -14.441687584 5.755300522 -0.033592630 -0.052315656 0.005876858 -0.998048186
1403638170795097088.000000 0.427424073 -14.657108307 5.649473190 -0.023281351 -0.054176170 0.001698183 -0.998258531
1403638170845096960.000000 0.197163582 -14.878670692 5.540741444 -0.012982670 -0.054514669 -0.001914635 -0.998426795
1403638170895097088.000000 -0.039194860 -15.106557846 5.429605007 -0.002031788 -0.055032693 -0.004159328 -0.998473883
1403638170945096960.000000 -0.282452554 -15.340604782 5.316522598 0.008746166 -0.054881915 -0.007152395 -0.998428941
1403638170995097088.000000 -0.532067478 -15.581008911 5.201675892 0.019523008 -0.056123376 -0.010015128 -0.998182774
1403638171045096960.000000 -0.787844718 -15.828240395 5.085487843 0.029333048 -0.058136631 -0.013566856 -0.997785449
1403638171095097088.000000 -1.213241458 -16.558086395 5.411145687 0.037746433 -0.059185024 -0.016695054 -0.997393429
1403638171145096960.000000 -1.474061847 -16.824264526 5.329388618 0.042476311 -0.060803313 -0.019810796 -0.997048795
1403638171195097088.000000 -1.752551198 -17.110004425 5.227527142 0.048143674 -0.062140495 -0.023544898 -0.996627569
1403638171245096960.000000 -2.036257744 -17.403062820 5.124746323 0.052889407 -0.063475557 -0.026507646 -0.996228337
1403638171295097088.000000 -2.325221062 -17.703369141 5.020948410 0.057107896 -0.064567760 -0.028000712 -0.995884359
1403638171345096960.000000 -2.619524956 -18.011194229 4.916134834 0.059994679 -0.065485708 -0.030045342 -0.995595098
1403638171395097088.000000 -2.921015263 -18.252763748 4.611177444 0.062907055 -0.068188012 -0.031435736 -0.995190918
1403638171445096960.000000 -3.226226807 -18.574203491 4.494976521 0.066699848 -0.069210999 -0.033329133 -0.994811594
1403638171495097088.000000 -3.541840553 -18.897111893 4.345984936 0.069222219 -0.071244486 -0.035364818 -0.994425416
1403638171545096960.000000 -3.833282948 -19.220438004 4.125158787 0.070811398 -0.073959425 -0.038670473 -0.993992150
1403638171595097088.000000 -4.158685207 -19.579803467 3.968879461 0.073968850 -0.076052397 -0.039870135 -0.993556738
1403638171645096960.000000 -4.486737728 -19.948408127 3.834719896 0.076647885 -0.078184359 -0.043207902 -0.993048549
1403638171695097088.000000 -4.773781300 -20.392185211 3.793574095 0.079637200 -0.080156609 -0.047126822 -0.992477655
1403638171745096960.000000 -5.089127064 -20.802595139 3.726258516 0.084090777 -0.081838302 -0.050623704 -0.991800606
1403638171795097088.000000 -5.430891037 -21.139278412 3.503873825 0.088506952 -0.082867719 -0.054020379 -0.991151512
1403638171845096960.000000 -5.768928528 -21.529617310 3.370803356 0.091978505 -0.085810512 -0.057877917 -0.990366995
1403638171895097088.000000 -6.110282421 -21.927270889 3.235708237 0.095289305 -0.088736475 -0.061587773 -0.989571989
1403638171945096960.000000 -6.454189301 -22.332204819 3.097963095 0.099602230 -0.092906274 -0.061333302 -0.988780081
1403638171995097088.000000 -6.801297188 -22.744527817 2.958115816 0.104148559 -0.093816578 -0.059687506 -0.988326371
1403638172045096960.000000 -7.151416779 -23.164529800 2.816119432 0.107952327 -0.095053948 -0.058795985 -0.987853289
1403638172095097088.000000 -7.505295277 -23.592439651 2.671951056 0.111617781 -0.094813608 -0.056706332 -0.987591207
1403638172145096960.000000 -7.863802433 -24.028373718 2.526805401 0.113967933 -0.094880804 -0.055831295 -0.987366140
1403638172195097088.000000 -8.228459358 -24.472396851 2.381432772 0.115626857 -0.093684293 -0.055806957 -0.987288892
1403638172245096960.000000 -8.599743843 -24.924680710 2.236141920 0.117362715 -0.093049921 -0.054530885 -0.987215340
1403638172295097088.000000 -8.977991104 -25.385311127 2.090750456 0.118539855 -0.092179306 -0.053343304 -0.987221301
1403638172345096960.000000 -9.362876892 -25.854223251 1.945726752 0.119340137 -0.092367217 -0.052435070 -0.987155914
1403638172395097088.000000 -9.754566193 -26.331443787 1.801432848 0.119213618 -0.092552558 -0.052241478 -0.987164140
1403638203395097088.000000 4.672673702 -6.067299843 7.134699821 0.000765387 0.035058200 -0.039041568 0.998622119
1403638203445096960.000000 4.675030708 -6.017531872 7.120936394 0.003522347 0.036140323 -0.037764210 0.998626709
1403638203495097088.000000 4.677987099 -6.066337585 7.098776340 0.001928898 0.031957082 -0.035949551 0.998840690
1403638203545096960.000000 4.668393135 -6.102074146 7.098346233 0.001136589 0.032111950 -0.035688326 0.998846352
1403638203595097088.000000 4.663707256 -6.141927242 7.089588165 0.000696207 0.030541817 -0.033398341 0.998975158
1403638203645096960.000000 4.562732697 -6.555145741 7.066959381 0.001027351 0.031921729 -0.034143575 0.998906553
1403638203695097088.000000 4.648009300 -6.208724499 7.061352253 0.001033252 0.027834503 -0.032029297 0.999098778
1403638203745096960.000000 4.547685623 -6.629803181 7.041534424 -0.000061018 0.032567848 -0.032336637 0.998946309
1403638203795097088.000000 4.543082714 -6.660032749 7.034268379 -0.000485321 0.032252595 -0.033980530 0.998901904
1403638203845096960.000000 4.540424347 -6.693943501 7.017560005 -0.000531035 0.031515602 -0.033258699 0.998949587
1403638203895097088.000000 4.476480007 -7.010624409 6.978118420 -0.000080734 0.033822216 -0.035590287 0.998794019
1403638203945096960.000000 4.474395275 -7.044469357 6.969108105 0.000205257 0.032374874 -0.034972209 0.998863757
1403638203995097088.000000 4.467313766 -7.072677135 6.957605839 0.001279791 0.032923982 -0.034905382 0.998847365
1403638204045096960.000000 4.458694935 -7.110813141 6.944036007 0.000829297 0.030854737 -0.034168638 0.998939335
1403638204095097088.000000 4.462167740 -7.137305737 6.935729027 0.001713343 0.028446356 -0.034045067 0.999013960
1403638204145096960.000000 4.423791885 -7.436587811 6.862257004 0.002820137 0.026168792 -0.031887371 0.999144912
1403638204195097088.000000 4.425970554 -7.467184544 6.854863644 0.003821830 0.023223365 -0.029205481 0.999296367
1403638204245096960.000000 4.426600456 -7.501710415 6.841517925 0.004527721 0.019389769 -0.024994247 0.999489367
1403638204295097088.000000 4.420169353 -7.538599014 6.828061104 0.005583700 0.015712544 -0.019378159 0.999673188
1403638204345096960.000000 4.419313431 -7.567585468 6.813460827 0.007208480 0.011094150 -0.012078167 0.999839604
1403638204395097088.000000 4.408971786 -7.830951691 6.732269287 0.010125480 0.007217300 -0.006184787 0.999903619
1403638204445096960.000000 4.410415649 -7.863129616 6.720847607 0.009703834 0.004611012 -0.002043309 0.999940276
1403638204495097088.000000 4.410068512 -7.894213676 6.706172943 0.009072952 0.003390142 0.000171395 0.999953091
1403638204545096960.000000 4.427356720 -7.705444813 6.763174057 0.004138689 0.001056636 0.003856715 0.999983490
1403638204595097088.000000 4.425259590 -7.734573364 6.755884171 0.004340671 0.003858945 0.003789632 0.999975979
1403638204645096960.000000 4.400756359 -8.169294357 6.624352455 0.012783625 0.007353364 -0.000037142 0.999891341
1403638204695097088.000000 4.399507999 -8.193708420 6.619471073 0.015155314 0.007827641 -0.004093018 0.999846160
1403638204745096960.000000 4.400351048 -8.222049713 6.609350681 0.017627791 0.007358900 -0.010914803 0.999758005
1403638204795097088.000000 4.397199631 -8.245574951 6.605782032 0.021391900 0.008196834 -0.019156804 0.999554098
1403638204845096960.000000 4.396099567 -8.271482468 6.599233150 0.025368743 0.009764803 -0.030589640 0.999162316
1403638204895097088.000000 4.367375374 -8.453164101 6.550682545 0.033992395 0.013303833 -0.043738898 0.998375952
1403638204945096960.000000 4.363704205 -8.476919174 6.546887875 0.043460801 0.014308293 -0.054257806 0.997478127
1403638204995097088.000000 4.358477592 -8.497559547 6.543976307 0.055684276 0.015259409 -0.064095050 0.996272206
1403638205045096960.000000 4.351363659 -8.514825821 6.546967030 0.070589110 0.016748840 -0.074697532 0.994563758
1403638205095097088.000000 4.345016956 -8.533839226 6.544691563 0.087655790 0.016812166 -0.084951691 0.992379546
1403638205145096960.000000 4.304507256 -8.721405983 6.500754833 0.105765641 0.014843071 -0.092769004 0.989943087
1403638205195097088.000000 4.293787956 -8.748640060 6.501523495 0.126145661 0.016964853 -0.102040634 0.986603856
1403638205245096960.000000 4.325993538 -8.609338760 6.535188198 0.146836892 0.017893897 -0.109968163 0.982866168
1403638205295097088.000000 4.324241161 -8.632852554 6.528375626 0.169589296 0.018687110 -0.119140685 0.978108346
1403638205345096960.000000 4.327978134 -8.611692429 6.512052059 0.198011354 0.019507295 -0.125020951 0.971998334
1403638205395097088.000000 4.260527134 -9.000680923 6.441845894 0.216274127 0.020183913 -0.135257438 0.966707647
1403638205445096960.000000 4.257328987 -9.057186127 6.427262783 0.236205474 0.022707991 -0.143833771 0.960730553
1403638205495097088.000000 4.255525589 -9.103252411 6.418983459 -0.251722634 -0.026798783 0.155403495 -0.954865098
1403638205545096960.000000 4.254533768 -9.168952942 6.394392490 0.265303016 0.029983481 -0.166035071 0.949288011
1403638205595097088.000000 4.254971027 -9.224265099 6.374560356 0.275473833 0.034808237 -0.176545218 0.944316924
1403638205645096960.000000 4.255847931 -9.279610634 6.352939606 0.283387810 0.041307528 -0.185311735 0.940023720
1403638205695097088.000000 4.257875443 -9.335931778 6.328937531 0.290076852 0.046990719 -0.192717463 0.936219752
1403638205745096960.000000 4.258496761 -9.386365891 6.311430931 0.296151459 0.051513072 -0.198151812 0.932939827
1403638205795097088.000000 4.261691093 -9.451464653 6.273167610 0.304392874 0.052838512 -0.202133134 0.929352105
1403638205845096960.000000 4.260898113 -9.504402161 6.249955654 0.312326491 0.052949838 -0.205421522 0.925986230
1403638205895097088.000000 4.263772964 -9.570434570 6.204396248 0.321855336 0.050945591 -0.209129170 0.921997190
1403638205945096960.000000 4.262115479 -9.626066208 6.175944805 0.332060158 0.049528547 -0.210910037 0.918041408
1403638205995097088.000000 4.265610695 -9.694948196 6.124217987 0.344406813 0.046183106 -0.211529702 0.913513184
1403638206045096960.000000 4.264327049 -9.752801895 6.090952873 0.355002314 0.044033632 -0.213929817 0.908993125
1403638206095097088.000000 4.268971443 -9.821462631 6.031661034 0.366917402 0.042988546 -0.215860680 0.903840542
1403638206145096960.000000 4.267466068 -9.880360603 5.993919373 0.377757788 0.042927474 -0.217471361 0.898978591
1403638206195097088.000000 4.271339417 -9.948394775 5.929362297 0.388796002 0.042617314 -0.219964579 0.893664956
1403638206245096960.000000 4.267389774 -10.007987976 5.888216496 0.398671895 0.042741366 -0.221468955 0.888923764
1403638206295097088.000000 4.267484188 -10.075055122 5.821413040 0.409882545 0.042262800 -0.221488863 0.883828521
1403638206345096960.000000 4.259684563 -10.133984566 5.778553486 0.420393914 0.039515626 -0.217112273 0.880096495
1403638206395097088.000000 4.255028725 -10.199191093 5.710038185 0.428867221 0.037670005 -0.214959130 0.876610875
1403638206445096960.000000 4.244473457 -10.255004883 5.666250229 0.435465097 0.036276948 -0.211334959 0.874294996
1403638206495097088.000000 4.235919952 -10.318628311 5.596658230 0.441331536 0.036311615 -0.208998695 0.871910274
1403638206545096960.000000 4.222046852 -10.371642113 5.552538395 0.445169836 0.036027331 -0.206434309 0.870580733
1403638206595097088.000000 4.207031250 -10.422224045 5.507817268 0.447520286 0.036539592 -0.205301046 0.869621754
1403638206645096960.000000 4.192698479 -10.486145973 5.425258636 0.451284051 0.037108634 -0.204383969 0.867866874
1403638206695097088.000000 4.174289703 -10.535025597 5.380721092 0.455005437 0.036691949 -0.202849165 0.866300166
1403638206745096960.000000 4.154390335 -10.589939117 5.309545994 0.459062994 0.035691839 -0.205298334 0.863620222
1403638206795097088.000000 4.133395195 -10.634391785 5.264839172 0.463165581 0.034235824 -0.204828635 0.861597836
1403638206845096960.000000 4.111573219 -10.677021980 5.220380306 0.465539753 0.034117326 -0.206733420 0.859866321
1403638206895097088.000000 4.085262775 -10.732439041 5.136183739 0.469847172 0.034645692 -0.206673428 0.857513547
1403638206945096960.000000 4.061153889 -10.772967339 5.092371941 0.472243220 0.035645347 -0.205405757 0.856460333
1403638206995097088.000000 4.036842823 -10.810706139 5.049734116 0.474567711 0.036788467 -0.203537360 0.855572701
1403638207045096960.000000 4.003796577 -10.860328674 4.963770866 0.477327913 0.037692890 -0.203033715 0.854116321
1403638207095097088.000000 3.976424217 -10.895350456 4.921443939 0.477990270 0.040212385 -0.202694550 0.853711426
1403638207145096960.000000 3.941007137 -10.935452461 4.849908352 0.479519397 0.039874725 -0.202204749 0.852985620
1403638207195097088.000000 3.910735846 -10.966391563 4.807354927 0.481105119 0.040336255 -0.200452536 0.852484465
1403638207245096960.000000 3.870203495 -11.002080917 4.736164093 0.483803213 0.040716540 -0.201595426 0.850667894
1403638207295097088.000000 3.837438345 -11.029386520 4.693286419 0.487219065 0.042008199 -0.201971039 0.848563850
1403638207345096960.000000 3.792196989 -11.060183525 4.621898651 0.492981046 0.042435676 -0.201862276 0.845234036
1403638207395097088.000000 3.757693052 -11.083440781 4.577945232 0.498729438 0.044469818 -0.202698186 0.841549098
1403638207445096960.000000 3.723888874 -11.105269432 4.532361984 0.505809188 0.045120902 -0.204179481 0.836918116
1403638207495097088.000000 3.672245741 -11.130911827 4.444404125 0.514932573 0.045684870 -0.207121059 0.830577075
1403638207545096960.000000 3.640899420 -11.148110390 4.396883011 0.522840858 0.042730018 -0.209228382 0.825248539
1403638207595097088.000000 3.598068476 -11.164997101 4.319012642 0.529221356 0.039586611 -0.215302274 0.819757700
1403638207645096960.000000 3.569042206 -11.177178383 4.268828869 0.535390854 0.032237552 -0.217010543 0.815612555
1403638207695097088.000000 3.528969765 -11.187829018 4.189928055 0.539961874 0.025174517 -0.222070187 0.811475396
1403638207745096960.000000 3.504353523 -11.196217537 4.138749123 0.544097424 0.019342860 -0.223057166 0.808597267
1403638207795097088.000000 3.469245434 -11.203359604 4.058686256 0.547672987 0.014558053 -0.225567162 0.805581689
1403638207845096960.000000 3.449191570 -11.209733963 4.007250786 0.549431562 0.008762689 -0.227424443 0.803944290
1403638207895097088.000000 3.430909157 -11.215610504 3.955552101 0.550061226 0.002866506 -0.229984954 0.802827120
1403638207945096960.000000 3.397340536 -11.218268394 3.861630440 0.551531076 -0.001103211 -0.232284978 0.801159203
1403638207995097088.000000 3.382612705 -11.223122597 3.811386108 0.551212788 -0.002217378 -0.233698100 0.800964952
1403638208045096960.000000 3.366688490 -11.227252007 3.760684013 0.550852478 -0.003643953 -0.234148636 0.801075995
1403638208095097088.000000 3.336436272 -11.225646973 3.670006752 0.552111149 -0.000864948 -0.233280733 0.800470293
1403638208145096960.000000 3.320022821 -11.227992058 3.622529984 0.552698851 0.000057687 -0.229582906 0.801133990
1403638208195097088.000000 3.292129993 -11.225583076 3.548446178 0.553833306 0.003965972 -0.226952970 0.801090121
1403638208245096960.000000 3.272825956 -11.227000237 3.503801823 0.552802861 0.006483683 -0.225932419 0.802073300
1403638208295097088.000000 3.242238998 -11.221261978 3.432974339 0.552321374 0.007357337 -0.225750670 0.802448511
1403638208345096960.000000 3.220160961 -11.220929146 3.390644550 0.550359964 0.005509378 -0.227248192 0.803387821
1403638208395097088.000000 3.196442842 -11.220598221 3.347638130 0.548386097 0.003579452 -0.228459775 0.804404199
1403638208445096960.000000 3.157343149 -11.206865311 3.268821716 0.548252165 0.001886579 -0.230864346 0.803814471
1403638208495097088.000000 3.133972168 -11.204886436 3.227943420 0.548641384 0.000053017 -0.231979311 0.803229928
1403638208545096960.000000 3.111597776 -11.202653885 3.186376095 0.550574958 -0.002000321 -0.233156919 0.801561713
1403638208595097088.000000 3.092060328 -11.200246811 3.145852089 0.553731382 -0.003155275 -0.236111730 0.798512936
1403638208645096960.000000 3.074166775 -11.197737694 3.104926109 0.558195472 -0.003153530 -0.237299800 0.795045078
1403638208695097088.000000 3.058211803 -11.195505142 3.064375877 0.562310934 -0.004015712 -0.237851366 0.791970313
1403638208745096960.000000 3.012253761 -11.160787582 2.944141388 0.568448544 -0.005192814 -0.238845035 0.787268996
1403638208795097088.000000 3.000288248 -11.157359123 2.904409409 0.572007895 -0.005321336 -0.239534035 0.784475744
1403638208845096960.000000 2.985404491 -11.153512001 2.858579636 0.575072527 -0.004576678 -0.239395797 0.782278955
1403638208895097088.000000 2.967027187 -11.143351555 2.792406082 0.574714839 -0.003067710 -0.241093829 0.782027662
1403638208945096960.000000 2.952752113 -11.139099121 2.752861977 0.576820970 -0.002000967 -0.241779417 0.780266821
1403638208995097088.000000 2.935947657 -11.132766724 2.712116241 0.578139007 -0.001424399 -0.242437825 0.779087484
1403638209045096960.000000 2.902785778 -11.095388412 2.637681961 0.583920538 -0.001583010 -0.243592262 0.774401128
1403638209095097088.000000 2.884011507 -11.087982178 2.601391792 0.585139275 -0.002366832 -0.243293986 0.773572564
1403638209145096960.000000 2.862982512 -11.079426765 2.563936234 0.585322082 -0.002165272 -0.243870810 0.773253143
1403638209195097088.000000 2.832586765 -11.051662445 2.501734734 0.586546361 -0.002690043 -0.244544074 0.772110343
1403638209245096960.000000 2.810040712 -11.042010307 2.468486786 0.586690128 -0.002850865 -0.244015157 0.772167921
1403638209295097088.000000 2.786240578 -11.032166481 2.436637878 0.586989224 -0.003976614 -0.242903531 0.772286117
1403638209345096960.000000 2.751942158 -11.001667976 2.377345085 0.587488234 -0.005115496 -0.243408397 0.771740794
1403638209395097088.000000 2.726547956 -10.990820885 2.347954750 0.587711573 -0.005409621 -0.242028773 0.772002578
1403638209445096960.000000 2.699732304 -10.979056358 2.318326950 0.587295473 -0.006053377 -0.241875887 0.772362292
1403638209495097088.000000 2.661848783 -10.947809219 2.264396667 0.588524520 -0.004628321 -0.240046710 0.772007167
1403638209545096960.000000 2.632067919 -10.936049461 2.239299774 0.588450372 -0.002645431 -0.238832340 0.772449613
1403638209595097088.000000 2.598672628 -10.923738480 2.216780663 0.588226259 -0.001899747 -0.237195238 0.773126543
1403638209645096960.000000 2.549519062 -10.889304161 2.169181824 0.588383794 -0.002766660 -0.236777321 0.773132265
1403638209695097088.000000 2.507500648 -10.875289917 2.150285721 0.587134242 -0.003752495 -0.236915112 0.774035215
1403638209745096960.000000 2.460292339 -10.859884262 2.129139900 0.585890055 -0.003601822 -0.237405434 0.774828076
1403638209795097088.000000 2.401951313 -10.823504448 2.096483231 0.585494518 -0.000955587 -0.239754096 0.774411619
1403638209845096960.000000 2.348529100 -10.807488441 2.082048416 0.584452271 0.000601121 -0.240466148 0.774978220
1403638209895097088.000000 2.293377876 -10.790547371 2.068869591 0.583675861 0.003441294 -0.240387917 0.775579989
1403638209945096960.000000 2.252877235 -10.783485413 2.029886246 0.581069112 0.006770936 -0.238221467 0.778179526
1403638209995097088.000000 2.196676016 -10.764584541 2.016374588 0.581091583 0.010408571 -0.236651510 0.778601587
1403638210045096960.000000 2.141106367 -10.741971970 1.997708321 0.581189394 0.014301606 -0.234515116 0.779112935
1403638210095097088.000000 2.050558090 -10.670518875 1.989126205 0.585933864 0.017156046 -0.233520612 0.775793433
1403638210145096960.000000 1.998366833 -10.646962166 1.972164154 0.586460352 0.019252745 -0.230572894 0.776227891
1403638210195097088.000000 1.984769583 -10.670055389 1.939570427 0.582326770 0.023110595 -0.226413190 0.780447662
1403638210245096960.000000 1.886173248 -10.577401161 1.933786392 0.587658226 0.021914231 -0.227329090 0.776208162
1403638210295097088.000000 1.838422537 -10.547279358 1.913714409 0.586961389 0.022122659 -0.227373272 0.776716471
1403638210345096960.000000 1.792156219 -10.514993668 1.893063068 0.585965812 0.023042774 -0.228174627 0.777206182
1403638210395097088.000000 1.731904507 -10.464720726 1.874720573 0.586345613 0.021249538 -0.228247195 0.776949465
1403638210445096960.000000 1.684679270 -10.428393364 1.854192734 0.585581005 0.021313498 -0.228511333 0.777446628
1403638210495097088.000000 1.636701584 -10.391575813 1.832529068 0.585482836 0.021032838 -0.226497129 0.778117359
1403638210545096960.000000 1.591487646 -10.366517067 1.798520088 0.583652079 0.021752482 -0.225757301 0.779686332
1403638210595097088.000000 1.541391373 -10.326269150 1.778657436 0.582968712 0.022474289 -0.225092366 0.780369103
1403638210645096960.000000 1.490490913 -10.284502983 1.758983612 0.582840621 0.023251509 -0.223369196 0.780936897
1403638210695097088.000000 1.407969475 -10.192555428 1.767666817 0.585825443 0.021907916 -0.222915456 0.778869271
1403638210745096960.000000 1.358500957 -10.146759987 1.747974396 0.585162699 0.022367757 -0.222618625 0.779439092
1403638210795097088.000000 1.310490131 -10.098911285 1.727630615 0.584555686 0.022241415 -0.222105041 0.780044436
1403638210845096960.000000 1.248855352 -10.030793190 1.714698792 0.584673822 0.020410074 -0.223005101 0.779749095
1403638210895097088.000000 1.204478264 -9.979298592 1.693445206 0.584130883 0.016942376 -0.222919673 0.780263424
1403638210945096960.000000 1.151573896 -9.915513992 1.677383900 0.583192229 0.014348641 -0.225677997 0.780224621
1403638210995097088.000000 1.110471010 -9.861188889 1.654948711 0.582505047 0.011190545 -0.226032436 0.780686915
1403638211045096960.000000 1.071441174 -9.805298805 1.631777287 0.581691623 0.008629228 -0.226745382 0.781119108
1403638211095097088.000000 1.020776510 -9.731989861 1.617859840 0.581696272 0.006207674 -0.228366509 0.780666173
1403638211145096960.000000 0.987582207 -9.676294327 1.593549252 0.580862641 0.003767047 -0.229211032 0.781054854
1403638211195097088.000000 0.956276894 -9.621842384 1.569335461 0.580343425 0.000937636 -0.229005501 0.781509578
1403638211245096960.000000 0.910400152 -9.545479774 1.556147575 0.580544472 0.000129855 -0.230173573 0.781017482
1403638211295097088.000000 0.883720398 -9.491351128 1.532129765 0.579201341 -0.000379833 -0.230495349 0.781919181
1403638211345096960.000000 0.858557224 -9.436891556 1.508559704 0.576867282 -0.001022508 -0.230069742 0.783767223
1403638211395097088.000000 0.816071033 -9.358684540 1.497389793 0.574304700 -0.000103443 -0.229171321 0.785910130
1403638211445096960.000000 0.789358616 -9.302824020 1.475994587 0.569439113 -0.001306731 -0.227681220 0.789872587
1403638211495097088.000000 0.762174845 -9.246380806 1.455533028 0.563837230 -0.000930935 -0.225563213 0.794485927
1403638211545096960.000000 0.717883825 -9.164248466 1.448084354 0.558590889 -0.001180069 -0.223235786 0.798837066
1403638211595097088.000000 0.688620090 -9.106671333 1.430049896 0.551688373 -0.001721328 -0.218507037 0.804917216
1403638211645096960.000000 0.658622503 -9.048324585 1.413073540 0.544009566 -0.001605702 -0.213502347 0.811460257
1403638211695097088.000000 0.611707926 -8.962277412 1.410142422 0.536154807 -0.001007958 -0.208153740 0.818051994
1403638211745096960.000000 0.579221010 -8.903054237 1.395804882 0.525846422 -0.002456313 -0.203343779 0.825912178
1403638211795097088.000000 0.547067404 -8.843091965 1.382380009 0.514825225 -0.003433743 -0.197131708 0.834315538
1403638211845096960.000000 0.502738237 -8.753768921 1.383351803 0.505073428 -0.005997369 -0.190313280 0.841811001
1403638211895097088.000000 0.473190784 -8.693277359 1.371298790 0.493614733 -0.006418193 -0.184178084 0.849930525
1403638211945096960.000000 0.446035504 -8.632121086 1.359608650 0.481446505 -0.006181048 -0.179002210 0.857979774
1403638211995097088.000000 0.409781694 -8.540492058 1.363260984 0.470604688 -0.006270639 -0.174486339 0.864896774
1403638212045096960.000000 0.386392355 -8.477814674 1.351916552 0.458858818 -0.005753231 -0.169548780 0.872163236
1403638212095097088.000000 0.365499377 -8.415034294 1.341084957 0.446377963 -0.004075462 -0.166426823 0.879222512
1403638212145096960.000000 0.338458896 -8.321848869 1.348554134 0.435254991 -0.002359846 -0.163996056 0.885241687
1403638212195097088.000000 0.322860479 -8.259346008 1.337589025 0.422494829 0.000777066 -0.161663830 0.891830921
1403638212245096960.000000 0.309147596 -8.196161270 1.325870037 0.409871042 0.001926125 -0.157969967 0.898358285
1403638212295097088.000000 0.290639997 -8.097255707 1.334191084 0.398955762 0.003661963 -0.154688045 0.903821051
1403638212345096960.000000 0.280727565 -8.031859398 1.320446491 0.386537224 0.004021606 -0.151546553 0.909728765
1403638212395097088.000000 0.277063251 -7.997191429 1.281816483 0.372265488 0.007306028 -0.148418590 0.916153371
1403638212445096960.000000 0.261890113 -7.867369652 1.318259954 0.362503916 0.007562097 -0.145854056 0.920467496
1403638212495097088.000000 0.258762121 -7.801266193 1.302034974 0.350713849 0.009974883 -0.140279874 0.925862789
1403638212545096960.000000 0.256479979 -7.734602928 1.284961820 0.338972300 0.009711846 -0.134451449 0.931088805
1403638212595097088.000000 0.253269732 -7.631448269 1.298301935 0.327561766 0.010443198 -0.131414041 0.935587883
1403638212645096960.000000 0.253100634 -7.562881470 1.279337168 0.315568596 0.010039930 -0.125009730 0.940578699
1403638212695097088.000000 0.254686356 -7.494021416 1.259358764 0.302596748 0.010525512 -0.121077381 0.945338488
1403638212745096960.000000 0.259284735 -7.388981342 1.274165630 0.290078670 0.010327312 -0.119197033 0.949494541
1403638212795097088.000000 0.264041185 -7.319128036 1.252306700 0.277058870 0.012468538 -0.113431416 0.954052627
1403638212845096960.000000 0.261750311 -7.277709484 1.196652889 -0.261893690 -0.012954527 0.107880369 -0.958960772
1403638212895097088.000000 0.280555785 -7.141243935 1.245896816 0.251278967 0.012390282 -0.102236807 0.962420404
1403638212945096960.000000 0.286730647 -7.069381714 1.222256541 0.236607552 0.013468380 -0.097242847 0.966633022
1403638212995097088.000000 0.293377638 -6.996957779 1.200091362 -0.221580073 -0.012765194 0.092104897 -0.970698774
1403638213045096960.000000 0.313539445 -6.888221741 1.215806246 0.208001643 0.013853791 -0.086491369 0.974198520
1403638213095097088.000000 0.322608113 -6.816050529 1.191316605 0.193028986 0.013555735 -0.079904228 0.977840185
1403638213145096960.000000 0.330731392 -6.743987083 1.168472409 -0.178394884 -0.012289080 0.071903355 -0.981251359
1403638213195097088.000000 0.352124274 -6.631003857 1.186889887 0.165067524 0.008899887 -0.064641289 0.984121501
1403638213245096960.000000 0.357186317 -6.558374405 1.164226174 0.150667071 0.003674503 -0.055601612 0.987012863
1403638213295097088.000000 0.372101247 -6.456014156 1.173115730 0.137518018 -0.001386387 -0.045975812 0.989430726
1403638213345096960.000000 0.374388635 -6.382477760 1.153676033 0.123431824 -0.007429438 -0.035812762 0.991678834
1403638213395097088.000000 0.388004690 -6.277856350 1.165795684 0.110524811 -0.011673373 -0.025516387 0.993477225
1403638213445096960.000000 0.389279038 -6.203319550 1.149993062 0.097210333 -0.015774067 -0.014372945 0.995035052
1403638213495097088.000000 0.391630799 -6.128253937 1.140033960 -0.083756417 0.016702950 0.004158134 -0.996337652
1403638213545096960.000000 0.409367919 -5.999851227 1.169778824 0.071774527 -0.016193356 0.002256739 0.997286916
1403638213595097088.000000 0.411246747 -5.921959877 1.160971642 0.058127142 -0.009918541 0.003270771 0.998254657
1403638213645096960.000000 0.426306009 -5.805862427 1.182085276 0.046265941 -0.000799134 -0.000199709 0.998928845
1403638213695097088.000000 0.431626886 -5.727207661 1.178000808 0.035393063 0.008589001 -0.003848641 0.999329150
1403638213745096960.000000 0.449156940 -5.608199596 1.196426392 0.026813006 0.016724091 -0.009296141 0.999457359
1403638213795097088.000000 0.457875311 -5.531266689 1.193910480 0.018757274 0.022649853 -0.013642814 0.999474406
1403638213845096960.000000 0.468844056 -5.455685616 1.189039946 -0.012341417 -0.026410123 0.017356608 -0.999424279
1403638213895097088.000000 0.495222330 -5.310599327 1.217654586 0.009782916 0.028616840 -0.019124931 0.999359667
1403638213945096960.000000 0.507700503 -5.236438751 1.212202191 0.005596433 0.028491756 -0.022372426 0.999328017
1403638213995097088.000000 0.521259725 -5.164966583 1.208891869 -0.004518259 -0.027913947 0.021320861 -0.999372721
1403638214045096960.000000 0.550759196 -5.015435696 1.234034300 0.004219734 0.023907429 -0.023469394 0.999429762
1403638214095097088.000000 0.565153480 -4.945461750 1.227434635 0.002962481 0.018009618 -0.024841545 0.999524772
1403638214145096960.000000 0.566914678 -4.952126980 1.204781771 -0.001289062 -0.012751498 0.024534510 -0.999616921
1403638214195097088.000000 0.614822209 -4.725377560 1.247292995 0.004399249 0.005805145 -0.026763203 0.999615312
1403638214245096960.000000 0.631830215 -4.658960342 1.244847298 0.004791600 0.001160920 -0.027607871 0.999606669
1403638214295097088.000000 0.658608973 -4.535495281 1.260194540 0.006609223 -0.003640247 -0.028254665 0.999572277
1403638214345096960.000000 0.673902333 -4.471939564 1.262766242 0.007373695 -0.007267211 -0.028967841 0.999526739
1403638214395097088.000000 0.698384881 -4.347301960 1.280473948 0.009109164 -0.009837768 -0.030700214 0.999438703
1403638214445096960.000000 0.712180495 -4.284910679 1.287156940 0.010081656 -0.009973250 -0.031984128 0.999387801
1403638214495097088.000000 0.726798058 -4.220534801 1.299323201 -0.011293548 0.006067571 0.033143263 -0.999368370
1403638214545096960.000000 0.753388703 -4.067945004 1.325114489 0.013938273 -0.000498314 -0.034492217 0.999307692
1403638214595097088.000000 0.765301764 -4.007019043 1.338358641 0.014641187 0.005170854 -0.035729714 0.999240875
1403638214645096960.000000 0.776759148 -3.941819668 1.353042960 -0.015936658 -0.011042012 0.036102388 -0.999159992
1403638214695097088.000000 0.796536863 -3.825812578 1.381669283 0.017036198 0.016843706 -0.037027150 0.999027073
1403638214745096960.000000 0.805058062 -3.765291214 1.396631837 0.017971119 0.022274209 -0.037718743 0.998878539
1403638214795097088.000000 0.812718868 -3.700539351 1.412306666 -0.019056914 -0.025928406 0.037970923 -0.998760641
1403638214845096960.000000 0.827475607 -3.593500376 1.439753294 0.019842966 0.029256953 -0.038758151 0.998623133
1403638214895097088.000000 0.831322849 -3.533035040 1.454712272 0.020210367 0.031291936 -0.039222114 0.998535991
1403638214945096960.000000 0.849961281 -3.343838692 1.484526157 0.024417013 0.033368129 -0.041008394 0.998302937
1403638214995097088.000000 0.851513684 -3.281296015 1.500426173 0.024495946 0.034218647 -0.041036189 0.998271108
1403638215045096960.000000 0.851663470 -3.219673395 1.516336560 0.024423692 0.034817033 -0.040837217 0.998260260
1403638215095097088.000000 0.861487091 -3.080758572 1.546424985 0.025440488 0.034498952 -0.042792201 0.998164058
1403638215145096960.000000 0.859340668 -3.018169165 1.562906384 0.024960723 0.034431182 -0.042721342 0.998181581
1403638215195097088.000000 0.856709361 -2.954096079 1.578710794 -0.024150521 -0.032544870 0.043198518 -0.998244226
1403638215245096960.000000 0.861272454 -2.822942257 1.606166840 0.024247721 0.031028209 -0.044965509 0.998212099
1403638215295097088.000000 0.856822133 -2.761987925 1.621551514 0.022335978 0.029461460 -0.047290899 0.998196721
1403638215345096960.000000 0.857527733 -2.654787779 1.644809484 0.021608969 0.028470105 -0.049282730 0.998145163
1403638215395097088.000000 0.853846133 -2.591130733 1.661343336 0.019684663 0.028601477 -0.051561091 0.998066127
1403638215445096960.000000 0.850641906 -2.537065268 1.679662824 0.016820634 0.029782439 -0.054535773 0.997925878
1403638215495097088.000000 0.850572824 -2.473775387 1.693915606 0.015618867 0.029622506 -0.055171471 0.997915149
1403638215545096960.000000 0.852098644 -2.413862228 1.708621621 -0.014653954 -0.029542804 0.055057392 -0.997938514
1403638215595097088.000000 0.860068738 -2.307828188 1.726161361 0.014649642 0.031867716 -0.056760054 0.997771621
1403638215645096960.000000 0.864316583 -2.250820875 1.737457275 0.014694978 0.033116747 -0.054881323 0.997835338
1403638215695097088.000000 0.869943738 -2.189346075 1.749032378 -0.014634248 -0.033207737 0.052699316 -0.997950852
1403638215745096960.000000 0.883390844 -2.039031982 1.766937137 0.018719120 0.033586502 -0.050598454 0.997978687
1403638215795097088.000000 0.888283908 -1.983052850 1.777349710 0.016964087 0.033829615 -0.048575159 0.998102367
1403638215845096960.000000 0.891337812 -1.927665591 1.787202835 0.014485309 0.033703815 -0.044928111 0.998316467
1403638215895097088.000000 0.896195948 -1.828922987 1.801038504 0.012865088 0.033776682 -0.044370271 0.998361111
1403638215945096960.000000 0.896002531 -1.775890112 1.809217453 0.009951650 0.034195833 -0.042458709 0.998463213
1403638215995097088.000000 0.890406311 -1.755912185 1.812273264 -0.006020488 -0.034488063 0.040085550 -0.998582780
1403638216045096960.000000 0.882753313 -1.778898478 1.824554563 -0.000767533 0.034758933 -0.037688833 0.998684585
1403638216095097088.000000 0.879282594 -1.725201488 1.831478357 -0.003950992 0.035329908 -0.038626589 0.998621166
1403638216145096960.000000 0.876303017 -1.672601819 1.837198615 -0.006106700 0.035053086 -0.037682001 0.998656213
1403638216195097088.000000 0.878970146 -1.591567516 1.841165304 -0.007249675 0.035573740 -0.038847569 0.998585463
1403638216245096960.000000 0.878126144 -1.539734483 1.844402075 -0.009334158 0.037443746 -0.038736656 0.998504043
1403638216295097088.000000 0.878314316 -1.489873171 1.846966863 0.011352161 -0.037741471 0.038795386 -0.998469710
1403638216345096960.000000 0.897875726 -1.242201924 1.874372602 -0.003845106 0.038616695 -0.041614655 0.998379827
1403638216395097088.000000 0.900405526 -1.194554329 1.874961138 -0.005508356 0.039874695 -0.041668195 0.998320341
1403638216445096960.000000 0.886038601 -1.348795533 1.845396757 0.015973063 -0.041313432 0.038769901 -0.998266041
1403638216495097088.000000 0.912574530 -1.067633271 1.878954053 -0.006309698 0.040712904 -0.041602369 0.998284519
1403638216545096960.000000 0.914554358 -1.024029732 1.876434922 -0.007751762 0.040234156 -0.041832555 0.998284101
1403638216595097088.000000 0.914988816 -0.977689207 1.873398304 0.009381109 -0.039646197 0.042737391 -0.998255372
1403638216645096960.000000 0.917054951 -0.902325749 1.879753828 -0.009877630 0.037880212 -0.044982109 0.998220503
1403638216695097088.000000 0.912491560 -0.859600902 1.877383709 -0.011181032 0.036681913 -0.045733452 0.998217404
1403638216745096960.000000 0.906191766 -0.817813098 1.875129819 -0.012578813 0.035975687 -0.047462147 0.998145759
1403638216795097088.000000 0.903170049 -0.771093011 1.878746510 -0.014595105 0.038298100 -0.048349325 0.997989297
1403638216845096960.000000 0.895318151 -0.730487883 1.876259804 -0.017692603 0.042124692 -0.047681730 0.997817159
1403638216895097088.000000 0.886163294 -0.691008091 1.873422503 -0.021793995 0.045009684 -0.046353795 0.997672617
1403638216945096960.000000 0.879768014 -0.651330471 1.878696561 -0.026522815 0.046189323 -0.043895058 0.997615337
1403638216995097088.000000 0.869030654 -0.613653004 1.874775767 -0.031779576 0.046635259 -0.039283041 0.997633219
1403638217045096960.000000 0.856852233 -0.576851368 1.870207787 -0.037994385 0.045458727 -0.033736721 0.997673213
1403638217095097088.000000 0.843844950 -0.461053342 1.884343266 -0.041045677 0.043036442 -0.029925361 0.997781396
1403638217145096960.000000 0.829502821 -0.426282972 1.878423572 -0.048794415 0.040961761 -0.024719294 0.997662365
1403638217195097088.000000 0.814507127 -0.392496437 1.872098327 -0.056006592 0.039344348 -0.020660406 0.997440994
1403638217245096960.000000 0.800779104 -0.419384420 1.877832413 -0.066534199 0.037577447 -0.017764924 0.996918023
1403638217295097088.000000 0.787276745 -0.387848914 1.870521903 -0.072146297 0.036440685 -0.015206117 0.996612132
1403638217345096960.000000 0.775521874 -0.357489139 1.862153411 -0.077517919 0.035617065 -0.014152532 0.996254086
1403638217395097088.000000 0.765190184 -0.322381198 1.856364369 -0.081903167 0.034074232 -0.012587122 0.995978177
1403638217445096960.000000 0.757719219 -0.294240266 1.845203519 -0.085591488 0.033713806 -0.011491938 0.995693505
1403638217495097088.000000 0.868814409 -0.178232715 1.846299171 -0.086775705 0.028250191 -0.010089442 0.995776176
1403638217545096960.000000 0.865022838 -0.152083904 1.833762527 -0.090759225 0.027300704 -0.012046381 0.995425761
1403638217595097088.000000 0.862759590 -0.127330378 1.820015073 -0.093788087 0.026390199 -0.013894191 0.995145440
1403638217645096960.000000 0.863516629 -0.076567590 1.816297293 -0.095148243 0.025722003 -0.018552501 0.994957805
1403638217695097088.000000 0.864904046 -0.055162653 1.801189780 -0.098340608 0.025527244 -0.022247702 0.994576573
1403638217745096960.000000 0.867743492 -0.035708442 1.785153031 -0.100667171 0.024292255 -0.025790060 0.994289219
1403638217795097088.000000 0.873292804 0.010860337 1.779600143 -0.100811221 0.022806915 -0.029789276 0.994197965
1403638217845096960.000000 0.878310859 0.025353396 1.762087941 -0.102579460 0.021516699 -0.032287676 0.993967831
1403638217895097088.000000 0.884235978 0.039399207 1.746785164 0.102962404 -0.022110434 0.032660719 -0.993902981
1403638217945096960.000000 0.771510482 -0.065069534 1.743222833 -0.109519832 0.028860718 -0.036353365 0.992900252
1403638217995097088.000000 0.774718285 -0.056249596 1.728176713 -0.108995140 0.030989733 -0.035899952 0.992910326
1403638218045096960.000000 0.775062680 -0.048376657 1.715723276 0.109259330 -0.032407012 0.036896002 -0.992799580
1403638218095097088.000000 0.897632539 0.130037799 1.709226608 -0.100614980 0.028606454 -0.038008131 0.993787527
1403638218145096960.000000 0.895659506 0.133499980 1.697027564 -0.099946834 0.030172393 -0.036409605 0.993868470
1403638218195097088.000000 0.892194510 0.135064960 1.684969783 -0.099834025 0.032053631 -0.036506087 0.993817389
1403638218245096960.000000 0.891917169 0.164102748 1.683449268 -0.097509965 0.035042390 -0.037101381 0.993925273
1403638218295097088.000000 0.886062860 0.162496626 1.671932817 -0.096737795 0.038539603 -0.036632042 0.993888676
1403638218345096960.000000 0.880588830 0.159962744 1.662901759 0.095129013 -0.041987352 0.033567313 -0.994012535
1403638218395097088.000000 0.879414201 0.180840492 1.657840014 -0.091891080 0.042561617 -0.031647347 0.994355559
1403638218445096960.000000 0.875014067 0.173350513 1.644244671 -0.090618342 0.042861331 -0.029032761 0.994539261
1403638218495097088.000000 0.872752607 0.166051611 1.631474972 0.089888439 -0.042578939 0.026657220 -0.994684160
1403638218545096960.000000 0.871876657 0.154908925 1.616373658 0.089885056 -0.041763958 0.026381830 -0.994726360
1403638218595097088.000000 0.872092068 0.142460763 1.599309206 0.089486636 -0.041114360 0.024572356 -0.994835675
1403638218645096960.000000 0.866101027 0.081351250 1.574296474 0.092852972 -0.039247684 0.021768918 -0.994667888
1403638218695097088.000000 0.871833801 0.113767780 1.561933875 0.090074778 -0.034801163 0.021114469 -0.995102882
1403638218745096960.000000 0.866428554 0.074402973 1.538636923 0.094963893 -0.030835653 0.019253654 -0.994816720
1403638218795097088.000000 0.860718906 0.034534335 1.517168045 0.100684352 -0.027479243 0.016055362 -0.994409323
1403638218845096960.000000 0.850689948 -0.072151788 1.498283267 0.112264626 -0.025638262 0.011255914 -0.993283808
1403638218895097088.000000 0.875380039 0.137413263 1.509392738 -0.101342991 0.022005999 -0.015540572 0.994486690
1403638218945096960.000000 0.838369250 -0.110105813 1.464706659 0.117335938 -0.024555072 -0.000919045 -0.992788255
1403638218995097088.000000 0.836299956 -0.039983843 1.448804379 0.111286849 -0.024465848 -0.006971042 -0.993462741
1403638219045096960.000000 0.822082400 -0.150879607 1.434000134 0.118590899 -0.027182730 -0.018323261 -0.992401898
1403638219095097088.000000 0.811432779 -0.170917541 1.417966366 0.119697012 -0.029415879 -0.024868248 -0.992063046
1403638219145096960.000000 0.828247964 0.041728813 1.421790838 -0.107321672 0.027883993 0.019469341 0.993642569
1403638219195097088.000000 0.816593826 0.023488112 1.402992129 -0.110402882 0.030649319 0.017702756 0.993256569
1403638219245096960.000000 0.827844620 0.076261938 1.420884252 0.110487796 -0.034521051 -0.011581615 -0.993210316
1403638219295097088.000000 0.818718255 0.068915144 1.408539295 0.113024831 -0.039661068 -0.008362410 -0.992765129
1403638219345096960.000000 0.809333801 0.061548505 1.396227121 0.115496986 -0.045105714 -0.003901713 -0.992275596
1403638219395097088.000000 0.800133049 0.053684462 1.382984996 0.116529591 -0.052342433 -0.002377220 -0.991804183
1403638219445096960.000000 0.791943669 0.045528736 1.369001985 0.117867552 -0.057845112 0.000388402 -0.991343081
1403638219495097088.000000 0.784038663 0.036863942 1.353763342 0.118527934 -0.060986541 0.001918080 -0.991074264
1403638219545096960.000000 0.776609004 0.027594991 1.337296963 0.118561968 -0.061251700 0.001407077 -0.991054654
1403638219595097088.000000 0.769409001 0.017801080 1.319606781 0.117910638 -0.059873361 -0.000604032 -0.991217434
1403638219645096960.000000 0.762866676 0.007634998 1.300805211 0.117132932 -0.057286963 -0.002697993 -0.991459012
1403638219695097088.000000 0.755916417 -0.002322736 1.280984879 0.115557395 -0.055724222 -0.006683012 -0.991714060
1403638219745096960.000000 0.747566462 -0.012619721 1.260342360 0.114428110 -0.052534234 -0.009844877 -0.991992652
1403638219795097088.000000 0.738123298 -0.021846408 1.239174604 0.112605371 -0.049943630 -0.014657893 -0.992275596
1403638219845096960.000000 0.726946890 -0.030647226 1.217955351 0.110779867 -0.046709605 -0.019548796 -0.992554247
1403638219895097088.000000 0.714154005 -0.038099740 1.196515799 0.109024949 -0.044643462 -0.024186790 -0.992741406
1403638219945096960.000000 0.700276852 -0.044344362 1.175000429 0.107535139 -0.042319015 -0.028642479 -0.992887199
1403638219995097088.000000 0.685314000 -0.047920097 1.152660966 0.106117472 -0.040135019 -0.032314353 -0.993017673
1403638220045096960.000000 0.668603063 -0.050110888 1.129984021 0.105558194 -0.037797190 -0.034387700 -0.993099391
1403638220095097088.000000 0.651207805 -0.049809899 1.107155323 0.105473712 -0.036029764 -0.034749340 -0.993161500
1403638220145096960.000000 0.635317564 -0.048272006 1.084107995 0.106818624 -0.034050308 -0.031701207 -0.993189514
1403638220195097088.000000 0.621677339 -0.044051062 1.060548425 0.109525554 -0.032439541 -0.025681844 -0.993122518
1403638220245096960.000000 0.610556364 -0.038209494 1.037558436 0.113371827 -0.031149227 -0.016347695 -0.992929697
1403638220295097088.000000 0.600328624 -0.031574681 1.013249159 0.116580449 -0.028560881 -0.008619259 -0.992733061
1403638220345096960.000000 0.591538727 -0.025042616 0.987187088 0.118783452 -0.028058020 -0.002780778 -0.992519796
1403638220395097088.000000 0.584007323 -0.018482929 0.960098863 0.120690353 -0.027518522 0.001059910 -0.992308199
1403638220445096960.000000 0.577316344 -0.014060710 0.933047056 0.121283546 -0.026948219 0.002719442 -0.992248297
1403638220495097088.000000 0.571732521 -0.010556122 0.904584467 0.122343533 -0.026969096 0.004876410 -0.992109358
1403638220545096960.000000 0.567531049 -0.007267070 0.877626061 0.122351557 -0.027741898 0.004184628 -0.992090225
1403638220595097088.000000 0.562718153 -0.005089313 0.849605858 0.123260841 -0.027898626 0.005032419 -0.991969347
1403638220645096960.000000 0.557415843 -0.002164081 0.823292494 0.123819374 -0.028094456 0.004756825 -0.991895616
1403638220695097088.000000 0.551359415 0.000093952 0.797828496 0.124421552 -0.028462287 0.004848344 -0.991809309
1403638220745096960.000000 0.542310059 0.001700863 0.773630559 0.124722697 -0.028088253 0.003641668 -0.991787374
1403638220795097088.000000 0.531693995 0.003072050 0.749529481 0.124862544 -0.028025463 0.002837608 -0.991774201
1403638220845096960.000000 0.518870592 0.003979680 0.726345778 0.124899760 -0.028809730 0.001741904 -0.991749465
1403638220895097088.000000 0.506216645 0.004869583 0.704016984 0.125603840 -0.028081549 0.001892088 -0.991681218
1403638220945096960.000000 0.490239799 0.005942400 0.684386492 0.125557587 -0.027431961 0.000023625 -0.991707027
1403638220995097088.000000 0.473283887 0.006462945 0.664097011 0.125765443 -0.026566289 -0.000212957 -0.991704226
1403638221045096960.000000 0.456040859 0.005975060 0.644212067 0.125943869 -0.026260471 -0.000331004 -0.991689742
1403638221095097088.000000 0.438860893 0.005147681 0.624820709 0.126377404 -0.025678201 -0.000883550 -0.991649449
1403638221145096960.000000 0.421593755 0.003043836 0.604055107 0.126824170 -0.024701931 -0.000674609 -0.991617441
1403638221195097088.000000 0.405348212 0.000736907 0.583364010 0.126791745 -0.023301566 -0.001417861 -0.991654634
1403638221245096960.000000 0.390941173 -0.001713752 0.562094867 0.126859099 -0.022153931 -0.001908092 -0.991671562
1403638221295097088.000000 0.378482789 -0.005230181 0.540031612 0.126444086 -0.020785211 -0.003562079 -0.991749585
1403638221345096960.000000 0.367921293 -0.007163074 0.515798986 0.126288652 -0.019482270 -0.004610886 -0.991791546
1403638221395097088.000000 0.358943641 -0.008454557 0.495436370 0.125778720 -0.018743252 -0.006734050 -0.991858423
1403638221445096960.000000 0.350581050 -0.009232049 0.475207657 0.125336364 -0.018299565 -0.008206249 -0.991911650
1403638221495097088.000000 0.340513736 -0.010935592 0.455404043 0.124859720 -0.018165549 -0.009657153 -0.991961122
1403638221545096960.000000 0.329856008 -0.011699975 0.435609996 0.124356516 -0.018344078 -0.011121709 -0.992005706
1403638221595097088.000000 0.318803012 -0.012220914 0.418151170 0.124365769 -0.019435976 -0.012106464 -0.991972268
1403638221645096960.000000 0.306184232 -0.012750589 0.399147689 0.124242164 -0.020208573 -0.011912433 -0.991974652
1403638221695097088.000000 0.294234842 -0.011926514 0.381378472 0.123652570 -0.022443540 -0.012955250 -0.991987228
1403638221745096960.000000 0.281891733 -0.012099466 0.364509493 0.123095170 -0.024713501 -0.014338347 -0.991983473
1403638221795097088.000000 0.270769566 -0.013193643 0.347388059 0.122130767 -0.026144050 -0.015243626 -0.992052555
1403638221845096960.000000 0.261471570 -0.012979908 0.329143524 0.122016147 -0.026606333 -0.014624876 -0.992063642
1403638221895097088.000000 0.254419416 -0.012863584 0.310413837 0.122333378 -0.028214585 -0.012556895 -0.992008507
1403638221945096960.000000 0.248259440 -0.012619366 0.289589763 0.122997738 -0.029115099 -0.009589477 -0.991933405
1403638221995097088.000000 0.244321018 -0.011767584 0.268365115 0.123337023 -0.029440934 -0.007651137 -0.991898596
1403638222045096960.000000 0.242223889 -0.010925815 0.245433077 0.124029599 -0.028706368 -0.005743738 -0.991846621
1403638222095097088.000000 0.240387440 -0.011234287 0.223070398 0.124623396 -0.026517868 -0.003900309 -0.991842031
1403638222145096960.000000 0.237426683 -0.012329781 0.201074690 0.124641992 -0.023117213 -0.004039842 -0.991924226
1403638222195097088.000000 0.232398704 -0.013970261 0.179974362 0.124975033 -0.019755451 -0.003806441 -0.991955936
1403638222245096960.000000 0.226699889 -0.016156275 0.160480186 0.124893740 -0.016587226 -0.004618563 -0.992020726
1403638222295097088.000000 0.220163792 -0.017566565 0.141881824 0.124932408 -0.013583286 -0.005322049 -0.992058039
1403638222345096960.000000 0.212778464 -0.018187441 0.124859676 0.124674536 -0.010500765 -0.005851244 -0.992124915
1403638222395097088.000000 0.204812527 -0.019383902 0.108637981 0.124761768 -0.008266738 -0.006541764 -0.992130697
1403638222445096960.000000 0.196007952 -0.020553870 0.094012514 0.124601036 -0.005564570 -0.006773172 -0.992168307
1403638222495097088.000000 0.187013596 -0.021224247 0.081685357 0.124550395 -0.004133975 -0.006780069 -0.992181480
1403638222545096960.000000 0.177571714 -0.021878162 0.068844527 0.124225147 -0.006225252 -0.007081574 -0.992209315
1403638222595097088.000000 0.166986376 -0.022673577 0.058366347 0.124015942 -0.010790519 -0.006418594 -0.992200851
1403638222645096960.000000 0.156990439 -0.023026954 0.049616076 0.123368964 -0.016209057 -0.007215230 -0.992202282
1403638222695097088.000000 0.146813050 -0.023095379 0.040987801 0.122984678 -0.020159641 -0.007496906 -0.992175519
1403638222745096960.000000 0.135570392 -0.023304891 0.031527851 0.123231113 -0.022600319 -0.006623522 -0.992098570
1403638222795097088.000000 0.123691492 -0.024156457 0.024113456 0.123045996 -0.024263268 -0.006598403 -0.992082357
1403638222845096960.000000 0.111960620 -0.025706934 0.016951241 0.123156771 -0.027072787 -0.005733383 -0.992001355
1403638222895097088.000000 0.099820226 -0.027595626 0.008819419 0.123005651 -0.033940878 -0.004697129 -0.991814315
1403638222945096960.000000 0.088227965 -0.029234840 0.001718226 0.122296900 -0.040148076 -0.005061827 -0.991668284
1403638222995097088.000000 0.075879328 -0.030716339 -0.004433606 0.121824250 -0.041906737 -0.005238022 -0.991652787
1403638223045096960.000000 0.063729711 -0.033413462 -0.013328893 0.121595815 -0.040830731 -0.005342030 -0.991725206
1403638223095097088.000000 0.053526681 -0.035711791 -0.024304124 0.121896930 -0.037183356 -0.004945490 -0.991833746
1403638223145096960.000000 0.043285266 -0.038863212 -0.036664654 0.122344695 -0.030737247 -0.005055797 -0.991998732
1403638223195097088.000000 0.034668263 -0.041618533 -0.047657691 0.121660709 -0.021360906 -0.008141062 -0.992308497
1403638223245096960.000000 0.025437202 -0.045565303 -0.059643172 0.120566361 -0.013016107 -0.012654379 -0.992539287
1403638223295097088.000000 0.018745936 -0.047634017 -0.071988232 0.119799115 -0.007615373 -0.014982248 -0.992655873
1403638223345096960.000000 0.013062765 -0.049934898 -0.083141513 0.119431272 -0.008782265 -0.016352568 -0.992668927
1403638223395097088.000000 0.007288276 -0.052084766 -0.092127994 0.118490987 -0.010759299 -0.018694341 -0.992720842
1403638223445096960.000000 0.001826772 -0.053486321 -0.101919048 0.116230592 -0.014639572 -0.023879014 -0.992827237
1403638223495097088.000000 -0.004189556 -0.053762089 -0.110242091 0.113480113 -0.019126412 -0.030274089 -0.992894769
1403638223545096960.000000 -0.012077087 -0.053295247 -0.116261251 0.112130351 -0.022103524 -0.033739969 -0.992874563
1403638223595097088.000000 -0.017940789 -0.050459757 -0.122485504 0.112817742 -0.023375923 -0.031695910 -0.992834866
1403638223645096960.000000 -0.025180269 -0.047034707 -0.129629776 0.115296572 -0.024279611 -0.025673438 -0.992702425
1403638223695097088.000000 -0.032510806 -0.042905383 -0.135235205 0.117635429 -0.024217188 -0.019707812 -0.992565989
1403638223745096960.000000 -0.039965753 -0.037024986 -0.141174510 0.120370880 -0.023656573 -0.012644549 -0.992366552
1403638223795097088.000000 -0.048292607 -0.033300426 -0.147819549 0.122492574 -0.022553427 -0.007849721 -0.992182136
1403638223845096960.000000 -0.056661561 -0.029997565 -0.154358774 0.123717599 -0.022079226 -0.004134322 -0.992063224
1403638223895097088.000000 -0.066363104 -0.025913645 -0.158607274 0.124683157 -0.021530051 -0.001562903 -0.991961777
1403638223945096960.000000 -0.074772686 -0.021853885 -0.163854763 0.125846699 -0.021755720 0.001714684 -0.991809666
1403638223995097088.000000 -0.084946021 -0.020427946 -0.168143407 0.126243144 -0.020865325 0.002684017 -0.991776228
1403638224045096960.000000 -0.096301496 -0.018936396 -0.171265155 0.126570493 -0.017924903 0.003228479 -0.991790414
1403638224095097088.000000 -0.108195364 -0.018116029 -0.175738901 0.126089528 -0.013824816 0.001946178 -0.991920650
1403638224145096960.000000 -0.119130984 -0.017088925 -0.178389519 0.125714526 -0.007920304 0.000725278 -0.992034674
1403638224195097088.000000 -0.130030289 -0.017178882 -0.181080461 0.125540793 -0.002527622 -0.000747720 -0.992085040
1403638224245096960.000000 -0.139468804 -0.017170666 -0.181734607 0.125228539 -0.001871080 -0.001423847 -0.992125154
1403638224295097088.000000 -0.147309169 -0.016321912 -0.181746900 0.125091553 -0.003726960 -0.001312009 -0.992137372
1403638224345096960.000000 -0.154485703 -0.016148360 -0.181690291 0.124876209 -0.009505345 -0.001397746 -0.992125809
1403638224395097088.000000 -0.160761714 -0.017885225 -0.181622997 0.123831727 -0.014668542 -0.004650974 -0.992183924
1403638224445096960.000000 -0.168578550 -0.018928904 -0.180301443 0.121880680 -0.020370005 -0.008826730 -0.992296457
1403638224495097088.000000 -0.175250500 -0.019473217 -0.179773271 0.120922290 -0.027902335 -0.010122642 -0.992218137
1403638224545096960.000000 -0.181749240 -0.020969877 -0.181716740 0.121278368 -0.033002611 -0.008579879 -0.992032647
1403638224595097088.000000 -0.188867971 -0.021382486 -0.180609256 0.121275075 -0.033668257 -0.007815148 -0.992017031
1403638224645096960.000000 -0.196452007 -0.022975890 -0.180124417 0.121963032 -0.029028734 -0.006676745 -0.992087603
1403638224695097088.000000 -0.205335632 -0.025670398 -0.179778174 0.122121915 -0.020650387 -0.007223419 -0.992273986
1403638224745096960.000000 -0.213817075 -0.028333576 -0.180794403 0.122427672 -0.011068963 -0.007759692 -0.992385387
1403638224795097088.000000 -0.220642939 -0.030593460 -0.182033941 0.122740634 -0.005135984 -0.008026008 -0.992393017
1403638224845096960.000000 -0.224363253 -0.033742946 -0.184458345 0.122222811 -0.006039868 -0.008666347 -0.992446482
1403638224895097088.000000 -0.225957498 -0.037494320 -0.186847717 0.120420381 -0.011807821 -0.012302903 -0.992576540
1403638224945096960.000000 -0.226104289 -0.041469142 -0.188760996 0.118254237 -0.018739574 -0.016243296 -0.992673635
1403638224995097088.000000 -0.225345895 -0.045039307 -0.188284501 0.115840927 -0.025743827 -0.020525811 -0.992721915
1403638225045096960.000000 -0.223162591 -0.046136878 -0.188461199 0.114383243 -0.029871875 -0.022371570 -0.992735505
1403638225095097088.000000 -0.219297469 -0.047050297 -0.186062381 0.114693329 -0.032309394 -0.020650612 -0.992660642
1403638225145096960.000000 -0.216914728 -0.048564073 -0.185278252 0.115766898 -0.031284187 -0.016892444 -0.992639899
1403638225195097088.000000 -0.214645669 -0.047825351 -0.185868278 0.116825789 -0.026689982 -0.013664072 -0.992699742
1403638225245096960.000000 -0.212219685 -0.048114575 -0.187038556 0.117501929 -0.020116882 -0.011127718 -0.992806494
1403638225295097088.000000 -0.208582520 -0.049164124 -0.187565416 0.118385129 -0.013950214 -0.009303422 -0.992826223
1403638225345096960.000000 -0.203375995 -0.048811447 -0.187379166 0.118915834 -0.013503268 -0.007655281 -0.992783010
1403638225395097088.000000 -0.198943630 -0.048462812 -0.185755044 0.119087301 -0.015337400 -0.006195242 -0.992746055
1403638225445096960.000000 -0.195464730 -0.046355475 -0.181344450 0.119302325 -0.020680910 -0.005429799 -0.992627680
1403638225495097088.000000 -0.192727670 -0.045367107 -0.178285852 0.119466424 -0.029462926 -0.003474512 -0.992394984
1403638225545096960.000000 -0.192474931 -0.043763820 -0.174263135 0.119711816 -0.038531005 -0.002198199 -0.992058277
1403638225595097088.000000 -0.192984596 -0.043866623 -0.169963434 0.120130815 -0.047722038 -0.000423253 -0.991610348
1403638225645096960.000000 -0.195242852 -0.044147149 -0.165389046 0.119857356 -0.055997826 0.000475616 -0.991210580
1403638225695097088.000000 -0.203668743 -0.045643061 -0.161903694 0.120087542 -0.056242663 0.001025426 -0.991168380
1403638225745096960.000000 -0.215166911 -0.047597837 -0.162210822 0.120242693 -0.052193526 0.001393226 -0.991370618
1403638225795097088.000000 -0.230187342 -0.051362965 -0.160440847 0.120161831 -0.044060718 0.000027817 -0.991776109
1403638225845096960.000000 -0.247091249 -0.053523269 -0.156235531 0.120532922 -0.032788124 -0.000274357 -0.992167652
1403638225895097088.000000 -0.265745282 -0.056540109 -0.153349221 0.120834216 -0.022426706 -0.000844357 -0.992419004
1403638225945096960.000000 -0.282853037 -0.060779821 -0.147315115 0.120620385 -0.014915259 -0.001988286 -0.992584646
1403638225995097088.000000 -0.302683145 -0.063806564 -0.141899943 0.119581841 -0.007705436 -0.005567552 -0.992778838
1403638226045096960.000000 -0.309973836 -0.069315068 -0.137347281 0.117740259 0.002996598 -0.004598089 -0.993029296
1403638226095097088.000000 -0.303749353 -0.074047446 -0.134111762 0.109222680 -0.001593167 -0.024764678 -0.993707478
1403638226145096960.000000 -0.300576419 -0.079113171 -0.130624160 0.106277280 0.000176082 -0.029238954 -0.993906558
1403638226195097088.000000 -0.305329978 -0.082557216 -0.126610875 0.108434550 0.007632635 -0.022419306 -0.993821502
1403638226245096960.000000 -0.306234360 -0.089484408 -0.115087189 0.119760670 0.008480762 -0.001620629 -0.992765248
1403638226295097088.000000 -0.307799369 -0.093485422 -0.118094921 0.117810696 -0.006370356 -0.014372690 -0.992911637
1403638226345096960.000000 -0.311196595 -0.097385325 -0.118639506 0.117819250 0.001611130 -0.003630482 -0.993027091
1403638226395097088.000000 -0.306261212 -0.094716378 -0.115035191 0.116738074 0.001212744 -0.001970158 -0.993160069
1403638226445096960.000000 -0.305417985 -0.094102204 -0.113557324 0.117822453 0.001421148 -0.003931374 -0.993025959
1403638226495097088.000000 -0.307762533 -0.093748741 -0.112128578 0.117468774 0.001403257 -0.004059169 -0.993067384
1403638226545096960.000000 -0.311305761 -0.093210392 -0.108022071 0.117457695 0.000457815 -0.003537963 -0.993071496
1403638226595097088.000000 -0.313769579 -0.095014088 -0.110305496 0.117935151 0.000766672 -0.003365956 -0.993015349
1403638226645096960.000000 -0.319532335 -0.094070464 -0.110405378 0.117468953 0.000655229 -0.004124097 -0.993067801
1403638226695097088.000000 -0.319977194 -0.092808679 -0.112472974 0.117764078 0.001463107 -0.003215414 -0.993035376
1403638226745096960.000000 -0.321897775 -0.094496883 -0.116594985 0.117403500 0.001654934 -0.004763563 -0.993071496
1403638226795097088.000000 -0.325924814 -0.095118284 -0.117951512 0.117947586 0.001229076 -0.003152261 -0.993014097
1403638226845096960.000000 -0.328680933 -0.096916869 -0.123129502 0.117412478 0.001286017 -0.004423858 -0.993072569
1403638226895097088.000000 -0.332295865 -0.099270597 -0.128892154 0.117798470 0.001638115 -0.003439543 -0.993030250
1403638226945096960.000000 -0.335254878 -0.101097122 -0.134260237 0.117713802 0.001759969 -0.003972520 -0.993038118
1403638226995097088.000000 -0.336529315 -0.106186509 -0.141144454 0.117514044 0.001993396 -0.004531937 -0.993058920
1403638227045096960.000000 -0.336525291 -0.106206842 -0.142325476 0.117901832 0.001742514 -0.003348933 -0.993018150
1403638227095097088.000000 -0.336224854 -0.109653212 -0.146802753 0.117513895 0.001952642 -0.004779046 -0.993057847
1403638227145096960.000000 -0.338590860 -0.109364912 -0.149249524 0.117890827 0.002049803 -0.003670288 -0.993017673
1403638227195097088.000000 -0.338583708 -0.113372155 -0.157990620 0.117582843 0.002059172 -0.004434069 -0.993051052
1403638227245096960.000000 -0.341217399 -0.113262467 -0.166063607 0.117666140 0.002148601 -0.003803057 -0.993043602
1403638227295097088.000000 -0.340079665 -0.117812090 -0.173870757 0.117641851 0.002153123 -0.004007147 -0.993045747
1403638227345096960.000000 -0.341110438 -0.120213695 -0.180634528 0.117550574 0.002251297 -0.004290037 -0.993055165
1403638227395097088.000000 -0.339963496 -0.123056233 -0.185872480 0.117727466 0.002266283 -0.003769652 -0.993036270
1403638227445096960.000000 -0.339960009 -0.124788597 -0.192065060 0.117602959 0.002417219 -0.004278704 -0.993048608
1403638227495097088.000000 -0.337447792 -0.125151187 -0.195811421 0.117694817 0.002474203 -0.003924913 -0.993038952
1403638227545096960.000000 -0.335738510 -0.125139743 -0.198341116 0.117595233 0.002475143 -0.004054213 -0.993050337
1403638227595097088.000000 -0.334352493 -0.126141489 -0.199649766 0.117583573 0.002466878 -0.004082412 -0.993051589
1403638227645096960.000000 -0.332417637 -0.123404555 -0.200883359 0.117637895 0.002507810 -0.003823592 -0.993046105
1403638227695097088.000000 -0.331519723 -0.124754593 -0.203643844 0.117536798 0.002628212 -0.004119504 -0.993056536
1403638227745096960.000000 -0.330395371 -0.124987580 -0.205294549 0.117648810 0.002610625 -0.003882904 -0.993044317
1403638227795097088.000000 -0.325989306 -0.131252378 -0.204137102 0.117702886 0.002772901 -0.004139300 -0.993036389
1403638227845096960.000000 -0.322104216 -0.134901673 -0.208410472 0.117869139 0.002987543 -0.003925015 -0.993016899
1403638227895097088.000000 -0.319643855 -0.138871640 -0.208916336 0.117950842 0.003048057 -0.004035848 -0.993006527
1403638227945096960.000000 -0.317239761 -0.137910217 -0.210519820 0.117955819 0.003119380 -0.004036906 -0.993005753
1403638227995097088.000000 -0.315187931 -0.140698001 -0.210216403 0.118052930 0.003129413 -0.004022773 -0.992994249
1403638228045096960.000000 -0.313354135 -0.140894547 -0.207126424 0.118080676 0.003197816 -0.004072435 -0.992990553
1403638228095097088.000000 -0.311839014 -0.139752015 -0.206441700 0.118105806 0.003257770 -0.003887171 -0.992988110
1403638228145096960.000000 -0.306499541 -0.136509210 -0.201051354 0.118072271 0.003346495 -0.003970998 -0.992991507
1403638228195097088.000000 -0.303621262 -0.135507405 -0.198846474 0.118075304 0.003433881 -0.003875731 -0.992991149
1403638228245096960.000000 -0.301504761 -0.136076033 -0.197317213 0.118099570 0.003450101 -0.003907579 -0.992988110
1403638228295097088.000000 -0.303179353 -0.139682353 -0.195756271 0.118212551 0.003385202 -0.003992097 -0.992974579
1403638228345096960.000000 -0.303593814 -0.139505580 -0.194092497 0.118234776 0.003396389 -0.003989657 -0.992971897
1403638228395097088.000000 -0.301196426 -0.136452213 -0.189658672 0.118172452 0.003415574 -0.004106139 -0.992978752
1403638228445096960.000000 -0.298913717 -0.140092880 -0.191826075 0.118235946 0.003580535 -0.003972198 -0.992971182
1403638228495097088.000000 -0.299749941 -0.141814739 -0.190226763 0.118268356 0.003499213 -0.004067397 -0.992967188
1403638228545096960.000000 -0.298964560 -0.140217364 -0.188586563 0.118265860 0.003556821 -0.004013047 -0.992967486
1403638228595097088.000000 -0.298325419 -0.137541994 -0.189094678 0.118221976 0.003602968 -0.004009048 -0.992972553
1403638228645096960.000000 -0.297647864 -0.136986002 -0.188738704 0.118295133 0.003660543 -0.003939146 -0.992963910
1403638228695097088.000000 -0.296908021 -0.138650283 -0.187686563 0.118328996 0.003651402 -0.003921498 -0.992960036
1403638228745096960.000000 -0.294787526 -0.137808576 -0.185954139 0.118330792 0.003666089 -0.003916295 -0.992959797
1403638228795097088.000000 -0.297707021 -0.140167996 -0.186126560 0.118401982 0.003631649 -0.003929307 -0.992951393
1403638228845096960.000000 -0.299941629 -0.143411264 -0.186286077 0.118473105 0.003537262 -0.003964157 -0.992943108
