1413393889705760512.000000 0.003400477 0.002680040 -0.004098716 -0.002613973 -0.004288309 -0.004134268 0.999978900
1413393889755760384.000000 0.053138569 0.014042845 -0.008542532 0.000094437 -0.033118457 -0.010981433 0.999391139
1413393889805760512.000000 0.107579015 0.020384245 -0.012718987 0.000624982 -0.059445921 -0.016532706 0.998094440
1413393889855760384.000000 0.035070479 0.002101689 -0.004694322 -0.009557291 -0.024279136 -0.015082555 0.999545753
1413393889905760512.000000 0.022242939 0.002482828 -0.007732324 -0.011898106 -0.016532023 -0.024278259 0.999497771
1413393889955760384.000000 -0.047432221 -0.014354945 0.001063907 -0.020819370 0.032543212 -0.028124701 0.998857617
1413393890005760512.000000 0.021698581 -0.000990716 -0.008375039 -0.017952202 0.002191227 -0.035426673 0.999208629
1413393890055760384.000000 0.023956934 -0.001642288 -0.009413258 -0.017979080 0.012512138 -0.032865729 0.999219775
1413393890105760512.000000 0.028958350 -0.000687425 -0.012559484 -0.015112438 0.018942667 -0.028095005 0.999311507
1413393890155760384.000000 0.033990394 -0.003760659 -0.010900473 -0.014390179 0.025573479 -0.023524586 0.999292612
1413393890205760512.000000 0.191515237 -0.118766412 0.091136821 -0.031700239 0.026358778 -0.011868536 0.999079347
1413393890255760384.000000 0.036836267 -0.004798831 -0.012698757 -0.009344036 0.038760751 -0.009304573 0.999161541
1413393890305760512.000000 0.197376490 -0.120989844 0.090934969 -0.027463039 0.033817384 -0.002165366 0.999048293
1413393890355760384.000000 0.198596388 -0.123174116 0.092654273 -0.026318591 0.035742685 0.002339253 0.999011755
1413393890405760512.000000 0.198756099 -0.124842227 0.095059350 -0.024421634 0.038151164 0.005394971 0.998958945
1413393890455760384.000000 0.301541418 -0.075388446 -0.025581034 -0.008267677 0.019777700 -0.004937922 0.999758005
1413393890505760512.000000 0.301527768 -0.077803262 -0.023716796 -0.007057395 0.027910357 -0.001715038 0.999584138
1413393890555760384.000000 0.301220417 -0.079346359 -0.021279128 -0.004579639 0.039733566 0.001062612 0.999199271
1413393890605760512.000000 0.300917745 -0.081545204 -0.019815532 -0.004378570 0.049421627 0.001448198 0.998767376
1413393890655760384.000000 0.301976562 -0.083779208 -0.018534543 -0.004134071 0.050799578 0.000143289 0.998700321
1413393890705760512.000000 0.307215333 -0.120417416 0.001962596 -0.004534192 0.047807608 -0.000275625 0.998846292
1413393890755760384.000000 0.307554871 -0.123383589 0.003660663 -0.005354292 0.042034704 -0.001506784 0.999100685
1413393890805760512.000000 0.308594227 -0.124953881 0.003395258 -0.004748573 0.035239186 -0.002542515 0.999364376
1413393890855760384.000000 0.309931397 -0.127508670 0.003487325 -0.005128718 0.029602705 -0.003657063 0.999541938
1413393890905760512.000000 0.310624093 -0.129631326 0.003483753 -0.004898194 0.026044009 -0.003811421 0.999641538
1413393890955760384.000000 0.341765732 -0.195744023 0.015825359 -0.009443853 0.020318691 -0.007221731 0.999722958
1413393891005760512.000000 0.342478484 -0.197242692 0.014599135 -0.008960988 0.018805532 -0.007501363 0.999754906
1413393891055760384.000000 0.343704224 -0.198655874 0.013031855 -0.007820402 0.018020539 -0.008452055 0.999771297
1413393891105760512.000000 0.344527721 -0.200789377 0.011341645 -0.007113850 0.019474871 -0.007774187 0.999754846
1413393891155760384.000000 0.345611721 -0.202828392 0.009537046 -0.005448450 0.019701257 -0.006736239 0.999768376
1413393891205760512.000000 0.373203933 -0.245380148 0.001145780 -0.008027090 0.017640622 -0.007318659 0.999785423
1413393891255760384.000000 0.373771280 -0.247001633 -0.000349597 -0.006486426 0.020491250 -0.006273892 0.999749362
1413393891305760512.000000 0.374417543 -0.248834029 -0.002391794 -0.004825717 0.029210066 -0.005951511 0.999543965
1413393891355760384.000000 0.373166949 -0.249742970 -0.003507087 -0.001947684 0.051833361 -0.003825539 0.998646557
1413393891405760512.000000 0.376179278 -0.256026655 0.000265179 -0.001917251 0.077208072 -0.006973304 0.996988833
1413393891455760384.000000 0.373214126 -0.301741123 -0.001496712 -0.002113685 0.110296741 -0.003072202 0.993891776
1413393891505760512.000000 0.372202814 -0.305221260 -0.005246305 -0.000823036 0.132249817 -0.003699537 0.991209209
1413393891555760384.000000 0.370278925 -0.308493733 -0.007395799 0.001345137 0.144969001 -0.002497738 0.989432156
1413393891605760512.000000 0.369104534 -0.310447872 -0.016140327 0.001403771 0.148467526 -0.006407652 0.988895535
1413393891655760384.000000 0.366742551 -0.313464016 -0.020069709 0.002116904 0.148321122 -0.005522077 0.988921642
1413393891705760512.000000 0.319880635 -0.358992636 -0.071687318 0.000029768 0.153099820 -0.003756129 0.988203645
1413393891755760384.000000 0.318901360 -0.362515330 -0.082732931 0.000485331 0.149820194 -0.005132352 0.988699913
1413393891805760512.000000 0.315610737 -0.364739060 -0.097301662 0.000926341 0.146568730 -0.006260820 0.989180267
1413393891855760384.000000 0.314246416 -0.364775479 -0.113664769 0.002160921 0.138700619 -0.006915759 0.990307927
1413393891905760512.000000 0.311172158 -0.367629081 -0.128430247 0.002274920 0.124783009 -0.006508884 0.992160082
1413393891955760384.000000 0.245742619 -0.412249982 -0.273276478 -0.002650867 0.111532189 -0.005159426 0.993743896
1413393892005760512.000000 0.227659702 -0.422713995 -0.326696932 -0.003324993 0.087122433 -0.004838751 0.996180356
1413393892055760384.000000 0.206879109 -0.434745938 -0.394168288 -0.003625731 0.064538680 -0.004823523 0.997897029
1413393892105760512.000000 0.188920021 -0.445402920 -0.458665758 -0.003999297 0.046533134 -0.004686269 0.998897791
1413393892155760384.000000 0.172034070 -0.455171108 -0.520483375 -0.004975844 0.032954972 -0.005299396 0.999430418
1413393892205760512.000000 0.155532569 -0.467119098 -0.587968111 -0.006265435 0.022832055 -0.006441612 0.999698937
1413393892255760384.000000 0.138047695 -0.477591813 -0.649852455 -0.007423879 0.017510755 -0.007581203 0.999790370
1413393892305760512.000000 0.105341904 -0.503068686 -0.759625673 -0.009267776 0.014220973 -0.007541826 0.999827504
1413393892355760384.000000 0.079875909 -0.520078838 -0.827036738 -0.010965710 0.010551891 -0.007103078 0.999858975
1413393892405760512.000000 0.063439608 -0.526598334 -0.866806805 0.011350658 -0.007248116 0.006378672 -0.999889016
1413393892455760384.000000 0.030377010 -0.625267804 -1.044405341 -0.014243232 -0.001013677 -0.008805238 0.999859333
1413393892505760512.000000 0.011438116 -0.631348491 -1.079204440 -0.014953835 -0.002121589 -0.009258308 0.999843061
1413393892555760384.000000 -0.027530225 -0.655733109 -1.163876057 -0.015764488 -0.004649871 -0.008044904 0.999832571
1413393892605760512.000000 -0.058384974 -0.674501061 -1.225418091 -0.017139968 -0.009661764 -0.008496265 0.999770343
1413393892655760384.000000 -0.082506731 -0.681463361 -1.256808877 0.017393833 0.016585410 0.008277001 -0.999676883
1413393892705760512.000000 -0.122566812 -0.708813071 -1.334864020 -0.019262314 -0.027935455 -0.009147382 0.999382317
1413393892755760384.000000 -0.155276358 -0.723017156 -1.382536888 -0.019307690 -0.041327618 -0.008674556 0.998921454
1413393892805760512.000000 -0.176875517 -0.730306387 -1.408637881 -0.019291684 -0.055504445 -0.009569299 0.998226225
1413393892855760384.000000 -0.209004417 -0.763127327 -1.478903055 -0.020955859 -0.068653204 -0.010527611 0.997364938
1413393892905760512.000000 -0.226058424 -0.771910787 -1.500822902 0.020346569 0.080355294 0.010034770 -0.996508062
1413393892955760384.000000 -0.256267220 -0.791828513 -1.543936610 -0.019300416 -0.090331145 -0.009855454 0.995676041
1413393893005760512.000000 -0.268012673 -0.801459372 -1.559382796 0.018899996 0.098060898 0.010652985 -0.994943917
1413393893055760384.000000 -0.281352133 -0.843966126 -1.610739827 -0.019656802 -0.103752755 -0.012571489 0.994329453
1413393893105760512.000000 -0.287682712 -0.854646146 -1.618456960 0.018387880 0.104821160 0.012263164 -0.994245470
1413393893155760384.000000 -0.294928491 -0.888017833 -1.643553376 -0.017855337 -0.101864815 -0.012231736 0.994562805
1413393893205760512.000000 -0.295757532 -0.900122762 -1.645465374 0.016482627 0.095172949 0.013238931 -0.995236278
1413393893255760384.000000 -0.292911917 -0.933768809 -1.654855609 -0.016516494 -0.089362100 -0.013408005 0.995772004
1413393893305760512.000000 -0.289591223 -0.947474122 -1.650605083 0.014984321 0.082893461 0.009620535 -0.996399343
1413393893355760384.000000 -0.278983980 -0.981322825 -1.646567464 -0.013930188 -0.079989657 -0.004308816 0.996689081
1413393893405760512.000000 -0.271761358 -0.994220793 -1.635237217 -0.012074695 -0.074916467 0.002111485 0.997114539
1413393893455760384.000000 -0.255146384 -1.028385639 -1.620518923 -0.011039575 -0.072120517 0.007477236 0.997306824
1413393893505760512.000000 -0.240604967 -1.051369548 -1.601435900 -0.008870414 -0.070723236 0.012469138 0.997378588
1413393893555760384.000000 -0.224229947 -1.073404551 -1.578623176 -0.007087426 -0.068607278 0.016419580 0.997483492
1413393893605760512.000000 -0.206152678 -1.094378471 -1.551955462 -0.005201669 -0.066047415 0.020390723 0.997594535
1413393893655760384.000000 -0.192964464 -1.106216311 -1.527092099 -0.002515059 -0.065745868 0.025018049 0.997519612
1413393893705760512.000000 -0.169021487 -1.127649307 -1.487847805 -0.000964917 -0.064799227 0.029686328 0.997456193
1413393893755760384.000000 -0.152164906 -1.136705756 -1.457259178 0.001000057 -0.060819902 0.033626422 0.997581720
1413393893805760512.000000 -0.117379390 -1.162636876 -1.409083247 0.000461115 -0.057858266 0.033812564 0.997752011
1413393893855760384.000000 -0.096745148 -1.168590307 -1.373836398 0.000516143 -0.048331369 0.034643821 0.998230278
1413393893905760512.000000 -0.060502004 -1.185575247 -1.319175720 -0.000249347 -0.038690884 0.032182660 0.998732865
1413393893955760384.000000 -0.030218199 -1.194215059 -1.270703793 -0.000693936 -0.026573483 0.030344158 0.999186039
1413393894005760512.000000 0.000492185 -1.201283813 -1.220589399 -0.001336185 -0.017929269 0.029239679 0.999410808
1413393894055760384.000000 0.031686015 -1.207070470 -1.169239998 -0.001077824 -0.012095051 0.027551612 0.999546707
1413393894105760512.000000 0.056127653 -1.206647992 -1.126340628 -0.000573102 -0.007333176 0.027532330 0.999593914
1413393894155760384.000000 0.096026115 -1.214561701 -1.063972473 -0.000327032 -0.006219145 0.027929340 0.999590576
1413393894205760512.000000 0.120865464 -1.211924672 -1.020434141 0.001077103 -0.004981993 0.029368920 0.999555707
1413393894255760384.000000 0.161848560 -1.216076612 -0.956248999 0.000665146 -0.004731809 0.029854216 0.999542892
1413393894305760512.000000 0.185786620 -1.210546255 -0.912342906 0.001753759 -0.003823825 0.032317698 0.999468803
1413393894355760384.000000 0.216392726 -1.204963207 -0.849420786 0.002173613 -0.002705149 0.032869466 0.999453664
1413393894405760512.000000 0.249772102 -1.206754446 -0.786644042 0.000963302 -0.003492799 0.030957146 0.999514163
1413393894455760384.000000 0.266615480 -1.201490283 -0.736042619 0.000521066 -0.002629630 0.028790241 0.999581873
1413393894505760512.000000 0.277614206 -1.191612840 -0.687115014 0.000437882 -0.000686731 0.026865313 0.999638796
1413393894555760384.000000 0.290586442 -1.187464595 -0.634539843 -0.001321155 0.001536424 0.023623642 0.999718904
1413393894605760512.000000 0.297936171 -1.175268531 -0.583447874 -0.001897703 0.002899338 0.020979144 0.999773920
1413393894655760384.000000 0.310663283 -1.171070099 -0.521518826 -0.003597455 0.004988912 0.017974874 0.999819517
1413393894705760512.000000 0.317565143 -1.157094240 -0.470280498 -0.003753786 0.007015627 0.016493995 0.999832392
1413393894755760384.000000 0.358682394 -1.142733335 -0.337194204 -0.004334826 0.006909151 0.014295035 0.999864578
1413393894805760512.000000 0.366614312 -1.127933741 -0.286511004 0.003425068 -0.007495529 -0.014635709 -0.999858975
1413393894855760384.000000 0.381242007 -1.119881272 -0.226989970 -0.002977288 0.009244875 0.014250171 0.999851346
1413393894905760512.000000 0.390520573 -1.103697419 -0.178596556 -0.002197541 0.012615767 0.012989248 0.999833703
1413393894955760384.000000 0.422491968 -1.088096380 -0.079565108 -0.002443035 0.017069038 0.011363525 0.999786794
1413393895005760512.000000 0.434609860 -1.073490262 -0.032161068 -0.002020473 0.023238448 0.010203625 0.999675870
1413393895055760384.000000 0.459371030 -1.058281183 0.045124203 -0.001354676 0.028977282 0.009428329 0.999534726
1413393895105760512.000000 0.472198278 -1.043810010 0.090728231 -0.001155137 0.030924587 0.007820580 0.999490440
1413393895155760384.000000 0.496784151 -1.027446747 0.166197404 -0.001209295 0.029490694 0.006358617 0.999544144
1413393895205760512.000000 0.510459661 -1.013682127 0.210180432 0.000477768 -0.026530756 -0.006097100 -0.999629319
1413393895255760384.000000 0.534797847 -0.995810986 0.282774985 -0.000710835 0.024416240 0.005294752 0.999687612
1413393895305760512.000000 0.552885234 -0.980018914 0.340102911 -0.000238884 0.025378659 0.005084909 0.999665022
1413393895355760384.000000 0.563938022 -0.966938913 0.380597979 -0.000219149 0.027928054 0.004262119 0.999600887
1413393895405760512.000000 0.583667934 -0.948481441 0.452673554 -0.000365809 0.030922450 0.004319812 0.999512434
1413393895455760384.000000 0.588571846 -0.934908509 0.492289007 -0.001082328 0.032338284 0.003544957 0.999470115
1413393895505760512.000000 0.603114247 -0.915748298 0.562995553 -0.003272281 0.033912070 0.004156159 0.999410868
1413393895555760384.000000 0.604739726 -0.901621163 0.600614786 -0.006815550 0.033436351 0.005990422 0.999399662
1413393895605760512.000000 0.618214130 -0.881546080 0.669364035 -0.011239863 0.032945719 0.009366209 0.999350131
1413393895655760384.000000 0.626554251 -0.864018977 0.719967365 -0.017839396 0.032604165 0.010237033 0.999256730
1413393895705760512.000000 0.636208594 -0.846112549 0.768581569 -0.026132947 0.036504842 0.010359824 0.998938084
1413393895755760384.000000 0.641557038 -0.831370473 0.800844550 -0.034884624 0.038598996 0.013007117 0.998561025
1413393895805760512.000000 0.656014979 -0.809770286 0.861271024 -0.045504585 0.041643355 0.016057849 0.997966588
1413393895855760384.000000 0.663542926 -0.794335544 0.890632689 -0.057929043 0.043623086 0.019688431 0.997172832
1413393895905760512.000000 0.671744585 -0.780051231 0.926242352 -0.072867595 0.044576947 0.023008170 0.996079266
1413393895955760384.000000 0.679068089 -0.764434218 0.949731529 -0.088215820 0.044732574 0.029387832 0.994662464
1413393896005760512.000000 0.687659085 -0.750707269 0.987431228 -0.106641240 0.042159114 0.032263335 0.992879331
1413393896055760384.000000 0.693762124 -0.735907853 1.008611441 0.125873104 -0.041262440 -0.037447177 -0.990480304
1413393896105760512.000000 0.703317761 -0.722911894 1.044866800 -0.147888824 0.039769441 0.040588193 0.987370253
1413393896155760384.000000 0.709898233 -0.709226906 1.063208580 0.167761996 -0.041254565 -0.046909291 -0.983846307
1413393896205760512.000000 0.730293214 -0.690909624 1.100542068 -0.188521922 0.040536005 0.050946400 0.979908645
1413393896255760384.000000 0.737018228 -0.678398013 1.113929272 -0.210207298 0.046954289 0.054893907 0.974984527
1413393896305760512.000000 0.746361852 -0.670658290 1.147653580 -0.231508732 0.052033380 0.058773041 0.969660819
1413393896355760384.000000 0.752499938 -0.660955787 1.157021403 -0.252597451 0.057258256 0.063769877 0.963768423
1413393896405760512.000000 0.761993647 -0.656617165 1.186484218 -0.273143321 0.062905341 0.072620973 0.957163453
1413393896455760384.000000 0.768390715 -0.650698066 1.190165520 -0.290889174 0.069095172 0.087557949 0.950233161
1413393896505760512.000000 0.779301643 -0.649115562 1.219144940 -0.309621871 0.070025414 0.102352649 0.942737937
1413393896555760384.000000 0.785056829 -0.646574020 1.219159722 0.326738507 -0.069243826 -0.120218188 -0.934876978
1413393896605760512.000000 0.838856459 -0.627974629 1.237845421 -0.343884587 0.051361185 0.128198504 0.928800642
1413393896655760384.000000 0.843708396 -0.624718785 1.231567621 -0.360534430 0.048196007 0.143178254 0.920430422
1413393896705760512.000000 0.810359776 -0.647127926 1.253180623 -0.378203243 0.058615196 0.166112915 0.908808649
1413393896755760384.000000 0.814287126 -0.642266572 1.241648793 -0.393013448 0.056611270 0.182685778 0.899422944
1413393896805760512.000000 0.817722797 -0.639598012 1.243102789 -0.406532407 0.056441281 0.198976398 0.889918089
1413393896855760384.000000 0.819907665 -0.631456733 1.226708531 -0.420076102 0.053321742 0.215173423 0.879996240
1413393896905760512.000000 0.840841174 -0.629963517 1.244032502 -0.436161697 0.042471353 0.228489533 0.869339824
1413393896955760384.000000 0.862784505 -0.569503427 1.295949697 -0.444699913 0.038168389 0.247839406 0.859860957
1413393897005760512.000000 0.860660672 -0.555034459 1.276926637 0.456867039 -0.021629358 -0.256622553 -0.851439714
1413393897055760384.000000 0.865546942 -0.541943789 1.271928668 -0.469325811 -0.001390654 0.258925349 0.844209135
1413393897105760512.000000 0.859352112 -0.518124819 1.249177337 -0.482172966 -0.022470465 0.253304482 0.838356256
1413393897155760384.000000 0.846427619 -0.573703945 1.197238922 -0.500102639 -0.044900592 0.235269666 0.832183599
1413393897205760512.000000 0.839433551 -0.541762650 1.176468253 -0.512655139 -0.056966741 0.218266830 0.828431666
1413393897255760384.000000 0.863763988 -0.439243019 1.227244020 -0.519957781 -0.058219261 0.203038782 0.827665269
1413393897305760512.000000 0.858846366 -0.403225183 1.212767959 -0.531267226 -0.057572849 0.177993864 0.826292217
1413393897355760384.000000 0.859184206 -0.408928037 1.218220949 -0.539408207 -0.051562887 0.157999337 0.825479507
1413393897405760512.000000 0.857977033 -0.371928334 1.214381218 -0.543610811 -0.042426862 0.148677260 0.824974179
1413393897455760384.000000 0.865203261 -0.350159705 1.227509260 -0.544725597 -0.030252455 0.147885606 0.824917316
1413393897505760512.000000 0.887647688 -0.268036485 1.238622427 -0.544254184 -0.020886399 0.150876418 0.824977338
1413393897555760384.000000 0.890678346 -0.235008419 1.247952104 -0.542603970 -0.011643872 0.153834134 0.825699925
1413393897605760512.000000 0.897859216 -0.211987615 1.264341712 -0.540167272 -0.006339890 0.159494415 0.826281309
1413393897655760384.000000 0.902132511 -0.180980206 1.277621150 -0.537466705 -0.003442210 0.163488224 0.827278256
1413393897705760512.000000 0.906001091 -0.145546556 1.292076349 0.534873903 0.002659477 -0.166730046 -0.828313887
1413393897755760384.000000 0.919040203 -0.133730471 1.311754942 -0.533727109 -0.002920970 0.167811617 0.828834236
1413393897805760512.000000 0.926620960 -0.103494287 1.327720761 -0.532305062 -0.003713729 0.166867062 0.829935491
1413393897855760384.000000 0.941632271 -0.079665422 1.352915168 -0.534143806 -0.005708210 0.164773852 0.829160631
1413393897905760512.000000 0.960878253 -0.042013824 1.377635598 -0.536496699 -0.007891038 0.164338619 0.827708781
1413393897955760384.000000 0.971884012 -0.014657259 1.394963384 0.541479588 0.010525802 -0.161597386 -0.824969947
1413393898005760512.000000 0.983720720 0.001016617 1.416621089 -0.549138963 -0.013872486 0.157261282 0.820684373
1413393898055760384.000000 0.995860219 0.027463317 1.435057044 -0.559167981 -0.015871208 0.152966946 0.814665794
1413393898105760512.000000 1.005836964 0.039323568 1.455173612 -0.570806742 -0.010348567 0.147350937 0.807688236
1413393898155760384.000000 1.021492839 0.062273622 1.476255536 -0.583367169 0.000848893 0.142138362 0.799674153
1413393898205760512.000000 1.063804865 0.115724921 1.531415462 -0.597319365 0.014096545 0.139608383 0.789633095
1413393898255760384.000000 1.082577825 0.132830143 1.555511117 -0.608959436 0.033714648 0.135924757 0.780740857
1413393898305760512.000000 1.105865836 0.150810242 1.591886878 -0.618208528 0.054007962 0.133936644 0.772633433
1413393898355760384.000000 1.127443433 0.161517978 1.623121142 -0.624848723 0.077238694 0.134948879 0.765105903
1413393898405760512.000000 1.149037957 0.169506550 1.655254364 -0.630229473 0.100740165 0.134459078 0.758012593
1413393898455760384.000000 1.169668198 0.166629076 1.680698276 -0.632532537 0.125884235 0.135265931 0.752169549
1413393898505760512.000000 1.203272104 0.157948375 1.712131262 -0.633992612 0.142410830 0.141310245 0.746862769
1413393898555760384.000000 1.216038704 0.143251896 1.735405326 -0.628980279 0.147624418 0.160364345 0.746240079
1413393898605760512.000000 1.222867966 0.141915560 1.784277916 -0.623826146 0.135485932 0.182074234 0.747886002
1413393898655760384.000000 1.226982832 0.116352677 1.803483963 -0.617294669 0.119751282 0.208651111 0.749047160
1413393898705760512.000000 1.234948158 0.096362114 1.838071585 -0.611299157 0.097161978 0.234038487 0.749732554
1413393898755760384.000000 1.232492566 0.066110373 1.854074836 0.604011774 -0.071739472 -0.260581851 -0.749746919
1413393898805760512.000000 1.236556888 0.042260408 1.884309411 -0.596825421 0.042014804 0.285949469 0.748509884
1413393898855760384.000000 1.230728745 0.013772011 1.892137647 -0.589748740 0.013127130 0.309060097 0.745993316
1413393898905760512.000000 1.352664709 -0.002758980 1.995671749 -0.583244324 -0.011480766 0.330860257 0.741772056
1413393898955760384.000000 1.349798203 -0.019319296 1.996860147 -0.579479754 -0.034787603 0.343643278 0.738175035
1413393899005760512.000000 1.356871486 -0.026976109 2.011748314 -0.577863216 -0.057112690 0.350440234 0.734849632
1413393899055760384.000000 1.358240247 -0.025955200 2.006657362 -0.581291914 -0.074570410 0.345517009 0.732910037
1413393899105760512.000000 1.242226124 -0.023124933 1.923497438 -0.590096414 -0.083861358 0.323584169 0.734878778
1413393899155760384.000000 1.254101992 -0.001430035 1.918022037 0.603016198 0.076369382 -0.295475036 -0.737043977
1413393899205760512.000000 1.404791117 0.021621943 2.010217190 -0.617645085 -0.054044474 0.266483337 0.737956882
1413393899255760384.000000 1.424327254 0.052491426 2.010394096 -0.631683409 -0.022822054 0.230471224 0.739823163
1413393899305760512.000000 1.443430424 0.086208344 2.007240534 -0.643487871 0.015921665 0.195446104 0.739912629
1413393899355760384.000000 1.346686482 0.120777965 1.939297915 -0.652577639 0.052682489 0.160300523 0.738695264
1413393899405760512.000000 1.365964770 0.147788763 1.939543962 -0.656300008 0.086158015 0.136646003 0.737004101
1413393899455760384.000000 1.396293402 0.158112884 1.938200235 -0.657867968 0.115378574 0.120597549 0.734407187
1413393899505760512.000000 1.415703654 0.170864224 1.939152479 -0.656103969 0.146584913 0.107339010 0.732474446
1413393899555760384.000000 1.555424333 0.214012027 2.037392855 -0.651064754 0.172261059 0.102145374 0.732125163
1413393899605760512.000000 1.572100997 0.190114737 2.042892218 -0.647010982 0.193089798 0.099847011 0.730837762
1413393899655760384.000000 1.584545374 0.173458576 2.041273355 0.639622092 -0.203389511 -0.108122088 -0.733366251
1413393899705760512.000000 1.600094080 0.144394994 2.047504425 -0.631117463 0.200741902 0.125360832 0.738700330
1413393899755760384.000000 1.604153514 0.109026432 2.041686773 -0.620883167 0.184973657 0.154129595 0.746011376
1413393899805760512.000000 1.492838621 0.047421932 1.957991004 -0.612349808 0.162139207 0.181162402 0.752275825
1413393899855760384.000000 1.490486503 -0.002446413 1.945908546 -0.599842370 0.136340603 0.217331097 0.757870495
1413393899905760512.000000 1.498732090 -0.044968128 1.959096432 -0.587215722 0.104119860 0.255741060 0.760876715
1413393899955760384.000000 1.489612460 -0.100494027 1.942112923 -0.573687851 0.068995014 0.293330878 0.761629224
1413393900005760512.000000 1.599341631 -0.157891512 1.997232199 -0.559848547 0.039202727 0.327370435 0.760171950
1413393900055760384.000000 1.584296942 -0.196604967 1.973803163 -0.553754747 0.012972891 0.349451184 0.755692542
1413393900105760512.000000 1.572281003 -0.240504742 1.946697712 0.551036596 0.008199885 -0.363166690 -0.751266539
1413393900155760384.000000 1.561134219 -0.276057005 1.917388439 -0.552642167 -0.028574437 0.367292732 0.747573555
1413393900205760512.000000 1.545403481 -0.304491758 1.884386063 -0.556036115 -0.046575237 0.366564184 0.744503379
1413393900255760384.000000 1.528802037 -0.322586775 1.850857258 0.562528372 0.063207135 -0.357328653 -0.742888272
1413393900305760512.000000 1.517181277 -0.332720518 1.814267278 -0.571823299 -0.077289909 0.341050297 0.742111206
1413393900355760384.000000 1.498897672 -0.334054232 1.779828429 -0.582453847 -0.083818369 0.319744438 0.742620707
1413393900405760512.000000 1.487096548 -0.327137232 1.744882941 -0.595305085 -0.079807006 0.293879747 0.743557274
1413393900455760384.000000 1.469245911 -0.314571857 1.715347290 -0.607850075 -0.068870686 0.267123163 0.744594097
1413393900505760512.000000 1.459648848 -0.290619254 1.704741597 -0.619224966 -0.049488995 0.240489036 0.745839357
1413393900555760384.000000 1.441910267 -0.272531390 1.681147814 -0.630112648 -0.026184205 0.213322476 0.746167600
1413393900605760512.000000 1.422342062 -0.253477931 1.661731482 -0.639861882 0.004122650 0.185425982 0.745772779
1413393900655760384.000000 1.289557815 -0.238028646 1.579486370 -0.648411393 0.035756212 0.154905796 0.744505525
1413393900705760512.000000 1.266575098 -0.223917127 1.565755367 -0.653328061 0.066590235 0.133662581 0.742201149
1413393900755760384.000000 1.358047366 -0.215817809 1.583524585 -0.655220449 0.088451914 0.125329420 0.739699304
1413393900805760512.000000 1.332687259 -0.214008808 1.573541880 -0.654908955 0.108908281 0.119175501 0.738261819
1413393900855760384.000000 1.307469845 -0.214654922 1.557467341 -0.652090847 0.121994831 0.123115592 0.738063335
1413393900905760512.000000 1.281425238 -0.227316737 1.547603607 0.647385478 -0.125535548 -0.135316268 -0.739474475
1413393900955760384.000000 1.254104853 -0.242053747 1.532634258 -0.640158892 0.120205909 0.157160804 0.742325783
1413393901005760512.000000 1.228476763 -0.268957734 1.520933032 -0.632019937 0.110668384 0.182422847 0.745000243
1413393901055760384.000000 1.205772400 -0.292347312 1.507851720 -0.622805059 0.097450174 0.209116995 0.747587800
1413393901105760512.000000 1.180980802 -0.328243256 1.490452528 -0.616058588 0.073830828 0.230933681 0.749460220
1413393901155760384.000000 1.158455849 -0.356628299 1.473337531 -0.609556973 0.044396512 0.251927018 0.750334620
1413393901205760512.000000 1.135203838 -0.393786907 1.450567722 -0.605395854 0.013014312 0.265011638 0.750396729
1413393901255760384.000000 1.101264954 -0.421927094 1.416769505 -0.602534235 -0.015661675 0.274188876 0.749351501
1413393901305760512.000000 1.081867099 -0.452250481 1.391429424 -0.600463808 -0.038396925 0.280245841 0.747951329
1413393901355760384.000000 1.074556231 -0.465232968 1.362986922 -0.598826647 -0.056701913 0.285497218 0.746111929
1413393901405760512.000000 1.060284972 -0.483794332 1.338392138 0.597460091 0.069407873 -0.288950145 -0.744803309
1413393901455760384.000000 1.028659582 -0.497302175 1.316335678 -0.597025216 -0.078318685 0.291126609 0.743419468
1413393901505760512.000000 1.017579556 -0.503453851 1.294051409 -0.597088516 -0.087111145 0.291205972 0.742358446
1413393901555760384.000000 1.003240705 -0.497991920 1.272048712 -0.597611010 -0.094850235 0.289637923 0.741602659
1413393901605760512.000000 0.996241510 -0.489428520 1.253377318 -0.599785149 -0.099121541 0.283757240 0.741562307
1413393901655760384.000000 0.988784134 -0.469597936 1.234493136 -0.605256677 -0.098064885 0.269416839 0.742605031
1413393901705760512.000000 0.989133060 -0.446939111 1.220568895 -0.612773716 -0.088353232 0.248898253 0.744816601
1413393901755760384.000000 0.987014413 -0.420800447 1.209880114 -0.620457053 -0.074219607 0.228436306 0.746553004
1413393901805760512.000000 0.991462350 -0.382826447 1.197596669 -0.626878440 -0.054879025 0.211133718 0.747953475
1413393901855760384.000000 0.994151413 -0.350772977 1.193932772 0.631011903 0.036807392 -0.201109439 -0.748347640
1413393901905760512.000000 0.941167414 -0.311833501 1.210666895 -0.633940935 -0.018240647 0.195897505 0.747937441
1413393901955760384.000000 0.943654001 -0.279212952 1.212611675 -0.634263635 -0.011026005 0.197236702 0.747452915
1413393902005760512.000000 1.005069017 -0.242169619 1.192306042 -0.632703304 -0.013164836 0.202856719 0.747236490
1413393902055760384.000000 1.008723140 -0.209797502 1.198291302 -0.632305205 -0.011282846 0.205554858 0.746866822
1413393902105760512.000000 1.013242245 -0.178171158 1.201834202 -0.632292271 -0.011304117 0.206993014 0.746480167
1413393902155760384.000000 1.018913388 -0.145968080 1.210362315 -0.632869899 -0.010507490 0.205783501 0.746336758
1413393902205760512.000000 1.033048391 -0.096900105 1.219182730 -0.633213282 -0.012068010 0.205853537 0.746002495
1413393902255760384.000000 1.040612221 -0.065347672 1.229919672 0.633920550 0.011879088 -0.204892650 -0.745669305
1413393902305760512.000000 1.048950791 -0.033151150 1.240011573 -0.634149075 -0.012144736 0.204614341 0.745547056
1413393902355760384.000000 1.056567192 -0.001821041 1.254415751 -0.634609997 -0.012428354 0.203660101 0.745411515
1413393902405760512.000000 1.063360453 0.030389309 1.270430207 0.635415256 0.010690019 -0.201786920 -0.745261848
1413393902455760384.000000 1.065245152 0.061638832 1.283203006 -0.636260033 -0.008544534 0.198975936 0.745324671
1413393902505760512.000000 1.070223689 0.091779709 1.303391337 -0.637435794 -0.005114275 0.195874617 0.745172918
1413393902555760384.000000 1.075833440 0.121921301 1.324694395 0.637697935 0.003851221 -0.195148900 -0.745146573
1413393902605760512.000000 1.104865074 0.197024226 1.363516688 -0.637779593 -0.004930291 0.196255818 0.744779527
1413393902655760384.000000 1.114621162 0.225863934 1.385216475 -0.637706935 -0.005714598 0.197340637 0.744549453
1413393902705760512.000000 1.130061507 0.253770828 1.408253312 0.637706995 0.006070136 -0.198026285 -0.744364619
1413393902755760384.000000 1.145405054 0.282933116 1.429797053 -0.636962056 -0.006156954 0.200158715 0.744431317
1413393902805760512.000000 1.167202234 0.308711410 1.453995585 -0.634672105 -0.004178270 0.208029494 0.744243026
1413393902855760384.000000 1.190976143 0.334346533 1.478274584 0.630984545 0.000600470 -0.218737766 -0.744319797
1413393902905760512.000000 1.238291621 0.403631926 1.529068589 -0.625678182 0.000822071 0.235183865 0.743784130
1413393902955760384.000000 1.262929082 0.429895163 1.553874254 -0.620614111 0.002111947 0.250029325 0.743181765
1413393903005760512.000000 1.286770821 0.457749248 1.576584101 0.615923464 -0.004322976 -0.263011456 -0.742593229
1413393903055760384.000000 1.323803306 0.514301062 1.616123438 -0.613039374 0.006779061 0.272345632 0.741596103
1413393903105760512.000000 1.355316281 0.557765126 1.645254970 -0.613900185 0.007523270 0.272686750 0.740750968
1413393903155760384.000000 1.379902840 0.590989232 1.663146615 -0.616504848 0.011162150 0.266719192 0.740714550
1413393903205760512.000000 1.412440777 0.646015167 1.688769579 -0.619752884 0.012607376 0.258941621 0.740740657
1413393903255760384.000000 1.434421778 0.682420135 1.704419971 0.624219120 -0.014707993 -0.251273543 -0.739591599
1413393903305760512.000000 1.458830357 0.724483013 1.724816918 -0.629851937 0.016133383 0.244765401 0.736964166
1413393903355760384.000000 1.476845026 0.761435509 1.738642931 -0.636526465 0.015813628 0.241179362 0.732404649
1413393903405760512.000000 1.491487026 0.799508572 1.753454685 0.645098150 -0.017426549 -0.240264833 -0.725132823
1413393903455760384.000000 1.511877537 0.847705841 1.779636860 -0.654732943 0.018103261 0.242819697 0.715566754
1413393903505760512.000000 1.515832901 0.884304047 1.795660257 -0.664399385 0.022942265 0.247350603 0.704886377
1413393903555760384.000000 1.523608804 0.929147720 1.822333217 -0.674960196 0.028778860 0.251866609 0.692938447
1413393903605760512.000000 1.520747900 0.964455485 1.840373039 -0.685429811 0.039580293 0.254361778 0.681116402
1413393903655760384.000000 1.549680471 1.057942390 1.886783600 -0.695683956 0.051810935 0.256791085 0.668878019
1413393903705760512.000000 1.546552539 1.091162086 1.903116703 -0.704723001 0.061401688 0.259845704 0.657324612
1413393903755760384.000000 1.544919968 1.124572039 1.918501973 -0.713295162 0.069465205 0.262634009 0.646071196
1413393903805760512.000000 1.554673195 1.169422507 1.943584442 -0.719621897 0.074234962 0.268402249 0.636076868
1413393903855760384.000000 1.552036524 1.197792172 1.953649640 -0.723209202 0.079486333 0.276563883 0.627823949
1413393903905760512.000000 1.551313639 1.227118492 1.962569118 -0.725562274 0.084125727 0.285100520 0.620644867
1413393903955760384.000000 1.587112546 1.323277473 2.006276131 0.728711069 -0.085351117 -0.294675887 -0.612259388
1413393904005760512.000000 1.586494207 1.346984148 2.007512569 0.730426848 -0.088761553 -0.298904419 -0.607662916
1413393904055760384.000000 1.580805302 1.382474899 2.022781372 0.732799411 -0.089752071 -0.301106244 -0.603559911
1413393904105760512.000000 1.576826096 1.403508186 2.019677639 0.734947145 -0.088656291 -0.300267518 -0.601524889
1413393904155760384.000000 1.571134567 1.423846483 2.005243301 0.736293316 -0.082649417 -0.299583167 -0.601074994
1413393904205760512.000000 1.561744332 1.442678928 1.999833703 0.737374902 -0.076643243 -0.298290998 -0.601187646
1413393904255760384.000000 1.551514626 1.460301876 1.992292047 0.739706218 -0.068941467 -0.297407031 -0.599692404
1413393904305760512.000000 1.551191092 1.486895561 1.995573878 0.741983593 -0.064434126 -0.293636650 -0.599237978
1413393904355760384.000000 1.547755122 1.501997948 1.980651975 0.742819071 -0.063062817 -0.291074008 -0.599599004
1413393904405760512.000000 1.554183245 1.547385216 1.965972066 0.744587898 -0.060314327 -0.291016787 -0.597712576
1413393904455760384.000000 1.556833029 1.560963750 1.942998528 0.746203244 -0.060243845 -0.290473878 -0.595966816
1413393904505760512.000000 1.564388156 1.576272130 1.917335987 0.749814689 -0.058695402 -0.290040374 -0.591785014
1413393904555760384.000000 1.576496363 1.607663870 1.895014048 0.755116582 -0.054351643 -0.288366914 -0.586250305
1413393904605760512.000000 1.583505154 1.619252086 1.864799023 0.760401964 -0.041337997 -0.288798302 -0.580237567
1413393904655760384.000000 1.589719415 1.624539137 1.857140422 0.766757190 -0.022097604 -0.290890425 -0.571819842
1413393904705760512.000000 1.591198683 1.634935617 1.827551603 0.771572888 -0.005144286 -0.296901464 -0.562581897
1413393904755760384.000000 1.611675382 1.691836357 1.795332074 0.777750492 0.014801789 -0.305107296 -0.549358428
1413393904805760512.000000 1.608881712 1.703931808 1.768522024 0.782968879 0.026177309 -0.310827821 -0.538201332
1413393904855760384.000000 1.604855537 1.719923496 1.744406104 0.789479733 0.034676835 -0.314269841 -0.526073992
1413393904905760512.000000 1.605566025 1.752504826 1.718590260 0.797016799 0.038428705 -0.314968854 -0.513889253
1413393904955760384.000000 1.599200726 1.772459507 1.694368601 0.807109833 0.036855940 -0.309422135 -0.501471221
1413393905005760512.000000 1.578996658 1.807234764 1.655348301 0.818303764 0.029614709 -0.300704896 -0.488956630
1413393905055760384.000000 1.569543123 1.832475662 1.634129286 0.829078972 0.023636697 -0.292886257 -0.475696295
1413393905105760512.000000 1.580431581 1.868937016 1.629775882 0.838899493 0.020618597 -0.288366735 -0.461158574
1413393905155760384.000000 1.564932823 1.895448208 1.614255190 0.847797453 0.014906472 -0.284992069 -0.446986437
1413393905205760512.000000 1.547118068 1.922668934 1.601909518 0.855259895 0.008175584 -0.284857571 -0.432804555
1413393905255760384.000000 1.526932716 1.949334860 1.591242313 0.862077594 0.001417430 -0.285837382 -0.418470174
1413393905305760512.000000 1.506000400 1.975399733 1.582131982 0.868226409 -0.005795246 -0.288231581 -0.403821588
1413393905355760384.000000 1.485836744 2.000674963 1.573895454 0.873634756 -0.011894603 -0.291523188 -0.389403522
1413393905405760512.000000 1.469681859 2.083771229 1.548278332 0.878995538 -0.017574865 -0.294784963 -0.374379307
1413393905455760384.000000 1.455697298 2.117969036 1.541836977 0.883999884 -0.021518329 -0.297844380 -0.359680355
1413393905505760512.000000 1.497071147 2.161108494 1.526227593 0.885814607 -0.016517870 -0.308765084 -0.346011281
1413393905555760384.000000 1.428617239 2.176241159 1.529205203 0.891975224 -0.029965762 -0.307609797 -0.329937041
1413393905605760512.000000 1.419752240 2.214361668 1.526555538 0.894963145 -0.036411069 -0.315488815 -0.313340276
1413393905655760384.000000 1.409284949 2.243923426 1.522023439 0.897832155 -0.043093879 -0.322095692 -0.297144204
1413393905705760512.000000 1.360974073 2.120970249 1.528527021 0.900097251 -0.050523289 -0.326067120 -0.284521788
1413393905755760384.000000 1.379055023 2.269840479 1.502600908 0.904062986 -0.058857251 -0.329749674 -0.265463918
1413393905805760512.000000 1.364366770 2.279800892 1.490483284 0.906153023 -0.067347884 -0.334296942 -0.250193179
1413393905855760384.000000 1.349267483 2.287355661 1.476629019 0.906218410 -0.075776532 -0.342868328 -0.235515609
1413393905905760512.000000 1.333779097 2.292255402 1.460203290 0.905221820 -0.081606895 -0.353434801 -0.221354172
1413393905955760384.000000 1.318114758 2.294216633 1.440691352 0.903713286 -0.084388115 -0.364716679 -0.207756221
1413393906005760512.000000 1.302742124 2.293121338 1.417077780 0.903463304 -0.084773205 -0.372646004 -0.194171369
1413393906055760384.000000 1.287847281 2.288644791 1.388288140 0.904902101 -0.075905100 -0.377417266 -0.181512550
1413393906105760512.000000 1.272845626 2.281277657 1.355581284 0.908483148 -0.061688531 -0.377048701 -0.169373140
1413393906155760384.000000 1.256457210 2.271951914 1.319870472 0.913408697 -0.047785681 -0.372051597 -0.158046752
1413393906205760512.000000 1.237738848 2.261404037 1.282222033 0.919489384 -0.033106089 -0.362998098 -0.147226945
1413393906255760384.000000 1.216395378 2.250484705 1.243464231 0.925951838 -0.021151006 -0.351213604 -0.137167245
1413393906305760512.000000 1.192196369 2.239075899 1.203339458 0.931574583 -0.011432656 -0.340154648 -0.127800375
1413393906355760384.000000 1.164746761 2.228151083 1.162889957 0.935756147 -0.004170524 -0.331926942 -0.119027786
1413393906405760512.000000 1.166453600 2.216106653 1.112787962 0.936296701 0.008333882 -0.331921995 -0.114485063
1413393906455760384.000000 1.131409168 2.224132061 1.077642202 0.938993454 0.010504150 -0.326674014 -0.107075170
1413393906505760512.000000 1.059339762 2.252478361 1.055846453 0.942827225 0.001531458 -0.319146097 -0.096022695
1413393906555760384.000000 1.047300816 2.265019894 1.010574102 0.942350626 0.007263840 -0.321648866 -0.092003226
1413393906605760512.000000 0.970134974 2.299059391 0.989678741 0.945241034 -0.008247317 -0.316024274 -0.081117705
1413393906655760384.000000 0.924341738 2.303955555 0.957968354 0.946074128 -0.017671376 -0.315153837 -0.072866432
1413393906705760512.000000 0.859308779 2.262127399 0.917846382 0.945817888 -0.032198831 -0.315850198 -0.068048038
1413393906755760384.000000 0.831879795 2.314572334 0.895457029 0.945658743 -0.045275070 -0.316230237 -0.060648117
1413393906805760512.000000 0.786490619 2.318116665 0.864722252 0.946091950 -0.057078496 -0.313866049 -0.056038160
1413393906855760384.000000 0.773404419 2.287886620 0.824146092 0.945590675 -0.053665698 -0.316163689 -0.054944579
1413393906905760512.000000 0.730474889 2.288103342 0.793079376 0.946881592 -0.055936545 -0.312349200 -0.052195929
1413393906955760384.000000 0.657188356 2.319091082 0.771392822 0.949379683 -0.064890698 -0.303744435 -0.046976794
1413393907005760512.000000 0.601362109 2.285504580 0.735171676 0.950175822 -0.063660629 -0.301446944 -0.047360763
1413393907055760384.000000 0.571711600 2.309531212 0.712952495 0.950909078 -0.052002229 -0.301738709 -0.044961218
1413393907105760512.000000 0.560413480 2.268496513 0.675848603 0.949784338 -0.031478632 -0.307667106 -0.047536775
1413393907155760384.000000 0.487942815 2.294877529 0.657134414 0.950660288 -0.029824810 -0.305623174 -0.044158883
1413393907205760512.000000 0.476699889 2.251474380 0.622692347 0.948899448 -0.008351512 -0.311980456 -0.046779480
1413393907255760384.000000 0.489221931 2.489544868 0.780044854 0.948499143 0.008896126 -0.313183218 -0.046761151
1413393907305760512.000000 0.749787986 2.564302444 1.000900745 0.947796285 0.028751522 -0.314143479 -0.046578873
1413393907355760384.000000 0.698502362 2.567008018 1.011794806 0.949036837 0.037605613 -0.309666216 -0.044963986
1413393907405760512.000000 0.690089941 2.594014645 1.023239017 0.947732210 0.047343146 -0.312472105 -0.043858469
1413393907455760384.000000 0.687195122 2.628569603 1.037277222 0.946791232 0.043304432 -0.315942973 -0.043487966
1413393907505760512.000000 0.686659217 2.670996666 1.050246239 0.946369648 0.034232374 -0.318328738 -0.043352395
1413393907555760384.000000 0.664150834 2.587762833 1.038578629 0.946472049 0.016771669 -0.319461107 -0.043058593
1413393907605760512.000000 0.672069430 2.626110792 1.043687582 0.946867883 0.004227874 -0.318680108 -0.043201603
1413393907655760384.000000 0.675600052 2.645111322 1.052417755 0.946442068 -0.005858004 -0.319914967 -0.043215089
1413393907705760512.000000 0.682544708 2.675909281 1.063401341 0.945307612 -0.012999823 -0.323052794 -0.043144610
1413393907755760384.000000 0.684789777 2.667984486 1.040475845 0.942941546 -0.007585071 -0.329895347 -0.044416234
1413393907805760512.000000 0.625880480 2.661847591 1.040472746 0.944829285 -0.020619350 -0.324001402 -0.043538079
1413393907855760384.000000 0.663716912 2.700711012 1.056129932 0.944037676 -0.013230591 -0.326623052 -0.043991406
1413393907905760512.000000 0.598674297 2.699910879 1.064675450 0.946763694 -0.025424138 -0.318018556 -0.043086264
1413393907955760384.000000 0.577393651 2.715131283 1.078663945 0.948073030 -0.022837212 -0.314336121 -0.042764824
1413393908005760512.000000 0.554202259 2.729783773 1.096409798 0.949144423 -0.019210652 -0.311436176 -0.041992325
1413393908055760384.000000 0.514222145 2.737258673 1.088554502 0.949834824 -0.014096334 -0.309664726 -0.041508317
1413393908105760512.000000 0.467747658 2.654853821 1.114485621 0.949433446 -0.009381562 -0.311032861 -0.041793656
1413393908155760384.000000 0.431398481 2.647174835 1.114942670 0.947727621 -0.009045956 -0.316118985 -0.042418826
1413393908205760512.000000 0.423824131 2.648219585 1.137310505 0.946669459 -0.003785158 -0.319618732 -0.040577263
1413393908255760384.000000 0.395397723 2.653226376 1.139476895 0.946233690 -0.005201353 -0.320776701 -0.041438300
1413393908305760512.000000 0.412861347 2.734807730 1.141646385 0.947580695 -0.003292905 -0.317101955 -0.039069749
1413393908355760384.000000 0.393098682 2.649814606 1.180012465 0.950451434 -0.004077860 -0.308280170 -0.039859697
1413393908405760512.000000 0.398048848 2.735862017 1.169814348 0.951374471 -0.005555553 -0.305604458 -0.038233098
1413393908455760384.000000 0.390291244 2.735529900 1.184317946 0.951228023 -0.007178842 -0.306099683 -0.037640009
1413393908505760512.000000 0.427998394 2.737193823 1.209354162 0.948769748 0.001519600 -0.313663721 -0.038062800
1413393908555760384.000000 0.389472723 2.764324903 1.225243807 0.949037850 -0.007608804 -0.313159078 -0.034652300
1413393908605760512.000000 0.370626479 2.727314949 1.238128901 0.947591782 -0.011359478 -0.317334443 -0.035209972
1413393908655760384.000000 0.371640295 2.740961790 1.258675575 0.945766926 -0.016759615 -0.322634935 -0.033924364
1413393908705760512.000000 0.367851198 2.736187458 1.276953220 0.944172382 -0.035099443 -0.325913250 -0.032972265
1413393908755760384.000000 0.377056956 2.760430574 1.300975323 0.943406641 -0.053982064 -0.325805783 -0.030340414
1413393908805760512.000000 0.355509937 2.691735029 1.309216022 0.943887174 -0.070579492 -0.321113080 -0.031336736
1413393908855760384.000000 0.350076735 2.601335049 1.348824978 0.946423888 -0.076657571 -0.312128633 -0.031325400
1413393908905760512.000000 0.362849891 2.580296516 1.362046123 0.949569702 -0.069669969 -0.304219246 -0.030236309
1413393908955760384.000000 0.439749718 2.647420168 1.354359865 0.949985027 -0.043800212 -0.307813138 -0.029344583
1413393909005760512.000000 0.405802965 2.604252577 1.361270308 0.950960517 -0.038021799 -0.305722922 -0.027605461
1413393909055760384.000000 0.441306412 2.619182825 1.378092170 0.950435042 -0.021865077 -0.309151292 -0.024913130
1413393909105760512.000000 0.466320813 2.599233150 1.392875075 0.949379683 -0.009936045 -0.313134491 -0.022944037
1413393909155760384.000000 0.634889364 2.674783945 1.547275662 0.948290646 -0.003568833 -0.316768855 -0.019737726
1413393909205760512.000000 0.630264103 2.531781435 1.581621051 0.947917879 -0.000655419 -0.317759842 -0.021908550
1413393909255760384.000000 0.681790233 2.519477367 1.629804850 0.948303759 0.003979392 -0.316760004 -0.019167332
1413393909305760512.000000 0.715273142 2.508995771 1.665016651 0.948668718 0.006996391 -0.315718979 -0.017331084
1413393909355760384.000000 0.746563077 2.500800610 1.701578617 0.948817551 0.009313318 -0.315306723 -0.015500871
1413393909405760512.000000 0.776699126 2.493456841 1.739990592 0.948729634 0.010468286 -0.315622061 -0.013608817
1413393909455760384.000000 0.807521224 2.487197161 1.780266881 0.948446989 0.010555276 -0.316529840 -0.012077355
1413393909505760512.000000 0.855943680 2.585778713 1.798782587 0.948119283 0.009253326 -0.317642361 -0.009360282
1413393909555760384.000000 0.863334894 2.480053902 1.866760015 0.947207272 0.009536033 -0.320337772 -0.009552881
1413393909605760512.000000 0.912549019 2.604359865 1.892907858 0.944943309 0.009182428 -0.327059537 -0.005481098
1413393909655760384.000000 0.934618115 2.606212616 1.941098928 0.941537023 0.009355012 -0.336759955 -0.003662654
1413393909705760512.000000 0.960136294 2.621618748 1.993316889 0.937605083 0.009990489 -0.347557724 -0.000747786
1413393909755760384.000000 0.948692560 2.485516310 2.060805321 0.933563292 0.010467798 -0.358257502 -0.001298881
1413393909805760512.000000 1.000207663 2.631743193 2.092504263 0.930027604 0.009950639 -0.367325604 0.004648709
1413393909855760384.000000 0.972880900 2.487478018 2.143862486 0.926772475 0.008089871 -0.375529021 0.002314942
1413393909905760512.000000 1.015388608 2.586598158 2.181801796 0.924018085 0.009438572 -0.382141799 0.008319317
1413393909955760384.000000 1.054116726 2.662121773 2.237400055 0.921606064 0.010333995 -0.387761772 0.013282337
1413393910005760512.000000 1.034745812 2.537067413 2.299005747 0.919704497 0.010686115 -0.392253578 0.012908235
1413393910055760384.000000 1.035109758 2.538544416 2.321734905 0.917096794 0.008422798 -0.398355722 0.013238388
1413393910105760512.000000 1.101627827 2.708560467 2.358047962 0.915540755 0.008218558 -0.401591599 0.021022454
1413393910155760384.000000 1.078318954 2.590505362 2.409297943 0.913710594 0.003864079 -0.405803204 0.021020405
1413393910205760512.000000 1.119147182 2.797280312 2.501169205 0.906415820 0.003133562 -0.418924659 0.053877436
1413393910255760384.000000 1.147953868 2.817656994 2.524977446 0.904856503 0.002158565 -0.422067404 0.055580173
1413393910305760512.000000 1.178501844 2.841488123 2.541401863 0.903450906 0.000318177 -0.424810946 0.057550646
1413393910355760384.000000 1.211235762 2.866681576 2.551544666 0.900293827 -0.004605829 -0.431181967 0.059429929
1413393910405760512.000000 1.246711850 2.891399622 2.555548191 0.896880686 -0.013321832 -0.437814474 0.061205421
1413393910455760384.000000 1.274984241 2.725327015 2.498881578 0.901041806 -0.021700924 -0.432050437 0.031389587
1413393910505760512.000000 1.312603712 2.749747992 2.495263577 0.898947179 -0.029628450 -0.435936064 0.031241484
1413393910555760384.000000 1.349130988 2.771350384 2.484061956 0.897866368 -0.035517216 -0.437793225 0.030194597
1413393910605760512.000000 1.375127792 2.768653631 2.459837914 0.898807764 -0.040874276 -0.435708284 0.025144370
1413393910655760384.000000 1.406420231 2.789765596 2.444333315 0.901659131 -0.041703947 -0.429857999 0.022218516
1413393910705760512.000000 1.434686422 2.809911489 2.426210642 0.905097485 -0.045198057 -0.422361761 0.019137800
1413393910755760384.000000 1.461955070 2.828408003 2.405583858 0.909291446 -0.046905544 -0.413217723 0.015495084
1413393910805760512.000000 1.483106375 2.849128246 2.376979351 0.912953615 -0.045885250 -0.405324072 0.011079540
1413393910855760384.000000 1.503456593 2.866746902 2.352058887 0.916432798 -0.043621100 -0.397760659 0.005884886
1413393910905760512.000000 1.522271872 2.883552313 2.325647116 0.920385122 -0.040653829 -0.388893843 0.000323876
1413393910955760384.000000 1.547439337 2.911342621 2.305561066 0.925804853 -0.036291976 -0.376212567 -0.005691681
1413393911005760512.000000 1.568088531 2.957797766 2.290379286 0.930959821 -0.030751038 -0.363700509 -0.009501340
1413393911055760384.000000 1.583117127 2.975120544 2.263521910 0.934886217 -0.028158510 -0.353446484 -0.016449086
1413393911105760512.000000 1.603056312 2.986256599 2.250828743 0.937819719 -0.027016237 -0.345297098 -0.023113525
1413393911155760384.000000 1.613630772 2.976997137 2.214530230 0.939288080 -0.029272631 -0.340371728 -0.032066099
1413393911205760512.000000 1.626560569 2.996206999 2.195225000 0.940937817 -0.027239485 -0.335394084 -0.037483562
1413393911255760384.000000 1.644734025 3.012772083 2.173278570 0.941886306 -0.025469704 -0.332359016 -0.041701980
1413393911305760512.000000 1.664047837 3.029159069 2.152967453 0.943020701 -0.024368227 -0.328775465 -0.044998948
1413393911355760384.000000 1.506580710 3.007019997 2.414163828 0.946702957 -0.020819331 -0.317799330 -0.048205264
1413393911405760512.000000 1.524278641 3.048027992 2.428274870 0.950363338 -0.014468758 -0.307305217 -0.046515375
1413393911455760384.000000 1.541036606 3.060441017 2.436653614 0.953765094 -0.011033731 -0.296661079 -0.046932518
1413393911505760512.000000 1.546586633 3.047349691 2.436340809 0.955779076 -0.010326499 -0.289793104 -0.048987225
1413393911555760384.000000 1.562711120 3.062260628 2.450609684 0.957033098 -0.006576905 -0.285960227 -0.047657855
1413393911605760512.000000 1.584442735 3.077868462 2.469470739 0.958388269 -0.004757703 -0.281667352 -0.046183988
1413393911655760384.000000 1.611664653 3.094624281 2.491632938 0.960242569 -0.003599677 -0.275531352 -0.044762865
1413393911705760512.000000 1.642852068 3.112294197 2.517857552 0.961079538 -0.001363450 -0.272981018 -0.042493526
1413393911755760384.000000 1.677940369 3.131002903 2.550686598 0.959349632 -0.001143920 -0.279392034 -0.039838847
1413393911805760512.000000 1.705518842 3.156410694 2.580740690 0.956410766 -0.000014838 -0.289568156 -0.037800290
1413393911855760384.000000 1.749411345 3.178054571 2.621461868 0.952589512 0.000007343 -0.302168876 -0.035598591
1413393911905760512.000000 1.797111034 3.201154232 2.665313721 0.948036373 -0.008439435 -0.316284269 -0.033468794
1413393911955760384.000000 1.854919672 3.255678177 2.722001314 0.942452848 -0.019021599 -0.332535595 -0.028998768
1413393912005760512.000000 1.909395933 3.280863762 2.767457247 0.935043812 -0.031170366 -0.352144182 -0.026758935
1413393912055760384.000000 1.968097448 3.305681467 2.812023878 0.927164733 -0.040947732 -0.371606499 -0.024445683
1413393912105760512.000000 2.030197382 3.329586744 2.854488850 0.920981407 -0.047337379 -0.386082619 -0.022196371
1413393912155760384.000000 2.087394714 3.319842339 2.884631157 0.915080249 -0.054206088 -0.398995131 -0.022196583
1413393912205760512.000000 2.150639057 3.340563059 2.923588276 0.910905182 -0.056527186 -0.408242762 -0.019859012
1413393912255760384.000000 2.218547583 3.362220287 2.961109161 0.908313215 -0.056886710 -0.414023876 -0.017757226
1413393912305760512.000000 2.276203871 3.412762880 3.005638838 0.907365739 -0.055046380 -0.416525781 -0.012794404
1413393912355760384.000000 2.333023071 3.395189047 3.024973631 0.907734454 -0.057082076 -0.415423393 -0.013535707
1413393912405760512.000000 2.395530701 3.409967899 3.051613092 0.911420286 -0.056813966 -0.407363296 -0.011854047
1413393912455760384.000000 2.458205223 3.423282146 3.075312614 0.917360246 -0.055740263 -0.394004375 -0.010190083
1413393912505760512.000000 2.520378351 3.435343981 3.097610950 0.924232841 -0.053732939 -0.377910256 -0.009506659
1413393912555760384.000000 2.580176830 3.446480989 3.120586395 0.929754853 -0.053259756 -0.364189506 -0.009242217
1413393912605760512.000000 2.637067080 3.456654787 3.144932985 0.933963478 -0.051800136 -0.353466541 -0.009507773
1413393912655760384.000000 2.691328526 3.466252565 3.172317028 0.937809229 -0.048671730 -0.343559146 -0.010588476
1413393912705760512.000000 2.742866755 3.475278616 3.202318907 0.941308260 -0.044899844 -0.334351033 -0.011496363
1413393912755760384.000000 2.791986942 3.483855247 3.234907150 0.944610715 -0.040739503 -0.325410515 -0.012611003
1413393912805760512.000000 2.838558674 3.491735458 3.270279884 0.947313190 -0.035942953 -0.318052799 -0.012175294
1413393912855760384.000000 2.860634804 3.499530077 3.310429573 0.949386597 -0.031389467 -0.312386423 -0.009722658
1413393912905760512.000000 2.915425539 3.502647400 3.351295948 0.950715184 -0.027811427 -0.308774352 -0.005064645
1413393912955760384.000000 2.958778143 3.548724174 3.409749508 0.951482773 -0.023595333 -0.306769490 0.004037943
1413393913005760512.000000 2.992892742 3.515125275 3.449457645 0.951369107 -0.029615272 -0.306442887 0.010608412
1413393913055760384.000000 3.029775858 3.521035910 3.504064560 0.951230645 -0.035339922 -0.305740088 0.020844268
1413393913105760512.000000 3.065827370 3.526465416 3.562724590 0.951520443 -0.041994669 -0.302937776 0.032773819
1413393913155760384.000000 3.101411819 3.531258345 3.624879360 0.952442765 -0.049817134 -0.297003061 0.046478607
1413393913205760512.000000 3.145119667 3.527397633 3.706773281 0.952894390 -0.056927186 -0.291572541 0.061131969
1413393913255760384.000000 3.236993074 3.611806393 3.769195557 0.952096283 -0.053908810 -0.290523440 0.078756601
1413393913305760512.000000 3.228171825 3.524691820 3.865868568 0.951033890 -0.071061008 -0.285741597 0.094004340
1413393913355760384.000000 3.261267424 3.524005890 3.948784351 0.948456049 -0.075399831 -0.286798686 0.111770488
1413393913405760512.000000 3.294693470 3.521575212 4.036131859 -0.945826888 0.081298858 0.286072493 -0.130247891
1413393913455760384.000000 3.330755949 3.516665936 4.126760960 -0.943182766 0.087280057 0.283497781 -0.149724931
1413393913505760512.000000 3.369894028 3.509067774 4.221096039 -0.940952778 0.090401538 0.278577119 -0.169795200
1413393913555760384.000000 3.412605762 3.498803377 4.319620609 -0.938973725 0.090248413 0.271597534 -0.190836310
1413393913605760512.000000 3.456135273 3.498480320 4.436171055 -0.937177956 0.086942829 0.263994068 -0.210821524
1413393913655760384.000000 3.507653713 3.471267700 4.535125732 -0.934505045 0.083247401 0.255862474 -0.233033702
1413393913705760512.000000 3.561523914 3.454086304 4.646353245 -0.931468248 0.077566780 0.248787940 -0.253879726
1413393913755760384.000000 3.620635271 3.435231209 4.761971951 -0.927984118 0.073007159 0.241097569 -0.274567753
1413393913805760512.000000 3.682854176 3.416011095 4.883292675 -0.923612058 0.069393098 0.235119641 -0.294693470
1413393913855760384.000000 3.747710705 3.396605730 5.010235310 -0.918612182 0.065917358 0.230223849 -0.314330488
1413393913905760512.000000 3.815931797 3.377551556 5.142923355 -0.912985623 0.064930767 0.226221308 -0.333264530
1413393913955760384.000000 3.886576653 3.359271765 5.281783581 -0.906711638 0.060837191 0.224396944 -0.351879120
1413393914005760512.000000 3.961205482 3.341606379 5.426310539 0.900457621 -0.051563054 -0.220979422 0.371060014
1413393914055760384.000000 4.038745880 3.325527191 5.576340199 0.893939197 -0.041286923 -0.216990635 0.389978468
1413393914105760512.000000 4.118468285 3.311572075 5.732045174 0.885680020 -0.028937487 -0.217121467 0.409379840
1413393914155760384.000000 4.203249454 3.322193623 5.885028362 0.875562847 -0.016981965 -0.222011089 0.428733468
1413393914205760512.000000 4.285256386 3.314894676 6.049857616 0.862738132 -0.009354535 -0.234157890 0.448068649
1413393914255760384.000000 3.937884331 3.558983803 5.718730450 0.849395096 -0.003618870 -0.244179443 0.467858285
1413393914305760512.000000 4.008557796 3.572648525 5.868476868 0.836832225 -0.001644257 -0.252019495 0.485999316
1413393914355760384.000000 4.254273415 3.798712254 5.917860985 0.824332595 0.000995214 -0.257289678 0.504258633
1413393914405760512.000000 5.252650261 3.597978115 6.299511433 0.813908815 0.000069157 -0.259007365 0.520065188
1413393914455760384.000000 5.378986359 3.618390560 6.445214748 0.803166330 -0.004820179 -0.259363979 0.536312401
1413393914505760512.000000 4.980049610 3.772169590 5.417662621 0.791679800 -0.007671357 -0.262204111 0.551754832
1413393914555760384.000000 5.121251106 3.771740437 5.323408604 0.782914937 -0.012086138 -0.257755458 0.566092193
1413393914605760512.000000 4.551625252 3.985023022 4.494064331 0.772922695 -0.014216879 -0.254164934 0.581195891
1413393914655760384.000000 4.644290924 4.021938324 4.489498138 0.764666736 -0.017138407 -0.249076858 0.594097555
1413393914705760512.000000 4.685442924 4.098461628 4.541766167 0.755742371 -0.021842431 -0.243537396 0.607508063
1413393914755760384.000000 4.782256603 4.162512302 4.543996811 0.747077584 -0.028261717 -0.237229839 0.620321274
1413393914805760512.000000 4.804959774 4.304475307 4.491685867 0.737589240 -0.033365481 -0.233759210 0.632618070
1413393914855760384.000000 4.816754341 4.442289829 4.312194347 0.727163255 -0.037345398 -0.232235134 0.644907653
1413393914905760512.000000 4.714717388 4.547911167 4.138178349 0.717067361 -0.036949847 -0.234436840 0.655353725
1413393914955760384.000000 4.365699768 4.680264473 3.715909958 0.706555128 -0.032290459 -0.242288202 0.664103627
1413393915005760512.000000 3.744151115 4.934701920 3.330574751 0.695094347 -0.026254915 -0.250724941 0.673269272
1413393915055760384.000000 2.625226974 4.885278702 2.729832411 0.686828792 -0.021590125 -0.256908208 0.679557443
1413393915105760512.000000 2.989291668 5.204866409 2.837579727 0.679963112 -0.016993755 -0.260447204 0.685221672
1413393915155760384.000000 3.243818998 5.438099861 2.907600641 0.674570739 -0.015794311 -0.265542358 0.688616157
1413393915605760512.000000 -0.790007591 -0.393849164 -2.226383448 -0.138022467 0.825500965 -0.164492249 0.521958113
1413393915805760512.000000 -0.311474204 0.091161132 -1.338339925 0.700817883 0.032069813 -0.277374178 0.656421661
1413393915855760384.000000 -0.328802973 0.093017697 -1.348230839 0.700364113 0.037373766 -0.278170109 0.656288564
1413393915905760512.000000 -0.330007911 0.066425085 -1.344881058 0.701683879 0.039390963 -0.279058158 0.654381216
1413393915955760384.000000 -0.331761956 0.037502050 -1.347374439 0.702282667 0.041917086 -0.279119164 0.653555274
1413393916005760512.000000 -0.334281743 0.016592383 -1.351963997 0.702812970 0.048155800 -0.278294891 0.652906477
1413393916055760384.000000 -0.330645859 -0.011498451 -1.354204893 0.703575075 0.050431579 -0.278177887 0.651963055
1413393916105760512.000000 -0.280755192 -0.164872766 -1.345428944 0.707731187 0.047936130 -0.285258651 0.644551218
1413393916155760384.000000 -0.340662599 -0.044637442 -1.368588448 0.703220129 0.064274184 -0.274280488 0.652779162
1413393916205760512.000000 -0.283830613 -0.208100200 -1.357395291 0.707905293 0.056387220 -0.280385315 0.645813167
1413393916255760384.000000 -0.288741767 -0.230473995 -1.362704635 0.708651781 0.053953413 -0.271812856 0.648860157
1413393916305760512.000000 -0.294676989 -0.243531466 -1.373669624 0.706785917 0.050968353 -0.262992144 0.654745102
1413393916355760384.000000 -0.298780650 -0.258911252 -1.385425806 0.702937424 0.045886878 -0.254816413 0.662451565
1413393916405760512.000000 -0.268844455 -0.379959106 -1.434096813 0.696842313 0.031171637 -0.258181006 0.668417275
1413393916455760384.000000 -0.266753137 -0.402241468 -1.441304564 0.689328730 0.024125027 -0.253479838 0.678227007
1413393916505760512.000000 -0.269750953 -0.420530438 -1.445414305 0.681391954 0.018805951 -0.247287884 0.688621819
1413393916555760384.000000 -0.270429492 -0.437547326 -1.448350906 0.671676755 0.013151893 -0.240054533 0.700750470
1413393916605760512.000000 -0.267121762 -0.449164748 -1.468118429 0.656145275 0.008654422 -0.238988370 0.715739489
1413393916655760384.000000 -0.258839637 -0.461623073 -1.484705925 0.640316367 0.003295325 -0.238248765 0.730220258
1413393916705760512.000000 -0.247047052 -0.557765365 -1.565141797 0.621379852 0.001433919 -0.240419164 0.745710194
1413393916755760384.000000 -0.245962352 -0.572938681 -1.580519915 0.603798509 -0.002497307 -0.237655431 0.760881722
1413393916805760512.000000 -0.247643724 -0.587235928 -1.588402390 0.588178635 -0.004192618 -0.229793876 0.775385797
1413393916855760384.000000 -0.237597108 -0.598640680 -1.602121353 0.570897818 -0.004645124 -0.223390654 0.790032148
1413393916905760512.000000 -0.236990735 -0.613417864 -1.614684939 0.555111825 -0.004209059 -0.213107601 0.804001510
1413393916955760384.000000 -0.229703799 -0.687536716 -1.682929039 0.536917031 -0.003861754 -0.201879740 0.819115281
1413393917005760512.000000 -0.227134630 -0.701631308 -1.696304202 0.521926165 -0.004292613 -0.184654206 0.832753003
1413393917055760384.000000 -0.227155387 -0.712779641 -1.706726670 0.507542253 -0.004362134 -0.167383760 0.845200956
1413393917105760512.000000 -0.221015006 -0.724477947 -1.720516205 0.491503805 -0.005274761 -0.152150944 0.857465029
1413393917155760384.000000 -0.224374771 -0.732241273 -1.725541949 0.475736260 -0.003508694 -0.137026966 0.868841946
1413393917205760512.000000 -0.202477217 -0.811126888 -1.792691946 0.454465479 -0.004753770 -0.127129331 0.881633043
1413393917255760384.000000 -0.202777565 -0.822431803 -1.802121282 0.437209129 -0.007102409 -0.115362898 0.891902030
1413393917305760512.000000 -0.197243541 -0.830085397 -1.810429692 0.418694288 -0.011490712 -0.108842961 0.901507854
1413393917355760384.000000 -0.194248855 -0.839221001 -1.818380475 0.398302346 -0.016353164 -0.102913737 0.911315858
1413393917405760512.000000 -0.195972726 -0.843499303 -1.824992299 0.378628224 -0.019749384 -0.093376718 0.920614779
1413393917455760384.000000 -0.169281811 -0.894327402 -1.865560532 0.354745448 -0.026077237 -0.087022677 0.930538952
1413393917505760512.000000 -0.170016304 -0.894451141 -1.864412785 0.333774030 -0.029446606 -0.078613654 0.938907743
1413393917555760384.000000 -0.163035408 -0.902986169 -1.872766137 0.309699476 -0.034913249 -0.071497969 0.947499573
1413393917605760512.000000 -0.160311103 -0.905597806 -1.877066016 0.284191966 -0.037972916 -0.066012911 0.955738127
1413393917655760384.000000 -0.162600219 -0.907202363 -1.872688532 0.258537620 -0.039715152 -0.061029583 0.963253021
1413393917705760512.000000 -0.164707854 -0.935760140 -1.872294426 0.230816320 -0.035054296 -0.060118660 0.970505416
1413393917755760384.000000 -0.166244820 -0.933394849 -1.866939783 0.205677584 -0.030184938 -0.054842111 0.976615608
1413393917805760512.000000 -0.169163346 -0.928005934 -1.859204292 0.181654677 -0.019909276 -0.049766727 0.981900454
1413393917855760384.000000 -0.170397967 -0.926457167 -1.854766011 0.156987026 -0.011600721 -0.039183315 0.986754894
1413393917905760512.000000 -0.170666575 -0.926317394 -1.852309465 0.133527085 -0.004388520 -0.029029384 0.990610242
1413393917955760384.000000 -0.167227283 -0.950432777 -1.825329781 0.106812790 -0.001632292 -0.019557890 0.994085431
1413393918005760512.000000 0.000983932 -0.336189210 -1.769467354 0.118930757 -0.000822646 -0.005037508 0.992889464
1413393918055760384.000000 0.001927532 -0.332454383 -1.762120605 -0.096957579 -0.000086332 -0.007674125 -0.995258927
1413393918105760512.000000 -0.163551390 -0.963430583 -1.782487750 -0.038901083 -0.002922515 -0.018557232 -0.999066532
1413393918155760384.000000 -0.026354104 -0.366842449 -1.713499069 0.051659949 0.004467408 0.036734674 0.997978926
1413393918205760512.000000 0.016510824 -0.410172522 -1.675452828 0.027207797 -0.000784774 0.051950011 0.998278737
1413393918255760384.000000 0.020841176 -0.403744072 -1.662591934 0.005541877 -0.002666436 0.061607011 0.998081625
1413393918305760512.000000 0.026448408 -0.394543439 -1.648347616 -0.015450489 -0.004188227 0.073239930 0.997185886
1413393918355760384.000000 0.032273121 -0.383223444 -1.635030270 -0.036900576 -0.005017315 0.083616957 0.995801866
1413393918405760512.000000 0.039614037 -0.368354082 -1.619488120 -0.058683388 -0.006011028 0.093012191 0.993915915
1413393918455760384.000000 0.043938667 -0.352107286 -1.609299779 -0.081414603 -0.007120837 0.101967670 0.991424978
1413393918505760512.000000 0.052613456 -0.332084477 -1.593690991 -0.104506180 -0.007868276 0.111520484 0.988220513
1413393918555760384.000000 -0.104778267 -0.824337840 -1.676653385 0.153311208 0.005053733 -0.113500677 -0.981625080
1413393918605760512.000000 -0.094350688 -0.796594739 -1.663479090 0.177862078 0.002207041 -0.122464463 -0.976402938
1413393918655760384.000000 -0.083638109 -0.765856862 -1.650367260 0.203848898 -0.002974950 -0.129247740 -0.970428705
1413393918705760512.000000 -0.074036427 -0.733596087 -1.638485074 0.229508683 -0.009903198 -0.139110044 -0.963263273
1413393918755760384.000000 -0.062356994 -0.696478486 -1.625394940 0.254841387 -0.015159268 -0.151591644 -0.954906344
1413393918805760512.000000 -0.054188475 -0.659275413 -1.615849495 0.281025797 -0.023379091 -0.165045589 -0.945112646
1413393918855760384.000000 -0.042747781 -0.616719782 -1.604692101 0.306940407 -0.033784825 -0.180126131 -0.933916867
1413393918905760512.000000 -0.035237059 -0.574333489 -1.599179268 0.336784542 -0.046000410 -0.188464344 -0.921380162
1413393918955760384.000000 -0.025189951 -0.527524054 -1.592740059 0.367585063 -0.056399994 -0.193277642 -0.907934010
1413393919005760512.000000 -0.017909870 -0.480693847 -1.591088414 0.399270803 -0.064440228 -0.195235908 -0.893483758
1413393919055760384.000000 -0.011432782 -0.433236539 -1.592582464 0.430732727 -0.071129903 -0.197711527 -0.877678752
1413393919105760512.000000 -0.007035933 -0.385828733 -1.597778678 0.461117506 -0.075806007 -0.199757621 -0.861232281
1413393919155760384.000000 -0.000271267 0.073042572 -1.416772485 -0.472031176 0.084508114 0.221731350 0.849046648
1413393919205760512.000000 0.001157895 0.119881690 -1.426263690 -0.499489099 0.090556204 0.226159722 0.831361592
1413393919255760384.000000 0.003264262 -0.248580098 -1.626513958 0.541825294 -0.093540907 -0.212290749 -0.807841718
1413393919305760512.000000 0.003506176 -0.205545962 -1.643957973 0.566706061 -0.104294039 -0.214510292 -0.788639605
1413393919355760384.000000 0.002452478 -0.166959405 -1.659752250 0.588780463 -0.115041628 -0.217038825 -0.770063102
1413393919405760512.000000 -0.003455207 -0.129964709 -1.681620955 0.607962608 -0.126644656 -0.221218705 -0.751934111
1413393919455760384.000000 -0.012434125 -0.098782897 -1.699558735 0.622801006 -0.134174526 -0.229550853 -0.735814273
1413393919505760512.000000 -0.025252521 -0.066008806 -1.725079417 -0.636048734 0.137307018 0.238710552 0.720837057
1413393919555760384.000000 -0.041889101 -0.043041468 -1.747670054 0.647403419 -0.139248133 -0.248516440 -0.706907690
1413393919605760512.000000 -0.062014729 -0.017288685 -1.779042840 0.658505619 -0.139021203 -0.257027656 -0.693527460
1413393919655760384.000000 -0.085593671 -0.001639962 -1.805688620 0.669560850 -0.138269559 -0.260975212 -0.681514382
1413393919705760512.000000 -0.111284077 0.018688321 -1.842803359 0.679859340 -0.137069747 -0.261350989 -0.671341181
1413393919755760384.000000 -0.346102297 0.302566409 -1.571066141 -0.680378973 0.158265993 0.267920703 0.663517058
1413393919805760512.000000 -0.378031731 0.316847086 -1.611243010 -0.692168415 0.152291402 0.256544739 0.657187283
1413393919855760384.000000 -0.201594949 0.044177532 -1.950874090 0.712611377 -0.119119249 -0.228450045 -0.652538300
1413393919905760512.000000 -0.236785814 0.047808647 -1.993466496 0.720670879 -0.109476477 -0.216876149 -0.649317503
1413393919955760384.000000 -0.275764227 0.044548988 -2.021442413 0.726859093 -0.098659411 -0.209262624 -0.646646321
1413393920005760512.000000 -0.316983730 0.038410187 -2.060750961 0.729454517 -0.087902792 -0.206715599 -0.646094382
1413393920055760384.000000 -0.359533429 0.027722359 -2.099220514 0.729078948 -0.079703070 -0.206119359 -0.647770107
1413393920105760512.000000 -0.404404640 0.014827251 -2.131729364 0.728951752 -0.073809154 -0.206603885 -0.648456931
1413393920155760384.000000 -0.450455904 -0.002156258 -2.164791822 0.728175104 -0.067877278 -0.207671642 -0.649635553
1413393920205760512.000000 -0.497870773 -0.019931793 -2.194872379 0.726500511 -0.064075731 -0.209000334 -0.651467800
1413393920255760384.000000 -0.545741737 -0.042494059 -2.224804640 0.725533247 -0.061023284 -0.209637761 -0.652632952
1413393920305760512.000000 -0.593147039 -0.065993071 -2.251681328 0.723644972 -0.058653396 -0.211040273 -0.654492021
1413393920355760384.000000 -0.639465094 -0.094059467 -2.278725863 0.722379088 -0.054967012 -0.212103501 -0.655865252
1413393920405760512.000000 -0.685202062 -0.123075962 -2.304710627 0.719711125 -0.048791386 -0.216990039 -0.657685876
1413393920455760384.000000 -0.729684770 -0.155127048 -2.329677105 0.716458380 -0.041416980 -0.224335432 -0.659276605
1413393920505760512.000000 -0.773381114 -0.188271999 -2.350479603 0.713880658 -0.033626903 -0.230162486 -0.660506606
1413393920555760384.000000 -0.814719200 -0.221965551 -2.379111528 0.710593760 -0.027997762 -0.234796450 -0.662678897
1413393920605760512.000000 -0.854643226 -0.256209373 -2.402426958 0.708546758 -0.022982225 -0.237162188 -0.664219499
1413393920655760384.000000 -0.893790483 -0.290372849 -2.425945759 0.706612468 -0.019187974 -0.238667637 -0.665859163
1413393920705760512.000000 -0.931499839 -0.324151993 -2.448052645 0.705622911 -0.016292602 -0.238880932 -0.666908324
1413393920755760384.000000 -0.968267500 -0.357928991 -2.469940424 0.704637587 -0.014726558 -0.237657368 -0.668422043
1413393920805760512.000000 -1.004597306 -0.391307354 -2.489770889 0.703605890 -0.013605427 -0.238538310 -0.669218302
1413393920855760384.000000 -1.040610909 -0.424698353 -2.508880138 0.703429282 -0.010982716 -0.237245589 -0.669911325
1413393920905760512.000000 -1.075903177 -0.457589626 -2.526588202 0.702368438 -0.005210078 -0.238980994 -0.670477152
1413393920955760384.000000 -1.109967232 -0.489245892 -2.545476913 0.700251520 0.001225318 -0.241555020 -0.671786785
1413393921005760512.000000 -1.144301295 -0.521081924 -2.560846806 0.698188066 0.009557279 -0.247696802 -0.671631157
1413393921055760384.000000 -1.178732991 -0.551623106 -2.573597670 0.695495546 0.019172363 -0.254133880 -0.671814322
1413393921105760512.000000 -1.211292744 -0.580407143 -2.586697102 0.692781091 0.027545474 -0.260221004 -0.671997607
1413393921155760384.000000 -1.241651058 -0.604221106 -2.603133678 0.690512180 0.033328790 -0.264246166 -0.672499955
1413393921205760512.000000 -1.270048022 -0.627371550 -2.613964558 -0.689687610 -0.039444469 0.266054958 0.672301948
1413393921255760384.000000 -1.297632217 -0.646065474 -2.626109123 0.688623905 0.043036696 -0.267449230 -0.672618747
1413393921305760512.000000 -1.322554350 -0.662538767 -2.634567738 0.688583076 0.044728681 -0.268452466 -0.672150314
1413393921355760384.000000 -1.345764875 -0.675830364 -2.641433477 -0.687719643 -0.044518955 0.270887345 0.672071278
1413393921405760512.000000 -1.366652966 -0.685364962 -2.647660732 -0.687988698 -0.041421179 0.270956159 0.671966255
1413393921455760384.000000 -1.387450218 -0.687055111 -2.659228325 0.689184070 0.034436099 -0.267537743 -0.672505081
1413393921505760512.000000 -1.403472066 -0.688448429 -2.664381981 0.691536486 0.025930043 -0.261342824 -0.672907770
1413393921555760384.000000 -1.419562817 -0.687871933 -2.669105530 -0.694451869 -0.015452413 0.254153937 0.672981143
1413393921605760512.000000 -1.436510086 -0.685921907 -2.673816204 0.697688282 0.008197402 -0.246951506 -0.672442436
1413393921655760384.000000 -1.452354193 -0.682537556 -2.675704956 -0.699368536 -0.002311473 0.243195012 0.672112048
1413393921705760512.000000 -1.472243786 -0.677594900 -2.678386688 0.700869381 -0.001233269 -0.240024060 -0.671691298
1413393921755760384.000000 -1.493154407 -0.674133301 -2.675942183 0.702379584 -0.004443247 -0.237976760 -0.670828104
1413393921805760512.000000 -1.517523408 -0.669192314 -2.673450947 0.703733265 -0.007280189 -0.235040486 -0.670419633
1413393921855760384.000000 -1.542016029 -0.665582895 -2.667716503 0.705573618 -0.010678490 -0.231273338 -0.669749677
1413393921905760512.000000 -1.567246795 -0.661742449 -2.660348415 -0.708211660 0.017254394 0.225724995 0.668720365
1413393921955760384.000000 -1.593865275 -0.656109810 -2.652585506 0.711133480 -0.023320863 -0.218899980 -0.667703688
1413393922005760512.000000 -1.618705988 -0.653891802 -2.643372536 -0.712857604 0.027830251 0.215288192 0.666866243
1413393922055760384.000000 -1.643997431 -0.653095245 -2.632808208 -0.713087797 0.026053647 0.217227757 0.666062415
1413393922105760512.000000 -1.670259356 -0.650346756 -2.622545242 0.712524414 -0.022362003 -0.221191064 -0.665494919
1413393922155760384.000000 -1.695229411 -0.651736736 -2.609623909 0.711021781 -0.015128286 -0.228293747 -0.664906859
1413393922205760512.000000 -1.722063065 -0.651175976 -2.598444223 0.707225144 -0.003493315 -0.241058350 -0.664613664
1413393922255760384.000000 -1.747314095 -0.653162241 -2.583489656 0.704295039 0.007722235 -0.252327412 -0.663505673
1413393922305760512.000000 -1.772884011 -0.652026415 -2.568571329 0.700352907 0.017869914 -0.265151590 -0.662481129
1413393922355760384.000000 -1.796946287 -0.650874138 -2.552460909 0.696783483 0.027033886 -0.276484400 -0.661300480
1413393922405760512.000000 -1.819665313 -0.645250082 -2.536922932 0.693947256 0.033933230 -0.285631001 -0.660076320
1413393922455760384.000000 -1.840727568 -0.637571573 -2.521014214 0.691240311 0.033527207 -0.295024574 -0.658804417
1413393922505760512.000000 -1.860263109 -0.624462605 -2.505871773 0.689569831 0.026611215 -0.301353306 -0.658005714
1413393922555760384.000000 -1.878196716 -0.608538389 -2.491637707 0.689675570 0.014389586 -0.303999394 -0.657057762
1413393922605760512.000000 -1.894629002 -0.587733746 -2.478842258 0.690296650 -0.000479789 -0.304268003 -0.656438410
1413393922655760384.000000 -1.911304235 -0.564913750 -2.467700958 0.690596521 -0.012796147 -0.304462582 -0.655907989
1413393922705760512.000000 -1.928493857 -0.537399530 -2.455989122 0.691820383 -0.022556756 -0.302601755 -0.655215979
1413393922755760384.000000 -1.945217252 -0.509938240 -2.448961735 0.691660821 -0.027811542 -0.301922977 -0.655495584
1413393922805760512.000000 -1.960488081 -0.482469082 -2.446937084 0.691355228 -0.028338006 -0.300951630 -0.656241596
1413393922855760384.000000 -1.977685332 -0.451809883 -2.444865465 0.691505194 -0.022124471 -0.300354272 -0.656596065
1413393922905760512.000000 -1.993193984 -0.419844627 -2.445482731 0.691267014 -0.013680218 -0.300541848 -0.656991184
1413393922955760384.000000 -2.006781816 -0.385586739 -2.449054956 0.691911221 -0.002361440 -0.298923910 -0.657189369
1413393923005760512.000000 -2.017190933 -0.349624395 -2.455339193 0.693308711 0.011654620 -0.295670748 -0.657089114
1413393923055760384.000000 -2.024541855 -0.311006784 -2.463471413 0.694774389 0.023529787 -0.292219073 -0.656767130
1413393923105760512.000000 -2.028973579 -0.268933535 -2.472623587 0.696040630 0.031236403 -0.290211946 -0.655994475
1413393923155760384.000000 -2.030556917 -0.223366022 -2.482948303 0.696695805 0.037912637 -0.289302766 -0.655348361
1413393923205760512.000000 -2.028622627 -0.173767090 -2.493440151 0.697494566 0.041054398 -0.288241208 -0.654776990
1413393923255760384.000000 -2.025567532 -0.120844364 -2.504370928 0.698728144 0.040705074 -0.286516070 -0.654240489
1413393923305760512.000000 -2.020669222 -0.064282179 -2.514082432 0.699188769 0.033591818 -0.287172943 -0.653864264
1413393923355760384.000000 -2.016877413 -0.004342794 -2.523817778 0.697829366 0.019617176 -0.290009171 -0.654632747
1413393923405760512.000000 -2.010881424 0.058717728 -2.532837391 0.693688691 0.003005709 -0.295553237 -0.656837404
1413393923455760384.000000 -2.006637335 0.123117208 -2.542718649 0.687433839 -0.013514984 -0.298411816 -0.661968708
1413393923505760512.000000 -2.000016928 0.189785719 -2.553668022 0.679949999 -0.028589832 -0.298157811 -0.669292569
1413393923555760384.000000 -1.995910764 0.257060766 -2.566766977 0.671056926 -0.040819641 -0.294182450 -0.679318130
1413393923605760512.000000 -1.989970565 0.325029612 -2.581331730 0.659683824 -0.048344769 -0.288985640 -0.692074716
1413393923655760384.000000 -1.986717582 0.393164635 -2.598838568 0.648544550 -0.047908932 -0.278551251 -0.706755877
1413393923705760512.000000 -1.981576204 0.461323261 -2.618436813 -0.636642694 0.043206811 0.265388161 0.722764492
1413393923755760384.000000 -1.979417086 0.529495478 -2.639249802 0.622836649 -0.032560684 -0.252715558 -0.739695370
1413393923805760512.000000 -1.976666927 0.597492218 -2.661016464 -0.607321262 0.022595307 0.242142349 0.756318390
1413393923855760384.000000 -1.976305485 0.665809870 -2.683389664 0.590791345 -0.014629285 -0.232030302 -0.772601843
1413393923905760512.000000 -1.974139810 0.732993841 -2.706838131 0.573866308 -0.007821875 -0.222395688 -0.788134813
1413393923955760384.000000 -1.973224401 0.801673651 -2.729887486 0.555987418 -0.003175447 -0.214826658 -0.802942991
1413393924005760512.000000 -1.972052574 0.869082451 -2.753205776 0.538129270 0.002064515 -0.208655357 -0.816624522
1413393924055760384.000000 -1.971183062 0.938369036 -2.776054382 0.521079242 0.006787585 -0.202309638 -0.829156935
1413393924105760512.000000 -1.970084906 1.007661819 -2.798903227 0.505460083 0.013603839 -0.193251848 -0.840820372
1413393924155760384.000000 -1.967857003 1.078498721 -2.820190668 0.492262512 0.021432940 -0.179262668 -0.851518154
1413393924205760512.000000 -1.964701891 1.149068713 -2.840906620 0.481118023 0.028922955 -0.160544053 -0.861344635
1413393924255760384.000000 -1.959778309 1.220965862 -2.858970881 0.471146941 0.035665531 -0.137780160 -0.870497167
1413393924305760512.000000 -1.954558015 1.291428328 -2.875439167 0.462201893 0.041880086 -0.116925530 -0.878034115
1413393924355760384.000000 -1.947097421 1.361247420 -2.887241840 0.454434246 0.048398975 -0.096910477 -0.884169400
1413393924405760512.000000 -1.938414693 1.428216696 -2.897286892 0.448628694 0.054050330 -0.077474169 -0.888711810
1413393924455760384.000000 -1.926968217 1.495056391 -2.900778532 0.444760382 0.060374297 -0.059204642 -0.891649008
1413393924505760512.000000 -1.913079977 1.557288408 -2.901298761 0.441774338 0.064084247 -0.043717843 -0.893765867
1413393924555760384.000000 -1.895450354 1.616536260 -2.895165443 0.439257801 0.065928392 -0.030398266 -0.895422816
1413393924605760512.000000 -1.875244379 1.670614958 -2.885246277 0.438559324 0.063393153 -0.016617188 -0.896309614
1413393924655760384.000000 -1.850700617 1.719651103 -2.868675947 0.438745946 0.059243083 -0.003599464 -0.896649003
1413393924705760512.000000 -1.821806431 1.761015534 -2.847412586 0.440013945 0.053188406 0.009215375 -0.896367013
1413393924755760384.000000 -1.786755204 1.797444105 -2.819779634 0.441689849 0.046261810 0.018377364 -0.895785868
1413393924805760512.000000 -1.746039987 1.823669672 -2.787283421 0.444363683 0.041908640 0.022624118 -0.894579649
1413393924855760384.000000 -1.700472593 1.845000625 -2.749459743 0.444560468 0.036303893 0.014460714 -0.894896090
1413393924905760512.000000 -1.647986293 1.856227875 -2.705980539 0.442933023 0.031192908 -0.003342762 -0.896005690
1413393924955760384.000000 -1.590910673 1.863234639 -2.658981562 0.437480420 0.026751468 -0.030836778 -0.898300886
1413393925005760512.000000 -1.526714921 1.860760570 -2.607755899 0.430310994 0.021376422 -0.056966193 -0.900627851
1413393925055760384.000000 -1.459721565 1.856881022 -2.555908442 0.422087222 0.017052222 -0.080057733 -0.902852356
1413393925105760512.000000 -1.386783957 1.846977949 -2.500061750 0.412611574 0.013209740 -0.100275680 -0.905274510
1413393925155760384.000000 -1.314033985 1.839347959 -2.444410324 0.400499970 0.010454549 -0.119740434 -0.908379197
1413393925205760512.000000 -1.237424612 1.827558756 -2.385331631 0.385185242 0.008771473 -0.139858484 -0.912137628
1413393925255760384.000000 -1.159970880 1.816668153 -2.325017691 0.368480802 0.009098507 -0.156264096 -0.916362703
1413393925305760512.000000 -1.087247372 1.812374115 -2.267100811 0.351885051 0.009362158 -0.167657092 -0.920858502
1413393925355760384.000000 -1.008853436 1.805703044 -2.206930161 0.338638574 0.011027345 -0.170846716 -0.925210118
1413393925405760512.000000 -0.934048235 1.806448460 -2.149444818 0.329721183 0.011920049 -0.166128531 -0.929270267
1413393925455760384.000000 -0.855352521 1.805696487 -2.091469049 0.322819740 0.009908298 -0.160459951 -0.932706833
1413393925505760512.000000 -0.777098477 1.808670163 -2.034769535 0.318123281 0.007369945 -0.152654856 -0.935649455
1413393925555760384.000000 -0.704053760 1.819856405 -1.976843357 0.313439459 0.005353836 -0.146950930 -0.938153803
1413393925605760512.000000 -0.628419280 1.826784253 -1.919193983 0.309131205 0.002626499 -0.144227967 -0.940015554
1413393925655760384.000000 -0.556688190 1.836526155 -1.859853745 0.305804878 0.000648905 -0.140928656 -0.941606104
1413393925705760512.000000 -0.494776189 1.854230404 -1.797882557 0.303236812 0.000221924 -0.137240276 -0.942980707
1413393925755760384.000000 -0.435660571 1.866774321 -1.733787656 0.302161753 -0.001154099 -0.133199573 -0.943904102
1413393925805760512.000000 -0.387145251 1.885286093 -1.666758895 0.301031321 -0.003505782 -0.129811585 -0.944731116
1413393925855760384.000000 -0.342033505 1.901070237 -1.597241879 0.300864220 -0.006542858 -0.126665160 -0.945195138
1413393925905760512.000000 -0.302604586 1.918243647 -1.526356697 0.301451743 -0.010979205 -0.122220948 -0.945551991
1413393925955760384.000000 -0.272872090 1.939698458 -1.455650330 0.301584542 -0.018432239 -0.118735731 -0.945837677
1413393926005760512.000000 -0.242520526 1.957850933 -1.382241726 0.302731514 -0.026965754 -0.115050219 -0.945721984
1413393926055760384.000000 -0.218125820 1.978878498 -1.310254812 0.303107977 -0.038930450 -0.112898819 -0.945443809
1413393926105760512.000000 -0.191780359 1.997106075 -1.237939954 0.303259611 -0.050263003 -0.111825801 -0.944988012
1413393926155760384.000000 -0.166889578 2.014797926 -1.168123364 0.303120345 -0.057838168 -0.112093247 -0.944567621
1413393926205760512.000000 -0.121625885 2.222368002 -0.874012947 -0.289530039 0.065571986 0.136437565 0.945123076
1413393926255760384.000000 -0.096851945 2.238348007 -0.809375465 -0.289415032 0.066291116 0.138842627 0.944757760
1413393926305760512.000000 -0.100692488 2.071320534 -0.979645073 0.301965684 -0.059874367 -0.120068915 -0.943830132
1413393926355760384.000000 -0.077605739 2.087663412 -0.920216382 0.301418900 -0.054452896 -0.123855047 -0.943844020
1413393926405760512.000000 -0.056216441 2.105936289 -0.865930736 0.299950361 -0.047570437 -0.125381410 -0.944482088
1413393926455760384.000000 -0.032706134 2.122426033 -0.811594486 0.298022866 -0.045270644 -0.124292061 -0.945348918
1413393926505760512.000000 -0.011008762 2.139638186 -0.759200931 0.295306951 -0.047167413 -0.121476032 -0.946473837
1413393926555760384.000000 0.007538892 2.156143427 -0.707185626 0.292266786 -0.050365441 -0.115737505 -0.947970688
1413393926605760512.000000 0.023002617 2.173048019 -0.654416740 0.288273871 -0.053996809 -0.109199777 -0.949767351
1413393926655760384.000000 0.033239879 2.189648628 -0.602055132 0.282586664 -0.055956196 -0.103086263 -0.952043533
1413393926705760512.000000 0.042536780 2.206463099 -0.552684188 0.276065767 -0.055848587 -0.095728844 -0.954727530
1413393926755760384.000000 0.053182416 2.221890211 -0.504916906 0.267393231 -0.054782309 -0.091087468 -0.957707107
1413393926805760512.000000 0.072549209 2.412408352 -0.284619331 -0.242781341 0.058599010 0.108097300 0.962256908
1413393926855760384.000000 0.088564165 2.425380468 -0.242944092 -0.231746674 0.055520121 0.104265615 0.965577424
1413393926905760512.000000 0.106545605 2.437641859 -0.204203263 -0.219947353 0.049130511 0.101478197 0.968974471
1413393926955760384.000000 0.116918989 2.278533220 -0.358945370 0.222125396 -0.035532199 -0.079322286 -0.971136391
1413393927005760512.000000 0.139698744 2.289921284 -0.326658726 0.210770413 -0.026015189 -0.078571565 -0.974025488
1413393927055760384.000000 0.181296349 2.473642588 -0.112179428 -0.184669867 0.023572778 0.101873346 0.977222264
1413393927105760512.000000 0.209775865 2.486378431 -0.083890617 -0.174529091 0.017011810 0.105276570 0.978860140
1413393927155760384.000000 0.226650223 2.328601122 -0.246560305 0.179828599 -0.005336917 -0.090962864 -0.979468763
1413393927205760512.000000 0.256668270 2.344162703 -0.219142139 0.171677068 -0.003011777 -0.096673556 -0.980393946
1413393927255760384.000000 0.290992498 2.520549774 -0.027664430 -0.149332687 0.005754935 0.123148404 0.981071413
1413393927305760512.000000 0.320857406 2.540839672 -0.000414081 -0.142676577 -0.001576392 0.126357585 0.981669366
1413393927355760384.000000 0.353472829 2.403015852 -0.139951721 0.152353108 0.017427877 -0.104179285 -0.982665539
1413393927405760512.000000 0.385581672 2.428573608 -0.111881129 0.148912877 0.023570204 -0.096094653 -0.983887851
1413393927455760384.000000 0.453193665 2.560498953 0.028256498 -0.139664188 -0.023464458 0.088001668 0.986001551
1413393927505760512.000000 0.488953948 2.590463161 0.058923606 -0.139736220 -0.021791562 0.070304655 0.987449408
1413393927555760384.000000 0.533204734 2.612346888 0.090092294 -0.140627295 -0.020270312 0.052725658 0.988449872
1413393927605760512.000000 0.571615279 2.642577410 0.123447880 -0.139277399 -0.018106107 0.034771554 0.989477158
1413393927655760384.000000 0.617693365 2.664524078 0.157766208 -0.137634471 -0.014375079 0.016725233 0.990237594
1413393927705760512.000000 0.658965826 2.691712141 0.193843707 -0.134163067 -0.007740358 -0.000636252 0.990928829
1413393927755760384.000000 0.707148314 2.710157633 0.230300367 -0.132518634 -0.000287188 -0.018993808 0.990998507
1413393927805760512.000000 0.751423061 2.731321812 0.267780602 -0.130775616 0.008044313 -0.034811445 0.990768015
1413393927855760384.000000 0.801312268 2.743112087 0.305611759 -0.129058674 0.015433867 -0.046084780 0.990445316
1413393927905760512.000000 0.847378850 2.755099297 0.344039023 -0.126060441 0.021617768 -0.050719935 0.990489244
1413393927955760384.000000 0.889667988 2.765084982 0.380109578 -0.123889551 0.026020713 -0.053914316 0.990488589
1413393928005760512.000000 0.934533477 2.767851353 0.418659270 -0.122643910 0.029992264 -0.056088377 0.990410507
1413393928055760384.000000 0.980429828 2.761245489 0.455132216 -0.122694634 0.032187197 -0.059357308 0.990144849
1413393928105760512.000000 1.020591736 2.754774570 0.493715942 -0.122881904 0.035056286 -0.061405394 0.989899218
1413393928155760384.000000 1.068685055 2.735352516 0.536271155 -0.123808101 0.036813714 -0.063184053 0.989608109
1413393928205760512.000000 1.104438186 2.719361067 0.574687839 -0.124348246 0.037092805 -0.063122950 0.989533842
1413393928255760384.000000 1.137983441 2.698039293 0.612263262 -0.123375438 0.035244122 -0.057784427 0.990049183
1413393928305760512.000000 1.168154120 2.673023224 0.651115537 -0.119568199 0.032464664 -0.044516362 0.991296053
1413393928355760384.000000 1.197250009 2.643738270 0.688418269 -0.113689102 0.033716451 -0.026351450 0.992594421
1413393928405760512.000000 1.223756075 2.611903429 0.727015734 -0.108210273 0.037541978 -0.008866300 0.993379414
1413393928455760384.000000 1.247635961 2.577038288 0.764588118 -0.103478916 0.040748574 0.007125487 0.993771076
1413393928505760512.000000 1.267900109 2.541786432 0.802225351 -0.099679343 0.045352064 0.020602187 0.993772030
1413393928555760384.000000 1.294977784 2.497459412 0.850632131 -0.097647622 0.051673662 0.029567610 0.993438780
1413393928605760512.000000 1.311451554 2.461700678 0.886313915 -0.096558154 0.061957896 0.035655089 0.992757082
1413393928655760384.000000 1.329488873 2.422589302 0.923228800 -0.096128345 0.069895141 0.040444881 0.992087841
1413393928705760512.000000 1.344529629 2.386626482 0.953946590 -0.097582065 0.073937126 0.041148741 0.991623878
1413393928755760384.000000 1.358328700 2.351110458 0.981347382 -0.099642187 0.074835166 0.041157894 0.991351247
1413393928805760512.000000 1.373305559 2.314521551 1.006574154 -0.104667313 0.074646220 0.034895983 0.991087794
1413393928855760384.000000 1.386086464 2.278855324 1.027578473 -0.109581009 0.073107913 0.028953759 0.990862727
1413393928905760512.000000 1.401988149 2.235935211 1.054389477 -0.116284534 0.071924865 0.020421658 0.990397811
1413393928955760384.000000 1.413535357 2.199665546 1.069624901 -0.125039533 0.070292257 0.013011801 0.989573121
1413393929005760512.000000 1.426478505 2.158449411 1.085713625 -0.135484293 0.067880325 0.007788323 0.988420784
1413393929055760384.000000 1.436535954 2.119671583 1.095777631 -0.146182284 0.065018333 0.007200890 0.987092495
1413393929105760512.000000 1.449128032 2.074665070 1.106488466 -0.158540145 0.062777661 0.006776292 0.985331476
1413393929155760384.000000 1.459248662 2.031843424 1.111967087 -0.171049461 0.061305508 0.008233054 0.983318925
1413393929205760512.000000 1.468941927 1.990697503 1.112560987 -0.184080184 0.057178658 0.011815905 0.981175601
1413393929255760384.000000 1.478985071 1.943165898 1.114612699 -0.198107779 0.052984785 0.018761449 0.978567302
1413393929305760512.000000 1.487858653 1.894094586 1.114700437 -0.211680159 0.048373785 0.028785672 0.975716650
1413393929355760384.000000 1.502200603 1.828695536 1.121690273 -0.226209685 0.044230089 0.040832017 0.972216904
1413393929405760512.000000 1.511825919 1.775698543 1.120082378 -0.240737110 0.041112777 0.054280374 0.968198895
1413393929455760384.000000 1.522746921 1.720992565 1.118130684 -0.256183624 0.038575705 0.066092953 0.963594139
1413393929505760512.000000 1.532780409 1.665908098 1.114622593 -0.273138374 0.034636423 0.076275431 0.958320320
1413393929555760384.000000 1.544445395 1.610668182 1.112167835 -0.290196955 0.030882154 0.086194873 0.952576816
1413393929605760512.000000 1.555439591 1.554001451 1.107269526 -0.308222860 0.027906479 0.094254322 0.946222007
1413393929655760384.000000 1.567570686 1.497075915 1.103253484 -0.326623857 0.024697874 0.101658970 0.939346790
1413393929705760512.000000 1.579292059 1.439294457 1.098018885 -0.344435602 0.023300227 0.108696222 0.932205081
1413393929755760384.000000 1.593993068 1.366613150 1.093620658 -0.361548543 0.022359850 0.117101945 0.924699903
1413393929805760512.000000 1.606404305 1.308162570 1.088718772 -0.377294183 0.022934435 0.128503174 0.916847885
1413393929855760384.000000 1.618774891 1.249864459 1.084797025 -0.391354650 0.025214104 0.143337414 0.908658445
1413393929905760512.000000 1.631439090 1.191666722 1.079653144 -0.403833061 0.030343797 0.160374641 0.900154531
1413393929955760384.000000 1.644324303 1.134120226 1.074844122 -0.415468872 0.035156466 0.176908016 0.891545475
1413393930005760512.000000 1.656453967 1.077686548 1.068301678 -0.427151740 0.039492160 0.191549405 0.882774413
1413393930055760384.000000 1.663884759 1.015074134 1.062528253 -0.438528359 0.043342952 0.204813808 0.873994052
1413393930105760512.000000 1.671909809 0.961777210 1.054759860 -0.449311286 0.045898765 0.215619579 0.865748703
1413393930155760384.000000 1.676753879 0.910889030 1.047104359 -0.459217519 0.047943052 0.222507045 0.858668387
1413393930205760512.000000 1.679879904 0.861972213 1.038061380 -0.467630297 0.049509194 0.227450326 0.852723300
1413393930255760384.000000 1.679333448 0.813467205 1.028631926 -0.475010186 0.049013563 0.228725955 0.848320425
1413393930305760512.000000 1.676872253 0.768117905 1.018100977 -0.482055694 0.046965085 0.226766855 0.844981313
1413393930355760384.000000 1.667378187 0.721702278 1.007926822 -0.490610003 0.040098533 0.216925249 0.842993081
1413393930405760512.000000 1.659577608 0.678612590 0.996380150 -0.497235686 0.032750577 0.207212329 0.841871202
1413393930455760384.000000 1.644395113 0.635853708 0.986469626 -0.502944410 0.025098195 0.197251558 0.841135502
1413393930505760512.000000 1.628152847 0.594639719 0.977355242 -0.507054329 0.019007113 0.189407825 0.840630293
1413393930555760384.000000 1.602276325 0.553273082 0.971936107 -0.508655250 0.017557900 0.185525492 0.840560436
1413393930605760512.000000 1.575548172 0.512233734 0.967433333 -0.508206606 0.020563582 0.185786769 0.840705991
1413393930655760384.000000 1.538943529 0.472796023 0.966939628 -0.506496429 0.025863783 0.187348902 0.841244817
1413393930705760512.000000 1.502418399 0.432713568 0.966095805 -0.504486203 0.032100156 0.189276740 0.841806173
1413393930755760384.000000 1.459187627 0.394408643 0.967736304 -0.502194285 0.039041728 0.190758422 0.842548490
1413393930805760512.000000 1.419943452 0.355965048 0.967098773 -0.500174046 0.044223607 0.190677851 0.843511879
1413393930855760384.000000 1.377521753 0.318855226 0.967054725 -0.497905016 0.048189484 0.191121459 0.844536006
1413393930905760512.000000 1.341371059 0.281177491 0.962727427 -0.496433854 0.048602782 0.190491706 0.845520079
1413393930955760384.000000 1.303832650 0.244587094 0.957828104 -0.494538307 0.046151325 0.188928872 0.847117424
1413393931005760512.000000 1.273957372 0.207656413 0.948638916 -0.492289662 0.045462187 0.189544097 0.848326147
1413393931055760384.000000 1.243956208 0.171744376 0.938072562 -0.491200268 0.042501587 0.188686848 0.849301577
1413393931105760512.000000 1.221621275 0.135694057 0.924215436 -0.489025027 0.042760011 0.189353049 0.850394964
1413393931155760384.000000 1.198659301 0.100266397 0.908225775 -0.487172037 0.039963465 0.190939888 0.851239324
1413393931205760512.000000 1.181849718 0.065291822 0.890163541 -0.485575736 0.037331503 0.192832768 0.851844013
1413393931255760384.000000 1.165790439 0.031086504 0.871589482 -0.482771039 0.035432301 0.195920080 0.852814198
1413393931305760512.000000 1.148699641 -0.002342463 0.852585793 -0.480512887 0.034092620 0.199562833 0.853299379
1413393931355760384.000000 1.129229307 -0.034902275 0.833880723 -0.478116602 0.033906315 0.203577802 0.853704274
1413393931405760512.000000 1.109528899 -0.066162944 0.815980792 -0.474830538 0.034064136 0.209156945 0.854183257
1413393931455760384.000000 1.090494990 -0.096100986 0.797472715 -0.472709596 0.035269909 0.213924512 0.854130030
1413393931505760512.000000 1.063970327 -0.124693751 0.778668284 -0.470157057 0.036744475 0.218278691 0.854375064
1413393931555760384.000000 1.033865213 -0.152910650 0.759172320 -0.468261629 0.037878368 0.220849454 0.854705751
1413393931605760512.000000 0.994948030 -0.179402292 0.739778757 -0.466051787 0.037668779 0.223155409 0.855323613
1413393931655760384.000000 0.942403734 -0.198544025 0.711690187 -0.464312345 0.039089169 0.223140180 0.856209457
1413393931705760512.000000 0.921980560 -0.226663053 0.698392928 -0.464349300 0.038655151 0.223512605 0.856111944
1413393931755760384.000000 0.882501721 -0.246979296 0.676998377 -0.463484138 0.038597945 0.222802490 0.856768250
1413393931805760512.000000 0.841194332 -0.264783323 0.654807568 -0.463258415 0.038110286 0.221723229 0.857191980
1413393931855760384.000000 0.798174918 -0.280794233 0.631490350 -0.463052452 0.037339076 0.220547542 0.857640386
1413393931905760512.000000 0.739439249 -0.287948996 0.601127982 -0.461986452 0.037117288 0.219366416 0.858527422
1413393931955760384.000000 0.698048174 -0.299094558 0.575046539 -0.462050796 0.036671594 0.217655152 0.858947337
1413393932005760512.000000 0.643845797 -0.297073066 0.533458114 -0.461967140 0.035666075 0.215666071 0.859536171
1413393932055760384.000000 0.605390728 -0.302691907 0.505008698 -0.462532699 0.032869332 0.212703899 0.860081553
1413393932105760512.000000 0.568168819 -0.306429952 0.475197047 -0.463476002 0.029360916 0.209251150 0.860547483
1413393932155760384.000000 0.531974733 -0.308634222 0.444172651 -0.465209186 0.024443191 0.204101995 0.861002564
1413393932205760512.000000 0.496443868 -0.309109986 0.412270695 -0.467552453 0.019371577 0.197964400 0.861295283
1413393932255760384.000000 0.462360919 -0.308101118 0.379992604 -0.470490307 0.013907666 0.190190986 0.861552656
1413393932305760512.000000 0.450080097 -0.304656446 0.369047940 0.473473668 -0.008412368 -0.184038639 -0.861325562
1413393932355760384.000000 0.397712767 -0.303509802 0.316354781 -0.475435019 0.004517520 0.178310439 0.861479342
1413393932405760512.000000 0.388241649 -0.298535198 0.307287008 0.477725983 -0.000803177 -0.174985945 -0.860904872
1413393932455760384.000000 0.358762413 -0.294445872 0.278127670 0.479546249 0.002305035 -0.172088727 -0.860474110
1413393932505760512.000000 0.309813231 -0.290841371 0.229430407 -0.480867684 -0.004083569 0.169647321 0.860214770
1413393932555760384.000000 0.282750309 -0.285569608 0.203439504 -0.482774884 -0.004853042 0.166988745 0.859662592
1413393932605760512.000000 0.278253078 -0.278618872 0.199373543 0.485388905 0.003594663 -0.164649308 -0.858647346
1413393932655760384.000000 0.234243184 -0.274301827 0.155265644 -0.486987621 -0.000433554 0.162020922 0.858249485
1413393932705760512.000000 0.233409390 -0.267705023 0.154728726 0.489094228 -0.001614684 -0.161027446 -0.857236564
1413393932755760384.000000 0.192426875 -0.263590753 0.112953842 -0.490203887 0.004527868 0.160021871 0.856780410
1413393932805760512.000000 0.173377469 -0.258106947 0.092970140 -0.492032349 0.007010748 0.158758104 0.855950296
1413393932855760384.000000 0.156281635 -0.253155142 0.074218974 -0.494078875 0.006916702 0.156659424 0.855158508
1413393932905760512.000000 0.141068920 -0.249706477 0.056333598 -0.496374637 0.007572049 0.154151171 0.854278803
1413393932955760384.000000 0.127723813 -0.246986449 0.039517496 -0.499166787 0.012903858 0.149850726 0.853352726
1413393933005760512.000000 0.136322305 -0.245100260 0.043757059 0.501990736 -0.021670703 -0.143975019 -0.852529764
1413393933055760384.000000 0.126535028 -0.244599685 0.029322632 0.503347397 -0.029959725 -0.138072848 -0.852455199
1413393933105760512.000000 0.117463842 -0.245446712 0.015840188 0.504274368 -0.039300155 -0.132598400 -0.852397025
1413393933155760384.000000 0.086993672 -0.250282109 -0.017762542 -0.503805399 0.046385966 0.130512089 0.852640092
1413393933205760512.000000 0.079401024 -0.254928678 -0.031140529 -0.503104448 0.052092310 0.131590739 0.852558613
1413393933255760384.000000 0.072145626 -0.263250947 -0.045253441 -0.500583887 0.057099164 0.137111038 0.852851689
1413393933305760512.000000 0.061139621 0.073615149 -0.126512542 0.487751991 -0.062740199 -0.163709193 -0.855196536
1413393933355760384.000000 0.054896817 0.059673935 -0.140753701 0.484226495 -0.068123989 -0.172416672 -0.855076849
1413393933405760512.000000 0.048853643 0.044173658 -0.157408595 0.479788452 -0.072482198 -0.183725908 -0.854865074
1413393933455760384.000000 0.042992298 0.026980840 -0.176509514 0.474904060 -0.073535360 -0.197116867 -0.854519606
1413393933505760512.000000 0.062383227 -0.338605732 -0.108939096 0.479380399 -0.073160484 -0.194090083 -0.852743328
1413393933555760384.000000 0.029202554 -0.005467407 -0.219571516 0.463779390 -0.069438793 -0.225131199 -0.854050934
1413393933605760512.000000 0.022596188 -0.370137751 -0.176076829 -0.470306069 0.067100644 0.217730835 0.852586150
1413393933655760384.000000 0.008880168 -0.384795964 -0.201330930 -0.469477296 0.062504441 0.222261906 0.852223039
1413393933705760512.000000 -0.007190160 -0.399506390 -0.230259150 -0.471039057 0.055551715 0.220180258 0.852383077
1413393933755760384.000000 -0.028148402 -0.062159695 -0.329976797 0.464632779 -0.045446564 -0.230450377 -0.853781998
1413393933805760512.000000 -0.042179577 -0.425650030 -0.293553293 -0.479330033 0.038168624 0.204136103 0.852710068
1413393933855760384.000000 -0.068353027 -0.087366849 -0.392575383 0.471832275 -0.029470420 -0.215108678 -0.854537368
1413393933905760512.000000 -0.091081373 -0.098924287 -0.423606098 0.474179268 -0.024862014 -0.210073456 -0.854637384
1413393933955760384.000000 -0.112844862 -0.110198595 -0.454636276 0.476991773 -0.023229890 -0.203983411 -0.854593575
1413393934005760512.000000 -0.131893381 -0.120527200 -0.486142814 0.481099457 -0.027722249 -0.192519650 -0.854816377
1413393934055760384.000000 -0.147625655 -0.131401777 -0.520507932 0.485351801 -0.032876838 -0.181631386 -0.854612708
1413393934105760512.000000 -0.160414100 -0.143289447 -0.554330707 0.488296300 -0.038842432 -0.172196463 -0.854638219
1413393934155760384.000000 -0.170270249 -0.157866091 -0.590183735 0.490054756 -0.040644996 -0.166209802 -0.854733169
1413393934205760512.000000 -0.176982105 -0.174255818 -0.626111686 0.491018832 -0.041694123 -0.162486613 -0.854845226
1413393934255760384.000000 -0.184345722 -0.193792701 -0.662133932 0.489081740 -0.041706592 -0.164900646 -0.855492473
1413393934305760512.000000 -0.191537142 -0.214048654 -0.697039723 0.486532956 -0.041323703 -0.169336438 -0.856097639
1413393934355760384.000000 -0.202578127 -0.235511526 -0.731030703 0.482461244 -0.039241966 -0.178058818 -0.856729984
1413393934405760512.000000 -0.216384709 -0.259173095 -0.763214111 0.477763742 -0.037338674 -0.188480213 -0.857218146
1413393934455760384.000000 -0.232050866 -0.284758210 -0.795147538 0.473782837 -0.035761725 -0.197583705 -0.857444823
1413393934505760512.000000 -0.252261519 -0.309308887 -0.825092614 0.470197171 -0.034702986 -0.205888569 -0.857508183
1413393934555760384.000000 -0.275024235 -0.334103733 -0.855905771 0.466676533 -0.034715477 -0.213776886 -0.857500672
1413393934605760512.000000 -0.300068706 -0.357184768 -0.885787129 0.463971257 -0.035329744 -0.220445544 -0.857255101
1413393934655760384.000000 -0.327586710 -0.379533529 -0.915487528 0.461148709 -0.038045269 -0.227560714 -0.856802523
1413393934705760512.000000 -0.356295049 -0.401792049 -0.946584523 0.458464950 -0.040823549 -0.234048381 -0.856367230
1413393934755760384.000000 -0.387849152 -0.421946287 -0.976580501 0.452736795 -0.043870777 -0.243339673 -0.856674135
1413393934805760512.000000 -0.422093391 -0.439594418 -1.007385969 0.444437325 -0.046338379 -0.254020870 -0.857788861
1413393934855760384.000000 -0.457725227 -0.453977913 -1.038226485 0.434586465 -0.045925029 -0.262020826 -0.860447884
1413393934905760512.000000 -0.495590150 -0.470029622 -1.070844054 0.423539937 -0.041106600 -0.266753227 -0.864735246
1413393934955760384.000000 -0.534772456 -0.480778396 -1.106182218 0.412870765 -0.031497899 -0.264816880 -0.870871782
1413393935005760512.000000 -0.575215459 -0.490360498 -1.143334627 0.404280394 -0.018241428 -0.251769572 -0.879111350
1413393935055760384.000000 -0.617590725 -0.496199876 -1.182151914 0.395815611 -0.002524831 -0.232045621 -0.888526082
1413393935105760512.000000 -0.660871625 -0.498587608 -1.220023155 0.385492682 0.011292126 -0.211801901 -0.898002148
1413393935155760384.000000 -0.702995420 -0.495287597 -1.257567406 0.372596562 0.021971164 -0.193651929 -0.907297134
1413393935205760512.000000 -0.739313602 -0.492360890 -1.294467926 0.357233614 0.029947547 -0.177870959 -0.916432917
1413393935255760384.000000 -0.769637764 -0.488687932 -1.331605792 0.340041161 0.034813605 -0.165050730 -0.925158501
1413393935305760512.000000 -0.794672251 -0.482554078 -1.367011547 0.321861595 0.037949920 -0.154245257 -0.933366716
1413393935355760384.000000 -0.815475464 -0.472673893 -1.400155306 0.302888036 0.038354117 -0.146341160 -0.940942168
1413393935405760512.000000 -0.829790890 -0.463139236 -1.434896708 0.284675658 0.038067244 -0.134776816 -0.948338509
1413393935455760384.000000 -0.840903521 -0.450195938 -1.466520429 0.266928077 0.036774509 -0.122141086 -0.955237508
1413393935505760512.000000 -0.847260833 -0.437953234 -1.498904347 0.249606609 0.034060355 -0.107829936 -0.961722016
1413393935555760384.000000 -0.849256635 -0.424767047 -1.528195143 0.231815130 0.033560030 -0.094421044 -0.967584670
1413393935605760512.000000 -0.846209228 -0.409724176 -1.555040717 0.216759369 0.033696745 -0.078344785 -0.972492695
1413393935655760384.000000 -0.842182636 -0.395925462 -1.579551101 0.203938916 0.035630047 -0.063568719 -0.976267636
1413393935705760512.000000 -0.836179137 -0.381277919 -1.601534009 0.194077507 0.036916286 -0.046319842 -0.979196489
1413393935755760384.000000 -0.829879344 -0.370312333 -1.624370813 0.186156020 0.037834730 -0.029519321 -0.981347620
1413393935805760512.000000 -0.821954489 -0.360692143 -1.643461347 0.179401234 0.037781753 -0.010954357 -0.982989252
1413393935855760384.000000 -0.813110650 -0.354526967 -1.660830975 0.172227085 0.036510069 0.007036093 -0.984355330
1413393935905760512.000000 -0.802568078 -0.352345586 -1.674988270 0.162653342 0.034344856 0.018929951 -0.985903680
1413393935955760384.000000 -0.791538477 -0.356628776 -1.686848283 0.147340432 0.030213602 0.016656131 -0.988483965
1413393936005760512.000000 -0.778916419 -0.364508599 -1.693508029 0.128027380 0.024465900 0.007826541 -0.991437912
1413393936055760384.000000 -0.765406907 -0.375086278 -1.700991869 0.107132375 0.019256648 -0.001073385 -0.994057775
1413393936105760512.000000 -0.750923097 -0.391295552 -1.708553791 0.084021121 0.013243697 -0.010358298 -0.996322155
1413393936155760384.000000 -0.736196101 -0.409553885 -1.714370251 0.059728555 0.007442616 -0.019116163 -0.998003900
1413393936205760512.000000 -0.719576955 -0.425851554 -1.716177821 0.033834349 0.003802177 -0.028240118 -0.999021232
1413393936255760384.000000 -0.703510702 -0.443583518 -1.717517376 0.008158104 0.001429963 -0.033971991 -0.999388516
1413393936305760512.000000 -0.685944855 -0.460656345 -1.720966101 -0.017560281 0.000831093 -0.037650418 -0.999136329
1413393936355760384.000000 -0.669618309 -0.475878537 -1.723368287 -0.043151781 0.000993626 -0.038134485 -0.998339951
1413393936405760512.000000 -0.653139472 -0.490049452 -1.726772428 0.067414172 -0.000886283 0.035602055 0.997089326
1413393936455760384.000000 -0.635778427 -0.501548409 -1.730217338 0.090282999 -0.000454534 0.029543852 0.995477796
1413393936505760512.000000 -0.614690244 -0.506063282 -1.741163373 0.111357145 0.004071668 0.017867098 0.993611515
1413393936555760384.000000 -0.594096482 -0.511183560 -1.742887616 0.131055474 0.010761325 0.004688674 0.991305530
1413393936605760512.000000 -0.574546933 -0.514040411 -1.748334885 0.149928898 0.019846067 -0.007544554 0.988468766
1413393936655760384.000000 -0.555310428 -0.515169144 -1.754618764 0.168158293 0.030861910 -0.018275097 0.985107303
1413393936705760512.000000 -0.535727680 -0.514062166 -1.761008859 0.185157925 0.041784167 -0.027667912 0.981430173
1413393936755760384.000000 -0.516479373 -0.512213588 -1.770100474 0.201529086 0.050330341 -0.035794444 0.977533519
1413393936805760512.000000 -0.498450667 -0.508063078 -1.781687021 0.217175111 0.057018567 -0.043889262 0.973477125
1413393936855760384.000000 -0.480247766 -0.500646114 -1.796523094 0.232900932 0.062449593 -0.052103672 0.969093621
1413393936905760512.000000 -0.461037278 -0.491480440 -1.815051556 0.248207390 0.068365388 -0.061349362 0.964341998
1413393936955760384.000000 -0.443370402 -0.481215239 -1.834056258 0.264317274 0.072298311 -0.070632294 0.959124863
1413393937005760512.000000 -0.427345812 -0.470169246 -1.856845379 0.279987782 0.078042872 -0.081822522 0.953321159
1413393937055760384.000000 -0.413519859 -0.456465870 -1.883625984 0.296203196 0.082416788 -0.092827722 0.947023869
1413393937105760512.000000 -0.399519444 -0.440987438 -1.917845845 0.312905788 0.085751042 -0.102771558 0.940305650
1413393937155760384.000000 -0.387356192 -0.424003303 -1.954729319 0.329713494 0.088119343 -0.111089319 0.933371961
1413393937205760512.000000 -0.376381904 -0.405192375 -1.996281743 0.346824795 0.090619959 -0.118442580 0.925997794
1413393937255760384.000000 -0.366696149 -0.384536147 -2.042232990 0.363100529 0.091591522 -0.125327870 0.918728471
1413393937305760512.000000 -0.358062536 -0.361962318 -2.092755795 0.379147530 0.091764212 -0.130635858 0.911460817
1413393937355760384.000000 -0.350754917 -0.337162316 -2.147388935 0.393427253 0.090383790 -0.136327252 0.904688179
1413393937405760512.000000 -0.344640404 -0.310044706 -2.205840111 0.405324250 0.088646017 -0.140730679 0.898915529
1413393937455760384.000000 -0.341379553 -0.280422688 -2.267131090 0.414584577 0.083191223 -0.146062613 0.894351542
1413393937505760512.000000 -0.343409091 -0.248623133 -2.329834223 0.421357065 0.071315549 -0.151636064 0.891279340
1413393937555760384.000000 -0.351044714 -0.215190589 -2.393366575 0.427601516 0.058373611 -0.153436869 0.888935685
1413393937605760512.000000 -0.364780009 -0.180480719 -2.456843376 0.432274163 0.047087416 -0.154529274 0.887154222
1413393937655760384.000000 -0.383879244 -0.144837916 -2.520090580 0.436674297 0.035503130 -0.153538808 0.885709345
1413393937705760512.000000 -0.406662434 -0.107693851 -2.583549023 0.439212561 0.024720484 -0.153354198 0.884852409
1413393937755760384.000000 -0.431084961 -0.069526076 -2.647470951 0.440097481 0.013853698 -0.154913783 0.884377837
1413393937805760512.000000 -0.455002248 -0.030857682 -2.712218523 0.440486521 0.003470993 -0.156276926 0.884045959
1413393937855760384.000000 -0.477535605 0.008011520 -2.777486324 0.440356612 -0.004773945 -0.156480908 0.884068429
1413393937905760512.000000 -0.497161269 0.046617627 -2.843381643 0.439727187 -0.006158288 -0.157860294 0.884128034
1413393937955760384.000000 -0.515317738 0.085674882 -2.909899950 0.438933015 -0.000582065 -0.159683973 0.884216309
1413393938005760512.000000 -0.532489777 0.124469161 -2.976902246 0.437114775 0.006293928 -0.162432149 0.884594202
1413393938055760384.000000 -0.549000263 0.163241446 -3.044919491 0.434725195 0.015599529 -0.167131677 0.884781182
1413393938105760512.000000 -0.564995885 0.201756656 -3.114625931 0.432390392 0.027758084 -0.173731461 0.884355962
1413393938155760384.000000 -0.580475569 0.240018964 -3.186777115 0.430563956 0.042928584 -0.181997582 0.882977247
1413393938205760512.000000 -0.596223354 0.277853251 -3.262170792 0.430229872 0.059063606 -0.191553101 0.880182505
1413393938255760384.000000 -0.613203585 0.315353334 -3.341434717 0.431948185 0.072418749 -0.199205041 0.876637697
1413393938305760512.000000 -0.631776571 0.352634013 -3.425203800 0.436656535 0.080668174 -0.202573657 0.872804523
1413393938355760384.000000 -0.651977479 0.389807224 -3.513906002 0.445375383 0.083966717 -0.200546995 0.868545532
1413393938405760512.000000 -0.673946023 0.427155852 -3.607293606 0.457076520 0.082016304 -0.194627151 0.863987625
1413393938455760384.000000 -0.697535872 0.465315700 -3.705146790 0.472022027 0.075904787 -0.184381068 0.858741701
1413393938505760512.000000 -0.722597837 0.504806876 -3.806650877 0.486964703 0.068581879 -0.176659197 0.852615714
1413393938555760384.000000 -0.748955429 0.546075344 -3.911060810 0.501127243 0.061521053 -0.171416864 0.845992327
1413393938605760512.000000 -0.777566791 0.589042425 -4.017196655 0.514821351 0.055675890 -0.168750301 0.838679075
1413393938655760384.000000 -0.809844136 0.634544849 -4.124081135 0.527934194 0.049072012 -0.167379484 0.831180871
1413393938705760512.000000 -0.846138954 0.682562947 -4.231060505 0.539764524 0.041939467 -0.167612836 0.823894024
1413393938755760384.000000 -0.885410845 0.733313322 -4.338267326 0.551501989 0.037991617 -0.167706206 0.816257894
1413393938805760512.000000 -0.927256346 0.787381649 -4.445606709 0.562655687 0.038273659 -0.168477863 0.808436155
1413393938855760384.000000 -0.970090508 0.844439268 -4.553555965 0.572567523 0.042422652 -0.171385109 0.800621033
1413393938905760512.000000 -1.013470888 0.904422045 -4.662363052 0.581966639 0.045615602 -0.175564229 0.792723954
1413393938955760384.000000 -1.056883097 0.967630625 -4.772191525 0.590732396 0.047636889 -0.180942431 0.784873128
1413393939005760512.000000 -1.100246310 1.033934116 -4.883226395 0.599408686 0.047939621 -0.186373949 0.776965797
1413393939055760384.000000 -1.142483354 1.103312492 -4.995737076 0.607595563 0.050311420 -0.190687239 0.769372940
1413393939105760512.000000 -1.182108283 1.175544977 -5.110676765 0.618455052 0.060799498 -0.186853290 0.760856569
1413393939155760384.000000 -1.221165299 1.251333714 -5.227193832 0.629278243 0.072257251 -0.182234958 0.752049387
1413393939205760512.000000 -1.262325406 1.331166744 -5.344373703 0.637625396 0.074350253 -0.183719426 0.744414687
1413393939255760384.000000 -1.305801749 1.415612936 -5.461773396 0.642240524 0.068311878 -0.192112625 0.738886535
1413393939305760512.000000 -1.351011992 1.504197121 -5.579377174 0.644050062 0.055586364 -0.204353213 0.735084653
1413393939355760384.000000 -1.398469448 1.596727610 -5.696926594 0.642399549 0.036398653 -0.222043097 0.732594669
1413393939405760512.000000 -1.448381186 1.691574097 -5.814507484 0.639053822 0.009829061 -0.239582568 0.730830908
1413393939455760384.000000 -1.500717044 1.787366152 -5.931793690 0.634391367 -0.020089252 -0.255696714 0.729220986
1413393939505760512.000000 -1.554883003 1.882495880 -6.048675060 0.628912210 -0.050214611 -0.268508166 0.727908850
1413393939555760384.000000 -1.610240579 1.975353003 -6.164818764 -0.623581886 0.077018283 0.277991533 -0.726591051
1413393939605760512.000000 -1.666395903 2.064929485 -6.279538155 -0.617757738 0.099794470 0.285695523 -0.725806177
1413393939655760384.000000 -1.722805500 2.149891615 -6.392712593 -0.611853123 0.118505336 0.292575508 -0.725252986
1413393939705760512.000000 -1.777949095 2.228668213 -6.504050255 -0.606084704 0.126068264 0.301419854 -0.725199461
1413393939755760384.000000 -1.831439495 2.300289631 -6.613757133 -0.602830231 0.123026952 0.307046950 -0.726073205
1413393939805760512.000000 -1.882603168 2.364378452 -6.722572327 -0.604225934 0.106832631 0.305023789 -0.728325725
1413393939855760384.000000 -1.931065559 2.421301126 -6.831215858 -0.611141145 0.078918442 0.290642589 -0.731987238
1413393939905760512.000000 -1.976719499 2.473711729 -6.940233231 0.621467531 -0.043985337 -0.264900327 0.735983253
1413393939955760384.000000 -2.020176888 2.524469852 -7.050148010 0.632618010 -0.004357598 -0.234142289 0.738209248
1413393940005760512.000000 -2.063383579 2.576788664 -7.160739899 0.642331779 0.031784069 -0.202891648 0.738400102
1413393940055760384.000000 -2.106360197 2.632439137 -7.272282600 0.651605904 0.061978575 -0.170016766 0.736656427
1413393940105760512.000000 -2.149827480 2.693696022 -7.384340286 0.658746362 0.086274907 -0.141741350 0.733838797
1413393940155760384.000000 -2.194412231 2.762614727 -7.496423721 0.664860904 0.101599246 -0.117680520 0.730608582
1413393940205760512.000000 -2.238973141 2.841653824 -7.608753204 0.669094086 0.114237346 -0.099827811 0.727528334
1413393940255760384.000000 -2.284993649 2.929668903 -7.720634937 0.671263456 0.117780760 -0.091189250 0.726097524
1413393940305760512.000000 -2.332126856 3.026909351 -7.831851482 0.670637310 0.109696291 -0.095888026 0.727336109
1413393940355760384.000000 -2.380501270 3.134413242 -7.942320347 0.666222632 0.092866309 -0.114867680 0.730977952
1413393940405760512.000000 -2.428349257 3.250783443 -8.052353859 0.658889115 0.070440881 -0.140995830 0.735543013
1413393940455760384.000000 -2.476724625 3.374226570 -8.161723137 0.649872839 0.041183747 -0.169245541 0.739814281
1413393940505760512.000000 -2.525986671 3.502379417 -8.270328522 0.638688445 0.005276429 -0.199773252 0.743061185
1413393940555760384.000000 -2.574433327 3.632989883 -8.379079819 0.627870440 -0.032066070 -0.224463314 0.744558096
1413393940605760512.000000 -2.620810270 3.763298512 -8.487897873 0.618132591 -0.065609172 -0.241087928 0.745308161
1413393940655760384.000000 -2.664120436 3.890825510 -8.596258163 -0.610257924 0.091857955 0.251065224 -0.745730340
1413393940705760512.000000 -2.704456329 4.013660431 -8.703466415 -0.604780316 0.113432840 0.254240543 -0.746147096
1413393940755760384.000000 -2.741671562 4.131195068 -8.808876991 -0.601314425 0.131822348 0.250546336 -0.747174978
1413393940805760512.000000 -2.774133921 4.242119312 -8.911828995 -0.600796998 0.137853742 0.243165433 -0.748939276
1413393940855760384.000000 -2.800771713 4.346748352 -9.011746407 -0.603310943 0.124260306 0.234446838 -0.752070427
1413393940905760512.000000 -2.823450565 4.446671486 -9.108829498 0.606797576 -0.098822258 -0.227779433 0.755081058
1413393940955760384.000000 -2.843573332 4.543320656 -9.204166412 0.612118006 -0.067943551 -0.217651069 0.757181108
1413393941005760512.000000 -2.861739635 4.638482094 -9.298229218 0.618456244 -0.032902323 -0.203730717 0.758236945
1413393941055760384.000000 -2.878646374 4.734049797 -9.391941071 0.626053751 0.001748331 -0.183759153 0.757816792
1413393941105760512.000000 -2.895067692 4.831933498 -9.485590935 0.632768929 0.035158079 -0.164801151 0.755783081
1413393941155760384.000000 -2.912018061 4.933955193 -9.579350471 0.638744175 0.062209945 -0.147684917 0.752545655
1413393941205760512.000000 -2.930320501 5.041685581 -9.673412323 0.643289328 0.082877748 -0.134413049 0.749161720
1413393941255760384.000000 -2.950705290 5.155853271 -9.767584801 0.645722270 0.093591109 -0.129152954 0.746728241
1413393941305760512.000000 -2.974276066 5.276930332 -9.861596107 0.645420313 0.089528792 -0.136358291 0.746206284
1413393941355760384.000000 -2.999882221 5.404810429 -9.956103325 0.643553078 0.075482912 -0.150333002 0.746687174
1413393941405760512.000000 -3.027164459 5.538671494 -10.051263809 0.639943182 0.054714754 -0.169194683 0.747564197
1413393941455760384.000000 -3.055407047 5.677185059 -10.147262573 0.635018349 0.031140916 -0.189705238 0.748193741
1413393941505760512.000000 -3.084425211 5.819006443 -10.243568420 0.628308833 0.005031303 -0.212990209 0.748223186
1413393941555760384.000000 -3.113073826 5.962326527 -10.340582848 0.621169627 -0.019598924 -0.234425351 0.747535288
1413393941605760512.000000 -3.140903473 6.105351925 -10.438428879 0.614386261 -0.041541755 -0.252995163 0.746188521
1413393941655760384.000000 -3.167441845 6.246305466 -10.537022591 0.608732522 -0.058014371 -0.267477363 0.744670987
1413393941705760512.000000 -3.194091558 6.384212494 -10.635532379 0.603042424 -0.070752740 -0.278262645 0.744247198
1413393941755760384.000000 -3.222083092 6.518233299 -10.733466148 -0.596887827 0.080258280 0.287200272 -0.744848728
1413393941805760512.000000 -3.251631737 6.648001671 -10.830895424 -0.591681957 0.085652255 0.293553263 -0.745924056
1413393941855760384.000000 -3.281822205 6.772244453 -10.928272247 -0.589412630 0.083177298 0.293410063 -0.748054028
1413393941905760512.000000 -3.311803818 6.890832901 -11.026078224 -0.592150092 0.069891162 0.283659577 -0.751006544
1413393941955760384.000000 -3.341661215 7.005067348 -11.124425888 0.596807897 -0.050479263 -0.269216180 0.754184961
1413393942005760512.000000 -3.370806932 7.116123199 -11.223889351 0.603377759 -0.025488295 -0.249641508 0.756944418
1413393942055760384.000000 -3.398850203 7.225893021 -11.324855804 0.610775828 0.004576163 -0.226017058 0.758846760
1413393942105760512.000000 -3.426917076 7.336774349 -11.427211761 0.616923928 0.034606196 -0.202906802 0.759629011
