1403715548912143104.000000 0.012912722 -0.037876032 0.062727019 -0.001341376 0.000959806 0.002450956 0.999995649
1403715548962142976.000000 0.000923917 -0.004034737 0.004750759 -0.003067245 0.002980890 0.003435678 0.999984980
1403715549012143104.000000 0.002791905 -0.006548512 0.007216145 -0.003178658 0.000014862 0.003273792 0.999989629
1403715549062142976.000000 0.002128443 -0.007927739 0.010450734 0.002003441 0.007562099 0.000883206 0.999969065
1403715549112143104.000000 0.001425752 -0.008780494 0.014364197 0.010291371 0.017368568 0.000531210 0.999796093
1403715549162142976.000000 0.082117215 -0.233997837 0.370933831 0.015848616 0.018175511 -0.001317304 0.999708414
1403715549212143104.000000 0.002938293 -0.011749730 0.020792264 0.021470342 0.033182964 -0.003727047 0.999211788
1403715549262142976.000000 0.082987390 -0.236873731 0.377014488 0.027504776 0.037227578 -0.004362382 0.998918772
1403715549312143104.000000 0.083001174 -0.238103777 0.379473448 0.033722267 0.046844695 -0.006616709 0.998310924
1403715549362142976.000000 0.082859747 -0.238395154 0.382906109 0.045102209 0.052566346 -0.002400619 0.997595549
1403715549412143104.000000 0.154203817 -0.431606084 0.644611955 0.041448552 0.047187548 0.004176594 0.998017013
1403715549462142976.000000 0.153909042 -0.432524145 0.647724748 0.049301781 0.045341607 0.010858097 0.997695148
1403715549512143104.000000 0.153322980 -0.433207870 0.650862336 0.057107028 0.043254357 0.016670167 0.997291327
1403715549562142976.000000 0.153283253 -0.433745593 0.654017687 0.065445177 0.034867112 0.022061622 0.997002840
1403715549612143104.000000 0.152544916 -0.434569985 0.656687200 0.070329428 0.029858755 0.028417917 0.996671855
1403715549662142976.000000 0.201180875 -0.605981648 0.868372858 0.061501343 0.018300783 0.035742689 0.997298956
1403715549712143104.000000 0.200505570 -0.606214046 0.870383978 0.063135885 0.014617464 0.043492161 0.996949673
1403715549762142976.000000 0.199303865 -0.606919885 0.871458590 0.059555478 0.016606210 0.051458918 0.996759474
1403715549812143104.000000 0.198567823 -0.607157290 0.872288108 0.055199806 0.018825782 0.058519565 0.996581256
1403715549862142976.000000 0.197365761 -0.607530296 0.872853160 0.047478944 0.023534551 0.066698179 0.996365011
1403715549912143104.000000 0.248570502 -0.710307300 1.065631032 0.029716374 0.017573325 0.076977126 0.996434987
1403715549962142976.000000 0.246808410 -0.709950984 1.066097140 0.022377614 0.020666484 0.089622661 0.995509923
1403715550012143104.000000 0.245418027 -0.710129082 1.066037536 0.009819660 0.020113949 0.103506520 0.994376898
1403715550062142976.000000 0.191488907 -0.607529223 0.873198032 0.006156967 0.026485231 0.115919784 0.992886305
1403715550112143104.000000 0.191444665 -0.607545078 0.872344792 -0.010893024 0.022408579 0.121975362 0.992220342
1403715550162142976.000000 0.302871197 -0.712823391 1.237260461 -0.046688896 0.009762080 0.122945525 0.991266489
1403715550212143104.000000 0.303224742 -0.712950945 1.235860109 -0.067266919 0.008727217 0.124627419 0.989882410
1403715550262142976.000000 0.303875417 -0.712981761 1.234670639 -0.086588196 0.006638554 0.124704212 0.988386273
1403715550312143104.000000 0.304532021 -0.712762117 1.233254433 -0.105626687 0.004912540 0.125918776 0.986389041
1403715550362142976.000000 0.304916650 -0.712129772 1.231809020 -0.123073503 0.006767667 0.128439009 0.984027803
1403715550412143104.000000 0.407722741 -0.601688445 1.357851863 -0.145307019 0.002483390 0.128777876 0.980966866
1403715550462142976.000000 0.408854902 -0.601429760 1.356282473 -0.165487528 0.004223442 0.127629369 0.977909446
1403715550512143104.000000 0.410262585 -0.601508677 1.354699016 -0.186821356 0.004533102 0.127758518 0.974040627
1403715550562142976.000000 0.410132527 -0.601598918 1.353175044 -0.206761837 0.009003232 0.129811466 0.969699681
1403715550612143104.000000 0.410448134 -0.601001620 1.351989031 -0.224867120 0.009999796 0.136565983 0.964719951
1403715550662142976.000000 0.525535583 -0.422639966 1.452434301 -0.241110712 0.007477887 0.146958500 0.959277332
1403715550712143104.000000 0.524716616 -0.422457397 1.451231837 -0.258943290 0.011541408 0.156478509 0.953063309
1403715550762142976.000000 0.523783684 -0.422061622 1.450427055 -0.273799956 0.014255383 0.168307066 0.946838498
1403715550812143104.000000 0.522360742 -0.421791017 1.449870586 -0.290034115 0.017740065 0.181929141 0.939397395
1403715550862142976.000000 0.520706296 -0.421772301 1.448914051 -0.304982394 0.022976963 0.193273187 0.932257116
1403715550912143104.000000 0.566219091 -0.211656779 1.552645802 -0.317503870 0.021267980 0.207059592 0.925129890
1403715550962142976.000000 0.565592825 -0.163823128 1.570825815 -0.332722843 0.024046905 0.217531979 0.917277038
1403715551012143104.000000 0.562452495 -0.163058609 1.568707943 -0.347971976 0.026693910 0.225072980 0.909695089
1403715551062142976.000000 0.564049482 -0.059751689 1.599206924 -0.366363168 0.025922241 0.228486598 0.901609659
1403715551112143104.000000 0.566106081 -0.003356576 1.607442617 -0.384178370 0.026604995 0.230916888 0.893519282
1403715551162142976.000000 0.570312679 0.055569828 1.611637115 -0.401738226 0.027219079 0.233409613 0.885090709
1403715551212143104.000000 0.576532841 0.116841555 1.612240553 -0.417737305 0.029036289 0.239075333 0.876068175
1403715551262142976.000000 0.575831771 0.126043797 1.606651902 -0.432990640 0.034029204 0.244699776 0.866881311
1403715551312143104.000000 0.593318939 0.245782226 1.602945328 -0.448315769 0.036491834 0.254334688 0.856151462
1403715551362142976.000000 0.592302382 0.254971623 1.596035480 -0.462624222 0.040792011 0.262323380 0.845873117
1403715551412143104.000000 0.607609332 0.381108969 1.580824375 -0.478094995 0.043323144 0.270993203 0.834332705
1403715551462142976.000000 0.606224835 0.390509486 1.573045015 0.493473679 -0.048193667 -0.276200593 -0.823331356
1403715551512143104.000000 0.616747200 0.521807790 1.546149254 -0.510002732 0.049752295 0.281383812 0.811323106
1403715551562142976.000000 0.615277350 0.531225562 1.536844611 0.527192950 -0.053216081 -0.281561315 -0.799974382
1403715551612143104.000000 0.620511889 0.666645646 1.497125745 -0.545825601 0.052155521 0.280596316 0.787794411
1403715551662142976.000000 0.619056702 0.675508559 1.486147285 0.564689159 -0.054452837 -0.274767488 -0.776314378
1403715551712143104.000000 0.620681465 0.812382817 1.434221029 -0.584212303 0.055923019 0.270062059 0.763305426
1403715551762142976.000000 0.618365467 0.819981635 1.421836138 0.601705372 -0.059118982 -0.265445292 -0.750995696
1403715551812143104.000000 0.616225541 0.953992903 1.360692024 -0.619162023 0.063397840 0.263435125 0.737035334
1403715551862142976.000000 0.612482190 1.022149563 1.320566416 -0.635340333 0.069811717 0.261484712 0.723252952
1403715551912143104.000000 0.607776165 1.027801991 1.303299546 0.650803626 -0.079419255 -0.257965177 -0.709648728
1403715551962142976.000000 0.602096558 1.150704622 1.234420061 -0.667017519 0.082763113 0.255565256 0.694927633
1403715552012143104.000000 0.597385824 1.154529572 1.217079639 0.682667792 -0.083355159 -0.250574052 -0.681343794
1403715552062142976.000000 0.587537289 1.265552878 1.141554713 -0.698382378 0.075764932 0.248515114 0.666904807
1403715552112143104.000000 0.581870794 1.266385198 1.123207927 -0.711110294 0.072682977 0.248521671 0.653663754
1403715552162142976.000000 0.568426371 1.365208864 1.046213269 -0.724056423 0.066296309 0.250946134 0.639040887
1403715552212143104.000000 0.562183142 1.362650037 1.025445223 -0.736771226 0.065172598 0.249034971 0.625221789
1403715552262142976.000000 0.549325645 1.449677825 0.950206041 -0.751088798 0.062339496 0.246228397 0.609385788
1403715552312143104.000000 0.542547882 1.444662929 0.928669095 -0.764459252 0.063971102 0.241610989 0.594250619
1403715552362142976.000000 0.529323757 1.519307375 0.856230378 -0.777836680 0.062529281 0.240898982 0.577085674
1403715552412143104.000000 0.521907508 1.511428356 0.834486961 -0.790306091 0.061266366 0.240170106 0.560340166
1403715552462142976.000000 0.465188771 1.528380275 0.711406946 0.802424371 -0.060908664 -0.240230381 -0.542857885
1403715552512143104.000000 0.457256347 1.517609000 0.689591408 0.814179897 -0.062584847 -0.240883708 -0.524565816
1403715552562142976.000000 0.489269853 1.608056307 0.684894085 -0.826176167 0.062876724 0.246582046 0.502669752
1403715552612143104.000000 0.480633318 1.595937252 0.663794279 -0.837326050 0.067637108 0.247669369 0.482669950
1403715552662142976.000000 0.332001835 1.496780515 0.439247012 -0.846783698 0.076788709 0.246716663 0.464964390
1403715552712143104.000000 0.322887897 1.481028557 0.418680668 -0.856499374 0.081468590 0.251237124 0.443454325
1403715552762142976.000000 0.452147037 1.627179623 0.544476986 0.866736114 -0.078953691 -0.265186012 -0.414983422
1403715552812143104.000000 0.443335712 1.608163953 0.525733709 0.875473678 -0.081994206 -0.270571709 -0.391935945
1403715552862142976.000000 0.432858527 1.609455347 0.485985279 0.883504450 -0.082896337 -0.279211164 -0.366864055
1403715552912143104.000000 0.423685491 1.588506341 0.469410658 0.890049517 -0.087010965 -0.287012845 -0.343314230
1403715552962142976.000000 0.411564350 1.573089838 0.435324311 0.895024240 -0.090935573 -0.298708022 -0.318490207
1403715553012143104.000000 0.401854575 1.548264980 0.419318378 0.899471700 -0.097106375 -0.307440102 -0.294960320
1403715553062142976.000000 0.388160110 1.518401623 0.389913142 0.903457105 -0.102159411 -0.316808641 -0.270113021
1403715553112143104.000000 0.378246963 1.491316915 0.374540091 0.907850027 -0.105703972 -0.321920842 -0.246985883
1403715553162142976.000000 0.175406054 1.227208376 0.194788158 0.913763762 -0.108401641 -0.318669915 -0.227451965
1403715553212143104.000000 0.165674418 1.198212028 0.179905832 0.919816136 -0.108259946 -0.316585898 -0.204918116
1403715553262142976.000000 0.313814610 1.335680246 0.325504512 0.924552858 -0.108475156 -0.317112178 -0.181315005
1403715553312143104.000000 0.303847104 1.303414106 0.311149985 0.930876136 -0.108296156 -0.310450584 -0.159255028
1403715553362142976.000000 0.274673939 1.180916905 0.347895890 0.937861025 -0.111580044 -0.296706080 -0.141181275
1403715553412143104.000000 0.264547884 1.145219684 0.334245116 0.944965005 -0.106250279 -0.285690337 -0.118882626
1403715553462142976.000000 0.244303212 1.053288102 0.331457615 0.952594042 -0.096493810 -0.271740824 -0.097008020
1403715553512143104.000000 0.233934492 1.015550256 0.319662303 0.958830416 -0.087888382 -0.259424806 -0.074958883
1403715553562142976.000000 0.221432954 0.993300080 0.310604155 0.963460207 -0.078882456 -0.249883801 -0.055499751
1403715553612143104.000000 0.210215688 0.953272939 0.301271200 0.966555953 -0.069931865 -0.244029045 -0.036456212
1403715553662142976.000000 0.148298964 0.720528960 0.275147557 0.969122708 -0.060371693 -0.237589568 -0.026600862
1403715553712143104.000000 0.136384591 0.679168105 0.268024683 0.969270706 -0.053303268 -0.239745066 -0.013977385
1403715553762142976.000000 0.120015167 0.555208147 0.297415733 0.967104733 -0.044896644 -0.250344783 -0.004498555
1403715553812143104.000000 0.108152002 0.512959480 0.293167621 0.963416219 -0.036232058 -0.265531957 0.003054474
1403715553862142976.000000 0.094215631 0.408753633 0.334174484 0.959330976 -0.028389020 -0.280735910 0.008100904
1403715553912143104.000000 0.083497792 0.365980387 0.332829595 0.955516398 -0.020181915 -0.294011891 0.011750872
1403715553962142976.000000 0.065965414 0.251781344 0.358431876 0.951010644 -0.015893547 -0.308457345 0.013424275
1403715554012143104.000000 0.054988757 0.208159477 0.358877391 0.945873499 -0.014324004 -0.323899418 0.014398155
1403715554062142976.000000 0.051075086 0.250561714 0.338602692 0.939934671 -0.015393293 -0.340723455 0.013909145
1403715554112143104.000000 0.088088423 0.064833887 0.481921256 0.933092117 -0.024886470 -0.358566970 0.012233716
1403715554162142976.000000 0.072351992 0.033168551 0.476213545 0.926639974 -0.024874974 -0.374984652 0.010299577
1403715554212143104.000000 0.073330134 -0.053351916 0.500838399 0.921372771 -0.023109695 -0.387919396 0.007540421
1403715554262142976.000000 0.055542558 -0.086487070 0.485654235 0.917260349 -0.021559134 -0.397673875 0.004923588
1403715554312143104.000000 0.243601590 0.009029493 0.453943610 0.899282098 0.006354819 -0.433216691 0.059788104
1403715554362142976.000000 0.221680537 -0.027841613 0.433817238 0.897729576 0.018205671 -0.436621159 0.055786796
1403715554412143104.000000 0.029145867 -0.295521617 0.517375827 0.914755166 0.011680994 -0.403777272 -0.007104957
1403715554462142976.000000 -0.000863791 -0.325919420 0.484687209 0.920152605 0.044762995 -0.388670594 -0.015832700
1403715554512143104.000000 0.016224056 -0.431001365 0.524167955 0.924324453 0.079971425 -0.372063875 -0.028236542
1403715554562142976.000000 -0.022451401 -0.452875525 0.490117729 0.928024411 0.118299961 -0.351227641 -0.037617657
1403715554612143104.000000 -0.123753071 -0.660140395 0.417677224 0.928415060 0.162871912 -0.331032515 -0.043997839
1403715554662142976.000000 -0.168496519 -0.669416547 0.386821270 0.928798676 0.191509023 -0.313180298 -0.050749060
1403715554712143104.000000 0.142359585 -0.465547949 0.425610632 0.908730328 0.237744734 -0.343005300 -0.005832038
1403715554762142976.000000 0.093044996 -0.464071989 0.405280679 0.908643007 0.254281491 -0.331050724 -0.010688353
1403715554812143104.000000 0.026926726 -0.549521625 0.365163356 0.911411226 0.265404344 -0.313973576 -0.017628161
1403715554862142976.000000 0.021066844 -0.606779575 0.402845711 0.915661693 0.265541404 -0.300664037 -0.025547685
1403715554912143104.000000 0.005260497 -0.575469613 0.403382927 0.919521868 0.260806799 -0.292957246 -0.025210343
1403715554962142976.000000 -0.002217978 -0.525978565 0.405164629 0.925523579 0.250560880 -0.282925427 -0.024054190
1403715555012143104.000000 -0.015986174 -0.468357414 0.399870008 0.932972431 0.223642021 -0.281205744 -0.021683192
1403715555062142976.000000 0.002289951 -0.380243897 0.416433632 0.939358592 0.184698269 -0.288537443 -0.015435162
1403715555112143104.000000 -0.003374636 -0.300088018 0.413895935 0.944381654 0.136437774 -0.298988461 -0.011575349
1403715555162142976.000000 -0.185065717 -0.430622816 0.459201157 0.954339325 0.066714667 -0.287758619 -0.044505071
1403715555212143104.000000 -0.180334091 -0.346512854 0.464073360 0.951647103 0.016975181 -0.303587288 -0.043754157
1403715555262142976.000000 -0.166899890 -0.256898880 0.496274173 0.945050001 -0.038584236 -0.321686208 -0.043701131
1403715555312143104.000000 0.063662112 0.121651039 0.475837559 0.930492580 -0.069312513 -0.359676272 0.003508668
1403715555362142976.000000 0.059974223 0.198408812 0.485976040 0.925585508 -0.099797279 -0.365125954 0.003881658
1403715555412143104.000000 0.074546099 0.316280901 0.503337383 0.922549307 -0.117150567 -0.367618442 0.005942783
1403715555462142976.000000 0.072956711 0.379573464 0.509108782 0.924750805 -0.118240982 -0.361693591 0.005737418
1403715555512143104.000000 0.093255520 0.482489586 0.522156715 0.927432537 -0.111561917 -0.356897026 0.006884170
1403715555562142976.000000 0.098518610 0.530413449 0.524339974 0.931451738 -0.099483520 -0.349960327 0.005337626
1403715555612143104.000000 0.125041634 0.620400965 0.532712221 0.934035122 -0.087579466 -0.346241027 0.005046087
1403715555662142976.000000 0.137102008 0.655370057 0.533380032 0.935926437 -0.076240160 -0.343838096 0.002146746
1403715555712143104.000000 0.168869734 0.736258805 0.539456964 0.935628176 -0.066972688 -0.346574426 0.000921367
1403715555762142976.000000 0.184847474 0.763067722 0.541831493 0.934278011 -0.068869814 -0.349816769 -0.003132459
1403715555812143104.000000 0.124197960 0.729010880 0.543408632 0.934457660 -0.078243271 -0.347125679 -0.013068810
1403715555862142976.000000 0.145710289 0.746019363 0.544594407 0.932155609 -0.087261640 -0.350981742 -0.016830580
1403715555912143104.000000 0.171869487 0.789494634 0.544203758 0.930797398 -0.092420787 -0.353099257 -0.019888308
1403715555962142976.000000 0.196674943 0.796764553 0.543453336 0.929187417 -0.097281262 -0.355811536 -0.023352027
1403715556012143104.000000 0.026754677 0.504032612 0.655395746 0.931048274 -0.125051975 -0.333924264 -0.077497594
1403715556062142976.000000 0.046953648 0.503257155 0.656391859 0.927155554 -0.137903482 -0.338935047 -0.080550358
1403715556112143104.000000 0.281609863 0.995968223 0.612551272 0.922990918 -0.128663644 -0.361992985 -0.022239925
1403715556162142976.000000 0.298510939 0.987425089 0.613513589 0.924026966 -0.132333577 -0.357894063 -0.023956679
1403715556212143104.000000 0.103037328 0.511230469 0.662136853 0.927478909 -0.152676821 -0.330205232 -0.086238869
1403715556262142976.000000 0.118208647 0.490797937 0.661510348 0.930243969 -0.151388109 -0.322522163 -0.087791234
1403715556312143104.000000 0.213407427 0.601975203 0.618143260 0.930866241 -0.143775970 -0.326906562 -0.077128068
1403715556362142976.000000 0.227300316 0.572738647 0.617817938 0.932639778 -0.140348971 -0.322600693 -0.080088452
1403715556412143104.000000 0.545301378 1.005964518 0.478392005 0.928524137 -0.108645558 -0.354142725 -0.024941821
1403715556462142976.000000 0.559527755 0.970743179 0.481673181 0.930175185 -0.098727450 -0.352434963 -0.028579207
1403715556512143104.000000 0.286902130 0.482460737 0.600010097 0.937469065 -0.108936816 -0.318257034 -0.089426145
1403715556562142976.000000 0.291173518 0.440443993 0.604177356 0.939218402 -0.090936817 -0.317856014 -0.092557713
1403715556612143104.000000 0.287777066 0.405961871 0.594877660 0.940232873 -0.076125026 -0.317888528 -0.095467873
1403715556662142976.000000 0.284073114 0.360654771 0.602507830 0.939743638 -0.064948581 -0.320858330 -0.098557971
1403715556712143104.000000 0.593081772 0.833116531 0.441819608 0.928307235 -0.026127908 -0.368743420 -0.039892018
1403715556762142976.000000 0.588597357 0.786562085 0.456343591 0.926760375 -0.018363984 -0.372708797 -0.043199066
1403715556812143104.000000 0.558843791 0.726014674 0.437759161 0.927512348 -0.010084629 -0.370399237 -0.049230393
1403715556862142976.000000 0.550965130 0.678822637 0.452031970 0.928253889 -0.002913541 -0.368293107 -0.051927816
1403715556912143104.000000 0.547648430 0.664072812 0.433688760 0.928934515 0.006392718 -0.366541445 -0.051839493
1403715556962142976.000000 0.538960099 0.618367016 0.446538389 0.929492295 0.011729376 -0.364666164 -0.054084893
1403715557012143104.000000 0.519722342 0.588639498 0.422491789 0.927831888 0.011646381 -0.368673265 -0.055429533
1403715557062142976.000000 0.508192360 0.546130359 0.433809936 0.925107598 0.007959126 -0.375326365 -0.056945827
1403715557112143104.000000 0.516981363 0.569110215 0.388990343 0.919364691 0.007030896 -0.390157729 -0.049961720
1403715557162142976.000000 0.505641937 0.528222263 0.399547875 0.915431857 0.000428667 -0.399276316 -0.050624784
1403715557212143104.000000 0.465832323 0.475783527 0.379159272 0.912767231 -0.006812937 -0.404625595 -0.055568542
1403715557262142976.000000 0.447893053 0.442654908 0.365319878 0.909509003 -0.011437899 -0.411729217 -0.056050755
1403715557312143104.000000 0.433665276 0.403876841 0.362426072 0.907691121 -0.013913641 -0.415611774 -0.056304224
1403715557362142976.000000 0.446673095 0.422863424 0.322115988 0.904362321 -0.013944406 -0.423441887 -0.051296733
1403715557412143104.000000 0.430683434 0.382893652 0.313205600 0.905138969 -0.015792120 -0.421705931 -0.051363129
1403715557462142976.000000 0.383929670 0.343441486 0.263478518 0.908554971 -0.016600883 -0.413909167 -0.054143958
1403715557512143104.000000 0.365416706 0.303514153 0.246618062 0.913383365 -0.014342842 -0.403169632 -0.054583777
1403715557562142976.000000 0.374975920 0.333018184 0.152446985 0.915766358 -0.004454367 -0.399258018 -0.044104446
1403715557612143104.000000 0.353697121 0.293939292 0.131114811 0.920177698 0.000399838 -0.388958454 -0.044545084
1403715557662142976.000000 0.331513375 0.284532487 0.065568313 0.923826635 0.006245526 -0.380352437 -0.042865232
1403715557712143104.000000 0.308156401 0.248614848 0.040327579 0.927509546 0.011209262 -0.371168852 -0.042827088
1403715557762142976.000000 0.273574412 0.218263194 -0.012238249 0.930395782 0.011106303 -0.363696158 -0.044334006
1403715557812143104.000000 0.247626841 0.191522822 -0.052417502 0.931669474 0.008435272 -0.360594988 -0.043498032
1403715557862142976.000000 0.225421786 0.160673335 -0.082160652 0.932177067 0.004841030 -0.359507322 -0.042155828
1403715557912143104.000000 0.222506493 0.183117628 -0.171850592 0.930356026 0.005528993 -0.365090817 -0.033404566
1403715557962142976.000000 0.205844641 0.153323576 -0.203988522 0.930808246 0.002317882 -0.364128858 -0.031635661
1403715558012143104.000000 0.188064873 0.137947947 -0.267338067 0.931354940 -0.000719995 -0.362878203 -0.029948341
1403715558062142976.000000 0.158460468 0.081197344 -0.285895109 0.933190107 -0.004871211 -0.357721984 -0.034169324
1403715558112143104.000000 0.148918957 0.056341805 -0.325049996 0.932944834 -0.006606331 -0.358435631 -0.033080630
1403715558162142976.000000 0.171230465 0.106438875 -0.443709016 0.929728031 -0.001081571 -0.367608845 -0.021643581
1403715558212143104.000000 0.162982464 0.086189672 -0.496711940 0.929248869 0.002314849 -0.368831336 -0.021324584
1403715558262142976.000000 0.155834407 0.061783317 -0.537139416 0.929374516 0.005963303 -0.368471801 -0.021356875
1403715558312143104.000000 0.154669911 0.068545841 -0.620589614 0.929354072 0.015613519 -0.368391037 -0.018581633
1403715558362142976.000000 0.146114409 0.044941135 -0.661374450 0.931669414 0.021156913 -0.362182498 -0.019192170
1403715558412143104.000000 0.141311318 0.049281653 -0.741002798 0.933973312 0.026532229 -0.355896533 -0.018101957
1403715558462142976.000000 0.130186707 0.030491700 -0.784236550 0.938005626 0.022588855 -0.345341146 -0.019359613
1403715558512143104.000000 0.101862222 -0.011645481 -0.829608023 0.944037318 0.014758305 -0.328529984 -0.025372397
1403715558562142976.000000 0.086807847 -0.027180113 -0.870098770 0.948387861 0.008459346 -0.315857172 -0.026893897
1403715558612143104.000000 0.076193988 -0.011576451 -0.950845063 0.950946093 0.006474160 -0.308296621 -0.024754446
1403715558662142976.000000 0.054775417 -0.022697076 -0.995696425 0.952834487 0.001477035 -0.302380890 -0.025887176
1403715558712143104.000000 0.033274710 -0.037650123 -1.026355386 0.954291642 -0.001820359 -0.297558516 -0.027983818
1403715558762142976.000000 0.000814557 -0.057243735 -1.076173067 0.955039680 -0.003733717 -0.294448048 -0.034433302
1403715558812143104.000000 -0.020440280 -0.071159169 -1.101628542 0.955392480 -0.002318516 -0.292546511 -0.040453810
1403715558862142976.000000 -0.004626989 0.024326883 -1.192029476 0.953095376 0.006301274 -0.300603420 -0.034744110
1403715558912143104.000000 -0.023656845 0.012244508 -1.215126991 0.953035653 0.011461072 -0.299413413 -0.044083785
1403715558962142976.000000 -0.085889935 -0.089704722 -1.212546229 0.955331564 0.009770170 -0.287430614 -0.068043150
1403715559012143104.000000 -0.100514650 -0.100213230 -1.228918552 0.955064416 0.015414996 -0.285176784 -0.079300568
1403715559062142976.000000 -0.116961241 -0.079934955 -1.299323916 0.953435481 0.020560199 -0.287500888 -0.088776790
1403715559112143104.000000 -0.127624154 -0.087286592 -1.309443951 0.952843606 0.020177701 -0.285024852 -0.102190144
1403715559162142976.000000 -0.145024121 -0.076993108 -1.372408271 0.951494038 0.019893827 -0.284817129 -0.114641219
1403715559212143104.000000 -0.152169824 -0.081251085 -1.376922011 0.950493872 0.020026790 -0.281859010 -0.129289657
1403715559262142976.000000 -0.097854733 0.066903055 -1.410613894 0.947955787 0.027327284 -0.291078091 -0.126121491
1403715559312143104.000000 -0.102661431 0.064852953 -1.408667207 0.946541488 0.028759371 -0.288498223 -0.141424894
1403715559362142976.000000 -0.149529159 -0.009525657 -1.455241799 0.943995595 0.028307734 -0.283997059 -0.165579945
1403715559412143104.000000 -0.152495921 -0.009441614 -1.446695447 0.940778911 0.029700421 -0.285301924 -0.180708960
1403715559462142976.000000 -0.149507880 0.024539351 -1.480635405 0.935669720 0.034440964 -0.294086963 -0.191960976
1403715559512143104.000000 -0.154005826 0.027303100 -1.466085553 0.930197954 0.032570936 -0.303326964 -0.204116642
1403715559562142976.000000 -0.190244436 0.001649261 -1.443278790 0.925791264 0.024474649 -0.306377262 -0.220101342
1403715559612143104.000000 -0.198924899 0.004791737 -1.421477437 0.921118259 0.017338101 -0.313857108 -0.229639649
1403715559662142976.000000 -0.147155821 0.191727757 -1.439922571 0.917869508 0.020804092 -0.331473917 -0.217273906
1403715559712143104.000000 -0.159795284 0.197978556 -1.416641951 0.915183187 0.020876409 -0.333335906 -0.225590870
1403715559762142976.000000 -0.175177693 0.233753324 -1.426216960 0.913086951 0.024249699 -0.334286869 -0.232242391
1403715559812143104.000000 -0.239223540 0.119990230 -1.436205387 0.909176111 0.019127024 -0.326263666 -0.258040905
1403715559862142976.000000 -0.203436255 0.280742586 -1.409545183 0.908470988 0.028089520 -0.333941162 -0.249749467
1403715559912143104.000000 -0.215335369 0.294884741 -1.384545088 0.905929863 0.031465128 -0.331789672 -0.261183321
1403715559962142976.000000 -0.236300826 0.324534416 -1.393562078 0.902859032 0.035360087 -0.330225140 -0.273032188
1403715560012143104.000000 -0.246847928 0.342265606 -1.364725232 0.899666488 0.039544951 -0.327713907 -0.285727262
1403715560062142976.000000 -0.268159270 0.387609184 -1.381414413 0.895179570 0.041027315 -0.329669029 -0.297134191
1403715560112143104.000000 -0.275301516 0.410285711 -1.350159645 0.891183436 0.043383967 -0.328163415 -0.310191393
1403715560162142976.000000 -0.292815685 0.452659011 -1.367279291 0.886779785 0.041013345 -0.327324837 -0.323725194
1403715560212143104.000000 -0.295694530 0.482101083 -1.342279077 0.881791413 0.034374282 -0.328137308 -0.337028503
1403715560262142976.000000 -0.269483209 0.547347367 -1.318134069 0.878726721 0.031390727 -0.329631090 -0.343798578
1403715560312143104.000000 -0.265878379 0.579663098 -1.290196657 0.873282850 0.024719665 -0.330775380 -0.356866479
1403715560362142976.000000 -0.259913743 0.635107100 -1.295754671 0.868296504 0.020011606 -0.332068652 -0.367955446
1403715560412143104.000000 -0.254302263 0.669980824 -1.269757867 0.863384068 0.015046189 -0.330345392 -0.381069005
1403715560462142976.000000 -0.272886455 0.716454983 -1.300679207 0.857568145 0.011573157 -0.327897578 -0.396139026
1403715560512143104.000000 -0.267859638 0.753213465 -1.276033998 0.852632105 0.008798186 -0.325415224 -0.408712685
1403715560562142976.000000 -0.275349438 0.804711640 -1.299538136 0.845615089 0.005417502 -0.326227337 -0.422470689
1403715560612143104.000000 -0.270625949 0.842815697 -1.275965333 0.840096653 0.004469256 -0.323428065 -0.435444504
1403715560662142976.000000 -0.223292232 0.918800354 -1.231685996 0.838055074 0.009541849 -0.322933376 -0.439643890
1403715560712143104.000000 -0.219537079 0.959563732 -1.210433960 0.831990778 0.008269898 -0.319812000 -0.453258634
1403715560762142976.000000 -0.209186196 1.020059109 -1.211147070 0.826626778 0.010317292 -0.316506624 -0.465193927
1403715560812143104.000000 -0.205053806 1.061182737 -1.189636469 0.820464909 0.010838841 -0.311700761 -0.479126960
1403715560862142976.000000 -0.194796503 1.123543859 -1.189798117 -0.814907372 -0.016329320 0.306845307 0.491431952
1403715560912143104.000000 -0.190358043 1.164716959 -1.166080475 -0.807793260 -0.018765017 0.302184135 0.505769372
1403715560962142976.000000 -0.185303748 1.206468463 -1.146057367 0.800297320 0.020216394 -0.296789438 -0.520606935
1403715561012143104.000000 -0.170742273 1.284957409 -1.151976824 -0.792993248 -0.022885950 0.294196010 0.532997906
1403715561062142976.000000 -0.164249361 1.325388908 -1.126286745 0.784048080 0.021687260 -0.290353119 -0.548172712
1403715561112143104.000000 -0.184517026 1.343203545 -1.138015509 -0.772335351 -0.014738249 0.283951759 0.568025053
1403715561162142976.000000 -0.176390052 1.381556034 -1.105522394 -0.762212813 -0.010312610 0.281872541 0.582643270
1403715561212143104.000000 -0.135610521 1.509042263 -1.087247610 -0.756365716 -0.014168476 0.286635101 0.587835491
1403715561262142976.000000 -0.127094924 1.545566559 -1.053178310 -0.747091889 -0.004816174 0.287609398 0.599259138
1403715561312143104.000000 -0.231042951 1.337363243 -1.127683759 -0.704574287 0.034859274 0.257477552 0.660352468
1403715561362142976.000000 -0.218108624 1.367411017 -1.089368582 -0.694728255 0.043823831 0.260278106 0.669094503
1403715561412143104.000000 -0.206935346 1.401468992 -1.056559920 0.685563684 -0.051459696 -0.260909677 -0.677702367
1403715561462142976.000000 -0.185832560 1.434941411 -1.014645219 -0.682918131 0.053674791 0.259470969 0.680747092
1403715561512143104.000000 -0.171771139 1.463323474 -0.981412828 0.677262127 -0.053616561 -0.251854002 -0.689210355
1403715561562142976.000000 -0.076303661 1.906325340 -0.968387008 -0.706999600 0.019513015 0.281232089 0.648598015
1403715561612143104.000000 -0.064073682 1.934448481 -0.935529351 -0.702538908 0.017009240 0.271881670 0.657442093
1403715561662142976.000000 -0.058567107 2.017232180 -0.941660285 -0.699267685 0.011224017 0.262982786 0.664634407
1403715561712143104.000000 -0.044621587 2.041193962 -0.906878352 -0.694565892 0.012969503 0.252455413 0.673554957
1403715561762142976.000000 -0.039233148 2.126245975 -0.913602471 -0.690498233 0.010963985 0.242792979 0.681280792
1403715561812143104.000000 -0.022858620 2.143047333 -0.875659227 -0.683971167 0.014762211 0.233456060 0.690987587
1403715561862142976.000000 -0.017089427 2.229881287 -0.882363915 -0.677980900 0.015209815 0.225534543 0.699460387
1403715561912143104.000000 0.000238657 2.240593910 -0.841138363 0.669510484 -0.020178707 -0.216908529 -0.710140288
1403715561962142976.000000 0.009588838 2.326541662 -0.846866846 -0.663267136 0.023607252 0.207204506 0.718739033
1403715562012143104.000000 0.030604422 2.328728437 -0.800727248 0.655485988 -0.030463090 -0.196780220 -0.728483200
1403715562062142976.000000 0.040089190 2.412715912 -0.808004022 -0.649666667 0.036147013 0.188505366 0.735589802
1403715562112143104.000000 0.064686716 2.402812719 -0.756633282 -0.644319594 0.042134538 0.177971184 0.742565334
1403715562162142976.000000 0.073620975 2.484457016 -0.766726017 -0.641481817 0.045213595 0.169783130 0.746746600
1403715562212143104.000000 0.112918079 2.361825943 -0.653275371 0.636573672 -0.049730770 -0.160100847 -0.752773941
1403715562262142976.000000 0.108085394 2.539700031 -0.721728563 -0.636914968 0.042609088 0.155998707 0.753782630
1403715562312143104.000000 0.135298252 2.501115799 -0.661584258 0.634660423 -0.037199493 -0.151904404 -0.756800830
1403715562362142976.000000 0.142183483 2.576197386 -0.670870543 -0.634002566 0.026162038 0.151968509 0.757800758
1403715562412143104.000000 0.159332454 2.588372707 -0.642102003 -0.632135391 0.013281419 0.154048517 0.759274364
1403715562462142976.000000 0.177045047 2.596937180 -0.610610366 -0.630015135 0.000063788 0.155848116 0.760784090
1403715562512143104.000000 0.205400348 2.530202150 -0.538730741 0.626090705 0.010549666 -0.156336248 -0.763844371
1403715562562142976.000000 0.216622531 2.605717182 -0.538677454 -0.623902321 -0.019701300 0.152263328 0.766272545
1403715562612143104.000000 0.249293298 2.527513504 -0.458400607 0.618543446 0.022033367 -0.147592232 -0.771450043
1403715562662142976.000000 0.262276500 2.605516434 -0.451786876 -0.611573875 -0.022379884 0.153103620 0.775909722
1403715562712143104.000000 0.297407150 2.515610695 -0.360183477 -0.601179481 -0.015720816 0.164734796 0.781791985
1403715562762142976.000000 0.310354173 2.596479177 -0.351761580 -0.593084693 -0.010309153 0.177056074 0.785363317
1403715562812143104.000000 0.335734546 2.589675665 -0.298442125 -0.584665477 -0.003980954 0.186884701 0.789445639
1403715562862142976.000000 0.361422420 2.581614494 -0.243426323 -0.575501263 0.001460952 0.195925459 0.793983221
1403715562912143104.000000 0.402707100 2.469874144 -0.136289120 -0.565141320 0.007807093 0.201828927 0.799887121
1403715562962142976.000000 0.413620770 2.562062025 -0.130923271 -0.556567371 0.010608573 0.205339566 0.804957092
1403715563012143104.000000 0.456593335 2.440769672 -0.020006180 -0.546111465 0.014981616 0.205965877 0.811859488
1403715563062142976.000000 0.466131866 2.540088892 -0.017187953 -0.537659645 0.017887602 0.203432098 0.818057179
1403715563112143104.000000 0.513137996 2.411902905 0.099031448 -0.528205931 0.021648165 0.194461405 0.826265514
1403715563162142976.000000 0.520354807 2.515980005 0.096843958 -0.519232988 0.024508968 0.185631379 0.833868980
1403715563212143104.000000 0.548251510 2.502655745 0.154161096 -0.508050859 0.029357247 0.174115345 0.843034089
1403715563262142976.000000 0.576387644 2.488116741 0.211874127 -0.494293153 0.036036648 0.163217291 0.853074253
1403715563312143104.000000 0.627876699 2.339270592 0.334971428 -0.477856398 0.041906592 0.151315004 0.864292145
1403715563362142976.000000 0.632381558 2.451607466 0.327423811 -0.460741788 0.044803645 0.141324669 0.875063956
1403715563412143104.000000 0.685926974 2.288516283 0.453432798 -0.440295964 0.048653454 0.130922958 0.886922538
1403715563462142976.000000 0.687208772 2.405093193 0.441162646 -0.422102809 0.047522873 0.119900458 0.897326410
1403715563512143104.000000 0.740906298 2.230658531 0.572763383 -0.401713610 0.048240021 0.108840585 0.907993913
1403715563562142976.000000 0.734604239 2.348970413 0.555186391 -0.383799523 0.047720540 0.097800523 0.916981936
1403715563612143104.000000 0.753797650 2.316551208 0.612399518 -0.365774363 0.047740664 0.086012289 0.925490081
1403715563662142976.000000 0.770079970 2.281127691 0.669635415 -0.348299474 0.049040280 0.075258374 0.933069587
1403715563712143104.000000 0.783838630 2.242582560 0.726549268 -0.331616670 0.050488539 0.063529365 0.939917743
1403715563762142976.000000 0.831894934 2.038219690 0.881610692 -0.313676298 0.054291807 0.053077061 0.946489573
1403715563812143104.000000 0.804314375 2.155321121 0.840118885 -0.296432465 0.057090160 0.046302021 0.952220917
1403715563862142976.000000 0.848098397 1.933938861 1.000385761 -0.273886830 0.064109616 0.045154240 0.958559930
1403715563912143104.000000 0.812788427 2.054132700 0.953061700 -0.253525794 0.066336364 0.044275347 0.964035273
1403715563962142976.000000 0.851845026 1.815746307 1.116462708 -0.229169846 0.070560440 0.045379445 0.969764471
1403715564012143104.000000 0.809691787 1.939890265 1.061579347 -0.205814734 0.070346750 0.049273800 0.974814773
1403715564062142976.000000 0.805777371 1.878915548 1.112518668 -0.180349603 0.070049040 0.053142246 0.979664803
1403715564112143104.000000 0.909644425 1.043306828 1.631428599 -0.151034921 0.073180534 0.054319028 0.984318316
1403715564162142976.000000 0.934113979 0.769622266 1.796463490 -0.125768259 0.074640639 0.054306854 0.987756014
1403715564212143104.000000 0.958753228 0.488578171 1.959611297 -0.100717321 0.073545977 0.052957349 0.990778804
1403715564262142976.000000 0.985030949 0.200714245 2.120010853 -0.076137125 0.072530352 0.048615973 0.993266821
1403715564312143104.000000 1.014036059 -0.093813241 2.276774883 -0.052442033 0.071120754 0.039378379 0.995309532
1403715564362142976.000000 1.045822501 -0.395166576 2.430188894 -0.027431585 0.069680326 0.030129768 0.996736884
1403715564412143104.000000 1.079699636 -0.703361690 2.580271959 -0.001986724 0.061676573 0.019287292 0.997907877
1403715564462142976.000000 1.116561532 -1.018406749 2.727086306 0.023388650 0.051189028 0.006952099 0.998390913
1403715564512143104.000000 1.157346010 -1.340456009 2.870865822 0.049029421 0.042512570 -0.004675939 0.997881234
1403715564562142976.000000 1.201551676 -1.669635892 3.011486292 0.073665984 0.035062514 -0.017864002 0.996506274
1403715564612143104.000000 1.248893857 -2.006021023 3.149169922 0.098479882 0.030366182 -0.031051384 0.994190931
1403715564662142976.000000 1.299582243 -2.349782944 3.284403086 0.122308739 0.027593864 -0.044475947 0.991110981
1403715564712143104.000000 1.353426337 -2.701195717 3.417433500 0.145230591 0.026524102 -0.059042290 0.987278402
1403715564762142976.000000 1.409992218 -3.058161259 3.548485994 0.168448165 0.026125457 -0.072238766 0.982712746
1403715564812143104.000000 1.469295263 -3.418039322 3.677772999 0.190891609 0.027654221 -0.085760660 0.977466524
1403715564862142976.000000 1.530711293 -3.781184435 3.805628538 0.213168368 0.029025193 -0.097327188 0.971722364
1403715564912143104.000000 1.594787598 -4.147583485 3.931481123 0.234874949 0.033358175 -0.108245760 0.965403497
1403715564962142976.000000 1.661009073 -4.517412186 4.055031300 0.256044179 0.039156903 -0.118701093 0.958550036
1403715565012143104.000000 1.728617907 -4.890797138 4.175743580 0.277269512 0.043298699 -0.127982154 0.951245189
1403715565062142976.000000 1.797307730 -5.267565727 4.293211460 0.298556924 0.046091788 -0.137282863 0.943341315
1403715565112143104.000000 1.865604639 -5.647638321 4.407866478 0.321233571 0.047128391 -0.143641055 0.934855759
1403715565162142976.000000 1.931272030 -6.030809879 4.520573616 0.344677329 0.046384793 -0.147919282 0.925832570
1403715565212143104.000000 1.992930174 -6.416659832 4.632090569 0.367368817 0.044789799 -0.152078763 0.916463912
1403715565262142976.000000 2.050290585 -6.805053234 4.742716789 0.389365196 0.044184607 -0.155171305 0.906843066
1403715565312143104.000000 2.103748322 -7.196082115 4.852704048 0.410655141 0.046021253 -0.156487301 0.897082090
1403715565362142976.000000 2.153447151 -7.589291573 4.961628914 0.430868208 0.050222866 -0.158383250 0.886986434
1403715565412143104.000000 2.199138641 -7.984226227 5.069634914 0.450949818 0.055068854 -0.159335539 0.876483858
1403715565462142976.000000 2.240429878 -8.380331993 5.176311016 0.471137106 0.058950707 -0.159283549 0.865553856
1403715565512143104.000000 2.277920723 -8.777209282 5.281522751 0.490581840 0.062723614 -0.161568582 0.853985310
1403715565562142976.000000 2.312917233 -9.174388885 5.384210587 0.509874880 0.065629773 -0.165665060 0.841591060
1403715565612143104.000000 2.346894741 -9.571334839 5.483597279 0.529651642 0.067334361 -0.170244440 0.828222275
1403715565662142976.000000 2.380500317 -9.968066216 5.579326153 0.549967587 0.067816794 -0.175099954 0.813803792
1403715565712143104.000000 2.413815022 -10.364210129 5.671231270 0.570380151 0.067375943 -0.181533933 0.798230886
1403715565762142976.000000 2.446330309 -10.759430885 5.759474754 0.590941727 0.065815181 -0.189634576 0.781341851
1403715565812143104.000000 2.477871418 -11.153306007 5.844128609 0.610915124 0.063354880 -0.200291663 0.763316512
1403715565862142976.000000 2.508171320 -11.545209885 5.925554276 0.632529080 0.058548778 -0.209046289 0.743490934
1403715565912143104.000000 2.537726402 -11.936315536 6.003273010 0.653901875 0.056893226 -0.218997017 0.721952856
1403715565962142976.000000 2.565536737 -12.326362610 6.077939034 0.675612867 0.055419736 -0.227517664 0.699079096
1403715566012143104.000000 2.591828346 -12.715367317 6.149600983 0.697287738 0.054922812 -0.234860212 0.674991846
1403715566062142976.000000 2.616520166 -13.103090286 6.218621254 0.717738509 0.052984010 -0.242145240 0.650699496
1403715566112143104.000000 2.639864922 -13.489277840 6.285057068 0.736627042 0.052435242 -0.250366926 0.626057267
1403715566162142976.000000 2.661795139 -13.873899460 6.349368095 0.754880786 0.052619215 -0.257022291 0.601103783
1403715566212143104.000000 2.681558132 -14.256841660 6.411490440 0.772043824 0.052171834 -0.263863057 0.575849652
1403715566262142976.000000 2.700091362 -14.637504578 6.471247673 0.788810194 0.051605869 -0.269313186 0.550077856
1403715566312143104.000000 2.716979504 -15.016216278 6.528789520 0.804737508 0.050606318 -0.274493098 0.523918033
1403715566362142976.000000 2.731971264 -15.392571449 6.584670067 0.819261849 0.050179232 -0.280045360 0.497862250
1403715566412143104.000000 2.743739367 -15.766572952 6.639408112 0.832468092 0.050102625 -0.285720259 0.472070545
1403715566462142976.000000 2.751519203 -16.138469696 6.693100929 0.845397472 0.049609993 -0.289258569 0.446286470
1403715566512143104.000000 2.755429745 -16.508352280 6.745613098 -0.857447147 -0.050298106 0.291537285 -0.421023190
1403715566562142976.000000 2.755191326 -16.875850677 6.797140121 -0.868561804 -0.049766488 0.293264419 -0.396383315
1403715566612143104.000000 2.751054287 -17.240287781 6.847794533 -0.878743649 -0.049985800 0.294762582 -0.372056633
1403715566662142976.000000 2.743177891 -17.601644516 6.897673607 -0.888049304 -0.050961692 0.296806008 -0.347386807
1403715566712143104.000000 2.732454300 -17.959793091 6.946330070 -0.896775305 -0.051688485 0.299577624 -0.321520865
1403715566762142976.000000 2.720214367 -18.314228058 6.993789673 0.905124068 0.051501691 -0.302195698 0.294577479
1403715566812143104.000000 2.706897020 -18.664501190 7.040032387 0.912753344 0.049305435 -0.305775940 0.266367227
1403715566862142976.000000 2.693408966 -19.010950089 7.084864616 0.920404613 0.046641991 -0.307389647 0.237047732
1403715566912143104.000000 2.679898024 -19.353488922 7.128291607 0.927659512 0.044338316 -0.308118552 0.206264347
1403715566962142976.000000 2.665684938 -19.692090988 7.170779228 0.934018850 0.042004187 -0.308963299 0.174316317
1403715567012143104.000000 2.650281429 -20.026889801 7.213218689 0.938656032 0.038655546 -0.312128901 0.141443074
1403715567062142976.000000 2.634154797 -20.357706070 7.255791664 0.942253470 0.033286531 -0.315572292 0.107073046
1403715567112143104.000000 2.617561817 -20.684780121 7.298001289 0.944895148 0.025668737 -0.318413258 0.071605220
1403715567162142976.000000 2.600961447 -21.008300781 7.340247631 0.946322441 0.020779327 -0.320610762 0.035366356
1403715567212143104.000000 2.584090710 -21.328708649 7.383017540 0.946176171 0.015718400 -0.323265582 -0.001724875
1403715567262142976.000000 2.581196308 -21.606479645 7.438039780 0.943362534 0.012864847 -0.329205543 -0.039056800
1403715567312143104.000000 2.582027435 -21.878942490 7.495812416 0.939594090 0.010481920 -0.333323509 -0.077127270
1403715567362142976.000000 2.564543724 -22.186992645 7.541547775 0.934467793 0.011644716 -0.336613655 -0.115436673
1403715567412143104.000000 2.545489788 -22.492324829 7.588457108 0.927850842 0.014055554 -0.339620858 -0.153469920
1403715567462142976.000000 2.523428917 -22.794933319 7.636806488 0.920144141 0.016366502 -0.341470659 -0.190957576
1403715567512143104.000000 2.497566223 -23.094837189 7.686897278 0.911457419 0.019610828 -0.342434794 -0.227154687
1403715567562142976.000000 2.468134880 -23.391830444 7.738990784 0.902508616 0.021318115 -0.341034561 -0.262143523
1403715567612143104.000000 2.510573387 -23.666875839 7.854187012 0.892913401 0.021524401 -0.338527679 -0.296043158
1403715567662142976.000000 2.479021072 -23.958395004 7.912723541 0.883173943 0.021088084 -0.333719552 -0.328923196
1403715567712143104.000000 2.446038246 -24.246610641 7.972801208 0.872610509 0.020198764 -0.327896088 -0.361423671
1403715567762142976.000000 2.412946701 -24.531810760 8.034324646 0.862013578 0.017355563 -0.319259852 -0.393325001
1403715567812143104.000000 2.379901886 -24.814338684 8.097743988 0.850241721 0.014487898 -0.311123163 -0.424360037
1403715567862142976.000000 2.347328186 -25.094409943 8.162954330 0.837460756 0.012684735 -0.302805513 -0.454760939
1403715567912143104.000000 2.315176010 -25.371931076 8.230220795 0.823341906 0.011721230 -0.295274258 -0.484545082
1403715567962142976.000000 2.283738136 -25.647459030 8.299564362 0.808552623 0.011861490 -0.286998749 -0.513550162
1403715568012143104.000000 2.253680229 -25.921392441 8.371374130 0.793939114 0.011849440 -0.277009904 -0.541096926
1403715568062142976.000000 2.224702835 -26.193443298 8.445566177 0.778939545 0.009159364 -0.266707033 -0.567482829
1403715568112143104.000000 2.197216988 -26.463840485 8.523120880 0.763469458 0.005865487 -0.256061167 -0.592885137
1403715568162142976.000000 2.171060562 -26.733814240 8.603712082 0.747034907 0.002192068 -0.246005565 -0.617588282
1403715568212143104.000000 2.145993233 -27.003345490 8.687620163 0.729900777 -0.000038136 -0.236165449 -0.641459882
1403715568262142976.000000 2.121960163 -27.273136139 8.774690628 0.711138248 -0.004060892 -0.229665071 -0.664469659
1403715568312143104.000000 2.098987579 -27.542873383 8.865121841 0.691953003 -0.007217733 -0.222965583 -0.686611533
1403715568362142976.000000 2.077538013 -27.813056946 8.958408356 0.672593474 -0.010804035 -0.215840012 -0.707753181
1403715568412143104.000000 2.057320595 -28.083938599 9.054506302 0.652725637 -0.013332717 -0.209099427 -0.728044629
1403715568462142976.000000 2.039168358 -28.355686188 9.153023720 0.632693231 -0.015911495 -0.200887442 -0.747723460
1403715568512143104.000000 2.022939682 -28.628524780 9.254046440 0.612093925 -0.017253984 -0.192872554 -0.766709566
1403715568562142976.000000 2.008947849 -28.903013229 9.357532501 0.590756416 -0.019405324 -0.185668871 -0.784956932
1403715568612143104.000000 1.997181654 -29.179107666 9.463509560 0.569586277 -0.019921193 -0.176770762 -0.802450478
1403715568662142976.000000 1.987296820 -29.457237244 9.571840286 0.547838211 -0.020229438 -0.168190032 -0.819253504
1403715568712143104.000000 1.979444742 -29.737468719 9.682657242 0.525092006 -0.021684052 -0.160789594 -0.835436940
1403715568762142976.000000 1.973324060 -30.019815445 9.795898438 0.502148569 -0.022698224 -0.152935088 -0.850848138
1403715568812143104.000000 1.968631387 -30.304267883 9.911385536 0.478751808 -0.022812385 -0.145777613 -0.865462482
1403715568862142976.000000 1.965387583 -30.590908051 10.028960228 0.456002742 -0.022235924 -0.137818426 -0.878961444
1403715568912143104.000000 1.962809801 -30.879787445 10.148686409 0.433334023 -0.021877289 -0.130709648 -0.891435981
1403715568962142976.000000 1.960140824 -31.171152115 10.270652771 0.410488576 -0.019309545 -0.126644835 -0.902821898
1403715569012143104.000000 1.957938075 -31.464679718 10.394533157 0.389080584 -0.016508957 -0.121306852 -0.913032532
1403715569062142976.000000 1.956216216 -31.760320663 10.520328522 0.368137658 -0.014990054 -0.115360215 -0.922465146
1403715569112143104.000000 1.954513550 -32.058013916 10.648346901 0.347092450 -0.013531107 -0.109705597 -0.931293964
1403715569162142976.000000 1.848748684 -32.277961731 10.811950684 0.325779200 -0.013447617 -0.105364442 -0.939460218
1403715569212143104.000000 1.843630791 -32.563537598 10.945690155 0.305512279 -0.014315146 -0.101897784 -0.946611941
1403715569262142976.000000 1.843821287 -32.865089417 11.084726334 0.287127793 -0.018496796 -0.097568944 -0.952730775
1403715569312143104.000000 1.842867851 -33.168636322 11.221864700 0.271015942 -0.026651844 -0.091159292 -0.957877874
1403715569362142976.000000 1.844632387 -33.473327637 11.362195969 0.256339788 -0.035360560 -0.084317490 -0.962252676
1403715569412143104.000000 1.844917059 -33.781269073 11.501295090 0.242396027 -0.043905582 -0.077996768 -0.966039896
1403715569462142976.000000 1.845555186 -34.091842651 11.640970230 0.229034156 -0.050509557 -0.071277179 -0.969490469
1403715569512143104.000000 1.846523523 -34.405315399 11.781053543 0.216316402 -0.054641325 -0.062732369 -0.972772479
1403715569562142976.000000 1.847419739 -34.721946716 11.921088219 0.202820733 -0.056924928 -0.055056535 -0.976008296
1403715569612143104.000000 1.848150492 -35.041919708 12.061091423 0.189275205 -0.057879250 -0.046986993 -0.979089975
1403715569662142976.000000 1.848333478 -35.365562439 12.200970650 0.174484327 -0.056819934 -0.039901163 -0.982209086
1403715569712143104.000000 1.848239541 -35.692790985 12.340675354 0.158804357 -0.054617774 -0.033648748 -0.985223770
1403715569762142976.000000 1.848162413 -36.023960114 12.479921341 0.141024858 -0.053095922 -0.028555749 -0.988168716
1403715569812143104.000000 1.847097635 -36.361843109 12.618081093 0.121929646 -0.051678460 -0.023205493 -0.990920842
1403715569862142976.000000 1.846558690 -36.700801849 12.756102562 0.100637607 -0.051184095 -0.019461472 -0.993415117
1403715569912143104.000000 1.846372247 -37.043312073 12.893330574 -0.080181211 0.053996656 0.011980698 0.995244622
1403715569962142976.000000 1.845738292 -37.389507294 13.029725075 -0.059285384 0.057427727 0.004811053 0.996576250
1403715570012143104.000000 1.844630122 -37.739044189 13.165358543 -0.037874479 0.060374394 -0.002211108 0.997454584
1403715570062142976.000000 1.842388988 -38.091808319 13.300110817 -0.016444184 0.063283205 -0.009845634 0.997811556
1403715570112143104.000000 1.883461356 -38.391700745 13.219367981 0.005453989 0.065781504 -0.017388098 0.997667670
1403715570162142976.000000 1.917048097 -38.688850403 13.154082298 0.027757045 0.067839161 -0.024971154 0.996997416
1403715570212143104.000000 1.960096955 -38.978618622 13.106222153 0.050526228 0.069759347 -0.032528851 0.995752275
1403715570262142976.000000 2.031828880 -39.245441437 13.005776405 0.073808625 0.071139231 -0.040194593 0.993919492
1403715570312143104.000000 2.029486179 -39.599197388 13.118549347 0.097556278 0.074029557 -0.048345722 0.991294682
1403715570362142976.000000 2.030139923 -39.956039429 13.221925735 0.121945836 0.077031061 -0.056800410 0.987911522
1403715570412143104.000000 2.029320240 -40.315536499 13.324131012 0.146534607 0.079862185 -0.065540776 0.983795762
1403715570462142976.000000 2.030004978 -40.679183960 13.425862312 0.172260195 0.082787246 -0.072507381 0.978884816
1403715570512143104.000000 1.957569599 -40.891448975 13.449009895 0.197589397 0.085608467 -0.080443025 0.973220766
1403715570562142976.000000 1.870448828 -41.206020355 13.554990768 0.222728893 0.088837579 -0.090069488 0.966637135
1403715570612143104.000000 1.785320044 -41.539138794 13.672458649 0.247855023 0.090357445 -0.099722363 0.959405541
1403715570662142976.000000 1.794598341 -41.877677917 13.752271652 0.273382813 0.087137833 -0.108705468 0.951762557
1403715570712143104.000000 1.776821613 -42.241897583 13.847429276 0.298735201 0.082289875 -0.117668241 0.943472266
1403715570762142976.000000 1.757372379 -42.607814789 13.939263344 0.323815763 0.079288945 -0.127625197 0.934113741
1403715570812143104.000000 1.736223221 -42.975654602 14.027677536 0.349224120 0.077012338 -0.137387410 0.923707962
1403715570862142976.000000 1.713474751 -43.345344543 14.113127708 0.373957127 0.074217297 -0.146791533 0.912743211
1403715570912143104.000000 1.689259529 -43.716773987 14.195486069 0.398439914 0.071844324 -0.155226246 0.901104271
1403715570962142976.000000 1.662664890 -44.089374542 14.274997711 0.420436025 0.067156553 -0.164851576 0.889689624
1403715571012143104.000000 1.634454727 -44.463485718 14.351470947 0.441473484 0.062652707 -0.172156423 0.878372371
1403715571062142976.000000 1.604947090 -44.839023590 14.425477982 0.459874332 0.058893297 -0.177187204 0.868131340
1403715571112143104.000000 1.573783875 -45.215736389 14.497209549 0.476137698 0.055468429 -0.179197043 0.859130144
1403715571162142976.000000 1.541715622 -45.593536377 14.566673279 0.490206897 0.054566685 -0.178692847 0.851345181
1403715571212143104.000000 1.509419441 -45.972614288 14.633710861 0.502514005 0.058423035 -0.176311076 0.844381988
1403715571262142976.000000 1.476984978 -46.352096558 14.698162079 0.511921585 0.065818481 -0.174487695 0.838545382
1403715571312143104.000000 1.443579674 -46.731349945 14.760110855 0.518888533 0.073619194 -0.173413157 0.833824277
1403715571362142976.000000 1.409004211 -47.110172272 14.819437027 0.524297774 0.080189884 -0.171801686 0.830160022
1403715571412143104.000000 1.372812271 -47.488567352 14.875982285 0.527630687 0.081163079 -0.172864139 0.827729642
1403715571462142976.000000 1.335041046 -47.866798401 14.929838181 0.528945625 0.077056997 -0.176882863 0.826432884
1403715571512143104.000000 1.295854568 -48.244625092 14.981010437 0.529902756 0.070421673 -0.180130079 0.825710058
1403715571562142976.000000 1.254071236 -48.622467041 15.029954910 0.532120705 0.058035076 -0.179829925 0.825312495
1403715571612143104.000000 1.209097862 -49.000793457 15.077173233 0.534770906 0.042154398 -0.177150860 0.825142860
1403715571662142976.000000 1.160727501 -49.380290985 15.123722076 0.539066911 0.022120774 -0.169181332 0.824800134
1403715571712143104.000000 1.108949661 -49.761184692 15.170675278 0.543016374 -0.000809990 -0.160334110 0.824272811
1403715571762142976.000000 1.054357529 -50.143218994 15.218872070 0.546132565 -0.025408566 -0.151709422 0.823454916
1403715571812143104.000000 0.998815536 -50.526679993 15.268775940 0.547679722 -0.048591256 -0.146538258 0.822321355
1403715571862142976.000000 0.944678307 -50.912170410 15.320899963 0.548112333 -0.068217069 -0.142740607 0.821306586
1403715571912143104.000000 0.892415047 -51.300086975 15.376194000 0.547523439 -0.085692748 -0.141042888 0.820354700
1403715571962142976.000000 0.842601776 -51.690620422 15.435245514 0.545272052 -0.101143524 -0.143008098 0.819754362
1403715572012143104.000000 0.796147346 -52.084716797 15.498546600 -0.542244554 0.112367533 0.148487598 -0.819326520
1403715572062142976.000000 0.753463745 -52.482921600 15.566429138 -0.538295746 0.118449070 0.158188432 -0.819258153
1403715572112143104.000000 0.714542389 -52.885425568 15.638790131 -0.533385575 0.116555490 0.174101233 -0.819514155
1403715572162142976.000000 0.679174423 -53.293342590 15.714717865 -0.529811502 0.105982997 0.192389160 -0.819178820
1403715572212143104.000000 0.646480560 -53.707283020 15.792839050 -0.528909564 0.088778496 0.208357751 -0.817899883
1403715572262142976.000000 0.615987778 -54.127727509 15.871891022 0.531267226 -0.060699217 -0.223558053 0.814918816
1403715572312143104.000000 0.585412025 -54.553947449 15.950523376 0.536136091 -0.027446145 -0.236645475 0.809817135
1403715572362142976.000000 0.553817749 -54.985492706 16.027294159 0.544242024 0.003901113 -0.243810371 0.802709162
1403715572412143104.000000 0.367040634 -55.380107880 16.233394623 0.553948998 0.034097817 -0.248007715 0.794021428
1403715572462142976.000000 0.195169449 -55.782436371 16.442253113 0.564951777 0.057026140 -0.249290556 0.784494579
1403715572512143104.000000 -0.470930099 -56.046848297 16.559738159 0.577425718 0.071755029 -0.248587966 0.774360895
1403715572562142976.000000 -1.192684174 -56.313049316 16.794799805 0.590398729 0.080468148 -0.247659013 0.763949752
1403715572612143104.000000 -1.851407051 -56.625988007 17.224979401 0.602846086 0.086202540 -0.248274282 0.753329754
1403715572662142976.000000 -2.032876015 -57.081279755 17.676910400 0.615724325 0.090747818 -0.249376029 0.741930008
1403715572712143104.000000 -2.161367416 -57.495296478 17.758918762 0.628101051 0.092146255 -0.253053516 0.730042577
1403715572762142976.000000 -2.306346893 -57.912834167 17.915950775 0.639632583 0.091873966 -0.258556157 0.718037724
1403715572812143104.000000 -2.334095001 -58.369785309 18.039047241 0.652131438 0.087353982 -0.262174487 0.705945075
1403715572862142976.000000 -2.345142365 -58.831584930 18.144763947 0.665042698 0.082760595 -0.264529526 0.693464518
1403715572912143104.000000 -2.679016113 -59.179603577 18.180664062 0.678665996 0.078184590 -0.264512539 0.680685520
1403715572962142976.000000 -2.915693283 -59.569496155 18.221546173 0.691962838 0.076011300 -0.264507681 0.667417049
1403715573012143104.000000 -3.137453079 -59.961380005 18.256977081 0.704998434 0.074996032 -0.264320791 0.653825223
1403715573062142976.000000 -3.246368408 -60.384319305 18.292949677 0.718046308 0.072983414 -0.264033228 0.639819860
1403715573112143104.000000 -3.583936691 -60.714279175 18.268463135 0.730760038 0.071033455 -0.264294118 0.625374079
1403715573162142976.000000 -3.845869064 -61.067626953 18.318748474 0.743373811 0.066793360 -0.264230311 0.610832512
1403715573212143104.000000 -3.732289314 -61.434181213 18.179450989 0.754587412 0.065153606 -0.266891897 0.595920801
1403715573262142976.000000 -3.843952179 -61.877620697 18.195869446 0.765947223 0.060753684 -0.268739372 0.580872715
1403715573312143104.000000 -3.963071823 -62.286178589 18.212409973 0.776444256 0.056657691 -0.272302836 0.565486968
1403715573362142976.000000 -4.084810257 -62.693191528 18.226959229 0.786526501 0.052066531 -0.275889099 0.550045788
1403715573412143104.000000 -4.209104538 -63.098705292 18.239593506 0.796363473 0.047198500 -0.279526144 0.534268498
1403715573462142976.000000 -4.336029053 -63.503288269 18.250473022 0.806502998 0.038705666 -0.281515956 0.518462777
1403715573512143104.000000 -4.464860916 -63.906482697 18.259757996 0.816012502 0.031159500 -0.283685625 0.502668202
1403715573562142976.000000 -4.595367432 -64.308486938 18.267410278 0.824882269 0.024486132 -0.286129683 0.486928582
1403715573612143104.000000 -4.727045059 -64.709480286 18.273368835 -0.832476974 -0.022366386 0.290529937 -0.471247643
1403715573662142976.000000 -4.860271454 -65.109642029 18.277824402 -0.838792562 -0.023414759 0.297070563 -0.455662072
1403715573712143104.000000 -4.995342255 -65.509078979 18.280540466 -0.843627512 -0.027475087 0.306508452 -0.439989090
1403715573762142976.000000 -4.995327950 -66.013435364 18.251377106 -0.847818792 -0.029670829 0.316793263 -0.424222827
1403715573812143104.000000 -5.131045341 -66.413429260 18.248596191 -0.851484120 -0.033921860 0.327889830 -0.407814175
1403715573862142976.000000 -5.070826530 -66.927246094 18.272575378 -0.855332971 -0.035791360 0.338393837 -0.390658766
1403715573912143104.000000 -5.079967499 -67.363319397 18.274677277 -0.859611988 -0.036110379 0.347842872 -0.372516632
1403715573962142976.000000 -5.191597939 -67.274475098 17.966335297 -0.864246964 -0.035355952 0.354985774 -0.354700297
1403715574012143104.000000 -5.325901031 -67.660873413 17.947059631 -0.869432449 -0.033074271 0.362194210 -0.334378123
1403715574062142976.000000 -5.288025856 -67.302825928 17.621917725 0.874048471 0.030937392 -0.369269818 0.314200580
1403715574112143104.000000 -5.351294518 -67.789505005 17.482280731 0.879760504 0.028606396 -0.374037415 0.292060375
1403715574162142976.000000 -5.480241776 -68.151870728 17.438163757 0.886226058 0.027353279 -0.375748277 0.269570887
1403715574212143104.000000 -5.551015377 -68.431877136 17.395996094 0.893014908 0.029364431 -0.375724494 0.245953724
1403715574262142976.000000 -5.632613659 -68.702880859 17.324859619 0.900750577 0.035254657 -0.371399015 0.222414896
1403715574312143104.000000 -5.686225891 -68.956069946 17.274679184 0.907567620 0.045710802 -0.366701066 0.199403852
1403715574362142976.000000 -5.788339615 -69.214630127 17.178161621 0.913114786 0.057854578 -0.362195551 0.178012863
1403715574412143104.000000 -5.886889935 -69.450424194 17.076524734 0.917042792 0.070808083 -0.358827531 0.158939078
1403715574462142976.000000 -6.026305676 -69.788101196 17.016662598 0.919219971 0.081798822 -0.357492656 0.143327385
1403715574512143104.000000 -6.233704567 -70.263160706 16.983123779 0.920824230 0.090682372 -0.356301427 0.130033895
1403715574562142976.000000 -6.388693810 -70.598388672 16.915832520 0.921836555 0.095655210 -0.356426269 0.118439347
1403715574612143104.000000 -6.500110626 -70.760749817 17.004352570 0.921777427 0.100005165 -0.358941913 0.107173294
1403715574662142976.000000 -6.546990395 -71.048934937 16.938850403 0.921772122 0.102573551 -0.361151367 0.096874028
1403715574712143104.000000 -6.646221161 -71.374328613 16.848239899 0.922000766 0.102885768 -0.362989008 0.086995043
1403715574762142976.000000 -6.740849495 -71.672134399 16.773933411 0.922394633 0.100055166 -0.364957482 0.077351630
1403715574812143104.000000 -6.870265007 -71.943847656 16.724229813 0.923367381 0.092714891 -0.366106987 0.069010355
1403715574862142976.000000 -6.947072029 -72.228958130 16.652305603 0.924866080 0.080982827 -0.366287440 0.062434562
1403715574912143104.000000 -7.040771484 -72.506286621 16.561183929 0.926753938 0.070656620 -0.364502668 0.057206411
1403715574962142976.000000 -6.957261086 -72.636993408 16.363233566 0.929453135 0.063053191 -0.359492987 0.053907424
1403715575012143104.000000 -6.960800171 -72.704765320 16.164569855 0.931688428 0.057037815 -0.354925513 0.052261703
1403715575062142976.000000 -7.043741226 -72.974411011 16.103866577 0.934591472 0.054890838 -0.347851247 0.050252896
1403715575112143104.000000 -7.146467209 -73.230354309 16.034660339 0.937233806 0.055042110 -0.340828329 0.048981629
1403715575162142976.000000 -7.254985809 -73.481079102 15.959630966 0.941552997 0.055663299 -0.328703105 0.048310686
1403715575212143104.000000 -7.371657372 -73.729492188 15.882444382 0.946274161 0.057957843 -0.314463049 0.048157860
1403715575262142976.000000 -7.492080688 -73.974929810 15.806125641 0.949665487 0.062246609 -0.303110391 0.048836146
1403715575312143104.000000 -7.615380287 -74.213890076 15.729976654 0.950827897 0.066495217 -0.298214674 0.050722223
1403715575362142976.000000 -7.740301132 -74.448310852 15.656486511 0.949250340 0.065804102 -0.302850485 0.053621888
1403715575412143104.000000 -7.884634018 -74.651306152 15.549741745 0.947015464 0.063342743 -0.309740096 0.056662064
1403715575462142976.000000 -8.009057999 -74.874801636 15.478378296 0.944447160 0.063572258 -0.316842765 0.059906531
1403715575512143104.000000 -8.132386208 -75.093879700 15.407424927 0.942487359 0.066731259 -0.321321815 0.063379601
1403715575562142976.000000 -8.254052162 -75.308029175 15.336226463 0.941712677 0.076024160 -0.320917755 0.066403650
1403715575612143104.000000 -8.374729156 -75.516975403 15.265130043 0.941908538 0.087751292 -0.316740930 0.069161840
1403715575662142976.000000 -8.495610237 -75.720283508 15.194818497 0.941832423 0.097904906 -0.313434571 0.071590334
1403715575712143104.000000 -8.616453171 -75.917190552 15.124822617 0.941687047 0.107950680 -0.310008854 0.073937088
1403715575762142976.000000 -8.738212585 -76.107147217 15.055622101 0.941210628 0.114171945 -0.308726460 0.075996034
1403715575812143104.000000 -8.861158371 -76.290184021 14.987308502 0.940322578 0.115786515 -0.310309529 0.078070551
1403715575862142976.000000 -8.981015205 -76.471786499 14.930518150 0.939914286 0.114458978 -0.311661422 0.079545341
1403715575912143104.000000 -9.105286598 -76.641075134 14.864421844 0.940267801 0.109332338 -0.312243789 0.080292143
1403715575962142976.000000 -9.230817795 -76.803733826 14.799335480 0.940915525 0.097422928 -0.314106077 0.080772169
1403715576012143104.000000 -9.356993675 -76.960380554 14.734670639 0.941738307 0.084439822 -0.315380991 0.080832198
1403715576062142976.000000 -9.483534813 -77.111434937 14.670356750 0.942351520 0.073525563 -0.316371083 0.080479331
1403715576112143104.000000 -9.610424042 -77.257736206 14.607186317 0.943100154 0.065451585 -0.316077709 0.079831190
1403715576162142976.000000 -9.737899780 -77.399826050 14.544692039 0.944091856 0.057219397 -0.314913571 0.079031110
1403715576212143104.000000 -9.866029739 -77.537857056 14.482528687 0.944828093 0.049793623 -0.314287335 0.077742793
1403715576262142976.000000 -10.003660202 -77.524047852 14.316131592 0.945529640 0.046122756 -0.313075751 0.076354682
1403715576312143104.000000 -10.129737854 -77.649620056 14.252413750 0.947103322 0.044521924 -0.308940351 0.074625716
1403715576362142976.000000 -10.254886627 -77.771919250 14.189288139 0.949231744 0.045496922 -0.302676946 0.072634690
1403715576412143104.000000 -10.378738403 -77.890518188 14.127143860 0.952626169 0.045306228 -0.292485535 0.070021287
1403715576462142976.000000 -10.501405716 -78.005592346 14.066177368 0.955781579 0.045721367 -0.282497287 0.067723773
1403715576512143104.000000 -10.602472305 -78.110351562 14.026529312 0.958578169 0.046718646 -0.273114741 0.065982096
1403715576562142976.000000 -10.722333908 -78.217933655 13.970854759 0.961018443 0.048161201 -0.264203906 0.065730087
1403715576612143104.000000 -10.840570450 -78.321876526 13.918235779 0.963259220 0.050709203 -0.255327791 0.066091008
1403715576662142976.000000 -11.554964066 -78.439201355 13.241567612 0.964175642 0.052459609 -0.251859754 0.064652376
1403715576712143104.000000 -11.692421913 -78.518203735 13.169633865 0.964030027 0.054659717 -0.251201212 0.067501239
1403715576762142976.000000 -11.828996658 -78.592872620 13.101034164 0.962995648 0.054317795 -0.254147232 0.071401939
1403715576812143104.000000 -12.030706406 -78.686958313 12.981338501 0.960892439 0.053561941 -0.260837615 0.076030679
1403715576862142976.000000 -12.167933464 -78.753364563 12.917610168 0.957928836 0.052280780 -0.270330429 0.080997877
1403715576912143104.000000 -12.304242134 -78.815338135 12.855917931 0.954840362 0.050836191 -0.279850960 0.085901856
1403715576962142976.000000 -12.448759079 -78.876052856 12.787278175 0.952229440 0.048945840 -0.287556887 0.090412796
1403715577012143104.000000 -12.589944839 -78.931564331 12.722846031 0.950767815 0.043718316 -0.291671902 0.095167592
1403715577062142976.000000 -12.729578972 -78.982635498 12.660462379 0.949922621 0.035508301 -0.293857217 0.100171089
1403715577112143104.000000 -12.865585327 -79.029067993 12.602584839 0.949074328 0.026320146 -0.295501351 0.106038548
1403715577162142976.000000 -12.873998642 -79.016304016 12.610979080 0.948601484 0.016832119 -0.295777440 0.111300096
1403715577212143104.000000 -13.006637573 -79.054336548 12.555917740 0.948097944 0.009499835 -0.295528471 0.116974361
1403715577262142976.000000 -13.142826080 -79.090675354 12.504014969 0.947896957 0.004805124 -0.294298172 0.121888913
1403715577312143104.000000 -13.284782410 -79.124931335 12.452528000 0.947630048 0.003836283 -0.293514878 0.125823617
1403715577362142976.000000 -13.427272797 -79.157913208 12.408273697 0.947517335 0.006104967 -0.292558163 0.128776759
1403715577412143104.000000 -13.576398849 -79.188163757 12.361028671 0.947389007 0.009209195 -0.291898966 0.131012902
1403715577462142976.000000 -13.726863861 -79.215759277 12.314619064 0.947184861 0.011629540 -0.291707367 0.132711843
1403715577512143104.000000 -13.877180099 -79.240913391 12.268754959 0.947204173 0.013350595 -0.291102767 0.133736074
1403715577562142976.000000 -14.026080132 -79.263511658 12.223030090 0.947197497 0.014645716 -0.290843666 0.134210438
1403715577612143104.000000 -14.154173851 -79.286300659 12.193893433 0.947205722 0.014393357 -0.290810883 0.134250522
1403715577662142976.000000 -14.294292450 -79.303871155 12.148902893 0.947336137 0.013879706 -0.290532619 0.133987352
1403715577712143104.000000 -14.430946350 -79.318840027 12.103322983 0.947293162 0.011032217 -0.291097671 0.133327141
1403715577762142976.000000 -14.564234734 -79.331291199 12.057209015 0.947581112 0.005812180 -0.290751219 0.132363692
1403715577812143104.000000 -14.696406364 -79.342063904 12.011421204 0.948047519 -0.000352766 -0.289091200 0.132785738
1403715577862142976.000000 -14.826956749 -79.351593018 11.972070694 0.948106110 -0.007446299 -0.288026959 0.134461433
1403715577912143104.000000 -14.963674545 -79.359924316 11.929073334 0.947880030 -0.013618540 -0.286815435 0.138112336
1403715577962142976.000000 -15.102607727 -79.367607117 11.890029907 0.947040796 -0.020558899 -0.286625177 0.143307790
1403715578012143104.000000 -15.238649368 -79.374885559 11.860092163 0.945530951 -0.028733026 -0.287415802 0.150125951
1403715578062142976.000000 -15.338602066 -79.379653931 11.859134674 0.943342209 -0.037915371 -0.289522946 0.157621130
1403715578112143104.000000 -15.477677345 -79.390563965 11.845401764 0.939664721 -0.051274050 -0.294370621 0.166574597
1403715578162142976.000000 -15.620676994 -79.396018982 11.821559906 0.934562862 -0.068386294 -0.300883353 0.177157566
1403715578212143104.000000 -15.765168190 -79.406539917 11.795143127 0.930276811 -0.079459563 -0.303654373 0.189908624
1403715578262142976.000000 -15.910413742 -79.418891907 11.767562866 0.927160025 -0.081225477 -0.303343058 0.204352230
1403715578312143104.000000 -16.054138184 -79.433753967 11.739311218 0.924343288 -0.080013089 -0.301361352 0.219929084
1403715578362142976.000000 -16.196453094 -79.450683594 11.712051392 -0.921544790 0.075342290 0.298784167 -0.236234725
1403715578412143104.000000 -16.335418701 -79.478485107 11.685874939 -0.918142438 0.069614343 0.296997905 -0.252904415
1403715578462142976.000000 -16.473134995 -79.505928040 11.659233093 -0.913545549 0.062746882 0.297893047 -0.269735307
1403715578512143104.000000 -16.610572815 -79.532157898 11.632904053 -0.907302976 0.055515300 0.303002208 -0.286197692
1403715578562142976.000000 -16.750400543 -79.555908203 11.607376099 -0.899167895 0.046667520 0.313599765 -0.301619887
1403715578612143104.000000 -16.892631531 -79.580017090 11.578819275 -0.889222562 0.041741062 0.329363942 -0.314738691
1403715578662142976.000000 -17.034629822 -79.604736328 11.548088074 -0.879226089 0.037907109 0.345825464 -0.325468004
1403715578712143104.000000 -17.181678772 -79.631118774 11.515556335 -0.869968772 0.037108768 0.360366702 -0.334534287
1403715578762142976.000000 -17.306470871 -79.650444031 11.484008789 -0.862540603 0.037156254 0.371241152 -0.341794074
1403715578812143104.000000 -17.441650391 -79.674781799 11.447982788 -0.857529938 0.039209254 0.377283663 -0.347508550
1403715578862142976.000000 -17.582841873 -79.706466675 11.399902344 -0.854722142 0.039191470 0.379372537 -0.352122962
1403715578912143104.000000 -17.724109650 -79.738151550 11.345596313 -0.854485929 0.035047550 0.377116233 -0.355540305
1403715578962142976.000000 -17.862838745 -79.772041321 11.286979675 -0.856753349 0.024064166 0.370661825 -0.357777059
1403715579012143104.000000 -18.001935959 -79.807785034 11.220275879 -0.860456824 0.009887104 0.361087352 -0.359349847
1403715579062142976.000000 -18.137956619 -79.843116760 11.150093079 -0.863495231 -0.008319576 0.353205353 -0.359934539
1403715579112143104.000000 -18.271505356 -79.878112793 11.074371338 -0.866218328 -0.029845174 0.345031261 -0.360178649
1403715579162142976.000000 -18.403366089 -79.909919739 10.993370056 -0.869078219 -0.051250130 0.335697770 -0.359699219
1403715579212143104.000000 -18.046915054 -79.922271729 11.158958435 -0.870865643 -0.074054815 0.328911453 -0.357667863
1403715579262142976.000000 -18.058439255 -79.944396973 11.126739502 -0.873540998 -0.087499507 0.319700330 -0.356457174
1403715579312143104.000000 -18.162630081 -79.963165283 11.043724060 -0.875860214 -0.094971418 0.312122405 -0.355568618
1403715579362142976.000000 -18.268043518 -79.976043701 10.957435608 0.876968205 0.098010726 -0.308732063 0.354972124
1403715579412143104.000000 -18.374748230 -79.983123779 10.868927002 0.877814829 0.095826797 -0.307367921 0.354659468
1403715579462142976.000000 -18.482055664 -79.984069824 10.777832031 -0.878836632 -0.090886764 0.306614548 -0.354081094
1403715579512143104.000000 -18.590827942 -79.979156494 10.684547424 -0.879461348 -0.080945402 0.308322817 -0.353458285
1403715579562142976.000000 -18.698507309 -79.968673706 10.589782715 -0.880922616 -0.066375293 0.308795273 -0.352441788
1403715579612143104.000000 -18.804031372 -79.953422546 10.492439270 -0.882562280 -0.059421919 0.307514966 -0.350695580
1403715579662142976.000000 -18.909307480 -79.934753418 10.392280579 -0.885240734 -0.054515541 0.303476095 -0.348251492
1403715579712143104.000000 -19.013681412 -79.911972046 10.290199280 -0.888485193 -0.049292926 0.297889709 -0.345580876
1403715579762142976.000000 -19.116079330 -79.885421753 10.186500549 -0.891921759 -0.045751095 0.291533053 -0.342623562
1403715579812143104.000000 -19.211479187 -79.853530884 10.082763672 -0.894119799 -0.046853580 0.287904859 -0.339801997
1403715579862142976.000000 -19.305494308 -79.818359375 9.976638794 -0.895635605 -0.050317794 0.284434557 -0.338233799
1403715579912143104.000000 -19.397619247 -79.779579163 9.869804382 -0.896405995 -0.050788019 0.282278866 -0.337928385
1403715579962142976.000000 -19.487506866 -79.736450195 9.762634277 -0.897508621 -0.046174631 0.277642637 -0.339500874
1403715580012143104.000000 -19.577901840 -79.690246582 9.655776978 -0.897727251 -0.040202729 0.272968471 -0.343449891
1403715580062142976.000000 -19.669504166 -79.641166687 9.550216675 -0.896996796 -0.034352500 0.267978042 -0.349863559
1403715580112143104.000000 -19.763164520 -79.589080811 9.446525574 -0.895372927 -0.028523665 0.263033360 -0.358199984
1403715580162142976.000000 -19.855194092 -79.527313232 9.338592529 -0.892905653 -0.023049749 0.258484274 -0.367932171
1403715580212143104.000000 -19.949428558 -79.467750549 9.236648560 -0.889648557 -0.017919116 0.253962755 -0.379087299
1403715580262142976.000000 -20.046155930 -79.407821655 9.137825012 -0.885577083 -0.013358683 0.250148743 -0.391152769
1403715580312143104.000000 -20.142646790 -79.345123291 9.041114807 -0.881480455 -0.007117838 0.244899079 -0.403690398
1403715580362142976.000000 -20.238084793 -79.279769897 8.946006775 -0.877334893 0.001438875 0.237972006 -0.416714281
1403715580412143104.000000 -20.331417084 -79.212493896 8.853126526 -0.872377038 0.009322179 0.232093737 -0.430120915
1403715580462142976.000000 -20.422681808 -79.143264771 8.762351990 -0.867472172 0.018400053 0.225422040 -0.443100959
1403715580512143104.000000 -20.511629105 -79.072265625 8.673950195 -0.862477958 0.026925158 0.220128357 -0.454918027
1403715580562142976.000000 -20.597991943 -78.999679565 8.586845398 -0.858014643 0.035761524 0.215797856 -0.464718610
1403715580612143104.000000 -20.682893753 -78.926651001 8.503662109 -0.854160964 0.046595521 0.212562859 -0.472287118
1403715580662142976.000000 -20.766109467 -78.852218628 8.422302246 -0.850673735 0.058767058 0.209282130 -0.478645623
1403715580712143104.000000 -20.846935272 -78.778961182 8.346107483 -0.847587883 0.071107991 0.206554696 -0.483604819
1403715580762142976.000000 -20.924991608 -78.706748962 8.273582458 -0.844832659 0.082063280 0.204413712 -0.487584352
1403715580812143104.000000 -20.914001465 -78.645370483 8.153686523 -0.842924893 0.093783379 0.200492457 -0.490392894
1403715580862142976.000000 -20.952886581 -78.577346802 8.075248718 -0.841090679 0.107075930 0.196963087 -0.492246628
1403715580912143104.000000 -20.994049072 -78.516792297 8.007133484 -0.839618564 0.123133399 0.192762822 -0.492667675
1403715580962142976.000000 -21.027206421 -78.465316772 7.942916870 -0.837988853 0.137463093 0.190640777 -0.492478162
1403715581012143104.000000 -21.071128845 -78.408798218 7.891067505 -0.836246550 0.142402619 0.193400055 -0.492960095
1403715581062142976.000000 -21.095355988 -78.382148743 7.849067688 -0.834177375 0.145514399 0.200057030 -0.492900550
1403715581112143104.000000 -21.113775253 -78.360748291 7.811920166 -0.832019925 0.144625515 0.208397418 -0.493352741
1403715581162142976.000000 -21.126052856 -78.353187561 7.781425476 -0.830473781 0.139415756 0.214797541 -0.494710594
1403715581212143104.000000 -21.127292633 -78.356842041 7.756889343 -0.829534411 0.128623173 0.220183149 -0.496838182
1403715581262142976.000000 -21.128702164 -78.374473572 7.740455627 -0.830471933 0.119648814 0.220205814 -0.497503728
1403715581312143104.000000 -21.127069473 -78.387756348 7.736427307 -0.833071887 0.113087259 0.217345551 -0.495947003
1403715581362142976.000000 -21.116615295 -78.419853210 7.729507446 -0.836597502 0.107201956 0.215307862 -0.492193967
1403715581412143104.000000 -21.107740402 -78.461669922 7.728317261 -0.840753615 0.100826137 0.214885548 -0.486612588
1403715581462142976.000000 -21.099197388 -78.511848450 7.728477478 -0.845349610 0.091010131 0.217676178 -0.479289472
1403715581512143104.000000 -21.090646744 -78.556221008 7.736839294 -0.850584507 0.075292960 0.221854687 -0.470762700
1403715581562142976.000000 -21.084182739 -78.587417603 7.752365112 -0.856466949 0.057478111 0.226627886 -0.460217953
1403715581612143104.000000 -21.079872131 -78.610015869 7.769073486 -0.862323344 0.040803224 0.232005537 -0.448226541
1403715581662142976.000000 -21.077257156 -78.631835938 7.789634705 -0.868513048 0.025696514 0.236894175 -0.434633255
1403715581712143104.000000 -21.075744629 -78.661468506 7.804496765 -0.874375641 0.011589814 0.243083999 -0.419813275
1403715581762142976.000000 -21.074344635 -78.685287476 7.821495056 -0.880310357 -0.002724402 0.249389216 -0.403548419
1403715581812143104.000000 -21.066469193 -78.708328247 7.843086243 -0.886223674 -0.016857596 0.255175292 -0.386275947
1403715581862142976.000000 -21.054241180 -78.728988647 7.865745544 -0.892127872 -0.027712665 0.260331064 -0.368195236
1403715581912143104.000000 -21.035036087 -78.746444702 7.888870239 -0.898785532 -0.031805363 0.262433410 -0.349716663
1403715581962142976.000000 -21.012535095 -78.761451721 7.912788391 -0.905955434 -0.029263219 0.262221754 -0.331101388
1403715582012143104.000000 -20.983554840 -78.774070740 7.936958313 -0.914051771 -0.028132947 0.256283253 -0.313108444
1403715582062142976.000000 -20.950515747 -78.785530090 7.961288452 -0.922683120 -0.025695635 0.246258810 -0.295554161
1403715582112143104.000000 -20.913492203 -78.795013428 7.987785339 0.930333734 0.026862185 -0.235902667 0.279477537
1403715582162142976.000000 -20.878526688 -78.804077148 8.008239746 0.936762094 0.027844679 -0.226576760 0.265262991
1403715582212143104.000000 -20.837486267 -78.809371948 8.039848328 0.942123353 0.027954711 -0.218437612 0.252798498
1403715582262142976.000000 -20.798595428 -78.815612793 8.076206207 0.944953680 0.028465115 -0.217132851 0.243116662
1403715582312143104.000000 -20.760749817 -78.817420959 8.116996765 0.945716679 0.027641427 -0.222166896 0.235580027
1403715582362142976.000000 -20.722797394 -78.816146851 8.162212372 0.945388436 0.026652213 -0.229482889 0.229930475
1403715582412143104.000000 -20.689130783 -78.828323364 8.204677582 0.944502652 0.025935257 -0.237305194 0.225673407
1403715582462142976.000000 -20.647533417 -78.824325562 8.254467010 0.942896724 0.024282984 -0.246587649 0.222599611
1403715582512143104.000000 -20.602014542 -78.818687439 8.306404114 0.940906823 0.022713024 -0.255891293 0.220676720
1403715582562142976.000000 -20.551342010 -78.811286926 8.359680176 0.939402878 0.020376595 -0.262549132 0.219488367
1403715582612143104.000000 -20.495298386 -78.802803040 8.414772034 0.937822402 0.018925352 -0.268429399 0.219263837
1403715582662142976.000000 -20.433460236 -78.793594360 8.470535278 0.936480105 0.017023258 -0.272799700 0.219762549
1403715582712143104.000000 -20.366685867 -78.782257080 8.526226044 0.935135782 0.014895883 -0.276490718 0.221025094
1403715582762142976.000000 -20.299074173 -78.769760132 8.582756042 0.933902919 0.013223455 -0.279142410 0.223002359
1403715582812143104.000000 -20.231792450 -78.756698608 8.641651154 0.932198286 0.011018129 -0.283072799 0.225288317
1403715582862142976.000000 -20.165924072 -78.743560791 8.702068329 0.930015564 0.008249288 -0.288305640 0.227778360
1403715582912143104.000000 -20.099750519 -78.729278564 8.764080048 0.927438021 0.006349617 -0.294588357 0.230295956
1403715582962142976.000000 -20.034719467 -78.714698792 8.827259064 0.924939036 0.003736628 -0.300599307 0.232624188
1403715583012143104.000000 -19.970584869 -78.699981689 8.891120911 0.922708213 0.001223762 -0.305686444 0.234869987
1403715583062142976.000000 -19.907451630 -78.685485840 8.954990387 0.921250165 -0.000336687 -0.308610022 0.236765459
1403715583112143104.000000 -19.843423843 -78.671005249 9.018413544 0.921480417 -0.002119367 -0.306501627 0.238592148
1403715583162142976.000000 -19.776334763 -78.657104492 9.080650330 0.924914479 -0.000963675 -0.294814289 0.240035325
1403715583212143104.000000 -19.707592010 -78.643096924 9.142131805 0.929442465 -0.000354663 -0.279242188 0.241164923
1403715583262142976.000000 -19.635004044 -78.628906250 9.205524445 0.934907675 -0.001126064 -0.260148168 0.241390631
1403715583312143104.000000 -19.560104370 -78.614540100 9.271106720 0.939972997 -0.002326629 -0.241417050 0.241170660
1403715583362142976.000000 -19.483348846 -78.599334717 9.339881897 0.944989383 -0.003855634 -0.221957237 0.240239859
1403715583412143104.000000 -19.405517578 -78.584014893 9.410324097 0.949405909 -0.005672604 -0.203811705 0.238866210
1403715583462142976.000000 -19.322467804 -78.567543030 9.487373352 0.953131914 -0.006573094 -0.187848136 0.237085313
1403715583512143104.000000 -19.234947205 -78.551651001 9.568878174 0.956408322 -0.005419362 -0.173170641 0.235086679
1403715583562142976.000000 -19.145473480 -78.532783508 9.658401489 0.959676683 -0.004282737 -0.157651365 0.232698038
1403715583612143104.000000 -19.051166534 -78.512268066 9.755378723 0.963563561 -0.000846473 -0.136685103 0.229916781
1403715583662142976.000000 -18.952669144 -78.489768982 9.861160278 0.967027247 0.005841464 -0.114294484 0.227510497
1403715583712143104.000000 -18.850107193 -78.464775085 9.976425171 0.969992101 0.012475865 -0.092231080 0.224617630
1403715583762142976.000000 -18.743635178 -78.436462402 10.102382660 0.972198725 0.019168669 -0.073008426 0.221657544
1403715583812143104.000000 -18.631834030 -78.404129028 10.240104675 0.973820329 0.024941253 -0.056655385 0.218728542
1403715583862142976.000000 -18.512985229 -78.366905212 10.390544891 0.975108147 0.027276220 -0.044664726 0.215465441
1403715583912143104.000000 -18.385101318 -78.324378967 10.554668427 0.975906312 0.025938231 -0.040193643 0.212881818
1403715583962142976.000000 -18.248113632 -78.276557922 10.733028412 0.976640761 0.020634536 -0.040210921 0.210072055
1403715584012143104.000000 -18.101646423 -78.224021912 10.925647736 0.977237642 0.011864586 -0.044735957 0.207037732
1403715584062142976.000000 -18.034585953 -78.177787781 11.199359894 0.977295756 0.001868890 -0.054216266 0.204817653
1403715584112143104.000000 -17.875530243 -78.118713379 11.422512054 0.976726472 -0.010084984 -0.069509514 0.202662840
1403715584162142976.000000 -17.708091736 -78.057182312 11.658287048 0.975225329 -0.021068485 -0.089236408 0.201317132
1403715584212143104.000000 -17.532459259 -77.994186401 11.905494690 0.972887576 -0.033345543 -0.112158448 0.199495390
1403715584262142976.000000 -17.350986481 -77.902397156 12.179454803 0.969043434 -0.042941414 -0.140626520 0.198331013
1403715584312143104.000000 -17.168720245 -77.837341309 12.446117401 0.964734674 -0.050637949 -0.167479411 0.196655795
1403715584362142976.000000 -16.984033585 -77.774414062 12.719161987 0.960571587 -0.057871044 -0.189768925 0.194784269
1403715584412143104.000000 -16.800575256 -77.713172913 12.997955322 0.956685483 -0.060480352 -0.208909348 0.193525016
1403715584462142976.000000 -16.619165421 -77.653923035 13.282291412 0.953429401 -0.060927622 -0.223881394 0.192710593
1403715584512143104.000000 -16.437919617 -77.596855164 13.570987701 0.951257885 -0.060791820 -0.233836532 0.191659480
1403715584562142976.000000 -16.254865646 -77.542350769 13.862941742 0.949403405 -0.060459308 -0.242130980 0.190658078
1403715584612143104.000000 -16.068714142 -77.490455627 14.157142639 0.948100567 -0.058224507 -0.248032525 0.190250441
1403715584662142976.000000 -15.879054070 -77.441268921 14.453781128 0.946916401 -0.051672019 -0.254119366 0.190007567
1403715584712143104.000000 -15.686318398 -77.394752502 14.752334595 0.945487320 -0.040824749 -0.261195809 0.190168172
1403715584762142976.000000 -15.490278244 -77.350372314 15.051685333 0.943904996 -0.030871650 -0.267767131 0.190764278
1403715584812143104.000000 -15.290815353 -77.307250977 15.351711273 0.942853272 -0.022848206 -0.271657705 0.191592842
1403715584862142976.000000 -15.088402748 -77.264869690 15.652484894 0.941844881 -0.017015770 -0.274864703 0.192582726
1403715584912143104.000000 -14.881601334 -77.223159790 15.951145172 0.940164447 -0.011238792 -0.280396491 0.193241850
1403715584962142976.000000 -14.674348831 -77.181549072 16.252979279 0.937678993 -0.002655252 -0.288133532 0.194242552
1403715585012143104.000000 -14.465923309 -77.139480591 16.555187225 0.934510291 0.001030547 -0.297923923 0.194758520
1403715585062142976.000000 -14.261651993 -77.102508545 16.856277466 0.931265771 0.000086157 -0.307636321 0.195202515
1403715585112143104.000000 -14.053136826 -77.059638977 17.160099030 0.928280950 -0.003621004 -0.316310048 0.195523128
1403715585162142976.000000 -13.841870308 -77.016464233 17.461124420 0.925688624 -0.006078905 -0.323755920 0.195565447
1403715585212143104.000000 -13.625864029 -76.974044800 17.758384705 0.924751401 -0.009802085 -0.326725245 0.194908828
1403715585262142976.000000 -13.406776428 -76.932266235 18.052946091 0.925648272 -0.009291271 -0.324727893 0.194012627
1403715585312143104.000000 -13.184656143 -76.890991211 18.344886780 0.928635836 -0.009200724 -0.316896528 0.192684770
1403715585362142976.000000 -12.959773064 -76.850280762 18.635086060 0.932109058 -0.005272448 -0.307739377 0.190896302
1403715585412143104.000000 -12.732831001 -76.809616089 18.924394608 0.935552061 -0.002229684 -0.298291773 0.189101577
1403715585462142976.000000 -12.504158020 -76.768722534 19.213752747 0.938451290 0.000311936 -0.290461868 0.186925337
1403715585512143104.000000 -12.273187637 -76.727340698 19.503152847 0.941557646 0.004159059 -0.281590372 0.184821010
1403715585562142976.000000 -12.040020943 -76.685104370 19.793516159 0.944848359 0.008409944 -0.271764904 0.182578102
1403715585612143104.000000 -11.805851936 -76.642021179 20.085256577 0.947244942 0.011411780 -0.264674276 0.180400565
1403715585662142976.000000 -11.570501328 -76.597923279 20.378976822 0.949184120 0.013556547 -0.259048581 0.178212523
1403715585712143104.000000 -11.334628105 -76.552719116 20.675168991 0.949957013 0.014451076 -0.257417947 0.176377356
1403715585762142976.000000 -11.099187851 -76.506355286 20.974067688 0.950574875 0.014151110 -0.256356567 0.174609587
1403715585812143104.000000 -10.866483688 -76.458946228 21.276050568 0.951315761 0.009951930 -0.255160689 0.172604844
1403715585862142976.000000 -10.637534142 -76.410865784 21.581762314 0.951871395 0.004023053 -0.254673272 0.170488432
1403715585912143104.000000 -10.411099434 -76.362274170 21.891178131 0.952622592 -0.007456413 -0.253437638 0.168000266
1403715585962142976.000000 -10.179762840 -76.319938660 22.194612503 0.953326404 -0.020586383 -0.251505047 0.165801972
1403715586012143104.000000 -9.950177193 -76.271926880 22.509277344 0.954093575 -0.037033230 -0.248331174 0.163296312
1403715586062142976.000000 -9.714914322 -76.225456238 22.827829361 0.955556989 -0.051637497 -0.241283789 0.161327422
1403715586112143104.000000 -9.472586632 -76.181350708 23.148914337 0.958828032 -0.059196729 -0.226798505 0.160333991
1403715586162142976.000000 -9.223620415 -76.139862061 23.474132538 0.962133169 -0.059518725 -0.212625176 0.159836888
1403715586212143104.000000 -8.968301773 -76.100738525 23.804887772 0.965007424 -0.053527221 -0.200752944 0.159980774
1403715586262142976.000000 -8.707630157 -76.063163757 24.142093658 0.967290401 -0.041579347 -0.191711485 0.160832927
1403715586312143104.000000 -8.443468094 -76.026618958 24.485715866 0.968769610 -0.027162699 -0.185932532 0.161792606
1403715586362142976.000000 -8.175979614 -75.990097046 24.835678101 0.970001876 -0.011308201 -0.180172890 0.162807330
1403715586412143104.000000 -7.905961037 -75.952774048 25.192066193 0.971027792 0.002238904 -0.174272031 0.163491413
1403715586462142976.000000 -7.633462429 -75.913848877 25.555145264 0.972060442 0.012013102 -0.168260932 0.163225040
1403715586512143104.000000 -7.357960224 -75.872978210 25.925048828 0.972873390 0.018672777 -0.163511261 0.162581697
1403715586562142976.000000 -7.079287529 -75.829566956 26.302074432 0.973637462 0.021315597 -0.159618735 0.161547765
1403715586612143104.000000 -6.809133530 -75.794067383 26.676597595 0.974145710 0.022212829 -0.157315731 0.160618931
1403715586662142976.000000 -6.520659447 -75.741363525 27.071342468 0.974101543 0.021430811 -0.158495903 0.159830973
1403715586712143104.000000 -6.233836174 -75.690582275 27.465862274 0.973896265 0.017015262 -0.161390990 0.158712178
1403715586762142976.000000 -5.950630188 -75.629295349 27.863733292 0.973127723 0.009445032 -0.167748570 0.157460243
1403715586812143104.000000 -5.657622337 -75.573997498 28.277191162 0.971706033 -0.000096680 -0.177193210 0.156173065
1403715586862142976.000000 -5.361089230 -75.519340515 28.695924759 0.969816387 -0.009349287 -0.188044995 0.154944986
1403715586912143104.000000 -5.061632156 -75.462577820 29.122091293 0.967860520 -0.016273558 -0.197973490 0.154233024
1403715586962142976.000000 -4.758273125 -75.405723572 29.553743362 0.966300070 -0.020474220 -0.205314040 0.153919443
1403715587012143104.000000 -4.451388359 -75.348937988 29.990760803 0.965446532 -0.023404663 -0.209159806 0.153679878
1403715587062142976.000000 -4.141384602 -75.292457581 30.432891846 0.965075314 -0.025574213 -0.210728362 0.153522909
1403715587112143104.000000 -3.827425957 -75.236587524 30.879661560 0.965469778 -0.025882393 -0.208982825 0.153376803
1403715587162142976.000000 -3.508867264 -75.181083679 31.331443787 0.966746569 -0.021505587 -0.203745946 0.153056040
1403715587212143104.000000 -3.185550928 -75.125793457 31.788150787 0.968607485 -0.016158516 -0.195983186 0.152082279
1403715587262142976.000000 -2.858660936 -75.070281982 32.250358582 0.970175743 -0.011800792 -0.189641327 0.150519446
1403715587312143104.000000 -2.528064728 -75.013938904 32.718124390 0.971613467 -0.009266268 -0.184327036 0.148003712
1403715587362142976.000000 -2.194749355 -74.956512451 33.192123413 0.972868979 -0.012184403 -0.180507645 0.144203112
1403715587412143104.000000 -1.858395815 -74.898452759 33.672550201 0.974163651 -0.018201860 -0.176231757 0.140057847
1403715587462142976.000000 -1.543754101 -74.855415344 34.173614502 0.974695206 -0.027038230 -0.174564898 0.136986822
1403715587512143104.000000 -1.211370587 -74.751312256 34.671707153 0.974642456 -0.036135793 -0.174410433 0.135452390
1403715587562142976.000000 -0.888586998 -74.686729431 35.189041138 0.974214196 -0.046731599 -0.174055248 0.135748833
1403715587612143104.000000 -0.550059319 -74.616035461 35.721832275 0.973190606 -0.057933047 -0.174393266 0.138314232
1403715587662142976.000000 -0.198146820 -74.542213440 36.274417877 0.971612215 -0.067927867 -0.175591201 0.143259406
1403715587712143104.000000 0.151189804 -74.484405518 36.833965302 0.969385564 -0.075551033 -0.178728864 0.150465056
1403715587762142976.000000 0.506360054 -74.431182861 37.391872406 0.966920614 -0.081634007 -0.180658475 0.160508618
1403715587812143104.000000 0.865363121 -74.386901855 37.954425812 0.964248180 -0.086511128 -0.180901766 0.173251152
1403715587862142976.000000 1.228020668 -74.345291138 38.514682770 0.961474061 -0.089150675 -0.179356232 0.188284725
1403715587912143104.000000 1.595368385 -74.308082581 39.078529358 0.958367288 -0.088180728 -0.177169234 0.205833688
1403715587962142976.000000 1.964594841 -74.274299622 39.643207550 0.955213726 -0.084444024 -0.172386825 0.225208178
1403715588012143104.000000 2.342493057 -74.243469238 40.209629059 0.951778233 -0.079644665 -0.166385815 0.245134160
1403715588062142976.000000 2.720066071 -74.213516235 40.792259216 0.948023856 -0.074530445 -0.159184381 0.265247643
1403715588112143104.000000 3.098377228 -74.184677124 41.381973267 0.943723798 -0.069690287 -0.152280733 0.285200566
1403715588162142976.000000 3.475848198 -74.156478882 41.980125427 -0.938918352 0.065616138 0.144938558 -0.305155218
1403715588212143104.000000 3.851302147 -74.128822327 42.586273193 -0.933634341 0.062630355 0.137709484 -0.324715972
1403715588262142976.000000 4.223911285 -74.101028442 43.200710297 -0.927795470 0.062291704 0.131293327 -0.343623847
1403715588312143104.000000 4.594578743 -74.072929382 43.823532104 -0.921397388 0.064127214 0.126235589 -0.361910522
1403715588362142976.000000 4.965440750 -74.044364929 44.455177307 -0.914717734 0.066228658 0.121979155 -0.379508018
1403715588412143104.000000 5.339141846 -74.015113831 45.096065521 -0.907717705 0.067534834 0.118858978 -0.396686614
1403715588462142976.000000 5.716491699 -73.985275269 45.745872498 -0.900719404 0.068543412 0.116217569 -0.412916213
1403715588512143104.000000 6.097373962 -73.954910278 46.404769897 -0.893397689 0.071224175 0.115310282 -0.428335369
1403715588562142976.000000 6.482381821 -73.924179077 47.072834015 -0.886010587 0.073665626 0.113767609 -0.443413585
1403715588612143104.000000 6.870697021 -73.893066406 47.749679565 -0.878205121 0.077544890 0.114703313 -0.457805365
1403715588662142976.000000 7.262132645 -73.861557007 48.435417175 -0.870116711 0.083157994 0.117827959 -0.471273094
1403715588712143104.000000 7.656970978 -73.830062866 49.129871368 -0.861521244 0.088147350 0.123487912 -0.484522492
1403715588762142976.000000 8.054943085 -73.798667908 49.832660675 -0.852518678 0.093742073 0.130251214 -0.497452527
1403715588812143104.000000 8.456001282 -73.767852783 50.543720245 -0.842660427 0.098856285 0.140096411 -0.510415554
1403715588862142976.000000 8.859752655 -73.738174438 51.262401581 -0.831982970 0.104565136 0.152116179 -0.523193240
1403715588912143104.000000 9.266271591 -73.710227966 51.988258362 -0.820783556 0.110788815 0.165640414 -0.535353541
1403715588962142976.000000 9.676015854 -73.684700012 52.720752716 -0.809407949 0.117481120 0.178154618 -0.547099590
1403715589012143104.000000 10.089483261 -73.662139893 53.459159851 -0.798077762 0.123802714 0.189525917 -0.558412731
1403715589062142976.000000 10.507804871 -73.643264771 54.203159332 -0.787396371 0.130694121 0.196977481 -0.569320619
1403715589112143104.000000 10.932708740 -73.628959656 54.952423096 -0.777907848 0.135015398 0.201098606 -0.579818726
1403715589162142976.000000 11.363555908 -73.619827271 55.706676483 -0.769337654 0.139650285 0.203467548 -0.589252353
1403715589212143104.000000 11.801776886 -73.616149902 56.465793610 -0.761924505 0.142528296 0.203831688 -0.598004520
1403715589262142976.000000 12.246097565 -73.617515564 57.230304718 -0.754457355 0.145095706 0.204114154 -0.606694996
1403715589312143104.000000 12.696491241 -73.624282837 58.000190735 -0.746985972 0.149647728 0.205176964 -0.614426613
1403715589362142976.000000 13.152896881 -73.636444092 58.775863647 -0.738812327 0.154786915 0.208104551 -0.622004747
1403715589412143104.000000 13.614833832 -73.654060364 59.557205200 -0.731100321 0.160951763 0.208984017 -0.629215896
1403715589462142976.000000 14.080444336 -73.677330017 60.344535828 -0.723273695 0.167272806 0.209553868 -0.636382103
1403715589512143104.000000 14.549152374 -73.706817627 61.138046265 -0.715713859 0.172170788 0.211031705 -0.643099189
1403715589562142976.000000 15.021503448 -73.742683411 61.937793732 -0.709436774 0.175119087 0.212723434 -0.648676753
1403715589612143104.000000 15.499275208 -73.785232544 62.743648529 -0.704339504 0.177922294 0.214142352 -0.652987421
1403715589662142976.000000 15.984027863 -73.835525513 63.555572510 -0.701223373 0.179074079 0.212529510 -0.656543553
1403715589712143104.000000 16.475975037 -73.893501282 64.373535156 -0.700012326 0.176169738 0.208915457 -0.659773707
1403715589762142976.000000 16.976295471 -73.959503174 65.197570801 -0.701366425 0.167129248 0.199711472 -0.663527250
1403715589812143104.000000 17.484916687 -74.032211304 66.027946472 -0.704928458 0.151467770 0.185136333 -0.667725921
1403715589862142976.000000 17.999763489 -74.110099792 66.864784241 -0.709623277 0.134944975 0.167453051 -0.670957685
1403715589912143104.000000 18.517173767 -74.190994263 67.708251953 -0.713691354 0.123173691 0.151585773 -0.672677279
1403715589962142976.000000 19.036428452 -74.273727417 68.558532715 -0.717354059 0.113622390 0.138027921 -0.673380613
1403715590012143104.000000 19.556808472 -74.357414246 69.416107178 0.720616162 -0.107268937 -0.127572760 0.673001409
1403715590062142976.000000 20.078857422 -74.441810608 70.280822754 0.723227978 -0.102038562 -0.121528938 0.672131062
1403715590112143104.000000 20.602544785 -74.526184082 71.153259277 0.725116789 -0.098352037 -0.119390294 0.671028018
1403715590162142976.000000 20.992937088 -74.417335510 72.116096497 0.726727605 -0.096315138 -0.120009795 0.669468582
1403715590212143104.000000 21.516920090 -74.496917725 73.004180908 0.728622496 -0.096924596 -0.124024734 0.666583002
1403715590262142976.000000 22.013742447 -74.581359863 73.820831299 0.731516004 -0.095322005 -0.128706858 0.662746310
1403715590312143104.000000 22.537496567 -74.682029724 74.716552734 0.735482037 -0.091940157 -0.134632170 0.657637775
1403715590362142976.000000 23.056423187 -74.800796509 75.634246826 0.740376651 -0.085613765 -0.141902864 0.651441693
1403715590412143104.000000 23.563022614 -74.926261902 76.536842346 0.746499002 -0.078665406 -0.149539679 0.643575072
1403715590462142976.000000 24.087713242 -75.019470215 77.456344604 0.754308164 -0.070430733 -0.155423462 0.633957624
1403715590512143104.000000 24.616044998 -75.096061707 78.371742249 0.762903810 -0.063420191 -0.161506400 0.622793257
1403715590562142976.000000 25.149736404 -75.170127869 79.290313721 0.772317350 -0.055332053 -0.167672083 0.610205293
1403715590612143104.000000 25.682685852 -75.245887756 80.219230652 0.782227874 -0.050552022 -0.173980221 0.596066296
1403715590662142976.000000 26.220937729 -75.280113220 81.155693054 0.793206275 -0.051880524 -0.177151769 0.580301225
1403715590712143104.000000 26.752498627 -75.353111267 82.099029541 0.805182457 -0.058216985 -0.177589670 0.562809110
1403715590762142976.000000 27.289226532 -75.411712646 83.051559448 -0.817629874 0.063631088 0.174823582 -0.544857144
1403715590812143104.000000 27.837173462 -75.482292175 84.005920410 -0.830525756 0.066778943 0.169436827 -0.526363730
1403715590862142976.000000 28.391132355 -75.539886475 84.970321655 -0.843191683 0.066574864 0.163628787 -0.507760942
1403715590912143104.000000 28.949350357 -75.610366821 85.936782837 -0.855762959 0.064188838 0.157964200 -0.488463819
1403715590962142976.000000 29.541912079 -75.643295288 86.924858093 -0.867602527 0.060721267 0.156136438 -0.468188286
1403715591012143104.000000 30.144710541 -75.608871460 87.947837830 -0.878423452 0.057053283 0.156837359 -0.447793782
1403715591062142976.000000 30.719493866 -75.655105591 88.931335449 -0.888808250 0.053601578 0.159183264 -0.426388949
1403715591112143104.000000 31.297748566 -75.686920166 89.934318542 -0.898737431 0.048897021 0.161975086 -0.404529631
1403715591162142976.000000 31.862316132 -75.728439331 90.941970825 -0.908060074 0.040905256 0.166408330 -0.382180661
1403715591212143104.000000 32.440181732 -75.765213013 91.956771851 -0.916682005 0.032162078 0.171451256 -0.359533429
1403715591262142976.000000 33.023418427 -75.813842773 92.972930908 -0.924642742 0.020892898 0.176380739 -0.336881697
1403715591312143104.000000 33.602733612 -75.876388550 93.990127563 -0.932037950 0.009349544 0.180559486 -0.314032227
1403715591362142976.000000 34.184764862 -75.936630249 95.013519287 -0.939122915 0.000778078 0.182898194 -0.290853709
1403715591412143104.000000 34.769218445 -75.994323730 96.042694092 0.945594549 0.007857418 -0.184976414 0.267531306
1403715591462142976.000000 35.355609894 -76.049041748 97.078224182 0.951666594 0.014758305 -0.185690284 0.244196862
1403715591512143104.000000 35.943264008 -76.100570679 98.120071411 0.956863821 0.019382427 -0.187754363 0.220871687
1403715591562142976.000000 36.530937195 -76.149017334 99.168167114 0.961727917 0.022746490 -0.188894391 0.197182834
1403715591612143104.000000 37.117897034 -76.194458008 100.222610474 0.966063678 0.023537721 -0.189921200 0.173484713
1403715591662142976.000000 37.704982758 -76.237167358 101.283370972 0.970109582 0.024799841 -0.188921392 0.150269985
1403715591712143104.000000 38.300102234 -76.288444519 102.288192749 0.973543525 0.030272102 -0.186279729 0.128827676
1403715591762142976.000000 38.893146515 -76.316886902 103.363845825 0.976326287 0.035856053 -0.183710590 0.108405501
1403715591812143104.000000 39.482238770 -76.334350586 104.451385498 0.978441834 0.041580178 -0.181946576 0.088420205
1403715591862142976.000000 40.074554443 -76.353210449 105.542877197 0.980029762 0.046553876 -0.180507571 0.069220938
1403715591912143104.000000 40.671871185 -76.356346130 106.646194458 0.981124163 0.052748363 -0.179160461 0.050144773
1403715591962142976.000000 41.259136200 -76.378593445 107.749031067 0.981722713 0.061302077 -0.177421838 0.031369556
1403715592012143104.000000 41.846477509 -76.396972656 108.859802246 0.981564581 0.072485901 -0.176355988 0.013246142
1403715592062142976.000000 42.457302094 -76.348800659 110.001083374 0.981094420 0.082523391 -0.174967855 -0.005469995
1403715592112143104.000000 43.047023773 -76.356109619 111.128364563 0.980372369 0.092311509 -0.172446400 -0.024715528
1403715592162142976.000000 43.641124725 -76.357284546 112.264053345 0.979851604 0.100322396 -0.166682750 -0.045201257
1403715592212143104.000000 44.241863251 -76.351776123 113.408721924 0.979387939 0.107454136 -0.157492310 -0.066701263
1403715592262142976.000000 44.848594666 -76.339729309 114.563095093 0.978087664 0.114259839 -0.149928063 -0.088378645
1403715592312143104.000000 45.451663971 -76.323554993 115.725219727 0.976103008 0.121121787 -0.142833471 -0.110231489
1403715592362142976.000000 46.061073303 -76.272987366 116.919967651 0.973259807 0.127874702 -0.137893409 -0.131904542
1403715592412143104.000000 46.688331604 -76.228660583 118.117523193 0.969664216 0.135211363 -0.133744806 -0.153563291
1403715592462142976.000000 47.321327209 -76.173667908 119.330215454 0.965452969 0.142019406 -0.131159857 -0.174723238
1403715592512143104.000000 47.954303741 -76.126502991 120.541915894 0.960875869 0.149267942 -0.126947984 -0.195757106
1403715592562142976.000000 48.590198517 -76.073516846 121.766098022 0.955900788 0.156316847 -0.122034051 -0.216625437
1403715592612143104.000000 49.228393555 -76.014137268 123.002609253 0.950524390 0.162969574 -0.117119931 -0.237123117
1403715592662142976.000000 49.868827820 -75.948143005 124.251693726 0.944382071 0.170892596 -0.112103753 -0.257625997
1403715592712143104.000000 50.545227051 -75.772949219 125.542694092 0.937684238 0.177520335 -0.107560277 -0.278685540
1403715592762142976.000000 51.199531555 -75.680480957 126.831604004 0.930536866 0.180819735 -0.105361275 -0.300506949
1403715592812143104.000000 51.853111267 -75.590492249 128.125488281 0.923329830 0.177275434 -0.106277421 -0.323636591
1403715592862142976.000000 52.506504059 -75.492431641 129.437515259 0.915902138 0.166320384 -0.111998379 -0.347731680
1403715592912143104.000000 53.161289215 -75.394226074 130.756454468 0.907677472 0.153053999 -0.118893147 -0.372237206
1403715592962142976.000000 53.818908691 -75.291992188 132.088287354 0.898611844 0.139385968 -0.125992343 -0.396477401
1403715593012143104.000000 54.560871124 -74.962928772 133.515563965 0.888812244 0.126482338 -0.130957156 -0.420553654
1403715593062142976.000000 55.233837128 -74.847640991 134.871917725 0.878139615 0.115534581 -0.134129077 -0.444445729
1403715593112143104.000000 55.902328491 -74.733825684 136.240112305 0.866686463 0.109137788 -0.134879053 -0.467708379
1403715593162142976.000000 56.573768616 -74.618804932 137.619018555 0.854805291 0.106701598 -0.133647561 -0.489960223
1403715593212143104.000000 57.248146057 -74.502975464 139.008438110 0.842940331 0.106199943 -0.129934937 -0.511165559
1403715593262142976.000000 57.900459290 -74.411773682 140.439193726 0.830977142 0.108121492 -0.125953346 -0.530963838
1403715593312143104.000000 58.579990387 -74.317199707 141.873016357 0.819044590 0.113976814 -0.121264808 -0.549062908
1403715593362142976.000000 59.264682770 -74.209365845 143.304901123 0.807683766 0.124056377 -0.112925388 -0.565247655
1403715593412143104.000000 59.953559875 -74.101104736 144.750915527 0.795929372 0.135302857 -0.104928344 -0.580671787
1403715593462142976.000000 60.642982483 -73.983001709 146.196838379 0.783759058 0.146132067 -0.096188329 -0.595915258
1403715593512143104.000000 61.335433960 -73.869293213 147.679138184 0.771172762 0.155955255 -0.088861942 -0.610798001
1403715593562142976.000000 62.046318054 -73.781509399 149.203521729 0.758277714 0.160605311 -0.082302004 -0.626456201
1403715593612143104.000000 62.757698059 -73.687026978 150.732147217 0.745063782 0.163635001 -0.073272713 -0.642444313
1403715593662142976.000000 63.459335327 -73.578155518 152.242599487 0.731777608 0.161692992 -0.065584429 -0.658828974
1403715593712143104.000000 64.161911011 -73.458847046 153.756042480 0.718614936 0.158575296 -0.055566605 -0.674802899
1403715593762142976.000000 64.868881226 -73.372879028 155.329803467 0.704526007 0.155772775 -0.047857244 -0.690715373
1403715593812143104.000000 65.576843262 -73.257965088 156.873321533 0.689631939 0.154228076 -0.040992890 -0.706357658
1403715593862142976.000000 66.291435242 -73.141418457 158.428527832 0.673995733 0.156720370 -0.034592293 -0.721090734
1403715593912143104.000000 67.006652832 -73.028488159 159.999740601 0.656832218 0.158365399 -0.031689115 -0.736537576
1403715593962142976.000000 67.723815918 -72.917907715 161.584777832 0.638775468 0.162545785 -0.030484792 -0.751409054
1403715594012143104.000000 68.419250488 -72.829406738 163.193069458 0.620286763 0.167757526 -0.029581251 -0.765654504
1403715594062142976.000000 69.111373901 -72.737243652 164.793106079 0.601289332 0.171946287 -0.031476565 -0.779676199
1403715594112143104.000000 69.832153320 -72.643188477 166.415908813 0.582517982 0.176112652 -0.034055389 -0.792778313
1403715594162142976.000000 70.555999756 -72.548484802 168.056610107 0.564025044 0.179078251 -0.035790272 -0.805311024
1403715594212143104.000000 71.284210205 -72.443550110 169.702911377 0.545905828 0.181474909 -0.036213741 -0.817155063
1403715594262142976.000000 72.015640259 -72.343078613 171.364959717 0.528323472 0.183390200 -0.036092587 -0.828214824
1403715594312143104.000000 72.799423218 -72.262016296 173.053771973 0.510717213 0.185431212 -0.033980306 -0.838825762
1403715594362142976.000000 73.577438354 -72.204139709 174.771896362 0.493343741 0.186486021 -0.029724512 -0.849088609
1403715594412143104.000000 74.329727173 -72.119445801 176.466659546 0.475534081 0.188707620 -0.024308974 -0.858874798
1403715594462142976.000000 75.092102051 -72.035331726 178.193344116 0.457014412 0.191488832 -0.018114334 -0.868413448
1403715594512143104.000000 75.842941284 -71.948120117 179.926071167 0.438005924 0.194841921 -0.009621140 -0.877550542
1403715594562142976.000000 76.596237183 -71.864143372 181.671661377 0.418077350 0.198224813 -0.001767053 -0.886518657
1403715594612143104.000000 77.351760864 -71.783020020 183.430236816 0.397305489 0.201643020 0.004797867 -0.895246089
1403715594662142976.000000 78.109786987 -71.704902649 185.202514648 0.376029521 0.207019746 0.009324084 -0.903137743
1403715594712143104.000000 78.869735718 -71.630035400 186.988571167 0.353638619 0.214538902 0.009004840 -0.910401940
1403715594762142976.000000 79.769165039 -71.614440918 188.887298584 0.330179989 0.221568301 0.001895283 -0.917542994
1403715594812143104.000000 80.579277039 -71.556625366 190.698928833 0.306528091 0.226668045 -0.005747108 -0.924461544
1403715594862142976.000000 81.397293091 -71.517211914 192.526504517 0.282735229 0.229760602 -0.013071974 -0.931182086
1403715594912143104.000000 82.193389893 -71.468132019 194.370986938 0.259019345 0.233433574 -0.017958591 -0.937067389
1403715594962142976.000000 82.970520020 -71.405776978 196.224212646 0.235841557 0.236289784 -0.020925866 -0.942394853
1403715595012143104.000000 83.759963989 -71.341377258 198.089416504 0.213156044 0.238147378 -0.020841960 -0.947320461
1403715595062142976.000000 84.542770386 -71.280754089 199.969146729 0.190882787 0.239980593 -0.019305913 -0.951630414
1403715595112143104.000000 85.328979492 -71.220626831 201.862670898 0.168415546 0.239353269 -0.018884342 -0.956028044
1403715595162142976.000000 86.118515015 -71.161437988 203.769348145 0.145712882 0.235306099 -0.020840926 -0.960710466
1403715595212143104.000000 86.911354065 -71.102767944 205.688919067 0.123080172 0.231340542 -0.019829934 -0.964852095
1403715595262142976.000000 87.847991943 -71.264526367 207.753326416 0.100231268 0.226686582 -0.018565061 -0.968618751
1403715595312143104.000000 88.857429504 -71.314109802 209.709426880 0.077184625 0.220494345 -0.016416261 -0.972190976
1403715595362142976.000000 89.689422607 -71.286270142 211.646942139 0.054002222 0.213690475 -0.012559691 -0.975326896
1403715595412143104.000000 90.514701843 -71.244346619 213.600662231 0.030528544 0.207966477 -0.010759418 -0.977600217
1403715595462142976.000000 91.330322266 -71.196510315 215.569458008 0.007005919 0.199852765 -0.007543485 -0.979771852
1403715595512143104.000000 92.158462524 -71.145721436 217.556411743 -0.016416609 0.191985548 -0.001026631 -0.981259942
1403715595562142976.000000 92.978775024 -71.096618652 219.552505493 -0.039233699 0.184120402 0.007800776 -0.982089400
1403715595612143104.000000 93.802955627 -71.048713684 221.558135986 -0.060970925 0.173308626 0.023242533 -0.982703745
1403715595662142976.000000 94.630584717 -71.003082275 223.572952271 -0.082591094 0.159915388 0.040377051 -0.982840538
1403715595712143104.000000 95.461921692 -70.960151672 225.595825195 -0.103351235 0.144350782 0.060295861 -0.982265651
1403715595762142976.000000 96.296600342 -70.921012878 227.625778198 -0.124097519 0.127630398 0.078390196 -0.980900228
1403715595812143104.000000 97.135139465 -70.886100769 229.661651611 -0.143808231 0.110770479 0.097027160 -0.978588164
1403715595862142976.000000 97.977226257 -70.846107483 231.719696045 -0.162986994 0.093767650 0.108777769 -0.976119995
1403715595912143104.000000 98.820045471 -70.812301636 233.791213989 -0.180427358 0.074946530 0.119484536 -0.973423064
1403715595962142976.000000 99.669433594 -70.788963318 235.843276978 -0.197624266 0.054606680 0.123412497 -0.970943987
1403715596012143104.000000 100.522575378 -70.768775940 237.921524048 0.214279160 -0.034138333 -0.120471805 0.968713403
1403715596062142976.000000 101.384506226 -70.756752014 239.969390869 0.231162965 -0.014428191 -0.111400917 0.966408491
1403715596112143104.000000 102.251159668 -70.747032166 242.016113281 0.246300340 0.000374291 -0.099730447 0.964048743
1403715596162142976.000000 103.122947693 -70.739425659 244.061294556 0.257679701 0.006816474 -0.093700640 0.961652219
1403715596212143104.000000 103.533073425 -70.672943115 246.213714600 0.266831011 0.002206262 -0.091482691 0.959389031
1403715596262142976.000000 104.105674744 -70.687225342 248.261474609 0.273608327 -0.014897148 -0.094255976 0.957095802
1403715596312143104.000000 104.895339966 -70.706520081 250.298660278 0.279924929 -0.044154804 -0.098885760 0.953894198
1403715596362142976.000000 105.695480347 -70.731323242 252.334701538 -0.286146909 0.076765381 0.104171216 -0.949407995
1403715596412143104.000000 106.570541382 -70.751792908 254.375640869 -0.293504208 0.110055268 0.105848998 -0.943683803
1403715596462142976.000000 107.443847656 -70.766830444 256.429656982 -0.301658750 0.140203059 0.106443696 -0.937024474
1403715596512143104.000000 108.324073792 -70.779144287 258.491027832 -0.309941173 0.167245135 0.107035346 -0.929789782
1403715596562142976.000000 109.093421936 -70.608619690 260.005645752 -0.320638388 0.189688221 0.108087540 -0.921697617
1403715596612143104.000000 109.837326050 -70.288604736 261.289489746 -0.332324296 0.209539428 0.110095672 -0.912980199
1403715596662142976.000000 110.718536377 -70.250587463 263.258026123 -0.342488140 0.226341546 0.111828089 -0.904967427
1403715596712143104.000000 111.614677429 -70.279655457 265.338317871 -0.352748662 0.238553122 0.113819547 -0.897611260
1403715596762142976.000000 112.524520874 -70.316780090 267.454864502 -0.363308281 0.247609302 0.116730697 -0.890545249
1403715596812143104.000000 113.448463440 -70.343269348 269.587951660 -0.374106556 0.256965667 0.118374124 -0.883176386
1403715596862142976.000000 114.346481323 -70.389236450 271.720489502 -0.383777529 0.266433626 0.119298674 -0.876068413
1403715596912143104.000000 115.246650696 -70.441345215 273.866638184 -0.392415911 0.274579167 0.121098936 -0.869454503
1403715596962142976.000000 116.148696899 -70.499885559 276.026428223 -0.399583012 0.281823754 0.123710617 -0.863484025
1403715597012143104.000000 117.053253174 -70.565017700 278.200225830 -0.406055599 0.285592318 0.125976816 -0.858886361
1403715597062142976.000000 117.963409424 -70.639160156 280.394012451 -0.411533266 0.286591530 0.126893386 -0.855805933
1403715597112143104.000000 118.874168396 -70.718063354 282.596801758 -0.417064786 0.282824934 0.124541722 -0.854725957
1403715597162142976.000000 119.796752930 -70.805053711 284.823303223 -0.423416555 0.273989499 0.118495040 -0.855340362
1403715597212143104.000000 120.713714600 -70.897422791 287.053771973 -0.431159288 0.261454999 0.108011700 -0.856782675
1403715597262142976.000000 121.633651733 -70.995178223 289.297027588 -0.439582735 0.246643364 0.096703865 -0.858243883
1403715597312143104.000000 122.555770874 -71.094047546 291.553100586 -0.449202329 0.230799630 0.083631374 -0.859042883
1403715597362142976.000000 123.476837158 -71.207656860 293.818664551 -0.459139943 0.216238886 0.072560541 -0.858583927
1403715597412143104.000000 124.404769897 -71.314895630 296.097351074 -0.470090479 0.201274157 0.060534541 -0.857227683
1403715597462142976.000000 125.335784912 -71.423728943 298.387176514 -0.481332868 0.182462022 0.052340247 -0.855737627
1403715597512143104.000000 126.268844604 -71.532669067 300.687164307 -0.493158847 0.166148379 0.047170844 -0.852621853
1403715597562142976.000000 127.204040527 -71.641235352 302.996643066 -0.505513847 0.153224230 0.045238074 -0.847898364
1403715597612143104.000000 128.140350342 -71.748924255 305.314758301 0.518210530 -0.144402444 -0.045659527 0.841736972
1403715597662142976.000000 129.076416016 -71.854736328 307.643310547 0.531138718 -0.138163880 -0.047539111 0.834591150
1403715597712143104.000000 130.039825439 -71.953216553 309.994232178 0.543456137 -0.135920554 -0.052105609 0.826720059
1403715597762142976.000000 130.996948242 -72.056770325 312.350769043 0.554801345 -0.134170443 -0.056172747 0.819169402
1403715597812143104.000000 131.942810059 -72.160621643 314.706024170 0.564815581 -0.134045720 -0.058574814 0.812147915
1403715597862142976.000000 132.891632080 -72.263519287 317.070190430 0.573416173 -0.131257415 -0.060539160 0.806412101
1403715597912143104.000000 133.829467773 -72.365219116 319.467315674 0.580910385 -0.125587329 -0.059961896 0.801982284
1403715597962142976.000000 134.842864990 -72.484588623 321.976684570 0.587142169 -0.118393525 -0.057348955 0.798722863
1403715598012143104.000000 135.824554443 -72.584686279 324.412017822 0.592057109 -0.113098837 -0.055490147 0.795988679
1403715598062142976.000000 136.816711426 -72.696426392 326.890991211 0.595647514 -0.108289517 -0.055271722 0.793991566
1403715598112143104.000000 137.798919678 -72.791534424 329.325195312 0.597974598 -0.103215188 -0.057287373 0.792774439
1403715598162142976.000000 138.760116577 -72.891021729 331.764892578 0.600094438 -0.097348109 -0.057063624 0.791930437
1403715598212143104.000000 139.713455200 -72.988861084 334.203491211 0.602137208 -0.090883762 -0.053278569 0.791411698
1403715598262142976.000000 140.691375732 -73.084274292 336.656799316 0.603869557 -0.082779758 -0.047188323 0.791367412
1403715598312143104.000000 141.664337158 -73.174224854 339.107421875 0.605156183 -0.074040487 -0.040261567 0.791633189
1403715598362142976.000000 142.626251221 -73.258728027 341.563598633 0.606459618 -0.064643323 -0.031092988 0.791872025
1403715598412143104.000000 143.598449707 -73.342239380 344.024597168 0.607686043 -0.052908175 -0.018330872 0.792201042
1403715598462142976.000000 144.573760986 -73.421066284 346.493225098 0.608667374 -0.043052603 -0.006536891 0.792229652
1403715598512143104.000000 145.554733276 -73.493698120 348.968139648 0.609543920 -0.035350181 0.004798788 0.791949213
1403715598562142976.000000 146.514541626 -73.575973511 351.443176270 0.610088229 -0.030870117 0.012563993 0.791632295
1403715598612143104.000000 147.489761353 -73.655303955 353.907257080 0.610151291 -0.029022040 0.015572865 0.791600108
1403715598662142976.000000 148.474822998 -73.728668213 356.390106201 0.609634936 -0.033870824 0.010887722 0.791883588
1403715598712143104.000000 149.474670410 -73.792617798 358.868438721 0.608607948 -0.042406578 0.001691813 0.792335272
1403715598762142976.000000 150.465728760 -73.837448120 361.365783691 0.607764423 -0.054403018 -0.010112432 0.792187154
1403715598812143104.000000 151.455047607 -73.866729736 363.886413574 0.606858790 -0.067303047 -0.022537766 0.791634202
1403715598862142976.000000 152.448318481 -73.913024902 366.404602051 0.606103837 -0.078050531 -0.033087406 0.790854931
1403715598912143104.000000 153.435165405 -73.944168091 368.928741455 0.605359733 -0.086496077 -0.042887025 0.790075183
1403715598962142976.000000 154.429458618 -73.968002319 371.468109131 0.604930520 -0.092254274 -0.049747650 0.789349973
1403715599012143104.000000 155.438003540 -73.996429443 374.015441895 0.604885817 -0.096101999 -0.055266675 0.788557649
1403715599062142976.000000 156.441314697 -74.019531250 376.569824219 0.605323553 -0.097898841 -0.057437826 0.787845194
1403715599112143104.000000 157.447570801 -74.041610718 379.132385254 0.605836630 -0.097166695 -0.058950786 0.787429631
1403715599162142976.000000 158.481262207 -74.075637817 381.703491211 0.606758833 -0.098184198 -0.058301415 0.786641359
1403715599212143104.000000 159.527404785 -74.110916138 384.279388428 0.607969284 -0.103802666 -0.057790760 0.785021484
1403715599262142976.000000 160.560195923 -74.135894775 386.864105225 0.609209239 -0.110338800 -0.056888744 0.783232450
1403715599312143104.000000 161.574859619 -74.154083252 389.463256836 0.610746324 -0.117546849 -0.054357562 0.781163871
1403715599362142976.000000 162.591979980 -74.171081543 392.066864014 0.612381160 -0.124640502 -0.050016180 0.779071569
1403715599412143104.000000 163.611602783 -74.187072754 394.679748535 0.614355981 -0.130760193 -0.043249574 0.776915669
1403715599462142976.000000 164.633758545 -74.202529907 397.302459717 0.616544068 -0.136098221 -0.035639375 0.774648666
1403715599512143104.000000 165.659210205 -74.217376709 399.936065674 0.618373811 -0.139220223 -0.028484898 0.772929668
1403715599562142976.000000 166.570892334 -74.344161987 402.356933594 0.619813859 -0.142286852 -0.023366680 0.771387935
1403715599612143104.000000 167.612823486 -74.363265991 405.004547119 0.621522844 -0.141965866 -0.016627200 0.770245850
1403715599662142976.000000 168.655746460 -74.379089355 407.657958984 0.623127222 -0.141453475 -0.009661254 0.769161940
1403715599712143104.000000 169.693908691 -74.387649536 410.332397461 0.624087095 -0.136626452 -0.006738173 0.769287407
1403715599762142976.000000 170.735229492 -74.394073486 413.017578125 0.624543369 -0.130309105 -0.005165652 0.770025074
1403715599812143104.000000 171.779724121 -74.397766113 415.713714600 0.624423265 -0.123429313 -0.007026820 0.771240234
1403715599862142976.000000 172.827209473 -74.398666382 418.420593262 0.623624742 -0.115802266 -0.013705933 0.772977531
1403715599912143104.000000 173.877212524 -74.396789551 421.137817383 0.622543931 -0.112308554 -0.023696814 0.774121642
1403715599962142976.000000 174.924407959 -74.389587402 423.863494873 0.621331573 -0.111812688 -0.034711495 0.774751723
1403715600012143104.000000 176.013854980 -74.382522583 426.610778809 0.620166838 -0.111792147 -0.044440906 0.775190711
1403715600062142976.000000 177.073272705 -74.375335693 429.355682373 0.619876504 -0.109135404 -0.055351973 0.775099158
1403715600112143104.000000 178.136322021 -74.367340088 432.108947754 0.620872617 -0.102840066 -0.068032682 0.774152935
1403715600162142976.000000 179.202484131 -74.358551025 434.869323730 0.623350918 -0.093858048 -0.082314365 0.771912336
1403715600212143104.000000 180.281524658 -74.355010986 437.631652832 0.627505839 -0.083995178 -0.096685149 0.768006086
1403715600262142976.000000 181.354156494 -74.346282959 440.404083252 0.633937716 -0.075375587 -0.108474955 0.762020171
1403715600312143104.000000 182.429473877 -74.337554932 443.181945801 0.642708898 -0.068882361 -0.117406607 0.753920615
1403715600362142976.000000 183.508239746 -74.328552246 445.964385986 0.653278589 -0.062414374 -0.125261962 0.744070590
1403715600412143104.000000 184.196166992 -72.790466309 446.811157227 0.665440321 -0.061350808 -0.128917322 0.732670188
1403715600462142976.000000 185.272766113 -72.741851807 449.572204590 0.679273784 -0.063375033 -0.132817566 0.718978643
1403715600512143104.000000 186.352005005 -72.692291260 452.338134766 0.694683969 -0.073102258 -0.133696750 0.702990353
1403715600562142976.000000 187.435134888 -72.642211914 455.109252930 0.710526228 -0.084375672 -0.132306904 0.685950637
1403715600612143104.000000 188.522308350 -72.592010498 457.886840820 0.726062238 -0.093297914 -0.132091969 0.668341935
1403715600662142976.000000 189.614990234 -72.542114258 460.670745850 0.741066635 -0.098678179 -0.132236764 0.650842786
1403715600712143104.000000 190.714599609 -72.492126465 463.461669922 -0.755796075 0.099567175 0.132388085 -0.633507788
1403715600762142976.000000 191.820861816 -72.441833496 466.259765625 -0.770304859 0.096507519 0.132451683 -0.616257548
1403715600812143104.000000 192.933166504 -72.391601562 469.065612793 -0.784005046 0.093444146 0.133092046 -0.599074960
1403715600862142976.000000 194.052780151 -72.341247559 471.879119873 -0.796984196 0.086176448 0.133799627 -0.582655668
1403715600912143104.000000 195.178604126 -72.290039062 474.699645996 -0.809023142 0.081315666 0.134269670 -0.566428363
1403715600962142976.000000 196.311477661 -72.238647461 477.528015137 -0.819675148 0.075097710 0.134532601 -0.551719129
1403715601012143104.000000 197.450500488 -72.186340332 480.364440918 0.828919113 -0.069448106 -0.134212613 0.538569570
1403715601062142976.000000 198.595535278 -72.133239746 483.208251953 0.836956680 -0.063597731 -0.132070422 0.527272522
1403715601112143104.000000 199.746353149 -72.078857422 486.060455322 0.843108892 -0.058793768 -0.131592542 0.518067777
