1403636626213555456.000000 0.042525172 -0.004282345 -0.000096407 0.003584757 0.001661952 0.009025784 0.999951541
1403636626263555584.000000 0.081233539 -0.013595621 -0.001702945 0.002819756 0.002710769 0.007135551 0.999966919
1403636626313555456.000000 0.098243602 -0.014997290 -0.000637882 0.003193053 0.003488438 0.007688494 0.999959290
1403636626363555584.000000 0.110613652 -0.016316915 0.002464736 0.002639728 0.003741442 0.006303930 0.999969721
1403636626413555456.000000 0.121883541 -0.013190842 0.005846915 0.002605615 0.003842552 0.004618878 0.999978542
1403636626463555584.000000 0.097570062 -0.000397942 0.008097822 0.004114271 0.003684396 0.007482585 0.999956787
1403636626513555456.000000 0.070312940 0.000544162 0.006382585 0.002392677 0.010452110 0.003243156 0.999937236
1403636626563555584.000000 0.102369756 0.004830672 0.011315261 0.002322528 0.011027438 -0.000530006 0.999936402
1403636626613555456.000000 0.087307014 0.007599309 0.009673410 0.002056985 0.014969575 -0.002838288 0.999881864
1403636626663555584.000000 0.087984748 0.011320299 0.009957890 0.001963556 0.017633285 -0.006386523 0.999822199
1403636626713555456.000000 0.103327312 0.021233480 0.014487597 0.002442484 0.016162075 -0.008603287 0.999829471
1403636626763555584.000000 0.100527041 0.025843710 0.014319813 0.003487723 0.014061591 -0.009551159 0.999849498
1403636626813555456.000000 0.099202715 0.030619143 0.012080147 0.005157941 0.010412016 -0.009092639 0.999891222
1403636626863555584.000000 0.093408890 0.035003863 0.010224825 0.005724789 0.006982965 -0.009509449 0.999914050
1403636626913555456.000000 0.088034555 0.039317738 0.008766367 0.006139295 0.002429183 -0.010127066 0.999926925
1403636626963555584.000000 0.077105813 0.044578236 0.006429370 0.005039873 -0.001977445 -0.011328819 0.999921203
1403636627013555456.000000 0.069498114 0.047403712 0.005485482 0.004644779 -0.006400044 -0.012156846 0.999894917
1403636627063555584.000000 0.063274764 0.052789055 0.001945877 0.004655914 -0.010626421 -0.012296692 0.999857128
1403636627113555456.000000 0.057599105 0.057064056 -0.000304863 0.004946580 -0.015299671 -0.012279671 0.999795318
1403636627163555584.000000 0.055898190 0.060508091 -0.004277367 0.005143248 -0.014183694 -0.012109655 0.999812841
1403636627213555456.000000 0.055589490 0.067230120 -0.008555997 0.005395643 -0.011277325 -0.012008317 0.999849737
1403636627263555584.000000 0.059113104 0.069305621 -0.012559249 0.004865373 -0.007517117 -0.012929210 0.999876380
1403636627313555456.000000 0.064655580 0.072405271 -0.017263196 0.005551724 -0.004074558 -0.012712724 0.999895513
1403636627363555584.000000 0.072267026 0.077121310 -0.023192037 0.006495061 -0.003228900 -0.010829696 0.999915063
1403636627413555456.000000 0.081158862 0.078741439 -0.029784897 0.006515899 -0.002622457 -0.010436362 0.999920964
1403636627463555584.000000 0.095258258 0.084164970 -0.043494284 0.006985746 -0.001113065 -0.008223243 0.999941230
1403636627513555456.000000 0.106153101 0.087759644 -0.050614681 0.005331543 -0.002309804 -0.006826693 0.999959826
1403636627563555584.000000 0.113562196 0.091343060 -0.057408106 0.001925042 -0.003186484 -0.004963638 0.999980807
1403636627613555456.000000 0.118033394 0.097300403 -0.064008467 -0.001745465 -0.004820617 -0.002939942 0.999982595
1403636627663555584.000000 0.116786569 0.102018230 -0.068993077 -0.005286772 -0.007701948 -0.001628233 0.999955058
1403636627713555456.000000 0.114460669 0.109621532 -0.074431822 -0.010206840 -0.012266674 0.000087355 0.999872684
1403636627763555584.000000 0.108740315 0.114464700 -0.077663139 -0.016094530 -0.018061059 0.000877861 0.999707043
1403636627813555456.000000 0.101965062 0.121116921 -0.080920808 -0.022183420 -0.023342889 0.002110745 0.999479175
1403636627863555584.000000 0.094050355 0.127378926 -0.081317589 -0.028980490 -0.028368851 0.003848301 0.999169946
1403636627913555456.000000 0.087718718 0.134234264 -0.082004614 -0.034488440 -0.032874580 0.005110949 0.998851240
1403636627963555584.000000 0.085064255 0.142422989 -0.081974693 -0.039320819 -0.036784630 0.005953806 0.998531640
1403636628013555456.000000 0.086244911 0.148403779 -0.082307868 -0.043864261 -0.038152386 0.005856236 0.998291612
1403636628063555584.000000 0.089239858 0.153878242 -0.079913788 -0.047260277 -0.036096808 0.006521811 0.998208880
1403636628113555456.000000 0.095424935 0.159110948 -0.078686602 -0.050102349 -0.029369429 0.006939092 0.998288095
1403636628163555584.000000 0.105615698 0.166069835 -0.075742416 -0.051396195 -0.020579059 0.008666978 0.998428702
1403636628213555456.000000 0.113950618 0.172862306 -0.069341019 -0.052719891 -0.011294432 0.011539769 0.998478770
1403636628263555584.000000 0.126706392 0.178353474 -0.068423308 0.053005371 0.004961127 -0.015188276 -0.998466492
1403636628313555456.000000 0.138357192 0.184291720 -0.064256079 -0.052452207 -0.000344364 0.019442510 0.998434126
1403636628363555584.000000 0.151056364 0.190874323 -0.063299820 0.052078415 -0.001636035 -0.022031503 -0.998398662
1403636628413555456.000000 0.168960914 0.202841610 -0.065426916 -0.052041702 0.002046427 0.024243042 0.998348594
1403636628463555584.000000 0.180295765 0.209134653 -0.063934319 -0.051671367 0.002448328 0.025563153 0.998333931
1403636628513555456.000000 0.190111354 0.217067257 -0.062306605 -0.050872345 0.002044120 0.026595667 0.998348951
1403636628563555584.000000 0.197928905 0.225843325 -0.061721466 0.050023969 -0.001446708 -0.027847882 -0.998358667
1403636628613555456.000000 0.204454139 0.235562488 -0.061411936 -0.048776321 0.001226795 0.028841244 0.998392522
1403636628663555584.000000 0.209001854 0.245933652 -0.060941424 0.048095703 -0.001187826 -0.028805031 -0.998426557
1403636628713555456.000000 0.207396999 0.253430814 -0.048371017 -0.048477504 0.000475589 0.027141083 0.998455346
1403636628763555584.000000 0.208424196 0.266208053 -0.047924381 -0.051710114 -0.002072460 0.024888955 0.998349845
1403636628813555456.000000 0.214863494 0.285868526 -0.053990249 -0.057029843 -0.005694544 0.022716185 0.998097777
1403636628863555584.000000 0.213734612 0.299811363 -0.053397175 -0.061676834 -0.010163285 0.021416785 0.997814655
1403636628913555456.000000 0.214996919 0.314415753 -0.046438366 -0.065927789 -0.014672433 0.020869272 0.997498274
1403636628963555584.000000 0.217727989 0.329210758 -0.048941016 -0.069428384 -0.018293479 0.020563491 0.997207165
1403636629013555456.000000 0.215191826 0.334619403 -0.035143655 -0.071046129 -0.021936987 0.020997483 0.997010708
1403636629063555584.000000 0.221435428 0.347644597 -0.040030003 -0.073956534 -0.023403339 0.021808106 0.996748328
1403636629113555456.000000 0.238186270 0.371301889 -0.048449066 -0.078262411 -0.023743443 0.021654092 0.996414781
1403636629163555584.000000 0.245511651 0.385051131 -0.053329229 -0.082535200 -0.023929005 0.023225943 0.996030092
1403636629213555456.000000 0.249820501 0.396522135 -0.042307053 -0.087658711 -0.023069499 0.025047831 0.995568395
1403636629263555584.000000 0.255774319 0.410901487 -0.044770762 -0.092711195 -0.021196710 0.026900889 0.995103896
1403636629313555456.000000 0.263278395 0.429758132 -0.043489359 -0.097080134 -0.018419933 0.029814152 0.994659364
1403636629363555584.000000 0.267321914 0.444583029 -0.043485727 -0.100482166 -0.015748976 0.032871559 0.994271040
1403636629413555456.000000 0.264428049 0.452479243 -0.024873065 -0.101925902 -0.012278262 0.037293203 0.994016886
1403636629463555584.000000 0.266197264 0.468612254 -0.023014270 -0.105906382 -0.008186284 0.042369246 0.993439317
1403636629513555456.000000 0.266574711 0.484752476 -0.013477353 -0.110913217 -0.005685273 0.047501747 0.992678046
1403636629563555584.000000 0.264576167 0.502240658 -0.010970854 -0.117060386 -0.005870914 0.052013811 0.991744459
1403636629613555456.000000 0.261467606 0.520781577 -0.000403275 -0.125304073 -0.008769880 0.054529853 0.990579903
1403636629663555584.000000 0.255805969 0.540079057 0.003344106 -0.134331644 -0.013838659 0.057087723 0.989193916
1403636629713555456.000000 0.257535636 0.572680414 -0.003108650 -0.145205587 -0.018798562 0.059379764 0.987439096
1403636629763555584.000000 0.249406487 0.593650639 0.001630830 -0.155878350 -0.023376269 0.061620224 0.985575199
1403636629813555456.000000 0.235241026 0.604128063 0.031486876 -0.165724173 -0.026504107 0.064524375 0.983702064
1403636629863555584.000000 0.226031676 0.626478672 0.039257221 0.176755205 0.028939407 -0.067971632 -0.981478512
1403636629913555456.000000 0.219179854 0.650322199 0.052885354 -0.186855182 -0.030403916 0.071285650 0.979325891
1403636629963555584.000000 0.211945862 0.673117518 0.061023206 -0.196017221 -0.031142859 0.073464900 0.977348626
1403636630013555456.000000 0.208660617 0.696509421 0.073814243 -0.203196362 -0.030902361 0.075726859 0.975716054
1403636630063555584.000000 0.204992160 0.719478428 0.081679903 -0.209364846 -0.029111659 0.077133603 0.974355876
1403636630113555456.000000 0.207023710 0.742740095 0.083197892 -0.215052903 -0.024550211 0.077511139 0.973212063
1403636630163555584.000000 0.208639085 0.766903341 0.092072114 -0.219639823 -0.017455885 0.077663496 0.972328186
1403636630213555456.000000 0.214168131 0.789715111 0.112120785 -0.223561108 -0.010690250 0.076945141 0.971589267
1403636630263555584.000000 0.219144672 0.814224362 0.120841384 -0.226615205 -0.004579329 0.076796472 0.970941305
1403636630313555456.000000 0.227751285 0.839813471 0.137453064 -0.228548497 -0.000928979 0.076273546 0.970539629
1403636630363555584.000000 0.235910952 0.863933206 0.147388145 -0.229771838 -0.001553615 0.076417014 0.970238626
1403636630413555456.000000 0.245395824 0.888144970 0.156815350 -0.230531201 -0.002902407 0.076378934 0.970058382
1403636630463555584.000000 0.255124211 0.912084937 0.163349628 -0.230804503 -0.006081963 0.075522780 0.970045745
1403636630513555456.000000 0.267921448 0.935133755 0.171267703 -0.230771929 -0.007746666 0.074367873 0.970130861
1403636630563555584.000000 0.281862050 0.958548427 0.181352645 -0.230750486 -0.009951724 0.071636483 0.970321298
1403636630613555456.000000 0.294883400 0.981661677 0.187740088 0.230410427 0.010880305 -0.068743728 -0.970601380
1403636630663555584.000000 0.308187962 1.005931258 0.199521199 -0.229396477 -0.012744064 0.066506103 0.970974743
1403636630713555456.000000 0.318949610 1.028441548 0.207575604 -0.228283271 -0.013774840 0.065051869 0.971321404
1403636630763555584.000000 0.330716848 1.050809026 0.221874088 -0.226732999 -0.013550044 0.065743148 0.971641123
1403636630813555456.000000 0.338863313 1.072462678 0.231679559 -0.224658370 -0.013939754 0.066951893 0.972034872
1403636630863555584.000000 0.347870529 1.095021486 0.246805087 -0.222920269 -0.013692434 0.068313107 0.972343802
1403636630913555456.000000 0.353437126 1.116145492 0.258213699 -0.221088916 -0.013032967 0.069807254 0.972664833
1403636630963555584.000000 0.359723806 1.137947321 0.275094897 -0.219601154 -0.012536682 0.071107730 0.972914159
1403636631013555456.000000 0.363899231 1.159573317 0.288456053 -0.218936160 -0.012185459 0.071735941 0.973022401
1403636631063555584.000000 0.368845344 1.181905985 0.305773646 -0.217883945 -0.011038140 0.071720444 0.973273337
1403636631113555456.000000 0.371747375 1.203254938 0.320083231 -0.217619330 -0.009190976 0.071549803 0.973364294
1403636631163555584.000000 0.375417918 1.225718617 0.339386672 -0.217348844 -0.007721905 0.071232431 0.973460734
1403636631213555456.000000 0.378028750 1.247433662 0.354720026 -0.216709912 -0.005590236 0.070892401 0.973642588
1403636631263555584.000000 0.381607443 1.270277619 0.372989208 -0.216625616 -0.004287808 0.070071451 0.973727405
1403636631313555456.000000 0.383369535 1.291516423 0.389349431 -0.216011137 -0.004122653 0.070379131 0.973842382
1403636631363555584.000000 0.383584023 1.309738636 0.401737094 -0.215841755 -0.004148943 0.069748454 0.973925233
1403636631413555456.000000 0.383228689 1.330871701 0.419868648 -0.215363741 -0.004139238 0.069768295 0.974029720
1403636631463555584.000000 0.381783694 1.353521347 0.439138383 -0.215200543 -0.004373723 0.068906099 0.974126101
1403636631513555456.000000 0.379018307 1.374645472 0.457785934 -0.215022668 -0.004826861 0.067740947 0.974244893
1403636631563555584.000000 0.375919014 1.397215486 0.474682271 -0.215143397 -0.004656753 0.065990143 0.974339306
1403636631613555456.000000 0.372933626 1.417753100 0.493509889 -0.214798048 -0.005193549 0.064782105 0.974493802
1403636631663555584.000000 0.368959874 1.432438135 0.506920576 -0.214103743 -0.006226414 0.064155191 0.974681973
1403636631713555456.000000 0.367570728 1.452836990 0.525733531 -0.213744864 -0.006673820 0.063482732 0.974801838
1403636631763555584.000000 0.367492676 1.472850323 0.542695463 0.213390216 0.007315010 -0.062801845 -0.974918962
1403636631813555456.000000 0.370128870 1.492685795 0.560149789 0.212802395 0.006983566 -0.062289353 -0.975082815
1403636631863555584.000000 0.375344992 1.512551665 0.573245049 -0.212978914 -0.007642863 0.060973506 0.975122511
1403636631913555456.000000 0.381367028 1.532481909 0.591065705 -0.212930605 -0.008737503 0.060128503 0.975176334
1403636631963555584.000000 0.387991548 1.552230120 0.608462512 -0.212975398 -0.009196178 0.059726123 0.975187004
1403636632013555456.000000 0.395891786 1.571813583 0.626911640 -0.213131860 -0.008934313 0.059820268 0.975149512
1403636632063555584.000000 0.404123127 1.591197729 0.645013154 0.213504642 0.007511430 -0.059288163 -0.975112498
1403636632113555456.000000 0.409427464 1.602171898 0.654469371 -0.214015722 -0.006209144 0.057537433 0.975114465
1403636632163555584.000000 0.417803645 1.620199919 0.672247112 -0.215712786 -0.005317190 0.054394532 0.974926174
1403636632213555456.000000 0.425650477 1.636665344 0.687730849 -0.216456383 -0.005822988 0.053500403 0.974807978
1403636632263555584.000000 0.432011306 1.653336287 0.706877887 -0.216756776 -0.004880103 0.054536626 0.974688947
1403636632313555456.000000 0.436601371 1.668143630 0.725422263 0.217053592 0.004573672 -0.055527117 -0.974568427
1403636632363555584.000000 0.439490259 1.682705402 0.744965315 0.217058301 0.004053337 -0.056496065 -0.974514008
1403636632413555456.000000 0.439671874 1.689007282 0.754111946 -0.217585474 -0.004924968 0.057099216 0.974357247
1403636632463555584.000000 0.438670874 1.701991081 0.774594426 -0.216725722 -0.007400761 0.060717978 0.974314451
1403636632513555456.000000 0.436568469 1.713442802 0.794778168 -0.214055106 -0.010140755 0.064793572 0.974617600
1403636632563555584.000000 0.432800353 1.724183321 0.815037787 -0.209625751 -0.014580122 0.070251323 0.975145757
1403636632613555456.000000 0.432232738 1.737917542 0.838810325 -0.203916192 -0.018731277 0.074802846 0.975946665
1403636632663555584.000000 0.427978218 1.748399854 0.859448135 -0.197000459 -0.021880530 0.077290066 0.977107167
1403636632713555456.000000 0.425649315 1.759626746 0.880137563 -0.188761190 -0.023798281 0.077769615 0.978649497
1403636632763555584.000000 0.423818529 1.771192670 0.901318789 -0.179409027 -0.024690440 0.076370999 0.980494976
1403636632813555456.000000 0.424803823 1.783024311 0.921199262 0.169484586 0.024335442 -0.071195610 -0.982656658
1403636632863555584.000000 0.430995166 1.798918486 0.946642399 -0.159723610 -0.022017159 0.062671863 0.984924316
1403636632913555456.000000 0.436294377 1.812198400 0.966621459 -0.149920106 -0.018488616 0.053344153 0.987084866
1403636632963555584.000000 0.442593455 1.826055169 0.986320257 0.141359985 0.016500948 -0.044896170 -0.988802075
1403636633013555456.000000 0.447063386 1.834732890 0.994902194 -0.133740440 -0.014562072 0.037464496 0.990200937
1403636633063555584.000000 0.455409974 1.848589182 1.014351368 -0.126871735 -0.014250397 0.031827360 0.991306007
1403636633113555456.000000 0.465047628 1.864654183 1.037210822 -0.120551124 -0.013649392 0.027900679 0.992221117
1403636633163555584.000000 0.471837044 1.878316283 1.057424068 -0.115392499 -0.013753843 0.024662992 0.992918551
1403636633213555456.000000 0.484898597 1.898514628 1.095045805 -0.111040831 -0.013807779 0.022985855 0.993454039
1403636633263555584.000000 0.488264710 1.911321044 1.116296768 -0.107271269 -0.015008258 0.022960577 0.993851364
1403636633313555456.000000 0.492186040 1.924918175 1.140910029 -0.104157500 -0.016324718 0.023715727 0.994144022
1403636633363555584.000000 0.493258774 1.937535048 1.163295507 -0.101231650 -0.017702470 0.025978016 0.994366050
1403636633413555456.000000 0.494744360 1.950327396 1.187119961 -0.099637501 -0.019644665 0.028171895 0.994430900
1403636633463555584.000000 0.493988305 1.962617874 1.210593939 -0.098237582 -0.021196021 0.030494561 0.994469821
1403636633513555456.000000 0.493555278 1.975403309 1.236556172 -0.098058060 -0.022607781 0.031830058 0.994414628
1403636633563555584.000000 0.492157042 1.988444567 1.261895061 -0.098406442 -0.024235619 0.033459648 0.994288385
1403636633613555456.000000 0.491644740 2.003874540 1.292732000 -0.099042594 -0.026264440 0.034476079 0.994138956
1403636633663555584.000000 0.492897183 2.018182755 1.319102883 -0.100557856 -0.027744658 0.034834240 0.993934095
1403636633713555456.000000 0.498077989 2.030678749 1.342113853 -0.102020018 -0.027448276 0.035466146 0.993771017
1403636633763555584.000000 0.503371656 2.045534372 1.368620515 -0.103140056 -0.026683951 0.036519065 0.993637979
1403636633813555456.000000 0.507104516 2.060293436 1.395907044 -0.104496688 -0.026344089 0.037553318 0.993466794
1403636633863555584.000000 0.517019033 2.075711489 1.422856450 -0.105415322 -0.024995657 0.039461896 0.993330598
1403636633913555456.000000 0.527049839 2.095804930 1.459230542 -0.105597228 -0.023516076 0.043527611 0.993177533
1403636633963555584.000000 0.538572729 2.111653328 1.486521125 -0.105627082 -0.021160586 0.047899559 0.993026137
1403636634013555456.000000 0.547076344 2.129207850 1.516654253 -0.106002823 -0.018807190 0.051580925 0.992848992
1403636634063555584.000000 0.557015896 2.146649361 1.545323014 -0.106860287 -0.018348213 0.053765085 0.992649794
1403636634113555456.000000 0.565269053 2.165804386 1.575803638 -0.106608100 -0.018652407 0.053995576 0.992658734
1403636634163555584.000000 0.577265918 2.184936285 1.604091763 -0.106671281 -0.019999087 0.052900821 0.992684662
1403636634213555456.000000 0.587805986 2.203296423 1.628722668 -0.107029311 -0.021775944 0.049856991 0.992766261
1403636634263555584.000000 0.604464948 2.224384069 1.656973004 -0.107694708 -0.021981975 0.045539606 0.992897213
1403636634313555456.000000 0.620374441 2.245514154 1.685830832 -0.108214684 -0.019308355 0.041532774 0.993071973
1403636634363555584.000000 0.638633490 2.267274141 1.714285374 -0.108488642 -0.015195932 0.037880059 0.993259490
1403636634413555456.000000 0.653810680 2.289672375 1.743866086 -0.108705550 -0.010914362 0.034316659 0.993421555
1403636634463555584.000000 0.669021964 2.311824083 1.773605585 -0.108737484 -0.008341525 0.031642787 0.993531764
1403636634513555456.000000 0.683059275 2.341341972 1.815529823 -0.108265974 -0.005006914 0.029727543 0.993664801
1403636634563555584.000000 0.694903612 2.362912178 1.845917344 -0.107679725 -0.002880055 0.028223591 0.993780792
1403636634613555456.000000 0.703495622 2.385271072 1.877158046 -0.106311440 -0.001889164 0.025992651 0.993991315
1403636634663555584.000000 0.711859703 2.405615807 1.907842517 -0.103162035 -0.001451074 0.023778733 0.994379282
1403636634713555456.000000 0.718794763 2.426342010 1.937709212 -0.099877842 -0.001300722 0.020673379 0.994784117
1403636634763555584.000000 0.726764619 2.445222378 1.966927409 -0.096196927 -0.003370339 0.018836897 0.995178401
1403636634813555456.000000 0.737127900 2.469178438 2.002763987 -0.092616081 -0.005539829 0.018130124 0.995521426
1403636634863555584.000000 0.747229338 2.487015963 2.030248642 -0.089287572 -0.007638482 0.017581271 0.995821476
1403636634913555456.000000 0.759080410 2.507055759 2.060627699 -0.085770041 -0.009316853 0.016652877 0.996132255
1403636634963555584.000000 0.772052824 2.523811579 2.086812019 -0.082759663 -0.011983060 0.015376226 0.996378899
1403636635013555456.000000 0.786627233 2.541765213 2.114545822 -0.080269016 -0.012515224 0.013420613 0.996604383
1403636635063555584.000000 0.800860822 2.557388544 2.140242338 -0.078151040 -0.014225199 0.011897173 0.996769130
1403636635113555456.000000 0.813121855 2.574590683 2.167875051 -0.076333791 -0.015778979 0.010772817 0.996899307
1403636635163555584.000000 0.824291170 2.589771271 2.194262028 -0.074624993 -0.016737288 0.010476211 0.997016191
1403636635213555456.000000 0.837497890 2.609931231 2.230084896 -0.073058479 -0.018421158 0.010509972 0.997102201
1403636635263555584.000000 0.846055686 2.624729872 2.258011341 -0.071037814 -0.019185673 0.012116493 0.997215509
1403636635313555456.000000 0.851110220 2.637946606 2.284944773 -0.069325030 -0.020391418 0.014123346 0.997285724
1403636635363555584.000000 0.858387053 2.652610302 2.314545870 -0.067384802 -0.021940339 0.017929021 0.997324646
1403636635413555456.000000 0.872466385 2.672911644 2.352370977 -0.066058800 -0.023002218 0.019497273 0.997360051
1403636635463555584.000000 0.882052958 2.687936306 2.382149696 -0.065494969 -0.022490600 0.020867381 0.997381210
1403636635513555456.000000 0.894024730 2.702733517 2.411496162 -0.064564742 -0.022765327 0.023809709 0.997369647
1403636635563555584.000000 0.907483399 2.718158960 2.440408707 -0.064336382 -0.022806035 0.024631519 0.997363508
1403636635613555456.000000 0.925406992 2.737613440 2.474164486 -0.064075753 -0.022012986 0.025728246 0.997370422
1403636635663555584.000000 0.939904451 2.754123688 2.501876831 -0.064430028 -0.020873882 0.026584044 0.997349679
1403636635713555456.000000 0.958884835 2.772325277 2.532747984 -0.064744070 -0.019597970 0.027051469 0.997342706
1403636635763555584.000000 0.977022290 2.789924145 2.561344147 -0.064552605 -0.016057396 0.029039750 0.997362494
1403636635813555456.000000 0.996967554 2.804859161 2.586135387 -0.063855894 -0.011562691 0.032790594 0.997353256
1403636635863555584.000000 1.019207120 2.824054480 2.614524603 -0.063395679 -0.008697280 0.036232691 0.997292638
1403636635913555456.000000 1.049579620 2.849395752 2.649709702 -0.062504053 -0.009844474 0.040204272 0.997186005
1403636635963555584.000000 1.073210478 2.870743036 2.677240372 -0.062736891 -0.013226220 0.041367572 0.997084737
1403636636013555456.000000 1.100129128 2.894086838 2.706083298 -0.063781649 -0.018819474 0.039846987 0.996990502
1403636636063555584.000000 1.122825623 2.917412758 2.734246016 -0.065689228 -0.023189778 0.035818022 0.996927440
1403636636113555456.000000 1.147815704 2.942527533 2.763941526 -0.067515321 -0.026371008 0.031371802 0.996876240
1403636636163555584.000000 1.170931935 2.966994524 2.792890787 -0.069029689 -0.025065092 0.027028175 0.996933401
1403636636213555456.000000 1.195835948 2.990467787 2.821155310 -0.070596360 -0.020521596 0.022195755 0.997046888
1403636636263555584.000000 1.222579122 3.014832497 2.848966837 -0.071940243 -0.014634741 0.018158101 0.997136295
1403636636313555456.000000 1.256658435 3.043442488 2.879894257 -0.072612725 -0.009321063 0.015883002 0.997190177
1403636636363555584.000000 1.285508037 3.067252398 2.906494379 -0.073326759 -0.002666804 0.013775369 0.997209251
1403636636413555456.000000 1.316186190 3.092400551 2.934593439 -0.073589876 0.005901653 0.011995863 0.997199059
1403636636463555584.000000 1.342282414 3.115318537 2.960635424 -0.073743872 0.012775689 0.010692041 0.997138083
1403636636513555456.000000 1.368982673 3.140812874 2.988225222 -0.074768499 0.015473472 0.007637080 0.997051597
1403636636563555584.000000 1.389591694 3.162410259 3.013111830 -0.076043129 0.016328765 0.003959167 0.996962965
1403636636613555456.000000 1.408014059 3.183635712 3.037624836 0.077526271 -0.016536998 0.000329216 -0.996853173
1403636636663555584.000000 1.429822445 3.207600117 3.063477993 -0.078993395 0.015642272 -0.004812974 0.996740818
1403636636713555456.000000 1.443225741 3.226290703 3.086690426 -0.080453709 0.015141390 -0.008645908 0.996605873
1403636636763555584.000000 1.456183553 3.244922400 3.113322020 -0.081885442 0.013977578 -0.012644842 0.996463478
1403636636813555456.000000 1.464904070 3.260376215 3.136093855 -0.083490923 0.013017061 -0.017809641 0.996264398
1403636636863555584.000000 1.473230720 3.277170420 3.157986879 -0.084706180 0.011070392 -0.022064572 0.996100187
1403636636913555456.000000 1.476784468 3.288364649 3.180150986 -0.083269753 0.008367696 -0.019325184 0.996304512
1403636636963555584.000000 1.486389637 3.302559137 3.202464819 -0.080285393 0.007136312 -0.013559781 0.996654153
1403636637013555456.000000 1.487076521 3.310316086 3.224182129 -0.076946937 0.005197476 -0.006487576 0.997000575
1403636637063555584.000000 1.486261368 3.317067146 3.251121044 -0.074149989 0.003837463 -0.000369663 0.997239649
1403636637113555456.000000 1.484697580 3.323199034 3.271914482 -0.071763404 0.001746343 0.004451345 0.997410238
1403636637163555584.000000 1.485901713 3.332168579 3.293873072 -0.070174500 -0.001694825 0.007507346 0.997505069
1403636637213555456.000000 1.483464241 3.338074923 3.314530134 -0.069405392 -0.005916364 0.008825041 0.997532010
1403636637263555584.000000 1.487867713 3.350515842 3.329912901 -0.068162724 -0.008878557 0.009780782 0.997586727
1403636637313555456.000000 1.488975048 3.356389284 3.351073503 -0.067482352 -0.011471006 0.010105429 0.997603416
1403636637363555584.000000 1.492502928 3.363192320 3.372236967 -0.067509174 -0.013414356 0.009425456 0.997583985
1403636637413555456.000000 1.499772906 3.368813992 3.395080090 -0.066301130 -0.014329654 0.010115882 0.997645497
1403636637463555584.000000 1.508080840 3.375342369 3.416007519 -0.065807573 -0.016309226 0.009238640 0.997656286
1403636637513555456.000000 1.519871235 3.380531073 3.437282085 -0.065080971 -0.016802190 0.009923435 0.997689247
1403636637563555584.000000 1.524815321 3.384777069 3.448715687 -0.064316303 -0.018132711 0.010291123 0.997711778
1403636637613555456.000000 1.537957430 3.389527082 3.467829704 -0.063221499 -0.018283863 0.011333639 0.997767687
1403636637663555584.000000 1.552666903 3.394760609 3.482747316 -0.062667064 -0.019485544 0.011992405 0.997772276
1403636637713555456.000000 1.570433140 3.399793386 3.502261877 -0.062305570 -0.018876765 0.011508555 0.997812331
1403636637763555584.000000 1.583319783 3.404193640 3.518907547 -0.061759945 -0.017125638 0.011019005 0.997883320
1403636637813555456.000000 1.604139447 3.409491777 3.538867474 -0.061608758 -0.014907813 0.010332220 0.997935534
1403636637863555584.000000 1.626488447 3.413521051 3.554572344 -0.061459314 -0.013828035 0.010044479 0.997963309
1403636637913555456.000000 1.650461197 3.418291569 3.573915720 -0.060984563 -0.011884111 0.009883577 0.998019040
1403636637963555584.000000 1.669474602 3.423770905 3.595016956 -0.060578085 -0.008949184 0.009597276 0.998077214
1403636638013555456.000000 1.687119603 3.428619146 3.615962744 -0.060354155 -0.007258188 0.009527625 0.998105168
1403636638063555584.000000 1.699989676 3.432622194 3.631908178 -0.059956573 -0.005784998 0.009366347 0.998140335
1403636638113555456.000000 1.709424615 3.437446833 3.655436516 -0.059687082 -0.003655417 0.009463101 0.998165607
1403636638163555584.000000 1.712732911 3.441095114 3.677034378 -0.059280545 -0.002113629 0.009666239 0.998192370
1403636638213555456.000000 1.717083693 3.445672989 3.700572252 -0.058939576 -0.001798510 0.009424750 0.998215497
1403636638263555584.000000 1.718388915 3.447762251 3.723904610 -0.059345849 -0.001210160 0.009168287 0.998194635
1403636638313555456.000000 1.719307661 3.451992273 3.746460915 -0.058279485 -0.002978840 0.011059295 0.998234689
1403636638363555584.000000 1.718275547 3.458450794 3.765396357 -0.056212597 -0.008505444 0.015674764 0.998259544
1403636638413555456.000000 1.714747548 3.462822914 3.787018538 -0.054247405 -0.018221870 0.021682210 0.998125851
1403636638463555584.000000 1.710415244 3.466506720 3.818823338 -0.052680742 -0.027984265 0.026910657 0.997856498
1403636638513555456.000000 1.706165910 3.471904039 3.841315508 -0.050883144 -0.036189817 0.032044135 0.997534156
1403636638563555584.000000 1.703224063 3.480119467 3.863347054 -0.050234254 -0.040923845 0.033601668 0.997332811
1403636638613555456.000000 1.703346491 3.487704039 3.884431124 -0.050731882 -0.043134116 0.031618636 0.997279286
1403636638663555584.000000 1.709540129 3.496999741 3.917625427 -0.052431677 -0.041958421 0.026480075 0.997391284
1403636638713555456.000000 1.717064142 3.506712437 3.940012217 -0.053839728 -0.039382979 0.022481663 0.997519374
1403636638763555584.000000 1.728471756 3.518387794 3.968934059 -0.054548670 -0.035053331 0.019125083 0.997712374
1403636638813555456.000000 1.741339087 3.528889656 3.991990805 -0.054806646 -0.029871756 0.017157296 0.997902572
1403636638863555584.000000 1.757666469 3.541285038 4.021287441 -0.054741036 -0.025358777 0.017052989 0.998032868
1403636638913555456.000000 1.772375107 3.551905870 4.043681622 -0.053740852 -0.021890409 0.018508963 0.998143375
1403636638963555584.000000 1.790772557 3.564767599 4.072588444 -0.052735172 -0.018915217 0.020838946 0.998211920
1403636639013555456.000000 1.807697535 3.576176643 4.096113205 -0.050781310 -0.018065078 0.025928443 0.998209774
1403636639063555584.000000 1.823612809 3.588017702 4.121252537 -0.048578024 -0.017052079 0.031513907 0.998176515
1403636639113555456.000000 1.837699771 3.600741148 4.147041798 -0.046726055 -0.016211664 0.036309306 0.998115957
1403636639163555584.000000 1.854112267 3.618898392 4.189813614 -0.045616515 -0.015921010 0.040697735 0.998002708
1403636639213555456.000000 1.861036897 3.634191513 4.218151093 -0.044493884 -0.015954811 0.043893255 0.997917414
1403636639263555584.000000 1.862980723 3.647779465 4.238339901 -0.043740004 -0.017447080 0.044970881 0.997877777
1403636639313555456.000000 1.863997340 3.666539669 4.269245148 -0.045396063 -0.017912509 0.040459361 0.997988701
1403636639363555584.000000 1.869606614 3.691405058 4.315496922 -0.047731522 -0.018126370 0.034622941 0.998095393
1403636639413555456.000000 1.868990660 3.712252378 4.348074436 -0.049898542 -0.019121118 0.028328976 0.998169363
1403636639463555584.000000 1.869590759 3.735044003 4.382456779 -0.051996998 -0.019746218 0.021954762 0.998210609
1403636639513555456.000000 1.867655277 3.757260084 4.415857315 -0.054254640 -0.018987332 0.015236538 0.998230338
1403636639563555584.000000 1.864324093 3.782617331 4.455884933 -0.056753241 -0.017342826 0.007599219 0.998208702
1403636639613555456.000000 1.861080885 3.804100513 4.489833355 -0.058419354 -0.016026413 0.001873126 0.998161733
1403636639663555584.000000 1.857799768 3.827863216 4.528326035 -0.058786541 -0.012686462 -0.000416474 0.998189926
1403636639713555456.000000 1.856158614 3.847588539 4.561809063 -0.058219161 -0.008403238 0.000393077 0.998268425
1403636639763555584.000000 1.856830835 3.868850470 4.596467018 -0.056992874 -0.004306984 0.003118507 0.998360455
1403636639813555456.000000 1.857657909 3.887534618 4.627922058 -0.056299560 -0.002069888 0.004938770 0.998399615
1403636639863555584.000000 1.860533953 3.908236742 4.660754204 -0.055165123 -0.000520043 0.007529295 0.998448730
1403636639913555456.000000 1.865043879 3.925812721 4.689286709 -0.053916197 0.000304443 0.009595133 0.998499334
1403636639963555584.000000 1.865300536 3.948621750 4.727259159 -0.053690754 0.000957459 0.010148853 0.998505592
1403636640013555456.000000 1.872841716 3.965716600 4.753821850 -0.052939620 0.001572833 0.010037705 0.998546064
1403636640063555584.000000 1.881828904 3.985266685 4.781981468 -0.050841365 0.001815345 0.008414969 0.998669684
1403636640113555456.000000 1.894966364 4.001869202 4.807251453 -0.047919311 0.001872820 0.004531716 0.998839200
1403636640163555584.000000 1.904896736 4.019860744 4.833466530 -0.043583661 0.002083860 0.002695751 0.999044001
1403636640213555456.000000 1.921622157 4.035793304 4.856242180 -0.039216798 0.002253802 0.001067258 0.999227643
1403636640263555584.000000 1.935670018 4.053468704 4.878370285 -0.035640147 0.000717687 -0.001189366 0.999363720
1403636640313555456.000000 1.951880097 4.069097996 4.899367809 -0.032475926 0.000119212 -0.001765389 0.999470949
1403636640363555584.000000 1.959265113 4.087596416 4.930414200 -0.029554820 0.000283113 -0.003369925 0.999557495
1403636640413555456.000000 1.972411752 4.103192329 4.951398849 -0.027219838 0.000113970 -0.004780016 0.999618113
1403636640463555584.000000 1.980059743 4.119573593 4.974751949 -0.025308495 0.000253978 -0.006148862 0.999660790
1403636640513555456.000000 1.989512682 4.135023117 4.995483398 -0.023450125 -0.001127055 -0.006460501 0.999703586
1403636640563555584.000000 1.997154117 4.150614738 5.016286373 0.021983229 0.001067014 0.007519795 -0.999729514
1403636640613555456.000000 1.998779535 4.163954735 5.034894943 -0.020801585 -0.000948264 -0.007603096 0.999754310
1403636640663555584.000000 2.004622459 4.178835869 5.055476189 -0.019908968 -0.000539218 -0.008129535 0.999768615
1403636640713555456.000000 2.008089304 4.193102837 5.075604916 0.019040441 0.001249904 0.008184372 -0.999784470
1403636640763555584.000000 2.004582405 4.201181412 5.094583511 -0.018556757 -0.002331525 -0.007695188 0.999795496
1403636640813555456.000000 2.009498835 4.214985371 5.114334583 -0.018161260 -0.003640396 -0.008300297 0.999794006
1403636640863555584.000000 2.011616707 4.227949142 5.133743286 -0.017797435 -0.005330620 -0.008848177 0.999788284
1403636640913555456.000000 2.018666983 4.240983009 5.152044296 -0.017487103 -0.006120998 -0.008974726 0.999788046
1403636640963555584.000000 2.025955915 4.253100872 5.176390648 -0.017673876 -0.006682741 -0.009376982 0.999777496
1403636641013555456.000000 2.034848690 4.265380383 5.192093849 -0.017980393 -0.006134057 -0.009693209 0.999772549
1403636641063555584.000000 2.040618658 4.277060509 5.208376408 -0.018054195 -0.004779703 -0.008824880 0.999786675
1403636641113555456.000000 2.046656847 4.288256168 5.224085331 -0.018607967 -0.004186568 -0.009099621 0.999776721
1403636641163555584.000000 2.050098419 4.299993992 5.242452621 -0.019092890 -0.004444594 -0.009323815 0.999764442
1403636641213555456.000000 2.052721977 4.310538769 5.258705616 -0.019606180 -0.003512963 -0.009196408 0.999759316
1403636641263555584.000000 2.056288004 4.319458485 5.282849789 -0.019304398 -0.002466424 -0.007660703 0.999781311
1403636641313555456.000000 2.055042028 4.329269886 5.299551010 -0.018675085 -0.002580195 -0.004066630 0.999813974
1403636641363555584.000000 2.052343845 4.339392185 5.315996170 0.017621094 0.002755128 -0.000299638 -0.999840975
1403636641413555456.000000 2.050786972 4.350823879 5.326711178 -0.016531769 -0.002605673 0.004069115 0.999851763
1403636641463555584.000000 2.046342134 4.361402512 5.343185425 -0.016635619 -0.002346982 0.004777701 0.999847472
1403636641513555456.000000 2.042233944 4.372612476 5.359435558 0.017495418 0.001999291 -0.003458074 -0.999839008
1403636641563555584.000000 2.046152830 4.384805679 5.382527351 -0.018145360 -0.002550135 0.001569736 0.999830902
1403636641613555456.000000 2.042779684 4.396051884 5.395780563 -0.019349510 -0.002491768 -0.000548963 0.999809504
1403636641663555584.000000 2.041013956 4.407047749 5.408795357 0.020214776 0.003042229 0.002078750 -0.999788880
1403636641713555456.000000 2.044224739 4.413729191 5.423304081 -0.020624500 -0.002052122 -0.003513621 0.999778986
1403636641763555584.000000 2.046117783 4.424593925 5.433418751 -0.021313213 -0.002640425 -0.004056685 0.999761164
1403636641813555456.000000 2.051188231 4.434713840 5.443530560 0.021516426 0.001875969 0.004409962 -0.999757051
1403636641863555584.000000 2.057444811 4.444829464 5.453702450 0.021762073 0.001080483 0.004642597 -0.999751806
1403636641913555456.000000 2.064768553 4.454964161 5.464071751 0.022957150 0.000786200 0.004204416 -0.999727309
1403636641963555584.000000 2.073932409 4.465095043 5.473620892 0.025434805 0.000218579 0.002509114 -0.999673367
1403636642013555456.000000 2.084160089 4.475299835 5.482155800 0.029432654 -0.001219865 0.001334462 -0.999565125
1403636642063555584.000000 2.095230818 4.485618114 5.490240574 0.034047425 -0.002203716 -0.000693439 -0.999417603
1403636642113555456.000000 2.105959654 4.495687962 5.498663425 0.038586717 -0.003036343 -0.001479611 -0.999249578
1403636642163555584.000000 2.106962681 4.505803108 5.499867439 0.042849142 -0.003712897 -0.002430142 -0.999071717
1403636642213555456.000000 2.140610218 4.514550209 5.508961678 -0.046060357 0.003838985 0.003635975 0.998924673
1403636642263555584.000000 2.147377253 4.523723125 5.517321110 -0.049079068 0.004240269 0.005121327 0.998772800
1403636642313555456.000000 2.151082277 4.532981873 5.525973320 -0.052682512 0.004699328 0.007047714 0.998575389
1403636642363555584.000000 2.154816628 4.541949272 5.532604694 -0.057542875 0.005235376 0.008929860 0.998289406
1403636642413555456.000000 2.154996872 4.551252365 5.541641712 -0.061823729 0.006319720 0.011043346 0.998006046
1403636642463555584.000000 2.153351784 4.560570717 5.551106930 0.065751672 -0.006258494 -0.012470112 -0.997738481
1403636642513555456.000000 2.152254343 4.568852425 5.555189610 -0.068814918 0.005091086 0.014090399 0.997516990
1403636642563555584.000000 2.147185564 4.577640533 5.564300060 -0.071816951 0.001750708 0.014791816 0.997306645
1403636642613555456.000000 2.141265869 4.585640907 5.572916985 0.073654227 0.002196585 -0.016618716 -0.997142971
1403636642663555584.000000 2.135732412 4.593409061 5.570915222 -0.075189970 -0.006539600 0.017935017 0.996986508
1403636642713555456.000000 2.127699852 4.601401806 5.580484867 -0.076713130 -0.010490271 0.018827252 0.996820271
1403636642763555584.000000 2.121200085 4.608954906 5.589344501 0.077447541 0.014126197 -0.019710230 -0.996701479
1403636642813555456.000000 2.115247011 4.609754562 5.590057850 -0.078065336 -0.017101048 0.020588150 0.996589005
1403636642863555584.000000 2.112941980 4.617084503 5.597906113 -0.078268483 -0.018727429 0.021628700 0.996521711
1403636642913555456.000000 2.112936497 4.624403954 5.604911327 0.078206733 0.020560553 -0.021964408 -0.996483147
1403636642963555584.000000 2.114347696 4.632571220 5.609505177 -0.078207821 -0.021148564 0.022782337 0.996452391
1403636643013555456.000000 2.118180990 4.640077591 5.615777493 -0.077966988 -0.020430367 0.023100635 0.996478915
1403636643063555584.000000 2.123347998 4.648258209 5.620751381 -0.077930972 -0.016751125 0.022960763 0.996553600
1403636643113555456.000000 2.128750324 4.656690598 5.628157616 -0.077772491 -0.012281010 0.022993492 0.996630371
1403636643163555584.000000 2.133467913 4.665104389 5.633821487 -0.077360474 -0.008989541 0.023448667 0.996686876
1403636643213555456.000000 2.136066914 4.674057484 5.642043114 -0.077230878 -0.006378775 0.023654085 0.996712208
1403636643263555584.000000 2.137289762 4.681469917 5.641777515 -0.076890796 -0.005457580 0.023578333 0.996745765
1403636643313555456.000000 2.137009382 4.691039085 5.650137424 -0.076779671 -0.005858497 0.023244889 0.996759892
1403636643363555584.000000 2.136146784 4.700526714 5.657988548 0.076559320 0.007932327 -0.023013152 -0.996767879
1403636643413555456.000000 2.137269497 4.710323334 5.666011333 0.076034993 0.010274149 -0.023742763 -0.996769547
1403636643463555584.000000 2.141242027 4.717652321 5.666858196 -0.075308263 -0.013861910 0.024685591 0.996758401
1403636643513555456.000000 2.146162510 4.728313923 5.675930500 -0.074731320 -0.017809488 0.024786163 0.996736526
1403636643563555584.000000 2.154429674 4.739462852 5.685653210 0.074100018 0.021210209 -0.024749128 -0.996717989
1403636643613555456.000000 2.163083315 4.750508308 5.693380356 -0.074052744 -0.025038522 0.024189316 0.996646464
1403636643663555584.000000 2.174113274 4.762531281 5.703559399 -0.073095590 -0.028356865 0.023552768 0.996643543
1403636643713555456.000000 2.186840534 4.774508953 5.713090897 0.072602443 0.031368505 -0.022910008 -0.996604323
1403636643763555584.000000 2.200550556 4.786063671 5.719798088 -0.072363928 -0.032932833 0.022251502 0.996586084
1403636643813555456.000000 2.214517355 4.798666954 5.730479240 -0.072398074 -0.036017075 0.020949140 0.996505141
1403636643863555584.000000 2.226918936 4.806216717 5.735047340 -0.072143331 -0.038936149 0.021015396 0.996412456
1403636643913555456.000000 2.239506721 4.819464684 5.748461723 -0.071957238 -0.040899642 0.020585557 0.996356189
1403636643963555584.000000 2.250206947 4.832422256 5.762823105 -0.072073519 -0.043022498 0.019831579 0.996273637
1403636644013555456.000000 2.260779142 4.846080780 5.779612541 -0.072341956 -0.043998316 0.019238144 0.996223271
1403636644063555584.000000 2.269870520 4.859806061 5.797804832 -0.072139829 -0.044751499 0.019289911 0.996203303
1403636644113555456.000000 2.278690100 4.873714924 5.817885399 -0.072346486 -0.045748979 0.019152258 0.996145725
1403636644163555584.000000 2.287168980 4.887801170 5.839549541 0.072365567 0.044464160 -0.018748419 -0.996210217
1403636644213555456.000000 2.293707609 4.899348736 5.860244751 -0.071715280 -0.038809430 0.020594103 0.996457100
1403636644263555584.000000 2.301617146 4.913542271 5.885327339 -0.070167750 -0.031144053 0.025542542 0.996721745
1403636644313555456.000000 2.308784485 4.927669525 5.911293507 0.068219192 0.022229645 -0.031255540 -0.996932864
1403636644363555584.000000 2.313910484 4.945839405 5.942183495 -0.066746302 -0.014146976 0.036584556 0.996998727
1403636644413555456.000000 2.318248510 4.961891651 5.969713688 -0.065621987 -0.007924927 0.039814018 0.997018456
1403636644463555584.000000 2.320808411 4.979086399 5.997591019 -0.064996146 -0.002570459 0.042218786 0.996988773
1403636644513555456.000000 2.316641808 4.997982025 6.031195641 -0.063385755 0.002700050 0.046749786 0.996889889
1403636644563555584.000000 2.314963818 5.017382145 6.059054852 -0.061840117 0.005640831 0.050344266 0.996799648
1403636644613555456.000000 2.310887098 5.038644314 6.086286545 0.061660588 -0.007376488 -0.051476616 -0.996741593
1403636644663555584.000000 2.301879406 5.057661533 6.107896328 -0.063381851 0.008115004 0.047111955 0.996843755
1403636644713555456.000000 2.295097589 5.081622601 6.134051800 -0.066031709 0.008280183 0.040024810 0.996980131
1403636644763555584.000000 2.286028862 5.106494904 6.159700394 0.069246627 -0.006827450 -0.031064626 -0.997092426
1403636644813555456.000000 2.273974657 5.137525082 6.198235512 -0.072656423 0.006092721 0.022783112 0.997078240
1403636644863555584.000000 2.262179852 5.163019180 6.222956657 -0.075459555 0.003547286 0.017008733 0.996997535
1403636644913555456.000000 2.250304937 5.188299656 6.247096062 0.076909922 -0.000628182 -0.015421226 -0.996918619
1403636644963555584.000000 2.232474089 5.208550930 6.268279552 -0.077535972 -0.002185950 0.015505646 0.996866643
1403636645013555456.000000 2.223404169 5.232452393 6.289631367 -0.077955313 -0.009729833 0.016037965 0.996780396
1403636645063555584.000000 2.215146542 5.256007195 6.310157776 0.077746198 0.020931514 -0.019122625 -0.996569991
1403636645113555456.000000 2.206260204 5.280056953 6.335269928 -0.077479139 -0.032281063 0.021863345 0.996231437
1403636645163555584.000000 2.202043533 5.303325176 6.353089809 -0.077987507 -0.042875279 0.021742595 0.995794654
1403636645213555456.000000 2.200415134 5.326582909 6.373094082 0.077753916 0.051600277 -0.024174722 -0.995342851
1403636645263555584.000000 2.197720051 5.351108551 6.403523445 -0.078100875 -0.056388073 0.024197279 0.995055377
1403636645313555456.000000 2.202644110 5.374964237 6.425903797 -0.078142487 -0.055756953 0.024372559 0.995083332
1403636645363555584.000000 2.208573341 5.399210930 6.450930119 0.078607984 0.051338580 -0.023496317 -0.995305538
1403636645413555456.000000 2.214475155 5.423986912 6.484307289 -0.079400428 -0.046065435 0.022421518 0.995525420
1403636645463555584.000000 2.221358538 5.448542118 6.512412548 -0.079720862 -0.042014696 0.022346845 0.995680690
1403636645513555456.000000 2.226676702 5.473734379 6.543759346 0.080013938 0.038832717 -0.021711126 -0.995800436
1403636645563555584.000000 2.231548309 5.499435425 6.580813408 -0.080462679 -0.037533335 0.021249656 0.995824039
1403636645613555456.000000 2.235352278 5.524584293 6.615003586 -0.080983289 -0.035453670 0.020960040 0.995864213
1403636645663555584.000000 2.238975763 5.549656868 6.651411057 0.081187055 0.034140598 -0.019892113 -0.995915353
1403636645713555456.000000 2.244010687 5.573689938 6.690863609 -0.081393257 -0.032708112 0.019423077 0.995955884
1403636645763555584.000000 2.250888824 5.598626614 6.728531361 -0.080896981 -0.031644136 0.020020915 0.996018827
1403636645813555456.000000 2.260729074 5.623204708 6.767111301 0.080477156 0.031072553 -0.020933026 -0.996052146
1403636645863555584.000000 2.274007082 5.648298264 6.807910442 -0.080553293 -0.032045305 0.021715378 0.995998383
1403636645913555456.000000 2.290398836 5.672691822 6.844977856 -0.079930380 -0.032347448 0.023021810 0.996009469
1403636645963555584.000000 2.310446262 5.697698593 6.882576466 0.081028007 0.027561963 -0.024512427 -0.996029139
1403636646013555456.000000 2.332895994 5.722981453 6.922192574 -0.083503783 -0.023079963 0.027235497 0.995867848
1403636646063555584.000000 2.355370998 5.748463154 6.957873344 -0.087050460 -0.019213468 0.032219280 0.995497406
1403636646113555456.000000 2.378464937 5.774725437 6.993428230 -0.093120255 -0.015430982 0.037102461 0.994843721
1403636646163555584.000000 2.403255463 5.802116871 7.031329155 -0.101448312 -0.011689600 0.042325288 0.993871331
1403636646213555456.000000 2.425189972 5.830437660 7.068690300 -0.110620901 -0.007870357 0.048794232 0.992632985
1403636646263555584.000000 2.445328951 5.859476566 7.106012821 0.121675834 0.003989717 -0.055409644 -0.991014123
1403636646313555456.000000 2.467937231 5.889593601 7.142329216 -0.133740127 0.000838832 0.062200628 0.989062190
1403636646363555584.000000 2.484460592 5.920394421 7.178586960 -0.146151051 0.005730951 0.069131926 0.986827195
1403636646413555456.000000 2.498342752 5.951910496 7.214041710 0.160493389 -0.009213111 -0.072474122 -0.984329522
1403636646463555584.000000 2.516898870 5.984681606 7.246696949 -0.173754603 0.014173925 0.073202275 0.981962264
1403636646513555456.000000 2.529852390 6.016796112 7.279849052 -0.185964853 0.018318715 0.071911916 0.979750097
1403636646563555584.000000 2.542268515 6.048657417 7.311093330 -0.196459144 0.020788174 0.071359493 0.977690935
1403636646613555456.000000 2.561299801 6.081988811 7.338756084 -0.204475299 0.020759838 0.071992338 0.976000011
1403636646663555584.000000 2.575140715 6.113399506 7.367109776 -0.211889282 0.018078504 0.071147516 0.974532843
1403636646713555456.000000 2.591575623 6.143978596 7.393231392 0.217428595 -0.015861431 -0.072282642 -0.973266959
1403636646763555584.000000 2.614833832 6.176897526 7.416053772 -0.221848875 0.014820717 0.073234007 0.972214103
1403636646813555456.000000 2.634520292 6.206368923 7.439254761 -0.225333154 0.014832755 0.073409334 0.971399069
1403636646863555584.000000 2.656629086 6.236081600 7.460738182 0.228511736 -0.014862711 -0.073732249 -0.970631301
1403636646913555456.000000 2.681294441 6.265065193 7.476429462 -0.229735821 0.014065400 0.074701369 0.970280051
1403636646963555584.000000 2.701588631 6.293205738 7.496454239 -0.231089652 0.012596940 0.075143225 0.969944537
1403636647013555456.000000 2.721609116 6.320871830 7.515638351 0.232001171 -0.010834530 -0.075307392 -0.969735503
1403636647063555584.000000 2.741248608 6.351113796 7.532314301 -0.232164383 0.008572938 0.075129546 0.969732881
1403636647113555456.000000 2.756954193 6.378297806 7.551721573 -0.232332200 0.004517026 0.075614266 0.969682336
1403636647163555584.000000 2.771922112 6.405867577 7.571523666 0.231844798 -0.001472701 -0.076357134 -0.969750226
1403636647213555456.000000 2.786813498 6.433867455 7.587064266 -0.231705800 -0.000688136 0.075906679 0.969819665
1403636647263555584.000000 2.799623489 6.461106300 7.607173920 -0.230929658 -0.000460922 0.076394252 0.969966650
1403636647313555456.000000 2.811280012 6.488224983 7.627640724 -0.229648799 0.000828566 0.077285804 0.970199823
1403636647363555584.000000 2.821085930 6.514454365 7.640282154 -0.228443086 0.002720469 0.077780902 0.970441401
1403636647413555456.000000 2.830531597 6.541848183 7.660799026 -0.227467179 0.004645642 0.078017585 0.970644355
1403636647463555584.000000 2.838723660 6.568929195 7.680212975 0.225897402 -0.006874574 -0.078777969 -0.970936239
1403636647513555456.000000 2.844385862 6.594550133 7.693315983 -0.224377185 0.010373848 0.079100788 0.971231401
1403636647563555584.000000 2.851404667 6.621639729 7.711829662 -0.222569108 0.014923164 0.080132909 0.971503496
1403636647613555456.000000 2.859047890 6.648564816 7.727839947 0.220981017 -0.020685118 -0.082069390 -0.971598744
1403636647663555584.000000 2.865643263 6.675582409 7.737694740 -0.221725494 0.021761131 0.082445130 0.971373856
1403636647713555456.000000 2.874647141 6.703898907 7.752109528 -0.222899154 0.020462796 0.081837617 0.971184850
1403636647763555584.000000 2.884454250 6.733004093 7.764882088 0.224271506 -0.017876815 -0.081118204 -0.970980227
1403636647813555456.000000 2.892902613 6.759005547 7.770013809 -0.226457611 0.016302524 0.079806380 0.970609188
1403636647863555584.000000 2.901404381 6.788271904 7.781239510 -0.229465380 0.014196867 0.080359191 0.969889998
1403636647913555456.000000 2.908103228 6.817222595 7.790908337 0.234030247 -0.013911622 -0.080790564 -0.968766928
1403636647963555584.000000 2.910502911 6.844643116 7.794889927 -0.239753470 0.013922607 0.082658246 0.967208385
1403636648013555456.000000 2.912074089 6.873733997 7.804278374 -0.247467786 0.013258601 0.084719338 0.965094090
1403636648063555584.000000 2.910948753 6.902831554 7.812802315 -0.256715834 0.012816278 0.087772220 0.962407827
1403636648113555456.000000 2.905423880 6.930248737 7.814436913 -0.267294496 0.012675004 0.091773979 0.959151030
1403636648163555584.000000 2.900291443 6.959210396 7.821629524 -0.279003680 0.012839448 0.095842399 0.955409050
1403636648213555456.000000 2.893904686 6.988527298 7.830474377 0.290794492 -0.013327992 -0.099505194 -0.951503932
1403636648263555584.000000 2.885706663 7.015704155 7.829640388 -0.302992821 0.013923412 0.104329444 0.947162569
1403636648313555456.000000 2.876434803 7.043920040 7.834567070 -0.315482497 0.014050838 0.109088160 0.942535579
1403636648363555584.000000 2.865982294 7.071165562 7.839966774 0.328299344 -0.014840433 -0.112808749 -0.937695920
1403636648413555456.000000 2.853911400 7.098890781 7.839830399 -0.341069281 0.014742794 0.117083326 0.932601750
1403636648463555584.000000 2.840790987 7.125199795 7.841915131 -0.354120910 0.014517757 0.121817477 0.927118242
1403636648513555456.000000 2.827469110 7.151145458 7.843476295 -0.366618663 0.014797829 0.126400426 0.921626210
1403636648563555584.000000 2.815185070 7.177359581 7.839636803 -0.377492875 0.015350604 0.130463153 0.916647673
1403636648613555456.000000 2.803835630 7.201282024 7.838097095 -0.387188315 0.015381970 0.133461148 0.912160456
1403636648663555584.000000 2.793833256 7.223918915 7.834484577 0.395335585 -0.013839390 -0.135886475 -0.908324361
1403636648713555456.000000 2.785195351 7.249017239 7.829864979 -0.402390361 0.010695997 0.137357265 0.905041814
1403636648763555584.000000 2.777739763 7.270746231 7.825318336 -0.407554984 0.007482701 0.139916986 0.902367055
1403636648813555456.000000 2.771891117 7.292396069 7.820498466 0.410826206 -0.000510924 -0.143709242 -0.900316238
1403636648863555584.000000 2.769441128 7.315810204 7.815160751 -0.412998796 -0.005853427 0.147609591 0.898670793
1403636648913555456.000000 2.768246889 7.337472439 7.809350967 -0.414813995 -0.012672271 0.149785057 0.897403598
1403636648963555584.000000 2.769751787 7.359618664 7.803739071 0.415685892 0.017128401 -0.151446655 -0.896647036
1403636649013555456.000000 2.773324251 7.385902882 7.793075562 -0.416818768 -0.018384073 0.150969043 0.896176636
1403636649063555584.000000 2.780270100 7.409696579 7.787250996 -0.417900145 -0.015554601 0.149006411 0.896055102
1403636649113555456.000000 2.790061474 7.434417725 7.782239437 0.418858886 0.009406353 -0.145331457 -0.896296620
1403636649163555584.000000 2.801184893 7.464451313 7.774920464 -0.419424772 -0.002069837 0.142482340 0.896536350
1403636649213555456.000000 2.813845634 7.488898277 7.769536972 -0.419988513 0.003866581 0.138560697 0.896881104
1403636649263555584.000000 2.828099489 7.512602329 7.762526512 0.419870108 -0.008580903 -0.135625809 -0.897352338
1403636649313555456.000000 2.842392206 7.537009239 7.752101421 -0.419114053 0.010030780 0.134039178 0.897928953
1403636649363555584.000000 2.858295202 7.559208870 7.744351387 -0.417787045 0.008862974 0.133607045 0.898623705
1403636649413555456.000000 2.875409603 7.582387447 7.735450268 0.416061312 -0.006621856 -0.134057105 -0.899376392
1403636649463555584.000000 2.892673969 7.605446339 7.723950386 -0.414042890 0.002913087 0.134616762 0.900243580
1403636649513555456.000000 2.913074017 7.626488209 7.713929176 -0.412201971 0.003124870 0.134105876 0.901163399
1403636649563555584.000000 2.935068846 7.647224903 7.702898502 0.410442829 -0.006010124 -0.133424789 -0.902052283
1403636649613555456.000000 2.957983971 7.668934822 7.689662457 -0.409646332 0.009505753 0.133958742 0.902305126
1403636649663555584.000000 2.980441093 7.688793659 7.677678108 -0.410428286 0.014079333 0.134888873 0.901751339
1403636649713555456.000000 3.000121117 7.707828522 7.664520741 0.412823647 -0.016806284 -0.136738747 -0.900331438
1403636649763555584.000000 3.019057751 7.729027271 7.649987698 -0.416889697 0.018418722 0.137023896 0.898380876
1403636649813555456.000000 3.035210133 7.747203827 7.637023926 -0.420666516 0.019017508 0.137059748 0.896600604
1403636649863555584.000000 3.049565792 7.765050888 7.623365402 0.424406350 -0.020056035 -0.136744857 -0.894861937
1403636649913555456.000000 3.062564850 7.783924103 7.610205650 -0.427602887 0.020410771 0.136679932 0.893340886
1403636649963555584.000000 3.072632074 7.800649643 7.597709179 -0.430665970 0.020393658 0.136326849 0.891922653
1403636650013555456.000000 3.079391003 7.816858292 7.585551739 0.433301598 -0.020007946 -0.136276543 -0.890661716
1403636650063555584.000000 3.082147598 7.830825806 7.574822426 -0.435819030 0.021073302 0.136976659 0.889300346
1403636650113555456.000000 3.083617210 7.845033646 7.562551498 -0.439519733 0.021588853 0.138353631 0.887251198
1403636650163555584.000000 3.082279205 7.858904839 7.549995422 0.444913268 -0.022163607 -0.140057668 -0.884276509
1403636650213555456.000000 3.080011845 7.871859074 7.535791397 -0.452464730 0.021429192 0.142173961 0.880115449
1403636650263555584.000000 3.074529648 7.883406162 7.521993160 -0.461414993 0.020980271 0.145345837 0.874946117
1403636650313555456.000000 3.066447258 7.893629551 7.509110928 0.471017063 -0.020739973 -0.150025874 -0.869025290
1403636650363555584.000000 3.061081648 7.907752991 7.493900299 -0.481668144 0.019514168 0.154887259 0.862336934
1403636650413555456.000000 3.051662922 7.917687893 7.479594707 -0.492696822 0.017689725 0.159481317 0.855279267
1403636650463555584.000000 3.039638996 7.925007820 7.465650082 0.503927350 -0.015045255 -0.164548129 -0.847794116
1403636650513555456.000000 3.029052258 7.933671951 7.453483105 -0.514436543 0.012507523 0.170018926 0.840411961
1403636650563555584.000000 3.016296864 7.940548420 7.439149380 -0.523196399 0.009939311 0.175583690 0.833868802
1403636650613555456.000000 3.003575802 7.946537971 7.425182343 0.530766964 -0.007809186 -0.179612279 -0.828230023
1403636650663555584.000000 2.988900423 7.954592705 7.411242008 -0.536989748 0.006527318 0.182963088 0.823482871
1403636650713555456.000000 2.975449324 7.960292816 7.397930145 -0.542868555 0.004852626 0.185010895 0.819171011
1403636650763555584.000000 2.963408709 7.965612411 7.384518623 0.547424912 -0.004714062 -0.187255755 -0.815621853
1403636650813555456.000000 2.951645613 7.972156525 7.372859478 -0.551383615 0.005321092 0.188210979 0.812726557
1403636650863555584.000000 2.944782972 7.977259636 7.358398438 -0.554968297 0.007029626 0.187497079 0.810435534
1403636650913555456.000000 2.940407038 7.982821465 7.343293190 0.558079302 -0.010289278 -0.185383990 -0.808748662
1403636650963555584.000000 2.931708097 7.988564014 7.328878403 -0.559923947 0.013611555 0.183747187 0.807797611
1403636651013555456.000000 2.929793358 7.992646694 7.313156605 -0.561588228 0.015935520 0.181662500 0.807070911
1403636651063555584.000000 2.929442406 7.996153831 7.297255993 0.562344790 -0.017259680 -0.180397496 -0.806800663
1403636651113555456.000000 2.930423260 7.998882294 7.280909061 0.562352061 -0.018773355 -0.179605663 -0.806938350
1403636651163555584.000000 2.928983688 8.002792358 7.262570858 -0.562147558 0.018389143 0.179375455 0.807140946
1403636651213555456.000000 2.932273388 8.003671646 7.245354176 -0.560918570 0.016855018 0.180302307 0.807822645
1403636651263555584.000000 2.936429262 8.003833771 7.227973461 0.559798539 -0.014704874 -0.181181505 -0.808444619
1403636651313555456.000000 2.941689968 8.003263474 7.210132599 0.558238387 -0.012059660 -0.182272777 -0.809321463
1403636651363555584.000000 2.946907520 8.002317429 7.192638397 0.556402683 -0.009751043 -0.183950841 -0.810236454
1403636651413555456.000000 2.953962326 8.000169754 7.178061485 0.555056393 -0.008215335 -0.184155211 -0.811130047
1403636651463555584.000000 2.953524113 7.999883175 7.159015656 0.553303301 -0.007422595 -0.184570253 -0.812240303
1403636651513555456.000000 2.947962046 8.001869202 7.140194893 -0.552021801 0.007948996 0.183753446 0.813291788
1403636651563555584.000000 2.947184563 8.000305176 7.124858856 -0.550903201 0.010494160 0.182524487 0.814297438
1403636651613555456.000000 2.944447517 7.998485565 7.108947277 0.550263345 -0.013643604 -0.179834023 -0.815281510
1403636651663555584.000000 2.940813541 7.996159554 7.093887806 0.549513042 -0.016960843 -0.178192824 -0.816085279
1403636651713555456.000000 2.935760021 7.993018150 7.079028606 0.548703253 -0.019776534 -0.178246811 -0.816554844
1403636651763555584.000000 2.929450750 7.989425659 7.063948154 0.548821032 -0.023135396 -0.180061847 -0.815989017
1403636651813555456.000000 2.921486139 7.987018585 7.047352791 -0.549891055 0.027324617 0.183817253 0.814300001
1403636651863555584.000000 2.912628412 7.982079506 7.031189442 -0.552802503 0.031361040 0.187035263 0.811445415
1403636651913555456.000000 2.901305437 7.976219177 7.013696671 0.557534993 -0.034214713 -0.190787137 -0.807207823
1403636651963555584.000000 2.885195017 7.972955704 6.996859550 -0.563840628 0.036784813 0.194334865 0.801850796
1403636652013555456.000000 2.871347904 7.966353893 6.977680683 -0.572213531 0.038073692 0.196771011 0.795237899
1403636652063555584.000000 2.854999065 7.959682465 6.957522869 0.582233608 -0.036443021 -0.199844152 -0.787234604
1403636652113555456.000000 2.839812279 7.953502655 6.935128689 -0.593877137 0.032485787 0.202189624 0.778057814
1403636652163555584.000000 2.821433067 7.944719791 6.913084507 -0.606682360 0.028097354 0.205303550 0.767461777
1403636652213555456.000000 2.801609755 7.935024261 6.890780926 -0.620052457 0.023291966 0.210231185 0.755510032
1403636652263555584.000000 2.785236597 7.928450584 6.865647793 -0.632798672 0.019330565 0.216079161 0.743304849
1403636652313555456.000000 2.761279106 7.914273262 6.843746662 -0.645128906 0.013758969 0.224102765 0.730340660
1403636652363555584.000000 2.736387968 7.899814606 6.822484493 0.656501412 -0.009264346 -0.232113943 -0.717665195
1403636652413555456.000000 2.713365793 7.886152267 6.797357559 0.666786492 -0.006011588 -0.238653809 -0.705977321
1403636652463555584.000000 2.689579248 7.873012543 6.776673317 0.675048470 -0.004417547 -0.244331002 -0.696126819
1403636652513555456.000000 2.667532206 7.860747814 6.755446434 0.681680799 -0.002682361 -0.249797821 -0.687681079
1403636652563555584.000000 2.653787851 7.857014656 6.729512215 0.687000811 -0.000781514 -0.254998922 -0.680444598
1403636652613555456.000000 2.635729313 7.846398830 6.707595348 0.690965712 0.002217113 -0.259910315 -0.674542964
1403636652663555584.000000 2.620287895 7.838435173 6.684237957 0.694086611 0.006360677 -0.263899177 -0.669746637
1403636652713555456.000000 2.610451460 7.833359241 6.656376362 0.697219610 0.009824504 -0.264874756 -0.666055322
1403636652763555584.000000 2.600227118 7.827539444 6.631946564 0.698797584 0.010388446 -0.266832381 -0.663607299
1403636652813555456.000000 2.592808008 7.823449612 6.606039047 0.700417757 0.011085108 -0.266783535 -0.661905408
1403636652863555584.000000 2.587726831 7.822618008 6.577419758 0.701468945 0.010158512 -0.266633362 -0.660866678
1403636652913555456.000000 2.583980083 7.821954727 6.550812721 0.702501595 0.009146183 -0.264683396 -0.660568416
1403636652963555584.000000 2.582200050 7.822760105 6.522978306 0.703276098 0.008259080 -0.262219876 -0.660738468
1403636653013555456.000000 2.580536127 7.825487137 6.495059967 0.703640640 0.007104025 -0.260188073 -0.661166847
1403636653063555584.000000 2.575592756 7.828542709 6.469025135 0.704105377 0.006448723 -0.256822377 -0.661994219
1403636653113555456.000000 2.567380905 7.834484100 6.444808483 0.704110861 0.003964450 -0.253942192 -0.663118064
1403636653163555584.000000 2.556072474 7.842067719 6.417873859 0.704387784 0.001521465 -0.249737337 -0.664429665
1403636653213555456.000000 2.544185400 7.849595547 6.395342827 0.704781234 -0.001999274 -0.244752347 -0.665864646
1403636653263555584.000000 2.533174515 7.858206272 6.372385979 0.704929233 -0.005869747 -0.239708722 -0.667517900
1403636653313555456.000000 2.521303892 7.863535404 6.348011017 0.705014110 -0.008265659 -0.234681621 -0.669187069
1403636653363555584.000000 2.512987137 7.871603012 6.325419903 0.704192042 -0.009826121 -0.231875300 -0.671007395
1403636653413555456.000000 2.506811857 7.879022598 6.302793503 0.703046441 -0.010354024 -0.230108589 -0.672806561
1403636653463555584.000000 2.497579813 7.879652977 6.280030727 0.701750457 -0.010348234 -0.229543641 -0.674350798
1403636653513555456.000000 2.496243477 7.885951996 6.256665707 0.700272858 -0.009890558 -0.229014844 -0.676071286
1403636653563555584.000000 2.496469259 7.890881538 6.232814312 0.698590040 -0.009697557 -0.229274064 -0.677725077
1403636653613555456.000000 2.494825840 7.893570900 6.209113598 0.697715282 -0.011380468 -0.228274956 -0.678936303
1403636653663555584.000000 2.497661352 7.898567200 6.185341835 0.697116315 -0.012967532 -0.226168945 -0.680226743
1403636653713555456.000000 2.499500751 7.902723789 6.162086487 0.696948528 -0.014469524 -0.223832160 -0.681140661
1403636653763555584.000000 2.492439032 7.900085926 6.143245697 0.696964264 -0.016572658 -0.222106516 -0.681641400
1403636653813555456.000000 2.491379023 7.902899742 6.122128010 0.696813226 -0.017083120 -0.220445320 -0.682322085
1403636653863555584.000000 2.488703728 7.904366016 6.101882458 0.697030902 -0.017676730 -0.218882769 -0.682587624
1403636653913555456.000000 2.478480339 7.901708126 6.084251404 0.696955442 -0.017868631 -0.218474850 -0.682790279
1403636653963555584.000000 2.472741842 7.901578903 6.066204548 0.696017206 -0.018007906 -0.220667273 -0.683038592
1403636654013555456.000000 2.464653969 7.900384903 6.049412251 0.695001781 -0.018371098 -0.223565757 -0.683120370
1403636654063555584.000000 2.448903084 7.892418861 6.036222935 0.694164813 -0.019300601 -0.225975484 -0.683152914
1403636654113555456.000000 2.439278841 7.890062332 6.020153522 0.694569111 -0.020306436 -0.227256164 -0.682287335
1403636654163555584.000000 2.428903818 7.886142254 6.003375053 0.696302235 -0.022188073 -0.227851465 -0.680260718
1403636654213555456.000000 2.420925856 7.882239342 5.985963821 0.699146330 -0.023047000 -0.228303328 -0.677156448
1403636654263555584.000000 2.406971931 7.870807648 5.971852303 0.702867568 -0.021649562 -0.229158342 -0.673048973
1403636654313555456.000000 2.401940584 7.864741325 5.952770233 0.707248151 -0.020212809 -0.230644181 -0.667978168
1403636654363555584.000000 2.398155928 7.857737064 5.933407307 0.711815655 -0.018563822 -0.233302712 -0.662226439
1403636654413555456.000000 2.392724037 7.847955227 5.914535522 0.717189372 -0.016485458 -0.236166239 -0.655433595
1403636654463555584.000000 2.393057346 7.839947701 5.893918514 0.722755492 -0.015140605 -0.239332527 -0.648162961
1403636654513555456.000000 2.394279003 7.830847740 5.872684002 0.729296386 -0.013764150 -0.241398811 -0.640050054
1403636654563555584.000000 2.392497301 7.818314075 5.853305340 0.735936284 -0.012568676 -0.243925810 -0.631458640
1403636654613555456.000000 2.395916462 7.808816910 5.832571030 0.740833282 -0.011558492 -0.248426244 -0.623952687
1403636654663555584.000000 2.399708986 7.793339252 5.816237926 0.744492292 -0.011751441 -0.254405528 -0.617147505
1403636654713555456.000000 2.400784254 7.783643723 5.797416210 0.748092949 -0.010950870 -0.257875174 -0.611340702
1403636654763555584.000000 2.400181293 7.771594524 5.780138969 0.751131535 -0.009965830 -0.260847837 -0.606350124
1403636654813555456.000000 2.398038626 7.762003422 5.763196468 0.754216909 -0.008955904 -0.262470126 -0.601819038
1403636654863555584.000000 2.393877506 7.751577377 5.746336937 0.756704807 -0.007987111 -0.263755262 -0.598136425
1403636654913555456.000000 2.388023138 7.742780209 5.731018066 0.759193420 -0.007910457 -0.263892293 -0.594914854
1403636654963555584.000000 2.380672216 7.733564377 5.716399193 0.762262166 -0.009301610 -0.260809988 -0.592324317
1403636655013555456.000000 2.373920441 7.724113464 5.702005386 0.765009701 -0.012657797 -0.257260144 -0.590268791
1403636655063555584.000000 2.364565611 7.715261459 5.689027786 0.767101407 -0.015946975 -0.254235208 -0.588783145
1403636655113555456.000000 2.358412266 7.705175400 5.676002502 0.768678367 -0.018539775 -0.252044737 -0.587591231
1403636655163555584.000000 2.347924948 7.695232391 5.664653778 0.770130575 -0.020539356 -0.249562368 -0.586681902
1403636655213555456.000000 2.338742733 7.683769226 5.652913570 0.770714641 -0.023223085 -0.248384804 -0.586314499
1403636655263555584.000000 2.327270031 7.672112942 5.642390728 0.771991611 -0.025811085 -0.248045087 -0.584667802
1403636655313555456.000000 2.315840721 7.659041405 5.632007599 0.773851752 -0.027385965 -0.247929141 -0.582180917
1403636655363555584.000000 2.305987835 7.639517307 5.621339798 0.776047528 -0.029665599 -0.248560980 -0.578867674
1403636655413555456.000000 2.295049191 7.623489380 5.611738205 0.778176725 -0.031692427 -0.249548256 -0.575467110
1403636655463555584.000000 2.287591457 7.605898857 5.599632740 0.781010926 -0.032235995 -0.249881580 -0.571438611
1403636655513555456.000000 2.280689478 7.586846352 5.588958740 0.784104049 -0.032196268 -0.251582325 -0.566436768
1403636655563555584.000000 2.275357008 7.569528580 5.575796127 0.786440134 -0.030375401 -0.256552577 -0.561043799
1403636655613555456.000000 2.269062757 7.545961857 5.565588951 0.788680732 -0.027297739 -0.263783693 -0.554667175
1403636655663555584.000000 2.263696671 7.520887852 5.554280758 0.790550351 -0.025370806 -0.271699101 -0.548239052
1403636655713555456.000000 2.254284382 7.495919228 5.545564651 0.792016625 -0.023625292 -0.278482199 -0.542769969
1403636655763555584.000000 2.241214752 7.478301048 5.534463406 0.794429243 -0.021775389 -0.283026814 -0.536939383
1403636655813555456.000000 2.225620270 7.453332901 5.526892185 0.797414422 -0.021380773 -0.287176728 -0.530285478
1403636655863555584.000000 2.208818436 7.422400475 5.518821239 0.800847352 -0.021309420 -0.291519910 -0.522690833
1403636655913555456.000000 2.188023567 7.397159576 5.511681557 0.805127084 -0.021987971 -0.295146972 -0.513979733
1403636655963555584.000000 2.165799379 7.386084080 5.499674320 0.810128689 -0.023220750 -0.297399610 -0.504683912
1403636656013555456.000000 2.146228790 7.360950947 5.490853786 0.814273477 -0.024699038 -0.299069077 -0.496896893
1403636656063555584.000000 2.129037380 7.338362694 5.477685452 0.818389177 -0.025025085 -0.299851745 -0.489593714
1403636656113555456.000000 2.113197088 7.312374592 5.466038704 0.821756482 -0.023431581 -0.300573945 -0.483552098
1403636656163555584.000000 2.100045681 7.293375492 5.450877190 0.824588716 -0.022036774 -0.301162481 -0.478402674
1403636656213555456.000000 2.089573622 7.267169952 5.436140060 0.826859295 -0.018392717 -0.301749468 -0.474249750
1403636656263555584.000000 2.081771612 7.240865707 5.417539120 0.828246772 -0.016977103 -0.302653641 -0.471296042
1403636656313555456.000000 2.076005936 7.215039253 5.400156021 0.829175651 -0.015328141 -0.303841650 -0.468948931
1403636656363555584.000000 2.072366238 7.199479580 5.381708145 0.829739630 -0.015166877 -0.305030346 -0.467181534
1403636656413555456.000000 2.071033001 7.175620079 5.361331940 0.830005705 -0.014038158 -0.305549502 -0.466404408
1403636656463555584.000000 2.070573330 7.155821800 5.338315964 0.830145478 -0.014088858 -0.305814952 -0.465979904
1403636656513555456.000000 2.071811914 7.133514404 5.315467834 0.830140710 -0.012790533 -0.305645108 -0.466137350
1403636656563555584.000000 2.073007584 7.117106438 5.292407036 0.830440581 -0.012024276 -0.304049462 -0.466666728
1403636656613555456.000000 2.073628902 7.096801758 5.268702984 0.830851138 -0.012097628 -0.301724523 -0.467442364
1403636656663555584.000000 2.072566032 7.079203606 5.243613720 0.831761539 -0.014140086 -0.297646105 -0.468379825
1403636656713555456.000000 2.071621180 7.060526371 5.219229221 0.833399117 -0.018448122 -0.290886283 -0.469564587
1403636656763555584.000000 2.069371700 7.043347836 5.197872162 0.834879577 -0.022134457 -0.284526795 -0.470670432
1403636656813555456.000000 2.064473152 7.024576664 5.174402714 0.836113214 -0.023317542 -0.278959423 -0.471754849
1403636656863555584.000000 2.057922602 7.005556107 5.153472900 0.836851478 -0.023106970 -0.274930447 -0.472820252
1403636656913555456.000000 2.049697399 6.986156464 5.131844044 0.837251484 -0.024040641 -0.271619678 -0.473977625
1403636656963555584.000000 2.039622784 6.966507435 5.112199306 0.837120295 -0.025377838 -0.269833207 -0.475158632
1403636657013555456.000000 2.028115749 6.945916653 5.093502998 0.836744308 -0.027572023 -0.268887937 -0.476233184
1403636657063555584.000000 2.015461206 6.923823357 5.077092171 0.836269438 -0.029846000 -0.268467277 -0.477166682
1403636657113555456.000000 2.001283646 6.901757240 5.060826778 0.835561752 -0.032153282 -0.268788129 -0.478075057
1403636657163555584.000000 1.989992857 6.876933098 5.048296452 0.834770203 -0.034568563 -0.269632190 -0.478813469
1403636657213555456.000000 1.977082729 6.852833271 5.032624722 0.833721697 -0.036446702 -0.271272451 -0.479573995
1403636657263555584.000000 1.966368675 6.825440407 5.017974854 0.832459927 -0.036344618 -0.274373800 -0.480009019
1403636657313555456.000000 1.956048489 6.798964024 5.002202511 0.831540585 -0.035409141 -0.276946366 -0.480194896
1403636657363555584.000000 1.948610544 6.768765926 4.988214493 0.830320835 -0.034906946 -0.280677915 -0.480175853
1403636657413555456.000000 1.939348340 6.740895748 4.971991539 0.828576744 -0.034446109 -0.286071628 -0.480038762
1403636657463555584.000000 1.929991961 6.710825443 4.957048416 0.826749623 -0.033041988 -0.291557342 -0.479987144
1403636657513555456.000000 1.918967128 6.681972980 4.940909863 0.825114131 -0.032243624 -0.296314865 -0.479942232
1403636657563555584.000000 1.907411695 6.649182320 4.924806118 0.824265778 -0.030545745 -0.299229383 -0.479702652
1403636657613555456.000000 1.894064903 6.620049953 4.907688141 0.823948681 -0.029630054 -0.300438613 -0.479549140
1403636657663555584.000000 1.881238461 6.586834431 4.892351151 0.823786259 -0.029313752 -0.300940126 -0.479533076
1403636657713555456.000000 1.866030335 6.557625771 4.874626160 0.824108243 -0.030023955 -0.300588995 -0.479156047
1403636657763555584.000000 1.850426435 6.525792599 4.856836319 0.824808180 -0.031071274 -0.300939083 -0.477662951
1403636657813555456.000000 1.832556844 6.496032715 4.838592052 0.825223684 -0.032269415 -0.302435040 -0.475917608
1403636657863555584.000000 1.814952135 6.464588165 4.820608139 0.824751854 -0.035006221 -0.305883855 -0.474335343
1403636657913555456.000000 1.795902729 6.434339523 4.801176071 0.823844731 -0.037074789 -0.310277343 -0.472898930
1403636657963555584.000000 1.779422760 6.402148247 4.779580116 0.823251545 -0.037955210 -0.313569605 -0.471689016
1403636658013555456.000000 1.762948513 6.371214867 4.756212234 0.823567092 -0.036885906 -0.314483523 -0.470613152
1403636658063555584.000000 1.749474168 6.338955879 4.729783058 0.824212730 -0.033553086 -0.314637035 -0.469628811
1403636658113555456.000000 1.736647725 6.305630684 4.703085899 0.826054156 -0.028641468 -0.311560333 -0.468769014
1403636658163555584.000000 1.726003051 6.273451328 4.673060417 0.827483356 -0.023827998 -0.309543520 -0.467853040
1403636658213555456.000000 1.714378595 6.240204811 4.643717766 0.828896821 -0.020122776 -0.307461113 -0.466896981
1403636658263555584.000000 1.703491330 6.209214211 4.612068653 0.830379367 -0.015220956 -0.304871053 -0.466146052
1403636658313555456.000000 1.689475060 6.176737785 4.582980633 0.831164002 -0.012263952 -0.303853631 -0.465498626
1403636658363555584.000000 1.675606132 6.147183895 4.551747322 0.831778407 -0.009894785 -0.303293377 -0.464822590
1403636658413555456.000000 1.659645438 6.116019726 4.523200989 0.832140267 -0.007690580 -0.303073525 -0.464359641
1403636658463555584.000000 1.643898010 6.088249683 4.492383003 0.832819045 -0.004480911 -0.302230567 -0.463733852
1403636658513555456.000000 1.626925468 6.058687687 4.464029789 0.833444774 -0.001187840 -0.301028699 -0.463411480
1403636658563555584.000000 1.610219479 6.032818794 4.433725357 0.834489524 0.002986800 -0.298721135 -0.463016301
1403636658613555456.000000 1.592797995 6.005582333 4.405882835 0.835249066 0.006058912 -0.296862185 -0.462812364
1403636658663555584.000000 1.574887276 5.980713367 4.377483368 0.835705161 0.007667699 -0.295795321 -0.462648213
1403636658713555456.000000 1.556992769 5.955836773 4.350934982 0.836452723 0.008725309 -0.293921113 -0.462472886
1403636658763555584.000000 1.537934065 5.935364246 4.323673248 0.837620199 0.010136874 -0.290959328 -0.462203860
1403636658813555456.000000 1.519731879 5.912946701 4.298642159 0.839279950 0.011956902 -0.286441565 -0.461971223
1403636658863555584.000000 1.500311971 5.893156528 4.274105072 0.840699971 0.011946450 -0.282720417 -0.461681724
1403636658913555456.000000 1.481734872 5.873532295 4.251367569 0.841551304 0.008440679 -0.280482411 -0.461573303
1403636658963555584.000000 1.461504221 5.855261803 4.230247021 0.841931522 0.003180640 -0.279641777 -0.461456120
1403636659013555456.000000 1.441926479 5.837738514 4.210327148 0.842050791 -0.001524148 -0.279159188 -0.461539149
1403636659063555584.000000 1.421993017 5.820530891 4.191505432 0.842648268 -0.006155165 -0.276521623 -0.461997718
1403636659113555456.000000 1.401344776 5.803305149 4.173437119 0.842984498 -0.008780924 -0.275265813 -0.462091804
1403636659163555584.000000 1.378504038 5.786282063 4.157843590 0.843389511 -0.011254129 -0.273950726 -0.462080628
1403636659213555456.000000 1.356963158 5.769372463 4.142037392 0.843565881 -0.012715652 -0.272975862 -0.462297678
1403636659263555584.000000 1.335488319 5.750393867 4.127701759 0.843638241 -0.013279528 -0.273726076 -0.461705923
1403636659313555456.000000 1.316323757 5.732944489 4.113517761 0.842929363 -0.012037291 -0.275653958 -0.461887687
1403636659363555584.000000 1.298092127 5.713801384 4.101616859 0.841950893 -0.010509013 -0.278697580 -0.461883068
1403636659413555456.000000 1.282057881 5.696499348 4.087944031 0.840707362 -0.007402994 -0.282162040 -0.462104976
1403636659463555584.000000 1.266916990 5.677587032 4.076378822 0.839294672 -0.004313793 -0.286163926 -0.462251008
1403636659513555456.000000 1.255248189 5.661123753 4.062084675 0.839259267 -0.002194959 -0.286694825 -0.462001264
1403636659563555584.000000 1.243456244 5.643511772 4.049463272 0.838831902 -0.003336082 -0.288099617 -0.461896688
1403636659613555456.000000 1.232373476 5.627744198 4.035952568 0.839664280 -0.002919463 -0.286212295 -0.461560279
1403636659663555584.000000 1.220444560 5.609858990 4.025532722 0.840509832 -0.003593213 -0.284711570 -0.460944384
1403636659713555456.000000 1.207277298 5.594849586 4.014160156 0.841381729 -0.004019525 -0.283061802 -0.460365951
1403636659763555584.000000 1.192853332 5.578756332 4.005840302 0.842256486 -0.004823109 -0.281672686 -0.459610015
1403636659813555456.000000 1.177456379 5.564706802 3.997281313 0.842793643 -0.004606811 -0.281095535 -0.458980501
1403636659863555584.000000 1.160568953 5.549566269 3.990728140 0.843079507 -0.005433854 -0.281448841 -0.458229274
1403636659913555456.000000 1.142831445 5.535666466 3.985021591 0.842831969 -0.004696997 -0.283034772 -0.457715720
1403636659963555584.000000 1.124762893 5.520008564 3.981862068 0.842240453 -0.002020458 -0.286405116 -0.456726551
1403636660013555456.000000 1.105440140 5.506511688 3.978433132 0.841237605 -0.000062906 -0.290110737 -0.456240207
1403636660063555584.000000 1.083928347 5.493352890 3.975822449 0.840243638 0.002055891 -0.294086903 -0.455521047
1403636660113555456.000000 1.063639879 5.480901241 3.973940849 0.839487016 0.004404460 -0.297172904 -0.454896092
1403636660163555584.000000 1.043896675 5.468004704 3.973680973 0.838665187 0.006215378 -0.300210327 -0.454396248
1403636660213555456.000000 1.022856593 5.457102299 3.972537518 0.838376880 0.006452738 -0.301204413 -0.454267114
1403636660263555584.000000 1.000970602 5.447414398 3.971680164 0.837556779 0.008316388 -0.304065645 -0.453843206
1403636660313555456.000000 0.980946064 5.438882828 3.970598698 0.836556792 0.010688692 -0.307093590 -0.453599036
1403636660363555584.000000 0.961056352 5.431442261 3.969481945 0.834544420 0.014754488 -0.312813103 -0.453283489
1403636660413555456.000000 0.943868399 5.425968647 3.967344522 0.832565427 0.017754817 -0.318394959 -0.452928573
1403636660463555584.000000 0.928273320 5.422973156 3.963016272 0.831478059 0.019270951 -0.321264088 -0.452838033
1403636660513555456.000000 0.914934397 5.421277523 3.959308624 0.831430674 0.020037534 -0.321072638 -0.453027606
1403636660563555584.000000 0.902023792 5.422761917 3.954082727 0.832873344 0.018752385 -0.317300379 -0.453090250
1403636660613555456.000000 0.888513207 5.425249100 3.949659824 0.835200369 0.016122345 -0.310728461 -0.453462452
1403636660663555584.000000 0.873236179 5.429711342 3.945144415 0.838063180 0.013653629 -0.302487224 -0.453833938
1403636660713555456.000000 0.857475877 5.435138702 3.942055225 0.840867758 0.011874728 -0.294255376 -0.454108208
1403636660763555584.000000 0.838458300 5.443723679 3.937230110 0.843572080 0.011674506 -0.286096126 -0.454311401
1403636660813555456.000000 0.820857286 5.450908661 3.936753511 0.845745265 0.013168721 -0.279299021 -0.454459697
1403636660863555584.000000 0.801018953 5.459242344 3.936363697 0.847469509 0.015528703 -0.273593724 -0.454643548
1403636660913555456.000000 0.781808853 5.467576504 3.939480305 0.848655641 0.016335756 -0.269885451 -0.454619318
1403636660963555584.000000 0.760921478 5.476866245 3.943107605 0.848777413 0.014328101 -0.269201040 -0.454865396
1403636661013555456.000000 0.740618110 5.486536980 3.950142384 0.848484933 0.010565304 -0.269819707 -0.455147386
1403636661063555584.000000 0.718323588 5.498542786 3.956682444 0.848258495 0.006565819 -0.270460904 -0.455264091
1403636661113555456.000000 0.697418690 5.508713245 3.966917515 0.847999752 0.002812171 -0.271110088 -0.455398649
1403636661163555584.000000 0.673575521 5.521442413 3.975336313 0.847665310 -0.000513461 -0.272182286 -0.455389947
1403636661213555456.000000 0.653967917 5.531901360 3.987607718 0.847799301 -0.003739761 -0.271708399 -0.455408663
1403636661263555584.000000 0.634936631 5.542611599 3.999526262 0.847285271 -0.005177773 -0.273246050 -0.455431163
1403636661313555456.000000 0.619224489 5.551521778 4.013298035 0.847309470 -0.006866253 -0.272995055 -0.455514222
1403636661363555584.000000 0.603738129 5.562528610 4.025215149 0.847290635 -0.007680437 -0.272999704 -0.455533564
1403636661413555456.000000 0.592119157 5.570540428 4.039027691 0.847345948 -0.007626353 -0.272665620 -0.455631614
1403636661463555584.000000 0.582118392 5.579301357 4.053118706 0.847074568 -0.008233760 -0.273297817 -0.455746859
1403636661513555456.000000 0.574780345 5.586614609 4.067227364 0.846521854 -0.008108080 -0.274660319 -0.455957144
1403636661563555584.000000 0.568368495 5.595277309 4.081194401 0.845750213 -0.009383883 -0.276347876 -0.456344694
1403636661613555456.000000 0.564792633 5.601688385 4.095890999 0.844793081 -0.010235756 -0.278826058 -0.456591696
1403636661663555584.000000 0.563289344 5.608851433 4.109972954 0.844546080 -0.011874456 -0.278887153 -0.456971556
1403636661713555456.000000 0.563768923 5.614789963 4.124173641 0.844723165 -0.012648748 -0.277869642 -0.457243025
1403636661763555584.000000 0.563268960 5.625240803 4.135389328 0.844271243 -0.018033413 -0.278896809 -0.457271814
1403636661813555456.000000 0.567140102 5.630106449 4.149566174 0.843384802 -0.023125375 -0.280327410 -0.457803309
1403636661863555584.000000 0.571658373 5.634993076 4.163452148 0.842922866 -0.026631633 -0.280486107 -0.458365947
1403636661913555456.000000 0.579293013 5.637998581 4.176053047 0.842869878 -0.028352750 -0.280294716 -0.458477288
1403636661963555584.000000 0.588276088 5.640558720 4.188004494 0.842472434 -0.029449366 -0.280307114 -0.459130526
1403636662013555456.000000 0.597194552 5.642351627 4.200321198 0.842588484 -0.029498562 -0.279897809 -0.459164292
1403636662063555584.000000 0.609646678 5.642570972 4.210879803 0.842880964 -0.029088160 -0.278890669 -0.459266365
1403636662113555456.000000 0.622432590 5.641792297 4.221182823 0.842993319 -0.028451735 -0.278216362 -0.459509015
1403636662163555584.000000 0.634500086 5.639939785 4.231806755 0.843260646 -0.024779035 -0.277907908 -0.459417701
1403636662213555456.000000 0.643555582 5.637678146 4.245993614 0.843733788 -0.019645801 -0.277309656 -0.459158748
1403636662263555584.000000 0.652746499 5.634160995 4.258344650 0.844446659 -0.013851214 -0.276012599 -0.458841085
1403636662313555456.000000 0.660356462 5.629678726 4.272025108 0.844837189 -0.009817811 -0.275889248 -0.458300084
1403636662363555584.000000 0.666803181 5.625365257 4.286508560 0.844963729 -0.005761813 -0.276379913 -0.457839817
1403636662413555456.000000 0.672271252 5.622354507 4.303761482 0.844562948 -0.002802288 -0.278658032 -0.457225680
1403636662463555584.000000 0.675663710 5.618454456 4.320674419 0.843432426 0.000374389 -0.282792509 -0.456782311
1403636662513555456.000000 0.677687764 5.615353584 4.338987350 0.842185080 0.002848052 -0.287147701 -0.456357747
1403636662563555584.000000 0.681052804 5.611826897 4.358576775 0.840987086 0.002676986 -0.291488081 -0.455816031
1403636662613555456.000000 0.681683779 5.609720230 4.378182411 0.839461267 -0.001522254 -0.296222270 -0.455581993
1403636662663555584.000000 0.682355821 5.608373642 4.398249149 0.838108838 -0.009604312 -0.300846547 -0.454942554
1403636662713555456.000000 0.681532383 5.607845306 4.417623997 0.837131500 -0.017672835 -0.303565860 -0.454693794
1403636662763555584.000000 0.681967676 5.605874062 4.436507225 0.836685896 -0.024207870 -0.304887205 -0.454328626
1403636662813555456.000000 0.678660572 5.605581760 4.454581261 0.836555302 -0.029027114 -0.305805564 -0.453669041
1403636662863555584.000000 0.674855232 5.603777885 4.472708225 0.835769534 -0.030077342 -0.308016926 -0.453553021
1403636662913555456.000000 0.668282807 5.602594376 4.489768982 0.835259140 -0.026913928 -0.310274601 -0.453153014
1403636662963555584.000000 0.661254585 5.600591183 4.506303787 0.834308147 -0.025242638 -0.313418120 -0.452837527
1403636663013555456.000000 0.653678715 5.599287987 4.521430016 0.832718790 -0.026198853 -0.317957044 -0.452544391
1403636663063555584.000000 0.647744954 5.597188950 4.534759521 0.831101954 -0.028730206 -0.322518528 -0.452134967
1403636663113555456.000000 0.642066777 5.595631123 4.545875549 0.829722524 -0.031417318 -0.326035559 -0.451967329
1403636663163555584.000000 0.640486121 5.594619751 4.550249100 0.828441918 -0.031305972 -0.329484940 -0.451822668
1403636663213555456.000000 0.636412561 5.592926979 4.556029797 0.829394639 -0.027008014 -0.328316212 -0.451202452
1403636663263555584.000000 0.631748617 5.590883255 4.559463501 0.831555843 -0.016393634 -0.323574394 -0.451160520
1403636663313555456.000000 0.624987304 5.589632988 4.562508106 0.833004713 -0.006573351 -0.320470989 -0.450952679
1403636663363555584.000000 0.616472125 5.588856220 4.565328121 0.834024787 0.002731721 -0.318286300 -0.450654149
1403636663413555456.000000 0.606073976 5.589368343 4.567907333 0.834121048 0.011268713 -0.317932099 -0.450593263
1403636663463555584.000000 0.593966007 5.591364384 4.571097374 0.833694518 0.017253079 -0.318758786 -0.450609297
1403636663513555456.000000 0.580760121 5.595148563 4.573665619 0.833338320 0.022848962 -0.319917738 -0.450197577
1403636663563555584.000000 0.566635370 5.600834846 4.576809883 0.832978010 0.026320193 -0.320711076 -0.450110316
1403636663613555456.000000 0.550483942 5.610175133 4.577969551 0.832442224 0.027653784 -0.321802229 -0.450242728
1403636663663555584.000000 0.534918547 5.620402336 4.580677986 0.832154334 0.029270062 -0.322325230 -0.450298697
1403636663713555456.000000 0.521186352 5.635493279 4.579838276 0.832618773 0.033527274 -0.320155859 -0.450690925
1403636663763555584.000000 0.507477641 5.650401592 4.581114769 0.833579838 0.037356768 -0.316540152 -0.451166928
1403636663813555456.000000 0.495500207 5.667945385 4.581734657 0.835457087 0.041616868 -0.310095161 -0.451796949
1403636663863555584.000000 0.483236074 5.689898968 4.579492092 0.837180734 0.045118392 -0.303314269 -0.452872157
1403636663913555456.000000 0.475414753 5.713357925 4.580443382 0.838652968 0.045863900 -0.297829807 -0.453712612
1403636663963555584.000000 0.470485568 5.739641666 4.581790924 0.840879917 0.046907619 -0.289576262 -0.454825521
1403636664013555456.000000 0.467166901 5.769454479 4.582124233 0.843165755 0.046992656 -0.281600773 -0.455592245
1403636664063555584.000000 0.466408014 5.799541950 4.586431503 0.844089687 0.044786628 -0.277466148 -0.456639141
1403636664113555456.000000 0.463681936 5.833656311 4.587205887 0.844103754 0.040115554 -0.275296062 -0.458357632
1403636664163555584.000000 0.467206240 5.868073463 4.594183445 0.844211280 0.033597987 -0.273786366 -0.459586382
1403636664213555456.000000 0.471237659 5.905000687 4.599730492 0.843971431 0.026140064 -0.272395015 -0.461334944
1403636664263555584.000000 0.476469398 5.941641808 4.609722137 0.843868673 0.019452950 -0.270545959 -0.462938696
1403636664313555456.000000 0.477664471 5.980268002 4.619186401 0.843409061 0.013680431 -0.269648284 -0.464504004
1403636664363555584.000000 0.476518989 6.016870022 4.634469032 0.842772841 0.009990327 -0.269097209 -0.466069520
1403636664413555456.000000 0.467807770 6.056767464 4.647450447 0.842087328 0.006716160 -0.268311173 -0.467817277
1403636664463555584.000000 0.460383415 6.093204021 4.667537212 0.841173768 0.004548386 -0.268313020 -0.469482958
1403636664513555456.000000 0.450485826 6.132040977 4.684948921 0.840526104 0.001833097 -0.267096907 -0.471351087
1403636664563555584.000000 0.442049265 6.168069839 4.707507610 0.839400172 -0.001121711 -0.267058730 -0.473377049
1403636664613555456.000000 0.433789253 6.206530571 4.727331161 0.837550044 -0.007721878 -0.268854529 -0.475570738
1403636664663555584.000000 0.428404093 6.241372108 4.751249790 0.836294651 -0.010933436 -0.269146889 -0.477547646
1403636664713555456.000000 0.424140811 6.277753830 4.772653103 0.834342897 -0.014209323 -0.271618426 -0.479472190
1403636664763555584.000000 0.422667146 6.310932636 4.796165466 0.833390415 -0.010637698 -0.272032678 -0.480984032
1403636664813555456.000000 0.421689391 6.345938206 4.816170692 0.832668185 -0.006574892 -0.271740943 -0.482470095
1403636664863555584.000000 0.424516439 6.378089905 4.839485645 0.831693947 -0.005624899 -0.271687359 -0.484189689
1403636664913555456.000000 0.428256273 6.412577629 4.860116005 0.830658197 -0.006606792 -0.272325873 -0.485594481
1403636664963555584.000000 0.433645844 6.444123745 4.883195400 0.829090953 -0.005014685 -0.274833888 -0.486877173
1403636665013555456.000000 0.440824151 6.478463173 4.904288292 0.827016592 -0.004796978 -0.278912842 -0.488086432
1403636665063555584.000000 0.450334311 6.508688927 4.927268505 0.825065076 -0.002329306 -0.283204079 -0.488935262
1403636665113555456.000000 0.461285353 6.541503906 4.948550701 0.823103070 -0.001185083 -0.287016541 -0.490022033
1403636665163555584.000000 0.474468946 6.571609974 4.970417500 0.821858764 0.000165640 -0.289685369 -0.490541071
1403636665213555456.000000 0.487851620 6.604201317 4.991192341 0.820336282 -0.003444156 -0.292410165 -0.491459906
1403636665263555584.000000 0.502431154 6.634269238 5.012371540 0.819952190 -0.010824521 -0.292647898 -0.491852164
1403636665313555456.000000 0.517805696 6.669060230 5.030852318 0.820366323 -0.016005835 -0.290692210 -0.492179930
1403636665363555584.000000 0.531869769 6.699933529 5.050188541 0.820546031 -0.018259587 -0.289556801 -0.492471009
1403636665413555456.000000 0.545837998 6.733208656 5.068227291 0.821432769 -0.016860340 -0.287438989 -0.492283344
1403636665463555584.000000 0.558975458 6.763486862 5.086023331 0.822301507 -0.011866909 -0.285825074 -0.491918206
1403636665513555456.000000 0.573268294 6.795604229 5.102650166 0.823221326 -0.005331201 -0.284402877 -0.491317928
1403636665563555584.000000 0.586862087 6.824368000 5.120576382 0.824652731 0.000279981 -0.281607449 -0.490556002
1403636665613555456.000000 0.602198362 6.854242802 5.139064312 0.825165570 0.005364866 -0.281122863 -0.489941895
1403636665663555584.000000 0.616033316 6.883562088 5.157793045 0.825917482 0.007821825 -0.280298620 -0.489113271
1403636665713555456.000000 0.630114555 6.913843155 5.176965714 0.827089965 0.008542791 -0.278375477 -0.488217652
1403636665763555584.000000 0.649945259 6.945783615 5.195795536 0.828697264 0.008109380 -0.275056422 -0.487379819
1403636665813555456.000000 0.665189147 6.976700783 5.215845108 0.829821348 0.005652125 -0.273366839 -0.486451656
1403636665863555584.000000 0.681032062 7.008057594 5.236849785 0.829930365 -0.003360691 -0.273815215 -0.486034632
1403636665913555456.000000 0.698508024 7.041248798 5.258258343 0.829323351 -0.012279402 -0.276681900 -0.485303164
1403636665963555584.000000 0.714013457 7.072371006 5.279871941 0.828562319 -0.020080606 -0.279632181 -0.484651685
1403636666013555456.000000 0.728406549 7.103655338 5.301796436 0.827655792 -0.025072638 -0.282956034 -0.484038383
1403636666063555584.000000 0.744190693 7.133327007 5.324572563 0.827211499 -0.027652053 -0.284534276 -0.483732104
1403636666113555456.000000 0.755545378 7.162502766 5.346398830 0.827868581 -0.026636686 -0.283263832 -0.483410507
1403636666163555584.000000 0.766303897 7.191034794 5.368113041 0.829221129 -0.023122452 -0.280428380 -0.482926100
1403636666213555456.000000 0.778635621 7.217206955 5.390804291 0.830131769 -0.021864934 -0.277847707 -0.482911944
1403636666263555584.000000 0.786304832 7.244669437 5.413208008 0.830288589 -0.021867238 -0.277191550 -0.483019173
1403636666313555456.000000 0.792597413 7.271204948 5.435909748 0.830476344 -0.023971578 -0.276569098 -0.482953370
1403636666363555584.000000 0.800508261 7.293560505 5.460461140 0.830116808 -0.026950708 -0.276486158 -0.483461708
1403636666413555456.000000 0.805605054 7.317999840 5.483647346 0.829015613 -0.029664898 -0.278737634 -0.483899295
1403636666463555584.000000 0.811654329 7.340629101 5.506312370 0.827740610 -0.031083798 -0.281288058 -0.484516621
1403636666513555456.000000 0.816962481 7.361877918 5.530196667 0.826701343 -0.030808391 -0.282858670 -0.485393435
1403636666563555584.000000 0.826239824 7.381031513 5.550842762 0.826069474 -0.027394416 -0.284153312 -0.485917479
1403636666613555456.000000 0.838042259 7.398465633 5.570700169 0.825174987 -0.022850417 -0.285661310 -0.486787200
1403636666663555584.000000 0.848389387 7.416572571 5.591827869 0.824807882 -0.016907897 -0.285776883 -0.487583578
1403636666713555456.000000 0.862475634 7.432477474 5.610461712 0.823647380 -0.011268087 -0.287983507 -0.488409162
1403636666763555584.000000 0.877382398 7.448630810 5.628632069 0.822256148 -0.006627976 -0.290633887 -0.489267677
1403636666813555456.000000 0.890508294 7.466425419 5.648830891 0.820637882 -0.004835793 -0.294012904 -0.489986211
1403636666863555584.000000 0.904711127 7.482915878 5.666856289 0.818085730 -0.004739203 -0.300029844 -0.490607172
1403636666913555456.000000 0.916693687 7.500380516 5.685805798 0.814119339 -0.009901529 -0.309588820 -0.491188854
1403636666963555584.000000 0.923830032 7.518565178 5.706176758 0.810536921 -0.015394508 -0.318218023 -0.491457373
1403636667013555456.000000 0.932980537 7.536763668 5.722590446 0.809241116 -0.018940765 -0.320880413 -0.491737634
1403636667063555584.000000 0.940720558 7.555247307 5.737499237 0.809372544 -0.020948341 -0.319882721 -0.492089808
1403636667113555456.000000 0.945962071 7.575811863 5.750795841 0.812635720 -0.020165933 -0.310961694 -0.492462724
1403636667163555584.000000 0.951970935 7.595405102 5.762274742 0.816923678 -0.017690787 -0.299076438 -0.492824614
1403636667213555456.000000 0.955513000 7.615454197 5.773740768 0.820332646 -0.015834272 -0.289242238 -0.493094921
1403636667263555584.000000 0.957208633 7.636198997 5.786660194 0.823398173 -0.012218536 -0.280218542 -0.493298858
1403636667313555456.000000 0.958611608 7.655860901 5.798877716 0.825073004 -0.009508535 -0.274689287 -0.493669927
1403636667363555584.000000 0.958369374 7.675444603 5.812792778 0.825900197 -0.009003278 -0.271658778 -0.493972987
1403636667413555456.000000 0.956119895 7.695540428 5.829792023 0.825971186 -0.007661877 -0.271444887 -0.493994623
1403636667463555584.000000 0.954998255 7.714376450 5.845210075 0.824874878 -0.005238845 -0.273936599 -0.494482368
1403636667513555456.000000 0.953352690 7.733287811 5.862111568 0.823461771 -0.003493945 -0.277572542 -0.494825393
1403636667563555584.000000 0.952784419 7.751533985 5.877087116 0.820914984 -0.003288870 -0.284107000 -0.495349377
1403636667613555456.000000 0.952329159 7.770880222 5.893909931 0.818480015 -0.004758819 -0.290956467 -0.495390981
1403636667663555584.000000 0.953708410 7.790297508 5.909955978 0.816366434 -0.006625485 -0.296292603 -0.495694190
1403636667713555456.000000 0.956982493 7.810248375 5.929099083 0.815293074 -0.009175079 -0.299434394 -0.495532304
1403636667763555584.000000 0.962567925 7.829705715 5.942750454 0.815014899 -0.011054735 -0.300137490 -0.495525956
1403636667813555456.000000 0.968784332 7.849361897 5.954972267 0.815310121 -0.012643104 -0.299645245 -0.495300174
1403636667863555584.000000 0.976968527 7.868438244 5.966574669 0.815414131 -0.013833326 -0.299826264 -0.494987667
1403636667913555456.000000 0.983234763 7.887210369 5.978264809 0.815562546 -0.015131444 -0.300046414 -0.494571447
1403636667963555584.000000 0.988430381 7.905836105 5.989629269 0.815486729 -0.014370597 -0.300892234 -0.494205266
1403636668013555456.000000 0.993343949 7.927652836 6.000032425 0.816024899 -0.014559100 -0.300390840 -0.493616074
1403636668063555584.000000 0.994914174 7.947061539 6.010837078 0.817227185 -0.012383142 -0.298643440 -0.492745966
1403636668113555456.000000 0.994543672 7.966863155 6.021634102 0.818485260 -0.010019606 -0.296770066 -0.491842508
1403636668163555584.000000 0.994108796 7.987498283 6.032128811 0.819717884 -0.007112694 -0.295286894 -0.490731835
1403636668213555456.000000 0.990432858 8.007925987 6.042867661 0.820369065 -0.003850556 -0.295452505 -0.489578992
1403636668263555584.000000 0.986208320 8.028907776 6.053360462 0.821078122 -0.000855528 -0.295393467 -0.488439113
1403636668313555456.000000 0.981861711 8.053081512 6.064980030 0.822035313 0.001355149 -0.295326948 -0.486865640
1403636668363555584.000000 0.975798249 8.075133324 6.076086044 0.822736025 0.001938341 -0.295207918 -0.485751092
1403636668413555456.000000 0.969110370 8.097728729 6.087440968 0.823793590 0.001955668 -0.294096977 -0.484631211
1403636668463555584.000000 0.962625146 8.122014999 6.099665642 0.825131893 0.001500524 -0.292370170 -0.483399212
1403636668513555456.000000 0.954977989 8.145701408 6.111333370 0.826047421 0.001574959 -0.291433096 -0.482400268
1403636668563555584.000000 0.947630525 8.169958115 6.123573780 0.826613963 0.001283399 -0.291605979 -0.481324941
1403636668613555456.000000 0.941404343 8.196285248 6.136966705 0.827175617 0.001629118 -0.291443139 -0.480456859
1403636668663555584.000000 0.934027791 8.221380234 6.149365425 0.827827036 0.002371489 -0.291436464 -0.479334533
1403636668713555456.000000 0.926585317 8.247643471 6.161916256 0.829090416 0.005496779 -0.289242029 -0.478453785
1403636668763555584.000000 0.919870734 8.279370308 6.175522804 0.831139803 0.009308189 -0.284612894 -0.477614462
1403636668813555456.000000 0.913532019 8.306671143 6.188641071 0.833250284 0.011901010 -0.279836208 -0.476701260
1403636668863555584.000000 0.908793449 8.335002899 6.203026295 0.835075259 0.015970998 -0.274523556 -0.476477861
1403636668913555456.000000 0.911461353 8.362394333 6.215036869 0.836946011 0.018292425 -0.269210845 -0.476143122
1403636668963555584.000000 0.911094308 8.392156601 6.230979443 0.837562382 0.014971290 -0.267635852 -0.476063311
1403636669013555456.000000 0.913136721 8.421260834 6.248694897 0.837342739 0.008914502 -0.268351406 -0.476198792
1403636669063555584.000000 0.918992400 8.450098038 6.266151428 0.837207496 0.003049736 -0.268904716 -0.476198167
1403636669113555456.000000 0.925312519 8.478448868 6.285938263 0.836964369 -0.002539853 -0.269896775 -0.476067156
1403636669163555584.000000 0.931749940 8.506189346 6.306519032 0.836856604 -0.005500727 -0.270831853 -0.475700438
1403636669213555456.000000 0.940611482 8.540779114 6.325618267 0.837430716 -0.007683010 -0.270108163 -0.475070983
1403636669263555584.000000 0.945418119 8.567627907 6.348629475 0.837697148 -0.008553241 -0.269791692 -0.474766105
1403636669313555456.000000 0.948959112 8.594552994 6.372676849 0.837966919 -0.007812069 -0.269650847 -0.474382639
1403636669363555584.000000 0.953561783 8.621414185 6.396622181 0.837729633 -0.008176268 -0.270808488 -0.474136144
1403636669413555456.000000 0.955254674 8.647340775 6.422783852 0.838096678 -0.009208351 -0.269813418 -0.474035770
1403636669463555584.000000 0.957108855 8.673532486 6.449574471 0.838631392 -0.011364528 -0.268115759 -0.474006623
1403636669513555456.000000 0.960500956 8.697649002 6.476627350 0.839265049 -0.012672008 -0.265496582 -0.474326044
1403636669563555584.000000 0.960833669 8.722373962 6.505482197 0.840200722 -0.014373639 -0.262200773 -0.474454403
1403636669613555456.000000 0.961656094 8.746270180 6.535079479 0.841686666 -0.016513802 -0.256883353 -0.474659801
1403636669663555584.000000 0.964163899 8.766271591 6.566049099 0.842706323 -0.019192580 -0.252409011 -0.475149930
1403636669713555456.000000 0.968305588 8.788578033 6.596220970 0.843835413 -0.021815594 -0.247803226 -0.475457191
1403636669763555584.000000 0.974171638 8.810559273 6.626212120 0.843993366 -0.024325764 -0.246210858 -0.475882053
1403636669813555456.000000 0.980298042 8.825497627 6.661820412 0.841856778 -0.033014134 -0.250446945 -0.476931423
1403636669863555584.000000 0.989901185 8.843912125 6.693603992 0.838346362 -0.045668114 -0.257955104 -0.478068054
1403636669913555456.000000 1.002160549 8.858968735 6.725509167 0.833627939 -0.056256603 -0.269153684 -0.479015708
1403636669963555584.000000 1.012127995 8.867146492 6.760988712 0.829895735 -0.063111722 -0.278150052 -0.479502529
1403636670013555456.000000 1.026304245 8.877648354 6.789503098 0.827100039 -0.065973803 -0.285208404 -0.479801178
1403636670063555584.000000 1.041387200 8.885082245 6.817294121 0.824793339 -0.068515301 -0.290372133 -0.480318338
1403636670113555456.000000 1.054305077 8.886112213 6.846579552 0.822226167 -0.070827708 -0.294563770 -0.481829792
1403636670163555584.000000 1.071235418 8.889090538 6.869360924 0.820457876 -0.075675517 -0.295018047 -0.483824819
1403636670213555456.000000 1.087554216 8.888986588 6.890661240 0.818060935 -0.085176423 -0.294776589 -0.486444265
1403636670263555584.000000 1.100349665 8.882666588 6.914461613 0.815918624 -0.093924686 -0.293857247 -0.488981515
1403636670313555456.000000 1.113086462 8.877504349 6.931879997 0.813477218 -0.101244189 -0.293743044 -0.491649836
1403636670363555584.000000 1.122624755 8.868978500 6.948578358 0.810325444 -0.105776727 -0.295166880 -0.495035857
1403636670413555456.000000 1.127561569 8.853685379 6.966529369 0.806692302 -0.108032599 -0.297049582 -0.499337643
1403636670463555584.000000 1.133818388 8.838446617 6.977995872 0.801792443 -0.110546812 -0.300020635 -0.504872262
1403636670513555456.000000 1.140376091 8.819377899 6.985727310 0.796799481 -0.112110391 -0.301707298 -0.511385083
1403636670563555584.000000 1.146340132 8.795478821 6.990049839 0.791184604 -0.112915047 -0.302283406 -0.519520819
1403636670613555456.000000 1.153326988 8.769031525 6.989638329 0.785485446 -0.112730287 -0.302322954 -0.528114974
1403636670663555584.000000 1.158282995 8.735095024 6.989528179 0.779864848 -0.111629456 -0.300966054 -0.537372470
1403636670713555456.000000 1.165813208 8.701713562 6.980203152 0.773987353 -0.110536478 -0.299016714 -0.547096312
1403636670763555584.000000 1.172821045 8.665598869 6.966585636 0.767590940 -0.110215783 -0.297104031 -0.557122827
1403636670813555456.000000 1.176893711 8.626647949 6.953448296 0.760058701 -0.112157285 -0.296032548 -0.567535341
1403636670863555584.000000 1.180005074 8.584343910 6.933991432 0.751386464 -0.115686998 -0.295593739 -0.578497529
1403636670913555456.000000 1.180706024 8.539101601 6.911419392 0.742237866 -0.120192476 -0.294593006 -0.589789629
1403636670963555584.000000 1.181065917 8.492210388 6.887629986 0.732002199 -0.126738593 -0.293120563 -0.601822615
1403636671013555456.000000 1.181347489 8.440156937 6.855484009 0.721802294 -0.130253494 -0.289557010 -0.614973366
1403636671063555584.000000 1.182303667 8.383798599 6.817362309 0.712446809 -0.130159155 -0.284093052 -0.628306746
1403636671113555456.000000 1.184296608 8.327150345 6.776031971 0.703854501 -0.125555813 -0.277554601 -0.641707122
1403636671163555584.000000 1.185449600 8.263781548 6.726284027 0.695097148 -0.119066857 -0.271780878 -0.654826939
1403636671213555456.000000 1.186752677 8.197916985 6.671374798 0.686923385 -0.111506805 -0.267484725 -0.666449130
1403636671263555584.000000 1.187827468 8.133378029 6.614847660 0.679898798 -0.101344466 -0.263532430 -0.676770031
1403636671313555456.000000 1.186661243 8.061882019 6.550883293 0.675158441 -0.085292310 -0.258837700 -0.685484767
1403636671363555584.000000 1.184628963 7.989272118 6.484693050 0.671886742 -0.065000981 -0.251923114 -0.693453610
1403636671413555456.000000 1.182133198 7.919169903 6.417682171 0.668404996 -0.044022139 -0.244093627 -0.701224029
1403636671463555584.000000 1.177232027 7.845542908 6.348982811 0.662922204 -0.025876671 -0.239075616 -0.709018648
1403636671513555456.000000 1.170603037 7.773027420 6.281063557 0.656479597 -0.011287316 -0.237030447 -0.716047287
1403636671563555584.000000 1.164366961 7.704654694 6.214523315 -0.649643123 0.000280704 0.237761527 0.722103417
1403636671613555456.000000 1.154736757 7.633701324 6.147729397 -0.643338263 -0.009711046 0.239612550 0.727053881
1403636671663555584.000000 1.144081593 7.564437866 6.082187653 0.637935460 0.017636802 -0.242521033 -0.730692029
1403636671713555456.000000 1.137753963 7.503079414 6.018134594 -0.633337498 -0.023720540 0.245201215 0.733619332
1403636671763555584.000000 1.125180244 7.438263893 5.954118729 -0.630011559 -0.028487945 0.247304350 0.735604882
1403636671813555456.000000 1.111977100 7.376299858 5.891033173 -0.627723098 -0.034705639 0.248366848 0.736935019
1403636671863555584.000000 1.102020502 7.323045731 5.829606533 -0.625636697 -0.039521933 0.251218736 0.737499714
1403636671913555456.000000 1.090043783 7.268013000 5.768099785 -0.623978615 -0.045707021 0.254992306 0.737252057
1403636671963555584.000000 1.081054449 7.218155861 5.707791328 0.623190284 0.053107221 -0.257532001 -0.736539721
1403636672013555456.000000 1.076772213 7.179234505 5.646959305 -0.622633934 -0.061109226 0.259559125 0.735677779
1403636672063555584.000000 1.073158979 7.137615681 5.587460518 -0.624248981 -0.067793034 0.256775856 0.734699607
1403636672113555456.000000 1.072332382 7.101490021 5.529192448 0.627066851 0.073638506 -0.250349283 -0.733954906
1403636672163555584.000000 1.077138901 7.070777893 5.471161842 -0.629950047 -0.076855868 0.244797856 0.733028054
1403636672213555456.000000 1.081171274 7.042141438 5.417105198 -0.632235467 -0.079663880 0.240673199 0.732125938
1403636672263555584.000000 1.085897923 7.017614365 5.365840912 -0.634372652 -0.080520615 0.238040671 0.731043398
1403636672313555456.000000 1.093240023 6.999641418 5.315760136 -0.636733472 -0.081686281 0.233497053 0.730326653
1403636672363555584.000000 1.098009825 6.983243942 5.270804405 -0.640079498 -0.082229413 0.225387797 0.729888320
1403636672413555456.000000 1.101377726 6.970446587 5.229954720 0.643510103 0.081894830 -0.215837315 -0.729796052
1403636672463555584.000000 1.109167099 6.959821701 5.188992023 -0.647193730 -0.076859035 0.205400780 0.730098307
1403636672513555456.000000 1.108767986 6.951414108 5.157068729 -0.649907649 -0.062766328 0.199520469 0.730665505
1403636672563555584.000000 1.105913162 6.944617748 5.129481792 -0.651817501 -0.046835013 0.194668218 0.731467545
1403636672613555456.000000 1.099881411 6.939217567 5.102752686 -0.652200699 -0.031417459 0.193832606 0.732172251
1403636672663555584.000000 1.089420795 6.934239388 5.082916260 -0.652425945 -0.018745348 0.193793997 0.732415855
1403636672713555456.000000 1.074232101 6.929367542 5.066420078 -0.651191652 -0.011783518 0.198023513 0.732528031
1403636672763555584.000000 1.053918600 6.923731804 5.048753738 -0.648557484 -0.010684946 0.205254957 0.732891142
1403636672813555456.000000 1.033318520 6.918533325 5.037049294 -0.644890785 -0.011784297 0.211918607 0.734212220
1403636672863555584.000000 1.014636040 6.913852215 5.025588512 0.641380906 0.013708862 -0.213563725 -0.736772180
1403636672913555456.000000 0.999000788 6.907018661 5.010512829 -0.636851251 -0.014614327 0.213077471 0.740813792
1403636672963555584.000000 0.984708071 6.903152943 5.001067638 -0.631834447 -0.016310573 0.211025015 0.745645821
1403636673013555456.000000 0.972681999 6.899283409 4.991986752 0.625973523 0.017962702 -0.208357185 -0.751280189
1403636673063555584.000000 0.963031054 6.896494865 4.983811378 0.620287001 0.020897256 -0.205110297 -0.756794035
1403636673113555456.000000 0.955256462 6.894288063 4.976422310 0.614083171 0.023530299 -0.203490674 -0.762194097
1403636673163555584.000000 0.950556040 6.893526077 4.969347000 0.607686639 0.028711565 -0.205163106 -0.766681731
1403636673213555456.000000 0.942673445 6.894069672 4.960044384 -0.601222038 -0.035620321 0.208307832 0.770630419
1403636673263555584.000000 0.942053080 6.894811153 4.954319477 -0.595622897 -0.043270580 0.210645199 0.773944259
1403636673313555456.000000 0.943836451 6.896546364 4.949211121 -0.590882123 -0.048662711 0.213843957 0.776376963
1403636673363555584.000000 0.944945335 6.899494171 4.944338322 -0.587162912 -0.052707385 0.215325430 0.778522074
1403636673413555456.000000 0.949868441 6.905939102 4.941837311 -0.584708929 -0.053493582 0.214873195 0.780438006
1403636673463555584.000000 0.953919172 6.914694786 4.941179752 0.582879007 0.052631915 -0.213991135 -0.782105982
1403636673513555456.000000 0.954685926 6.926661491 4.942485332 -0.581851006 -0.051778100 0.212323219 0.783381999
1403636673563555584.000000 0.957952261 6.939492226 4.945600033 -0.581244886 -0.049063358 0.209792838 0.784687340
1403636673613555456.000000 0.961292982 6.954173565 4.950340748 -0.581984162 -0.044061694 0.204599425 0.785806715
1403636673663555584.000000 0.959674120 6.974660873 4.957942009 -0.582765639 -0.038183995 0.199464470 0.786854684
1403636673713555456.000000 0.962294817 6.992029190 4.966363430 -0.583468974 -0.031998951 0.194763273 0.787786365
1403636673763555584.000000 0.965227008 7.009397507 4.975796700 0.584927440 0.025723299 -0.188321948 -0.788500607
1403636673813555456.000000 0.969006062 7.025778770 4.986485004 0.585171759 0.019866396 -0.185030818 -0.789267302
1403636673863555584.000000 0.976830602 7.037185192 4.996586323 0.585708380 0.017420670 -0.182105497 -0.789607346
1403636673913555456.000000 0.979589343 7.057610512 5.010410786 0.585847139 0.019348402 -0.180675760 -0.789788067
1403636673963555584.000000 0.982585192 7.083323479 5.026457787 -0.585752189 -0.019455681 0.180374429 0.789924681
1403636674013555456.000000 0.989755869 7.099813461 5.041648388 -0.585191190 -0.019705463 0.182070926 0.789945066
1403636674063555584.000000 0.996586561 7.116940498 5.058529377 -0.585118830 -0.019755121 0.182629868 0.789868414
1403636674113555456.000000 1.001441240 7.134442806 5.077580452 0.584560812 0.018718399 -0.184088871 -0.789968133
1403636674163555584.000000 1.005984187 7.151226044 5.097967625 0.584542096 0.017201800 -0.184247583 -0.789979458
1403636674213555456.000000 1.009749889 7.171916485 5.120019436 -0.584579527 -0.014305771 0.184628308 0.789920568
1403636674263555584.000000 1.011384010 7.188202858 5.143393993 -0.584121168 -0.009668622 0.186466932 0.789898157
1403636674313555456.000000 1.011149883 7.204053879 5.168312550 -0.582666576 -0.004006472 0.191013962 0.789935052
1403636674363555584.000000 1.009492278 7.226389408 5.198332310 -0.580131173 0.000653754 0.196113795 0.790561140
1403636674413555456.000000 1.006086349 7.241306305 5.225317955 -0.575907707 0.005807920 0.200880095 0.792429090
1403636674463555584.000000 1.001554012 7.256304741 5.252707481 -0.571111500 0.010458768 0.203409791 0.795202374
1403636674513555456.000000 0.995611906 7.271743774 5.280484200 0.565668821 -0.014278900 -0.204302818 -0.798796177
1403636674563555584.000000 0.987818718 7.286614418 5.307786465 0.560706437 -0.015811438 -0.203646526 -0.802425325
1403636674613555456.000000 0.980446577 7.309717178 5.338191032 -0.556782365 0.016556686 0.201666474 0.805636406
1403636674663555584.000000 0.970592856 7.324722767 5.364194870 -0.553479910 0.016775310 0.198418051 0.808708131
1403636674713555456.000000 0.958929539 7.339544296 5.389815807 -0.549682319 0.016295299 0.198458076 0.811294198
1403636674763555584.000000 0.946351051 7.355543137 5.415009022 0.545445919 -0.012320826 -0.200701013 -0.813668311
1403636674813555456.000000 0.932826996 7.370559216 5.438974380 0.541025639 -0.006261373 -0.204953611 -0.815626204
1403636674863555584.000000 0.920907974 7.386146069 5.461489201 0.537202835 0.000196422 -0.209223032 -0.817091644
1403636674913555456.000000 0.910190105 7.402599335 5.482531548 0.533908427 0.005764065 -0.212814689 -0.818302274
1403636674963555584.000000 0.900852442 7.428802490 5.509421349 -0.531496942 -0.012123909 0.215935826 0.818984628
1403636675013555456.000000 0.894870758 7.448897362 5.527890205 -0.529364288 -0.016267696 0.218988135 0.819483340
1403636675063555584.000000 0.891477823 7.471066952 5.545007229 -0.528117716 -0.021517178 0.220040500 0.819884658
1403636675113555456.000000 0.889749765 7.496004105 5.561513901 0.528830409 0.026125614 -0.217848048 -0.819876969
1403636675163555584.000000 0.890840292 7.522652149 5.576636791 0.530167937 0.032909833 -0.213239014 -0.819980502
1403636675213555456.000000 0.894935846 7.552343369 5.591541290 0.532671154 0.037791148 -0.205422059 -0.820143282
1403636675263555584.000000 0.900717020 7.585156918 5.607419014 0.534990668 0.041563299 -0.199270561 -0.819968820
1403636675313555456.000000 0.908757210 7.620220661 5.624261379 0.537022114 0.043917481 -0.193997204 -0.819782734
1403636675363555584.000000 0.919525385 7.656613827 5.642057896 0.538991094 0.041632321 -0.187130690 -0.820205808
1403636675413555456.000000 0.931864381 7.694230556 5.661682606 0.539832830 0.035951316 -0.179458410 -0.821634173
1403636675463555584.000000 0.946103096 7.729128838 5.687528133 -0.538730025 -0.030356558 0.173618987 0.823835492
1403636675513555456.000000 0.957304478 7.768018246 5.711794853 -0.536765635 -0.026477877 0.166172490 0.826781929
1403636675563555584.000000 0.967559576 7.806652069 5.737969398 -0.534703851 -0.022941258 0.158617616 0.829702377
1403636675613555456.000000 0.977619648 7.843383789 5.765428543 -0.532414973 -0.020071372 0.151888072 0.832503140
1403636675663555584.000000 0.985365868 7.880875587 5.795458317 -0.528835833 -0.017584465 0.147183836 0.835679591
1403636675713555456.000000 0.992113948 7.917519569 5.827551365 0.524027526 0.013793482 -0.143588170 -0.839397013
1403636675763555584.000000 1.005791783 7.948762417 5.863112926 -0.517910242 -0.008392360 0.141338006 0.843636215
1403636675813555456.000000 1.010317087 7.982675552 5.898835659 -0.508875668 -0.000027811 0.144770473 0.848579526
1403636675863555584.000000 1.013355136 8.015430450 5.935740948 -0.498404622 0.009063638 0.150141239 0.853796482
1403636675913555456.000000 1.016651034 8.045207024 5.972265720 -0.486425489 0.014987665 0.158052519 0.859176993
1403636675963555584.000000 1.016141176 8.075412750 6.009495258 -0.474188894 0.018136136 0.164807975 0.864670098
1403636676013555456.000000 1.014286399 8.105027199 6.046101570 -0.462796062 0.017839322 0.168227434 0.870173097
1403636676063555584.000000 1.013219237 8.133282661 6.081435204 -0.452829123 0.015778599 0.167718604 0.875538290
1403636676113555456.000000 1.009143829 8.162639618 6.116223335 -0.444328010 0.010701537 0.163333729 0.880783916
1403636676163555584.000000 1.004685760 8.192293167 6.150357723 -0.437105060 0.004281851 0.153394714 0.886222899
1403636676213555456.000000 1.009682178 8.215365410 6.181436539 -0.429992139 -0.002345766 0.143334612 0.891379058
1403636676263555584.000000 1.004058242 8.244818687 6.215267658 -0.422985494 -0.010267714 0.130272776 0.896664381
1403636676313555456.000000 0.998070955 8.273596764 6.249846458 -0.413948923 -0.017150555 0.121048860 0.902052879
1403636676363555584.000000 0.996935904 8.301032066 6.284323692 -0.405579329 -0.021226656 0.108925082 0.907298326
1403636676413555456.000000 0.994518399 8.328021049 6.319752216 -0.396594048 -0.025480127 0.099042080 0.912279963
1403636676463555584.000000 0.994464993 8.353658676 6.355977058 -0.385918945 -0.027439360 0.093925044 0.917328596
1403636676513555456.000000 1.003134608 8.374432564 6.391808987 -0.374526352 -0.028475236 0.092321523 0.922169209
1403636676563555584.000000 1.007137775 8.397043228 6.429658890 -0.362524062 -0.025368122 0.093840122 0.926890910
1403636676613555456.000000 1.013823271 8.419258118 6.468371868 -0.351709783 -0.022724777 0.095401727 0.930957735
1403636676663555584.000000 1.027063847 8.441102982 6.508124352 -0.342699468 -0.019370634 0.097252116 0.934197009
1403636676713555456.000000 1.038355112 8.462984085 6.546961308 -0.335067213 -0.015966574 0.099735469 0.936764657
1403636676763555584.000000 1.051551580 8.483718872 6.585383415 0.328931034 0.012286122 -0.102220871 -0.938724816
1403636676813555456.000000 1.071743250 8.503520966 6.624758244 -0.322957695 -0.010234338 0.105177261 0.940495253
1403636676863555584.000000 1.087854385 8.524007797 6.662302017 -0.316674441 -0.008885966 0.108919047 0.942218125
1403636676913555456.000000 1.104077458 8.544358253 6.698522568 -0.312577814 -0.006886641 0.109913319 0.943486512
1403636676963555584.000000 1.123565674 8.565155983 6.736292839 -0.309503317 -0.005845234 0.110996343 0.944379866
1403636677013555456.000000 1.134355307 8.586101532 6.773189545 -0.308426887 -0.005627151 0.109004118 0.944965303
1403636677063555584.000000 1.141528606 8.607387543 6.810732841 -0.309260249 -0.006696326 0.103779584 0.945274174
1403636677113555456.000000 1.150567532 8.629509926 6.851060867 -0.310752094 -0.008111506 0.098493032 0.945339382
1403636677163555584.000000 1.151057243 8.650539398 6.890234947 -0.312351048 -0.009641020 0.093943618 0.945261121
1403636677213555456.000000 1.149420738 8.670982361 6.929772377 -0.313764572 -0.008932407 0.090010591 0.945182621
1403636677263555584.000000 1.148398399 8.690544128 6.969717026 0.314298421 0.006740045 -0.086050794 -0.945392191
1403636677313555456.000000 1.151765227 8.710731506 7.011867046 -0.312956542 -0.003359173 0.083028160 0.946125448
1403636677363555584.000000 1.152455568 8.727669716 7.051132202 -0.310131848 0.001900106 0.078496754 0.947445452
1403636677413555456.000000 1.155730247 8.743338585 7.089874744 -0.306262702 0.007822168 0.074259549 0.949014008
1403636677463555584.000000 1.157223225 8.754386902 7.126656532 0.301050693 -0.014326299 -0.070870578 -0.950863123
1403636677513555456.000000 1.173773170 8.771517754 7.170753002 -0.294420540 0.019677363 0.069351740 0.952953219
1403636677563555584.000000 1.181253910 8.781446457 7.205432415 -0.286541790 0.023538630 0.067924701 0.955366910
1403636677613555456.000000 1.189878821 8.789743423 7.238665104 -0.277246207 0.025811961 0.068311743 0.958019793
1403636677663555584.000000 1.203206062 8.799211502 7.273469925 -0.267363667 0.025588540 0.069236837 0.960764468
1403636677713555456.000000 1.214292765 8.804775238 7.303190231 -0.256025285 0.025632184 0.070886247 0.963726699
1403636677763555584.000000 1.225956202 8.809079170 7.330913067 -0.244541064 0.023029616 0.071895152 0.966695607
1403636677813555456.000000 1.239760876 8.813876152 7.358825684 -0.230977654 0.018426454 0.075467393 0.969852865
1403636677863555584.000000 1.251660824 8.816776276 7.382967472 -0.216326445 0.013905279 0.080143683 0.972926855
1403636677913555456.000000 1.264223337 8.819994926 7.405613899 -0.201874316 0.008687761 0.082699753 0.975875080
1403636677963555584.000000 1.277984142 8.824802399 7.430047989 -0.187876016 0.004841680 0.083157942 0.978654206
1403636678013555456.000000 1.290985346 8.830042839 7.450424671 -0.175243869 0.000569160 0.080277719 0.981246591
1403636678063555584.000000 1.303261876 8.836735725 7.470146656 -0.164041758 -0.000944302 0.075670488 0.983546376
1403636678113555456.000000 1.316084385 8.843542099 7.494811535 -0.156241506 -0.001890729 0.067506455 0.985407531
1403636678163555584.000000 1.325777054 8.853017807 7.513968468 -0.149511948 -0.002234977 0.059318792 0.986976445
1403636678213555456.000000 1.333689213 8.863350868 7.533053398 -0.144210875 -0.003839217 0.050563611 0.988246858
1403636678263555584.000000 1.340399265 8.873908997 7.554661751 -0.138661012 -0.004515422 0.043188840 0.989387453
1403636678313555456.000000 1.348157763 8.884546280 7.573159695 -0.131761745 -0.004768387 0.037769403 0.990550160
1403636678363555584.000000 1.357245684 8.894766808 7.590972900 -0.123177424 -0.004182613 0.035895113 0.991726518
1403636678413555456.000000 1.365131259 8.902930260 7.609722137 -0.114670768 -0.005610403 0.033567294 0.992820442
1403636678463555584.000000 1.376989007 8.912913322 7.626120090 -0.106096357 -0.006489275 0.030477352 0.993867457
1403636678513555456.000000 1.390243769 8.922653198 7.641841888 -0.097289316 -0.008047800 0.027014855 0.994856954
1403636678563555584.000000 1.403687477 8.932539940 7.658248901 -0.088007189 -0.007924904 0.023941139 0.995800555
1403636678613555456.000000 1.419789076 8.941425323 7.672423840 -0.077128671 -0.007769241 0.019922439 0.996791840
1403636678663555584.000000 1.435274005 8.950251579 7.686317444 -0.066890895 -0.007725185 0.012387068 0.997653544
1403636678713555456.000000 1.448443174 8.959437370 7.701970577 -0.057186469 -0.007917089 0.001883709 0.998330355
1403636678763555584.000000 1.461635351 8.967599869 7.716694832 -0.046935536 -0.008507364 -0.010073988 0.998810887
1403636678813555456.000000 1.472770452 8.975081444 7.731868744 -0.037281178 -0.009545974 -0.023006551 0.998994350
1403636678863555584.000000 1.479495287 8.980022430 7.749592304 -0.028607341 -0.010797375 -0.034690659 0.998930275
1403636678913555456.000000 1.486862183 8.984935760 7.765634537 -0.020653054 -0.011243921 -0.046079859 0.998660982
1403636678963555584.000000 1.492246628 8.987837791 7.781849861 -0.011503510 -0.012299783 -0.053349394 0.998433948
1403636679013555456.000000 1.496462822 8.988742828 7.799011230 -0.001391366 -0.011388062 -0.057528548 0.998277962
1403636679063555584.000000 1.499206424 8.987215042 7.815598965 0.009819601 -0.010083369 -0.059044883 0.998156130
1403636679113555456.000000 1.500521064 8.983757019 7.832208633 0.021606935 -0.007773522 -0.059684649 0.997953176
1403636679163555584.000000 1.501281619 8.978930473 7.851208687 0.034986861 -0.005361294 -0.056577295 0.997770667
1403636679213555456.000000 1.500394702 8.972035408 7.867371559 0.049931280 -0.001516718 -0.051819660 0.997406304
1403636679263555584.000000 1.499816179 8.963930130 7.882971764 -0.064914793 -0.001647555 0.047870360 -0.996740639
1403636679313555456.000000 1.500160336 8.955056190 7.899077415 0.079706840 0.003545109 -0.044908576 0.995799959
1403636679363555584.000000 1.501963139 8.945899010 7.911937237 0.094019450 0.005117061 -0.045243215 0.994528651
1403636679413555456.000000 1.505523920 8.936651230 7.923316956 -0.107332528 -0.004925966 0.046680860 -0.993114531
1403636679463555584.000000 1.509768009 8.928115845 7.935249805 0.120377921 0.004765127 -0.049000353 0.991506636
1403636679513555456.000000 1.516148567 8.919559479 7.943354607 0.132234275 0.003640168 -0.052422915 0.989824653
1403636679563555584.000000 1.523934841 8.911520004 7.950463295 -0.142290682 -0.002172780 0.055738248 -0.988252044
1403636679613555456.000000 1.531938553 8.904205322 7.957952976 0.151113287 0.000866547 -0.057755947 0.986827433
1403636679663555584.000000 1.542040348 8.897451401 7.962183952 0.158147857 -0.002033399 -0.059982914 0.985589802
1403636679713555456.000000 1.553197384 8.891703606 7.965149403 -0.163853407 0.003805766 0.062678285 -0.984484196
1403636679763555584.000000 1.564421773 8.888862610 7.968191147 0.167750746 -0.004068825 -0.066386998 0.983583212
1403636679813555456.000000 1.579245210 8.884399414 7.968167782 0.171022162 -0.000586389 -0.068537213 0.982880354
1403636679863555584.000000 1.596709967 8.879780769 7.968036175 -0.172782734 -0.003514095 0.070796259 -0.982406080
1403636679913555456.000000 1.612028003 8.876178741 7.967291355 0.173401445 0.009155672 -0.075561896 0.981905580
1403636679963555584.000000 1.631777167 8.871409416 7.965124130 0.173044771 0.010738470 -0.079458781 0.981644809
1403636680013555456.000000 1.652498245 8.866631508 7.961173534 0.170584947 0.012875682 -0.086706042 0.981436253
1403636680063555584.000000 1.671401858 8.862383842 7.956111908 0.167687282 0.014672804 -0.094157770 0.981223762
1403636680113555456.000000 1.692061424 8.856742859 7.948170662 0.164174676 0.017217182 -0.102581404 0.980931878
1403636680163555584.000000 1.709948063 8.850063324 7.938786030 -0.161825702 -0.018088730 0.106597342 -0.980878353
1403636680213555456.000000 1.724961758 8.842850685 7.929544449 0.161600947 0.018207133 -0.105517551 0.981029987
1403636680263555584.000000 1.739344478 8.833156586 7.917590141 0.161149666 0.020940924 -0.104615472 0.981146276
1403636680313555456.000000 1.751207590 8.822453499 7.904551983 0.158782378 0.022170873 -0.107541196 0.981188834
1403636680363555584.000000 1.755279779 8.813181877 7.890008450 0.155251116 0.020895040 -0.113421470 0.981119812
1403636680413555456.000000 1.762125373 8.799524307 7.874373436 0.151790708 0.018044615 -0.117976293 0.981180727
1403636680463555584.000000 1.766718864 8.784456253 7.857490063 -0.149161637 -0.015403011 0.120824516 -0.981282413
1403636680513555456.000000 1.769345641 8.768543243 7.841867924 0.146645531 0.012983843 -0.122949034 0.981432736
1403636680563555584.000000 1.770098209 8.748658180 7.822959423 0.145741984 0.010622760 -0.121079825 0.981828034
1403636680613555456.000000 1.768661976 8.726167679 7.803310871 -0.145867988 -0.009848942 0.116977349 -0.982314527
1403636680663555584.000000 1.766723752 8.704108238 7.786350250 0.145311967 0.009187086 -0.114830442 0.982656658
1403636680713555456.000000 1.762158394 8.677260399 7.764921188 0.145729676 0.006891762 -0.110493019 0.983110726
1403636680763555584.000000 1.756129742 8.648492813 7.742696285 0.147824734 0.003337793 -0.101350747 0.983801186
1403636680813555456.000000 1.750499487 8.620569229 7.722404480 0.150429621 0.000260731 -0.091712929 0.984357536
1403636680863555584.000000 1.742263079 8.589687347 7.699318409 0.153587699 -0.003583330 -0.080256559 0.984863937
1403636680913555456.000000 1.732572794 8.558397293 7.676346779 0.156669170 -0.009565359 -0.069160230 0.985180318
1403636680963555584.000000 1.722492218 8.531818390 7.658205509 0.158484101 -0.018265713 -0.062688969 0.985200167
1403636681013555456.000000 1.709923506 8.501033783 7.637120724 0.158207089 -0.026413603 -0.061308004 0.985146821
1403636681063555584.000000 1.696274042 8.470739365 7.617237091 0.157654151 -0.034478348 -0.061609104 0.984967411
1403636681113555456.000000 1.684720755 8.440649986 7.599024296 0.156704590 -0.040371660 -0.063965037 0.984744787
1403636681163555584.000000 1.671991110 8.411127090 7.582384109 0.155798122 -0.040363003 -0.066200182 0.984741271
1403636681213555456.000000 1.660368919 8.381417274 7.567285061 0.154465303 -0.034231707 -0.070836522 0.984860897
1403636681263555584.000000 1.650276065 8.356452942 7.557335377 0.153875351 -0.025054494 -0.074726470 0.984941959
1403636681313555456.000000 1.641117334 8.326242447 7.543486118 0.154002830 -0.017858071 -0.075971030 0.984983623
1403636681363555584.000000 1.633718014 8.295511246 7.529816628 0.154186174 -0.011055944 -0.076075189 0.985046685
1403636681413555456.000000 1.628747225 8.265019417 7.516168118 0.155437738 -0.006138658 -0.074642241 0.985002518
1403636681463555584.000000 1.624247789 8.234021187 7.500878811 0.156880230 -0.003200240 -0.072206512 0.984969318
1403636681513555456.000000 1.620645761 8.203168869 7.484627724 0.158002123 -0.001436779 -0.070963085 0.984884560
1403636681563555584.000000 1.616931319 8.171882629 7.469489098 0.159024656 -0.000859928 -0.071065716 0.984713197
1403636681613555456.000000 1.612703800 8.141489029 7.452767849 0.158733577 -0.000688992 -0.073940963 0.984548628
1403636681663555584.000000 1.607174516 8.111051559 7.435928822 0.159056902 -0.000224617 -0.075270340 0.984395862
1403636681713555456.000000 1.602082372 8.079213142 7.421654701 0.159371465 0.000231714 -0.076912239 0.984218061
1403636681763555584.000000 1.594218254 8.048521996 7.404857159 0.159814507 0.000949629 -0.077812865 0.984075069
1403636681813555456.000000 1.585542679 8.017550468 7.387814522 0.160490930 0.001471376 -0.078486934 0.983910799
1403636681863555584.000000 1.578757286 7.984733582 7.371897221 0.161396563 0.001952720 -0.078251608 0.983780503
1403636681913555456.000000 1.571791053 7.953110218 7.353331566 0.162392989 0.003004533 -0.077926807 0.983639657
1403636681963555584.000000 1.566899896 7.920938969 7.333864689 -0.163759530 -0.002863174 0.076930985 -0.983491898
1403636682013555456.000000 1.562769771 7.886993885 7.316039562 0.164871916 0.002729639 -0.075682297 0.983403325
1403636682063555584.000000 1.561348319 7.854355335 7.294450760 0.166148201 0.002121923 -0.074115880 0.983309329
1403636682113555456.000000 1.561393619 7.821942806 7.271668911 -0.167140216 -0.002267488 0.073268235 -0.983204365
1403636682163555584.000000 1.562054992 7.789227009 7.247084141 0.168084487 0.001599806 -0.072228700 0.983121634
1403636682213555456.000000 1.561827660 7.757483006 7.222706795 0.168627769 -0.001395280 -0.071689814 0.983068287
1403636682263555584.000000 1.560128212 7.726019382 7.198747635 -0.169140518 0.005598539 0.070295088 -0.983066022
1403636682313555456.000000 1.555719852 7.692584991 7.177315712 0.168775886 -0.011440387 -0.070530526 0.983061194
1403636682363555584.000000 1.550825238 7.661568165 7.154741287 0.168634042 -0.017582769 -0.070085779 0.983026683
1403636682413555456.000000 1.545283794 7.630326271 7.133313656 -0.168184444 0.020944763 0.069832683 -0.983055830
1403636682463555584.000000 1.539804816 7.598416805 7.112704277 0.167818964 -0.019082224 -0.069396019 0.983187139
1403636682513555456.000000 1.534052134 7.567810535 7.092930794 0.166503236 -0.014674027 -0.070497833 0.983408034
1403636682563555584.000000 1.527504444 7.537293434 7.073815823 0.165233314 -0.010025773 -0.071650200 0.983597398
1403636682613555456.000000 1.518991947 7.505251408 7.054695606 0.164190307 -0.005806220 -0.072731599 0.983726561
1403636682663555584.000000 1.510562897 7.474276066 7.036621571 0.162963331 -0.002114814 -0.073127903 0.983916044
1403636682713555456.000000 1.502192616 7.443128586 7.018253326 0.162857905 0.000028020 -0.071338363 0.984067142
1403636682763555584.000000 1.494081378 7.411612511 6.997533321 0.162568495 0.002361237 -0.069494203 0.984244168
1403636682813555456.000000 1.488270760 7.380751133 6.977520943 0.161778986 0.004753632 -0.068311699 0.984448314
1403636682863555584.000000 1.483574629 7.349852562 6.956918716 0.160623044 0.006523212 -0.069880888 0.984517336
1403636682913555456.000000 1.478740335 7.319189072 6.933851242 0.158472568 0.007129657 -0.072189882 0.984695077
1403636682963555584.000000 1.476293325 7.288202763 6.910836697 0.156961992 0.007460889 -0.074574292 0.984756887
1403636683013555456.000000 1.474389076 7.257190704 6.886677742 0.155613154 0.007431777 -0.077739932 0.984726250
1403636683063555584.000000 1.471242666 7.225569248 6.860865593 0.155335441 0.008766728 -0.077771127 0.984756708
1403636683113555456.000000 1.466843486 7.193845272 6.836434841 0.155700922 0.007577009 -0.077526301 0.984728158
1403636683163555584.000000 1.460515261 7.161839962 6.812031269 0.156689391 0.006697007 -0.075743929 0.984716475
1403636683213555456.000000 1.450794697 7.129960060 6.785283089 0.157824710 0.004803846 -0.074007601 0.984678268
1403636683263555584.000000 1.441476226 7.097587109 6.760984421 0.158734173 0.003868166 -0.072864890 0.984621346
1403636683313555456.000000 1.430703282 7.064993858 6.735913754 -0.160191700 -0.003059301 0.071485326 -0.984489322
1403636683363555584.000000 1.416785359 7.033258438 6.708731651 0.161436632 0.002367327 -0.070425279 0.984364212
1403636683413555456.000000 1.403917074 7.000963211 6.684233665 0.162509978 0.001867274 -0.069966391 0.984221458
1403636683463555584.000000 1.389650702 6.968586445 6.659701824 -0.163986191 -0.001034468 0.068987451 -0.984046876
1403636683513555456.000000 1.372513771 6.937304020 6.633522034 0.164504781 0.001079398 -0.069457270 0.983927250
1403636683563555584.000000 1.357115507 6.905485630 6.609562874 0.165338024 0.001018785 -0.069050163 0.983816266
1403636683613555456.000000 1.340393662 6.874050140 6.585289955 -0.165777117 0.000540629 0.069355696 -0.983721256
1403636683663555584.000000 1.320100784 6.843342781 6.559453487 0.166591793 -0.002801536 -0.069061339 0.983600497
1403636683713555456.000000 1.302824259 6.812272072 6.535442352 0.167141780 -0.005548971 -0.069236532 0.983483136
1403636683763555584.000000 1.286616564 6.781127930 6.510617733 -0.168008670 0.008344286 0.068066232 -0.983397424
1403636683813555456.000000 1.273979068 6.750863075 6.482146263 0.168277487 -0.011939192 -0.069174036 0.983237088
1403636683863555584.000000 1.261314869 6.720357895 6.456660271 0.169977859 -0.014732251 -0.067173645 0.983045399
1403636683913555456.000000 1.250150919 6.690419674 6.431765079 -0.169991240 0.014970867 0.069597177 -0.982870877
1403636683963555584.000000 1.237757683 6.661497593 6.403951645 0.171033502 -0.014690660 -0.068888418 0.982744217
1403636684013555456.000000 1.232007980 6.631255627 6.379377365 0.172081515 -0.012947096 -0.068404622 0.982619584
1403636684063555584.000000 1.228850126 6.601051807 6.355117798 0.172984511 -0.010923291 -0.068551339 0.982475340
1403636684113555456.000000 1.222856522 6.572739124 6.326311588 0.173877269 -0.009159133 -0.069044523 0.982301235
1403636684163555584.000000 1.222170591 6.543202877 6.300648212 0.174975976 -0.008355543 -0.069316238 0.982094169
1403636684213555456.000000 1.223125696 6.514515400 6.273735523 -0.176152587 0.006908778 0.069068044 -0.981912494
1403636684263555584.000000 1.221642494 6.485913754 6.244500160 0.177453220 -0.005480651 -0.068359323 0.981736898
1403636684313555456.000000 1.224074125 6.457470894 6.217585564 0.178161487 -0.003352896 -0.069039136 0.981570661
1403636684363555584.000000 1.224951744 6.429548264 6.190734863 0.179065645 -0.001583668 -0.068958797 0.981416225
1403636684413555456.000000 1.223043561 6.402088642 6.163591385 -0.179835856 0.000237505 0.069091059 -0.981267333
1403636684463555584.000000 1.217442274 6.374673367 6.135614872 0.180783808 0.000167595 -0.067955896 0.981172383
1403636684513555456.000000 1.212692499 6.348075390 6.109561443 0.182547823 0.000266637 -0.065210856 0.981032014
1403636684563555584.000000 1.206854105 6.322259426 6.083766937 0.183442757 0.001249661 -0.063564248 0.980972409
1403636684613555456.000000 1.198199153 6.297061920 6.056596756 -0.184594437 -0.001609089 0.061582986 -0.980882227
1403636684663555584.000000 1.186390519 6.272635937 6.029546261 0.185249418 0.002259350 -0.060808122 0.980805755
1403636684713555456.000000 1.175616860 6.249427319 6.003803253 0.185696065 0.003077513 -0.060237102 0.980754316
1403636684763555584.000000 1.163195372 6.227229118 5.978344917 -0.185735911 -0.003687927 0.060734265 -0.980714023
1403636684813555456.000000 1.148558378 6.203610897 5.953778744 0.185684144 0.004011179 -0.060531363 0.980735064
1403636684863555584.000000 1.132714868 6.183477879 5.928388596 0.185394764 0.003663640 -0.061746616 0.980715454
1403636684913555456.000000 1.115948200 6.164108276 5.902459621 -0.184150830 -0.004937005 0.064931206 -0.980738521
1403636684963555584.000000 1.099658370 6.144032001 5.877120972 0.181961477 0.004469820 -0.070729911 0.980748415
1403636685013555456.000000 1.083506227 6.126403809 5.849804878 0.180116951 0.003971108 -0.074310139 0.980826259
1403636685063555584.000000 1.068755627 6.108818054 5.822353840 -0.178704649 -0.003382492 0.076635078 -0.980907977
1403636685113555456.000000 1.057151556 6.088817596 5.795302868 0.177631810 0.001708433 -0.077570722 0.981033564
1403636685163555584.000000 1.045760393 6.071306229 5.765257359 0.177037179 -0.000936223 -0.076643497 0.981215000
1403636685213555456.000000 1.035523653 6.053806782 5.734361649 -0.174919948 0.002986125 0.078985080 -0.981404841
1403636685263555584.000000 1.024926901 6.034173965 5.704252243 0.172751427 -0.004577982 -0.081333548 0.981590986
1403636685313555456.000000 1.017390132 6.016241074 5.672088146 0.170667663 -0.005704816 -0.083240785 0.981789708
1403636685363555584.000000 1.010822892 5.997252941 5.639564991 -0.169044092 0.006132367 0.084286034 -0.981978774
1403636685413555456.000000 1.005777955 5.976101875 5.608912945 0.167995632 -0.006045287 -0.083400078 0.982234895
1403636685463555584.000000 0.997553170 5.956303596 5.576765537 0.167739019 -0.006716960 -0.081281461 0.982451975
1403636685513555456.000000 0.988213658 5.935866833 5.545391560 -0.167501956 0.006820934 0.079121068 -0.982667983
1403636685563555584.000000 0.978822827 5.914010525 5.515898228 0.167151600 -0.007732559 -0.077614821 0.982841074
1403636685613555456.000000 0.966361761 5.892875671 5.485340595 0.167378888 -0.007530593 -0.075162940 0.982994497
1403636685663555584.000000 0.952759862 5.871281624 5.455486774 -0.166472197 0.006785884 0.075713612 -0.983111620
1403636685713555456.000000 0.939014435 5.849847794 5.426238060 0.165950969 -0.005642171 -0.076469310 0.983148456
1403636685763555584.000000 0.922686577 5.827888489 5.397213936 0.165603697 -0.004942185 -0.077300705 0.983145773
1403636685813555456.000000 0.905643761 5.805602074 5.368592739 0.164636448 -0.003227250 -0.079574920 0.983133912
1403636685863555584.000000 0.889222026 5.782788277 5.342035294 0.163764209 -0.001661172 -0.081515297 0.983124554
1403636685913555456.000000 0.870000243 5.759204865 5.313747406 0.164148360 -0.002103070 -0.080440357 0.983148158
1403636685963555584.000000 0.849812746 5.735022545 5.284987450 -0.165522978 0.003553635 0.077557057 -0.983145177
1403636686013555456.000000 0.830939114 5.713056087 5.257708073 0.166550159 -0.005743376 -0.074858010 0.983170629
1403636686063555584.000000 0.812192202 5.688710690 5.228024960 0.167908296 -0.008751181 -0.072081402 0.983124852
1403636686113555456.000000 0.796113729 5.664179802 5.198544502 -0.168769076 0.010752697 0.069919609 -0.983113766
1403636686163555584.000000 0.783253670 5.641703129 5.170011997 0.168779776 -0.010450810 -0.069292173 0.983159661
1403636686213555456.000000 0.770952165 5.617228985 5.140031338 0.168781757 -0.011564431 -0.068374924 0.983211040
1403636686263555584.000000 0.760040462 5.593740463 5.110525608 -0.169073820 0.012820835 0.067049995 -0.983236492
1403636686313555456.000000 0.751168966 5.571778297 5.080842495 0.168973655 -0.014043335 -0.066357523 0.983283997
1403636686363555584.000000 0.744006932 5.548184395 5.051077843 0.169231325 -0.015031800 -0.065549389 0.983279288
1403636686413555456.000000 0.737936378 5.525279045 5.021271229 -0.168846250 0.016021233 0.065969124 -0.983301818
1403636686463555584.000000 0.730375111 5.504022598 4.993617535 0.168955311 -0.017557442 -0.065690637 0.983275414
1403636686513555456.000000 0.722044468 5.481624603 4.965861320 0.169306576 -0.019071670 -0.064971641 0.983234584
1403636686563555584.000000 0.712940574 5.459429741 4.939255238 0.169021055 -0.019078404 -0.065592483 0.983242393
1403636686613555456.000000 0.701853871 5.438508987 4.914731979 0.169102103 -0.019341951 -0.067230232 0.983112693
1403636686663555584.000000 0.690058708 5.416996002 4.890650749 0.168976471 -0.019193580 -0.067778349 0.983099520
1403636686713555456.000000 0.677656233 5.395334721 4.867007732 -0.169277325 0.018822340 0.067669593 -0.983062446
1403636686763555584.000000 0.663799644 5.375176907 4.845649242 0.169964910 -0.017281651 -0.067350879 0.982994020
1403636686813555456.000000 0.652782857 5.353730202 4.823454857 0.170090869 -0.015451947 -0.067218103 0.983011782
1403636686863555584.000000 0.643228233 5.332347393 4.801276207 0.171002820 -0.014202178 -0.066211566 0.982940674
1403636686913555456.000000 0.634048581 5.311529160 4.779614449 0.171715200 -0.012923755 -0.065169573 0.982903779
1403636686963555584.000000 0.628387094 5.290838718 4.757096291 0.172245890 -0.012035533 -0.064540952 0.982863665
1403636687013555456.000000 0.624538422 5.270470142 4.734129429 -0.172941595 0.010938547 0.064081945 -0.982784390
1403636687063555584.000000 0.620527804 5.250247955 4.711856365 0.173255101 -0.010697062 -0.062962897 0.982804120
1403636687113555456.000000 0.619965672 5.230669022 4.688594341 0.173622906 -0.010701502 -0.062913023 0.982742369
1403636687163555584.000000 0.619201005 5.211359501 4.665800571 -0.173991725 0.010362810 0.063099496 -0.982668817
1403636687213555456.000000 0.617208064 5.193802357 4.644125938 0.174022973 -0.008868096 -0.063219309 0.982670188
1403636687263555584.000000 0.614890933 5.175358772 4.622269154 0.174208522 -0.008464217 -0.063702747 0.982609630
1403636687313555456.000000 0.610732198 5.157474041 4.601107121 -0.174519539 0.007581215 0.063844532 -0.982552528
1403636687363555584.000000 0.604463518 5.140342712 4.582023621 0.174353346 -0.005855941 -0.064820774 0.982529819
1403636687413555456.000000 0.597744465 5.123322487 4.562109470 0.174503356 -0.004526631 -0.065674193 0.982453644
1403636687463555584.000000 0.589653254 5.106670856 4.542816162 0.174599484 -0.003646244 -0.065990351 0.982419014
1403636687513555456.000000 0.580263436 5.090845585 4.523514271 0.174792573 -0.003018729 -0.065850362 0.982396185
1403636687563555584.000000 0.568350792 5.074657440 4.505194664 0.175639823 -0.003357168 -0.064635865 0.982324660
1403636687613555456.000000 0.554480731 5.058979034 4.487622738 -0.176385745 0.002284889 0.063638374 -0.982259214
1403636687663555584.000000 0.540821135 5.044371605 4.469507217 0.177250117 -0.002327142 -0.062798455 0.982157528
1403636687713555456.000000 0.523941636 5.029835224 4.452504158 0.178104192 -0.000940846 -0.061426796 0.982092083
1403636687763555584.000000 0.505398929 5.015751839 4.435803890 -0.178672642 0.001537581 0.061023127 -0.982013226
1403636687813555456.000000 0.487178415 5.002532005 4.419318199 0.178671628 -0.001610658 -0.061884094 0.981959403
1403636687863555584.000000 0.466285855 4.989575863 4.403697491 0.178851187 -0.001977245 -0.061961502 0.981921136
1403636687913555456.000000 0.443907291 4.977430820 4.388772011 -0.178481624 0.002203085 0.063347213 -0.981899500
1403636687963555584.000000 0.422473371 4.965584278 4.373676777 0.177735806 -0.002162499 -0.066010363 0.981859505
1403636688013555456.000000 0.398499131 4.953918457 4.359156609 0.177088454 -0.001560397 -0.067860618 0.981851459
1403636688063555584.000000 0.374709040 4.942126274 4.344437599 -0.175990954 0.001248506 0.071803212 -0.981768787
1403636688113555456.000000 0.352719456 4.931231022 4.329468727 0.174911216 -0.000999506 -0.074469700 0.981763422
1403636688163555584.000000 0.330956548 4.919636250 4.313105583 0.174690187 -0.001364013 -0.075449862 0.981727481
1403636688213555456.000000 0.311147451 4.907678127 4.296144009 -0.174698725 0.001602342 0.075418569 -0.981728077
1403636688263555584.000000 0.293124348 4.895913601 4.279294968 0.175338358 -0.001026786 -0.074089386 0.981715918
1403636688313555456.000000 0.275730073 4.883217812 4.260945320 0.176343590 -0.002339812 -0.071665347 0.981713653
1403636688363555584.000000 0.259097606 4.870363235 4.242022514 0.177284464 -0.002973172 -0.069438614 0.981702447
1403636688413555456.000000 0.242624402 4.858180046 4.223788261 0.177574068 -0.004754121 -0.069076456 0.981668651
1403636688463555584.000000 0.224811882 4.845822334 4.204923153 0.176699847 -0.004299861 -0.070889078 0.981699288
1403636688513555456.000000 0.206108958 4.833748341 4.186509132 -0.175910234 0.004612452 0.073571630 -0.981642306
1403636688563555584.000000 0.186473995 4.821825981 4.169907570 0.174131453 -0.004514909 -0.078109019 0.981609344
1403636688613555456.000000 0.165684953 4.809298992 4.151922226 0.172654688 -0.004563545 -0.082942814 0.981473446
1403636688663555584.000000 0.143450499 4.796050549 4.133803844 -0.171946332 0.004166509 0.085967883 -0.981339276
1403636688713555456.000000 0.121580057 4.782428265 4.118916512 0.171834290 -0.004004950 -0.087574027 0.981217504
1403636688763555584.000000 0.098236144 4.767952919 4.101555347 0.172253296 -0.004525812 -0.089135252 0.981001139
1403636688813555456.000000 0.075738646 4.752139091 4.084072113 -0.173823997 0.005048117 0.087680772 -0.980852604
1403636688863555584.000000 0.054502390 4.735911369 4.068737984 0.175864860 -0.006300538 -0.088832289 0.980377853
1403636688913555456.000000 0.035143726 4.718074322 4.049896717 0.179714441 -0.008012383 -0.088041693 0.979738355
1403636688963555584.000000 0.017485775 4.699588776 4.030636787 -0.183632046 0.010233755 0.086980641 -0.979085803
1403636689013555456.000000 0.002521731 4.679567814 4.010712624 0.187243536 -0.012300901 -0.085920505 0.978471339
1403636689063555584.000000 -0.010777086 4.659757614 3.990273476 0.191378146 -0.014091305 -0.084454469 0.977774739
1403636689113555456.000000 -0.022224300 4.639413834 3.970511436 -0.195531011 0.016087530 0.082740620 -0.977068484
1403636689163555584.000000 -0.032824352 4.618579865 3.952976704 0.199204698 -0.018498452 -0.081707023 0.976370513
1403636689213555456.000000 -0.040481150 4.598095894 3.932143927 0.202182963 -0.020271529 -0.082148328 0.975685835
1403636689263555584.000000 -0.045047559 4.578792095 3.908416033 -0.205209017 0.021450015 0.081564873 -0.975077629
1403636689313555456.000000 -0.050776947 4.556585312 3.894229174 0.207530022 -0.023182565 -0.081992783 0.974510670
1403636689363555584.000000 -0.051605016 4.536199093 3.874054670 0.209504306 -0.023129012 -0.082271494 0.974065900
1403636689413555456.000000 -0.050300278 4.515677452 3.854267597 -0.211155787 0.022993648 0.083296709 -0.973625302
1403636689463555584.000000 -0.048572887 4.493810177 3.837163448 0.212727815 -0.022635948 -0.083042070 0.973313153
1403636689513555456.000000 -0.043066904 4.473626614 3.816645145 0.213850752 -0.023514768 -0.083300494 0.973024189
1403636689563555584.000000 -0.036829636 4.454385757 3.795984507 -0.215001509 0.025383521 0.082843378 -0.972762585
1403636689613555456.000000 -0.029233411 4.432216167 3.780731201 0.215689957 -0.028104087 -0.082476296 0.972566605
1403636689663555584.000000 -0.021377735 4.413225651 3.760356188 0.216747656 -0.031611245 -0.080321908 0.972404063
1403636689713555456.000000 -0.014701366 4.393883228 3.742554665 -0.217683911 0.036025994 0.077220798 -0.972292602
1403636689763555584.000000 -0.008388802 4.372375965 3.731230497 0.218609259 -0.041552346 -0.072620638 0.972218990
1403636689813555456.000000 -0.002866656 4.353642464 3.716715336 0.219469383 -0.044614777 -0.068828024 0.972165406
1403636689863555584.000000 0.002746552 4.335130692 3.704475641 0.220170692 -0.044755112 -0.064940125 0.972267807
1403636689913555456.000000 0.009084985 4.314622879 3.699316740 0.221837506 -0.044261187 -0.058136757 0.972342193
1403636689963555584.000000 0.014614314 4.297268391 3.691668272 0.222246453 -0.042440724 -0.053882647 0.972574949
1403636690013555456.000000 0.019905657 4.280647278 3.687049150 -0.221658334 0.040880226 0.053050317 -0.972821712
1403636690063555584.000000 0.024644569 4.265022278 3.683193684 0.220321596 -0.039835032 -0.054315027 0.973098874
1403636690113555456.000000 0.028737754 4.251264095 3.682438850 0.217973083 -0.040515032 -0.059300851 0.973308623
1403636690163555584.000000 0.033129171 4.237994671 3.683952332 -0.215096205 0.040112395 0.065262340 -0.973583817
1403636690213555456.000000 0.040308937 4.223882675 3.693290472 0.212780535 -0.040216528 -0.070128776 0.973749995
1403636690263555584.000000 0.048674703 4.211215973 3.697211027 0.211598530 -0.039455049 -0.072209731 0.973886669
1403636690313555456.000000 0.058781013 4.198391438 3.703220367 -0.210420981 0.038385980 0.074839905 -0.973985910
1403636690363555584.000000 0.071906790 4.185775280 3.709299326 0.209204435 -0.037585754 -0.076477922 0.974151969
1403636690413555456.000000 0.084772915 4.172920227 3.717017412 0.208717287 -0.037043720 -0.077174529 0.974222243
1403636690463555584.000000 0.097840682 4.159943104 3.726310253 -0.209083915 0.035971474 0.075829424 -0.974289477
1403636690513555456.000000 0.111634158 4.147110939 3.735305786 0.210382000 -0.034820590 -0.071697094 0.974364638
1403636690563555584.000000 0.123297185 4.134335041 3.747374058 0.211588293 -0.033875763 -0.068089224 0.974395573
1403636690613555456.000000 0.133686930 4.122015476 3.761041403 -0.213615820 0.034991767 0.061689049 -0.974340022
1403636690663555584.000000 0.144498110 4.110360146 3.774425745 0.215377703 -0.034367539 -0.055927049 0.974322140
1403636690713555456.000000 0.152553350 4.099483967 3.791616678 -0.218575984 0.032440938 0.046799418 -0.974157035
1403636690763555584.000000 0.157216579 4.089991570 3.810912371 0.221957758 -0.030924093 -0.036397714 0.973885894
1403636690813555456.000000 0.158859670 4.082138062 3.830467224 0.224640504 -0.028635940 -0.028331362 0.973608732
1403636690863555584.000000 0.157944813 4.076932430 3.854235649 0.226818159 -0.024094839 -0.022270512 0.973384321
1403636690913555456.000000 0.156101346 4.074759007 3.878897667 0.228644609 -0.017816033 -0.017400138 0.973191381
1403636690963555584.000000 0.154627979 4.074334145 3.903016329 0.230660915 -0.009656972 -0.011915636 0.972913325
1403636691013555456.000000 0.156227887 4.078307629 3.929214954 0.232350305 0.000005720 -0.007887726 0.972600281
1403636691063555584.000000 0.160414264 4.086102962 3.954741001 0.233577609 0.008939254 -0.005823941 0.972279608
1403636691113555456.000000 0.163529858 4.097443581 3.977497816 0.234181121 0.014955479 -0.006452288 0.972056568
1403636691163555584.000000 0.171865925 4.114154816 4.000056267 0.233575791 0.022856450 -0.010141001 0.972017050
1403636691213555456.000000 0.181820497 4.134819984 4.020790100 0.231438875 0.029554613 -0.018626489 0.972222030
1403636691263555584.000000 0.189695537 4.158234596 4.038085938 0.228247806 0.035604730 -0.030244676 0.972481668
1403636691313555456.000000 0.200943440 4.186459541 4.053161144 0.225154087 0.038492452 -0.041483685 0.972678304
1403636691363555584.000000 0.212283999 4.216852665 4.065300941 0.222817168 0.038252156 -0.050861925 0.972780764
1403636691413555456.000000 0.221497387 4.247643471 4.074994087 0.222305149 0.031445011 -0.056742780 0.972816527
1403636691463555584.000000 0.234969869 4.280738831 4.083348751 0.222017691 0.022401255 -0.061243448 0.972859502
1403636691513555456.000000 0.250067681 4.314517975 4.089804173 0.222888097 0.013784924 -0.062856570 0.972717822
1403636691563555584.000000 0.265508503 4.348771095 4.093538284 0.223746970 0.008573920 -0.064255245 0.972489119
1403636691613555456.000000 0.285510480 4.383811951 4.097243786 0.224112302 0.003850319 -0.067246035 0.972232938
1403636691663555584.000000 0.306798309 4.419349194 4.100473404 0.222632408 0.001609381 -0.073561311 0.972121954
1403636691713555456.000000 0.324870586 4.454829216 4.101851940 0.220799550 -0.001123098 -0.080989845 0.971950114
1403636691763555584.000000 0.344789326 4.490719795 4.104554653 0.219420657 -0.001100151 -0.086567387 0.971781611
1403636691813555456.000000 0.362369090 4.526266575 4.107078075 0.219285890 -0.002270758 -0.088053174 0.971676528
1403636691863555584.000000 0.375465453 4.562210083 4.108106136 0.219983310 -0.003551105 -0.087187834 0.971593082
1403636691913555456.000000 0.388691127 4.597127914 4.110398769 0.220893055 -0.003728883 -0.084529266 0.971620917
1403636691963555584.000000 0.400542498 4.631960869 4.112292290 0.222390756 0.000162092 -0.080877535 0.971597254
1403636692013555456.000000 0.412683725 4.667566776 4.114653111 0.223366275 0.004147921 -0.078042693 0.971596479
1403636692063555584.000000 0.422805011 4.702425957 4.116312027 0.224043995 0.004331737 -0.075802572 0.971616983
1403636692113555456.000000 0.432664692 4.737761497 4.117221832 0.223077953 0.003820712 -0.077458359 0.971710801
1403636692163555584.000000 0.447409809 4.773881912 4.118436813 0.220721871 0.004407575 -0.082699180 0.971814454
1403636692213555456.000000 0.460069507 4.808714390 4.117921352 0.219364628 0.003336163 -0.085731186 0.971863329
1403636692263555584.000000 0.473519981 4.843188286 4.116295338 0.218413711 0.001945995 -0.087068565 0.971962333
1403636692313555456.000000 0.493505746 4.878726482 4.112987995 0.218321338 0.000752781 -0.086398065 0.972044528
1403636692363555584.000000 0.509995341 4.913017273 4.107156754 0.218818396 -0.000583132 -0.083744414 0.972165108
1403636692413555456.000000 0.527748406 4.947398186 4.100452423 0.218118489 -0.002170943 -0.084004678 0.972297728
1403636692463555584.000000 0.552674949 4.981874943 4.094718456 0.216772661 -0.002772931 -0.086579733 0.972371280
1403636692513555456.000000 0.573058486 5.015369892 4.086671352 -0.214443997 0.002207852 0.090723522 -0.972511292
1403636692563555584.000000 0.595078588 5.048358917 4.077982903 -0.213724777 0.002070132 0.090947390 -0.972648978
1403636692613555456.000000 0.624084055 5.080665112 4.069311142 0.213824838 -0.002785881 -0.089645043 0.972746134
1403636692663555584.000000 0.648034096 5.112247944 4.058733463 0.213332340 -0.003004006 -0.088568807 0.972952187
1403636692713555456.000000 0.672069073 5.143838882 4.048806190 -0.211574823 0.005051459 0.091322280 -0.973072946
1403636692763555584.000000 0.699993253 5.175761223 4.038175583 0.208096042 -0.007311229 -0.099064611 0.973051310
1403636692813555456.000000 0.720921278 5.206089497 4.028374672 0.203895703 -0.009717612 -0.108340584 0.972930908
1403636692863555584.000000 0.741667509 5.234330177 4.019067764 -0.201028123 0.011228338 0.115094312 -0.972735882
1403636692913555456.000000 0.764950633 5.262643337 4.008556843 0.198911816 -0.012657956 -0.120192640 0.972536683
1403636692963555584.000000 0.782657146 5.286629677 3.999458790 0.198781237 -0.014056265 -0.120319903 0.972528517
1403636693013555456.000000 0.799461067 5.308069229 3.990503788 0.200132683 -0.015942251 -0.116983101 0.972629309
1403636693063555584.000000 0.819359899 5.329230785 3.980749369 0.201685354 -0.015604135 -0.112938449 0.972792149
1403636693113555456.000000 0.834353328 5.346652031 3.972680330 0.203424513 -0.013927147 -0.109179072 0.972884595
1403636693163555584.000000 0.847394764 5.362550259 3.965091228 0.205295473 -0.013144680 -0.105208598 0.972939968
1403636693213555456.000000 0.862018049 5.380036831 3.956132174 0.206390917 -0.015266627 -0.103520885 0.972858310
1403636693263555584.000000 0.871770322 5.393703461 3.949943066 0.207562357 -0.019161634 -0.101188347 0.972785532
1403636693313555456.000000 0.880055666 5.406311035 3.944391489 0.208941072 -0.024242083 -0.098206915 0.972682536
1403636693363555584.000000 0.890172601 5.417169571 3.938684702 0.210026532 -0.029032214 -0.095947802 0.972543120
1403636693413555456.000000 0.897041202 5.428322315 3.934471607 0.211298183 -0.033169284 -0.093613148 0.972362876
1403636693463555584.000000 0.903528094 5.438642025 3.931565046 0.212270111 -0.037908535 -0.092449628 0.972089171
1403636693513555456.000000 0.910964429 5.450679779 3.927355528 0.212720528 -0.044562001 -0.090838477 0.971860349
1403636693563555584.000000 0.916575551 5.459876060 3.927649498 0.212840587 -0.051167388 -0.090860382 0.971506715
1403636693613555456.000000 0.922522783 5.468245506 3.929793119 0.212874621 -0.055764183 -0.091671713 0.971169949
1403636693663555584.000000 0.929518044 5.477502823 3.930673122 0.212965339 -0.058566015 -0.091948234 0.970959008
1403636693713555456.000000 0.936588228 5.484133244 3.936909676 0.213519275 -0.057398856 -0.091418125 0.970957100
1403636693763555584.000000 0.944314420 5.489646912 3.945192099 0.214365795 -0.051674206 -0.091057889 0.971125960
1403636693813555456.000000 0.952011406 5.495236397 3.951392889 0.214671031 -0.046097621 -0.091037542 0.971341133
1403636693863555584.000000 0.959675670 5.499533653 3.963112831 0.215501502 -0.038945813 -0.090004168 0.971566558
1403636693913555456.000000 0.967108488 5.503103256 3.976087570 0.216972545 -0.030570181 -0.087340325 0.971781909
1403636693963555584.000000 0.974697351 5.504383087 3.992097139 0.217477649 -0.022351155 -0.087256938 0.971900284
1403636694013555456.000000 0.981154919 5.507040977 4.006953239 0.218977049 -0.014342002 -0.084902532 0.971923351
1403636694063555584.000000 0.986747086 5.509674549 4.022108078 0.219544828 -0.008090148 -0.084132530 0.971934378
1403636694113555456.000000 0.991063535 5.512245655 4.036665916 0.220228195 -0.005219674 -0.083587080 0.971846461
1403636694163555584.000000 0.996928394 5.515522480 4.040903091 0.220460683 -0.002679567 -0.083035283 0.971851408
1403636694213555456.000000 1.003672600 5.518766403 4.053821564 0.220752776 -0.000966742 -0.082739845 0.971813500
1403636694263555584.000000 1.010855436 5.522185802 4.066034317 0.220772088 -0.001294436 -0.083786927 0.971718967
1403636694313555456.000000 1.019939780 5.525521755 4.076999664 0.221024513 -0.003130034 -0.084258780 0.971616685
1403636694363555584.000000 1.029398799 5.527606964 4.085453033 0.221174359 -0.006095015 -0.083362818 0.971645772
1403636694413555456.000000 1.039111972 5.531025410 4.095329762 0.221203417 -0.009332092 -0.084346384 0.971528590
1403636694463555584.000000 1.048440456 5.534632206 4.105184555 -0.220757037 0.011606754 0.084728740 -0.971572340
1403636694513555456.000000 1.056787968 5.538314342 4.115221977 -0.220035747 0.013024631 0.086022355 -0.971604228
1403636694563555584.000000 1.063507318 5.539595604 4.123289108 0.219930336 -0.014144500 -0.086198993 0.971596837
1403636694613555456.000000 1.069306254 5.543013096 4.134411812 0.219479293 -0.014887513 -0.086423710 0.971667767
1403636694663555584.000000 1.073673487 5.546146393 4.146125793 0.218933791 -0.015022977 -0.086973920 0.971739650
1403636694713555456.000000 1.076734781 5.547976017 4.157031536 0.218440711 -0.013708104 -0.087329410 0.971838176
1403636694763555584.000000 1.078767300 5.550614834 4.169231892 0.218868718 -0.011772320 -0.084630236 0.972005963
1403636694813555456.000000 1.079447865 5.553430080 4.181483746 0.218288079 -0.009860341 -0.083929643 0.972218573
1403636694863555584.000000 1.078379035 5.553815842 4.194497585 0.220146149 -0.011272264 -0.077758133 0.972297490
1403636694913555456.000000 1.076046348 5.556850433 4.207237720 0.221114963 -0.012172804 -0.072944768 0.972439826
1403636694963555584.000000 1.073282719 5.560347557 4.219997406 0.222166479 -0.013643108 -0.068151370 0.972528279
1403636695013555456.000000 1.069904447 5.564665318 4.232399464 0.222402155 -0.014716928 -0.066116065 0.972599268
1403636695063555584.000000 1.068387032 5.567576885 4.248451710 0.220998034 -0.015872277 -0.068052337 0.972767591
1403636695113555456.000000 1.067500472 5.573741913 4.260617256 0.219186455 -0.014907763 -0.070959762 0.972984970
1403636695163555584.000000 1.068213820 5.580245018 4.272368431 0.217745066 -0.014876339 -0.072449863 0.973199248
1403636695213555456.000000 1.070943594 5.587099075 4.283913612 -0.215689763 0.013909406 0.075303607 -0.973454595
1403636695263555584.000000 1.074236631 5.597897530 4.290155888 -0.213938385 0.012330384 0.077925600 -0.973656058
1403636695313555456.000000 1.083057642 5.598506451 4.308705330 0.212363079 -0.011474132 -0.079599291 0.973875880
1403636695363555584.000000 1.091056108 5.605871201 4.317806721 0.210859925 -0.010562659 -0.080862679 0.974108696
1403636695413555456.000000 1.100093126 5.613117218 4.326282024 0.210133240 -0.010175244 -0.081173837 0.974243999
1403636695463555584.000000 1.109331846 5.620374680 4.334305763 -0.209112167 0.009221579 0.082021445 -0.974402189
1403636695513555456.000000 1.118236542 5.625949383 4.342763901 0.207668081 -0.007870325 -0.084085546 0.974546909
1403636695563555584.000000 1.126731038 5.632676601 4.350459576 0.206783235 -0.006513818 -0.085012659 0.974664629
1403636695613555456.000000 1.133730888 5.639284611 4.358167171 0.205511704 -0.005522751 -0.086887397 0.974774361
1403636695663555584.000000 1.139491081 5.644897461 4.366131783 -0.203876525 0.004524555 0.089451216 -0.974891007
1403636695713555456.000000 1.145555854 5.648971081 4.378532410 0.203292742 -0.004022744 -0.089715533 0.974990845
1403636695763555584.000000 1.147835732 5.654033184 4.385922909 0.203694925 -0.005292515 -0.086585045 0.975183845
1403636695813555456.000000 1.149054170 5.658911228 4.393085957 0.203537330 -0.005801127 -0.086248025 0.975243688
1403636695863555584.000000 1.150361419 5.661746502 4.408056259 0.203479469 -0.005946439 -0.085069284 0.975358427
1403636695913555456.000000 1.148851752 5.665977478 4.415082932 0.202870518 -0.006942265 -0.085085213 0.975477278
1403636695963555584.000000 1.146117210 5.669859886 4.422036171 0.202975541 -0.009231606 -0.083891824 0.975539804
1403636696013555456.000000 1.142715096 5.673415661 4.430024624 -0.202834770 0.011941016 0.082431942 -0.975664139
1403636696063555584.000000 1.138310790 5.676859379 4.437613964 -0.202030703 0.015431672 0.082974032 -0.975736022
1403636696113555456.000000 1.133588195 5.679993153 4.445590496 -0.200385049 0.018770080 0.085398108 -0.975807786
1403636696163555584.000000 1.128854752 5.682822704 4.453865528 -0.198613614 0.019821100 0.088807657 -0.975844741
1403636696213555456.000000 1.127693057 5.683576584 4.474501133 0.197412968 -0.021114761 -0.091028318 0.975856662
1403636696263555584.000000 1.122373462 5.685096264 4.483162403 0.196634278 -0.018041803 -0.092412598 0.975945354
1403636696313555456.000000 1.116829753 5.685721874 4.492265224 0.197115198 -0.014374529 -0.091084436 0.976034164
1403636696363555584.000000 1.112239718 5.685351372 4.500977039 -0.197471261 0.006532091 0.088891461 -0.976248324
1403636696413555456.000000 1.109577894 5.683536530 4.516819954 0.198804766 0.001554535 -0.084642582 0.976375878
1403636696463555584.000000 1.105638027 5.682523727 4.523996830 0.200168088 0.006069662 -0.079792388 0.976488233
1403636696513555456.000000 1.102945328 5.681743622 4.529843807 -0.199928999 -0.007712513 0.079002619 -0.976589799
1403636696563555584.000000 1.101312757 5.681331635 4.535360813 0.199875161 0.006409716 -0.077559412 0.976725876
1403636696613555456.000000 1.100224137 5.681256294 4.537306786 0.199787036 0.005563281 -0.077435054 0.976759017
1403636696663555584.000000 1.099891186 5.681485176 4.538078308 -0.199836254 -0.003556026 0.075940415 -0.976875603
1403636696713555456.000000 1.100500226 5.682154179 4.537774086 -0.199843183 -0.003013792 0.075652383 -0.976898372
1403636696763555584.000000 1.100243568 5.683139324 4.537364006 -0.199751616 -0.001147117 0.075555608 -0.976928592
1403636696813555456.000000 1.098865986 5.684407711 4.537008762 -0.199021086 -0.000948726 0.076770596 -0.976983190
1403636696863555584.000000 1.096063018 5.686056614 4.536671638 -0.198774695 0.000014852 0.077673689 -0.976962388
1403636696913555456.000000 1.091450572 5.684942245 4.544325829 0.198097765 0.000408970 -0.079465032 0.976955712
1403636696963555584.000000 1.086641550 5.686311722 4.544398308 0.195851713 0.001639939 -0.085802004 0.976871312
1403636697013555456.000000 1.081603408 5.687274456 4.544924736 0.193269432 0.002795114 -0.092665121 0.976756096
1403636697063555584.000000 1.077431440 5.687101841 4.536085129 -0.190853104 -0.003801974 0.099093482 -0.976596713
1403636697113555456.000000 1.071087718 5.688006878 4.540166855 0.187941939 0.005066514 -0.106091209 0.976420462
1403636697163555584.000000 1.067933440 5.685945034 4.535503387 0.185706466 0.006200947 -0.111322828 0.976259172
1403636697213555456.000000 1.067197442 5.681574345 4.529139996 0.184481129 0.007577614 -0.114268132 0.976141512
1403636697263555584.000000 1.066984773 5.675302505 4.521128654 -0.183647171 -0.008249666 0.115181886 -0.976185858
1403636697313555456.000000 1.067732096 5.666827202 4.511073112 -0.184538215 -0.005281169 0.112593211 -0.976340353
1403636697363555584.000000 1.070015907 5.656366348 4.499462605 -0.186220795 -0.002072436 0.106540963 -0.976712108
1403636697413555456.000000 1.073624372 5.644260406 4.487001419 -0.188423172 0.001878429 0.100282557 -0.976952732
1403636697463555584.000000 1.078677773 5.629448414 4.472353935 -0.190337658 0.006076121 0.095383540 -0.977055132
1403636697513555456.000000 1.086218834 5.615507126 4.457434654 -0.191100761 0.009218993 0.091462873 -0.977256417
1403636697563555584.000000 1.095701933 5.601054192 4.441783905 -0.189714029 0.010916050 0.089032054 -0.977733552
1403636697613555456.000000 1.101361990 5.593240738 4.421539783 0.185952604 -0.010450255 -0.087965526 0.978557408
1403636697663555584.000000 1.109903574 5.578958988 4.406660080 0.179675907 -0.009886502 -0.086792663 0.979839742
1403636697713555456.000000 1.116665006 5.564627171 4.392045975 0.171652377 -0.010239843 -0.083527356 0.981556833
1403636697763555584.000000 1.123167634 5.548470974 4.378513813 -0.161373973 0.011500188 0.080987461 -0.983497500
1403636697813555456.000000 1.127472401 5.533035755 4.364961147 -0.150635615 0.011227098 0.077444576 -0.985487342
1403636697863555584.000000 1.130338430 5.516820908 4.352035046 -0.140892640 0.010930904 0.073452689 -0.987235844
1403636697913555456.000000 1.131669760 5.499777794 4.339305401 -0.131925657 0.011251360 0.069528863 -0.988754153
1403636697963555584.000000 1.131716728 5.482119560 4.326998234 -0.124139175 0.011239467 0.065135747 -0.990060925
1403636698013555456.000000 1.143056750 5.463665485 4.313274860 -0.117700234 0.013485181 0.062601656 -0.990982294
1403636698063555584.000000 1.117618918 5.449666500 4.293586254 0.111872725 -0.010199847 -0.059216458 0.991904199
1403636698113555456.000000 1.113676310 5.430267334 4.282341480 0.107317895 -0.010685939 -0.056318197 0.992570937
1403636698163555584.000000 1.108358622 5.410569191 4.271667004 0.103558116 -0.010772076 -0.053710494 0.993113697
1403636698213555456.000000 1.103557110 5.390953064 4.262267590 -0.099855222 0.010087951 0.051726799 -0.993605375
1403636698263555584.000000 1.096526504 5.371242523 4.252980232 -0.094904251 0.010340379 0.049160808 -0.994218051
1403636698313555456.000000 1.088611722 5.351632118 4.244288445 -0.088144004 0.010536945 0.047817819 -0.994903564
1403636698363555584.000000 1.073832273 5.329327583 4.226319790 0.080415450 -0.009286631 -0.045393880 0.995683908
1403636698413555456.000000 1.064309120 5.309628010 4.218286991 0.071598791 -0.009990358 -0.042852383 0.996462524
1403636698463555584.000000 1.053802252 5.290139198 4.210626125 0.062263735 -0.011123595 -0.039349653 0.997221708
1403636698513555456.000000 1.042348266 5.270487785 4.202540398 -0.051877126 0.011489560 0.036965605 -0.997902930
1403636698563555584.000000 1.028490663 5.248514175 4.190060616 0.040966883 -0.011624574 -0.033054806 0.998545945
1403636698613555456.000000 1.016484380 5.228562355 4.183830738 0.029539961 -0.011851360 -0.028665151 0.999082267
1403636698663555584.000000 1.003498316 5.208456516 4.178100109 0.017846366 -0.012547698 -0.023004834 0.999497354
1403636698713555456.000000 0.989294767 5.188111782 4.172121048 -0.005479850 0.012677762 0.017583089 -0.999750018
1403636698763555584.000000 0.971065819 5.164344788 4.159261703 -0.007552127 -0.012928078 -0.011945832 0.999816537
1403636698813555456.000000 0.955659330 5.143730640 4.155418396 -0.021100298 -0.013436191 -0.006329991 0.999667048
1403636698863555584.000000 0.939593792 5.122826099 4.152193069 -0.034345489 -0.013593835 0.001028166 0.999317050
1403636698913555456.000000 0.924049079 5.101092815 4.147776604 0.048289601 0.013097797 -0.006353450 -0.998727322
1403636698963555584.000000 0.907801092 5.077600479 4.137753010 -0.061577335 -0.013168578 0.013130457 0.997929096
1403636699013555456.000000 0.895537019 5.056171894 4.134053707 -0.074383691 -0.012757398 0.019301130 0.996961296
1403636699063555584.000000 0.885285079 5.034752846 4.130730629 -0.087193027 -0.012261938 0.025905380 0.995779097
1403636699113555456.000000 0.876153469 5.012602329 4.125658512 0.100196108 0.010953794 -0.032702886 -0.994369805
1403636699163555584.000000 0.869049430 4.991270065 4.120913029 0.112323239 0.009588250 -0.042451289 -0.992718220
1403636699213555456.000000 0.863415599 4.970573902 4.115444183 0.125468522 0.009521417 -0.050192486 -0.990781367
1403636699263555584.000000 0.859344363 4.950732231 4.109681129 0.139033869 0.009083323 -0.058803838 -0.988498509
1403636699313555456.000000 0.856636763 4.931734562 4.104145050 0.152157858 0.009922933 -0.068187103 -0.985951364
1403636699363555584.000000 0.856024384 4.913940430 4.098838806 0.165461764 0.010106665 -0.075509228 -0.983269393
1403636699413555456.000000 0.851388872 4.894124031 4.078529358 -0.178046823 -0.010123212 0.083956406 0.980381668
1403636699463555584.000000 0.852355301 4.878814220 4.072918415 -0.190318719 -0.010515634 0.090849243 0.977453172
1403636699513555456.000000 0.853054881 4.864902020 4.067584991 -0.202807441 -0.010546958 0.096265808 0.974418223
1403636699563555584.000000 0.853403330 4.851690292 4.062367916 0.214724705 0.010178088 -0.102605872 -0.971216679
1403636699613555456.000000 0.852066815 4.840326786 4.058201790 0.226220772 0.009595250 -0.108782701 -0.967935145
1403636699663555584.000000 0.849538982 4.830704212 4.054426193 0.237972364 0.008683186 -0.114926711 -0.964409530
1403636699713555456.000000 0.840355396 4.822199345 4.042975903 -0.250033259 -0.007227867 0.119070783 0.960860729
1403636699763555584.000000 0.836093664 4.816003799 4.039564133 -0.261860937 -0.007039642 0.119576961 0.957643330
1403636699813555456.000000 0.830732822 4.810845375 4.036252975 -0.272775620 -0.006401172 0.118169837 0.954771459
1403636699863555584.000000 0.824720502 4.806610107 4.032948017 -0.281634331 -0.004721152 0.116827555 0.952371359
1403636699913555456.000000 0.819008946 4.802011490 4.028024673 0.288295627 0.002583344 -0.116411969 -0.950435340
1403636699963555584.000000 0.812167227 4.798801899 4.024616718 0.292889446 0.000437101 -0.117423199 -0.948908567
1403636700013555456.000000 0.795179486 4.797421932 4.012457848 -0.295838594 0.000775085 0.118780971 0.947823882
1403636700063555584.000000 0.786039114 4.795174599 4.009256363 -0.298153281 0.001229349 0.119548418 0.947001278
1403636700113555456.000000 0.775842607 4.793136597 4.005739212 -0.299083799 0.002185135 0.120966569 0.946525931
1403636700163555584.000000 0.764757514 4.792239189 4.002152920 -0.300548762 0.002648256 0.120843261 0.946076334
1403636700213555456.000000 0.753055215 4.791722775 3.998507977 0.300763816 -0.003053101 -0.121014141 -0.945984960
1403636700263555584.000000 0.736441493 4.794718742 3.992936373 -0.301219732 0.003020085 0.121886685 0.945727885
1403636700313555456.000000 0.721295834 4.796028614 3.989401817 -0.302836508 0.001658547 0.123908453 0.944951892
1403636700363555584.000000 0.704346538 4.798467159 3.986196041 -0.304914147 0.000593055 0.127652839 0.943785965
1403636700413555456.000000 0.685731351 4.802070141 3.982896328 -0.308471859 0.000201288 0.131171197 0.942146063
1403636700463555584.000000 0.664973497 4.806752682 3.977661133 0.313643664 -0.001658842 -0.131348863 -0.940410793
1403636700513555456.000000 0.642031133 4.814100266 3.973946095 -0.318293393 0.004136811 0.130880892 0.938904941
1403636700563555584.000000 0.620540023 4.820867538 3.970151901 -0.323686033 0.006006429 0.129215270 0.937280536
1403636700613555456.000000 0.598727643 4.828506470 3.965867996 -0.330019116 0.008510209 0.127695382 0.935258746
1403636700663555584.000000 0.575861514 4.836945534 3.961057663 -0.337618709 0.009339003 0.125996500 0.932765484
1403636700713555456.000000 0.553282261 4.844192505 3.953905106 0.344345450 -0.010453428 -0.126208946 -0.930262506
1403636700763555584.000000 0.528052628 4.854608059 3.950389147 -0.350231290 0.011365172 0.125828370 0.928103566
1403636700813555456.000000 0.507649064 4.862792015 3.943434715 -0.354938120 0.010605912 0.126021504 0.926296473
1403636700863555584.000000 0.488572299 4.870873928 3.935769796 -0.358214796 0.007938936 0.127556562 0.924850583
1403636700913555456.000000 0.471760213 4.879010201 3.927549839 -0.360795707 0.005398166 0.128716886 0.923704147
1403636700963555584.000000 0.457693279 4.886168480 3.916313648 0.362352312 -0.001723449 -0.129995197 -0.922929645
1403636701013555456.000000 0.439652562 4.893727303 3.909383535 -0.363258362 -0.001062512 0.131610200 0.922345459
1403636701063555584.000000 0.427814662 4.901807785 3.899418354 -0.363288730 -0.005803141 0.133110777 0.922100425
1403636701113555456.000000 0.418041408 4.910148144 3.889067650 -0.362655938 -0.010552325 0.135048464 0.922025621
1403636701163555584.000000 0.411446750 4.919253349 3.878736019 -0.362304509 -0.012961697 0.134255722 0.922248781
1403636701213555456.000000 0.406629980 4.929142952 3.869811535 0.361342460 0.015754512 -0.134083226 -0.922607780
1403636701263555584.000000 0.402786434 4.936479092 3.857491016 -0.360175759 -0.016237389 0.133963957 0.923072875
1403636701313555456.000000 0.402740717 4.947571278 3.847437859 -0.358971775 -0.017829999 0.133312076 0.923606634
1403636701363555584.000000 0.404178858 4.959232330 3.837667465 -0.357769221 -0.017024169 0.133186698 0.924106479
1403636701413555456.000000 0.406515658 4.971543789 3.828387260 -0.356924504 -0.015778286 0.131023616 0.924764216
1403636701463555584.000000 0.408807814 4.983652592 3.819135189 0.355704814 0.013045102 -0.128968418 -0.925565302
1403636701513555456.000000 0.408905208 4.995173931 3.809174776 -0.355070114 -0.008819263 0.126136735 0.926248848
1403636701563555584.000000 0.412137508 5.008618355 3.801460505 -0.353952289 -0.004920346 0.123730756 0.927029788
1403636701613555456.000000 0.414932907 5.022231102 3.794230938 -0.352669567 -0.002629592 0.121772468 0.927787066
1403636701663555584.000000 0.417536855 5.035964489 3.787486076 -0.351702601 -0.000812378 0.119130418 0.928500235
1403636701713555456.000000 0.418931723 5.049505234 3.780662060 0.351634741 -0.001022831 -0.118632093 -0.928589463
1403636701763555584.000000 0.419896007 5.063307762 3.774271011 0.352724105 -0.001737048 -0.119525105 -0.928060591
1403636701813555456.000000 0.413581491 5.073830128 3.765271664 -0.355340719 0.001734220 0.121886261 0.926754415
1403636701863555584.000000 0.411014974 5.087975979 3.759145737 -0.360435545 0.001204396 0.123290434 0.924599588
1403636701913555456.000000 0.406622171 5.102058887 3.753549576 -0.365750074 0.000818759 0.127450451 0.921945095
1403636701963555584.000000 0.401197076 5.116169453 3.747984409 -0.372638196 0.001334166 0.130477861 0.918757081
1403636702013555456.000000 0.394627392 5.129374027 3.740805149 0.380335122 -0.001437818 -0.134254664 -0.915051341
1403636702063555584.000000 0.381989300 5.141126156 3.734622478 -0.389067322 0.002454333 0.138455629 0.910741866
1403636702113555456.000000 0.372532904 5.155032635 3.728945017 -0.398684442 0.003716096 0.142756671 0.905901492
1403636702163555584.000000 0.361804962 5.169167042 3.723358154 -0.409040809 0.005062082 0.146499455 0.900665283
1403636702213555456.000000 0.349957407 5.183552742 3.718283415 -0.418311536 0.005130278 0.150152504 0.895792007
1403636702263555584.000000 0.335128903 5.198103428 3.713212013 0.426029444 -0.004235745 -0.153295487 -0.891617358
1403636702313555456.000000 0.317887127 5.207998276 3.708534002 -0.432825893 0.001811238 0.156057030 0.887865305
1403636702363555584.000000 0.302565157 5.222446442 3.704703093 -0.438594639 -0.000736935 0.157748193 0.884731472
1403636702413555456.000000 0.286326408 5.237138748 3.701379538 -0.444098681 -0.003469962 0.157555938 0.882009327
1403636702463555584.000000 0.269246161 5.252003670 3.698935509 -0.448470056 -0.006485601 0.158787817 0.879556119
1403636702513555456.000000 0.249320865 5.263761997 3.696369886 -0.452364594 -0.008378088 0.158404738 0.877612710
1403636702563555584.000000 0.230378628 5.278770447 3.695786238 -0.455058873 -0.009790778 0.158545196 0.876178682
1403636702613555456.000000 0.210308373 5.294201851 3.696295261 -0.457246363 -0.012219643 0.159123078 0.874903619
1403636702663555584.000000 0.188967109 5.309719086 3.697474718 0.458754867 0.014910701 -0.159493506 -0.874004304
1403636702713555456.000000 0.168796122 5.323198795 3.700230122 -0.460023165 -0.016865138 0.158857599 0.873417735
1403636702763555584.000000 0.146576047 5.339365005 3.704305410 -0.460232884 -0.017387252 0.160030708 0.873082817
1403636702813555456.000000 0.123832941 5.356017113 3.709672213 -0.460460305 -0.019963354 0.159643173 0.872978747
1403636702863555584.000000 0.100509048 5.372615814 3.716955662 0.460454613 0.021390077 -0.159802735 -0.872918785
1403636702913555456.000000 0.079506040 5.388836861 3.722941160 -0.459947556 -0.022227235 0.160769016 0.872987747
1403636702963555584.000000 0.059745669 5.406939507 3.731385231 -0.459577262 -0.021841498 0.160477594 0.873246074
1403636703013555456.000000 0.041970015 5.425619602 3.740243673 -0.458740652 -0.019045688 0.161665574 0.873532236
1403636703063555584.000000 0.026516557 5.444607258 3.749419689 0.458330572 0.016237600 -0.161583975 -0.873819292
1403636703113555456.000000 0.014898777 5.462855816 3.755531549 -0.457214326 -0.011199870 0.163442194 0.874137521
1403636703163555584.000000 0.004366398 5.482616901 3.764364243 -0.455972642 -0.002986351 0.165220290 0.874518335
1403636703213555456.000000 -0.004484057 5.502722263 3.772715569 -0.454157770 0.002905785 0.168023035 0.874928892
1403636703263555584.000000 -0.012990594 5.523501873 3.782832384 0.452439934 -0.009607769 -0.171891525 -0.875019550
1403636703313555456.000000 -0.016298175 5.542312622 3.783202887 -0.450861454 0.014821026 0.174699798 0.875205338
1403636703363555584.000000 -0.021041274 5.563162804 3.788090467 -0.450643182 0.017343765 0.174260974 0.875358820
1403636703413555456.000000 -0.024499297 5.584414005 3.791104078 -0.451984733 0.016756285 0.170516178 0.875416040
1403636703463555584.000000 -0.026996017 5.605713367 3.792449713 -0.453669786 0.012819574 0.165714815 0.875533044
1403636703513555456.000000 -0.028607965 5.626724720 3.792106628 0.455256999 -0.007709644 -0.160481483 -0.875743866
1403636703563555584.000000 -0.026315808 5.648192406 3.788894892 -0.456528693 0.003790048 0.156519055 0.875824809
1403636703613555456.000000 -0.024875164 5.669026375 3.787396431 -0.456553489 0.000010399 0.155557796 0.875991344
1403636703663555584.000000 -0.022614598 5.689819336 3.785648108 -0.456246495 -0.002235918 0.155269533 0.876199484
1403636703713555456.000000 -0.021372437 5.709476471 3.783188105 0.455783337 0.003590309 -0.155220762 -0.876444697
1403636703763555584.000000 -0.018246770 5.731112480 3.782005548 -0.455080897 -0.002274386 0.155352056 0.876790762
1403636703813555456.000000 -0.018592417 5.751014233 3.781323910 -0.454219222 0.000107555 0.156038821 0.877118468
1403636703863555584.000000 -0.019914627 5.770594597 3.781076670 -0.453155369 0.003287480 0.156985015 0.877493680
1403636703913555456.000000 -0.022033811 5.790376186 3.781162739 0.451739609 -0.006104926 -0.158112809 -0.878005922
1403636703963555584.000000 -0.025190949 5.809062481 3.782206297 -0.451158553 0.007395567 0.158030123 0.878309548
1403636704013555456.000000 -0.029715419 5.827972889 3.782583714 -0.449641407 0.009269634 0.159611300 0.878783762
1403636704063555584.000000 -0.035349131 5.846683502 3.782924891 -0.448358029 0.010559559 0.160430029 0.879275739
1403636704113555456.000000 -0.042609215 5.865290642 3.782858849 0.447324961 -0.009089276 -0.161108673 -0.879694164
1403636704163555584.000000 -0.048900962 5.888089657 3.785844564 -0.446589530 0.006017968 0.161233991 0.880071104
1403636704213555456.000000 -0.058598340 5.906802654 3.786059856 -0.445973426 0.001991029 0.161116049 0.880423427
1403636704263555584.000000 -0.068664491 5.925876617 3.786416531 -0.445606172 -0.001968864 0.160880849 0.880652428
1403636704313555456.000000 -0.078499913 5.943857193 3.784814596 0.445384294 0.005142413 -0.160044134 -0.880904257
1403636704363555584.000000 -0.082222819 5.968766212 3.788595200 -0.445537359 -0.008087925 0.158820629 0.881026149
1403636704413555456.000000 -0.087275088 5.989411831 3.788447380 -0.444857508 -0.009473798 0.159357175 0.881259024
1403636704463555584.000000 -0.089964390 6.009902954 3.787621737 -0.444884866 -0.012404854 0.158336982 0.881392658
1403636704513555456.000000 -0.090230942 6.032082558 3.786757946 0.444905281 0.015523809 -0.157559186 -0.881472349
1403636704563555584.000000 -0.089769006 6.055987835 3.789297819 -0.444591373 -0.017855726 0.157966912 0.881513596
1403636704613555456.000000 -0.087599695 6.078401089 3.789238453 -0.444259286 -0.020056451 0.157978892 0.881631494
1403636704663555584.000000 -0.085710704 6.101468086 3.790422440 -0.444185346 -0.021926695 0.158098340 0.881602824
1403636704713555456.000000 -0.085021555 6.124538422 3.793067217 0.443833590 0.026727442 -0.158278868 -0.881615102
1403636704763555584.000000 -0.086621702 6.147807598 3.797254562 -0.443252385 -0.029589662 0.158604622 0.881757557
1403636704813555456.000000 -0.088741422 6.172861099 3.802967548 -0.442189097 -0.032683887 0.160289139 0.881877542
1403636704863555584.000000 -0.091811895 6.198863029 3.810648441 -0.441020280 -0.035935812 0.161928877 0.882036746
1403636704913555456.000000 -0.095755517 6.225994587 3.820248842 0.439629674 0.038362578 -0.163328722 -0.882370591
1403636704963555584.000000 -0.101753354 6.258548260 3.833858728 -0.438970864 -0.041527238 0.163463280 0.882530391
1403636705013555456.000000 -0.106528938 6.288169384 3.846431494 -0.438439667 -0.043658648 0.163367674 0.882709265
1403636705063555584.000000 -0.111040711 6.319430828 3.860757351 -0.438522041 -0.044846278 0.161631256 0.882928371
1403636705113555456.000000 -0.115185082 6.353256702 3.877355337 0.438949585 0.040556211 -0.159096852 -0.883383632
1403636705163555584.000000 -0.118655205 6.386436462 3.894398212 -0.440109849 -0.033003118 0.154507145 0.883935332
1403636705213555456.000000 -0.120001078 6.421562672 3.913177729 -0.441519529 -0.025330713 0.149256393 0.884387612
1403636705263555584.000000 -0.119537115 6.457271099 3.932771683 -0.442544907 -0.019393660 0.144875810 0.884753644
1403636705313555456.000000 -0.117390037 6.492768288 3.952553749 0.443027228 0.015245436 -0.142626718 -0.884958863
1403636705363555584.000000 -0.114016771 6.526247025 3.971900702 -0.443236798 -0.012339802 0.141297266 0.885112405
1403636705413555456.000000 -0.109695137 6.561256409 3.992666006 -0.442840219 -0.013858770 0.142156720 0.885150850
1403636705463555584.000000 -0.104894280 6.596135616 4.014008045 -0.442463934 -0.015654752 0.143902242 0.885026932
1403636705513555456.000000 -0.100753725 6.630802631 4.037105560 0.442098528 0.019043585 -0.146063179 -0.884789169
1403636705563555584.000000 -0.097230136 6.663233757 4.058896065 -0.441768020 -0.022328082 0.147142410 0.884698629
1403636705613555456.000000 -0.095066845 6.698173523 4.084070206 -0.441502452 -0.023345141 0.148536101 0.884572029
1403636705663555584.000000 -0.094093859 6.733459473 4.110366344 -0.441715509 -0.024771729 0.149089664 0.884333670
1403636705713555456.000000 -0.093510687 6.769386292 4.137606144 0.441994876 0.022679705 -0.148652062 -0.884323835
1403636705763555584.000000 -0.093035042 6.803771019 4.164682388 -0.442268908 -0.019605380 0.148564532 0.884275138
1403636705813555456.000000 -0.092358947 6.840548038 4.194050312 -0.441865861 -0.015417125 0.149195880 0.884453237
1403636705863555584.000000 -0.090549827 6.877621174 4.223604202 -0.441625655 -0.010436174 0.149193034 0.884646475
1403636705913555456.000000 -0.087004900 6.913915157 4.252490520 0.440640360 0.004527711 -0.151380941 -0.884816051
1403636705963555584.000000 -0.081954002 6.948856831 4.279550552 -0.439296782 0.001095857 0.153995156 0.885043919
1403636706013555456.000000 -0.074454069 6.985507965 4.307227612 -0.436828285 0.007161334 0.158700272 0.885406196
1403636706063555584.000000 -0.065548658 7.021641731 4.333362103 -0.434118867 0.012151169 0.163852111 0.885745823
1403636706113555456.000000 -0.054973245 7.058185577 4.357548237 0.432329476 -0.017305031 -0.167107463 -0.885927200
1403636706163555584.000000 -0.047112465 7.094521046 4.380220413 -0.432679683 0.017861743 0.164178878 0.886292636
1403636706213555456.000000 -0.040158391 7.131857395 4.402927399 -0.434221447 0.015593167 0.158081770 0.886689842
1403636706263555584.000000 -0.035656571 7.169116974 4.425555229 -0.435357064 0.012142054 0.153370053 0.887014389
1403636706313555456.000000 -0.033128023 7.205575943 4.447956085 0.436978728 -0.007462354 -0.146988437 -0.887349069
1403636706363555584.000000 -0.036662102 7.240498066 4.470497131 -0.437726825 0.002661865 0.143172801 0.887631476
1403636706413555456.000000 -0.037586570 7.276231766 4.493455410 -0.438451082 -0.001488294 0.139834419 0.887808979
1403636706463555584.000000 -0.038725495 7.311498165 4.516689301 -0.438707501 -0.005507500 0.137856841 0.887975693
1403636706513555456.000000 -0.038961768 7.345932961 4.539828300 0.438985467 0.008063543 -0.136303827 -0.888058603
1403636706563555584.000000 -0.041037321 7.379045010 4.561914444 -0.439386308 -0.010455321 0.135774061 0.887916565
1403636706613555456.000000 -0.037195683 7.412456512 4.584629059 -0.439097345 -0.011367295 0.136002213 0.888013363
1403636706663555584.000000 -0.032346964 7.445451736 4.607376099 -0.439497292 -0.012994542 0.136061624 0.887784123
1403636706713555456.000000 -0.025392532 7.479302406 4.630638123 0.439399958 0.015185340 -0.136894807 -0.887669444
1403636706763555584.000000 -0.019614577 7.511554241 4.653375626 -0.439024866 -0.017098119 0.139572948 0.887403071
1403636706813555456.000000 -0.009075880 7.544710159 4.677067280 -0.439352959 -0.020003233 0.140667647 0.887007117
1403636706863555584.000000 0.002401590 7.577736855 4.701183319 -0.439880192 -0.021778803 0.141877383 0.886511147
1403636706913555456.000000 0.014149070 7.610698700 4.725565910 0.440327436 0.021788646 -0.143334821 -0.886054277
1403636706963555584.000000 0.025290251 7.643014908 4.749571800 -0.441529542 -0.021755347 0.143319443 0.885459185
1403636707013555456.000000 0.039873481 7.676723480 4.775494099 -0.442742765 -0.019064756 0.142944410 0.884975970
1403636707063555584.000000 0.054782867 7.710176945 4.802019119 -0.444358110 -0.016835120 0.141485736 0.884445786
1403636707113555456.000000 0.069347620 7.743084431 4.828794956 0.445819885 0.014483252 -0.141004294 -0.883828461
1403636707163555584.000000 0.082500815 7.775324821 4.854858398 -0.447067380 -0.014139200 0.141245231 0.883165181
1403636707213555456.000000 0.097487450 7.808115005 4.882839203 -0.448670298 -0.014665640 0.141811565 0.882252455
1403636707263555584.000000 0.113805652 7.840847969 4.911034584 -0.450159997 -0.015177809 0.142066345 0.881443620
1403636707313555456.000000 0.130637288 7.872137547 4.938791752 0.451678783 0.016606497 -0.141856313 -0.880674362
1403636707363555584.000000 0.150717854 7.904514313 4.965596199 -0.452719867 -0.017406175 0.142384008 0.880038977
1403636707413555456.000000 0.172628403 7.936016560 4.994191170 -0.453391492 -0.018005846 0.143313214 0.879530251
1403636707463555584.000000 0.197233200 7.967684269 5.023262501 -0.454050094 -0.019151324 0.143167436 0.879189909
1403636707513555456.000000 0.223876238 7.998767376 5.052228451 0.454095572 0.018873557 -0.144672006 -0.878926039
1403636707563555584.000000 0.251734138 8.029832840 5.079149246 -0.454038680 -0.018355098 0.146333575 0.878691375
1403636707613555456.000000 0.279245734 8.060611725 5.109474182 -0.453459084 -0.018596498 0.149041414 0.878530502
1403636707663555584.000000 0.305019379 8.091602325 5.141191959 -0.451090515 -0.016677214 0.155819878 0.878612280
1403636707713555456.000000 0.328232884 8.123017311 5.173237324 0.449559748 0.015348610 -0.159723520 -0.878720105
1403636707763555584.000000 0.347791672 8.156616211 5.205451965 -0.447908610 -0.014461690 0.163306296 0.878919661
1403636707813555456.000000 0.365617394 8.189509392 5.240293980 -0.447427630 -0.012848124 0.164469019 0.878972948
1403636707863555584.000000 0.380730987 8.223033905 5.275954247 -0.446723253 -0.011055294 0.164474756 0.879354358
1403636707913555456.000000 0.392538548 8.256731033 5.310985565 0.446031958 0.008728080 -0.163895682 -0.879839480
1403636707963555584.000000 0.407457829 8.293872833 5.346651077 -0.445471913 -0.008077317 0.162522227 0.880384088
1403636708013555456.000000 0.415191531 8.329133034 5.384186745 -0.445106179 -0.007323814 0.160140559 0.881011844
1403636708063555584.000000 0.420960426 8.364685059 5.422234535 -0.444882870 -0.007020432 0.157099903 0.881674349
1403636708113555456.000000 0.425599813 8.401356697 5.461011887 0.444579124 0.006135699 -0.153744504 -0.882425308
1403636708163555584.000000 0.429268837 8.437192917 5.497978210 -0.444363981 -0.005460179 0.150675163 0.883067369
1403636708213555456.000000 0.431451082 8.473110199 5.537406445 -0.443199784 -0.003569032 0.150576204 0.883678734
1403636708263555584.000000 0.432528257 8.508922577 5.577142715 -0.441742063 -0.000472389 0.152239755 0.884130597
1403636708313555456.000000 0.432414889 8.544143677 5.615844250 0.439593822 -0.004842607 -0.156233847 -0.884491324
1403636708363555584.000000 0.437772512 8.577145576 5.652568340 -0.436702847 0.010212589 0.163104385 0.884637415
1403636708413555456.000000 0.437930703 8.612527847 5.689636707 -0.434616953 0.014858165 0.167696878 0.884740174
1403636708463555584.000000 0.439365387 8.649202347 5.725503922 -0.433042437 0.018588608 0.170917779 0.884825349
1403636708513555456.000000 0.442736268 8.687906265 5.759804726 0.432578802 -0.020513114 -0.171945989 -0.884810388
1403636708563555584.000000 0.448256493 8.724406242 5.788751125 -0.432941198 0.021663377 0.170428082 0.884899378
1403636708613555456.000000 0.453894734 8.763641357 5.818398476 -0.435103744 0.020669524 0.165773898 0.884746671
1403636708663555584.000000 0.458435297 8.802865982 5.846655846 -0.437862039 0.016909504 0.159625366 0.884596348
1403636708713555456.000000 0.462383866 8.842551231 5.873404503 0.441400409 -0.014581716 -0.151731968 -0.884268403
1403636708763555584.000000 0.469438672 8.874812126 5.895689011 -0.444601655 0.010783398 0.144858032 0.883871734
1403636708813555456.000000 0.470169425 8.912898064 5.922362328 -0.448037267 0.009247459 0.137637764 0.883307993
1403636708863555584.000000 0.469400167 8.949563026 5.949387550 -0.450176418 0.007474601 0.135071158 0.882633090
1403636708913555456.000000 0.469036698 8.984407425 5.974990845 0.452730596 -0.008173659 -0.132427931 -0.881720543
1403636708963555584.000000 0.472161174 9.017379761 5.999746799 -0.455322236 0.008222358 0.130384669 0.880689502
1403636709013555456.000000 0.474579215 9.049627304 6.025365829 -0.456871569 0.010775736 0.129862592 0.879936397
1403636709063555584.000000 0.478456259 9.079909325 6.050046444 -0.459640563 0.011385953 0.126844063 0.878926396
1403636709113555456.000000 0.483069777 9.106833458 6.074001312 0.461197078 -0.012625746 -0.127179116 -0.878045201
1403636709163555584.000000 0.496536970 9.132381439 6.095887184 -0.462765515 0.010843654 0.127179831 0.877243340
1403636709213555456.000000 0.504405737 9.156393051 6.119301319 -0.463470668 0.008514922 0.129616991 0.876539767
1403636709263555584.000000 0.513403416 9.178811073 6.142249584 -0.464244485 0.004605242 0.130622104 0.876010120
1403636709313555456.000000 0.523840785 9.198834419 6.165253639 0.464295089 -0.001474950 -0.132792041 -0.875667870
1403636709363555584.000000 0.541308165 9.223752975 6.187805653 -0.463897228 -0.001365626 0.134906322 0.875555754
1403636709413555456.000000 0.550624967 9.241683960 6.211651325 -0.464777559 -0.004005884 0.133766025 0.875255644
1403636709463555584.000000 0.558189392 9.258486748 6.236791611 -0.464413673 -0.004246571 0.134889334 0.875275314
1403636709513555456.000000 0.564499855 9.274321556 6.262607574 0.464743584 0.006127157 -0.134154588 -0.875202000
1403636709563555584.000000 0.574300170 9.297080040 6.290400028 -0.464262038 -0.007047659 0.134987265 0.875322580
1403636709613555456.000000 0.577277184 9.310728073 6.318608284 -0.464071840 -0.008680799 0.135415211 0.875342727
1403636709663555584.000000 0.579534292 9.323669434 6.347785473 -0.463684827 -0.009556690 0.135605901 0.875509083
1403636709713555456.000000 0.581957579 9.335557938 6.376965046 0.463201076 0.010466051 -0.135117859 -0.875830114
1403636709763555584.000000 0.591544509 9.357064247 6.410356998 -0.462059885 -0.010249982 0.135959834 0.876305044
1403636709813555456.000000 0.594356537 9.367053032 6.441252232 -0.461767077 -0.010335748 0.134444207 0.876692116
1403636709863555584.000000 0.598459005 9.376017570 6.472552776 -0.460791290 -0.009383366 0.135166049 0.877105236
1403636709913555456.000000 0.606051922 9.386816978 6.503716469 0.460436583 0.009404690 -0.134006202 -0.877469182
1403636709963555584.000000 0.618526459 9.402831078 6.537019730 -0.459749013 -0.008839191 0.133131325 0.877968609
1403636710013555456.000000 0.628356218 9.409699440 6.568126202 -0.458776772 -0.008243146 0.133487016 0.878428817
1403636710063555584.000000 0.639392614 9.415554047 6.599166393 -0.458193123 -0.007641424 0.132785186 0.878845155
1403636710113555456.000000 0.651524305 9.422931671 6.632056236 0.457182944 0.006932926 -0.132035628 -0.879489839
1403636710163555584.000000 0.663857341 9.438843727 6.669143200 -0.456378311 -0.006739597 0.131106555 0.880047977
1403636710213555456.000000 0.672054648 9.443261147 6.703495979 -0.455378860 -0.006196646 0.130209535 0.880702734
1403636710263555584.000000 0.678061485 9.446789742 6.739109039 -0.453622937 -0.004744691 0.131104946 0.881484687
1403636710313555456.000000 0.682689309 9.450366974 6.775892735 0.450350434 0.000611858 -0.135543987 -0.882503271
1403636710363555584.000000 0.685932994 9.459876060 6.816210270 -0.445828825 0.003464857 0.141856462 0.883799434
1403636710413555456.000000 0.687711477 9.461099625 6.854041576 -0.440496475 0.007069375 0.146745279 0.885651648
1403636710463555584.000000 0.688397527 9.462037086 6.892035007 -0.434244037 0.009477404 0.150898948 0.888015628
1403636710513555456.000000 0.688474417 9.464600563 6.930617332 0.427153707 -0.011828097 -0.154003605 -0.890888751
1403636710563555584.000000 0.690694928 9.474126816 6.975461006 -0.420847595 0.013105131 0.155146867 0.893669426
1403636710613555456.000000 0.688609362 9.476052284 7.012198925 -0.414826095 0.014535083 0.154857323 0.896508396
1403636710663555584.000000 0.685574532 9.478267670 7.048380852 -0.408135623 0.015156343 0.153333768 0.899824679
1403636710713555456.000000 0.682927370 9.482280731 7.084270954 0.401675791 -0.015281432 -0.149524197 -0.903363526
1403636710763555584.000000 0.676649094 9.490164757 7.120410919 -0.394537091 0.015323545 0.145350948 0.907181859
1403636710813555456.000000 0.675325036 9.493736267 7.152836800 -0.388208896 0.013688733 0.136942849 0.911237180
1403636710863555584.000000 0.675388336 9.497125626 7.183707237 -0.381160051 0.010876637 0.128814161 0.915426493
1403636710913555456.000000 0.676700115 9.501956940 7.214357376 0.373779356 -0.008132691 -0.121176325 -0.919532001
1403636710963555584.000000 0.673522234 9.506658554 7.245531082 -0.367413491 0.006239015 0.113919467 0.923033476
1403636711013555456.000000 0.678026617 9.510023117 7.273386002 -0.362204254 0.001756999 0.105318263 0.926127970
1403636711063555584.000000 0.683697522 9.512596130 7.300271034 -0.356898487 0.001070961 0.101213932 0.928643227
1403636711113555456.000000 0.689368308 9.516265869 7.327093124 0.353206992 0.000364793 -0.095445074 -0.930663764
1403636711163555584.000000 0.693289697 9.515276909 7.354049683 -0.350216657 -0.000188249 0.091924459 0.932147145
1403636711213555456.000000 0.700730503 9.515838623 7.380211830 -0.347750425 -0.000159667 0.089224607 0.933332026
1403636711263555584.000000 0.708208501 9.514975548 7.405803204 -0.345859408 -0.000056020 0.087593883 0.934188783
1403636711313555456.000000 0.715084672 9.512626648 7.430796623 0.343433857 -0.002115041 -0.088713147 -0.934975266
1403636711363555584.000000 0.722218871 9.507794380 7.456841469 -0.341826737 0.004333431 0.090245195 0.935409844
1403636711413555456.000000 0.732786357 9.503615379 7.481213093 -0.340861470 0.010199433 0.091066957 0.935636818
1403636711463555584.000000 0.743995130 9.497913361 7.504190922 -0.340593934 0.017998287 0.090941638 0.935628951
1403636711513555456.000000 0.754298091 9.491197586 7.526563644 0.341139615 -0.024696564 -0.089969091 -0.935371339
1403636711563555584.000000 0.765720248 9.479606628 7.549697399 -0.343109369 0.029069643 0.086849794 0.934819818
1403636711613555456.000000 0.776794314 9.470561028 7.570833683 -0.344850391 0.031353362 0.084451407 0.934324980
1403636711663555584.000000 0.787278891 9.459818840 7.591109276 -0.346556723 0.031963043 0.082704432 0.933829069
1403636711713555456.000000 0.797841847 9.446910858 7.611216545 0.348594815 -0.030241836 -0.081101492 -0.933268249
1403636711763555584.000000 0.807944894 9.430503845 7.628652573 -0.349664003 0.029300939 0.081865735 0.932831466
1403636711813555456.000000 0.817873716 9.414064407 7.646305084 -0.349716306 0.027593654 0.085000828 0.932583511
1403636711863555584.000000 0.827767253 9.395905495 7.663057804 -0.348815560 0.025375957 0.090290144 0.932486713
1403636711913555456.000000 0.837622046 9.375981331 7.678590775 0.347317398 -0.023231206 -0.097273238 -0.932399571
1403636711963555584.000000 0.848830700 9.352052689 7.691258430 -0.345780313 0.021428328 0.104385212 0.932244956
1403636712013555456.000000 0.860055506 9.330451012 7.704091072 -0.343979031 0.020739658 0.111587435 0.932092607
1403636712063555584.000000 0.872211337 9.308584213 7.715500832 -0.342217356 0.020683935 0.118013203 0.931950867
1403636712113555456.000000 0.885924101 9.286271095 7.725515366 0.341315031 -0.021750843 -0.121382266 -0.931824803
1403636712163555584.000000 0.900650620 9.264056206 7.732479572 -0.340576023 0.022871749 0.122477807 0.931924939
1403636712213555456.000000 0.915237784 9.242633820 7.739542484 -0.339738995 0.021447508 0.117600828 0.932892084
1403636712263555584.000000 0.930748522 9.220966339 7.745395660 -0.337576538 0.019403722 0.110601284 0.934576392
1403636712313555456.000000 0.946903408 9.199277878 7.749775887 0.334045202 -0.018628551 -0.102572314 -0.936774135
1403636712363555584.000000 0.964540064 9.175392151 7.752368927 -0.329634607 0.017254701 0.094867870 0.939171731
1403636712413555456.000000 0.982147813 9.151980400 7.755023956 -0.325033218 0.016782183 0.088829286 0.941372037
1403636712463555584.000000 1.000462890 9.127567291 7.756525993 -0.320354134 0.017205397 0.083171442 0.943482816
1403636712513555456.000000 1.019568682 9.101417542 7.756417751 0.315242767 -0.017414508 -0.079133131 -0.945545733
1403636712563555584.000000 1.040080070 9.075710297 7.756923676 -0.310311228 0.018359542 0.076876909 0.947343588
1403636712613555456.000000 1.058610082 9.047522545 7.756009102 -0.305295140 0.021328090 0.075238705 0.949041188
1403636712663555584.000000 1.075450659 9.018292427 7.754701614 -0.300343394 0.025400748 0.075050600 0.950534642
1403636712713555456.000000 1.090912819 8.988551140 7.752815247 0.296098351 -0.028879270 -0.074909061 -0.951777518
1403636712763555584.000000 1.104616642 8.958853722 7.751516342 -0.292128235 0.030482227 0.075039648 0.952943325
1403636712813555456.000000 1.115485907 8.927190781 7.748470306 -0.289152652 0.030210763 0.075413354 0.953829646
1403636712863555584.000000 1.124658108 8.894662857 7.744469643 -0.286941975 0.028186407 0.076014459 0.954511285
1403636712913555456.000000 1.132740855 8.861782074 7.739897728 0.285275340 -0.025837677 -0.076524518 -0.955036342
1403636712963555584.000000 1.136773944 8.829605103 7.736121178 -0.284464866 0.022649407 0.076464996 0.955363750
1403636713013555456.000000 1.141554594 8.795372009 7.729723930 -0.284688830 0.020218804 0.074977830 0.955469429
1403636713063555584.000000 1.147138119 8.760038376 7.721985817 -0.283936232 0.020901913 0.075855061 0.955609381
1403636713113555456.000000 1.153498054 8.722665787 7.710927486 0.282312810 -0.021653527 -0.077407658 -0.955949128
1403636713163555584.000000 1.159749746 8.688114166 7.702660561 -0.281006515 0.020683294 0.078519806 0.956264794
1403636713213555456.000000 1.168601036 8.649935722 7.689171791 -0.280234367 0.019479526 0.080165654 0.956380069
1403636713263555584.000000 1.178969622 8.611475945 7.674282074 -0.279565573 0.017091783 0.081495874 0.956508994
1403636713313555456.000000 1.191476464 8.573611259 7.658710480 0.279725134 -0.015723616 -0.081447154 -0.956489980
1403636713363555584.000000 1.203086495 8.538889885 7.646755219 -0.279696345 0.013624212 0.082200654 0.956466138
1403636713413555456.000000 1.219111204 8.500560760 7.629542351 -0.279108584 0.013708983 0.084480971 0.956437945
1403636713463555584.000000 1.235327244 8.462370872 7.611591816 -0.278882891 0.013293074 0.086323105 0.956345141
1403636713513555456.000000 1.251048803 8.424617767 7.593306541 0.278436273 -0.012999255 -0.088700883 -0.956261754
1403636713563555584.000000 1.266251564 8.387772560 7.574276447 -0.278025985 0.013539616 0.091308691 0.956128120
1403636713613555456.000000 1.280358553 8.349753380 7.554743767 -0.277488977 0.012359235 0.095523193 0.955888271
1403636713663555584.000000 1.292876244 8.312107086 7.535174370 -0.277192563 0.011317034 0.098946020 0.955639064
1403636713713555456.000000 1.303366184 8.275120735 7.515637398 0.276780814 -0.011010873 -0.102431923 -0.955394626
1403636713763555584.000000 1.312143922 8.242612839 7.498347759 -0.276823729 0.010695182 0.105789095 0.955019891
1403636713813555456.000000 1.319632888 8.207430840 7.478376865 -0.276865602 0.010242657 0.108120918 0.954751551
1403636713863555584.000000 1.325780392 8.173385620 7.458025455 -0.277793765 0.010152902 0.108649276 0.954422832
1403636713913555456.000000 1.330806017 8.140686989 7.437480927 0.279404759 -0.009090279 -0.107238412 -0.954122782
1403636713963555584.000000 1.333891034 8.109702110 7.417851448 -0.281032503 0.008022429 0.105448037 0.953853786
1403636714013555456.000000 1.335632920 8.078560829 7.396815300 -0.282612860 0.006468138 0.104554370 0.953497052
1403636714063555584.000000 1.336606026 8.048252106 7.375484943 -0.285588801 0.005791880 0.100004137 0.953102708
1403636714113555456.000000 1.335528851 8.018925667 7.353932381 0.287081748 -0.005148082 -0.099362403 -0.952724934
1403636714163555584.000000 1.333359003 7.989989758 7.333485126 -0.288686872 0.004745705 0.098326527 0.952349365
1403636714213555456.000000 1.330729723 7.961195469 7.311932087 -0.289830208 0.006219277 0.098292373 0.951997101
1403636714263555584.000000 1.326953411 7.932736874 7.290517807 -0.289995104 0.007957556 0.100591347 0.951693714
1403636714313555456.000000 1.322196007 7.905163765 7.270334244 0.290219009 -0.008940291 -0.102939665 -0.951365590
1403636714363555584.000000 1.316182494 7.877886772 7.249055862 0.290813118 -0.008130852 -0.104254104 -0.951048255
1403636714413555456.000000 1.309691906 7.850714684 7.227925777 -0.291445494 0.004515865 0.105206184 0.950773835
1403636714463555584.000000 1.301251411 7.824515820 7.206811905 -0.290301472 0.000021782 0.106266052 0.951016665
1403636714513555456.000000 1.292025089 7.798870087 7.185988426 -0.287784100 -0.004499538 0.106721163 0.951719880
1403636714563555584.000000 1.282122850 7.773910522 7.166195869 0.283462971 0.008121737 -0.107589833 -0.952894151
1403636714613555456.000000 1.273495913 7.748865128 7.145814896 -0.277934074 -0.011671694 0.106976070 0.954553604
1403636714663555584.000000 1.263829470 7.725982189 7.126955509 -0.271577328 -0.014320392 0.104093060 0.956663668
1403636714713555456.000000 1.255491734 7.704061508 7.108427525 -0.263522118 -0.016485112 0.101064801 0.959202945
1403636714763555584.000000 1.249845505 7.683218002 7.089791298 0.254488498 0.018472189 -0.096409909 -0.962080836
1403636714813555456.000000 1.246775866 7.662773132 7.070661545 -0.244714767 -0.019527867 0.089496300 0.965258360
1403636714863555584.000000 1.244933844 7.643600941 7.052109241 -0.234347492 -0.020211829 0.081725150 0.968500793
1403636714913555456.000000 1.244844794 7.625059128 7.033795357 -0.223134950 -0.021235391 0.074960351 0.971669078
1403636714963555584.000000 1.246557117 7.606978416 7.015201569 0.211322546 0.022610420 -0.069480926 -0.974681437
1403636715013555456.000000 1.253439307 7.587658405 6.995333672 -0.201018870 -0.023408299 0.064236782 0.977198601
1403636715063555584.000000 1.259460568 7.570981979 6.977595329 -0.191439807 -0.024428476 0.059579313 0.979389846
1403636715113555456.000000 1.266791701 7.554689884 6.959715843 -0.183766723 -0.026180360 0.054413248 0.981113493
1403636715163555584.000000 1.275966406 7.539091110 6.942502022 0.176582843 0.026822433 -0.052023605 -0.982544005
1403636715213555456.000000 1.285106897 7.523850918 6.926197529 0.171372667 0.027252212 -0.049018010 -0.983608663
1403636715263555584.000000 1.293575048 7.509014130 6.911294937 0.166607752 0.026211405 -0.047915742 -0.984509468
1403636715313555456.000000 1.301855206 7.491975307 6.898433685 -0.162720129 -0.023906540 0.047986086 0.985214651
1403636715363555584.000000 1.307742000 7.478174686 6.886704922 -0.159932733 -0.022143753 0.047478702 0.985736787
1403636715413555456.000000 1.312528610 7.464685440 6.876693249 -0.156979322 -0.017816527 0.050050978 0.986171901
1403636715463555584.000000 1.315243483 7.451376438 6.867696762 0.154828995 0.013823015 -0.052470986 -0.986450136
1403636715513555456.000000 1.315963387 7.438809395 6.859811783 0.152116179 0.009486702 -0.057740938 -0.986628950
1403636715563555584.000000 1.314823985 7.427042961 6.852459908 0.149145722 0.005638835 -0.065102085 -0.986653745
1403636715613555456.000000 1.311728001 7.416639805 6.845574379 0.148099586 0.004556767 -0.068092778 -0.986615062
1403636715663555584.000000 1.308208346 7.407810211 6.838667870 0.149016172 0.000474678 -0.066924930 -0.986567318
1403636715713555456.000000 1.305113912 7.399007320 6.833201408 -0.151482314 0.004999892 0.061976537 0.986502409
1403636715763555584.000000 1.300845861 7.392320156 6.825545788 -0.154458657 0.009616737 0.056537777 0.986333370
1403636715813555456.000000 1.296927691 7.385805607 6.817029476 -0.157311171 0.013716124 0.051941294 0.986086786
1403636715863555584.000000 1.293897152 7.380295277 6.807638645 0.159233242 -0.017614152 -0.048807830 -0.985876441
1403636715913555456.000000 1.293274164 7.374189854 6.796155453 0.161755279 -0.021174787 -0.044825856 -0.985584915
1403636715963555584.000000 1.293687224 7.367607117 6.782958984 0.163451776 -0.023716237 -0.043866504 -0.985290229
1403636716013555456.000000 1.293989420 7.360317707 6.767911434 0.164603129 -0.024943195 -0.043643598 -0.985078156
1403636716063555584.000000 1.294860363 7.352678299 6.751824379 0.165916160 -0.024388995 -0.043918796 -0.984859467
1403636716113555456.000000 1.296283245 7.344490051 6.733901024 0.166411132 -0.023388460 -0.046426285 -0.984685242
1403636716163555584.000000 1.298182011 7.335970402 6.714482307 0.167039365 -0.018594755 -0.049266472 -0.984543025
1403636716213555456.000000 1.289498806 7.323264122 6.699376583 -0.167759240 0.012662457 0.052933633 0.984324455
1403636716263555584.000000 1.291162848 7.313901424 6.677570820 -0.169279799 0.008721164 0.054561175 0.984017968
1403636716313555456.000000 1.291450500 7.304552555 6.655484200 -0.170604125 0.005032375 0.056131758 0.983726680
1403636716363555584.000000 1.289619088 7.295538902 6.634012699 -0.171994939 0.002411840 0.057619557 0.983408332
1403636716413555456.000000 1.289918423 7.287008762 6.611819744 0.173375458 -0.001979346 -0.058230869 -0.983130872
1403636716463555584.000000 1.280723333 7.280731678 6.592968464 -0.174754977 0.000955123 0.058408096 0.982877553
1403636716513555456.000000 1.275321007 7.272512436 6.572600842 -0.176142395 0.001218822 0.058703434 0.982612014
1403636716563555584.000000 1.268375158 7.264175892 6.552906990 -0.176715851 0.001443479 0.056511961 0.982637227
1403636716613555456.000000 1.259933114 7.255701542 6.533814907 -0.175687134 0.000990368 0.054779071 0.982920349
1403636716663555584.000000 1.249729753 7.246512890 6.514030457 0.172852084 -0.001688538 -0.052928880 -0.983523190
1403636716713555456.000000 1.238469601 7.237259388 6.495350361 0.168659285 -0.001425174 -0.050873358 -0.984359682
1403636716763555584.000000 1.220322251 7.231312275 6.480786800 -0.163487494 0.002000543 0.049396820 0.985305965
1403636716813555456.000000 1.207012177 7.221583366 6.462244987 -0.156650111 0.001890417 0.047313605 0.986518443
1403636716863555584.000000 1.193963766 7.211736202 6.443658829 -0.148721665 0.001409906 0.045207102 0.987844288
1403636716913555456.000000 1.181929231 7.201737881 6.424513817 -0.139391661 0.001055583 0.042533584 0.989322901
1403636716963555584.000000 1.170857787 7.191958427 6.404799938 0.128758773 0.000289905 -0.038234133 -0.990938604
1403636717013555456.000000 1.161522865 7.185057640 6.385899067 -0.117897347 -0.000212930 0.034290660 0.992433548
1403636717063555584.000000 1.154264808 7.174919128 6.364774704 -0.106709145 -0.001300310 0.029801233 0.993842781
1403636717113555456.000000 1.148440719 7.164831638 6.343050480 -0.096025385 -0.001623432 0.025500396 0.995050907
1403636717163555584.000000 1.144114971 7.155155659 6.321018696 -0.087563589 -0.002162889 0.020964026 0.995936036
1403636717213555456.000000 1.140461445 7.148919106 6.300711155 -0.079825841 -0.002549918 0.016946139 0.996661544
1403636717263555584.000000 1.137078881 7.139591694 6.278218746 -0.074428439 -0.003084900 0.011534554 0.997154891
1403636717313555456.000000 1.133573413 7.130334854 6.255428791 -0.070819937 -0.004209968 0.004923804 0.997468114
1403636717363555584.000000 1.130943775 7.122271538 6.232879639 0.068627022 0.004183333 0.003104373 -0.997628808
1403636717413555456.000000 1.127523899 7.112801552 6.210069180 0.067106076 0.004280256 0.009817830 -0.997688413
1403636717463555584.000000 1.123167992 7.102432728 6.187333107 0.065624021 0.004231550 0.013872795 -0.997739017
1403636717513555456.000000 1.116923332 7.090991497 6.165261269 0.064190261 0.004618494 0.015100849 -0.997812748
1403636717563555584.000000 1.109242201 7.078277588 6.143959999 0.062233314 0.003949931 0.013476381 -0.997962832
1403636717613555456.000000 1.100329041 7.067648888 6.124331951 -0.060177945 -0.003855061 -0.009889849 0.998131275
1403636717663555584.000000 1.089285374 7.053062916 6.104369164 -0.059504725 -0.002972401 -0.008371598 0.998188555
1403636717713555456.000000 1.076365232 7.037612438 6.085033894 -0.059038617 -0.002210256 -0.006717932 0.998230696
1403636717763555584.000000 1.062445998 7.021298885 6.065975666 -0.059250187 -0.003069606 -0.009877629 0.998189628
1403636717813555456.000000 1.047433496 7.004677296 6.046712399 0.057541139 0.003600403 0.011676012 -0.998268425
1403636717863555584.000000 1.038866997 6.987005711 6.030994892 -0.054524355 -0.004270461 -0.014802724 0.998393595
1403636717913555456.000000 1.027086616 6.966720104 6.011414051 -0.050060458 -0.004588027 -0.017980378 0.998573780
1403636717963555584.000000 1.016887784 6.944889069 5.991166115 -0.044792715 -0.004491861 -0.021681061 0.998750925
1403636718013555456.000000 1.008764505 6.921027184 5.970426559 -0.037449412 -0.004357630 -0.024507623 0.998988450
1403636718063555584.000000 1.003059268 6.895324230 5.949584961 0.029021669 0.004910938 0.026732394 -0.999209225
1403636718113555456.000000 0.999956012 6.870923996 5.931995392 -0.018358311 -0.004459064 -0.026327670 0.999474883
1403636718163555584.000000 0.995163202 6.842883110 5.910823345 -0.007541321 -0.004881660 -0.025701078 0.999629319
1403636718213555456.000000 0.989476025 6.814541340 5.889923096 0.002262485 -0.005090170 -0.025074450 0.999670088
1403636718263555584.000000 0.981586576 6.785964012 5.869181633 0.010812860 -0.005773550 -0.024691189 0.999620020
1403636718313555456.000000 0.972037375 6.756835938 5.848739624 -0.018832562 0.006646933 0.023815438 -0.999516964
1403636718363555584.000000 0.959806919 6.730318069 5.833832741 0.026765004 -0.006862520 -0.024312722 0.999322534
1403636718413555456.000000 0.946808815 6.700510025 5.814732552 0.034953721 -0.008043757 -0.024514586 0.999055862
1403636718463555584.000000 0.932718158 6.670443535 5.796475410 0.043789957 -0.008343685 -0.023742802 0.998723745
1403636718513555456.000000 0.917447984 6.640512943 5.778736591 0.052531715 -0.008280727 -0.024630180 0.998281121
1403636718563555584.000000 0.901484430 6.611005783 5.761875629 -0.060853794 0.008650824 0.023702560 -0.997827709
1403636718613555456.000000 0.882722199 6.582918644 5.748785973 0.068317354 -0.009484336 -0.022418741 0.997366667
1403636718663555584.000000 0.865256488 6.554313183 5.733026028 0.075729832 -0.010426927 -0.018871674 0.996895254
1403636718713555456.000000 0.847007930 6.526835918 5.718208790 0.082013607 -0.011946065 -0.016705392 0.996419609
1403636718763555584.000000 0.827942967 6.501060486 5.704384327 -0.086931080 0.011747690 0.016818643 -0.996003091
1403636718813555456.000000 0.807455242 6.477870941 5.695373535 0.089460030 -0.011887668 -0.020988638 0.995698333
1403636718863555584.000000 0.789414763 6.454541683 5.682412624 0.090409592 -0.011531860 -0.027557170 0.995456636
1403636718913555456.000000 0.772962809 6.432098866 5.669657707 0.090991989 -0.010551369 -0.033215404 0.995241642
1403636718963555584.000000 0.758866072 6.410783291 5.657729626 -0.091102093 0.009174697 0.038556397 -0.995052576
1403636719013555456.000000 0.742464721 6.388087273 5.644469261 0.091285095 -0.008081488 -0.042187784 0.994897962
1403636719063555584.000000 0.732671082 6.366720676 5.630507469 0.091780081 -0.006000581 -0.044089194 0.994784713
1403636719113555456.000000 0.724870980 6.345297813 5.615870476 0.091872901 -0.003383631 -0.045686170 0.994716465
1403636719163555584.000000 0.718708992 6.323872089 5.601966381 -0.092300057 -0.000075744 0.045555029 -0.994688690
1403636719213555456.000000 0.714207232 6.302253246 5.586755276 -0.092447922 -0.003368139 0.044824593 -0.994702458
1403636719263555584.000000 0.708994389 6.280845165 5.571446419 -0.092310071 -0.006614722 0.044114854 -0.994730592
1403636719313555456.000000 0.695468962 6.256882668 5.553189278 0.092778988 0.008996101 -0.041054070 0.994799316
1403636719363555584.000000 0.686690390 6.236022949 5.537590027 0.092471719 0.011424115 -0.040099677 0.994841993
1403636719413555456.000000 0.675741553 6.215209484 5.521873474 0.092286482 0.012716682 -0.038690828 0.994899273
1403636719463555584.000000 0.662622929 6.194883823 5.506147861 0.091972299 0.013385399 -0.037040826 0.994982362
1403636719513555456.000000 0.648731768 6.174690247 5.488642693 -0.091434285 -0.013510221 0.035732232 -0.995078206
1403636719563555584.000000 0.628163576 6.153352261 5.471826553 0.090498008 0.010671777 -0.035163239 0.995218515
1403636719613555456.000000 0.612155318 6.134473324 5.454369545 0.090167686 0.007859693 -0.033076819 0.995346189
1403636719663555584.000000 0.598031580 6.116168022 5.436291695 0.088646084 0.004188650 -0.033244167 0.995499492
1403636719713555456.000000 0.585735500 6.098093987 5.416954994 0.087195978 0.000557896 -0.032573033 0.995658398
1403636719763555584.000000 0.574493408 6.080204010 5.395507812 -0.085586458 0.001774221 0.031910434 -0.995818079
1403636719813555456.000000 0.564190388 6.061079025 5.373054504 0.084008701 -0.003843083 -0.030809449 0.995981216
1403636719863555584.000000 0.557809234 6.044434071 5.351100445 0.082623906 -0.004465975 -0.029858081 0.996123433
1403636719913555456.000000 0.552437484 6.028217793 5.328694820 0.081332609 -0.005167318 -0.028832968 0.996256471
1403636719963555584.000000 0.546705186 6.012425423 5.306549072 0.080273740 -0.006980724 -0.028033849 0.996354103
1403636720013555456.000000 0.540494800 5.996950626 5.285435200 -0.078702383 0.007212095 0.028330116 -0.996469438
1403636720063555584.000000 0.532066643 5.981233597 5.264964581 0.078314863 -0.007838721 -0.027715862 0.996512532
1403636720113555456.000000 0.523140848 5.966678143 5.245598316 0.077559531 -0.008252713 -0.028019030 0.996559799
1403636720163555584.000000 0.512221873 5.952682495 5.227095604 0.077126324 -0.009463028 -0.027991708 0.996583462
1403636720213555456.000000 0.499844134 5.938948154 5.208912373 -0.077363685 0.009574918 0.027220357 -0.996585310
1403636720263555584.000000 0.486289650 5.923714161 5.191710949 0.077369265 -0.009321128 -0.027065128 0.996591508
1403636720313555456.000000 0.472636908 5.910713673 5.175425529 0.077732347 -0.009250260 -0.026308561 0.996584177
1403636720363555584.000000 0.458161503 5.898171902 5.159811020 0.078036115 -0.009230830 -0.026658723 0.996551335
1403636720413555456.000000 0.442810178 5.885356903 5.144678593 -0.078678414 0.009261747 0.026463708 -0.996505737
1403636720463555584.000000 0.429174989 5.873694897 5.128661156 0.079527117 -0.009784593 -0.025800476 0.996450722
1403636720513555456.000000 0.415396631 5.862506390 5.113404274 0.080172218 -0.010260673 -0.025500104 0.996402025
1403636720563555584.000000 0.403351694 5.851820469 5.097868919 0.081218675 -0.010312892 -0.024932381 0.996331096
1403636720613555456.000000 0.393153846 5.841591358 5.082417965 -0.081369907 0.011022423 0.026356146 -0.996274531
1403636720663555584.000000 0.386374116 5.832804203 5.066605091 0.082544886 -0.011070783 -0.025759745 0.996192932
1403636720713555456.000000 0.379837811 5.823949337 5.049694538 0.082329184 -0.009551598 -0.025879523 0.996223390
1403636720763555584.000000 0.375176966 5.815816879 5.032918453 0.081168413 -0.009933642 -0.024727467 0.996344149
1403636720813555456.000000 0.372272253 5.808705807 5.016648293 -0.077959619 0.010256742 0.024010679 -0.996614635
1403636720863555584.000000 0.369993210 5.802727222 5.001580715 0.073044881 -0.010327665 -0.023890968 0.996989012
1403636720913555456.000000 0.365774602 5.796833515 4.986519337 0.067073226 -0.010283066 -0.022033643 0.997451723
1403636720963555584.000000 0.360222042 5.791574001 4.972472668 0.060696948 -0.009103021 -0.019717101 0.997919977
1403636721013555456.000000 0.353310496 5.786239624 4.959389687 -0.055198573 0.007636084 0.016186766 -0.998314977
1403636721063555584.000000 0.347512007 5.781628132 4.945879936 0.048901122 -0.005751562 -0.012882100 0.998704016
1403636721113555456.000000 0.337871820 5.777601719 4.934051514 0.041871820 -0.004622355 -0.009466805 0.999067485
1403636721163555584.000000 0.327748179 5.774481297 4.922606468 0.033212431 -0.002209832 -0.006971729 0.999421597
1403636721213555456.000000 0.317706823 5.771748066 4.910761833 0.025136722 -0.000834276 -0.003652345 0.999677062
1403636721263555584.000000 0.309116930 5.769686699 4.898507118 -0.018112483 -0.001972764 0.000327671 -0.999834001
1403636721313555456.000000 0.301830888 5.767918110 4.883805752 0.011562553 0.002366434 0.001687987 0.999928951
1403636721363555584.000000 0.296621382 5.766862392 4.869512081 0.005240699 0.002751848 0.003273057 0.999977112
1403636721413555456.000000 0.293339580 5.766273022 4.854212284 -0.000107979 0.003737704 0.003998830 0.999985039
1403636721463555584.000000 0.290829152 5.765631199 4.838165283 -0.004502846 0.003489780 0.005301037 0.999969721
1403636721513555456.000000 0.289128810 5.765659332 4.820035934 0.009876883 -0.002614646 -0.005516455 -0.999932587
1403636721563555584.000000 0.287897497 5.766043663 4.805759430 -0.015534251 0.001788839 0.006701585 0.999855340
1403636721613555456.000000 0.283435017 5.766637802 4.788943291 -0.021609679 0.000859660 0.007010730 0.999741614
1403636721663555584.000000 0.277368963 5.767322063 4.772669315 -0.026585223 -0.000399105 0.007517586 0.999618232
1403636721713555456.000000 0.270152777 5.767934322 4.756593227 -0.030567469 0.000374501 0.007441998 0.999504983
1403636721763555584.000000 0.261355579 5.768389225 4.741079330 0.034193665 0.000311469 -0.006318557 -0.999395251
1403636721813555456.000000 0.254490316 5.769286156 4.727837563 -0.036184836 -0.000014045 0.006727335 0.999322474
1403636721863555584.000000 0.242886320 5.769587040 4.712682247 -0.037261680 0.000646600 0.007643870 0.999276161
1403636721913555456.000000 0.230658591 5.769750595 4.698103428 -0.038135339 0.000825324 0.007571955 0.999243617
1403636721963555584.000000 0.218032494 5.769833565 4.683713436 -0.039172608 0.000944189 0.004758268 0.999220729
1403636722013555456.000000 0.206121951 5.770028591 4.669422150 0.040273163 -0.000746078 -0.001237629 -0.999187708
1403636722063555584.000000 0.199063048 5.770771027 4.657723427 -0.040844634 0.000671782 -0.001889541 0.999163508
1403636722113555456.000000 0.190807208 5.769683838 4.641864777 -0.040168345 0.000402193 -0.002795144 0.999188960
1403636722163555584.000000 0.183971018 5.768051147 4.625218868 -0.038932148 0.000037300 -0.001512982 0.999240756
1403636722213555456.000000 0.179135188 5.765808105 4.607924461 -0.037599087 -0.000137638 -0.000515194 0.999292791
1403636722263555584.000000 0.175375909 5.763032436 4.590447426 0.036209188 0.000925383 -0.000787936 -0.999343574
1403636722313555456.000000 0.171512589 5.759929657 4.572879314 0.034554522 0.000444661 -0.002263754 -0.999400198
1403636722363555584.000000 0.166468441 5.756801605 4.555515766 0.034102030 0.000814717 -0.002928768 -0.999413788
1403636722413555456.000000 0.160273567 5.753961086 4.538449287 0.035436284 0.001011107 -0.003153178 -0.999366462
1403636722463555584.000000 0.152902499 5.751331806 4.521721840 0.037772689 0.000342607 -0.003735999 -0.999279320
1403636722513555456.000000 0.156760618 5.749110699 4.506531715 -0.040073108 -0.000483105 0.005265066 0.999182820
1403636722563555584.000000 0.147621989 5.746134281 4.490423679 -0.042296298 -0.000604843 0.005953309 0.999087274
1403636722613555456.000000 0.137923986 5.743018627 4.474559307 -0.044509046 -0.000733820 0.005062927 0.998995960
1403636722663555584.000000 0.127918303 5.740034580 4.459160328 -0.046349932 -0.001107925 0.005050356 0.998911858
1403636722713555456.000000 0.116814628 5.736569405 4.441878319 0.048047263 0.000878910 -0.004635090 -0.998833954
1403636722763555584.000000 0.112845518 5.732466221 4.429191113 -0.049719658 -0.001480827 0.003703746 0.998755276
1403636722813555456.000000 0.103075288 5.728414536 4.413219452 -0.050715711 -0.002272069 0.003066771 0.998705864
1403636722863555584.000000 0.095317550 5.723734856 4.396171570 -0.051674806 -0.002191601 0.002270859 0.998659015
1403636722913555456.000000 0.088593498 5.718381882 4.378698349 -0.051690027 -0.002398710 0.003413884 0.998654485
1403636722963555584.000000 0.083134860 5.712031841 4.360854626 0.051430821 0.002930800 -0.004601007 -0.998661697
1403636723013555456.000000 0.087550841 5.706013203 4.343037605 -0.050673265 -0.002400155 0.006493337 0.998691320
1403636723063555584.000000 0.084687568 5.699433804 4.324224949 -0.049774259 -0.001305806 0.008731311 0.998721540
1403636723113555456.000000 0.082079887 5.692866325 4.305589676 -0.049354665 -0.000917145 0.009689827 0.998733938
1403636723163555584.000000 0.078995936 5.686376572 4.287341118 -0.049418282 -0.000622021 0.009932420 0.998728633
1403636723213555456.000000 0.073786937 5.679796219 4.269621849 0.049497973 0.001000204 -0.010457737 -0.998719037
1403636723263555584.000000 0.078791797 5.673158646 4.250901222 -0.050058421 -0.001968869 0.009364667 0.998700500
1403636723313555456.000000 0.072143346 5.666747570 4.233872890 -0.051299229 -0.001614622 0.007155411 0.998656392
1403636723363555584.000000 0.065157153 5.660383701 4.217506886 -0.053329010 -0.001285874 0.006681381 0.998553813
1403636723413555456.000000 0.057046078 5.654180527 4.201276302 -0.057466209 -0.000568812 0.005492760 0.998332202
1403636723463555584.000000 0.049065672 5.648745060 4.186803818 0.062944360 -0.000876915 -0.004234009 -0.998007655
1403636723513555456.000000 0.040944479 5.642422676 4.171308994 0.068555601 -0.005069183 -0.005867783 -0.997617245
1403636723563555584.000000 0.041158698 5.633952618 4.151450157 -0.073212974 0.011454164 0.009669533 0.997203708
1403636723613555456.000000 0.036737908 5.626434326 4.135260582 -0.077419244 0.018196944 0.012983602 0.996748090
1403636723663555584.000000 0.033366442 5.618590832 4.118028641 -0.081479780 0.019609062 0.015728828 0.996357918
1403636723713555456.000000 0.031017788 5.610128880 4.100114822 -0.085225105 0.016119421 0.017399576 0.996079445
1403636723763555584.000000 0.030342480 5.600608349 4.082612038 0.089011177 -0.011308371 -0.019639092 -0.995772839
1403636723813555456.000000 0.027389251 5.590547085 4.056472778 -0.091504484 0.006655148 0.022787454 0.995521724
1403636723863555584.000000 0.024425553 5.580882549 4.037419796 -0.093891658 0.003286408 0.024979558 0.995263636
1403636723913555456.000000 0.020136258 5.571070671 4.018723011 -0.095895641 -0.000089734 0.027195275 0.995019853
1403636723963555584.000000 0.014263304 5.561281204 4.000426769 -0.097743705 -0.004273892 0.029480966 0.994765759
1403636724013555456.000000 0.007874649 5.550616264 3.982305050 0.100785270 0.008660612 -0.030812133 -0.994393349
1403636724063555584.000000 -0.002825391 5.543215275 3.959732294 -0.105050817 -0.012017068 0.032857191 0.993851304
1403636724113555456.000000 -0.011664831 5.534656525 3.943438053 -0.110778764 -0.015684955 0.034871209 0.993109345
1403636724163555584.000000 -0.020704787 5.526639938 3.927678108 -0.117800832 -0.015825933 0.036211111 0.992250621
1403636724213555456.000000 -0.030974435 5.518970013 3.912939072 -0.125000328 -0.016898423 0.039707415 0.991217792
1403636724263555584.000000 -0.040424772 5.511950493 3.898006678 0.133454844 0.016747547 -0.042337507 -0.990008533
1403636724313555456.000000 -0.060510144 5.501170635 3.881961823 -0.142896593 -0.014693188 0.044094935 0.988645732
1403636724363555584.000000 -0.070338331 5.494535446 3.869679928 -0.152268723 -0.012542141 0.046621736 0.987159252
1403636724413555456.000000 -0.078911886 5.487709522 3.856604815 -0.161798358 -0.009464069 0.048742618 0.985573947
1403636724463555584.000000 -0.086071372 5.480819702 3.843459129 -0.169631094 -0.007357954 0.051242787 0.984147072
1403636724513555456.000000 -0.091342010 5.472994804 3.828626871 0.176635280 0.004412684 -0.051805913 -0.982902169
1403636724563555584.000000 -0.098711409 5.466785908 3.815179586 -0.182220683 -0.001880953 0.053072736 0.981822550
1403636724613555456.000000 -0.101181775 5.458925247 3.801232338 -0.187109575 -0.001426604 0.054231483 0.980839968
1403636724663555584.000000 -0.101050407 5.450710773 3.786794901 -0.190729603 -0.000671302 0.055074651 0.980096281
1403636724713555456.000000 -0.099181339 5.442018509 3.772113562 -0.193435103 -0.000689727 0.056277901 0.979497492
1403636724763555584.000000 -0.096132591 5.433171272 3.756444454 0.195373714 0.001037594 -0.057246502 -0.979056180
1403636724813555456.000000 -0.090171233 5.426013470 3.749121666 -0.196584672 -0.001692065 0.057997819 0.978768587
1403636724863555584.000000 -0.082695827 5.416275024 3.733210564 -0.196802750 -0.002571455 0.059198603 0.978650928
1403636724913555456.000000 -0.073392883 5.406190872 3.717150211 -0.196036786 -0.003081326 0.061166096 0.978682280
1403636724963555584.000000 -0.062374070 5.395952225 3.700741768 -0.194734350 -0.003514678 0.063585818 0.978786588
1403636725013555456.000000 -0.049546085 5.384891033 3.682790756 0.192889243 0.003204698 -0.066148944 -0.978983045
1403636725063555584.000000 -0.034470044 5.374601841 3.665300846 0.191369355 0.002405094 -0.068107426 -0.979149342
1403636725113555456.000000 -0.018160671 5.364782810 3.647452831 0.189917713 0.002547096 -0.069684930 -0.979320586
1403636725163555584.000000 -0.001004025 5.355666161 3.629812956 0.188558817 0.003286594 -0.071341030 -0.979461789
1403636725213555456.000000 0.015830189 5.347259998 3.612319946 0.188257843 0.003301867 -0.070455924 -0.979583621
1403636725263555584.000000 0.031542599 5.339210033 3.595358133 0.187364832 0.003724309 -0.070670761 -0.979737878
1403636725313555456.000000 0.045700297 5.332518101 3.581911802 -0.187984601 -0.004544703 0.068507478 0.979769349
1403636725363555584.000000 0.058771253 5.326012135 3.566056490 -0.188083902 -0.004891576 0.067349553 0.979828894
1403636725413555456.000000 0.070503935 5.320010185 3.550917864 -0.188610837 -0.004881451 0.065425888 0.979857981
1403636725463555584.000000 0.080717355 5.314314842 3.536437035 -0.188874066 -0.004964711 0.064650670 0.979858339
1403636725513555456.000000 0.090330750 5.309522629 3.522633076 0.189348266 0.005356579 -0.063053109 -0.979868829
1403636725563555584.000000 0.097680025 5.304594517 3.509410381 0.189854994 0.006241923 -0.062407129 -0.979806900
1403636725613555456.000000 0.103880189 5.299932957 3.496860266 0.190458044 0.006338368 -0.061002407 -0.979777694
1403636725663555584.000000 0.108834110 5.295330048 3.485267401 0.190680474 0.004678885 -0.060683109 -0.979763567
1403636725713555456.000000 0.112320200 5.290775299 3.474515915 0.190706298 0.004293471 -0.061199468 -0.979728222
1403636725763555584.000000 0.114473201 5.286147594 3.464621067 0.190601051 0.004733151 -0.061175723 -0.979748189
1403636725813555456.000000 0.112261891 5.273356915 3.448934793 -0.190789387 -0.004361610 0.060803559 0.979736388
1403636725863555584.000000 0.111835100 5.268837452 3.440558434 -0.190193266 -0.005748854 0.061604157 0.979795098
1403636725913555456.000000 0.110792950 5.264350414 3.432894945 -0.189131752 -0.005248166 0.063462928 0.979884803
1403636725963555584.000000 0.108593993 5.259793758 3.425822735 -0.188411728 -0.005701138 0.064003371 0.979985774
1403636726013555456.000000 0.106789596 5.257981777 3.420410872 0.187729478 0.004777438 -0.064444937 -0.980092764
1403636726063555584.000000 0.103435002 5.254790306 3.415052414 0.187407404 0.004549894 -0.063426189 -0.980221927
1403636726113555456.000000 0.099153787 5.251884937 3.410247803 0.187363312 0.004395687 -0.062135223 -0.980313659
1403636726163555584.000000 0.094041266 5.249099255 3.406087160 0.187172189 0.002681156 -0.060845446 -0.980437279
1403636726213555456.000000 0.087578557 5.246413231 3.402509689 0.186716706 0.002003463 -0.060318790 -0.980558336
1403636726263555584.000000 0.080800824 5.243301392 3.399005651 0.186444819 0.002003275 -0.059125338 -0.980682790
1403636726313555456.000000 0.074244678 5.232988358 3.388792276 -0.185919836 -0.002039275 0.058821689 0.980800569
1403636726363555584.000000 0.069922857 5.229272842 3.385160446 -0.185632899 -0.000982468 0.057671260 0.980924845
1403636726413555456.000000 0.068152018 5.225235939 3.381294012 -0.184824511 -0.000517678 0.057205498 0.981105089
1403636726463555584.000000 0.068060435 5.221014977 3.376829147 -0.183817193 0.000381286 0.057463508 0.981279314
1403636726513555456.000000 0.073219143 5.220108986 3.374486923 0.182384536 -0.001280894 -0.059556846 -0.981421053
1403636726563555584.000000 0.078063875 5.216883659 3.370701075 0.179322243 -0.003627964 -0.065711968 -0.981586695
1403636726613555456.000000 0.083862871 5.213907242 3.366328239 0.175744131 -0.005925669 -0.073732011 -0.981653035
1403636726663555584.000000 0.090985522 5.211875916 3.361440182 0.172683045 -0.009572345 -0.080393411 -0.981644511
1403636726713555456.000000 0.098988399 5.210872173 3.354924917 0.172101513 -0.009703259 -0.081148870 -0.981683135
1403636726763555584.000000 0.108589783 5.211256027 3.347030878 0.173223600 -0.009926444 -0.077497385 -0.981778622
1403636726813555456.000000 0.106669337 5.197443485 3.295127392 -0.174529761 0.009501279 0.071847551 0.981981218
1403636726863555584.000000 0.117652103 5.197697163 3.283209801 -0.174741298 0.008847353 0.065439299 0.982397556
1403636726913555456.000000 0.122405961 5.192236423 3.259978294 -0.174321979 0.007847772 0.060480885 0.982798219
1403636726963555584.000000 0.134895742 5.192019939 3.244492531 -0.173388943 0.007218282 0.056888029 0.983182609
1403636727013555456.000000 0.162971154 5.204934120 3.245373726 0.172212228 -0.007308450 -0.055064041 -0.983492494
1403636727063555584.000000 0.178766072 5.206887245 3.231556892 0.171801820 -0.007093113 -0.052418839 -0.983710408
1403636727113555456.000000 0.193272829 5.208623409 3.217694521 0.171309739 -0.006139896 -0.050081514 -0.983924389
1403636727163555584.000000 0.206059337 5.209963322 3.203613758 0.171411335 -0.004695731 -0.047076304 -0.984062970
1403636727213555456.000000 0.216953516 5.210453987 3.189798832 0.171638831 -0.003514963 -0.044251569 -0.984159350
1403636727263555584.000000 0.226068020 5.209972858 3.176196814 0.171974272 -0.002408781 -0.041546829 -0.984221995
1403636727313555456.000000 0.230697095 5.194804668 3.127299309 -0.172881112 0.001701049 0.038715191 0.984180093
1403636727363555584.000000 0.236804292 5.192357540 3.113545895 -0.172909528 -0.000210231 0.037946977 0.984206438
1403636727413555456.000000 0.242234841 5.188999176 3.099727154 -0.173089951 -0.000593279 0.036902141 0.984214306
1403636727463555584.000000 0.245930046 5.183747292 3.083771229 -0.173518732 -0.000636294 0.035806779 0.984179199
1403636727513555456.000000 0.254747778 5.180203438 3.071804285 0.172764301 -0.001164005 -0.037476111 -0.984249294
1403636727563555584.000000 0.261175036 5.174255848 3.057744980 0.171574727 -0.003133122 -0.040831372 -0.984319687
1403636727613555456.000000 0.268670738 5.167460442 3.042788267 0.171269029 -0.004809464 -0.041774355 -0.984326601
1403636727663555584.000000 0.276980519 5.160015583 3.027307034 0.170533463 -0.005424460 -0.043871738 -0.984359801
1403636727713555456.000000 0.287203491 5.152134418 3.011428595 0.170766458 -0.003755821 -0.043775979 -0.984331489
1403636727763555584.000000 0.299533784 5.143694401 2.994975090 0.171135336 -0.002932637 -0.042823374 -0.984312117
1403636727813555456.000000 0.315172195 5.134026527 2.967430115 -0.171367660 0.002186992 0.041411519 0.984333992
1403636727863555584.000000 0.330238223 5.123905182 2.948684216 -0.173450112 0.000442964 0.036692813 0.984158814
1403636727913555456.000000 0.345112413 5.112764835 2.929333687 -0.175258666 -0.000249350 0.032190870 0.983995974
1403636727963555584.000000 0.358724236 5.100713730 2.910284758 -0.175739944 -0.000485051 0.031044232 0.983946919
1403636728013555456.000000 0.372420341 5.090504646 2.891919613 0.175376192 0.000699196 -0.032444745 -0.983966529
1403636728063555584.000000 0.383446157 5.077213287 2.874341249 0.174847588 0.000647933 -0.034266755 -0.983998895
1403636728113555456.000000 0.392988622 5.063073158 2.857095242 0.173694938 -0.001450237 -0.037549198 -0.984082341
1403636728163555584.000000 0.402845621 5.049699783 2.845402241 -0.173644394 0.002743294 0.039220564 0.984023392
1403636728213555456.000000 0.409719288 5.034481049 2.828804970 -0.173027560 0.004111928 0.040962070 0.984056234
1403636728263555584.000000 0.415129483 5.018814087 2.812632799 -0.172769442 0.004894913 0.042097177 0.984050095
1403636728313555456.000000 0.419000000 5.002620697 2.796693563 -0.172344178 0.004892777 0.043692805 0.984055161
1403636728363555584.000000 0.421026856 4.986413002 2.780619383 0.172682941 -0.004584375 -0.043431215 -0.984008789
1403636728413555456.000000 0.421693444 4.969233513 2.765135050 0.171121538 -0.004702619 -0.047474384 -0.984094262
1403636728463555584.000000 0.420996726 4.951902390 2.750015497 0.169088006 -0.006178658 -0.053589761 -0.984123647
1403636728513555456.000000 0.418646723 4.934806824 2.734863997 0.166627854 -0.006901771 -0.060882121 -0.984114349
1403636728563555584.000000 0.415212840 4.918116093 2.719535828 0.164666042 -0.006934259 -0.064321652 -0.984225512
1403636728613555456.000000 0.411045313 4.902054787 2.704077721 0.162271768 -0.007704114 -0.065882325 -0.984514177
1403636728663555584.000000 0.404069483 4.887606621 2.712364435 -0.160962328 0.006431945 0.061234035 0.985038221
1403636728713555456.000000 0.400977045 4.872930050 2.695871830 -0.158133581 0.005817147 0.054794330 0.985879123
1403636728763555584.000000 0.399434060 4.858429909 2.679262877 -0.153488025 0.004808539 0.048388049 0.986953378
1403636728813555456.000000 0.399936467 4.844166279 2.662216425 -0.147769123 0.003654217 0.041561335 0.988141537
1403636728863555584.000000 0.400326103 4.827650070 2.640906096 0.141787261 -0.003294291 -0.036292486 -0.989226162
1403636728913555456.000000 0.404980987 4.811480999 2.602898598 0.135773689 -0.004296486 -0.031311240 -0.990235627
1403636728963555584.000000 0.404126585 4.796748638 2.600791216 0.130509749 -0.004973080 -0.028524136 -0.991024196
1403636729013555456.000000 0.403944194 4.781564713 2.602273703 -0.125703320 0.006125065 0.025740772 0.991714954
1403636729063555584.000000 0.403349400 4.765433788 2.582253456 -0.121514916 0.007605127 0.022937225 0.992295444
1403636729113555456.000000 0.401147395 4.749042034 2.562703133 -0.117502540 0.008542899 0.021440888 0.992804348
1403636729163555584.000000 0.397403687 4.732662678 2.543221951 -0.114609338 0.008209757 0.019894959 0.993177474
1403636729213555456.000000 0.393188328 4.715057373 2.509613037 0.112050898 -0.006313331 -0.019770412 -0.993485749
1403636729263555584.000000 0.385753334 4.697703362 2.505816221 0.109234825 -0.005356528 -0.021198243 -0.993775487
1403636729313555456.000000 0.378394365 4.679794788 2.486422777 0.107799865 -0.004984417 -0.020691052 -0.993944824
1403636729363555584.000000 0.369029731 4.662720203 2.487749577 -0.106580704 0.005134652 0.021195136 0.994064927
1403636729413555456.000000 0.361320108 4.644383430 2.467827559 -0.105942763 0.005860108 0.020560991 0.994142413
1403636729463555584.000000 0.354600698 4.625693798 2.446880579 -0.105404720 0.006052832 0.020350680 0.994202733
1403636729513555456.000000 0.348830968 4.606475830 2.424607515 -0.104767658 0.006027907 0.020516578 0.994266868
1403636729563555584.000000 0.343647480 4.585898876 2.403308868 0.104363561 -0.005612284 -0.020961201 -0.994302511
1403636729613555456.000000 0.341227412 4.566087246 2.380066633 0.104099669 -0.004712505 -0.021076888 -0.994332373
1403636729663555584.000000 0.340958089 4.548502922 2.370257378 -0.104014911 0.004216454 0.021491708 0.994334638
1403636729713555456.000000 0.340322316 4.528459549 2.345457077 -0.103478894 0.004596217 0.022793977 0.994359851
1403636729763555584.000000 0.339953303 4.508487701 2.320868969 -0.103913166 0.002597390 0.022599598 0.994326234
1403636729813555456.000000 0.338925302 4.488459587 2.296328306 -0.104104109 0.000519289 0.023464253 0.994289458
1403636729863555584.000000 0.335418940 4.469046593 2.273803234 0.104575060 0.002176298 -0.023293180 -0.994241893
1403636729913555456.000000 0.331123590 4.448890209 2.250008583 0.104130492 0.003735947 -0.025524637 -0.994229019
1403636729963555584.000000 0.329550445 4.428955078 2.238161325 -0.104604490 -0.005557527 0.024749840 0.994190395
1403636730013555456.000000 0.323375612 4.408678055 2.215797186 -0.104365826 -0.007000020 0.025891596 0.994177282
1403636730063555584.000000 0.316587776 4.388273239 2.193975449 -0.104017742 -0.007790776 0.026048977 0.994203746
1403636730113555456.000000 0.308966517 4.368061066 2.173062086 -0.103476770 -0.008384623 0.026079861 0.994254589
1403636730163555584.000000 0.299807310 4.346929550 2.154200077 0.103216492 0.008172542 -0.027069686 -0.994256914
1403636730213555456.000000 0.292478204 4.327897549 2.141109228 -0.103393763 -0.009412326 0.026408959 0.994245350
1403636730263555584.000000 0.282095343 4.307634354 2.122117996 -0.103013754 -0.009432499 0.026141131 0.994291604
1403636730313555456.000000 0.271075845 4.287585258 2.103657722 -0.102120161 -0.008630810 0.027959863 0.994341671
1403636730363555584.000000 0.259110987 4.267905712 2.085761547 -0.101647235 -0.009063871 0.028075095 0.994382977
1403636730413555456.000000 0.247668862 4.248433590 2.071543217 0.101693496 0.010489772 -0.027402418 -0.994383037
1403636730463555584.000000 0.234186381 4.229763985 2.055739403 -0.101092219 -0.014089845 0.028112730 0.994379938
1403636730513555456.000000 0.225179300 4.210767269 2.039184809 -0.101266868 -0.017986258 0.027239056 0.994323671
1403636730563555584.000000 0.218628839 4.191746712 2.023041248 -0.100641526 -0.022059463 0.028490225 0.994270146
1403636730613555456.000000 0.214789838 4.173313141 2.008219719 -0.100198403 -0.024871487 0.029261695 0.994226098
1403636730663555584.000000 0.214096665 4.155447960 1.995491147 0.100001469 0.026417844 -0.029911898 -0.994186699
1403636730713555456.000000 0.220831543 4.139920235 1.984915257 -0.099595569 -0.027900400 0.030222416 0.994177520
1403636730763555584.000000 0.227078423 4.122513771 1.973382950 -0.099893019 -0.029204180 0.029747408 0.994124532
1403636730813555456.000000 0.234699667 4.105281830 1.961801887 -0.099631593 -0.029670781 0.029390918 0.994147539
1403636730863555584.000000 0.243385375 4.088110924 1.950657010 -0.099023439 -0.030238908 0.031589352 0.994123816
1403636730913555456.000000 0.253177583 4.072593212 1.941812634 0.097995788 0.030496763 -0.035266645 -0.994094074
1403636730963555584.000000 0.254757524 4.056667805 1.929341078 -0.096492350 -0.028641814 0.040201381 0.994109035
1403636731013555456.000000 0.262016058 4.041364670 1.922386765 -0.095171474 -0.026829392 0.045317311 0.994066894
1403636731063555584.000000 0.268864095 4.026988029 1.916745305 -0.093309268 -0.020751946 0.051536925 0.994085848
1403636731113555456.000000 0.274963081 4.014044285 1.912026048 -0.092717871 -0.013895025 0.054854680 0.994083226
1403636731163555584.000000 0.282057852 4.000174046 1.909187555 0.092448011 0.008049560 -0.056411844 -0.994085670
1403636731213555456.000000 0.282000959 3.991383553 1.902929306 0.093673080 0.004460730 -0.054435696 -0.994103789
1403636731263555584.000000 0.277257860 3.984141350 1.890257835 -0.095517926 -0.001587186 0.050220799 0.994158864
1403636731313555456.000000 0.278153330 3.976798058 1.886614442 -0.097993150 -0.000356383 0.045017898 0.994168282
1403636731363555584.000000 0.277897894 3.970124722 1.883305192 -0.099841908 -0.000263549 0.041017424 0.994157553
1403636731413555456.000000 0.275951773 3.964061260 1.880033255 -0.101877831 -0.001865051 0.036149073 0.994138241
1403636731463555584.000000 0.272259623 3.959508181 1.876604676 0.102422178 0.001161464 -0.034567546 -0.994139612
1403636731513555456.000000 0.267751426 3.954265833 1.873631001 0.102080196 0.001967446 -0.035828158 -0.994128823
1403636731563555584.000000 0.262303323 3.949104786 1.870855331 0.100378446 0.002114525 -0.039939068 -0.994145215
1403636731613555456.000000 0.256353259 3.944592237 1.868026972 0.099459738 0.001596051 -0.042904317 -0.994114935
1403636731663555584.000000 0.249246567 3.940871000 1.865210652 0.098493949 0.001537335 -0.045411672 -0.994099796
1403636731713555456.000000 0.241358697 3.938319921 1.862536311 0.098905109 0.001428385 -0.044886250 -0.994082987
1403636731763555584.000000 0.228776246 3.934107304 1.851147890 -0.099961601 -0.001775339 0.041919477 0.994106352
1403636731813555456.000000 0.218583807 3.932708025 1.847933054 -0.100616917 -0.001938422 0.039978735 0.994119823
1403636731863555584.000000 0.207489252 3.931719303 1.844444752 -0.101298735 -0.002417697 0.037491478 0.994146407
1403636731913555456.000000 0.195719197 3.930953503 1.841197014 -0.101398423 -0.002250031 0.035655729 0.994204223
1403636731963555584.000000 0.183943436 3.931700230 1.838751554 0.101241373 0.001400698 -0.035195798 -0.994238198
1403636732013555456.000000 0.170588076 3.931725979 1.836173296 0.101149268 0.001234570 -0.034486238 -0.994272590
1403636732063555584.000000 0.156415984 3.932095528 1.833648205 0.101194277 -0.000190579 -0.033352543 -0.994307458
1403636732113555456.000000 0.140726998 3.932623386 1.831285238 0.100840062 -0.000339951 -0.033871736 -0.994325876
1403636732163555584.000000 0.124170713 3.933328390 1.829039097 0.100754745 -0.000369902 -0.032716911 -0.994373202
1403636732213555456.000000 0.108417057 3.933967113 1.826068878 0.100677580 -0.001924000 -0.031986587 -0.994403005
1403636732263555584.000000 0.095162928 3.934877872 1.829674602 -0.101040773 0.002851983 0.029901832 0.994428813
1403636732313555456.000000 0.081518434 3.935427189 1.824280858 -0.100263961 0.003884458 0.030766368 0.994477570
1403636732363555584.000000 0.069025300 3.935745001 1.817553401 -0.101029657 0.003100925 0.028184950 0.994479299
1403636732413555456.000000 0.059746742 3.936142445 1.809518337 -0.102607980 0.004277330 0.023681900 0.994430780
1403636732463555584.000000 0.050397649 3.936401844 1.798505068 0.105021477 -0.006007392 -0.016328068 -0.994317830
1403636732513555456.000000 0.044050343 3.935423374 1.786269307 0.107832208 -0.008082997 -0.007556702 -0.994107604
1403636732563555584.000000 0.038504388 3.933201075 1.773069859 0.109787360 -0.010521310 -0.001126670 -0.993898809
1403636732613555456.000000 0.034029592 3.929379225 1.759027600 0.111247636 -0.013165019 0.004139700 -0.993696868
1403636732663555584.000000 0.030329389 3.923690081 1.743979216 0.110656962 -0.015787408 0.004101099 -0.993724823
1403636732713555456.000000 0.027614504 3.916310072 1.727822423 0.108946897 -0.018140957 0.000543061 -0.993881941
1403636732763555584.000000 0.036231078 3.911677837 1.732100606 -0.106939353 0.018443154 0.004011960 0.994086444
1403636732813555456.000000 0.036392227 3.902059793 1.714043975 -0.104736716 0.019906510 0.008803432 0.994261861
1403636732863555584.000000 0.036039788 3.891639948 1.695489764 -0.103829168 0.020294432 0.010687049 0.994330704
1403636732913555456.000000 0.035878167 3.881979704 1.677840948 -0.103028625 0.019421291 0.011894793 0.994417667
1403636732963555584.000000 0.027961915 3.865577221 1.655524731 0.102460809 -0.017357999 -0.013072583 -0.994499743
1403636733013555456.000000 0.021790763 3.852111816 1.635209560 0.101813689 -0.014597058 -0.013682527 -0.994602323
1403636733063555584.000000 0.015297107 3.838193417 1.614634633 0.101529926 -0.011923637 -0.013896991 -0.994663954
1403636733113555456.000000 0.005767293 3.821833372 1.580074072 0.100948118 -0.008162051 -0.014667068 -0.994750082
1403636733163555584.000000 0.014710665 3.810661316 1.583737373 -0.102056682 0.007372233 0.011759015 0.994681776
1403636733213555456.000000 0.013310265 3.795043707 1.560619831 -0.101671241 0.006035272 0.011748425 0.994730413
1403636733263555584.000000 0.013489950 3.778631687 1.536799431 -0.101377577 0.005213767 0.010773868 0.994776011
1403636733313555456.000000 0.014272636 3.761449575 1.511754751 -0.100304946 0.004800372 0.012460994 0.994867146
1403636733363555584.000000 0.015046903 3.742541075 1.487195849 0.099284135 -0.002821379 -0.014365858 -0.994951427
1403636733413555456.000000 0.017215012 3.724106789 1.461722851 0.097989403 -0.000484118 -0.016123896 -0.995056748
1403636733463555584.000000 0.020952420 3.705413103 1.435933471 0.097072817 0.001003545 -0.018890830 -0.995097518
1403636733513555456.000000 0.028420497 3.689699411 1.425510645 -0.096737824 -0.002970200 0.019406879 0.995116293
1403636733563555584.000000 0.032451089 3.670650482 1.400366187 -0.096309714 -0.004362206 0.020448580 0.995131791
1403636733613555456.000000 0.035479836 3.651424646 1.375601292 -0.096073195 -0.005763326 0.019544477 0.995165765
1403636733663555584.000000 0.037164435 3.632263899 1.351550221 -0.095458783 -0.006790734 0.021416215 0.995179832
1403636733713555456.000000 0.037510395 3.613491297 1.330739379 0.095392048 0.008096198 -0.021220090 -0.995180666
1403636733763555584.000000 0.040565073 3.594673634 1.308772802 -0.095436200 -0.008502611 0.020371690 0.995190799
1403636733813555456.000000 0.037759852 3.575561047 1.287824512 -0.095048510 -0.010401020 0.021047994 0.995195806
1403636733863555584.000000 0.034027033 3.556403875 1.267404437 -0.094857998 -0.011281196 0.021098934 0.995203257
1403636733913555456.000000 0.029571006 3.537313461 1.247720242 -0.095354110 -0.010247972 0.019399911 0.995201647
1403636733963555584.000000 0.024690729 3.517654419 1.229452848 0.096564762 0.008491711 -0.016077798 -0.995160639
1403636734013555456.000000 0.028161744 3.498583794 1.203923702 -0.096969292 -0.005730142 0.014360401 0.995167255
1403636734063555584.000000 0.021657281 3.478928804 1.186109662 -0.097510226 -0.003212187 0.014114999 0.995129287
1403636734113555456.000000 0.014993275 3.458899975 1.168635249 -0.097655028 -0.000948207 0.015472732 0.995099604
1403636734163555584.000000 0.008918316 3.438528538 1.150726199 -0.097855404 -0.000165601 0.015851038 0.995074451
1403636734213555456.000000 0.005485467 3.417395115 1.132810950 0.097078457 -0.000107883 -0.017356705 -0.995125413
1403636734263555584.000000 -0.002306418 3.395027399 1.102357864 -0.096056260 0.000925125 0.018430343 0.995204866
1403636734313555456.000000 -0.004094523 3.373491764 1.082567334 -0.095096231 -0.000087444 0.020093609 0.995265305
1403636734363555584.000000 -0.004140753 3.351967096 1.062467217 -0.094318956 -0.001415626 0.021194484 0.995315373
1403636734413555456.000000 -0.002132648 3.330323935 1.041647673 -0.093289740 -0.002813229 0.022740675 0.995375276
1403636734463555584.000000 0.006316970 3.310821295 1.031173229 0.092541099 0.004768061 -0.023056841 -0.995430470
1403636734513555456.000000 0.008926123 3.290151358 0.996694982 -0.091800094 -0.006220226 0.023564387 0.995479167
1403636734563555584.000000 0.010711389 3.268956184 0.976532578 -0.091215819 -0.008466071 0.023898777 0.995508432
1403636734613555456.000000 0.011432684 3.247955322 0.956978023 -0.090506680 -0.010380797 0.024333756 0.995544434
1403636734663555584.000000 0.010988669 3.227104425 0.938104212 -0.090394951 -0.012297438 0.023541996 0.995551765
1403636734713555456.000000 0.010077992 3.206604481 0.917871118 0.089928985 0.013259142 -0.022728369 -0.995600581
1403636734763555584.000000 0.001419361 3.186645269 0.894203484 -0.089608639 -0.012888324 0.021266308 0.995666564
1403636734813555456.000000 -0.002672627 3.166596889 0.877482951 -0.088949665 -0.013951930 0.021481700 0.995706737
1403636734863555584.000000 -0.007620141 3.146708488 0.861745417 -0.088205278 -0.014037740 0.021424141 0.995772958
1403636734913555456.000000 -0.013561038 3.127054930 0.847178459 -0.087438248 -0.014262374 0.021817574 0.995828927
1403636734963555584.000000 -0.020276684 3.109309435 0.833527148 0.086846039 0.014333021 -0.022409849 -0.995866537
1403636735013555456.000000 -0.037254874 3.088356018 0.813726842 -0.087016061 -0.014120686 0.021252345 0.995880127
1403636735063555584.000000 -0.044844724 3.069808245 0.801891685 -0.086627990 -0.013519621 0.021894818 0.995908320
1403636735113555456.000000 -0.052551989 3.051498175 0.790299892 -0.086490005 -0.013441434 0.022732127 0.995902658
1403636735163555584.000000 -0.059329979 3.033494473 0.778753161 -0.086092204 -0.013551833 0.024014456 0.995905578
1403636735213555456.000000 -0.064715385 3.015434742 0.766473293 0.086196683 0.014303709 -0.025066072 -0.995860040
1403636735263555584.000000 -0.081066437 2.996003389 0.747963786 -0.086086035 -0.015333014 0.026742108 0.995810747
1403636735313555456.000000 -0.080819920 2.978940725 0.737067819 -0.086344793 -0.016718037 0.028396972 0.995720208
1403636735363555584.000000 -0.076777473 2.962348700 0.726627827 -0.086891770 -0.017782889 0.029754603 0.995614529
1403636735413555456.000000 -0.068736278 2.946213961 0.715968192 -0.088189788 -0.016316522 0.029739561 0.995525956
1403636735463555584.000000 -0.057777084 2.930205345 0.703318298 0.089351721 0.014911491 -0.031247675 -0.995398223
1403636735513555456.000000 -0.066274628 2.913326263 0.682410479 -0.091378115 -0.013925259 0.030796682 0.995242536
1403636735563555584.000000 -0.052346494 2.898767710 0.671236992 -0.093264356 -0.012777562 0.030714219 0.995085537
1403636735613555456.000000 -0.038193546 2.884534597 0.660355568 -0.095118143 -0.012144228 0.030313211 0.994930327
1403636735663555584.000000 -0.023947088 2.870806932 0.650049508 -0.097078152 -0.011941857 0.030146817 0.994748414
1403636735713555456.000000 -0.012322280 2.857515574 0.638375521 0.098069243 0.011794376 -0.031186327 -0.994620979
1403636735763555584.000000 -0.010403271 2.844117403 0.625338376 -0.099612527 -0.012346473 0.030510634 0.994481802
1403636735813555456.000000 -0.000610557 2.831319332 0.617147803 -0.100280970 -0.012292750 0.031724405 0.994377315
1403636735863555584.000000 0.007461599 2.818892956 0.609611213 -0.100932896 -0.012004710 0.031536628 0.994320869
1403636735913555456.000000 0.014120201 2.806717157 0.602875292 -0.101100050 -0.011799755 0.031651132 0.994302630
1403636735963555584.000000 0.018828731 2.795542240 0.595466197 0.101510242 0.010733065 -0.031058332 -0.994291663
1403636736013555456.000000 0.024604144 2.783820391 0.589467824 0.100254320 0.010074761 -0.029518785 -0.994472802
1403636736063555584.000000 0.031134477 2.771976948 0.583416224 0.097492889 0.009643248 -0.027654985 -0.994805217
1403636736113555456.000000 0.038175534 2.761192322 0.575296462 -0.092867799 -0.007330964 0.026561039 0.995297134
1403636736163555584.000000 0.047550052 2.748718262 0.567992032 -0.087172844 -0.005588667 0.024214823 0.995883226
1403636736213555456.000000 0.058315638 2.736123323 0.559603572 -0.080848403 -0.003876141 0.022262737 0.996470273
1403636736263555584.000000 0.069416471 2.723426580 0.550891936 -0.074966997 -0.003279913 0.019922897 0.996981621
1403636736313555456.000000 0.078255884 2.710765362 0.540878415 0.069894277 0.002499420 -0.017320096 -0.997400939
1403636736363555584.000000 0.098553613 2.694366693 0.533054888 -0.066056788 -0.003530493 0.013950857 0.997712135
1403636736413555456.000000 0.105379201 2.682183504 0.524651229 -0.062284153 -0.003767824 0.011872594 0.997980773
1403636736463555584.000000 0.110889263 2.670313120 0.516705453 -0.060193006 -0.003750680 0.007044795 0.998154879
1403636736513555456.000000 0.114401914 2.658344507 0.509469628 -0.058890399 -0.003232849 0.001600779 0.998257995
1403636736563555584.000000 0.114825264 2.646359921 0.502351880 0.057609655 0.002813287 0.003139363 -0.998330355
1403636736613555456.000000 0.114432752 2.633946419 0.495563835 0.056950044 0.002505927 0.007045901 -0.998349071
1403636736663555584.000000 0.112830982 2.620807886 0.488652796 0.055923857 0.001688914 0.008617545 -0.998396456
1403636736713555456.000000 0.110108219 2.606961012 0.481780291 0.055219222 0.000993325 0.010209077 -0.998421609
1403636736763555584.000000 0.133536652 2.598864317 0.488932699 -0.054342337 -0.002436816 -0.011122520 0.998457432
1403636736813555456.000000 0.129068539 2.583558321 0.482011437 -0.053657856 -0.001361479 -0.012351704 0.998482108
1403636736863555584.000000 0.123722561 2.567608356 0.475130498 -0.052264154 -0.000845254 -0.011159671 0.998570621
1403636736913555456.000000 0.118610464 2.551310301 0.468251944 -0.051577389 -0.001753830 -0.012113897 0.998594046
1403636736963555584.000000 0.110123351 2.533201694 0.460936278 0.049731575 0.002045673 0.010258211 -0.998707891
1403636737013555456.000000 0.117273740 2.522368193 0.464219153 -0.047209453 -0.002345430 -0.006872421 0.998858631
1403636737063555584.000000 0.108503126 2.503479242 0.456933111 -0.044801205 -0.001628979 -0.004154433 0.998986006
1403636737113555456.000000 0.099228606 2.484253407 0.449558139 -0.041946884 -0.000429679 -0.000408511 0.999119699
1403636737163555584.000000 0.089271955 2.465319872 0.442308515 -0.040169559 -0.000460435 0.000395985 0.999192715
1403636737213555456.000000 0.079659097 2.446140528 0.437396169 0.038321413 0.000987923 -0.001286052 -0.999264181
1403636737263555584.000000 0.068477944 2.427964449 0.431290954 -0.036091845 -0.001011346 0.003521644 0.999341786
1403636737313555456.000000 0.056063537 2.409048557 0.424201876 -0.035091244 -0.003099477 0.002692618 0.999375701
1403636737363555584.000000 0.044612247 2.390296459 0.416727096 -0.033488885 -0.004776607 0.003628062 0.999421120
1403636737413555456.000000 0.035332136 2.372088194 0.407811075 -0.032279201 -0.006724034 0.003133649 0.999451399
1403636737463555584.000000 0.027621202 2.353725433 0.399527133 0.031086670 0.009680755 -0.003052381 -0.999465168
1403636737513555456.000000 0.021884101 2.335819960 0.389841497 0.030515581 0.011388801 -0.001805580 -0.999467850
1403636737563555584.000000 0.040186133 2.317567110 0.403205007 -0.029273763 -0.012620293 0.003290676 0.999486387
1403636737613555456.000000 0.038294196 2.300576925 0.393252075 -0.027964845 -0.013170381 0.005409225 0.999507546
1403636737663555584.000000 0.037724279 2.284093142 0.382659644 -0.026121605 -0.014015004 0.008954094 0.999520421
1403636737713555456.000000 0.038429841 2.268171310 0.371624172 -0.024821550 -0.015203578 0.012181337 0.999502063
1403636737763555584.000000 0.038493004 2.251258612 0.362106413 0.023959618 0.016676243 -0.014480975 -0.999468923
1403636737813555456.000000 0.042430878 2.236501217 0.351375222 0.023127109 0.016783249 -0.017170483 -0.999444187
1403636737863555584.000000 0.063674688 2.220652819 0.362613618 -0.023028158 -0.017246403 0.018795729 0.999409378
1403636737913555456.000000 0.072452642 2.207960606 0.350857198 -0.022979015 -0.017027171 0.019359825 0.999403477
1403636737963555584.000000 0.083326407 2.196561813 0.338668674 -0.023096504 -0.016505834 0.020040736 0.999396086
1403636738013555456.000000 0.098054327 2.186511517 0.326981127 -0.023771815 -0.015734393 0.019974716 0.999394059
1403636738063555584.000000 0.114702657 2.176825762 0.317022562 0.025023459 0.016727332 -0.019400943 -0.999358654
1403636738113555456.000000 0.130952463 2.168835402 0.305361629 0.026706049 0.015360117 -0.016370235 -0.999391258
1403636738163555584.000000 0.148149937 2.157437325 0.313146800 -0.027890591 -0.014137960 0.015236104 0.999394894
1403636738213555456.000000 0.162437528 2.150829554 0.302833468 -0.029254192 -0.012906503 0.013776709 0.999393761
1403636738263555584.000000 0.175166741 2.144858360 0.293472081 -0.030127287 -0.012636931 0.013863647 0.999370098
1403636738313555456.000000 0.186651573 2.139431000 0.285119206 -0.031046066 -0.012693500 0.013353878 0.999348223
1403636738363555584.000000 0.198459610 2.132949591 0.280744940 0.032245487 0.013161325 -0.013839684 -0.999297559
1403636738413555456.000000 0.208054066 2.128025532 0.275113672 0.032923903 0.013488306 -0.014114341 -0.999267220
1403636738463555584.000000 0.216256529 2.123947859 0.270424098 0.034847464 0.013907506 -0.014245998 -0.999194384
1403636738513555456.000000 0.223198965 2.120860815 0.266830683 0.038078383 0.014947029 -0.015930792 -0.999035954
1403636738563555584.000000 0.228528306 2.118671179 0.264532775 0.042807855 0.016573891 -0.018110523 -0.998781681
1403636738613555456.000000 0.232189327 2.117316246 0.263695955 0.048485428 0.018178852 -0.021603931 -0.998424828
1403636738663555584.000000 0.221632242 2.110647440 0.276969433 -0.056298692 -0.017861566 0.024981730 0.997941554
1403636738713555456.000000 0.222872019 2.111133099 0.278580546 -0.064639308 -0.017050734 0.029466866 0.997327864
1403636738763555584.000000 0.222735032 2.112359047 0.281037778 -0.074112922 -0.013932869 0.033959791 0.996574104
1403636738813555456.000000 0.220937073 2.114129305 0.284361541 -0.084219627 -0.010910634 0.039660174 0.995597899
1403636738863555584.000000 0.218362480 2.115987778 0.286239922 0.094918542 0.007010947 -0.046149842 -0.994390011
1403636738913555456.000000 0.214009449 2.119752169 0.289705276 0.106231526 0.004825837 -0.052235391 -0.992956758
1403636738963555584.000000 0.208314300 2.124504328 0.293624759 0.117524736 0.002833270 -0.059750456 -0.991266787
1403636739013555456.000000 0.201281205 2.130479336 0.297811151 0.129372641 0.000658075 -0.067619838 -0.989287615
1403636739063555584.000000 0.192958072 2.137822390 0.302293420 0.141843691 -0.000402881 -0.075099967 -0.987036109
1403636739113555456.000000 0.183816358 2.146609783 0.306802601 0.155861989 -0.001135203 -0.079076827 -0.984607816
1403636739163555584.000000 0.166632235 2.145985126 0.311869144 -0.171426296 0.000502279 0.080672413 0.981888413
1403636739213555456.000000 0.155338913 2.157096624 0.316269487 -0.186544985 0.000931499 0.082284838 0.978994012
1403636739263555584.000000 0.142989457 2.169160366 0.320240200 -0.202171758 0.000283188 0.082676493 0.975854099
1403636739313555456.000000 0.129790604 2.181064367 0.324352086 -0.217678368 0.000005850 0.082391717 0.972536743
1403636739363555584.000000 0.118406817 2.194014311 0.329551309 0.233394578 0.000773036 -0.081398807 -0.968968868
1403636739413555456.000000 0.098068252 2.202893019 0.321681261 -0.247542337 -0.001489160 0.082239561 0.965379357
1403636739463555584.000000 0.088452697 2.215507269 0.324437380 -0.261119753 -0.002014574 0.083767593 0.961662889
1403636739513555456.000000 0.080880962 2.227673292 0.326749563 -0.273201674 -0.002461554 0.087807767 0.957937658
1403636739563555584.000000 0.075932473 2.239435673 0.328682691 -0.283211291 -0.000894643 0.092915803 0.954545617
1403636739613555456.000000 0.071888067 2.249904633 0.328840584 0.291299760 -0.000163842 -0.097938016 -0.951605320
1403636739663555584.000000 0.060536459 2.255424023 0.317543715 -0.298444152 -0.000621807 0.100582272 0.949112177
1403636739713555456.000000 0.059838735 2.266486645 0.318920553 -0.303870171 0.000145975 0.102781385 0.947153091
1403636739763555584.000000 0.058653146 2.277412176 0.321358830 -0.307128817 0.000889015 0.107246779 0.945605278
1403636739813555456.000000 0.056207791 2.288478136 0.324542373 -0.309723437 0.001461633 0.109771296 0.944467902
1403636739863555584.000000 0.051671684 2.299394131 0.328521520 0.311756849 -0.001456796 -0.111410648 -0.943606496
1403636739913555456.000000 0.047179714 2.311350346 0.333314747 0.313064605 -0.001345738 -0.111971691 -0.943107188
1403636739963555584.000000 0.028596967 2.314357519 0.316049159 -0.314013153 0.001629812 0.111695863 0.942824066
1403636740013555456.000000 0.021828920 2.326776266 0.321757227 -0.314472795 0.000566625 0.110943362 0.942760944
1403636740063555584.000000 0.013968892 2.339229345 0.327821404 -0.314592898 -0.000475070 0.109242871 0.942919433
1403636740113555456.000000 0.005163461 2.351653576 0.334161371 -0.315020502 -0.000902436 0.105963007 0.943150699
1403636740163555584.000000 -0.004735164 2.363717794 0.338765115 0.315558195 0.001932056 -0.101980522 -0.943408310
1403636740213555456.000000 -0.026281536 2.367804050 0.326322526 -0.315934539 -0.002241171 0.097420692 0.943763554
1403636740263555584.000000 -0.037506603 2.379793882 0.333418369 -0.315939277 -0.003264596 0.093886271 0.944117129
1403636740313555456.000000 -0.049256410 2.391084671 0.340980768 -0.314700425 -0.001472553 0.093913391 0.944532573
1403636740363555584.000000 -0.062112346 2.401781559 0.349194795 -0.312568724 -0.000296185 0.095213227 0.945111275
1403636740413555456.000000 -0.078618258 2.409904718 0.354265332 0.310452700 -0.001761833 -0.098046362 -0.945517302
1403636740463555584.000000 -0.095499448 2.422984600 0.341437310 -0.307978839 0.001896033 0.100893721 0.946026444
1403636740513555456.000000 -0.111014202 2.432185411 0.349725246 -0.306074142 0.004579199 0.102359176 0.946477890
1403636740563555584.000000 -0.125816673 2.441147089 0.357303202 -0.305066228 0.005081772 0.102048688 0.946834147
1403636740613555456.000000 -0.139152929 2.449917793 0.364125758 -0.303881496 0.005435796 0.101761766 0.947243989
1403636740663555584.000000 -0.152988449 2.457314491 0.366240978 0.302259475 -0.005045835 -0.103473283 -0.947579622
1403636740713555456.000000 -0.163995802 2.465662003 0.370381683 0.300943404 -0.003164635 -0.104895055 -0.947850287
1403636740763555584.000000 -0.180213034 2.465713739 0.360423177 -0.300080478 0.000472881 0.104529560 0.948169410
1403636740813555456.000000 -0.190184504 2.474351168 0.363309413 -0.299100012 0.000031862 0.104899429 0.948438346
1403636740863555584.000000 -0.201250017 2.482968092 0.365994662 -0.298495233 0.000856491 0.104663573 0.948654592
1403636740913555456.000000 -0.213826090 2.491558790 0.368701130 -0.298928261 0.001307560 0.101220340 0.948891282
1403636740963555584.000000 -0.228633225 2.501084805 0.366969287 0.300169259 -0.002149373 -0.096194938 -0.949020743
1403636741013555456.000000 -0.244357556 2.509682178 0.369062275 0.302311063 -0.001081534 -0.088854112 -0.949058354
1403636741063555584.000000 -0.263770044 2.511346340 0.366275460 -0.305434763 0.001028107 0.082388781 0.948641479
1403636741113555456.000000 -0.283340067 2.518687010 0.369139493 -0.308219403 0.002053728 0.080522433 0.947899163
1403636741163555584.000000 -0.304869860 2.524808884 0.371974766 -0.311617553 0.003941795 0.081772394 0.946674287
1403636741213555456.000000 -0.328078508 2.529670477 0.375241607 -0.314386427 0.006453928 0.086387753 0.945334196
1403636741263555584.000000 -0.354202271 2.531629324 0.376046151 0.316282064 -0.008617533 -0.092829935 -0.944073141
1403636741313555456.000000 -0.377846986 2.533821821 0.379343152 -0.317038655 0.009116225 0.098677456 0.943221211
1403636741363555584.000000 -0.404555857 2.535151005 0.381942600 -0.317828834 0.006503514 0.105223380 0.942268908
1403636741413555456.000000 -0.429905295 2.536022186 0.383787632 -0.319121510 0.003483450 0.109744422 0.941331804
1403636741463555584.000000 -0.453753293 2.536636829 0.384894967 -0.320368975 -0.000405239 0.113014422 0.940527141
1403636741513555456.000000 -0.475868106 2.536725044 0.384635001 0.321392506 0.007426000 -0.116253361 -0.939753652
1403636741563555584.000000 -0.492291301 2.539039850 0.386542052 -0.321064889 -0.010092739 0.121995963 0.939112604
1403636741613555456.000000 -0.510938883 2.540304661 0.385645419 -0.322640806 -0.014513692 0.120729715 0.938678086
1403636741663555584.000000 -0.527697921 2.542113304 0.384664357 -0.323059976 -0.016335387 0.121090293 0.938457549
1403636741713555456.000000 -0.541907430 2.544845104 0.383514553 -0.323600680 -0.016075308 0.120206393 0.938389421
1403636741763555584.000000 -0.554194689 2.547468901 0.382971942 0.324227422 0.014297263 -0.117915303 -0.938492537
1403636741813555456.000000 -0.560276806 2.556875944 0.382678032 -0.324495524 -0.012568805 0.115057468 0.938779235
1403636741863555584.000000 -0.571805179 2.561145306 0.382417858 -0.324978560 -0.010505833 0.111041628 0.939121127
1403636741913555456.000000 -0.585008740 2.565676928 0.382993937 -0.325236142 -0.009889504 0.106987491 0.939509094
1403636741963555584.000000 -0.599564970 2.570273399 0.384619802 -0.325696081 -0.009900474 0.101370811 0.939972341
1403636742013555456.000000 -0.614846706 2.574999571 0.387096077 0.325657219 0.012400291 -0.097187981 -0.940397859
1403636742063555584.000000 -0.629217148 2.589223862 0.391649336 -0.323816448 -0.015485335 0.096153721 0.941093802
1403636742113555456.000000 -0.644659758 2.592733383 0.395909697 -0.321470469 -0.019911515 0.098142229 0.941609502
1403636742163555584.000000 -0.658196092 2.595927954 0.400543630 -0.318896681 -0.022261927 0.101480141 0.942078114
1403636742213555456.000000 -0.670072138 2.599354744 0.405866742 -0.316675693 -0.023010321 0.103727341 0.942564428
1403636742263555584.000000 -0.680106282 2.603177547 0.412017465 0.313696057 0.022444995 -0.107454583 -0.943156719
1403636742313555456.000000 -0.680893004 2.610776424 0.414307445 -0.311695069 -0.019891573 0.107809559 0.943836689
1403636742363555584.000000 -0.687722981 2.614342451 0.419532001 -0.310673892 -0.015523779 0.108238138 0.944206178
1403636742413555456.000000 -0.692054749 2.618482113 0.425112963 -0.309601694 -0.011123260 0.107080869 0.944752276
1403636742463555584.000000 -0.694888413 2.623334646 0.430433542 -0.308813930 -0.008173906 0.106723242 0.945080638
1403636742513555456.000000 -0.696892619 2.629042149 0.434246868 0.307903588 0.006376097 -0.105746448 -0.945501149
1403636742563555584.000000 -0.690697432 2.640224934 0.438150942 -0.306798875 -0.005406581 0.105548516 0.945888400
1403636742613555456.000000 -0.691672444 2.646163225 0.443857551 -0.306495368 -0.003345990 0.104231909 0.946142256
1403636742663555584.000000 -0.693656445 2.652196169 0.449978858 -0.306303680 -0.000641757 0.103234172 0.946319401
1403636742713555456.000000 -0.697630167 2.658361912 0.456936806 -0.305562377 0.002024317 0.102516197 0.946635127
1403636742763555584.000000 -0.703672528 2.665751457 0.465361178 0.304964364 -0.003810186 -0.101644039 -0.946916461
1403636742813555456.000000 -0.711948097 2.672032356 0.473647654 0.304623246 -0.005260356 -0.101151995 -0.947071970
1403636742863555584.000000 -0.722062588 2.677943468 0.482246161 0.303614229 -0.006813505 -0.101475760 -0.947351456
1403636742913555456.000000 -0.734064758 2.683617830 0.490652293 0.302880287 -0.007639327 -0.101886965 -0.947535932
1403636742963555584.000000 -0.736441851 2.688758612 0.490661830 -0.303267270 0.007561744 0.102876827 0.947305799
1403636743013555456.000000 -0.752076209 2.694283724 0.499286801 -0.305124044 0.005595122 0.103963144 0.946604311
1403636743063555584.000000 -0.769491851 2.699867725 0.507921696 -0.307306767 0.000577969 0.107449114 0.945524693
1403636743113555456.000000 -0.786873102 2.705301285 0.516266227 -0.309384227 -0.007384362 0.112500258 0.944230199
1403636743163555584.000000 -0.812304795 2.712082386 0.534425020 0.311307788 0.018373448 -0.117583953 -0.942827642
1403636743213555456.000000 -0.819483101 2.717979670 0.530504107 -0.312451512 -0.026113041 0.121393912 0.941783249
1403636743263555584.000000 -0.833337486 2.726055861 0.539361835 -0.314435422 -0.034705561 0.123456635 0.940576673
1403636743313555456.000000 -0.843662381 2.734871149 0.548365712 -0.315471679 -0.037723497 0.126384616 0.939724207
1403636743363555584.000000 -0.851260364 2.745100498 0.557805002 -0.316082865 -0.039080884 0.129041135 0.939102113
1403636743413555456.000000 -0.854018807 2.756402016 0.567380428 0.317026228 0.038966123 -0.130374059 -0.938604653
1403636743463555584.000000 -0.860159874 2.770863533 0.576931834 -0.317940652 -0.035476517 0.129560411 0.938546419
1403636743513555456.000000 -0.861780167 2.785382032 0.588948309 -0.319224507 -0.032101642 0.128273353 0.938408911
1403636743563555584.000000 -0.864184141 2.800979614 0.601932347 -0.320491076 -0.027284687 0.126426771 0.938380182
1403636743613555456.000000 -0.867644012 2.817508936 0.616492808 -0.321979731 -0.023132505 0.122344121 0.938523233
1403636743663555584.000000 -0.872452974 2.834150314 0.631415248 0.323130190 0.020218233 -0.119203903 -0.938599288
1403636743713555456.000000 -0.883433700 2.856457710 0.648510218 -0.324461281 -0.015961587 0.115604982 0.938672304
1403636743763555584.000000 -0.890633166 2.874888897 0.666136920 -0.327331394 -0.011321046 0.112645410 0.938102961
1403636743813555456.000000 -0.899322331 2.893286943 0.684524417 -0.330378324 -0.008419088 0.113004044 0.937021554
1403636743863555584.000000 -0.909431756 2.911745071 0.703810692 -0.332863271 -0.004365718 0.115766205 0.935831845
1403636743913555456.000000 -0.921015501 2.930003643 0.723450303 0.336474687 0.001517077 -0.114254847 -0.934734404
1403636743963555584.000000 -0.938746274 2.949251413 0.742493212 -0.339278907 0.001038171 0.113241874 0.933844268
1403636744013555456.000000 -0.952759743 2.967618942 0.763908148 -0.341293186 0.002488713 0.113879956 0.933029592
1403636744063555584.000000 -0.967740476 2.986009121 0.785852969 -0.345280051 0.003208623 0.112496413 0.931727469
1403636744113555456.000000 -0.985204577 3.004738808 0.808705449 0.349317640 -0.003955958 -0.113385133 -0.930110455
1403636744163555584.000000 -1.005000472 3.022462130 0.829406440 -0.353299379 0.005073238 0.114500143 0.928463042
1403636744213555456.000000 -1.024755001 3.039113760 0.852202415 -0.356166244 0.006977585 0.116905428 0.927054524
1403636744263555584.000000 -1.045658469 3.055155277 0.875187874 -0.358281910 0.009728489 0.119840316 0.925838947
1403636744313555456.000000 -1.068234563 3.070616484 0.898241460 -0.360240996 0.010517343 0.121844664 0.924807906
1403636744363555584.000000 -1.093199730 3.085196018 0.920604229 0.361191422 -0.011882942 -0.125336483 -0.923953652
1403636744413555456.000000 -1.121891737 3.101678133 0.942744613 -0.361102909 0.013397731 0.128785551 0.923493087
1403636744463555584.000000 -1.148644328 3.116139889 0.965804636 -0.360652655 0.014977546 0.132578984 0.923107862
1403636744513555456.000000 -1.176740170 3.130388498 0.988571823 -0.358701766 0.017428590 0.137783647 0.923062861
1403636744563555584.000000 -1.205937982 3.145387173 1.010895014 -0.358181626 0.019640755 0.138559029 0.923104346
1403636744613555456.000000 -1.237118125 3.160825253 1.033098459 0.356873393 -0.022185333 -0.140822202 -0.923210919
1403636744663555584.000000 -1.270192385 3.178217411 1.052012324 -0.356396049 0.023959976 0.140840098 0.923348188
1403636744713555456.000000 -1.303135872 3.194154978 1.071994066 -0.357285023 0.025024384 0.137680560 0.923452914
1403636744763555584.000000 -1.336628199 3.209857702 1.090602160 -0.359171152 0.023833150 0.132451162 0.923517644
1403636744813555456.000000 -1.369282961 3.225207806 1.107476354 -0.360569924 0.021958360 0.128813222 0.923533618
1403636744863555584.000000 -1.401218295 3.239808798 1.121808410 0.361532271 -0.018918235 -0.125879973 -0.923629165
1403636744913555456.000000 -1.430876493 3.256741047 1.134919763 -0.362094164 0.013834191 0.123844676 0.923774362
1403636744963555584.000000 -1.458949804 3.269644260 1.146591187 -0.361499965 0.010629226 0.123345271 0.924116254
1403636745013555456.000000 -1.484897614 3.282229900 1.157237053 -0.360238105 0.006322640 0.124332152 0.924516201
1403636745063555584.000000 -1.508471131 3.295092583 1.167486429 -0.358826995 0.002483000 0.124394678 0.925074637
1403636745113555456.000000 -1.530526757 3.307762861 1.176461935 0.356642365 0.002028052 -0.125600621 -0.925757408
1403636745163555584.000000 -1.549135327 3.324139595 1.188243508 -0.353909940 -0.003020443 0.127870038 0.926492274
1403636745213555456.000000 -1.568160176 3.337121487 1.197331548 -0.352283150 -0.004283479 0.126058787 0.927355051
1403636745263555584.000000 -1.586677551 3.350443840 1.206528664 -0.350134015 -0.005413231 0.125196368 0.928279519
1403636745313555456.000000 -1.603914022 3.364041090 1.215613008 -0.348451078 -0.005099385 0.123102851 0.929194033
1403636745363555584.000000 -1.619450688 3.377907276 1.223282933 0.346990913 0.001380407 -0.119601972 -0.930210054
1403636745413555456.000000 -1.627787232 3.397322893 1.236441612 -0.346204996 0.003143794 0.116443537 0.930899143
1403636745463555584.000000 -1.637622833 3.410486698 1.242128611 -0.346319169 0.006488853 0.113089405 0.931252837
1403636745513555456.000000 -1.645813584 3.423280954 1.247272253 -0.346394867 0.009664242 0.112621680 0.931253791
1403636745563555584.000000 -1.652876854 3.435431480 1.251595616 -0.347105801 0.011253341 0.112538479 0.930981219
1403636745613555456.000000 -1.658213377 3.447023392 1.253586769 0.348709762 -0.012366595 -0.112826459 -0.930332661
1403636745663555584.000000 -1.660186768 3.463488579 1.263997316 -0.350808948 0.013023772 0.113112815 0.929499388
1403636745713555456.000000 -1.662118316 3.473506212 1.265311480 -0.353504628 0.013409977 0.112821043 0.928507447
1403636745763555584.000000 -1.662670851 3.482886076 1.266078711 -0.356930733 0.012677276 0.112049863 0.927299678
1403636745813555456.000000 -1.661747694 3.491487980 1.266474724 -0.359961033 0.011138332 0.112162232 0.926133752
1403636745863555584.000000 -1.658813238 3.500802994 1.267859936 0.363865852 -0.009798469 -0.111199439 -0.924738050
1403636745913555456.000000 -1.654991865 3.512708187 1.274142504 -0.367724150 0.009462778 0.110630505 0.923282385
1403636745963555584.000000 -1.649345160 3.518829346 1.273361802 -0.372043580 0.007863611 0.108453669 0.921824038
1403636746013555456.000000 -1.641400218 3.524064779 1.272671938 -0.375771791 0.006482407 0.107202038 0.920467973
1403636746063555584.000000 -1.631796122 3.527722359 1.271385908 -0.379219562 0.005107285 0.105937175 0.919208288
1403636746113555456.000000 -1.620116115 3.530092001 1.270609975 0.382546693 -0.002555614 -0.104624912 -0.917989731
1403636746163555584.000000 -1.615308046 3.538111925 1.274585009 -0.384933054 0.003527016 0.103987880 0.917060852
1403636746213555456.000000 -1.600115061 3.536941051 1.272692680 -0.386851698 0.004996099 0.103087850 0.916348040
1403636746263555584.000000 -1.583412170 3.534470558 1.271179438 -0.388515174 0.009355478 0.102395698 0.915687561
1403636746313555456.000000 -1.566314101 3.530904531 1.270288587 -0.390313238 0.017254578 0.099460386 0.915131450
1403636746363555584.000000 -1.550385118 3.526015282 1.270092487 0.391006768 -0.023482241 -0.099031501 -0.914743185
1403636746413555456.000000 -1.543542504 3.518184185 1.272316933 -0.391357958 0.026433434 0.098407447 0.914579809
1403636746463555584.000000 -1.533446550 3.509297609 1.274144650 -0.389978379 0.025181482 0.102049887 0.914805293
1403636746513555456.000000 -1.525896072 3.498779535 1.276510358 -0.388122737 0.020904003 0.106156521 0.915234745
1403636746563555584.000000 -1.520795703 3.487147570 1.279894352 -0.385006279 0.013532612 0.112519003 0.915929377
1403636746613555456.000000 -1.519067764 3.475018978 1.285520315 0.381635964 -0.004178737 -0.119156912 -0.916590512
1403636746663555584.000000 -1.519849658 3.457325459 1.288216352 -0.377368957 -0.004914692 0.127027631 0.917296290
1403636746713555456.000000 -1.519188523 3.445041418 1.294592381 -0.372591406 -0.012846040 0.135952234 0.917893112
1403636746763555584.000000 -1.518937111 3.433593035 1.301829696 -0.368367076 -0.017179484 0.143161297 0.918430984
1403636746813555456.000000 -1.518360615 3.423901320 1.309976339 -0.364867896 -0.017523425 0.148397058 0.918990076
1403636746863555584.000000 -1.517959833 3.415642738 1.318433285 0.362051934 0.016309679 -0.152031347 -0.919531882
1403636746913555456.000000 -1.519400239 3.401482105 1.323767185 -0.360273063 -0.014088287 0.153410435 0.920038164
1403636746963555584.000000 -1.517696619 3.396754026 1.332289934 -0.359383583 -0.012902581 0.152224794 0.920600176
1403636747013555456.000000 -1.513693929 3.394136429 1.340314865 -0.358807385 -0.010683686 0.150870815 0.921076119
1403636747063555584.000000 -1.506152868 3.393267632 1.347394586 -0.360305279 -0.008790145 0.144183159 0.921582460
1403636747113555456.000000 -1.496364951 3.393769503 1.353957415 0.362623662 0.006918969 -0.137035549 -0.921779573
1403636747163555584.000000 -1.489274621 3.384297132 1.355741858 -0.364188105 -0.003832463 0.132414579 0.921856165
1403636747213555456.000000 -1.474639773 3.387496710 1.363108993 -0.366548300 -0.002602161 0.125834614 0.921846688
1403636747263555584.000000 -1.457405210 3.391125679 1.370526075 -0.368324459 -0.001178109 0.121584572 0.921711981
1403636747313555456.000000 -1.438153267 3.394096375 1.377507210 -0.369723111 -0.001290778 0.118870080 0.921505868
1403636747363555584.000000 -1.416934133 3.396201849 1.384212613 0.370928138 0.000673632 -0.117715381 -0.921170473
1403636747413555456.000000 -1.410655618 3.383700848 1.384320498 -0.372143596 -0.000268737 0.117032811 0.920767307
1403636747463555584.000000 -1.391722083 3.385584593 1.392966151 -0.373472542 -0.000466006 0.116561942 0.920288742
1403636747513555456.000000 -1.375037551 3.386489391 1.402461529 -0.374088079 -0.001538581 0.118505530 0.919789255
1403636747563555584.000000 -1.359269500 3.387062073 1.412819624 -0.374656498 -0.002785820 0.119622953 0.919410229
1403636747613555456.000000 -1.344243288 3.385859251 1.423121929 0.375506252 0.002821541 -0.121404760 -0.918829679
1403636747663555584.000000 -1.341363072 3.374309540 1.425653934 -0.376432598 -0.003659519 0.122090533 0.918356717
1403636747713555456.000000 -1.323772669 3.372793674 1.436203361 -0.377422750 -0.003935985 0.123056337 0.917820156
1403636747763555584.000000 -1.304583073 3.370651245 1.446410894 -0.378546476 -0.005028937 0.123613179 0.917277038
1403636747813555456.000000 -1.283379436 3.368148088 1.456497908 -0.379385263 -0.005297463 0.124610253 0.916793942
1403636747863555584.000000 -1.259626031 3.364188671 1.465959549 0.380385488 0.003394304 -0.125956371 -0.916204393
1403636747913555456.000000 -1.244432330 3.357089043 1.468693972 -0.379308641 -0.000099025 0.132592186 0.915720642
1403636747963555584.000000 -1.217981100 3.354187489 1.478973150 -0.378015667 0.005631537 0.139725238 0.915177166
1403636748013555456.000000 -1.193114042 3.351379871 1.489196301 -0.376574159 0.009236532 0.147026390 0.914598227
1403636748063555584.000000 -1.170351028 3.348829746 1.498968363 -0.375987142 0.011624521 0.152338788 0.913942814
1403636748113555456.000000 -1.150477409 3.345904827 1.506935358 0.376065910 -0.012639570 -0.154706135 -0.913499177
1403636748163555584.000000 -1.135521173 3.344952106 1.511540651 -0.375739813 0.013064846 0.158221036 0.913025200
1403636748213555456.000000 -1.118658900 3.344336510 1.520091057 -0.376980901 0.011552168 0.157229602 0.912705243
1403636748263555584.000000 -1.103779316 3.344742060 1.528217793 -0.379131377 0.008186177 0.152244061 0.912696183
1403636748313555456.000000 -1.090744972 3.346073389 1.536035538 -0.381918013 0.004610770 0.145614207 0.912641227
1403636748363555584.000000 -1.079629064 3.347028494 1.541601539 0.384545743 -0.001314889 -0.138063341 -0.912722051
1403636748413555456.000000 -1.068178654 3.349159718 1.549281240 0.386568457 0.001327506 -0.131423444 -0.912847698
1403636748463555584.000000 -1.056131482 3.351094723 1.556831956 0.387493014 0.001621809 -0.128512070 -0.912869811
1403636748513555456.000000 -1.042897940 3.352569818 1.564039469 0.388352782 0.001864955 -0.125152066 -0.912970781
1403636748563555584.000000 -1.028853655 3.353435278 1.570874214 0.388593823 0.001636335 -0.124925628 -0.912899673
1403636748613555456.000000 -1.007249236 3.363561392 1.578520298 -0.387379467 0.000986266 0.128236681 0.912957609
1403636748663555584.000000 -0.990881145 3.364096403 1.584285498 -0.386500329 0.003380268 0.131530643 0.912855864
1403636748713555456.000000 -0.974018276 3.364733219 1.589889407 -0.385276228 0.006350474 0.136248857 0.912665427
1403636748763555584.000000 -0.958456159 3.365618944 1.595072150 -0.384211153 0.008576699 0.140585974 0.912438452
1403636748813555456.000000 -0.945967019 3.364361286 1.599092126 0.383558393 -0.010113392 -0.144241482 -0.912126720
1403636748863555584.000000 -0.933714151 3.365067482 1.603889823 0.383776486 -0.011688095 -0.146390572 -0.911673665
1403636748913555456.000000 -0.922850847 3.366154671 1.608526349 0.384345353 -0.013360215 -0.148832187 -0.911015511
1403636748963555584.000000 -0.913164020 3.367916584 1.612635016 0.385581017 -0.014238781 -0.150089458 -0.910273433
1403636749013555456.000000 -0.904452205 3.370285511 1.616189837 0.386827916 -0.015138196 -0.151256293 -0.909536481
1403636749063555584.000000 -0.896660686 3.373038530 1.619366884 0.387028217 -0.016927473 -0.154493466 -0.908875406
1403636749113555456.000000 -0.878775716 3.389065981 1.632228017 -0.386898488 0.019286072 0.158211052 0.908243895
1403636749163555584.000000 -0.871269703 3.394613743 1.634625912 -0.387419164 0.020645011 0.159633413 0.907742977
1403636749213555456.000000 -0.864464164 3.400316238 1.635359406 -0.389029711 0.020238055 0.158445150 0.907271504
1403636749263555584.000000 -0.856276512 3.406512022 1.633933425 -0.392378241 0.018250853 0.152758047 0.906846941
1403636749313555456.000000 -0.850577354 3.409124613 1.628157616 0.395284295 -0.016533507 -0.147549316 -0.906480134
1403636749363555584.000000 -0.840639234 3.414860725 1.623285532 0.397638530 -0.014205626 -0.143104419 -0.906202435
1403636749413555456.000000 -0.829314232 3.420232534 1.617227077 0.399563998 -0.012479871 -0.138933063 -0.906030118
1403636749463555584.000000 -0.804138541 3.436648846 1.618323207 -0.401446044 0.010529329 0.134470031 0.905896246
1403636749513555456.000000 -0.791377246 3.441359997 1.611058235 -0.402822107 0.008478040 0.130639717 0.905867457
1403636749563555584.000000 -0.778007746 3.445783377 1.603858948 -0.404125482 0.005830349 0.126200423 0.905937135
1403636749613555456.000000 -0.764990807 3.450070381 1.596910477 -0.405346543 0.005032945 0.121759348 0.906004190
1403636749663555584.000000 -0.753063977 3.455288410 1.591825128 0.405284286 -0.004174818 -0.120489269 -0.906206131
1403636749713555456.000000 -0.729162812 3.468930721 1.595535040 -0.404609829 0.005211818 0.120374575 0.906517327
1403636749763555584.000000 -0.720265567 3.471395493 1.591809154 -0.403810322 0.008468792 0.120057181 0.906891346
1403636749813555456.000000 -0.712760687 3.473130941 1.588752270 -0.402963847 0.013066036 0.119314276 0.907311201
1403636749863555584.000000 -0.706653118 3.474302292 1.586324334 -0.401873052 0.018292597 0.119178452 0.907722414
1403636749913555456.000000 -0.701273561 3.476013184 1.585530281 0.400714010 -0.021315277 -0.118542768 -0.908251941
1403636749963555584.000000 -0.691644073 3.479567528 1.585616231 -0.399495721 0.024388812 0.117582381 0.908836007
1403636750013555456.000000 -0.689852238 3.477986813 1.583969235 -0.397894204 0.026119180 0.117059790 0.909557641
1403636750063555584.000000 -0.689068079 3.475210190 1.582094431 -0.396366507 0.026937708 0.117007472 0.910207272
1403636750113555456.000000 -0.688739061 3.471405268 1.579804897 -0.394568950 0.025710428 0.117605731 0.910946429
1403636750163555584.000000 -0.687020302 3.467551231 1.577831149 0.393065184 -0.023507921 -0.118321568 -0.911563098
1403636750213555456.000000 -0.684876442 3.461556911 1.573674321 0.391304791 -0.022231935 -0.119363576 -0.912216365
1403636750263555584.000000 -0.681326568 3.455188751 1.568909407 0.389980406 -0.018905429 -0.119649887 -0.912820816
1403636750313555456.000000 -0.675079942 3.448750496 1.563587427 0.388069093 -0.017058477 -0.120892316 -0.913507819
1403636750363555584.000000 -0.666135967 3.441999674 1.556930661 0.386785507 -0.013921483 -0.120425239 -0.914166749
1403636750413555456.000000 -0.654542923 3.434897423 1.549587607 0.384864122 -0.013122997 -0.122352198 -0.914733529
1403636750463555584.000000 -0.635501504 3.424865484 1.540041924 -0.383212179 0.010702192 0.121867090 0.915522993
1403636750513555456.000000 -0.618338227 3.417264938 1.530684590 -0.381474137 0.010956082 0.121181898 0.916336417
1403636750563555584.000000 -0.598881125 3.409890890 1.520791769 -0.379844457 0.009966236 0.120390393 0.917128742
1403636750613555456.000000 -0.578344226 3.401935577 1.510358810 -0.378052920 0.009169150 0.120242119 0.917896390
1403636750663555584.000000 -0.555310786 3.394649982 1.499254942 0.377375633 -0.008423130 -0.118231744 -0.918443263
1403636750713555456.000000 -0.537602544 3.379223824 1.485594034 -0.376122594 0.007390168 0.118025385 0.918992519
1403636750763555584.000000 -0.512787938 3.371191263 1.473608017 -0.374869615 0.006044331 0.117988139 0.919518948
1403636750813555456.000000 -0.486365378 3.363130093 1.461282611 -0.374270201 0.004817290 0.117175184 0.919874310
1403636750863555584.000000 -0.458474576 3.354216814 1.448055744 -0.373471379 0.003940255 0.116982259 0.920227587
1403636750913555456.000000 -0.428908885 3.343819380 1.433148146 0.373526692 -0.001679376 -0.115752958 -0.920367479
1403636750963555584.000000 -0.406749666 3.326338053 1.417506218 -0.373776346 -0.000033777 0.114265680 0.920453489
1403636751013555456.000000 -0.378575355 3.315953493 1.403932333 -0.374062508 -0.001866687 0.113695391 0.920405984
1403636751063555584.000000 -0.351396561 3.305217028 1.391128778 -0.374267250 -0.002390586 0.113540053 0.920340717
1403636751113555456.000000 -0.326102912 3.293871403 1.379482508 -0.374237806 -0.002541530 0.114274651 0.920261383
1403636751163555584.000000 -0.304132670 3.281247616 1.368262053 0.374220937 0.004218440 -0.116536081 -0.919978440
1403636751213555456.000000 -0.281904131 3.269469738 1.358597279 0.374523520 0.009050307 -0.117454037 -0.919703722
1403636751263555584.000000 -0.260403574 3.257509232 1.349823475 0.373986453 0.013156746 -0.120810956 -0.919437766
1403636751313555456.000000 -0.239051566 3.245356798 1.341445446 0.373539746 0.014791986 -0.123808838 -0.919195652
1403636751363555584.000000 -0.217779681 3.233454227 1.333698511 0.372807294 0.013672634 -0.127921864 -0.918947160
1403636751413555456.000000 -0.196446091 3.221897364 1.326784611 0.372272640 0.010128051 -0.131303534 -0.918732762
1403636751463555584.000000 -0.185628533 3.196838617 1.320992231 -0.372007072 -0.004959950 0.135183811 0.918320000
1403636751513555456.000000 -0.164808780 3.186086178 1.314253807 -0.370740294 -0.000350569 0.137832180 0.918451905
1403636751563555584.000000 -0.144510686 3.175590515 1.307489634 -0.368463576 0.004317142 0.138815746 0.919209599
1403636751613555456.000000 -0.125493407 3.165709496 1.301066637 -0.365123272 0.006501914 0.140587702 0.920259655
1403636751663555584.000000 -0.106437206 3.156498671 1.294549942 0.361933947 -0.007223547 -0.141786546 -0.921329677
1403636751713555456.000000 -0.089419097 3.147896290 1.287404299 0.358568221 -0.004700918 -0.143381208 -0.922414601
1403636751763555584.000000 -0.073563635 3.140184402 1.279676199 0.355509371 -0.000878828 -0.145007536 -0.923355401
1403636751813555456.000000 -0.058582872 3.133567572 1.271713495 0.352589935 0.003385290 -0.146669179 -0.924206197
1403636751863555584.000000 -0.043623924 3.128731728 1.263410330 0.351507306 0.009319179 -0.144954354 -0.924848139
1403636751913555456.000000 -0.028440714 3.125324249 1.254710674 0.351123035 0.013485170 -0.140928417 -0.925564706
1403636751963555584.000000 -0.009588599 3.131797791 1.251853466 -0.351327032 -0.017104484 0.136218160 0.926132560
1403636752013555456.000000 0.005754054 3.131216288 1.244605780 -0.351761848 -0.019669876 0.132052049 0.926519811
1403636752063555584.000000 0.021053016 3.131459951 1.237920284 -0.352043927 -0.019764692 0.129124895 0.926823258
1403636752113555456.000000 0.036577016 3.132798910 1.232101560 -0.352195233 -0.018183179 0.126821086 0.927116096
1403636752163555584.000000 0.051055342 3.132971287 1.225354910 0.351530761 0.014140184 -0.123690411 -0.927861452
1403636752213555456.000000 0.070062727 3.140663862 1.221985817 -0.349873751 -0.009596528 0.120135508 0.929012239
1403636752263555584.000000 0.085195631 3.142289400 1.217659235 -0.346398473 -0.005180470 0.117277451 0.930713356
1403636752313555456.000000 0.101739079 3.144085646 1.213371754 -0.341895670 0.000190140 0.113887817 0.932811260
1403636752363555584.000000 0.119398430 3.145726681 1.208919644 -0.336071372 0.004645792 0.110347487 0.935338438
1403636752413555456.000000 0.137921408 3.147442341 1.204227209 0.328967124 -0.007046826 -0.107171394 -0.938213885
1403636752463555584.000000 0.164115161 3.153544426 1.199825168 -0.320597500 0.007265256 0.104351856 0.941421866
1403636752513555456.000000 0.184500813 3.154217243 1.193730712 -0.311821282 0.007017715 0.100334875 0.944802165
1403636752563555584.000000 0.203565300 3.154830694 1.187722802 -0.302396148 0.005327055 0.096820824 0.948237300
1403636752613555456.000000 0.221396610 3.155420065 1.182048559 -0.292593598 0.003813355 0.092886135 0.951707184
1403636752663555584.000000 0.237046808 3.157125950 1.177093506 0.282328337 -0.000883771 -0.089446537 -0.955138385
1403636752713555456.000000 0.251288116 3.157800198 1.172075391 0.271964192 -0.000505706 -0.086068019 -0.958450615
1403636752763555584.000000 0.263781846 3.158530712 1.167518616 0.261258990 0.000514695 -0.082489207 -0.961737573
1403636752813555456.000000 0.274459481 3.159160614 1.163259387 0.251215696 0.001890830 -0.076939322 -0.964866579
1403636752863555584.000000 0.283095747 3.159387589 1.159371018 0.240323037 0.003698894 -0.072389580 -0.967982948
1403636752913555456.000000 0.290754110 3.159626484 1.155777335 0.230303988 0.003599007 -0.065032586 -0.970936656
1403636752963555584.000000 0.314157128 3.162756920 1.156157136 -0.219769880 -0.005178326 0.057890493 0.973818839
1403636753013555456.000000 0.318577856 3.162401915 1.154054880 -0.208999172 -0.006398871 0.051147144 0.976556420
1403636753063555584.000000 0.321718782 3.161880493 1.152516127 -0.197828621 -0.007560074 0.044591833 0.979192674
1403636753113555456.000000 0.323917836 3.161052704 1.151907325 -0.186160803 -0.008268639 0.038625903 0.981724977
1403636753163555584.000000 0.323009163 3.158072948 1.150565386 0.174005359 0.009179013 -0.033067610 -0.984146595
1403636753213555456.000000 0.321617544 3.155215740 1.151173830 0.161867365 0.009714714 -0.027324464 -0.986386418
1403636753263555584.000000 0.318898678 3.151632309 1.152699828 0.150176153 0.010351321 -0.020424459 -0.988394082
1403636753313555456.000000 0.323193580 3.146396637 1.162256122 -0.139030769 -0.010833260 0.012283701 0.990152657
1403636753363555584.000000 0.318655998 3.141008139 1.165015817 -0.127918318 -0.009435400 0.007544332 0.991711140
1403636753413555456.000000 0.314561903 3.134702682 1.168111920 -0.117829092 -0.008055583 0.005388844 0.992986619
1403636753463555584.000000 0.311438769 3.127481461 1.171473384 -0.108613357 -0.006822297 0.006297151 0.994040787
1403636753513555456.000000 0.310617626 3.119524717 1.174979568 0.101165928 0.006253401 -0.007602024 -0.994820952
1403636753563555584.000000 0.310948610 3.110844374 1.176670074 0.094862998 0.005383869 -0.009570705 -0.995429814
1403636753613555456.000000 0.312830210 3.101593971 1.177093267 0.090497188 0.003416183 -0.010521671 -0.995835304
1403636753663555584.000000 0.320657611 3.087555647 1.184674859 -0.087550193 -0.003011707 0.011676052 0.996087193
1403636753713555456.000000 0.323402137 3.077723265 1.183584929 -0.085647233 -0.002740151 0.012858895 0.996238828
1403636753763555584.000000 0.326148033 3.067717552 1.182478070 -0.085092738 -0.001571499 0.012251499 0.996296525
1403636753813555456.000000 0.327733338 3.057307005 1.181399107 -0.085189566 -0.000953872 0.011460884 0.996298432
1403636753863555584.000000 0.327529311 3.047324657 1.180376053 0.085828580 0.000499582 -0.011346737 -0.996245205
1403636753913555456.000000 0.325775504 3.036505461 1.179274321 0.086225130 0.000640704 -0.012735612 -0.996194065
1403636753963555584.000000 0.322892755 3.025327682 1.177894235 0.087280005 0.000109718 -0.012643942 -0.996103644
1403636754013555456.000000 0.320532709 3.013859510 1.176028967 0.088823132 -0.000527873 -0.012301694 -0.995971322
1403636754063555584.000000 0.323851794 2.996154547 1.186672688 -0.090420239 0.003526954 0.012893843 0.995814025
1403636754113555456.000000 0.324899644 2.983956814 1.183894157 -0.091517471 0.007123227 0.013272936 0.995689571
1403636754163555584.000000 0.327223122 2.971111536 1.180175900 -0.093070842 0.009727626 0.013001760 0.995527089
1403636754213555456.000000 0.330112189 2.957541227 1.175574899 -0.095117077 0.012064446 0.011529256 0.995326221
1403636754263555584.000000 0.334542572 2.942198515 1.170073032 0.097161889 -0.012984490 -0.010718658 -0.995126128
1403636754313555456.000000 0.339784205 2.927094698 1.163162947 0.098740928 -0.013004084 -0.010237874 -0.994975567
1403636754363555584.000000 0.346083850 2.911493540 1.155785799 0.099869937 -0.012891958 -0.008808501 -0.994878054
1403636754413555456.000000 0.353047520 2.894602060 1.147275209 0.099145487 -0.012719653 -0.008910327 -0.994951785
1403636754463555584.000000 0.359877467 2.876622677 1.137949824 0.097069100 -0.012273652 -0.008647996 -0.995164454
1403636754513555456.000000 0.364743471 2.853884935 1.139237523 -0.094721131 0.011432397 0.007233648 0.995411932
1403636754563555584.000000 0.368786037 2.834002972 1.129732013 -0.091034010 0.009403435 0.004565366 0.995792925
1403636754613555456.000000 0.371030718 2.812952995 1.120465279 -0.085941322 0.007520605 0.001994115 0.996269822
1403636754663555584.000000 0.372169673 2.790804625 1.111231327 -0.079336934 0.007069007 -0.000225058 0.996822834
1403636754713555456.000000 0.371124744 2.767374992 1.103581905 0.071748339 -0.006004954 0.001854072 -0.997402966
1403636754763555584.000000 0.369600415 2.743440151 1.094510198 0.063266605 -0.006343035 0.004174240 -0.997967780
1403636754813555456.000000 0.366615236 2.719300508 1.085299134 0.055516079 -0.006023746 0.007170851 -0.998413861
1403636754863555584.000000 0.362120509 2.694692612 1.075930119 0.047937736 -0.005946526 0.008296452 -0.998798192
1403636754913555456.000000 0.356450826 2.669692993 1.066202641 0.042159911 -0.006409724 0.011094292 -0.999028802
1403636754963555584.000000 0.349411398 2.644249678 1.056297898 0.036266513 -0.006027523 0.011933202 -0.999252796
1403636755013555456.000000 0.349026948 2.621523857 1.047346830 -0.032099172 0.005314664 -0.015169902 0.999355435
1403636755063555584.000000 0.340818286 2.595202684 1.036718607 -0.028161667 0.005620156 -0.015139215 0.999472976
1403636755113555456.000000 0.333289266 2.568149090 1.024725437 -0.025038606 0.005223528 -0.016331606 0.999539435
1403636755163555584.000000 0.326222360 2.540678740 1.010778785 -0.022171738 0.004533144 -0.015927212 0.999617040
1403636755213555456.000000 0.319224477 2.512934446 0.997062147 0.019938288 -0.004309410 0.015836474 -0.999666512
1403636755263555584.000000 0.314418465 2.484657764 0.981434584 0.018751746 -0.001684765 0.015882995 -0.999696612
1403636755313555456.000000 0.311129481 2.455903053 0.965373993 0.017665623 0.003349776 0.015571374 -0.999717176
1403636755363555584.000000 0.309320718 2.426897049 0.948016524 0.016938534 0.009503101 0.014878577 -0.999700725
1403636755413555456.000000 0.309361905 2.398021460 0.930745780 0.017031442 0.014744991 0.015429142 -0.999627233
1403636755463555584.000000 0.310963988 2.368961811 0.913958132 0.017074374 0.018120425 0.014782442 -0.999580741
1403636755513555456.000000 0.322697043 2.344987869 0.898235500 -0.017602196 -0.019542178 -0.015390006 0.999535620
1403636755563555584.000000 0.324447334 2.315772533 0.883409441 -0.018807894 -0.019694529 -0.016788149 0.999488175
1403636755613555456.000000 0.325292826 2.286485672 0.869745135 -0.019803377 -0.017948586 -0.017731734 0.999485552
1403636755663555584.000000 0.324997634 2.256609201 0.857184649 -0.020078827 -0.016398294 -0.016004717 0.999535799
1403636755713555456.000000 0.320754915 2.224746704 0.845366955 0.020580290 0.015631931 0.015330241 -0.999548495
1403636755763555584.000000 0.317372084 2.194010019 0.834230483 0.020786425 0.013826767 0.013738764 -0.999593973
1403636755813555456.000000 0.313308716 2.163023710 0.823906541 0.021042466 0.010781206 0.012722388 -0.999639571
1403636755863555584.000000 0.307992011 2.132040024 0.814057589 0.021111626 0.008897142 0.011791613 -0.999668002
1403636755913555456.000000 0.302610189 2.100846767 0.804813921 0.021349430 0.006095211 0.011731650 -0.999684691
1403636755963555584.000000 0.297677517 2.069420099 0.795633137 0.021077322 0.005084523 0.010460936 -0.999710202
1403636756013555456.000000 0.294820666 2.040728092 0.780641556 -0.020809671 -0.004210989 -0.009801798 0.999726534
1403636756063555584.000000 0.292820901 2.009186745 0.771307170 -0.020660218 -0.003206396 -0.009282486 0.999738395
1403636756113555456.000000 0.293000698 1.977686167 0.762058556 -0.021139743 -0.002424628 -0.010644819 0.999716997
1403636756163555584.000000 0.295165509 1.946041822 0.752519846 -0.021169646 -0.001303013 -0.011249189 0.999711812
1403636756213555456.000000 0.297707349 1.913501024 0.741120577 0.020914936 0.000064099 0.010973304 -0.999721110
1403636756263555584.000000 0.301123112 1.881134868 0.729955733 0.020496920 -0.000176976 0.010624367 -0.999733448
1403636756313555456.000000 0.304027498 1.848618150 0.718760133 0.020149473 -0.000244431 0.010584407 -0.999740958
1403636756363555584.000000 0.306159765 1.815993786 0.707950354 0.019776979 -0.000805030 0.011211130 -0.999741256
1403636756413555456.000000 0.306850612 1.783402085 0.697335541 0.019786028 -0.001263166 0.012218973 -0.999728799
1403636756463555584.000000 0.305654585 1.750749588 0.686814904 0.019204095 -0.001536883 0.012010908 -0.999742329
1403636756513555456.000000 0.295938492 1.720464706 0.665919602 -0.018486604 0.001841572 -0.011588339 0.999760270
1403636756563555584.000000 0.291372061 1.687595129 0.655641735 -0.018188184 0.001941813 -0.012114144 0.999759376
1403636756613555456.000000 0.285118997 1.654543638 0.645029187 -0.017767435 0.002524500 -0.011924844 0.999767900
1403636756663555584.000000 0.278440446 1.621323109 0.634163499 -0.017069915 0.002699829 -0.011635480 0.999783039
1403636756713555456.000000 0.274935544 1.588636756 0.622674525 0.016349174 -0.004093762 0.011809869 -0.999788284
1403636756763555584.000000 0.270444214 1.557908654 0.607760251 -0.015801940 0.004821416 -0.011900505 0.999792755
1403636756813555456.000000 0.266567111 1.524785519 0.593397319 -0.015073583 0.005377181 -0.011444333 0.999806464
1403636756863555584.000000 0.263617784 1.491628408 0.577859342 -0.014457143 0.005159106 -0.011193327 0.999819517
1403636756913555456.000000 0.262096375 1.458421111 0.560904205 -0.014371217 0.004860976 -0.011600977 0.999817669
1403636756963555584.000000 0.260556757 1.425627470 0.540736318 0.013388648 -0.004608669 0.010907582 -0.999840319
1403636757013555456.000000 0.263990909 1.393728614 0.522653997 -0.013165911 0.004884625 -0.011587135 0.999834299
1403636757063555584.000000 0.262893170 1.360523224 0.502840519 -0.012027244 0.004508306 -0.009517349 0.999872208
1403636757113555456.000000 0.261093527 1.327371001 0.482793063 -0.011898058 0.005028030 -0.009820663 0.999868393
1403636757163555584.000000 0.257721514 1.294282675 0.462846369 -0.011742014 0.004219195 -0.009633585 0.999875784
1403636757213555456.000000 0.253867447 1.261202216 0.442520440 0.011520155 -0.004562243 0.009365035 -0.999879420
1403636757263555584.000000 0.247093469 1.232414842 0.428138107 -0.011380372 0.004315925 -0.010251828 0.999873400
1403636757313555456.000000 0.239555582 1.199888110 0.407825083 -0.012157031 0.003414890 -0.012784767 0.999838531
1403636757363555584.000000 0.230628535 1.167237282 0.387681574 -0.011784764 0.002356222 -0.012458293 0.999850214
1403636757413555456.000000 0.220286518 1.134536028 0.367526978 -0.012083083 0.000502569 -0.014140841 0.999826908
1403636757463555584.000000 0.211880326 1.100878954 0.343569130 0.012542779 0.001887074 0.016010575 -0.999791384
1403636757513555456.000000 0.197648868 1.071924448 0.333328485 -0.011226109 -0.004231565 -0.018317930 0.999760270
1403636757563555584.000000 0.189731494 1.038149238 0.312077880 -0.008660916 -0.008425913 -0.019813335 0.999730706
1403636757613555456.000000 0.183046430 1.003748178 0.290641576 -0.005176297 -0.014419747 -0.021379516 0.999654055
1403636757663555584.000000 0.178605556 0.968899488 0.268938035 -0.001830648 -0.020841056 -0.022717927 0.999522984
1403636757713555456.000000 0.178529471 0.929079711 0.247096419 -0.001857248 0.027201554 0.023434484 -0.999353528
1403636757763555584.000000 0.170381501 0.900106728 0.233222127 0.005556078 -0.032054894 -0.023636447 0.999191165
1403636757813555456.000000 0.173186064 0.863870859 0.214082018 0.008928441 -0.036046870 -0.024186524 0.999017537
1403636757863555584.000000 0.179832593 0.827322066 0.196210876 0.012274610 -0.038282324 -0.023457808 0.998916149
1403636757913555456.000000 0.190538466 0.791299641 0.179522142 -0.015117706 0.038324151 0.023283385 -0.998879671
1403636757963555584.000000 0.202454716 0.754533529 0.163187519 -0.018123858 0.035626907 0.021858750 -0.998961687
1403636758013555456.000000 0.206132397 0.719491661 0.149302304 0.019942801 -0.027628802 -0.022361392 0.999169171
1403636758063555584.000000 0.218245640 0.683286250 0.136187866 0.021981096 -0.020641157 -0.022026151 0.999302626
1403636758113555456.000000 0.228340372 0.647559404 0.124307945 0.023703676 -0.014286678 -0.020876616 0.999398947
1403636758163555584.000000 0.237076625 0.611979485 0.113145120 0.024872016 -0.008924886 -0.020473141 0.999441206
1403636758213555456.000000 0.244385287 0.577040374 0.103566080 -0.026013136 0.003740514 0.020190185 -0.999450684
1403636758263555584.000000 0.241145924 0.540966690 0.090070568 0.026930595 -0.001480762 -0.018999547 0.999455631
1403636758313555456.000000 0.244281411 0.506734490 0.080068439 0.027693929 0.000397277 -0.017538862 0.999462485
1403636758363555584.000000 0.244417056 0.473047286 0.070466727 0.028247189 -0.001332509 -0.016353726 0.999466300
1403636758413555456.000000 0.239888921 0.439494580 0.061298121 -0.029235063 0.007509210 0.013620879 -0.999451637
1403636758463555584.000000 0.234753907 0.406475127 0.052648772 -0.030402094 0.016610319 0.009810936 -0.999351561
1403636758513555456.000000 0.225347847 0.371036679 0.040043116 0.032202512 -0.027623001 -0.003766505 0.999092519
1403636758563555584.000000 0.218455479 0.339228958 0.033298321 0.034384288 -0.038436953 0.003189133 0.998664260
1403636758613555456.000000 0.211736232 0.308608592 0.027849764 0.036210377 -0.047025215 0.009033772 0.998196304
1403636758663555584.000000 0.206851512 0.279635400 0.023806596 -0.036235917 0.048774175 -0.010542309 -0.998096704
1403636758713555456.000000 0.203733206 0.252657115 0.022520484 -0.035467088 0.042398043 -0.009847871 -0.998422503
1403636758763555584.000000 0.199806541 0.224070758 0.019237893 0.033329878 -0.033530839 0.006417222 0.998861194
1403636758813555456.000000 0.196871951 0.200066060 0.021242112 0.032879502 -0.025267018 0.005486209 0.999124885
1403636758863555584.000000 0.193646058 0.177423090 0.024022730 0.031641148 -0.016757252 0.001964723 0.999356925
1403636758913555456.000000 0.189778104 0.156261414 0.026795136 -0.029387474 0.011272630 0.003847531 -0.999497175
1403636758963555584.000000 0.185768232 0.131403029 0.027866257 0.028344791 -0.006722835 -0.006400145 0.999555171
1403636759013555456.000000 0.179298118 0.111663856 0.030904837 0.027658252 -0.004586502 -0.008514478 0.999570727
1403636759063555584.000000 0.171792954 0.092180289 0.033786170 0.028646268 -0.002063847 -0.006377371 0.999567151
1403636759113555456.000000 0.163122743 0.072525673 0.036507137 -0.031112110 0.000661344 -0.000701243 -0.999515533
1403636759163555584.000000 0.153827250 0.054017581 0.039375577 -0.035196159 0.000003333 -0.011395993 -0.999315500
1403636759213555456.000000 0.148353517 0.033046801 0.040481232 0.039060771 0.000233293 0.021725390 0.999000609
1403636759263555584.000000 0.137421265 0.018146209 0.043248542 0.042359989 0.000425261 0.030403016 0.998639643
1403636759313555456.000000 0.125756443 0.005623414 0.046090361 0.043445408 0.000519052 0.032489616 0.998527288
1403636759363555584.000000 0.112698011 -0.003996212 0.047887091 -0.041286051 -0.001479292 -0.025741642 -0.998814642
1403636759413555456.000000 0.103032008 -0.012852316 0.050617207 0.038501278 0.001169636 0.017517846 0.999104321
1403636759463555584.000000 0.088737354 -0.018357843 0.052715208 0.036060132 0.002325175 0.009560730 0.999301195
1403636759513555456.000000 0.076007597 -0.023662211 0.054824673 0.033378363 0.002597103 0.001605404 0.999438167
1403636759563555584.000000 0.057384204 -0.025456436 0.056006942 -0.032172296 -0.002918646 0.003905221 -0.999470472
1403636759613555456.000000 0.046938073 -0.028480688 0.056552161 0.030611444 0.003171276 -0.010098046 0.999475300
1403636759663555584.000000 0.036652576 -0.032021616 0.054943059 0.029944617 0.003179734 -0.013655136 0.999453247
1403636759713555456.000000 0.028769244 -0.035868257 0.052182890 0.029622916 0.002605658 -0.015936397 0.999430716
1403636759763555584.000000 0.017243527 -0.035999849 0.048204552 -0.030286007 -0.002972494 0.015539984 -0.999416053
1403636759813555456.000000 0.013960499 -0.037148412 0.044833194 0.029924802 0.004070320 -0.017351333 0.999393284
1403636759863555584.000000 0.010195390 -0.039683089 0.039731521 0.030017655 0.003112537 -0.016709195 0.999404848
1403636759913555456.000000 0.005280606 -0.042107563 0.034350350 0.030034948 -0.002050237 -0.016800229 0.999405563
1403636759963555584.000000 -0.000988037 -0.045050655 0.028831247 -0.029672153 0.007791374 0.017219152 -0.999381006
1403636760013555456.000000 -0.006584482 -0.044601444 0.022229493 0.029647490 -0.012518848 -0.016393041 0.999347627
1403636760063555584.000000 -0.013699140 -0.046868384 0.016963065 0.029920036 -0.016692808 -0.014468943 0.999308169
1403636760113555456.000000 -0.021058060 -0.048897810 0.012008345 0.029270986 -0.021361955 -0.015103037 0.999229133
1403636760163555584.000000 -0.028686734 -0.052257508 0.008537688 -0.028963652 0.025025705 0.015261274 -0.999150634
1403636760213555456.000000 -0.034551278 -0.051903296 0.005203130 0.029369893 -0.020759065 -0.014259474 0.999251366
1403636760263555584.000000 -0.040537857 -0.053043008 0.002806248 0.029176811 -0.013343758 -0.013906265 0.999388456
1403636760313555456.000000 -0.046947144 -0.053999193 0.000667916 0.029817466 -0.006186437 -0.012389681 0.999459445
1403636760363555584.000000 -0.053657524 -0.057133645 -0.001092533 -0.029250326 0.002111431 0.013794843 -0.999474704
1403636760413555456.000000 -0.062298913 -0.055924285 -0.002453130 0.028943693 0.001875017 -0.015479663 0.999459445
1403636760463555584.000000 -0.071396127 -0.056270797 -0.004730622 0.028346006 0.003095631 -0.017068980 0.999447644
1403636760513555456.000000 -0.081032917 -0.056594070 -0.007859677 0.027719405 0.001401450 -0.018827077 0.999437511
1403636760563555584.000000 -0.090618871 -0.057902724 -0.011306363 -0.027650289 0.003765967 0.019780925 -0.999414802
1403636760613555456.000000 -0.101512574 -0.058000818 -0.013701479 0.027414799 -0.009303940 -0.020780079 0.999364853
1403636760663555584.000000 -0.111098930 -0.059008200 -0.017439591 0.026767615 -0.013412845 -0.023081403 0.999285221
1403636760713555456.000000 -0.120222487 -0.060364094 -0.020957194 0.026458997 -0.016879754 -0.024903687 0.999197125
1403636760763555584.000000 -0.128244519 -0.062508196 -0.025372125 -0.025982626 0.016694453 0.027065357 -0.999156475
1403636760813555456.000000 -0.136317015 -0.063961215 -0.026949894 0.026021913 -0.014104493 -0.028027331 0.999168813
1403636760863555584.000000 -0.143628523 -0.066727743 -0.030023415 0.025626497 -0.010431166 -0.029982209 0.999167442
1403636760913555456.000000 -0.150981918 -0.070023306 -0.033224676 0.025690315 -0.007293625 -0.031463519 0.999148130
1403636760963555584.000000 -0.158281565 -0.075501867 -0.037946030 -0.025809664 0.007632060 0.031565748 -0.999139309
1403636761013555456.000000 -0.167490557 -0.078703225 -0.038617108 0.026723547 -0.011178613 -0.029739536 0.999137878
1403636761063555584.000000 -0.175987065 -0.084254362 -0.041756094 0.027476992 -0.015977260 -0.027514238 0.999116004
1403636761113555456.000000 -0.184517726 -0.090388812 -0.044259127 0.028449247 -0.022504184 -0.025224011 0.999023497
1403636761163555584.000000 -0.192353711 -0.096804179 -0.046626642 -0.028903719 0.030197848 0.024055161 -0.998836398
1403636761213555456.000000 -0.200934380 -0.102682292 -0.046397381 0.028932823 -0.037093744 -0.024990372 0.998580217
1403636761263555584.000000 -0.207350150 -0.109493501 -0.047008269 0.029336911 -0.041684818 -0.023629498 0.998420537
1403636761313555456.000000 -0.212024286 -0.116602086 -0.046381179 0.029085757 -0.042928949 -0.024279531 0.998359501
1403636761363555584.000000 -0.214703336 -0.125122607 -0.045222182 -0.029523915 0.040046610 0.023822870 -0.998477399
1403636761413555456.000000 -0.216342464 -0.132018149 -0.040000435 0.029596305 -0.032875445 -0.023872098 0.998735905
1403636761463555584.000000 -0.216361076 -0.139950246 -0.036843732 0.029266242 -0.024878711 -0.024478445 0.998962164
1403636761513555456.000000 -0.215355083 -0.148115680 -0.033346582 0.029354136 -0.017485106 -0.023817150 0.999132335
1403636761563555584.000000 -0.213533729 -0.156043962 -0.030159462 -0.029136311 0.011144618 0.023466937 -0.999237776
1403636761613555456.000000 -0.211399108 -0.164103374 -0.024488602 0.029114950 -0.006282546 -0.022474339 0.999303699
1403636761663555584.000000 -0.209657490 -0.172497481 -0.021294786 0.030213756 -0.004016605 -0.018274229 0.999368370
1403636761713555456.000000 -0.207743704 -0.180853501 -0.018348670 0.032099620 -0.002314752 -0.011620028 0.999414504
1403636761763555584.000000 -0.205384597 -0.188310444 -0.015343615 0.033907373 -0.001873807 -0.005631865 0.999407351
1403636761813555456.000000 -0.202799022 -0.195208997 -0.013191494 0.035276607 -0.001674040 -0.000557362 0.999376059
1403636761863555584.000000 -0.199871093 -0.200955585 -0.011204280 -0.036163364 0.001738008 -0.002468745 -0.999341369
1403636761913555456.000000 -0.196564451 -0.206028908 -0.010465091 0.035455711 -0.002535241 0.001391317 0.999367058
1403636761963555584.000000 -0.192916378 -0.209085479 -0.009529256 0.033871472 -0.003094736 -0.002091896 0.999419272
1403636762013555456.000000 -0.188346386 -0.211232737 -0.008608714 -0.030458983 0.002346364 0.011025490 -0.999472499
1403636762063555584.000000 -0.183721855 -0.213126048 -0.007944875 -0.026729787 0.001664274 0.020070972 -0.999439895
1403636762113555456.000000 -0.178900793 -0.215268686 -0.007993768 -0.022200381 0.001268029 0.032168657 -0.999235094
1403636762163555584.000000 -0.174910814 -0.218871757 -0.011108754 0.018798746 -0.002498019 -0.040521987 0.998998702
1403636762213555456.000000 -0.171440244 -0.223151252 -0.012130944 0.017202688 -0.007558487 -0.043493446 0.998877048
1403636762263555584.000000 -0.168776765 -0.228784695 -0.012785685 0.017170506 -0.015324373 -0.042295009 0.998840094
1403636762313555456.000000 -0.167427093 -0.235111833 -0.012944909 0.017672127 -0.023313649 -0.039323669 0.998798251
1403636762363555584.000000 -0.168075025 -0.242539495 -0.011420886 0.018562313 -0.030391689 -0.035811529 0.998723865
1403636762413555456.000000 -0.169993356 -0.251238137 -0.007939016 -0.019854434 0.034040347 0.031330559 -0.998731971
1403636762463555584.000000 -0.174123079 -0.260052145 -0.003901019 0.022596229 -0.035290800 -0.023195811 0.998852372
1403636762513555456.000000 -0.178541958 -0.270016998 0.003038407 0.027532123 -0.030926656 -0.008963584 0.999102175
1403636762563555584.000000 -0.183574274 -0.280157954 0.012281806 -0.032127090 0.025090966 -0.004350141 -0.999159336
1403636762613555456.000000 -0.192023501 -0.287889391 0.019509310 0.036632895 -0.018878637 0.017217956 0.999002099
1403636762663555584.000000 -0.201241955 -0.294805765 0.030042890 0.039284542 -0.012387118 0.024389328 0.998853564
1403636762713555456.000000 -0.212178782 -0.299545974 0.040859327 -0.038227543 0.007574122 -0.020564837 -0.999028742
1403636762763555584.000000 -0.224229440 -0.302044570 0.051823400 0.036124766 -0.004803888 0.013926161 0.999238729
1403636762813555456.000000 -0.238886088 -0.303534687 0.063913323 0.033157557 -0.003540593 0.004394289 0.999434292
1403636762863555584.000000 -0.240572572 -0.301894337 0.064694501 -0.036608879 -0.028692886 -0.011208075 -0.998854876
1403636762913555456.000000 -0.238694519 -0.296804100 0.057295125 0.032716986 0.039648313 0.005536605 0.998662651
1403636762963555584.000000 -0.247723475 -0.291311383 0.050872721 0.023874765 0.010345576 -0.005467539 0.999646544
1403636763013555456.000000 -0.253935426 -0.283908129 0.043545466 -0.013927100 -0.001179403 -0.002030638 -0.999900341
1403636763063555584.000000 -0.260533780 -0.275882453 0.036548093 0.006081075 0.001040214 0.015029361 0.999868035
1403636763113555456.000000 -0.265771568 -0.270886928 0.030630449 -0.000684133 0.012750780 0.021264536 0.999692321
1403636763163555584.000000 -0.268910199 -0.271106720 0.028489932 0.007261065 -0.026479255 -0.024541199 -0.999321759
1403636763213555456.000000 -0.269134790 -0.267957926 0.023670174 -0.008810373 0.018597726 0.028934145 0.999369502
1403636763263555584.000000 -0.274487555 -0.266973048 0.026646489 -0.008110401 0.010162530 0.031057095 0.999433100
1403636763313555456.000000 -0.276297241 -0.266849339 0.026047463 0.008174365 -0.013438433 -0.031458713 -0.999381363
1403636763363555584.000000 -0.277752757 -0.266569465 0.022198109 -0.007943840 0.013193004 0.031169364 0.999395549
1403636763413555456.000000 -0.281311244 -0.266946465 0.020963509 -0.007775232 0.011943060 0.032221884 0.999379218
1403636763463555584.000000 -0.284235477 -0.266879916 0.018242627 0.008084068 -0.012089489 -0.031564206 -0.999395967
1403636763513555456.000000 -0.285847753 -0.266644925 0.014975287 -0.007867808 0.012112616 0.032171339 0.999378026
1403636763563555584.000000 -0.289062411 -0.266829461 0.012477533 -0.007984066 0.012127061 0.031912234 0.999385238
1403636763613555456.000000 -0.292017043 -0.266639471 0.008943158 0.007931700 -0.012023050 -0.032192469 -0.999377906
1403636763663555584.000000 -0.293741018 -0.266340822 0.005900406 -0.007940182 0.012181835 0.031997643 0.999382198
1403636763713555456.000000 -0.296846032 -0.266366869 0.002520375 -0.007865751 0.012080585 0.032423720 0.999370277
1403636763763555584.000000 -0.298979491 -0.265968412 -0.000983397 0.008110346 -0.011965431 -0.031971380 -0.999384284
1403636763813555456.000000 -0.301480591 -0.265855193 -0.004629496 0.007822135 -0.012114840 -0.032637697 -0.999363244
