1403636631013555456.000000 0.037501067 0.051656418 0.089908071 0.005932472 0.000189618 0.004907425 0.999970317
1403636631063555584.000000 0.057231292 0.057591695 0.157619908 0.006010550 0.001377960 0.004574957 0.999970555
1403636631113555456.000000 0.078973688 0.071297660 0.229218051 0.005790451 0.003066226 0.004877553 0.999966621
1403636631163555584.000000 0.075830802 0.091339245 0.314178824 0.005742504 0.005176565 0.005732556 0.999953687
1403636631213555456.000000 0.083680406 0.076974794 0.400615454 0.004897926 0.007621767 0.006475520 0.999938011
1403636631263555584.000000 0.093666293 0.134937197 0.249547273 0.008959156 0.007199629 0.004903894 0.999921918
1403636631313555456.000000 0.150891140 0.224742413 0.362076223 0.011835203 0.006055939 0.002153700 0.999909401
1403636631363555584.000000 0.114613146 0.156575501 0.349772781 0.008722424 0.007173302 0.005242559 0.999922574
1403636631413555456.000000 0.175725147 0.273188442 0.563830793 0.010801882 0.007502966 0.002733106 0.999909878
1403636631463555584.000000 0.159351170 0.283601195 0.599935949 0.009952290 0.008262516 0.003023061 0.999911845
1403636631513555456.000000 0.090834983 0.176031873 0.360648960 0.010116558 0.007872680 0.002026379 0.999915838
1403636631563555584.000000 0.065721869 0.164021343 0.388550878 0.007673916 0.010831437 0.002100187 0.999909759
1403636631613555456.000000 0.075167678 0.173257634 0.416393250 0.007973149 0.009539161 0.000036297 0.999922693
1403636631663555584.000000 0.106458895 0.212288231 0.402476043 0.012976238 0.004767627 -0.003270543 0.999899149
1403636631713555456.000000 0.081766702 0.189616740 0.457519263 0.008483702 0.008419092 -0.001642972 0.999927223
1403636631763555584.000000 0.084055096 0.224507570 0.457344681 0.011888152 0.006579617 -0.002782884 0.999903858
1403636631813555456.000000 0.083290182 0.210513309 0.477372319 0.009421544 0.007832170 -0.003141921 0.999920011
1403636631863555584.000000 0.086266324 0.214121461 0.491111159 0.008951573 0.007412655 -0.004237115 0.999923527
1403636631913555456.000000 0.091410108 0.223361522 0.504217267 0.009414633 0.006411275 -0.005222017 0.999921560
1403636631963555584.000000 0.097407460 0.228500247 0.519191384 0.009315367 0.005892443 -0.005928346 0.999921739
1403636632013555456.000000 0.123298422 0.269694507 0.571615338 0.012066372 0.005527155 -0.005857139 0.999894798
1403636632063555584.000000 0.128381744 0.255459607 0.586884737 0.008732990 0.007019911 -0.006171604 0.999918163
1403636632113555456.000000 0.135316238 0.257483393 0.599017978 0.007905783 0.008288132 -0.007688808 0.999904931
1403636632163555584.000000 0.138650164 0.260018766 0.610814929 0.006060210 0.010372754 -0.010440623 0.999873340
1403636632213555456.000000 0.142670453 0.265133768 0.621630669 0.005690675 0.010390938 -0.011524903 0.999863505
1403636632263555584.000000 0.180396289 0.310160130 0.714484334 0.008273842 0.010648044 -0.010365179 0.999855399
1403636632313555456.000000 0.181557253 0.300752759 0.732451439 0.006239510 0.011193997 -0.010170667 0.999866188
1403636632363555584.000000 0.185005754 0.303064734 0.743969560 0.006270182 0.011491299 -0.009183400 0.999872208
1403636632413555456.000000 0.183063224 0.305154473 0.756047368 0.005689458 0.011100632 -0.008736129 0.999884069
1403636632463555584.000000 0.183252618 0.311294883 0.766814053 0.006947849 0.007862275 -0.005432309 0.999930203
1403636632513555456.000000 0.186234742 0.318049490 0.792000771 0.011009326 0.003232760 -0.001184761 0.999933481
1403636632563555584.000000 0.183088809 0.304706424 0.809755504 0.013109814 -0.002114298 0.003092679 0.999907136
1403636632613555456.000000 0.181783229 0.306228966 0.823277891 0.018847065 -0.007427942 0.006225695 0.999775469
1403636632663555584.000000 0.177549630 0.303654462 0.836915970 0.024960175 -0.010814512 0.008468403 0.999594092
1403636632713555456.000000 0.149094030 0.297828227 0.739821017 0.035806879 -0.014121865 0.007492841 0.999230921
1403636632763555584.000000 0.180007622 0.323686332 0.912226439 0.045157224 -0.015690500 0.005966093 0.998838902
1403636632813555456.000000 0.179488227 0.314384669 0.930841625 0.053396083 -0.014454032 0.001126295 0.998468161
1403636632863555584.000000 0.184894890 0.316324383 0.944562733 0.063647911 -0.011365891 -0.007251052 0.997881353
1403636632913555456.000000 0.190445170 0.317651778 0.958317041 0.073632911 -0.006725459 -0.015935555 0.997135401
1403636632963555584.000000 0.195187047 0.312972397 0.975248396 0.081441052 -0.003237904 -0.023948368 0.996385157
1403636633013555456.000000 0.215623692 0.335610509 1.035653353 0.091825657 -0.000076269 -0.030812681 0.995298326
1403636633063555584.000000 0.224452078 0.339756161 1.049140215 -0.098741062 -0.001016143 0.036393236 -0.994446993
1403636633113555456.000000 0.237296671 0.340854913 1.084489107 0.105018683 0.002115799 -0.040187847 0.993655741
1403636633163555584.000000 0.245082617 0.341814727 1.113886237 -0.110105775 -0.002393682 0.043487050 -0.992965221
1403636633213555456.000000 0.288741767 0.377786696 1.272843599 0.114252657 0.001507049 -0.045286808 0.992417812
1403636633263555584.000000 0.293847680 0.378155977 1.303228855 -0.117913902 -0.000077183 0.045670107 -0.991973102
1403636633313555456.000000 0.265049517 0.347301781 1.187500834 0.121157132 -0.000418396 -0.045200322 0.991603673
1403636633363555584.000000 0.268244803 0.347074598 1.218564034 -0.123973280 0.002494521 0.043386895 -0.991333485
1403636633413555456.000000 0.270309418 0.346589595 1.250444651 -0.125399992 0.004941552 0.041710101 -0.991216838
1403636633463555584.000000 0.271446675 0.345793575 1.282814860 -0.126660809 0.007050452 0.039831609 -0.991120994
1403636633513555456.000000 0.278136849 0.350535214 1.317468762 0.126776576 -0.008808224 -0.038855717 0.991130829
1403636633563555584.000000 0.270258069 0.349982917 1.319430113 0.126405269 -0.010527816 -0.037485521 0.991214275
1403636633613555456.000000 0.272969306 0.350664973 1.355023265 0.125608191 -0.012702938 -0.036971692 0.991309464
1403636633663555584.000000 0.277348548 0.351474643 1.390988708 0.123971090 -0.014156728 -0.036932584 0.991497278
1403636633713555456.000000 0.283749193 0.351332009 1.427051187 -0.122558802 0.013869439 0.036179960 -0.991704643
1403636633763555584.000000 0.292612821 0.352269202 1.463661075 0.121495262 -0.013327371 -0.034969985 0.991886318
1403636633813555456.000000 0.303160071 0.351908207 1.500485420 -0.120151050 0.013259629 0.033906154 -0.992087901
1403636633863555584.000000 0.309290826 0.354159474 1.517568946 0.119379766 -0.012167259 -0.031621836 0.992270410
1403636633913555456.000000 0.323216379 0.353518456 1.554650068 0.119255565 -0.011647061 -0.027417492 0.992416680
1403636633963555584.000000 0.338681906 0.353943616 1.593137264 0.119396001 -0.010348963 -0.022637431 0.992534697
1403636634013555456.000000 0.352264196 0.353721708 1.631683230 0.119139060 -0.008898823 -0.018551279 0.992664337
1403636634063555584.000000 0.365780413 0.356077105 1.671190977 0.118328437 -0.008886152 -0.016299995 0.992800951
1403636634113555456.000000 0.379616022 0.356814384 1.710766077 0.118499041 -0.009304993 -0.016188104 0.992778659
1403636634163555584.000000 0.382110745 0.364239782 1.718686819 0.118491516 -0.010170057 -0.017416349 0.992750227
1403636634213555456.000000 0.399974048 0.366447031 1.758634210 0.117897920 -0.011245715 -0.020784177 0.992744565
1403636634263555584.000000 0.419744343 0.373384506 1.797885299 0.117239773 -0.010366577 -0.025016200 0.992734432
1403636634313555456.000000 0.442123741 0.376460254 1.838467598 0.116837226 -0.006878623 -0.028329251 0.992723167
1403636634363555584.000000 0.464665771 0.382774144 1.879977107 0.116839938 -0.002008052 -0.030966813 0.992665887
1403636634413555456.000000 0.486386776 0.386364877 1.921487927 0.116841905 0.002933567 -0.033499889 0.992581129
1403636634463555584.000000 0.493034631 0.392396778 1.934311867 0.117102444 0.006158118 -0.035414923 0.992469192
1403636634513555456.000000 0.511646390 0.396024704 1.976794004 0.117751390 0.009740354 -0.036646195 0.992318928
1403636634563555584.000000 0.523224950 0.402346224 2.009972095 0.118538983 0.012190548 -0.037607148 0.992162168
1403636634613555456.000000 0.538551033 0.405652910 2.052641392 0.119881488 0.013485417 -0.039625913 0.991905510
1403636634663555584.000000 0.550706327 0.411171824 2.094881058 0.123025216 0.014250524 -0.041746359 0.991422713
1403636634713555456.000000 0.564065933 0.414082319 2.136992931 0.126215726 0.014802806 -0.044835303 0.990878582
1403636634763555584.000000 0.567946374 0.418825984 2.159090281 0.129849315 0.013054436 -0.047089122 0.990328968
1403636634813555456.000000 0.582225084 0.421461135 2.199124098 0.133179069 0.010845287 -0.048381425 0.989850998
1403636634863555584.000000 0.592113674 0.425274104 2.228579760 0.136407599 0.008745009 -0.049403779 0.989381492
1403636634913555456.000000 0.608860970 0.427134544 2.266634226 0.139696196 0.007056654 -0.050798133 0.988865376
1403636634963555584.000000 0.625808418 0.430227965 2.303282738 0.142516017 0.004574522 -0.052691508 0.988378465
1403636635013555456.000000 0.645532787 0.431356996 2.339741468 0.144875735 0.004292366 -0.054805797 0.987921536
1403636635063555584.000000 0.662326574 0.433994383 2.374457121 0.146865666 0.002883793 -0.056687769 0.987526596
1403636635113555456.000000 0.679941118 0.434786826 2.410655975 0.148481846 0.001441867 -0.058209959 0.987199426
1403636635163555584.000000 0.695882976 0.436521322 2.448246956 0.150110587 0.000462312 -0.058730416 0.986923158
1403636635213555456.000000 0.710147858 0.436497450 2.484983921 0.151502013 -0.001241207 -0.059098098 0.986687958
1403636635263555584.000000 0.709352076 0.435397327 2.488980770 0.153551802 -0.002435926 -0.057656046 0.986454189
1403636635313555456.000000 0.721491814 0.434414983 2.526692152 0.155169263 -0.004290021 -0.056062989 0.986286521
1403636635363555584.000000 0.729814112 0.434139967 2.557452440 0.157052264 -0.006744318 -0.052712046 0.986159503
1403636635413555456.000000 0.742689908 0.433168262 2.595207930 0.158240810 -0.008148482 -0.051440500 0.986026049
1403636635463555584.000000 0.755133092 0.432726175 2.628847122 0.158887729 -0.007945170 -0.049953155 0.986000121
1403636635513555456.000000 0.771144450 0.431349963 2.666990042 0.159807324 -0.008999217 -0.047162678 0.985979915
1403636635563555584.000000 0.787850559 0.431054950 2.699704885 0.160067677 -0.009174654 -0.046317801 0.985976160
1403636635613555456.000000 0.805315018 0.431166530 2.735937357 0.160281613 -0.008660100 -0.045131262 0.986001074
1403636635663555584.000000 0.820970178 0.431615591 2.760304928 0.160102665 -0.007764532 -0.044055216 0.986086249
1403636635713555456.000000 0.841190040 0.432237804 2.797529221 0.159838200 -0.006564447 -0.043311648 0.986170769
1403636635763555584.000000 0.863240540 0.432768583 2.828000307 0.160304651 -0.003652722 -0.040594585 0.986225784
1403636635813555456.000000 0.887516439 0.433523476 2.865197897 0.161407411 -0.000197065 -0.035909243 0.986234307
1403636635863555584.000000 0.914314747 0.435437918 2.895600319 0.162064880 0.001703911 -0.031932931 0.986261845
1403636635913555456.000000 0.941857100 0.437924683 2.932555199 0.162753791 -0.000145519 -0.028344858 0.986259460
1403636635963555584.000000 0.970738530 0.441307783 2.969252586 -0.162281528 0.003766006 0.027979637 -0.986340582
1403636636013555456.000000 0.999163866 0.445629954 3.006860971 -0.160836056 0.008706871 0.030682301 -0.986465752
1403636636063555584.000000 1.025380015 0.453077316 3.032193661 0.158653036 -0.011976913 -0.035533022 0.986622155
1403636636113555456.000000 1.052716255 0.459505826 3.070749044 0.156622007 -0.013881304 -0.040508736 0.986729920
1403636636163555584.000000 1.079864979 0.465570956 3.104994297 0.155148849 -0.011585139 -0.044450071 0.986822665
1403636636213555456.000000 1.109403968 0.472282052 3.142607450 0.153941497 -0.005925302 -0.048063874 0.986892521
1403636636263555584.000000 1.141152620 0.478662610 3.177236795 0.152980939 0.000756939 -0.050664578 0.986929297
1403636636313555456.000000 1.174176335 0.484822839 3.213591814 0.152579874 0.006530936 -0.051706083 0.986916006
1403636636363555584.000000 1.207795978 0.491398633 3.246983528 0.152318493 0.013493529 -0.052250154 0.986857116
1403636636413555456.000000 1.240854502 0.497664005 3.282313824 0.152602106 0.022279888 -0.052053858 0.986664414
1403636636463555584.000000 1.271448016 0.503850639 3.314826012 0.152895212 0.029251529 -0.051768973 0.986451983
1403636636513555456.000000 1.299518704 0.510119259 3.349147558 0.151843131 0.032650296 -0.054253332 0.986374259
1403636636563555584.000000 1.324726820 0.516661704 3.380952358 0.150625482 0.034392156 -0.057604548 0.986311793
1403636636613555456.000000 1.348150969 0.522749722 3.413835764 0.149107635 0.035658114 -0.061678521 0.986251116
1403636636663555584.000000 1.369714260 0.528864026 3.446530581 0.147366524 0.035806067 -0.066291824 0.986208141
1403636636713555456.000000 1.387849927 0.534036636 3.477875471 0.145817637 0.036280219 -0.070089310 0.986158431
1403636636763555584.000000 1.399042249 0.538553715 3.499191046 0.144521475 0.036335483 -0.074094176 0.986054420
1403636636813555456.000000 1.411828399 0.541832745 3.528613091 0.142770171 0.036662657 -0.079284303 0.985893786
1403636636863555584.000000 1.426514983 0.543856144 3.565986872 0.141161308 0.035701897 -0.083864182 0.985781729
1403636636913555456.000000 1.433854103 0.544112027 3.593270302 0.142465770 0.032361753 -0.081833653 0.985880077
1403636636963555584.000000 1.436039805 0.545146108 3.609935999 0.145463109 0.029543879 -0.076703146 0.985943377
1403636637013555456.000000 1.439792752 0.543020308 3.635191917 0.148782626 0.025832193 -0.070330568 0.986027420
1403636637063555584.000000 1.449763536 0.538543880 3.672323942 0.151535869 0.023157664 -0.064523064 0.986071765
1403636637113555456.000000 1.450857162 0.535302758 3.695939064 0.153821647 0.019847536 -0.060348902 0.986054242
1403636637163555584.000000 1.449840546 0.532961726 3.719970942 0.155232564 0.015788015 -0.058164511 0.986037791
1403636637213555456.000000 1.449703455 0.529917240 3.743113279 0.155739054 0.011295165 -0.057840977 0.986038685
1403636637263555584.000000 1.439548373 0.531147182 3.745355368 0.156722471 0.008263751 -0.057662375 0.985923409
1403636637313555456.000000 1.442350388 0.527403712 3.768527746 0.157238528 0.005602845 -0.057933588 0.985844016
1403636637363555584.000000 1.446155190 0.523491502 3.791149855 0.157051533 0.003910439 -0.059004750 0.985818446
1403636637413555456.000000 1.455003381 0.517677248 3.815194607 0.158194214 0.002756405 -0.058559038 0.985666215
1403636637463555584.000000 1.462380409 0.513328075 3.834326982 0.158494011 0.001101242 -0.059820354 0.985545576
1403636637513555456.000000 1.475265741 0.507210195 3.856375694 0.159208953 0.000428127 -0.059268534 0.985464156
1403636637563555584.000000 1.487817049 0.502224386 3.876636505 0.159890905 -0.001195367 -0.059288185 0.985351920
1403636637613555456.000000 1.501806259 0.496332139 3.896271944 0.160968736 -0.001635891 -0.058311522 0.985234082
1403636637663555584.000000 1.510086179 0.493687421 3.904259682 0.161531806 -0.002459900 -0.057739507 0.985173881
1403636637713555456.000000 1.528615952 0.487454355 3.924055815 0.161932662 -0.001753842 -0.058054943 0.985091031
1403636637763555584.000000 1.544966340 0.481979430 3.940359354 0.162473589 -0.000519779 -0.058294117 0.984989345
1403636637813555456.000000 1.566641688 0.475288540 3.960511446 0.162782162 0.001804109 -0.058453590 0.984927416
1403636637863555584.000000 1.594588399 0.467565447 3.989333868 0.163147047 0.003349947 -0.058476061 0.984861612
1403636637913555456.000000 1.619536996 0.460173488 4.008216858 0.163734138 0.005284321 -0.058191206 0.984772623
1403636637963555584.000000 1.635830879 0.454487383 4.018819332 0.164185181 0.008118744 -0.057727121 0.984705508
1403636638013555456.000000 1.654507041 0.447013319 4.039852619 0.164531618 0.009797294 -0.057415776 0.984650612
1403636638063555584.000000 1.665726423 0.440690815 4.059662819 0.165056735 0.011570339 -0.057136379 0.984559774
1403636638113555456.000000 1.676180601 0.433434695 4.083158493 0.165472418 0.013618969 -0.056551684 0.984497488
1403636638163555584.000000 1.677278161 0.427442789 4.097426891 0.165992036 0.014735017 -0.056102980 0.984419584
1403636638213555456.000000 1.682908058 0.420393407 4.121366024 0.166329220 0.015079429 -0.056261867 0.984348416
1403636638263555584.000000 1.691611290 0.412852615 4.153057575 0.166300446 0.015921699 -0.056452572 0.984329164
1403636638313555456.000000 1.693732142 0.406049132 4.176075459 0.167247698 0.013716215 -0.055014364 0.984283328
1403636638363555584.000000 1.690860987 0.401411057 4.192948818 0.168626219 0.007168592 -0.051587842 0.984303117
1403636638413555456.000000 1.688494563 0.395591855 4.215702534 0.169928640 -0.003762372 -0.047937367 0.984282553
1403636638463555584.000000 1.681086302 0.390012234 4.238426208 0.171101958 -0.014702931 -0.045368344 0.984098434
1403636638513555456.000000 1.678033471 0.385112703 4.262163162 0.172295779 -0.023969086 -0.042216059 0.983848274
1403636638563555584.000000 1.676813364 0.380582929 4.289301395 0.172390759 -0.029045036 -0.041533217 0.983724058
1403636638613555456.000000 1.678201318 0.377657473 4.312607765 0.171698451 -0.030715406 -0.043936163 0.983689904
1403636638663555584.000000 1.685061455 0.374183834 4.340045929 0.170322493 -0.028258584 -0.048972186 0.983765006
1403636638713555456.000000 1.694165111 0.371862829 4.364829540 0.169080555 -0.024765002 -0.052259050 0.983904243
1403636638763555584.000000 1.706596255 0.368624628 4.393829823 0.168633357 -0.019679938 -0.054570314 0.983970344
1403636638813555456.000000 1.720958233 0.366219193 4.419282436 0.168723226 -0.014180148 -0.055316091 0.984007895
1403636638863555584.000000 1.738395095 0.362550318 4.448601723 0.169064075 -0.009756879 -0.054405108 0.984053969
1403636638913555456.000000 1.754422069 0.360430688 4.473369122 0.170325264 -0.006763449 -0.052212458 0.983980477
1403636638963555584.000000 1.774049640 0.357039571 4.502361298 0.171569332 -0.004631997 -0.049487334 0.983917475
1403636639013555456.000000 1.792390466 0.354911417 4.528449059 0.173601389 -0.005056407 -0.044360004 0.983803451
1403636639063555584.000000 1.810481310 0.352205455 4.560322285 0.175813317 -0.005182673 -0.038495611 0.983656883
1403636639113555456.000000 1.826570749 0.350801170 4.589070320 0.177725106 -0.005554826 -0.033655088 0.983488798
1403636639163555584.000000 1.843653917 0.348443031 4.623579025 0.179149225 -0.006625541 -0.029418705 0.983359694
1403636639213555456.000000 1.853136182 0.348789334 4.656901360 0.180270612 -0.007435604 -0.026318515 0.983236849
1403636639263555584.000000 1.860711217 0.349395066 4.696256161 0.180710062 -0.008430285 -0.025091775 0.983180165
1403636639313555456.000000 1.864597321 0.352390945 4.733613968 0.178999171 -0.007756277 -0.029545367 0.983374953
1403636639363555584.000000 1.869344592 0.355709851 4.774516106 0.176841065 -0.007015553 -0.035648078 0.983568668
1403636639413555456.000000 1.871848822 0.360438347 4.814342499 0.174584821 -0.006411817 -0.041948758 0.983727276
1403636639463555584.000000 1.875206828 0.365525246 4.856739044 0.172413036 -0.005433416 -0.048258729 0.983826935
1403636639513555456.000000 1.876594067 0.370963514 4.898194313 0.170161620 -0.003039850 -0.054579187 0.983898878
1403636639563555584.000000 1.875503898 0.375489980 4.945189953 0.167622849 0.000598702 -0.061557215 0.983927310
1403636639613555456.000000 1.875588775 0.380358934 4.987417221 0.165999174 0.003275078 -0.066789329 0.983856082
1403636639663555584.000000 1.876076579 0.384326994 5.029709339 -0.165877759 -0.006875440 0.068194725 -0.983761609
1403636639713555456.000000 1.884745240 0.390029401 5.073416233 0.166841939 0.010398292 -0.066437095 0.983687878
1403636639763555584.000000 1.886897326 0.393041104 5.113323212 0.168338865 0.013726803 -0.062878452 0.983625948
1403636639813555456.000000 1.886246324 0.395327121 5.155488968 0.169138268 0.015859114 -0.060630362 0.983597875
1403636639863555584.000000 1.891526341 0.398116738 5.192558289 0.170359731 0.016746188 -0.057768755 0.983544588
1403636639913555456.000000 1.892630219 0.400240332 5.227329254 0.171666011 0.017072648 -0.055662714 0.983433306
1403636639963555584.000000 1.901102304 0.403553724 5.261498451 0.171976268 0.017523887 -0.054955125 0.983410954
1403636640013555456.000000 1.909692287 0.407157719 5.297702789 0.172756493 0.018104626 -0.054924622 0.983265400
1403636640063555584.000000 1.922642350 0.409950316 5.330280304 0.174786061 0.018583346 -0.056469426 0.982810199
1403636640113555456.000000 1.936944723 0.413559675 5.363756657 0.177619889 0.019339766 -0.060273122 0.982061327
1403636640163555584.000000 1.954045892 0.416088909 5.394315720 0.181848750 0.019642061 -0.062109087 0.981166542
1403636640213555456.000000 1.969166875 0.419454455 5.427587509 0.186141685 0.020366678 -0.063455880 0.980260134
1403636640263555584.000000 1.988461852 0.422389269 5.454987526 0.189492434 0.019110922 -0.066057712 0.979471207
1403636640313555456.000000 1.993703008 0.423924297 5.478899956 0.192599282 0.018191693 -0.067134403 0.978809297
1403636640363555584.000000 2.010943174 0.427132577 5.505975723 0.195464656 0.018336060 -0.068661101 0.978132427
1403636640413555456.000000 2.022687435 0.431028605 5.532893181 0.197710842 0.018430246 -0.070092462 0.977577507
1403636640463555584.000000 2.036414146 0.434651017 5.560118198 0.199565262 0.018651403 -0.071428441 0.977099717
1403636640513555456.000000 2.045513391 0.438516766 5.588314533 0.201266557 0.017339583 -0.072044894 0.976729572
1403636640563555584.000000 2.056190014 0.442482531 5.615407944 0.202668399 0.017454628 -0.073079355 0.976360798
1403636640613555456.000000 2.060979843 0.442882538 5.631525517 0.203718379 0.017726596 -0.073128141 0.976133645
1403636640663555584.000000 2.069032431 0.446724921 5.658690929 0.204619035 0.018213263 -0.073545717 0.975904942
1403636640713555456.000000 2.075443506 0.450235665 5.686148167 -0.205384716 -0.017461907 0.073757991 -0.975741744
1403636640763555584.000000 2.076625347 0.452584147 5.711226463 0.206087485 0.015920971 -0.073923983 0.975607395
1403636640813555456.000000 2.084032297 0.455825567 5.737771034 0.206362575 0.014746727 -0.074791186 0.975501657
1403636640863555584.000000 2.092344522 0.462411284 5.772561550 0.206595525 0.013255930 -0.075590707 0.975412011
1403636640913555456.000000 2.101511478 0.465419710 5.797401428 0.206839919 0.012507869 -0.075877897 0.975347817
1403636640963555584.000000 2.111534834 0.468486011 5.819373608 -0.206635863 -0.012169449 0.076342605 -0.975359142
1403636641013555456.000000 2.115096092 0.463839144 5.828571796 0.206460238 0.012584925 -0.076806985 0.975354612
1403636641063555584.000000 2.124717474 0.466819495 5.849843502 0.206523940 0.013617858 -0.075663835 0.975416601
1403636641113555456.000000 2.132498503 0.469172031 5.871517181 -0.205985755 -0.014387561 0.075754628 -0.975512266
1403636641163555584.000000 2.136834860 0.470824540 5.892730713 0.205478817 0.014192525 -0.076018177 0.975601554
1403636641213555456.000000 2.141643524 0.473026186 5.914749622 0.205050439 0.015093707 -0.075673386 0.975704968
1403636641263555584.000000 2.143660307 0.475018680 5.936924934 -0.205417514 -0.015870046 0.073926948 -0.975749314
1403636641313555456.000000 2.144982338 0.475836843 5.957562923 0.206081793 0.014911561 -0.070430644 0.975883007
1403636641363555584.000000 2.144243002 0.478027523 5.979633331 -0.207200199 -0.013683463 0.066233382 -0.975958049
1403636641413555456.000000 2.137563229 0.476985931 5.990121841 0.208377823 0.013134907 -0.062530056 0.975959063
1403636641463555584.000000 2.135106802 0.479651183 6.012010574 0.208297551 0.013225345 -0.061771363 0.976023316
1403636641513555456.000000 2.139945745 0.482758522 6.043770790 0.207388252 0.013572597 -0.063013054 0.976132870
1403636641563555584.000000 2.137321234 0.487082750 6.063425064 0.206684858 0.013682694 -0.064902455 0.976156712
1403636641613555456.000000 2.140007257 0.489944607 6.084462643 0.205407187 0.014214313 -0.066936642 0.976281464
1403636641663555584.000000 2.139852047 0.494786561 6.102598190 -0.204544321 -0.014126250 0.068507172 -0.976354957
1403636641713555456.000000 2.146907806 0.495229721 6.117513180 0.203902125 0.015278155 -0.069562189 0.976397336
1403636641763555584.000000 2.150487900 0.500302136 6.133039951 0.203168154 0.014852259 -0.070202366 0.976511002
1403636641813555456.000000 2.154932261 0.505243182 6.122209549 0.203305677 0.016053714 -0.070400812 0.976449072
1403636641863555584.000000 2.162125349 0.509256959 6.137047768 0.203113392 0.016939541 -0.070433430 0.976471841
1403636641913555456.000000 2.174679279 0.512604356 6.146195889 0.201960370 0.016959727 -0.070058085 0.976737618
1403636641963555584.000000 2.185198069 0.516452193 6.160494804 0.199605912 0.017262552 -0.068248466 0.977344155
1403636642013555456.000000 2.204552412 0.517616034 6.196205616 0.195397630 0.018314306 -0.066675752 0.978283584
1403636642063555584.000000 2.216978073 0.521876931 6.209248543 0.190946281 0.019053916 -0.064422369 0.979298830
1403636642113555456.000000 2.231665134 0.526948690 6.213541508 0.186504528 0.019883072 -0.063398547 0.980204761
1403636642163555584.000000 2.242360830 0.530555129 6.226720333 0.182574391 0.020582510 -0.062387846 0.980994821
1403636642213555456.000000 2.254699707 0.536542475 6.229393959 0.179602891 0.021282967 -0.060951017 0.981618464
1403636642263555584.000000 2.261875629 0.539954662 6.242074013 0.176677063 0.021565635 -0.059349932 0.982241213
1403636642313555456.000000 2.267829895 0.543352485 6.254162312 -0.173164785 -0.021771096 0.057305072 -0.982983351
1403636642363555584.000000 2.268009901 0.550280452 6.236934662 0.168688729 0.022379518 -0.055233937 0.983866155
1403636642413555456.000000 2.269694805 0.554244518 6.249695301 0.164525479 0.023251776 -0.052846376 0.984681666
1403636642463555584.000000 2.270133734 0.558662176 6.261254787 -0.160676971 -0.023115803 0.051384509 -0.985397518
1403636642513555456.000000 2.269590855 0.564326286 6.268759251 0.157592326 0.021820545 -0.050016318 0.985995471
1403636642563555584.000000 2.266205788 0.568701744 6.280581474 0.154403016 0.018589266 -0.050028753 0.986565411
1403636642613555456.000000 2.261261225 0.572827995 6.292267799 0.152376011 0.014503556 -0.049080327 0.986996651
1403636642663555584.000000 2.259730577 0.579254746 6.318527222 0.150251850 0.009884238 -0.048552770 0.987405360
1403636642713555456.000000 2.253009319 0.583403349 6.330183029 0.148473993 0.005934084 -0.048540261 0.987706542
1403636642763555584.000000 2.247608423 0.587317109 6.340685844 -0.147487506 -0.002249511 0.048460923 -0.987873495
1403636642813555456.000000 2.241719484 0.590498090 6.325157642 0.146959528 -0.000878067 -0.048470911 0.987953782
1403636642863555584.000000 2.240478277 0.594191313 6.334266663 0.146636114 -0.002697405 -0.047824722 0.988030076
1403636642913555456.000000 2.241518974 0.597694516 6.342731953 -0.146553934 0.004543423 0.047891166 -0.988032341
1403636642963555584.000000 2.243761063 0.602824330 6.350472450 0.146549478 -0.005278032 -0.047222711 0.988061488
1403636643013555456.000000 2.248622894 0.606547594 6.357754707 0.146810412 -0.004680743 -0.046756539 0.988047898
1403636643063555584.000000 2.255079746 0.610829592 6.365418434 -0.147110760 0.001043337 0.046048574 -0.988047004
1403636643113555456.000000 2.261953115 0.615158021 6.375837803 0.147593752 0.003284647 -0.045046858 0.988016248
1403636643163555584.000000 2.267072439 0.619359791 6.384862900 0.148186505 0.006373317 -0.043861140 0.987965763
1403636643213555456.000000 2.270789623 0.624227166 6.394782543 -0.148514718 -0.008896261 0.043065540 -0.987932026
1403636643263555584.000000 2.273065329 0.628394723 6.401580334 0.148854822 0.009753506 -0.042908713 0.987879574
1403636643313555456.000000 2.273870707 0.633702338 6.411930561 0.148914233 0.009420483 -0.043323990 0.987855673
1403636643363555584.000000 2.274236679 0.639199495 6.422362328 -0.148984939 -0.007471483 0.044004947 -0.987831652
1403636643413555456.000000 2.276573420 0.644239902 6.435850620 0.149406135 0.005161878 -0.043788999 0.987792373
1403636643463555584.000000 2.281145334 0.649715662 6.446084499 0.149911046 0.001406570 -0.043658506 0.987734139
1403636643513555456.000000 2.287624836 0.654925108 6.457732677 0.150189400 -0.002501406 -0.044431470 0.987655163
1403636643563555584.000000 2.296892166 0.660009444 6.469944477 0.150575906 -0.005805346 -0.045239676 0.987545788
1403636643613555456.000000 2.307637930 0.665632427 6.481812000 0.150350422 -0.009415400 -0.046593223 0.987489343
1403636643663555584.000000 2.320014238 0.671001852 6.494512081 0.151038885 -0.012532163 -0.047963645 0.987284005
1403636643713555456.000000 2.335181713 0.673437059 6.499297619 0.151217416 -0.015588819 -0.049416009 0.987141550
1403636643763555584.000000 2.350858450 0.678903043 6.511769772 0.151336282 -0.017014379 -0.050398454 0.987050056
1403636643813555456.000000 2.366343021 0.684229970 6.524744987 -0.151037410 0.019687166 0.052341010 -0.986945093
1403636643863555584.000000 2.381023884 0.689296484 6.539480209 0.151161358 -0.022543386 -0.052938111 0.986833096
1403636643913555456.000000 2.395228386 0.694010735 6.555796623 0.151190400 -0.024353253 -0.053781293 0.986740112
1403636643963555584.000000 2.408582926 0.698575497 6.573943138 -0.150901437 0.026250571 0.054983489 -0.986669481
1403636644013555456.000000 2.419909000 0.701509595 6.596255779 0.150568724 -0.027005663 -0.055778209 0.986655295
1403636644063555584.000000 2.431573629 0.704977274 6.617829323 0.150708497 -0.027767314 -0.055895388 0.986606181
1403636644113555456.000000 2.442275047 0.707842886 6.640801907 -0.150418907 0.028693540 0.056235142 -0.986604512
1403636644163555584.000000 2.451821804 0.707074642 6.662902832 0.150484562 -0.027399782 -0.056451850 0.986618936
1403636644213555456.000000 2.462210178 0.708625555 6.689270020 0.151601061 -0.022427686 -0.053300720 0.986748815
1403636644263555584.000000 2.471904993 0.709725618 6.716997147 -0.153712884 0.016177908 0.046808060 -0.986873746
1403636644313555456.000000 2.478646994 0.713477612 6.761682034 0.156315804 -0.008747026 -0.039067376 0.986895442
1403636644363555584.000000 2.486682177 0.714874566 6.791921139 0.158370167 -0.002083085 -0.032230690 0.986851513
1403636644413555456.000000 2.492951870 0.717124879 6.823487282 -0.159917101 -0.003204782 0.027703319 -0.986736476
1403636644463555584.000000 2.493789434 0.714642167 6.845917702 0.160853192 0.007634664 -0.024354532 0.986648321
1403636644513555456.000000 2.496693134 0.719193459 6.878832817 0.162878826 0.011580655 -0.018741071 0.986400127
1403636644563555584.000000 2.497350693 0.725071669 6.913289547 0.164618120 0.013582815 -0.014581735 0.986156106
1403636644613555456.000000 2.494461298 0.731945515 6.949241638 0.164889053 0.014978915 -0.013096759 0.986111462
1403636644663555584.000000 2.492379665 0.741505504 6.983910561 0.163361609 0.016635703 -0.017049426 0.986278713
1403636644713555456.000000 2.484529257 0.749512315 7.021770477 0.160627350 0.018658064 -0.023851795 0.986550510
1403636644763555584.000000 2.479038477 0.761924386 7.056950569 -0.157291770 -0.019438693 0.032847010 -0.986814380
1403636644813555456.000000 2.469951630 0.774412096 7.094981194 0.153694525 0.020981355 -0.041099723 0.987040341
1403636644863555584.000000 2.461325407 0.788109541 7.129593849 0.150693774 0.019992789 -0.047230139 0.987249255
1403636644913555456.000000 2.449287653 0.799193025 7.166569710 0.148964480 0.017589485 -0.049380343 0.987452149
1403636644963555584.000000 2.442065954 0.812628984 7.199248791 0.148284763 0.014593801 -0.049761053 0.987584174
1403636645013555456.000000 2.437449932 0.832419634 7.238183022 0.147533000 0.007384947 -0.050832968 0.987722397
1403636645063555584.000000 2.432598591 0.845312536 7.267896175 0.146973729 -0.004272011 -0.050342124 0.987849295
1403636645113555456.000000 2.422809601 0.848686993 7.295766830 0.146265686 -0.016112735 -0.050242089 0.987837315
1403636645163555584.000000 2.421244621 0.862411737 7.322690964 0.144948646 -0.026317893 -0.052694231 0.987684488
1403636645213555456.000000 2.422615051 0.875167131 7.351311684 -0.144533530 0.035377238 0.052252620 -0.987485826
1403636645263555584.000000 2.427033424 0.884130597 7.385879517 0.143835455 -0.040096588 -0.053413924 0.987345219
1403636645313555456.000000 2.434831619 0.895442486 7.416562080 0.143829226 -0.039497938 -0.053095188 0.987387478
1403636645363555584.000000 2.444149971 0.905406117 7.449360371 -0.143701985 0.034977064 0.052954007 -0.987584114
1403636645413555456.000000 2.452877045 0.911916435 7.493183136 0.143383682 -0.029653724 -0.052801631 0.987812698
1403636645463555584.000000 2.462943316 0.920935810 7.529012680 0.143347159 -0.025659921 -0.051962256 0.987974286
1403636645513555456.000000 2.471194267 0.929365516 7.568499565 -0.143290341 0.022394359 0.051864535 -0.988067031
1403636645563555584.000000 2.479799271 0.934113622 7.613001823 0.142946526 -0.020928111 -0.051924605 0.988145888
1403636645613555456.000000 2.486666679 0.941454589 7.654904366 0.142559096 -0.018785557 -0.051732671 0.988254905
1403636645663555584.000000 2.493676662 0.947716057 7.699531078 -0.142441824 0.017260790 0.052461475 -0.988261163
1403636645713555456.000000 2.503274679 0.951251030 7.745645523 0.142316774 -0.016002033 -0.052508362 0.988297939
1403636645763555584.000000 2.513334036 0.956473112 7.790750027 0.142891228 -0.015118611 -0.051695075 0.988271832
1403636645813555456.000000 2.526290655 0.960835397 7.836467743 -0.143342063 0.014782667 0.050675731 -0.988264441
1403636645863555584.000000 2.544277906 0.962793767 7.882548332 0.143343329 -0.016117949 -0.050175834 0.988268852
1403636645913555456.000000 2.563783169 0.966771722 7.926326752 0.143962681 -0.016720006 -0.048965380 0.988229573
1403636645963555584.000000 2.587162495 0.969483495 7.970567703 -0.143204227 0.012330569 0.046431333 -0.988526523
1403636646013555456.000000 2.612561464 0.973191857 8.014302254 -0.141108736 0.008230256 0.042755399 -0.989036202
1403636646063555584.000000 2.636794090 0.979380667 8.054681778 -0.137835503 0.004926867 0.037042666 -0.989749968
1403636646113555456.000000 2.663636923 0.984582782 8.097363472 -0.132093310 0.001951928 0.031310089 -0.990740836
1403636646163555584.000000 2.690302849 0.990532577 8.141007423 -0.124045052 -0.001010948 0.025251521 -0.991954744
1403636646213555456.000000 2.716467857 0.996991575 8.186033249 -0.115203425 -0.003865909 0.017886696 -0.993173420
1403636646263555584.000000 2.741031647 1.004740715 8.231002808 -0.104465470 -0.006876170 0.010307513 -0.994451344
1403636646313555456.000000 2.765928507 1.011924863 8.278574944 -0.092665106 -0.010475126 0.002345789 -0.995639503
1403636646363555584.000000 2.788052082 1.021578431 8.326691628 0.081053406 0.014539017 0.005781479 0.996586978
1403636646413555456.000000 2.809124947 1.032662272 8.371426582 0.066836573 0.018092085 0.010274613 0.997546971
1403636646463555584.000000 2.827005863 1.045194864 8.415111542 0.053593829 0.023531176 0.012324424 0.998209476
1403636646513555456.000000 2.849563122 1.057288885 8.458447456 0.041605521 0.028704586 0.012392280 0.998644829
1403636646563555584.000000 2.866019249 1.070980430 8.498974800 0.031101797 0.031871401 0.012704016 0.998927176
1403636646613555456.000000 2.887319565 1.084614515 8.539975166 0.022766851 0.031937592 0.013473847 0.999139786
1403636646663555584.000000 2.905179977 1.099132538 8.577523232 0.015047218 0.029957857 0.012260498 0.999362707
1403636646713555456.000000 2.932507277 1.114248633 8.613367081 0.009412904 0.028079739 0.013072685 0.999475956
1403636646763555584.000000 2.954147816 1.128776908 8.647150040 0.004793526 0.027170859 0.013896964 0.999522686
1403636646813555456.000000 2.981925726 1.142676234 8.679675102 0.001220012 0.027271144 0.014173719 0.999526858
1403636646863555584.000000 3.006854057 1.157183766 8.709919930 -0.002046181 0.027527841 0.014618167 0.999512136
1403636646913555456.000000 3.036998749 1.173521280 8.738187790 -0.003265286 0.026524808 0.015320989 0.999525428
1403636646963555584.000000 3.061084270 1.187790632 8.766430855 -0.004745401 0.025085527 0.015472447 0.999554336
1403636647013555456.000000 3.086409092 1.202762485 8.794089317 -0.005789607 0.023401396 0.015266679 0.999592841
1403636647063555584.000000 3.107539654 1.216582179 8.821764946 -0.006185964 0.021007290 0.014575494 0.999653935
1403636647113555456.000000 3.129185677 1.232949734 8.847943306 -0.006571627 0.016847959 0.014173883 0.999736011
1403636647163555584.000000 3.147371769 1.246889472 8.875555038 -0.006302307 0.013744547 0.014222628 0.999784589
1403636647213555456.000000 3.165720940 1.261709571 8.903619766 -0.006302713 0.011671044 0.013284829 0.999823809
1403636647263555584.000000 3.182360888 1.275749922 8.931583405 -0.005485663 0.011714785 0.013782500 0.999821365
1403636647313555456.000000 3.197773933 1.291801572 8.957999229 -0.004034929 0.012720766 0.014903066 0.999799907
1403636647363555584.000000 3.212269306 1.306158304 8.986755371 -0.002785872 0.014316482 0.015751094 0.999769568
1403636647413555456.000000 3.226691246 1.323411345 9.012811661 -0.001517984 0.015899498 0.016352106 0.999738812
1403636647463555584.000000 3.238415003 1.338176727 9.041427612 0.000173717 0.017795837 0.017553268 0.999687552
1403636647513555456.000000 3.248613834 1.354165792 9.066186905 0.001967266 0.020891661 0.018622490 0.999606371
1403636647563555584.000000 3.259043455 1.369640946 9.093051910 0.004092369 0.024982812 0.020603128 0.999467194
1403636647613555456.000000 3.269721746 1.386671066 9.115512848 0.006185198 0.029847967 0.023784814 0.999252319
1403636647663555584.000000 3.281293869 1.404199362 9.139997482 0.005439853 0.030820441 0.024410095 0.999212027
1403636647713555456.000000 3.293052912 1.422878861 9.161878586 0.004227472 0.029785892 0.023564667 0.999269545
1403636647763555584.000000 3.306873560 1.442393303 9.184865952 0.002642509 0.027496660 0.022316039 0.999369323
1403636647813555456.000000 3.320835829 1.462638736 9.206209183 -0.000347500 -0.026530311 -0.020691950 -0.999433815
1403636647863555584.000000 3.333661556 1.482894540 9.222079277 -0.002678421 0.024076680 0.020979539 0.999486387
1403636647913555456.000000 3.343973875 1.504451752 9.242590904 -0.007364176 0.023916250 0.021484552 0.999456048
1403636647963555584.000000 3.351670742 1.525941968 9.262308121 0.013285087 -0.024019714 -0.023412511 -0.999349058
1403636648013555456.000000 3.355523586 1.548228860 9.280045509 -0.021278337 0.023417335 0.025519311 0.999173522
1403636648063555584.000000 3.357836485 1.571218967 9.299129486 -0.030852148 0.022884371 0.028697232 0.998849869
1403636648113555456.000000 3.357882977 1.594622135 9.317999840 -0.041833144 0.022396803 0.032824244 0.998334110
1403636648163555584.000000 3.357196808 1.619260788 9.334878922 -0.053943321 0.022403326 0.037240129 0.997597873
1403636648213555456.000000 3.354656219 1.643324494 9.352800369 -0.066265658 0.022685569 0.041433390 0.996683240
1403636648263555584.000000 3.348415375 1.667428493 9.369683266 0.079072125 -0.023069570 -0.046516545 -0.995515764
1403636648313555456.000000 3.345317125 1.692309618 9.386234283 -0.092162043 0.022793764 0.051680245 0.994140744
1403636648363555584.000000 3.338386059 1.717092514 9.401583672 -0.105499208 0.023411360 0.056047425 0.992562652
1403636648413555456.000000 3.328569412 1.741341829 9.413715363 0.119132251 -0.023230940 -0.060596764 -0.990755260
1403636648463555584.000000 3.326762199 1.769023299 9.425827980 -0.132623523 0.022068188 0.065611139 0.988746285
1403636648513555456.000000 3.316380262 1.793672085 9.437920570 -0.145920709 0.022062354 0.070651971 0.986523628
1403636648563555584.000000 3.307420254 1.818311930 9.448221207 0.157698706 -0.022290235 -0.075223811 -0.984365582
1403636648613555456.000000 3.301458836 1.843209743 9.460977554 -0.168096080 0.022187350 0.078570083 0.982383966
1403636648663555584.000000 3.294047356 1.866763473 9.467168808 -0.176911920 0.020602789 0.080949865 0.980675697
1403636648713555456.000000 3.287248850 1.889294386 9.471681595 0.184755996 -0.017624933 -0.081967786 -0.979201674
1403636648763555584.000000 3.285817146 1.914317131 9.481910706 -0.190560117 0.014175653 0.083949715 0.977976680
1403636648813555456.000000 3.281715631 1.936649680 9.485223770 -0.194577351 0.006771252 0.086246327 0.977064729
1403636648863555584.000000 3.280740976 1.959433556 9.488527298 0.197427779 0.000199555 -0.088740259 -0.976292729
1403636648913555456.000000 3.288125753 1.985272408 9.493467331 -0.199543178 -0.007359853 0.089191213 0.975793719
1403636648963555584.000000 3.291787148 2.008067608 9.495615959 -0.200815424 -0.011970362 0.089853972 0.975426197
1403636649013555456.000000 3.299030304 2.031144619 9.498480797 0.202218279 0.013254823 -0.089404538 -0.975161016
1403636649063555584.000000 3.310911179 2.057080984 9.505025864 -0.203081593 -0.010020056 0.088148654 0.975134552
1403636649113555456.000000 3.323032379 2.080701351 9.507859230 -0.203623116 -0.003080218 0.085949175 0.975264549
1403636649163555584.000000 3.337434292 2.105008364 9.511950493 0.203674227 -0.004821727 -0.084613435 -0.975363672
1403636649213555456.000000 3.356330633 2.134129763 9.518671036 -0.203756720 0.011482033 0.081934832 0.975519419
1403636649263555584.000000 3.372711658 2.157650709 9.520889282 -0.203265250 0.016790278 0.080110900 0.975696504
1403636649313555456.000000 3.390340090 2.180085659 9.522017479 0.202370942 -0.018348236 -0.079093747 -0.975937307
1403636649363555584.000000 3.409826994 2.205299139 9.526657104 -0.200983167 0.017216707 0.078317933 0.976307213
1403636649413555456.000000 3.429139137 2.226962090 9.525462151 -0.199320480 0.014842511 0.078168057 0.976698995
1403636649463555584.000000 3.449980736 2.249154806 9.524490356 0.197357967 -0.011057582 -0.077794395 -0.977177441
1403636649513555456.000000 3.473405361 2.271240950 9.523566246 -0.195394546 0.011109741 0.077264421 0.977613330
1403636649563555584.000000 3.498006344 2.292190313 9.519766808 -0.193319291 0.013949383 0.077158235 0.977997780
1403636649613555456.000000 3.523871899 2.313516617 9.515529633 0.192163706 -0.017178375 -0.078290768 -0.978084147
1403636649663555584.000000 3.549097538 2.335758448 9.514251709 -0.192611143 0.021393120 0.080209255 0.977757573
1403636649713555456.000000 3.571435452 2.356566191 9.508269310 -0.195064992 0.023721833 0.082742602 0.977005959
1403636649763555584.000000 3.591708899 2.377274036 9.502628326 0.199363291 -0.025478061 -0.083567567 -0.976023436
1403636649813555456.000000 3.610351086 2.398787022 9.499865532 -0.203351110 0.026298517 0.083873145 0.975152314
1403636649863555584.000000 3.626814604 2.418820858 9.493421555 -0.207324877 0.027568562 0.083962470 0.974272370
1403636649913555456.000000 3.641172886 2.438454866 9.487836838 0.210787192 -0.028133975 -0.084130950 -0.973498464
1403636649963555584.000000 3.655751228 2.459265232 9.486539841 -0.214124426 0.028343014 0.083886892 0.972784936
1403636650013555456.000000 3.664793491 2.478351593 9.481093407 -0.216980800 0.028123008 0.083858147 0.972160637
1403636650063555584.000000 3.671121120 2.497181177 9.476082802 0.219613433 -0.028929919 -0.084734172 -0.971469581
1403636650113555456.000000 3.675436258 2.517798901 9.473346710 -0.223462731 0.029272866 0.086462446 0.970428646
1403636650163555584.000000 3.676381350 2.535835743 9.466743469 -0.229293004 0.029753312 0.088503048 0.968868792
1403636650213555456.000000 3.674597263 2.553445578 9.458966255 -0.237529248 0.029008938 0.090768427 0.966695130
1403636650263555584.000000 3.672469139 2.571249962 9.455465317 -0.247501150 0.028501192 0.094471693 0.963849604
1403636650313555456.000000 3.666666985 2.588391781 9.447617531 -0.258101732 0.027825544 0.099458419 0.960581779
1403636650363555584.000000 3.658209324 2.605521441 9.437351227 0.270009935 -0.025975700 -0.104191177 -0.956851184
1403636650413555456.000000 3.653856993 2.623083830 9.433963776 -0.282436669 0.023902161 0.109132767 0.952758312
1403636650463555584.000000 3.644361258 2.639045954 9.424332619 -0.295077413 0.020888673 0.114087544 0.948407650
1403636650513555456.000000 3.634112835 2.654119492 9.414165497 0.307103455 -0.017427539 -0.119209543 -0.944019496
1403636650563555584.000000 3.623682976 2.668380260 9.405166626 -0.317194402 0.013990054 0.124277540 0.940078259
1403636650613555456.000000 3.611288071 2.682099342 9.395078659 -0.325888038 0.011498953 0.128170386 0.936609387
1403636650663555584.000000 3.598730087 2.694978237 9.385877609 0.333099335 -0.009799680 -0.131508991 -0.933624268
1403636650713555456.000000 3.588564873 2.709372044 9.383405685 -0.339847505 0.008011062 0.134127915 0.930832505
1403636650763555584.000000 3.576984406 2.721591949 9.373188019 -0.345028609 0.007663552 0.136553660 0.928574026
1403636650813555456.000000 3.567628622 2.733606815 9.362770081 0.349490076 -0.008243861 -0.137847140 -0.926707566
1403636650863555584.000000 3.561487913 2.746493340 9.353715897 -0.353361845 0.010255123 0.137742296 0.925233722
1403636650913555456.000000 3.557102680 2.758127451 9.341272354 -0.356572449 0.014105757 0.136573255 0.924123824
1403636650963555584.000000 3.554521799 2.769187927 9.328779221 0.358625799 -0.017718919 -0.135839030 -0.923375070
1403636651013555456.000000 3.548244953 2.784110069 9.319368362 -0.360352367 0.020702252 0.134046257 0.922902584
1403636651063555584.000000 3.548225880 2.794351816 9.305278778 -0.361056477 0.022294195 0.133154497 0.922719419
1403636651113555456.000000 3.549316883 2.803788662 9.290306091 -0.360911518 0.023942009 0.132718131 0.922797740
1403636651163555584.000000 3.555502415 2.813548088 9.281801224 -0.360566407 0.023195932 0.132823423 0.922936559
1403636651213555456.000000 3.558584213 2.821620941 9.265059471 -0.359267980 0.021429347 0.133307129 0.923415720
1403636651263555584.000000 3.562494993 2.829120874 9.247588158 0.358193099 -0.019077079 -0.133630529 -0.923838019
1403636651313555456.000000 3.560674667 2.838542461 9.227588654 -0.356819034 0.016628336 0.133571759 0.924425423
1403636651363555584.000000 3.565380573 2.844919205 9.209379196 -0.354917079 0.013915628 0.134582803 0.925055563
1403636651413555456.000000 3.569084883 2.851100445 9.191421509 -0.353430480 0.012325447 0.134351194 0.925680697
1403636651463555584.000000 3.570783615 2.857011318 9.174741745 0.351508290 -0.011447188 -0.134456351 -0.926408410
1403636651513555456.000000 3.577491522 2.865099669 9.168928146 -0.350005001 0.011219298 0.134159401 0.927023172
1403636651563555584.000000 3.576180935 2.870591640 9.152722359 -0.348528445 0.013928733 0.133441985 0.927646041
1403636651613555456.000000 3.573399544 2.876247883 9.137384415 0.347519070 -0.017544145 -0.131490573 -0.928241849
1403636651663555584.000000 3.569389582 2.881221294 9.121866226 0.346402586 -0.021106273 -0.130584911 -0.928712726
1403636651713555456.000000 3.557199001 2.883013010 9.095449448 0.345421851 -0.024518270 -0.130496860 -0.929006577
1403636651763555584.000000 3.556894064 2.889824867 9.090157509 0.345320910 -0.026633365 -0.133776575 -0.928519309
1403636651813555456.000000 3.550807953 2.896973848 9.079149246 -0.346470773 0.029818850 0.138547435 0.927293658
1403636651863555584.000000 3.541152716 2.900781631 9.061577797 -0.349646032 0.033183917 0.142807677 0.925339103
1403636651913555456.000000 3.529365540 2.904471874 9.042908669 -0.354961157 0.035256252 0.147466823 0.922503769
1403636651963555584.000000 3.520930529 2.911602974 9.028757095 -0.362239361 0.036954504 0.151998132 0.918865442
1403636652013555456.000000 3.506309509 2.915853977 9.008201599 -0.371739179 0.038111638 0.155184701 0.914480925
1403636652063555584.000000 3.488928080 2.920472860 8.986951828 0.383375853 -0.036394697 -0.158423126 -0.909175754
1403636652113555456.000000 3.474728584 2.927649975 8.966887474 -0.397026896 0.032623645 0.160520047 0.903071880
1403636652163555584.000000 3.455123186 2.931625366 8.942873001 -0.412121177 0.028369894 0.163386807 0.895910800
1403636652213555456.000000 3.433698893 2.935366154 8.918903351 0.428079158 -0.023322903 -0.168000087 -0.887682557
1403636652263555584.000000 3.415493488 2.939696550 8.895441055 -0.443654060 0.018633677 0.173936933 0.878959537
1403636652313555456.000000 3.389471769 2.939560413 8.869378090 -0.458828151 0.012045216 0.181452572 0.869716465
1403636652363555584.000000 3.362524033 2.939053059 8.843942642 0.472939104 -0.006456158 -0.189150155 -0.860528469
1403636652413555456.000000 3.347273350 2.944993258 8.820684433 -0.485548437 0.002540412 0.195380449 0.852093160
1403636652463555584.000000 3.321409464 2.945300341 8.795950890 -0.495821685 0.000114420 0.201272920 0.844778180
1403636652513555456.000000 3.296751976 2.945892334 8.771222115 -0.504233301 -0.002332543 0.206785083 0.838441014
1403636652563555584.000000 3.278360844 2.949814320 8.751068115 -0.511343539 -0.005442532 0.212276101 0.832728624
1403636652613555456.000000 3.258314133 2.952148914 8.725679398 -0.516640782 -0.009289484 0.216794103 0.828248918
1403636652663555584.000000 3.241766453 2.956582069 8.700429916 0.520995677 0.014067432 -0.220082998 -0.824578166
1403636652713555456.000000 3.232018471 2.965705633 8.677267075 -0.525104940 -0.017521089 0.220506161 0.821787655
1403636652763555584.000000 3.220426559 2.972148418 8.651165962 -0.527198553 -0.018430857 0.222448736 0.819901586
1403636652813555456.000000 3.212028027 2.980764151 8.625090599 0.529209256 0.019025864 -0.222381815 -0.818609774
1403636652863555584.000000 3.209390163 2.993620157 8.601278305 -0.530419886 -0.018102774 0.222537979 0.817804337
1403636652913555456.000000 3.204779148 3.004938364 8.575222969 -0.531410575 -0.016609222 0.220898896 0.817637265
1403636652963555584.000000 3.202531338 3.017227888 8.549000740 0.532126367 0.015148407 -0.218704358 -0.817790031
1403636653013555456.000000 3.204141140 3.036142349 8.530488014 -0.532454491 -0.013410610 0.216755539 0.818125546
1403636653063555584.000000 3.198815107 3.050266027 8.506522179 -0.532694578 -0.011953328 0.213574544 0.818828166
1403636653113555456.000000 3.190611124 3.066145420 8.485723495 0.532333195 0.008894137 -0.211268708 -0.819699883
1403636653163555584.000000 3.180739880 3.084922791 8.469460487 -0.532206833 -0.005616037 0.207628950 0.820740283
1403636653213555456.000000 3.168915510 3.102065563 8.450683594 -0.532082081 -0.000996800 0.203476995 0.821878791
1403636653263555584.000000 3.159012794 3.121323586 8.433265686 0.531658649 -0.003909532 -0.199353084 -0.823153853
1403636653313555456.000000 3.148018837 3.137782097 8.417168617 -0.531375587 0.007507609 0.194824055 0.824395061
1403636653363555584.000000 3.140164375 3.155530691 8.398893356 -0.530064404 0.009644325 0.192315131 0.825804889
1403636653413555456.000000 3.133995056 3.171734571 8.380777359 -0.528479576 0.010498014 0.190582573 0.827210665
1403636653463555584.000000 3.130423546 3.188147068 8.361398697 -0.526769459 0.010314954 0.189986095 0.828440070
1403636653513555456.000000 3.130022287 3.203797817 8.341590881 0.524928629 -0.009899880 -0.189261928 -0.829778254
1403636653563555584.000000 3.129524231 3.218258142 8.321407318 -0.522953749 0.009560047 0.189337835 0.831010997
1403636653613555456.000000 3.132269382 3.233072281 8.300561905 -0.521726668 0.011311123 0.188680723 0.831909239
1403636653663555584.000000 3.128132343 3.244087696 8.283835411 -0.520861506 0.013511537 0.186778963 0.832847178
1403636653713555456.000000 3.130501270 3.257699966 8.263303757 -0.520403624 0.015452862 0.184802666 0.833540261
1403636653763555584.000000 3.130393744 3.266813755 8.247825623 -0.520210743 0.017764611 0.183678627 0.833862901
1403636653813555456.000000 3.129532099 3.278546810 8.228495598 -0.519853652 0.018670907 0.182117954 0.834407985
1403636653863555584.000000 3.124265671 3.288053513 8.211485863 -0.520023763 0.019600196 0.180719301 0.834584773
1403636653913555456.000000 3.119833469 3.297631264 8.193323135 -0.519845665 0.019771321 0.180400491 0.834760606
1403636653963555584.000000 3.113458872 3.305469036 8.176282883 0.518880069 -0.019445729 -0.182485551 -0.834915817
1403636654013555456.000000 3.100659370 3.310051203 8.162032127 -0.517835081 0.019059520 0.185369700 0.834938169
1403636654063555584.000000 3.091637611 3.316501379 8.145563126 -0.516852677 0.019243533 0.187830403 0.834992647
1403636654113555456.000000 3.086209059 3.323546886 8.127012253 0.517337501 -0.020034757 -0.189342096 -0.834332108
1403636654163555584.000000 3.064804554 3.321738482 8.117109299 -0.519416451 0.021614488 0.190580696 0.832717419
1403636654213555456.000000 3.056714535 3.326643467 8.099123001 -0.522806585 0.022472797 0.191455141 0.830369294
1403636654263555584.000000 3.048593044 3.330686569 8.080230713 0.527465343 -0.021141389 -0.192035347 -0.827318430
1403636654313555456.000000 3.037145615 3.329079390 8.061964035 -0.533034265 0.019546349 0.193664193 0.823399484
1403636654363555584.000000 3.033030510 3.331975460 8.040563583 -0.538833320 0.017423833 0.196351022 0.819024622
1403636654413555456.000000 3.029879332 3.334241867 8.018879890 0.545716763 -0.015077369 -0.199104339 -0.813832521
1403636654463555584.000000 3.026164055 3.334937334 7.996770859 -0.552777946 0.013609837 0.202191308 0.808313072
1403636654513555456.000000 3.027161837 3.336187601 7.973085403 -0.561002672 0.011971211 0.204568848 0.802050054
1403636654563555584.000000 3.029922009 3.336775780 7.948226929 0.569532216 -0.010442883 -0.207471028 -0.795285940
1403636654613555456.000000 3.027692795 3.337611675 7.924180031 -0.575997233 0.009183843 0.211899757 0.789456427
1403636654663555584.000000 3.028968334 3.337378979 7.901285648 -0.580919266 0.008408859 0.218072221 0.784159839
1403636654713555456.000000 3.027989864 3.324952126 7.883570671 -0.585816860 0.006339278 0.222073764 0.779398263
1403636654763555584.000000 3.026648045 3.323868990 7.862619400 -0.589837849 0.004837154 0.225155666 0.775482416
1403636654813555456.000000 3.020852089 3.329253435 7.840231895 -0.593952000 0.004446890 0.226311073 0.772000372
1403636654863555584.000000 3.015793562 3.328281641 7.821221828 -0.597307622 0.003237470 0.227617338 0.769027650
1403636654913555456.000000 3.008702755 3.327222586 7.802960396 0.600473166 -0.003290939 -0.227947414 -0.766460180
1403636654963555584.000000 3.005154610 3.317507267 7.788158417 -0.603956163 0.004612863 0.225940332 0.764308035
1403636655013555456.000000 2.996117592 3.316547632 7.771438122 -0.606907189 0.008831383 0.223412603 0.762674570
1403636655063555584.000000 2.987079620 3.314574003 7.755212784 -0.609139502 0.012808391 0.221324518 0.761446357
1403636655113555456.000000 2.975957155 3.312491894 7.739777565 -0.610758066 0.015878534 0.219903082 0.760503232
1403636655163555584.000000 2.965685844 3.309068680 7.724442959 -0.612303436 0.018432699 0.218030602 0.759741724
1403636655213555456.000000 2.953550339 3.305220842 7.709583282 -0.612777710 0.021363754 0.217504889 0.759433210
1403636655263555584.000000 2.942302465 3.300166130 7.694478989 -0.614233315 0.023966465 0.217897519 0.758065820
1403636655313555456.000000 2.928705692 3.294282913 7.679132462 -0.616500735 0.025648966 0.218293369 0.756053627
1403636655363555584.000000 2.919775248 3.288389444 7.664759636 -0.619323671 0.027780429 0.219724104 0.753251433
1403636655413555456.000000 2.906908989 3.279094219 7.648801804 -0.622025967 0.029618120 0.221380889 0.750464559
1403636655463555584.000000 2.897799253 3.272254467 7.632109165 -0.625651300 0.030199382 0.222017229 0.747232795
1403636655513555456.000000 2.888271809 3.260446072 7.613695145 -0.629773378 0.029912660 0.224009395 0.743176043
1403636655563555584.000000 2.880114317 3.247843266 7.592293739 -0.633271039 0.026890274 0.229204178 0.738722026
1403636655613555456.000000 2.870642662 3.231560469 7.572206497 -0.637000024 0.022333311 0.235959843 0.733522475
1403636655663555584.000000 2.861409187 3.215603352 7.552015305 -0.640309870 0.018908411 0.243354231 0.728302479
1403636655713555456.000000 2.848887444 3.198058605 7.532950401 -0.643008411 0.015710825 0.249924093 0.723761976
1403636655763555584.000000 2.834435225 3.182207584 7.514050484 -0.646675587 0.012732627 0.254623175 0.718898892
1403636655813555456.000000 2.815632343 3.164781570 7.496254921 -0.651056349 0.011525602 0.259019405 0.713373482
1403636655863555584.000000 2.795184374 3.157446384 7.487058163 -0.656346500 0.011124853 0.263230234 0.706962049
1403636655913555456.000000 2.771158695 3.140176296 7.469834328 -0.662379444 0.011146139 0.267510712 0.699690878
1403636655963555584.000000 2.748963594 3.129377842 7.453435898 -0.669249117 0.011781630 0.270757437 0.691850662
1403636656013555456.000000 2.726017952 3.112838745 7.434726715 -0.674923301 0.013022399 0.273244917 0.685307324
1403636656063555584.000000 2.707068205 3.102645874 7.415956020 0.680665553 -0.013386457 -0.274565637 -0.679064751
1403636656113555456.000000 2.687643766 3.086183071 7.394035339 0.685393989 -0.011815674 -0.275332153 -0.674008727
1403636656163555584.000000 2.672394276 3.074661732 7.370873451 0.689300597 -0.010388973 -0.275924057 -0.669793010
1403636656213555456.000000 2.658264637 3.058527946 7.345831394 0.692659080 -0.006813497 -0.275958002 -0.666351378
1403636656263555584.000000 2.648386955 3.047342777 7.321929932 0.694866300 -0.005362884 -0.276725233 -0.663743436
1403636656313555456.000000 2.638918400 3.032349586 7.294453621 0.696390510 -0.003529477 -0.277671516 -0.661760151
1403636656363555584.000000 2.632999659 3.022382736 7.266721725 0.697252512 -0.003024195 -0.278836101 -0.660363793
1403636656413555456.000000 2.628044128 3.009849072 7.237150192 0.697742939 -0.001822271 -0.279134035 -0.659723997
1403636656463555584.000000 2.628023863 3.009623528 7.214199543 0.697996914 -0.001765187 -0.279576451 -0.659267962
1403636656513555456.000000 2.625974178 2.999229431 7.183071613 0.698033571 -0.000541361 -0.279108196 -0.659429669
1403636656563555584.000000 2.625105143 2.993715286 7.154754639 0.698380172 -0.000189877 -0.277351618 -0.659803927
1403636656613555456.000000 2.622635841 2.985432148 7.123486519 0.698616087 -0.000827279 -0.275057286 -0.660513818
1403636656663555584.000000 2.619928837 2.980844021 7.093457222 0.699226618 -0.003785177 -0.271493644 -0.661331296
1403636656713555456.000000 2.616260052 2.974331379 7.062736511 0.700351298 -0.009634468 -0.265813589 -0.662388384
1403636656763555584.000000 2.612352610 2.969692707 7.037598133 0.701433539 -0.014746475 -0.260392725 -0.663301766
1403636656813555456.000000 2.605073452 2.963284016 7.007741928 0.702366650 -0.017246351 -0.255188584 -0.664275944
1403636656863555584.000000 2.595710516 2.957279682 6.979573250 0.702948570 -0.018042589 -0.251094908 -0.665198565
1403636656913555456.000000 2.584976673 2.950085163 6.950999260 0.703046679 -0.019735768 -0.248010859 -0.666203141
1403636656963555584.000000 2.572933197 2.941286087 6.925947189 0.702582836 -0.021442737 -0.246507093 -0.667197049
1403636657013555456.000000 2.558926582 2.932165146 6.899718761 0.701849878 -0.023771871 -0.246011227 -0.668072045
1403636657063555584.000000 2.543237209 2.921555519 6.875552177 0.701052547 -0.026047830 -0.246048704 -0.668810070
1403636657113555456.000000 2.526395321 2.910301685 6.850922108 0.700005531 -0.028180601 -0.246822461 -0.669534743
1403636657163555584.000000 2.513782024 2.897420883 6.833669186 0.698897779 -0.030187314 -0.248153552 -0.670112312
1403636657213555456.000000 2.497960806 2.883889198 6.808884621 0.697570682 -0.031566638 -0.250127435 -0.670697391
1403636657263555584.000000 2.484146118 2.866826534 6.785092354 0.696213782 -0.030625477 -0.253176689 -0.671006739
1403636657313555456.000000 2.470645666 2.850954533 6.759101868 0.695294261 -0.029069817 -0.255460560 -0.671163738
1403636657363555584.000000 2.458416939 2.832286835 6.732848167 0.694137514 -0.027704410 -0.258879930 -0.671108663
1403636657413555456.000000 2.445673466 2.815209389 6.705891132 0.692441642 -0.025917755 -0.264011979 -0.670932591
1403636657463555584.000000 2.432257652 2.795665741 6.679179192 0.690714657 -0.023208480 -0.269018799 -0.670822978
1403636657513555456.000000 2.417616367 2.777942181 6.651851654 0.689124286 -0.021251976 -0.273463666 -0.670726240
1403636657563555584.000000 2.401819229 2.757381439 6.623569489 0.688450813 -0.018886197 -0.275906384 -0.670488238
1403636657613555456.000000 2.384953499 2.739932537 6.595675468 0.688228011 -0.017700538 -0.276883513 -0.670346558
1403636657663555584.000000 2.369639635 2.720521927 6.570816994 0.688159227 -0.017155755 -0.277283281 -0.670266092
1403636657713555456.000000 2.350903511 2.703419209 6.542454720 0.688512683 -0.017945675 -0.277130604 -0.669945478
1403636657763555584.000000 2.332009792 2.685124397 6.512883186 0.689414024 -0.018885262 -0.277885407 -0.668678820
1403636657813555456.000000 2.310449123 2.668287277 6.483707428 0.690108776 -0.019715300 -0.279733121 -0.667166173
1403636657863555584.000000 2.289531469 2.650973797 6.454404831 0.689831436 -0.021533458 -0.283779979 -0.665686011
1403636657913555456.000000 2.266745329 2.634272575 6.423981667 0.689101219 -0.022475611 -0.288603574 -0.664336085
1403636657963555584.000000 2.246618271 2.617435455 6.391559601 0.688734889 -0.022611104 -0.292032391 -0.663212001
1403636658013555456.000000 2.226138592 2.601711273 6.357202530 0.689335823 -0.021380069 -0.292745531 -0.662313402
1403636658063555584.000000 2.209732056 2.586740971 6.320088863 0.690448523 -0.018238353 -0.292172492 -0.661500871
1403636658113555456.000000 2.192553520 2.570075989 6.281771660 0.692773342 -0.014259268 -0.288150758 -0.660931945
1403636658163555584.000000 2.177398205 2.554258347 6.240005493 0.694619358 -0.009874433 -0.285409361 -0.660263658
1403636658213555456.000000 2.161522150 2.538578033 6.199244976 0.696467936 -0.006819538 -0.282624573 -0.659552395
1403636658263555584.000000 2.148095608 2.527056694 6.159230232 0.698408663 -0.002662654 -0.279100686 -0.659030497
1403636658313555456.000000 2.130031824 2.512092113 6.119051933 0.699510932 -0.000054517 -0.277494073 -0.658544958
1403636658363555584.000000 2.111291170 2.501415253 6.080136776 0.700589895 0.001918494 -0.276153326 -0.657958567
1403636658413555456.000000 2.091425419 2.487846375 6.041030884 0.701187670 0.003987963 -0.275478750 -0.657595277
1403636658463555584.000000 2.072801113 2.478525639 6.002194881 0.702124000 0.006794482 -0.274069130 -0.657162070
1403636658513555456.000000 2.052181244 2.466312408 5.964051723 0.703021526 0.009684532 -0.272184551 -0.656949461
1403636658563555584.000000 2.032746553 2.458577633 5.926487923 0.704401135 0.013108952 -0.269064009 -0.656697631
1403636658613555456.000000 2.012033463 2.448225021 5.889871597 0.705395222 0.015631907 -0.266592324 -0.656583488
1403636658663555584.000000 1.991516829 2.441668034 5.854636669 0.706006110 0.016986972 -0.265202016 -0.656456172
1403636658713555456.000000 1.970617294 2.432974339 5.820337772 0.706854403 0.017549405 -0.263166755 -0.656347632
1403636658763555584.000000 1.949388504 2.427507401 5.787722111 0.708094835 0.018085642 -0.259964108 -0.656272352
1403636658813555456.000000 1.928339005 2.420574188 5.755730629 0.709910870 0.018736027 -0.255192250 -0.656165004
1403636658863555584.000000 1.906849146 2.416405678 5.725879669 0.711276889 0.017906006 -0.251626134 -0.656086028
1403636658913555456.000000 1.885857582 2.410987377 5.697263241 0.711927593 0.013941423 -0.250257164 -0.656000137
1403636658963555584.000000 1.864038706 2.406359673 5.671564579 0.712120593 0.008506454 -0.250566274 -0.655765593
1403636659013555456.000000 1.842402101 2.401418686 5.646329403 0.711927295 0.003819518 -0.251156658 -0.655793726
1403636659063555584.000000 1.819215894 2.398317814 5.621676445 0.712263942 -0.001135955 -0.249705881 -0.655992270
1403636659113555456.000000 1.796516418 2.393192768 5.598474503 0.712410271 -0.003992934 -0.249072313 -0.656062961
1403636659163555584.000000 1.771030903 2.383945465 5.577559471 0.712682247 -0.006711747 -0.248359621 -0.656015575
1403636659213555456.000000 1.747675419 2.378049850 5.556476593 0.712721646 -0.008365306 -0.247732416 -0.656190991
1403636659263555584.000000 1.725893021 2.372272015 5.538699150 0.712687194 -0.008987090 -0.248548031 -0.655911624
1403636659313555456.000000 1.704710603 2.365087986 5.518731594 0.712005734 -0.007301168 -0.250130653 -0.656071067
1403636659363555584.000000 1.684224367 2.355344772 5.500725746 0.711143076 -0.005047830 -0.252682745 -0.656049967
1403636659413555456.000000 1.666092992 2.347692966 5.481356621 0.710049748 -0.001161048 -0.255335957 -0.656225264
1403636659463555584.000000 1.645942211 2.337199688 5.460597992 0.708678305 0.002759190 -0.257791966 -0.656742632
1403636659513555456.000000 1.632298708 2.330197334 5.440903664 0.708836436 0.004936772 -0.257842571 -0.656539321
1403636659563555584.000000 1.621405602 2.321251392 5.425266266 0.708472788 0.004173873 -0.260202438 -0.656005800
1403636659613555456.000000 1.608363271 2.314465046 5.406528473 0.709408343 0.004113066 -0.258302629 -0.655745924
1403636659663555584.000000 1.593508720 2.305501461 5.389502525 0.710393071 0.003081528 -0.256862134 -0.655251145
1403636659713555456.000000 1.578595400 2.298747063 5.373185635 0.711362064 0.002253031 -0.255399376 -0.654774904
1403636659763555584.000000 1.562758207 2.289481640 5.359676361 0.712323427 0.001066956 -0.254469901 -0.654094219
1403636659813555456.000000 1.545583487 2.282542706 5.346251011 0.713003039 0.001123409 -0.253910959 -0.653570712
1403636659863555584.000000 1.527351499 2.273413181 5.335027218 0.713373959 0.000469711 -0.254569888 -0.652910173
1403636659913555456.000000 1.508006573 2.265465736 5.324515343 0.713283539 0.001572683 -0.255974561 -0.652457774
1403636659963555584.000000 1.487271905 2.256226063 5.315578461 0.713082910 0.004977427 -0.258533448 -0.651650608
1403636660013555456.000000 1.466357231 2.248010635 5.307505608 0.712308288 0.007787768 -0.261722416 -0.651197195
1403636660063555584.000000 1.444597006 2.238549709 5.300009251 0.711552739 0.010805817 -0.265426904 -0.650480270
1403636660113555456.000000 1.422834158 2.230466843 5.293726444 0.711076379 0.013855717 -0.267943412 -0.649911344
1403636660163555584.000000 1.399830341 2.222367764 5.288537025 0.710535467 0.016299710 -0.270129144 -0.649541438
1403636660213555456.000000 1.377542615 2.215480328 5.283678055 0.710288525 0.016785214 -0.271056175 -0.649412870
1403636660263555584.000000 1.354759336 2.210272312 5.279532909 0.709577084 0.019258553 -0.273507178 -0.649094284
1403636660313555456.000000 1.333764315 2.205389977 5.275802612 0.708786309 0.022312807 -0.275925577 -0.648836911
1403636660363555584.000000 1.312711954 2.201943398 5.272177696 0.707078338 0.027692668 -0.280578583 -0.648497522
1403636660413555456.000000 1.294908285 2.199853420 5.268595219 0.705371022 0.031999715 -0.285336107 -0.648082733
1403636660463555584.000000 1.278657436 2.200715542 5.264380455 0.704401314 0.034176812 -0.287774205 -0.647948205
1403636660513555456.000000 1.265123844 2.202189445 5.260905266 0.704357386 0.034882363 -0.287411332 -0.648119330
1403636660563555584.000000 1.252243280 2.208101273 5.257442474 0.705639184 0.032613583 -0.284020662 -0.648337901
1403636660613555456.000000 1.238968849 2.213733196 5.255290508 0.707714140 0.028424362 -0.278223515 -0.648786962
1403636660663555584.000000 1.223585367 2.222996235 5.253349781 0.710327446 0.023991033 -0.270863771 -0.649224281
1403636660713555456.000000 1.208503008 2.231077194 5.253885269 0.712957203 0.020227240 -0.263275713 -0.649591386
1403636660763555584.000000 1.191257358 2.241316795 5.254779339 0.715638578 0.017994281 -0.255302846 -0.649890900
1403636660813555456.000000 1.174546957 2.250122070 5.258481026 0.717892349 0.017773826 -0.248373911 -0.650096238
1403636660863555584.000000 1.155755162 2.259465694 5.263023853 0.719736159 0.018685821 -0.242294744 -0.650326014
1403636660913555456.000000 1.137787342 2.267958641 5.270347118 0.720983684 0.018552421 -0.238515735 -0.650345027
1403636660963555584.000000 1.117222548 2.279819965 5.277743340 0.720950603 0.016358057 -0.238328427 -0.650509238
1403636661013555456.000000 1.098077297 2.287911415 5.289182663 0.720360458 0.012850710 -0.239750341 -0.650719225
1403636661063555584.000000 1.077318668 2.296581745 5.302543640 0.719815314 0.009182371 -0.241244555 -0.650832355
1403636661113555456.000000 1.057585120 2.303915977 5.317221165 0.719286442 0.005697391 -0.242710069 -0.650911987
1403636661163555584.000000 1.036744833 2.311996460 5.332419395 0.718723238 0.002836870 -0.244437203 -0.650906622
1403636661213555456.000000 1.018269539 2.318384171 5.348935604 0.718643069 -0.000412639 -0.244703740 -0.650901020
1403636661263555584.000000 0.999798179 2.327943802 5.364090919 0.718077838 -0.001605923 -0.246550620 -0.650825977
1403636661313555456.000000 0.985136092 2.331753731 5.381082535 0.717980623 -0.003298725 -0.246690691 -0.650873840
1403636661363555584.000000 0.971793115 2.336421967 5.397709370 0.717850804 -0.003969191 -0.246911868 -0.650929332
1403636661413555456.000000 0.961137116 2.339020252 5.414336681 0.717880487 -0.004003852 -0.246563852 -0.651028275
1403636661463555584.000000 0.951407552 2.342913628 5.431476116 0.717621088 -0.004531961 -0.247255683 -0.651048422
1403636661513555456.000000 0.944812417 2.344437122 5.447769165 0.717028618 -0.004068312 -0.248535797 -0.651216924
1403636661563555584.000000 0.938365340 2.348299980 5.463377953 0.716048777 -0.005225176 -0.250557810 -0.651511848
1403636661613555456.000000 0.935564220 2.348286629 5.479576588 0.714987993 -0.005431877 -0.253135145 -0.651678920
1403636661663555584.000000 0.933974981 2.348605156 5.496158600 0.714570463 -0.007037169 -0.253531039 -0.651967525
1403636661713555456.000000 0.935097456 2.347885132 5.511492729 0.714648187 -0.008029960 -0.252697349 -0.652194440
1403636661763555584.000000 0.936245382 2.346992970 5.527338028 0.713852823 -0.012862052 -0.254768640 -0.652182281
1403636661813555456.000000 0.940672040 2.344711781 5.542038918 0.712529898 -0.017423460 -0.257269442 -0.652541220
1403636661863555584.000000 0.945736647 2.342173576 5.556723118 0.711724699 -0.020772541 -0.258169383 -0.652966321
1403636661913555456.000000 0.953553617 2.338612080 5.569014549 0.711541533 -0.022478471 -0.258365870 -0.653031826
1403636661963555584.000000 0.962588251 2.334550858 5.580691338 0.710931599 -0.023531495 -0.258581758 -0.653573275
1403636662013555456.000000 0.973573208 2.329369545 5.590793133 0.711070240 -0.023607021 -0.257980973 -0.653657198
1403636662063555584.000000 0.984795213 2.323284626 5.601084709 0.711365283 -0.023481574 -0.256860882 -0.653781712
1403636662113555456.000000 0.997449517 2.316463470 5.609510422 0.711458743 -0.022993324 -0.256099433 -0.653996110
1403636662163555584.000000 1.007621646 2.310618401 5.617831230 0.711871266 -0.019414550 -0.255214006 -0.654009342
1403636662213555456.000000 1.017919660 2.301832199 5.626522541 0.712708771 -0.014625564 -0.253419042 -0.653919876
1403636662263555584.000000 1.026022673 2.291811466 5.636654377 0.713900506 -0.009406612 -0.250790179 -0.653729320
1403636662313555456.000000 1.033297539 2.281431198 5.646730423 0.714618206 -0.005467886 -0.249895632 -0.653332353
1403636662363555584.000000 1.038840771 2.270660877 5.658411980 0.715133131 -0.001445889 -0.249434054 -0.652966440
1403636662413555456.000000 1.043454885 2.259799004 5.670577049 0.715076268 0.002014755 -0.250937045 -0.652451217
1403636662463555584.000000 1.046171904 2.248561382 5.684366226 0.714291036 0.006100638 -0.254227668 -0.652011812
1403636662513555456.000000 1.048134089 2.237239361 5.699184895 0.713247061 0.009583531 -0.257940888 -0.651654363
1403636662563555584.000000 1.051622748 2.226902962 5.713919640 0.712032795 0.010722828 -0.262413204 -0.651178718
1403636662613555456.000000 1.052197933 2.216390133 5.730752945 0.710302174 0.007820555 -0.267965943 -0.650848687
1403636662663555584.000000 1.052343726 2.205913544 5.747888088 0.708557367 0.001088882 -0.274330378 -0.650144756
1403636662713555456.000000 1.051560283 2.196932793 5.765112400 0.707134426 -0.006069404 -0.278805554 -0.649762750
1403636662763555584.000000 1.051542521 2.185985088 5.781309605 0.706312835 -0.012120397 -0.281610042 -0.649362087
1403636662813555456.000000 1.048283815 2.177997589 5.797586441 0.706014335 -0.016580680 -0.283645749 -0.648701727
1403636662863555584.000000 1.043625712 2.169233322 5.813395977 0.705197215 -0.017057741 -0.286014557 -0.648538172
1403636662913555456.000000 1.037028670 2.161376953 5.828548908 0.704971015 -0.013423248 -0.287527204 -0.648200512
1403636662963555584.000000 1.031167150 2.151786327 5.842334747 0.704096973 -0.011033106 -0.290315092 -0.647952914
1403636663013555456.000000 1.023433685 2.144854546 5.855630398 0.702508152 -0.010823159 -0.294947743 -0.647588611
1403636663063555584.000000 1.016786098 2.138106823 5.867282867 0.700824380 -0.012138923 -0.299952120 -0.647090852
1403636663113555456.000000 1.010892630 2.132313728 5.876873970 0.699309051 -0.013865698 -0.303981423 -0.646815240
1403636663163555584.000000 1.006474376 2.126821041 5.883585453 0.698303103 -0.013062230 -0.306911260 -0.646535218
1403636663213555456.000000 1.002164125 2.123165607 5.888159752 0.699659526 -0.009203869 -0.304857790 -0.646106601
1403636663263555584.000000 0.997232795 2.120781898 5.890594482 0.702486277 -0.000080440 -0.297886461 -0.646356463
1403636663313555456.000000 0.990414381 2.118974686 5.893080235 0.704593062 0.008680400 -0.292680949 -0.646383226
1403636663363555584.000000 0.983942986 2.120181561 5.893963814 0.706114888 0.017317738 -0.288771510 -0.646307111
1403636663413555456.000000 0.973271787 2.120291233 5.897472858 0.706778705 0.025545891 -0.286496043 -0.646321356
1403636663463555584.000000 0.961643815 2.122104645 5.901607513 0.706713796 0.031591251 -0.285958916 -0.646362960
1403636663513555456.000000 0.948711216 2.125405788 5.906546593 0.706824720 0.037313800 -0.285825491 -0.645995617
1403636663563555584.000000 0.935206413 2.132000923 5.912391186 0.706691265 0.040901937 -0.285858750 -0.645909667
1403636663613555456.000000 0.921143472 2.139305115 5.919333458 0.706237853 0.042498250 -0.286558539 -0.645992458
1403636663663555584.000000 0.906737804 2.150594234 5.926740646 0.706029594 0.044222757 -0.286727548 -0.646029413
1403636663713555456.000000 0.893428564 2.162968636 5.934697151 0.706858039 0.047602877 -0.283577085 -0.646273732
1403636663763555584.000000 0.880724132 2.181912899 5.940846920 0.707775474 0.050596260 -0.279237777 -0.646931350
1403636663813555456.000000 0.871141911 2.198334217 5.949843884 0.709800959 0.053145133 -0.271988541 -0.647596002
1403636663863555584.000000 0.862922311 2.217096329 5.960701466 0.711791515 0.054747362 -0.264564186 -0.648352802
1403636663913555456.000000 0.858021140 2.238359451 5.972229958 0.713138223 0.054135624 -0.259021133 -0.649161994
1403636663963555584.000000 0.854409099 2.267757893 5.981269360 -0.714949787 -0.053478912 0.250674546 0.650499165
1403636664013555456.000000 0.855260074 2.292417049 5.995904922 -0.717005610 -0.051639415 0.242798343 0.651371956
1403636664063555584.000000 0.856990576 2.320371628 6.011664867 -0.717512131 -0.048498292 0.239257038 0.652365208
1403636664113555456.000000 0.862430394 2.346691132 6.030979156 -0.717090011 -0.043243814 0.238159388 0.653599322
1403636664163555584.000000 0.868174255 2.377161026 6.049711227 -0.716347754 -0.036616381 0.238125190 0.654829443
1403636664213555456.000000 0.877771378 2.404838085 6.072613716 -0.715353847 -0.029055087 0.238307163 0.656227410
1403636664263555584.000000 0.887422860 2.434942722 6.097008705 -0.714512289 -0.022046927 0.237904087 0.657562017
1403636664313555456.000000 0.894274414 2.462143421 6.124263763 -0.713419020 -0.016246181 0.238223895 0.658801019
1403636664363555584.000000 0.894468904 2.492854595 6.150044441 0.711999774 0.012687095 -0.238402054 -0.660348296
1403636664413555456.000000 0.893911779 2.518776417 6.182491779 0.710824370 0.009268321 -0.238310635 -0.661703050
1403636664463555584.000000 0.889691114 2.547412872 6.214536667 0.709408700 0.007212131 -0.238534376 -0.663165629
1403636664513555456.000000 0.885960877 2.571616650 6.250387669 0.708260715 0.004280483 -0.237954453 -0.664624810
1403636664563555584.000000 0.880977154 2.599146366 6.284587383 -0.706443846 -0.001506764 0.238466814 0.666384578
1403636664613555456.000000 0.878527820 2.621671200 6.321937561 -0.703783572 0.004543864 0.241517544 0.668084860
1403636664663555584.000000 0.876871526 2.646524906 6.357854843 -0.701839924 0.007505904 0.242445305 0.669764638
1403636664713555456.000000 0.877482533 2.667476654 6.394626617 -0.699321508 0.010073564 0.245397002 0.671288610
1403636664763555584.000000 0.879134476 2.690547943 6.428269386 -0.698228776 0.006310944 0.244840950 0.672673583
1403636664813555456.000000 0.883786261 2.709385872 6.463676453 -0.697497308 0.002579252 0.243411958 0.673974395
1403636664863555584.000000 0.889761567 2.730878830 6.497259140 -0.696161568 0.001473373 0.243083283 0.675475776
1403636664913555456.000000 0.898152947 2.749150276 6.532100201 -0.694804370 0.002403304 0.243719697 0.676640093
1403636664963555584.000000 0.906934857 2.769798756 6.565573692 -0.693040431 0.000065121 0.245787427 0.677704573
1403636665013555456.000000 0.918251276 2.787457943 6.600020885 -0.690736592 -0.001086230 0.249516383 0.678692460
1403636665063555584.000000 0.931210041 2.806340694 6.633464336 -0.688738108 -0.004599049 0.253095716 0.679382980
1403636665113555456.000000 0.946267128 2.821947098 6.666598797 -0.686653316 -0.006653084 0.256434381 0.680223823
1403636665163555584.000000 0.963153601 2.837953568 6.699097633 -0.685394287 -0.008668010 0.258691221 0.680616200
1403636665213555456.000000 0.980971277 2.858277798 6.731842518 -0.683427215 -0.005894611 0.262092769 0.681322157
1403636665263555584.000000 0.999299705 2.874455452 6.763534069 -0.682502747 0.001166760 0.263978750 0.681545198
1403636665313555456.000000 1.017853022 2.892340660 6.794637680 0.682533443 -0.006773230 -0.263188779 -0.681787372
1403636665363555584.000000 1.033312440 2.914036274 6.823318005 -0.682471216 0.009281073 0.262417644 0.682117283
1403636665413555456.000000 1.051040649 2.931941509 6.852972984 -0.683367908 0.008419723 0.260207176 0.682077467
1403636665463555584.000000 1.067653418 2.950182915 6.881623268 0.684624553 -0.003970412 -0.257564574 -0.681860685
1403636665513555456.000000 1.085708022 2.969810486 6.910345078 -0.686202705 -0.001963716 0.254600018 0.681396306
1403636665563555584.000000 1.102889299 2.986017704 6.938605309 -0.688124895 -0.006698257 0.250676811 0.680882096
1403636665613555456.000000 1.119781852 3.002330780 6.967450142 0.688976765 0.011578603 -0.249271885 -0.680470884
1403636665663555584.000000 1.140256763 3.020726204 6.996956348 -0.690092027 -0.013802789 0.247990027 0.679767251
1403636665713555456.000000 1.157861352 3.037074089 7.026860237 -0.691487074 -0.013956861 0.245971084 0.679079592
1403636665763555584.000000 1.176768422 3.055006027 7.057549477 0.693166435 0.012729316 -0.243203878 -0.678387940
1403636665813555456.000000 1.201235056 3.074177265 7.087903976 -0.694208145 -0.009951687 0.242037460 0.677786052
1403636665863555584.000000 1.220821261 3.091173172 7.120097160 -0.693868876 -0.001318369 0.244548216 0.677303851
1403636665913555456.000000 1.240697145 3.108182430 7.152600288 -0.692839742 0.006877979 0.248985693 0.676706672
1403636665963555584.000000 1.262817144 3.124529839 7.184968472 0.691717148 -0.013548438 -0.253847629 -0.675947726
1403636666013555456.000000 1.280690908 3.140756607 7.217798710 0.690654397 -0.017642464 -0.258145809 -0.675311744
1403636666063555584.000000 1.297423124 3.156581879 7.250171185 0.690087259 -0.019772006 -0.260354936 -0.674984515
1403636666113555456.000000 1.313849211 3.170178890 7.282551765 0.690908134 -0.019041553 -0.258950531 -0.674705863
1403636666163555584.000000 1.327394962 3.184814453 7.314078331 0.692568719 -0.016407330 -0.255375683 -0.674435019
1403636666213555456.000000 1.339726686 3.198997498 7.345685005 0.693507373 -0.015829049 -0.252753705 -0.674472153
1403636666263555584.000000 1.354008675 3.209540367 7.376364708 0.693678498 -0.015827576 -0.252109379 -0.674537361
1403636666313555456.000000 1.363561869 3.222528934 7.408107758 0.693746686 -0.018012434 -0.252000272 -0.674453139
1403636666363555584.000000 1.372105360 3.234301567 7.440066814 0.692973912 -0.021070022 -0.252777934 -0.674867868
1403636666413555456.000000 1.378951311 3.244138241 7.472997665 0.691672146 -0.023166472 -0.255417913 -0.675140500
1403636666463555584.000000 1.387639761 3.253966808 7.503271103 0.690160453 -0.023896789 -0.258156985 -0.675620139
1403636666513555456.000000 1.397657156 3.262709618 7.531895638 0.688861847 -0.023223685 -0.259784311 -0.676344693
1403636666563555584.000000 1.407325745 3.268731117 7.560924530 0.688416243 -0.019556738 -0.260173082 -0.676764786
1403636666613555456.000000 1.421249509 3.274777412 7.586003304 0.687613368 -0.014732488 -0.260547727 -0.677558720
1403636666663555584.000000 1.436427355 3.280822277 7.609474659 0.687433779 -0.008997406 -0.259381175 -0.678288460
1403636666713555456.000000 1.449776769 3.284693718 7.635811806 -0.686499476 0.002977797 0.260135651 0.678998649
1403636666763555584.000000 1.466671228 3.289917946 7.658489227 -0.685212553 -0.002228518 0.261625648 0.679728568
1403636666813555456.000000 1.484105945 3.294270992 7.681758881 0.683503687 0.004835228 -0.264484197 -0.680328965
1403636666863555584.000000 1.497695804 3.299761772 7.706872940 -0.680886686 -0.006418184 0.270175844 0.680703461
1403636666913555456.000000 1.512024283 3.305772305 7.730638027 -0.676425517 -0.003870911 0.280618817 0.680945396
1403636666963555584.000000 1.524005771 3.312034607 7.754620552 0.672433972 0.000676209 -0.290049225 -0.680957913
1403636667013555456.000000 1.534265399 3.320208549 7.780797958 0.670895696 -0.001871838 -0.293453515 -0.681014359
1403636667063555584.000000 1.544293165 3.329574585 7.802173138 0.670787871 -0.004013409 -0.292962402 -0.681322634
1403636667113555456.000000 1.553657770 3.340133667 7.821979523 0.674015701 -0.005441466 -0.284321994 -0.681787610
1403636667163555584.000000 1.559971452 3.352108479 7.842644691 0.678418100 -0.006089508 -0.272153378 -0.682381451
1403636667213555456.000000 1.566758871 3.364149094 7.861649513 0.681867898 -0.006655648 -0.262246817 -0.682816565
1403636667263555584.000000 1.571911097 3.376929760 7.880865097 0.685144722 -0.005409526 -0.252655983 -0.683163524
1403636667313555456.000000 1.574515343 3.388828278 7.902469635 -0.687004626 0.004160990 0.246597469 0.683518112
1403636667363555584.000000 1.577172637 3.400372982 7.923213959 -0.687744439 0.004348358 0.243592694 0.683850408
1403636667413555456.000000 1.578060389 3.411565304 7.945313454 0.687850595 -0.003102172 -0.242897749 -0.683997512
1403636667463555584.000000 1.579354286 3.420591354 7.967840672 -0.686819911 0.000149703 0.244699448 0.684397936
1403636667513555456.000000 1.579936266 3.430489063 7.991053104 -0.685377300 -0.002505707 0.247867793 0.684699416
1403636667563555584.000000 1.580216408 3.440650463 8.015064240 0.682863772 0.004301925 -0.254237026 -0.684866488
1403636667613555456.000000 1.582384944 3.449536800 8.038347244 -0.680337906 -0.004613841 0.261167675 0.684770525
1403636667663555584.000000 1.586359859 3.459923744 8.061240196 -0.678024352 -0.004122661 0.266725957 0.684925735
1403636667713555456.000000 1.592576146 3.470485210 8.082977295 0.676624656 0.002378407 -0.270293862 -0.684919536
1403636667763555584.000000 1.602705240 3.479456902 8.105804443 -0.676427722 -0.000727427 0.271275282 0.684729695
1403636667813555456.000000 1.611626744 3.491190434 8.125406265 -0.676665008 0.000944361 0.271172881 0.684535503
1403636667863555584.000000 1.620672584 3.502745152 8.144563675 -0.676769495 0.002048799 0.271637499 0.684245527
1403636667913555456.000000 1.630382895 3.512854099 8.162390709 -0.676922202 0.003255958 0.272184998 0.683872163
1403636667963555584.000000 1.637797475 3.524155140 8.180660248 -0.676978528 0.002301298 0.272852629 0.683554232
1403636668013555456.000000 1.644125581 3.535555363 8.198787689 0.677524984 -0.002680685 -0.272402227 -0.683190942
1403636668063555584.000000 1.649207234 3.548781395 8.217342377 -0.679053605 0.000999557 0.270267189 0.682525337
1403636668113555456.000000 1.651345253 3.561651707 8.235847473 -0.680652022 -0.000828024 0.268001914 0.681826353
1403636668163555584.000000 1.651941776 3.574957848 8.254172325 0.682319105 0.003204926 -0.265950471 -0.680955827
1403636668213555456.000000 1.651996613 3.593308449 8.274665833 -0.683482111 -0.006431661 0.265495062 0.679943562
1403636668263555584.000000 1.650051355 3.607677937 8.293874741 -0.684614778 -0.009258502 0.264797896 0.679042757
1403636668313555456.000000 1.647219181 3.622612000 8.313478470 -0.685999811 -0.011189843 0.264355958 0.677786887
1403636668363555584.000000 1.645299792 3.639008522 8.334632874 -0.687013209 -0.011742824 0.264211416 0.676806748
1403636668413555456.000000 1.641577005 3.654978752 8.355467796 -0.688314915 -0.011462172 0.263201118 0.675882041
1403636668463555584.000000 1.637527347 3.671783447 8.376475334 0.689857304 0.010546226 -0.261736661 -0.674892306
1403636668513555456.000000 1.634476781 3.691658974 8.399560928 -0.691008925 -0.010427454 0.260893971 0.674041808
1403636668563555584.000000 1.629864216 3.709074020 8.421756744 -0.691750169 -0.010142559 0.261187047 0.673171759
1403636668613555456.000000 1.625516772 3.726793289 8.444325447 -0.692492604 -0.010363606 0.260993838 0.672479689
1403636668663555584.000000 1.623197198 3.746717453 8.467832565 -0.693486094 -0.011133734 0.261003613 0.671438932
1403636668713555456.000000 1.619210720 3.765617371 8.491158485 -0.695135891 -0.013588166 0.258218229 0.670764387
1403636668763555584.000000 1.615487695 3.784869194 8.515402794 0.697386146 0.016223993 -0.253265202 -0.670258224
1403636668813555456.000000 1.614435554 3.805091381 8.539548874 -0.699890077 -0.017559724 0.248103634 0.669544816
1403636668863555584.000000 1.613242269 3.824406624 8.565077782 -0.701982021 -0.020192472 0.242061585 0.669492185
1403636668913555456.000000 1.614233136 3.843788624 8.591521263 0.704291999 0.020998521 -0.236091524 -0.669173121
1403636668963555584.000000 1.619302273 3.862834930 8.618307114 -0.704702675 -0.017395429 0.235279903 0.669130027
1403636669013555456.000000 1.624864221 3.880724430 8.647214890 -0.704079330 -0.011689141 0.237332091 0.669185460
1403636669063555584.000000 1.632927299 3.898227692 8.677048683 0.703602731 0.006130702 -0.239206508 -0.669093311
1403636669113555456.000000 1.643926620 3.917963505 8.707932472 -0.703239322 -0.000698761 0.241355613 0.668731213
1403636669163555584.000000 1.653687716 3.933390141 8.738804817 -0.703067839 0.001988045 0.242907152 0.668347061
1403636669213555456.000000 1.662825584 3.948197365 8.770153999 0.703196764 -0.004113845 -0.243303731 -0.668057501
1403636669263555584.000000 1.674046397 3.962684631 8.801587105 0.703513801 -0.005222175 -0.243052542 -0.667807221
1403636669313555456.000000 1.680758238 3.975681782 8.835043907 0.703975677 -0.004614686 -0.242689222 -0.667457104
1403636669363555584.000000 1.686663747 3.987855911 8.868814468 0.703721881 -0.004630323 -0.243994206 -0.667248785
1403636669413555456.000000 1.693459392 3.999248981 8.903433800 0.704028130 -0.005861891 -0.243298307 -0.667170167
1403636669463555584.000000 1.697919369 4.010180473 8.938902855 0.704471350 -0.008490609 -0.242022678 -0.667137980
1403636669513555456.000000 1.702604294 4.021539211 8.974762917 0.704876125 -0.010313652 -0.239908129 -0.667448521
1403636669563555584.000000 1.705521941 4.028483868 9.012197495 0.705679655 -0.012814665 -0.237073407 -0.667568982
1403636669613555456.000000 1.709536314 4.037158012 9.049016953 0.706993759 -0.016181186 -0.232410952 -0.667744935
1403636669663555584.000000 1.714914083 4.044487953 9.085889816 0.707741737 -0.019814907 -0.228732899 -0.668124437
1403636669713555456.000000 1.724190235 4.048885345 9.123373032 0.708581805 -0.023287516 -0.224944487 -0.668408155
1403636669763555584.000000 1.732660055 4.053914547 9.160141945 0.708519518 -0.026124172 -0.223900005 -0.668720067
1403636669813555456.000000 1.743378639 4.056311131 9.197020531 0.705603182 -0.033560254 -0.229899436 -0.669435680
1403636669863555584.000000 1.751299143 4.052105427 9.235661507 0.701124489 -0.043936905 -0.239941642 -0.670016408
1403636669913555456.000000 1.765275121 4.050076962 9.270771027 0.695545137 -0.051360000 -0.253145874 -0.670444846
1403636669963555584.000000 1.780158997 4.046581268 9.304035187 0.691248596 -0.055905506 -0.263285488 -0.670619726
1403636670013555456.000000 1.788928747 4.034809113 9.335651398 0.688241363 -0.057304952 -0.270506978 -0.670720577
1403636670063555584.000000 1.805155516 4.027660370 9.363108635 0.685660660 -0.058381617 -0.276107877 -0.670988441
1403636670113555456.000000 1.821467042 4.018479347 9.387416840 0.682622492 -0.059549075 -0.280582309 -0.672126532
1403636670163555584.000000 1.836347580 4.004515648 9.411256790 0.680158496 -0.063738592 -0.282195777 -0.673563182
1403636670213555456.000000 1.853184342 3.993789673 9.429463387 0.676611841 -0.072781220 -0.284038156 -0.675441921
1403636670263555584.000000 1.867466807 3.980529785 9.445514679 0.673365295 -0.081585899 -0.284747243 -0.677378833
1403636670313555456.000000 1.875465274 3.962054253 9.460286140 0.669986546 -0.088615477 -0.286073983 -0.679284215
1403636670363555584.000000 1.884282231 3.946141243 9.470561981 0.665828288 -0.092419229 -0.288354069 -0.681896925
1403636670413555456.000000 1.889684677 3.927285194 9.478209496 0.661046743 -0.094105333 -0.290282518 -0.685490668
1403636670463555584.000000 1.891218424 3.904353619 9.482666969 0.654893219 -0.095720135 -0.293284416 -0.689881742
1403636670513555456.000000 1.895148277 3.882509232 9.481167793 0.648439229 -0.096665546 -0.294773519 -0.695191264
1403636670563555584.000000 1.898088098 3.859094620 9.474793434 0.641104341 -0.096945152 -0.295025229 -0.701816976
1403636670613555456.000000 1.901494861 3.834549427 9.462819099 0.633642673 -0.096522450 -0.294384509 -0.708885193
1403636670663555584.000000 1.905253530 3.809175968 9.445113182 0.626143575 -0.095417075 -0.292342663 -0.716502368
1403636670713555456.000000 1.908488512 3.782431126 9.422025681 0.618339360 -0.094579972 -0.289480567 -0.724508226
1403636670763555584.000000 1.910911560 3.755297661 9.393930435 0.609919190 -0.094443373 -0.286813825 -0.732677937
1403636670813555456.000000 1.907810211 3.721057892 9.362723351 -0.600082874 0.096260488 0.285323113 0.741097391
1403636670863555584.000000 1.905633688 3.691985846 9.326805115 -0.588980496 0.099341862 0.284921497 0.749701917
1403636670913555456.000000 1.901174545 3.662134171 9.286955833 -0.577239037 0.103402883 0.284209251 0.758503795
1403636670963555584.000000 1.894362450 3.628520727 9.242188454 -0.564151227 0.109683156 0.283300638 0.767752469
1403636671013555456.000000 1.888110042 3.596502304 9.190676689 -0.551095426 0.113400638 0.279673964 0.777956724
1403636671063555584.000000 1.882361770 3.563247681 9.132111549 0.539059699 -0.114069939 -0.273422092 -0.788443446
1403636671113555456.000000 1.877203941 3.530530214 9.068605423 -0.528036892 0.110704452 0.265087068 0.799156010
1403636671163555584.000000 1.870704055 3.496246576 8.996550560 -0.517063975 0.105284110 0.257092208 0.809607148
1403636671213555456.000000 1.864006162 3.461786270 8.918470383 0.506990314 -0.098513208 -0.250376344 -0.818882048
1403636671263555584.000000 1.856624961 3.427100182 8.835520744 -0.498458534 0.089209639 0.243434414 0.827236652
1403636671313555456.000000 1.846945405 3.392138958 8.747270584 -0.492960751 0.074457362 0.234640151 0.834499776
1403636671363555584.000000 1.835913539 3.357301950 8.655834198 0.489339024 -0.056170888 -0.222790852 -0.841282606
1403636671413555456.000000 1.824807763 3.324081898 8.563935280 -0.485609710 0.037409920 0.209883779 0.847780943
1403636671463555584.000000 1.811041117 3.289928675 8.470497131 -0.479739726 0.020640224 0.200349107 0.853981316
1403636671513555456.000000 1.795980096 3.256447792 8.378023148 0.472824484 -0.006573766 -0.194559410 -0.859383762
1403636671563555584.000000 1.780947566 3.225310564 8.287273407 -0.465478599 -0.004647883 0.192312732 0.863900423
1403636671613555456.000000 1.763019323 3.193367481 8.196981430 -0.458861142 -0.015125823 0.191471651 0.867500126
1403636671663555584.000000 1.744267702 3.162696123 8.108299255 -0.453218967 -0.023789765 0.192223415 0.870101631
1403636671713555456.000000 1.729537606 3.133522987 8.019909859 -0.448513895 -0.030550176 0.193215266 0.872106612
1403636671763555584.000000 1.709327817 3.106450319 7.935061455 -0.445125401 -0.035879243 0.194028199 0.873458147
1403636671813555456.000000 1.689336896 3.081819534 7.852930069 0.443006903 0.042359844 -0.193569794 -0.874346256
1403636671863555584.000000 1.672484040 3.060442686 7.771504402 -0.441080391 -0.047694959 0.195164382 0.874690890
1403636671913555456.000000 1.654277563 3.040858269 7.693600655 -0.439908266 -0.054696079 0.197443381 0.874359906
1403636671963555584.000000 1.639604807 3.024506330 7.617749214 0.439728618 0.062501341 -0.198266417 -0.873740733
1403636672013555456.000000 1.629428148 3.015416861 7.544257641 -0.439960837 -0.070708357 0.198485807 0.872948050
1403636672063555584.000000 1.621233702 3.005766869 7.473241806 -0.442221135 -0.076510623 0.194359347 0.872244835
1403636672113555456.000000 1.616653800 2.999808311 7.405306816 0.445561588 0.080559015 -0.186859772 -0.871819139
1403636672163555584.000000 1.617042422 2.996460915 7.337792397 -0.448858142 -0.082229227 0.180811420 0.871247351
1403636672213555456.000000 1.618182898 2.995043278 7.276939392 -0.451533526 -0.083913095 0.176262304 0.870636344
1403636672263555584.000000 1.620839953 2.996170759 7.220608711 0.453910559 0.084123120 -0.173648387 -0.869904995
1403636672313555456.000000 1.625025392 3.000042915 7.165596962 -0.456496626 -0.083971135 0.168979242 0.869485915
1403636672363555584.000000 1.628389716 3.005374670 7.118294716 -0.459998429 -0.082479261 0.161050379 0.869287848
1403636672413555456.000000 1.630586863 3.011737823 7.075892448 -0.463450283 -0.079697087 0.151849061 0.869369924
1403636672463555584.000000 1.637283325 3.018395662 7.033393860 -0.466815144 -0.072283581 0.142920390 0.869731247
1403636672513555456.000000 1.636431217 3.025855064 7.001355171 -0.468514115 -0.057099137 0.140388727 0.870359242
1403636672563555584.000000 1.634238243 3.033174038 6.973648071 0.469198883 0.040518537 -0.139309168 -0.871093392
1403636672613555456.000000 1.626658320 3.039475918 6.946837425 -0.468467027 -0.025192775 0.141867176 0.871652305
1403636672663555584.000000 1.616286516 3.045842171 6.927463531 -0.467816383 -0.012879467 0.144695550 0.871805727
1403636672713555456.000000 1.601218939 3.051390171 6.911460400 -0.466084003 -0.007193579 0.150372162 0.871838450
1403636672763555584.000000 1.579971075 3.053988934 6.891737461 -0.463401049 -0.007935937 0.157575622 0.871989965
1403636672813555456.000000 1.559463620 3.057582378 6.880180359 -0.459545314 -0.010765592 0.163709939 0.872869670
1403636672863555584.000000 1.540697098 3.060930252 6.869619370 -0.455737054 -0.013177195 0.164651051 0.874654353
1403636672913555456.000000 1.522246718 3.063453674 6.855683327 -0.450437069 -0.013929695 0.163691431 0.877563417
1403636672963555584.000000 1.508126497 3.066484928 6.846454620 -0.444586426 -0.015413506 0.160961360 0.881020308
1403636673013555456.000000 1.496271491 3.069297314 6.838195324 -0.437786162 -0.016722595 0.157568574 0.885006070
1403636673063555584.000000 1.482663512 3.071364880 6.827383995 -0.431198120 -0.019084228 0.153323948 0.888929605
1403636673113555456.000000 1.475055814 3.074201107 6.820536613 -0.424112558 -0.021640513 0.150755480 0.892711103
1403636673163555584.000000 1.470348120 3.077788115 6.813854694 0.417105436 0.027413554 -0.150859788 -0.895830870
1403636673213555456.000000 1.466148019 3.078706741 6.805217743 -0.410498112 -0.035348810 0.152067110 0.898397148
1403636673263555584.000000 1.465919137 3.082702160 6.800796986 -0.404741496 -0.043653995 0.152354866 0.900592446
1403636673313555456.000000 1.468282938 3.087188721 6.797423363 -0.399870872 -0.049925238 0.154055029 0.902151763
1403636673363555584.000000 1.467730284 3.092725277 6.795332909 -0.395998985 -0.054266494 0.154315904 0.903563321
1403636673413555456.000000 1.473623633 3.099448204 6.796026230 -0.393227816 -0.055082422 0.153556183 0.904852748
1403636673463555584.000000 1.479137778 3.107330799 6.799392700 0.391049385 0.054136932 -0.152764961 -0.905987024
1403636673513555456.000000 1.480877519 3.116924286 6.805755615 -0.389724940 -0.052976102 0.151239231 0.906881869
1403636673563555584.000000 1.486051679 3.127057314 6.814482212 -0.388695836 -0.049818486 0.149307162 0.907822132
1403636673613555456.000000 1.490818977 3.138108730 6.825343132 0.388885647 0.043576755 -0.145292014 -0.908712983
1403636673663555584.000000 1.495759726 3.149716854 6.838753223 0.389123261 0.036760420 -0.141693786 -0.909480453
1403636673713555456.000000 1.500817895 3.161591530 6.854360104 0.389240116 0.029641552 -0.138470992 -0.910186410
1403636673763555584.000000 1.506511807 3.172988892 6.871032715 0.390179127 0.022108931 -0.133626297 -0.910722494
1403636673813555456.000000 1.503660679 3.184336662 6.890948296 -0.389990509 -0.015324967 0.131507382 0.911251009
1403636673863555584.000000 1.510671973 3.193391323 6.908557415 -0.390328735 -0.012369416 0.129143387 0.911489129
1403636673913555456.000000 1.518556237 3.202147722 6.927530289 -0.390566707 -0.013872139 0.127400964 0.911610782
1403636673963555584.000000 1.527062654 3.209883213 6.947052002 0.390408635 0.013867192 -0.127116784 -0.911718309
1403636674013555456.000000 1.536150932 3.217284679 6.968275547 0.389860660 0.014493687 -0.128694803 -0.911721587
1403636674063555584.000000 1.544980049 3.224478722 6.991277695 0.389823973 0.014648588 -0.129242957 -0.911657274
1403636674113555456.000000 1.550562382 3.237325668 7.020298958 -0.389104217 -0.013973674 0.130735025 0.911762595
1403636674163555584.000000 1.557296157 3.242922783 7.046219826 -0.389011085 -0.012555980 0.131226897 0.911752284
1403636674213555456.000000 1.562508345 3.247961521 7.074143410 0.388857394 0.009786560 -0.132226080 -0.911707401
1403636674263555584.000000 1.566120863 3.252151489 7.103055000 0.388106376 0.005728313 -0.135058150 -0.911646843
1403636674313555456.000000 1.567867041 3.255351067 7.133213997 0.386267692 0.001342455 -0.140734062 -0.911586285
1403636674363555584.000000 1.567986608 3.257613659 7.164142132 0.383229226 -0.001761466 -0.146844536 -0.911904037
1403636674413555456.000000 1.566794872 3.259552956 7.196047783 0.378361017 -0.005419025 -0.152493492 -0.912994683
1403636674463555584.000000 1.564450741 3.261593342 7.228439808 0.372763604 -0.009043500 -0.155778885 -0.914712250
1403636674513555456.000000 1.560598373 3.263756514 7.260991096 0.366491586 -0.012330210 -0.157180682 -0.916965723
1403636674563555584.000000 1.555122375 3.266256571 7.293408394 0.360762298 -0.013655177 -0.156605244 -0.919314384
1403636674613555456.000000 1.549905419 3.279168606 7.330474854 -0.356044173 0.014828464 0.154592276 0.921473742
1403636674663555584.000000 1.542674184 3.283136129 7.362021923 -0.352146029 0.015548331 0.151259154 0.923510790
1403636674713555456.000000 1.533749104 3.287373543 7.393414974 -0.347898722 0.014804032 0.151017696 0.925170779
1403636674763555584.000000 1.521509528 3.290957212 7.423695087 0.343530744 -0.010266380 -0.152062327 -0.926692188
1403636674813555456.000000 1.509843826 3.295680761 7.453379154 0.339150935 -0.003124329 -0.154667795 -0.927924991
1403636674863555584.000000 1.499803185 3.301383018 7.481900692 0.335502297 0.004368019 -0.157229006 -0.928815544
1403636674913555456.000000 1.491148710 3.308346748 7.509466171 0.332378417 0.010800173 -0.159360409 -0.929522574
1403636674963555584.000000 1.484560251 3.317194462 7.536524296 0.330134839 0.017357133 -0.160800859 -0.929974675
1403636675013555456.000000 1.480990767 3.328102112 7.563112259 0.328222334 0.022241713 -0.162780061 -0.930203199
1403636675063555584.000000 1.480160475 3.340886593 7.589293957 0.327253848 0.027698362 -0.162578493 -0.930433273
1403636675113555456.000000 1.480005383 3.357846975 7.623309612 -0.328329772 -0.031695869 0.159541667 0.930452287
1403636675163555584.000000 1.484698772 3.375382423 7.649775028 -0.330078691 -0.037190653 0.153550059 0.930638134
1403636675213555456.000000 1.492740154 3.395677090 7.677535057 -0.332852036 -0.040032458 0.144859463 0.930925727
1403636675263555584.000000 1.501791835 3.416719198 7.705537796 0.335540742 0.042148229 -0.138078123 -0.930897653
1403636675313555456.000000 1.513986588 3.439830780 7.736324787 0.337762833 0.043121096 -0.132453859 -0.930866778
1403636675363555584.000000 1.529052258 3.463372946 7.768255234 0.339524597 0.039217293 -0.126286551 -0.931255519
1403636675413555456.000000 1.545843601 3.487019062 7.802326679 0.339746058 0.031864036 -0.120019451 -0.932283580
1403636675463555584.000000 1.564377546 3.512274265 7.834949017 0.337450355 0.025025668 -0.115411736 -0.933906376
1403636675513555456.000000 1.578252316 3.524775982 7.875973225 -0.335096121 -0.019550800 0.108830601 0.935673237
1403636675563555584.000000 1.593180418 3.546989202 7.916563988 -0.332282305 -0.014483258 0.102076441 0.937528253
1403636675613555456.000000 1.607023001 3.568113565 7.958651543 -0.329215944 -0.010310272 0.095957346 0.939309716
1403636675663555584.000000 1.619228363 3.587020636 8.002378464 0.325028986 0.007058505 -0.091713026 -0.941219985
1403636675713555456.000000 1.631563187 3.602519035 8.045544624 -0.319296092 -0.002813835 0.088780142 0.943482995
1403636675763555584.000000 1.642022133 3.618488073 8.091718674 -0.311893553 0.003147188 0.087392695 0.946084142
1403636675813555456.000000 1.650898814 3.632529974 8.138982773 -0.301425517 0.009991644 0.092189349 0.948970020
1403636675863555584.000000 1.658604860 3.644889832 8.186558723 0.289481223 -0.016961509 -0.099031150 -0.951895893
1403636675913555456.000000 1.665621161 3.650792599 8.228858948 -0.276196063 0.020262174 0.107548252 0.954850078
1403636675963555584.000000 1.669241428 3.661572218 8.276512146 -0.262808323 0.021079041 0.114329405 0.957818508
1403636676013555456.000000 1.671476722 3.672297239 8.323496819 -0.250501871 0.019340008 0.117113300 0.960811853
1403636676063555584.000000 1.672643900 3.682257414 8.369529724 0.239684597 -0.016869372 -0.115684442 -0.963786244
1403636676113555456.000000 1.674766779 3.692863226 8.411682129 -0.230614200 0.012406198 0.109862179 0.966743767
1403636676163555584.000000 1.674305081 3.704853058 8.456594467 -0.222938672 0.007986760 0.098328136 0.969827950
1403636676213555456.000000 1.673099995 3.717011690 8.501426697 -0.215118408 0.003957250 0.086567841 0.972735584
1403636676263555584.000000 1.671477079 3.729181767 8.545619011 0.207750693 0.001238881 -0.071671873 -0.975551784
1403636676313555456.000000 1.667679667 3.733027458 8.583603859 -0.198674694 -0.006158018 0.060667183 0.978166640
1403636676363555584.000000 1.667263865 3.743688822 8.628845215 -0.189787865 -0.007789166 0.047491554 0.980644941
1403636676413555456.000000 1.668503881 3.752859592 8.674066544 -0.180361539 -0.010218212 0.036487095 0.982870340
1403636676463555584.000000 1.674365759 3.758235693 8.716405869 -0.169002444 -0.011688324 0.030644903 0.985069811
1403636676513555456.000000 1.679130793 3.763411760 8.761319160 -0.156756625 -0.012704027 0.028384428 0.987147629
1403636676563555584.000000 1.686351538 3.767253399 8.807075500 -0.143840462 -0.010752272 0.030110640 0.989084303
1403636676613555456.000000 1.698364139 3.764629364 8.847965240 -0.132301927 -0.009284857 0.031838875 0.990654528
1403636676663555584.000000 1.710893989 3.766769171 8.893842697 -0.122589625 -0.006872184 0.034020279 0.991850436
1403636676713555456.000000 1.725346446 3.768481016 8.939251900 0.114348076 0.004626326 -0.036956996 -0.992742300
1403636676763555584.000000 1.743091822 3.765724659 8.980396271 -0.107676916 -0.001997055 0.039979402 0.993379772
1403636676813555456.000000 1.760513306 3.766821146 9.025031090 -0.101218782 -0.000839792 0.043141082 0.993928075
1403636676863555584.000000 1.779318690 3.767734528 9.068939209 -0.094565935 -0.000773719 0.046880715 0.994413912
1403636676913555456.000000 1.800301313 3.763797760 9.108688354 -0.090238743 0.000738487 0.048130270 0.994756281
1403636676963555584.000000 1.817419410 3.765136003 9.151191711 -0.086868390 0.001548155 0.049353648 0.994995356
1403636677013555456.000000 1.831705332 3.766446829 9.194193840 0.085704044 -0.002116318 -0.047409315 -0.995189786
1403636677063555584.000000 1.844534516 3.765853167 9.236936569 -0.086653344 0.002283129 0.042057205 0.995347798
1403636677113555456.000000 1.851430535 3.768236637 9.282512665 -0.088168882 0.002338177 0.036634363 0.995428920
1403636677163555584.000000 1.854972124 3.770393372 9.328827858 -0.089897871 0.001959775 0.031893883 0.995438278
1403636677213555456.000000 1.856723666 3.771138430 9.374714851 0.091355838 -0.003577913 -0.028208047 -0.995412290
1403636677263555584.000000 1.860498190 3.769377232 9.418061256 -0.091738321 0.006696136 0.024861772 0.995450258
1403636677313555456.000000 1.862102985 3.768612385 9.463551521 -0.090048842 0.010638395 0.022610484 0.995623887
1403636677363555584.000000 1.865334392 3.766834974 9.508211136 -0.086729161 0.016587572 0.019257832 0.995907664
1403636677413555456.000000 1.870723963 3.763329744 9.551160812 0.082362190 -0.022983223 -0.016293699 -0.996204197
1403636677463555584.000000 1.878948569 3.754749537 9.592202187 -0.076699406 0.030169902 0.014324054 0.996494830
1403636677513555456.000000 1.886962056 3.749086618 9.631410599 -0.069160379 0.035410918 0.013761694 0.996881902
1403636677563555584.000000 1.896034360 3.742302418 9.668368340 -0.060704891 0.038996525 0.012990152 0.997309148
1403636677613555456.000000 1.907762408 3.733206034 9.701399803 -0.050969280 0.040370036 0.013574244 0.997791648
1403636677663555584.000000 1.918938518 3.724723101 9.733897209 -0.040726017 0.039537255 0.014112580 0.998288095
1403636677713555456.000000 1.930954576 3.715581417 9.763949394 -0.028992333 0.038515415 0.015383182 0.998718858
1403636677763555584.000000 1.943680525 3.703543901 9.793305397 -0.017462727 0.035244480 0.015473539 0.999106348
1403636677813555456.000000 1.956474423 3.693854809 9.819041252 -0.003876252 0.029247778 0.017532188 0.999410927
1403636677863555584.000000 1.968935013 3.684550524 9.842880249 0.010850538 0.022884933 0.020657364 0.999465764
1403636677913555456.000000 1.981215119 3.674999952 9.863742828 0.025268957 0.016319590 0.021569010 0.999314785
1403636677963555584.000000 1.995198727 3.667551994 9.884998322 0.039239001 0.011678234 0.020757943 0.998945951
1403636678013555456.000000 2.008918762 3.661624432 9.906009674 0.051789053 0.007387273 0.016649902 0.998491943
1403636678063555584.000000 2.019917727 3.654068470 9.929487228 0.062948145 0.006582273 0.011567584 0.997928083
1403636678113555456.000000 2.032172441 3.651375771 9.950778008 0.071109958 0.007078477 0.003098435 0.997438610
1403636678163555584.000000 2.043336391 3.650001764 9.972990990 -0.077863954 -0.008190505 0.005133190 -0.996917188
1403636678213555456.000000 2.050904274 3.649662018 9.990451813 0.082985155 0.008081663 -0.014193314 0.996416926
1403636678263555584.000000 2.059924603 3.650018454 10.012884140 0.088579983 0.008710196 -0.021678729 0.995795012
1403636678313555456.000000 2.069285393 3.650454521 10.034826279 0.095441103 0.009228605 -0.027162619 0.995021641
1403636678363555584.000000 2.077037573 3.648579836 10.056072235 0.103932358 0.009824242 -0.029027324 0.994112194
1403636678413555456.000000 2.088525772 3.648733139 10.076510429 0.112396188 0.008463991 -0.031839039 0.993117213
1403636678463555584.000000 2.101707458 3.648893595 10.096206665 0.120849699 0.007752552 -0.035229698 0.992015183
1403636678513555456.000000 2.110525846 3.644531965 10.119188309 0.129261717 0.007093410 -0.039088935 0.990814388
1403636678563555584.000000 2.126781702 3.644528389 10.137225151 0.138516545 0.007229852 -0.042249549 0.989432096
1403636678613555456.000000 2.144032717 3.644353867 10.154176712 0.149266571 0.007551483 -0.046344731 0.987681448
1403636678663555584.000000 2.158592701 3.643210173 10.170343399 0.159173116 0.008858285 -0.053952526 0.985735595
1403636678713555456.000000 2.174154043 3.643005610 10.187197685 0.168678492 0.010338040 -0.064391069 0.983511329
1403636678763555584.000000 2.188359499 3.642388821 10.204277039 0.178532332 0.011791377 -0.076331787 0.980897844
1403636678813555456.000000 2.198524237 3.640699625 10.219588280 0.187650234 0.013188456 -0.089272715 0.978081703
1403636678863555584.000000 2.208553553 3.638459206 10.236918449 0.196009800 0.013886276 -0.101030841 0.975284696
1403636678913555456.000000 2.216865778 3.634872437 10.254319191 0.203493074 0.015469695 -0.112305470 0.972491086
1403636678963555584.000000 2.221710682 3.629255772 10.269114494 0.212161005 0.015594150 -0.119721077 0.969748139
1403636679013555456.000000 2.226309299 3.622306347 10.284957886 0.221938625 0.016695155 -0.123719431 0.967035770
1403636679063555584.000000 2.228796482 3.613481760 10.299528122 -0.232862085 -0.017577015 0.125065789 -0.964274287
1403636679113555456.000000 2.227920532 3.601469994 10.314110756 0.244466960 0.019325221 -0.125336736 0.961328864
1403636679163555584.000000 2.227314472 3.589575768 10.327590942 -0.257612646 -0.020133665 0.121965587 -0.958308280
1403636679213555456.000000 2.225580692 3.576045036 10.340066910 0.272349447 0.021820892 -0.116679184 0.954848468
1403636679263555584.000000 2.224104166 3.561239481 10.351058960 0.287024021 0.023026884 -0.112309165 0.951038241
1403636679313555456.000000 2.223548412 3.546988964 10.360891342 0.301239401 0.022992557 -0.109196231 0.946996510
1403636679363555584.000000 2.224370003 3.532853603 10.369351387 0.314959764 0.023636045 -0.109297164 0.942494512
1403636679413555456.000000 2.224838734 3.518769503 10.374957085 0.327490926 0.022981036 -0.110840388 0.938049078
1403636679463555584.000000 2.229037762 3.505925417 10.380569458 0.339805752 0.022431577 -0.113237284 0.933384299
1403636679513555456.000000 2.236470699 3.493380547 10.386389732 0.350876212 0.021195076 -0.116880111 0.928857207
1403636679563555584.000000 2.240427256 3.480316162 10.389033318 0.360007495 0.019908866 -0.120612346 0.924905896
1403636679613555456.000000 2.249009371 3.469425440 10.391928673 0.368158728 0.018438563 -0.122928411 0.921416223
1403636679663555584.000000 2.258242130 3.459969997 10.393628120 0.374535769 0.015683305 -0.125767142 0.918509483
1403636679713555456.000000 2.266238928 3.452725887 10.391891479 0.379619032 0.014233973 -0.128793553 0.916023493
1403636679763555584.000000 2.278438330 3.445908308 10.391609192 0.383003980 0.014700434 -0.132577702 0.914065063
1403636679813555456.000000 2.292500734 3.440058231 10.390193939 0.386241406 0.018386832 -0.133892149 0.912443161
1403636679863555584.000000 2.305062771 3.436077595 10.384581566 0.388174921 0.022770595 -0.135134786 0.911339879
1403636679913555456.000000 2.323380709 3.430211306 10.381912231 0.388844460 0.029346764 -0.138494879 0.910361469
1403636679963555584.000000 2.342397928 3.424377203 10.378301620 0.388515979 0.031781018 -0.141899407 0.909895539
1403636680013555456.000000 2.359696388 3.420221329 10.369827271 0.386078656 0.035773851 -0.148400664 0.909747660
1403636680063555584.000000 2.380168438 3.415903807 10.362363815 0.383220017 0.039277811 -0.155234337 0.909671366
1403636680113555456.000000 2.399542332 3.411803007 10.352563858 0.379771382 0.043964006 -0.162756264 0.909588516
1403636680163555584.000000 2.412552118 3.410458565 10.338236809 0.377719760 0.045866851 -0.166598246 0.909653306
1403636680213555456.000000 2.427667618 3.405544043 10.325620651 0.377552539 0.045739025 -0.165546477 0.909921110
1403636680263555584.000000 2.440332651 3.400314569 10.310202599 0.377301782 0.048299339 -0.164043009 0.910165071
1403636680313555456.000000 2.449590206 3.396197557 10.293438911 0.375087410 0.050349284 -0.166579470 0.910508513
1403636680363555584.000000 2.457110167 3.390470505 10.276011467 0.371386737 0.050305065 -0.172573566 0.910911500
1403636680413555456.000000 2.461991072 3.384589911 10.256186485 0.367802590 0.048826620 -0.177581981 0.911483347
1403636680463555584.000000 2.463639736 3.379905224 10.235074997 0.365178943 0.047229540 -0.180917889 0.911966264
1403636680513555456.000000 2.464286327 3.371617079 10.212053299 0.362576395 0.045524355 -0.183530986 0.912569106
1403636680563555584.000000 2.461997509 3.362382174 10.186513901 0.361629367 0.042928543 -0.182239130 0.913329244
1403636680613555456.000000 2.458650827 3.352941751 10.161326408 0.362003356 0.041232921 -0.178502798 0.913996816
1403636680663555584.000000 2.452829123 3.340522528 10.132572174 0.361463308 0.040060226 -0.176493362 0.914652705
1403636680713555456.000000 2.444946527 3.326674223 10.102293015 0.361923873 0.036812842 -0.172834814 0.915305495
1403636680763555584.000000 2.436169624 3.312422991 10.072549820 0.364057362 0.031152710 -0.164855435 0.916141033
1403636680813555456.000000 2.425538540 3.296412945 10.039696693 0.366600811 0.025877563 -0.156255007 0.916797996
1403636680863555584.000000 2.413570881 3.279960155 10.007084846 0.369743735 0.019337298 -0.146066800 0.917376816
1403636680913555456.000000 2.401444435 3.265922308 9.976293564 0.372660786 0.010824629 -0.136772707 0.917769074
1403636680963555584.000000 2.386161804 3.249562263 9.943934441 0.373850077 0.000888453 -0.132473052 0.917979419
1403636681013555456.000000 2.369838715 3.233068466 9.912865639 0.373083621 -0.007342674 -0.132972270 0.918190122
1403636681063555584.000000 2.353742123 3.217221737 9.883922577 0.372091949 -0.015161643 -0.135078013 0.918189406
1403636681113555456.000000 2.336513519 3.200654268 9.855531693 0.370571017 -0.020165369 -0.138686880 0.918170214
1403636681163555584.000000 2.320052147 3.183449507 9.828577042 0.369700700 -0.019609632 -0.140853032 0.918203354
1403636681213555456.000000 2.305962086 3.166718483 9.804799080 0.368885785 -0.012546004 -0.143947318 0.918174922
1403636681263555584.000000 2.291936636 3.147817135 9.779838562 0.368762881 -0.002782749 -0.145690113 0.918030858
1403636681313555456.000000 2.278822899 3.128474951 9.754664421 0.369363338 0.004485067 -0.145297408 0.917844951
1403636681363555584.000000 2.268661976 3.107367277 9.730391502 0.369962215 0.011072669 -0.143764421 0.917789340
1403636681413555456.000000 2.258579254 3.087365150 9.703871727 0.371509522 0.015502516 -0.141298324 0.917483091
1403636681463555584.000000 2.249886036 3.067385435 9.676505089 0.373142958 0.017726280 -0.138291627 0.917237997
1403636681513555456.000000 2.243107557 3.046315670 9.649530411 0.374346495 0.019095324 -0.136695489 0.916959345
1403636681563555584.000000 2.235592842 3.026771069 9.621249199 0.375374496 0.019444000 -0.136827126 0.916512012
1403636681613555456.000000 2.227349281 3.007708073 9.593128204 0.375049382 0.020269901 -0.139571264 0.916213453
1403636681663555584.000000 2.217374802 2.986693382 9.565632820 0.375288665 0.021174533 -0.140636146 0.915932059
1403636681713555456.000000 2.206501245 2.967768431 9.537576675 0.375643134 0.021986650 -0.142178789 0.915529430
1403636681763555584.000000 2.194617748 2.948653936 9.509521484 0.376086950 0.022861205 -0.142896861 0.915213943
1403636681813555456.000000 2.183193445 2.927005291 9.482149124 0.376555145 0.023474868 -0.143413916 0.914924979
1403636681863555584.000000 2.170913696 2.907695293 9.453150749 0.377540976 0.023979120 -0.143040910 0.914563954
1403636681913555456.000000 2.159737587 2.888386488 9.423158646 0.378583997 0.024853110 -0.142501101 0.914193630
1403636681963555584.000000 2.150535583 2.867654562 9.391652107 0.379812151 0.024373254 -0.141591251 0.913838446
1403636682013555456.000000 2.142817736 2.847703695 9.359407425 0.380971491 0.023806697 -0.140535191 0.913533688
1403636682063555584.000000 2.136907816 2.828173637 9.325756073 0.382143646 0.022782624 -0.139179751 0.913277745
1403636682113555456.000000 2.130651712 2.807922602 9.291890144 0.383081764 0.022810156 -0.138184398 0.913035154
1403636682163555584.000000 2.126774788 2.789806843 9.255742073 0.383881569 0.021849800 -0.137259021 0.912862301
1403636682213555456.000000 2.122456789 2.772571802 9.219892502 0.384237379 0.018778414 -0.137426123 0.912755787
1403636682263555584.000000 2.115964651 2.753049850 9.184482574 0.384410948 0.014471388 -0.136866659 0.912845194
1403636682313555456.000000 2.108342409 2.736272335 9.149670601 0.383759588 0.008732829 -0.138600171 0.912930667
1403636682363555584.000000 2.099367380 2.719283581 9.115763664 0.383211732 0.002659133 -0.139557332 0.913052857
1403636682413555456.000000 2.088868618 2.700851202 9.082795143 0.382579476 -0.000655483 -0.140187636 0.913225055
1403636682463555584.000000 2.079480886 2.683076620 9.050831795 0.382366866 0.001054158 -0.139363602 0.913439810
1403636682513555456.000000 2.069507837 2.665125847 9.019605637 0.381416053 0.005646397 -0.139464587 0.913805068
1403636682563555584.000000 2.056897163 2.645276546 8.988975525 0.380490839 0.010721228 -0.139289051 0.914171994
1403636682613555456.000000 2.045043945 2.627097130 8.958940506 0.379850775 0.015046521 -0.139428675 0.914355874
1403636682663555584.000000 2.032306194 2.608824492 8.929106712 0.378966182 0.018811565 -0.138975009 0.914722264
1403636682713555456.000000 2.019710779 2.590062141 8.898683548 0.378939033 0.020467170 -0.136853307 0.915017784
1403636682763555584.000000 2.008159637 2.571789026 8.867921829 0.378905088 0.022256203 -0.134545505 0.915332258
1403636682813555456.000000 1.997982979 2.553595781 8.835913658 0.378329337 0.024394130 -0.132870600 0.915760458
1403636682863555584.000000 1.986224651 2.536295891 8.803785324 0.377458572 0.026779102 -0.133818045 0.915915251
1403636682913555456.000000 1.978325009 2.518932581 8.770557404 0.375389159 0.027928580 -0.135939077 0.916418910
1403636682963555584.000000 1.971670628 2.501809359 8.735957146 0.373925060 0.028888691 -0.138168871 0.916654229
1403636683013555456.000000 1.963934660 2.486349583 8.700042725 0.372610748 0.029848166 -0.141137898 0.916706324
1403636683063555584.000000 1.957144737 2.469141006 8.664175987 0.372458547 0.031081803 -0.140826121 0.916775107
1403636683113555456.000000 1.948236346 2.451702356 8.628228188 0.372706056 0.029844061 -0.140867844 0.916709244
1403636683163555584.000000 1.935914516 2.436028957 8.591890335 0.373637676 0.028569726 -0.139325887 0.916606247
1403636683213555456.000000 1.923264861 2.418610811 8.555918694 0.374671876 0.026174838 -0.138049826 0.916448653
1403636683263555584.000000 1.909293175 2.401153564 8.519886017 0.375491232 0.024940819 -0.137171254 0.916279674
1403636683313555456.000000 1.892180920 2.387398481 8.481926918 0.376824439 0.023780186 -0.135989606 0.915939271
1403636683363555584.000000 1.875825167 2.370168209 8.446006775 0.377947479 0.022735864 -0.135092750 0.915635705
1403636683413555456.000000 1.858377337 2.353669167 8.410590172 0.378938019 0.022095619 -0.134758040 0.915291250
1403636683463555584.000000 1.837384939 2.339531660 8.373344421 0.380312949 0.021027829 -0.133972913 0.914861321
1403636683513555456.000000 1.818399668 2.322993040 8.338508606 0.380761385 0.021067463 -0.134455964 0.914602935
1403636683563555584.000000 1.798503637 2.306972504 8.303839684 0.381563872 0.020901501 -0.134078085 0.914327800
1403636683613555456.000000 1.775123239 2.295306206 8.266330719 0.381881505 0.019379223 -0.134786680 0.914124489
1403636683663555584.000000 1.753554463 2.279730320 8.232269287 0.382486880 0.016958833 -0.135048509 0.913880765
1403636683713555456.000000 1.731750965 2.265204668 8.197755814 0.382822156 0.014356378 -0.135830119 0.913669169
1403636683763555584.000000 1.708432317 2.253190279 8.160697937 0.383495659 0.011399894 -0.135257453 0.913513303
1403636683813555456.000000 1.689854264 2.238352537 8.125759125 0.383590251 0.008471517 -0.136952445 0.913252890
1403636683863555584.000000 1.672141433 2.224012852 8.090133667 0.385045260 0.005284031 -0.135632083 0.912861586
1403636683913555456.000000 1.654583812 2.211219549 8.053359032 0.384952217 0.005620244 -0.138004616 0.912543118
1403636683963555584.000000 1.641562700 2.195811272 8.018431664 0.385895848 0.005477228 -0.137240529 0.912260711
1403636684013555456.000000 1.631241202 2.180486441 7.983359337 0.387010247 0.007034508 -0.136385873 0.911905944
1403636684063555584.000000 1.621417165 2.168126583 7.944711208 0.387980074 0.009056057 -0.135958880 0.911539733
1403636684113555456.000000 1.615507126 2.152934074 7.908906937 0.388901919 0.010691854 -0.136065289 0.911113203
1403636684163555584.000000 1.610060334 2.138029337 7.872812271 0.390001565 0.011584906 -0.136140093 0.910620928
1403636684213555456.000000 1.604019523 2.125950575 7.833330154 0.391131014 0.012797079 -0.135508329 0.910214365
1403636684263555584.000000 1.602069736 2.111356974 7.796537399 0.392533958 0.013887738 -0.134608641 0.909727812
1403636684313555456.000000 1.599879503 2.097641230 7.759448528 0.393307835 0.016163807 -0.134779289 0.909330666
1403636684363555584.000000 1.594575882 2.085527897 7.720922470 0.394254953 0.017922755 -0.134283617 0.908960819
1403636684413555456.000000 1.589522123 2.072561502 7.685084343 0.395027608 0.019069832 -0.134116426 0.908626616
1403636684463555584.000000 1.582339406 2.060354710 7.649112701 0.395999432 0.019127941 -0.132939816 0.908375323
1403636684513555456.000000 1.571248055 2.049988270 7.611773968 0.397624284 0.018562065 -0.130031809 0.908098102
1403636684563555584.000000 1.561727405 2.038786650 7.577337742 0.398565739 0.019125091 -0.128213480 0.907932281
1403636684613555456.000000 1.550211787 2.029191017 7.542889595 0.399707347 0.018865658 -0.126230970 0.907713592
1403636684663555584.000000 1.535982370 2.018495083 7.508764267 0.400309235 0.019159440 -0.125471875 0.907547414
1403636684713555456.000000 1.522131205 2.010270357 7.476015091 0.400803387 0.019806406 -0.124731869 0.907417417
1403636684763555584.000000 1.506527066 2.002892256 7.443910599 0.400849849 0.020495038 -0.125078782 0.907333910
1403636684813555456.000000 1.488482118 1.994667768 7.411565304 0.400877476 0.020808319 -0.124766998 0.907357454
1403636684863555584.000000 1.469873786 1.989589930 7.380688667 0.400546223 0.020761941 -0.126018241 0.907331824
1403636684913555456.000000 1.450533867 1.985687256 7.350036144 0.399373740 0.022804845 -0.128807485 0.907407939
1403636684963555584.000000 1.430814028 1.980006933 7.318608761 0.397254407 0.023825672 -0.134492546 0.907487214
1403636685013555456.000000 1.412268281 1.978094101 7.287259102 0.395402640 0.024267511 -0.138062418 0.907748103
1403636685063555584.000000 1.395203829 1.976058245 7.255474091 0.394008189 0.024296891 -0.140425622 0.907991171
1403636685113555456.000000 1.380317926 1.971625566 7.221865654 0.392806739 0.023013059 -0.141740724 0.908340812
1403636685163555584.000000 1.366357088 1.970465422 7.187698364 0.392127663 0.020268554 -0.141438961 0.908746481
1403636685213555456.000000 1.353574991 1.969336510 7.152447701 0.389930427 0.018959487 -0.144152686 0.909293592
1403636685263555584.000000 1.342828989 1.966659546 7.116801262 0.387585253 0.017884489 -0.146928027 0.909873605
1403636685313555456.000000 1.332665443 1.965523958 7.080173969 0.385485500 0.017370747 -0.149016529 0.910435855
1403636685363555584.000000 1.323374748 1.963752508 7.042428970 0.383916378 0.017299118 -0.150113240 0.910919905
1403636685413555456.000000 1.312967539 1.959829330 7.006763458 0.383068740 0.017479023 -0.149171561 0.911427796
1403636685463555584.000000 1.301900983 1.957298517 6.969207764 0.382839739 0.016381999 -0.147273004 0.911853075
1403636685513555456.000000 1.289445877 1.954284906 6.932024002 0.382777989 0.015854768 -0.145181015 0.912223756
1403636685563555584.000000 1.276837349 1.949095964 6.896288872 0.382370800 0.014625999 -0.144012854 0.912600100
1403636685613555456.000000 1.261354923 1.945261002 6.859761715 0.382680595 0.014253367 -0.141599983 0.912853718
1403636685663555584.000000 1.244876385 1.940787077 6.823956013 0.381865144 0.015163589 -0.141965076 0.913123786
1403636685713555456.000000 1.228923798 1.935821772 6.790123463 0.381428540 0.016488841 -0.142449126 0.913207889
1403636685763555584.000000 1.209589958 1.931031466 6.754915237 0.381124794 0.017372983 -0.143093497 0.913217604
1403636685813555456.000000 1.189819455 1.925163031 6.719965935 0.380237162 0.019573124 -0.144932374 0.913253129
1403636685863555584.000000 1.170252085 1.920497656 6.686534882 0.379520118 0.021605315 -0.146415323 0.913269103
1403636685913555456.000000 1.147885680 1.914274216 6.651560307 0.379891098 0.020908205 -0.145482391 0.913280129
1403636685963555584.000000 1.124555230 1.907806873 6.616520405 0.381166458 0.018758703 -0.143027008 0.913183212
1403636686013555456.000000 1.102897763 1.902832508 6.582519054 0.381955445 0.015890025 -0.140927792 0.913234293
1403636686063555584.000000 1.080989838 1.896471500 6.546201706 0.383114278 0.012262448 -0.138924614 0.913111746
1403636686113555456.000000 1.061210632 1.889807701 6.508841515 0.383855700 0.009766417 -0.137287706 0.913078070
1403636686163555584.000000 1.045231104 1.884158373 6.474246502 0.383977294 0.009918693 -0.136519462 0.913140476
1403636686213555456.000000 1.029425740 1.877267599 6.436665535 0.383913010 0.008639367 -0.135880902 0.913275778
1403636686263555584.000000 1.015295029 1.870751023 6.400177479 0.384158105 0.007089561 -0.134885147 0.913333654
1403636686313555456.000000 1.004162788 1.864655137 6.364344597 0.383949280 0.005637175 -0.134376273 0.913506567
1403636686363555584.000000 0.993657708 1.857817769 6.327159882 0.384142369 0.004475687 -0.133819729 0.913513541
1403636686413555456.000000 0.984049082 1.850954890 6.290476799 0.383651525 0.003661965 -0.134428844 0.913634002
1403636686463555584.000000 0.974567592 1.844818354 6.256109715 0.383720487 0.002001962 -0.134439319 0.913608670
1403636686513555456.000000 0.963037074 1.838286281 6.221436501 0.383987337 0.000356176 -0.134082511 0.913551033
1403636686563555584.000000 0.950837195 1.831463337 6.188584328 0.383736610 0.000507985 -0.134706661 0.913564503
1403636686613555456.000000 0.937560380 1.824651718 6.157245159 0.383703709 0.000622985 -0.136313081 0.913339972
1403636686663555584.000000 0.922591388 1.817523599 6.126334190 0.383567661 0.000924600 -0.136804268 0.913323402
1403636686713555456.000000 0.906942606 1.809932113 6.096275330 0.383864224 0.001253000 -0.136599243 0.913229108
1403636686763555584.000000 0.891602635 1.802196503 6.067670345 0.384593278 0.002630527 -0.135832846 0.913033724
1403636686813555456.000000 0.877456069 1.794170022 6.038406372 0.384831607 0.004369429 -0.135294527 0.913006544
1403636686863555584.000000 0.865580797 1.786144614 6.009332657 0.385780543 0.005327367 -0.134068817 0.912781775
1403636686913555456.000000 0.852218390 1.778084278 5.980815411 0.386539310 0.006284642 -0.132754162 0.912646830
1403636686963555584.000000 0.843568683 1.770297050 5.951398373 0.387100846 0.006977109 -0.131938592 0.912522018
1403636687013555456.000000 0.836734354 1.762554049 5.921872139 0.387852490 0.007895738 -0.131260827 0.912293136
1403636687063555584.000000 0.832614005 1.754772186 5.893560886 0.388223857 0.007648800 -0.130231231 0.912284791
1403636687113555456.000000 0.829180241 1.747581482 5.863812923 0.388561815 0.007615835 -0.130184069 0.912147999
1403636687163555584.000000 0.825669110 1.740615606 5.834628105 0.388932824 0.007972769 -0.130289063 0.911971807
1403636687213555456.000000 0.821184933 1.734160423 5.806538105 0.389035046 0.009484108 -0.130117789 0.911938190
1403636687263555584.000000 0.816176653 1.727684617 5.778642178 0.389226735 0.009995539 -0.130496338 0.911796868
1403636687313555456.000000 0.809561610 1.721487880 5.751409531 0.389566094 0.010855430 -0.130435392 0.911650777
1403636687363555584.000000 0.801510215 1.716046929 5.726095676 0.389470398 0.012825728 -0.130829275 0.911609650
1403636687413555456.000000 0.792454481 1.710460663 5.700673103 0.389659762 0.014319071 -0.131352708 0.911431193
1403636687463555584.000000 0.781980574 1.704937816 5.675729752 0.389808297 0.015286723 -0.131445393 0.911338568
1403636687513555456.000000 0.769968450 1.699654818 5.651662350 0.389979422 0.015816865 -0.131133363 0.911301255
1403636687563555584.000000 0.756010890 1.695298553 5.629957676 0.390864432 0.015150795 -0.130059928 0.911087215
1403636687613555456.000000 0.740542710 1.690701604 5.607279778 0.391641200 0.015894212 -0.128860667 0.910911441
1403636687663555584.000000 0.723307431 1.686721325 5.585339069 0.392387003 0.015622335 -0.128100932 0.910702229
1403636687713555456.000000 0.704723477 1.683044791 5.565051079 0.393348247 0.016639946 -0.126476288 0.910496593
1403636687763555584.000000 0.684282899 1.680148959 5.544606209 0.393842250 0.015947483 -0.126206800 0.910332799
1403636687813555456.000000 0.662918806 1.677649260 5.524940491 0.393725127 0.016034391 -0.127060428 0.910263240
1403636687863555584.000000 0.641431749 1.675422311 5.507124424 0.393965214 0.015674230 -0.127176091 0.910149455
1403636687913555456.000000 0.617756307 1.673908472 5.488917351 0.393588483 0.015803298 -0.128570408 0.910114288
1403636687963555584.000000 0.593016148 1.672484636 5.471320152 0.392794847 0.016511548 -0.131148338 0.910076857
1403636688013555456.000000 0.568467736 1.671402097 5.454505920 0.392167032 0.017452354 -0.132808879 0.910089195
1403636688063555584.000000 0.542945147 1.670313478 5.437321663 0.391078562 0.018767975 -0.136539191 0.909979343
1403636688113555456.000000 0.518492937 1.669917107 5.419700623 0.390022188 0.019680068 -0.139068156 0.910030544
1403636688163555584.000000 0.495651066 1.669215083 5.401189804 0.389784604 0.019305915 -0.140109137 0.909980655
1403636688213555456.000000 0.474074632 1.668461323 5.381690502 0.389795691 0.019094359 -0.140138537 0.909975827
1403636688263555584.000000 0.453576505 1.666887403 5.361022949 0.390451193 0.019313674 -0.138724446 0.909906864
1403636688313555456.000000 0.434091687 1.665750623 5.341655254 0.391358286 0.017610028 -0.136674181 0.909862041
1403636688363555584.000000 0.415484488 1.664384365 5.319787502 0.392237782 0.016430143 -0.134659633 0.909805655
1403636688413555456.000000 0.396244824 1.663173437 5.298190594 0.392408907 0.014801359 -0.134602860 0.909768283
1403636688463555584.000000 0.376877427 1.662377596 5.278706551 0.391605198 0.015685879 -0.136236966 0.909856498
1403636688513555456.000000 0.355877876 1.661596060 5.257576466 0.390758127 0.016045423 -0.138902307 0.909811497
1403636688563555584.000000 0.334351063 1.660787463 5.237346649 0.388963223 0.017333083 -0.143237337 0.909884810
1403636688613555456.000000 0.312682450 1.661192536 5.216763496 0.387414008 0.018289989 -0.147980005 0.909767985
1403636688663555584.000000 0.288961351 1.659398437 5.196472168 0.386704206 0.019325623 -0.150833860 0.909579873
1403636688713555456.000000 0.264009297 1.657216191 5.176011086 0.386652648 0.019981444 -0.152343050 0.909336150
1403636688763555584.000000 0.241344303 1.654476643 5.154473305 0.386707753 0.019511115 -0.154100105 0.909026742
1403636688813555456.000000 0.216363490 1.650943279 5.132973671 0.388193309 0.018584384 -0.152821109 0.908628762
1403636688863555584.000000 0.193135932 1.646333456 5.110471725 0.389919996 0.017460521 -0.154213041 0.907676101
1403636688913555456.000000 0.171151802 1.640495181 5.088769436 0.393372536 0.015347478 -0.153904498 0.906275809
1403636688963555584.000000 0.150920138 1.634385228 5.064017296 0.396878928 0.012661983 -0.153391182 0.904874563
1403636689013555456.000000 0.132679984 1.627669573 5.038805962 0.400348693 0.010327719 -0.152728289 0.903486848
1403636689063555584.000000 0.116577625 1.619441748 5.014218807 0.404118717 0.007998540 -0.151679695 0.902007401
1403636689113555456.000000 0.101987541 1.611464977 4.987666130 0.407899499 0.005387110 -0.150475219 0.900525510
1403636689163555584.000000 0.089859068 1.603151917 4.961039543 0.411240697 0.002575445 -0.149913535 0.899110913
1403636689213555456.000000 0.078189582 1.593119144 4.935845375 0.413798869 0.000739854 -0.150813177 0.897789180
1403636689263555584.000000 0.069693506 1.584921956 4.908230305 0.416444331 -0.000763695 -0.150631264 0.896595716
1403636689313555456.000000 0.063357025 1.576086879 4.880797863 0.418546855 -0.002499048 -0.151313663 0.895497918
1403636689363555584.000000 0.058400154 1.564099431 4.856476307 0.420402944 -0.002391389 -0.151626870 0.894575357
1403636689413555456.000000 0.056753606 1.554014444 4.829533577 0.421880007 -0.002185755 -0.152605742 0.893713593
1403636689463555584.000000 0.057137653 1.544003248 4.802222252 0.423382789 -0.002086345 -0.152181327 0.893075347
1403636689513555456.000000 0.058926463 1.530801296 4.778005123 0.424376965 -0.002925075 -0.152704507 0.892511666
1403636689563555584.000000 0.062551811 1.521071792 4.750223160 0.425325513 -0.004930079 -0.152692378 0.892053246
1403636689613555456.000000 0.067445576 1.512309909 4.722598553 0.425776601 -0.007679768 -0.152834326 0.891794264
1403636689663555584.000000 0.072458208 1.498522997 4.699337959 0.426475883 -0.011690568 -0.151590630 0.891628802
1403636689713555456.000000 0.076598525 1.488763094 4.673796177 0.427192301 -0.016752085 -0.149572477 0.891545951
1403636689763555584.000000 0.079840481 1.477358103 4.651369095 0.427761942 -0.023139853 -0.146418989 0.891653359
1403636689813555456.000000 0.082883716 1.464335799 4.629264355 0.428432345 -0.026983615 -0.143371552 0.891718686
1403636689863555584.000000 0.085959822 1.452075601 4.610214233 0.429131329 -0.028049152 -0.139644206 0.891941190
1403636689913555456.000000 0.088660389 1.438722730 4.593272209 0.430947661 -0.029105145 -0.132910207 0.892060518
1403636689963555584.000000 0.092204392 1.420959592 4.584263802 0.431452125 -0.028600439 -0.128553361 0.892471373
1403636690013555456.000000 0.095031798 1.407774091 4.572452068 0.431082338 -0.027168931 -0.127376795 0.892863393
1403636690063555584.000000 0.097579509 1.394566417 4.563952923 0.429957211 -0.025899038 -0.128353953 0.893303633
1403636690113555456.000000 0.100591838 1.380566359 4.557184219 0.427578807 -0.025315315 -0.133346260 0.893730581
1403636690163555584.000000 0.103064835 1.367657423 4.552857399 0.424820900 -0.023370752 -0.139010698 0.894235492
1403636690213555456.000000 0.106911093 1.353725314 4.550175667 0.422522455 -0.021952266 -0.143653959 0.894626439
1403636690263555584.000000 0.115082324 1.338557482 4.547836304 0.421350569 -0.020781280 -0.145637870 0.894886315
1403636690313555456.000000 0.123252243 1.323395848 4.546990871 0.420279384 -0.019048579 -0.147925720 0.895053327
1403636690363555584.000000 0.133119017 1.307229161 4.547484875 0.419246614 -0.017763596 -0.149257168 0.895342946
1403636690413555456.000000 0.145855308 1.291497231 4.546092033 0.418779701 -0.017101493 -0.149803638 0.895483077
1403636690463555584.000000 0.157024890 1.274053216 4.548241138 0.419280797 -0.016348900 -0.148233399 0.895524025
1403636690513555456.000000 0.167673498 1.256102204 4.551556110 0.420767099 -0.016189432 -0.143916354 0.895533979
1403636690563555584.000000 0.179189861 1.238955975 4.553840637 0.421969652 -0.016298471 -0.140287295 0.895542026
1403636690613555456.000000 0.187814564 1.220561266 4.560338974 0.423951745 -0.018942708 -0.134332716 0.895466805
1403636690663555584.000000 0.196099609 1.202122688 4.568012238 0.425825417 -0.019731032 -0.128759965 0.895379424
1403636690713555456.000000 0.203520358 1.184671640 4.576627254 0.429078400 -0.020128915 -0.119399972 0.895114660
1403636690763555584.000000 0.206850976 1.167043209 4.589652538 0.432539105 -0.021182483 -0.108966649 0.894755602
1403636690813555456.000000 0.207612768 1.151022553 4.605451107 0.435422778 -0.020996446 -0.100730382 0.894326329
1403636690863555584.000000 0.205820620 1.136035085 4.623223782 0.437875777 -0.018104471 -0.093735956 0.893952310
1403636690913555456.000000 0.203801572 1.123153448 4.644735813 0.440108716 -0.013230718 -0.087595686 0.893563807
1403636690963555584.000000 0.203181386 1.112187028 4.668136597 0.442640424 -0.006675731 -0.080551431 0.893049002
1403636691013555456.000000 0.204290777 1.104039550 4.692000389 0.444897979 0.001755088 -0.074404776 0.892483413
1403636691063555584.000000 0.209176332 1.099319339 4.718347549 0.446624100 0.009906044 -0.070361689 0.891895831
1403636691113555456.000000 0.216360882 1.099198580 4.745038033 0.447588593 0.015864061 -0.069658831 0.891381264
1403636691163555584.000000 0.224637374 1.102763891 4.771048069 0.447527707 0.024424884 -0.071361400 0.891083598
1403636691213555456.000000 0.237146214 1.110874414 4.798433781 0.445818454 0.032951906 -0.078088418 0.891101718
1403636691263555584.000000 0.251108140 1.123662829 4.824847698 0.442889929 0.041716553 -0.087982349 0.891272902
1403636691313555456.000000 0.263665676 1.140306354 4.849543095 0.439996392 0.047276925 -0.098214574 0.891359687
1403636691363555584.000000 0.279412895 1.160536647 4.873546124 0.437604249 0.049266044 -0.107360445 0.891374826
1403636691413555456.000000 0.295244992 1.183059812 4.896428585 0.436546564 0.044088017 -0.114600852 0.891263187
1403636691463555584.000000 0.310697377 1.207048893 4.917162895 0.435660392 0.036255971 -0.121075563 0.891193748
1403636691513555456.000000 0.330342978 1.232600570 4.937150002 0.435903460 0.028149860 -0.124579251 0.890884817
1403636691563555584.000000 0.352164209 1.258806348 4.955727100 0.436294049 0.023411626 -0.127110079 0.890473127
1403636691613555456.000000 0.374407947 1.287118554 4.972463131 0.436216414 0.019368550 -0.131261691 0.890005887
1403636691663555584.000000 0.400354892 1.314834595 4.990053177 0.434532642 0.018622899 -0.137878194 0.889845073
1403636691713555456.000000 0.425928831 1.343202114 5.007565975 0.432400912 0.017995268 -0.145444483 0.889691889
1403636691763555584.000000 0.448312759 1.373452425 5.023726463 0.430930018 0.019217856 -0.151056334 0.889444828
1403636691813555456.000000 0.470691800 1.401750565 5.040966034 0.430690289 0.018450882 -0.152761146 0.889285922
1403636691863555584.000000 0.490338683 1.430230618 5.057626724 0.431258559 0.017033132 -0.152009547 0.889167607
1403636691913555456.000000 0.507916927 1.460593939 5.073878288 0.432225704 0.016154399 -0.149564296 0.889129162
1403636691963555584.000000 0.525216103 1.488829613 5.090817451 0.433957338 0.018882871 -0.145197362 0.888955712
1403636692013555456.000000 0.541389525 1.517225027 5.107790470 0.435150325 0.022010492 -0.141452342 0.888904393
1403636692063555584.000000 0.557796299 1.547998905 5.123781681 0.435894817 0.021720322 -0.139312312 0.888884723
1403636692113555456.000000 0.572884560 1.577589273 5.140086651 0.434904724 0.021588778 -0.141045466 0.889099598
1403636692163555584.000000 0.589305818 1.607643366 5.155714989 0.432611525 0.023533944 -0.145907789 0.889384270
1403636692213555456.000000 0.610890388 1.638056040 5.170044899 0.431152612 0.023286376 -0.149107739 0.889568508
1403636692263555584.000000 0.629079282 1.668176889 5.183263779 0.430128157 0.022323053 -0.150696114 0.889821470
1403636692313555456.000000 0.649946392 1.699116230 5.194149494 0.429980487 0.021004528 -0.150204152 0.890008032
1403636692363555584.000000 0.671479940 1.730709791 5.203284264 0.430476487 0.019064596 -0.147934735 0.890192032
1403636692413555456.000000 0.694035470 1.762177467 5.211827278 0.429642290 0.017674400 -0.148526713 0.890525162
1403636692463555584.000000 0.725351632 1.792382717 5.219322681 0.428244084 0.017695097 -0.151174769 0.890752614
1403636692513555456.000000 0.750716329 1.823516130 5.225961208 0.425987899 0.019322289 -0.155042827 0.891135633
1403636692563555584.000000 0.777088284 1.854320765 5.231521130 0.425322384 0.019554321 -0.155230254 0.891415834
1403636692613555456.000000 0.808977187 1.882662773 5.235201836 0.425371915 0.018722722 -0.154143974 0.891598523
1403636692663555584.000000 0.837382257 1.912841082 5.238424301 0.424934894 0.018315313 -0.153147906 0.891986907
1403636692713555456.000000 0.865705311 1.943024397 5.241664886 0.423070967 0.017040104 -0.156277552 0.892355263
1403636692763555584.000000 0.896650791 1.972139835 5.244619370 0.419419765 0.016800597 -0.164282694 0.892645478
1403636692813555456.000000 0.921854556 2.001462936 5.247805119 0.415022433 0.016824253 -0.173772469 0.892903388
1403636692863555584.000000 0.945824921 2.029331207 5.250533104 0.412022352 0.017241543 -0.180539206 0.892942309
1403636692913555456.000000 0.969193935 2.055087805 5.252500534 0.409709096 0.017003149 -0.185827449 0.892926395
1403636692963555584.000000 0.996775150 2.077134132 5.253165245 0.409528941 0.015490903 -0.186507493 0.892894804
1403636693013555456.000000 1.016812086 2.098793983 5.253426552 0.410817593 0.012839106 -0.183705032 0.892925918
1403636693063555584.000000 1.035799623 2.118711948 5.253137112 0.412469059 0.012370137 -0.179656669 0.892994821
1403636693113555456.000000 1.057199717 2.138410568 5.252388954 0.414313108 0.012780505 -0.175749764 0.892912865
1403636693163555584.000000 1.072716594 2.154920578 5.251727581 0.416314363 0.012508423 -0.171753094 0.892763615
1403636693213555456.000000 1.086192012 2.170343399 5.251367569 0.417155474 0.010147184 -0.170529872 0.892635405
1403636693263555584.000000 1.100799799 2.186304569 5.250643253 0.418107569 0.005640533 -0.169199750 0.892482936
1403636693313555456.000000 1.111160278 2.199772120 5.250636101 0.419160247 -0.000067419 -0.167464420 0.892334282
1403636693363555584.000000 1.120837331 2.212018251 5.251008511 0.420134187 -0.005198932 -0.166156888 0.892105520
1403636693413555456.000000 1.129563928 2.223142147 5.251826763 0.421111256 -0.009840783 -0.164822653 0.891853094
1403636693463555584.000000 1.141424656 2.235670328 5.253160477 0.421658665 -0.015019172 -0.164896786 0.891508520
1403636693513555456.000000 1.148897171 2.244672298 5.255877972 0.421523452 -0.021784313 -0.164811954 0.891448498
1403636693563555584.000000 1.155942082 2.252317190 5.259748936 0.421136707 -0.028218811 -0.166287154 0.891176879
1403636693613555456.000000 1.164260387 2.260085583 5.263661861 0.420871824 -0.032590445 -0.168144763 0.890804231
1403636693663555584.000000 1.171896458 2.264458179 5.270582199 0.420634001 -0.035215504 -0.169052824 0.890644729
1403636693713555456.000000 1.180134773 2.267394543 5.278563023 0.421314895 -0.034235612 -0.168282345 0.890507042
1403636693763555584.000000 1.188824773 2.268097401 5.288015842 0.422552675 -0.028813111 -0.166659489 0.890417695
1403636693813555456.000000 1.197824717 2.269671917 5.295473099 0.423287302 -0.023410134 -0.165450230 0.890452743
1403636693863555584.000000 1.206213117 2.267573833 5.307521820 0.424649775 -0.016734017 -0.162849650 0.890433908
1403636693913555456.000000 1.214177251 2.264359713 5.320451260 0.426714659 -0.009318526 -0.158419460 0.890354514
1403636693963555584.000000 1.221480966 2.261837244 5.330247402 0.427702993 -0.001561560 -0.156398192 0.890285015
1403636694013555456.000000 1.228331685 2.257080555 5.344347954 0.429719865 0.005600923 -0.152328074 0.890003264
1403636694063555584.000000 1.234281778 2.252296925 5.358808994 0.430675864 0.011470146 -0.150188193 0.889848471
1403636694113555456.000000 1.239155412 2.247759819 5.372764587 0.431539983 0.014086857 -0.149009407 0.889590383
1403636694163555584.000000 1.244650841 2.244836092 5.382518768 0.432093829 0.016942721 -0.148030102 0.889435232
1403636694213555456.000000 1.251866579 2.241384029 5.395142078 0.432486892 0.018520728 -0.147361919 0.889323711
1403636694263555584.000000 1.259478211 2.238369703 5.407157898 0.432433158 0.018421896 -0.148464769 0.889168441
1403636694313555456.000000 1.268953562 2.235519409 5.418179512 0.432535976 0.016734928 -0.149331510 0.889006615
1403636694363555584.000000 1.279045820 2.233118296 5.428358555 0.432570547 0.013641540 -0.149120718 0.889078021
1403636694413555456.000000 1.288693190 2.230017424 5.434876442 0.432276875 0.010752087 -0.150808692 0.888975739
1403636694463555584.000000 1.298352122 2.227873325 5.444884777 0.431704700 0.008629602 -0.151694700 0.889126182
1403636694513555456.000000 1.307344079 2.225462914 5.455190182 0.430931568 0.007581579 -0.153237209 0.889246285
1403636694563555584.000000 1.315330863 2.223417521 5.465437889 0.430773884 0.006582394 -0.153726846 0.889246166
1403636694613555456.000000 1.324049473 2.218040466 5.474624634 0.430127591 0.005593212 -0.154088661 0.889503121
1403636694663555584.000000 1.328912616 2.215258360 5.486293793 0.429600865 0.005612067 -0.154658675 0.889658570
1403636694713555456.000000 1.332609653 2.212330341 5.498288631 0.429365993 0.007016459 -0.154692724 0.889756024
1403636694763555584.000000 1.334995270 2.208854914 5.510234833 0.429922700 0.008286705 -0.151649460 0.890000224
1403636694813555456.000000 1.336189985 2.205914497 5.522524834 0.429555058 0.010026638 -0.150545105 0.890347242
1403636694863555584.000000 1.333923817 2.201362610 5.532542229 0.431331038 0.007030112 -0.144855976 0.890461087
1403636694913555456.000000 1.332005739 2.198806763 5.545733452 0.432338685 0.004984611 -0.140404031 0.890699208
1403636694963555584.000000 1.329687238 2.196631908 5.559138298 0.433371037 0.002383506 -0.136099815 0.890876412
1403636695013555456.000000 1.326854587 2.194983959 5.572110653 0.433555752 0.000905455 -0.134374350 0.891051173
1403636695063555584.000000 1.324946880 2.194169521 5.586250305 0.432138652 0.000392742 -0.136495188 0.891417503
1403636695113555456.000000 1.325895429 2.191457748 5.601779938 0.430425048 0.002048144 -0.139141485 0.891835093
1403636695163555584.000000 1.327395678 2.191884756 5.615324497 0.429037839 0.002543642 -0.140570819 0.892277956
1403636695213555456.000000 1.331124306 2.192385435 5.628540039 0.427122146 0.004262226 -0.143067747 0.892793417
1403636695263555584.000000 1.335942745 2.192888498 5.640901089 0.425474584 0.006349451 -0.145271048 0.893211901
1403636695313555456.000000 1.343828797 2.191684723 5.655487061 0.424132437 0.007893174 -0.146509826 0.893635511
1403636695363555584.000000 1.352428675 2.193074226 5.666437626 0.422738045 0.009175742 -0.147517815 0.894117951
1403636695413555456.000000 1.362027168 2.194627047 5.676703453 0.422042638 0.009694498 -0.147736996 0.894404769
1403636695463555584.000000 1.372923970 2.196315765 5.686991215 0.421200901 0.010862016 -0.148348242 0.894686878
1403636695513555456.000000 1.386325955 2.193064690 5.700302124 0.419794530 0.012190350 -0.150601462 0.894954324
1403636695563555584.000000 1.395695210 2.194505930 5.709833622 0.419046164 0.013771083 -0.151195571 0.895181894
1403636695613555456.000000 1.403469324 2.196044922 5.719409943 0.417876273 0.015210206 -0.152797312 0.895433545
1403636695663555584.000000 1.409938574 2.197219133 5.728995323 0.416349173 0.016895486 -0.155038655 0.895729303
1403636695713555456.000000 1.414573789 2.198306084 5.738265991 0.415878057 0.017546041 -0.155160666 0.895914555
1403636695763555584.000000 1.416714549 2.194367170 5.751475334 0.416305542 0.015897360 -0.152119294 0.896268249
1403636695813555456.000000 1.418559551 2.195389509 5.760231972 0.416153938 0.015346363 -0.151906505 0.896384358
1403636695863555584.000000 1.419281960 2.196436167 5.768867016 0.416223675 0.014989518 -0.150858119 0.896535039
1403636695913555456.000000 1.418397784 2.197049379 5.777474880 0.415524244 0.013961698 -0.151138082 0.896828890
1403636695963555584.000000 1.416334748 2.197912693 5.785840511 0.415528536 0.011455496 -0.150513738 0.896967411
1403636696013555456.000000 1.413318992 2.198668480 5.794247627 0.415325522 0.008616874 -0.149658725 0.897236168
1403636696063555584.000000 1.413333416 2.191190243 5.811930656 0.414242387 0.005238892 -0.150921136 0.897551537
1403636696113555456.000000 1.409230471 2.191191196 5.820824146 0.412433982 0.002628040 -0.154013515 0.897870362
1403636696163555584.000000 1.405179262 2.190631151 5.829937935 0.410632133 0.002473323 -0.157547548 0.898083508
1403636696213555456.000000 1.400140524 2.188514471 5.839263439 0.409225464 0.001841382 -0.160046846 0.898285091
1403636696263555584.000000 1.395047665 2.186622620 5.847976685 0.408631533 0.005189967 -0.160684451 0.898428559
1403636696313555456.000000 1.389421105 2.183859110 5.856462479 0.409361064 0.008435660 -0.158580720 0.898445666
1403636696363555584.000000 1.386756778 2.175781965 5.873672485 0.410397857 0.015534163 -0.154696181 0.898555160
1403636696413555456.000000 1.382420897 2.171832323 5.880889893 0.412282020 0.022340627 -0.148830861 0.898539901
1403636696463555584.000000 1.378256440 2.168287277 5.887207985 0.414006174 0.025543474 -0.143128008 0.898588300
1403636696513555456.000000 1.375683188 2.165012121 5.893281937 0.413925409 0.026907586 -0.142027661 0.898760200
1403636696563555584.000000 1.373587370 2.162856817 5.897015572 0.413796484 0.025381412 -0.140895829 0.899042070
1403636696613555456.000000 1.372345209 2.162109137 5.898736000 0.413664937 0.024564091 -0.140963137 0.899114728
1403636696663555584.000000 1.371856809 2.162119389 5.899422169 0.413653195 0.022301719 -0.139971897 0.899333954
1403636696713555456.000000 1.372440100 2.162786007 5.899396896 0.413659304 0.021719158 -0.139817581 0.899369419
1403636696763555584.000000 1.372209549 2.163816214 5.899358273 0.413474262 0.019927267 -0.140148342 0.899444580
1403636696813555456.000000 1.370906115 2.165050983 5.899589539 0.412751317 0.020070011 -0.141377479 0.899581015
1403636696863555584.000000 1.370265961 2.160228252 5.910306931 0.412529469 0.019374525 -0.142345071 0.899545431
1403636696913555456.000000 1.366677761 2.161910295 5.910824299 0.411770403 0.019934228 -0.144177377 0.899589181
1403636696963555584.000000 1.362130046 2.163655281 5.911593437 0.409539133 0.022727799 -0.150039285 0.899582922
1403636697013555456.000000 1.355228186 2.166773796 5.911135674 0.406953156 0.025530877 -0.156408668 0.899596393
1403636697063555584.000000 1.349554896 2.168456316 5.910176754 0.404657185 0.028468749 -0.162102431 0.899536014
1403636697113555456.000000 1.344697118 2.169797897 5.907691479 0.401709616 0.031093745 -0.168927625 0.899514318
1403636697163555584.000000 1.341057301 2.170526981 5.902876854 0.399552852 0.033551641 -0.173715085 0.899474859
1403636697213555456.000000 1.339565516 2.169533491 5.895453930 0.398411423 0.035670809 -0.176258579 0.899404705
1403636697263555584.000000 1.338730812 2.167704344 5.885183811 0.397622526 0.036657162 -0.176915511 0.899585187
1403636697313555456.000000 1.338477373 2.164376497 5.872745514 0.398392826 0.033137064 -0.175091699 0.899737775
1403636697363555584.000000 1.342966080 2.161715746 5.856843948 0.399932265 0.028198631 -0.170082316 0.900183976
1403636697413555456.000000 1.345452189 2.155728579 5.840264797 0.401998192 0.022795117 -0.164913327 0.900378466
1403636697463555584.000000 1.349501610 2.149195433 5.822065353 0.403747827 0.017578537 -0.160974309 0.900425434
1403636697513555456.000000 1.352089643 2.139476776 5.795763969 0.404165506 0.013587535 -0.158162385 0.900805414
1403636697563555584.000000 1.359759092 2.133059025 5.772120476 0.402812123 0.011461613 -0.156263351 0.901772022
1403636697613555456.000000 1.367549896 2.125155687 5.750771046 0.399296254 0.011590935 -0.155320734 0.903495252
1403636697663555584.000000 1.374325991 2.117060900 5.730118752 0.393485665 0.012324220 -0.154061168 0.906246305
1403636697713555456.000000 1.379162192 2.107746601 5.712166786 0.386065453 0.011814795 -0.150896043 0.909969389
1403636697763555584.000000 1.382555604 2.101038218 5.689986706 0.376343966 0.010694972 -0.148707643 0.914405227
1403636697813555456.000000 1.385819554 2.095824718 5.667951107 0.366356909 0.010643783 -0.145453095 0.918973744
1403636697863555584.000000 1.385485530 2.099034071 5.653037071 0.358109742 0.010823566 -0.140941322 0.922917068
1403636697913555456.000000 1.384153008 2.089930773 5.633405209 0.349763662 0.010285996 -0.137141392 0.926688671
1403636697963555584.000000 1.381572843 2.080331802 5.613703251 0.342559636 0.009906777 -0.132801697 0.930009902
1403636698013555456.000000 1.378397107 2.068639278 5.594699383 0.336425573 0.009135584 -0.129690841 0.932692170
1403636698063555584.000000 1.373732328 2.057217598 5.575721264 0.331163704 0.009834668 -0.127190918 0.934909821
1403636698113555456.000000 1.367673039 2.045156956 5.556842804 0.326889157 0.009004439 -0.124468476 0.936787128
1403636698163555584.000000 1.360274792 2.032551289 5.538540840 0.323374003 0.008559604 -0.121968649 0.938338816
1403636698213555456.000000 1.351922750 2.019725800 5.520735741 0.319832772 0.008867868 -0.119861946 0.939819992
1403636698263555584.000000 1.341981292 2.007000923 5.503193855 0.315185785 0.008372328 -0.117405802 0.941702604
1403636698313555456.000000 1.328590989 2.003726006 5.479563713 0.309152544 0.008175177 -0.115776844 0.943903446
1403636698363555584.000000 1.317046881 1.991177082 5.462892056 0.301962763 0.008884581 -0.113382004 0.946511567
1403636698413555456.000000 1.304507375 1.978643179 5.446474552 0.293545455 0.008258123 -0.110995971 0.949443400
1403636698463555584.000000 1.291890144 1.966011524 5.431373596 0.284715295 0.007091540 -0.107751355 0.952510715
1403636698513555456.000000 1.278165579 1.953126431 5.416080475 0.274767995 0.006748258 -0.105457418 0.955686033
1403636698563555584.000000 1.260855913 1.939903498 5.396264076 0.264283419 0.006510622 -0.101613149 0.959055066
1403636698613555456.000000 1.246119380 1.926456451 5.381826401 0.253355205 0.006037054 -0.097300127 0.962448657
1403636698663555584.000000 1.230328321 1.912809134 5.367809296 0.242101803 0.004875564 -0.091831461 0.965883017
1403636698713555456.000000 1.213287592 1.899070740 5.353538513 0.230197951 0.004371448 -0.086436331 0.969287634
1403636698763555584.000000 1.196112633 1.887109160 5.332985878 0.217672825 0.003488308 -0.080907069 0.972656429
1403636698813555456.000000 1.177826166 1.872469783 5.320405483 0.204524606 0.002637515 -0.075382195 0.975951016
1403636698863555584.000000 1.158785462 1.857402802 5.308133125 0.191657588 0.001716619 -0.068071738 0.979096889
1403636698913555456.000000 1.140330434 1.841557980 5.294668198 -0.178031310 -0.001867991 0.062575877 -0.982031405
1403636698963555584.000000 1.123988152 1.827220917 5.279204369 0.165056288 0.000976943 -0.055841256 0.984701633
1403636699013555456.000000 1.108652472 1.811273217 5.265923500 0.152486935 0.000844031 -0.049538903 0.987062812
1403636699063555584.000000 1.095273733 1.795011997 5.252849579 0.139886156 0.000668104 -0.042774420 0.989243090
1403636699113555456.000000 1.082937479 1.779344797 5.238031864 -0.127125397 -0.001255750 0.035608009 -0.991246581
1403636699163555584.000000 1.074472427 1.764469266 5.221872330 0.115222357 0.001115739 -0.025579827 0.993009746
1403636699213555456.000000 1.065650821 1.749435186 5.206692696 0.102157108 0.000283159 -0.017750205 0.994609892
1403636699263555584.000000 1.058458805 1.735053778 5.191425323 0.088640936 -0.000364402 -0.008969462 0.996023297
1403636699313555456.000000 1.052296758 1.720136166 5.175801277 -0.075346008 0.002453361 -0.000247842 -0.997154474
1403636699363555584.000000 1.048666596 1.706614494 5.161338329 -0.061884511 0.003405046 -0.007662936 -0.998048127
1403636699413555456.000000 1.047998428 1.696985006 5.148498535 0.048981365 -0.004779641 0.016169051 0.998657405
1403636699463555584.000000 1.046218514 1.685537696 5.134881496 0.036434945 -0.005922125 0.023109213 0.999051273
1403636699513555456.000000 1.044501185 1.675221562 5.122218132 0.023654271 -0.006327420 0.028716534 0.999287665
1403636699563555584.000000 1.042299271 1.666926146 5.110305786 -0.011505741 0.006692958 -0.035342384 -0.999286592
1403636699613555456.000000 1.040117979 1.660264969 5.096916676 -0.000288777 -0.006792015 0.041749462 0.999105036
1403636699663555584.000000 1.035497904 1.654014468 5.087394238 -0.012346413 -0.006519798 0.048298214 0.998735428
1403636699713555456.000000 1.030376434 1.649357677 5.078847885 -0.024833214 -0.005368982 0.053006303 0.998270988
1403636699763555584.000000 1.024554729 1.646668077 5.071032524 0.037002731 0.004526880 -0.053847410 -0.997853160
1403636699813555456.000000 1.019073129 1.645305276 5.067602158 -0.048182614 -0.002945408 0.052928016 0.997430861
1403636699863555584.000000 1.011868715 1.644117832 5.060752392 -0.057210568 -0.000399509 0.052242175 0.996994317
1403636699913555456.000000 1.004576206 1.643621206 5.054147243 -0.064061977 0.002117718 0.052615542 0.996555686
1403636699963555584.000000 0.996942759 1.642790198 5.047773838 0.068634726 -0.004320360 -0.054194577 -0.996159494
1403636700013555456.000000 0.987913847 1.642944574 5.042043686 0.072097562 -0.004964584 -0.055744570 -0.995826244
1403636700063555584.000000 0.981322527 1.644240499 5.039535999 -0.074424721 0.005097869 0.056295257 0.995623410
1403636700113555456.000000 0.970332921 1.645424843 5.033527374 -0.075344920 0.005807900 0.057907138 0.995457828
1403636700163555584.000000 0.958483696 1.647678852 5.027866840 -0.076837935 0.006394155 0.057930633 0.995338738
1403636700213555456.000000 0.945884585 1.650571704 5.022991180 -0.077193916 0.006606092 0.058254328 0.995290935
1403636700263555584.000000 0.931759357 1.654969215 5.017988682 0.077670708 -0.006391462 -0.059036005 -0.995209157
1403636700313555456.000000 0.919211864 1.660604477 5.023543835 -0.079379357 0.004687399 0.060709842 0.994983077
1403636700363555584.000000 0.901866972 1.666628003 5.019696236 -0.081674054 0.002966359 0.064192332 0.994585335
1403636700413555456.000000 0.882996678 1.673877835 5.016266823 -0.085432835 0.002054594 0.067641780 0.994043052
1403636700463555584.000000 0.863560259 1.682484150 5.013610840 -0.090884298 0.003599123 0.068382978 0.993504405
1403636700513555456.000000 0.842944980 1.692301869 5.013331413 0.095607117 -0.006386888 -0.068563767 -0.993034542
1403636700563555584.000000 0.824847639 1.702814698 5.020873070 -0.101129182 0.008846101 0.067463920 0.992543817
1403636700613555456.000000 0.803522587 1.714321136 5.019014359 -0.107548885 0.012034941 0.066742994 0.991883993
1403636700663555584.000000 0.781265020 1.726937652 5.017068386 -0.115434952 0.013724860 0.065517426 0.991056979
1403636700713555456.000000 0.757253647 1.741809368 5.010768890 0.122452736 -0.015298004 -0.066349529 -0.990135908
1403636700763555584.000000 0.736244798 1.754950047 5.008222580 0.128551155 -0.016500022 -0.066284239 -0.989347696
1403636700813555456.000000 0.721275032 1.768022776 5.023112297 -0.133654580 0.015758092 0.066397943 0.988675594
1403636700863555584.000000 0.702927649 1.781210065 5.018705845 -0.137307540 0.013028194 0.067388847 0.988147616
1403636700913555456.000000 0.686798751 1.794451237 5.013666153 -0.140223905 0.010452958 0.068012975 0.987725794
1403636700963555584.000000 0.672468424 1.807574987 5.007909775 -0.142235503 0.006731599 0.068547785 0.987433612
1403636701013555456.000000 0.659438670 1.820669770 5.001986980 0.143345669 -0.003601977 -0.069512486 -0.987221897
1403636701063555584.000000 0.649223685 1.831822038 5.003272057 -0.143786415 -0.001364146 0.069880173 0.987137496
1403636701113555456.000000 0.640280426 1.845120311 4.995995522 -0.143452227 -0.006441386 0.070676476 0.987109303
1403636701163555584.000000 0.634378850 1.858860135 4.988909245 -0.143231481 -0.008630292 0.069317386 0.987221062
1403636701213555456.000000 0.631177127 1.872988224 4.982155800 -0.142349541 -0.011448149 0.068550646 0.987373471
1403636701263555584.000000 0.630930126 1.886417270 4.976941586 0.141242817 0.012007620 -0.068177395 -0.987551630
1403636701313555456.000000 0.632011175 1.899730086 4.975278378 -0.140081391 -0.013505053 0.067156866 0.987767637
1403636701363555584.000000 0.634800792 1.914301753 4.969398022 -0.138743222 -0.012758275 0.067136645 0.987967789
1403636701413555456.000000 0.638551712 1.929239988 4.964239120 -0.137717187 -0.011107804 0.065249979 0.988257647
1403636701463555584.000000 0.643173695 1.944854856 4.961107254 0.136164099 0.008092271 -0.063857995 -0.988592923
1403636701513555456.000000 0.648262024 1.960299611 4.957796574 0.135112166 0.003527520 -0.061982211 -0.988883436
1403636701563555584.000000 0.652045250 1.972419977 4.958359241 -0.133828610 0.000738578 0.060547106 0.989152908
1403636701613555456.000000 0.656648099 1.987806797 4.956074238 -0.132259369 0.003315386 0.059077088 0.989447534
1403636701663555584.000000 0.661030948 2.003053427 4.954335690 -0.131040499 0.005607287 0.056850918 0.989729702
1403636701713555456.000000 0.664699554 2.018335819 4.952599049 -0.130759746 0.007402500 0.056789074 0.989758611
1403636701763555584.000000 0.667139113 2.033536673 4.951131344 0.131902024 -0.008073992 -0.057862513 -0.989539564
1403636701813555456.000000 0.667214036 2.045287609 4.954195499 -0.134805828 0.007515036 0.060598440 0.988988817
1403636701863555584.000000 0.666610003 2.061271429 4.953414917 -0.140244499 0.006999783 0.062019754 0.988147855
1403636701913555456.000000 0.664322555 2.077223063 4.953238487 -0.145949066 0.006024665 0.066175736 0.987057984
1403636701963555584.000000 0.661044121 2.093290567 4.953244686 -0.153261855 0.006254412 0.069478340 0.985720277
1403636702013555456.000000 0.655853093 2.109720945 4.953276634 0.161571652 -0.005963691 -0.073564418 -0.984097242
1403636702063555584.000000 0.650100350 2.121316433 4.958283424 -0.171040103 0.006399063 0.078398652 0.982119203
1403636702113555456.000000 0.642668307 2.137705088 4.958574772 -0.181294620 0.007246490 0.083268881 0.979870439
1403636702163555584.000000 0.633983731 2.154391289 4.959137440 -0.192357630 0.008330789 0.087646402 0.977367520
1403636702213555456.000000 0.624278963 2.171193838 4.960512638 -0.202368468 0.008131431 0.091607884 0.974981487
1403636702263555584.000000 0.613880277 2.187321663 4.963370800 0.210997447 -0.007013842 -0.094837733 -0.972849846
1403636702313555456.000000 0.599387288 2.200173378 4.968041420 -0.218623728 0.004379811 0.097265556 0.970939696
1403636702363555584.000000 0.586762488 2.216598272 4.970897198 -0.225075245 0.001825145 0.098551951 0.969342768
1403636702413555456.000000 0.573424816 2.233078241 4.974453926 -0.231206179 -0.000478568 0.097938232 0.967962623
1403636702463555584.000000 0.559252977 2.249508142 4.979027271 -0.236189470 -0.003459431 0.098603100 0.966685116
1403636702513555456.000000 0.545010626 2.265208960 4.984343529 0.240595743 0.005028251 -0.098036475 -0.965648651
1403636702563555584.000000 0.525509059 2.278480291 4.991686821 -0.243659914 -0.006246002 0.097998992 0.964876711
1403636702613555456.000000 0.509126306 2.294247866 4.999619484 -0.246212631 -0.008688308 0.098059990 0.964203417
1403636702663555584.000000 0.491906464 2.309876442 5.008902073 -0.247997493 -0.011386328 0.097927175 0.963731289
1403636702713555456.000000 0.474100381 2.325211287 5.019538403 -0.249493584 -0.013039324 0.096964896 0.963421404
1403636702763555584.000000 0.455634445 2.340035677 5.032410622 0.249947712 0.013673361 -0.097996876 -0.963190436
1403636702813555456.000000 0.436403126 2.352149963 5.043098450 -0.250377506 -0.016386379 0.097133599 0.963123977
1403636702863555584.000000 0.417307496 2.367031097 5.058094501 -0.250392765 -0.017886003 0.097010955 0.963105679
1403636702913555456.000000 0.399234891 2.381715298 5.074195862 -0.249988168 -0.019081183 0.097727567 0.963115335
1403636702963555584.000000 0.383409202 2.396304369 5.090784073 -0.249552801 -0.018775159 0.097500578 0.963257253
1403636703013555456.000000 0.369375944 2.409763098 5.107604027 0.248505935 0.016244078 -0.099208266 -0.963399589
1403636703063555584.000000 0.352422893 2.426738739 5.120034218 -0.247721553 -0.013454419 0.099906392 0.963572443
1403636703113555456.000000 0.343013614 2.441351652 5.137629509 -0.246265098 -0.009038160 0.102892689 0.963683009
1403636703163555584.000000 0.336228013 2.455874205 5.154601574 -0.244438484 -0.001622078 0.106424190 0.963805556
1403636703213555456.000000 0.330977112 2.470664740 5.171182156 -0.242205650 0.003256936 0.110426463 0.963914871
1403636703263555584.000000 0.327428043 2.485797882 5.187640190 0.239989221 -0.008805156 -0.115596592 -0.963828325
1403636703313555456.000000 0.321443588 2.505252600 5.198436737 -0.238030955 0.013402971 0.119815513 0.963745713
1403636703363555584.000000 0.320286870 2.521702051 5.212210178 -0.237656668 0.015852716 0.119937062 0.963785827
1403636703413555456.000000 0.320356131 2.539207935 5.224507332 -0.239061102 0.016098771 0.116190650 0.963893354
1403636703463555584.000000 0.321173728 2.557527781 5.235073090 -0.241052523 0.013345142 0.110648051 0.964091599
1403636703513555456.000000 0.323332667 2.576735258 5.244502068 0.242840722 -0.009877821 -0.104365624 -0.964385092
1403636703563555584.000000 0.325389504 2.598511934 5.249959946 -0.244293243 0.007193651 0.099695228 0.964536130
1403636703613555456.000000 0.330127656 2.617200851 5.257921696 -0.244570538 0.003642027 0.097886570 0.964671075
1403636703663555584.000000 0.335576862 2.635831594 5.265518188 -0.244431719 0.001398775 0.097069368 0.964794636
1403636703713555456.000000 0.340303481 2.654253721 5.273042202 -0.244139805 0.000108422 0.096705787 0.964906156
1403636703763555584.000000 0.343577176 2.672400475 5.280232906 0.243128687 -0.001431764 -0.097073808 -0.965123415
1403636703813555456.000000 0.347970694 2.693459749 5.288971424 -0.242031723 0.003498613 0.098269857 0.965272784
1403636703863555584.000000 0.349511892 2.710993290 5.297744751 -0.240739420 0.006261202 0.099863127 0.965418398
1403636703913555456.000000 0.349949837 2.728319645 5.306904316 -0.239130065 0.008713170 0.101527818 0.965625703
1403636703963555584.000000 0.349196047 2.745563745 5.316017628 -0.238353908 0.009839347 0.101919189 0.965765536
1403636704013555456.000000 0.347799957 2.762420893 5.324921131 0.236522317 -0.011152742 -0.103843190 -0.965996623
1403636704063555584.000000 0.344724953 2.782516003 5.336002350 -0.235114947 0.012312287 0.104935154 0.966208041
1403636704113555456.000000 0.340061396 2.799715519 5.344887733 -0.234175175 0.010703444 0.105216704 0.966424823
1403636704163555584.000000 0.334299415 2.817035675 5.353928089 -0.233548358 0.007706241 0.104644023 0.966667175
1403636704213555456.000000 0.327484906 2.834585428 5.363251686 -0.233174443 0.003729474 0.103570573 0.966896534
1403636704263555584.000000 0.320499837 2.849179745 5.371116161 0.232927337 0.000397953 -0.102387875 -0.967089117
1403636704313555456.000000 0.315617323 2.872882843 5.383814812 -0.233075395 -0.002984019 0.100639790 0.967232525
1403636704363555584.000000 0.311271489 2.891356707 5.393107414 -0.233363077 -0.005439423 0.098775432 0.967344642
1403636704413555456.000000 0.309105635 2.910197258 5.402534008 -0.232798144 -0.006959900 0.098975085 0.967450500
1403636704463555584.000000 0.309703171 2.929599047 5.411457062 0.232906550 0.009742478 -0.097326405 -0.967567682
1403636704513555456.000000 0.312567770 2.953581333 5.423943043 -0.233070880 -0.012492809 0.096030176 0.967626035
1403636704563555584.000000 0.316959321 2.972779512 5.433066368 -0.232838839 -0.014862835 0.096271791 0.967624366
1403636704613555456.000000 0.322149307 2.992195129 5.443058491 -0.232669234 -0.017044840 0.095758200 0.967680216
1403636704663555584.000000 0.327615559 3.011732340 5.454117775 0.232734412 0.018974248 -0.095458187 -0.967658222
1403636704713555456.000000 0.329804361 3.032431126 5.468043804 -0.232673630 -0.023629270 0.094556347 0.967658937
1403636704763555584.000000 0.332256824 3.052144527 5.482325077 -0.232320100 -0.026533842 0.093898095 0.967732668
1403636704813555456.000000 0.333525777 3.072103024 5.498789787 -0.231447503 -0.029996052 0.094824851 0.967750311
1403636704863555584.000000 0.333676726 3.092378616 5.516952991 0.230464101 0.033609506 -0.095624007 -0.967787564
1403636704913555456.000000 0.331825137 3.115001917 5.539537430 -0.229081154 -0.036361802 0.096560210 0.967923462
1403636704963555584.000000 0.331160188 3.136016369 5.562176228 -0.228539720 -0.039399549 0.096301921 0.967958272
1403636705013555456.000000 0.330232859 3.157497883 5.586727142 -0.228130728 -0.041496020 0.095704027 0.968026459
1403636705063555584.000000 0.329806566 3.180356979 5.614371777 0.228204116 0.042244460 -0.093702637 -0.968172610
1403636705113555456.000000 0.329187781 3.202616215 5.643862724 -0.228264287 -0.037449706 0.092255116 0.968494713
1403636705163555584.000000 0.330740213 3.225679159 5.674831867 -0.228833720 -0.028983835 0.089536466 0.968905747
1403636705213555456.000000 0.334032655 3.248860836 5.707310677 -0.229658708 -0.020236688 0.086145960 0.969240069
1403636705263555584.000000 0.340654016 3.270469189 5.742185593 0.230349988 0.013397367 -0.082953431 -0.969473124
1403636705313555456.000000 0.345050931 3.293737888 5.772984505 -0.230456382 -0.008759490 0.082002558 0.969581783
1403636705363555584.000000 0.353013545 3.315582991 5.806795120 -0.230463460 -0.005676696 0.081449851 0.969649613
1403636705413555456.000000 0.362017781 3.336984634 5.841023445 -0.230197638 -0.007371771 0.081943132 0.969659746
1403636705463555584.000000 0.371256828 3.357910633 5.875845432 0.229948461 0.009486555 -0.083220221 -0.969591737
1403636705513555456.000000 0.379303724 3.377722502 5.908614159 -0.229812592 -0.013225549 0.084575102 0.969462931
1403636705563555584.000000 0.387129486 3.397680521 5.945512772 -0.229725480 -0.016828455 0.084874243 0.969401598
1403636705613555456.000000 0.393918544 3.417367935 5.983743668 -0.229528710 -0.018169696 0.086005427 0.969324291
1403636705663555584.000000 0.399128348 3.437234163 6.021435738 0.229887605 0.019665534 -0.086240605 -0.969189167
1403636705713555456.000000 0.404232353 3.456238747 6.060706139 -0.230018198 -0.017353045 0.086333029 0.969194114
1403636705763555584.000000 0.409268647 3.476238728 6.102526665 -0.230041876 -0.014399767 0.086920053 0.969184339
1403636705813555456.000000 0.414756328 3.495934963 6.144970894 -0.229306310 -0.010511545 0.088465564 0.969268799
1403636705863555584.000000 0.421518445 3.515242338 6.189026833 0.228797927 0.005884173 -0.089497566 -0.969333351
1403636705913555456.000000 0.428591937 3.534341335 6.228551865 -0.227330863 -0.000404244 0.093047269 0.969362080
1403636705963555584.000000 0.439052105 3.553976774 6.270628929 -0.225582853 0.004379506 0.096839741 0.969389141
1403636706013555456.000000 0.451364785 3.573479891 6.311544895 -0.222664401 0.009051262 0.102739632 0.969424188
1403636706063555584.000000 0.465194255 3.593841076 6.350709438 0.219585881 -0.012553891 -0.108808257 -0.969425201
1403636706113555456.000000 0.477125674 3.613320589 6.387178421 -0.217358142 0.016742615 0.113209225 0.969359994
1403636706163555584.000000 0.490586638 3.635312796 6.424872875 -0.217604607 0.017997444 0.110391699 0.969607174
1403636706213555456.000000 0.502313912 3.658103704 6.462134838 -0.219210476 0.017296277 0.103942983 0.969970882
1403636706263555584.000000 0.511575937 3.681162119 6.499261856 0.220538169 -0.015082985 -0.098558143 -0.970268965
1403636706313555456.000000 0.515106380 3.701997757 6.533257961 -0.222410619 0.012132188 0.091479100 0.970576108
1403636706363555584.000000 0.520127416 3.724662542 6.570544243 -0.223439634 0.008415022 0.086679645 0.970819592
1403636706413555456.000000 0.523810387 3.747031212 6.607832909 -0.224399179 0.005184694 0.082501680 0.970984876
1403636706463555584.000000 0.527245879 3.768904209 6.645188332 -0.224871308 0.001749823 0.079668030 0.971124589
1403636706513555456.000000 0.531864643 3.788569689 6.682167053 0.225372881 0.000375517 -0.077556416 -0.971180737
1403636706563555584.000000 0.532989502 3.808240175 6.713650227 -0.225979209 -0.002528258 0.076679237 0.971106291
1403636706613555456.000000 0.541244626 3.827795506 6.749586105 -0.225756884 -0.003514910 0.076698393 0.971153438
1403636706663555584.000000 0.550502658 3.846854210 6.785465240 -0.226299062 -0.005085326 0.076417543 0.971042395
1403636706713555456.000000 0.561540306 3.865730524 6.820181847 0.226359233 0.007403982 -0.076713860 -0.970990121
1403636706763555584.000000 0.571292222 3.883671045 6.853706837 -0.226105526 -0.009864697 0.078940332 0.970848858
1403636706813555456.000000 0.586093843 3.901660204 6.889561653 -0.226702392 -0.012925981 0.079386339 0.970637321
1403636706863555584.000000 0.601779163 3.919315338 6.925682068 -0.227460384 -0.014904265 0.080199525 0.970364690
1403636706913555456.000000 0.617886901 3.936349154 6.962029457 0.227949113 0.015229294 -0.081640355 -0.970124841
1403636706963555584.000000 0.632571101 3.953081131 6.996234894 -0.229254588 -0.015059879 0.081701651 0.969814658
1403636707013555456.000000 0.651475310 3.969948292 7.034154892 -0.230360329 -0.012312102 0.081993885 0.969566762
1403636707063555584.000000 0.670577288 3.986406326 7.072484970 -0.231954113 -0.009738762 0.081154294 0.969286561
1403636707113555456.000000 0.689331889 4.002663136 7.110279083 0.233347654 0.007222745 -0.081248812 -0.968966186
1403636707163555584.000000 0.708244443 4.018346310 7.149172783 0.234799102 0.006918972 -0.081648737 -0.968584120
1403636707213555456.000000 0.727401614 4.033622742 7.188315392 0.236585468 0.007458528 -0.082174107 -0.968100846
1403636707263555584.000000 0.744822145 4.048342228 7.224008083 -0.238114119 -0.007787297 0.082308851 0.967711866
1403636707313555456.000000 0.766904354 4.062691689 7.263031960 -0.239865839 -0.009135701 0.081883349 0.967303514
1403636707363555584.000000 0.790968359 4.076488018 7.302155972 -0.241057307 -0.009958602 0.082340427 0.966960371
1403636707413555456.000000 0.816485643 4.088769913 7.340191841 0.241873711 0.010686161 -0.083127573 -0.966681302
1403636707463555584.000000 0.843698144 4.102783680 7.377251625 -0.242624059 -0.011665069 0.082766861 0.966512918
1403636707513555456.000000 0.873940468 4.114469528 7.415877819 -0.242729872 -0.011706504 0.084288277 0.966354370
1403636707563555584.000000 0.905953288 4.125802517 7.454784393 -0.242658615 -0.011514832 0.085950121 0.966228127
1403636707613555456.000000 0.936600685 4.136700630 7.494021893 0.242047012 0.012367961 -0.088527583 -0.966138303
1403636707663555584.000000 0.965398014 4.148608685 7.532983303 -0.239552394 -0.012173227 0.095654555 0.966083169
1403636707713555456.000000 0.992315173 4.159625530 7.575060844 -0.237957209 -0.011890971 0.099698506 0.966072083
1403636707763555584.000000 1.016461253 4.171048164 7.618586063 -0.236291125 -0.011911498 0.103350341 0.966096997
1403636707813555456.000000 1.038329601 4.183124542 7.663312912 0.235602096 0.010666575 -0.104859591 -0.966117203
1403636707863555584.000000 1.056814432 4.196181297 7.707679749 -0.234715417 -0.008998863 0.105478324 0.966282606
1403636707913555456.000000 1.073326588 4.209177494 7.754597664 -0.233869359 -0.006698838 0.105377279 0.966517448
1403636707963555584.000000 1.087631226 4.222759247 7.802651405 -0.233332351 -0.005310544 0.103781693 0.966828465
1403636708013555456.000000 1.100080252 4.237056255 7.851834297 0.232710108 0.004052937 -0.101594180 -0.967216730
1403636708063555584.000000 1.110505342 4.251436234 7.901773453 0.232373118 0.003086755 -0.098689504 -0.967601955
1403636708113555456.000000 1.120008826 4.265563965 7.949203491 -0.231923178 -0.001658335 0.095927954 0.967991114
1403636708163555584.000000 1.128271341 4.280139446 8.000158310 -0.231598571 -0.000344838 0.093081191 0.968348026
1403636708213555456.000000 1.135069251 4.294510365 8.051471710 -0.230201602 0.001432747 0.093387872 0.968650639
1403636708263555584.000000 1.140486121 4.309311867 8.103114128 0.228452310 -0.004006601 -0.095624425 -0.968839288
1403636708313555456.000000 1.144901752 4.324141026 8.152743340 -0.225890294 0.008143174 0.100667477 0.968903124
1403636708363555584.000000 1.149112701 4.338890076 8.203756332 -0.222634822 0.012125303 0.108074054 0.968817174
1403636708413555456.000000 1.153916597 4.354344845 8.253205299 -0.220224321 0.015486867 0.113565132 0.968692124
1403636708463555584.000000 1.160209417 4.371733665 8.301770210 0.218326643 -0.018237770 -0.117523052 -0.968601704
1403636708513555456.000000 1.172637820 4.388110638 8.343889236 -0.217624739 0.019460632 0.119256608 0.968523920
1403636708563555584.000000 1.182109833 4.408267498 8.389763832 -0.217938825 0.020995542 0.118037172 0.968570650
1403636708613555456.000000 1.192727327 4.429709911 8.433665276 -0.220189020 0.021205982 0.113355204 0.968616426
1403636708663555584.000000 1.201995611 4.451722145 8.476055145 0.223197311 -0.019057024 -0.106565878 -0.968743324
1403636708713555456.000000 1.211928368 4.473145485 8.514488220 -0.226958290 0.018802172 0.098445989 0.968733668
1403636708763555584.000000 1.218808889 4.495565891 8.556018829 -0.230559006 0.017264066 0.090693124 0.968668878
1403636708813555456.000000 1.224303961 4.517549515 8.597051620 -0.234223261 0.017640196 0.083411828 0.968437254
1403636708863555584.000000 1.227911472 4.538859367 8.637545586 0.236618981 -0.016601346 -0.080572262 -0.968113661
1403636708913555456.000000 1.236486554 4.557337761 8.674468994 -0.239215806 0.017854776 0.078312121 0.967638493
1403636708963555584.000000 1.241175652 4.576276302 8.713515282 -0.242004022 0.018619914 0.076418869 0.967082024
1403636709013555456.000000 1.247607708 4.593685627 8.751330376 -0.243516520 0.021352187 0.076567397 0.966634035
1403636709063555584.000000 1.254790902 4.608789921 8.786462784 0.246538162 -0.022734446 -0.073872022 -0.966046095
1403636709113555456.000000 1.266796112 4.622220039 8.815883636 -0.247836500 0.023822933 0.074713156 0.965622842
1403636709163555584.000000 1.276607037 4.634532452 8.849282265 -0.249789357 0.022518290 0.074404307 0.965174735
1403636709213555456.000000 1.287439466 4.645068169 8.881188393 -0.250797868 0.019742487 0.076314136 0.964824796
1403636709263555584.000000 1.299977303 4.653771400 8.912282944 0.251924574 -0.015633132 -0.076470837 -0.964594185
1403636709313555456.000000 1.319478869 4.663648605 8.941145897 -0.252076149 0.012002197 0.078009419 0.964483380
1403636709363555584.000000 1.332179308 4.669652939 8.971052170 -0.251985073 0.008919932 0.079406172 0.964426637
1403636709413555456.000000 1.343897223 4.674441814 9.000906944 -0.253071845 0.006644921 0.077738144 0.964296281
1403636709463555584.000000 1.353783369 4.677095890 9.030699730 0.252706826 -0.006021574 -0.078798927 -0.964309990
1403636709513555456.000000 1.368931174 4.684708595 9.063117981 -0.253171235 0.004493256 0.077709481 0.964284897
1403636709563555584.000000 1.374976397 4.685355186 9.094596863 -0.252855390 0.003551779 0.078241281 0.964328706
1403636709613555456.000000 1.379612207 4.684945107 9.126578331 -0.252784729 0.001827593 0.078303881 0.964347005
1403636709663555584.000000 1.384458780 4.684161663 9.157367706 0.252325147 -0.000720078 -0.078306817 -0.964468598
1403636709713555456.000000 1.394283533 4.687471390 9.193568230 -0.251824349 -0.000031110 0.077613242 0.964655757
1403636709763555584.000000 1.397964478 4.683855057 9.226149559 -0.250533789 -0.000152652 0.078473657 0.964922190
1403636709813555456.000000 1.402197599 4.679201603 9.258546829 -0.250170648 0.000074187 0.076959103 0.965138376
1403636709863555584.000000 1.408699989 4.673996449 9.290765762 0.248892009 -0.000547502 -0.077858187 -0.965396643
1403636709913555456.000000 1.420238972 4.674235344 9.331800461 -0.248673156 0.001305789 0.076618291 0.965551496
1403636709963555584.000000 1.429523349 4.666494370 9.362886429 -0.247984096 0.002142814 0.075830840 0.965789378
1403636710013555456.000000 1.440165401 4.657689571 9.393371582 -0.246890113 0.002591546 0.076286212 0.966032624
1403636710063555584.000000 1.453105092 4.648727417 9.424221039 0.246025279 -0.003089523 -0.075715385 -0.966296673
1403636710113555456.000000 1.468013287 4.644526482 9.462631226 -0.244946972 0.003980991 0.075130291 0.966612995
1403636710163555584.000000 1.478486776 4.632968426 9.493832588 -0.244101524 0.004405286 0.074204437 0.966896474
1403636710213555456.000000 1.487124681 4.620585918 9.525888443 -0.242986709 0.005055481 0.073422104 0.967233717
1403636710263555584.000000 1.494445443 4.608428955 9.560120583 0.240809157 -0.005978419 -0.074566573 -0.967685461
1403636710313555456.000000 1.499141455 4.600423813 9.604793549 -0.237372324 0.009214801 0.079738446 0.968096733
1403636710363555584.000000 1.502108216 4.585259914 9.639043808 -0.232415810 0.011509108 0.086633876 0.968682110
1403636710413555456.000000 1.504117012 4.569463253 9.673444748 -0.226501122 0.013591761 0.092013516 0.969559789
1403636710463555584.000000 1.505095243 4.554894924 9.709832191 0.219572827 -0.014516826 -0.096373849 -0.970715821
1403636710513555456.000000 1.507100940 4.541379452 9.745607376 -0.211666122 0.015420510 0.099650420 0.972126305
1403636710563555584.000000 1.506110907 4.526379585 9.780243874 -0.204474792 0.016251780 0.100860253 0.973526239
1403636710613555456.000000 1.504214525 4.512178421 9.814393997 -0.197897926 0.017360782 0.100636564 0.974888325
1403636710663555584.000000 1.503002286 4.499362469 9.849735260 0.190534890 -0.017782262 -0.099000953 -0.976513803
1403636710713555456.000000 1.493659854 4.490960598 9.895777702 -0.183896556 0.018899256 0.095095642 0.978152215
1403636710763555584.000000 1.491218209 4.479328156 9.928538322 -0.176183671 0.019442551 0.090714484 0.979975641
1403636710813555456.000000 1.490390897 4.468481541 9.959768295 -0.169339195 0.019350607 0.081845678 0.981962919
1403636710863555584.000000 1.490803003 4.458580494 9.991034508 0.161727145 -0.018125027 -0.072908670 -0.983971655
1403636710913555456.000000 1.487254977 4.448448181 10.021857262 -0.154135182 0.016753908 0.064663887 0.985789239
1403636710963555584.000000 1.490662813 4.438640118 10.049855232 -0.147217751 0.016274428 0.056787807 0.987338424
1403636711013555456.000000 1.495480537 4.428888798 10.076799393 -0.141886115 0.013547929 0.047147583 0.988666773
1403636711063555584.000000 1.500803471 4.419022083 10.103348732 0.136140093 -0.013664802 -0.042699724 -0.989674687
1403636711113555456.000000 1.504027843 4.408173084 10.128464699 -0.132345632 0.013274912 0.036666002 0.990436256
1403636711163555584.000000 1.511491060 4.396891117 10.152846336 -0.129055768 0.013994696 0.033027999 0.990988433
1403636711213555456.000000 1.518989444 4.384690762 10.176973343 -0.126424268 0.014455096 0.030313307 0.991407633
1403636711263555584.000000 1.525477052 4.371932983 10.199646950 0.124425545 -0.015016542 -0.028596319 -0.991703093
1403636711313555456.000000 1.528608680 4.354235649 10.220665932 -0.121761344 0.016683735 0.030283162 0.991957068
1403636711363555584.000000 1.536612868 4.339145184 10.241786003 -0.119887881 0.018316908 0.032227289 0.992095172
1403636711413555456.000000 1.546827078 4.323285580 10.262268066 -0.118505895 0.023735560 0.034328103 0.992075980
1403636711463555584.000000 1.556954384 4.306633949 10.280711174 0.117781214 -0.031450942 -0.035903670 -0.991891861
1403636711513555456.000000 1.564560294 4.285864353 10.294282913 -0.118057519 0.038222618 0.036745351 0.991590321
1403636711563555584.000000 1.575170875 4.268125057 10.311054230 -0.119787961 0.043273594 0.034647439 0.991250694
1403636711613555456.000000 1.585318208 4.249303818 10.326475143 -0.121501185 0.046120878 0.032891031 0.990973532
1403636711663555584.000000 1.594848871 4.229251385 10.341179848 0.123366222 -0.047288038 -0.031358235 -0.990737796
1403636711713555456.000000 1.601317883 4.205904484 10.349314690 -0.125564054 0.046084054 0.029532982 0.990574539
1403636711763555584.000000 1.610176682 4.183570862 10.360118866 -0.126686305 0.045014765 0.030082135 0.990464270
1403636711813555456.000000 1.618244648 4.160105228 10.369409561 -0.126886249 0.042629760 0.032774657 0.990458727
1403636711863555584.000000 1.625147343 4.135097027 10.376513481 0.126155347 -0.039319780 -0.037363589 -0.990526497
1403636711913555456.000000 1.630414009 4.106287003 10.374517441 -0.124757133 0.035610657 0.043826602 0.990579069
1403636711963555584.000000 1.638589501 4.080282211 10.378865242 -0.123260237 0.032127663 0.050187703 0.990583658
1403636712013555456.000000 1.647200584 4.054104328 10.381444931 -0.121506222 0.029704565 0.057023097 0.990506053
1403636712063555584.000000 1.656348586 4.027670383 10.381628990 0.119757324 -0.028129598 -0.063196979 -0.990390420
1403636712113555456.000000 1.666718006 4.000879765 10.376391411 -0.118765898 0.028344739 0.066776700 0.990268707
1403636712163555584.000000 1.677866936 3.976394892 10.374839783 -0.117924258 0.029161358 0.068051264 0.990258813
1403636712213555456.000000 1.689590693 3.952620983 10.372011185 -0.117069051 0.028857641 0.062908314 0.990709186
1403636712263555584.000000 1.701860070 3.928307533 10.366584778 0.114803553 -0.028324483 -0.055480726 -0.991433203
1403636712313555456.000000 1.715428352 3.902452707 10.355945587 -0.111027218 0.029385142 0.047376126 0.992252469
1403636712363555584.000000 1.729500771 3.878303051 10.349061966 -0.106279574 0.029521927 0.039247967 0.993122756
1403636712413555456.000000 1.744037747 3.853923082 10.340849876 -0.101436965 0.030163072 0.033084441 0.993834138
1403636712463555584.000000 1.759094596 3.828576565 10.329925537 0.096434802 -0.031506252 -0.027445860 -0.994461894
1403636712513555456.000000 1.775792718 3.803340197 10.316247940 -0.091022275 0.032308351 0.023402451 0.995049536
1403636712563555584.000000 1.791670561 3.776943207 10.303595543 -0.085836947 0.033420835 0.021143662 0.995523989
1403636712613555456.000000 1.806639075 3.749721527 10.289962769 -0.080440007 0.036379565 0.020052876 0.995893478
1403636712663555584.000000 1.820061684 3.721677542 10.275825500 0.074981481 -0.040011209 -0.020587631 -0.996169209
1403636712713555456.000000 1.830065370 3.695145607 10.260277748 -0.070332810 0.043446448 0.021134365 0.996352851
1403636712763555584.000000 1.839152098 3.666659117 10.244608879 -0.066143937 0.044793461 0.021469779 0.996572971
1403636712813555456.000000 1.846054912 3.638077021 10.228075027 -0.063086852 0.044263855 0.021689480 0.996790051
1403636712863555584.000000 1.851695657 3.609608650 10.209507942 0.060840528 -0.041913234 -0.021704990 -0.997030914
1403636712913555456.000000 1.853781104 3.582857132 10.191315651 -0.059228614 0.039515112 0.021672994 0.997226536
1403636712963555584.000000 1.855330229 3.554120779 10.171122551 -0.058566872 0.036270592 0.020881634 0.997405887
1403636713013555456.000000 1.855818748 3.525532722 10.150357246 -0.058961611 0.034234557 0.018880049 0.997494400
1403636713063555584.000000 1.856403112 3.496148348 10.126850128 0.058106244 -0.034664348 -0.019811366 -0.997511685
1403636713113555456.000000 1.857912898 3.466551065 10.101541519 0.056433890 -0.034946609 -0.021493714 -0.997563004
1403636713163555584.000000 1.857120275 3.441210508 10.079394341 -0.055125695 0.033841431 0.022271909 0.997657239
1403636713213555456.000000 1.860939980 3.411735296 10.050586700 -0.054413069 0.032256816 0.023567917 0.997719049
1403636713263555584.000000 1.866172552 3.382465124 10.020274162 -0.053870346 0.029609906 0.024298053 0.997813106
1403636713313555456.000000 1.873567820 3.354335785 9.988788605 0.054136511 -0.028287025 -0.023964886 -0.997845113
1403636713363555584.000000 1.880846381 3.327416897 9.958673477 -0.054169547 0.026102390 0.024282590 0.997895122
1403636713413555456.000000 1.891648769 3.298814058 9.925818443 -0.053587645 0.025627630 0.026492622 0.997882664
1403636713463555584.000000 1.902709007 3.270604134 9.892396927 -0.053378955 0.024806371 0.028190004 0.997868061
1403636713513555456.000000 1.913682222 3.242887020 9.858161926 0.052962288 -0.023947651 -0.030447746 -0.997844934
1403636713563555584.000000 1.921489120 3.217979670 9.827663422 -0.052568238 0.023958040 0.033075631 0.997781873
1403636713613555456.000000 1.930545807 3.190876961 9.792757988 -0.052121185 0.021831393 0.036904663 0.997719824
1403636713663555584.000000 1.938059926 3.164323330 9.758096695 -0.051898241 0.020005936 0.040005308 0.997650206
1403636713713555456.000000 1.943494558 3.139033318 9.724116325 0.051551703 -0.018905982 -0.043337770 -0.997550428
1403636713763555584.000000 1.947334886 3.115939140 9.691838264 -0.051634520 0.017889015 0.046546113 0.997420311
1403636713813555456.000000 1.950118303 3.092586756 9.658274651 -0.051741820 0.016934235 0.048719939 0.997327626
1403636713863555584.000000 1.951720715 3.070548534 9.624911308 -0.052725192 0.016787075 0.049242575 0.997253001
1403636713913555456.000000 1.952308416 3.050241709 9.592547417 0.054420091 -0.016155126 -0.047689214 -0.997247875
1403636713963555584.000000 1.950482488 3.030678988 9.559475899 -0.056125563 0.015677901 0.045731463 0.997252584
1403636714013555456.000000 1.948065996 3.012161255 9.527189255 -0.057861082 0.014473439 0.044551510 0.997225046
1403636714063555584.000000 1.945002079 2.994699955 9.495079994 -0.060940795 0.015052818 0.040037885 0.997224450
1403636714113555456.000000 1.940246820 2.978295565 9.463116646 0.062522888 -0.014640570 -0.039325632 -0.997161031
1403636714163555584.000000 1.934808612 2.960248232 9.432906151 -0.064439490 0.014617686 0.038446672 0.997073650
1403636714213555456.000000 1.928361297 2.944614172 9.401371956 -0.065535352 0.016134862 0.038773701 0.996966124
1403636714263555584.000000 1.920884609 2.929363489 9.370183945 -0.065605916 0.017329603 0.041418955 0.996835053
1403636714313555456.000000 1.912354350 2.914923668 9.339641571 0.065792717 -0.017750803 -0.043960083 -0.996706486
1403636714363555584.000000 1.902690768 2.899222851 9.308939934 -0.066536002 0.016772803 0.045096263 0.996623337
1403636714413555456.000000 1.891777039 2.886185884 9.278554916 -0.067355886 0.013062848 0.045214172 0.996618390
1403636714463555584.000000 1.879814506 2.873528481 9.248569489 -0.066423185 0.008383625 0.045203514 0.996731818
1403636714513555456.000000 1.867215276 2.860684395 9.218094826 0.064176552 -0.003792468 -0.044505782 -0.996938467
1403636714563555584.000000 1.855990529 2.843755245 9.189471245 -0.060042478 -0.000229292 0.044671301 0.997195780
1403636714613555456.000000 1.842516780 2.832284689 9.161624908 -0.054416258 -0.003823072 0.042907137 0.997588754
1403636714663555584.000000 1.829808950 2.821588993 9.134634972 -0.047957111 -0.006138732 0.039280087 0.998057902
1403636714713555456.000000 1.817985296 2.811198473 9.108356476 0.039761253 0.008033093 -0.035528697 -0.998545110
1403636714763555584.000000 1.810220838 2.800689459 9.083365440 -0.030581301 -0.009408105 0.030297279 0.999028742
1403636714813555456.000000 1.803134322 2.791721821 9.057655334 -0.020471081 -0.009456625 0.022986075 0.999481440
1403636714863555584.000000 1.798212528 2.783150673 9.032107353 -0.009778950 -0.008942237 0.014918735 0.999800920
1403636714913555456.000000 1.794913054 2.774266481 9.007463455 -0.001687221 0.009142377 -0.007697071 -0.999927163
1403636714963555584.000000 1.796945214 2.764124155 8.981505394 0.013582388 -0.010027104 0.001749846 0.999855995
1403636715013555456.000000 1.798179746 2.756055832 8.957229614 0.024131002 -0.010288351 -0.003991113 0.999647915
1403636715063555584.000000 1.801569223 2.748128414 8.933506966 0.033811137 -0.010779615 -0.009009027 0.999329507
1403636715113555456.000000 1.806246161 2.739485741 8.909036636 -0.041473918 0.011889760 0.014699408 -0.998960733
1403636715163555584.000000 1.812175870 2.731487989 8.885923386 -0.048575602 0.012354652 0.017307874 -0.998593152
1403636715213555456.000000 1.818706155 2.723459721 8.863801956 -0.053752389 0.012364887 0.020464644 -0.998268068
1403636715263555584.000000 1.824663401 2.715386868 8.843248367 -0.058571257 0.011337387 0.021422395 -0.997988999
1403636715313555456.000000 1.829509497 2.707339048 8.824548721 -0.062690005 0.009278581 0.020914435 -0.997770786
1403636715363555584.000000 1.833415031 2.699197531 8.807641029 -0.065570362 0.007544036 0.021087341 -0.997596562
1403636715413555456.000000 1.836262822 2.690970182 8.792627335 -0.068827145 0.004049907 0.017686220 -0.997463584
1403636715463555584.000000 1.839213371 2.681106329 8.778777122 0.071504407 -0.001182014 -0.014506851 0.997334123
1403636715513555456.000000 1.838649154 2.673452377 8.766995430 0.074531168 0.001695626 -0.008442887 0.997181594
1403636715563555584.000000 1.836330533 2.666486979 8.756344795 0.077785917 0.003609420 -0.000447400 0.996963501
1403636715613555456.000000 1.832549453 2.660623550 8.746705055 0.078892894 0.003925445 0.002684517 0.996871829
1403636715663555584.000000 1.826224804 2.655735493 8.736251831 -0.078313291 -0.008109263 -0.002372333 -0.996892989
1403636715713555456.000000 1.821224570 2.652651072 8.727408409 -0.076132402 -0.014898854 0.001278092 -0.996985614
1403636715763555584.000000 1.815802813 2.650649309 8.718500137 -0.073430628 -0.020827174 0.005468407 -0.997067928
1403636715813555456.000000 1.810788512 2.649281502 8.708993912 -0.070827074 -0.026063671 0.008960125 -0.997107804
1403636715863555584.000000 1.807545066 2.648171902 8.698698997 -0.069130138 -0.030804725 0.011010879 -0.997071207
1403636715913555456.000000 1.806059957 2.647584677 8.686160088 -0.066778019 -0.035357904 0.014013569 -0.997042716
1403636715963555584.000000 1.796431899 2.644112349 8.668454170 0.065061353 0.037947316 -0.014386239 0.997055769
1403636716013555456.000000 1.795585275 2.643718004 8.651994705 0.063949339 0.039308038 -0.014309040 0.997076094
1403636716063555584.000000 1.795153856 2.643427849 8.634114265 0.062581182 0.038845047 -0.014147485 0.997183323
1403636716113555456.000000 1.795098543 2.643260956 8.614299774 0.062009152 0.037379153 -0.011924937 0.997304142
1403636716163555584.000000 1.797808766 2.644827604 8.594945908 -0.061089847 -0.032116257 0.010260743 -0.997562706
1403636716213555456.000000 1.799656630 2.645543575 8.572248459 -0.060106099 -0.025354663 0.008128351 -0.997836828
1403636716263555584.000000 1.801075935 2.646681786 8.548735619 -0.058328994 -0.021220913 0.007385412 -0.998044610
1403636716313555456.000000 1.801099300 2.648104191 8.525138855 -0.056773316 -0.017330453 0.006668183 -0.998214483
1403636716363555584.000000 1.799438238 2.649982691 8.501944542 -0.055184551 -0.014478847 0.005765089 -0.998354614
1403636716413555456.000000 1.786064267 2.650828838 8.478206635 0.053641148 0.014294301 -0.005201592 0.998444438
1403636716463555584.000000 1.780575156 2.652994394 8.456282616 0.052208703 0.013176896 -0.005241947 0.998535573
1403636716513555456.000000 1.773373842 2.655169725 8.435109138 0.050851729 0.013480010 -0.004851315 0.998603463
1403636716563555584.000000 1.764489174 2.657513380 8.414735794 0.050280195 0.014294522 -0.006912000 0.998609006
1403636716613555456.000000 1.756607652 2.658707619 8.394184113 -0.051225211 -0.014445558 0.008816253 -0.998543799
1403636716663555584.000000 1.742163301 2.664722681 8.376055717 0.054183234 0.015139229 -0.010356358 0.998362601
1403636716713555456.000000 1.729726195 2.665969133 8.356416702 0.058360968 0.015097401 -0.012521408 0.998102844
1403636716763555584.000000 1.715991974 2.667096138 8.336957932 0.063639037 0.015627312 -0.014012581 0.997752249
1403636716813555456.000000 1.701425672 2.668086529 8.317160606 0.070527963 0.015579583 -0.016220616 0.997256279
1403636716863555584.000000 1.688187957 2.664100170 8.294188499 -0.078544006 -0.015278070 0.018818522 -0.996615946
1403636716913555456.000000 1.671751976 2.674140453 8.278149605 0.087924905 0.014980232 -0.021529200 0.995781779
1403636716963555584.000000 1.659692764 2.674679279 8.256352425 0.098265506 0.013751618 -0.026221983 0.994719625
1403636717013555456.000000 1.649373174 2.675487995 8.233771324 0.109097525 0.014052499 -0.030358324 0.993467987
1403636717063555584.000000 1.640702128 2.676400900 8.210889816 0.120113909 0.013275433 -0.035201456 0.992047012
1403636717113555456.000000 1.632655382 2.677965879 8.187268257 -0.130966738 -0.013386296 0.039752714 -0.990499020
1403636717163555584.000000 1.627918601 2.683450460 8.165860176 0.139356464 0.013376739 -0.044469733 0.989152849
1403636717213555456.000000 1.622981906 2.684958935 8.142014503 0.146718040 0.013256980 -0.048580401 0.987895787
1403636717263555584.000000 1.618122339 2.686981440 8.117823601 0.151980132 0.013613040 -0.054060936 0.986810148
1403636717313555456.000000 1.613256216 2.689287901 8.093498230 0.155390576 0.013811083 -0.060813956 0.985882699
1403636717363555584.000000 1.609040499 2.692865372 8.069570541 -0.157503158 -0.015498161 0.068672419 -0.985005915
1403636717413555456.000000 1.606019735 2.695965290 8.046346664 0.158975571 0.016842250 -0.075216196 0.984269083
1403636717463555584.000000 1.600082874 2.697302341 8.021508217 0.160353258 0.017740676 -0.079165556 0.983719945
1403636717513555456.000000 1.592155576 2.697517633 7.996861458 0.161736116 0.017570483 -0.080470979 0.983390689
1403636717563555584.000000 1.582621694 2.696790934 7.973046780 -0.163854718 -0.017814074 0.078800783 -0.983170748
1403636717613555456.000000 1.570932388 2.694802284 7.949277878 -0.165889621 -0.016707405 0.075565875 -0.983102918
1403636717663555584.000000 1.558065772 2.690649033 7.923248291 0.166480586 0.017454518 -0.073871531 0.983118832
1403636717713555456.000000 1.543046474 2.687045097 7.899945736 0.167012021 0.017836394 -0.072119527 0.983151913
1403636717763555584.000000 1.526901722 2.682558060 7.876639366 0.166697830 0.017779246 -0.075381316 0.982961535
1403636717813555456.000000 1.510343432 2.677324295 7.852479935 -0.168316633 -0.017452460 0.077235684 -0.982547522
1403636717863555584.000000 1.496668339 2.670390606 7.828496933 0.171087384 0.017183952 -0.080490276 0.981812239
1403636717913555456.000000 1.482303262 2.662235737 7.802762032 0.175422713 0.017284807 -0.083731443 0.980773747
1403636717963555584.000000 1.469384313 2.652727604 7.775644302 0.180528924 0.017872224 -0.087393016 0.979516387
1403636718013555456.000000 1.458401799 2.641494989 7.747508526 -0.187717259 -0.018016823 0.090299226 -0.977897584
1403636718063555584.000000 1.452038884 2.629187107 7.721011162 0.195836693 0.017695123 -0.092652686 0.976089358
1403636718113555456.000000 1.443582416 2.615164280 7.690305233 0.206291929 0.017336691 -0.092292562 0.973973930
1403636718163555584.000000 1.435137510 2.600009918 7.659548759 0.216823474 0.016092202 -0.091951087 0.971737504
1403636718213555456.000000 1.426543713 2.584315062 7.628230095 0.226410061 0.014971851 -0.091576971 0.969601989
1403636718263555584.000000 1.415169716 2.568650723 7.597545147 0.234671414 0.013642224 -0.091491826 0.967663407
1403636718313555456.000000 1.400361300 2.554735661 7.570854187 0.242294371 0.012188294 -0.090929233 0.965855539
1403636718363555584.000000 1.385171413 2.538417101 7.541119576 0.249930143 0.011479323 -0.091573946 0.963855505
1403636718413555456.000000 1.368517280 2.521552086 7.511972904 0.257790238 0.009829937 -0.092138909 0.961747468
1403636718463555584.000000 1.350688934 2.504101276 7.483516693 0.266334981 0.008759649 -0.091586165 0.959479570
1403636718513555456.000000 1.332157612 2.487447262 7.456092834 0.274869442 0.008390327 -0.092584841 0.956976771
1403636718563555584.000000 1.308899522 2.471696854 7.430467606 0.282731563 0.007394212 -0.091838092 0.954763830
1403636718613555456.000000 1.288511992 2.454535007 7.404331207 0.289833844 0.005722178 -0.090855457 0.952737629
1403636718663555584.000000 1.267550111 2.437689304 7.379186153 0.296949625 0.003483277 -0.087712675 0.950849831
1403636718713555456.000000 1.245897055 2.421432972 7.355520248 0.302922636 0.001053001 -0.086001962 0.949126184
1403636718763555584.000000 1.223610759 2.406277418 7.333366871 0.307570428 0.001031355 -0.086105935 0.947620749
1403636718813555456.000000 1.197777033 2.393974543 7.310798168 0.309903979 0.001579104 -0.090148829 0.946483076
1403636718863555584.000000 1.176934481 2.380470276 7.290728569 0.310702175 0.003307192 -0.096465215 0.945593894
1403636718913555456.000000 1.157655835 2.367339611 7.271094799 0.311225325 0.005456628 -0.101739839 0.944858789
1403636718963555584.000000 1.140176415 2.354948521 7.251150131 0.311240882 0.007987157 -0.106576100 0.944302320
1403636719013555456.000000 1.125279069 2.342585087 7.232604980 0.311534017 0.009787867 -0.110040158 0.943791330
1403636719063555584.000000 1.107235909 2.332113028 7.206319809 0.312104046 0.012281479 -0.111415938 0.943412304
1403636719113555456.000000 1.096389294 2.319814920 7.185042381 0.312342852 0.015176256 -0.112375602 0.943177283
1403636719163555584.000000 1.087582827 2.306963444 7.163427353 0.312984616 0.018408187 -0.111463487 0.943015218
1403636719213555456.000000 1.080025196 2.294076443 7.140330791 0.313333511 0.021522703 -0.110018641 0.943003058
1403636719263555584.000000 1.071850777 2.281582355 7.117793083 0.313415319 0.024534442 -0.108601354 0.943066657
1403636719313555456.000000 1.058660507 2.271931171 7.089889526 0.314148128 0.025936939 -0.105069354 0.943185389
1403636719363555584.000000 1.047196269 2.260394096 7.067723274 0.314014316 0.028108116 -0.103590302 0.943331420
1403636719413555456.000000 1.033584118 2.249379158 7.045579433 0.313927174 0.029052109 -0.101927705 0.943512857
1403636719463555584.000000 1.018103838 2.239295483 7.023761749 0.313661844 0.029374626 -0.100172833 0.943779051
1403636719513555456.000000 1.000699639 2.230284214 7.000385284 0.313258946 0.029235672 -0.098867267 0.944054842
1403636719563555584.000000 0.978696287 2.223411560 6.973927498 0.312223822 0.026380045 -0.098981492 0.944469750
1403636719613555456.000000 0.960117161 2.215629339 6.951385498 0.311771125 0.023207981 -0.097576827 0.944848657
1403636719663555584.000000 0.943492115 2.208333731 6.928362846 0.310075790 0.019796126 -0.098564863 0.945381522
1403636719713555456.000000 0.928587019 2.201846600 6.904208660 0.308444500 0.016219087 -0.098717399 0.945967138
1403636719763555584.000000 0.914405107 2.195642471 6.877717495 0.306762189 0.013919208 -0.098584607 0.946564496
1403636719813555456.000000 0.902095318 2.192889929 6.848473072 0.305233330 0.011466051 -0.098278806 0.947123289
1403636719863555584.000000 0.893279910 2.187865734 6.822193146 0.303847522 0.010765660 -0.097476698 0.947659850
1403636719913555456.000000 0.885400951 2.183413029 6.795550823 0.302566350 0.009959796 -0.096620180 0.948166132
1403636719963555584.000000 0.877299309 2.179205179 6.769308567 0.301431000 0.008125299 -0.096238948 0.948583961
1403636720013555456.000000 0.868357837 2.175574780 6.742281914 0.299972504 0.008039313 -0.096582882 0.949011922
1403636720063555584.000000 0.859088600 2.173172474 6.716696739 0.299596667 0.007287795 -0.096149169 0.949180782
1403636720113555456.000000 0.847862720 2.169464111 6.693183422 0.298806906 0.007029285 -0.096520193 0.949393988
1403636720163555584.000000 0.834773779 2.166231632 6.670783997 0.298259974 0.005907740 -0.096755251 0.949549615
1403636720213555456.000000 0.820798337 2.162638187 6.649245262 0.298536569 0.005577901 -0.096045248 0.949536800
1403636720263555584.000000 0.806090891 2.159368515 6.628599644 0.298633456 0.005703337 -0.095814355 0.949528933
1403636720313555456.000000 0.790590167 2.156193733 6.608895779 0.298956037 0.005596750 -0.095076345 0.949502230
1403636720363555584.000000 0.777135491 2.155296803 6.589786530 0.299265504 0.005633126 -0.095450640 0.949366987
1403636720413555456.000000 0.760248840 2.152835846 6.571561813 0.299917996 0.005494565 -0.095242798 0.949182749
1403636720463555584.000000 0.743723929 2.150838375 6.553715229 0.300690502 0.004795774 -0.094825320 0.948983908
1403636720513555456.000000 0.728529036 2.149386406 6.535734177 0.301277518 0.004222544 -0.094651602 0.948817730
1403636720563555584.000000 0.715067744 2.147572756 6.517863750 0.302352518 0.003906382 -0.094163574 0.948525727
1403636720613555456.000000 0.706233442 2.147974491 6.500738621 0.302435815 0.003505599 -0.095708333 0.948346078
1403636720663555584.000000 0.696620941 2.147467613 6.482544422 0.303566009 0.003289439 -0.095181592 0.948038697
1403636720713555456.000000 0.688935280 2.147968292 6.463662624 0.303464592 0.004820550 -0.094960868 0.948086739
1403636720763555584.000000 0.683291316 2.148849964 6.445107937 0.302364200 0.004272371 -0.093914002 0.948545158
1403636720813555456.000000 0.678766847 2.149776936 6.425758362 0.299263448 0.003971897 -0.093257435 0.949594021
1403636720863555584.000000 0.674513102 2.151229382 6.408380508 0.294546932 0.004205078 -0.093099877 0.951081991
1403636720913555456.000000 0.671392024 2.153950214 6.395681858 0.288925201 0.004163132 -0.091298170 0.952979326
1403636720963555584.000000 0.665040970 2.156195164 6.380384922 0.282937586 0.005224555 -0.088713609 0.955012560
1403636721013555456.000000 0.657292604 2.158761978 6.365998745 0.277769864 0.006266362 -0.084869370 0.956870854
1403636721063555584.000000 0.648352146 2.161474943 6.352631569 0.271942437 0.007871705 -0.081204139 0.958848953
1403636721113555456.000000 0.638798118 2.164472342 6.341610909 0.265434325 0.008599280 -0.077645592 0.960958838
1403636721163555584.000000 0.628260911 2.168327093 6.330162525 0.257293761 0.010969470 -0.074581444 0.963388443
1403636721213555456.000000 0.617907763 2.172650099 6.318563938 0.249649152 0.012087057 -0.070951536 0.965657890
1403636721263555584.000000 0.609219134 2.177639961 6.306405544 0.242987022 0.014668824 -0.066941574 0.967605770
1403636721313555456.000000 0.602368116 2.182995796 6.294240952 0.236609489 0.014845270 -0.064823970 0.969326377
1403636721363555584.000000 0.597159684 2.189288855 6.280841827 0.230547220 0.015252263 -0.063135363 0.970890999
1403636721413555456.000000 0.598209500 2.192820549 6.272027493 0.225603089 0.016140537 -0.062294383 0.972091675
1403636721463555584.000000 0.595704019 2.199895382 6.257143974 0.221291915 0.015892692 -0.061038721 0.973165751
1403636721513555456.000000 0.593754768 2.207667351 6.242016792 0.215939209 0.015464569 -0.060834821 0.974387169
1403636721563555584.000000 0.591179430 2.215790987 6.227321625 0.210328549 0.014771973 -0.059782717 0.975689411
1403636721613555456.000000 0.586502910 2.224780083 6.211410046 0.204404280 0.014173618 -0.059647784 0.976964831
1403636721663555584.000000 0.588759303 2.230720997 6.201849461 0.199538991 0.012866223 -0.059488263 0.977997899
1403636721713555456.000000 0.581708908 2.239505768 6.187645912 0.195722476 0.013908133 -0.059352543 0.978762805
1403636721763555584.000000 0.573005140 2.248299122 6.173788071 0.192124456 0.013771642 -0.060492177 0.979407668
1403636721813555456.000000 0.563100517 2.256917953 6.160154343 0.190175116 0.014126246 -0.059991196 0.979813814
1403636721863555584.000000 0.551705122 2.264993191 6.147223473 0.189133614 0.014579237 -0.058975913 0.980070293
1403636721913555456.000000 0.539460719 2.273160458 6.134338379 -0.188312575 -0.014821210 0.059019525 -0.980222166
1403636721963555584.000000 0.534000039 2.279808521 6.125841618 0.187250987 0.015454592 -0.061800715 0.980244339
1403636722013555456.000000 0.522385538 2.287814856 6.112648010 0.186113715 0.016236849 -0.065155566 0.980230987
1403636722063555584.000000 0.512476206 2.295467854 6.098776340 0.185426101 0.016883010 -0.068264976 0.980138838
1403636722113555456.000000 0.504254997 2.302807808 6.083898067 0.186026976 0.016752159 -0.069239482 0.979958773
1403636722163555584.000000 0.497549504 2.309609890 6.068492889 -0.187247425 -0.015840434 0.068140730 -0.979818583
1403636722213555456.000000 0.490959316 2.316303015 6.052093029 0.188500986 0.015550126 -0.067152709 0.979651034
1403636722263555584.000000 0.486890286 2.322416544 6.034652233 0.189865336 0.014613478 -0.066006370 0.979479849
1403636722313555456.000000 0.482838541 2.328157663 6.017087936 0.191526487 0.014634666 -0.064510465 0.979255736
1403636722363555584.000000 0.477682650 2.333881378 5.999850273 0.191940486 0.014075185 -0.063971095 0.979218304
1403636722413555456.000000 0.472175568 2.338480949 5.983368874 -0.190592647 -0.013673769 0.063840501 -0.979495704
1403636722463555584.000000 0.471881211 2.342679024 5.967824936 0.188329875 0.014145113 -0.063040316 0.979978502
1403636722513555456.000000 0.463354409 2.348477125 5.951732635 0.186166927 0.014295033 -0.061632764 0.980478942
1403636722563555584.000000 0.453992158 2.354086161 5.935873032 0.183950141 0.014166663 -0.060975030 0.980940282
1403636722613555456.000000 0.444000512 2.359547615 5.920248032 0.181721047 0.014363443 -0.061860133 0.981297374
1403636722663555584.000000 0.433939099 2.365047932 5.905666828 -0.179884672 -0.013941762 0.061983675 -0.981633961
1403636722713555456.000000 0.423191398 2.370066166 5.890399933 -0.178315416 -0.014541160 0.062237401 -0.981895506
1403636722763555584.000000 0.419804752 2.372624397 5.876662254 0.176600352 0.014227745 -0.063225150 0.982146919
1403636722813555456.000000 0.409865528 2.377015591 5.860914707 0.175556079 0.013683195 -0.064030647 0.982289672
1403636722863555584.000000 0.401969045 2.381100178 5.843798161 0.174574450 0.013983333 -0.064788640 0.982410669
1403636722913555456.000000 0.395047069 2.384690762 5.826001644 0.174523294 0.013521419 -0.063754804 0.982493818
1403636722963555584.000000 0.388821006 2.387600660 5.807459831 -0.174817160 -0.012715542 0.062676810 -0.982521713
1403636723013555456.000000 0.392099023 2.390103102 5.787531376 0.175643787 0.012751739 -0.060715515 0.982497036
1403636723063555584.000000 0.388775826 2.392755747 5.767677784 0.176592320 0.013247111 -0.058342863 0.982464194
1403636723113555456.000000 0.385640651 2.395377159 5.747909546 0.177002817 0.013352983 -0.057345498 0.982447624
1403636723163555584.000000 0.382034063 2.398052216 5.728444576 0.176926166 0.013574356 -0.057050597 0.982475579
1403636723213555456.000000 0.376445830 2.399657965 5.710151672 -0.176896960 -0.013115497 0.056583233 -0.982514083
1403636723263555584.000000 0.379259437 2.402645111 5.690536022 0.176285937 0.012460472 -0.057849452 0.982558608
1403636723313555456.000000 0.372169048 2.404982090 5.672585964 0.175039947 0.013371252 -0.059906214 0.982646167
1403636723363555584.000000 0.363981307 2.407269716 5.655114174 0.172997400 0.013749853 -0.060267773 0.982980549
1403636723413555456.000000 0.355231404 2.409691572 5.637988091 0.168939352 0.014976053 -0.061190203 0.983611226
1403636723463555584.000000 0.348237872 2.411962986 5.622630596 -0.163694382 -0.017200567 0.062000152 -0.984410644
1403636723513555456.000000 0.339770734 2.413895369 5.606043339 -0.158415630 -0.021235578 0.059377711 -0.985356748
1403636723563555584.000000 0.338090450 2.415821075 5.584429264 0.154336721 0.026921501 -0.054150131 0.986165881
1403636723613555456.000000 0.333076566 2.416542768 5.566504955 0.150640741 0.032970171 -0.049333923 0.986806214
1403636723663555584.000000 0.328994393 2.417317390 5.547518730 0.146719292 0.033936992 -0.046251066 0.987513304
1403636723713555456.000000 0.325856328 2.417634249 5.527332306 0.142810285 0.030395247 -0.045333743 0.988243997
1403636723763555584.000000 0.323067278 2.417537451 5.505819321 -0.138763651 -0.025550198 0.044211909 -0.989008248
1403636723813555456.000000 0.319295913 2.420860767 5.479599953 0.136019230 0.020483514 -0.042162485 0.989596665
1403636723863555584.000000 0.315006346 2.420909166 5.457699776 0.133420229 0.016832488 -0.040758707 0.990077972
1403636723913555456.000000 0.309479386 2.420749664 5.436151505 0.131227106 0.013166440 -0.039353434 0.990483522
1403636723963555584.000000 0.302519977 2.420662642 5.415056705 0.129153684 0.008710367 -0.038047716 0.990856111
1403636724013555456.000000 0.295273483 2.420065880 5.394064426 -0.125793368 -0.004360099 0.037657250 -0.991331935
1403636724063555584.000000 0.277728289 2.423970699 5.379743576 0.121436499 0.001820812 -0.036178906 0.991937995
1403636724113555456.000000 0.267875969 2.424465656 5.361156464 0.115498632 -0.001840512 -0.034929030 0.992691636
1403636724163555584.000000 0.257926196 2.425204992 5.343256950 0.108480744 -0.001838518 -0.033505809 0.993532062
1403636724213555456.000000 0.246838734 2.425971270 5.326498985 0.101221830 -0.003217015 -0.030189158 0.994400561
1403636724263555584.000000 0.236269847 2.427338123 5.310435295 -0.092730395 0.003079778 0.027396133 -0.995309532
1403636724313555456.000000 0.220707923 2.431324005 5.297793388 0.083522506 -0.001627280 -0.025080057 0.996188939
1403636724363555584.000000 0.209982187 2.431907654 5.283679008 0.074199453 0.000481358 -0.021926893 0.997002244
1403636724413555456.000000 0.200419307 2.432567358 5.268673897 0.064773977 0.003576484 -0.018940285 0.997713804
1403636724463555584.000000 0.192224428 2.432956696 5.253374100 0.057000954 0.005543108 -0.015843356 0.998233080
1403636724513555456.000000 0.185658038 2.432709217 5.235949993 -0.050180156 -0.008796036 0.014453663 -0.998596907
1403636724563555584.000000 0.178040355 2.434740305 5.223869801 0.044739444 0.011334474 -0.012484335 0.998856425
1403636724613555456.000000 0.174352750 2.433961868 5.206995964 0.039798848 0.011850255 -0.011122972 0.999075592
1403636724663555584.000000 0.173112676 2.432693958 5.189343929 0.036129456 0.012597049 -0.010039702 0.999217331
1403636724713555456.000000 0.173579529 2.430926085 5.171131611 0.033352569 0.012467047 -0.008800312 0.999327183
1403636724763555584.000000 0.175624430 2.429746151 5.152376652 -0.031451706 -0.012051706 0.007901026 -0.999401391
1403636724813555456.000000 0.179296330 2.427924395 5.137318134 0.030245537 0.011228344 -0.007272906 0.999453008
1403636724863555584.000000 0.185220361 2.425052643 5.117157459 0.029953407 0.010108449 -0.006306744 0.999480307
1403636724913555456.000000 0.192952946 2.421769857 5.096526623 0.030686418 0.009108637 -0.004529615 0.999477267
1403636724963555584.000000 0.202372238 2.418261051 5.075517178 0.031993620 0.008045174 -0.002326107 0.999453008
1403636725013555456.000000 0.213130772 2.414997339 5.053759098 -0.033877343 -0.007659110 -0.000220995 -0.999396622
1403636725063555584.000000 0.226444677 2.411569118 5.031652451 -0.035470236 -0.007910600 -0.002267475 -0.999336898
1403636725113555456.000000 0.241014659 2.408513546 5.009305954 -0.036935531 -0.007325071 -0.003744100 -0.999283791
1403636725163555584.000000 0.256814539 2.406422853 4.993902683 0.038252920 0.006294739 0.005208555 0.999234676
1403636725213555456.000000 0.272206038 2.404407501 4.972432137 0.038543902 0.006459647 0.004333549 0.999226630
1403636725263555584.000000 0.286683559 2.402694941 4.951781273 0.039406467 0.005975286 0.004410777 0.999195695
1403636725313555456.000000 0.300067067 2.401829004 4.932056904 0.038718581 0.005610503 0.002144091 0.999232173
1403636725363555584.000000 0.311745435 2.400753736 4.913607597 -0.038667563 -0.005519087 -0.000895005 -0.999236524
1403636725413555456.000000 0.322509795 2.400385618 4.895612717 -0.038119089 -0.006001295 0.000971640 -0.999254763
1403636725463555584.000000 0.331746876 2.400150061 4.878523827 -0.037823666 -0.006109679 0.001746325 -0.999264240
1403636725513555456.000000 0.339685678 2.400174856 4.862147331 -0.037278358 -0.006119166 0.003324087 -0.999280691
1403636725563555584.000000 0.346077740 2.400404692 4.846577168 -0.036654133 -0.005456045 0.004151528 -0.999304533
1403636725613555456.000000 0.351469040 2.400770187 4.831804276 -0.035988688 -0.005762781 0.005534068 -0.999320328
1403636725663555584.000000 0.356473982 2.398615360 4.824078083 0.035746805 0.007482347 -0.005406158 0.999318242
1403636725713555456.000000 0.359508276 2.398679495 4.811388969 0.035718530 0.007776264 -0.004832708 0.999319971
1403636725763555584.000000 0.361410379 2.398444653 4.799643993 0.035768501 0.007340488 -0.004949606 0.999320924
1403636725813555456.000000 0.362297684 2.398271084 4.788947582 0.035857048 0.007777574 -0.005190320 0.999313235
1403636725863555584.000000 0.359206438 2.398329258 4.777832508 -0.036347967 -0.006091153 0.004777084 -0.999309301
1403636725913555456.000000 0.357379496 2.398096800 4.768292427 -0.037456393 -0.006118118 0.002908944 -0.999275327
1403636725963555584.000000 0.354588389 2.397834301 4.759491920 -0.038162172 -0.005531960 0.002491228 -0.999253154
1403636726013555456.000000 0.351195127 2.397613049 4.751400471 -0.038910922 -0.006423462 0.001792576 -0.999220431
1403636726063555584.000000 0.347032070 2.397422075 4.744241238 -0.039221764 -0.006890619 0.002746766 -0.999202967
1403636726113555456.000000 0.342058599 2.397373438 4.737911224 -0.039230861 -0.007384446 0.003976739 -0.999194980
1403636726163555584.000000 0.331508726 2.396536350 4.721249580 0.039436836 0.009205044 -0.004876378 0.999167800
1403636726213555456.000000 0.324438453 2.396287918 4.716599941 0.039940331 0.009979126 -0.005246348 0.999138534
1403636726263555584.000000 0.317106932 2.395756721 4.712056160 0.040189732 0.010256750 -0.006412661 0.999118865
1403636726313555456.000000 0.310504079 2.394932985 4.707338333 0.041001786 0.010673969 -0.006581109 0.999080420
1403636726363555584.000000 0.306969166 2.395267487 4.702063084 -0.041336380 -0.012006938 0.007551711 -0.999044597
1403636726413555456.000000 0.305299222 2.394357443 4.697022438 -0.042211965 -0.012505205 0.007916042 -0.998999119
1403636726463555584.000000 0.306004465 2.393127203 4.691782475 -0.043326765 -0.013215502 0.007500622 -0.998945415
1403636726513555456.000000 0.308213979 2.391716480 4.686536312 -0.044875551 -0.013473942 0.005276090 -0.998887837
1403636726563555584.000000 0.312228352 2.390134811 4.680745125 -0.048142228 -0.014200738 -0.001196125 -0.998738885
1403636726613555456.000000 0.317106038 2.388822556 4.674421310 -0.051917870 -0.014418107 -0.009461623 -0.998502493
1403636726663555584.000000 0.309593916 2.392141104 4.636134148 0.055229757 0.016714098 0.016752765 0.998193264
1403636726713555456.000000 0.316641867 2.393587828 4.628422260 0.055817947 0.016645553 0.017546199 0.998147964
1403636726763555584.000000 0.325273007 2.396507740 4.619511127 0.054715112 0.017826544 0.014100672 0.998243332
1403636726813555456.000000 0.332553953 2.400348425 4.607076645 0.053157713 0.018478194 0.008456556 0.998379350
1403636726863555584.000000 0.352216959 2.405750751 4.601763725 -0.053084750 -0.019460801 -0.002063558 -0.998398244
1403636726913555456.000000 0.366187125 2.411153316 4.591146469 -0.053509142 -0.019515790 0.003009461 -0.998372138
1403636726963555584.000000 0.380916387 2.416821480 4.579507351 -0.054435808 -0.019521128 0.006678762 -0.998304188
1403636727013555456.000000 0.396802485 2.422598600 4.567584991 -0.055510968 -0.019703982 0.008534341 -0.998227179
1403636727063555584.000000 0.412722081 2.428515673 4.555150986 -0.055881198 -0.020068005 0.011147492 -0.998173535
1403636727113555456.000000 0.427377582 2.434378624 4.542551041 -0.056295868 -0.019663222 0.013653954 -0.998127162
1403636727163555584.000000 0.431640863 2.442176580 4.503087044 0.055911861 0.019333312 -0.016769217 0.998107731
1403636727213555456.000000 0.442312866 2.447527885 4.489944935 0.055568598 0.018858599 -0.019767616 0.998081028
1403636727263555584.000000 0.451216489 2.452111483 4.476552486 0.055107858 0.018455518 -0.022618001 0.998053610
1403636727313555456.000000 0.457263350 2.456151724 4.460886478 0.054281030 0.018077428 -0.025587566 0.998034120
1403636727363555584.000000 0.465530217 2.460617781 4.447905064 -0.054146040 -0.016389145 0.026783524 -0.998039246
1403636727413555456.000000 0.471375734 2.463355780 4.434142113 -0.053936645 -0.016251333 0.027855543 -0.998023510
1403636727463555584.000000 0.476516753 2.465359688 4.420272350 -0.053596977 -0.016459342 0.028933883 -0.998007715
1403636727513555456.000000 0.481636107 2.466433525 4.405775547 -0.054414120 -0.017823523 0.026903320 -0.997996807
1403636727563555584.000000 0.487428010 2.466643572 4.390421391 -0.055806935 -0.018953467 0.023193678 -0.997992218
1403636727613555456.000000 0.494179219 2.466601610 4.373853207 -0.056214944 -0.020363599 0.021890363 -0.997970998
1403636727663555584.000000 0.501829207 2.466659069 4.336925507 0.056995217 0.020431148 -0.019711325 0.997970760
1403636727713555456.000000 0.510979712 2.465332747 4.318291664 0.056659039 0.018866088 -0.020168664 0.998011529
1403636727763555584.000000 0.522200048 2.463578939 4.298665524 0.056255817 0.018345129 -0.021269208 0.998021305
1403636727813555456.000000 0.534508824 2.461607456 4.277262688 0.055865757 0.017906569 -0.022815311 0.998016953
1403636727863555584.000000 0.549415469 2.460682869 4.256629467 -0.053721819 -0.017349966 0.027800901 -0.998018146
1403636727913555456.000000 0.563152909 2.457770348 4.234315872 -0.051862195 -0.017789157 0.032310929 -0.997972965
1403636727963555584.000000 0.575580001 2.453962326 4.212070465 -0.051391549 -0.017838262 0.033460207 -0.997958541
1403636728013555456.000000 0.586295724 2.449100971 4.189904690 -0.051684521 -0.017373543 0.032112196 -0.997995853
1403636728063555584.000000 0.595353305 2.443347931 4.167880058 -0.052227899 -0.016991409 0.030335777 -0.998029709
1403636728113555456.000000 0.602912545 2.436731100 4.145813465 -0.053546600 -0.018238155 0.026693704 -0.998041868
1403636728163555584.000000 0.606886446 2.426146507 4.125401974 0.053527623 0.019124111 -0.024781639 0.998075664
1403636728213555456.000000 0.611511052 2.418654919 4.103352070 0.054235891 0.020052493 -0.022774430 0.998066962
1403636728263555584.000000 0.614617050 2.410679340 4.081605434 0.054534934 0.020566659 -0.021496803 0.998068571
1403636728313555456.000000 0.616004348 2.402667284 4.059849262 0.054914847 0.020199206 -0.019948373 0.998087406
1403636728363555584.000000 0.616422176 2.394444704 4.038914680 -0.054589804 -0.019921139 0.020286651 -0.998104036
1403636728413555456.000000 0.614794433 2.385385275 4.017549515 -0.056194227 -0.019050442 0.016364280 -0.998104036
1403636728463555584.000000 0.611777902 2.376315594 3.996504545 -0.058326878 -0.019003037 0.010111043 -0.998065412
1403636728513555456.000000 0.607833207 2.371121645 3.971704721 -0.060979128 -0.017987298 0.002996782 -0.997972548
1403636728563555584.000000 0.601509750 2.359520912 3.954665422 -0.062776886 -0.017086187 -0.000414492 -0.997881234
1403636728613555456.000000 0.595822513 2.355767012 3.930178404 -0.065335475 -0.017411280 -0.001969598 -0.997709572
1403636728663555584.000000 0.586887360 2.338991880 3.931717634 0.066780753 0.017038351 -0.002972869 0.997617781
1403636728713555456.000000 0.581432521 2.333393335 3.910582066 0.069559842 0.017718870 -0.009488311 0.997375309
1403636728763555584.000000 0.577807784 2.327762127 3.888918877 0.074138738 0.017909771 -0.016084762 0.996957421
1403636728813555456.000000 0.576018155 2.322158575 3.866724491 0.079766490 0.017966224 -0.023127666 0.996383309
1403636728863555584.000000 0.574848652 2.316113472 3.841324806 -0.085784815 -0.018369591 0.028485382 -0.995737016
1403636728913555456.000000 0.576450408 2.316053867 3.802527189 -0.091646351 -0.019983498 0.033105228 -0.995040596
1403636728963555584.000000 0.575965047 2.310486078 3.777561188 -0.097090997 -0.021043224 0.035848528 -0.994407117
1403636729013555456.000000 0.572847664 2.299359560 3.766454697 -0.102176517 -0.022519473 0.038347177 -0.993771791
1403636729063555584.000000 0.570045531 2.293433428 3.741456985 -0.106435075 -0.024329500 0.040812772 -0.993183792
1403636729113555456.000000 0.565463603 2.287461042 3.716824055 -0.110453106 -0.025322367 0.042139638 -0.992664695
1403636729163555584.000000 0.553912044 2.274309874 3.710980654 0.112910442 0.025354559 -0.043717943 0.992319107
1403636729213555456.000000 0.546272814 2.268071651 3.687077761 0.115408383 0.023138938 -0.044386338 0.992056131
1403636729263555584.000000 0.537621498 2.261295795 3.663248539 0.118253738 0.021817995 -0.043186683 0.991803885
1403636729313555456.000000 0.527943313 2.254604578 3.639610052 0.119638667 0.021493968 -0.043792639 0.991618335
1403636729363555584.000000 0.516588688 2.246417284 3.614361525 -0.121012032 -0.021517007 0.043287527 -0.991473317
1403636729413555456.000000 0.506735146 2.235291481 3.598929644 0.121526279 0.022289274 -0.043716274 0.991374552
1403636729463555584.000000 0.497099340 2.228217602 3.572381258 0.122024983 0.022486513 -0.043919396 0.991299868
1403636729513555456.000000 0.488504022 2.221153259 3.544356346 0.122629739 0.022418762 -0.043791592 0.991232455
1403636729563555584.000000 0.481093317 2.214243412 3.515409231 0.123113982 0.021762636 -0.043392424 0.991204560
1403636729613555456.000000 0.475832790 2.206674814 3.485998154 -0.123335809 -0.020960394 0.043505214 -0.991189301
1403636729663555584.000000 0.471807539 2.199714661 3.455201149 -0.123413026 -0.020325895 0.043264948 -0.991203487
1403636729713555456.000000 0.468295902 2.192747593 3.424025774 -0.123995781 -0.020350721 0.041937541 -0.991187334
1403636729763555584.000000 0.466813505 2.179986954 3.408569574 0.123369470 0.018624125 -0.042504057 0.991275251
1403636729813555456.000000 0.462819934 2.172914267 3.377583981 0.123039886 0.016437896 -0.042123042 0.991371155
1403636729863555584.000000 0.457326531 2.166068792 3.347018957 0.122431330 0.013776591 -0.042885460 0.991454363
1403636729913555456.000000 0.450507015 2.158893824 3.316874266 0.122783810 0.011719663 -0.041062437 0.991514385
1403636729963555584.000000 0.441117793 2.151256800 3.289065599 -0.122159965 -0.010180872 0.042281315 -0.991557181
1403636730013555456.000000 0.435241878 2.139707565 3.266624451 0.122238494 0.008507953 -0.041408107 0.991600096
1403636730063555584.000000 0.425342321 2.131698608 3.238466024 0.122532032 0.007711215 -0.041432511 0.991569400
1403636730113555456.000000 0.414568245 2.123398542 3.211085796 0.123072200 0.007103598 -0.041580614 0.991500854
1403636730163555584.000000 0.402983367 2.115030527 3.184254408 0.123512395 0.007177418 -0.040512167 0.991489768
1403636730213555456.000000 0.390894711 2.104830742 3.159007788 -0.123156264 -0.006003214 0.041544739 -0.991499186
1403636730263555584.000000 0.377763569 2.095939398 3.133630276 -0.123483688 -0.006007019 0.041821297 -0.991446793
1403636730313555456.000000 0.365961850 2.086750031 3.113703251 0.124284394 0.006106510 -0.039806135 0.991429090
1403636730363555584.000000 0.351275057 2.078086138 3.089627981 0.124683656 0.005624691 -0.039799426 0.991382062
1403636730413555456.000000 0.336202204 2.069525003 3.066198111 0.124648087 0.004496116 -0.040728524 0.991354585
1403636730463555584.000000 0.322382301 2.060667515 3.043457747 0.125012815 0.000857176 -0.040789519 0.991315961
1403636730513555456.000000 0.310958922 2.051259041 3.021924257 -0.124545440 0.002834697 0.042575385 -0.991295993
1403636730563555584.000000 0.299287736 2.043604374 2.999833584 0.124857210 -0.007139638 -0.042277034 0.991247892
1403636730613555456.000000 0.292787790 2.033880949 2.978523970 0.125090718 -0.010049716 -0.042154126 0.991198480
1403636730663555584.000000 0.289099246 2.023813009 2.958247423 0.125215858 -0.011655571 -0.041811995 0.991179645
1403636730713555456.000000 0.289533764 2.013063669 2.938628912 0.125631392 -0.012665034 -0.041789893 0.991115510
1403636730763555584.000000 0.294203967 2.000910997 2.921739340 -0.125163317 0.013823765 0.042588029 -0.991125286
1403636730813555456.000000 0.297638953 1.991902113 2.899639130 0.125303075 -0.014577374 -0.043128889 0.991073489
1403636730863555584.000000 0.303977549 1.980198503 2.881980419 0.125849172 -0.015660873 -0.041134648 0.991072476
1403636730913555456.000000 0.310311437 1.968315601 2.865406036 0.126861915 -0.016980466 -0.037633412 0.991060793
1403636730963555584.000000 0.315991223 1.956300139 2.850261450 0.128536448 -0.016500751 -0.032459252 0.991036117
1403636731013555456.000000 0.320208997 1.944823265 2.836885452 -0.130061895 0.015650077 0.027048722 -0.991013288
1403636731063555584.000000 0.314945281 1.938905835 2.821474791 0.132526740 -0.010749707 -0.019553645 0.990928292
1403636731113555456.000000 0.319042325 1.928410053 2.811174870 0.133577526 -0.004801534 -0.014767857 0.990916729
1403636731163555584.000000 0.321814179 1.919029117 2.802289963 0.134103179 0.000063131 -0.012044463 0.990894258
1403636731213555456.000000 0.323615968 1.911010146 2.794523239 0.133135617 0.004135763 -0.013139124 0.991002142
1403636731263555584.000000 0.323342592 1.905089855 2.786790848 -0.131597832 -0.008337375 0.016516706 -0.991130531
1403636731313555456.000000 0.320799172 1.903486729 2.777246237 0.129271597 0.010929125 -0.021225316 0.991321802
1403636731363555584.000000 0.319316864 1.898977041 2.771602392 0.127390206 0.012094271 -0.025062116 0.991462231
1403636731413555456.000000 0.316346735 1.895058393 2.766351461 0.125242054 0.011802356 -0.030128513 0.991598427
1403636731463555584.000000 0.312395692 1.891446233 2.761456251 0.124561943 0.012567160 -0.031554170 0.991630375
1403636731513555456.000000 0.306128085 1.889081001 2.757006168 -0.124995105 -0.011700965 0.030487491 -0.991619825
1403636731563555584.000000 0.299668461 1.886180043 2.752756357 -0.126696125 -0.010560603 0.026533790 -0.991530418
1403636731613555456.000000 0.292739630 1.883933663 2.748851061 -0.127616197 -0.010358883 0.023549307 -0.991489947
1403636731663555584.000000 0.284895301 1.882444024 2.745275259 -0.128583297 -0.009838766 0.021118771 -0.991425037
1403636731713555456.000000 0.276426762 1.882014275 2.742372751 -0.128169045 -0.010118530 0.021580335 -0.991465926
1403636731763555584.000000 0.267069131 1.882461309 2.739567280 -0.126977101 -0.010223269 0.024634937 -0.991546988
1403636731813555456.000000 0.262569904 1.888674259 2.730590820 0.126475662 0.010016595 -0.026625741 0.991561711
1403636731863555584.000000 0.251349807 1.890561700 2.728102684 0.125715867 0.010168468 -0.029143479 0.991586030
1403636731913555456.000000 0.239522323 1.892646432 2.725732327 0.125604406 0.010756227 -0.030885264 0.991541207
1403636731963555584.000000 0.227199137 1.895038366 2.723328590 0.125730827 0.011591895 -0.031138426 0.991507888
1403636732013555456.000000 0.213936269 1.898127079 2.722675085 -0.125945449 -0.011973172 0.031797290 -0.991455197
1403636732063555584.000000 0.199820220 1.901133537 2.721465349 -0.125982508 -0.013654888 0.032563809 -0.991403818
1403636732113555456.000000 0.184291735 1.904393911 2.720563412 -0.126356214 -0.013688030 0.032014966 -0.991373718
1403636732163555584.000000 0.167919219 1.907947540 2.719865322 -0.126415774 -0.013994534 0.033110421 -0.991325915
1403636732213555456.000000 0.152319297 1.911755562 2.718482733 -0.126567215 -0.015694078 0.033467498 -0.991269112
1403636732263555584.000000 0.137740508 1.915957570 2.716128111 -0.126328409 -0.016792426 0.035269994 -0.991219103
1403636732313555456.000000 0.131143540 1.919504046 2.721009970 0.127270088 0.017457597 -0.034283258 0.991121769
1403636732363555584.000000 0.118821315 1.924615026 2.715979099 0.126418889 0.017341169 -0.036937360 0.991137326
1403636732413555456.000000 0.109375484 1.929622769 2.709439278 0.124897204 0.019580487 -0.041014247 0.991128266
1403636732463555584.000000 0.102270015 1.934951782 2.701406002 0.122526199 0.023074286 -0.047688898 0.991050303
1403636732513555456.000000 0.094896249 1.940002322 2.690378189 -0.119782433 -0.027216965 0.055782147 -0.990858138
1403636732563555584.000000 0.089171186 1.944357634 2.678071976 -0.117905021 -0.031123802 0.061438501 -0.990633726
1403636732613555456.000000 0.087105177 1.943300724 2.673424244 0.116478041 0.035011243 -0.065991215 0.990379870
1403636732663555584.000000 0.082695179 1.945140123 2.657744169 0.117224045 0.037502795 -0.065363154 0.990242302
1403636732713555456.000000 0.078930780 1.945875764 2.640211821 0.119110480 0.038863946 -0.061404131 0.990218103
1403636732763555584.000000 0.075951420 1.945648670 2.620797634 0.121264286 0.038445357 -0.056790549 0.990248442
1403636732813555456.000000 0.074851759 1.943419218 2.600407839 -0.123534240 -0.038498472 0.051944137 -0.990231812
1403636732863555584.000000 0.072448060 1.941893458 2.578368902 -0.124417841 -0.038399931 0.050041214 -0.990222991
1403636732913555456.000000 0.068347350 1.940140367 2.555407286 -0.125116289 -0.037265211 0.049064308 -0.990227222
1403636732963555584.000000 0.062192526 1.938140392 2.531835079 -0.125717133 -0.035032645 0.048358608 -0.990267336
1403636733013555456.000000 0.054531079 1.939196467 2.501574755 -0.126241595 -0.032012079 0.048382893 -0.990301728
1403636733063555584.000000 0.046347909 1.933399558 2.483825922 -0.126267388 -0.029447980 0.048785482 -0.990358174
1403636733113555456.000000 0.048166681 1.925488472 2.476415157 0.126514569 0.025127968 -0.049072944 0.990431488
1403636733163555584.000000 0.043715976 1.922638655 2.449971914 0.125561088 0.025393398 -0.051922668 0.990400791
1403636733213555456.000000 0.040615916 1.919187307 2.422994137 0.125883475 0.024043556 -0.052249029 0.990376413
1403636733263555584.000000 0.039048091 1.915128231 2.395235062 0.126103088 0.023446875 -0.053379167 0.990302444
1403636733313555456.000000 0.037405688 1.909829259 2.364187717 -0.127036557 -0.022657419 0.051942270 -0.990277946
1403636733363555584.000000 0.036152221 1.905117869 2.333259583 -0.128103927 -0.020201597 0.050472338 -0.990269661
1403636733413555456.000000 0.042493034 1.896010280 2.306242943 0.129132688 0.017372319 -0.049303818 0.990248561
1403636733463555584.000000 0.043980017 1.890367746 2.274631023 0.130009890 0.015206711 -0.046969458 0.990282834
1403636733513555456.000000 0.046411611 1.884298325 2.243211746 0.130298659 0.013045873 -0.046896800 0.990279198
1403636733563555584.000000 0.048136562 1.878083110 2.211945772 0.130640313 0.011408595 -0.046203379 0.990286946
1403636733613555456.000000 0.048598811 1.871148825 2.182338238 -0.130637690 -0.010166658 0.047476463 -0.990240633
1403636733663555584.000000 0.047608979 1.864477038 2.152311087 -0.131209657 -0.008702205 0.045922767 -0.990252197
1403636733713555456.000000 0.052147444 1.855564117 2.122748852 0.131198913 0.007434390 -0.046441734 0.990239799
1403636733763555584.000000 0.048701867 1.848520637 2.094337702 0.131146714 0.007295649 -0.047317062 0.990206242
1403636733813555456.000000 0.043560557 1.841300964 2.066898823 0.131389260 0.005265534 -0.047065955 0.990198970
1403636733863555584.000000 0.037484437 1.833866596 2.039876938 0.131534040 0.004409610 -0.047201406 0.990177512
1403636733913555456.000000 0.031070024 1.824754238 2.014934540 -0.131032079 -0.005651643 0.048708782 -0.990164757
1403636733963555584.000000 0.023636334 1.816547394 1.989532113 -0.129941911 -0.008310941 0.051477771 -0.990149558
1403636734013555456.000000 0.019168213 1.808636308 1.960796595 0.129631147 0.011929136 -0.052271556 0.990111768
1403636734063555584.000000 0.010264196 1.799724340 1.936240792 0.129293546 0.014455471 -0.051901359 0.990141690
1403636734113555456.000000 0.001072865 1.790358663 1.911788225 0.129317150 0.016314384 -0.050063562 0.990204334
1403636734163555584.000000 -0.007565584 1.780817389 1.886773229 0.129180759 0.016973315 -0.049510125 0.990238965
1403636734213555456.000000 -0.014054868 1.770085096 1.862316370 -0.129950330 -0.016931627 0.048025269 -0.990212083
1403636734263555584.000000 -0.019327439 1.762345076 1.830125570 0.131068960 0.017485391 -0.046816945 0.990112841
1403636734313555456.000000 -0.023960918 1.751982808 1.802904963 0.131987080 0.016072163 -0.045435783 0.990079165
1403636734363555584.000000 -0.026838705 1.741549015 1.775299191 0.132672682 0.014486687 -0.044665679 0.990047038
1403636734413555456.000000 -0.027769981 1.731096148 1.746881843 0.133638903 0.012717491 -0.043477181 0.989994287
1403636734463555584.000000 -0.027874045 1.721196651 1.717463017 -0.134198084 -0.010707995 0.043674301 -0.989933729
1403636734513555456.000000 -0.031825788 1.712990880 1.678555965 0.134689838 0.008656155 -0.043674156 0.989887059
1403636734563555584.000000 -0.032918792 1.702652097 1.650749564 0.135143682 0.006375425 -0.043867707 0.989833951
1403636734613555456.000000 -0.035017889 1.692304015 1.623690128 0.135706797 0.004351282 -0.043889862 0.989766836
1403636734663555584.000000 -0.038302392 1.681991696 1.597355843 0.135680348 0.002669908 -0.045104008 0.989721894
1403636734713555456.000000 -0.041207425 1.672938824 1.570425749 -0.136090472 -0.001869501 0.046110548 -0.989621043
1403636734763555584.000000 -0.053805396 1.665594935 1.540139794 0.136378065 0.002522660 -0.047446728 0.989516854
1403636734813555456.000000 -0.060399890 1.655577421 1.516434789 0.136969686 0.001401389 -0.047478143 0.989435792
1403636734863555584.000000 -0.067813210 1.645311832 1.493837357 0.137713149 0.001257422 -0.047574278 0.989328206
1403636734913555456.000000 -0.076183848 1.634861708 1.472392440 0.138489917 0.000902349 -0.047266416 0.989234924
1403636734963555584.000000 -0.085215621 1.625214100 1.451592088 -0.139018163 -0.000671607 0.046711322 -0.989187360
1403636735013555456.000000 -0.105670780 1.617038250 1.425884247 0.138850585 0.001142533 -0.047781236 0.989159346
1403636735063555584.000000 -0.115607202 1.606463194 1.407258868 0.139265344 0.001525748 -0.047037873 0.989136219
1403636735113555456.000000 -0.125545248 1.595914364 1.388973117 0.139409959 0.001403670 -0.046206504 0.989155114
1403636735163555584.000000 -0.134627983 1.585562825 1.370715737 0.139825404 0.000984711 -0.045004703 0.989152491
1403636735213555456.000000 -0.142622963 1.576430678 1.352021933 -0.139734060 -0.000045513 0.044131860 -0.989205122
1403636735263555584.000000 -0.160924673 1.568173528 1.328315854 0.139720231 -0.001348175 -0.042721283 0.989268124
1403636735313555456.000000 -0.162941128 1.557766438 1.310823798 0.139394760 -0.003048898 -0.041409303 0.989366055
1403636735363555584.000000 -0.161176294 1.547051907 1.293707609 0.138800800 -0.004369998 -0.040306259 0.989490151
1403636735413555456.000000 -0.155432373 1.536327124 1.276391983 0.137631938 -0.002869060 -0.039972454 0.989672482
1403636735463555584.000000 -0.147004634 1.525896192 1.258108974 -0.136540130 0.001735830 0.038163446 -0.989897668
1403636735513555456.000000 -0.152287692 1.518859267 1.235129714 0.134570852 -0.000501849 -0.038298715 0.990163505
1403636735563555584.000000 -0.140634045 1.508971334 1.217940450 0.132763743 0.000666011 -0.038109593 0.990414560
1403636735613555456.000000 -0.128292769 1.499083757 1.201011300 0.131012127 0.001611723 -0.038302798 0.990639269
1403636735663555584.000000 -0.116056919 1.489482164 1.184879065 0.129060358 0.001991622 -0.038360793 0.990892470
1403636735713555456.000000 -0.106593311 1.480572343 1.167304158 -0.128057614 -0.001905578 0.037300058 -0.991063237
1403636735763555584.000000 -0.107288048 1.475160122 1.149947524 0.126490459 0.001623617 -0.038042195 0.991236806
1403636735813555456.000000 -0.099164441 1.465859175 1.136235476 0.125815779 0.001550539 -0.036800843 0.991369665
1403636735863555584.000000 -0.092715666 1.456756234 1.123402834 0.125141338 0.001966272 -0.036893409 0.991450846
1403636735913555456.000000 -0.088168442 1.447867513 1.111482143 0.124936923 0.002061591 -0.036757827 0.991481423
1403636735963555584.000000 -0.085496940 1.440127373 1.098925948 -0.124677084 -0.003200827 0.037100803 -0.991498351
1403636736013555456.000000 -0.081530720 1.431312680 1.087768316 -0.125925884 -0.004111397 0.038485359 -0.991284370
1403636736063555584.000000 -0.076778814 1.422332644 1.076465130 -0.128678054 -0.004802307 0.040271435 -0.990856826
1403636736113555456.000000 -0.070227809 1.416710734 1.065545201 0.133473217 0.007013449 -0.040864266 0.990184844
1403636736163555584.000000 -0.062601693 1.407407761 1.052765608 0.139211088 0.008910761 -0.042859856 0.989294708
1403636736213555456.000000 -0.053586043 1.398270130 1.038914204 0.145562559 0.010622233 -0.044496305 0.988290846
1403636736263555584.000000 -0.044230226 1.389260054 1.024752855 0.151370615 0.011379830 -0.046738386 0.987305939
1403636736313555456.000000 -0.036721859 1.381216288 1.008701921 -0.156452656 -0.012292923 0.049218860 -0.986381829
1403636736363555584.000000 -0.020791475 1.374707103 0.999973953 0.160724208 0.012573005 -0.051961128 0.985550523
1403636736413555456.000000 -0.015516188 1.366576076 0.986369133 0.164404169 0.012566583 -0.054103993 0.984827995
1403636736463555584.000000 -0.011468870 1.358695269 0.973399878 0.166403294 0.013537924 -0.058839712 0.984207571
1403636736513555456.000000 -0.009401774 1.350691676 0.961223423 0.167627275 0.015182934 -0.064046293 0.983650684
1403636736563555584.000000 -0.010579500 1.342995644 0.948870599 -0.168837115 -0.016563214 0.068577342 -0.983115852
1403636736613555456.000000 -0.012494461 1.334833980 0.937059700 -0.169414401 -0.017670492 0.072336264 -0.982727885
1403636736663555584.000000 -0.007893553 1.320177913 0.931375086 0.170194045 0.018324144 -0.074261308 0.982437551
1403636736713555456.000000 -0.012276342 1.311061621 0.919153929 0.170931727 0.019302616 -0.075663388 0.982183754
1403636736763555584.000000 -0.018113613 1.301448822 0.906958520 0.171524912 0.018736990 -0.076674595 0.982012868
1403636736813555456.000000 -0.024227109 1.291842461 0.894679964 -0.172306433 -0.019719347 0.077698663 -0.981776237
1403636736863555584.000000 -0.032020584 1.281332135 0.881819010 -0.173721418 -0.019827072 0.076463275 -0.981621742
1403636736913555456.000000 -0.040849790 1.270378113 0.868453383 -0.174358472 -0.019069819 0.077635735 -0.981431723
1403636736963555584.000000 -0.050503556 1.258714080 0.854897439 -0.176122844 -0.018742494 0.075819686 -0.981264889
1403636737013555456.000000 -0.035799194 1.240983963 0.853082776 0.178566977 0.016996790 -0.072944753 0.981072903
1403636737063555584.000000 -0.046877582 1.228471637 0.838982046 0.181057185 0.016912133 -0.070189066 0.980818927
1403636737113555456.000000 -0.057780564 1.215779543 0.825109720 0.184034094 0.017094804 -0.066319793 0.980530977
1403636737163555584.000000 -0.069355644 1.203406572 0.811605573 0.185821325 0.016742243 -0.065541446 0.980252266
1403636737213555456.000000 -0.099429362 1.192913294 0.789247096 -0.187519252 -0.016174026 0.064670913 -0.979996264
1403636737263555584.000000 -0.097115345 1.176655054 0.783985436 0.189695731 0.014771625 -0.062878244 0.979716122
1403636737313555456.000000 -0.111752875 1.164359450 0.770233452 -0.190529406 -0.012843248 0.064163186 -0.979498208
1403636737363555584.000000 -0.103412829 1.143194318 0.769367993 0.191932991 0.010322593 -0.063807346 0.979277194
1403636737413555456.000000 -0.115634553 1.131894946 0.753915310 0.192969069 0.008297618 -0.064745657 0.979031205
1403636737463555584.000000 -0.125910223 1.120992661 0.737881601 0.193989769 0.006033644 -0.065345973 0.978806198
1403636737513555456.000000 -0.132637665 1.110115409 0.722014129 0.194484830 0.004655981 -0.066893533 0.978610933
1403636737563555584.000000 -0.139713466 1.096867681 0.707978427 -0.195588678 -0.002948760 0.065815195 -0.978470623
1403636737613555456.000000 -0.144848973 1.085856199 0.692148507 -0.196810678 -0.001588444 0.063986182 -0.978350103
1403636737663555584.000000 -0.148208886 1.075311661 0.675818682 -0.198596507 0.000012975 0.060755577 -0.978196442
1403636737713555456.000000 -0.131767184 1.053491950 0.671749651 0.199621543 -0.002730503 -0.057996344 0.978151500
1403636737763555584.000000 -0.131087929 1.044108748 0.655449271 0.200688139 -0.003417246 -0.055688627 0.978065193
1403636737813555456.000000 -0.128436357 1.035140157 0.639416456 0.201510370 -0.004375811 -0.053115759 0.978035390
1403636737863555584.000000 -0.123291999 1.027052879 0.622924149 0.201817825 -0.004638639 -0.051534798 0.978055418
1403636737913555456.000000 -0.117525622 1.017216444 0.608591497 -0.201526627 0.005514246 0.051227000 -0.978127003
1403636737963555584.000000 -0.101159595 1.002808928 0.601364434 0.201415613 -0.005214290 -0.050524678 0.978188097
1403636738013555456.000000 -0.089092702 0.996732831 0.585799873 0.200689048 -0.004521373 -0.050439175 0.978345275
1403636738063555584.000000 -0.075516179 0.991737425 0.570080340 0.199697942 -0.004461112 -0.051001344 0.978519142
1403636738113555456.000000 -0.060957711 0.987572312 0.555256188 0.198110461 -0.002286425 -0.053605337 0.978710115
1403636738163555584.000000 -0.045332123 0.981915772 0.543139160 -0.196946859 0.001239520 0.054290723 -0.978909075
1403636738213555456.000000 -0.032259230 0.978239954 0.530619800 -0.195651680 -0.000403495 0.055436175 -0.979105234
1403636738263555584.000000 -0.020688707 0.974911273 0.519239485 -0.194828898 -0.000712377 0.055295330 -0.979277074
1403636738313555456.000000 -0.010316806 0.971720636 0.508896053 -0.193920523 -0.000861031 0.055799458 -0.979428709
1403636738363555584.000000 -0.001004451 0.968637288 0.499862254 -0.193010002 -0.000623794 0.055341158 -0.979634762
1403636738413555456.000000 0.007369383 0.965597153 0.492197394 -0.192333847 -0.000360979 0.055116616 -0.979780495
1403636738463555584.000000 0.012032989 0.951021910 0.498859465 0.190067217 -0.000231144 -0.055109140 0.980223119
1403636738513555456.000000 0.018006016 0.948828101 0.494477630 0.186848983 -0.001370411 -0.053662963 0.980920911
1403636738563555584.000000 0.022602674 0.947052479 0.491675168 0.182125121 -0.003081850 -0.051807329 0.981904864
1403636738613555456.000000 0.025970373 0.944059849 0.489756405 -0.176265597 0.004981074 0.048610605 -0.983129084
1403636738663555584.000000 0.028364345 0.942724228 0.489607662 -0.168924823 0.005401424 0.045310188 -0.984572113
1403636738713555456.000000 0.029624399 0.941999137 0.490777433 -0.160769820 0.005047739 0.040592127 -0.986144006
1403636738763555584.000000 0.029725339 0.941816688 0.492891014 -0.151652023 0.002385829 0.035328016 -0.987799585
1403636738813555456.000000 0.028548611 0.942196667 0.495911181 -0.141908735 0.000058438 0.028875848 -0.989458561
1403636738863555584.000000 0.026203673 0.943531632 0.500126839 -0.131818548 -0.002841885 0.021582799 -0.991034865
1403636738913555456.000000 0.022250516 0.945800722 0.505188823 -0.120691828 -0.004336045 0.014936570 -0.992568254
1403636738963555584.000000 0.007494275 0.942624927 0.512914121 0.109112188 0.005557654 -0.006743832 0.993991077
1403636739013555456.000000 0.000910484 0.946650803 0.519758284 0.097382650 0.006663723 0.001657302 0.995223403
1403636739063555584.000000 -0.006899909 0.951855779 0.527751803 0.084890962 0.006815169 0.009477160 0.996321917
1403636739113555456.000000 -0.015400270 0.958451748 0.536474407 0.070773028 0.007537732 0.013876916 0.997367501
1403636739163555584.000000 -0.023882842 0.965302527 0.545029104 -0.055513181 -0.007473152 -0.015642647 -0.998307467
1403636739213555456.000000 -0.033695839 0.974304378 0.554275751 -0.040166065 -0.008500041 -0.017710347 -0.998999953
1403636739263555584.000000 -0.044397052 0.984433532 0.563707411 -0.024224287 -0.008744060 -0.018368520 -0.999499559
1403636739313555456.000000 -0.055665929 0.995106697 0.573286712 -0.008337894 -0.009518717 -0.018457748 -0.999749601
1403636739363555584.000000 -0.066812672 1.006251097 0.582687855 0.007715242 -0.009817347 -0.017757315 -0.999764383
1403636739413555456.000000 -0.076890916 1.017573357 0.591078699 0.022322632 -0.009617923 -0.018771868 -0.999528289
1403636739463555584.000000 -0.097604848 1.031550169 0.588574052 -0.036326110 0.010168937 0.020743702 0.999072969
1403636739513555456.000000 -0.104117416 1.042392135 0.595475852 -0.048901349 0.009613228 0.024978438 0.998445034
1403636739563555584.000000 -0.108212054 1.052803636 0.601593077 -0.059230186 0.010639145 0.030656496 0.997716784
1403636739613555456.000000 -0.111117393 1.062602520 0.606916010 -0.067547821 0.010824283 0.036032051 0.997006476
1403636739663555584.000000 -0.112283014 1.072482824 0.612336934 0.075162612 -0.009811972 -0.038669612 -0.996372938
1403636739713555456.000000 -0.115878917 1.082046509 0.612055600 -0.080765896 0.010514084 0.041205760 0.995825529
1403636739763555584.000000 -0.116336428 1.091079235 0.617910743 -0.084185660 0.010496478 0.045869257 0.995338500
1403636739813555456.000000 -0.118044227 1.100063205 0.624408841 -0.086885385 0.010707971 0.048573073 0.994975865
1403636739863555584.000000 -0.121332325 1.108838916 0.631598115 0.089075096 -0.010266885 -0.050222337 -0.994704962
1403636739913555456.000000 -0.133836731 1.120774746 0.628933370 -0.090354666 0.010325661 0.050861947 0.994556487
1403636739963555584.000000 -0.138728783 1.130304575 0.637798965 -0.091365680 0.010426116 0.050595067 0.994476616
1403636740013555456.000000 -0.144557908 1.139922023 0.646926880 -0.091919601 0.009627776 0.049646009 0.994481444
1403636740063555584.000000 -0.151407629 1.149592280 0.656408548 -0.092078939 0.009045105 0.047755469 0.994564772
1403636740113555456.000000 -0.159479931 1.159776926 0.664095879 0.092561074 -0.009605015 -0.044516712 -0.994665027
1403636740163555584.000000 -0.168156087 1.169864774 0.673525810 0.093119413 -0.009295523 -0.040345751 -0.994793713
1403636740213555456.000000 -0.188049182 1.179536819 0.674551189 -0.093472190 0.010094681 0.035813384 0.994926393
1403636740263555584.000000 -0.198427349 1.188809037 0.684397340 -0.093498781 0.009951995 0.032120999 0.995051324
1403636740313555456.000000 -0.209434360 1.197415352 0.694195867 -0.092088878 0.011635792 0.032509912 0.995151937
1403636740363555584.000000 -0.221789762 1.205327988 0.704311073 -0.089786358 0.012357833 0.033956032 0.995305359
1403636740413555456.000000 -0.236034006 1.212862372 0.712219834 0.087494291 -0.013527778 -0.037138384 -0.995380580
1403636740463555584.000000 -0.250920713 1.219997764 0.722385645 0.085545704 -0.013002628 -0.039108828 -0.995481491
1403636740513555456.000000 -0.268090189 1.237526774 0.720005691 -0.082832143 0.015098565 0.041683901 0.995576918
1403636740563555584.000000 -0.282037824 1.244604588 0.728934169 -0.081772588 0.015611355 0.041459952 0.995665967
1403636740613555456.000000 -0.294594854 1.251666665 0.736937881 -0.080506876 0.015951140 0.041212436 0.995773911
1403636740663555584.000000 -0.305943072 1.258726358 0.743991435 -0.078943171 0.014786217 0.042627361 0.995857596
1403636740713555456.000000 -0.317369938 1.266952038 0.748685479 0.077591814 -0.012782797 -0.043664072 -0.995946586
1403636740763555584.000000 -0.326675296 1.275025487 0.753640950 0.076843113 -0.010103737 -0.042521130 -0.996084869
1403636740813555456.000000 -0.335871369 1.283353806 0.758249640 0.075827844 -0.009539326 -0.042763837 -0.996157885
1403636740863555584.000000 -0.346054941 1.292013884 0.762763619 0.075120240 -0.010394543 -0.042702317 -0.996205568
1403636740913555456.000000 -0.363415182 1.295794606 0.766244233 -0.075488225 0.011884541 0.039683994 0.996285856
1403636740963555584.000000 -0.376582623 1.304774642 0.771066964 -0.076795071 0.013749703 0.034930501 0.996340036
1403636741013555456.000000 -0.391485631 1.313453794 0.775831878 -0.079067744 0.014489508 0.027570495 0.996382594
1403636741063555584.000000 -0.408278346 1.321736097 0.780701995 -0.082366504 0.016025091 0.021211712 0.996247530
1403636741113555456.000000 -0.427252948 1.330809593 0.784704745 0.085200347 -0.017745202 -0.019771453 -0.996009648
1403636741163555584.000000 -0.448258013 1.338204980 0.789286852 0.088594556 -0.019502349 -0.021537347 -0.995643973
1403636741213555456.000000 -0.471054554 1.344624519 0.793876648 0.091328815 -0.021074120 -0.026719859 -0.995239198
1403636741263555584.000000 -0.495507240 1.349872828 0.798450947 0.093012817 -0.021761404 -0.033574920 -0.994860768
1403636741313555456.000000 -0.519931197 1.348692894 0.810506880 -0.094035231 0.021016510 0.039329976 0.994569719
1403636741363555584.000000 -0.546260238 1.352477551 0.813846469 -0.095094539 0.017027626 0.045157906 0.994297743
1403636741413555456.000000 -0.571219623 1.356031775 0.816256166 -0.096677728 0.013140702 0.048928805 0.994025588
1403636741463555584.000000 -0.594952285 1.359491229 0.817885816 -0.098281279 0.008670168 0.051288910 0.993798316
1403636741513555456.000000 -0.618543327 1.361834645 0.819596052 0.099915966 -0.001241892 -0.052977949 -0.993583739
1403636741563555584.000000 -0.633776128 1.365681171 0.825832486 -0.099584103 -0.002740412 0.058059044 0.993330121
1403636741613555456.000000 -0.652691901 1.369757295 0.825916350 -0.101529799 -0.006661251 0.055877939 0.993239641
1403636741663555584.000000 -0.669592083 1.374098301 0.826065063 -0.102091663 -0.008457085 0.055841364 0.993170500
1403636741713555456.000000 -0.683935940 1.378990889 0.826344728 -0.102619447 -0.007973472 0.055035807 0.993165076
1403636741763555584.000000 -0.695967555 1.383307815 0.826828420 0.103136480 0.005708269 -0.053223066 -0.993225873
1403636741813555456.000000 -0.703270257 1.394813657 0.835602760 -0.103139564 -0.003253526 0.050959390 0.993355334
1403636741863555584.000000 -0.714721918 1.400439382 0.837049067 -0.103433788 -0.000295344 0.047508374 0.993501067
1403636741913555456.000000 -0.727748156 1.406019688 0.839469552 -0.103596635 0.001262993 0.043673027 0.993659317
1403636741963555584.000000 -0.743615568 1.405617595 0.838271022 0.104149990 -0.002312709 -0.038014915 -0.993832171
1403636742013555456.000000 -0.757414997 1.416122317 0.848739624 0.104147121 -0.001123189 -0.033540793 -0.993995547
1403636742063555584.000000 -0.765774906 1.424451590 0.858314514 -0.102842145 -0.001824127 0.031625584 0.994193137
1403636742113555456.000000 -0.781193495 1.427750945 0.864001632 -0.100725733 -0.006676589 0.032505009 0.994360745
1403636742163555584.000000 -0.794874012 1.430294394 0.869788885 -0.098196931 -0.009862740 0.035143573 0.994497359
1403636742213555456.000000 -0.806847155 1.432648063 0.876160145 -0.095936470 -0.011206218 0.037078679 0.994633496
1403636742263555584.000000 -0.815727055 1.434717655 0.884823442 0.092832468 0.011787655 -0.040758062 -0.994777381
1403636742313555456.000000 -0.812724531 1.440834522 0.891283214 -0.090530016 -0.009608309 0.041663513 0.994975448
1403636742363555584.000000 -0.819412112 1.442621946 0.897687674 -0.089109473 -0.005518424 0.043012872 0.995077372
1403636742413555456.000000 -0.823548019 1.444602013 0.904528677 -0.087667048 -0.001027902 0.042821225 0.995228529
1403636742463555584.000000 -0.826076388 1.447023749 0.911317587 -0.086634524 0.001897963 0.043106824 0.995305359
1403636742513555456.000000 -0.826609910 1.450332880 0.918369055 0.085590146 -0.003754398 -0.042526249 -0.995415390
1403636742563555584.000000 -0.827533841 1.453114510 0.926020265 0.084640719 -0.004843529 -0.042379834 -0.995498121
1403636742613555456.000000 -0.827836514 1.456009507 0.933870435 0.084190443 -0.007106755 -0.041546669 -0.995557845
1403636742663555584.000000 -0.829166412 1.458929539 0.942166746 0.083781302 -0.009939416 -0.041167278 -0.995583832
1403636742713555456.000000 -0.842655003 1.455336928 0.949783623 0.083042048 -0.012871503 -0.040889435 -0.995623708
1403636742763555584.000000 -0.823385954 1.469136477 0.958325505 -0.081923485 0.014441039 0.040557764 0.995708346
1403636742813555456.000000 -0.830503106 1.471981883 0.968822539 -0.081473753 0.015946576 0.040391754 0.995729089
1403636742863555584.000000 -0.839211524 1.474643230 0.979464829 -0.080327854 0.017293410 0.041018154 0.995774090
1403636742913555456.000000 -0.849644303 1.477455854 0.989695430 -0.079505712 0.017928757 0.041580856 0.995805442
1403636742963555584.000000 -0.863545835 1.480613828 1.001287103 0.080135792 -0.017711233 -0.042435184 -0.995722830
1403636743013555456.000000 -0.878570974 1.483713627 1.012622952 0.082251228 -0.015630368 -0.043109279 -0.995556176
1403636743063555584.000000 -0.887405753 1.492784500 1.018271089 -0.084401332 0.009813052 0.045502696 0.995343983
1403636743113555456.000000 -0.904509723 1.496237516 1.029618144 -0.087188035 0.001048161 0.048708066 0.994999886
1403636743163555584.000000 -0.920757413 1.499992013 1.041106701 -0.089641169 -0.010244296 0.051605877 0.994583547
1403636743213555456.000000 -0.935172796 1.504289389 1.052839875 -0.091931842 -0.018510427 0.053394195 0.994160473
1403636743263555584.000000 -0.946568847 1.509224176 1.065214634 0.094738916 0.027545556 -0.053521547 -0.993680656
1403636743313555456.000000 -0.958560884 1.516506672 1.075170398 -0.095897727 -0.031207200 0.055705849 0.993341208
1403636743363555584.000000 -0.964705527 1.522228599 1.088634968 -0.096696310 -0.033130337 0.058014363 0.993069291
1403636743413555456.000000 -0.967478335 1.528795958 1.103286147 -0.097602554 -0.033030916 0.059439074 0.992899656
1403636743463555584.000000 -0.967212141 1.535717726 1.118159890 0.098515637 0.029325847 -0.059609681 -0.992915630
1403636743513555456.000000 -0.967139721 1.543498516 1.135128260 0.099589474 0.025674462 -0.059153635 -0.992936850
1403636743563555584.000000 -0.973295748 1.554141998 1.154732466 -0.100431539 -0.020437483 0.058468819 0.993014276
1403636743613555456.000000 -0.974604785 1.562873006 1.174997091 -0.101668268 -0.015373834 0.055441406 0.993153334
1403636743663555584.000000 -0.977418542 1.571966887 1.196969509 -0.102675885 -0.011906706 0.053044498 0.993228197
1403636743713555456.000000 -0.981236458 1.581328392 1.220211506 -0.103955045 -0.006893878 0.050562084 0.993272066
1403636743763555584.000000 -0.986608028 1.591097593 1.244566917 0.106510349 0.001311394 -0.048834849 -0.993110776
1403636743813555456.000000 -0.997422338 1.607619762 1.272658587 -0.109109923 0.001571531 0.049922306 0.992774069
1403636743863555584.000000 -1.005174637 1.616785645 1.298533916 -0.111479051 0.005084870 0.053624067 0.992305934
1403636743913555456.000000 -1.013783455 1.625837922 1.324907303 -0.115103148 0.008179303 0.052890908 0.991910815
1403636743963555584.000000 -1.024409294 1.635109305 1.352822900 0.117934503 -0.011113574 -0.052617207 -0.991564095
1403636744013555456.000000 -1.036067486 1.643949032 1.381132960 0.119945370 -0.012544360 -0.053644910 -0.991250753
1403636744063555584.000000 -1.053483009 1.654499173 1.409623027 -0.124005817 0.013898448 0.052614406 0.990788162
1403636744113555456.000000 -1.067912221 1.662981272 1.438969612 -0.128237009 0.014512945 0.053784776 0.990177691
1403636744163555584.000000 -1.083224416 1.670991182 1.468213320 -0.132433251 0.015558239 0.055261206 0.989527941
1403636744213555456.000000 -1.100658417 1.678298950 1.497076273 -0.135374844 0.017070873 0.058143448 0.988939643
1403636744263555584.000000 -1.120419025 1.684735298 1.525003910 0.137558177 -0.019364830 -0.061791517 -0.988374770
1403636744313555456.000000 -1.143039107 1.693636537 1.554055214 -0.139479563 0.019839782 0.064025134 0.987953722
1403636744363555584.000000 -1.165159822 1.699803948 1.582857490 -0.140460655 0.020286091 0.067752391 0.987557113
1403636744413555456.000000 -1.188689232 1.705875993 1.611582518 -0.140414149 0.020944009 0.071451753 0.987289190
1403636744463555584.000000 -1.213545084 1.712343812 1.639795065 0.139887005 -0.021601805 -0.075558163 -0.987044096
1403636744513555456.000000 -1.242262840 1.720993280 1.670154572 -0.137722656 0.022732787 0.081153393 0.986878872
1403636744563555584.000000 -1.269332409 1.728209615 1.698233247 -0.137054265 0.024683671 0.082378812 0.986823559
1403636744613555456.000000 -1.297805548 1.735896945 1.726136804 -0.135579601 0.026441734 0.085093647 0.986751318
1403636744663555584.000000 -1.327196717 1.744539499 1.753424644 -0.135033920 0.028204374 0.085468039 0.986745000
1403636744713555456.000000 -1.359290957 1.754825234 1.779238701 0.135798633 -0.030089190 -0.082691170 -0.986820936
1403636744763555584.000000 -1.390743613 1.766150236 1.807026982 -0.137784392 0.030242000 0.077360258 0.986973345
1403636744813555456.000000 -1.421483159 1.776671171 1.830235600 -0.139318272 0.029341610 0.073404573 0.987087309
1403636744863555584.000000 -1.451133132 1.787051678 1.851166844 -0.140505388 0.027058143 0.069876418 0.987240374
1403636744913555456.000000 -1.479589462 1.797330022 1.870208740 -0.141437128 0.022653356 0.066746548 0.987434745
1403636744963555584.000000 -1.506471992 1.807426095 1.887477398 0.140993476 -0.019656740 -0.065547027 -0.987642705
1403636745013555456.000000 -1.528375387 1.819881558 1.909244061 -0.139891177 0.015122415 0.065474831 0.987884045
1403636745063555584.000000 -1.550492287 1.829921246 1.924907684 -0.138651848 0.011299194 0.064598992 0.988167465
1403636745113555456.000000 -1.571434140 1.839684844 1.939936161 -0.136673778 0.006466127 0.064674564 0.988481522
1403636745163555584.000000 -1.590477824 1.849438190 1.954364538 -0.133965164 0.004822707 0.066582330 0.988735080
1403636745213555456.000000 -1.607539535 1.859065056 1.968659997 0.132256150 -0.003941633 -0.064481467 -0.989108205
1403636745263555584.000000 -1.621014953 1.874468327 1.992816091 -0.129846692 0.002804739 0.063292556 0.989507973
1403636745313555456.000000 -1.636721849 1.884652376 2.007501602 -0.128002688 0.003500535 0.061233211 0.989875555
1403636745363555584.000000 -1.649653912 1.895035386 2.021728754 -0.126213700 0.007799882 0.058584690 0.990240991
1403636745413555456.000000 -1.659774661 1.905644536 2.034449339 -0.125150189 0.012834135 0.056500528 0.990444601
1403636745463555584.000000 -1.668508649 1.916417837 2.046846390 0.124933064 -0.016787887 -0.053952478 -0.990554988
1403636745513555456.000000 -1.669447064 1.928887129 2.065578461 -0.124673061 0.020009814 0.054215599 0.990513504
1403636745563555584.000000 -1.675147414 1.938623309 2.075171471 -0.125339791 0.021620458 0.054523364 0.990378618
1403636745613555456.000000 -1.679611921 1.947956562 2.083565950 -0.127010852 0.022918511 0.055102862 0.990104437
1403636745663555584.000000 -1.682766795 1.956789851 2.090554476 -0.129288673 0.023627698 0.055618659 0.989764035
1403636745713555456.000000 -1.684136510 1.966262341 2.097422600 0.132121086 -0.024094492 -0.055553932 -0.989382327
1403636745763555584.000000 -1.691581488 1.978283167 2.108987093 -0.135716289 0.024781527 0.054586172 0.988932490
1403636745813555456.000000 -1.690094113 1.985772133 2.113334417 -0.139046073 0.023485182 0.054485705 0.988506913
1403636745863555584.000000 -1.686476350 1.992736459 2.116951942 -0.143127292 0.022794414 0.053361498 0.988001883
1403636745913555456.000000 -1.681725144 1.998818159 2.119686365 -0.147212356 0.022786910 0.052941620 0.987424254
1403636745963555584.000000 -1.674768567 2.003513336 2.122301817 0.151986942 -0.021751806 -0.050634105 -0.986845016
1403636746013555456.000000 -1.665781021 2.008633375 2.128960371 -0.156044111 0.020894226 0.049245536 0.986300468
1403636746063555584.000000 -1.656061649 2.011116266 2.128880262 -0.159811661 0.020056184 0.047852390 0.985783041
1403636746113555456.000000 -1.644637227 2.012294531 2.128020048 -0.163430929 0.018307446 0.046122599 0.985306025
1403636746163555584.000000 -1.631614923 2.011856079 2.126187801 -0.165877476 0.018906776 0.045750920 0.984903097
1403636746213555456.000000 -1.615269780 2.010506868 2.123748064 0.167841271 -0.020519186 -0.045293547 -0.984559178
1403636746263555584.000000 -1.598739624 2.007113457 2.120292902 0.169324800 -0.025020296 -0.045680165 -0.984183133
1403636746313555456.000000 -1.587564588 2.001320124 2.120496750 -0.170788720 0.033671405 0.044663750 0.983718812
1403636746363555584.000000 -1.573035717 1.994654775 2.117016077 -0.171066388 0.039739337 0.045639358 0.983399272
1403636746413555456.000000 -1.560808420 1.986346245 2.113833666 -0.171305075 0.042674154 0.045786414 0.983227909
1403636746463555584.000000 -1.551944971 1.976364136 2.111092091 -0.169943064 0.040580016 0.049020875 0.983396947
1403636746513555456.000000 -1.545927763 1.965889215 2.110020161 0.168393448 -0.035650916 -0.052020490 -0.983700454
1403636746563555584.000000 -1.538327217 1.955493927 2.115853786 -0.165559381 0.026677683 0.056688126 0.984207809
1403636746613555456.000000 -1.536996961 1.942403674 2.114282846 -0.162510961 0.015589692 0.060887542 0.984702945
1403636746663555584.000000 -1.536885023 1.928872108 2.113455057 -0.158548430 0.004339538 0.066297941 0.985113263
1403636746713555456.000000 -1.537496567 1.915110707 2.113686085 -0.154086128 -0.005669606 0.073080942 0.985334814
1403636746763555584.000000 -1.538694859 1.901202440 2.116269588 0.150089607 0.011603544 -0.079043709 -0.985439301
1403636746813555456.000000 -1.545644879 1.883380890 2.112093687 -0.146622464 -0.012994678 0.084189147 0.985517740
1403636746863555584.000000 -1.545898914 1.872180104 2.116401911 -0.143768176 -0.012994975 0.087898590 0.985614419
1403636746913555456.000000 -1.545535803 1.862288833 2.121646643 -0.141656995 -0.011522125 0.089439079 0.985799789
1403636746963555584.000000 -1.544399261 1.854088068 2.127212048 -0.140606523 -0.010182116 0.088504359 0.986049294
1403636747013555456.000000 -1.540813088 1.847715020 2.132678509 0.139785767 0.007607230 -0.087672003 -0.986263514
1403636747063555584.000000 -1.533333063 1.842919469 2.138372421 0.141076043 0.004180819 -0.081573881 -0.986623466
1403636747113555456.000000 -1.529698253 1.832105160 2.132879257 -0.143261224 -0.000712492 0.075263351 0.986818731
1403636747163555584.000000 -1.517275214 1.829088211 2.139217138 -0.144640684 0.003452328 0.071342714 0.986902952
1403636747213555456.000000 -1.502279401 1.826718807 2.146276236 -0.146967366 0.006297745 0.065252684 0.986966610
1403636747263555584.000000 -1.484714031 1.824282646 2.153364658 -0.148742124 0.008738179 0.061468698 0.986925066
1403636747313555456.000000 -1.464614153 1.822404623 2.160327196 0.150349706 -0.009498486 -0.058818631 -0.986835957
1403636747363555584.000000 -1.460103750 1.809417605 2.153400898 -0.151339099 0.010343090 0.057899889 0.986730516
1403636747413555456.000000 -1.439395785 1.805641413 2.160309553 -0.152498558 0.011028452 0.057353780 0.986576498
1403636747463555584.000000 -1.420684576 1.801066518 2.167690992 -0.153847620 0.010972869 0.056909658 0.986393332
1403636747513555456.000000 -1.403748155 1.795802712 2.175771952 -0.154640570 0.009640024 0.058615450 0.986183405
1403636747563555584.000000 -1.388100743 1.788870096 2.183040857 0.155724809 -0.008750420 -0.059443798 -0.985971391
1403636747613555456.000000 -1.388403177 1.776287675 2.181540251 -0.156471729 0.007984401 0.061208058 0.985751748
1403636747663555584.000000 -1.371904850 1.768980980 2.190189838 -0.157467335 0.007009963 0.061739676 0.985567451
1403636747713555456.000000 -1.356169224 1.760061979 2.196951866 -0.158479452 0.006218456 0.062653922 0.985352814
1403636747763555584.000000 -1.337257981 1.751383185 2.204023361 -0.159806490 0.005216488 0.063009314 0.985121608
1403636747813555456.000000 -1.315870166 1.741015196 2.209020138 0.161056295 -0.005766813 -0.063980773 -0.984852314
1403636747863555584.000000 -1.303081036 1.731254458 2.209350824 -0.161778048 0.006875208 0.065759726 0.984609723
1403636747913555456.000000 -1.277984381 1.720894217 2.215408325 -0.160507545 0.008240836 0.072961755 0.984299779
1403636747963555584.000000 -1.252014518 1.710396290 2.221527815 -0.158883899 0.012113923 0.081202008 0.983877778
1403636748013555456.000000 -1.228124142 1.700237155 2.227505207 -0.157290310 0.013853121 0.089127354 0.983424723
1403636748063555584.000000 -1.207435369 1.690455198 2.232507944 0.156597570 -0.015645927 -0.094892263 -0.982968986
1403636748113555456.000000 -1.190762758 1.684272885 2.233326197 -0.156688958 0.015390151 0.097389743 0.982714117
1403636748163555584.000000 -1.172297955 1.676633954 2.239603519 -0.156525820 0.014882919 0.100929670 0.982390702
1403636748213555456.000000 -1.155684948 1.670181155 2.245852709 -0.157934293 0.013745181 0.099650234 0.982312381
1403636748263555584.000000 -1.141054034 1.665083289 2.252179623 -0.160317719 0.011758920 0.094063520 0.982502997
1403636748313555456.000000 -1.129050016 1.660598397 2.256880999 0.163209245 -0.010288546 -0.086891651 -0.982703865
1403636748363555584.000000 -1.114107013 1.661948442 2.266664267 -0.166097566 0.008559344 0.078752786 0.982922375
1403636748413555456.000000 -1.102488637 1.658810019 2.273784399 -0.168322325 0.007653609 0.071717754 0.983089805
1403636748463555584.000000 -1.090346336 1.655583858 2.280734062 -0.169327021 0.008084548 0.068840906 0.983119488
1403636748513555456.000000 -1.077090144 1.651994705 2.287057877 -0.170226261 0.008675911 0.065505534 0.983187139
1403636748563555584.000000 -1.064235806 1.648753405 2.292153120 0.170223281 -0.009145926 -0.065357357 -0.983193219
1403636748613555456.000000 -1.049157143 1.644343257 2.297061443 0.169085115 -0.010798446 -0.069151148 -0.983113289
1403636748663555584.000000 -1.022612214 1.644835353 2.308291197 -0.167903140 0.012318880 0.072949544 0.983023524
1403636748713555456.000000 -1.006113410 1.640574574 2.312385321 -0.166528702 0.014096595 0.078167893 0.982832313
1403636748763555584.000000 -0.990742326 1.636439085 2.316277027 -0.165334433 0.015228515 0.082858153 0.982632756
1403636748813555456.000000 -0.976681471 1.632994413 2.320337534 -0.164765850 0.015944958 0.086781792 0.982378185
1403636748863555584.000000 -0.964025080 1.629874945 2.324902534 0.164808556 -0.016760970 -0.089311741 -0.982130706
1403636748913555456.000000 -0.952857256 1.627425432 2.329213619 0.165403262 -0.017867221 -0.092128932 -0.981750906
1403636748963555584.000000 -0.942764044 1.625956178 2.333352566 0.166724324 -0.018510764 -0.093627773 -0.981373668
1403636749013555456.000000 -0.933655500 1.625330210 2.337253094 0.168043911 -0.019200124 -0.095027424 -0.981000721
1403636749063555584.000000 -0.907539368 1.631293297 2.353805542 -0.168145329 0.019586300 0.098619930 0.980621099
1403636749113555456.000000 -0.899829686 1.632272363 2.357159615 -0.167901322 0.021196390 0.102922477 0.980187118
1403636749163555584.000000 -0.892825663 1.634611011 2.360285044 -0.168436781 0.022174994 0.104646206 0.979891121
1403636749213555456.000000 -0.885354400 1.638251901 2.362447977 -0.170139983 0.022184031 0.103468180 0.979721665
1403636749263555584.000000 -0.878285408 1.643305421 2.361093283 0.173736960 -0.021510754 -0.097609140 -0.979706764
1403636749313555456.000000 -0.868961930 1.648966551 2.359696865 0.176742524 -0.021463269 -0.092176877 -0.979696333
1403636749363555584.000000 -0.849841356 1.656743407 2.369747162 -0.179464802 0.020341681 0.086997040 0.979699016
1403636749413555456.000000 -0.837701678 1.662949800 2.365852594 -0.181563884 0.019746240 0.082607485 0.979704380
1403636749463555584.000000 -0.824839413 1.669076800 2.360908508 -0.183580324 0.019374492 0.077918723 0.979720175
1403636749513555456.000000 -0.811324477 1.674923182 2.355493307 -0.185117051 0.018321373 0.073758274 0.979773343
1403636749563555584.000000 -0.795831501 1.680485845 2.353108406 0.186659783 -0.016486188 -0.068867765 -0.979869187
1403636749613555456.000000 -0.773700953 1.689449310 2.353879213 -0.187987790 0.016614949 0.064366341 0.979919195
1403636749663555584.000000 -0.761937857 1.693828464 2.349853516 -0.187946439 0.016459731 0.062890053 0.980025589
1403636749713555456.000000 -0.751567841 1.697207689 2.346480608 -0.187108800 0.017752621 0.063141108 0.980147183
1403636749763555584.000000 -0.742432952 1.699779510 2.343653679 -0.186077803 0.020910598 0.063533977 0.980255723
1403636749813555456.000000 -0.732862592 1.702202559 2.342911482 0.184823513 -0.025155405 -0.063870341 -0.980371416
1403636749863555584.000000 -0.713468432 1.710647106 2.347397089 -0.183341563 0.029908819 0.064899959 0.980448604
1403636749913555456.000000 -0.708722234 1.711248636 2.345610142 -0.181934237 0.033281446 0.064816549 0.980607569
1403636749963555584.000000 -0.705312610 1.711123586 2.343644857 -0.180294350 0.036509790 0.064601354 0.980809748
1403636750013555456.000000 -0.703413188 1.710205674 2.341313601 -0.178484559 0.038206246 0.064427704 0.981087506
1403636750063555584.000000 -0.702533782 1.709117413 2.338478088 0.176704422 -0.038591113 -0.064569674 -0.981385291
1403636750113555456.000000 -0.698342383 1.706920862 2.335728407 -0.174962491 0.037043598 0.064854890 0.981738210
1403636750163555584.000000 -0.698102772 1.703877687 2.330382824 -0.173552513 0.035009369 0.064880595 0.982061327
1403636750213555456.000000 -0.696781576 1.700198174 2.323457718 -0.171761349 0.033438206 0.065541312 0.982387066
1403636750263555584.000000 -0.694028735 1.696264744 2.315859079 -0.170541108 0.030046953 0.065009758 0.982744455
1403636750313555456.000000 -0.686060369 1.693232656 2.309028387 0.168493673 -0.027442809 -0.065795422 -0.983121455
1403636750363555584.000000 -0.677654147 1.689147472 2.299471855 0.167272925 -0.024384961 -0.064585716 -0.983490705
1403636750413555456.000000 -0.666805804 1.684759498 2.289111853 0.165252075 -0.023005981 -0.066225886 -0.983756363
1403636750463555584.000000 -0.653461516 1.680144906 2.277649879 0.163698956 -0.021623470 -0.064989485 -0.984129786
1403636750513555456.000000 -0.641991138 1.669061422 2.258977652 -0.161924392 0.021443086 0.064503610 0.984459281
1403636750563555584.000000 -0.623530567 1.664268970 2.245424271 -0.160241038 0.020526167 0.063443363 0.984823108
1403636750613555456.000000 -0.603910983 1.659267187 2.230935812 -0.158395588 0.019655114 0.063085392 0.985162377
1403636750663555584.000000 -0.582776964 1.654695153 2.215922356 -0.157720342 0.019297311 0.060872257 0.985416949
1403636750713555456.000000 -0.558494151 1.650291681 2.201164722 0.156367511 -0.018390344 -0.060374640 -0.985680521
1403636750763555584.000000 -0.542970061 1.639408231 2.180216074 -0.155222893 0.017112961 0.059987634 0.985908031
1403636750813555456.000000 -0.517460763 1.634400964 2.163902044 -0.154652312 0.016071076 0.058895890 0.986081004
1403636750863555584.000000 -0.490547895 1.628820777 2.146339893 -0.153832555 0.015217762 0.058458585 0.986248791
1403636750913555456.000000 -0.462801993 1.622766376 2.127351522 -0.153940275 0.012909917 0.056777928 0.986363053
1403636750963555584.000000 -0.435846806 1.615692258 2.106744766 0.154295027 -0.011903781 -0.054933954 -0.986424744
1403636751013555456.000000 -0.418897688 1.600095749 2.081312180 -0.154897809 0.010297323 0.053967480 0.986401677
1403636751063555584.000000 -0.393182188 1.592748404 2.063215733 -0.155137256 0.009831470 0.053735677 0.986381412
1403636751113555456.000000 -0.369475603 1.584623575 2.045951843 -0.155117452 0.009490402 0.054439761 0.986349285
1403636751163555584.000000 -0.347695798 1.575897694 2.029679298 -0.155064523 0.006941024 0.056290269 0.986274958
1403636751213555456.000000 -0.328095138 1.565438867 2.012769222 0.155920878 -0.002498177 -0.056059122 -0.986174405
1403636751263555584.000000 -0.308146030 1.555618167 1.997896433 0.155666247 0.002293945 -0.058382861 -0.986080229
1403636751313555456.000000 -0.288381279 1.545542240 1.983332872 0.155352235 0.004585855 -0.060939170 -0.985967100
1403636751363555584.000000 -0.268550485 1.535491467 1.969598055 0.154599413 0.004470578 -0.065197006 -0.985813618
1403636751413555456.000000 -0.248474360 1.525507927 1.956708312 0.153900594 0.001816205 -0.069277659 -0.985653102
1403636751463555584.000000 -0.228572339 1.515843153 1.944425225 0.152715713 -0.001765242 -0.074558489 -0.985452175
1403636751513555456.000000 -0.216431886 1.503513098 1.935381532 -0.151522473 0.006197414 0.078141436 0.985340834
1403636751563555584.000000 -0.197052568 1.494415283 1.923999071 -0.148783833 0.010352716 0.080050178 0.985570014
1403636751613555456.000000 -0.179049879 1.486213446 1.913095951 -0.145164132 0.011860176 0.082150020 0.985919952
1403636751663555584.000000 -0.161785305 1.478772998 1.902048707 -0.141737893 0.011966757 0.083399788 0.986312151
1403636751713555456.000000 -0.145186201 1.471620679 1.890168905 0.138379052 -0.009065235 -0.084218569 -0.986750424
1403636751763555584.000000 -0.130094230 1.466010332 1.878998399 0.135439128 -0.004758337 -0.084823780 -0.987136602
1403636751813555456.000000 -0.115682930 1.461613417 1.868076921 0.132687718 -0.000033664 -0.085390963 -0.987472713
1403636751863555584.000000 -0.101300299 1.458919048 1.857634187 0.131899998 0.005442848 -0.082337335 -0.987822533
1403636751913555456.000000 -0.086338103 1.457423449 1.847384214 0.131683856 0.008620751 -0.077426597 -0.988225758
1403636751963555584.000000 -0.071138203 1.457089067 1.838104010 0.131979778 0.010975056 -0.072196044 -0.988558888
1403636752013555456.000000 -0.054396272 1.461687803 1.837576866 -0.132723659 -0.012278211 0.067456149 0.988778770
1403636752063555584.000000 -0.039015379 1.462625027 1.830577731 -0.133007854 -0.011720209 0.064594649 0.988938332
1403636752113555456.000000 -0.023360647 1.464104533 1.824747324 -0.133035094 -0.009667543 0.062728018 0.989077091
1403636752163555584.000000 -0.007304830 1.466064930 1.820527554 -0.132004544 -0.004995220 0.060605314 0.989382088
1403636752213555456.000000 0.006730657 1.465906024 1.814605474 0.129794687 -0.000232182 -0.058165610 -0.989833415
1403636752263555584.000000 0.022130366 1.466915727 1.810482860 0.125849128 -0.004953872 -0.056219611 -0.990442753
1403636752313555456.000000 0.038904581 1.467926383 1.806414604 0.120760486 -0.010679409 -0.053934917 -0.991157889
1403636752363555584.000000 0.056805868 1.468741894 1.802071214 0.114340149 -0.015459394 -0.051250204 -0.991998374
1403636752413555456.000000 0.075619690 1.469482064 1.797148466 0.106766969 -0.018079277 -0.048365589 -0.992942512
1403636752463555584.000000 0.103096403 1.479124069 1.798366785 -0.097617649 0.018526483 0.045275196 0.994021058
1403636752513555456.000000 0.123762026 1.479904413 1.792518139 -0.088407695 0.018635789 0.040970344 0.995066941
1403636752563555584.000000 0.143591940 1.480911970 1.787042499 -0.078658953 0.017221188 0.036813095 0.996072829
1403636752613555456.000000 0.162280694 1.481934786 1.781929851 -0.068508908 0.016004086 0.032295227 0.996999204
1403636752663555584.000000 0.175965726 1.482659340 1.775045276 0.057951909 -0.013340931 -0.027878061 -0.997840881
1403636752713555456.000000 0.190259844 1.483506918 1.770091772 0.047191091 -0.013114382 -0.024132933 -0.998508215
1403636752763555584.000000 0.202904269 1.484401584 1.765737653 0.036193695 -0.012290063 -0.020071572 -0.999067605
1403636752813555456.000000 0.224307612 1.488030791 1.762577415 -0.025793184 0.011321163 0.013990533 0.999505281
1403636752863555584.000000 0.233199283 1.488751650 1.759051442 -0.014739580 0.009930610 0.008819959 0.999803185
1403636752913555456.000000 0.241207838 1.489453793 1.755971432 -0.004473725 0.011077420 0.001350534 0.999927759
1403636752963555584.000000 0.247326672 1.489801168 1.753627777 0.006118897 0.011040636 -0.006217396 0.999901056
1403636753013555456.000000 0.251969099 1.490153074 1.752384067 -0.017230127 -0.010368421 0.013469112 -0.999707103
1403636753063555584.000000 0.254644513 1.489606857 1.751236200 -0.028489701 -0.010049623 0.020442724 -0.999334514
1403636753113555456.000000 0.255775422 1.488266587 1.750731111 -0.040251065 -0.009978787 0.026762003 -0.998781323
1403636753163555584.000000 0.255650997 1.485942125 1.750700593 -0.052361924 -0.009908059 0.032629151 -0.998045862
1403636753213555456.000000 0.263159811 1.481479526 1.744748712 0.064417079 0.009687389 -0.038602069 0.997129142
1403636753263555584.000000 0.260370106 1.477279425 1.745888233 0.076100655 0.009901379 -0.045754105 0.996000648
1403636753313555456.000000 0.256413996 1.472018480 1.747463465 0.087276474 0.010765103 -0.054086976 0.994656503
1403636753363555584.000000 0.251716554 1.465829611 1.748912811 0.098425224 0.012443120 -0.058643222 0.993337154
1403636753413555456.000000 0.248012021 1.459650517 1.750718951 -0.108714364 -0.013268797 0.060738843 -0.992127001
1403636753463555584.000000 0.244462997 1.451455832 1.752336860 -0.118014269 -0.013649715 0.059792653 -0.991116107
1403636753513555456.000000 0.242381632 1.442596316 1.752898335 -0.125416532 -0.013726012 0.058510963 -0.990282238
1403636753563555584.000000 0.242059767 1.433257222 1.752030253 -0.131759956 -0.013716161 0.056541838 -0.989572763
1403636753613555456.000000 0.243055984 1.419680357 1.745788932 0.136158407 0.014905510 -0.055208068 0.989035308
1403636753663555584.000000 0.245240286 1.410127521 1.741668940 0.139189422 0.015109806 -0.053994659 0.988677204
1403636753713555456.000000 0.247160614 1.400291562 1.737660885 0.141105488 0.014951105 -0.052836113 0.988470614
1403636753763555584.000000 0.249062762 1.390261412 1.733499885 0.141712785 0.016136140 -0.053174000 0.988346994
1403636753813555456.000000 0.250315964 1.382363915 1.730276108 -0.141670555 -0.016754609 0.053799804 -0.988308847
1403636753863555584.000000 0.249344304 1.372842669 1.726244450 -0.141104028 -0.017438928 0.053804193 -0.988377869
1403636753913555456.000000 0.246758208 1.362923980 1.722451806 -0.140702531 -0.016952638 0.052498516 -0.988513768
1403636753963555584.000000 0.243107691 1.352890849 1.718335748 -0.139662459 -0.017518152 0.052469369 -0.988652945
1403636754013555456.000000 0.239843726 1.342604041 1.713625431 -0.138180271 -0.018269492 0.052649710 -0.988838017
1403636754063555584.000000 0.235610455 1.326295614 1.703966618 0.136862233 0.021334393 -0.051235631 0.989034176
1403636754113555456.000000 0.235453442 1.315210700 1.697732210 0.135965407 0.024769595 -0.050054166 0.989138305
1403636754163555584.000000 0.236267030 1.303694248 1.690143347 0.134540796 0.027421387 -0.049714353 0.989280283
1403636754213555456.000000 0.237295017 1.291963696 1.681286097 0.132577673 0.030111862 -0.050598290 0.989422262
1403636754263555584.000000 0.240993693 1.280912399 1.671811223 -0.130718619 -0.031411398 0.051089801 -0.989603877
1403636754313555456.000000 0.244678319 1.268916011 1.660649300 -0.129112154 -0.031611700 0.051525354 -0.989785850
1403636754363555584.000000 0.249372974 1.256484389 1.648756027 -0.127940297 -0.031866256 0.052929148 -0.989855766
1403636754413555456.000000 0.254460305 1.243281960 1.635258675 -0.128622264 -0.031580169 0.052902553 -0.989777923
1403636754463555584.000000 0.259222090 1.229320526 1.620406270 -0.130632594 -0.031048460 0.053331681 -0.989508450
1403636754513555456.000000 0.262746841 1.214788437 1.604805350 -0.133171737 -0.030267188 0.054872818 -0.989109755
1403636754563555584.000000 0.258868724 1.200081944 1.580994010 0.136603221 0.028924257 -0.057916369 0.988508344
1403636754613555456.000000 0.258204848 1.184002876 1.564388871 0.141445369 0.027310558 -0.060966600 0.987689495
1403636754663555584.000000 0.256082773 1.167026401 1.547382474 0.147882298 0.026928574 -0.063390322 0.986603975
1403636754713555456.000000 0.252367377 1.149557590 1.529786348 0.155335903 0.025767911 -0.065382518 0.985358834
1403636754763555584.000000 0.248338163 1.131999969 1.514243722 -0.163750947 -0.026114855 0.067660473 -0.983832121
1403636754813555456.000000 0.242338002 1.113953114 1.496937275 -0.171325296 -0.025939468 0.070796467 -0.982325137
1403636754863555584.000000 0.234759659 1.095762491 1.479417443 -0.178718656 -0.025591923 0.072053373 -0.980924606
1403636754913555456.000000 0.225983530 1.077443480 1.461439013 -0.184366524 -0.026268184 0.074759625 -0.979658127
1403636754963555584.000000 0.215890542 1.058884978 1.443119645 0.190103158 0.025708631 -0.075767502 0.978498459
1403636755013555456.000000 0.210374340 1.048553228 1.413989902 0.194273770 0.025623545 -0.079243056 0.977405608
1403636755063555584.000000 0.198768318 1.029564023 1.394292951 0.198121488 0.025646161 -0.079218663 0.976634324
1403636755113555456.000000 0.187659025 1.010688305 1.372660518 0.201091334 0.025312640 -0.080549970 0.975926876
1403636755163555584.000000 0.176892772 0.992088318 1.349015594 0.203830823 0.024332659 -0.080375075 0.975397766
1403636755213555456.000000 0.166579083 0.974715352 1.326954007 0.206081182 0.024009852 -0.080323286 0.974937022
1403636755263555584.000000 0.158142179 0.956126332 1.301879644 0.207081914 0.021398416 -0.080985114 0.974731088
1403636755313555456.000000 0.151123658 0.937129378 1.276127458 0.207803562 0.016356792 -0.081841454 0.974603593
1403636755363555584.000000 0.145667985 0.918280184 1.248922825 -0.208072945 -0.010201522 0.082570948 -0.974568486
1403636755413555456.000000 0.142042235 0.899148583 1.221621633 -0.207599640 -0.005231263 0.084285013 -0.974562049
1403636755463555584.000000 0.139967546 0.879482746 1.194475889 -0.207300171 -0.001800616 0.084417187 -0.974626720
1403636755513555456.000000 0.147338435 0.870319724 1.158400655 0.206833616 0.000574336 -0.085266165 0.974653423
1403636755563555584.000000 0.145330384 0.849489629 1.132400155 0.205559313 0.000811767 -0.086640812 0.974801600
1403636755613555456.000000 0.142405957 0.828168273 1.107257128 0.204662591 0.002768551 -0.087167434 0.974939704
1403636755663555584.000000 0.138017014 0.806238055 1.082565069 0.204500630 0.003866419 -0.085127309 0.975150228
1403636755713555456.000000 0.129794359 0.784009755 1.062187672 -0.204218417 -0.004544122 0.084289022 -0.975279272
1403636755763555584.000000 0.122488730 0.761105180 1.039869070 -0.204203472 -0.005940412 0.082353257 -0.975440264
1403636755813555456.000000 0.114395604 0.737807035 1.018151402 -0.204160839 -0.008677157 0.080688976 -0.975567758
1403636755863555584.000000 0.105074368 0.714190125 0.996776700 -0.204287380 -0.010285264 0.079372354 -0.975633621
1403636755913555456.000000 0.095585927 0.690209150 0.975713611 -0.204255283 -0.012982099 0.078694038 -0.975663126
1403636755963555584.000000 0.086480677 0.665871263 0.954502642 -0.204624712 -0.013641709 0.077260062 -0.975691378
1403636756013555456.000000 0.077930160 0.653709531 0.915746450 0.204999253 0.014401684 -0.076356627 0.975672901
1403636756063555584.000000 0.071728207 0.628872037 0.893203020 0.205216885 0.015240144 -0.075628035 0.975671172
1403636756113555456.000000 0.067554012 0.604073167 0.870376289 0.204725951 0.016327672 -0.076777518 0.975666881
1403636756163555584.000000 0.065207377 0.578945160 0.846565545 0.204700112 0.017568057 -0.077123277 0.975623548
1403636756213555456.000000 0.064045437 0.555402875 0.825023353 0.205124483 0.018677749 -0.076560497 0.975558102
1403636756263555584.000000 0.063145414 0.530526996 0.800783932 0.205532551 0.018772805 -0.076187253 0.975499630
1403636756313555456.000000 0.061716061 0.505555689 0.776374340 0.205878466 0.018802762 -0.076142900 0.975429535
1403636756363555584.000000 0.052811239 0.489614099 0.739445984 0.206367716 0.019499579 -0.076564059 0.975279510
1403636756413555456.000000 0.049090017 0.464503169 0.715468705 0.206394032 0.020156199 -0.077455401 0.975190222
1403636756463555584.000000 0.043412335 0.439609766 0.691602409 0.206977934 0.020294487 -0.077212505 0.975082874
1403636756513555456.000000 0.035824843 0.414755166 0.667791247 0.207626015 0.020202255 -0.076900698 0.974971592
1403636756563555584.000000 0.028095145 0.391201943 0.644265890 0.208086267 0.020660454 -0.077255830 0.974835813
1403636756613555456.000000 0.015054104 0.371856809 0.613846540 0.208675891 0.021251183 -0.076912031 0.974724293
1403636756663555584.000000 0.004909338 0.347186714 0.590100288 0.209373668 0.021238700 -0.076613665 0.974598348
1403636756713555456.000000 -0.004721597 0.322990537 0.565319180 0.209967583 0.022364473 -0.076519042 0.974452853
1403636756763555584.000000 -0.013618398 0.299262077 0.539252520 0.210455567 0.022928350 -0.076480806 0.974337459
1403636756813555456.000000 -0.023997974 0.276711047 0.510072768 0.211405620 0.023642370 -0.075855441 0.974163651
1403636756863555584.000000 -0.031550057 0.257937342 0.474882990 0.212140501 0.023425054 -0.075620517 0.974027395
1403636756913555456.000000 -0.038021211 0.235594153 0.444915742 0.212207779 0.023249418 -0.076086521 0.973980606
1403636756963555584.000000 -0.042878866 0.213589579 0.413445890 0.212953538 0.022755783 -0.075470977 0.973877370
1403636757013555456.000000 -0.047755614 0.192261875 0.381210387 0.213146269 0.023032643 -0.076010816 0.973786771
1403636757063555584.000000 -0.054012511 0.172452539 0.347067624 0.214416564 0.022022424 -0.074147627 0.973674834
1403636757113555456.000000 -0.059363615 0.153060645 0.314528286 0.214745343 0.022755248 -0.074255638 0.973577321
1403636757163555584.000000 -0.067560345 0.132518902 0.281809807 0.214847028 0.021903690 -0.074250877 0.973574758
1403636757213555456.000000 -0.077027343 0.112506837 0.249069825 0.215031445 0.022328909 -0.073851667 0.973554730
1403636757263555584.000000 -0.087330386 0.092364714 0.215775341 0.215028375 0.022096233 -0.074757710 0.973491609
1403636757313555456.000000 -0.099567562 0.072956257 0.183019102 0.214166075 0.021853728 -0.077415042 0.973479450
1403636757363555584.000000 -0.115432978 0.055394962 0.153802723 0.214684188 0.020838764 -0.077412225 0.973387837
1403636757413555456.000000 -0.130397722 0.036114387 0.121240206 0.214220360 0.019448435 -0.079467885 0.973353088
1403636757463555584.000000 -0.145502537 0.016694862 0.088472925 0.213588849 0.017745040 -0.081836477 0.973328233
1403636757513555456.000000 -0.159792840 -0.002852819 0.054858789 0.214477554 0.015644899 -0.084629811 0.972929895
1403636757563555584.000000 -0.172238335 -0.022820422 0.019841684 -0.216659591 -0.011748618 0.087050587 -0.972287416
1403636757613555456.000000 -0.189045131 -0.042195253 -0.009972095 0.219609991 0.006141772 -0.089927427 0.971414864
1403636757663555584.000000 -0.198660657 -0.063374199 -0.045773745 0.222372338 -0.000029443 -0.092724927 0.970542490
1403636757713555456.000000 -0.206602246 -0.085388556 -0.081503309 0.225653589 -0.006225249 -0.094853520 0.969558954
1403636757763555584.000000 -0.208202139 -0.109169073 -0.123700961 -0.228884682 0.011366152 0.096272908 -0.968614638
1403636757813555456.000000 -0.210820764 -0.133089423 -0.158994660 -0.231899753 0.015360398 0.097748324 -0.967694163
1403636757863555584.000000 -0.220357969 -0.156926990 -0.179909468 0.234969258 -0.017800707 -0.097572044 0.966929317
1403636757913555456.000000 -0.216134772 -0.182839379 -0.214589462 0.237696677 -0.018151546 -0.097459599 0.966267288
1403636757963555584.000000 -0.210216448 -0.209582984 -0.248596400 0.240862280 -0.016021939 -0.095507838 0.965715766
1403636758013555456.000000 -0.202901945 -0.236784101 -0.281371891 -0.243183196 0.008068629 0.094164349 -0.965365231
1403636758063555584.000000 -0.202744126 -0.265103489 -0.305449814 0.245580226 -0.001367122 -0.092212297 0.964979470
1403636758113555456.000000 -0.197632208 -0.292875648 -0.335508585 0.247778282 0.004618810 -0.089649752 0.964648962
1403636758163555584.000000 -0.194028646 -0.320563018 -0.364716232 0.249329612 0.009711798 -0.088035181 0.964359999
1403636758213555456.000000 -0.193230703 -0.347223401 -0.393564731 0.250696540 0.014322440 -0.086680859 0.964070797
1403636758263555584.000000 -0.198085412 -0.375871420 -0.414368212 0.251708478 0.016085843 -0.085028678 0.963926494
1403636758313555456.000000 -0.200180426 -0.401878774 -0.442186087 0.252630502 0.017588317 -0.083172411 0.963820994
1403636758363555584.000000 -0.204981789 -0.427287340 -0.469314873 0.253138751 0.015656790 -0.082403980 0.963786960
1403636758413555456.000000 -0.214002147 -0.451649725 -0.494551331 0.253651053 0.008881161 -0.081192806 0.963841319
1403636758463555584.000000 -0.225625038 -0.480107307 -0.514175773 0.254111856 -0.001047633 -0.079397976 0.963909864
1403636758513555456.000000 -0.236665383 -0.504368305 -0.538537741 0.255224496 -0.013349099 -0.076155722 0.963785529
1403636758563555584.000000 -0.247833446 -0.528307021 -0.561540604 0.256650776 -0.025572341 -0.071837537 0.963491559
1403636758613555456.000000 -0.258967519 -0.552717388 -0.581662416 -0.257850111 0.035258334 0.068086646 -0.963137805
1403636758663555584.000000 -0.268585742 -0.579377413 -0.596004307 0.257684678 -0.037642784 -0.066962093 0.963170707
1403636758713555456.000000 -0.275473028 -0.602182150 -0.611558914 -0.257437944 0.031249758 0.066214859 -0.963516891
1403636758763555584.000000 -0.281525850 -0.624147892 -0.624610543 -0.256023109 0.021738645 0.067754112 -0.964048266
1403636758813555456.000000 -0.287872702 -0.645708203 -0.633342028 0.256198168 -0.013356344 -0.066786699 0.964221835
1403636758863555584.000000 -0.294035912 -0.666384041 -0.642244220 0.255598962 -0.004196643 -0.068292506 0.964358747
1403636758913555456.000000 -0.300640434 -0.690783679 -0.649393022 0.253606051 0.002379879 -0.072637603 0.964573562
1403636758963555584.000000 -0.308698565 -0.709422469 -0.656723678 0.252951324 0.007397148 -0.074103162 0.964608610
1403636759013555456.000000 -0.317855954 -0.727208734 -0.663701415 0.252393812 0.009982004 -0.075663045 0.964610279
1403636759063555584.000000 -0.327908307 -0.744873941 -0.668803096 0.253478497 0.012005269 -0.073018193 0.964506567
1403636759113555456.000000 -0.336255759 -0.766018867 -0.676793814 0.256121039 0.011448271 -0.065782584 0.964335918
1403636759163555584.000000 -0.347859532 -0.782200217 -0.682374299 0.260294735 0.009369743 -0.055306479 0.963898420
1403636759213555456.000000 -0.360035658 -0.796921670 -0.687242925 0.264246494 0.007066353 -0.045291979 0.963365257
1403636759263555584.000000 -0.373562306 -0.809825778 -0.691327691 0.267338663 0.005050587 -0.036823895 0.962885618
1403636759313555456.000000 -0.383023083 -0.824042201 -0.695789456 0.268389851 0.004573083 -0.034644935 0.962676346
1403636759363555584.000000 -0.397014856 -0.831478059 -0.697225273 0.266448230 0.007262980 -0.040963400 0.962951005
1403636759413555456.000000 -0.411903143 -0.836654186 -0.697547734 0.263779759 0.009110047 -0.049008105 0.963294148
1403636759463555584.000000 -0.429935306 -0.836552203 -0.695742548 0.261268556 0.012045416 -0.056638062 0.963527799
1403636759513555456.000000 -0.438196152 -0.846415639 -0.698551774 0.258554399 0.014063416 -0.064211264 0.963757634
1403636759563555584.000000 -0.454863042 -0.847285867 -0.697723150 0.257473350 0.015975719 -0.069382541 0.963658869
1403636759613555456.000000 -0.470158786 -0.847179949 -0.697524011 0.255895853 0.017825222 -0.075372554 0.963596702
1403636759663555584.000000 -0.483463645 -0.847395182 -0.699707091 0.254977256 0.018394880 -0.078947626 0.963543236
1403636759713555456.000000 -0.490736812 -0.848248124 -0.703035951 0.254578799 0.018317686 -0.081331596 0.963451803
1403636759763555584.000000 -0.499506772 -0.847382784 -0.707199812 0.255443454 0.018793344 -0.080664694 0.963269770
1403636759813555456.000000 -0.505533338 -0.846563101 -0.712105155 0.255049229 0.020289136 -0.082103796 0.963222384
1403636759863555584.000000 -0.511127591 -0.846431077 -0.718115389 0.255000234 0.019099481 -0.081740402 0.963290513
1403636759913555456.000000 -0.511495113 -0.844996810 -0.723220706 0.254670411 0.014032521 -0.083028875 0.963354707
1403636759963555584.000000 -0.518917859 -0.843588948 -0.729351819 0.253977269 0.008667747 -0.084671028 0.963458002
1403636760013555456.000000 -0.526828587 -0.842210054 -0.735581517 0.253642976 0.004047219 -0.085087009 0.963539898
1403636760063555584.000000 -0.534979105 -0.841156185 -0.740651488 0.253673464 -0.000561635 -0.084197931 0.963618338
1403636760113555456.000000 -0.539874673 -0.838707805 -0.744583011 0.252758861 -0.004953831 -0.085856691 0.963699758
1403636760163555584.000000 -0.548381865 -0.838097095 -0.748999417 0.252195269 -0.008365979 -0.086778559 0.963741243
1403636760213555456.000000 -0.555613041 -0.838025510 -0.752517104 0.252767444 -0.004425291 -0.084896013 0.963785112
1403636760263555584.000000 -0.562150240 -0.838219523 -0.755533457 0.253185630 0.002621718 -0.082922027 0.963853836
1403636760313555456.000000 -0.567309737 -0.836381793 -0.756049395 0.254385412 0.009169639 -0.079828583 0.963759005
1403636760363555584.000000 -0.575237215 -0.835815251 -0.757908523 0.254088461 0.013566437 -0.080159001 0.963758111
1403636760413555456.000000 -0.583808601 -0.834789991 -0.759702027 0.253879577 0.017846836 -0.081012890 0.963671982
1403636760463555584.000000 -0.592312872 -0.833585322 -0.761673391 0.253434271 0.019387787 -0.082297079 0.963650584
1403636760513555456.000000 -0.602348566 -0.830714464 -0.762112617 0.252739519 0.018180739 -0.084351234 0.963678896
1403636760563555584.000000 -0.612622678 -0.828942001 -0.765083075 0.252289683 0.013369221 -0.086436048 0.963690817
1403636760613555456.000000 -0.623034000 -0.827025712 -0.768326521 0.251594961 0.008215904 -0.088720195 0.963722587
1403636760663555584.000000 -0.631721079 -0.825855374 -0.773840785 0.250664800 0.004800598 -0.091892697 0.963690758
1403636760713555456.000000 -0.642574251 -0.823207021 -0.773208380 0.250160515 0.001859764 -0.094391711 0.963590384
1403636760763555584.000000 -0.650717616 -0.822446346 -0.777002215 0.249659389 0.002516223 -0.096427351 0.963517368
1403636760813555456.000000 -0.658480763 -0.822480440 -0.780683279 0.249809772 0.005199892 -0.096823022 0.963427961
1403636760863555584.000000 -0.667023659 -0.822629213 -0.784695625 0.249676242 0.009284840 -0.097881742 0.963324845
1403636760913555456.000000 -0.674863875 -0.823107481 -0.786297679 0.249933600 0.012656181 -0.098604113 0.963146031
1403636760963555584.000000 -0.683238983 -0.824473500 -0.790968060 0.250027657 0.012380734 -0.098726772 0.963112652
1403636761013555456.000000 -0.692204058 -0.826361299 -0.796024084 0.250647813 0.008415087 -0.097820647 0.963086724
1403636761063555584.000000 -0.700574338 -0.828864932 -0.803117871 0.251158863 0.003182969 -0.096765883 0.963091612
1403636761113555456.000000 -0.710819840 -0.832050323 -0.802848041 0.251691788 -0.003722133 -0.096012801 0.963025987
1403636761163555584.000000 -0.720002234 -0.836043835 -0.807277262 -0.251588166 0.011523236 0.096626744 -0.962929904
1403636761213555456.000000 -0.728200614 -0.840638757 -0.811417282 -0.251083583 0.018026454 0.099066481 -0.962713838
1403636761263555584.000000 -0.736227930 -0.845748663 -0.812569201 0.251187325 -0.022826601 -0.098782554 0.962614059
1403636761313555456.000000 -0.741741717 -0.852126241 -0.815327406 0.250849545 -0.023893861 -0.099679694 0.962583780
1403636761363555584.000000 -0.745969176 -0.859604836 -0.817123711 -0.251473069 0.021205688 0.098615572 -0.962593734
1403636761413555456.000000 -0.748098373 -0.867545009 -0.816045463 0.252068758 -0.014256393 -0.097057350 0.962724268
1403636761463555584.000000 -0.749157488 -0.876159489 -0.816913605 -0.252333850 0.006326033 0.095851317 -0.962860405
1403636761513555456.000000 -0.749386847 -0.885213256 -0.817326367 0.252980649 0.000749429 -0.093541533 0.962938309
1403636761563555584.000000 -0.748448133 -0.894282699 -0.816180825 0.253194600 0.006794892 -0.091792583 0.963026762
1403636761613555456.000000 -0.747712433 -0.903614759 -0.817150950 0.253517479 0.011278484 -0.089716293 0.963095367
1403636761663555584.000000 -0.747331023 -0.912721097 -0.817320764 0.254817277 0.012494016 -0.085132405 0.963153422
1403636761713555456.000000 -0.745805919 -0.921575546 -0.818298757 0.256841689 0.012540437 -0.078299060 0.963194907
1403636761763555584.000000 -0.744795680 -0.930036247 -0.819318473 0.258756548 0.011423249 -0.072430871 0.963155448
1403636761813555456.000000 -0.743193567 -0.937832057 -0.820115089 0.260163546 0.010394880 -0.067472994 0.963148117
1403636761863555584.000000 -0.740783632 -0.944055855 -0.822225869 0.261074573 0.009584842 -0.064547032 0.963110566
1403636761913555456.000000 -0.738035679 -0.949067295 -0.822994888 0.260337770 0.009082234 -0.065787658 0.963230968
1403636761963555584.000000 -0.734743893 -0.952762902 -0.823750794 0.258708298 0.009419164 -0.069272153 0.963422418
1403636762013555456.000000 -0.730627537 -0.955787897 -0.824192941 0.255365849 0.012399325 -0.077745877 0.963633895
1403636762063555584.000000 -0.726989150 -0.958034217 -0.826746404 0.251644552 0.015400086 -0.086279728 0.963843167
1403636762113555456.000000 -0.722564518 -0.960632861 -0.828215122 0.247050405 0.018819379 -0.097869642 0.963863850
1403636762163555584.000000 -0.718581080 -0.963557780 -0.830399394 0.243530929 0.019604521 -0.106273122 0.963853955
1403636762213555456.000000 -0.714718699 -0.967362165 -0.832701504 0.241529286 0.015506763 -0.110274725 0.963982701
1403636762263555584.000000 -0.713654757 -0.971344948 -0.837488949 0.241042197 0.007705855 -0.110834286 0.964134395
1403636762313555456.000000 -0.713305175 -0.977854729 -0.839907706 0.241059870 -0.000836199 -0.109790996 0.964279711
1403636762363555584.000000 -0.714422345 -0.985535920 -0.841822088 -0.241499826 0.008552569 0.107981309 -0.964336455
1403636762413555456.000000 -0.718364120 -0.993094981 -0.843214750 0.242612824 -0.013205773 -0.104451418 0.964393377
1403636762463555584.000000 -0.723145723 -1.003488779 -0.842307925 0.245336711 -0.016504532 -0.096910484 0.964440763
1403636762513555456.000000 -0.728469253 -1.015060186 -0.840574324 -0.250684083 0.015780300 0.082177803 -0.964445591
1403636762563555584.000000 -0.736033797 -1.025154591 -0.837509573 0.255773157 -0.013410943 -0.067943983 0.964253008
1403636762613555456.000000 -0.744913936 -1.036276102 -0.832520545 0.260672092 -0.010680027 -0.054146763 0.963848591
1403636762663555584.000000 -0.754676580 -1.046022654 -0.825826168 0.263770163 -0.006134947 -0.045726024 0.963481665
1403636762713555456.000000 -0.765555918 -1.052853584 -0.817668974 0.263082653 -0.000556809 -0.048329510 0.963561893
1403636762763555584.000000 -0.778772295 -1.059206605 -0.807506561 0.261161745 0.003735572 -0.054164879 0.963766992
1403636762813555456.000000 -0.793625772 -1.063672304 -0.796386421 0.258302987 0.007324917 -0.063123964 0.963971615
1403636762863555584.000000 -0.792449713 -1.062103987 -0.794994473 0.263751000 0.036866870 -0.049178623 0.962630689
1403636762913555456.000000 -0.792313039 -1.055123091 -0.798733950 0.260584652 0.049001817 -0.052177828 0.962793827
1403636762963555584.000000 -0.804963887 -1.048112988 -0.800704181 0.250038981 0.023603801 -0.069483064 0.965451002
1403636763013555456.000000 -0.801498234 -1.035585165 -0.804561555 0.240035206 0.013680944 -0.064088345 0.968549788
1403636763063555584.000000 -0.810724080 -1.024848461 -0.805569530 0.232557073 0.011126150 -0.051390432 0.971160352
1403636763113555456.000000 -0.814118326 -1.017434716 -0.808075368 0.226811692 0.021501187 -0.042605352 0.972768724
1403636763163555584.000000 -0.809671819 -1.013116956 -0.811752737 0.221524462 0.034627292 -0.035778917 0.973882854
1403636763213555456.000000 -0.816578686 -1.011429667 -0.811483562 0.219347939 0.025997825 -0.033677489 0.974718690
1403636763263555584.000000 -0.820317686 -1.011238456 -0.808187962 0.219512001 0.017200790 -0.033572838 0.974880278
1403636763313555456.000000 -0.819327891 -1.009830952 -0.808258712 0.219693601 0.020351635 -0.032408167 0.974818051
1403636763363555584.000000 -0.822703004 -1.008735418 -0.809834361 0.219891980 0.020162731 -0.032753535 0.974765778
1403636763413555456.000000 -0.825339317 -1.007848740 -0.810436010 0.219969213 0.018619576 -0.032044761 0.974802554
1403636763463555584.000000 -0.825185716 -1.005713344 -0.812085807 0.219704583 0.019003082 -0.032623950 0.974835634
1403636763513555456.000000 -0.828306735 -1.004593849 -0.813475728 0.219914913 0.018888786 -0.032035016 0.974810004
1403636763563555584.000000 -0.830569446 -1.002828360 -0.814909875 0.219793305 0.018878795 -0.032301277 0.974828780
1403636763613555456.000000 -0.830555022 -1.000983596 -0.817016482 0.219863012 0.018777024 -0.032036457 0.974823773
1403636763663555584.000000 -0.833081305 -0.999256134 -0.818657458 0.219884560 0.019037290 -0.032191280 0.974808812
1403636763713555456.000000 -0.834745467 -0.997432351 -0.820839167 0.219932869 0.018732907 -0.031822275 0.974815905
1403636763763555584.000000 -0.835200489 -0.995324671 -0.822695255 0.219706625 0.018788738 -0.032267723 0.974851191
1403636763813555456.000000 -0.837024570 -0.993421018 -0.824888408 0.220016062 0.018782681 -0.031593043 0.974803627
