1403638538127829504.000000 -0.000000006 -0.000000015 0.000000030 -0.000000039 0.000000012 -0.000000010 1.000000000
1403638538177829376.000000 0.000044705 -0.000022130 0.000022289 -0.000042255 -0.000087448 -0.000035996 1.000000000
1403638538227829504.000000 0.000036668 -0.000031152 -0.000013213 -0.000066819 -0.000063098 -0.000087932 1.000000000
1403638538277829376.000000 0.000004185 -0.000009401 0.000042060 -0.000015131 -0.000003559 0.000013648 1.000000000
1403638538327829504.000000 0.000005404 0.000051273 -0.000074956 -0.000012643 -0.000011280 -0.000039959 1.000000000
1403638538377829376.000000 0.000172665 0.000018075 0.000035043 -0.000072167 -0.000009591 -0.000100214 1.000000000
1403638538427829504.000000 0.000462384 -0.000394924 0.000687542 -0.000016523 -0.000002387 0.000097364 1.000000000
1403638538477829376.000000 0.000475513 -0.000346945 0.000487154 -0.000059906 -0.000083616 0.000015185 1.000000000
1403638538527829504.000000 0.000510489 -0.000436624 0.000669669 -0.000025206 0.000028216 0.000173958 1.000000000
1403638538577829376.000000 0.000547564 -0.000411776 0.000601040 -0.000165270 -0.000112995 -0.000165227 1.000000000
1403638538627829504.000000 0.000564256 -0.000271299 0.000381383 -0.000011711 0.000480170 0.000374100 0.999999821
1403638538677829376.000000 0.000233690 -0.000026137 0.000107205 0.000009949 0.000287940 0.000178150 1.000000000
1403638538727829504.000000 0.000326931 -0.000286616 0.001152123 -0.000116772 0.000912749 0.000238960 0.999999583
1403638538777829376.000000 0.000666159 -0.000236999 0.001047007 0.000237183 0.001746425 0.000282217 0.999998450
1403638538827829504.000000 0.000892272 -0.000400425 0.002145255 0.000909588 0.002004514 0.000756190 0.999997377
1403638538877829376.000000 0.001549379 -0.001004955 0.002352940 0.001316096 0.003324494 0.000535942 0.999993503
1403638538927829504.000000 0.003269908 -0.001301760 0.002966253 0.001483233 0.007325908 0.000437073 0.999971986
1403638538977829376.000000 0.003875619 -0.000871066 0.006226790 0.001382107 0.012094359 0.000001358 0.999925971
1403638539027829504.000000 0.006203977 -0.001012360 0.008417054 0.000449919 0.015348181 0.000427090 0.999882042
1403638539077829376.000000 0.009164169 -0.001430140 0.010960585 -0.000283386 0.021617034 0.001101368 0.999765754
1403638539127829504.000000 0.013019369 -0.001989755 0.013712082 0.000034040 0.026962399 0.002511951 0.999633372
1403638539177829376.000000 0.018412525 -0.002313737 0.016242946 0.000268514 0.030836558 0.002479201 0.999521375
1403638539227829504.000000 0.027726617 -0.002393419 0.011838924 0.000820658 0.035609826 0.002396320 0.999362528
1403638539277829376.000000 0.037975289 -0.003165722 0.014097185 0.001036799 0.037481211 0.002434150 0.999293923
1403638539327829504.000000 0.049608592 -0.003756643 0.012916770 0.001443769 0.037302941 0.002589880 0.999299645
1403638539377829376.000000 0.062661961 -0.002801098 0.009003902 0.001718924 0.035842411 0.002022790 0.999354005
1403638539427829504.000000 0.077368557 -0.004592868 0.011299505 0.001979076 0.034501851 0.001427992 0.999401689
1403638539477829376.000000 0.094584294 -0.004691794 0.003924262 0.002406269 0.032413855 0.001090184 0.999471068
1403638539527829504.000000 0.112172984 -0.004678548 -0.001243728 0.002807185 0.031283349 0.000659648 0.999506414
1403638539577829376.000000 0.129261300 -0.006104872 0.003031803 0.003369488 0.031024368 0.000243531 0.999512970
1403638539627829504.000000 0.145907849 -0.006559274 0.001090948 0.004118328 0.030426700 0.000635269 0.999528348
1403638539677829376.000000 0.160199225 -0.006815782 0.001903282 0.004932117 0.030036269 0.000917187 0.999536276
1403638539727829504.000000 0.169830367 -0.005785988 -0.005061330 0.005149195 0.029111285 -0.000335904 0.999562919
1403638539777829376.000000 0.178560913 -0.006397804 -0.001681987 0.005562440 0.027852740 -0.001487654 0.999595463
1403638539827829504.000000 0.186028540 -0.006618608 0.001530649 0.005943095 0.026423091 -0.001415788 0.999632239
1403638539877829376.000000 0.194018856 -0.007324881 0.003344354 0.006520590 0.023303028 -0.001558790 0.999705970
1403638539927829504.000000 0.200280249 -0.008496480 0.010317813 0.007252745 0.019520897 -0.001676217 0.999781728
1403638539977829376.000000 0.204962000 -0.009198891 0.012736362 0.007807029 0.015169146 -0.001377238 0.999853551
1403638540027829504.000000 0.211740568 -0.010115143 0.020571230 0.007942881 0.009788483 -0.001157499 0.999919951
1403638540077829376.000000 0.220550731 -0.010577510 0.026273817 0.007917507 0.004231274 -0.001950318 0.999957860
1403638540127829504.000000 0.228079304 -0.012307146 0.036629632 0.007963455 -0.001009726 -0.001702084 0.999966383
1403638540177829376.000000 0.238141984 -0.008540457 0.045958143 0.008321137 -0.003041972 -0.002365573 0.999957979
1403638540227829504.000000 0.247062117 -0.014662516 0.056867462 0.008159676 -0.000590462 -0.003173425 0.999961555
1403638540277829376.000000 0.247786745 -0.012675252 0.069534376 0.008735197 0.005681067 -0.003170612 0.999940753
1403638540327829504.000000 0.271132857 -0.019311065 0.085043892 0.008421127 0.010599075 -0.003908841 0.999900758
1403638540377829376.000000 0.279897809 -0.026555059 0.101343393 0.008822244 0.016109874 -0.005045101 0.999818623
1403638540427829504.000000 0.296758056 -0.028159689 0.114464216 0.011069262 0.018953990 -0.006437256 0.999738455
1403638540477829376.000000 0.308746368 -0.025118664 0.134698495 0.015198851 0.020591293 -0.007850653 0.999641597
1403638540527829504.000000 0.318920493 -0.024936406 0.150429353 0.020905003 0.020901972 -0.010466793 0.999508202
1403638540577829376.000000 0.329375148 -0.027818680 0.173804000 0.027835064 0.021276044 -0.013477112 0.999295235
1403638540627829504.000000 0.355085492 -0.047559936 0.190239117 -0.035400119 -0.021067128 0.017200010 -0.999003112
1403638540677829376.000000 0.368119538 -0.041314628 0.210589871 -0.043862168 -0.021379502 0.023262525 -0.998537898
1403638540727829504.000000 0.384091616 -0.046694562 0.231039315 -0.053148009 -0.023075756 0.031080231 -0.997836113
1403638540777829376.000000 0.386138201 -0.054848269 0.251732796 0.063363992 0.023765162 -0.038940448 0.996947348
1403638540827829504.000000 0.401864856 -0.062176343 0.273077756 0.074667506 0.024571264 -0.048250642 0.995737374
1403638540877829376.000000 0.416922510 -0.070757255 0.294845134 0.087029867 0.024182305 -0.056681897 0.994297862
1403638540927829504.000000 0.431712270 -0.080591179 0.317050517 0.099572659 0.024701329 -0.065362245 0.992573917
1403638540977829376.000000 0.435859412 -0.089980155 0.331677824 0.112608343 0.025109638 -0.071090907 0.990774989
1403638541027829504.000000 0.448501945 -0.102140523 0.354331106 0.124044515 0.025509423 -0.075989492 0.989033818
1403638541077829376.000000 0.460554630 -0.115282655 0.377205253 0.134407565 0.026200861 -0.079737708 0.987365246
1403638541127829504.000000 0.471703857 -0.129303083 0.400691926 0.142886311 0.026846426 -0.082783572 0.985905528
1403638541177829376.000000 0.481673121 -0.144211784 0.424820095 0.149555579 0.026824363 -0.085430786 0.984690428
1403638541227829504.000000 0.484959543 -0.163170204 0.449910283 0.154974282 0.026650272 -0.087865487 0.983642399
1403638541277829376.000000 0.494865000 -0.179948002 0.474223822 0.158463910 0.026875740 -0.089983627 0.982888520
1403638541327829504.000000 0.506532133 -0.197951317 0.497803122 0.161339164 0.026353780 -0.090639271 0.982374549
1403638541377829376.000000 0.519395947 -0.217123941 0.520597577 0.162888065 0.026212255 -0.091385640 0.982053518
1403638541427829504.000000 0.532824218 -0.237223089 0.542626798 0.163980201 0.025565911 -0.090317138 0.981987715
1403638541477829376.000000 0.547788560 -0.256615102 0.562363923 -0.164239377 -0.026399026 0.090836279 -0.981874406
1403638541527829504.000000 0.557333589 -0.280228019 0.574047327 0.163453072 0.027938016 -0.091473497 0.981903911
1403638541577829376.000000 0.575535238 -0.304046035 0.594248593 0.164024919 0.029007571 -0.091580652 0.981767476
1403638541627829504.000000 0.595714331 -0.329934746 0.614285111 0.165707141 0.030072950 -0.092650652 0.981352448
1403638541677829376.000000 0.617102742 -0.357525796 0.633188486 0.169351995 0.030899430 -0.091619045 0.980801284
1403638541727829504.000000 0.639889359 -0.386599123 0.650714219 0.174059793 0.031508617 -0.092198893 0.979902983
1403638541777829376.000000 0.663508296 -0.416772008 0.666995704 0.180607349 0.030893780 -0.090855099 0.978862584
1403638541827829504.000000 0.682708621 -0.447634250 0.671222627 0.187572807 0.030743225 -0.090758055 0.977565527
1403638541877829376.000000 0.707589924 -0.479448944 0.685694575 0.195192724 0.030399524 -0.091676541 0.975997508
1403638541927829504.000000 0.731448174 -0.512059152 0.700302601 0.203524664 0.028813625 -0.094008945 0.974120080
1403638541977829376.000000 0.753669798 -0.545144737 0.715178251 0.212517917 0.027839420 -0.097284049 0.971903741
1403638542027829504.000000 0.774011135 -0.578489125 0.730106592 0.222693667 0.026634827 -0.099928640 0.969387710
1403638542077829376.000000 0.792998433 -0.612072766 0.745634735 0.232998103 0.025591295 -0.103906848 0.966571510
1403638542127829504.000000 0.810281932 -0.646198094 0.761143267 0.244015619 0.025001276 -0.108513005 0.963356793
1403638542177829376.000000 0.822209597 -0.678657353 0.764117479 0.256091565 0.024885196 -0.111961141 0.959824204
1403638542227829504.000000 0.836903393 -0.713429034 0.780687869 0.268350780 0.023386763 -0.117092445 0.955892444
1403638542277829376.000000 0.850490928 -0.748422980 0.797610879 0.280570239 0.022425296 -0.123298414 0.951617062
1403638542327829504.000000 0.863168836 -0.783894777 0.814635873 0.292860359 0.022332553 -0.128725007 0.947187424
1403638542377829376.000000 0.875631988 -0.819536746 0.831945062 0.303439945 0.026186679 -0.133591637 0.943075657
1403638542427829504.000000 0.887603521 -0.855264723 0.849475801 0.312466323 0.032917961 -0.139517441 0.939050674
1403638542477829376.000000 0.895303726 -0.888546169 0.856317639 0.319431067 0.041829787 -0.145875469 0.935379267
1403638542527829504.000000 0.905983984 -0.924652159 0.873582602 0.323674858 0.049523607 -0.153904289 0.932252884
1403638542577829376.000000 0.916391253 -0.961550474 0.889595032 0.326500833 0.057156876 -0.162368968 0.929390490
1403638542627829504.000000 0.926084638 -0.999168336 0.903477252 0.329696208 0.059069987 -0.166967317 0.927325785
1403638542677829376.000000 0.936357856 -1.037365079 0.914779902 0.332191110 0.059518188 -0.169696316 0.925910294
1403638542727829504.000000 0.946740389 -1.076218247 0.923079252 0.335365027 0.055719279 -0.168578535 0.925206482
1403638542777829376.000000 0.957973480 -1.116221428 0.928825974 0.339145392 0.050563209 -0.164452583 0.924867094
1403638542827829504.000000 0.964810967 -1.150861025 0.920172691 0.341278493 0.046579093 -0.161324188 0.924842656
1403638542877829376.000000 0.977369130 -1.191332698 0.921179235 0.343001455 0.040867247 -0.158535898 0.924957454
1403638542927829504.000000 0.991575360 -1.232351422 0.920542836 0.344459623 0.036445051 -0.155877978 0.925052106
1403638542977829376.000000 1.006897092 -1.272875428 0.917978168 0.344929397 0.032839529 -0.154185459 0.925295711
1403638543027829504.000000 1.022177577 -1.313862205 0.914475918 0.345519811 0.029465688 -0.152340546 0.925494611
1403638543077829376.000000 1.037221432 -1.355297804 0.910996795 0.345740825 0.026955035 -0.150497273 0.925790131
1403638543127829504.000000 1.051056862 -1.397397876 0.908157349 0.345521390 0.026027014 -0.148857176 0.926163673
1403638543177829376.000000 1.058765769 -1.431613684 0.896375537 0.344709784 0.025892546 -0.148252562 0.926566780
1403638543227829504.000000 1.069319367 -1.473271608 0.894477785 0.344149560 0.025533654 -0.147735640 0.926867485
1403638543277829376.000000 1.078530550 -1.515250444 0.893210948 0.343939483 0.026113482 -0.146142244 0.927181900
1403638543327829504.000000 1.086217165 -1.557160378 0.892832935 0.343197882 0.025153762 -0.145792410 0.927538276
1403638543377829376.000000 1.093117595 -1.599372387 0.892375886 0.343193024 0.024633117 -0.145787671 0.927554727
1403638543427829504.000000 1.099192858 -1.642164469 0.892504454 0.345011532 0.024278028 -0.146443561 0.926785827
1403638543477829376.000000 1.104267001 -1.684881210 0.893194675 0.347624421 0.024058372 -0.148232296 0.925529957
1403638543527829504.000000 1.108017683 -1.727832198 0.893988371 0.352197498 0.023352562 -0.150292024 0.923484683
1403638543577829376.000000 1.108601928 -1.776742339 0.897019863 0.357716054 0.023415446 -0.154538870 0.920656741
1403638543627829504.000000 1.110605001 -1.821031213 0.898614824 0.364448458 0.023499750 -0.160195127 0.917040110
1403638543677829376.000000 1.111954331 -1.854240298 0.886367321 0.373015881 0.024001786 -0.164891228 0.912739873
1403638543727829504.000000 1.113770843 -1.900138021 0.886454880 0.382401973 0.024311403 -0.170661241 0.907773376
1403638543777829376.000000 1.116769433 -1.946583629 0.885545969 0.392559648 0.025414707 -0.176740006 0.902227283
1403638543827829504.000000 1.121478677 -1.993569255 0.883958101 0.402568817 0.027472738 -0.184102550 0.896264434
1403638543877829376.000000 1.128052950 -2.041639805 0.881205797 0.413771421 0.028193807 -0.188676059 0.890168369
1403638543927829504.000000 1.136473179 -2.090713024 0.877502561 0.424956203 0.028386163 -0.193191081 0.883902550
1403638543977829376.000000 1.146511793 -2.140194654 0.872943044 0.434692562 0.028293597 -0.196026221 0.878530443
1403638544027829504.000000 1.156942844 -2.189925432 0.867527008 0.444262952 0.026172969 -0.197130665 0.873547375
1403638544077829376.000000 1.172005653 -2.231113911 0.853572249 0.452617317 0.022901729 -0.197105557 0.869346082
1403638544127829504.000000 1.183481932 -2.279925823 0.847116113 0.458480209 0.022038361 -0.198239610 0.866031885
1403638544177829376.000000 1.194074154 -2.329153538 0.841150403 0.464307278 0.020205114 -0.196890622 0.863275528
1403638544227829504.000000 1.203238249 -2.378620386 0.836357236 0.468331456 0.020327164 -0.196730256 0.861132801
1403638544277829376.000000 1.210885525 -2.428285122 0.832713604 0.471623808 0.019702746 -0.195985019 0.859518826
1403638544327829504.000000 1.217401981 -2.477793455 0.829983354 0.473426163 0.019505398 -0.197022706 0.858294427
1403638544377829376.000000 1.222750664 -2.527482033 0.827986717 0.474267036 0.018604185 -0.197352633 0.857774198
1403638544427829504.000000 1.227685213 -2.576974869 0.826751828 0.474820644 0.017250329 -0.197620958 0.857434392
1403638544477829376.000000 1.235247254 -2.625005007 0.830195069 0.474405617 0.017108941 -0.198736578 0.857409120
1403638544527829504.000000 1.239550710 -2.675733805 0.830425382 0.474458992 0.018708663 -0.197965041 0.857524693
1403638544577829376.000000 1.244531155 -2.726467371 0.830374122 0.475578070 0.021414757 -0.196700305 0.857132435
1403638544627829504.000000 1.250889540 -2.777771473 0.829743743 0.477772117 0.026318153 -0.194553107 0.856265306
1403638544677829376.000000 1.259083390 -2.829340935 0.828572989 0.479616553 0.030585600 -0.192764655 0.855496526
1403638544727829504.000000 1.268046975 -2.880009651 0.826914668 0.480774492 0.032264948 -0.192355305 0.854876757
1403638544777829376.000000 1.277167916 -2.929975748 0.825128317 0.481043428 0.030777697 -0.192898005 0.854658067
1403638544827829504.000000 1.285395384 -2.979126453 0.823515534 0.480772406 0.028545231 -0.194901362 0.854433477
1403638544877829376.000000 1.292394400 -3.027817726 0.822781682 0.480434924 0.024654930 -0.196374878 0.854407072
1403638544927829504.000000 1.296042919 -3.067983627 0.821039557 0.480620801 0.023386577 -0.196890861 0.854219377
1403638544977829376.000000 1.301698923 -3.117678404 0.821511030 0.480976164 0.022865802 -0.196816161 0.854050696
1403638545027829504.000000 1.306095600 -3.166951656 0.822652936 0.481689155 0.023528330 -0.196381703 0.853730738
1403638545077829376.000000 1.309249401 -3.216160774 0.824320078 0.482127070 0.024209742 -0.195911318 0.853572667
1403638545127829504.000000 1.311074257 -3.265137911 0.826893330 0.482521951 0.024679821 -0.196102098 0.853292167
1403638545177829376.000000 1.311112165 -3.313273430 0.830185056 0.482372701 0.024222730 -0.197065473 0.853167713
1403638545227829504.000000 1.309577465 -3.361018896 0.834178448 0.482284784 0.023700695 -0.198342502 0.852936149
1403638545277829376.000000 1.307137966 -3.408517361 0.838713765 0.482573539 0.024606304 -0.198861942 0.852626085
1403638545327829504.000000 1.303545833 -3.455935955 0.843924284 0.483015597 0.026706183 -0.198229298 0.852459967
1403638545377829376.000000 1.295345306 -3.496733189 0.853864551 0.483873427 0.029111927 -0.196720079 0.852244258
1403638545427829504.000000 1.289706707 -3.544835806 0.860075235 0.484407157 0.028168129 -0.196319863 0.852065086
1403638545477829376.000000 1.284064531 -3.592726231 0.865781546 0.485913187 0.027527416 -0.196437836 0.851200819
1403638545527829504.000000 1.279164553 -3.640408993 0.870650887 0.488691330 0.026776157 -0.197666883 0.849347770
1403638545577829376.000000 1.275343418 -3.688008785 0.874750614 0.492671698 0.025316443 -0.199791014 0.846591592
1403638545627829504.000000 1.272681236 -3.735508919 0.878028393 0.498876303 0.023955079 -0.201255560 0.842641532
1403638545677829376.000000 1.271397829 -3.783085108 0.880910158 0.505601227 0.023451161 -0.204467595 0.837860703
1403638545727829504.000000 1.271904707 -3.830319881 0.883148909 0.512764215 0.021596128 -0.208515316 0.832543015
1403638545777829376.000000 1.274261475 -3.877449512 0.884650469 0.521158993 0.021665050 -0.213233396 0.826108634
1403638545827829504.000000 1.270888090 -3.913207054 0.884724379 0.530508101 0.022660414 -0.217641369 0.818950534
1403638545877829376.000000 1.276633501 -3.960862160 0.883157969 0.539944708 0.021482099 -0.222866997 0.811374545
1403638545927829504.000000 1.284143925 -4.008514404 0.881166220 0.549505353 0.022012845 -0.229445159 0.803065479
1403638545977829376.000000 1.293018460 -4.056071281 0.878314972 0.559001088 0.021466803 -0.235483259 0.794735610
1403638546027829504.000000 1.303134084 -4.103042603 0.875167608 0.566811144 0.022582425 -0.241665632 0.787282050
1403638546077829376.000000 1.313013434 -4.150417805 0.872073650 0.573844075 0.023677338 -0.247255340 0.780389130
1403638546127829504.000000 1.321318150 -4.198394299 0.869515896 0.580074191 0.024334334 -0.251326501 0.774439692
1403638546177829376.000000 1.327957630 -4.246650219 0.867328167 0.586257458 0.023967212 -0.253089964 0.769203067
1403638546227829504.000000 1.332686782 -4.295037746 0.865908623 0.590531111 0.023103546 -0.255087763 0.765290499
1403638546277829376.000000 1.335857511 -4.343790531 0.864912987 0.594048798 0.022566147 -0.256607652 0.762069166
1403638546327829504.000000 1.326878071 -4.371771812 0.868594170 0.598172963 0.020970555 -0.255513310 0.759251118
1403638546377829376.000000 1.327456355 -4.420310020 0.868582249 0.600600779 0.019452682 -0.254824311 0.757604718
1403638546427829504.000000 1.326460004 -4.469249249 0.869001150 0.602488577 0.017269716 -0.254075021 0.756409466
1403638546477829376.000000 1.324760556 -4.518160343 0.870087147 0.603375793 0.017036088 -0.254584432 0.755535781
1403638546527829504.000000 1.322235823 -4.567356110 0.871196032 0.604361057 0.016604481 -0.255046606 0.754601359
1403638546577829376.000000 1.321205616 -4.617360115 0.871327400 0.605791211 0.017022362 -0.256694674 0.752884567
1403638546627829504.000000 1.321288943 -4.667302608 0.870583296 0.608540177 0.017234728 -0.258008927 0.750208855
1403638546677829376.000000 1.322665691 -4.717082977 0.868789911 0.611641943 0.017722830 -0.259462386 0.747167587
1403638546727829504.000000 1.326327324 -4.767431259 0.865455151 0.614478767 0.017932421 -0.260688931 0.744402885
1403638546777829376.000000 1.332901597 -4.819350243 0.860682487 0.616417170 0.018763846 -0.262739033 0.742055357
1403638546827829504.000000 1.329310060 -4.852939606 0.854370117 0.617994845 0.019732242 -0.264617234 0.740047872
1403638546877829376.000000 1.339498162 -4.907580376 0.848702431 0.619308412 0.020049071 -0.266147703 0.738390565
1403638546927829504.000000 1.348762393 -4.961925030 0.842996120 0.620107353 0.020743426 -0.268079072 0.737000823
1403638546977829376.000000 1.356234431 -5.016175747 0.837459087 0.620407820 0.022313792 -0.270486265 0.735821605
1403638547027829504.000000 1.361854076 -5.070710182 0.832108498 0.620818794 0.023289347 -0.271994770 0.734888136
1403638547077829376.000000 1.365624547 -5.125489235 0.826812267 0.620465279 0.024752542 -0.274238110 0.734304905
1403638547127829504.000000 1.367793441 -5.180670738 0.821489811 0.619805872 0.026499422 -0.277117223 0.733719647
1403638547177829376.000000 1.368121862 -5.236146450 0.815900326 0.619600892 0.027142236 -0.278492212 0.733348608
1403638547227829504.000000 1.366858959 -5.291494370 0.809653282 0.619220197 0.028033432 -0.279872060 0.733111322
1403638547277829376.000000 1.364344120 -5.346950054 0.803158283 0.618778825 0.029307142 -0.280710042 0.733113766
1403638547327829504.000000 1.349499464 -5.365808487 0.789360046 0.618240237 0.029791160 -0.281094044 0.733401537
1403638547377829376.000000 1.344968796 -5.423485279 0.781305790 0.619727015 0.026747694 -0.277356148 0.733686984
1403638547427829504.000000 1.339095116 -5.481208801 0.772967815 0.620166779 0.023808712 -0.275562435 0.734092414
1403638547477829376.000000 1.332558632 -5.539344788 0.764083385 0.621348023 0.021340361 -0.272187412 0.734428585
1403638547527829504.000000 1.324404955 -5.597248077 0.755446911 0.621724069 0.018334314 -0.270022362 0.734990418
1403638547577829376.000000 1.314915419 -5.655385017 0.746909142 0.621895611 0.016106389 -0.268098474 0.735601604
1403638547627829504.000000 1.304017067 -5.713286877 0.738713741 0.621883512 0.015069115 -0.266999304 0.736033440
1403638547677829376.000000 1.292088032 -5.771533489 0.730764389 0.621353984 0.014872412 -0.266640633 0.736614406
1403638547727829504.000000 1.278475046 -5.828974724 0.723440170 0.620567679 0.015643444 -0.267520934 0.736942112
1403638547777829376.000000 1.263452053 -5.887129784 0.715117455 0.619950891 0.016758027 -0.268241137 0.737174928
1403638547827829504.000000 1.244373560 -5.909574032 0.699948311 0.618309796 0.020641804 -0.271378815 0.737306297
1403638547877829376.000000 1.228647947 -5.970569611 0.692052841 0.618158698 0.022736881 -0.271482915 0.737333000
1403638547927829504.000000 1.212566853 -6.031965733 0.683442116 0.617997229 0.021231385 -0.271619618 0.737462819
1403638547977829376.000000 1.198144913 -6.094307899 0.673382282 0.618490934 0.022375476 -0.271799743 0.736948609
1403638548027829504.000000 1.184652567 -6.156900406 0.662072182 0.619662881 0.020095333 -0.271909952 0.735988557
1403638548077829376.000000 1.172811270 -6.220839977 0.649137974 0.621713281 0.018920131 -0.272506356 0.734067440
1403638548127829504.000000 1.162415981 -6.285220146 0.634822369 0.624421775 0.018581877 -0.273404181 0.731438577
1403638548177829376.000000 1.153441906 -6.350533009 0.618949890 0.628054440 0.017058298 -0.274637133 0.727895021
1403638548227829504.000000 1.146306753 -6.415819168 0.601491451 0.632684290 0.016828742 -0.275670946 0.723486662
1403638548277829376.000000 1.140028477 -6.480695724 0.582933426 0.637638807 0.014986022 -0.278067529 0.718241394
1403638548327829504.000000 1.136581659 -6.499284744 0.554259777 0.643351078 0.015376608 -0.279222906 0.712669373
1403638548377829376.000000 1.134160280 -6.565625191 0.532986164 0.649120152 0.014282538 -0.282853365 0.705997944
1403638548427829504.000000 1.133224487 -6.632308960 0.510604858 0.655199230 0.013781185 -0.285552710 0.699273705
1403638548477829376.000000 1.132732153 -6.699351311 0.487930775 0.660937667 0.013495977 -0.287086606 0.693224788
1403638548527829504.000000 1.131420135 -6.766695499 0.465638638 0.665812671 0.013060365 -0.288378805 0.688012064
1403638548577829376.000000 1.128889322 -6.834535122 0.443678379 0.670099676 0.013522978 -0.289921045 0.683175981
1403638548627829504.000000 1.125070333 -6.902798176 0.422318459 0.673569858 0.013631527 -0.291229010 0.679193258
1403638548677829376.000000 1.120297909 -6.971380711 0.401237488 0.676702142 0.013097026 -0.291716099 0.675873101
1403638548727829504.000000 1.114667177 -7.040215015 0.380453587 0.678909302 0.013203218 -0.293015391 0.673089862
1403638548777829376.000000 1.109324455 -7.109086990 0.359380722 0.680935740 0.013100560 -0.293488681 0.670834839
1403638548827829504.000000 1.107591629 -7.126301765 0.327529907 0.682136536 0.012862088 -0.294003665 0.669392407
1403638548877829376.000000 1.102972031 -7.248154640 0.314410686 0.683342874 0.012694499 -0.295020252 0.667715907
1403638548927829504.000000 1.104853630 -7.267636776 0.281377792 0.684328437 0.012547001 -0.294109643 0.667110741
1403638548977829376.000000 1.105429888 -7.338503361 0.257244110 0.684589446 0.012354764 -0.294781446 0.666549742
1403638549027829504.000000 1.107148886 -7.409117699 0.232423782 0.684547842 0.012321422 -0.296187967 0.665969372
1403638549077829376.000000 1.109978914 -7.479510784 0.206907272 0.685275495 0.011821090 -0.294961661 0.665774286
1403638549127829504.000000 1.113874912 -7.549559116 0.180907726 0.685707867 0.011215787 -0.293902695 0.665807903
1403638549177829376.000000 1.119669199 -7.620148659 0.153820992 0.685852885 0.011994414 -0.293576241 0.665789008
1403638549227829504.000000 1.126124382 -7.691631794 0.126327991 0.685878336 0.011340778 -0.293312132 0.665890634
1403638549277829376.000000 1.133697510 -7.764381886 0.098153591 0.685962319 0.011000289 -0.292478174 0.666176617
1403638549327829504.000000 1.146374702 -7.776114464 0.059391022 0.686207235 0.010431095 -0.290483803 0.666805863
1403638549377829376.000000 1.155560255 -7.848789692 0.030241489 0.686559916 0.009586441 -0.288869590 0.667156637
1403638549427829504.000000 1.165063381 -7.909185410 0.001013756 0.687016547 0.009239343 -0.286928415 0.667529047
1403638549477829376.000000 1.172194719 -7.983100891 -0.026901245 0.687036812 0.008073686 -0.286012858 0.667916119
1403638549527829504.000000 1.177997589 -8.057217598 -0.054018974 0.686984181 0.007960403 -0.285417914 0.668226063
1403638549577829376.000000 1.182852507 -8.131481171 -0.080582619 0.687406361 0.008735396 -0.283822715 0.668461561
1403638549627829504.000000 1.186724186 -8.205833435 -0.106459618 0.687741339 0.009839209 -0.282655090 0.668596447
1403638549677829376.000000 1.190082073 -8.280165672 -0.131499290 0.687808633 0.010222719 -0.281765848 0.668896735
1403638549727829504.000000 1.193452835 -8.354196548 -0.155891418 0.686934888 0.011919946 -0.283176512 0.669170678
1403638549777829376.000000 1.197320461 -8.428390503 -0.180615425 0.686877072 0.010655632 -0.283103347 0.669282377
1403638549827829504.000000 1.202890635 -8.503599167 -0.206043243 0.686840415 0.009356885 -0.282977015 0.669392884
1403638549877829376.000000 1.210972309 -8.579360008 -0.232090950 0.686102986 0.008647810 -0.283948302 0.669747293
1403638549927829504.000000 1.224723339 -8.582965851 -0.260137558 0.685739398 0.009130408 -0.284389019 0.669926226
1403638549977829376.000000 1.236101151 -8.660139084 -0.288065910 0.685962558 0.007760686 -0.283925653 0.669911444
1403638550027829504.000000 1.250012636 -8.740932465 -0.315308571 0.685908318 0.007541836 -0.283703029 0.670063853
1403638550077829376.000000 1.265763044 -8.821590424 -0.343835831 0.685995877 0.007084297 -0.283696711 0.669981837
1403638550127829504.000000 1.283299208 -8.902520180 -0.372870445 0.686464548 0.005471625 -0.282885283 0.669860065
1403638550177829376.000000 1.302830219 -8.983562469 -0.402226448 0.686485350 0.005652307 -0.283376008 0.669629693
1403638550227829504.000000 1.324114561 -9.064477921 -0.432125092 0.686641991 0.005144240 -0.283764988 0.669308484
1403638550277829376.000000 1.347605705 -9.146037102 -0.462526321 0.686473787 0.005858971 -0.284417689 0.669198096
1403638550327829504.000000 1.368845463 -9.149295807 -0.489444733 0.686341703 0.006236054 -0.284759611 0.669184744
1403638550377829376.000000 1.394351721 -9.225378036 -0.521438599 0.686476648 0.006897601 -0.284857750 0.668998122
1403638550427829504.000000 1.418020487 -9.301565170 -0.552294731 0.687358737 0.005991678 -0.283233851 0.668790519
1403638550477829376.000000 1.439569950 -9.377673149 -0.581936836 0.687649250 0.005023905 -0.282480419 0.668818474
1403638550527829504.000000 1.459702253 -9.453789711 -0.610546112 0.688397408 0.003046449 -0.281016082 0.668677628
1403638550577829376.000000 1.479050636 -9.530471802 -0.638093948 0.689349115 0.002992657 -0.278841883 0.668607533
1403638550627829504.000000 1.497348309 -9.606879234 -0.664196968 0.690405786 0.003685013 -0.276192158 0.668613613
1403638550677829376.000000 1.514606953 -9.683467865 -0.689172745 0.691499889 0.005326034 -0.273488939 0.668583095
1403638550727829504.000000 1.531012058 -9.759632111 -0.712414742 0.692288280 0.005282950 -0.271530688 0.668565810
1403638550777829376.000000 1.546806097 -9.835461617 -0.734165192 0.692648113 0.006376555 -0.270205677 0.668720365
1403638550827829504.000000 1.544590473 -9.863330841 -0.729952812 0.694039106 0.009492936 -0.266358912 0.668784380
1403638550877829376.000000 1.559576988 -9.938526154 -0.749028206 0.695705950 0.012748464 -0.262257010 0.668619573
1403638550927829504.000000 1.577257395 -10.015798569 -0.770117760 0.696767092 0.017103387 -0.258625984 0.668831587
1403638550977829376.000000 1.592453003 -10.090889931 -0.788468361 0.698124051 0.019842120 -0.255145192 0.668677866
1403638551027829504.000000 1.607023716 -10.164903641 -0.805587769 0.698974431 0.021894172 -0.252524525 0.668720365
1403638551077829376.000000 1.621610165 -10.237526894 -0.821569443 0.699607909 0.023823192 -0.250651985 0.668696463
1403638551127829504.000000 1.637065172 -10.308211327 -0.836648941 0.700256407 0.022983246 -0.248865724 0.668714166
1403638551177829376.000000 1.654028416 -10.377175331 -0.851225853 0.701619983 0.021907205 -0.246140867 0.668329358
1403638551227829504.000000 1.672705412 -10.444293022 -0.864900589 0.702093244 0.020902529 -0.245359689 0.668151796
1403638551277829376.000000 1.693018913 -10.509771347 -0.877449036 0.701465726 0.019375848 -0.245112360 0.668947279
1403638551327829504.000000 1.691170692 -10.500145912 -0.857776642 0.699616492 0.016529143 -0.245999068 0.670632541
1403638551377829376.000000 1.712866068 -10.561617851 -0.867238045 0.696316540 0.013318527 -0.245297432 0.674384952
1403638551427829504.000000 1.734057426 -10.621487617 -0.874176979 0.691458523 0.010532338 -0.244330183 0.679762423
1403638551477829376.000000 1.754693031 -10.679905891 -0.878739357 0.685532153 0.007728345 -0.242311597 0.686491847
1403638551527829504.000000 1.778259039 -10.741062164 -0.883756638 0.679161072 0.004696667 -0.238203555 0.694245934
1403638551577829376.000000 1.798812628 -10.799208641 -0.884714127 0.672310293 0.003143033 -0.232712701 0.702733099
1403638551627829504.000000 1.818633795 -10.857018471 -0.883273125 0.664981008 -0.001059403 -0.227276504 0.711438417
1403638551677829376.000000 1.838293314 -10.914425850 -0.879512787 0.657301426 -0.003425641 -0.221905127 0.720209181
1403638551727829504.000000 1.858103991 -10.971232414 -0.873301506 0.649097025 -0.003859039 -0.216812834 0.729143679
1403638551777829376.000000 1.876984358 -11.027347565 -0.864372253 0.640483260 -0.004141140 -0.212056696 0.738102973
1403638551827829504.000000 1.875152111 -10.986959457 -0.817411423 0.632906795 -0.003923853 -0.207449481 0.745907784
1403638551877829376.000000 1.894141674 -11.041166306 -0.804236412 0.625149608 -0.001682975 -0.204818025 0.753149927
1403638551927829504.000000 1.914753199 -11.094109535 -0.789332390 0.617669106 0.002817123 -0.205045670 0.759232104
1403638551977829376.000000 1.937279463 -11.146295547 -0.773594856 0.611738563 0.007772090 -0.204786658 0.764053643
1403638552027829504.000000 1.962346315 -11.196524620 -0.757108212 0.605974138 0.012843230 -0.205431908 0.768393338
1403638552077829376.000000 1.994644880 -11.251206398 -0.743693352 0.601819098 0.016215611 -0.205386922 0.771600306
1403638552127829504.000000 2.023945093 -11.300547600 -0.727301598 0.597954810 0.016330291 -0.206267297 0.774362504
1403638552177829376.000000 2.054665089 -11.348863602 -0.710617065 0.595275998 0.014144770 -0.206384987 0.776435256
1403638552227829504.000000 2.087085724 -11.396666527 -0.693532467 0.592928529 0.012486940 -0.207554251 0.777946770
1403638552277829376.000000 2.120347023 -11.443687439 -0.675738335 0.591222644 0.010715213 -0.208251625 0.779084206
1403638552327829504.000000 2.140399933 -11.370067596 -0.610595226 0.591005802 0.010221913 -0.208057091 0.779307365
1403638552377829376.000000 2.170049191 -11.403336525 -0.586942673 0.591700554 0.009839552 -0.204946935 0.779609203
1403638552427829504.000000 2.199211121 -11.435843468 -0.561560154 0.593001008 0.012957352 -0.200439349 0.779747427
1403638552477829376.000000 2.227138758 -11.467150688 -0.534462929 0.594749212 0.015487646 -0.196000293 0.779498160
1403638552527829504.000000 2.254398823 -11.496637344 -0.505701065 0.596085727 0.018027313 -0.192472994 0.779301643
1403638552577829376.000000 2.281020164 -11.524186134 -0.475510597 0.597417831 0.020700011 -0.189798668 0.778870940
1403638552627829504.000000 2.306792498 -11.549427032 -0.443562508 0.598140955 0.022778815 -0.189068645 0.778435349
1403638552677829376.000000 2.331405640 -11.572567940 -0.409419060 0.598431170 0.023371866 -0.190306619 0.777892888
1403638552727829504.000000 2.355460882 -11.593725204 -0.373760223 0.598839939 0.022880554 -0.190700710 0.777496338
1403638552777829376.000000 2.378953457 -11.612246513 -0.336569786 0.598964691 0.023256019 -0.192499280 0.776945531
1403638552827829504.000000 2.420922279 -11.631192207 -0.288085938 0.599685550 0.022690300 -0.194492728 0.775909185
1403638552877829376.000000 2.442005396 -11.647120476 -0.248819351 0.599527836 0.023363927 -0.197471261 0.775258482
1403638552927829504.000000 2.462147951 -11.661377907 -0.208252907 0.599332035 0.023744261 -0.201331392 0.774405003
1403638552977829376.000000 2.481630802 -11.673917770 -0.166600227 0.598986149 0.025967773 -0.204701170 0.773717463
1403638553027829504.000000 2.499980450 -11.684821129 -0.123946190 0.598459780 0.026657436 -0.208737448 0.773022711
1403638553077829376.000000 2.517901182 -11.694621086 -0.080844879 0.598667026 0.028475266 -0.210932896 0.772200942
1403638553127829504.000000 2.535222530 -11.703168869 -0.037449837 0.599999845 0.029821381 -0.210133970 0.771333098
1403638553177829376.000000 2.552880526 -11.710248947 0.006539345 0.602285624 0.032649685 -0.206390589 0.770447195
1403638553227829504.000000 2.570323944 -11.715671539 0.050630569 0.604745924 0.036067367 -0.201995566 0.769531965
1403638553277829376.000000 2.588887691 -11.719000816 0.094582558 0.606608570 0.039929852 -0.199125946 0.768622577
1403638553327829504.000000 2.637699127 -11.732067108 0.156899452 0.608581483 0.042411886 -0.198412061 0.767113090
1403638553377829376.000000 2.658836126 -11.730426788 0.200224876 0.609003484 0.045536160 -0.199310258 0.766365945
1403638553427829504.000000 2.608388424 -11.722507477 0.198934555 0.606918216 0.052379675 -0.201414451 0.767032504
1403638553477829376.000000 2.702586174 -11.718668938 0.284060478 0.608096004 0.054370884 -0.203683108 0.765360236
1403638553527829504.000000 2.726926327 -11.708631516 0.324656487 0.607490242 0.058048639 -0.205424964 0.765105605
1403638553577829376.000000 2.752168655 -11.694436073 0.363990784 0.606858790 0.061871815 -0.207126662 0.764848232
1403638553627829504.000000 2.777443886 -11.676125526 0.402392387 0.606201947 0.063539967 -0.208602816 0.764831245
1403638553677829376.000000 2.804126978 -11.655014992 0.439023018 0.605967999 0.063906267 -0.209797114 0.764659345
1403638553727829504.000000 2.833632469 -11.631207466 0.474493980 0.605523646 0.064507566 -0.210532337 0.764758766
1403638553777829376.000000 2.862509012 -11.603687286 0.508081436 0.605013251 0.063640192 -0.211955234 0.764842451
1403638553827829504.000000 2.930581093 -11.607562065 0.563610077 0.605552256 0.060374565 -0.214500159 0.763970673
1403638553877829376.000000 2.962485790 -11.576774597 0.593718529 0.604921699 0.059079241 -0.215677336 0.764239967
1403638553927829504.000000 2.994629860 -11.546059608 0.623534203 0.604248166 0.058207124 -0.216725811 0.764543116
1403638553977829376.000000 3.019454241 -11.504935265 0.652277946 0.604289591 0.054223195 -0.216783971 0.764786720
1403638554027829504.000000 3.046787739 -11.467084885 0.681112289 0.604036450 0.051048167 -0.216530979 0.765276670
1403638554077829376.000000 3.073673010 -11.427673340 0.709742546 0.603080988 0.050423332 -0.217943132 0.765670776
1403638554127829504.000000 3.098440409 -11.386269569 0.738201141 0.602675378 0.049166378 -0.218946487 0.765785635
1403638554177829376.000000 3.120972395 -11.343544006 0.766936302 0.600708306 0.046290755 -0.223775834 0.766114295
1403638554227829504.000000 3.143835068 -11.301661491 0.796493530 0.598465800 0.042222653 -0.228559807 0.766691864
1403638554277829376.000000 3.163637877 -11.257559776 0.825242043 0.596665263 0.037817851 -0.233047515 0.766974151
1403638554327829504.000000 3.221552849 -11.264941216 0.885331154 0.595828176 0.032490395 -0.238766119 0.766109705
1403638554377829376.000000 3.239496231 -11.220226288 0.913981438 0.594640493 0.030096201 -0.241853610 0.766161799
1403638554427829504.000000 3.256883383 -11.176238060 0.942204475 0.594099522 0.028619621 -0.243411198 0.766144693
1403638554477829376.000000 3.228517771 -11.113371849 0.939578056 0.593442380 0.027590308 -0.245286718 0.766093612
1403638554527829504.000000 3.228834391 -11.063241005 0.956597328 0.593317330 0.027223151 -0.245427370 0.766158521
1403638554577829376.000000 3.227745056 -11.012950897 0.973178864 0.593994915 0.025821513 -0.244407967 0.766007900
1403638554627829504.000000 3.226280689 -10.962862968 0.988700867 0.594829440 0.023411950 -0.242899820 0.765917480
1403638554677829376.000000 3.358749628 -11.004226685 1.104242325 0.596798718 0.020859020 -0.238727853 0.765771091
1403638554727829504.000000 3.378765821 -10.966326714 1.133080482 0.597442925 0.021120602 -0.237137631 0.765755653
1403638554777829376.000000 3.399359226 -10.928668022 1.161317825 0.599150062 0.019188819 -0.233348936 0.765636563
1403638554827829504.000000 3.421263933 -10.892351151 1.189460754 0.599704385 0.019038081 -0.232452855 0.765478849
1403638554877829376.000000 3.444515705 -10.856745720 1.217439651 0.600590527 0.018620227 -0.229979068 0.765541673
1403638554927829504.000000 3.468270779 -10.821324348 1.245545387 0.601056755 0.018559841 -0.228436321 0.765639126
1403638554977829376.000000 3.491459846 -10.786135674 1.274670601 0.600978851 0.018385541 -0.225878119 0.766463041
1403638555027829504.000000 3.513420343 -10.750876427 1.304583549 0.599093616 0.018926239 -0.224630073 0.768290341
1403638555077829376.000000 3.533953667 -10.715331078 1.335614204 0.595859945 0.018940132 -0.224292859 0.770898879
1403638555127829504.000000 3.553890705 -10.679352760 1.367762566 0.591539919 0.019265611 -0.224000037 0.774295449
1403638555177829376.000000 3.578743219 -10.648171425 1.401033401 0.587040186 0.017739113 -0.222788885 0.778096676
1403638555227829504.000000 3.595543146 -10.611477852 1.435412407 0.582338929 0.017554872 -0.220825598 0.782182455
1403638555277829376.000000 3.611270905 -10.574459076 1.470326424 0.577909052 0.017357932 -0.219488949 0.785840034
1403638555327829504.000000 3.626580238 -10.537487030 1.505780220 0.573911250 0.017822687 -0.218302757 0.789083183
1403638555377829376.000000 3.641879797 -10.500755310 1.541723251 0.569723248 0.020221191 -0.219194427 0.791808307
1403638555427829504.000000 3.656415939 -10.464305878 1.578321934 0.566126823 0.021388965 -0.219787955 0.794189095
1403638555477829376.000000 3.670191288 -10.427944183 1.615316391 0.563479602 0.022715708 -0.219515324 0.796107888
1403638555527829504.000000 3.683349609 -10.391902924 1.652462959 0.561883092 0.022510063 -0.218158171 0.797613800
1403638555577829376.000000 3.696972132 -10.355840683 1.689391136 0.560224950 0.023992524 -0.218349203 0.798684001
1403638555627829504.000000 3.711415529 -10.319795609 1.725872993 0.559225798 0.023359396 -0.217967674 0.799506664
1403638555677829376.000000 3.728661060 -10.290741920 1.762894630 0.558763981 0.021705784 -0.217501059 0.800003171
1403638555727829504.000000 3.747453213 -10.253417969 1.797510624 0.558662295 0.020682363 -0.216967061 0.800246179
1403638555777829376.000000 3.769130230 -10.215745926 1.830970764 0.558018506 0.020080077 -0.218254298 0.800360739
1403638555827829504.000000 3.793448448 -10.177842140 1.863114357 0.558055401 0.020115560 -0.218754426 0.800197542
1403638555877829376.000000 3.818342924 -10.139571190 1.894965172 0.558033824 0.019687232 -0.219434232 0.800037086
1403638555927829504.000000 3.843999863 -10.102245331 1.926884651 0.557757437 0.020310650 -0.220746353 0.799853265
1403638555977829376.000000 3.871529341 -10.066419601 1.958326817 0.557894528 0.021412179 -0.221410483 0.799545228
1403638556027829504.000000 3.900260210 -10.031274796 1.989245892 0.557712436 0.021880671 -0.222259417 0.799424112
1403638556077829376.000000 3.928655386 -9.996580124 2.020113468 0.557375252 0.021115875 -0.223340422 0.799378514
1403638556127829504.000000 3.955759764 -9.962195396 2.051646233 0.557184100 0.018307295 -0.224017709 0.799391568
1403638556177829376.000000 3.973394871 -9.946877480 2.085658550 0.556829691 0.013521070 -0.224699467 0.799542427
1403638556227829504.000000 3.996802568 -9.915368080 2.118620872 0.556139767 0.010329713 -0.226730704 0.799496830
1403638556277829376.000000 4.019959450 -9.883745193 2.152660847 0.556171954 0.007605912 -0.226827428 0.799477458
1403638556327829504.000000 4.042165756 -9.853114128 2.187233925 0.555637538 0.005695626 -0.228053212 0.799516320
1403638556377829376.000000 4.063766003 -9.823620796 2.222125053 0.555563509 0.003923887 -0.228381291 0.799484730
1403638556427829504.000000 4.085397720 -9.795415878 2.257480145 0.555144370 0.002213003 -0.229418904 0.799485385
1403638556477829376.000000 4.106611729 -9.768457413 2.292457581 0.554165423 -0.001206372 -0.231079563 0.799688399
1403638556527829504.000000 4.127827168 -9.743142128 2.328202248 0.553433836 -0.003551729 -0.232365012 0.799815536
1403638556577829376.000000 4.149709702 -9.719115257 2.364026546 0.553517342 -0.006009440 -0.231296107 0.800052881
1403638556627829504.000000 4.171792030 -9.696528435 2.399958134 0.554883361 -0.008898552 -0.227179483 0.800259233
1403638556677829376.000000 4.192052841 -9.675559998 2.443281174 0.556351244 -0.010201527 -0.221911550 0.800702572
1403638556727829504.000000 4.218456268 -9.654559135 2.480141640 0.558017731 -0.007807910 -0.217501953 0.800779700
1403638556777829376.000000 4.246843338 -9.633480072 2.517134666 0.559525192 -0.004972579 -0.213973358 0.800701141
1403638556827829504.000000 4.277175903 -9.613243103 2.554793358 0.560984313 -0.003264267 -0.210123211 0.800708592
1403638556877829376.000000 4.309851646 -9.594313622 2.592858315 0.562154055 -0.002752945 -0.207053766 0.800689697
1403638556927829504.000000 4.344227791 -9.575819016 2.631786823 0.563081026 -0.001293485 -0.204569042 0.800680757
1403638556977829376.000000 4.378251076 -9.558111191 2.672048569 0.563717246 -0.000451125 -0.202856094 0.800669849
1403638557027829504.000000 4.411441803 -9.540515900 2.713982582 0.563763022 0.000693129 -0.203308508 0.800522625
1403638557077829376.000000 4.443357468 -9.523079872 2.757786751 0.563432336 0.001999579 -0.204685822 0.800402284
1403638557127829504.000000 4.474438190 -9.505906105 2.803898811 0.562991917 0.003757357 -0.206335366 0.800282240
1403638557177829376.000000 4.500512123 -9.486001015 2.856308937 0.563165307 0.005012804 -0.206638455 0.800075114
1403638557227829504.000000 4.529374123 -9.467872620 2.904458046 0.562819719 0.006267485 -0.207643732 0.800049305
1403638557277829376.000000 4.557288170 -9.449965477 2.953701973 0.562845707 0.006694586 -0.208091468 0.799911201
1403638557327829504.000000 4.584562778 -9.432445526 3.004328728 0.562424183 0.007576525 -0.209265962 0.799893439
1403638557377829376.000000 4.611907005 -9.415077209 3.055616856 0.561982095 0.008753245 -0.211143360 0.799698710
1403638557427829504.000000 4.640419483 -9.397770882 3.106774330 0.561235905 0.011035781 -0.213459998 0.799579442
1403638557477829376.000000 4.670022011 -9.380846977 3.158159256 0.559953213 0.014200713 -0.217483178 0.799344718
1403638557527829504.000000 4.701367378 -9.363720894 3.209521294 0.558893144 0.016198765 -0.219920859 0.799381614
1403638557577829376.000000 4.733627319 -9.346673965 3.259537220 0.558035791 0.018792642 -0.222239986 0.799282432
1403638557627829504.000000 4.766944885 -9.329914093 3.309244633 0.557502270 0.020270867 -0.223581120 0.799244523
1403638557677829376.000000 4.796720505 -9.313462257 3.364201069 0.557462752 0.021518720 -0.224582791 0.798958540
1403638557727829504.000000 4.831435204 -9.298379898 3.412457466 0.557346106 0.022121269 -0.224297717 0.799103618
1403638557777829376.000000 4.865443230 -9.283835411 3.460525513 0.557216883 0.022163132 -0.224328563 0.799183905
1403638557827829504.000000 4.897962570 -9.269296646 3.508972645 0.556047320 0.023112779 -0.225967482 0.799509823
1403638557877829376.000000 4.928601265 -9.255003929 3.557422161 0.555516422 0.022852635 -0.227070212 0.799573839
1403638557927829504.000000 4.957633018 -9.240756989 3.605894089 0.554571748 0.022998817 -0.228978902 0.799681187
1403638557977829376.000000 4.984817505 -9.227131844 3.654641151 0.553968012 0.021101318 -0.230084509 0.799834549
1403638558027829504.000000 5.009986877 -9.213936806 3.703625679 0.553622544 0.018450737 -0.230997384 0.799876153
1403638558077829376.000000 5.033703804 -9.201146126 3.753204823 0.553276241 0.014503733 -0.231699422 0.799993932
1403638558127829504.000000 5.055878639 -9.189178467 3.803433895 0.552167058 0.009880795 -0.233385757 0.800340593
1403638558177829376.000000 5.074061394 -9.172941208 3.859228611 0.551546156 0.005115713 -0.234897643 0.800371110
1403638558227829504.000000 5.097923279 -9.163619995 3.908609867 0.550340950 -0.000265868 -0.236401916 0.800774038
1403638558277829376.000000 5.123482704 -9.155744553 3.956873894 0.549145937 -0.001543011 -0.238710538 0.800908089
1403638558327829504.000000 5.151068211 -9.149600983 4.004726410 0.547974110 -0.002778477 -0.240811780 0.801078260
1403638558377829376.000000 5.182024956 -9.145481110 4.050632000 0.546500564 -0.003338295 -0.243763193 0.801190078
1403638558427829504.000000 5.213909149 -9.142018318 4.096000671 0.544633389 -0.006527707 -0.247394770 0.801328719
1403638558477829376.000000 5.246967316 -9.140842438 4.140772343 0.542879879 -0.009310618 -0.250681013 0.801469862
1403638558527829504.000000 5.281724453 -9.141949654 4.184620857 0.542456985 -0.011761925 -0.250885844 0.801659822
1403638558577829376.000000 5.318104267 -9.145791054 4.227813244 0.543018222 -0.013745572 -0.249220759 0.801767647
1403638558627829504.000000 5.356325150 -9.151827812 4.270256519 0.544277191 -0.013771659 -0.245075583 0.802191198
1403638558677829376.000000 5.395560265 -9.156059265 4.316471577 0.546366751 -0.014705287 -0.239278197 0.802504361
1403638558727829504.000000 5.435393333 -9.166624069 4.359442234 0.548611820 -0.014779065 -0.232920617 0.802841663
1403638558777829376.000000 5.474489212 -9.178581238 4.403865337 0.549525797 -0.014228570 -0.229968622 0.803077459
1403638558827829504.000000 5.512358189 -9.191276550 4.449409008 0.550738752 -0.013894875 -0.226342812 0.803282499
1403638558877829376.000000 5.548932076 -9.205530167 4.496686935 0.550526857 -0.011833786 -0.226634294 0.803378582
1403638558927829504.000000 5.584325790 -9.220725060 4.545077324 0.551109076 -0.008044376 -0.225154310 0.803442299
1403638558977829376.000000 5.618485451 -9.237222672 4.594964504 0.551633239 -0.003193247 -0.224123463 0.803404868
1403638559027829504.000000 5.651107311 -9.254442215 4.646081924 0.551727593 0.001113142 -0.224246040 0.803311348
1403638559077829376.000000 5.682363033 -9.272294044 4.698784828 0.552289665 0.004618655 -0.223168522 0.803212702
1403638559127829504.000000 5.712672234 -9.291055679 4.752180099 0.552576184 0.007542951 -0.223095000 0.803013921
1403638559177829376.000000 5.741209030 -9.306346893 4.804032326 0.553153634 0.010322670 -0.222631797 0.802713871
1403638559227829504.000000 5.767798424 -9.325416565 4.858263969 0.552900136 0.012919435 -0.224261835 0.802397132
1403638559277829376.000000 5.793113708 -9.345124245 4.913023472 0.552750587 0.014780167 -0.225370958 0.802157283
1403638559327829504.000000 5.816647530 -9.364987373 4.967714310 0.552559137 0.016588582 -0.226691544 0.801881671
1403638559377829376.000000 5.838876247 -9.384322166 5.023067474 0.551562965 0.018539177 -0.229793712 0.801641762
1403638559427829504.000000 5.859624386 -9.404487610 5.078061581 0.551156640 0.020951195 -0.231748372 0.801299036
1403638559477829376.000000 5.878731728 -9.424557686 5.132812500 0.551110804 0.022234842 -0.232508227 0.801075876
1403638559527829504.000000 5.896337509 -9.445035934 5.187822342 0.550917685 0.023985351 -0.233487085 0.800873399
1403638559577829376.000000 5.913089752 -9.465903282 5.242897034 0.551174223 0.025500279 -0.234089032 0.800474226
1403638559627829504.000000 5.927804470 -9.487126350 5.296896458 0.551557064 0.026375031 -0.233620659 0.800319076
1403638559677829376.000000 5.945764542 -9.506588936 5.350920677 0.551821768 0.026963040 -0.233826607 0.800056815
1403638559727829504.000000 5.960871696 -9.528148651 5.402525425 0.552248716 0.027500961 -0.233809441 0.799748898
1403638559777829376.000000 5.976762772 -9.549657822 5.452481270 0.552562654 0.027815217 -0.234019548 0.799459696
1403638559827829504.000000 5.993557930 -9.571916580 5.501176834 0.553243697 0.025840983 -0.233161777 0.799305558
1403638559877829376.000000 6.011418343 -9.594863892 5.549227715 0.553193688 0.026342591 -0.232698411 0.799458802
1403638559927829504.000000 6.029222012 -9.617931366 5.596225739 0.552067220 0.025807943 -0.230884418 0.800779760
1403638559977829376.000000 6.045712471 -9.640577316 5.643051624 0.549158990 0.025301745 -0.228452817 0.803488433
1403638560027829504.000000 6.060430527 -9.663167953 5.690100193 0.544527054 0.024469772 -0.224849656 0.807672143
1403638560077829376.000000 6.073592663 -9.685648918 5.737382889 0.538072348 0.024107205 -0.220886305 0.813084483
1403638560127829504.000000 6.085258484 -9.708019257 5.785656452 0.530274630 0.024221813 -0.215915754 0.819513679
1403638560177829376.000000 6.095824718 -9.730438232 5.841420174 0.520640075 0.025064880 -0.211447984 0.826798379
1403638560227829504.000000 6.104552269 -9.752980232 5.891413212 0.510358036 0.025216399 -0.206313223 0.834466159
1403638560277829376.000000 6.112816811 -9.774570465 5.940304279 0.499543756 0.026580093 -0.200712711 0.842296839
1403638560327829504.000000 6.120566368 -9.796187401 5.989712715 0.488733739 0.029981662 -0.193761200 0.850115895
1403638560377829376.000000 6.127258301 -9.817284584 6.038618565 0.477840245 0.033212662 -0.186515838 0.857774734
1403638560427829504.000000 6.132920265 -9.837862015 6.087406158 0.466210425 0.035966039 -0.179620221 0.865500391
1403638560477829376.000000 6.137197495 -9.857878685 6.135904789 0.454434246 0.039083511 -0.172356218 0.873072386
1403638560527829504.000000 6.140069008 -9.876900673 6.183804035 0.442577869 0.041106045 -0.165116087 0.880438387
1403638560577829376.000000 6.141108513 -9.894953728 6.231418133 0.431149483 0.041546594 -0.156196862 0.887686074
1403638560627829504.000000 6.140999794 -9.911901474 6.279074669 0.419489890 0.041012265 -0.147533938 0.894751430
1403638560677829376.000000 6.141914368 -9.930262566 6.336371422 0.408645302 0.040392954 -0.138607800 0.901202202
1403638560727829504.000000 6.142252445 -9.944592476 6.383201122 0.399102002 0.038416266 -0.129097328 0.906959593
1403638560777829376.000000 6.144124031 -9.957208633 6.428601742 0.389136255 0.038305167 -0.121561885 0.912320435
1403638560827829504.000000 6.147887707 -9.967468262 6.472764492 0.378287375 0.038704380 -0.115716524 0.917611241
1403638560877829376.000000 6.153062344 -9.976050377 6.515688896 0.368234068 0.039582025 -0.108464368 0.922535896
1403638560927829504.000000 6.159486294 -9.982820511 6.557785988 0.357675284 0.040674284 -0.102441989 0.927318573
1403638560977829376.000000 6.168524742 -9.987615585 6.598351955 0.347045183 0.043540794 -0.097582586 0.931741118
1403638561027829504.000000 6.179457664 -9.990498543 6.638598442 0.336435735 0.047279365 -0.092711516 0.935938239
1403638561077829376.000000 6.191991329 -9.991088867 6.677347183 0.326369137 0.049171992 -0.087373734 0.939910173
1403638561127829504.000000 6.204865456 -9.988871574 6.713919640 0.316481113 0.052428726 -0.082699828 0.943531513
1403638561177829376.000000 6.223102570 -9.985851288 6.756074905 0.307852447 0.055689327 -0.078118466 0.946585000
1403638561227829504.000000 6.238352776 -9.979098320 6.789664268 0.300473303 0.058183488 -0.074253730 0.949113786
1403638561277829376.000000 6.254325867 -9.969971657 6.821339607 0.295014203 0.060576219 -0.070383318 0.950969696
1403638561327829504.000000 6.270133495 -9.958612442 6.851823807 0.289826989 0.059873529 -0.069225423 0.952692688
1403638561377829376.000000 6.285347939 -9.945350647 6.881869316 0.284744233 0.056725189 -0.071484640 0.954249978
1403638561427829504.000000 6.299230099 -9.930662155 6.911507130 0.279765308 0.053194512 -0.076407962 0.955543578
1403638561477829376.000000 6.311973572 -9.914435387 6.941304684 0.275157750 0.050028749 -0.082223624 0.956569195
1403638561527829504.000000 6.323128700 -9.897764206 6.970679760 0.271740794 0.047991015 -0.087630227 0.957170248
1403638561577829376.000000 6.333025932 -9.880681038 7.000732422 0.269452989 0.045790702 -0.091638491 0.957549393
1403638561627829504.000000 6.340875626 -9.863012314 7.030454636 0.267909884 0.044234637 -0.094634309 0.957764089
1403638561677829376.000000 6.352246284 -9.843264580 7.066813469 0.267755508 0.043222617 -0.096365415 0.957680821
1403638561727829504.000000 6.357290268 -9.824465752 7.096489906 0.267874479 0.042618409 -0.097657278 0.957543790
1403638561777829376.000000 6.360741138 -9.805574417 7.125878334 0.268128306 0.042931970 -0.098690875 0.957352698
1403638561827829504.000000 6.363090038 -9.786357880 7.155529022 0.267657429 0.043516103 -0.099910095 0.957331657
1403638561877829376.000000 6.364053726 -9.766537666 7.185504913 0.266379505 0.044595335 -0.100426540 0.957584321
1403638561927829504.000000 6.363876343 -9.746464729 7.215573311 0.263395399 0.045044310 -0.101139583 0.958313465
1403638561977829376.000000 6.362594604 -9.726037025 7.244911194 0.259718269 0.045360912 -0.099584274 0.959464371
1403638562027829504.000000 6.361601830 -9.705749512 7.273847103 0.254756004 0.045807198 -0.097867928 0.960949004
1403638562077829376.000000 6.362260818 -9.684747696 7.300921917 0.248902872 0.046025317 -0.096260823 0.962633371
1403638562127829504.000000 6.363910675 -9.662818909 7.325622082 0.243122563 0.046363898 -0.093727045 0.964342833
1403638562177829376.000000 6.365740776 -9.635275841 7.345757484 0.237389743 0.046368815 -0.092271186 0.965910017
1403638562227829504.000000 6.369449139 -9.613814354 7.369179726 0.232808828 0.047168821 -0.090664677 0.967137635
1403638562277829376.000000 6.374382973 -9.592860222 7.391413689 0.227641582 0.047676958 -0.088916034 0.968504071
1403638562327829504.000000 6.380419254 -9.571260452 7.412000179 0.222409293 0.048401341 -0.085748985 0.969968319
1403638562377829376.000000 6.386965752 -9.549396515 7.430967331 0.216236264 0.049513571 -0.082169980 0.971616447
1403638562427829504.000000 6.393887043 -9.527244568 7.448884010 0.209124759 0.049860120 -0.077894717 0.973505616
1403638562477829376.000000 6.402370453 -9.504952431 7.466004372 0.201092079 0.049570248 -0.073118359 0.975581110
1403638562527829504.000000 6.412394524 -9.483126640 7.482288361 0.191974342 0.049196459 -0.067934461 0.977809072
1403638562577829376.000000 6.423570633 -9.460703850 7.497562408 0.182465941 0.049887881 -0.061557498 0.980014384
1403638562627829504.000000 6.435044765 -9.437610626 7.511954308 0.172682330 0.050018385 -0.053839788 0.982232332
1403638562677829376.000000 6.437119484 -9.408157349 7.508689404 0.162506327 0.048938122 -0.046314891 0.984404266
1403638562727829504.000000 6.450339794 -9.383964539 7.522580624 -0.151969492 -0.049562503 0.038070023 -0.986407459
1403638562777829376.000000 6.462885857 -9.358890533 7.536109924 -0.141236022 -0.049083836 0.029195219 -0.988327324
1403638562827829504.000000 6.474153042 -9.332546234 7.549434185 -0.128834769 -0.049609385 0.022865964 -0.990160465
1403638562877829376.000000 6.483741760 -9.305221558 7.562821865 -0.116913065 -0.049368080 0.015950415 -0.991786122
1403638562927829504.000000 6.491951466 -9.276773453 7.576427460 -0.104547530 -0.049298514 0.010341326 -0.993243515
1403638562977829376.000000 6.498727322 -9.247478485 7.590132236 -0.092899472 -0.049454283 0.004931894 -0.994434357
1403638563027829504.000000 6.504045963 -9.217391014 7.603752136 -0.082299024 -0.049802739 -0.002170932 -0.995360196
1403638563077829376.000000 6.507709503 -9.186308861 7.617398262 -0.072722167 -0.049326293 -0.010275446 -0.996078730
1403638563127829504.000000 6.509882927 -9.153890610 7.630987167 -0.063521191 -0.048478454 -0.018412856 -0.996632278
1403638563177829376.000000 6.496239662 -9.111643791 7.615849018 0.052722920 0.049030278 0.020298854 0.997198224
1403638563227829504.000000 6.496683121 -9.076538086 7.629360676 0.044309814 0.051222242 0.024577238 0.997401059
1403638563277829376.000000 6.495739937 -9.040200233 7.642735481 0.036130730 0.053539488 0.025723955 0.997580290
1403638563327829504.000000 6.493588448 -9.002825737 7.655681610 0.030503139 0.058328837 0.028601967 0.997421324
1403638563377829376.000000 6.490366459 -8.964061737 7.668020725 0.026026636 0.065507859 0.030793114 0.997037172
1403638563427829504.000000 6.485276222 -8.924180984 7.679614544 0.023271263 0.071688995 0.034025412 0.996574879
1403638563477829376.000000 6.477710724 -8.883398056 7.690405846 0.021712901 0.074382529 0.036341380 0.996330857
1403638563527829504.000000 6.469594955 -8.840895653 7.699172020 0.019020768 0.074927010 0.034414042 0.996413469
1403638563577829376.000000 6.461278915 -8.797103882 7.705708981 0.017378811 0.073477082 0.032886237 0.996603012
1403638563627829504.000000 6.453699589 -8.752148628 7.709855080 0.016449787 0.070569664 0.031475212 0.996874511
1403638563677829376.000000 6.429375648 -8.696741104 7.674146652 0.017390437 0.067846134 0.032542132 0.997013330
1403638563727829504.000000 6.423631668 -8.649170876 7.673643112 0.018288396 0.065905288 0.033115111 0.997108579
1403638563777829376.000000 6.419056892 -8.600272179 7.671507835 0.019614650 0.063826948 0.034195628 0.997182071
1403638563827829504.000000 6.416037560 -8.550002098 7.667072773 0.021269299 0.063360997 0.035026975 0.997148991
1403638563877829376.000000 6.414803505 -8.498570442 7.660590649 0.022666130 0.064294077 0.035196017 0.997052610
1403638563927829504.000000 6.414286137 -8.445683479 7.652444839 0.024598038 0.064196810 0.035950668 0.996986151
1403638563977829376.000000 6.414206028 -8.391223907 7.642781258 0.026462799 0.065947816 0.035805106 0.996829271
1403638564027829504.000000 6.412164688 -8.335350037 7.632193089 0.028906411 0.064788885 0.036229528 0.996822119
1403638564077829376.000000 6.408513069 -8.277946472 7.620738983 0.031306766 0.064676076 0.036321580 0.996753573
1403638564127829504.000000 6.403190613 -8.218971252 7.608651161 0.033400387 0.065068372 0.035259988 0.996698260
1403638564177829376.000000 6.381681442 -8.148579597 7.549447060 0.035558108 0.065324217 0.033263251 0.996675432
1403638564227829504.000000 6.373571396 -8.086465836 7.535593987 0.037001360 0.067004219 0.030856926 0.996588826
1403638564277829376.000000 6.365799427 -8.023259163 7.522216320 0.037940845 0.068598628 0.028336866 0.996519804
1403638564327829504.000000 6.358556271 -7.958627701 7.506609917 0.038825065 0.069486424 0.024499562 0.996526062
1403638564377829376.000000 6.352158070 -7.892779827 7.488964081 0.040818632 0.071278103 0.024282722 0.996325076
1403638564427829504.000000 6.347138405 -7.825407982 7.469599724 0.041330233 0.072939754 0.021577507 0.996246040
1403638564477829376.000000 6.342654228 -7.756961823 7.448129177 0.042721011 0.073675603 0.020407790 0.996157825
1403638564527829504.000000 6.338198185 -7.687297821 7.424203873 0.043582462 0.072932296 0.020259425 0.996178210
1403638564577829376.000000 6.333158970 -7.616769791 7.398473740 0.045253754 0.070458330 0.021313634 0.996259749
1403638564627829504.000000 6.327325821 -7.545019150 7.371933460 0.046539593 0.068944044 0.023055349 0.996267676
1403638564677829376.000000 6.303653717 -7.461803436 7.288045406 0.047975410 0.067497961 0.026188038 0.996221125
1403638564727829504.000000 6.293318748 -7.387766361 7.259498596 0.048933994 0.066580653 0.028156938 0.996182621
1403638564777829376.000000 6.335475445 -7.351309776 7.410564423 -0.049165972 -0.063771322 -0.032026600 -0.996238053
1403638564827829504.000000 6.267860889 -7.234348297 7.203385830 0.049593084 0.065708421 0.032211773 0.996085048
1403638564877829376.000000 6.250664711 -7.155955791 7.175848961 0.049977057 0.066216305 0.033933807 0.995975018
1403638564927829504.000000 6.229100704 -7.076242924 7.149312973 0.050160136 0.066666298 0.035454858 0.995882869
1403638564977829376.000000 6.202214241 -6.995084763 7.123666286 0.050583299 0.066740885 0.036380287 0.995823026
1403638565027829504.000000 6.171317101 -6.912558079 7.098893166 0.050742306 0.066514112 0.036915481 0.995810449
1403638565077829376.000000 6.137133598 -6.828795433 7.075419426 0.051134713 0.065925054 0.037561465 0.995805323
1403638565127829504.000000 6.099019527 -6.743544579 7.053467751 0.051139031 0.065310866 0.037824858 0.995835662
1403638565177829376.000000 6.039460182 -6.646315098 6.967329502 0.051124044 0.064783841 0.037892867 0.995868266
1403638565227829504.000000 5.997357845 -6.557966709 6.946156979 0.050824549 0.064197376 0.037166718 0.995948911
1403638565277829376.000000 5.954092979 -6.468039989 6.924481869 0.050136942 0.063459039 0.036212478 0.996066213
1403638565327829504.000000 5.909869671 -6.377001286 6.903783321 0.049287815 0.062952995 0.035072207 0.996181488
1403638565377829376.000000 5.865232468 -6.284841061 6.881979465 0.048438903 0.062071171 0.033519495 0.996331990
1403638565427829504.000000 5.820016861 -6.191520214 6.859552860 0.048039507 0.061865110 0.032635186 0.996393442
1403638565477829376.000000 5.775496960 -6.096481800 6.836122513 0.046478156 0.063570678 0.031126549 0.996408463
1403638565527829504.000000 5.732266426 -6.000177860 6.811632156 0.044408925 0.065898255 0.028423494 0.996432364
1403638565577829376.000000 5.691209793 -5.902812958 6.785879135 0.042252678 0.067931026 0.025832433 0.996460199
1403638565627829504.000000 5.651749611 -5.804481030 6.757795811 0.039222881 0.069464155 0.021058476 0.996590674
1403638565677829376.000000 5.585763931 -5.695810318 6.652676105 0.035745196 0.069802165 0.014427814 0.996815860
1403638565727829504.000000 5.549178600 -5.597421646 6.621883869 0.032564033 0.068890348 0.009045076 0.997051597
1403638565777829376.000000 5.512616634 -5.499636173 6.588363171 0.030422356 0.066232145 0.005556190 0.997324944
1403638565827829504.000000 5.477790833 -5.402939796 6.552390575 0.028626498 0.064420760 0.003252036 0.997506917
1403638565877829376.000000 5.446449757 -5.303713322 6.517939568 0.026025152 0.063187592 -0.001318834 0.997661471
1403638565927829504.000000 5.413992882 -5.207032204 6.479796886 0.024547692 0.060798928 -0.001838729 0.997846484
1403638565977829376.000000 5.381190300 -5.111399651 6.441258430 0.023572791 0.060223065 -0.002357858 0.997903764
1403638566027829504.000000 5.346549511 -5.016780376 6.403194904 0.023313541 0.058772039 -0.001509602 0.997998059
1403638566077829376.000000 5.278557301 -4.915176392 6.298768997 0.021875732 0.058544543 -0.002870263 0.998041034
1403638566127829504.000000 5.238884926 -4.822763443 6.255128384 0.022620114 0.058403987 -0.001312339 0.998035908
1403638566177829376.000000 5.196910381 -4.731260777 6.211771488 0.022819385 0.058013417 -0.000629611 0.998054862
1403638566227829504.000000 5.152742386 -4.640481472 6.168120384 0.022469491 0.058893748 -0.001654285 0.998010039
1403638566277829376.000000 5.107264519 -4.550374508 6.125822544 0.022817271 0.058711138 -0.001631180 0.998012900
1403638566327829504.000000 5.042425632 -4.456087589 6.073025703 0.022841649 0.057357125 -0.001277761 0.998091578
1403638566377829376.000000 4.991590500 -4.368005276 6.028767109 0.022982704 0.057324480 -0.002609988 0.998087645
1403638566427829504.000000 4.939755917 -4.280589104 5.985410690 0.023796605 0.057526097 -0.002048572 0.998058319
1403638566477829376.000000 4.886429310 -4.194005966 5.942844391 0.025337726 0.056626197 -0.000203341 0.998073876
1403638566527829504.000000 4.832421780 -4.107923508 5.900507450 0.025768101 0.056823425 -0.001459136 0.998050570
1403638566577829376.000000 4.775938988 -4.022774220 5.859033108 0.026743075 0.051291037 -0.001625092 0.998324335
1403638566627829504.000000 4.718103409 -3.938608408 5.818004608 0.027762096 0.045553792 -0.001942687 0.998574197
1403638566677829376.000000 4.658442020 -3.855134487 5.777942657 0.028026322 0.035425212 -0.003667251 0.998972595
1403638566727829504.000000 4.598072052 -3.772450447 5.739218235 0.028795075 0.024225852 -0.003293056 0.999286294
1403638566777829376.000000 4.537737846 -3.690644979 5.702240944 0.029086921 0.014952465 -0.005984435 0.999447167
1403638566827829504.000000 4.459036350 -3.598218679 5.665608406 0.029906923 0.007307617 -0.007019351 0.999501407
1403638566877829376.000000 4.398727417 -3.518080235 5.632005215 0.030917993 0.000687097 -0.007003252 0.999497235
1403638566927829504.000000 4.339100361 -3.438753605 5.600498676 0.031253550 -0.003807031 -0.009612817 0.999458075
1403638566977829376.000000 4.279411793 -3.360446930 5.571166992 0.032259908 -0.006266939 -0.009835583 0.999411523
1403638567027829504.000000 4.221362591 -3.283154726 5.543843269 0.032902781 -0.003448748 -0.010038230 0.999402225
1403638567077829376.000000 4.158942699 -3.205014706 5.512441635 -0.033816166 -0.008755729 0.010113784 -0.999338567
1403638567127829504.000000 4.098970890 -3.124639273 5.492158890 0.033331338 0.019436037 -0.011693170 0.999186993
1403638567177829376.000000 4.040576935 -3.050003767 5.468812943 0.033758007 0.030782580 -0.011462863 0.998890162
1403638567227829504.000000 3.981874943 -2.976233482 5.446902752 0.033192743 0.039412379 -0.012852879 0.998588860
1403638567277829376.000000 3.921596050 -2.903224468 5.425914288 0.032552563 0.046019457 -0.013750791 0.998315334
1403638567327829504.000000 3.859467030 -2.831131458 5.405416012 0.031374756 0.049230825 -0.015086778 0.998180509
1403638567377829376.000000 3.797311544 -2.759977102 5.384639740 0.030561294 0.049403742 -0.015660428 0.998188376
1403638567427829504.000000 3.736444473 -2.689972639 5.363134861 0.029286060 0.050105769 -0.016091147 0.998184800
1403638567477829376.000000 3.676040411 -2.620790958 5.340944767 0.028448258 0.048059192 -0.016092068 0.998309672
1403638567527829504.000000 3.617179871 -2.552161455 5.318741322 0.027063154 0.045724265 -0.016273648 0.998454869
1403638567577829376.000000 3.560299397 -2.484987497 5.294805527 0.026167301 0.041914456 -0.015768457 0.998654008
1403638567627829504.000000 3.505300760 -2.410237789 5.274737835 0.024817660 0.039290451 -0.016761040 0.998778999
1403638567677829376.000000 3.452367067 -2.345416546 5.248936653 0.023243209 0.036515575 -0.017448442 0.998910427
1403638567727829504.000000 3.401420355 -2.282115221 5.222832680 0.022102030 0.033786017 -0.017906550 0.999024272
1403638567777829376.000000 3.352595329 -2.220330477 5.196095943 0.021037260 0.030782280 -0.018429870 0.999134779
1403638567827829504.000000 3.306117296 -2.160089016 5.169445038 0.019990975 0.026765672 -0.018957973 0.999262035
1403638567877829376.000000 3.261328220 -2.101439238 5.143535137 0.020173276 0.024621524 -0.016466957 0.999357700
1403638567927829504.000000 3.219155788 -2.044373751 5.118468761 0.020333245 0.023930855 -0.015599702 0.999385118
1403638567977829376.000000 3.178135395 -1.988218665 5.093795776 0.019443016 0.022957148 -0.015669568 0.999424577
1403638568027829504.000000 3.139484406 -1.933501005 5.069529057 0.019051222 0.022845369 -0.016153609 0.999426961
1403638568077829376.000000 3.103687525 -1.879909515 5.045475960 0.017659724 0.023498124 -0.018752532 0.999392033
1403638568127829504.000000 3.080463886 -1.816893458 5.026590824 0.017633723 0.024766484 -0.018717522 0.999362528
1403638568177829376.000000 3.049089432 -1.765824199 5.002239227 0.016741857 0.025247902 -0.020770278 0.999325216
1403638568227829504.000000 3.018806219 -1.716800451 4.976790905 0.016254652 0.026126683 -0.020672053 0.999312758
1403638568277829376.000000 2.990066051 -1.668752074 4.952088356 0.015552185 0.025552552 -0.021046121 0.999330938
1403638568327829504.000000 2.961957693 -1.622073174 4.928050518 0.015256234 0.025992371 -0.021112895 0.999322712
1403638568377829376.000000 2.933159113 -1.576757312 4.905152321 0.014969688 0.024878535 -0.020840416 0.999361157
1403638568427829504.000000 2.903442860 -1.532707214 4.883591652 0.014712486 0.023899196 -0.020979026 0.999385953
1403638568477829376.000000 2.873115540 -1.489886403 4.863237858 0.014377592 0.023571508 -0.021298109 0.999391913
1403638568527829504.000000 2.842534304 -1.448441029 4.844075680 0.013971077 0.022742203 -0.021884281 0.999404192
1403638568577829376.000000 2.812129974 -1.408462644 4.826388836 0.013534239 0.021417568 -0.022473775 0.999426425
1403638568627829504.000000 2.796299934 -1.358229756 4.815490723 0.013940251 0.019459616 -0.022580059 0.999458492
1403638568677829376.000000 2.766689777 -1.321054935 4.800234795 0.013502276 0.017933223 -0.024452865 0.999448955
1403638568727829504.000000 2.736493587 -1.286031127 4.785274982 0.013204291 0.017073100 -0.024970625 0.999455214
1403638568777829376.000000 2.708790779 -1.252283931 4.770870209 0.013501410 0.015487825 -0.024315758 0.999493182
1403638568827829504.000000 2.683892965 -1.220346451 4.756079674 0.014031238 0.017117841 -0.023006486 0.999490321
1403638568877829376.000000 2.660513401 -1.189872622 4.741325378 0.013996634 0.016630944 -0.021819573 0.999525666
1403638568927829504.000000 2.640075684 -1.160798788 4.727476597 0.013219805 0.017344207 -0.024083702 0.999472082
1403638568977829376.000000 2.621902704 -1.133142233 4.713632584 0.013078186 0.017842874 -0.024191234 0.999462545
1403638569027829504.000000 2.606509686 -1.106658578 4.700327396 0.012851535 0.018930957 -0.023946557 0.999451339
1403638569077829376.000000 2.593167543 -1.081465006 4.687265873 0.011983855 0.018410666 -0.025821330 0.999425173
1403638569127829504.000000 2.598745584 -1.044057727 4.682928562 0.012819362 0.018477818 -0.025884371 0.999412000
1403638569177829376.000000 2.589519978 -1.021458983 4.670224667 0.012206268 0.016700586 -0.026322305 0.999439478
1403638569227829504.000000 2.579223871 -1.001674652 4.657646656 0.011406725 0.015736364 -0.027871611 0.999422610
1403638569277829376.000000 2.569077492 -0.982905686 4.646460533 0.010717138 0.014441115 -0.028460799 0.999433219
1403638569327829504.000000 2.558103800 -0.965400279 4.636497498 0.010242682 0.014453427 -0.028744079 0.999429822
1403638569377829376.000000 2.546444416 -0.949278593 4.628119469 0.009796300 0.014657629 -0.029153230 0.999419451
1403638569427829504.000000 2.534454346 -0.934499443 4.621347904 0.009278904 0.016265068 -0.029654961 0.999384820
1403638569477829376.000000 2.521770716 -0.921266317 4.616095066 0.009248666 0.017358141 -0.029691603 0.999365628
1403638569527829504.000000 2.508595943 -0.909246981 4.612133980 0.009103605 0.018577030 -0.029830476 0.999340892
1403638569577829376.000000 2.496120453 -0.898392200 4.608798504 0.008584602 0.019792400 -0.030239509 0.999309897
1403638569627829504.000000 2.500393629 -0.872599185 4.618679047 0.010134252 0.020948933 -0.028983973 0.999308944
1403638569677829376.000000 2.492119312 -0.864529908 4.615439415 0.009884138 0.021683950 -0.028889569 0.999298513
1403638569727829504.000000 2.470173120 -0.874152362 4.598643780 0.008155046 0.022963936 -0.029640250 0.999263585
1403638569777829376.000000 2.476925373 -0.855156898 4.606117725 0.009434959 0.023214605 -0.029853374 0.999240160
1403638569827829504.000000 2.472333193 -0.852505147 4.601388931 0.009574905 0.023984268 -0.030006601 0.999216080
1403638569877829376.000000 2.469059467 -0.851123929 4.596508026 0.008899006 0.025828516 -0.031278063 0.999137402
1403638569927829504.000000 2.467145681 -0.850731552 4.591823101 0.008631793 0.027662141 -0.031025589 0.999098480
1403638569977829376.000000 2.465517282 -0.851743877 4.587475777 0.009065318 0.028977174 -0.029790204 0.999094963
1403638570027829504.000000 2.464192867 -0.853418708 4.584800720 0.009379566 0.030322816 -0.028798437 0.999081254
1403638570077829376.000000 2.462262869 -0.855859935 4.584328651 0.009624233 0.030636381 -0.027377963 0.999109268
1403638570127829504.000000 2.476871490 -0.845659554 4.600123405 0.012185514 0.029329047 -0.024642393 0.999191761
1403638570177829376.000000 2.454023838 -0.864918709 4.586000919 0.012023178 0.030502228 -0.022402314 0.999211371
1403638570227829504.000000 2.448044300 -0.870989442 4.587992668 0.013760401 0.031208193 -0.018973216 0.999238133
1403638570277829376.000000 2.454637766 -0.865467668 4.599306583 0.017401379 0.029873092 -0.013891808 0.999305665
1403638570327829504.000000 2.445292473 -0.873069286 4.600383282 0.018937774 0.030004365 -0.008431460 0.999334812
1403638570377829376.000000 2.435049295 -0.880109549 4.602226257 0.017911159 0.029922569 -0.004363616 0.999382198
1403638570427829504.000000 2.423643589 -0.886943102 4.605155945 0.015704498 0.029883649 0.002034626 0.999427974
1403638570477829376.000000 2.411247492 -0.892743528 4.609162331 0.012355645 0.029508650 0.010994944 0.999427736
1403638570527829504.000000 2.397485018 -0.898044169 4.613919258 0.008567414 0.029771773 0.023854706 0.999235332
1403638570577829376.000000 2.382985592 -0.900776029 4.619926929 0.003163819 0.030741848 0.037626650 0.998813868
1403638570627829504.000000 2.387093306 -0.890935183 4.641454220 -0.001951537 0.031217337 0.050990414 0.998209238
1403638570677829376.000000 2.370721102 -0.890405893 4.648719311 -0.011204056 0.034211643 0.062249005 0.997411251
1403638570727829504.000000 2.334131002 -0.898340225 4.640835285 -0.023669710 0.040920209 0.071415015 0.996325850
1403638570777829376.000000 2.334761620 -0.882437229 4.660193443 -0.032054711 0.047735017 0.082277671 0.994949460
1403638570827829504.000000 2.315989017 -0.874327838 4.665137291 -0.043866746 0.055460390 0.090093061 0.993419945
1403638570877829376.000000 2.296363592 -0.863512576 4.669112682 -0.055826195 0.061905056 0.096826784 0.991804361
1403638570927829504.000000 2.275396109 -0.849776387 4.671847343 -0.068103351 0.066243216 0.102220446 0.990214586
1403638570977829376.000000 2.253156185 -0.833109200 4.673216343 -0.080458663 0.069798909 0.106923051 0.988545418
1403638571027829504.000000 2.229583025 -0.813480377 4.673298359 -0.092387095 0.071350157 0.112079754 0.986819088
1403638571077829376.000000 2.204189777 -0.791151941 4.671905994 -0.105384551 0.068402655 0.113824360 0.985524833
1403638571127829504.000000 2.200216770 -0.749191165 4.685376644 -0.117482714 0.062933870 0.114220619 0.984474897
1403638571177829376.000000 2.176386356 -0.722179353 4.679261684 -0.129699126 0.058111768 0.112110734 0.983479798
1403638571227829504.000000 2.153725386 -0.692664444 4.671401024 -0.140653729 0.054606866 0.109452888 0.982473791
1403638571277829376.000000 2.130259991 -0.664370537 4.658008575 -0.150470644 0.052046902 0.106379367 0.981495380
1403638571327829504.000000 2.110370159 -0.633157432 4.644446373 -0.158866629 0.050271545 0.103488579 0.980573475
1403638571377829376.000000 2.092171192 -0.601057887 4.629139900 -0.164330259 0.049983509 0.103966780 0.979636788
1403638571427829504.000000 2.075952053 -0.568067908 4.611613274 -0.168942884 0.050913490 0.104351111 0.978762984
1403638571477829376.000000 2.060971260 -0.534454405 4.592126369 -0.172062680 0.052471593 0.104851983 0.978083491
1403638571527829504.000000 2.046518087 -0.499837577 4.571118832 -0.175867513 0.054254841 0.104105443 0.977388918
1403638571577829376.000000 2.031111479 -0.464455366 4.549218655 -0.180370077 0.054250311 0.104755349 0.976498842
1403638571627829504.000000 2.039448500 -0.399571657 4.557989120 -0.184921503 0.052455243 0.106449239 0.975561917
1403638571677829376.000000 2.021056652 -0.362481028 4.535642147 -0.190600172 0.049833428 0.109258302 0.974295080
1403638571727829504.000000 2.001374960 -0.324294478 4.513397217 -0.197572842 0.047183402 0.112241365 0.972697616
1403638571777829376.000000 1.976771832 -0.287909806 4.488310814 -0.205086425 0.044131462 0.115908787 0.970853865
1403638571827829504.000000 1.952929020 -0.249388546 4.464438438 -0.213205248 0.041832931 0.120479316 0.968647659
1403638571877829376.000000 1.928481698 -0.210002482 4.440473557 -0.221402168 0.040618077 0.126643330 0.966070771
1403638571927829504.000000 1.904410481 -0.169521391 4.415359497 -0.230317861 0.040432841 0.132721260 0.963173866
1403638571977829376.000000 1.881442070 -0.128007501 4.388855934 -0.239262700 0.040596232 0.139284894 0.960054696
1403638572027829504.000000 1.859928250 -0.085583091 4.360517025 -0.248787045 0.040733375 0.144439921 0.956860960
1403638572077829376.000000 1.840186357 -0.042061388 4.330476284 -0.257785380 0.041388355 0.150567502 0.953500509
1403638572127829504.000000 1.854684949 0.044873834 4.349281788 -0.267920196 0.041517254 0.153538391 0.950221598
1403638572177829376.000000 1.838419437 0.090617359 4.315439701 -0.279441983 0.041458491 0.154551908 0.946735024
1403638572227829504.000000 1.824907184 0.138296425 4.282612324 -0.290343165 0.039671890 0.156856209 0.943145335
1403638572277829376.000000 1.802913547 0.181795865 4.242132664 -0.300904155 0.036304791 0.160643354 0.939325511
1403638572327829504.000000 1.784632206 0.228813708 4.205327034 -0.311766148 0.033553232 0.164546609 0.935200751
1403638572377829376.000000 1.765426636 0.276711106 4.168686867 -0.322598308 0.030961741 0.168624282 0.930880010
1403638572427829504.000000 1.745598078 0.325400919 4.132085800 -0.332974225 0.028391346 0.171052277 0.926856697
1403638572477829376.000000 1.725528002 0.374730021 4.095581532 -0.342235446 0.026124751 0.171801597 0.923404932
1403638572527829504.000000 1.704886556 0.424339384 4.059303284 -0.349958718 0.024136234 0.172981501 0.920338929
1403638572577829376.000000 1.684759855 0.474510908 4.023301601 -0.356609553 0.023878459 0.173077360 0.917771101
1403638572627829504.000000 1.705731988 0.588253617 4.065763474 -0.360742062 0.021547981 0.173713669 0.916091979
1403638572677829376.000000 1.688096166 0.640310347 4.030337334 -0.364505380 0.020439524 0.174092382 0.914554536
1403638572727829504.000000 1.675433040 0.697155595 3.999015808 -0.368426889 0.018350273 0.171783596 0.913463414
1403638572777829376.000000 1.656278849 0.744305849 3.955265522 -0.371251166 0.015319066 0.169379190 0.912824571
1403638572827829504.000000 1.644641280 0.797298372 3.917614937 -0.373063236 0.012757517 0.167717829 0.912431836
1403638572877829376.000000 1.635341406 0.850900352 3.880116701 -0.374117076 0.010338525 0.166476041 0.912258387
1403638572927829504.000000 1.628101230 0.904878318 3.843009949 -0.374030709 0.009397634 0.166259930 0.912343383
1403638572977829376.000000 1.621364117 0.959030509 3.806548119 -0.374245286 0.007061671 0.165017933 0.912501872
1403638573027829504.000000 1.614205122 1.013281345 3.771274090 -0.373889059 0.005644072 0.164846495 0.912688792
1403638573077829376.000000 1.606299400 1.067667961 3.737527370 -0.373092651 0.004491289 0.164150596 0.913146377
1403638573127829504.000000 1.645457029 1.206968784 3.816930294 -0.371818870 0.002878639 0.163847789 0.913726687
1403638573177829376.000000 1.637255669 1.262575626 3.787248135 -0.370739043 0.002912713 0.163765669 0.914179921
1403638573227829504.000000 1.631867409 1.321869493 3.762951374 -0.369610965 0.003392237 0.163025856 0.914767087
1403638573277829376.000000 1.635276794 1.402892709 3.768363237 -0.368290633 0.002176116 0.162967637 0.915313601
1403638573327829504.000000 1.627703190 1.458800793 3.740377426 -0.367224544 0.003102470 0.162253737 0.915865898
1403638573377829376.000000 1.620515347 1.515197635 3.713096142 -0.367190659 0.001889486 0.162546799 0.915830731
1403638573427829504.000000 1.614633918 1.571806431 3.686185837 -0.368422478 0.000642399 0.161885828 0.915454805
1403638573477829376.000000 1.610760450 1.628610134 3.659881353 -0.369913191 0.000515470 0.160893664 0.915028572
1403638573527829504.000000 1.610021949 1.686419010 3.634284496 -0.370998830 -0.000170121 0.160267189 0.914699018
1403638573577829376.000000 1.611993551 1.744300604 3.608821630 -0.371504068 -0.000166219 0.160175562 0.914510071
1403638573627829504.000000 1.616292119 1.802203655 3.583698750 -0.372272283 -0.000345460 0.159958437 0.914235532
1403638573677829376.000000 1.621906877 1.859698296 3.558830976 -0.374255866 -0.002323236 0.159000918 0.913589597
1403638573727829504.000000 1.628543139 1.917349577 3.534718752 -0.377094686 -0.002227274 0.159174204 0.912391484
1403638573777829376.000000 1.696690083 2.091845512 3.670831203 -0.382284999 -0.000773120 0.158366039 0.910372376
1403638573827829504.000000 1.705058575 2.149679899 3.648377895 -0.388858557 0.003597597 0.157207668 0.907778561
1403638573877829376.000000 1.712632775 2.207221270 3.627174377 -0.396874011 0.008475173 0.156390771 0.904412091
1403638573927829504.000000 1.719556212 2.264403820 3.607440472 -0.405758291 0.014049158 0.157593027 0.900181830
1403638573977829376.000000 1.725198388 2.320933342 3.589017391 -0.414228857 0.021408804 0.162407398 0.895310044
1403638574027829504.000000 1.729169607 2.376373291 3.571264267 -0.422423691 0.029804606 0.169877574 0.889837980
1403638574077829376.000000 1.731653094 2.430726051 3.553686142 -0.430944651 0.038400371 0.178766772 0.883659840
1403638574127829504.000000 1.781087637 2.583156347 3.671560764 -0.440087736 0.047181394 0.187386975 0.876916707
1403638574177829376.000000 1.786668539 2.646238327 3.666603565 -0.449232489 0.055040669 0.197015703 0.869681358
1403638574227829504.000000 1.791103125 2.708672762 3.660705566 -0.459373862 0.060826931 0.204373717 0.862268627
1403638574277829376.000000 1.794120550 2.770047188 3.653842688 -0.469557583 0.063782521 0.211503699 0.854817986
1403638574327829504.000000 1.795426369 2.830545187 3.645734072 -0.480554879 0.064124323 0.217008129 0.847267687
1403638574377829376.000000 1.795416713 2.890138388 3.636328220 -0.491563827 0.062687807 0.221840099 0.839775205
1403638574427829504.000000 1.794258356 2.949045897 3.626060247 -0.503021181 0.060660686 0.225162610 0.832221031
1403638574477829376.000000 1.792383194 3.006761551 3.615155697 -0.513573527 0.058523286 0.229821399 0.824620724
1403638574527829504.000000 1.790361643 3.064084053 3.602032661 -0.522912800 0.057197094 0.233376235 0.817818046
1403638574577829376.000000 1.789544821 3.120490074 3.587316513 -0.530746341 0.056863535 0.236309767 0.811931491
1403638574627829504.000000 1.793817997 3.231540918 3.644875050 -0.538868666 0.056737363 0.237098277 0.806341052
1403638574677829376.000000 1.795303702 3.287549257 3.625606298 -0.545750439 0.053494323 0.236172661 0.802195311
1403638574727829504.000000 1.798278332 3.342878342 3.604955912 -0.551837087 0.050158076 0.233853132 0.798919737
1403638574777829376.000000 1.802461982 3.397347927 3.583426476 -0.556602478 0.044515818 0.232091531 0.796458185
1403638574827829504.000000 1.807557821 3.450876236 3.561490536 -0.559256375 0.039498549 0.232228398 0.794822156
1403638574877829376.000000 1.812067032 3.503948689 3.539714813 -0.560392976 0.035439041 0.234632790 0.793505728
1403638574927829504.000000 1.815713406 3.556636810 3.518543720 -0.560850620 0.031503212 0.236580059 0.792769849
1403638574977829376.000000 1.818109870 3.608830929 3.498063803 -0.561007500 0.028655874 0.237794757 0.792403340
1403638575027829504.000000 1.819046021 3.660837173 3.478518248 -0.559511662 0.028575219 0.241748065 0.792267740
1403638575077829376.000000 1.818622112 3.712701321 3.459522486 -0.557418227 0.030022964 0.246539205 0.792213321
1403638575127829504.000000 1.815197229 3.827720404 3.524494410 -0.556515694 0.032716565 0.249752834 0.791734457
1403638575177829376.000000 1.812227368 3.879683733 3.505596399 -0.554820001 0.034896541 0.252598614 0.791928589
1403638575227829504.000000 1.808358669 3.931900978 3.486320019 -0.553644240 0.037109807 0.253891200 0.792237461
1403638575277829376.000000 1.803224683 3.984288216 3.466907263 -0.552110910 0.038355861 0.255363822 0.792774737
1403638575327829504.000000 1.796789527 4.036848545 3.447144032 -0.550803900 0.037616406 0.256314427 0.793412268
1403638575377829376.000000 1.788964987 4.089676857 3.427109718 -0.549369693 0.034508884 0.256830752 0.794380367
1403638575427829504.000000 1.780846238 4.177876472 3.446955681 0.547903121 -0.031241665 -0.257515669 -0.795306087
1403638575477829376.000000 1.771182895 4.237700462 3.433976412 0.547118127 -0.027852330 -0.255983144 -0.796466351
1403638575527829504.000000 1.761212707 4.298255444 3.421075583 0.545509577 -0.026134796 -0.256248593 -0.797541797
1403638575577829376.000000 1.751809835 4.359683037 3.407360792 0.545058370 -0.022252439 -0.254013658 -0.798682272
1403638575627829504.000000 1.738199592 4.436235428 3.410640478 -0.545592248 0.017945910 0.250476211 0.799542844
1403638575677829376.000000 1.732266784 4.499900341 3.395411968 -0.545844793 0.014769119 0.246815801 0.800573170
1403638575727829504.000000 1.727554321 4.564559937 3.379463434 -0.545357704 0.010136092 0.244897678 0.801565588
1403638575777829376.000000 1.725162387 4.629333973 3.363384962 -0.545358598 0.005632575 0.243054703 0.802170038
1403638575827829504.000000 1.725278735 4.695930004 3.347563982 -0.544925570 0.001729129 0.241779178 0.802867353
1403638575877829376.000000 1.728434205 4.763309956 3.331762791 -0.544341624 0.000286890 0.240905493 0.803527653
1403638575927829504.000000 1.733611584 4.832699776 3.316203117 -0.543622911 0.000157497 0.241202876 0.803924978
1403638575977829376.000000 1.742058635 4.903110504 3.300766945 -0.543541372 0.000827312 0.240513757 0.804186106
1403638576027829504.000000 1.751737833 4.973913670 3.285350323 -0.543162584 0.000707688 0.240026549 0.804587603
1403638576077829376.000000 1.763323307 5.045594692 3.270282269 -0.543420970 0.000844605 0.238925517 0.804740727
1403638576127829504.000000 1.770201921 5.129936695 3.257035017 -0.543566108 0.001653925 0.238877386 0.804655731
1403638576177829376.000000 1.785366058 5.203019619 3.242473841 -0.543870151 0.003904388 0.238110289 0.804669857
1403638576227829504.000000 1.799748063 5.276859760 3.229111671 -0.544742465 0.003520617 0.236233607 0.804634750
1403638576277829376.000000 1.813277006 5.351420879 3.217254162 -0.545993388 0.003110821 0.233685374 0.804532647
1403638576327829504.000000 1.825982451 5.426844597 3.206935406 -0.547237337 0.001897775 0.230847687 0.804510534
1403638576377829376.000000 1.837746143 5.503009319 3.198225498 -0.548427641 0.000517517 0.228480488 0.804377794
1403638576427829504.000000 1.848465919 5.579590797 3.191391945 -0.549156487 -0.001956151 0.226985723 0.804301500
1403638576477829376.000000 1.858593702 5.656884193 3.186307430 -0.550461292 -0.004159117 0.223953500 0.804251194
1403638576527829504.000000 1.868109584 5.734797478 3.183112144 -0.551944315 -0.008695045 0.220555305 0.804137588
1403638576577829376.000000 1.877523184 5.813146114 3.182153225 -0.552983820 -0.011763531 0.218522057 0.803939521
1403638576627829504.000000 1.878549099 5.897650242 3.180325508 -0.553804457 -0.013736423 0.216328740 0.803936422
1403638576677829376.000000 1.888009191 5.976733685 3.184115410 -0.554415643 -0.014154406 0.214768320 0.803926349
1403638576727829504.000000 1.897779584 6.056203365 3.190519810 -0.555169344 -0.012015268 0.212568685 0.804025710
1403638576777829376.000000 1.907431483 6.136041164 3.199259281 -0.556411326 -0.009128499 0.209285572 0.804066300
1403638576827829504.000000 1.916737199 6.215686321 3.210357189 -0.557261467 -0.004161816 0.207383797 0.804011405
1403638576877829376.000000 1.925309896 6.294824600 3.223745823 -0.557530046 0.000140386 0.206871971 0.803967893
1403638576927829504.000000 1.933499336 6.373714924 3.239320278 -0.557338238 0.005817906 0.207988262 0.803791821
1403638576977829376.000000 1.941342354 6.451908112 3.256901264 -0.556574702 0.011211880 0.210093990 0.803716063
1403638577027829504.000000 1.948968768 6.529283524 3.275721550 -0.555425584 0.014029314 0.213094726 0.803676784
1403638577077829376.000000 1.958036900 6.606040955 3.294969082 -0.554724336 0.017261369 0.215646282 0.803417504
1403638577127829504.000000 1.961404443 6.677328110 3.302610874 -0.554026246 0.020474410 0.217220709 0.803399622
1403638577177829376.000000 1.974049449 6.753204823 3.321376801 -0.553326309 0.022314409 0.219090641 0.803325176
1403638577227829504.000000 1.989966631 6.828662872 3.341265678 -0.553084135 0.022901848 0.220142215 0.803187966
1403638577277829376.000000 2.006744862 6.904245377 3.360846519 -0.553521872 0.021329049 0.218687326 0.803327203
1403638577327829504.000000 2.026127338 6.979867935 3.380033970 -0.554893732 0.018897749 0.215545714 0.803290665
1403638577377829376.000000 2.047401667 7.055036068 3.399102211 -0.556668997 0.014343932 0.210586399 0.803472042
1403638577427829504.000000 2.070322514 7.129318237 3.418596268 -0.557586193 0.011350418 0.207754925 0.803621054
1403638577477829376.000000 2.094489098 7.203435898 3.439174175 -0.558686614 0.010242375 0.205259457 0.803512931
1403638577527829504.000000 2.118189812 7.276868820 3.461916924 -0.557652175 0.010442335 0.207056358 0.803767800
1403638577577829376.000000 2.141063690 7.349938393 3.486510754 -0.557176054 0.010393783 0.208368674 0.803759515
1403638577627829504.000000 2.152375937 7.396253586 3.490667820 -0.556328237 0.012186970 0.210227787 0.803837538
1403638577677829376.000000 2.182896376 7.493680477 3.540341377 -0.555438161 0.012266858 0.212121248 0.803954363
1403638577727829504.000000 2.189620256 7.530841827 3.541389465 -0.555053711 0.012680038 0.212831393 0.804025769
1403638577777829376.000000 2.207661867 7.602324486 3.572555542 -0.553922057 0.013596846 0.214961171 0.804224551
1403638577827829504.000000 2.224758863 7.673526764 3.605021477 -0.553671896 0.013433046 0.215234384 0.804326534
1403638577877829376.000000 2.241080523 7.744635582 3.638963699 -0.553504825 0.013614074 0.214993566 0.804502904
1403638577927829504.000000 2.257067442 7.815410614 3.674109459 -0.553211510 0.013688911 0.214733377 0.804772794
1403638577977829376.000000 2.274189711 7.885677338 3.709958553 -0.553374767 0.013451897 0.213403091 0.805018365
1403638578027829504.000000 2.292783022 7.955903053 3.746285915 -0.553217590 0.014104465 0.213090315 0.805198073
1403638578077829376.000000 2.313541174 8.025813103 3.782965660 -0.552445889 0.015586595 0.214077652 0.805438638
1403638578127829504.000000 2.336143017 8.095482826 3.819754124 -0.551446974 0.017658727 0.215304971 0.805753231
1403638578177829376.000000 2.360396147 8.164972305 3.856781960 -0.549696863 0.021414418 0.218962297 0.805872440
1403638578227829504.000000 2.373840809 8.182166100 3.855398655 -0.547014356 0.027071994 0.224226534 0.806079984
1403638578277829376.000000 2.412278891 8.304306030 3.929759026 -0.545368671 0.029644912 0.228685319 0.805851877
1403638578327829504.000000 2.427903414 8.323316574 3.928845882 -0.543974400 0.032655668 0.231155097 0.805973291
1403638578377829376.000000 2.453236818 8.393699646 3.965619087 -0.544071734 0.033585932 0.231312782 0.805824101
1403638578427829504.000000 2.476645708 8.464009285 4.002646923 -0.544166625 0.033316594 0.231700912 0.805659652
1403638578477829376.000000 2.498320818 8.534179688 4.039910793 -0.544488251 0.033766493 0.231591389 0.805455029
1403638578527829504.000000 2.518316984 8.604061127 4.077423573 -0.544539988 0.033771906 0.232161507 0.805255771
1403638578577829376.000000 2.537438154 8.673638344 4.114879608 -0.544912636 0.034083050 0.232152238 0.804993093
1403638578627829504.000000 2.555516243 8.743007660 4.152247429 -0.545524180 0.034765404 0.231418461 0.804760933
1403638578677829376.000000 2.572481632 8.812197685 4.189514637 -0.546431363 0.034066770 0.229789004 0.804642260
1403638578727829504.000000 2.572606325 8.809543610 4.174457550 -0.547293186 0.031801280 0.227257341 0.804868281
1403638578777829376.000000 2.602858543 8.948753357 4.264038086 -0.549151480 0.029809730 0.223790497 0.804650187
1403638578827829504.000000 2.616075516 9.015316963 4.301911831 -0.550237834 0.026032183 0.220972672 0.804817915
1403638578877829376.000000 2.671654701 9.137855530 4.334541798 0.551037729 -0.024073249 -0.218371645 -0.805041432
1403638578927829504.000000 2.629648924 9.081826210 4.328021526 -0.551866412 0.023712387 0.216370374 0.805024981
1403638578977829376.000000 2.644492388 9.148837090 4.367346287 -0.552157998 0.023203066 0.214586988 0.805317044
1403638579027829504.000000 2.661500454 9.215836525 4.406627655 -0.552323580 0.022712942 0.213544697 0.805494606
1403638579077829376.000000 2.681577682 9.282858849 4.445612431 -0.552050173 0.022814762 0.213405147 0.805716097
1403638579127829504.000000 2.704661846 9.350147247 4.484333038 -0.552136838 0.023000002 0.212474629 0.805897355
1403638579177829376.000000 2.729306459 9.416547775 4.522981644 -0.552038252 0.023255421 0.212398008 0.805977762
1403638579227829504.000000 2.749256372 9.394502640 4.491852760 -0.551507235 0.022904553 0.212586313 0.806301594
1403638579277829376.000000 2.781493187 9.545316696 4.599950790 -0.550780594 0.025364961 0.214570001 0.806199193
1403638579327829504.000000 2.808307171 9.608581543 4.637736797 -0.550150633 0.026747957 0.215593457 0.806311607
1403638579377829376.000000 2.834402084 9.671623230 4.676526546 -0.547883868 0.030834377 0.221125364 0.806210995
1403638579427829504.000000 2.858527660 9.733701706 4.715155125 -0.546489716 0.034393080 0.224487692 0.806084037
1403638579477829376.000000 2.881051779 9.713594437 4.690473080 -0.544409990 0.037096687 0.228251487 0.806314468
1403638579527829504.000000 2.903928757 9.776404381 4.731643200 -0.542778194 0.039907139 0.229737699 0.806858063
1403638579577829376.000000 2.926147223 9.839026451 4.772765636 -0.541532159 0.044939972 0.226987168 0.808207989
1403638579627829504.000000 2.947030783 9.901098251 4.813965321 -0.539559722 0.050744276 0.222285762 0.810487151
1403638579677829376.000000 2.966677666 9.962364197 4.855394363 -0.536125839 0.054496538 0.215975448 0.814219773
1403638579727829504.000000 2.992630005 9.924488068 4.811122417 -0.530974150 0.055073779 0.208298281 0.819539666
1403638579777829376.000000 3.000842810 10.080610275 4.938854218 -0.523802578 0.055558253 0.200596541 0.826017737
1403638579827829504.000000 3.014859676 10.137360573 4.980960369 -0.514397860 0.051478792 0.194170564 0.833692193
1403638579877829376.000000 3.027724028 10.192655563 5.024138451 -0.502801061 0.046527728 0.187652037 0.842504084
1403638579927829504.000000 3.039470911 10.246605873 5.068152905 -0.489190668 0.043719810 0.181768760 0.851904452
1403638579977829376.000000 3.050277710 10.299319267 5.112823963 -0.473951906 0.042300329 0.175167203 0.861914575
1403638580027829504.000000 3.068525791 10.192735672 5.018533707 -0.457858086 0.044921562 0.165613487 0.872307420
1403638580077829376.000000 3.079395533 10.243016243 5.063941479 -0.441299528 0.050205793 0.154423311 0.882546127
1403638580127829504.000000 3.089292765 10.290837288 5.109342098 -0.422874063 0.056381721 0.144162476 0.892869473
1403638580177829376.000000 3.097908497 10.336400032 5.155011654 -0.403196931 0.059951961 0.134251460 0.903224587
1403638580227829504.000000 3.105091572 10.379599571 5.200642586 -0.382196665 0.062493019 0.125876352 0.913332164
1403638580277829376.000000 3.110380173 10.420383453 5.245941639 -0.360973060 0.062766939 0.118994392 0.922821283
1403638580327829504.000000 3.113858223 10.459200859 5.290903091 -0.339954972 0.061295781 0.114584632 0.931420326
1403638580377829376.000000 3.115923882 10.418975830 5.261790276 -0.320361108 0.059928045 0.113010868 0.938619196
1403638580427829504.000000 3.113584042 10.446352959 5.296542645 -0.302882969 0.058007468 0.113457590 0.944470525
1403638580477829376.000000 3.110073805 10.472938538 5.330120564 -0.288896888 0.056449194 0.112844810 0.949009061
1403638580527829504.000000 3.105759144 10.499077797 5.362721443 -0.276958764 0.056242380 0.112569727 0.952606320
1403638580577829376.000000 3.100343466 10.524532318 5.394468307 -0.266543746 0.055063333 0.110860951 0.955841184
1403638580627829504.000000 3.094316721 10.548994064 5.425012112 -0.255732596 0.052522589 0.109360479 0.959105074
1403638580677829376.000000 3.088407993 10.572802544 5.454190254 -0.245460033 0.048249632 0.106268845 0.962355614
1403638580727829504.000000 3.083829880 10.596405029 5.481850147 -0.235633403 0.043785237 0.102903403 0.965386271
1403638580777829376.000000 3.080649137 10.619830132 5.506785393 -0.228505671 0.039700586 0.098588325 0.967723846
1403638580827829504.000000 3.078673124 10.642695427 5.529946327 -0.222622201 0.036672402 0.095380813 0.969534457
1403638580877829376.000000 3.110549927 10.653448105 5.533008575 -0.218682140 0.032649215 0.091865405 0.970913470
1403638580927829504.000000 3.080730438 10.686478615 5.570269585 -0.214701727 0.033428755 0.090383127 0.971913934
1403638580977829376.000000 3.115687609 10.699212074 5.572663307 -0.211552352 0.032732818 0.092002526 0.972476125
1403638581027829504.000000 3.120699406 10.722019196 5.590512753 -0.210020229 0.032427136 0.091358729 0.972879052
1403638581077829376.000000 3.127702236 10.744823456 5.607567787 -0.209259674 0.032090586 0.090953000 0.973092079
1403638581127829504.000000 3.136510611 10.767556190 5.623720169 -0.209716722 0.032310583 0.089158244 0.973152459
1403638581177829376.000000 3.146796703 10.790181160 5.639449596 -0.210403904 0.032540962 0.088157028 0.973087668
1403638581227829504.000000 3.156671286 10.812046051 5.654378414 -0.211566925 0.032011185 0.087072618 0.972950757
1403638581277829376.000000 3.165827274 10.833378792 5.668871880 -0.213628575 0.031981047 0.085549936 0.972636282
1403638581327829504.000000 3.174880028 10.854231834 5.683680534 -0.215134248 0.031959426 0.085377507 0.972320199
1403638581377829376.000000 3.219229937 10.863473892 5.688502312 -0.217048749 0.032546025 0.084876880 0.971919060
1403638581427829504.000000 3.194809914 10.893536568 5.711377621 -0.218454108 0.034354668 0.084337369 0.971588790
1403638581477829376.000000 3.206933737 10.911292076 5.724191666 -0.220081344 0.036148697 0.084431425 0.971148193
1403638581527829504.000000 3.220034361 10.928979874 5.736226082 -0.221862659 0.035545241 0.084712505 0.970740616
1403638581577829376.000000 3.263193607 10.937925339 5.739219189 -0.223813966 0.034566637 0.084918059 0.970309973
1403638581627829504.000000 3.275887012 10.955144882 5.751423359 -0.225770772 0.037541289 0.084038846 0.969822526
1403638581677829376.000000 3.287562847 10.971424103 5.763918400 -0.227822676 0.041428793 0.082056217 0.969354033
1403638581727829504.000000 3.297806740 10.986698151 5.776791573 -0.229156747 0.045533277 0.081310697 0.968918204
1403638581777829376.000000 3.305856705 11.000963211 5.789899826 -0.230033740 0.047155913 0.082169823 0.968560278
1403638581827829504.000000 3.312061787 11.014283180 5.803164959 -0.231189951 0.048013102 0.081372082 0.968310237
1403638581877829376.000000 3.347531557 11.023637772 5.818958282 -0.232637882 0.050489131 0.081426822 0.967832685
1403638581927829504.000000 3.322175264 11.037305832 5.829459190 -0.233253926 0.059336182 0.079479307 0.967344224
1403638581977829376.000000 3.325681686 11.047093391 5.842103004 -0.234233990 0.064964935 0.077630438 0.966895819
1403638582027829504.000000 3.328224659 11.055374146 5.853650093 -0.234577507 0.065234222 0.077739090 0.966785729
1403638582077829376.000000 3.332041740 11.062169075 5.863965034 -0.234177649 0.061869115 0.079387814 0.966969788
1403638582127829504.000000 3.337407589 11.067761421 5.872533798 -0.234338313 0.054480191 0.080024682 0.967322946
1403638582177829376.000000 3.365742445 11.071686745 5.880441189 -0.233350590 0.046973560 0.084657066 0.967561007
1403638582227829504.000000 3.374250650 11.075535774 5.885416985 -0.233795449 0.042190708 0.083932772 0.967737079
1403638582277829376.000000 3.386066198 11.078178406 5.888628483 -0.233647078 0.042652823 0.083593793 0.967781961
1403638582327829504.000000 3.400336981 11.080029488 5.890003204 -0.234480962 0.045597546 0.081089936 0.967659056
1403638582377829376.000000 3.434381247 11.088088989 5.897989273 -0.234234467 0.048834000 0.081103645 0.967559695
1403638582427829504.000000 3.433937073 11.080963135 5.890323162 -0.234914064 0.050359260 0.078957155 0.967494309
1403638582477829376.000000 3.453489780 11.079573631 5.888108730 -0.235165104 0.051273435 0.078005545 0.967462480
1403638582527829504.000000 3.476001978 11.077239990 5.884114265 -0.235176653 0.052626573 0.077530287 0.967425227
1403638582577829376.000000 3.500376701 11.073758125 5.878804207 -0.235425830 0.052649472 0.076500162 0.967445374
1403638582627829504.000000 3.526242495 11.068823814 5.872048378 -0.235402718 0.053033099 0.076701283 0.967414081
1403638582677829376.000000 3.553625822 11.062803268 5.864008904 -0.235421240 0.050878484 0.076640420 0.967530072
1403638582727829504.000000 3.607379198 11.081254959 5.888657570 -0.235321820 0.047985867 0.078631356 0.967542291
1403638582777829376.000000 3.637091875 11.073248863 5.878175259 -0.234930396 0.047360756 0.079795092 0.967572987
1403638582827829504.000000 3.666812420 11.064413071 5.867205620 -0.235294759 0.045485288 0.079506278 0.967598200
1403638582877829376.000000 3.695749044 11.054601669 5.856244564 -0.235603720 0.044762101 0.079862170 0.967527390
1403638582927829504.000000 3.722807646 11.043904305 5.845790386 -0.235644624 0.042891767 0.080530018 0.967546821
1403638582977829376.000000 3.747796297 11.032196999 5.836004257 -0.235521749 0.040517170 0.081621438 0.967587650
1403638583027829504.000000 3.770868301 11.019818306 5.826518536 -0.235765651 0.037707221 0.082121342 0.967599511
1403638583077829376.000000 3.792195797 11.006643295 5.817609310 -0.235725820 0.035688702 0.083245859 0.967589676
1403638583127829504.000000 3.811467648 10.992879868 5.809381485 -0.235993698 0.033773713 0.083178177 0.967598975
1403638583177829376.000000 3.829389572 10.978417397 5.802429199 -0.236120135 0.032584399 0.083701558 0.967563748
1403638583227829504.000000 3.862112999 11.003982544 5.852646828 -0.236466333 0.031563390 0.085007839 0.967399180
1403638583277829376.000000 3.877718449 10.988487244 5.846654415 -0.236270770 0.031250972 0.085601501 0.967404783
1403638583327829504.000000 3.892275810 10.972530365 5.841154575 -0.236739486 0.031733122 0.084628195 0.967360079
1403638583377829376.000000 3.905457497 10.955782890 5.836308479 -0.236335576 0.031905837 0.085000455 0.967420578
1403638583427829504.000000 3.918274403 10.938649178 5.831749916 -0.236518413 0.031165941 0.084956154 0.967403889
1403638583477829376.000000 3.931728840 10.920946121 5.827336311 -0.236453548 0.030632522 0.084901340 0.967441559
1403638583527829504.000000 3.947080135 10.902647018 5.822419643 -0.236215994 0.030190429 0.085120551 0.967494249
1403638583577829376.000000 3.964679003 10.883625031 5.816456318 -0.236387521 0.030681910 0.084733441 0.967470825
1403638583627829504.000000 3.983647108 10.863812447 5.809630394 -0.236454636 0.030393649 0.084207401 0.967509508
1403638583677829376.000000 4.003790855 10.843024254 5.801886559 -0.237041295 0.030262925 0.082768410 0.967494190
1403638583727829504.000000 4.041641712 10.877717972 5.871122360 -0.237367526 0.030519629 0.083003238 0.967386067
1403638583777829376.000000 3.806989193 10.798060417 5.748209000 0.235510871 -0.035382818 -0.080744095 -0.967865288
1403638583827829504.000000 4.078775406 10.832876205 5.857666969 -0.237500563 0.030928474 0.082232684 0.967406213
1403638583877829376.000000 4.095199108 10.809437752 5.852165699 -0.237375423 0.032255746 0.082341745 0.967384338
1403638583927829504.000000 4.109831333 10.785160065 5.847478867 -0.237132892 0.032468386 0.082414478 0.967430472
1403638583977829376.000000 4.122879505 10.760159492 5.843400955 -0.237399101 0.032301329 0.081827112 0.967420578
1403638584027829504.000000 4.134769440 10.734274864 5.839656353 -0.237433642 0.033773694 0.081192240 0.967415333
1403638584077829376.000000 4.146208763 10.707642555 5.836004734 -0.238340169 0.038545989 0.078698643 0.967220128
1403638584127829504.000000 4.156995773 10.679949760 5.832661629 -0.238896325 0.046130881 0.076518752 0.966925800
1403638584177829376.000000 4.166588306 10.651382446 5.829315186 -0.239367709 0.054332893 0.074414946 0.966547191
1403638584227829504.000000 4.194338799 10.694220543 5.917873383 -0.240472391 0.062857531 0.071975820 0.965940714
1403638584277829376.000000 4.200171471 10.663193703 5.914353371 -0.239976987 0.069742747 0.072314978 0.965565920
1403638584327829504.000000 4.203470707 10.630829811 5.910280704 -0.240772739 0.072767615 0.070552580 0.965274990
1403638584377829376.000000 4.204586029 10.596788406 5.905428410 -0.240548924 0.074414439 0.070660375 0.965197325
1403638584427829504.000000 4.203705311 10.561165810 5.899514675 -0.240550414 0.074420050 0.070631318 0.965198636
1403638584477829376.000000 4.201712608 10.523867607 5.892302513 -0.240741670 0.074655488 0.069637559 0.965205014
1403638584527829504.000000 4.203763962 10.521832466 5.941983700 0.240309522 -0.075259887 -0.071221851 -0.965150118
1403638584577829376.000000 4.213900089 10.500320435 5.943778515 -0.240571633 0.074248895 0.069937326 0.965257108
1403638584627829504.000000 4.214312077 10.465112686 5.941391945 -0.239879131 0.073362492 0.071144715 0.965408981
1403638584677829376.000000 4.216291428 10.428539276 5.937110901 -0.239435554 0.071342453 0.072136767 0.965596855
1403638584727829504.000000 4.218640327 10.390576363 5.931098938 -0.238791734 0.067431517 0.073044427 0.965969026
1403638584777829376.000000 4.221753120 10.351289749 5.923331738 -0.237823993 0.059991576 0.075376272 0.966519177
1403638584827829504.000000 4.225756168 10.311107635 5.914500237 -0.236971974 0.053833053 0.077556387 0.966918528
1403638584877829376.000000 4.229512691 10.269974709 5.905036926 -0.235304400 0.046715200 0.081911057 0.967336655
1403638584927829504.000000 4.232998371 10.228707314 5.895619869 -0.235123381 0.043135397 0.083309203 0.967427552
1403638584977829376.000000 4.235325336 10.187141418 5.886649132 -0.234936491 0.040293999 0.084207423 0.967517674
1403638585027829504.000000 4.236192226 10.145505905 5.878421783 -0.234561875 0.038384091 0.085112557 0.967607021
1403638585077829376.000000 4.230183125 10.143109322 5.899895668 -0.235279426 0.037833560 0.084717043 0.967489183
1403638585127829504.000000 4.227629662 10.100636482 5.893395424 -0.234369293 0.037735604 0.086728103 0.967535734
1403638585177829376.000000 4.223564148 10.058052063 5.887433529 -0.234136969 0.038058270 0.087339982 0.967524290
1403638585227829504.000000 4.218643188 10.015362740 5.881938934 -0.234439954 0.039660770 0.086948790 0.967421770
1403638585277829376.000000 4.212707520 9.972459793 5.877072334 -0.234584257 0.041466031 0.086199768 0.967378139
1403638585327829504.000000 4.205593109 9.929269791 5.872539997 -0.234765783 0.044013832 0.085543364 0.967279792
1403638585377829376.000000 4.196874619 9.885828018 5.868469238 -0.234577492 0.045383751 0.085384071 0.967276275
1403638585427829504.000000 4.187288761 9.842241287 5.864449978 -0.234493420 0.045292102 0.085427783 0.967297077
1403638585477829376.000000 4.178475857 9.798459053 5.859985352 -0.234652072 0.045045380 0.085438229 0.967269242
1403638585527829504.000000 4.171051025 9.754508972 5.855327606 -0.234720126 0.043780737 0.085037261 0.967346132
1403638585577829376.000000 4.194541454 9.738870621 5.845126629 -0.234153792 0.041385274 0.086238705 0.967482388
1403638585627829504.000000 4.190957546 9.694878578 5.839213848 -0.234247074 0.039617654 0.085852042 0.967568159
1403638585677829376.000000 4.188559532 9.650718689 5.832466125 -0.234231502 0.036990907 0.086020239 0.967661023
1403638585727829504.000000 4.187741756 9.606266022 5.825076103 -0.233818442 0.032749075 0.086931705 0.967832327
1403638585777829376.000000 4.189575672 9.561824799 5.817298889 -0.233093128 0.028168000 0.088948168 0.967968225
1403638585827829504.000000 4.194011688 9.518053055 5.810002327 -0.232966006 0.024450777 0.089756347 0.968025267
1403638585877829376.000000 4.200327396 9.474740028 5.803428650 -0.232399732 0.021256261 0.091431491 0.968080044
1403638585927829504.000000 4.208706379 9.431746483 5.796651363 -0.232120782 0.020098401 0.093290836 0.967994273
1403638585977829376.000000 4.219388008 9.389101028 5.789638996 -0.232215509 0.021153616 0.093952224 0.967885077
1403638586027829504.000000 4.231075287 9.346860886 5.783270836 -0.232533038 0.024948014 0.093545653 0.967757821
1403638586077829376.000000 4.278524399 9.345106125 5.777093410 -0.232941240 0.027464626 0.093129307 0.967631698
1403638586127829504.000000 4.287559032 9.303448677 5.772542477 -0.233783290 0.030182127 0.092805199 0.967378795
1403638586177829376.000000 4.294867039 9.261607170 5.768834114 -0.234191447 0.032237526 0.091943160 0.967296004
1403638586227829504.000000 4.301009655 9.220005989 5.765724182 -0.234889612 0.034385491 0.091034681 0.967138708
1403638586277829376.000000 4.305851936 9.178577423 5.763140678 -0.235588774 0.036805574 0.089903943 0.966985345
1403638586327829504.000000 4.309544086 9.137058258 5.760957241 -0.236797959 0.040079147 0.087834887 0.966749966
1403638586377829376.000000 4.311953068 9.095336914 5.759126186 -0.238493577 0.042501330 0.083814651 0.966586590
1403638586427829504.000000 4.313276768 9.053373337 5.757445335 -0.240677461 0.044897448 0.079531021 0.966298878
1403638586477829376.000000 4.313268661 9.010760307 5.755997658 -0.242618591 0.045593195 0.075276777 0.966121614
1403638586527829504.000000 4.311970234 8.967122078 5.754740238 -0.244017348 0.046794821 0.072357148 0.965934873
1403638586577829376.000000 4.356638432 8.991220474 5.771987915 -0.243438959 0.046038333 0.073609069 0.966022611
1403638586627829504.000000 4.351701736 8.945382118 5.771752357 -0.242599040 0.044937231 0.075784199 0.966117620
1403638586677829376.000000 4.345431805 8.898897171 5.771814346 -0.242377922 0.044383414 0.076895349 0.966110885
1403638586727829504.000000 4.337540150 8.851743698 5.772421360 -0.241211787 0.044914339 0.079780124 0.966144323
1403638586777829376.000000 4.327936649 8.803858757 5.773473263 -0.240518332 0.045004044 0.081344850 0.966182470
1403638586827829504.000000 4.317123413 8.755414009 5.774785995 -0.239731446 0.046443608 0.083087854 0.966161609
1403638586877829376.000000 4.304728508 8.706271172 5.776360512 -0.239178315 0.047196727 0.083296850 0.966244221
1403638586927829504.000000 4.290900707 8.656453133 5.777866364 -0.239467710 0.047876708 0.082631752 0.966196239
1403638586977829376.000000 4.275638580 8.605967522 5.779442787 -0.239285097 0.047888760 0.082819976 0.966224730
1403638587027829504.000000 4.259542465 8.554960251 5.780961037 -0.238972247 0.048427574 0.083177291 0.966244638
1403638587077829376.000000 4.302068233 8.584414482 5.802270412 -0.238602608 0.047571540 0.084128484 0.966296077
1403638587127829504.000000 4.286705017 8.532297134 5.802391052 -0.238376200 0.047398426 0.084591076 0.966320097
1403638587177829376.000000 4.273281097 8.479560852 5.801042557 -0.238329187 0.045706294 0.084183663 0.966448843
1403638587227829504.000000 4.261465073 8.426262856 5.798468113 -0.238034040 0.043865770 0.084028736 0.966620266
1403638587277829376.000000 4.251919746 8.372508049 5.794916630 -0.237852842 0.043047108 0.084431671 0.966666639
1403638587327829504.000000 4.243417263 8.318133354 5.790589333 -0.238080099 0.041133296 0.084379494 0.966698587
1403638587377829376.000000 4.235429764 8.262767792 5.784982204 -0.237585023 0.040405244 0.084723778 0.966820955
1403638587427829504.000000 4.228312969 8.207020760 5.778777599 -0.237388581 0.040164102 0.085720405 0.966791391
1403638587477829376.000000 4.221179962 8.150968552 5.772854805 -0.237025484 0.040181309 0.086985610 0.966766775
1403638587527829504.000000 4.213180542 8.094602585 5.767206669 -0.236907378 0.040683523 0.087079912 0.966766179
1403638587577829376.000000 4.275187492 8.144551277 5.794583797 -0.236901209 0.039313216 0.088794254 0.966668487
1403638587627829504.000000 4.264315605 8.087825775 5.789791584 -0.236824840 0.039892789 0.089304522 0.966616452
1403638587677829376.000000 4.252078056 8.030910492 5.785247803 -0.237089396 0.039967306 0.089374542 0.966542065
1403638587727829504.000000 4.238758087 7.973788261 5.781101704 -0.237142384 0.040198453 0.089079738 0.966546655
1403638587777829376.000000 4.224022388 7.916462421 5.777258873 -0.237274423 0.040558483 0.089659281 0.966445625
1403638587827829504.000000 4.208081245 7.858900070 5.773907185 -0.237159505 0.040795267 0.090385072 0.966396272
1403638587877829376.000000 4.190972805 7.800997257 5.770747185 -0.237006754 0.041193854 0.090732999 0.966384172
1403638587927829504.000000 4.232137680 7.836315155 5.800139427 -0.237200126 0.041095637 0.091291860 0.966288328
1403638587977829376.000000 4.219124317 7.786876202 5.800431252 -0.237249836 0.041446898 0.091557495 0.966235995
1403638588027829504.000000 4.205554962 7.737702370 5.800765038 -0.237317696 0.042344611 0.091373779 0.966197789
1403638588077829376.000000 4.191207886 7.688900948 5.801473141 -0.237790674 0.042564329 0.089975633 0.966203094
1403638588127829504.000000 4.175954819 7.640424252 5.802215099 -0.239069521 0.041981045 0.087624826 0.966129065
1403638588177829376.000000 4.159934044 7.592177391 5.803127289 -0.241139397 0.041470803 0.082536943 0.966084719
1403638588227829504.000000 4.144135475 7.543173790 5.803991795 -0.241990596 0.040780094 0.080136746 0.966103375
1403638588277829376.000000 4.129102230 7.493231773 5.804284096 -0.242276654 0.040532760 0.078819133 0.966150463
1403638588327829504.000000 4.115597725 7.443611622 5.804297447 -0.242226377 0.040007651 0.078843601 0.966183007
1403638588377829376.000000 4.104356766 7.394072056 5.803193092 -0.242545828 0.040136117 0.077776872 0.966183901
1403638588427829504.000000 4.123637676 7.401708126 5.823651314 -0.241156131 0.040011246 0.079249494 0.966417313
1403638588477829376.000000 4.115993977 7.349690437 5.821464539 -0.240753919 0.040011842 0.079981662 0.966457307
1403638588527829504.000000 4.109253407 7.296593666 5.817665100 -0.240193918 0.040496726 0.081629544 0.966438591
1403638588577829376.000000 4.104503155 7.242868900 5.812438011 -0.239727855 0.041244835 0.082699969 0.966431677
1403638588627829504.000000 4.101018906 7.188426018 5.805973530 -0.239102677 0.041810848 0.083895475 0.966459155
1403638588677829376.000000 4.098711967 7.133201599 5.797991753 -0.238588542 0.042797510 0.085101262 0.966437697
1403638588727829504.000000 4.097560883 7.077624321 5.789235115 -0.237977207 0.044758108 0.087057777 0.966325283
1403638588777829376.000000 4.096510410 7.021947861 5.780369759 -0.238034323 0.045304298 0.087149791 0.966277480
1403638588827829504.000000 4.094290733 6.965918541 5.771626949 -0.237698719 0.045876820 0.088125847 0.966244578
1403638588877829376.000000 4.090317249 6.909952164 5.763298988 -0.237178862 0.046108346 0.090349145 0.966155946
1403638588927829504.000000 4.123064995 6.925575256 5.787561417 -0.236853272 0.045726653 0.090273492 0.966261029
1403638588977829376.000000 4.115093708 6.869412422 5.779847145 -0.236995503 0.045692161 0.090664074 0.966191232
1403638589027829504.000000 4.105112076 6.813117504 5.772471905 -0.237193167 0.045595791 0.090891749 0.966125846
1403638589077829376.000000 4.093294144 6.756654739 5.765448093 -0.237563491 0.045277137 0.090565659 0.966080427
1403638589127829504.000000 4.080222130 6.700161934 5.758779526 -0.238204852 0.045309901 0.089650363 0.966006398
1403638589177829376.000000 4.065982819 6.643583775 5.752245903 -0.238494605 0.045748845 0.089056298 0.965969145
1403638589227829504.000000 4.050397396 6.586784363 5.745871067 -0.238239303 0.046030708 0.089488097 0.965978861
1403638589277829376.000000 4.034268379 6.530036926 5.739377022 -0.238244072 0.047714841 0.089321695 0.965911388
1403638589327829504.000000 4.016866684 6.473125935 5.732742310 -0.238396630 0.047281228 0.089453153 0.965882838
1403638589377829376.000000 4.000775337 6.416034698 5.725309372 -0.238231435 0.048200198 0.088970438 0.965922773
1403638589427829504.000000 4.033608913 6.446254730 5.761585236 -0.237814665 0.047029380 0.090258949 0.965963721
1403638589477829376.000000 4.018547058 6.388568401 5.752213478 -0.238167241 0.046389561 0.089925945 0.965938866
1403638589527829504.000000 4.004766941 6.330695152 5.741899490 -0.237710118 0.046576362 0.090365320 0.966001391
1403638589577829376.000000 3.992022753 6.272534370 5.730096340 -0.237838045 0.046521015 0.090591118 0.965951443
1403638589627829504.000000 3.981283665 6.214017391 5.717072964 -0.237898186 0.046974167 0.089949980 0.965974629
1403638589677829376.000000 3.972569704 6.155482769 5.703334332 -0.237525299 0.045769867 0.090761401 0.966048300
1403638589727829504.000000 3.965246201 6.096751213 5.688013554 -0.237789318 0.043983918 0.090796910 0.966062963
1403638589777829376.000000 3.958459616 6.037915707 5.671895981 -0.238077968 0.043004353 0.090647772 0.966050029
1403638589827829504.000000 3.950884104 5.979046345 5.655706882 -0.237975672 0.042407740 0.091630489 0.966008902
1403638589877829376.000000 3.942085505 5.920186996 5.639825344 -0.238589451 0.041846890 0.091369554 0.965906620
1403638589927829504.000000 3.991404533 5.966739178 5.683496952 -0.239027277 0.041159645 0.091125593 0.965850949
1403638589977829376.000000 3.979554415 5.907638550 5.668631554 -0.239207253 0.041372608 0.091702208 0.965742707
1403638590027829504.000000 3.966411591 5.848352909 5.654075146 -0.239020690 0.041671522 0.092829868 0.965668261
1403638590077829376.000000 3.951985359 5.788980007 5.639741421 -0.239315704 0.041354068 0.092578702 0.965633035
1403638590127829504.000000 3.936604500 5.729636669 5.625734806 -0.239724159 0.042493429 0.092710100 0.965469599
1403638590177829376.000000 3.920015097 5.670387745 5.612214565 -0.239939123 0.043050837 0.092512824 0.965410471
1403638590227829504.000000 3.902332544 5.611104012 5.598986149 -0.240174532 0.043892957 0.092704549 0.965295553
1403638590277829376.000000 3.883611917 5.551705837 5.585764885 -0.239966780 0.044307273 0.093197234 0.965280890
1403638590327829504.000000 3.864182234 5.492331028 5.572569847 -0.240296081 0.044444576 0.092836127 0.965227485
1403638590377829376.000000 3.843657970 5.432731628 5.559525013 -0.240417555 0.043652028 0.093311869 0.965187490
1403638590427829504.000000 3.890383482 5.502292156 5.616791725 -0.240577742 0.042504769 0.092765570 0.965251386
1403638590477829376.000000 3.868777037 5.442382336 5.603573799 -0.240410820 0.042506713 0.093495324 0.965222538
1403638590527829504.000000 3.847441196 5.382272720 5.589623451 -0.240197912 0.042430647 0.094050623 0.965224922
1403638590577829376.000000 3.826999664 5.322308540 5.575104713 -0.240033701 0.040661607 0.094498962 0.965298116
1403638590627829504.000000 3.808590174 5.262527466 5.559886932 -0.239827067 0.038949773 0.094751619 0.965395272
1403638590677829376.000000 3.792315006 5.203070164 5.544157982 -0.239074528 0.037780639 0.096194744 0.965485692
1403638590727829504.000000 3.778266430 5.143802643 5.527313232 -0.238799617 0.037143726 0.097026847 0.965495169
1403638590777829376.000000 3.817297697 5.187457085 5.567561626 -0.238555163 0.036188841 0.096899100 0.965604722
1403638590827829504.000000 3.813635349 5.137649536 5.556434631 -0.238883927 0.035272449 0.096579447 0.965589345
1403638590877829376.000000 3.812086105 5.088815689 5.545344353 -0.239115551 0.034751434 0.096538834 0.965555012
1403638590927829504.000000 3.812743425 5.041197300 5.533341885 -0.238875329 0.034229949 0.097463198 0.965540171
1403638590977829376.000000 3.815027475 4.993315220 5.520123482 -0.238848224 0.033568762 0.097755887 0.965540528
1403638591027829504.000000 3.817633867 4.945960045 5.506298065 -0.238756046 0.032615881 0.098887675 0.965480685
1403638591077829376.000000 3.820533514 4.899774075 5.492786884 -0.238631874 0.031672291 0.099442735 0.965485811
1403638591127829504.000000 3.822097063 4.854145050 5.479923725 -0.238754988 0.027729103 0.099585548 0.965562046
1403638591177829376.000000 3.823334217 4.812706947 5.467938900 -0.238707453 0.023806339 0.100361556 0.965598047
1403638591227829504.000000 3.822777271 4.769737244 5.456916809 -0.238477290 0.018404741 0.101340704 0.965670705
1403638591277829376.000000 3.817814827 4.776401997 5.469343185 -0.237145558 0.012703254 0.103545129 0.965856671
1403638591327829504.000000 3.815373182 4.736834049 5.463491917 -0.236489192 0.007579386 0.105565801 0.965852618
1403638591377829376.000000 3.812761068 4.698611736 5.459272385 -0.236090004 0.004297188 0.107037410 0.965808570
1403638591427829504.000000 3.809736013 4.661880493 5.457282543 -0.235769928 0.001216426 0.108457990 0.965736985
1403638591477829376.000000 3.806006432 4.626478672 5.457692146 -0.235144794 -0.001211925 0.110018916 0.965712845
1403638591527829504.000000 3.801547527 4.592654705 5.460390091 -0.234684989 -0.003998443 0.111829311 0.965609252
1403638591577829376.000000 3.796135426 4.560544014 5.464888096 -0.234254062 -0.006840587 0.113117516 0.965547860
1403638591627829504.000000 3.790578604 4.530345917 5.471621037 -0.233874142 -0.008065128 0.114031412 0.965523064
1403638591677829376.000000 3.785323143 4.502083778 5.479960918 -0.233812153 -0.007634711 0.114758484 0.965455413
1403638591727829504.000000 3.781102180 4.475413799 5.490034103 -0.234082669 -0.006202844 0.114796817 0.965395510
1403638591777829376.000000 3.774528742 4.461903572 5.504785061 -0.234358922 -0.003598189 0.113093562 0.965542734
1403638591827829504.000000 3.771527052 4.437592030 5.517658234 -0.234413162 -0.000956938 0.113153934 0.965528786
1403638591877829376.000000 3.770206690 4.415086746 5.531885624 -0.234716550 0.000953923 0.112051800 0.965583622
1403638591927829504.000000 3.771901131 4.394607067 5.547048569 -0.234695151 0.004349909 0.111484453 0.965645194
1403638591977829376.000000 3.775706053 4.375501633 5.562524319 -0.234874114 0.006012178 0.111272462 0.965617180
1403638592027829504.000000 3.783309937 4.358139515 5.577953339 -0.234781191 0.009439829 0.110870592 0.965658605
1403638592077829376.000000 3.793582916 4.342367172 5.594975471 -0.234562948 0.011135210 0.110360742 0.965751946
1403638592127829504.000000 3.805814028 4.327886105 5.611876488 -0.234062582 0.012891728 0.109810032 0.965914309
1403638592177829376.000000 3.821512699 4.314969063 5.628643513 -0.231734723 0.017511416 0.110158868 0.966362953
1403638592227829504.000000 3.839917660 4.302898884 5.644575119 -0.228680357 0.023518527 0.109467030 0.967041433
1403638592277829376.000000 3.857786417 4.294665813 5.656593323 -0.224160656 0.030568231 0.109134853 0.967939675
1403638592327829504.000000 3.879943609 4.283428192 5.671341896 -0.218835711 0.035953838 0.108168438 0.969080925
1403638592377829376.000000 3.903642893 4.273025990 5.685462475 -0.211504087 0.040497564 0.107014738 0.970656395
1403638592427829504.000000 3.929246902 4.263466358 5.698403835 -0.203020260 0.043244652 0.104517303 0.972619593
1403638592477829376.000000 3.955924273 4.254804611 5.709836960 -0.193963930 0.043764357 0.101806842 0.974729717
1403638592527829504.000000 3.983716011 4.247665405 5.720116615 -0.186375424 0.041278630 0.097792454 0.976727664
1403638592577829376.000000 4.012678146 4.241753101 5.728902340 -0.179861933 0.037626486 0.093672022 0.978498638
1403638592627829504.000000 4.042994022 4.236971855 5.736770630 -0.173769891 0.033993166 0.090032585 0.980072796
1403638592677829376.000000 4.074098587 4.233435631 5.744090080 -0.168501005 0.029625546 0.087302685 0.981380641
1403638592727829504.000000 4.104675770 4.230873585 5.751667500 -0.164167568 0.025253654 0.084786199 0.982457459
1403638592777829376.000000 4.135209084 4.232234955 5.749367714 -0.159747243 0.020301586 0.083204895 0.983435690
1403638592827829504.000000 4.163322926 4.231849194 5.759024620 -0.156401306 0.016187444 0.082609221 0.984099805
1403638592877829376.000000 4.190427303 4.232330322 5.769678116 -0.154017895 0.013387890 0.081195198 0.984635293
1403638592927829504.000000 4.216692924 4.233937740 5.781338215 -0.152662665 0.011540232 0.079829685 0.984981358
1403638592977829376.000000 4.242171288 4.236572266 5.794364452 -0.151600346 0.010194742 0.078286231 0.985284090
1403638593027829504.000000 4.266829967 4.240351677 5.808854103 -0.150548249 0.009940595 0.078143373 0.985459328
1403638593077829376.000000 4.290623665 4.245104313 5.824739933 -0.150090113 0.009457936 0.077683084 0.985570312
1403638593127829504.000000 4.315116405 4.250685215 5.841494560 -0.149656713 0.010299131 0.077461548 0.985645294
1403638593177829376.000000 4.341748238 4.257484436 5.858923912 -0.149620861 0.012881345 0.077009156 0.985655785
1403638593227829504.000000 4.370272160 4.265277863 5.876667023 -0.151021183 0.016790094 0.074456759 0.985579491
1403638593277829376.000000 4.405036449 4.275314331 5.881043434 -0.152577698 0.018865703 0.070149668 0.985618234
1403638593327829504.000000 4.437008381 4.284446716 5.899591923 -0.154678047 0.021503905 0.065973304 0.985525191
1403638593377829376.000000 4.469489574 4.293738842 5.917704105 -0.157225370 0.025236465 0.061262242 0.985337675
1403638593427829504.000000 4.501466751 4.303009033 5.936169624 -0.160095587 0.029838506 0.056145426 0.985051692
1403638593477829376.000000 4.531918526 4.311733246 5.955558777 -0.161831468 0.033391580 0.053873070 0.984780848
1403638593527829504.000000 4.560793400 4.319939613 5.975853920 -0.163543224 0.036155518 0.051909529 0.984505832
1403638593577829376.000000 4.587981224 4.327505589 5.996966362 -0.164903641 0.038107231 0.050490975 0.984279156
1403638593627829504.000000 4.613517761 4.334326744 6.018681049 -0.166019872 0.039205678 0.050164480 0.984064996
1403638593677829376.000000 4.637607098 4.340321541 6.040815830 -0.167020068 0.039977640 0.048827432 0.983931899
1403638593727829504.000000 4.660408497 4.345191956 6.063187599 -0.167505443 0.042425103 0.048965588 0.983740032
1403638593777829376.000000 4.692163467 4.348093510 6.064174652 -0.167416051 0.044966172 0.048484415 0.983666241
1403638593827829504.000000 4.714712143 4.350528717 6.085590839 -0.166181609 0.052719310 0.050602250 0.983383834
1403638593877829376.000000 4.738419533 4.351716518 6.106010437 -0.163296416 0.063431986 0.051757444 0.983174443
1403638593927829504.000000 4.761931419 4.351428986 6.124314308 -0.159785777 0.069703005 0.052480310 0.983288288
1403638593977829376.000000 4.785458088 4.350417137 6.140910625 -0.155784473 0.070974864 0.052998301 0.983811498
1403638594027829504.000000 4.808385849 4.348699570 6.155656338 -0.151643589 0.067509316 0.054236647 0.984634578
1403638594077829376.000000 4.832111359 4.345657349 6.167519093 -0.147872746 0.063398570 0.055315759 0.985421002
1403638594127829504.000000 4.856233120 4.342095375 6.177089691 -0.145531610 0.059074149 0.054307558 0.986094117
1403638594177829376.000000 4.879784584 4.338654518 6.185223103 -0.143786192 0.054695945 0.052070878 0.986723185
1403638594227829504.000000 4.902604103 4.335254192 6.192793846 -0.142861158 0.052244555 0.049830288 0.987105966
1403638594277829376.000000 4.930834770 4.333756447 6.191565514 -0.141666591 0.051357377 0.047839876 0.987423122
1403638594327829504.000000 4.951493263 4.329462051 6.198754787 -0.140749648 0.052454967 0.046258997 0.987571836
1403638594377829376.000000 4.972200871 4.324717522 6.204993725 -0.140944123 0.054052480 0.042455401 0.987628818
1403638594427829504.000000 4.993279934 4.319132328 6.210196972 -0.140915528 0.055834964 0.038637299 0.987690449
1403638594477829376.000000 5.014730453 4.312455177 6.214031696 -0.141046867 0.057157408 0.035975784 0.987696648
1403638594527829504.000000 5.036974430 4.304615974 6.215790272 -0.138964325 0.056893259 0.038378216 0.987916648
1403638594577829376.000000 5.060693741 4.295645714 6.214928150 -0.137354493 0.056976654 0.040524740 0.988051176
1403638594627829504.000000 5.085925579 4.286094189 6.212885857 -0.135443822 0.056188155 0.043500487 0.988233566
1403638594677829376.000000 5.111026287 4.275900364 6.210205078 -0.134353951 0.055900615 0.046186052 0.988276780
1403638594727829504.000000 5.134917259 4.265813828 6.207513332 -0.133881956 0.055035185 0.047926825 0.988306582
1403638594777829376.000000 5.163296223 4.253447533 6.202969551 -0.133660808 0.054044750 0.049263995 0.988325357
1403638594827829504.000000 5.183685303 4.242723942 6.200546741 -0.133438960 0.053888105 0.050471585 0.988303006
1403638594877829376.000000 5.202156544 4.231815815 6.197959900 -0.133328125 0.053687833 0.051293708 0.988286555
1403638594927829504.000000 5.218508720 4.220810890 6.195045948 -0.133812949 0.052211452 0.051281385 0.988300741
1403638594977829376.000000 5.232939243 4.209716320 6.192254543 -0.134531319 0.050322793 0.050926037 0.988319576
1403638595027829504.000000 5.245535374 4.198305607 6.189380169 -0.134046897 0.049285471 0.052919634 0.988332927
1403638595077829376.000000 5.256892681 4.186751366 6.186639786 -0.134314209 0.047973089 0.053091299 0.988352001
1403638595127829504.000000 5.266259193 4.175289154 6.183988094 -0.134459749 0.047415730 0.053919077 0.988314331
1403638595177829376.000000 5.274356842 4.163691998 6.182014942 -0.134777814 0.046800036 0.054146413 0.988287926
1403638595227829504.000000 5.280569077 4.151862621 6.179741383 -0.135249868 0.046422254 0.053754095 0.988262653
1403638595277829376.000000 5.286207199 4.136341572 6.179937363 -0.135665730 0.045802269 0.054159563 0.988212466
1403638595327829504.000000 5.289108753 4.124890804 6.177809715 -0.135862619 0.046115719 0.053849086 0.988187790
1403638595377829376.000000 5.290411949 4.113597870 6.176084995 -0.135625064 0.046193160 0.054909710 0.988158405
1403638595427829504.000000 5.290768147 4.102507591 6.174574852 -0.135829031 0.046188757 0.054767732 0.988138497
1403638595477829376.000000 5.289816380 4.091627598 6.173314095 -0.135734618 0.045508683 0.055011716 0.988169432
1403638595527829504.000000 5.287854195 4.080559254 6.172142506 -0.135732815 0.045137282 0.054752801 0.988201141
1403638595577829376.000000 5.286006927 4.069216728 6.170514107 -0.135535598 0.044203211 0.054697085 0.988273501
1403638595627829504.000000 5.285984993 4.058134079 6.168584824 -0.135731027 0.044167262 0.053839382 0.988295436
1403638595677829376.000000 5.287385941 4.046569824 6.165340424 -0.136512071 0.044234294 0.052007057 0.988282919
1403638595727829504.000000 5.289386272 4.034564495 6.161209106 -0.137540847 0.043474630 0.049023423 0.988326490
1403638595777829376.000000 5.293107033 4.022467613 6.159954548 -0.138537079 0.042685129 0.047139175 0.988313437
1403638595827829504.000000 5.294400215 4.010190487 6.154175758 -0.138965815 0.041979890 0.046125852 0.988331258
1403638595877829376.000000 5.293411255 3.997851610 6.149830818 -0.139111176 0.041972663 0.045864377 0.988323331
1403638595927829504.000000 5.288581848 3.985370159 6.147055626 -0.139598101 0.042424116 0.045026563 0.988273859
1403638595977829376.000000 5.280643463 3.972576618 6.146208286 -0.140217677 0.042526729 0.043373797 0.988255680
1403638596027829504.000000 5.271124840 3.959458828 6.146771431 -0.141395584 0.042954717 0.040633533 0.988185823
1403638596077829376.000000 5.260140896 3.945701122 6.147799492 -0.143809631 0.041482605 0.035176430 0.988109648
1403638596127829504.000000 5.249395847 3.930793047 6.149174213 -0.146228865 0.041191611 0.029215725 0.987960994
1403638596177829376.000000 5.239045143 3.914302826 6.150066853 -0.148965955 0.039278023 0.022275908 0.987810791
1403638596227829504.000000 5.230476856 3.895927906 6.149808884 -0.151430339 0.037936252 0.015341053 0.987620592
1403638596277829376.000000 5.227575779 3.873349667 6.146290302 -0.154204026 0.036503725 0.008496881 0.987327993
1403638596327829504.000000 5.222373486 3.850733042 6.143953323 -0.156222686 0.036039419 0.002509910 0.987060964
1403638596377829376.000000 5.219863415 3.825204849 6.141024590 -0.157878131 0.036308356 -0.002979272 0.986786425
1403638596427829504.000000 5.219478607 3.796340704 6.137019157 -0.158761725 0.036233142 -0.005768696 0.986635029
1403638596477829376.000000 5.220892429 3.764356613 6.132738113 -0.159862459 0.037017174 -0.010005361 0.986394286
1403638596527829504.000000 5.224905014 3.729022026 6.128280163 -0.161166161 0.036664978 -0.014107760 0.986145139
1403638596577829376.000000 5.231591702 3.690222502 6.123744488 -0.162574679 0.035621341 -0.018451225 0.985880435
1403638596627829504.000000 5.240573406 3.647583008 6.119204998 -0.164109409 0.035590529 -0.022995140 0.985531688
1403638596677829376.000000 5.251310825 3.600694180 6.114206314 -0.165765002 0.034843400 -0.027723165 0.985159576
1403638596727829504.000000 5.264237404 3.549818277 6.109471798 -0.166728213 0.034192238 -0.030601919 0.984934628
1403638596777829376.000000 5.284605503 3.493489742 6.111800194 -0.167303130 0.034094684 -0.032575186 0.984777212
1403638596827829504.000000 5.301386833 3.433570385 6.106535912 -0.168305084 0.034195948 -0.035611406 0.984497845
1403638596877829376.000000 5.319883823 3.369170904 6.101202965 -0.168636680 0.035015468 -0.037002165 0.984360993
1403638596927829504.000000 5.339115620 3.300462246 6.096366405 -0.169110060 0.035818812 -0.038475171 0.984194338
1403638596977829376.000000 5.357819080 3.227828979 6.092261314 -0.169545323 0.037040748 -0.038650937 0.984067321
1403638597027829504.000000 5.375351429 3.151200056 6.089219093 -0.170415372 0.037290096 -0.039387308 0.983878434
1403638597077829376.000000 5.391844749 3.070583582 6.087379932 -0.171238378 0.038117230 -0.041094877 0.983633935
1403638597127829504.000000 5.407440662 2.985994101 6.086903095 -0.171976164 0.039611388 -0.041639972 0.983423293
1403638597177829376.000000 5.422020435 2.897341967 6.087398052 -0.172886103 0.040753186 -0.042498622 0.983180344
1403638597227829504.000000 5.435060978 2.804389000 6.088952541 -0.172868848 0.043016084 -0.040738441 0.983161449
1403638597277829376.000000 5.447319984 2.708977222 6.104096413 -0.172481194 0.045328531 -0.037870780 0.983240247
1403638597327829504.000000 5.458036423 2.607184887 6.108143330 -0.171900392 0.046733070 -0.034990225 0.983382940
1403638597377829376.000000 5.467451572 2.501649618 6.112812996 -0.171107247 0.048421435 -0.031073479 0.983571172
1403638597427829504.000000 5.475757599 2.392661095 6.117903709 -0.169807777 0.050572433 -0.026759088 0.983814895
1403638597477829376.000000 5.483089924 2.280294657 6.123279572 -0.167499930 0.054420248 -0.020207571 0.984161496
1403638597527829504.000000 5.488938808 2.165008068 6.128762722 -0.164431855 0.058914993 -0.012350811 0.984549999
1403638597577829376.000000 5.493535042 2.047418356 6.134451389 -0.161689579 0.062714063 -0.004878948 0.984834909
1403638597627829504.000000 5.497054577 1.927806854 6.139348984 -0.160566106 0.064792044 -0.000869790 0.984895885
1403638597677829376.000000 5.498698235 1.806588292 6.144436836 -0.160072714 0.066475227 0.001095110 0.984863758
1403638597727829504.000000 5.498826981 1.683762908 6.149115562 -0.160516694 0.066035561 -0.000085633 0.984821677
1403638597777829376.000000 5.490331650 1.571684361 6.164097786 -0.160643086 0.063856758 -0.005248350 0.984930754
1403638597827829504.000000 5.488416672 1.444990754 6.168790817 -0.159441590 0.062650263 -0.010931763 0.985156775
1403638597877829376.000000 5.484890461 1.315956235 6.173056602 -0.158066154 0.060838055 -0.017310789 0.985400558
1403638597927829504.000000 5.480184555 1.184515715 6.176504612 -0.156789050 0.059393801 -0.022858795 0.985579550
1403638597977829376.000000 5.475492001 1.050412655 6.179515362 -0.154020667 0.059552573 -0.025702380 0.985936403
1403638598027829504.000000 5.471714973 0.913388550 6.182122231 -0.151230231 0.059313823 -0.027064390 0.986346245
1403638598077829376.000000 5.470027447 0.773769498 6.183538437 -0.146779209 0.060973484 -0.023968114 0.986997306
1403638598127829504.000000 5.468875408 0.631568849 6.183009624 -0.140204906 0.060651451 -0.015197408 0.988146305
1403638598177829376.000000 5.467823029 0.487076640 6.179972172 -0.133476734 0.060401436 -0.004459797 0.989199579
1403638598227829504.000000 5.468168259 0.341431707 6.176096916 -0.127829626 0.060525056 0.004288461 0.989938378
1403638598277829376.000000 5.454796791 0.207632795 6.187717438 -0.122820392 0.058402233 0.011935763 0.990637183
1403638598327829504.000000 5.453795433 0.061279900 6.181405067 -0.119205184 0.057126712 0.018014567 0.991061151
1403638598377829376.000000 5.451046467 -0.084988259 6.175423622 -0.116559818 0.055503640 0.022185665 0.991383374
1403638598427829504.000000 5.446904182 -0.230848610 6.169708729 -0.115161464 0.053807259 0.024741134 0.991579890
1403638598477829376.000000 5.441380024 -0.376493901 6.163613796 -0.114028394 0.051651336 0.025833085 0.991797566
1403638598527829504.000000 5.434377193 -0.521648288 6.157544613 -0.111863144 0.051494896 0.026671318 0.992030025
1403638598577829376.000000 5.424425125 -0.666585565 6.152093887 -0.108810574 0.049215164 0.026795961 0.992481828
1403638598627829504.000000 5.399166107 -0.805186868 6.168864250 -0.105100751 0.047856621 0.024738858 0.993001282
1403638598677829376.000000 5.387681961 -0.948074579 6.164260864 -0.100392587 0.047790062 0.021778656 0.993560851
1403638598727829504.000000 5.376730919 -1.090305924 6.159585476 -0.094329141 0.047294963 0.019429088 0.994227231
1403638598777829376.000000 5.365793228 -1.232021213 6.154111862 -0.087384813 0.046841517 0.017233009 0.994923592
1403638598827829504.000000 5.357235909 -1.373460889 6.147375584 -0.079924650 0.048367888 0.013666478 0.995532930
1403638598877829376.000000 5.349463940 -1.514229298 6.140256882 -0.071672298 0.048290558 0.010216109 0.996206224
1403638598927829504.000000 5.329505920 -1.653003097 6.146737099 -0.063521534 0.047621083 0.005657486 0.996827602
1403638598977829376.000000 5.322406769 -1.793048382 6.138440132 -0.054302562 0.047631305 0.001832685 0.997386217
1403638599027829504.000000 5.316385746 -1.932846189 6.129237652 -0.044355821 0.047370601 -0.000663309 0.997891903
1403638599077829376.000000 5.312801838 -2.072342396 6.118890285 -0.034973174 0.047996741 -0.005632628 0.998219192
1403638599127829504.000000 5.310561180 -2.211536169 6.107266903 -0.025365654 0.047849521 -0.010044625 0.998481929
1403638599177829376.000000 5.308820248 -2.350727081 6.094015121 -0.015278604 0.048057072 -0.013948920 0.998630404
1403638599227829504.000000 5.307829857 -2.489155054 6.079889774 -0.005727791 0.047159977 -0.019375637 0.998682976
1403638599277829376.000000 5.294909000 -2.621702909 6.078134060 0.004144839 0.046565842 -0.023958823 0.998619318
1403638599327829504.000000 5.296372890 -2.759543896 6.061611652 0.015047874 0.044970144 -0.027378967 0.998499751
1403638599377829376.000000 5.298759460 -2.896473646 6.043607235 0.023857947 0.042015586 -0.031980395 0.998320043
1403638599427829504.000000 5.302497387 -3.032927990 6.024738789 0.031600721 0.040563185 -0.036299050 0.998017251
1403638599477829376.000000 5.306704044 -3.168851852 6.005892277 0.038614828 0.038616184 -0.038454629 0.997766972
1403638599527829504.000000 5.310689449 -3.303916454 5.987141132 0.043336082 0.036824014 -0.041975148 0.997498989
1403638599577829376.000000 5.313288212 -3.438069105 5.968992710 0.047766566 0.034668103 -0.042816538 0.997338057
1403638599627829504.000000 5.304773331 -3.570402384 5.967259407 0.050928921 0.033816874 -0.043414693 0.997184992
1403638599677829376.000000 5.302913666 -3.703378201 5.949309826 0.052957296 0.031923234 -0.044940948 0.997074127
1403638599727829504.000000 5.299323082 -3.835954189 5.932418823 0.054266922 0.031437058 -0.044950396 0.997018754
1403638599777829376.000000 5.294539928 -3.967987537 5.917556763 0.054575823 0.031501971 -0.045158044 0.996990442
1403638599827829504.000000 5.288236618 -4.099508286 5.904296398 0.054734122 0.030111121 -0.043637235 0.997092426
1403638599877829376.000000 5.281136036 -4.230196953 5.891978264 0.054899476 0.028935041 -0.042181734 0.997180820
1403638599927829504.000000 5.273376942 -4.360559464 5.880714417 0.055068661 0.027685588 -0.038965277 0.997337759
1403638599977829376.000000 5.264893055 -4.490480900 5.870855808 0.055153426 0.028224470 -0.035382032 0.997451603
1403638600027829504.000000 5.255824566 -4.619731903 5.862345219 0.055821382 0.028385485 -0.030617153 0.997567534
1403638600077829376.000000 5.246393681 -4.748023510 5.855425835 0.056336697 0.025565311 -0.025465909 0.997759581
1403638600127829504.000000 5.232742310 -4.872034073 5.874852180 0.058315929 0.024109421 -0.018307785 0.997839153
1403638600177829376.000000 5.222534657 -4.997964382 5.869186401 0.060763221 0.021395683 -0.009249823 0.997880101
1403638600227829504.000000 5.211427689 -5.121795654 5.864353657 0.061945003 0.017873976 -0.002327750 0.997916818
1403638600277829376.000000 5.199422836 -5.243494511 5.860607147 0.063318610 0.016168613 0.004819650 0.997850835
1403638600327829504.000000 5.187734604 -5.362686634 5.858567715 0.064163372 0.013496842 0.010333106 0.997794688
1403638600377829376.000000 5.177177429 -5.479125500 5.857653618 0.064987980 0.012194619 0.015936194 0.997684300
1403638600427829504.000000 5.167795181 -5.592535019 5.857699394 0.066241577 0.009838615 0.021459145 0.997524321
1403638600477829376.000000 5.161407948 -5.702347755 5.858188152 0.066682927 0.008826060 0.024585139 0.997432232
1403638600527829504.000000 5.158040047 -5.808302402 5.859286308 0.065771043 0.008092034 0.024419161 0.997503102
1403638600577829376.000000 5.157459736 -5.910596371 5.861200809 0.064610884 0.007847222 0.023963181 0.997591913
1403638600627829504.000000 5.161366940 -6.009691238 5.889729023 0.064826898 0.005850161 0.025089484 0.997563958
1403638600677829376.000000 5.164937019 -6.104640007 5.893151760 0.065479122 0.004878185 0.027671644 0.997458279
1403638600727829504.000000 5.171838760 -6.197401047 5.896650314 0.064600155 0.001710745 0.026175726 0.997566402
1403638600777829376.000000 5.180139065 -6.286345959 5.901804924 0.065124400 -0.001856561 0.026954256 0.997511387
1403638600827829504.000000 5.190829754 -6.371760368 5.908419132 0.063250624 -0.005051523 0.021272101 0.997758210
1403638600877829376.000000 5.203264713 -6.454192162 5.916306019 0.060605381 -0.007049820 0.013225109 0.998049319
1403638600927829504.000000 5.215537548 -6.534149170 5.926275253 0.056836702 -0.008784513 0.002130857 0.998342633
1403638600977829376.000000 5.227329254 -6.612423420 5.938807964 0.053793427 -0.008732389 -0.007359544 0.998486817
1403638601027829504.000000 5.238627434 -6.689387798 5.953905582 0.051567998 -0.008981797 -0.014600728 0.998522401
1403638601077829376.000000 5.249470234 -6.765605450 5.971527100 0.050435565 -0.008563091 -0.019062027 0.998508751
1403638601127829504.000000 5.268990993 -6.836301804 6.012940407 0.049415834 -0.005976074 -0.023292977 0.998488784
1403638601177829376.000000 5.279574394 -6.911082268 6.035270691 0.047606859 -0.005063774 -0.029019324 0.998431683
1403638601227829504.000000 5.293814182 -6.984320641 6.062404633 0.046135604 0.000166448 -0.033967674 0.998357594
1403638601277829376.000000 5.303969860 -7.058928013 6.088323593 0.044020716 0.007308782 -0.039832335 0.998209476
1403638601327829504.000000 5.314258099 -7.134162903 6.115667343 0.044695094 0.013957017 -0.042175442 0.998012483
1403638601377829376.000000 5.324895382 -7.210172653 6.143891811 0.048606806 0.016520189 -0.041023206 0.997838438
1403638601427829504.000000 5.337424278 -7.287214279 6.172780514 0.055002715 0.021598978 -0.038144615 0.997523546
1403638601477829376.000000 5.351153851 -7.364506721 6.201588631 0.062283825 0.024026833 -0.037353326 0.997069836
1403638601527829504.000000 5.366751671 -7.441992760 6.229977131 0.070210591 0.028584387 -0.039355215 0.996345699
1403638601577829376.000000 5.383502483 -7.519264221 6.257800579 0.079223230 0.031969100 -0.042950150 0.995418012
1403638601627829504.000000 5.401309967 -7.596492767 6.285806179 0.088738814 0.033464961 -0.047198866 0.994373083
1403638601677829376.000000 5.420789719 -7.673913002 6.313138962 0.099411421 0.035334304 -0.053450637 0.992981374
1403638601727829504.000000 5.466017723 -7.745027542 6.354644775 0.111435339 0.035857998 -0.059936788 0.991314232
1403638601777829376.000000 5.488546848 -7.822027683 6.380019665 0.123751715 0.037857875 -0.068013281 0.989255607
1403638601827829504.000000 5.510532379 -7.901199818 6.402858257 0.137629196 0.039747626 -0.075548984 0.986798227
1403638601877829376.000000 5.534582138 -7.979775906 6.424961090 0.150817201 0.042303529 -0.084517702 0.984033227
1403638601927829504.000000 5.558353424 -8.058520317 6.446229935 0.164094061 0.042634856 -0.090758972 0.981334984
1403638601977829376.000000 5.581277370 -8.137259483 6.467463493 0.175516233 0.042884007 -0.095956765 0.978850007
1403638602027829504.000000 5.602766514 -8.215939522 6.488831043 0.185550019 0.041947413 -0.100484788 0.976583064
1403638602077829376.000000 5.622372627 -8.294436455 6.510380745 0.193974957 0.041531559 -0.103886977 0.974605739
1403638602127829504.000000 5.640552044 -8.373116493 6.532021523 0.200581968 0.043370895 -0.108703323 0.972661018
1403638602177829376.000000 5.656962872 -8.451853752 6.553503513 0.207273170 0.045991801 -0.113433830 0.970595360
1403638602227829504.000000 5.699343681 -8.525044441 6.578991890 0.214642689 0.048923410 -0.119470239 0.968122900
1403638602277829376.000000 5.712616920 -8.605252266 6.599750042 -0.223376930 -0.052150432 0.123571433 -0.965460181
1403638602327829504.000000 5.657609463 -8.752262115 6.530761242 0.229845464 0.058079321 -0.124894917 0.963430941
1403638602377829376.000000 5.671429634 -8.833221436 6.548622131 0.244295135 0.064248681 -0.120898135 0.959987342
1403638602427829504.000000 5.750900269 -8.849958420 6.649599075 -0.265850246 -0.074948691 0.113073826 -0.954421699
1403638602477829376.000000 5.767107964 -8.930788994 6.660419464 -0.282068789 -0.089961469 0.105766460 -0.949293256
1403638602527829504.000000 5.783687592 -9.009586334 6.668157578 -0.298794895 -0.102742761 0.096419953 -0.943858445
1403638602577829376.000000 5.800980568 -9.085260391 6.672316551 -0.314331204 -0.113458820 0.089146093 -0.938283563
1403638602627829504.000000 5.818220139 -9.156883240 6.672954559 -0.327644080 -0.118850246 0.086226843 -0.933321476
1403638602677829376.000000 5.835355282 -9.223720551 6.670154572 -0.338536173 -0.120147265 0.088504404 -0.929045200
1403638602727829504.000000 5.879330635 -9.279646873 6.661218643 0.349273801 0.118163057 -0.092077427 0.924968660
1403638602777829376.000000 5.895709515 -9.336822510 6.650292873 0.358088255 0.116654858 -0.099070303 0.921058953
1403638602827829504.000000 5.911450386 -9.389149666 6.635562897 0.367146760 0.115106270 -0.105333194 0.916983545
1403638602877829376.000000 5.899277687 -9.442808151 6.619299412 -0.377032906 -0.113664642 0.109384492 -0.912667334
1403638602927829504.000000 5.914217949 -9.486541748 6.597703934 -0.387802780 -0.108268492 0.112889148 -0.908373773
1403638602977829376.000000 5.859161377 -9.596115112 6.496424675 0.396629691 0.101171084 -0.112369731 0.905440509
1403638603027829504.000000 5.964978218 -9.561343193 6.550857067 0.413184494 0.095367417 -0.112889990 0.898576379
1403638603077829376.000000 5.975031853 -9.594662666 6.525339603 0.424192250 0.094355032 -0.114294730 0.893361568
1403638603127829504.000000 5.983513355 -9.623635292 6.499133587 0.434233576 0.095632814 -0.115092568 0.888284504
1403638603177829376.000000 5.990381241 -9.648044586 6.472330093 0.441274524 0.095949359 -0.119252540 0.884222448
1403638603227829504.000000 6.016340256 -9.662190437 6.435159683 0.446700543 0.087042980 -0.126479492 0.881410837
1403638603277829376.000000 6.015416145 -9.678799629 6.409049988 0.449065477 0.076233208 -0.135810465 0.879820585
1403638603327829504.000000 6.012087345 -9.691791534 6.382475376 0.450002909 0.063253254 -0.144951001 0.878911674
1403638603377829376.000000 6.006982803 -9.702342033 6.356281757 0.450389653 0.051923465 -0.152870938 0.878113687
1403638603427829504.000000 6.000722885 -9.710920334 6.330166817 0.450685233 0.042371247 -0.158457875 0.877484262
1403638603477829376.000000 5.994483948 -9.717791557 6.304960251 0.450889200 0.036005262 -0.161651343 0.877081156
1403638603527829504.000000 5.987689018 -9.724162102 6.279976845 0.451791346 0.034648497 -0.164301947 0.876178622
1403638603577829376.000000 5.980556488 -9.729760170 6.255679607 0.454357535 0.037158310 -0.164411187 0.874727070
1403638603627829504.000000 5.963741779 -9.737855911 6.238285542 0.457117528 0.041480023 -0.163416520 0.873280048
1403638603677829376.000000 5.956507206 -9.740777016 6.215859413 0.457896739 0.048707396 -0.164150074 0.872360587
1403638603727829504.000000 5.963766098 -9.738145828 6.189106464 0.458194345 0.053993460 -0.168693006 0.871025503
1403638603777829376.000000 5.950358391 -9.738412857 6.167559624 0.457241863 0.061543260 -0.172652856 0.870249033
1403638603827829504.000000 5.915199280 -9.742093086 6.151090145 0.455734700 0.069165327 -0.175129861 0.869972229
1403638603877829376.000000 5.897766113 -9.739970207 6.128386974 0.454230368 0.076407313 -0.178910300 0.869383633
1403638603927829504.000000 5.878102303 -9.737149239 6.104906082 0.452896595 0.081756353 -0.181992263 0.868953109
1403638603977829376.000000 5.857158184 -9.733285904 6.080284119 0.452097386 0.088192955 -0.183323368 0.868459880
1403638604027829504.000000 5.833764076 -9.728301048 6.054417133 0.450154305 0.090951748 -0.186622709 0.868481934
1403638604077829376.000000 5.810399055 -9.722329140 6.026460648 0.448840320 0.094913192 -0.188455626 0.868342340
1403638604127829504.000000 5.786737442 -9.715717316 5.995100021 0.448278457 0.096498832 -0.189696789 0.868187547
1403638604177829376.000000 5.764106750 -9.709429741 5.960181713 0.448465228 0.095944062 -0.189777538 0.868134856
1403638604227829504.000000 5.764004230 -9.694684982 5.919748783 0.450968117 0.091386475 -0.187935710 0.867730677
1403638604277829376.000000 5.741748810 -9.685188293 5.877886295 0.452521145 0.086450167 -0.184628621 0.868137836
1403638604327829504.000000 5.719521523 -9.674176216 5.833000660 0.454112530 0.080213495 -0.181565776 0.868551433
1403638604377829376.000000 5.697876930 -9.661706924 5.785782337 0.454888433 0.073300056 -0.179899603 0.869102895
1403638604427829504.000000 5.676985741 -9.647819519 5.736422539 0.454783022 0.066650525 -0.179999769 0.869672537
1403638604477829376.000000 5.657564163 -9.633437157 5.685418129 0.453361124 0.060565621 -0.183196187 0.870192409
1403638604527829504.000000 5.639378071 -9.618638992 5.633022785 0.452817708 0.054818686 -0.183950141 0.870697141
1403638604577829376.000000 5.620925903 -9.602947235 5.579990387 0.451887578 0.053004190 -0.185822681 0.870895028
1403638604627829504.000000 5.600694656 -9.586909294 5.527195930 0.452015549 0.049509123 -0.185494810 0.871104181
1403638604677829376.000000 5.579267979 -9.570414543 5.474755287 0.452773809 0.047119278 -0.183372155 0.871292353
1403638604727829504.000000 5.554368019 -9.548917770 5.434141159 0.454120040 0.044492539 -0.181326672 0.871157944
1403638604777829376.000000 5.531009674 -9.531315804 5.382787228 0.454874992 0.043160718 -0.179191023 0.871272922
1403638604827829504.000000 5.507424355 -9.513242722 5.331384182 0.455300719 0.040202852 -0.177781329 0.871480882
1403638604877829376.000000 5.486757278 -9.499328613 5.268568039 0.454472750 0.037528567 -0.178259283 0.871934533
1403638604927829504.000000 5.463341713 -9.477035522 5.223567009 0.454202801 0.033279546 -0.179877698 0.871915340
1403638604977829376.000000 5.442730904 -9.458041191 5.170574188 0.453259200 0.027332291 -0.181831941 0.872207701
1403638605027829504.000000 5.424133301 -9.438987732 5.117440224 0.452336907 0.020829145 -0.183824480 0.872448385
1403638605077829376.000000 5.407934189 -9.419528961 5.063757420 0.451486647 0.016043197 -0.185583249 0.872617483
1403638605127829504.000000 5.393826485 -9.400403023 5.010324478 0.450583786 0.011328141 -0.187564611 0.872734547
1403638605177829376.000000 5.382147312 -9.382365227 4.957706928 0.450015724 0.008918642 -0.189086229 0.872727156
1403638605227829504.000000 5.365412235 -9.368765831 4.922652245 0.449486613 0.008137385 -0.191209137 0.872545004
1403638605277829376.000000 5.354697227 -9.353327751 4.872735500 0.448606551 0.007689252 -0.193598956 0.872474909
1403638605327829504.000000 5.343752861 -9.338949203 4.824726105 0.447335958 0.010211173 -0.196570829 0.872436941
1403638605377829376.000000 5.332247734 -9.325667381 4.778088570 0.446065813 0.016354006 -0.200065598 0.872199357
1403638605427829504.000000 5.320206642 -9.314016342 4.732820511 0.444801807 0.023867812 -0.203835353 0.871798575
1403638605477829376.000000 5.307021141 -9.303153992 4.688851833 0.443460822 0.034027223 -0.207610697 0.871253431
1403638605527829504.000000 5.292140007 -9.293291092 4.645326614 0.442607254 0.041576963 -0.210038692 0.870777786
1403638605577829376.000000 5.279036522 -9.284482956 4.590935707 0.441392958 0.048331231 -0.213288292 0.870255411
1403638605627829504.000000 5.261616707 -9.275937080 4.544712543 0.440002799 0.054194953 -0.216441169 0.869835436
1403638605677829376.000000 5.242902279 -9.268173218 4.497601986 0.439508259 0.057821609 -0.217955396 0.869473755
1403638605727829504.000000 5.215797901 -9.271748543 4.468935490 0.439071387 0.059496921 -0.219533756 0.869184375
1403638605777829376.000000 5.198212624 -9.265694618 4.417590141 0.439022869 0.059272084 -0.219724253 0.869176149
1403638605827829504.000000 5.182233810 -9.260733604 4.363221645 0.438261956 0.058513686 -0.221113563 0.869259119
1403638605877829376.000000 5.175784111 -9.246723175 4.286475182 0.437298059 0.059361272 -0.222577363 0.869313538
1403638605927829504.000000 5.153016090 -9.255704880 4.248903275 0.436727434 0.059582919 -0.223884180 0.869249642
1403638605977829376.000000 5.139142036 -9.255997658 4.188841820 0.435246915 0.060964167 -0.226312369 0.869267642
1403638606027829504.000000 5.123526096 -9.256757736 4.127905369 0.434319705 0.061185900 -0.227413595 0.869428456
1403638606077829376.000000 5.114313126 -9.248428345 4.045170784 0.433227479 0.061140459 -0.228284553 0.869748235
1403638606127829504.000000 5.094153881 -9.251642227 3.981532574 0.432160944 0.061514236 -0.229639113 0.869895875
1403638606177829376.000000 5.071807861 -9.264594078 3.920639515 0.431328923 0.062348146 -0.231498167 0.869756758
1403638606227829504.000000 5.031428814 -9.283120155 3.880237103 0.430649996 0.062030319 -0.232637689 0.869811833
1403638606277829376.000000 5.004730225 -9.289184570 3.812037468 0.429823756 0.060804944 -0.233080894 0.870188296
1403638606327829504.000000 4.975326538 -9.297015190 3.742775917 0.430386245 0.055928305 -0.230688050 0.870874703
1403638606377829376.000000 4.943500519 -9.306188583 3.673014164 0.431490481 0.046910420 -0.226852477 0.871867776
1403638606427829504.000000 4.909733295 -9.316481590 3.602708340 0.432691246 0.038992345 -0.222932503 0.872673512
1403638606477829376.000000 4.873768806 -9.328558922 3.532445431 0.434226185 0.029622443 -0.217857644 0.873560607
1403638606527829504.000000 4.836377144 -9.341691017 3.462707520 0.435753912 0.020850128 -0.213371545 0.874160349
1403638606577829376.000000 4.797900200 -9.356481552 3.393723965 0.437075883 0.014025950 -0.211032972 0.874204218
1403638606627829504.000000 4.757933617 -9.372641563 3.325606346 0.439274162 0.008300091 -0.209790975 0.873474181
1403638606677829376.000000 4.717651367 -9.390667915 3.257992268 0.442398131 0.004573524 -0.210223228 0.871819556
1403638606727829504.000000 4.660003185 -9.423866272 3.218481541 0.446012139 0.000447676 -0.213391140 0.869216502
1403638606777829376.000000 4.618577957 -9.445580482 3.155632973 0.451143265 -0.002430297 -0.215720296 0.865984261
1403638606827829504.000000 4.577485085 -9.468327522 3.089259624 0.457058191 -0.005031470 -0.219243988 0.861977160
1403638606877829376.000000 4.537292480 -9.493820190 3.026231766 0.464484185 -0.007759686 -0.221811846 0.857317805
1403638606927829504.000000 4.499171257 -9.521856308 2.963988304 0.472321987 -0.008248267 -0.225949094 0.851933658
1403638606977829376.000000 4.462914467 -9.552566528 2.902413845 0.481286645 -0.010115782 -0.228762478 0.846125662
1403638607027829504.000000 4.429968834 -9.585370064 2.841287136 0.490880966 -0.010404264 -0.231154174 0.839937747
1403638607077829376.000000 4.399807930 -9.619601250 2.780543804 0.500015497 -0.011391772 -0.233039692 0.833994806
1403638607127829504.000000 4.372082710 -9.655780792 2.720791817 0.509447038 -0.012672509 -0.230027914 0.829090059
1403638607177829376.000000 4.347222805 -9.693499565 2.662242413 0.517001569 -0.007672805 -0.229647309 0.824568212
1403638607227829504.000000 4.305404663 -9.750390053 2.640415192 0.525229812 -0.001903943 -0.226433948 0.820279002
1403638607277829376.000000 4.280728340 -9.789805412 2.585842609 0.531355917 0.006205015 -0.224574476 0.816816270
1403638607327829504.000000 4.254308701 -9.829835892 2.533539772 0.537124693 0.010179990 -0.220509708 0.814106226
1403638607377829376.000000 4.226381302 -9.870030403 2.483262062 0.541962504 0.013687265 -0.217249885 0.811721504
1403638607427829504.000000 4.196832657 -9.910447121 2.435360909 0.545164824 0.015717149 -0.215750486 0.809938312
1403638607477829376.000000 4.166111946 -9.950388908 2.389317989 0.547322810 0.014692351 -0.214971825 0.808708251
1403638607527829504.000000 4.138133049 -9.991324425 2.336767673 0.549080014 0.014504718 -0.213735715 0.807847619
1403638607577829376.000000 4.105886459 -10.030383110 2.292943954 0.549516022 0.014499856 -0.214863315 0.807251990
1403638607627829504.000000 4.072673798 -10.068452835 2.251857281 0.550021112 0.014585645 -0.214439586 0.807018995
1403638607677829376.000000 4.039726257 -10.106624603 2.211117268 0.550294459 0.016089529 -0.214121848 0.806888521
1403638607727829504.000000 3.991715908 -10.164090157 2.206373215 0.550903380 0.019208184 -0.214278400 0.806362987
1403638607777829376.000000 3.958107233 -10.201460838 2.168629169 0.550272703 0.019801944 -0.214708075 0.806664884
1403638607827829504.000000 3.923936844 -10.238630295 2.132317543 0.550045609 0.018694814 -0.214510113 0.806898832
1403638607877829376.000000 3.888809919 -10.275790215 2.097657681 0.549950778 0.016548632 -0.212625459 0.807508945
1403638607927829504.000000 3.853115797 -10.312945366 2.065158367 0.549926162 0.012167531 -0.210822776 0.808076143
1403638607977829376.000000 3.816968441 -10.349642754 2.035147190 0.549678028 0.009657357 -0.209130675 0.808718264
1403638608027829504.000000 3.780046225 -10.386604309 2.007415295 0.549664080 0.010338114 -0.206820086 0.809313297
1403638608077829376.000000 3.743001938 -10.423126221 1.981382847 0.548905253 0.013176769 -0.206536710 0.809859276
1403638608127829504.000000 3.705247641 -10.459015846 1.957484245 0.547887504 0.016642509 -0.206624836 0.810461938
1403638608177829376.000000 3.666560173 -10.495223045 1.935784817 0.546011865 0.020547908 -0.208650231 0.811118901
1403638608227829504.000000 3.619874001 -10.537456512 1.928816795 0.545956969 0.025574865 -0.208431780 0.811069191
1403638608277829376.000000 3.580310583 -10.571503639 1.907947540 0.545356750 0.029965973 -0.208033472 0.811424792
1403638608327829504.000000 3.540142298 -10.604849815 1.888019085 0.545300364 0.035245322 -0.206686333 0.811594844
1403638608377829376.000000 3.498883247 -10.637226105 1.868922710 0.545123219 0.040510822 -0.206254199 0.811577976
1403638608427829504.000000 3.455902338 -10.668487549 1.850941181 0.545344651 0.041539211 -0.205427796 0.811586797
1403638608477829376.000000 3.411373138 -10.698413849 1.834069252 0.544858992 0.040848181 -0.205890283 0.811830878
1403638608527829504.000000 3.365678787 -10.727121353 1.818126678 0.544128895 0.038802553 -0.207106009 0.812111616
1403638608577829376.000000 3.319447279 -10.754750252 1.802946091 0.543571532 0.038775012 -0.207638636 0.812350094
1403638608627829504.000000 3.274108648 -10.781331062 1.787756920 0.544613957 0.040459082 -0.203892916 0.812518597
1403638608677829376.000000 3.230318785 -10.806549072 1.771994591 0.546044111 0.042825591 -0.201097056 0.812134147
1403638608727829504.000000 3.187920094 -10.837060928 1.766432762 0.547404528 0.044615582 -0.199610129 0.811488509
1403638608777829376.000000 3.145293713 -10.858413696 1.750567436 0.546888649 0.042721398 -0.200587824 0.811697185
1403638608827829504.000000 3.104017019 -10.879001617 1.734395981 0.546584547 0.040051360 -0.201905519 0.811711371
1403638608877829376.000000 3.065075397 -10.898080826 1.717826366 0.546294093 0.036731202 -0.202728823 0.811858714
1403638608927829504.000000 3.028234005 -10.915303230 1.700775146 0.545765460 0.033365581 -0.204264954 0.811974585
1403638608977829376.000000 2.993034124 -10.930316925 1.680728912 0.545866787 0.029741196 -0.204354540 0.812024772
1403638609027829504.000000 2.959497213 -10.945304871 1.662963390 0.545824885 0.026863290 -0.204527527 0.812109709
1403638609077829376.000000 2.928108692 -10.960015297 1.645377636 0.545324087 0.025037710 -0.205376148 0.812290311
1403638609127829504.000000 2.898288488 -10.973705292 1.628021240 0.545079947 0.024427118 -0.205816522 0.812361240
1403638609177829376.000000 2.869899511 -10.986792564 1.611219883 0.546018243 0.024119895 -0.203178689 0.812404394
1403638609227829504.000000 2.853493452 -11.003009796 1.597898960 0.548501492 0.023582030 -0.198079437 0.812006593
1403638609277829376.000000 2.824115992 -11.014113426 1.583140850 0.549988329 0.022875084 -0.194126368 0.811975718
1403638609327829504.000000 2.793743372 -11.024116516 1.570383072 0.550069153 0.022685939 -0.193477571 0.812081158
1403638609377829376.000000 2.750630856 -11.028964996 1.557218075 0.548813224 0.023098610 -0.195015341 0.812551320
1403638609427829504.000000 2.718321800 -11.037088394 1.548050880 0.548057973 0.023576407 -0.196613416 0.812662184
1403638609477829376.000000 2.684891462 -11.044473648 1.540005684 0.546981692 0.023852065 -0.198686600 0.812875032
1403638609527829504.000000 2.650629282 -11.051160812 1.533881187 0.546158552 0.024269316 -0.200326487 0.813013613
1403638609577829376.000000 2.614958525 -11.057175636 1.529681206 0.545192122 0.024621461 -0.202081889 0.813217282
1403638609627829504.000000 2.581511497 -11.065443039 1.529870033 0.545537353 0.024642073 -0.202308983 0.812928617
1403638609677829376.000000 2.543548107 -11.070629120 1.527812958 0.544805527 0.026631052 -0.204395369 0.812834740
1403638609727829504.000000 2.519690752 -11.071794510 1.519735813 0.544422567 0.027243227 -0.205705076 0.812740684
1403638609777829376.000000 2.482899189 -11.075895309 1.518374920 0.544384181 0.026842883 -0.205788046 0.812758625
1403638609827829504.000000 2.447800875 -11.079872131 1.517075539 0.544620574 0.025622444 -0.205184042 0.812792480
1403638609877829376.000000 2.401513815 -11.087267876 1.522196293 0.544427752 0.026583662 -0.204853252 0.812974095
1403638609927829504.000000 2.371633053 -11.089753151 1.520428658 0.544454813 0.026555521 -0.204373941 0.813077629
1403638609977829376.000000 2.343257666 -11.091556549 1.518677711 0.544763029 0.027531959 -0.203492224 0.813059807
1403638610027829504.000000 2.317420483 -11.093403816 1.516443253 0.545534492 0.028402941 -0.201595202 0.812985182
1403638610077829376.000000 2.294630051 -11.094594955 1.513470650 0.546308517 0.031177804 -0.199291885 0.812931597
1403638610127829504.000000 2.272272348 -11.094205856 1.511043072 0.546992302 0.033129260 -0.197631657 0.812799871
1403638610177829376.000000 2.250011206 -11.092780113 1.508919716 0.546870947 0.036493409 -0.197495386 0.812770665
1403638610227829504.000000 2.245388269 -11.078668594 1.491860390 0.547678769 0.037444107 -0.196550384 0.812412441
1403638610277829376.000000 2.220488310 -11.075562477 1.492389202 0.547881544 0.038220126 -0.195161924 0.812574267
1403638610327829504.000000 2.194351912 -11.071462631 1.494019985 0.548070431 0.039130535 -0.194738403 0.812505186
1403638610377829376.000000 2.166910887 -11.066383362 1.496807575 0.548250556 0.038845219 -0.194070265 0.812557220
1403638610427829504.000000 2.138835907 -11.059974670 1.500513554 0.548523962 0.039859243 -0.192959309 0.812588155
1403638610477829376.000000 2.109853745 -11.052240372 1.505221844 0.548232615 0.041886497 -0.193391785 0.812579930
1403638610527829504.000000 2.080372095 -11.042947769 1.510526657 0.548290968 0.045220450 -0.192767665 0.812510192
1403638610577829376.000000 2.050582647 -11.032013893 1.516145706 0.549657643 0.050471712 -0.189388379 0.812072158
1403638610627829504.000000 2.020807505 -11.019061089 1.521694183 0.551070094 0.056562372 -0.185740441 0.811555922
1403638610677829376.000000 1.991057634 -11.003457069 1.526960373 0.551913679 0.058288597 -0.183768019 0.811309516
1403638610727829504.000000 1.963032246 -10.974107742 1.516118050 0.551334023 0.054802798 -0.186141282 0.811405540
1403638610777829376.000000 1.935063124 -10.953132629 1.520008087 0.551034808 0.048932105 -0.188108161 0.811530471
1403638610827829504.000000 1.907623291 -10.941926956 1.539009571 0.550511658 0.042565495 -0.190977618 0.811574221
1403638610877829376.000000 1.884666204 -10.918183327 1.541631699 0.550009668 0.038182013 -0.193712860 0.811484337
1403638610927829504.000000 1.737476110 -10.999002457 1.370948792 0.538968027 0.041701052 -0.193920255 0.818638802
1403638610977829376.000000 1.842816830 -10.862402916 1.535253525 0.550398827 0.036627226 -0.194066823 0.811207592
1403638611027829504.000000 1.822931767 -10.837207794 1.539321899 0.551579177 0.037800036 -0.191475376 0.810967803
1403638611077829376.000000 1.802584887 -10.810541153 1.544270039 0.552275181 0.040784504 -0.190472275 0.810585618
1403638611127829504.000000 1.780721903 -10.782516479 1.550307274 0.553303659 0.041507222 -0.188998744 0.810192406
1403638611177829376.000000 1.757742882 -10.753128052 1.557393074 0.553593397 0.041505925 -0.189683586 0.809834421
1403638611227829504.000000 1.731454611 -10.708285332 1.543289185 0.553574204 0.041604273 -0.189939618 0.809782505
1403638611277829376.000000 1.710142374 -10.676125526 1.550364017 0.553616285 0.041554481 -0.190833554 0.809546053
1403638611327829504.000000 1.693899393 -10.655798912 1.578479290 0.552942216 0.043147709 -0.193065658 0.809394181
1403638611377829376.000000 1.674896240 -10.619279861 1.584433079 0.551166296 0.046840396 -0.197556823 0.809316337
1403638611427829504.000000 1.657759666 -10.582127571 1.589289188 0.548193455 0.052435536 -0.204357520 0.809303701
1403638611477829376.000000 1.642045021 -10.543444633 1.592280865 0.545651317 0.055725459 -0.210321888 0.809273779
1403638611527829504.000000 1.627461672 -10.503868103 1.593824387 0.543252170 0.058520779 -0.215683192 0.809279382
1403638611577829376.000000 1.602355957 -10.445457458 1.565339088 0.540739119 0.057390697 -0.219730869 0.809954286
1403638611627829504.000000 1.589584112 -10.405108452 1.565221786 0.539974749 0.056107711 -0.221046314 0.810196102
1403638611677829376.000000 1.576911688 -10.364499092 1.563635349 0.539807856 0.054100603 -0.221083269 0.810433745
1403638611727829504.000000 1.562885284 -10.323340416 1.561501503 0.540738225 0.049344171 -0.218787476 0.810740113
1403638611777829376.000000 1.547377586 -10.281967163 1.559360504 0.542240798 0.044144861 -0.214958757 0.811060369
1403638611827829504.000000 1.530309200 -10.239793777 1.557121754 0.543368518 0.039328210 -0.211561307 0.811446786
1403638611877829376.000000 1.512027979 -10.197408676 1.555234909 0.544199646 0.034594811 -0.208987743 0.811772168
1403638611927829504.000000 1.492920876 -10.154385567 1.553308487 0.544602513 0.031440549 -0.207019553 0.812134624
1403638611977829376.000000 1.473177433 -10.111649513 1.551938057 0.545136333 0.028974526 -0.205684021 0.812207460
1403638612027829504.000000 1.453986883 -10.068723679 1.550906658 0.545172274 0.026920244 -0.204920232 0.812447071
1403638612077829376.000000 1.424546003 -10.022035599 1.531470776 0.543579280 0.026211372 -0.205981135 0.813268960
1403638612127829504.000000 1.408588171 -9.979050636 1.528644562 0.544519663 0.024007492 -0.203011706 0.813454509
1403638612177829376.000000 1.407315254 -9.939590454 1.543489456 0.544998765 0.024189856 -0.203964978 0.812889636
1403638612227829504.000000 1.396023273 -9.896956444 1.540580273 0.545020878 0.023353742 -0.203559086 0.813000977
1403638612277829376.000000 1.369448662 -9.850914001 1.517618179 0.543899834 0.024393870 -0.203230277 0.813803077
1403638612327829504.000000 1.362800121 -9.809185028 1.516326904 0.543585300 0.024069125 -0.204166949 0.813788474
1403638612377829376.000000 1.356895685 -9.767462730 1.515282631 0.543086946 0.025582088 -0.204585299 0.813969851
1403638612427829504.000000 1.350264549 -9.725398064 1.514880657 0.543001354 0.026386997 -0.204377770 0.814053476
1403638612477829376.000000 1.342372417 -9.683186531 1.515627861 0.542442739 0.028417993 -0.204262465 0.814386427
1403638612527829504.000000 1.332861185 -9.640464783 1.517156601 0.541619360 0.030999564 -0.205210343 0.814601898
1403638612577829376.000000 1.321822405 -9.597131729 1.519502163 0.540727139 0.033343796 -0.206088364 0.814880371
1403638612627829504.000000 1.308521986 -9.553621292 1.521765232 0.539019644 0.035247374 -0.209230065 0.815130830
1403638612677829376.000000 1.294243813 -9.510423660 1.524708271 0.537629306 0.038165867 -0.211110815 0.815432668
1403638612727829504.000000 1.278429031 -9.466913223 1.528308392 0.536357760 0.039843660 -0.212305993 0.815879345
1403638612777829376.000000 1.248102903 -9.418365479 1.512904167 0.534407377 0.041909222 -0.212264106 0.817065716
1403638612827829504.000000 1.243362427 -9.378794670 1.533562183 0.534949183 0.043014884 -0.211348772 0.816890955
1403638612877829376.000000 1.226186752 -9.333487511 1.534457207 0.534618914 0.044630405 -0.210225433 0.817310333
1403638612927829504.000000 1.209609509 -9.288331985 1.534281254 0.534639359 0.044826217 -0.208700404 0.817676961
1403638612977829376.000000 1.193619013 -9.243481636 1.533062458 0.534394801 0.044462077 -0.208041713 0.818024516
1403638613027829504.000000 1.169803858 -9.198485374 1.520092010 0.532912672 0.041938528 -0.207994148 0.819135964
1403638613077829376.000000 1.158167124 -9.154018402 1.517385960 0.533229887 0.040700868 -0.206877708 0.819274724
1403638613127829504.000000 1.148039341 -9.109322548 1.513462067 0.532872736 0.039790329 -0.207273334 0.819451809
1403638613177829376.000000 1.138673782 -9.064284325 1.508429527 0.532900751 0.036941361 -0.207160532 0.819595456
1403638613227829504.000000 1.131531000 -9.019739151 1.502466202 0.532856643 0.037020165 -0.207175434 0.819616795
1403638613277829376.000000 1.117686749 -8.970137596 1.471545219 0.531657517 0.036311153 -0.207964048 0.820227325
1403638613327829504.000000 1.121376038 -8.930441856 1.486966133 0.532495737 0.036211357 -0.208237112 0.819618464
1403638613377829376.000000 1.118034363 -8.885614395 1.477916718 0.532379687 0.037232999 -0.208664149 0.819539487
1403638613427829504.000000 1.113599300 -8.840488434 1.468971729 0.532314718 0.037384085 -0.208983183 0.819493532
1403638613477829376.000000 1.108114004 -8.795356750 1.459744453 0.532461703 0.038447812 -0.207397342 0.819751620
1403638613527829504.000000 1.101108313 -8.750354767 1.450997353 0.531606793 0.039253257 -0.205453455 0.820757151
1403638613577829376.000000 1.092395306 -8.704710007 1.442281246 0.529791176 0.039473120 -0.204196274 0.822232962
1403638613627829504.000000 1.082336664 -8.659087181 1.433580399 0.530077755 0.039578274 -0.199313492 0.823240697
1403638613677829376.000000 1.070090890 -8.612785339 1.425414562 0.529663622 0.040461350 -0.196462065 0.824149311
1403638613727829504.000000 0.944555879 -8.712261200 1.305777550 0.520729244 0.047848884 -0.189876884 0.830962300
1403638613777829376.000000 1.030971169 -8.516490936 1.374875069 0.527418494 0.045106702 -0.187885329 0.827341735
1403638613827829504.000000 1.018488765 -8.477458954 1.398215771 0.525533199 0.046817645 -0.185449734 0.828994215
1403638613877829376.000000 1.000043392 -8.428434372 1.394670963 0.521852076 0.047845732 -0.182777420 0.831849575
1403638613927829504.000000 0.980531812 -8.378219604 1.391747475 0.516803145 0.048098508 -0.180993423 0.835369706
1403638613977829376.000000 0.960093498 -8.326221466 1.388998032 0.510566294 0.047758941 -0.178846598 0.839675605
1403638614027829504.000000 0.938225150 -8.272949219 1.386348724 0.502749443 0.048218757 -0.178003952 0.844531000
1403638614077829376.000000 0.915527821 -8.218839645 1.383983612 0.494751632 0.047241237 -0.175699964 0.849775612
1403638614127829504.000000 0.892337918 -8.163747787 1.381996870 0.485421628 0.046303745 -0.174479231 0.855440736
1403638614177829376.000000 0.869611621 -8.107587814 1.378728867 0.476050884 0.044315860 -0.173283681 0.861036837
1403638614227829504.000000 0.848209262 -8.050822258 1.374088526 0.467379481 0.043300938 -0.171059325 0.866267979
1403638614277829376.000000 0.829635382 -7.991195679 1.322409868 0.458237112 0.041606728 -0.168335229 0.871751726
1403638614327829504.000000 0.810811520 -7.934072495 1.315803528 0.451572955 0.040463626 -0.167301327 0.875474095
1403638614377829376.000000 0.792175055 -7.878304958 1.354322910 0.448029816 0.038790572 -0.165383652 0.877731740
1403638614427829504.000000 0.777147651 -7.820840836 1.345365047 0.444009751 0.037636407 -0.162278786 0.880400181
1403638614477829376.000000 0.762713671 -7.762991905 1.297046900 0.438655168 0.036708489 -0.159972847 0.883539915
1403638614527829504.000000 0.750796080 -7.705075741 1.288127422 0.435547203 0.035461839 -0.157188758 0.885625660
1403638614577829376.000000 0.740299821 -7.646402359 1.278636217 0.431300879 0.034838971 -0.155207947 0.888074577
1403638614627829504.000000 0.731051326 -7.588017464 1.269388199 0.427560329 0.034152873 -0.150788888 0.890667498
1403638614677829376.000000 0.725166798 -7.529559612 1.258929729 0.422904879 0.032897305 -0.146860227 0.893589079
1403638614727829504.000000 0.721528292 -7.470656395 1.248559237 0.418474227 0.028897783 -0.140389204 0.896847427
1403638614777829376.000000 0.735563576 -7.418567657 1.213285446 0.411639214 0.023113741 -0.135140464 0.900975049
1403638614827829504.000000 0.735984385 -7.356994629 1.201675653 0.404159456 0.019245051 -0.130092055 0.905185521
1403638614877829376.000000 0.722866118 -7.286218166 1.214571476 0.397190958 0.014666856 -0.124606103 0.909119189
1403638614927829504.000000 0.728261113 -7.223465919 1.203935027 0.387176245 0.013369005 -0.121032655 0.913929403
1403638614977829376.000000 0.735260069 -7.160584450 1.194235086 0.376418531 0.011028024 -0.116110623 0.919078827
1403638615027829504.000000 0.743906677 -7.096460342 1.185165644 0.364374012 0.010974378 -0.111964568 0.924432337
1403638615077829376.000000 0.754057407 -7.031744003 1.177041531 0.350719243 0.012147315 -0.108674236 0.930074394
1403638615127829504.000000 0.765859723 -6.965723991 1.169612646 0.336298764 0.014472637 -0.105280101 0.935740292
1403638615177829376.000000 0.787693024 -6.904090881 1.147200942 0.320000440 0.019677039 -0.102300860 0.941672504
1403638615227829504.000000 0.801953733 -6.835978031 1.142080903 0.303824216 0.024618810 -0.101263158 0.947011411
1403638615277829376.000000 0.836834311 -6.790277004 1.118796587 0.288101047 0.029070040 -0.097744472 0.952154815
1403638615327829504.000000 0.851050138 -6.722720146 1.114179611 0.272887737 0.032125015 -0.093039542 0.956997395
1403638615377829376.000000 0.864838898 -6.656136990 1.109874606 0.257237166 0.034664799 -0.088001922 0.961708486
1403638615427829504.000000 0.877175212 -6.588428497 1.106553793 0.242045552 0.037440736 -0.082547650 0.966021776
1403638615477829376.000000 0.888666391 -6.522951603 1.103440166 0.226764813 0.039246321 -0.077300377 0.970083535
1403638615527829504.000000 0.898171365 -6.456111908 1.100606322 0.212298304 0.039736360 -0.071897767 0.973745942
1403638615577829376.000000 0.897398472 -6.377782822 1.103552580 0.199348554 0.040333875 -0.066193581 0.976858079
1403638615627829504.000000 0.903287113 -6.309406281 1.101985693 0.188250139 0.041178416 -0.062439915 0.979268909
1403638615677829376.000000 0.908997595 -6.241348267 1.100077987 0.179115802 0.041352436 -0.058934193 0.981190264
1403638615727829504.000000 0.915863156 -6.173513889 1.097236514 -0.171971977 -0.041609857 0.055575151 -0.982652366
1403638615777829376.000000 0.952232301 -6.151007652 1.078089237 0.165562749 0.041577727 -0.052805696 0.983906507
1403638615827829504.000000 0.962781787 -6.085577011 1.071244955 0.160166353 0.041689876 -0.050350241 0.984923124
1403638615877829376.000000 0.975052595 -6.023315907 1.062873483 0.155154645 0.041463427 -0.045924410 0.985950708
1403638615927829504.000000 0.986784697 -5.959025860 1.054955363 0.149246842 0.041981947 -0.042638734 0.986987770
1403638615977829376.000000 0.997132063 -5.895184994 1.046545386 0.142807424 0.040713601 -0.040067870 0.988100767
1403638616027829504.000000 1.005863428 -5.829057217 1.038908601 0.136134133 0.041263916 -0.037294500 0.989127934
1403638616077829376.000000 1.014077902 -5.764225006 1.031409740 0.128824040 0.041514654 -0.034649283 0.990192056
1403638616127829504.000000 1.019024253 -5.699005604 1.024371028 0.121232308 0.041603737 -0.032062110 0.991233587
1403638616177829376.000000 1.020720720 -5.634602070 1.018339276 0.113060996 0.041129898 -0.028299924 0.992332995
1403638616227829504.000000 1.019371629 -5.572012901 1.014711261 0.104273364 0.040770438 -0.023787767 0.993427873
1403638616277829376.000000 1.017172337 -5.526210308 1.026505351 0.093911305 0.040147383 -0.018673891 0.994595528
1403638616327829504.000000 1.004814148 -5.456251144 1.025215745 0.083527260 0.039999522 -0.014391800 0.995598376
1403638616377829376.000000 0.990515172 -5.387513161 1.025067687 0.073018856 0.040060688 -0.009831110 0.996477187
1403638616427829504.000000 0.974325299 -5.319555759 1.024520278 0.062995583 0.039708659 -0.005640130 0.997207642
1403638616477829376.000000 0.956058621 -5.248826504 1.025923371 0.054667488 0.039242849 -0.000647317 0.997732997
1403638616527829504.000000 0.937571287 -5.179661274 1.027735949 0.046822373 0.038280725 0.002114952 0.998167217
1403638616577829376.000000 0.917793274 -5.109310627 1.029458046 0.040127128 0.036212124 0.004442650 0.998528302
1403638616627829504.000000 0.897033691 -5.038980484 1.031414747 0.034319449 0.032936353 0.006662713 0.998845875
1403638616677829376.000000 0.875963032 -4.969115257 1.033616900 0.029865999 0.027671868 0.008831584 0.999131799
1403638616727829504.000000 0.853415489 -4.898038387 1.036412358 0.027412171 0.019573005 0.013104029 0.999346673
1403638616777829376.000000 0.851463675 -4.894041061 1.059188485 0.025297161 0.010378701 0.018108603 0.999462128
1403638616827829504.000000 0.830587566 -4.829607964 1.068144679 0.024977008 0.003634741 0.022569330 0.999426663
1403638616877829376.000000 0.812506914 -4.763826847 1.076546311 0.024626059 -0.001102939 0.025265686 0.999376833
1403638616927829504.000000 0.795622528 -4.699701309 1.085235119 0.023635732 -0.000564149 0.024772536 0.999413550
1403638616977829376.000000 0.773262918 -4.598701954 1.083954096 0.021660246 0.002873843 0.020553349 0.999550045
1403638617027829504.000000 0.762557983 -4.526812553 1.092783928 0.023571288 0.007077660 0.017393282 0.999545872
1403638617077829376.000000 0.754241288 -4.452734947 1.101520658 0.023704641 0.011171511 0.013836215 0.999560893
1403638617127829504.000000 0.749395311 -4.380415440 1.111632347 0.023562063 0.015547041 0.008346661 0.999566674
1403638617177829376.000000 0.745722890 -4.305740833 1.120404959 0.023861200 0.017596144 0.005138161 0.999547243
1403638617227829504.000000 0.744569242 -4.233851910 1.130171299 0.024405479 0.016686851 0.001714529 0.999561429
1403638617277829376.000000 0.772360682 -4.243369102 1.168610930 0.019803206 0.012450452 -0.000504400 0.999726236
1403638617327829504.000000 0.774739325 -4.173149586 1.179018855 0.021131797 0.009778490 -0.001195336 0.999728262
1403638617377829376.000000 0.780491233 -4.107609272 1.193267703 0.022005683 0.005616254 -0.003088368 0.999737382
1403638617427829504.000000 0.788016081 -4.041586399 1.205861330 0.022797978 0.002736361 -0.005095880 0.999723375
1403638617477829376.000000 0.790468335 -3.950884104 1.203459144 0.023246204 0.000627703 -0.006021697 0.999711514
1403638617527829504.000000 0.800868392 -3.880363941 1.212164283 0.025177183 -0.000072567 -0.008086499 0.999650300
1403638617577829376.000000 0.813604176 -3.809889793 1.221058726 0.026526647 0.000082492 -0.008682167 0.999610424
1403638617627829504.000000 0.828961968 -3.741286993 1.230206966 0.027840495 0.001444094 -0.010460778 0.999556661
1403638617677829376.000000 0.846498191 -3.672037125 1.239848733 0.028625743 0.003300228 -0.012470118 0.999506950
1403638617727829504.000000 0.866280615 -3.603358984 1.250274777 0.028907578 0.005031800 -0.014802255 0.999459863
1403638617777829376.000000 0.930722535 -3.633293152 1.326508045 0.027373519 0.005242629 -0.014485365 0.999506593
1403638617827829504.000000 0.955456078 -3.571240425 1.340734482 0.027866324 0.004374432 -0.016915793 0.999458969
1403638617877829376.000000 0.983767688 -3.511576176 1.356465340 0.028945785 0.005695971 -0.017731009 0.999407470
1403638617927829504.000000 1.015309095 -3.458372593 1.374979615 0.030038072 0.006736071 -0.016784791 0.999385178
1403638617977829376.000000 1.046303153 -3.404342175 1.393390059 0.031026786 0.007613496 -0.016873263 0.999347150
1403638618027829504.000000 1.077255726 -3.353637695 1.414932013 0.031532545 0.007716035 -0.017248834 0.999324143
1403638618077829376.000000 1.106160998 -3.303301096 1.435986400 0.032227010 0.008329241 -0.017574282 0.999291420
1403638618127829504.000000 1.134369612 -3.253909588 1.459312916 0.033305205 0.007483815 -0.016658658 0.999278426
1403638618177829376.000000 1.175897002 -3.214702129 1.505377650 0.033702668 0.007400156 -0.016371446 0.999270439
1403638618227829504.000000 1.198172927 -3.154900074 1.524291635 0.034678750 0.007743265 -0.017114857 0.999221981
1403638618277829376.000000 1.220849872 -3.099614620 1.547786474 0.035504393 0.008142676 -0.017638762 0.999180734
1403638618327829504.000000 1.244994044 -3.049504519 1.576537132 0.036181170 0.009652320 -0.018184729 0.999133170
1403638618377829376.000000 1.268468857 -2.999151707 1.605023384 0.036805052 0.009955052 -0.018140277 0.999108255
1403638618427829504.000000 1.293871641 -2.954314947 1.638036728 0.037309017 0.010269362 -0.019065157 0.999069154
1403638618477829376.000000 1.317690969 -2.907596111 1.670443296 0.038060777 0.010012056 -0.019269731 0.999039471
1403638618527829504.000000 1.340781450 -2.862783432 1.703980088 0.038654797 0.011289700 -0.019695967 0.998994768
1403638618577829376.000000 1.363422990 -2.815068960 1.733906865 0.037707515 0.011893556 -0.020511057 0.999007523
1403638618627829504.000000 1.387077689 -2.775295973 1.767022848 0.035655543 0.012111300 -0.019755932 0.999095500
1403638618677829376.000000 1.426147342 -2.765208721 1.834946156 0.030727470 0.011048812 -0.020186106 0.999262929
1403638618727829504.000000 1.447418809 -2.719230413 1.863787651 0.028824512 0.011607172 -0.020043058 0.999316156
1403638618777829376.000000 1.472047806 -2.676830292 1.894462705 0.027279260 0.012759747 -0.018729800 0.999370933
1403638618827829504.000000 1.499452591 -2.635852337 1.927007198 0.026105581 0.014141778 -0.017249610 0.999410391
1403638618877829376.000000 1.527708411 -2.595158100 1.958224297 0.023299033 0.016147790 -0.017408710 0.999446571
1403638618927829504.000000 1.557439923 -2.556491375 1.990569234 0.019529389 0.018890791 -0.015126523 0.999516368
1403638618977829376.000000 1.585152507 -2.516268253 2.022556305 0.013768087 0.023110479 -0.012781531 0.999556422
1403638619027829504.000000 1.613195539 -2.478933573 2.056994915 0.006430038 0.026205568 -0.010014712 0.999585748
1403638619077829376.000000 1.652095437 -2.454176188 2.102422953 -0.003085687 0.028524535 -0.007812123 0.999557853
1403638619127829504.000000 1.690672517 -2.433398962 2.182136774 -0.014618762 0.029839113 -0.004054972 0.999439657
1403638619177829376.000000 1.712672472 -2.398311377 2.220684767 -0.025385864 0.031282600 0.001137773 0.999187529
1403638619227829504.000000 1.732977986 -2.363626957 2.260026455 -0.037438191 0.033495203 0.006941839 0.998713374
1403638619277829376.000000 1.751101851 -2.329713821 2.300071239 -0.049969099 0.034232721 0.013986038 0.998065948
1403638619327829504.000000 1.766713977 -2.296450377 2.340599298 -0.063759223 0.035332713 0.019619456 0.997146666
1403638619377829376.000000 1.779860497 -2.264228582 2.381808996 -0.076674446 0.036701005 0.025964644 0.996042132
1403638619427829504.000000 1.792241812 -2.232971191 2.423227072 -0.087439105 0.037978150 0.032259692 0.994922876
1403638619477829376.000000 1.804167151 -2.202642202 2.464476109 -0.096974149 0.038770813 0.038236901 0.993796170
1403638619527829504.000000 1.816045165 -2.173633575 2.506577969 -0.104318254 0.040130921 0.043398231 0.992785871
1403638619577829376.000000 1.842540860 -2.161464691 2.576323271 -0.111983165 0.040026080 0.048104584 0.991737723
1403638619627829504.000000 1.853932858 -2.135864019 2.621890783 -0.115976289 0.040622305 0.055058062 0.990892529
1403638619677829376.000000 1.864647150 -2.110673666 2.667554379 -0.117598757 0.042128127 0.064111568 0.990093708
1403638619727829504.000000 1.874519587 -2.085340977 2.712862015 -0.119364344 0.041763186 0.070668980 0.989451349
1403638619777829376.000000 1.884145498 -2.059857368 2.757588625 -0.120781206 0.043374792 0.075895235 0.988822758
1403638619827829504.000000 1.893256307 -2.033651352 2.801929951 -0.122201182 0.044309042 0.079620399 0.988313854
1403638619877829376.000000 1.901650786 -2.007020235 2.845532179 -0.123930782 0.045164466 0.081601560 0.987898052
1403638619927829504.000000 1.909145594 -1.979362249 2.888518095 -0.125360072 0.045475788 0.083651632 0.987531960
1403638619977829376.000000 1.915813923 -1.950715780 2.931157351 -0.127068073 0.045411773 0.084041774 0.987283409
1403638620027829504.000000 1.922550082 -1.920777082 2.972739220 -0.128629163 0.046788581 0.083974950 0.987022638
1403638620077829376.000000 1.920944810 -1.884156466 3.002394915 -0.130003855 0.048658490 0.084315106 0.986723006
1403638620127829504.000000 1.938372493 -1.858698964 3.049665689 -0.131421030 0.051228467 0.082410760 0.986566067
1403638620177829376.000000 1.948085546 -1.826487064 3.084704399 -0.132705331 0.054169074 0.081244923 0.986333847
1403638620227829504.000000 1.958753109 -1.793576002 3.118545532 -0.133332759 0.054926209 0.080623142 0.986258328
1403638620277829376.000000 1.970330119 -1.759397507 3.149955750 -0.134335056 0.053249117 0.078677721 0.986371398
1403638620327829504.000000 1.974996924 -1.717005491 3.172715902 -0.135711521 0.052015342 0.076128908 0.986448765
1403638620377829376.000000 1.989598513 -1.682012677 3.200359106 -0.135743171 0.050815355 0.075200163 0.986578226
1403638620427829504.000000 2.005337000 -1.646614909 3.226211548 -0.135767803 0.050440792 0.073840402 0.986696720
1403638620477829376.000000 2.021327257 -1.610782027 3.250890970 -0.135431379 0.049288299 0.072695471 0.986886263
1403638620527829504.000000 2.036787033 -1.574685335 3.275073290 -0.135108098 0.048750561 0.071516171 0.987043381
1403638620577829376.000000 2.032105684 -1.535641074 3.278912067 -0.134601340 0.047438685 0.071473047 0.987179637
1403638620627829504.000000 2.063378572 -1.501614809 3.323060274 -0.133154780 0.045330875 0.071689993 0.987459123
1403638620677829376.000000 2.074264765 -1.464988589 3.346894264 -0.131829038 0.043218352 0.072571695 0.987667322
1403638620727829504.000000 2.082901478 -1.427879930 3.370406151 -0.130402178 0.039867252 0.073948152 0.987895548
1403638620777829376.000000 2.090126276 -1.390294313 3.393739223 -0.129188135 0.037468042 0.074458651 0.988110602
1403638620827829504.000000 2.096039772 -1.351964474 3.417085409 -0.128675997 0.034973096 0.073144145 0.988367021
1403638620877829376.000000 2.100897312 -1.312799215 3.440124989 -0.129615039 0.032828305 0.068612382 0.988642812
1403638620927829504.000000 2.105377197 -1.273508191 3.463313341 -0.129671991 0.032827623 0.065273233 0.988861442
1403638620977829376.000000 2.108330965 -1.234042287 3.486603975 -0.130223379 0.032948475 0.061176259 0.989046872
1403638621027829504.000000 2.110303640 -1.194931984 3.509616613 -0.130358756 0.035259012 0.057909384 0.989146113
1403638621077829376.000000 2.079735756 -1.154543281 3.488234282 -0.130570173 0.037195373 0.055226915 0.989200652
1403638621127829504.000000 2.083016396 -1.116576791 3.510443211 -0.129423857 0.037982929 0.055271477 0.989318848
1403638621177829376.000000 2.089700699 -1.078752518 3.532346964 -0.128574386 0.039348416 0.054536123 0.989417076
1403638621227829504.000000 2.097763062 -1.041590452 3.553300619 -0.127838522 0.041093044 0.053605001 0.989492416
1403638621277829376.000000 2.107536793 -1.004480839 3.573374510 -0.127379090 0.041842338 0.052337211 0.989588141
1403638621327829504.000000 2.117624760 -0.968142450 3.592064381 -0.127582148 0.040688783 0.050228227 0.989719391
1403638621377829376.000000 2.127399683 -0.932659388 3.610724211 -0.127208263 0.040787563 0.048743345 0.989837646
1403638621427829504.000000 2.131802559 -0.898026168 3.626605034 -0.126396254 0.043124937 0.048551090 0.989852071
1403638621477829376.000000 2.137420177 -0.863887548 3.644514799 -0.126538798 0.044291273 0.046806592 0.989866376
1403638621527829504.000000 2.141123295 -0.830441594 3.661881685 -0.125738785 0.047042944 0.046168521 0.989871323
1403638621577829376.000000 2.135458469 -0.798718512 3.658889055 -0.124977425 0.049479589 0.045534138 0.989878297
1403638621627829504.000000 2.144110680 -0.765642107 3.696720600 -0.124799624 0.050256450 0.045225061 0.989875853
1403638621677829376.000000 2.143090010 -0.734542608 3.713319302 -0.124359481 0.050478112 0.044775244 0.989940405
1403638621727829504.000000 2.140002966 -0.704457939 3.729063511 -0.124367818 0.051975928 0.044253778 0.989885211
1403638621777829376.000000 2.135764837 -0.675078571 3.744647026 -0.124362200 0.053551435 0.043367829 0.989841223
1403638621827829504.000000 2.131020308 -0.645994067 3.759529114 -0.124616534 0.056166742 0.042314589 0.989709795
1403638621877829376.000000 2.124466896 -0.617981493 3.772965908 -0.124750562 0.059670586 0.041160025 0.989536583
1403638621927829504.000000 2.131529570 -0.584964693 3.787376881 -0.124313854 0.062613159 0.040864412 0.989421964
1403638621977829376.000000 2.124413013 -0.558369160 3.801969051 -0.123945132 0.063838236 0.040900029 0.989388466
1403638622027829504.000000 2.116378069 -0.532250941 3.816113949 -0.123395212 0.064369582 0.041387670 0.989402473
1403638622077829376.000000 2.087733746 -0.515329480 3.793191433 -0.123511642 0.065195531 0.042739514 0.989276469
1403638622127829504.000000 2.096584797 -0.482754946 3.842434883 -0.122370571 0.062864415 0.044540104 0.989489675
1403638622177829376.000000 2.082989454 -0.460311472 3.850213289 -0.121557370 0.062060907 0.045839589 0.989581227
1403638622227829504.000000 2.069936514 -0.438640594 3.855301857 -0.121311292 0.061958447 0.047210287 0.989553392
1403638622277829376.000000 2.057348490 -0.418226391 3.857991219 -0.120417506 0.062782697 0.049417056 0.989502907
1403638622327829504.000000 2.045635700 -0.397459060 3.859366655 -0.120497823 0.061757088 0.050100602 0.989523351
1403638622377829376.000000 2.034533501 -0.378557742 3.855477810 -0.121305913 0.061072420 0.049436957 0.989500403
1403638622427829504.000000 2.025793314 -0.358954608 3.851567030 -0.122304164 0.060348693 0.048222248 0.989481866
1403638622477829376.000000 2.018375635 -0.340285987 3.845854759 -0.123465218 0.059887901 0.046110447 0.989466369
1403638622527829504.000000 2.011333466 -0.322579026 3.838062525 -0.124104440 0.060396988 0.045630742 0.989377677
1403638622577829376.000000 1.993839145 -0.311684549 3.801330566 -0.125789806 0.061227217 0.043300256 0.989218533
1403638622627829504.000000 2.001318216 -0.290333033 3.815857410 -0.126817226 0.063210987 0.040976625 0.989061534
1403638622677829376.000000 1.998944879 -0.275443971 3.801514387 -0.127668574 0.067297287 0.040057510 0.988720000
1403638622727829504.000000 1.988966465 -0.263078034 3.765074730 -0.128415853 0.077289872 0.038748197 0.987944543
1403638622777829376.000000 1.991702080 -0.248989195 3.748149633 -0.128774390 0.086440451 0.038672302 0.987142146
1403638622827829504.000000 1.995111346 -0.236035094 3.729625702 -0.129289180 0.092855237 0.038181059 0.986511230
1403638622877829376.000000 1.997470856 -0.224464163 3.709228277 -0.129581749 0.094108857 0.037913956 0.986364365
1403638622927829504.000000 1.998473406 -0.214438438 3.686226130 -0.129427940 0.092549227 0.039474450 0.986470938
1403638622977829376.000000 1.997155905 -0.205728680 3.661350250 -0.129634842 0.087591313 0.040399782 0.986858904
1403638623027829504.000000 1.993037224 -0.198361427 3.634944201 -0.128935486 0.082142338 0.042946957 0.987311482
1403638623077829376.000000 1.985435605 -0.195067793 3.601967335 -0.128761947 0.076051451 0.044734575 0.987742603
1403638623127829504.000000 1.977661848 -0.186647743 3.577039719 -0.127652466 0.072227843 0.047622222 0.988038540
1403638623177829376.000000 1.966722488 -0.182116181 3.545499086 -0.126497597 0.069436379 0.050263654 0.988256335
1403638623227829504.000000 1.954048872 -0.178221419 3.512777328 -0.125946462 0.066832200 0.052021239 0.988415301
1403638623277829376.000000 1.938918710 -0.174773961 3.478815079 -0.125283271 0.063526772 0.053664178 0.988629699
1403638623327829504.000000 1.922127485 -0.171698660 3.443617582 -0.125015959 0.060876429 0.054586008 0.988779783
1403638623377829376.000000 1.903612375 -0.169128612 3.407530546 -0.124387428 0.058990519 0.056105230 0.988888383
1403638623427829504.000000 1.883790016 -0.166514680 3.370974541 -0.125296354 0.056293871 0.054316316 0.989030659
1403638623477829376.000000 1.863313556 -0.164479017 3.333110094 -0.124927171 0.056250814 0.055449497 0.989016891
1403638623527829504.000000 1.842547655 -0.162054449 3.294153452 -0.124720372 0.055480357 0.055675711 0.989073873
1403638623577829376.000000 1.846768856 -0.152939931 3.280648708 -0.125640541 0.055196792 0.054194201 0.989055514
1403638623627829504.000000 1.830145359 -0.151067600 3.241404057 -0.126227319 0.055398423 0.053159144 0.989025712
1403638623677829376.000000 1.815128922 -0.148893863 3.200531721 -0.126538858 0.054124571 0.052888256 0.989070952
1403638623727829504.000000 1.801398516 -0.147027731 3.157506943 -0.127577588 0.054000478 0.051786929 0.989002585
1403638623777829376.000000 1.787644863 -0.145963848 3.112936497 -0.128329366 0.052170020 0.051291864 0.989029348
1403638623827829504.000000 1.774916530 -0.145152688 3.066678047 -0.128882825 0.052448459 0.050478227 0.988984585
1403638623877829376.000000 1.762135267 -0.144378930 3.018663883 -0.129607424 0.050123848 0.050420560 0.989013374
1403638623927829504.000000 1.749010086 -0.144053802 2.969941139 -0.130710617 0.049313832 0.049951129 0.988932669
1403638623977829376.000000 1.734831214 -0.144396096 2.921717167 -0.131399944 0.048108518 0.049847234 0.988905966
1403638624027829504.000000 1.719341159 -0.144667476 2.873862505 -0.131765485 0.048064861 0.050807048 0.988810599
1403638624077829376.000000 1.724035025 -0.133119985 2.857287884 -0.131435946 0.046908122 0.053248841 0.988781512
1403638624127829504.000000 1.685337663 -0.147094026 2.779435635 -0.131636411 0.046989560 0.054354660 0.988690794
1403638624177829376.000000 1.666909575 -0.148106098 2.733196259 -0.131245434 0.047234893 0.056471139 0.988612473
1403638624227829504.000000 1.647469521 -0.149325982 2.687478542 -0.131311432 0.046798777 0.058151301 0.988527000
1403638624277829376.000000 1.627657413 -0.150339708 2.642347097 -0.131109267 0.047470916 0.059828997 0.988421679
1403638624327829504.000000 1.606768370 -0.150760144 2.597568035 -0.131615058 0.047827251 0.060472999 0.988298118
1403638624377829376.000000 1.584652424 -0.151789948 2.554264784 -0.131856039 0.048036519 0.061565101 0.988188386
1403638624427829504.000000 1.561007023 -0.152711540 2.510929108 -0.132417351 0.048084896 0.061656602 0.988105297
1403638624477829376.000000 1.544014812 -0.144701734 2.488315344 -0.133042008 0.047896232 0.061345585 0.988049865
1403638624527829504.000000 1.518711805 -0.145362079 2.443664551 -0.132593408 0.053014062 0.064726420 0.987633109
1403638624577829376.000000 1.511739016 -0.128059313 2.433556080 -0.131217137 0.060438778 0.068581149 0.987130165
1403638624627829504.000000 1.465420246 -0.146756887 2.353514910 -0.131755367 0.069090009 0.068962380 0.986464083
1403638624677829376.000000 1.437614679 -0.146562696 2.308434248 -0.131964162 0.069432743 0.066266023 0.986596942
1403638624727829504.000000 1.409904361 -0.146741360 2.261328697 -0.131917357 0.066540107 0.060768843 0.987156212
1403638624777829376.000000 1.384048581 -0.145116866 2.217980385 -0.130990729 0.061839636 0.054851469 0.987931490
1403638624827829504.000000 1.359791636 -0.144322619 2.171674490 -0.129656523 0.057039890 0.050467875 0.988629758
1403638624877829376.000000 1.338322759 -0.143905401 2.126732588 -0.127984360 0.053657383 0.046691850 0.989222348
1403638624927829504.000000 1.317374706 -0.143455803 2.079780579 -0.124704055 0.051141750 0.047002871 0.989759743
1403638624977829376.000000 1.296801686 -0.144674480 2.029266119 -0.120954201 0.049630325 0.048646845 0.990222454
1403638625027829504.000000 1.277191281 -0.146261632 1.979854822 -0.117750473 0.049759537 0.049391001 0.990565181
1403638625077829376.000000 1.278742790 -0.123786665 1.956064105 -0.113136604 0.047487710 0.051846538 0.991088808
1403638625127829504.000000 1.236676693 -0.147085845 1.884682894 -0.111244410 0.048631579 0.054280236 0.991117239
1403638625177829376.000000 1.214315414 -0.147542730 1.837178349 -0.108969472 0.047947105 0.055484787 0.991336584
1403638625227829504.000000 1.191178918 -0.148199677 1.789752960 -0.107450597 0.047249019 0.055687115 0.991524577
1403638625277829376.000000 1.167253375 -0.147929370 1.742625237 -0.106541529 0.047096994 0.055196807 0.991657317
1403638625327829504.000000 1.185837030 -0.139959052 1.696336985 0.105250463 -0.044363253 -0.055309750 -0.991914928
1403638625377829376.000000 1.133523107 -0.130273506 1.653784275 -0.104274511 0.045902465 0.054914676 0.991969883
1403638625427829504.000000 1.110833645 -0.129813328 1.603718877 -0.103920095 0.046520926 0.054401655 0.992006540
1403638625477829376.000000 1.089642644 -0.129079893 1.552769184 -0.103431612 0.047072344 0.055206075 0.991987169
1403638625527829504.000000 1.069756031 -0.127767920 1.501520395 -0.103797331 0.046986874 0.053981382 0.992020428
1403638625577829376.000000 1.053044319 -0.115238994 1.457070351 -0.103165440 0.046103921 0.054062556 0.992123306
1403638625627829504.000000 1.034880161 -0.123977058 1.398445368 -0.104280598 0.044516049 0.053327806 0.992118955
1403638625677829376.000000 1.020681262 -0.121241987 1.346873045 -0.104004122 0.043520827 0.053831771 0.992164969
1403638625727829504.000000 1.006439209 -0.118068948 1.295173526 -0.103972428 0.039352451 0.054296050 0.992317080
1403638625777829376.000000 0.991624355 -0.114788786 1.244228482 -0.103863284 0.035457078 0.054943267 0.992439687
1403638625827829504.000000 0.976252615 -0.110873953 1.194482803 -0.104099147 0.031566340 0.055124335 0.992536306
1403638625877829376.000000 0.960239649 -0.105949536 1.145737410 -0.104429208 0.030720636 0.054897919 0.992540717
1403638625927829504.000000 0.943501174 -0.100112915 1.098311782 -0.105068140 0.029671000 0.054199543 0.992543638
1403638625977829376.000000 0.926020086 -0.094059341 1.051945329 -0.105448090 0.029791297 0.054409087 0.992488265
1403638626027829504.000000 0.907301247 -0.087346755 1.007676125 -0.105577424 0.028027395 0.055025481 0.992491841
1403638626077829376.000000 0.880247355 -0.071225993 0.962622523 -0.104456522 0.027119463 0.056436919 0.992556453
1403638626127829504.000000 0.867652357 -0.072857074 0.921796024 -0.105160318 0.026893567 0.057452451 0.992430031
1403638626177829376.000000 0.847165823 -0.065740347 0.880868018 -0.105570033 0.026261091 0.056737863 0.992444575
1403638626227829504.000000 0.813569486 -0.050159652 0.834828019 -0.105418526 0.027291516 0.055802159 0.992485940
1403638626277829376.000000 0.791656315 -0.041789792 0.794819236 -0.106526993 0.029062117 0.053816546 0.992426932
1403638626327829504.000000 0.769424140 -0.032901090 0.755810082 -0.108486876 0.030936195 0.049263649 0.992394388
1403638626377829376.000000 0.746918619 -0.024143802 0.717808306 -0.110123254 0.032823615 0.045265526 0.992343962
1403638626427829504.000000 0.724076211 -0.015742010 0.680713832 -0.110783674 0.035019975 0.042870626 0.992301762
1403638626477829376.000000 0.700227976 -0.007611836 0.644498885 -0.110848233 0.035156906 0.042157929 0.992320180
1403638626527829504.000000 0.676052213 0.000349275 0.609060645 -0.111182056 0.032788541 0.040749166 0.992422819
1403638626577829376.000000 0.652281642 0.007790484 0.574076116 -0.110970289 0.031070113 0.040769435 0.992500961
1403638626627829504.000000 0.628552556 0.014940504 0.539783716 -0.110604748 0.028923530 0.041780382 0.992564619
1403638626677829376.000000 0.605709970 0.021792639 0.505757570 -0.110239804 0.027614571 0.041528910 0.992653012
1403638626727829504.000000 0.568380833 0.023304652 0.460760742 -0.109715626 0.024204781 0.043094013 0.992733419
1403638626777829376.000000 0.563242495 0.034661420 0.440168798 -0.109156050 0.020428354 0.043970693 0.992841482
1403638626827829504.000000 0.545683146 0.041261531 0.408214360 -0.108857147 0.017903509 0.044480078 0.992900372
1403638626877829376.000000 0.530101776 0.047432829 0.376603395 -0.108723566 0.015596689 0.043841131 0.992982328
1403638626927829504.000000 0.516962349 0.053334359 0.345669359 -0.108640268 0.013878379 0.043858834 0.993016183
1403638626977829376.000000 0.504846931 0.058868416 0.315798670 -0.108220950 0.013959953 0.044205088 0.993045449
1403638627027829504.000000 0.492460042 0.064567842 0.286987931 -0.107916825 0.013785870 0.044039954 0.993088365
1403638627077829376.000000 0.479087263 0.070219316 0.259506375 -0.107361980 0.013858000 0.044229027 0.993139029
1403638627127829504.000000 0.449096650 0.066059940 0.212110624 -0.107321814 0.014839669 0.044436686 0.993119955
1403638627177829376.000000 0.435599834 0.071548425 0.187677294 -0.106721595 0.014045167 0.044526167 0.993192196
1403638627227829504.000000 0.423692256 0.077681199 0.165367022 -0.106512368 0.014316794 0.044431701 0.993215024
1403638627277829376.000000 0.410926729 0.083621241 0.144159004 -0.107040383 0.013971925 0.042640749 0.993241668
1403638627327829504.000000 0.398235440 0.089406140 0.124357238 -0.107387945 0.014366562 0.041033227 0.993266165
1403638627377829376.000000 0.384954751 0.095007241 0.105518825 -0.107620277 0.015143579 0.039930470 0.993274450
1403638627427829504.000000 0.371014118 0.100680821 0.088352077 -0.107728772 0.014631104 0.039447598 0.993289709
1403638627477829376.000000 0.356621563 0.106198430 0.072097607 -0.107603893 0.014466019 0.039453790 0.993305385
1403638627527829504.000000 0.339271724 0.110119581 0.053573135 -0.107582256 0.015226581 0.039776862 0.993283510
1403638627577829376.000000 0.321544260 0.113505147 0.036283329 -0.108324043 0.016611630 0.038398899 0.993234873
1403638627627829504.000000 0.310854018 0.113562398 0.018889204 -0.109540559 0.019732533 0.037282221 0.993086934
1403638627677829376.000000 0.291286200 0.120891511 0.008271891 -0.109413959 0.022049645 0.036854081 0.993068099
1403638627727829504.000000 0.276383042 0.123623356 -0.003851840 -0.109772630 0.024481600 0.036319938 0.992991209
1403638627777829376.000000 0.261583298 0.126425877 -0.015257443 -0.110313013 0.025460808 0.035281781 0.992944181
1403638627827829504.000000 0.247279555 0.128459945 -0.026225315 -0.110518038 0.026832595 0.035497062 0.992877543
1403638627877829376.000000 0.233038187 0.129802018 -0.036433961 -0.111058705 0.026559409 0.034757197 0.992850661
1403638627927829504.000000 0.232950762 0.129524931 -0.047943704 -0.111340724 0.025163177 0.035449427 0.992831051
1403638627977829376.000000 0.220532849 0.131508991 -0.055072714 -0.111588858 0.023385113 0.035007570 0.992862344
1403638628027829504.000000 0.208737150 0.133017689 -0.061976489 -0.112204805 0.022105273 0.034543615 0.992838502
1403638628077829376.000000 0.197439566 0.133940801 -0.068684325 -0.112447657 0.021165408 0.034535754 0.992831767
1403638628127829504.000000 0.186726466 0.134338200 -0.074987561 -0.112917632 0.020137159 0.034582630 0.992798150
1403638628177829376.000000 0.176502451 0.134038970 -0.081056781 -0.113535985 0.019815143 0.034289964 0.992744267
1403638628227829504.000000 0.167287096 0.133217633 -0.086523965 -0.113488525 0.019692866 0.034939162 0.992729485
1403638628277829376.000000 0.158872426 0.132092133 -0.091686971 -0.113957420 0.019242246 0.034746271 0.992691398
1403638628327829504.000000 0.150944322 0.129855961 -0.096733712 -0.113706641 0.018312724 0.036016323 0.992692530
1403638628377829376.000000 0.144262388 0.127306327 -0.101221129 -0.113588192 0.018096864 0.036645334 0.992686987
1403638628427829504.000000 0.142787144 0.115815796 -0.117370829 -0.113066413 0.018976618 0.039166071 0.992633879
1403638628477829376.000000 0.134461880 0.119421393 -0.109259464 -0.110957086 0.022515411 0.043991901 0.992595792
1403638628527829504.000000 0.131962642 0.115482524 -0.111916311 -0.108770348 0.028456552 0.049424257 0.992429674
1403638628577829376.000000 0.129996315 0.111651927 -0.114359699 -0.106958881 0.034393959 0.053814232 0.992210090
1403638628627829504.000000 0.128249586 0.107129633 -0.117133185 -0.105728239 0.039654542 0.057375230 0.991946220
1403638628677829376.000000 0.126063123 0.103565052 -0.120126739 -0.104300044 0.040842820 0.060563512 0.991859555
1403638628727829504.000000 0.123413943 0.100814998 -0.123562008 -0.104524069 0.040302143 0.060268793 0.991876066
1403638628777829376.000000 0.122826539 0.098804474 -0.126172140 -0.105821699 0.039082922 0.059025031 0.991862059
1403638628827829504.000000 0.117105134 0.098593876 -0.126915306 -0.106799722 0.038251240 0.056611270 0.991930366
1403638628877829376.000000 0.110090680 0.099226080 -0.127206117 -0.107861020 0.038539417 0.054230630 0.991937399
1403638628927829504.000000 0.104931988 0.087127291 -0.151171714 -0.109399326 0.038082410 0.052127596 0.991899312
1403638628977829376.000000 0.094804063 0.099805355 -0.128872171 -0.110307008 0.037897706 0.049006525 0.991964996
1403638629027829504.000000 0.088194668 0.100394875 -0.129704222 -0.111297719 0.037305743 0.046449237 0.991999805
1403638629077829376.000000 0.082481906 0.100869335 -0.130889937 -0.112378098 0.036424153 0.043408759 0.992048442
1403638629127829504.000000 0.077553630 0.099293143 -0.135364965 -0.112627633 0.035515461 0.042055480 0.992111444
1403638629177829376.000000 0.073229447 0.098567553 -0.137597010 -0.113195330 0.034734365 0.040264428 0.992148817
1403638629227829504.000000 0.069512792 0.097179651 -0.140394032 -0.113193057 0.033926848 0.039803956 0.992195547
1403638629277829376.000000 0.066695072 0.094813645 -0.144335836 -0.113235906 0.034301244 0.039279781 0.992198706
1403638629327829504.000000 0.064151116 0.092454977 -0.148241878 -0.113915458 0.032516055 0.038529363 0.992210448
1403638629377829376.000000 0.061766058 0.089543231 -0.152317822 -0.114095509 0.028795207 0.038648162 0.992300034
1403638629427829504.000000 0.063089140 0.073025174 -0.178739905 -0.114699163 0.024158755 0.039299380 0.992328644
1403638629477829376.000000 0.057863679 0.082757279 -0.159002170 -0.114007473 0.020559285 0.040451951 0.992443144
1403638629527829504.000000 0.060212631 0.065357938 -0.181718379 -0.113971226 0.015516140 0.042592712 0.992449403
1403638629577829376.000000 0.059933569 0.060835920 -0.181849599 -0.113323323 0.013850464 0.044533335 0.992462993
1403638629627829504.000000 0.060193941 0.056288358 -0.181305572 -0.111010678 0.014305966 0.050997026 0.992406845
1403638629677829376.000000 0.061298527 0.052084189 -0.180420086 -0.108609468 0.016422629 0.057696581 0.992272913
1403638629727829504.000000 0.063401319 0.048799578 -0.179139078 -0.106642932 0.020351291 0.063391022 0.992065907
1403638629777829376.000000 0.065607734 0.046175957 -0.177176654 -0.105746664 0.025509726 0.066416241 0.991844654
1403638629827829504.000000 0.067326985 0.044825427 -0.174972802 -0.104942493 0.030447576 0.068815880 0.991627216
1403638629877829376.000000 0.067926832 0.044880889 -0.172164381 -0.105034404 0.036333393 0.069379821 0.991379917
1403638629927829504.000000 0.066424549 0.045790628 -0.168583021 -0.107480876 0.041425165 0.064380854 0.991255224
1403638629977829376.000000 0.062656172 0.047565520 -0.164720580 -0.110199109 0.046861827 0.058298890 0.991091013
1403638630027829504.000000 0.060622655 0.050913580 -0.150059506 -0.112323090 0.052106429 0.052972689 0.990889728
1403638630077829376.000000 0.047969576 0.051857494 -0.156626239 -0.114177220 0.053610925 0.048674606 0.990818024
1403638630127829504.000000 0.035793759 0.052867331 -0.151735455 -0.115234487 0.052214608 0.045537833 0.990919292
1403638630177829376.000000 0.021828583 0.053558655 -0.147277802 -0.116045028 0.049397390 0.043160442 0.991075516
1403638630227829504.000000 0.006217655 0.054126367 -0.143437400 -0.116388418 0.045480784 0.042061098 0.991270006
1403638630277829376.000000 -0.011286906 0.053894456 -0.138744652 -0.116602302 0.041699186 0.041695129 0.991426587
1403638630327829504.000000 -0.007628172 0.071692184 -0.073205523 0.117958635 -0.033546958 -0.039734945 -0.991655946
1403638630377829376.000000 -0.012561485 0.068310246 -0.070256591 0.114158571 -0.007378006 -0.042520568 -0.992524743
1403638630427829504.000000 -0.025179677 0.047745798 -0.117445745 -0.109952867 0.022842122 0.052475955 0.992287755
1403638630477829376.000000 -0.016833553 0.045883577 -0.116884775 -0.112617217 0.039955597 0.043249514 0.991892338
1403638630527829504.000000 -0.000793040 0.054239165 -0.088519134 -0.113176920 0.040323820 0.042312596 0.991854191
1403638630577829376.000000 -0.012883186 0.041866820 -0.110088348 -0.112900212 0.041029006 0.044443931 0.991763592
1403638630627829504.000000 -0.018463131 0.039486215 -0.104180664 -0.114037290 0.041875172 0.042232819 0.991694748
1403638630677829376.000000 -0.029626573 0.037537225 -0.098257571 -0.109888509 0.008641473 0.041397993 0.993043900
1403638630727829504.000000 -0.032926418 0.037838805 -0.096244156 -0.103334218 -0.002142976 0.039342318 0.993866026
1403638630777829376.000000 -0.035507094 0.039960783 -0.100726955 -0.109189585 -0.002489813 0.034383614 0.993423045
1403638630827829504.000000 -0.040537011 0.038925558 -0.106268682 -0.107943930 0.001677894 0.038780391 0.993398905
1403638630877829376.000000 -0.035797041 0.047095843 -0.087146848 -0.105703078 -0.000077813 0.038087137 0.993668079
1403638630927829504.000000 -0.038590502 0.044846155 -0.091963604 -0.106211103 0.000430966 0.037836011 0.993623435
1403638630977829376.000000 -0.041576263 0.042627186 -0.097021624 -0.106012158 0.000214971 0.038201086 0.993630767
1403638631027829504.000000 -0.033435151 0.044811703 -0.075444840 0.105679236 -0.000121596 -0.038376018 -0.993659496
1403638631077829376.000000 -0.023419941 0.053571384 -0.087389089 0.105576172 0.000218109 -0.037430678 -0.993706524
1403638631127829504.000000 -0.048407901 0.038594443 -0.110564388 -0.105755217 0.000138586 0.038867600 0.993632376
1403638631177829376.000000 -0.051243272 0.037110172 -0.115815632 -0.106329739 0.000269560 0.037666775 0.993617177
1403638631227829504.000000 -0.054331802 0.034924589 -0.121405520 -0.105850480 0.000222938 0.038662612 0.993630171
1403638631277829376.000000 -0.057043273 0.033178918 -0.126916766 -0.106272437 0.000272730 0.037708394 0.993621826
1403638631327829504.000000 -0.059458904 0.031130103 -0.132273823 -0.105929323 0.000541571 0.038733274 0.993618906
1403638631377829376.000000 -0.057853207 0.028862607 -0.116757534 0.105928496 0.000078035 -0.038058031 -0.993645191
1403638631427829504.000000 -0.061054945 0.026190931 -0.123086855 0.105761841 -0.000348067 -0.038524602 -0.993644893
1403638631477829376.000000 -0.064124562 0.023672413 -0.129573703 0.105883129 -0.000142757 -0.038418341 -0.993636191
1403638631527829504.000000 -0.067360952 0.020869303 -0.136260167 0.105852857 -0.000290864 -0.038588777 -0.993632734
1403638631577829376.000000 -0.068197817 0.020636497 -0.140022203 0.105795570 -0.000355001 -0.038548883 -0.993640363
1403638631627829504.000000 -0.069089741 0.019929999 -0.142738998 0.105953023 -0.000349200 -0.038371798 -0.993630469
1403638631677829376.000000 -0.071035244 0.017905805 -0.148152858 0.105820790 -0.000425816 -0.039115150 -0.993615568
