1403715344162142976.000000 0.495309949 -0.161847129 1.421123862 0.073153853 0.821934164 0.006824366 0.564823985
1403715344312143104.000000 0.015818495 -0.030331247 0.050731022 0.011253411 0.006512670 -0.014370785 0.999812186
1403715344362142976.000000 0.013178708 -0.004226642 0.040558130 0.025171719 0.011423673 -0.022470336 0.999365330
1403715344412143104.000000 0.018810656 -0.020517047 0.047452372 0.024330512 0.014669345 -0.026095947 0.999255717
1403715344462142976.000000 0.022063781 -0.029121218 0.056505974 0.027834682 0.017646374 -0.030307608 0.998997211
1403715344512143104.000000 0.025517242 -0.038555395 0.066413693 0.030442318 0.020411819 -0.034602668 0.998728871
1403715344562142976.000000 0.046007972 -0.124013729 0.159045711 0.030898865 0.023329481 -0.039802808 0.998457193
1403715344612143104.000000 0.029296946 -0.059199419 0.081286535 0.036732465 0.019920131 -0.037400723 0.998426318
1403715344662142976.000000 0.030024569 -0.092823125 0.113817103 0.035850506 0.018668067 -0.043508701 0.998235106
1403715344712143104.000000 0.050668050 -0.155474588 0.182594061 0.038986307 0.010974188 -0.044565845 0.998185158
1403715344762142976.000000 0.051041365 -0.166441277 0.187954828 0.041572768 0.006220077 -0.045926459 0.998060048
1403715344812143104.000000 0.052193906 -0.256553859 0.235508919 0.042156775 0.003956192 -0.047368091 0.997979701
1403715344862142976.000000 0.052172069 -0.270216197 0.239863500 0.043173168 0.002011274 -0.047733981 0.997924626
1403715344912143104.000000 0.051637456 -0.285213888 0.244466141 0.044459015 0.000371102 -0.047487538 0.997881889
1403715344962142976.000000 0.052878581 -0.300277144 0.249571577 0.046452593 0.000321941 -0.044702403 0.997919679
1403715345012143104.000000 0.054414317 -0.312125772 0.255026549 0.050901439 0.001930773 -0.037698798 0.997990012
1403715345062142976.000000 0.052289441 -0.433061302 0.288077980 0.051999658 0.006470653 -0.032618023 0.998093307
1403715345112143104.000000 0.053104281 -0.448113412 0.291503161 0.054459058 0.009121221 -0.027263312 0.998102069
1403715345162142976.000000 0.053849608 -0.464681715 0.294619143 0.055955544 0.009484681 -0.023005476 0.998123169
1403715345212143104.000000 0.053170837 -0.480078816 0.295353115 0.057769984 0.009143561 -0.018626312 0.998114288
1403715345262142976.000000 0.055457599 -0.496279657 0.299180359 0.058560226 0.006370446 -0.017965687 0.998101890
1403715345312143104.000000 0.049394339 -0.632738471 0.321892738 0.056736521 0.007869211 -0.017756762 0.998200297
1403715345362142976.000000 0.052289385 -0.648277223 0.324543715 0.057710838 0.005312926 -0.015784407 0.998194456
1403715345412143104.000000 0.050453987 -0.666582465 0.323628336 0.057748057 0.004838385 -0.015555471 0.998198271
1403715345462142976.000000 0.051082913 -0.680513620 0.324585885 0.060267530 0.003294587 -0.013664881 0.998083293
1403715345512143104.000000 0.052861527 -0.694495738 0.326151758 0.061328568 0.001916062 -0.014235544 0.998014331
1403715345562142976.000000 0.036801487 -0.836049557 0.336777776 0.057962298 0.005271106 -0.015510508 0.998184443
1403715345612143104.000000 0.035873517 -0.849913657 0.335051745 0.059957094 0.005423104 -0.014631887 0.998079062
1403715345662142976.000000 0.032653607 -0.862628758 0.335936219 0.062489610 0.006360201 -0.013814088 0.997929752
1403715345712143104.000000 0.033095777 -0.877605379 0.334150523 0.064067386 0.005292964 -0.012204528 0.997856975
1403715345762142976.000000 0.034378797 -0.892949462 0.332694411 0.065732934 0.004308334 -0.010902020 0.997768462
1403715345812143104.000000 0.015813246 -1.041423678 0.336144745 0.060847521 0.005144524 -0.011404913 0.998068690
1403715345862142976.000000 0.016065715 -1.055990815 0.335126221 0.062657923 0.002493858 -0.009582336 0.997986019
1403715345912143104.000000 0.031501077 -0.933455408 0.328948319 0.071474783 -0.005711106 -0.007247671 0.997399807
1403715345962142976.000000 0.015601644 -1.083587527 0.331530988 0.064986989 -0.014351331 -0.009475621 0.997737944
1403715346012143104.000000 0.011544407 -1.100315452 0.329508275 0.065116793 -0.020539368 -0.009082505 0.997624934
1403715346062142976.000000 -0.011533485 -1.242298484 0.325053930 0.060755778 -0.026405048 -0.010451760 0.997748613
1403715346112143104.000000 -0.010302379 -1.258991957 0.323696643 0.060662497 -0.032072049 -0.009608423 0.997596741
1403715346162142976.000000 -0.012022739 -1.269843578 0.320934594 0.063127756 -0.032968733 -0.008633163 0.997423410
1403715346212143104.000000 -0.006644826 -1.285042524 0.320555300 0.063780129 -0.032830209 -0.006886881 0.997400105
1403715346262142976.000000 -0.005200313 -1.296676040 0.318166316 0.065482423 -0.028671561 -0.005670542 0.997425616
1403715346312143104.000000 -0.015115738 -1.438207984 0.324170411 0.058504876 -0.022314450 -0.006673354 0.998015404
1403715346362142976.000000 -0.012108342 -1.450182199 0.326104611 -0.058595672 0.019133443 0.005585070 -0.998082817
1403715346412143104.000000 -0.011865065 -1.515098691 0.328224659 0.056884389 -0.014529835 -0.004540821 0.998264730
1403715346462142976.000000 -0.009976734 -1.539228439 0.331631660 -0.055300344 0.010325648 0.003494960 -0.998410285
1403715346512143104.000000 -0.010929212 -1.549534321 0.334080517 0.053388447 -0.006415417 -0.001660033 0.998551905
1403715346562142976.000000 -0.009715573 -1.576007724 0.336799383 0.051936250 -0.004337326 0.000640312 0.998640835
1403715346612143104.000000 -0.008749364 -1.600432515 0.339755654 -0.050322141 0.002120157 -0.004076287 -0.998722494
1403715346662142976.000000 0.000817571 -1.697155595 0.338683128 0.050318040 -0.001840271 0.007523981 0.998703241
1403715346712143104.000000 0.001368276 -1.720608711 0.340125352 -0.047806244 -0.000284547 -0.009474458 -0.998811662
1403715346762142976.000000 0.001368897 -1.743516207 0.341050446 -0.045483138 -0.001124967 -0.011450631 -0.998898923
1403715346812143104.000000 0.003482816 -1.767842174 0.341533035 0.043198764 0.000608076 0.013141430 0.998979926
1403715346862142976.000000 0.002698321 -1.789909363 0.341740042 -0.040052053 0.000951074 -0.012774281 -0.999115527
1403715346912143104.000000 0.001182838 -1.811608195 0.341771692 -0.038106948 0.003552918 -0.015577451 -0.999145925
1403715346962142976.000000 0.003530788 -1.832827926 0.342723191 0.036404364 -0.007288223 0.018536227 0.999138653
1403715347012143104.000000 0.002234757 -1.853597879 0.342685372 -0.034713238 0.010730115 -0.020867223 -0.999121845
1403715347062142976.000000 0.001087051 -1.873338819 0.342512667 -0.032969546 0.014221475 -0.022158977 -0.999109566
1403715347112143104.000000 0.016966689 -1.971272945 0.339329779 0.033981428 -0.016465899 0.020400690 0.999078631
1403715347162142976.000000 0.017181521 -1.990166306 0.339515746 -0.033944096 0.017460674 -0.015809385 -0.999146223
1403715347212143104.000000 0.018414110 -2.008755922 0.340061605 -0.035596922 0.016906591 -0.009535691 -0.999177754
1403715347262142976.000000 0.026666023 -2.047414541 0.341181874 0.040516924 -0.015658936 0.004314151 0.999046862
1403715347312143104.000000 0.029928686 -2.066255808 0.343058079 -0.046144724 0.013442512 0.002277628 -0.998841703
1403715347362142976.000000 0.036459368 -2.097022295 0.344420314 0.053908400 -0.010836462 -0.009088146 0.998445749
1403715347412143104.000000 0.040002681 -2.115915298 0.346104652 -0.061557621 0.007393907 0.018134756 -0.997911394
1403715347462142976.000000 0.046937592 -2.147205114 0.347095042 0.071083359 -0.005653881 -0.025380097 0.997131407
1403715347512143104.000000 0.050582599 -2.167786360 0.347853988 0.078821994 -0.003529508 -0.033181552 0.996330082
1403715347562142976.000000 0.052253839 -2.183525085 0.348929137 0.085236952 -0.000694304 -0.040003017 0.995557129
1403715347612143104.000000 0.056033023 -2.205515623 0.348874658 0.091267928 0.001604547 -0.045275252 0.994795382
1403715347662142976.000000 0.058752220 -2.209873676 0.350266665 0.097914420 0.003597675 -0.047374278 0.994060159
1403715347712143104.000000 0.061265655 -2.232684612 0.348979712 -0.104137391 -0.004862590 0.045249727 -0.993521154
1403715347762142976.000000 0.067138344 -2.270753145 0.347334296 0.110081829 0.004189363 -0.041526139 0.993045866
1403715347812143104.000000 0.068768643 -2.295246840 0.345043629 0.116199978 0.003989976 -0.039142996 0.992446244
1403715347862142976.000000 0.086092547 -2.370319366 0.341423959 0.126683533 0.002847643 -0.034357436 0.991343915
1403715347912143104.000000 0.086194113 -2.394670010 0.337501347 0.135328427 0.002225404 -0.031574402 0.990295112
1403715347962142976.000000 0.091462255 -2.428760767 0.334954053 0.146555588 0.000697400 -0.026409473 0.988849580
1403715348012143104.000000 0.091213934 -2.451423883 0.330474615 0.158207908 -0.000128919 -0.021945270 0.987161994
1403715348062142976.000000 0.095869862 -2.483956575 0.327289969 0.171074644 -0.002354104 -0.020103443 0.985050142
1403715348112143104.000000 0.096180059 -2.503130913 0.323447913 -0.183684513 0.002543274 0.021464601 -0.982747555
1403715348162142976.000000 0.100317188 -2.533746958 0.318984628 0.197429776 -0.004901168 -0.024470786 0.979999304
1403715348212143104.000000 0.099960305 -2.549828768 0.315319687 0.210986182 -0.005963698 -0.028867416 0.977044463
1403715348262142976.000000 0.100851037 -2.561662912 0.311258972 0.223439217 -0.008471101 -0.036073040 0.974013269
1403715348312143104.000000 0.100458466 -2.574509144 0.309520125 0.235737458 -0.010132378 -0.043293517 0.970799088
1403715348362142976.000000 0.102543518 -2.584658623 0.307552755 0.246262610 -0.012823632 -0.049619161 0.967847228
1403715348412143104.000000 0.100295134 -2.595315456 0.308881313 0.255222499 -0.014751501 -0.055858277 0.965154827
1403715348462142976.000000 0.103739947 -2.597721338 0.307998419 0.264452338 -0.018518314 -0.059380174 0.962390840
1403715348512143104.000000 0.096943773 -2.606841326 0.312975436 0.270143121 -0.019986121 -0.063560203 0.960512042
1403715348562142976.000000 0.087472826 -2.668929577 0.316401869 0.276766926 -0.021330304 -0.064696498 0.958519459
1403715348612143104.000000 0.077952482 -2.678835392 0.325257808 -0.281333983 0.019747144 0.064724319 -0.957221031
1403715348662142976.000000 0.069530606 -2.687891960 0.329283088 0.285495162 -0.018517038 -0.061968926 0.956195295
1403715348712143104.000000 0.056790914 -2.696863890 0.340837419 0.288973212 -0.017074736 -0.059573457 0.955329239
1403715348762142976.000000 0.043896697 -2.708770275 0.348996818 0.291673958 -0.017091215 -0.057827916 0.954615176
1403715348812143104.000000 0.032050423 -2.717296839 0.362427562 0.295247138 -0.016355986 -0.057400890 0.953554809
1403715348862142976.000000 0.021701507 -2.721970797 0.368671626 0.299571455 -0.014793844 -0.057756536 0.952209234
1403715348912143104.000000 0.011908349 -2.728703976 0.382546186 0.303570658 -0.013918699 -0.058548070 0.950906575
1403715348962142976.000000 -0.010808814 -2.730074167 0.414500117 0.309776723 -0.015390048 -0.058888778 0.948859155
1403715349012143104.000000 -0.018352859 -2.734003782 0.427398860 0.312444568 -0.013302891 -0.061841872 0.947827518
1403715349062142976.000000 -0.010965273 -2.728685379 0.413018554 0.312454611 -0.009853452 -0.066203587 0.947571754
1403715349112143104.000000 -0.016770720 -2.730966568 0.426743835 0.314663321 -0.006797349 -0.071477748 0.946483970
1403715349162142976.000000 -0.020756207 -2.720329285 0.445894152 0.320342898 -0.005083785 -0.073738426 0.944413662
1403715349212143104.000000 -0.025440015 -2.720365286 0.458740711 0.323001266 -0.001461863 -0.077101804 0.943251491
1403715349262142976.000000 -0.058552977 -2.716001749 0.517307162 0.327383250 0.000489860 -0.078404620 0.941632986
1403715349312143104.000000 -0.062243044 -2.714109898 0.528921068 0.330257177 0.003891631 -0.078350462 0.940625489
1403715349362142976.000000 -0.073862061 -2.693524599 0.563345671 0.332953632 0.005997650 -0.080181025 0.939508855
1403715349412143104.000000 -0.078361496 -2.689169407 0.574241579 0.333480388 0.009643284 -0.082974866 0.939049065
1403715349462142976.000000 -0.083730951 -2.682108164 0.584730506 0.333187729 0.011770303 -0.085829936 0.938872039
1403715349512143104.000000 -0.089159988 -2.669653654 0.604414701 0.333032489 0.013639313 -0.088896908 0.938616395
1403715349562142976.000000 -0.095909551 -2.662972450 0.613412678 0.332670182 0.013027322 -0.092917942 0.938364148
1403715349612143104.000000 -0.104057908 -2.655461788 0.621574223 0.334154725 0.012272820 -0.096427530 0.937492311
1403715349662142976.000000 -0.111935891 -2.647694588 0.629161358 0.336322546 0.011075182 -0.099186726 0.936443567
1403715349712143104.000000 -0.120089486 -2.639920235 0.635813177 0.340401530 0.008622781 -0.101493210 0.934746861
1403715349762142976.000000 -0.126946270 -2.630885363 0.643384874 0.345714688 0.006880086 -0.103758976 0.932560027
1403715349812143104.000000 -0.131025657 -2.610170841 0.669002831 0.356311351 0.003096516 -0.103820547 0.928576291
1403715349862142976.000000 -0.135299161 -2.597582340 0.685606718 0.363195956 0.001490465 -0.105291396 0.925743103
1403715349912143104.000000 -0.140069619 -2.588453531 0.685518920 0.374164551 0.000286379 -0.107604474 0.921098351
1403715349962142976.000000 -0.146325812 -2.578043461 0.689823747 0.383240879 -0.000598412 -0.110706538 0.916989744
1403715350012143104.000000 -0.150928453 -2.567361355 0.700915575 0.391373873 -0.000799140 -0.115208067 0.912991226
1403715350062142976.000000 -0.156807512 -2.555381775 0.706603467 0.398113221 -0.000487923 -0.119706489 0.909492254
1403715350112143104.000000 -0.159630001 -2.542624712 0.715726972 0.403347343 -0.003903616 -0.126291528 0.906281531
1403715350162142976.000000 -0.166544288 -2.529846907 0.723112464 0.407436997 -0.007654006 -0.130685121 0.903801918
1403715350212143104.000000 -0.191785097 -2.470722914 0.773083210 0.410955101 -0.011691609 -0.135768205 0.901413500
1403715350262142976.000000 -0.198322356 -2.457823515 0.781988800 0.411477298 -0.016179942 -0.143449679 0.899914980
1403715350312143104.000000 -0.207513332 -2.432898521 0.802563488 0.411689728 -0.019823927 -0.150484264 0.898595035
1403715350362142976.000000 -0.213646665 -2.421635866 0.812380075 0.410823345 -0.022929939 -0.156382635 0.897910357
1403715350412143104.000000 -0.217961207 -2.409333706 0.822222173 0.409166306 -0.024351986 -0.162672997 0.897511840
1403715350462142976.000000 -0.223725319 -2.401963711 0.832212031 0.407114923 -0.025001414 -0.167970493 0.897451043
1403715350512143104.000000 -0.230016977 -2.387590170 0.847378612 0.405305743 -0.024580596 -0.172037274 0.897511125
1403715350562142976.000000 -0.235496655 -2.385404110 0.856757998 0.403364062 -0.024597242 -0.174574926 0.897895336
1403715350612143104.000000 -0.237408295 -2.382541418 0.860453963 0.402708918 -0.024038386 -0.173991814 0.898317635
1403715350662142976.000000 -0.242338479 -2.385914803 0.869214177 0.402029246 -0.024273926 -0.172174692 0.898965597
1403715350712143104.000000 -0.251715481 -2.373058081 0.895245492 0.402480781 -0.025523679 -0.168425381 0.899439096
1403715350762142976.000000 -0.256307423 -2.380049229 0.904040813 0.402372420 -0.026346551 -0.165145323 0.900071859
1403715350812143104.000000 -0.260020256 -2.379750967 0.918140113 0.403698742 -0.025739297 -0.161952212 0.900075793
1403715350862142976.000000 -0.262659401 -2.389968634 0.926815093 0.403429389 -0.022823293 -0.161882505 0.900287747
1403715350912143104.000000 -0.264913827 -2.393575191 0.940935373 0.403293431 -0.019758822 -0.163632780 0.900104642
1403715350962142976.000000 -0.266469479 -2.405558586 0.949228525 0.402700841 -0.016132675 -0.165214211 0.900153399
1403715351012143104.000000 -0.267462820 -2.416962862 0.957247615 0.402730703 -0.014074981 -0.166377634 0.899960279
1403715351062142976.000000 -0.268431783 -2.431319714 0.963945985 0.402891785 -0.013229970 -0.167378962 0.899715245
1403715351112143104.000000 -0.269686818 -2.443210363 0.970986724 0.402288377 -0.012327919 -0.168282509 0.899829507
1403715351162142976.000000 -0.270454347 -2.457867384 0.976489425 0.403056771 -0.013118655 -0.167090476 0.899696589
1403715351212143104.000000 -0.271236420 -2.471567154 0.982187390 0.404022068 -0.014339049 -0.165977985 0.899450898
1403715351262142976.000000 -0.271072209 -2.487287760 0.986853302 0.404764801 -0.014911672 -0.165227652 0.899245799
1403715351312143104.000000 -0.269807756 -2.506026745 0.990044773 0.406596661 -0.011903744 -0.161573291 0.899128258
1403715351362142976.000000 -0.264605880 -2.539013147 1.012122393 0.409632415 -0.009428693 -0.158388436 0.898346066
1403715351412143104.000000 -0.263327926 -2.560729742 1.013336420 0.410549819 -0.005902716 -0.155773714 0.898414493
1403715351462142976.000000 -0.262084752 -2.583288431 1.013671637 0.410453886 -0.002632839 -0.155196398 0.898573816
1403715351512143104.000000 -0.250303239 -2.583431005 0.966660142 0.409641713 0.001708918 -0.154841900 0.899007678
1403715351562142976.000000 -0.248298824 -2.606487989 0.966146052 0.409234971 0.007272028 -0.153182849 0.899449289
1403715351612143104.000000 -0.253738552 -2.664162636 1.026888251 0.411236048 0.012836169 -0.150338456 0.898954153
1403715351662142976.000000 -0.252695441 -2.688083649 1.022697210 0.411669344 0.016911050 -0.149709120 0.898793399
1403715351712143104.000000 -0.220423356 -2.712292194 0.930160403 0.411157042 0.020134112 -0.151898652 0.898594141
1403715351762142976.000000 -0.220574483 -2.736917257 0.923212945 0.413460135 0.018542171 -0.153642774 0.897274137
1403715351812143104.000000 -0.216835365 -2.755740643 0.924109936 0.419233471 0.015431871 -0.152790144 0.894796252
1403715351862142976.000000 -0.217210144 -2.781232834 0.913793325 0.425410837 0.011995059 -0.152100027 0.892046690
1403715351912143104.000000 -0.216618791 -2.802166462 0.912403941 0.432859719 0.008898095 -0.151684478 0.888563573
1403715351962142976.000000 -0.217101961 -2.828423023 0.900653601 0.441083252 0.004900170 -0.150238127 0.884788215
1403715352012143104.000000 -0.244010597 -2.892107964 0.979018569 0.451897413 -0.000835677 -0.148901179 0.879554689
1403715352062142976.000000 -0.242701262 -2.917709827 0.966406584 0.460563213 -0.004050839 -0.149083719 0.875008166
1403715352112143104.000000 -0.240250677 -2.939677000 0.960473418 0.467882603 -0.005805450 -0.151015401 0.870773554
1403715352162142976.000000 -0.236796826 -2.964526653 0.948568821 0.474811256 -0.007518177 -0.150989071 0.867006421
1403715352212143104.000000 -0.232237384 -2.992357492 0.935001850 0.480961651 -0.008824422 -0.150143519 0.863744795
1403715352262142976.000000 -0.232062295 -3.008274794 0.932933807 0.485148370 -0.010467683 -0.151059866 0.861221552
1403715352312143104.000000 -0.229020804 -3.031594038 0.923837900 0.488407403 -0.012769579 -0.152523696 0.859087706
1403715352362142976.000000 -0.226165742 -3.053118467 0.917026520 0.491184205 -0.013830712 -0.153259039 0.857355595
1403715352412143104.000000 -0.218633413 -3.117427349 0.902771711 0.495430738 -0.017237579 -0.149616286 0.855491817
1403715352462142976.000000 -0.216964230 -3.138571501 0.897063255 0.499566227 -0.021397596 -0.142784014 0.854159474
1403715352512143104.000000 -0.215617672 -3.159914255 0.892454386 0.502983987 -0.023426451 -0.136625096 0.853107274
1403715352562142976.000000 -0.214069694 -3.180584908 0.889943480 0.504825115 -0.022720074 -0.135111541 0.852279484
1403715352612143104.000000 -0.211766452 -3.200391293 0.887672305 0.504537225 -0.018774042 -0.138482317 0.852005005
1403715352662142976.000000 -0.210554510 -3.219849110 0.888210177 0.504110813 -0.015320078 -0.142168969 0.851719201
1403715352712143104.000000 -0.207815319 -3.238632441 0.888144970 0.503960729 -0.011267412 -0.144231603 0.851524472
1403715352762142976.000000 -0.206478536 -3.257192612 0.889840722 0.503074348 -0.005316287 -0.147457376 0.851554036
1403715352812143104.000000 -0.205265701 -3.275162697 0.891189814 0.502692282 0.000207447 -0.148736283 0.851573884
1403715352862142976.000000 -0.194178045 -3.332520962 0.889406204 0.502786815 0.003888039 -0.150314927 0.851231933
1403715352912143104.000000 -0.193410665 -3.348827362 0.890110135 0.502078295 0.006834922 -0.152864501 0.851177514
1403715352962142976.000000 -0.191824019 -3.363414288 0.891731024 0.502279699 0.007615149 -0.151968479 0.851212561
1403715353012143104.000000 -0.191452265 -3.377670288 0.890877128 0.503423154 0.007188424 -0.149295315 0.851013780
1403715353062142976.000000 -0.185157269 -3.406305790 0.892603278 0.504074633 0.006567352 -0.149040863 0.850677669
1403715353112143104.000000 -0.183610857 -3.418637514 0.890067220 0.504073024 0.006366524 -0.150618181 0.850402296
1403715353162142976.000000 -0.179992795 -3.430977106 0.886981249 0.504154623 0.005398359 -0.152511030 0.850023210
1403715353212143104.000000 -0.174967468 -3.440676928 0.888285995 0.504455328 0.005155664 -0.154006585 0.849576533
1403715353262142976.000000 -0.165980279 -3.450233936 0.882050514 0.505232334 0.004987253 -0.154946178 0.848944783
1403715353312143104.000000 -0.154033333 -3.460595846 0.880872726 0.506347775 0.003354090 -0.155884400 0.848116040
1403715353362142976.000000 -0.141386300 -3.468196392 0.872838736 0.507224143 0.002247790 -0.157421306 0.847311795
1403715353412143104.000000 -0.131481200 -3.476863861 0.870986462 0.507963777 0.002207867 -0.160335496 0.846321762
1403715353462142976.000000 -0.123741567 -3.484339714 0.864460588 0.508889079 0.002817743 -0.162339911 0.845381498
1403715353512143104.000000 -0.119362295 -3.492022991 0.867812157 0.509959042 0.002146418 -0.164145544 0.844389439
1403715353562142976.000000 -0.119954884 -3.498702288 0.864236712 0.510433435 0.002365933 -0.166163996 0.843707085
1403715353612143104.000000 -0.124851108 -3.506155252 0.862908006 0.511563778 0.002111612 -0.167057887 0.842846215
1403715353662142976.000000 -0.119121671 -3.515315533 0.868337631 0.512860894 0.002584493 -0.168721542 0.841724515
1403715353712143104.000000 -0.127077281 -3.522124529 0.867562652 0.513421237 0.004099746 -0.170110404 0.841097057
1403715353762142976.000000 -0.132895529 -3.528332710 0.868172646 0.514330924 0.004469702 -0.171582475 0.840240002
1403715353812143104.000000 -0.143261075 -3.534707069 0.866474509 0.515048146 0.006281059 -0.173007980 0.839496374
1403715353862142976.000000 -0.144943178 -3.542146921 0.868450403 0.516428351 0.005667998 -0.173246264 0.838603258
1403715353912143104.000000 -0.155736625 -3.549002647 0.866115332 0.517489493 0.006840358 -0.173342168 0.837920308
1403715353962142976.000000 -0.157770276 -3.593837738 0.865043402 0.518709481 0.006356494 -0.173895389 0.837054670
1403715354012143104.000000 -0.169794381 -3.600398540 0.862220287 0.519501090 0.005677967 -0.174106300 0.836524665
1403715354062142976.000000 -0.182011187 -3.607294321 0.859640837 0.520797670 0.001629259 -0.172892988 0.835987568
1403715354112143104.000000 -0.192984045 -3.557012558 0.861876488 0.522671461 -0.003640962 -0.168049380 0.835799515
1403715354162142976.000000 -0.203825831 -3.562984705 0.859097481 0.524924278 -0.008515983 -0.162711695 0.835408270
1403715354212143104.000000 -0.209549725 -3.583777666 0.858718157 0.527085423 -0.013184594 -0.159388378 0.834627211
1403715354262142976.000000 -0.219882458 -3.588756084 0.857338667 0.527788937 -0.016107941 -0.158641830 0.834273458
1403715354312143104.000000 -0.230927140 -3.637274265 0.857514858 0.529398441 -0.018109540 -0.159363985 0.833074152
1403715354362142976.000000 -0.239432156 -3.641645432 0.858076572 0.528228700 -0.017582897 -0.163416117 0.833042860
1403715354412143104.000000 -0.246816874 -3.645912170 0.859958649 0.526580215 -0.016154606 -0.168682292 0.833065867
1403715354462142976.000000 -0.253783852 -3.650797129 0.862240791 0.525197864 -0.014597181 -0.173433527 0.832991600
1403715354512143104.000000 -0.260265291 -3.656202793 0.864837885 0.524164021 -0.012796220 -0.177028984 0.832916081
1403715354562142976.000000 -0.266028017 -3.662159204 0.867354870 0.523700833 -0.011818144 -0.178455323 0.832917511
1403715354612143104.000000 -0.274588466 -3.667423248 0.873679161 0.524375498 -0.011624083 -0.177798718 0.832636118
1403715354662142976.000000 -0.275548309 -3.674196243 0.874885082 0.524068177 -0.011298272 -0.177746534 0.832845211
1403715354712143104.000000 -0.272568315 -3.682083368 0.874384403 0.523885787 -0.011159447 -0.177127004 0.833093822
1403715354762142976.000000 -0.266033262 -3.690138102 0.873540640 0.523434877 -0.011125354 -0.176761776 0.833455145
1403715354812143104.000000 -0.258600414 -3.696964979 0.872732878 0.523154557 -0.012927425 -0.176342517 0.833693922
1403715354862142976.000000 -0.259239137 -3.695227385 0.876216650 0.523413479 -0.011439434 -0.176072583 0.833610237
1403715354912143104.000000 -0.247302055 -3.701929569 0.874191761 0.524857342 -0.012883993 -0.172746137 0.833377182
1403715354962142976.000000 -0.236718744 -3.707527637 0.872990847 0.526420355 -0.013301702 -0.169844732 0.832981110
1403715355012143104.000000 -0.220153809 -3.715112686 0.869165421 0.527912915 -0.013184265 -0.167237297 0.832565904
1403715355062142976.000000 -0.194698364 -3.736102104 0.874962807 0.529435277 -0.012795216 -0.166937992 0.831664801
1403715355112143104.000000 -0.180232465 -3.742977381 0.873201609 0.529985487 -0.012253854 -0.169223711 0.830860138
1403715355162142976.000000 -0.171194971 -3.748461008 0.874554873 0.532424986 -0.011462840 -0.171576187 0.828826845
1403715355212143104.000000 -0.159268677 -3.754531622 0.873624563 0.536366463 -0.012457608 -0.174072444 0.825744927
1403715355262142976.000000 -0.148471951 -3.760249615 0.873521566 0.541408777 -0.011603718 -0.177495733 0.821728230
1403715355312143104.000000 -0.126298308 -3.775544643 0.879547119 0.547662020 -0.011580161 -0.182587385 0.816452146
1403715355362142976.000000 -0.116777897 -3.781574726 0.879604101 0.554528356 -0.010935296 -0.187464327 0.810700893
1403715355412143104.000000 -0.106897593 -3.788006067 0.879938364 0.562833846 -0.009733784 -0.190725833 0.804205775
1403715355462142976.000000 -0.090446472 -3.800083876 0.884993553 0.572550595 -0.009777665 -0.192854077 0.796804667
1403715355512143104.000000 -0.080858052 -3.806391478 0.885022163 0.582262576 -0.008154602 -0.194687739 0.789303899
1403715355562142976.000000 -0.095221877 -3.800819159 0.882110119 0.591103971 -0.006336131 -0.197674066 0.781972468
1403715355612143104.000000 -0.086695552 -3.806352139 0.882287741 0.600592613 -0.006049662 -0.200478956 0.773989797
1403715355662142976.000000 -0.079179049 -3.813128948 0.885071039 0.608625710 -0.004635626 -0.204821497 0.766551673
1403715355712143104.000000 -0.072027624 -3.818175793 0.886512280 0.615575671 -0.003396939 -0.208414584 0.760012150
1403715355762142976.000000 -0.063989878 -3.824543953 0.890478134 0.621211171 -0.002414474 -0.211953849 0.754431188
1403715355812143104.000000 -0.057685733 -3.829408646 0.893213272 0.625111938 -0.001858318 -0.215625450 0.750158191
1403715355862142976.000000 -0.006357312 -3.859468222 0.909750938 0.629443049 -0.003886996 -0.218096897 0.745801687
1403715355912143104.000000 0.000043035 -3.865108252 0.912436008 0.631731153 -0.003477824 -0.220500320 0.743157625
1403715355962142976.000000 0.007469654 -3.871218443 0.916402340 0.632767916 -0.002820435 -0.223721907 0.741313338
1403715356012143104.000000 0.013801813 -3.877263546 0.918863058 0.633013129 -0.001132431 -0.226267353 0.740335166
1403715356062142976.000000 0.029920340 -3.888995171 0.926051140 0.632368624 0.000335872 -0.230039552 0.739724100
1403715356112143104.000000 0.036008954 -3.895497084 0.927329540 0.630135596 0.002957227 -0.234330490 0.740276694
1403715356162142976.000000 0.034121633 -3.895370483 0.926227570 0.627173960 0.005703007 -0.237955138 0.741618276
1403715356212143104.000000 0.039474726 -3.902496815 0.925603390 0.624263585 0.008301328 -0.239602625 0.743516445
1403715356262142976.000000 0.044475317 -3.908408403 0.926149607 0.621450305 0.009811224 -0.240279466 0.745633364
1403715356312143104.000000 0.047551751 -3.916132212 0.923420906 0.618128717 0.009970283 -0.241279230 0.748065412
1403715356362142976.000000 0.071064353 -3.940779686 0.932427645 0.615866363 0.006243133 -0.241512150 0.749894381
1403715356412143104.000000 0.071456671 -3.949963331 0.927344084 0.612875223 0.002944771 -0.241611391 0.752329230
1403715356462142976.000000 0.076721072 -3.967881918 0.925630808 0.611115575 -0.001824853 -0.239563242 0.754416347
1403715356512143104.000000 0.074956894 -3.978359938 0.919037342 0.610120296 -0.007929666 -0.234066874 0.756903648
1403715356562142976.000000 0.075993061 -3.987022638 0.917983770 0.610352159 -0.012335543 -0.229456618 0.758068502
1403715356612143104.000000 0.072916746 -3.999754190 0.910334587 0.611292064 -0.015600129 -0.225704163 0.758377433
1403715356662142976.000000 0.070394158 -4.013280869 0.902940273 0.613629162 -0.017478826 -0.222474679 0.757402718
1403715356712143104.000000 0.072559476 -4.032095909 0.901519299 0.617029727 -0.019166969 -0.221261740 0.754950523
1403715356762142976.000000 0.070170283 -4.048063278 0.894288301 0.620925426 -0.019666640 -0.220452026 0.751974642
1403715356812143104.000000 0.069576740 -4.067314625 0.890201569 0.626854420 -0.020075820 -0.220010772 0.747158468
1403715356862142976.000000 0.067317843 -4.084017277 0.883705616 0.632478118 -0.020743713 -0.222557366 0.741626263
1403715356912143104.000000 0.065061808 -4.097648621 0.881412506 0.639749765 -0.022205610 -0.223743051 0.734960079
1403715356962142976.000000 0.065823555 -4.116559982 0.875928164 0.648389161 -0.022974379 -0.224174321 0.727192998
1403715357012143104.000000 0.069047332 -4.135783672 0.871257305 0.657423973 -0.021031763 -0.226012051 0.718519330
1403715357062142976.000000 0.069655776 -4.148318768 0.867794514 0.666886568 -0.020587914 -0.228282899 0.709031343
1403715357112143104.000000 0.075778842 -4.167994022 0.862894535 0.676331758 -0.018426530 -0.230308563 0.699423909
1403715357162142976.000000 0.081726789 -4.186556816 0.858604431 0.685083389 -0.016242327 -0.233554840 0.689818203
1403715357212143104.000000 0.083573341 -4.200128555 0.856806278 0.692782223 -0.013964254 -0.237144023 0.680896878
1403715357262142976.000000 0.091592431 -4.219780922 0.853660583 0.699093163 -0.009934993 -0.240374237 0.673342586
1403715357312143104.000000 0.099965453 -4.238995075 0.851078510 0.703467548 -0.006484316 -0.244316906 0.667383432
1403715357362142976.000000 0.108986735 -4.259461403 0.849120140 0.706578612 -0.002599608 -0.247919917 0.662778735
1403715357412143104.000000 0.113441706 -4.274427414 0.847916126 0.709101558 0.000133113 -0.249973521 0.659308910
1403715357462142976.000000 0.121235251 -4.293730736 0.846254349 0.710665762 0.003087232 -0.252662897 0.656586707
1403715357512143104.000000 0.129901767 -4.313261032 0.844639301 0.711471558 0.002912566 -0.256074488 0.654389560
1403715357562142976.000000 0.134264827 -4.331792831 0.843206406 0.711860120 0.003279066 -0.259038568 0.652796686
1403715357612143104.000000 0.134284377 -4.349215508 0.840585709 0.711882472 0.004821200 -0.261944503 0.651602089
1403715357662142976.000000 0.142293572 -4.365569115 0.838704109 0.712117493 0.005989577 -0.264014453 0.650499284
1403715357712143104.000000 0.145440578 -4.383676529 0.835510254 0.712803662 0.010058234 -0.263930857 0.649730980
1403715357762142976.000000 0.169938087 -4.485447884 0.827257156 0.713909686 0.011589355 -0.264683127 0.648183227
1403715357812143104.000000 0.171284556 -4.502634525 0.822863579 0.713443279 0.016385376 -0.266854465 0.647702873
1403715357862142976.000000 0.174104929 -4.519991398 0.819968700 0.712334454 0.020616777 -0.270240605 0.647398412
1403715357912143104.000000 0.172368169 -4.536530495 0.813550949 0.711345673 0.022979528 -0.272709846 0.647370636
1403715357962142976.000000 0.174785972 -4.555968285 0.811595440 0.710658312 0.022680603 -0.275028825 0.647155046
1403715358012143104.000000 0.170645714 -4.572798729 0.802469730 0.709743440 0.022340965 -0.277138203 0.647270858
1403715358062142976.000000 0.170470834 -4.590889931 0.798086643 0.708849967 0.021660862 -0.279173046 0.647398591
1403715358112143104.000000 0.164512992 -4.608241558 0.785682678 0.708770156 0.019179801 -0.278666466 0.647782445
1403715358162142976.000000 0.164054632 -4.663605690 0.767837524 0.709611952 0.015012296 -0.276357979 0.647959769
1403715358212143104.000000 0.156435370 -4.682511330 0.752467632 0.709973335 0.009167432 -0.273959666 0.648690999
1403715358262142976.000000 0.152640820 -4.662731647 0.757914543 0.711195111 0.005152684 -0.270982206 0.648647606
1403715358312143104.000000 0.144225359 -4.683239460 0.740910053 0.711039901 0.002126719 -0.270651042 0.648972929
1403715358362142976.000000 0.139851213 -4.761418343 0.707307816 0.711053848 0.000714486 -0.272644877 0.648125529
1403715358412143104.000000 0.131085515 -4.784276962 0.689029217 0.711474419 0.003589056 -0.275499731 0.646445096
1403715358462142976.000000 0.130126834 -4.745978832 0.702806473 0.713822126 0.007031270 -0.276795268 0.643267453
1403715358512143104.000000 0.120157361 -4.770327091 0.682446480 0.717049718 0.012168872 -0.277282745 0.639379442
1403715358562142976.000000 0.106362343 -4.872241497 0.632672787 0.721001327 0.015995322 -0.278423131 0.634335756
1403715358612143104.000000 0.094989419 -4.896780968 0.611116409 0.724959373 0.019345080 -0.277676195 0.630044222
1403715358662142976.000000 0.087184906 -4.929578781 0.587764263 0.730315566 0.020279113 -0.274254650 0.625309885
1403715358712143104.000000 0.075469494 -4.952920914 0.564104080 0.737013876 0.018003747 -0.267103225 0.620598376
1403715358762142976.000000 0.069300890 -4.975300312 0.546096802 0.743252158 0.015176352 -0.261108965 0.615766227
1403715358812143104.000000 0.057532668 -4.997324944 0.522480488 0.748544872 0.013448955 -0.256318957 0.611392140
1403715358862142976.000000 0.050433278 -5.018872261 0.504125118 0.753340006 0.011479458 -0.252479434 0.607125401
1403715358912143104.000000 0.038510323 -5.039220810 0.481870651 0.757320464 0.011676462 -0.249076277 0.603564799
1403715358962142976.000000 0.021665931 -5.089755058 0.441144466 0.760968983 0.010714943 -0.247543842 0.599611163
1403715359012143104.000000 0.009315372 -5.107925415 0.421004295 0.763362467 0.008464729 -0.247244760 0.596721113
1403715359062142976.000000 0.009653807 -5.094396114 0.428946972 0.764023066 0.007347530 -0.249283254 0.595040023
1403715359112143104.000000 -0.001852751 -5.110808372 0.411222458 0.765175581 0.007140446 -0.249983445 0.593265176
1403715359162142976.000000 -0.027613997 -5.179910660 0.355367184 0.767299294 0.006823624 -0.249659568 0.590656817
1403715359212143104.000000 -0.038253903 -5.194668293 0.338971138 0.768390596 0.008263720 -0.248407975 0.589746714
1403715359262142976.000000 -0.048013330 -5.209173203 0.323132992 0.768740892 0.010432781 -0.248160034 0.589359939
1403715359312143104.000000 -0.061887860 -5.237315178 0.298751831 0.768343747 0.012429869 -0.249272108 0.589369833
1403715359362142976.000000 -0.071036220 -5.248077393 0.284521103 0.767407715 0.014420037 -0.251245916 0.589705706
1403715359412143104.000000 -0.074162483 -5.251525879 0.281402111 0.765643418 0.018380998 -0.254016250 0.590701342
1403715359462142976.000000 -0.082178354 -5.260388374 0.266449451 0.763928533 0.022429120 -0.256624520 0.591653585
1403715359512143104.000000 -0.089093089 -5.271939278 0.253395557 0.762676716 0.025496192 -0.258322746 0.592404962
1403715359562142976.000000 -0.095032692 -5.278412819 0.236448288 0.761618912 0.028122084 -0.258615106 0.593518317
1403715359612143104.000000 -0.102329493 -5.286953449 0.221127510 0.761119902 0.029169152 -0.257752538 0.594482481
1403715359662142976.000000 -0.108091116 -5.291064739 0.201741695 0.760836482 0.027920663 -0.256892741 0.595276773
1403715359712143104.000000 -0.133810997 -5.334966660 0.146912575 0.761342943 0.024661211 -0.255842984 0.595225394
1403715359762142976.000000 -0.139023185 -5.336948395 0.126276970 0.761014760 0.021636693 -0.255448550 0.595931649
1403715359812143104.000000 -0.125036836 -5.309045792 0.152400017 0.760713637 0.019477559 -0.253673732 0.597147465
1403715359862142976.000000 -0.129587412 -5.309228420 0.131153584 0.760264456 0.017433373 -0.254071236 0.597613513
1403715359912143104.000000 -0.135862589 -5.314552307 0.114233494 0.759782612 0.013206706 -0.254657090 0.598085105
1403715359962142976.000000 -0.140394807 -5.313527107 0.093319416 0.759971023 0.007863354 -0.253783315 0.598311186
1403715360012143104.000000 -0.144884348 -5.312366486 0.073284626 0.759541452 0.005476787 -0.255031526 0.598352611
1403715360062142976.000000 -0.149806619 -5.316267967 0.060095787 0.758977294 0.004256935 -0.256640375 0.598390460
1403715360112143104.000000 -0.154191852 -5.314416885 0.040252686 0.758575976 0.003841915 -0.258103281 0.598272860
1403715360162142976.000000 -0.187342882 -5.360840321 -0.049791336 0.759570003 0.002942972 -0.259601563 0.596365452
1403715360212143104.000000 -0.191755295 -5.359239578 -0.069618702 0.759303689 0.003152869 -0.260574609 0.596279144
1403715360262142976.000000 -0.196882606 -5.361786842 -0.091467381 0.758929908 0.002672576 -0.260800600 0.596658468
1403715360312143104.000000 -0.200911045 -5.360388756 -0.109881401 0.758036792 0.001301136 -0.259596407 0.598321140
1403715360362142976.000000 -0.205901980 -5.361931324 -0.131048679 0.757110178 -0.003196927 -0.256087571 0.600993395
1403715360412143104.000000 -0.209262848 -5.360410690 -0.148242474 0.755723298 -0.009101188 -0.250587255 0.604983926
1403715360462142976.000000 -0.213332772 -5.361565113 -0.167595387 0.753543675 -0.015517119 -0.244955301 0.609859109
1403715360512143104.000000 -0.215540528 -5.360135555 -0.182260513 0.750165880 -0.021048212 -0.239092708 0.616151571
1403715360562142976.000000 -0.219221115 -5.361907005 -0.198667049 0.745873809 -0.024999548 -0.233849227 0.623186886
1403715360612143104.000000 -0.220570803 -5.361442566 -0.210157394 0.739920795 -0.026454400 -0.230415121 0.631447852
1403715360662142976.000000 -0.219151616 -5.358295441 -0.196858406 0.732246697 -0.024139788 -0.227606729 0.641425967
1403715360712143104.000000 -0.217758894 -5.358114243 -0.204504490 0.724551380 -0.022368668 -0.225575536 0.650876880
1403715360762142976.000000 -0.218157172 -5.365038872 -0.239993572 0.716317296 -0.019700836 -0.226173088 0.659808457
1403715360812143104.000000 -0.215408802 -5.365065575 -0.244381905 0.706293464 -0.015735852 -0.226912826 0.670382380
1403715360862142976.000000 -0.213522315 -5.365963459 -0.248930454 0.695754409 -0.011523603 -0.227522045 0.681195140
1403715360912143104.000000 -0.210019469 -5.366050243 -0.251966476 0.685178041 -0.007135482 -0.227165818 0.692008555
1403715360962142976.000000 -0.207954764 -5.366710663 -0.255004883 0.674249828 -0.004612997 -0.226455212 0.702911139
1403715361012143104.000000 -0.204209805 -5.367259502 -0.257918835 0.663522661 -0.002883703 -0.224782839 0.713584006
1403715361062142976.000000 -0.202466130 -5.368179798 -0.259777546 0.652820289 -0.002162318 -0.222351477 0.724141419
1403715361112143104.000000 -0.199143529 -5.368563175 -0.263112068 0.641915202 -0.002268996 -0.219697550 0.734624207
1403715361162142976.000000 -0.190128803 -5.374438286 -0.271211147 0.631424427 -0.003036032 -0.216778681 0.744513929
1403715361212143104.000000 -0.187113166 -5.375121593 -0.275196075 0.619968832 -0.002911685 -0.214623973 0.754696429
1403715361262142976.000000 -0.184966922 -5.375938416 -0.276556492 0.608805656 -0.002627043 -0.211949587 0.764477789
1403715361312143104.000000 -0.182441592 -5.377007961 -0.281082392 0.597377241 -0.002149576 -0.209773436 0.774035513
1403715361362142976.000000 -0.181095600 -5.378182411 -0.283760548 0.585870028 -0.000858658 -0.207250223 0.783455729
1403715361412143104.000000 -0.180225730 -5.379726410 -0.288590193 0.574456215 -0.000254152 -0.204474732 0.792584419
1403715361462142976.000000 -0.180454612 -5.381048203 -0.290835381 0.563743472 0.000121443 -0.201183677 0.801073372
1403715361512143104.000000 -0.181378305 -5.383668900 -0.296625853 0.554271102 0.000876343 -0.198192745 0.808395028
1403715361562142976.000000 -0.173310637 -5.391528130 -0.302214622 0.546803653 -0.000118006 -0.195744455 0.814057648
1403715361612143104.000000 -0.176087797 -5.395433426 -0.309365988 0.539041281 0.000617870 -0.195465058 0.819284856
1403715361662142976.000000 -0.177421093 -5.398038864 -0.313131809 0.532929420 0.000599251 -0.194457293 0.823512197
1403715361712143104.000000 -0.182070911 -5.403872490 -0.321280956 0.526920497 -0.001038151 -0.192786828 0.827760220
1403715361762142976.000000 -0.183712125 -5.404440403 -0.324050426 0.520652294 -0.004163479 -0.190893605 0.832143962
1403715361812143104.000000 -0.189924777 -5.411971092 -0.332021475 0.514062643 -0.007684359 -0.188736409 0.836695313
1403715361862142976.000000 -0.193054497 -5.416035652 -0.335578918 0.506819427 -0.011171453 -0.186494142 0.841563582
1403715361912143104.000000 -0.199861526 -5.425581932 -0.342755795 0.498235881 -0.012887154 -0.184665442 0.847050011
1403715361962142976.000000 -0.202561438 -5.440279961 -0.353595972 0.490740836 -0.014707449 -0.180393949 0.852299988
1403715362012143104.000000 -0.208498478 -5.451582432 -0.360305548 0.481684178 -0.014697288 -0.175993681 0.858365059
1403715362062142976.000000 -0.213037789 -5.460630894 -0.365905285 0.471830785 -0.014368823 -0.172554553 0.864519596
1403715362112143104.000000 -0.219269454 -5.473048210 -0.371361017 0.461109519 -0.013642377 -0.168534487 0.871084452
1403715362162142976.000000 -0.225201339 -5.484339714 -0.376896024 0.449534923 -0.013484810 -0.165491194 0.877695382
1403715362212143104.000000 -0.232213646 -5.498684883 -0.381474137 0.436967820 -0.012518698 -0.162009910 0.884678066
1403715362262142976.000000 -0.235279173 -5.501158714 -0.383020639 0.423810840 -0.010660940 -0.158270255 0.891751826
1403715362312143104.000000 -0.242975116 -5.517323494 -0.386926651 0.410179794 -0.010103399 -0.154902026 0.898696721
1403715362362142976.000000 -0.252814651 -5.542418957 -0.395447373 0.397052675 -0.010768930 -0.150323868 0.905337453
1403715362412143104.000000 -0.260687709 -5.560329914 -0.399943292 0.383088380 -0.010388859 -0.145840600 0.912066877
1403715362462142976.000000 -0.267988265 -5.577563286 -0.406330526 0.369392186 -0.010407569 -0.140192330 0.918578982
1403715362512143104.000000 -0.276289344 -5.596875668 -0.411685109 0.355069131 -0.009854646 -0.134852767 0.925010026
1403715362562142976.000000 -0.283749133 -5.615251064 -0.417590797 0.340711862 -0.010307950 -0.130582199 0.930998087
1403715362612143104.000000 -0.291400135 -5.635681152 -0.424035758 0.326811045 -0.010594907 -0.125136808 0.936708689
1403715362662142976.000000 -0.298463821 -5.658068657 -0.430549592 0.313588530 -0.010621208 -0.119495913 0.941950142
1403715362712143104.000000 -0.304836273 -5.680807590 -0.437580466 0.300356537 -0.010935481 -0.112967759 0.947050571
1403715362762142976.000000 -0.311403632 -5.705314636 -0.444328189 0.288680226 -0.012414210 -0.103576340 0.951725602
1403715362812143104.000000 -0.316236436 -5.729743004 -0.451948255 0.277533442 -0.014416950 -0.092160039 0.956176758
1403715362862142976.000000 -0.322398454 -5.755497932 -0.459031433 0.268591344 -0.016650986 -0.076676145 0.960053265
1403715362912143104.000000 -0.325265080 -5.779995918 -0.466824353 -0.260432839 0.016397607 0.058342859 -0.963588059
1403715362962142976.000000 -0.329268038 -5.805287361 -0.472983181 0.252237469 -0.013840007 -0.042743530 0.966621816
1403715363012143104.000000 -0.329657227 -5.827109337 -0.478963017 0.244063079 -0.011902343 -0.028637486 0.969263434
1403715363062142976.000000 -0.330503464 -5.846980572 -0.485029280 0.235664830 -0.011186717 -0.017475449 0.971612871
1403715363112143104.000000 -0.329973906 -5.864827633 -0.490501106 0.226664841 -0.011040917 -0.009334071 0.973865569
1403715363162142976.000000 -0.325836718 -5.873709679 -0.495455146 0.216453612 -0.013059465 -0.004386311 0.976195753
1403715363212143104.000000 -0.327787876 -5.892831326 -0.500099778 0.207407817 -0.014693559 -0.000079936 0.978144288
1403715363262142976.000000 -0.325463295 -5.903059006 -0.504041791 0.197400570 -0.015504101 0.002875188 0.980196118
1403715363312143104.000000 -0.322562069 -5.911027908 -0.507433355 -0.187675506 0.016526045 -0.006007642 -0.982073724
1403715363362142976.000000 -0.319184780 -5.916580200 -0.510433078 -0.177660704 0.016675171 -0.008905442 -0.983910263
1403715363412143104.000000 -0.315327793 -5.920014381 -0.512943983 -0.167824626 0.015869822 -0.011515845 -0.985621929
1403715363462142976.000000 -0.314498037 -5.932936668 -0.504048169 0.158178657 -0.014956091 0.014034609 0.987197459
1403715363512143104.000000 -0.309413970 -5.932096958 -0.504311442 0.147402018 -0.014014752 0.015755761 0.988851905
1403715363562142976.000000 -0.300644040 -5.933031559 -0.506722212 -0.135411412 0.012313604 -0.014344880 -0.990609109
1403715363612143104.000000 -0.297367424 -5.924403191 -0.504177094 0.122278214 -0.011266892 0.010193097 0.992379606
1403715363662142976.000000 -0.291012138 -5.918259144 -0.503367066 0.109808438 -0.010205565 0.007985525 0.993868291
1403715363712143104.000000 -0.281306326 -5.913974285 -0.504246175 -0.096878104 0.007970654 -0.006357486 -0.995244086
1403715363762142976.000000 -0.277676821 -5.901376724 -0.500398219 0.084222846 -0.007006731 0.007343314 0.996395290
1403715363812143104.000000 -0.271427721 -5.891819954 -0.498729199 0.071066596 -0.005586170 0.009300749 0.997412622
1403715363862142976.000000 -0.265721053 -5.881433964 -0.497296780 0.057650119 -0.004957284 0.013149164 0.998237967
1403715363912143104.000000 -0.260087252 -5.870038986 -0.496059120 0.043417804 -0.003488259 0.016556801 0.998913705
1403715363962142976.000000 -0.251413941 -5.861000061 -0.497077525 -0.027841842 0.000305055 -0.019593310 -0.999420226
1403715364012143104.000000 -0.246406093 -5.847993851 -0.496117622 -0.012511007 -0.000802494 -0.024723131 -0.999615788
1403715364062142976.000000 -0.241597518 -5.834383488 -0.495442569 0.003069962 -0.002389651 -0.029044082 -0.999570549
1403715364112143104.000000 -0.236982346 -5.821583748 -0.495389372 0.016859533 -0.003825933 -0.033961698 -0.999273658
1403715364162142976.000000 -0.231860414 -5.808637142 -0.496182710 0.029492173 -0.005166348 -0.037839346 -0.998835206
1403715364212143104.000000 -0.227691114 -5.795538902 -0.496604830 0.039859068 -0.004639975 -0.041118342 -0.998348176
1403715364262142976.000000 -0.222691044 -5.782985687 -0.498083085 0.047934655 -0.003537239 -0.045348085 -0.997814298
1403715364312143104.000000 -0.217202812 -5.770484924 -0.499537528 0.053898331 -0.001616863 -0.050060865 -0.997289538
1403715364362142976.000000 -0.213174313 -5.757539749 -0.501102805 0.057860229 0.000859497 -0.054460865 -0.996837735
1403715364412143104.000000 -0.207613483 -5.745668888 -0.503340781 0.060617633 0.002997746 -0.058993321 -0.996411741
1403715364462142976.000000 -0.202431813 -5.732488155 -0.506256819 0.062634699 0.003377075 -0.061549596 -0.996131182
1403715364512143104.000000 -0.196018875 -5.719731808 -0.508551836 0.063280828 0.004644407 -0.064591236 -0.995892525
1403715364562142976.000000 -0.189985693 -5.705314636 -0.511268079 0.063290447 0.004545289 -0.066272534 -0.995781898
1403715364612143104.000000 -0.183430836 -5.690173149 -0.514954925 0.063477665 0.004562600 -0.066671796 -0.995743275
1403715364662142976.000000 -0.176604763 -5.673743725 -0.517884910 0.064551868 0.003341963 -0.067017965 -0.995655835
1403715364712143104.000000 -0.169095233 -5.656213284 -0.522460580 0.067830540 0.001327207 -0.064433500 -0.995613158
1403715364762142976.000000 -0.161516875 -5.637331009 -0.528466523 0.073128611 0.000893427 -0.059553444 -0.995542526
1403715364812143104.000000 -0.154722586 -5.617547989 -0.532459497 0.079614669 0.002507424 -0.053992629 -0.995359302
1403715364862142976.000000 -0.148268476 -5.597614288 -0.537132382 0.086413838 0.004938620 -0.049739297 -0.995004654
1403715364912143104.000000 -0.142335847 -5.578148365 -0.542623758 0.092954822 0.007264785 -0.047791567 -0.994496167
1403715364962142976.000000 -0.136547923 -5.558806419 -0.547301650 0.100430712 0.009919955 -0.045655254 -0.993846536
1403715365012143104.000000 -0.130879477 -5.539482117 -0.552911401 0.106972553 0.011594652 -0.047228582 -0.993072033
1403715365062142976.000000 -0.124881692 -5.520422459 -0.557163537 0.114411704 0.013691233 -0.047539599 -0.992200851
1403715365112143104.000000 -0.117989957 -5.502391338 -0.562482238 0.121854261 0.013336819 -0.049058598 -0.991245151
1403715365162142976.000000 -0.111330912 -5.485118866 -0.565621972 0.129520327 0.010432089 -0.051274639 -0.990195274
1403715365212143104.000000 -0.104630925 -5.468332291 -0.570846200 0.136901483 0.007872456 -0.053568628 -0.989103854
1403715365262142976.000000 -0.096951932 -5.452645779 -0.576647103 0.143980056 0.006202895 -0.054812197 -0.988041937
1403715365312143104.000000 -0.090904370 -5.437376976 -0.581097364 0.150097027 0.004814071 -0.055821132 -0.987082481
1403715365362142976.000000 -0.084174834 -5.423635960 -0.586069167 0.155468509 0.003884666 -0.057839826 -0.986138463
1403715365412143104.000000 -0.077973694 -5.411421299 -0.591006815 0.161307290 0.002510410 -0.061673790 -0.984972060
1403715365462142976.000000 -0.073509462 -5.398793697 -0.597419918 0.167988628 0.001979522 -0.064753562 -0.983657897
1403715365512143104.000000 -0.068381883 -5.386782169 -0.604323506 0.175391048 0.000716676 -0.068837076 -0.982089043
1403715365562142976.000000 -0.063656703 -5.377014637 -0.611226320 0.184413731 0.000660644 -0.072187610 -0.980193973
1403715365612143104.000000 -0.059867129 -5.367477417 -0.615450144 0.193255976 -0.000526865 -0.078883216 -0.977972031
1403715365662142976.000000 -0.059436850 -5.352972031 -0.618983150 -0.202304691 0.001850370 0.087196268 0.975431323
1403715365712143104.000000 -0.052007616 -5.347810745 -0.627147436 0.212448239 -0.003662203 -0.095673509 -0.972470582
1403715365762142976.000000 -0.052963167 -5.335103035 -0.629597604 -0.222793803 0.004284583 0.103912592 0.969302237
1403715365812143104.000000 -0.050571039 -5.325969219 -0.636627913 -0.233574986 0.004615398 0.111081421 0.965961933
1403715365862142976.000000 -0.045730531 -5.322437763 -0.643640280 0.243870765 -0.005640629 -0.116473131 -0.962771654
1403715365912143104.000000 -0.049327478 -5.311036110 -0.647632003 -0.253230989 0.005010842 0.121137857 0.959778428
1403715365962142976.000000 -0.049710363 -5.303817749 -0.662527859 0.262612462 -0.006190429 -0.126447365 -0.956560194
1403715366012143104.000000 -0.050207317 -5.295694351 -0.667332888 0.268412650 -0.007941891 -0.132834002 -0.954068542
1403715366062142976.000000 -0.052085698 -5.288407326 -0.674329937 0.273216307 -0.008532297 -0.138631120 -0.951872647
1403715366112143104.000000 -0.054681808 -5.281203270 -0.681128621 0.276749730 -0.010017059 -0.144958198 -0.949892879
1403715366162142976.000000 -0.057792693 -5.273878098 -0.691382170 0.280489713 -0.011083730 -0.147763684 -0.948350489
1403715366212143104.000000 -0.063504905 -5.265878677 -0.695361972 0.283153117 -0.011967212 -0.149702355 -0.947243571
1403715366262142976.000000 -0.068209380 -5.257735729 -0.701649666 0.285464793 -0.012783104 -0.150461793 -0.946418345
1403715366312143104.000000 -0.072099447 -5.247177601 -0.710105598 0.287672997 -0.012219972 -0.149161994 -0.945962846
1403715366362142976.000000 -0.076437086 -5.235884666 -0.723963022 0.289373279 -0.011915558 -0.147664279 -0.945683062
1403715366412143104.000000 -0.081297934 -5.223853588 -0.736038148 0.290616781 -0.008726900 -0.145040825 -0.945742548
1403715366462142976.000000 -0.086010516 -5.211612225 -0.752800047 0.292725295 -0.005290787 -0.139803112 -0.945906460
1403715366512143104.000000 -0.091234148 -5.199903488 -0.768798590 0.294267625 -0.001753479 -0.134639293 -0.946190119
1403715366562142976.000000 -0.095908821 -5.186329842 -0.787209153 0.294442147 0.001256143 -0.131420150 -0.946589172
1403715366612143104.000000 -0.101740420 -5.173199654 -0.802930295 0.294336677 0.005015503 -0.128797710 -0.946969867
1403715366662142976.000000 -0.110175878 -5.155990601 -0.824920714 0.293790817 0.007971901 -0.126509964 -0.947427452
1403715366712143104.000000 -0.115556359 -5.142292023 -0.846600473 0.292452008 0.011191098 -0.125052348 -0.948002458
1403715366762142976.000000 -0.121991873 -5.123845100 -0.867954195 0.290896952 0.014150652 -0.124711998 -0.948486030
1403715366812143104.000000 -0.130292296 -5.104391575 -0.886756659 0.289376080 0.018031968 -0.124123678 -0.948962390
1403715366862142976.000000 -0.136930302 -5.086287498 -0.907992959 0.287492573 0.020982189 -0.123877607 -0.949506223
1403715366912143104.000000 -0.143032759 -5.065998554 -0.928468525 0.285731256 0.022568839 -0.123667829 -0.950028718
1403715366962142976.000000 -0.148055524 -5.045904160 -0.946009338 0.283504218 0.023891173 -0.125286207 -0.950451493
1403715367012143104.000000 -0.151602045 -5.024580002 -0.965372086 0.281410128 0.024580983 -0.126203462 -0.950934768
1403715367062142976.000000 -0.154305786 -5.002799988 -0.985932112 0.279355675 0.024549665 -0.127421483 -0.951378763
1403715367112143104.000000 -0.156358421 -4.980678558 -1.002881408 0.277543068 0.024696592 -0.127867311 -0.951845586
1403715367162142976.000000 -0.158748433 -4.958316803 -1.021400094 0.275449991 0.025355501 -0.128675848 -0.952327132
1403715367212143104.000000 -0.158942074 -4.935562134 -1.036645412 0.274022579 0.025038999 -0.127897248 -0.952852070
1403715367262142976.000000 -0.160524294 -4.912321091 -1.054225564 0.271686554 0.024528783 -0.129828036 -0.953272998
1403715367312143104.000000 -0.161981314 -4.887411594 -1.065647960 0.269926280 0.025722893 -0.130275622 -0.953680515
1403715367362142976.000000 -0.163597256 -4.862178326 -1.076688051 0.268056333 0.026970258 -0.131528914 -0.954001307
1403715367412143104.000000 -0.164697543 -4.836857796 -1.086022139 0.266469270 0.027658422 -0.132102340 -0.954347014
1403715367462142976.000000 -0.166458502 -4.810908318 -1.093456745 0.265107781 0.027882559 -0.132098690 -0.954720080
1403715367512143104.000000 -0.167553782 -4.782833099 -1.100395679 0.263800949 0.029179832 -0.132225305 -0.955025733
1403715367562142976.000000 -0.168291941 -4.757387638 -1.110609531 0.262530863 0.029666092 -0.131789237 -0.955420971
1403715367612143104.000000 -0.169259071 -4.727376461 -1.117528200 0.261385769 0.028996846 -0.131371066 -0.955812931
1403715367662142976.000000 -0.170689732 -4.698554516 -1.125306845 0.260022908 0.028427996 -0.131547153 -0.956177473
1403715367712143104.000000 -0.169473216 -4.669294357 -1.134246349 0.259447634 0.027490035 -0.129867062 -0.956590712
1403715367762142976.000000 -0.168588817 -4.639056206 -1.139546156 0.258537233 0.026858360 -0.129182234 -0.956947803
1403715367812143104.000000 -0.165799335 -4.606246948 -1.141393304 0.258264273 0.026261384 -0.127264664 -0.957294941
1403715367862142976.000000 -0.162653774 -4.575798035 -1.145407557 0.258472115 0.024974016 -0.124406710 -0.957648933
1403715367912143104.000000 -0.160506263 -4.542928696 -1.149474740 0.259434581 0.022611657 -0.120487638 -0.957948446
1403715367962142976.000000 -0.157283053 -4.508557320 -1.152046919 0.260114491 0.018038420 -0.118229806 -0.958142400
1403715368012143104.000000 -0.154899850 -4.476049900 -1.156046152 0.260673314 0.013967956 -0.117115818 -0.958195329
1403715368062142976.000000 -0.152905315 -4.442133427 -1.159874797 0.260837764 0.009703592 -0.117221512 -0.958190322
1403715368112143104.000000 -0.151690662 -4.408655167 -1.162102461 0.261138499 0.006728125 -0.117246151 -0.958130896
1403715368162142976.000000 -0.151449829 -4.375952244 -1.165520787 0.261406958 0.004192199 -0.117856205 -0.957997262
1403715368212143104.000000 -0.151772678 -4.339802265 -1.167708158 0.261350304 0.002619316 -0.119233415 -0.957847893
1403715368262142976.000000 -0.151295215 -4.305005074 -1.172792315 0.260586381 0.000984162 -0.122468978 -0.957650840
1403715368312143104.000000 -0.152051836 -4.269938469 -1.176272392 0.259820431 -0.000176285 -0.125896335 -0.957415044
1403715368362142976.000000 -0.152526021 -4.233349800 -1.181107879 0.258559853 -0.002461107 -0.130698562 -0.957109511
1403715368412143104.000000 -0.156004488 -4.196702003 -1.184023738 0.257692635 -0.004409106 -0.134350389 -0.956830740
1403715368462142976.000000 -0.158702612 -4.158350945 -1.185942292 0.257303894 -0.007591080 -0.136914477 -0.956551909
1403715368512143104.000000 -0.160888791 -4.119795799 -1.190480232 0.257598460 -0.009629529 -0.137797371 -0.956327438
1403715368562142976.000000 -0.165008903 -4.079394341 -1.195547581 0.259259045 -0.010420148 -0.135382816 -0.956215262
1403715368612143104.000000 -0.168535024 -4.040200233 -1.203562498 0.262015522 -0.009467954 -0.130320713 -0.956177175
1403715368662142976.000000 -0.172948062 -4.000936985 -1.214410901 0.264818132 -0.007422743 -0.125033379 -0.956129193
1403715368712143104.000000 -0.179426521 -3.961770058 -1.221574068 0.266691208 -0.005752412 -0.121975742 -0.956014991
1403715368762142976.000000 -0.185142294 -3.921164036 -1.232152700 0.268834591 -0.003997235 -0.118625857 -0.955845118
1403715368812143104.000000 -0.191037416 -3.881718159 -1.242208481 0.270635694 -0.002820839 -0.115934521 -0.955671310
1403715368862142976.000000 -0.196685076 -3.842839718 -1.254120827 0.271710753 -0.001158267 -0.115341425 -0.955441415
1403715368912143104.000000 -0.203210875 -3.804636478 -1.264027357 0.271687418 0.000428364 -0.114415735 -0.955559969
1403715368962142976.000000 -0.209128141 -3.768278599 -1.274024010 0.269903570 0.002749116 -0.113743044 -0.956141770
1403715369012143104.000000 -0.215621963 -3.732066870 -1.282514334 0.266286582 0.005682741 -0.113482960 -0.957173407
1403715369062142976.000000 -0.221165985 -3.694983482 -1.292557955 0.260990351 0.008983875 -0.112904876 -0.958674014
1403715369112143104.000000 -0.227396920 -3.660407543 -1.303585768 0.254307210 0.011739744 -0.111371741 -0.960617721
1403715369162142976.000000 -0.233874455 -3.624486208 -1.313778639 0.246587887 0.014175845 -0.108490936 -0.962924302
1403715369212143104.000000 -0.239577532 -3.589935541 -1.324486017 0.237672359 0.016175283 -0.105411388 -0.965473294
1403715369262142976.000000 -0.243698537 -3.555311918 -1.333733797 0.228287086 0.017547702 -0.100379594 -0.968246400
1403715369312143104.000000 -0.246928021 -3.520711660 -1.342561722 0.217550859 0.019440891 -0.096083999 -0.971113563
1403715369362142976.000000 -0.250285447 -3.486328602 -1.348937869 0.206192613 0.020087637 -0.091356620 -0.974030316
1403715369412143104.000000 -0.253531516 -3.451866150 -1.354792714 0.194264337 0.021387709 -0.086224131 -0.976918340
1403715369462142976.000000 -0.256790608 -3.416357756 -1.361757755 0.181637973 0.022259796 -0.081601910 -0.979721069
1403715369512143104.000000 -0.258416355 -3.381942511 -1.367653370 0.168616414 0.022934258 -0.076900460 -0.982409775
1403715369562142976.000000 -0.260717392 -3.346365929 -1.373875141 0.155375317 0.023279188 -0.072311252 -0.984930336
1403715369612143104.000000 -0.262519211 -3.312291622 -1.380973697 0.142005518 0.023478808 -0.067322128 -0.987294734
1403715369662142976.000000 -0.264341861 -3.279040813 -1.386773825 0.129607141 0.023909148 -0.062296234 -0.989317775
1403715369712143104.000000 -0.265414983 -3.244932175 -1.390730500 0.118917838 0.023903145 -0.057690974 -0.990938425
1403715369762142976.000000 -0.267048717 -3.211247206 -1.394855380 0.109791130 0.024295326 -0.052500140 -0.992269814
1403715369812143104.000000 -0.269570827 -3.176937342 -1.397078991 0.102166481 0.024955044 -0.048748136 -0.993258774
1403715369862142976.000000 -0.272162437 -3.142373562 -1.397354245 0.096538350 0.025734421 -0.043911152 -0.994027138
1403715369912143104.000000 -0.276107043 -3.109844208 -1.396238089 0.092330515 0.027890945 -0.039806794 -0.994541466
1403715369962142976.000000 -0.278538823 -3.076939106 -1.394707441 0.089039974 0.030982932 -0.036430333 -0.994879305
1403715370012143104.000000 -0.282415330 -3.045763493 -1.391695857 0.087394632 0.033516511 -0.032114670 -0.995091677
1403715370062142976.000000 -0.284904450 -3.014807224 -1.388148308 0.086881213 0.035314824 -0.027189102 -0.995221257
1403715370112143104.000000 -0.285946518 -2.984928846 -1.383472323 0.086730734 0.035336565 -0.023508878 -0.995327353
1403715370162142976.000000 -0.285879761 -2.956259966 -1.377682567 0.086903051 0.032128759 -0.020172138 -0.995494246
1403715370212143104.000000 -0.285157561 -2.928321123 -1.372441411 0.085701562 0.026990740 -0.023278721 -0.995683134
1403715370262142976.000000 -0.283069283 -2.902726889 -1.364661694 0.084777139 0.021893140 -0.027564507 -0.995777965
1403715370312143104.000000 -0.280503273 -2.877177477 -1.353754878 0.083976105 0.017936211 -0.031841036 -0.995797455
1403715370362142976.000000 -0.277578473 -2.852757215 -1.345089674 0.083107531 0.014591862 -0.037511256 -0.995727479
1403715370412143104.000000 -0.275781751 -2.829118729 -1.336903453 0.082131490 0.011815966 -0.043796685 -0.995588660
1403715370462142976.000000 -0.274162591 -2.804428101 -1.328532696 0.081825353 0.010254149 -0.048720460 -0.995402396
1403715370512143104.000000 -0.272623479 -2.781769276 -1.320046425 0.082317606 0.008757925 -0.052636050 -0.995176673
1403715370562142976.000000 -0.271204263 -2.758464813 -1.309724927 0.082754359 0.008225462 -0.055618819 -0.994982779
1403715370612143104.000000 -0.268505305 -2.734555006 -1.303675175 0.083743416 0.007070564 -0.056984864 -0.994831562
1403715370662142976.000000 -0.265247732 -2.710177898 -1.297143817 0.084633186 0.007458584 -0.058651444 -0.994656563
1403715370712143104.000000 -0.263468385 -2.685357332 -1.289811969 0.085572466 0.007399188 -0.058820713 -0.994566619
1403715370762142976.000000 -0.261309981 -2.659912825 -1.280277371 0.087342188 0.007494618 -0.056632832 -0.994539142
1403715370812143104.000000 -0.257819891 -2.634721994 -1.270167589 0.089190051 0.008541911 -0.053897131 -0.994518638
1403715370862142976.000000 -0.254976898 -2.610054493 -1.263010740 0.091062933 0.010392003 -0.051459882 -0.994460404
1403715370912143104.000000 -0.253419846 -2.586228848 -1.254511952 0.092366397 0.011828138 -0.050338004 -0.994381547
1403715370962142976.000000 -0.252064854 -2.561387062 -1.246035337 0.093547925 0.015384332 -0.050001457 -0.994239450
1403715371012143104.000000 -0.252096415 -2.536823511 -1.235178947 0.094377927 0.020933939 -0.050200209 -0.994049609
1403715371062142976.000000 -0.251648247 -2.513124466 -1.224923372 0.095282584 0.028874284 -0.050687097 -0.993739605
1403715371112143104.000000 -0.251542807 -2.487394333 -1.215839744 0.096197702 0.036471590 -0.050486885 -0.993411779
1403715371162142976.000000 -0.252481818 -2.461787462 -1.203905344 0.096695907 0.042798009 -0.050660867 -0.993102074
1403715371212143104.000000 -0.252357274 -2.437634468 -1.190279484 0.097400889 0.047958463 -0.050115228 -0.992825091
1403715371262142976.000000 -0.251149565 -2.413174629 -1.174314380 0.098043203 0.050787698 -0.049601156 -0.992646933
1403715371312143104.000000 -0.248641014 -2.387811899 -1.156912088 0.098340668 0.051748905 -0.048835434 -0.992605805
1403715371362142976.000000 -0.244318336 -2.363909721 -1.139662385 0.098407477 0.051883262 -0.048508871 -0.992608190
1403715371412143104.000000 -0.240218893 -2.339610577 -1.120132208 0.098311551 0.050209086 -0.048025005 -0.992727339
1403715371462142976.000000 -0.235853508 -2.315448284 -1.098979712 0.097501256 0.044650216 -0.049642958 -0.992993236
1403715371512143104.000000 -0.229332983 -2.291604042 -1.077736974 0.095970944 0.036901638 -0.053362526 -0.993267536
1403715371562142976.000000 -0.222901136 -2.266816616 -1.054533839 0.093686968 0.029093014 -0.057882283 -0.993491828
1403715371612143104.000000 -0.217238083 -2.241654634 -1.030350447 0.091727227 0.022185780 -0.061623044 -0.993628025
1403715371662142976.000000 -0.209761992 -2.217572927 -1.006575108 0.089712620 0.016244238 -0.065974571 -0.993647456
1403715371712143104.000000 -0.205032915 -2.192142963 -0.980713308 0.087330952 0.012024124 -0.070756838 -0.993590593
1403715371762142976.000000 -0.198635906 -2.165445805 -0.955544353 0.085385032 0.009535959 -0.073740646 -0.993569732
1403715371812143104.000000 -0.193274081 -2.137826204 -0.929424584 0.084489539 0.008002184 -0.074332573 -0.993615687
1403715371862142976.000000 -0.189244419 -2.109205961 -0.902384996 0.084635764 0.010309452 -0.070905976 -0.993832469
1403715371912143104.000000 -0.185695037 -2.080105543 -0.877653122 0.085642420 0.012638401 -0.065665729 -0.994079351
1403715371962142976.000000 -0.182683676 -2.049518824 -0.850637496 0.086751454 0.014799040 -0.059982538 -0.994312465
1403715372012143104.000000 -0.178267941 -2.018959999 -0.823711991 0.087230638 0.016934471 -0.056457154 -0.994442880
1403715372062142976.000000 -0.173505381 -1.988029957 -0.797535539 0.087475047 0.016082618 -0.053762376 -0.994584918
1403715372112143104.000000 -0.168516383 -1.957961559 -0.772118926 0.087243944 0.014837668 -0.052802213 -0.994675934
1403715372162142976.000000 -0.163048446 -1.927398205 -0.747166157 0.086318076 0.013542305 -0.052289989 -0.994802356
1403715372212143104.000000 -0.156430677 -1.897560358 -0.720454633 0.083472252 0.011831629 -0.052975714 -0.995030642
1403715372262142976.000000 -0.148352206 -1.867762923 -0.695528150 0.080448240 0.011244054 -0.051131684 -0.995383024
1403715372312143104.000000 -0.140487805 -1.839053035 -0.671337485 0.076047301 0.010704031 -0.049172908 -0.995833516
1403715372362142976.000000 -0.131642476 -1.809685707 -0.646084607 0.070389755 0.010514209 -0.046688117 -0.996370912
1403715372412143104.000000 -0.120472088 -1.779921412 -0.621946871 0.063857153 0.009426346 -0.042562786 -0.997006416
1403715372462142976.000000 -0.108770669 -1.750519276 -0.597085774 0.057571702 0.008847247 -0.039826553 -0.997507513
1403715372512143104.000000 -0.095404908 -1.720564365 -0.572203875 0.052058853 0.008662733 -0.036620222 -0.997934759
1403715372562142976.000000 -0.081263602 -1.690774560 -0.550394475 0.046918217 0.007356014 -0.033679008 -0.998303771
1403715372612143104.000000 -0.066271663 -1.662107944 -0.527395785 0.042285427 0.006518511 -0.031656522 -0.998582721
1403715372662142976.000000 -0.052445512 -1.632727861 -0.504709125 0.038519353 0.006019006 -0.029412976 -0.998806775
1403715372712143104.000000 -0.037632786 -1.604015708 -0.482299596 0.035113119 0.005737781 -0.028661763 -0.998955786
1403715372762142976.000000 -0.023476148 -1.574885368 -0.459483504 0.032766182 0.006051844 -0.026999224 -0.999080002
1403715372812143104.000000 -0.010249119 -1.546477318 -0.435764015 0.030568633 0.005594100 -0.026567820 -0.999163866
1403715372862142976.000000 0.002763897 -1.517907381 -0.413294703 0.028819121 0.005882279 -0.026691264 -0.999210894
1403715372912143104.000000 0.014488848 -1.490791440 -0.391378284 0.027069490 0.005851656 -0.028090551 -0.999221683
1403715372962142976.000000 0.027188610 -1.462953210 -0.368335932 0.025506668 0.005586167 -0.030218551 -0.999202251
1403715373012143104.000000 0.039076172 -1.435518503 -0.346425414 0.024310853 0.005986131 -0.032209259 -0.999167502
1403715373062142976.000000 0.050250642 -1.408025980 -0.324007332 0.023411239 0.005879453 -0.034016997 -0.999129713
1403715373112143104.000000 0.060979839 -1.381700397 -0.302110344 0.023101570 0.005728774 -0.035693072 -0.999079406
1403715373162142976.000000 0.071202450 -1.355203390 -0.280353218 0.022953810 0.005758656 -0.036816701 -0.999041855
1403715373212143104.000000 0.081778772 -1.327341437 -0.259111017 0.023286361 0.005587119 -0.037584268 -0.999006450
1403715373262142976.000000 0.092086010 -1.299582243 -0.237187952 0.024226757 0.005975671 -0.037144173 -0.998998404
1403715373312143104.000000 0.101985700 -1.272438169 -0.215578705 0.026235586 0.005559983 -0.034136109 -0.999057293
1403715373362142976.000000 0.111509696 -1.245176792 -0.195485055 0.027721148 0.005337135 -0.033063617 -0.999054551
1403715373412143104.000000 0.121042855 -1.217715025 -0.175201043 0.028832225 0.005169789 -0.032322809 -0.999048233
1403715373462142976.000000 0.130046800 -1.189984560 -0.153877258 0.029954597 0.004765207 -0.031084742 -0.999056518
1403715373512143104.000000 0.138418153 -1.163119435 -0.132590085 0.029949954 0.004784341 -0.029681066 -0.999099195
1403715373562142976.000000 0.147341192 -1.136706233 -0.111766405 0.029166067 0.004327455 -0.025813144 -0.999231875
1403715373612143104.000000 0.155585855 -1.111026168 -0.091058321 0.027679279 0.005012713 -0.019261345 -0.999418736
1403715373662142976.000000 0.163338289 -1.086479545 -0.069794938 0.024207085 0.004955761 -0.012798238 -0.999612808
1403715373712143104.000000 0.170792922 -1.064263344 -0.050549336 0.019233782 0.004427647 -0.005065327 -0.999792397
1403715373762142976.000000 0.178181216 -1.042068005 -0.030119991 0.012063120 0.004131076 0.001008715 -0.999918222
1403715373812143104.000000 0.185899600 -1.021087885 -0.009129443 0.002754306 0.003660143 0.005205972 -0.999976039
1403715373862142976.000000 0.193457127 -1.002282619 0.010906493 -0.008431812 0.003747383 0.008117164 -0.999924541
1403715373912143104.000000 0.200643584 -0.985454023 0.030813901 -0.020728314 0.003728672 0.010624651 -0.999721825
1403715373962142976.000000 0.208633751 -0.969570577 0.050072592 -0.034066867 0.003554599 0.012706288 -0.999332488
1403715374012143104.000000 0.215672031 -0.954609632 0.068062261 -0.047697335 0.003679167 0.016084624 -0.998725593
1403715374062142976.000000 0.221644044 -0.942203581 0.086798653 -0.061851546 0.003668931 0.019269384 -0.997892559
1403715374112143104.000000 0.228182316 -0.929981053 0.104114935 -0.076359719 0.003427292 0.022556681 -0.996819317
1403715374162142976.000000 0.235389873 -0.917828083 0.121715359 -0.090151392 0.003577426 0.027771711 -0.995534360
1403715374212143104.000000 0.242023766 -0.906643748 0.138133049 -0.104547895 0.003957755 0.031842753 -0.994002104
1403715374262142976.000000 0.248342067 -0.896584988 0.153695419 -0.118638709 0.004065309 0.036140148 -0.992271304
1403715374312143104.000000 0.254803777 -0.887419581 0.169600785 -0.132668808 0.005605989 0.039792281 -0.990345538
1403715374362142976.000000 0.261384457 -0.877785504 0.184803545 -0.145218492 0.006957561 0.044740830 -0.988363028
1403715374412143104.000000 0.267734259 -0.868547261 0.199877262 -0.156012252 0.009217741 0.049369935 -0.986477494
1403715374462142976.000000 0.273971319 -0.859241903 0.215427101 -0.165157020 0.011717136 0.053481400 -0.984746456
1403715374512143104.000000 0.279293865 -0.851361394 0.230920956 -0.172057524 0.016305206 0.057555925 -0.983268917
1403715374562142976.000000 0.284998834 -0.844071984 0.247938395 -0.177519798 0.019800562 0.060687862 -0.982044637
1403715374612143104.000000 0.290779948 -0.837168574 0.264906704 -0.181419522 0.023596473 0.063828267 -0.981048524
1403715374662142976.000000 0.297412723 -0.831575513 0.282559782 -0.184354126 0.026434649 0.065164775 -0.980340958
1403715374712143104.000000 0.303629339 -0.827233732 0.300790966 -0.186239660 0.028233863 0.066782132 -0.979825437
1403715374762142976.000000 0.310874522 -0.822782874 0.318794549 -0.186928913 0.029395204 0.068224840 -0.979560614
1403715374812143104.000000 0.317975551 -0.819651902 0.338904947 -0.186940104 0.029854761 0.069375917 -0.979463637
1403715374862142976.000000 0.325528443 -0.818264902 0.358664602 -0.186490282 0.030056214 0.069658630 -0.979523182
1403715374912143104.000000 0.332918137 -0.818491876 0.381061941 -0.185206041 0.028844524 0.070883892 -0.979715407
1403715374962142976.000000 0.341860801 -0.819481909 0.403041124 -0.184241444 0.024500666 0.070807628 -0.980021000
1403715375012143104.000000 0.350235850 -0.821841240 0.424449176 -0.182990104 0.020545198 0.070258081 -0.980385840
1403715375062142976.000000 0.359811366 -0.824751735 0.446856320 -0.181090310 0.016441537 0.070837513 -0.980774283
1403715375112143104.000000 0.368549287 -0.829780579 0.469809383 -0.179223657 0.014021320 0.070388943 -0.981186926
1403715375162142976.000000 0.377252489 -0.835150838 0.492980301 -0.177378476 0.011713609 0.069307752 -0.981629312
1403715375212143104.000000 0.385798752 -0.842422187 0.513781786 -0.175295502 0.009857749 0.067886069 -0.982123137
1403715375262142976.000000 0.393020570 -0.850647628 0.535913527 -0.173475102 0.009664251 0.065742403 -0.982594013
1403715375312143104.000000 0.400641620 -0.858760536 0.556664705 -0.171210349 0.009419099 0.064364009 -0.983084798
1403715375362142976.000000 0.407774121 -0.867179632 0.577912569 -0.169970319 0.009230085 0.060297534 -0.983559489
1403715375412143104.000000 0.413717568 -0.878270507 0.599732101 -0.166902930 0.010333225 0.060580384 -0.984056234
1403715375462142976.000000 0.420015365 -0.889768958 0.621603847 -0.165284902 0.010199588 0.057587136 -0.984510422
1403715375512143104.000000 0.425505728 -0.901143372 0.643741488 -0.163490161 0.010912046 0.055811852 -0.984904528
1403715375562142976.000000 0.430173457 -0.914004445 0.665521622 -0.162058637 0.011824520 0.052669134 -0.985303581
1403715375612143104.000000 0.434537798 -0.927082062 0.687358439 -0.160453975 0.012120130 0.050456438 -0.985678315
1403715375662142976.000000 0.438367009 -0.940877259 0.708733082 -0.158848286 0.011584792 0.048632920 -0.986036479
1403715375712143104.000000 0.443090230 -0.954736531 0.730842054 -0.157038346 0.010160260 0.048078306 -0.986369252
1403715375762142976.000000 0.447556108 -0.968756795 0.755250514 -0.155867130 0.009024208 0.047061294 -0.986615062
1403715375812143104.000000 0.451823562 -0.984167993 0.776811540 -0.154505149 0.007900251 0.046586204 -0.986861467
1403715375862142976.000000 0.456635535 -0.998677492 0.799096286 -0.152992591 0.005966206 0.047598731 -0.987062395
1403715375912143104.000000 0.461414188 -1.013660550 0.823430240 -0.151444644 0.004866237 0.049733806 -0.987201810
1403715375962142976.000000 0.466812938 -1.029461741 0.845516562 -0.150628805 0.002776432 0.050419316 -0.987299979
1403715376012143104.000000 0.471106887 -1.046477437 0.867066026 -0.149947792 0.001279616 0.051871005 -0.987331510
1403715376062142976.000000 0.474922121 -1.063500524 0.888796389 -0.150393322 0.000553370 0.050570183 -0.987331867
1403715376112143104.000000 0.478269160 -1.081073403 0.908743620 -0.151620150 0.000270585 0.048483826 -0.987249017
1403715376162142976.000000 0.480625212 -1.098373413 0.929050207 -0.153499067 0.000000198 0.045484744 -0.987101495
1403715376212143104.000000 0.482981950 -1.116445422 0.950651288 -0.155132592 -0.000321312 0.042115118 -0.986995578
1403715376262142976.000000 0.484746039 -1.134671569 0.969901145 -0.156762689 -0.000547225 0.039332472 -0.986852646
1403715376312143104.000000 0.488277435 -1.152920246 0.988587439 -0.157742128 -0.006417636 0.038289625 -0.986716866
1403715376362142976.000000 0.491736293 -1.170815110 1.005624533 -0.158753827 -0.014547219 0.036531795 -0.986534894
1403715376412143104.000000 0.493753612 -1.187795520 1.022567987 -0.158728808 -0.021392006 0.038317867 -0.986346424
1403715376462142976.000000 0.494113535 -1.204124093 1.038206220 -0.157848611 -0.022205908 0.042395182 -0.986302912
1403715376512143104.000000 0.493338138 -1.220435023 1.052052021 -0.157189816 -0.019304605 0.046672653 -0.986276090
1403715376562142976.000000 0.491709441 -1.236680865 1.062913537 -0.157158419 -0.014965426 0.050258305 -0.986180246
1403715376612143104.000000 0.489853650 -1.253002763 1.075374722 -0.157270610 -0.011304538 0.053137094 -0.986060202
1403715376662142976.000000 0.486413389 -1.269900918 1.086295009 -0.157902479 -0.007099451 0.055146232 -0.985888064
1403715376712143104.000000 0.483154684 -1.285982370 1.095899582 -0.159024209 -0.005561708 0.055895042 -0.985675514
1403715376762142976.000000 0.479865402 -1.302959442 1.105347872 -0.159833923 -0.005565087 0.057740785 -0.985438108
1403715376812143104.000000 0.476549059 -1.320393562 1.112589002 -0.161022872 -0.007539587 0.058486540 -0.985187352
1403715376862142976.000000 0.474560380 -1.338549137 1.119843841 -0.162874073 -0.010871314 0.057812076 -0.984891713
1403715376912143104.000000 0.472124517 -1.356553555 1.125743389 -0.165050417 -0.017173473 0.056766003 -0.984500468
1403715376962142976.000000 0.470086694 -1.376364112 1.129762411 -0.166767567 -0.025294490 0.057023574 -0.984020889
1403715377012143104.000000 0.467271626 -1.395316720 1.131403565 -0.169803351 -0.029869154 0.054644059 -0.983508408
1403715377062142976.000000 0.463049948 -1.415214539 1.132452369 -0.171716690 -0.030015200 0.055688616 -0.983113050
1403715377112143104.000000 0.456390530 -1.434791923 1.135870457 -0.172662616 -0.025163652 0.058032583 -0.982947946
1403715377162142976.000000 0.450328290 -1.455072284 1.134639502 -0.173290223 -0.020728111 0.061458323 -0.982732832
1403715377212143104.000000 0.444935918 -1.475832820 1.131997705 -0.173935398 -0.016453352 0.064333551 -0.982515633
1403715377262142976.000000 0.439539164 -1.496094942 1.131013632 -0.175285876 -0.013350919 0.065709367 -0.982231677
1403715377312143104.000000 0.433028281 -1.517783046 1.126526117 -0.177008644 -0.011343602 0.065343566 -0.981972277
1403715377362142976.000000 0.427669138 -1.538853049 1.122114301 -0.178481728 -0.011212438 0.065070741 -0.981725216
1403715377412143104.000000 0.421704441 -1.560123324 1.115822434 -0.180748209 -0.012704613 0.063248768 -0.981411457
1403715377462142976.000000 0.416091204 -1.581887364 1.107843995 -0.181997463 -0.014304684 0.062973119 -0.981176198
1403715377512143104.000000 0.409340411 -1.602855921 1.098853588 -0.183340281 -0.015251956 0.062482271 -0.980943322
1403715377562142976.000000 0.401378393 -1.624912739 1.088498354 -0.184595063 -0.015231576 0.061490748 -0.980770946
1403715377612143104.000000 0.392966896 -1.646129489 1.077341199 -0.185262144 -0.014591970 0.061527785 -0.980652511
1403715377662142976.000000 0.384633839 -1.667113900 1.066156507 -0.185796589 -0.012281088 0.061865233 -0.980561852
1403715377712143104.000000 0.375144631 -1.689516783 1.051809907 -0.186047032 -0.010042848 0.061886504 -0.980538547
1403715377762142976.000000 0.366664141 -1.711556554 1.038457751 -0.186185449 -0.009193424 0.062099513 -0.980507076
1403715377812143104.000000 0.357907802 -1.734031677 1.022221327 -0.186414391 -0.008176626 0.062052868 -0.980475545
1403715377862142976.000000 0.348942041 -1.756952643 1.007008791 -0.186507761 -0.007148830 0.061890863 -0.980476081
1403715377912143104.000000 0.338930249 -1.779372454 0.990783572 -0.186652064 -0.006703402 0.061910845 -0.980450451
1403715377962142976.000000 0.328139424 -1.803092718 0.975402772 -0.187053800 -0.006842557 0.061446249 -0.980402231
1403715378012143104.000000 0.318014503 -1.826720357 0.957212508 -0.187916398 -0.006313814 0.059300900 -0.980372906
1403715378062142976.000000 0.307853818 -1.851107240 0.939655244 -0.189516336 -0.006193140 0.056051236 -0.980256915
1403715378112143104.000000 0.297260344 -1.873687625 0.921440303 -0.191054881 -0.005767128 0.053112585 -0.980124414
1403715378162142976.000000 0.286578059 -1.896125197 0.904338837 -0.192911193 -0.005816464 0.049907025 -0.979928970
1403715378212143104.000000 0.275785804 -1.919838786 0.885695934 -0.194464251 -0.005912050 0.046244055 -0.979801118
1403715378262142976.000000 0.264156908 -1.942453504 0.867623508 -0.195914775 -0.003341794 0.043630660 -0.979644120
1403715378312143104.000000 0.252557009 -1.964815617 0.849581182 -0.197324574 -0.000130756 0.040415961 -0.979504764
1403715378362142976.000000 0.240465522 -1.985526323 0.830388665 -0.198326647 0.004089426 0.038077340 -0.979387581
1403715378412143104.000000 0.228476092 -2.005224705 0.811976314 -0.198679656 0.008933082 0.037647549 -0.979300439
1403715378462142976.000000 0.216137379 -2.023759842 0.793207169 -0.197890162 0.011934240 0.039160710 -0.979368985
1403715378512143104.000000 0.204567745 -2.041958570 0.774266303 -0.196687177 0.014283089 0.042584196 -0.979436934
1403715378562142976.000000 0.193341598 -2.059773922 0.755564272 -0.194942966 0.015141701 0.046933454 -0.979574025
1403715378612143104.000000 0.183577940 -2.075652122 0.736731052 -0.193919659 0.016110949 0.049069215 -0.979656994
1403715378662142976.000000 0.174512908 -2.091251373 0.719353080 -0.192877740 0.017733395 0.051632348 -0.979702950
1403715378712143104.000000 0.166136071 -2.107413769 0.702825904 -0.192119256 0.019544804 0.053630020 -0.979710221
1403715378762142976.000000 0.158615321 -2.122728109 0.686748147 -0.191607088 0.021971406 0.054814897 -0.979693472
1403715378812143104.000000 0.152391925 -2.137979507 0.671683788 -0.191229776 0.025551682 0.055615176 -0.979635298
1403715378862142976.000000 0.146849498 -2.153184414 0.656092465 -0.191127613 0.028367866 0.055675995 -0.979574263
1403715378912143104.000000 0.142559767 -2.168871403 0.643348038 -0.191265479 0.030481769 0.055589385 -0.979488790
1403715378962142976.000000 0.138965771 -2.184833527 0.629960299 -0.191216215 0.031736597 0.055282477 -0.979475975
1403715379012143104.000000 0.136818588 -2.200438738 0.618371665 -0.191361979 0.031924546 0.054889180 -0.979463458
1403715379062142976.000000 0.135907009 -2.216487408 0.607939422 -0.190703213 0.031218367 0.055938326 -0.979555309
1403715379112143104.000000 0.135634720 -2.232721329 0.597602010 -0.190364435 0.029255670 0.057288770 -0.979603767
1403715379162142976.000000 0.136189058 -2.248877287 0.587950706 -0.188898727 0.025043422 0.060608178 -0.979804516
1403715379212143104.000000 0.137370557 -2.264739037 0.579056561 -0.187442556 0.022229768 0.063965917 -0.979938507
1403715379262142976.000000 0.139081702 -2.280805349 0.571381986 -0.186087146 0.019828573 0.067284621 -0.980026186
1403715379312143104.000000 0.141993463 -2.297321796 0.563705206 -0.184769750 0.018158695 0.070047334 -0.980114222
1403715379362142976.000000 0.144836530 -2.315489292 0.556400836 -0.183806017 0.016296400 0.072700232 -0.980134904
1403715379412143104.000000 0.147745937 -2.334487438 0.549179316 -0.182743743 0.015502460 0.074885733 -0.980181932
1403715379462142976.000000 0.149718240 -2.354381561 0.542817652 -0.181919634 0.016024232 0.076882914 -0.980172157
1403715379512143104.000000 0.151391685 -2.375653267 0.537145436 -0.181095257 0.016512388 0.078607537 -0.980179965
1403715379562142976.000000 0.153219074 -2.398388624 0.531778574 -0.180932164 0.017957203 0.078668192 -0.980179846
1403715379612143104.000000 0.155791566 -2.421495199 0.526182890 -0.180536181 0.019032104 0.079875894 -0.980134845
1403715379662142976.000000 0.157958582 -2.446124554 0.521970391 -0.179953590 0.021521224 0.080707282 -0.980122387
1403715379712143104.000000 0.160720319 -2.471533060 0.517274916 -0.179678187 0.020841872 0.081765115 -0.980099916
1403715379762142976.000000 0.163135946 -2.498766184 0.513174593 -0.179471001 0.020345857 0.082070827 -0.980122805
1403715379812143104.000000 0.166428417 -2.526222229 0.508158445 -0.179599509 0.017452000 0.082176358 -0.980146170
1403715379862142976.000000 0.169754088 -2.555857182 0.504066706 -0.179477289 0.013459221 0.082876816 -0.980172515
1403715379912143104.000000 0.174296752 -2.586188793 0.499765158 -0.179637328 0.008895265 0.082929544 -0.980190814
1403715379962142976.000000 0.179238990 -2.617846727 0.495907247 -0.179490566 0.005588925 0.082871057 -0.980247140
1403715380012143104.000000 0.184167817 -2.650742531 0.492061883 -0.178881228 0.003215863 0.083831541 -0.980287433
1403715380062142976.000000 0.188208014 -2.684172153 0.487487584 -0.179211855 0.000577055 0.081917293 -0.980393946
1403715380112143104.000000 0.190925688 -2.719066381 0.481887698 -0.180575415 -0.000722459 0.077025212 -0.980540216
1403715380162142976.000000 0.193537995 -2.754012108 0.475920320 -0.182651564 -0.001619229 0.070386857 -0.980653644
1403715380212143104.000000 0.195973217 -2.789441586 0.469564259 -0.183949530 -0.002179366 0.066411935 -0.980687141
1403715380262142976.000000 0.198175848 -2.825394154 0.463112056 -0.185374245 -0.001400138 0.062122382 -0.980701447
1403715380312143104.000000 0.199719161 -2.860753536 0.456457794 -0.186124414 0.000008137 0.059046526 -0.980750322
1403715380362142976.000000 0.200424969 -2.896657467 0.449612319 -0.185844108 0.001729085 0.057135396 -0.980915189
1403715380412143104.000000 0.201085642 -2.931089878 0.442002416 -0.185065612 0.003749694 0.057059586 -0.981061161
1403715380462142976.000000 0.202195466 -2.965318680 0.434787512 -0.184230849 0.003752541 0.058389153 -0.981140018
1403715380512143104.000000 0.203068256 -2.999907970 0.427094966 -0.183653265 0.003208438 0.059840318 -0.981162727
1403715380562142976.000000 0.203174725 -3.034839869 0.419778258 -0.183412850 0.002899968 0.061431497 -0.981110394
1403715380612143104.000000 0.203354582 -3.069540262 0.411521524 -0.183593169 0.002962159 0.062628508 -0.981000781
1403715380662142976.000000 0.204586804 -3.106010675 0.403476894 -0.183846653 0.002834860 0.063047558 -0.980926812
1403715380712143104.000000 0.205990016 -3.141499758 0.394371092 -0.184348136 0.002253883 0.062968902 -0.980839252
1403715380762142976.000000 0.207047015 -3.177300453 0.384498596 -0.184509516 0.001393851 0.063363865 -0.980785072
1403715380812143104.000000 0.207559854 -3.212624550 0.375055522 -0.184939772 0.000511593 0.063321836 -0.980707645
1403715380862142976.000000 0.208477661 -3.249067068 0.366400748 -0.185227439 -0.000541469 0.063564569 -0.980637610
1403715380912143104.000000 0.208961636 -3.284930229 0.357325494 -0.185135305 -0.001029940 0.064283669 -0.980607748
1403715380962142976.000000 0.208693862 -3.320975065 0.347488821 -0.185125902 -0.001853273 0.064825311 -0.980572641
1403715381012143104.000000 0.208582699 -3.356665134 0.336777985 -0.184717521 -0.002211560 0.065978654 -0.980571985
1403715381062142976.000000 0.208009481 -3.391256332 0.323212773 -0.184053868 -0.003265925 0.065744817 -0.980709553
1403715381112143104.000000 0.207834333 -3.426390886 0.310679615 -0.183994457 -0.002717226 0.063770555 -0.980852723
1403715381162142976.000000 0.206594259 -3.460984707 0.298171848 -0.183923990 -0.002968209 0.060752586 -0.981056809
1403715381212143104.000000 0.205821171 -3.496420860 0.285055548 -0.183748066 -0.003327416 0.058110312 -0.981248558
1403715381262142976.000000 0.204028636 -3.531982660 0.272871017 -0.183286890 -0.003894820 0.055432688 -0.981487691
1403715381312143104.000000 0.201292306 -3.566959620 0.260795921 -0.182650924 -0.004577336 0.053469330 -0.981712162
1403715381362142976.000000 0.197859883 -3.601098776 0.247403383 -0.181872785 -0.004289520 0.050597452 -0.982010126
1403715381412143104.000000 0.194040582 -3.634937525 0.235107839 -0.181011602 -0.005012949 0.047621068 -0.982314587
1403715381462142976.000000 0.189390123 -3.666759491 0.221802026 -0.179579094 -0.005731497 0.045914210 -0.982654750
1403715381512143104.000000 0.185458004 -3.699552536 0.207787961 -0.178195164 -0.008530228 0.044130821 -0.982968032
1403715381562142976.000000 0.180697367 -3.730679274 0.193719685 -0.175971553 -0.009804299 0.046319202 -0.983256042
1403715381612143104.000000 0.175333008 -3.759873390 0.179031357 -0.174056396 -0.009886159 0.047965847 -0.983517170
1403715381662142976.000000 0.167936459 -3.788312912 0.164005816 -0.172008142 -0.008233340 0.050813876 -0.983749688
1403715381712143104.000000 0.160757482 -3.817263126 0.149116129 -0.169984415 -0.004424590 0.054233741 -0.983943343
1403715381762142976.000000 0.152878031 -3.846626282 0.132782206 -0.168459058 -0.000475034 0.057307918 -0.984041274
1403715381812143104.000000 0.146078765 -3.875931263 0.116257623 -0.167304322 0.003805851 0.060074907 -0.984065950
1403715381862142976.000000 0.137973398 -3.905977964 0.099260330 -0.165820897 0.008974338 0.062499508 -0.984132469
1403715381912143104.000000 0.129011780 -3.936182499 0.083999880 -0.162906930 0.013467057 0.064265139 -0.984454155
1403715381962142976.000000 0.121753208 -3.967463970 0.068934120 -0.158112377 0.017037574 0.065398008 -0.985105753
1403715382012143104.000000 0.114134796 -3.999118090 0.056324206 -0.152691320 0.019495510 0.063594759 -0.986032963
1403715382062142976.000000 0.107749656 -4.029786587 0.041702390 -0.145810857 0.021557054 0.061216660 -0.987181425
1403715382112143104.000000 0.102637924 -4.061400890 0.029710114 -0.138565615 0.022774586 0.056671206 -0.988468170
1403715382162142976.000000 0.097539298 -4.093883991 0.018189508 -0.130545497 0.023414427 0.051261570 -0.989839315
1403715382212143104.000000 0.093128584 -4.126799107 0.007916950 -0.121829301 0.023643395 0.044920389 -0.991252184
1403715382262142976.000000 0.089783065 -4.159493446 -0.003000367 -0.112293646 0.023401164 0.039668873 -0.992607176
1403715382312143104.000000 0.086185820 -4.193060875 -0.011883373 -0.102354676 0.023087978 0.033750933 -0.993907094
1403715382362142976.000000 0.082522444 -4.227219105 -0.019472824 -0.091534361 0.022547454 0.028795892 -0.995130122
1403715382412143104.000000 0.080161832 -4.261064053 -0.027232254 -0.080315545 0.021160113 0.023645539 -0.996264338
1403715382462142976.000000 0.076261871 -4.295378685 -0.034100331 -0.069949709 0.021435490 0.018960059 -0.997139990
1403715382512143104.000000 0.073314793 -4.330047131 -0.040614955 -0.060780562 0.020962397 0.014156931 -0.997830629
1403715382562142976.000000 0.070979252 -4.364760399 -0.047573127 -0.052497938 0.021143615 0.009799143 -0.998349130
1403715382612143104.000000 0.069961801 -4.399511814 -0.053514015 -0.044810556 0.021481106 0.004793083 -0.998753011
1403715382662142976.000000 0.066875376 -4.433638573 -0.056921009 -0.036211453 0.022157649 0.001276840 -0.999097645
1403715382712143104.000000 0.065568991 -4.469242573 -0.060479764 -0.028023496 0.022371110 -0.003515539 -0.999350786
1403715382762142976.000000 0.063351072 -4.502996445 -0.061224300 -0.019018533 0.023763938 -0.006026051 -0.999518573
1403715382812143104.000000 0.061586905 -4.537858486 -0.061590634 -0.010066462 0.023359168 -0.008683515 -0.999638796
1403715382862142976.000000 0.058974888 -4.572676659 -0.060872290 -0.001072971 0.023798104 -0.012012674 -0.999644041
1403715382912143104.000000 0.057042778 -4.605812550 -0.059120391 0.007776877 0.023825318 -0.014853664 -0.999575555
1403715382962142976.000000 0.057136081 -4.639855385 -0.056226529 0.016133923 0.024779594 -0.018792778 -0.999386072
1403715383012143104.000000 0.057320721 -4.673571587 -0.050550617 0.024008146 0.025364369 -0.023158032 -0.999121666
1403715383062142976.000000 0.056760218 -4.707378864 -0.044804715 0.030373840 0.026478488 -0.028175429 -0.998790503
1403715383112143104.000000 0.054815017 -4.740804195 -0.039854690 0.035259929 0.027158307 -0.033294201 -0.998454154
1403715383162142976.000000 0.054032497 -4.772833347 -0.033494394 0.038970109 0.027911101 -0.036926471 -0.998167694
1403715383212143104.000000 0.053906363 -4.806123257 -0.024984341 0.041683245 0.029622924 -0.041270532 -0.997838557
1403715383262142976.000000 0.067642331 -4.841543198 -0.033593953 -0.044281874 -0.032762904 0.040882744 0.997644365
1403715383312143104.000000 0.067142017 -4.869822025 -0.025210962 -0.045389567 -0.033051297 0.043668564 0.997467101
1403715383362142976.000000 0.066911489 -4.900500298 -0.015361916 -0.045873590 -0.032589924 0.046439201 0.997334957
1403715383412143104.000000 0.067810215 -4.931312561 -0.003639778 -0.046357844 -0.031441834 0.047370207 0.997305572
1403715383462142976.000000 0.069959722 -4.959573269 0.008987607 -0.046733592 -0.029723877 0.048773807 0.997273088
1403715383512143104.000000 0.072975278 -4.986377239 0.024353258 -0.048103686 -0.026347820 0.050578963 0.997212946
1403715383562142976.000000 0.076234579 -5.011901379 0.037334766 -0.050995991 -0.022911279 0.051225428 0.997121155
1403715383612143104.000000 0.078606032 -5.038731098 0.051387079 -0.055737350 -0.018593170 0.051660039 0.996934772
1403715383662142976.000000 0.080850303 -5.063068390 0.065649897 -0.061819404 -0.016317442 0.053189475 0.996535540
1403715383712143104.000000 0.082444400 -5.085587978 0.082554311 -0.069191679 -0.014596326 0.055199832 0.995968103
1403715383762142976.000000 0.084597692 -5.106983185 0.099435821 -0.078079037 -0.012700588 0.057988107 0.995178342
1403715383812143104.000000 0.085910477 -5.127540588 0.116283223 -0.088011846 -0.011278984 0.061739240 0.994140327
1403715383862142976.000000 0.087149851 -5.147145748 0.133874640 -0.099257156 -0.011067816 0.065609843 0.992834806
1403715383912143104.000000 0.089606382 -5.165555477 0.150186971 -0.111555375 -0.010531388 0.070318617 0.991211295
1403715383962142976.000000 0.090890422 -5.184139729 0.166953698 -0.125430316 -0.010600839 0.073840924 0.989293933
1403715384012143104.000000 0.092488244 -5.200785637 0.182987154 -0.139039755 -0.009934913 0.079038851 0.987077534
1403715384062142976.000000 0.093878299 -5.217551231 0.197703838 -0.153040826 -0.010387405 0.083889224 0.984598041
1403715384112143104.000000 0.096461937 -5.234264374 0.210502923 -0.167431042 -0.010194118 0.088913433 0.981813312
1403715384162142976.000000 0.099113300 -5.250014782 0.222589001 -0.181341261 -0.009740445 0.094040342 0.978865147
1403715384212143104.000000 0.101011015 -5.264819145 0.234790221 -0.194791988 -0.009962791 0.099615864 0.975722075
1403715384262142976.000000 0.103488572 -5.279088020 0.247870401 -0.207990915 -0.009290573 0.105491862 0.972381115
1403715384312143104.000000 0.105703063 -5.294022560 0.259085387 -0.220764786 -0.008589942 0.111977607 0.968839645
1403715384362142976.000000 0.108141266 -5.306969643 0.269916028 -0.233623236 -0.007615879 0.117846295 0.965129256
1403715384412143104.000000 0.110489234 -5.318304062 0.281257302 -0.246243402 -0.006924298 0.123084851 0.961335778
1403715384462142976.000000 0.112687744 -5.329216480 0.291265756 -0.258393914 -0.006858797 0.129069373 0.957354009
1403715384512143104.000000 0.114049688 -5.339390755 0.301608056 -0.270004600 -0.007509479 0.135506600 0.953246653
1403715384562142976.000000 0.117265686 -5.348290920 0.312082767 -0.281768203 -0.010000241 0.140726626 0.949053645
1403715384612143104.000000 0.120198727 -5.355829716 0.321847677 -0.293083400 -0.011616199 0.146845117 0.944671273
1403715384662142976.000000 0.122642800 -5.360628128 0.332867652 -0.304544419 -0.013828210 0.152174219 0.940162003
1403715384712143104.000000 0.125568226 -5.365164757 0.343197912 -0.316230088 -0.016518371 0.155780211 0.935659230
1403715384762142976.000000 0.129971653 -5.368953705 0.352926373 -0.327018201 -0.017101789 0.160662159 0.931103826
1403715384812143104.000000 0.133769467 -5.371168137 0.361908555 -0.337662607 -0.018277535 0.164914683 0.926527441
1403715384862142976.000000 0.138140619 -5.373053074 0.370307863 -0.347746164 -0.018974040 0.169115707 0.922015429
1403715384912143104.000000 0.142433286 -5.372354507 0.379717827 -0.356914818 -0.018319119 0.172907040 0.917812288
1403715384962142976.000000 0.148215890 -5.371572971 0.389019549 -0.364498109 -0.016446376 0.175295711 0.914408088
1403715385012143104.000000 0.153443962 -5.369298458 0.398493350 -0.371257395 -0.015254414 0.175637022 0.911639690
1403715385062142976.000000 0.159479499 -5.367077827 0.406896412 -0.377517641 -0.015207171 0.174846426 0.909218311
1403715385112143104.000000 0.165032804 -5.361726761 0.416573226 -0.384051532 -0.015570642 0.173169374 0.906793416
1403715385162142976.000000 0.170701116 -5.356115341 0.423307478 -0.390872091 -0.016066015 0.171748832 0.904136717
1403715385212143104.000000 0.174903452 -5.348312855 0.431871653 -0.397722423 -0.016655982 0.170623198 0.901347458
1403715385262142976.000000 0.180783182 -5.342265606 0.440521479 -0.403510690 -0.017485857 0.169767469 0.898917317
1403715385312143104.000000 0.186858833 -5.334162712 0.449471712 -0.408019572 -0.018557750 0.169938982 0.896825790
1403715385362142976.000000 0.192021281 -5.324272633 0.459960699 -0.411265492 -0.018292045 0.170659527 0.895210326
1403715385412143104.000000 0.197938204 -5.314592361 0.469380021 -0.413746089 -0.019274186 0.171401694 0.893903911
1403715385462142976.000000 0.203530788 -5.305686951 0.478254795 -0.415059239 -0.017755684 0.173237383 0.892972231
1403715385512143104.000000 0.209538490 -5.296187878 0.486680031 -0.415462911 -0.014712281 0.175214946 0.892453909
1403715385562142976.000000 0.217319369 -5.286077976 0.494727254 -0.414977640 -0.011048798 0.178925723 0.891996145
1403715385612143104.000000 0.224318892 -5.274962902 0.503835022 -0.413413465 -0.006697556 0.183617100 0.891812384
1403715385662142976.000000 0.232077032 -5.262770653 0.510383606 -0.411364675 -0.004824810 0.188676402 0.891715825
1403715385712143104.000000 0.239444911 -5.249617100 0.517850995 -0.409485281 -0.002485460 0.192086652 0.891862333
1403715385762142976.000000 0.238349617 -5.231402397 0.543370426 0.407616645 -0.001274540 -0.195539221 -0.891970575
1403715385812143104.000000 0.246977538 -5.214687824 0.548815846 0.406422913 -0.004516344 -0.196315974 -0.892334104
1403715385862142976.000000 0.264922947 -5.202609062 0.535333574 -0.406378239 0.005420703 0.193179116 0.893033743
1403715385912143104.000000 0.273160100 -5.184132099 0.538051367 -0.406651735 0.008412605 0.190368429 0.893489540
1403715385962142976.000000 0.281313717 -5.165721893 0.539440155 -0.408258706 0.010567852 0.184108451 0.894045413
1403715386012143104.000000 0.278282434 -5.140375137 0.559585869 0.409865022 -0.013130387 -0.179384902 -0.894236684
1403715386062142976.000000 0.293635905 -5.126461983 0.540675640 -0.412086934 0.011060568 0.171513095 0.894787908
1403715386112143104.000000 0.289209872 -5.102986813 0.558721483 0.412978411 -0.012208495 -0.169513419 -0.894743025
1403715386162142976.000000 0.294224203 -5.086188793 0.555505097 0.414093822 -0.010620315 -0.166776240 -0.894762099
1403715386212143104.000000 0.308027506 -5.073427200 0.536175489 -0.415424019 0.006462676 0.162627503 0.894948840
1403715386262142976.000000 0.310664654 -5.056795120 0.534830809 -0.415885121 0.004510835 0.162557170 0.894759417
1403715386312143104.000000 0.313266158 -5.040596008 0.531241357 -0.416026115 0.003818769 0.163768798 0.894476116
1403715386362142976.000000 0.315440238 -5.024835110 0.528563857 -0.416363239 0.004635612 0.163891912 0.894292831
1403715386412143104.000000 0.316866159 -5.009454250 0.523953855 -0.416992694 0.006604944 0.163649842 0.894031465
1403715386462142976.000000 0.307592899 -4.991792202 0.536888480 0.417253524 -0.010632871 -0.165774956 -0.893479288
1403715386512143104.000000 0.308039337 -4.979199409 0.532175958 0.417621613 -0.013395547 -0.165885434 -0.893249571
1403715386562142976.000000 0.307453513 -4.967126369 0.525184572 0.417092383 -0.016332701 -0.167972982 -0.893057883
1403715386612143104.000000 0.305649251 -4.955586433 0.519350708 0.416692346 -0.017948784 -0.169489205 -0.892927051
1403715386662142976.000000 0.301847160 -4.944077492 0.511110127 0.415536404 -0.021702802 -0.172864169 -0.892735422
1403715386712143104.000000 0.297083795 -4.935146809 0.502841353 0.414169222 -0.023743914 -0.175929353 -0.892719984
1403715386762142976.000000 0.291091859 -4.928120613 0.494455874 0.412684172 -0.024267746 -0.179647267 -0.892653227
1403715386812143104.000000 0.284084499 -4.921188354 0.481081426 0.409892678 -0.022095902 -0.186357662 -0.892620146
1403715386862142976.000000 0.276980340 -4.912197590 0.468605876 0.406822562 -0.020366190 -0.192962080 -0.892662525
1403715386912143104.000000 0.268342823 -4.904434681 0.453777194 0.404262930 -0.018601781 -0.199007019 -0.892536700
1403715386962142976.000000 0.256980211 -4.893762589 0.438639104 0.402210295 -0.017011531 -0.203508750 -0.892480671
1403715387012143104.000000 0.246090889 -4.882963657 0.422471523 0.400850952 -0.015243402 -0.206466690 -0.892444849
1403715387062142976.000000 0.234546274 -4.870269775 0.403928757 0.400578141 -0.013125851 -0.206570759 -0.892576814
1403715387112143104.000000 0.221841961 -4.856518745 0.383460462 0.401309907 -0.010952906 -0.203506544 -0.892981291
1403715387162142976.000000 0.209286988 -4.840229034 0.362570047 0.402709454 -0.007976998 -0.199112609 -0.893373191
1403715387212143104.000000 0.195986032 -4.822457790 0.341189086 0.404239893 -0.005245610 -0.193162441 -0.894008338
1403715387262142976.000000 0.181694448 -4.803475380 0.319153249 0.405092001 -0.003092795 -0.189052284 -0.894511163
1403715387312143104.000000 0.167312384 -4.784410477 0.296655893 0.406003982 -0.002037802 -0.184837952 -0.894981325
1403715387362142976.000000 0.152682692 -4.763268948 0.275083065 0.406321555 -0.001334257 -0.181665301 -0.895487964
1403715387412143104.000000 0.137915581 -4.741809845 0.250686884 0.406464398 -0.000223385 -0.178746104 -0.896011412
1403715387462142976.000000 0.122048020 -4.719574451 0.227343440 0.406170160 0.001093205 -0.176988453 -0.896493018
1403715387512143104.000000 0.106391370 -4.698860645 0.202739000 0.405367017 0.004374854 -0.176190689 -0.897003591
1403715387562142976.000000 0.092749178 -4.677298069 0.179539204 0.404388428 0.007186751 -0.176390961 -0.897387624
1403715387612143104.000000 0.079393506 -4.655149937 0.155383229 0.402532786 0.010142405 -0.178583190 -0.897759736
1403715387662142976.000000 0.068535328 -4.632660866 0.131325126 0.400993496 0.013127392 -0.180158719 -0.898095071
1403715387712143104.000000 0.061486781 -4.610016823 0.106297135 0.399484158 0.015879603 -0.180384353 -0.898677766
1403715387762142976.000000 0.057761192 -4.586239338 0.077654004 0.397577345 0.018080613 -0.181073010 -0.899343073
1403715387812143104.000000 0.058408022 -4.562054634 0.047349095 0.395887166 0.019454060 -0.181209639 -0.900032222
1403715387862142976.000000 0.058746368 -4.536453247 0.018405080 0.394075602 0.020732841 -0.181919217 -0.900655389
1403715387912143104.000000 0.058300912 -4.511338234 -0.010027528 0.392421782 0.021228787 -0.182290509 -0.901290596
1403715387962142976.000000 0.055082917 -4.485071659 -0.037383795 0.391069621 0.021523999 -0.182089105 -0.901911855
1403715388012143104.000000 0.049136728 -4.458369255 -0.061736584 0.389904559 0.020874750 -0.182073101 -0.902434587
1403715388062142976.000000 0.041408002 -4.433348179 -0.087718844 0.389257103 0.020812806 -0.180627406 -0.903005838
1403715388112143104.000000 0.031084776 -4.407361507 -0.113985777 0.388804227 0.019617483 -0.179456875 -0.903460979
1403715388162142976.000000 0.018162578 -4.380560398 -0.139408469 0.388325095 0.018230496 -0.178127557 -0.903959036
1403715388212143104.000000 0.002190381 -4.353492260 -0.162665248 0.388427287 0.016047828 -0.175707281 -0.904430032
1403715388262142976.000000 -0.016240716 -4.323835850 -0.185330033 0.388656437 0.013265145 -0.173141599 -0.904871404
1403715388312143104.000000 -0.035590887 -4.291821957 -0.206418037 0.388794392 0.011131379 -0.170573235 -0.905328572
1403715388362142976.000000 -0.056209892 -4.261403084 -0.225220680 0.389439404 0.009514415 -0.167780206 -0.905591726
1403715388412143104.000000 -0.077880293 -4.231601238 -0.244730115 0.389357775 0.008357221 -0.166552380 -0.905864835
1403715388462142976.000000 -0.097365141 -4.199675560 -0.264713168 0.390037537 0.007809567 -0.164200768 -0.906006575
1403715388512143104.000000 -0.117452353 -4.164422035 -0.280804634 0.390169352 0.007921156 -0.163721576 -0.906035483
1403715388562142976.000000 -0.137646914 -4.130583763 -0.297519088 0.389835119 0.006873077 -0.163954467 -0.906145811
1403715388612143104.000000 -0.156615943 -4.100761890 -0.315745234 0.389907658 0.006262459 -0.163995892 -0.906111538
1403715388662142976.000000 -0.175493091 -4.066305637 -0.331623554 0.389906853 0.005596125 -0.163430572 -0.906218410
1403715388712143104.000000 -0.194290459 -4.033499718 -0.349010110 0.389769942 0.004568370 -0.162939250 -0.906371593
1403715388762142976.000000 -0.212426692 -4.001152992 -0.366486311 0.389937580 0.004619830 -0.161995366 -0.906468391
1403715388812143104.000000 -0.229616642 -3.969749928 -0.384027481 0.389806658 0.004422518 -0.161773384 -0.906565309
1403715388862142976.000000 -0.245576143 -3.937123060 -0.405540586 0.389426112 0.004599720 -0.161036044 -0.906859159
1403715388912143104.000000 -0.260941476 -3.904806852 -0.424286127 0.389870167 0.004739365 -0.158704340 -0.907078743
1403715388962142976.000000 -0.273128331 -3.870441437 -0.442424536 0.389571905 0.004267991 -0.157709599 -0.907382607
1403715389012143104.000000 -0.284090042 -3.837306976 -0.460886359 0.389421254 0.004246747 -0.156426206 -0.907669544
1403715389062142976.000000 -0.290476084 -3.803591490 -0.482037783 0.389054805 0.003693824 -0.155194297 -0.908040464
1403715389112143104.000000 -0.294444591 -3.771420956 -0.502821445 0.388884604 0.004232941 -0.153789118 -0.908350050
1403715389162142976.000000 -0.296037793 -3.737741709 -0.523404002 0.388731450 0.004867061 -0.152087733 -0.908698857
1403715389212143104.000000 -0.297938675 -3.704273224 -0.543328881 0.388577998 0.005044103 -0.150353581 -0.909052014
1403715389262142976.000000 -0.299244314 -3.670368671 -0.563490272 0.388733953 0.006161853 -0.147616178 -0.909426987
1403715389312143104.000000 -0.301239014 -3.639038324 -0.584600210 0.388652354 0.006893031 -0.145752415 -0.909757257
1403715389362142976.000000 -0.301477432 -3.608578205 -0.603420496 0.388349324 0.007700485 -0.143837675 -0.910184741
1403715389412143104.000000 -0.305053920 -3.578670979 -0.620389581 0.388300091 0.008349193 -0.142058954 -0.910479367
1403715389462142976.000000 -0.307278097 -3.550134897 -0.638787031 0.387815684 0.008961191 -0.141518354 -0.910764158
1403715389512143104.000000 -0.309155345 -3.520636559 -0.654984355 0.387115330 0.008983272 -0.141693324 -0.911034644
1403715389562142976.000000 -0.311093956 -3.492157459 -0.671497643 0.386220425 0.008178365 -0.143048212 -0.911210239
1403715389612143104.000000 -0.314580500 -3.463511467 -0.688683033 0.384325653 0.006384408 -0.145231202 -0.911680341
1403715389662142976.000000 -0.317803442 -3.434837341 -0.703339398 0.381284952 0.005214156 -0.146641612 -0.912738144
1403715389712143104.000000 -0.321051270 -3.407139301 -0.719554245 0.377160192 0.004267436 -0.147463009 -0.914323032
1403715389762142976.000000 -0.325384647 -3.379299879 -0.732881486 0.372035891 0.003685516 -0.147664234 -0.916390181
1403715389812143104.000000 -0.330003917 -3.351624012 -0.747909784 0.365751535 0.003020525 -0.146808103 -0.919056058
1403715389862142976.000000 -0.334041774 -3.324478626 -0.761790514 0.358659387 0.004203855 -0.146018744 -0.921967685
1403715389912143104.000000 -0.337572396 -3.298651218 -0.775685906 0.350854695 0.006815321 -0.144462571 -0.925194740
1403715389962142976.000000 -0.343484282 -3.272658825 -0.788266361 0.342782319 0.009979653 -0.142763987 -0.928449929
1403715390012143104.000000 -0.348894924 -3.246213675 -0.801046789 0.334448606 0.014624208 -0.140308514 -0.931796014
1403715390062142976.000000 -0.356478155 -3.219779015 -0.814026415 0.325747401 0.018990077 -0.137614682 -0.935195327
1403715390112143104.000000 -0.362632483 -3.191451550 -0.825964808 0.316790283 0.022890227 -0.134269893 -0.938664794
1403715390162142976.000000 -0.369952500 -3.164095640 -0.835097611 0.308070719 0.026586069 -0.129702762 -0.942105532
1403715390212143104.000000 -0.376099110 -3.136661053 -0.844238341 0.299076617 0.029611493 -0.124900877 -0.945556045
1403715390262142976.000000 -0.382799745 -3.109149694 -0.853234529 0.289839387 0.033223759 -0.120163612 -0.948920429
1403715390312143104.000000 -0.388763189 -3.080028057 -0.860059917 0.280796528 0.033754144 -0.114461318 -0.952319622
1403715390362142976.000000 -0.393901706 -3.051075220 -0.865073204 0.271434575 0.034171261 -0.109290898 -0.955620825
1403715390412143104.000000 -0.399584025 -3.022552490 -0.866184831 0.262544334 0.034437530 -0.102654226 -0.958825648
1403715390462142976.000000 -0.404331833 -2.993012190 -0.869001150 0.253823161 0.034640025 -0.094792850 -0.961971045
1403715390512143104.000000 -0.408560127 -2.962754965 -0.869032741 0.244800061 0.034724638 -0.087702803 -0.964974284
1403715390562142976.000000 -0.410830617 -2.932500601 -0.868167102 0.235823721 0.034263477 -0.080027238 -0.967888951
1403715390612143104.000000 -0.412656963 -2.902825832 -0.864984274 0.226809651 0.032832917 -0.072506949 -0.970681250
1403715390662142976.000000 -0.414768040 -2.875204563 -0.861604273 0.217282191 0.031655144 -0.067332119 -0.973269105
1403715390712143104.000000 -0.416159213 -2.848054171 -0.855546355 0.206855044 0.030380506 -0.065340810 -0.975714445
1403715390762142976.000000 -0.417847544 -2.822229147 -0.847782314 0.195380583 0.029082092 -0.067451909 -0.977972865
1403715390812143104.000000 -0.418421566 -2.796249866 -0.837768495 0.185098946 0.029209867 -0.068196066 -0.979915559
1403715390862142976.000000 -0.420069247 -2.771923542 -0.826934457 0.176666006 0.029391611 -0.069730774 -0.981357694
1403715390912143104.000000 -0.421133786 -2.748108387 -0.815437317 0.170312971 0.030244976 -0.069714777 -0.982455432
1403715390962142976.000000 -0.422018290 -2.725375891 -0.803290129 0.164907321 0.031099103 -0.070827179 -0.983271122
1403715391012143104.000000 -0.422684699 -2.702004910 -0.791125953 0.159921482 0.032178700 -0.071956746 -0.983977616
1403715391062142976.000000 -0.422775805 -2.677389622 -0.775825262 0.154187992 0.032749917 -0.073156044 -0.984785140
1403715391112143104.000000 -0.421143860 -2.653294325 -0.759900987 0.147975400 0.033375975 -0.074371234 -0.985625863
1403715391162142976.000000 -0.419415414 -2.629196644 -0.742864549 0.140747115 0.032251138 -0.076262996 -0.986576974
1403715391212143104.000000 -0.417282432 -2.605921745 -0.724550903 0.133862734 0.031179728 -0.077142388 -0.987500727
1403715391262142976.000000 -0.413741499 -2.580694437 -0.706301212 0.127845809 0.028314151 -0.078253925 -0.988296628
1403715391312143104.000000 -0.409890652 -2.555427790 -0.686508238 0.123265512 0.025744621 -0.078865014 -0.988900006
1403715391362142976.000000 -0.405482471 -2.529155016 -0.666820228 0.120129809 0.023946172 -0.078145564 -0.989388108
1403715391412143104.000000 -0.401504070 -2.501277924 -0.646577716 0.117803805 0.022945330 -0.076923087 -0.989787221
1403715391462142976.000000 -0.396735370 -2.472464085 -0.626730561 0.116172098 0.023149537 -0.076795675 -0.989985168
1403715391512143104.000000 -0.392190069 -2.442600489 -0.606166124 0.115334921 0.023455152 -0.076129183 -0.990127325
1403715391562142976.000000 -0.387570471 -2.411638975 -0.583005667 0.113816336 0.022860020 -0.076672740 -0.990275025
1403715391612143104.000000 -0.381819844 -2.378800154 -0.561100960 0.110588707 0.022589929 -0.079134136 -0.990453243
1403715391662142976.000000 -0.375501215 -2.345881224 -0.539852619 0.107016556 0.021528473 -0.080357045 -0.990770757
1403715391712143104.000000 -0.367826492 -2.312159777 -0.519104004 0.103257991 0.020125432 -0.079341501 -0.991280913
1403715391762142976.000000 -0.356368780 -2.276547432 -0.497200519 0.098723665 0.018636774 -0.077375583 -0.991927147
1403715391812143104.000000 -0.343025327 -2.240474939 -0.475207925 0.094321296 0.017624049 -0.072318986 -0.992755175
1403715391862142976.000000 -0.326804399 -2.204110384 -0.452918380 0.089786746 0.017633483 -0.065233946 -0.993665934
1403715391912143104.000000 -0.306339502 -2.167473078 -0.431283295 0.084992059 0.018128440 -0.059087858 -0.994462848
1403715391962142976.000000 -0.284073412 -2.128911495 -0.411754549 0.080761530 0.019920865 -0.053772844 -0.995082557
1403715392012143104.000000 -0.262530178 -2.090766430 -0.389157891 0.077094637 0.024279324 -0.050333552 -0.995456457
1403715392062142976.000000 -0.241298467 -2.051778555 -0.365884572 0.073672496 0.026948445 -0.047518719 -0.995785236
1403715392112143104.000000 -0.218850195 -2.013122797 -0.343402088 0.070881799 0.029448912 -0.046297692 -0.995974481
1403715392162142976.000000 -0.196740597 -1.975214124 -0.319593728 0.068390623 0.030949239 -0.045009289 -0.996162176
1403715392212143104.000000 -0.174446359 -1.936516404 -0.294241488 0.064926699 0.030744361 -0.044051822 -0.996443093
1403715392262142976.000000 -0.151842296 -1.898290277 -0.267690003 0.060367104 0.028919337 -0.041901015 -0.996877074
1403715392312143104.000000 -0.130172685 -1.861448765 -0.240541667 0.054531779 0.026329463 -0.039933048 -0.997365773
1403715392362142976.000000 -0.106577903 -1.823739171 -0.212709606 0.047528733 0.021077076 -0.036018893 -0.997997761
1403715392412143104.000000 -0.082685448 -1.786064982 -0.184591025 0.039293058 0.012018031 -0.032888006 -0.998614132
1403715392462142976.000000 -0.058740430 -1.749120235 -0.156301335 0.030621482 0.001114201 -0.028979726 -0.999110281
1403715392512143104.000000 -0.036423847 -1.713174224 -0.127473786 0.021758853 -0.007139164 -0.023510262 -0.999461293
1403715392562142976.000000 -0.015721491 -1.677401304 -0.098664284 0.012213433 -0.011092709 -0.018455172 -0.999693573
1403715392612143104.000000 0.003183238 -1.642403960 -0.069871522 0.002591422 -0.011151966 -0.013167836 -0.999847829
1403715392662142976.000000 0.021163955 -1.607377648 -0.043023754 -0.007852525 -0.012295143 -0.008487268 -0.999857605
1403715392712143104.000000 0.038034532 -1.573639035 -0.017564055 -0.018540451 -0.013992791 -0.004156048 -0.999721646
1403715392762142976.000000 0.052925281 -1.540852547 0.008320172 -0.029252956 -0.014059278 0.000305614 -0.999473155
1403715392812143104.000000 0.066609412 -1.509055853 0.033897307 -0.040039252 -0.010273207 0.005622696 -0.999129474
1403715392862142976.000000 0.080547638 -1.478697777 0.057122231 -0.051113579 -0.004255742 0.010450899 -0.998629093
1403715392912143104.000000 0.093190789 -1.448935390 0.080432333 -0.062412191 0.000609135 0.015693650 -0.997926950
1403715392962142976.000000 0.104879215 -1.419550896 0.103773996 -0.073738046 0.005364279 0.021993201 -0.997020662
1403715393012143104.000000 0.117156506 -1.391081929 0.126439512 -0.085416764 0.008408692 0.027870987 -0.995919943
1403715393062142976.000000 0.129132420 -1.364545584 0.148607060 -0.097825982 0.010610399 0.032070190 -0.994630098
1403715393112143104.000000 0.140963838 -1.338646412 0.171231717 -0.109884076 0.011468318 0.038500316 -0.993132293
1403715393162142976.000000 0.151385427 -1.313679695 0.194263995 -0.121742323 0.010430492 0.046602141 -0.991412342
1403715393212143104.000000 0.161900923 -1.289808631 0.217377380 -0.134003654 0.008667124 0.055164963 -0.989406288
1403715393262142976.000000 0.172010452 -1.268284321 0.239244163 -0.147062510 0.005594267 0.062193286 -0.987154186
1403715393312143104.000000 0.181642309 -1.248032331 0.260985494 -0.160579160 0.002138874 0.069130376 -0.984596729
1403715393362142976.000000 0.191036582 -1.228449583 0.282278001 -0.174416587 -0.000569370 0.075661138 -0.981760681
1403715393412143104.000000 0.199756503 -1.211104870 0.302615911 -0.187969014 -0.003074933 0.083121911 -0.978646457
1403715393462142976.000000 0.207970873 -1.195395350 0.322190464 -0.201432973 -0.005381680 0.090742663 -0.975275159
1403715393512143104.000000 0.215122432 -1.180177093 0.340342164 -0.215263575 -0.008395089 0.097328395 -0.971657515
1403715393562142976.000000 0.221803576 -1.167445183 0.357711196 -0.228957251 -0.011324261 0.104539320 -0.967740595
1403715393612143104.000000 0.227638051 -1.156859636 0.373448640 -0.243404925 -0.013270921 0.110059500 -0.963568807
1403715393662142976.000000 0.232873529 -1.147222400 0.386892259 -0.259018809 -0.013414323 0.112378165 -0.959218740
1403715393712143104.000000 0.236905038 -1.139259696 0.399709105 -0.274988323 -0.011081222 0.113640547 -0.954643667
1403715393762142976.000000 0.239119738 -1.133397341 0.412399203 -0.290985644 -0.007606311 0.114236712 -0.949852407
1403715393812143104.000000 0.241642684 -1.127051950 0.422465503 -0.306497663 -0.003560328 0.115980856 -0.944772422
1403715393862142976.000000 0.243853152 -1.120243549 0.431224227 -0.321855485 0.000365800 0.117175475 -0.939509928
1403715393912143104.000000 0.245414093 -1.114946246 0.440174460 0.335826010 -0.002184038 -0.121230394 0.934087455
1403715393962142976.000000 0.246360213 -1.111493945 0.448547840 0.350116253 -0.004725704 -0.123620123 0.928501129
1403715394012143104.000000 0.247609973 -1.107847095 0.456156492 0.364315927 -0.005701648 -0.125932366 0.922703862
1403715394062142976.000000 0.248992056 -1.105831385 0.462532520 0.378210902 -0.006129743 -0.129102454 0.916652381
1403715394112143104.000000 0.249739558 -1.103865266 0.469600558 0.392098367 -0.006653351 -0.133076012 0.910222709
1403715394162142976.000000 0.250361085 -1.102014780 0.476721287 0.405595511 -0.005558292 -0.138587847 0.903468192
1403715394212143104.000000 0.250829637 -1.101246357 0.483694851 0.419514626 -0.005258585 -0.143608421 0.896301568
1403715394262142976.000000 0.250675857 -1.100870848 0.489597023 0.433500141 -0.004731643 -0.148887783 0.888756216
1403715394312143104.000000 0.250826359 -1.102382660 0.496589720 0.447852790 -0.003387927 -0.152835548 0.880941451
1403715394362142976.000000 0.251738429 -1.102692008 0.501800537 0.461616248 0.000041465 -0.158506721 0.872803569
1403715394412143104.000000 0.250778675 -1.105352640 0.506648183 0.475559354 0.003408762 -0.163815245 0.864289522
1403715394462142976.000000 0.251203775 -1.108147264 0.511521816 0.489094734 0.008292013 -0.169121161 0.855637610
1403715394512143104.000000 0.250247478 -1.110473871 0.513872802 0.502217233 0.012416928 -0.174764708 0.846806347
1403715394562142976.000000 0.249735117 -1.111342549 0.514484704 0.515633821 0.014896379 -0.179911733 0.837574899
1403715394612143104.000000 0.248802394 -1.112110496 0.514376640 0.529374540 0.015776154 -0.183997422 0.828045070
1403715394662142976.000000 0.247647405 -1.111956477 0.513626456 0.543415070 0.014982728 -0.187542796 0.818109632
1403715394712143104.000000 0.245319963 -1.113249660 0.511459470 0.557112992 0.013306091 -0.191861987 0.807859600
1403715394762142976.000000 0.242675751 -1.112543583 0.507619798 0.570596695 0.010258581 -0.196949169 0.797198355
1403715394812143104.000000 0.240498692 -1.111640930 0.502604485 0.583805799 0.007288711 -0.202512324 0.786197484
1403715394862142976.000000 0.238236457 -1.109443307 0.496252716 0.597379446 0.004823623 -0.208057061 0.774484932
1403715394912143104.000000 0.235095382 -1.106003046 0.489648938 0.611015201 0.002787806 -0.214451849 0.762012541
1403715394962142976.000000 0.233670950 -1.103888035 0.481951118 0.625013113 0.001399152 -0.220362067 0.748863935
1403715395012143104.000000 0.229713500 -1.103268027 0.473481834 0.638554513 0.000801177 -0.227132723 0.735294759
1403715395062142976.000000 0.226702839 -1.102928996 0.464724422 0.652331591 0.000413769 -0.233096093 0.721200109
1403715395112143104.000000 0.223097444 -1.104917169 0.454734802 0.665739119 0.000412575 -0.238483980 0.707047880
1403715395162142976.000000 0.219753712 -1.104729652 0.443578601 0.678109825 0.000416609 -0.244088680 0.693244278
1403715395212143104.000000 0.215764791 -1.105378389 0.433348298 0.690005422 -0.001466718 -0.248516724 0.679801404
1403715395262142976.000000 0.210789055 -1.107204437 0.423448086 0.700893402 -0.001484639 -0.253182262 0.666817129
1403715395312143104.000000 0.204488218 -1.106682658 0.412514329 0.710965991 -0.000862817 -0.257564694 0.654360116
1403715395362142976.000000 0.198526531 -1.107876539 0.400743723 0.720092297 -0.000488226 -0.261797160 0.642595708
1403715395412143104.000000 0.191716403 -1.108873606 0.390811682 0.728748739 -0.000807536 -0.265577555 0.631183982
1403715395462142976.000000 0.183813721 -1.111791372 0.379556894 0.736719012 -0.002040233 -0.269201428 0.620299518
1403715395512143104.000000 0.174896568 -1.113802314 0.369390845 0.744379163 -0.002881529 -0.272250295 0.609730422
1403715395562142976.000000 0.166250706 -1.115072489 0.357674360 0.751797497 -0.003959350 -0.274724394 0.599425912
1403715395612143104.000000 0.156445801 -1.117678404 0.346537113 0.758707225 -0.005283847 -0.276225239 0.589945078
1403715395662142976.000000 0.145819485 -1.122002840 0.335190892 0.765029013 -0.005328862 -0.278182298 0.580789924
1403715395712143104.000000 0.133963376 -1.127589822 0.325241804 0.770366669 -0.004806673 -0.281870872 0.571892440
1403715395762142976.000000 0.120876640 -1.134289026 0.314538121 0.775976837 -0.003405834 -0.284028888 0.563183665
1403715395812143104.000000 0.107474059 -1.140288234 0.303997397 0.780590177 -0.001276594 -0.286917508 0.555297911
1403715395862142976.000000 0.091866046 -1.150005817 0.293037415 0.785053194 -0.002348497 -0.287618339 0.548599780
1403715395912143104.000000 0.077439338 -1.158019662 0.281880856 0.788818121 -0.004405097 -0.287572891 0.543183684
1403715395962142976.000000 0.063413858 -1.165907502 0.268995523 0.792089164 -0.008062570 -0.286211848 0.539084971
1403715396012143104.000000 0.049503237 -1.174486756 0.255449057 0.795114696 -0.012389931 -0.283881873 0.535770595
1403715396062142976.000000 0.037299782 -1.181285024 0.242635012 0.797990561 -0.017862642 -0.279710531 0.533529818
1403715396112143104.000000 0.025905997 -1.187755942 0.231322169 0.800048769 -0.022326348 -0.275998294 0.532210946
1403715396162142976.000000 0.015073717 -1.197575092 0.220714569 0.801604927 -0.025013935 -0.272117823 0.531747818
1403715396212143104.000000 0.003354967 -1.210043192 0.212028265 0.802264035 -0.025717421 -0.269771278 0.531915903
1403715396262142976.000000 -0.004766911 -1.219269514 0.201554298 0.801922977 -0.023065226 -0.269351602 0.532763839
1403715396312143104.000000 -0.011804968 -1.230411768 0.193451881 0.800621808 -0.018039959 -0.271394879 0.533876538
1403715396362142976.000000 -0.020309687 -1.243232131 0.184013844 0.799124062 -0.011090523 -0.273701847 0.535130978
1403715396412143104.000000 -0.028219372 -1.255506516 0.176786304 0.798046887 -0.006216124 -0.275321424 0.535985768
1403715396462142976.000000 -0.036846250 -1.267994761 0.169956088 0.796614110 -0.001425837 -0.278308600 0.536608160
1403715396512143104.000000 -0.043579191 -1.280170202 0.163892150 0.796547651 0.002973235 -0.280338496 0.535642922
1403715396562142976.000000 -0.049584657 -1.289523005 0.156114697 0.797458231 0.005900393 -0.281139135 0.533841193
1403715396612143104.000000 -0.055604726 -1.295907378 0.147425652 0.798821926 0.008348696 -0.282746494 0.530912697
1403715396662142976.000000 -0.061383724 -1.300966382 0.137232900 0.801487148 0.010343082 -0.282977790 0.526720941
1403715396712143104.000000 -0.070431024 -1.310533166 0.127944469 0.804319263 0.011009358 -0.283304542 0.522195339
1403715396762142976.000000 -0.079760164 -1.319051743 0.120079637 0.806832612 0.009151088 -0.284248441 0.517822683
1403715396812143104.000000 -0.088929385 -1.323396206 0.109618783 0.809344828 0.006314965 -0.284961432 0.513534844
1403715396862142976.000000 -0.099344313 -1.331292629 0.100261927 0.811057091 0.003626989 -0.287181288 0.509607971
1403715396912143104.000000 -0.111112088 -1.339585900 0.091228008 0.812460124 0.001232727 -0.289439350 0.506094813
1403715396962142976.000000 -0.123788297 -1.349396110 0.083808422 0.812531054 -0.001527626 -0.294656634 0.502959669
1403715397012143104.000000 -0.133499771 -1.362783909 0.088833451 0.812783599 -0.005520610 -0.299585998 0.499600530
1403715397062142976.000000 -0.149043679 -1.372561812 0.075621009 0.812231302 -0.008386526 -0.304329574 0.497587830
1403715397112143104.000000 -0.163924843 -1.386314392 0.067131042 0.812339008 -0.011451631 -0.307250232 0.495551765
1403715397162142976.000000 -0.182182103 -1.395156860 0.047911048 0.812497854 -0.015510203 -0.308378845 0.494478643
1403715397212143104.000000 -0.193814486 -1.411616206 0.044048190 0.813668191 -0.020872429 -0.308022767 0.492575318
1403715397262142976.000000 -0.214697748 -1.426297188 0.027768373 0.814626813 -0.027286854 -0.306062043 0.491899073
1403715397312143104.000000 -0.223747671 -1.437777996 0.024601221 0.816243589 -0.032653820 -0.303107977 0.490719706
1403715397362142976.000000 -0.235851556 -1.456248522 0.018945336 0.817575514 -0.036746673 -0.300434351 0.489856422
1403715397412143104.000000 -0.250707418 -1.474130869 0.004482031 0.818157434 -0.039496727 -0.298502803 0.489851594
1403715397462142976.000000 -0.262494415 -1.496541500 0.001202226 0.818818688 -0.041806143 -0.297728926 0.489025384
1403715397512143104.000000 -0.276758224 -1.521730304 -0.010845900 0.818836987 -0.042749174 -0.297304749 0.489171147
1403715397562142976.000000 -0.294207960 -1.549728155 -0.025541306 0.819332778 -0.043066498 -0.295562625 0.489368826
1403715397612143104.000000 -0.297963262 -1.574491858 -0.020983458 0.820572495 -0.042920358 -0.293828726 0.488347590
1403715397662142976.000000 -0.307038754 -1.602004886 -0.028303146 0.821639240 -0.040549845 -0.291229844 0.488313258
1403715397712143104.000000 -0.315304071 -1.632624388 -0.038823605 0.823089540 -0.036434148 -0.287342876 0.488498092
1403715397762142976.000000 -0.319262534 -1.664156675 -0.042147398 0.824088871 -0.031969409 -0.284927130 0.488540769
1403715397812143104.000000 -0.327010781 -1.694903851 -0.063196182 0.824466586 -0.028219072 -0.281871051 0.489905417
1403715397862142976.000000 -0.324587315 -1.731557369 -0.056035519 0.825316429 -0.024709150 -0.280515224 0.489442050
1403715397912143104.000000 -0.328327626 -1.766083956 -0.064120531 0.825283766 -0.019783063 -0.279719025 0.490176171
1403715397962142976.000000 -0.328029454 -1.795664310 -0.070750713 0.826010048 -0.013460858 -0.276576340 0.490950018
1403715398012143104.000000 -0.327799529 -1.833142638 -0.077540874 0.826706529 -0.006606703 -0.273233324 0.491788864
1403715398062142976.000000 -0.327501833 -1.865139127 -0.082623959 0.827419817 -0.000515950 -0.269609243 0.492632806
1403715398112143104.000000 -0.328665763 -1.899977207 -0.085242748 0.827922523 0.004514260 -0.266480327 0.493469656
1403715398162142976.000000 -0.331747830 -1.932662487 -0.087170362 0.828197181 0.008970128 -0.263864994 0.494352490
1403715398212143104.000000 -0.336951315 -1.960354447 -0.100404501 0.827292860 0.011530488 -0.262868643 0.496340245
1403715398262142976.000000 -0.335056007 -1.986396074 -0.092273235 0.826734662 0.012012803 -0.263960153 0.496679574
1403715398312143104.000000 -0.339389294 -2.014944077 -0.091189861 0.825169206 0.012251308 -0.266352862 0.497997910
1403715398362142976.000000 -0.344438493 -2.038539410 -0.092234850 0.823552370 0.012649924 -0.268423021 0.499550402
1403715398412143104.000000 -0.350728810 -2.065249920 -0.087654829 0.822635949 0.010777057 -0.268887252 0.500852823
1403715398462142976.000000 -0.354691744 -2.083709955 -0.082763195 0.820972562 0.011351098 -0.271198034 0.502321541
1403715398512143104.000000 -0.359879136 -2.102538824 -0.077386141 0.819401085 0.012204218 -0.272952795 0.503914416
1403715398562142976.000000 -0.365711749 -2.125389576 -0.074177027 0.818024874 0.013929395 -0.274118364 0.505470514
1403715398612143104.000000 -0.370393932 -2.147055149 -0.070061445 0.817640305 0.016277697 -0.272414029 0.506941855
1403715398662142976.000000 -0.373808503 -2.165100574 -0.067362070 0.817018211 0.021170309 -0.271332413 0.508342385
1403715398712143104.000000 -0.377542913 -2.186585188 -0.063256741 0.816429436 0.028013110 -0.270239353 0.509537935
1403715398762142976.000000 -0.380625606 -2.197086334 -0.071058989 0.815143347 0.034997221 -0.269662082 0.511467397
1403715398812143104.000000 -0.381952524 -2.211219549 -0.064305544 0.814428449 0.040400572 -0.269711047 0.512181580
1403715398862142976.000000 -0.383066595 -2.222023010 -0.064262867 0.813500345 0.044557776 -0.270343751 0.512977779
1403715398912143104.000000 -0.387760311 -2.234042168 -0.066785336 0.812885225 0.047348835 -0.270687222 0.513521254
1403715398962142976.000000 -0.390381962 -2.240289211 -0.069351196 0.812768638 0.048100412 -0.270688564 0.513635337
1403715399012143104.000000 -0.394844890 -2.243963003 -0.075795174 0.812698781 0.049319509 -0.270359963 0.513803303
1403715399062142976.000000 -0.395921588 -2.247014523 -0.074354887 0.813237011 0.047968779 -0.270392329 0.513062060
1403715399112143104.000000 -0.398271531 -2.244884014 -0.077866554 0.813652813 0.044710666 -0.271123260 0.512310743
1403715399162142976.000000 -0.405433983 -2.240549564 -0.092711210 0.814279258 0.040559098 -0.270018965 0.512244165
1403715399212143104.000000 -0.402727067 -2.231260777 -0.092094898 0.815393806 0.037889495 -0.270107299 0.510626554
1403715399262142976.000000 -0.402302921 -2.221038342 -0.092618942 0.816627264 0.035920572 -0.269074351 0.509341419
1403715399312143104.000000 -0.404731810 -2.208781242 -0.096722841 0.816555321 0.034996986 -0.271021843 0.508487880
1403715399362142976.000000 -0.408579856 -2.196876287 -0.099251747 0.815896094 0.033808108 -0.274050742 0.508002877
1403715399412143104.000000 -0.410445452 -2.182641506 -0.103936672 0.814715743 0.032580942 -0.278685033 0.507455885
1403715399462142976.000000 -0.413365901 -2.167991161 -0.107005835 0.813798130 0.032163583 -0.282129109 0.507051647
1403715399512143104.000000 -0.417219460 -2.153445482 -0.112009287 0.812611222 0.033919301 -0.285241216 0.507099628
1403715399562142976.000000 -0.421655953 -2.137327433 -0.117411613 0.810472846 0.031578321 -0.291028708 0.507384479
1403715399612143104.000000 -0.426013947 -2.118093491 -0.123485088 0.808569670 0.023675557 -0.296133578 0.507897079
1403715399662142976.000000 -0.434174418 -2.101552486 -0.130930662 0.806609094 0.016268697 -0.300787956 0.508570313
1403715399712143104.000000 -0.444206059 -2.082249641 -0.151431799 0.804226398 0.009404308 -0.304536283 0.510283530
1403715399762142976.000000 -0.444676459 -2.062263727 -0.154310226 0.802663863 0.004738678 -0.307995468 0.510731876
1403715399812143104.000000 -0.448767722 -2.043427944 -0.162601471 0.801412344 0.001569861 -0.309955478 0.511530578
1403715399862142976.000000 -0.456291378 -2.026051521 -0.174171686 0.800291836 -0.000160021 -0.311602056 0.512286246
1403715399912143104.000000 -0.461427331 -2.009844542 -0.189914942 0.799013197 -0.001142881 -0.313310623 0.513237953
1403715399962142976.000000 -0.467748344 -1.992633820 -0.214451551 0.796799123 -0.001394209 -0.314374775 0.516021192
1403715400012143104.000000 -0.466295660 -1.975549698 -0.224072218 0.794778883 -0.000002917 -0.315142453 0.518663526
1403715400062142976.000000 -0.466619670 -1.963808060 -0.236891508 0.792611361 0.002150487 -0.314211100 0.522526622
1403715400112143104.000000 -0.470193744 -1.949725151 -0.260621309 0.789485514 0.004624995 -0.312897593 0.528002322
1403715400162142976.000000 -0.470979273 -1.931559563 -0.281116009 0.786028683 0.005976747 -0.311181933 0.534124553
1403715400212143104.000000 -0.478168190 -1.925525427 -0.304254532 0.781623185 0.008406879 -0.309403270 0.541538715
1403715400262142976.000000 -0.481793106 -1.918636918 -0.324967623 0.775908351 0.012832390 -0.310126960 0.549202085
1403715400312143104.000000 -0.485013604 -1.907237291 -0.347167969 0.769985676 0.015817052 -0.310277551 0.557314813
1403715400362142976.000000 -0.490209520 -1.896327019 -0.374645710 0.763361931 0.018943749 -0.310101807 0.566353858
1403715400412143104.000000 -0.494375765 -1.888869047 -0.398949623 0.756412864 0.019813200 -0.309476674 0.575909078
1403715400462142976.000000 -0.506858051 -1.881065726 -0.436035037 0.749529600 0.018600535 -0.305683583 0.586870551
1403715400512143104.000000 -0.510525286 -1.873724937 -0.452468038 0.743433833 0.015575957 -0.301790029 0.596646011
1403715400562142976.000000 -0.523403227 -1.866356850 -0.492491364 0.735557616 0.011524439 -0.297350019 0.608609259
1403715400612143104.000000 -0.533289611 -1.861589432 -0.522208691 0.727886558 0.006777792 -0.292039156 0.620361567
1403715400662142976.000000 -0.545977712 -1.851542354 -0.556252003 0.719098747 0.001883202 -0.287692398 0.632555664
1403715400712143104.000000 -0.558437526 -1.846731901 -0.587624907 0.709893167 -0.001977278 -0.282909036 0.644988537
1403715400762142976.000000 -0.572747231 -1.844089270 -0.619869709 0.700407088 -0.006632435 -0.277862042 0.657403052
1403715400812143104.000000 -0.585541487 -1.840075731 -0.654021382 0.691480100 -0.011275996 -0.270694464 0.669666171
1403715400862142976.000000 -0.599221766 -1.836645842 -0.686941385 0.682675838 -0.015869986 -0.262662768 0.681696475
1403715400912143104.000000 -0.614638686 -1.835805893 -0.719923139 0.674130380 -0.021262474 -0.256927252 0.692159414
1403715400962142976.000000 -0.630453527 -1.838323593 -0.751739383 0.666715622 -0.026514459 -0.251743168 0.701008320
1403715401012143104.000000 -0.644898534 -1.841683984 -0.782546282 0.659971058 -0.031413682 -0.247355565 0.708707809
1403715401062142976.000000 -0.658958793 -1.844508767 -0.814475596 0.653497219 -0.034654830 -0.245946467 0.715018094
1403715401112143104.000000 -0.672367871 -1.846481562 -0.846482158 0.648505688 -0.036224823 -0.244210750 0.720061958
1403715401162142976.000000 -0.684256852 -1.853100777 -0.876323938 0.643492997 -0.036389399 -0.244485185 0.724444449
1403715401212143104.000000 -0.694385350 -1.858360887 -0.909111619 0.638993800 -0.035017453 -0.246321738 0.727864265
1403715401262142976.000000 -0.708652675 -1.868648648 -0.942262232 0.634976447 -0.032769728 -0.248840243 0.730622828
1403715401312143104.000000 -0.718211412 -1.879763246 -0.973499238 0.631605625 -0.030668454 -0.250774920 0.732970476
1403715401362142976.000000 -0.729586959 -1.890240788 -1.009777784 0.630072773 -0.028398916 -0.249825954 0.734703243
1403715401412143104.000000 -0.739022255 -1.900486708 -1.046787977 0.629518270 -0.026450897 -0.248136163 0.735823154
1403715401462142976.000000 -0.744290113 -1.915360212 -1.081787229 0.629180133 -0.024030078 -0.246566460 0.736722469
1403715401512143104.000000 -0.748617291 -1.937786341 -1.109201312 0.629956603 -0.022221962 -0.243187517 0.737238586
1403715401562142976.000000 -0.752054393 -1.953025103 -1.139710665 0.631109238 -0.021612693 -0.239326939 0.737534165
1403715401612143104.000000 -0.755490422 -1.970516324 -1.170917273 0.633285999 -0.019688046 -0.233479097 0.737596691
1403715401662142976.000000 -0.755614042 -1.991471529 -1.203872681 0.634427488 -0.018228048 -0.228616863 0.738176107
1403715401712143104.000000 -0.754094422 -2.016452789 -1.234062910 0.635770142 -0.018096315 -0.219627857 0.739751637
1403715401762142976.000000 -0.752299249 -2.041837454 -1.263805151 0.636324883 -0.019992042 -0.209510088 0.742156625
1403715401812143104.000000 -0.751009762 -2.062562943 -1.295724988 0.634821236 -0.019655449 -0.203458875 0.745130956
1403715401862142976.000000 -0.750710964 -2.086793423 -1.326373816 0.632539332 -0.019448245 -0.198933110 0.748292327
1403715401912143104.000000 -0.747944534 -2.109195709 -1.347348452 0.630231678 -0.017211415 -0.199447691 0.750154972
1403715401962142976.000000 -0.746489286 -2.129762173 -1.369822741 0.627646148 -0.013537673 -0.202298239 0.751633286
1403715402012143104.000000 -0.752868533 -2.155773640 -1.404707074 0.624642432 -0.009629637 -0.205082148 0.753439069
1403715402062142976.000000 -0.749958813 -2.182293892 -1.425596237 0.622937143 -0.006714422 -0.208609611 0.753914058
1403715402112143104.000000 -0.749401629 -2.208216190 -1.440924406 0.623525202 -0.002016509 -0.208707199 0.753427923
1403715402162142976.000000 -0.752770364 -2.235759258 -1.463694334 0.624279082 0.006463854 -0.204783872 0.753855109
1403715402212143104.000000 -0.754452586 -2.259462833 -1.483422399 0.624582171 0.012500801 -0.200869113 0.754580975
1403715402262142976.000000 -0.751865387 -2.278856754 -1.490316749 0.624297142 0.016079938 -0.198569193 0.755357444
1403715402312143104.000000 -0.758000135 -2.305084705 -1.512417316 0.620358825 0.017557485 -0.200077191 0.758166134
1403715402362142976.000000 -0.754471481 -2.325335264 -1.522860646 0.615343392 0.017252374 -0.204625770 0.761040866
1403715402412143104.000000 -0.757793546 -2.347402811 -1.545610666 0.608466625 0.018486816 -0.207052931 0.765869260
1403715402462142976.000000 -0.762599349 -2.364546299 -1.559732914 0.600752473 0.021294013 -0.209484950 0.771206260
1403715402512143104.000000 -0.764576316 -2.382014751 -1.575988054 0.593359590 0.026912186 -0.210887447 0.776354730
1403715402562142976.000000 -0.759927213 -2.398976803 -1.566811204 0.588829160 0.030049101 -0.211544976 0.779503703
1403715402612143104.000000 -0.769218862 -2.426205635 -1.605608821 0.582674682 0.034311976 -0.209899172 0.784382105
1403715402662142976.000000 -0.773818016 -2.445076942 -1.623062611 0.578425348 0.037083656 -0.209000885 0.787634134
1403715402712143104.000000 -0.779967308 -2.464489937 -1.639717460 0.575404108 0.038225532 -0.206972033 0.790323734
1403715402762142976.000000 -0.787405849 -2.479394436 -1.661700964 0.573414326 0.031539474 -0.203169644 0.793046951
1403715402812143104.000000 -0.795084298 -2.492048502 -1.681985855 0.572249413 0.024523264 -0.198676169 0.795271695
1403715402862142976.000000 -0.801481307 -2.511230946 -1.702402353 0.571599007 0.017008852 -0.194400728 0.796990335
1403715402912143104.000000 -0.808709562 -2.529144526 -1.725900054 0.570887566 0.009304383 -0.190322652 0.798610091
1403715402962142976.000000 -0.817486763 -2.543174267 -1.748543739 0.569866419 0.000601851 -0.187904611 0.799964905
1403715403012143104.000000 -0.827616990 -2.556986094 -1.771011114 0.568926156 -0.009398364 -0.185787261 0.801072896
1403715403062142976.000000 -0.835442007 -2.573213577 -1.795759678 0.566939473 -0.018522859 -0.186738461 0.802100599
1403715403112143104.000000 -0.842304826 -2.588301897 -1.822374821 0.565327585 -0.026988951 -0.187179297 0.802894890
1403715403162142976.000000 -0.851446092 -2.607281685 -1.842411757 0.564039588 -0.033939984 -0.188155949 0.803308666
1403715403212143104.000000 -0.858699322 -2.625714540 -1.863067865 0.563024819 -0.038805649 -0.188295737 0.803767383
1403715403262142976.000000 -0.857994080 -2.631865740 -1.858435154 0.563515246 -0.040692121 -0.191688001 0.802527606
1403715403312143104.000000 -0.862209439 -2.643842220 -1.872383118 0.563139737 -0.039919868 -0.194390461 0.802179813
1403715403362142976.000000 -0.864419401 -2.665022850 -1.887651920 0.561899781 -0.037574507 -0.196305990 0.802695930
1403715403412143104.000000 -0.874062061 -2.695239305 -1.935788631 0.557599306 -0.034916323 -0.196957901 0.805649757
1403715403462142976.000000 -0.875795066 -2.713097572 -1.949948311 0.554805994 -0.032381888 -0.196822077 0.807714641
1403715403512143104.000000 -0.877479434 -2.731739521 -1.962695360 0.550945222 -0.029765654 -0.195216507 0.810841501
1403715403562142976.000000 -0.878073454 -2.748404741 -1.976395130 0.546148539 -0.028677193 -0.192401946 0.814788878
1403715403612143104.000000 -0.880224824 -2.765379190 -1.990142822 0.539670110 -0.029221701 -0.190383300 0.819546580
1403715403662142976.000000 -0.880705476 -2.783433437 -1.996391058 0.532409132 -0.030078374 -0.188174233 0.824758410
1403715403712143104.000000 -0.883661747 -2.803941965 -2.004289865 0.524173141 -0.033121645 -0.185884207 0.830417156
1403715403762142976.000000 -0.889067292 -2.818550348 -2.014349222 0.515684724 -0.037118491 -0.181866482 0.836430609
1403715403812143104.000000 -0.887821019 -2.835354328 -2.023235798 0.507034838 -0.040436395 -0.177009627 0.842584252
1403715403862142976.000000 -0.888870180 -2.852125645 -2.031635284 0.498111844 -0.042262368 -0.172058612 0.848819375
1403715403912143104.000000 -0.889106393 -2.871042252 -2.037808895 0.488723725 -0.043641374 -0.167864308 0.855024099
1403715403962142976.000000 -0.888618469 -2.890973568 -2.041487455 0.479598641 -0.044306375 -0.163258046 0.861027896
1403715404012143104.000000 -0.884760261 -2.907178402 -2.043875933 0.470176369 -0.043382134 -0.159583494 0.866940260
1403715404062142976.000000 -0.880089283 -2.922432423 -2.050623655 0.460757911 -0.039661419 -0.155253097 0.872940838
1403715404112143104.000000 -0.873099983 -2.946831703 -2.055146217 0.450971931 -0.035339117 -0.152256206 0.878745496
1403715404162142976.000000 -0.864520311 -2.977801800 -2.061647415 0.439866006 -0.028685668 -0.151800185 0.884676158
1403715404212143104.000000 -0.858598173 -3.003194809 -2.065328360 0.429318309 -0.023070447 -0.151190892 0.890109479
1403715404262142976.000000 -0.852798998 -3.032046795 -2.066211939 0.419693083 -0.017209090 -0.151826650 0.894712389
1403715404312143104.000000 -0.848302126 -3.060664177 -2.064641476 0.410866976 -0.012785838 -0.153346181 0.898615539
1403715404362142976.000000 -0.840241313 -3.090506554 -2.063906193 0.403957188 -0.010979468 -0.153376505 0.901761472
1403715404412143104.000000 -0.837267756 -3.127158642 -2.058413029 0.398078442 -0.008390739 -0.153979763 0.904297233
1403715404462142976.000000 -0.834730864 -3.164361000 -2.055350304 0.393714815 -0.006076425 -0.152896374 0.906407475
1403715404512143104.000000 -0.832069755 -3.197639942 -2.051041603 0.390269607 -0.003601386 -0.153098509 0.907875299
1403715404562142976.000000 -0.829296649 -3.229913235 -2.048487902 0.388003707 -0.001805103 -0.152646139 0.908927441
1403715404612143104.000000 -0.827326536 -3.265324593 -2.047964096 0.386608392 -0.000513042 -0.150997311 0.909798682
1403715404662142976.000000 -0.826734006 -3.304592848 -2.045592546 0.387010783 -0.000964715 -0.146129861 0.910421789
1403715404712143104.000000 -0.828485489 -3.340645790 -2.045902014 0.387659937 -0.000873562 -0.141795620 0.910830975
1403715404762142976.000000 -0.826368511 -3.381442308 -2.042923927 0.389075071 -0.001310052 -0.136057347 0.911102295
1403715404812143104.000000 -0.826184392 -3.423288822 -2.038661480 0.389209807 -0.002971835 -0.132284418 0.911596298
1403715404862142976.000000 -0.823434293 -3.460569859 -2.029671907 0.387984395 -0.004254061 -0.129117087 0.912567198
1403715404912143104.000000 -0.824486971 -3.502050400 -2.032111883 0.384695679 -0.004623894 -0.124730326 0.914565623
1403715404962142976.000000 -0.828915238 -3.543632030 -2.029474735 0.380654275 -0.004336558 -0.119257011 0.916984916
1403715405012143104.000000 -0.828038394 -3.581368685 -2.022732496 0.375934184 -0.003611640 -0.113309614 0.919685483
1403715405062142976.000000 -0.834621549 -3.620917559 -2.028105497 0.368414223 -0.003639430 -0.105922349 0.923600733
1403715405112143104.000000 -0.838094532 -3.655294895 -2.024529934 0.360798150 -0.004828432 -0.097257085 0.927546501
1403715405162142976.000000 -0.839968801 -3.683620930 -2.021560669 0.350782931 -0.007066358 -0.089626022 0.932131231
1403715405212143104.000000 -0.840010822 -3.712285519 -2.013147593 0.339190036 -0.009846277 -0.082216442 0.937066555
1403715405262142976.000000 -0.842579424 -3.739805460 -2.008212566 0.326238841 -0.012358087 -0.075087667 0.942219436
1403715405312143104.000000 -0.844304740 -3.766328335 -2.003922462 0.312007457 -0.014136867 -0.069786310 0.947407722
1403715405362142976.000000 -0.845979929 -3.789506435 -2.004846334 0.297137588 -0.016030345 -0.065254681 0.952467382
1403715405412143104.000000 -0.849458933 -3.809070826 -2.003144026 -0.281789392 0.017772267 0.061991170 -0.957306623
1403715405462142976.000000 -0.853650391 -3.828927040 -2.001890182 -0.266586572 0.020035252 0.057497390 -0.961885810
1403715405512143104.000000 -0.857897758 -3.848230839 -1.998441935 -0.251271516 0.021524951 0.052679129 -0.966242373
1403715405562142976.000000 -0.856300056 -3.851657391 -1.963313937 -0.238965467 0.023115668 0.048538007 -0.969538748
1403715405612143104.000000 -0.858524144 -3.866748333 -1.958667517 -0.222914845 0.023938149 0.046950847 -0.973412335
1403715405662142976.000000 -0.861451626 -3.884393930 -1.959645867 -0.206062570 0.025634337 0.047179516 -0.977064610
1403715405712143104.000000 -0.866182446 -3.897991419 -1.956273913 -0.190598696 0.027576469 0.046407565 -0.980182648
1403715405762142976.000000 -0.868039310 -3.915143490 -1.950690389 -0.175129384 0.028989013 0.045433640 -0.983069241
1403715405812143104.000000 -0.875243306 -3.921497107 -1.939765930 -0.161520869 0.031457715 0.043181360 -0.985422194
1403715405862142976.000000 -0.880571425 -3.960743427 -1.969723940 -0.142732561 0.033981767 0.040180258 -0.988361418
1403715405912143104.000000 -0.877855182 -3.953548193 -1.930022955 -0.132403523 0.034393709 0.035163149 -0.989974737
1403715405962142976.000000 -0.877143562 -3.971267462 -1.923486471 -0.118107416 0.032285348 0.028878205 -0.992055655
1403715406012143104.000000 -0.878109574 -3.987140417 -1.914970756 -0.103575453 0.028203817 0.023022221 -0.993955076
1403715406062142976.000000 -0.882966340 -4.033537388 -1.939915180 -0.084691122 0.024528712 0.015331122 -0.995987356
1403715406112143104.000000 -0.877775788 -4.043156624 -1.905346632 -0.072676934 0.021966344 0.009963351 -0.997063816
1403715406162142976.000000 -0.886381924 -4.077042580 -1.924475312 -0.055233892 0.019557102 0.002700743 -0.998278260
1403715406212143104.000000 -0.886076748 -4.095465183 -1.919187784 -0.041038308 0.018376697 -0.004241638 -0.998979628
1403715406262142976.000000 -0.865753889 -4.117074966 -1.931432962 0.026506098 -0.020450542 0.008790933 0.999400854
1403715406312143104.000000 -0.895585239 -4.135004520 -1.902185321 -0.012807243 0.018019713 -0.016273350 -0.999623179
1403715406362142976.000000 -0.876715899 -4.158906460 -1.917141199 -0.000234823 -0.022241272 0.022677768 0.999495387
1403715406412143104.000000 -0.906949520 -4.176196098 -1.885977268 0.012910794 0.021893112 -0.031426594 -0.999182940
1403715406462142976.000000 -0.888656497 -4.197891235 -1.898788095 -0.025197821 -0.026493622 0.039225820 0.998561203
1403715406512143104.000000 -0.920714855 -4.216815948 -1.862995625 0.037666477 0.026106523 -0.047618579 -0.997813702
1403715406562142976.000000 -0.929011881 -4.234529018 -1.849496126 0.050142240 0.027734743 -0.054857995 -0.996848643
1403715406612143104.000000 -0.936760008 -4.249178886 -1.836953163 0.062526435 0.028219674 -0.061275817 -0.995760739
1403715406662142976.000000 -0.942759573 -4.262999058 -1.825441480 0.074902363 0.028178690 -0.066891648 -0.994545698
1403715406712143104.000000 -0.951487780 -4.275177479 -1.809893489 0.087207377 0.027714621 -0.071955554 -0.993201494
1403715406762142976.000000 -0.957570791 -4.288349152 -1.796539068 0.100388154 0.026654916 -0.075025804 -0.991757512
1403715406812143104.000000 -0.963041425 -4.297316551 -1.782460213 0.113522433 0.025288379 -0.078235038 -0.990127563
1403715406862142976.000000 -0.945832908 -4.308185577 -1.794905186 -0.127075180 -0.026563685 0.079283401 0.988362551
1403715406912143104.000000 -0.976074100 -4.315839767 -1.755981922 0.139736250 0.023754464 -0.083605379 -0.986366987
1403715406962142976.000000 -0.980764866 -4.321340561 -1.745152235 0.152812645 0.022830993 -0.086029179 -0.984238803
1403715407012143104.000000 -0.984267771 -4.325624943 -1.730016112 0.165030032 0.022888493 -0.089490801 -0.981953502
1403715407062142976.000000 -0.991036117 -4.332650185 -1.716670990 0.176644191 0.023474628 -0.094208740 -0.979474604
1403715407112143104.000000 -0.996330976 -4.337699890 -1.699930787 0.188074589 0.024832718 -0.099001005 -0.976836860
1403715407162142976.000000 -0.999791443 -4.342578411 -1.685345531 0.198635653 0.027354635 -0.103649624 -0.974193156
1403715407212143104.000000 -1.004095674 -4.347578526 -1.666299939 0.207604647 0.032386560 -0.107693955 -0.971727133
1403715407262142976.000000 -1.006374121 -4.354753971 -1.650571585 0.215048462 0.037989102 -0.111554824 -0.969467163
1403715407312143104.000000 -1.006658316 -4.359124184 -1.633471489 0.221227407 0.044300441 -0.113559000 -0.967574418
1403715407362142976.000000 -1.007695675 -4.362598896 -1.616428614 0.226244733 0.048339978 -0.115343250 -0.966008604
1403715407412143104.000000 -1.007868767 -4.366538048 -1.597987771 0.230372787 0.050218977 -0.116043210 -0.964852512
1403715407462142976.000000 -1.006416678 -4.364459991 -1.578000903 0.233590782 0.048858326 -0.116256908 -0.964122772
1403715407512143104.000000 -1.002516270 -4.364570141 -1.556927323 0.236658856 0.047924854 -0.115192570 -0.963548958
1403715407562142976.000000 -0.998859942 -4.362065315 -1.535871029 0.238479704 0.045448560 -0.115576789 -0.963173866
1403715407612143104.000000 -0.991563320 -4.353610992 -1.510425806 0.240261167 0.042632204 -0.114015661 -0.963046014
1403715407662142976.000000 -0.984752178 -4.348528385 -1.485117435 0.242307618 0.039841332 -0.110131875 -0.963104784
1403715407712143104.000000 -0.977336705 -4.347315311 -1.457527280 0.244538918 0.036286667 -0.103355758 -0.963432252
1403715407762142976.000000 -0.969471812 -4.338649750 -1.428965688 0.245868593 0.033593368 -0.097398080 -0.963812172
1403715407812143104.000000 -0.960873723 -4.333038807 -1.401784539 0.246323004 0.032210249 -0.093188241 -0.964159489
1403715407862142976.000000 -0.954379797 -4.320247173 -1.373390675 0.246175334 0.030707570 -0.090058841 -0.964543521
1403715407912143104.000000 -0.942257404 -4.312740803 -1.343190908 0.244963735 0.028748203 -0.090641044 -0.964857757
1403715407962142976.000000 -0.930276752 -4.303164005 -1.310676694 0.243963555 0.028321844 -0.090860114 -0.965103209
1403715408012143104.000000 -0.919042766 -4.297704697 -1.281848669 0.242495477 0.025557993 -0.093507059 -0.965297520
1403715408062142976.000000 -0.903581023 -4.287756920 -1.248890281 0.241344407 0.024979794 -0.094937623 -0.965461433
1403715408112143104.000000 -0.883687139 -4.279574394 -1.222705722 0.240126938 0.023540728 -0.096427627 -0.965653479
1403715408162142976.000000 -0.859934092 -4.271839619 -1.192247391 0.238723367 0.021933213 -0.097799592 -0.965901315
1403715408212143104.000000 -0.830527127 -4.262674809 -1.163016796 0.237462431 0.019698843 -0.098844267 -0.966153979
1403715408262142976.000000 -0.798040152 -4.266169548 -1.131786704 0.236915901 0.018515069 -0.099242002 -0.966270745
1403715408312143104.000000 -0.768040359 -4.259922028 -1.102258444 0.235794425 0.017721375 -0.100260578 -0.966454744
1403715408362142976.000000 -0.743315578 -4.260937691 -1.076379418 0.235172480 0.016280241 -0.100825198 -0.966572881
1403715408412143104.000000 -0.719970524 -4.255884647 -1.046881795 0.233539909 0.013003683 -0.100646012 -0.967036903
1403715408462142976.000000 -0.699097037 -4.251260281 -1.022753596 0.231224000 0.009366265 -0.098780356 -0.967827559
1403715408512143104.000000 -0.681617379 -4.252450943 -0.990260243 0.227295116 0.004036658 -0.097228378 -0.968951702
1403715408562142976.000000 -0.673287988 -4.255158424 -0.958895266 0.222400278 -0.000378048 -0.093850397 -0.970427811
1403715408612143104.000000 -0.667157173 -4.254661560 -0.928566933 0.215916738 -0.006267720 -0.090594053 -0.972179770
1403715408662142976.000000 -0.662774444 -4.254244328 -0.895512998 0.208815843 -0.010828668 -0.084651366 -0.974224210
1403715408712143104.000000 -0.657695353 -4.254551411 -0.862127125 0.199886441 -0.014886164 -0.079929166 -0.976440012
1403715408762142976.000000 -0.651304603 -4.256637096 -0.833604217 0.189413846 -0.017710522 -0.075858571 -0.978802502
1403715408812143104.000000 -0.646784544 -4.259422302 -0.806367278 0.178115368 -0.019899553 -0.071057357 -0.981238902
1403715408862142976.000000 -0.645052850 -4.259109020 -0.783309281 0.165038928 -0.020883905 -0.067270979 -0.983768642
1403715408912143104.000000 -0.639943779 -4.263751984 -0.759295225 0.151664689 -0.021204254 -0.063215658 -0.986180604
1403715408962142976.000000 -0.634667635 -4.266515255 -0.733324707 0.137876377 -0.021040021 -0.058353946 -0.988505065
1403715409012143104.000000 -0.628907263 -4.271583080 -0.710738182 0.123289004 -0.021689776 -0.053830031 -0.990672410
1403715409062142976.000000 -0.623100996 -4.279009342 -0.687664568 0.108947374 -0.021346588 -0.048905168 -0.992614269
1403715409112143104.000000 -0.613642514 -4.278605461 -0.668172061 0.093303472 -0.021302033 -0.046036683 -0.994344652
1403715409162142976.000000 -0.605708778 -4.283446312 -0.651212454 0.078741126 -0.021442499 -0.044929322 -0.995651305
1403715409212143104.000000 -0.595592260 -4.285294056 -0.634762764 0.065873429 -0.019949775 -0.043370396 -0.996685386
1403715409262142976.000000 -0.583307087 -4.290571690 -0.616579831 0.055635650 -0.017048270 -0.042247485 -0.997411251
1403715409312143104.000000 -0.575963914 -4.293330193 -0.603139102 0.046620645 -0.015569132 -0.041690189 -0.997920871
1403715409362142976.000000 -0.564377427 -4.294541836 -0.587993085 0.039543569 -0.014566270 -0.040363837 -0.998295963
1403715409412143104.000000 -0.555379868 -4.295717716 -0.571604252 0.034685161 -0.014218552 -0.038286354 -0.998563409
1403715409462142976.000000 -0.527026355 -4.301364422 -0.582251787 -0.031900551 0.012132983 0.033440191 0.998857856
1403715409512143104.000000 -0.515601873 -4.302444935 -0.573447227 -0.030804589 0.013169125 0.028635474 0.999028385
1403715409562142976.000000 -0.504920840 -4.303162098 -0.566328585 -0.032411866 0.011775753 0.023668859 0.999124944
1403715409612143104.000000 -0.513000906 -4.300664425 -0.535570800 0.034156188 -0.010443725 -0.025201997 -0.999044180
1403715409662142976.000000 -0.486307055 -4.304710865 -0.553129196 -0.036082339 0.004082490 0.024837079 0.999031782
1403715409712143104.000000 -0.475538820 -4.306703091 -0.548496068 -0.038114183 -0.001683329 0.026768362 0.998913348
1403715409762142976.000000 -0.480730921 -4.307154179 -0.523559630 0.040538281 0.005381954 -0.029845832 -0.998717606
1403715409812143104.000000 -0.468816370 -4.308062553 -0.525615275 0.043094438 0.011640144 -0.031354569 -0.998511076
1403715409862142976.000000 -0.440270782 -4.312309265 -0.546756327 -0.046254639 -0.019273700 0.031167999 0.998257279
1403715409912143104.000000 -0.445885122 -4.311188221 -0.527035594 0.048860256 0.023142122 -0.034812212 -0.997930527
1403715409962142976.000000 -0.433366954 -4.313377380 -0.524309456 0.052004736 0.028382253 -0.035783462 -0.997601926
1403715410012143104.000000 -0.419207394 -4.315837383 -0.520473778 0.054963373 0.032192353 -0.037635241 -0.997259378
1403715410062142976.000000 -0.404604286 -4.317476273 -0.515447855 0.057563934 0.033670302 -0.038813643 -0.997018695
1403715410112143104.000000 -0.390543818 -4.317687035 -0.509066343 0.060315825 0.031330787 -0.039102845 -0.996920943
1403715410162142976.000000 -0.373967081 -4.317293167 -0.501804888 0.062986188 0.026396908 -0.038124505 -0.996936619
1403715410212143104.000000 -0.361108959 -4.317838192 -0.492607653 0.064969696 0.021415338 -0.038143571 -0.996928036
1403715410262142976.000000 -0.351808965 -4.319096088 -0.482208580 0.066770293 0.016415332 -0.038027603 -0.996908307
1403715410312143104.000000 -0.344535410 -4.320537090 -0.472429276 0.068389580 0.012468593 -0.037595429 -0.996872187
1403715410362142976.000000 -0.339823216 -4.320693970 -0.459070861 0.069382653 0.009495639 -0.037181705 -0.996851802
1403715410412143104.000000 -0.338845283 -4.320610046 -0.445298105 0.070396878 0.007793409 -0.035827946 -0.996845007
1403715410462142976.000000 -0.337050527 -4.321803570 -0.431518018 0.071429849 0.007484252 -0.033543900 -0.996853352
1403715410512143104.000000 -0.337287396 -4.322347641 -0.414786071 0.072733067 0.007735803 -0.029684648 -0.996879578
1403715410562142976.000000 -0.334745944 -4.323502064 -0.398395747 0.073769234 0.007324569 -0.026067220 -0.996907711
1403715410612143104.000000 -0.332434833 -4.324456215 -0.383133620 0.073677808 0.007893666 -0.024020422 -0.996961594
1403715410662142976.000000 -0.312792391 -4.330000401 -0.387248158 -0.073465556 -0.009810512 0.021101894 0.997026265
1403715410712143104.000000 -0.326941460 -4.329017162 -0.350212783 0.072052002 0.006399506 -0.023338657 -0.997107267
1403715410762142976.000000 -0.324070156 -4.331274986 -0.336422890 0.070274003 0.002101474 -0.023972038 -0.997237504
1403715410812143104.000000 -0.319093525 -4.334257603 -0.322541714 0.068115838 -0.005262183 -0.025589708 -0.997335374
1403715410862142976.000000 -0.315413177 -4.337810516 -0.309651464 0.066357799 -0.011950610 -0.025121281 -0.997408092
1403715410912143104.000000 -0.296564072 -4.345707417 -0.317306250 -0.063662127 0.013763573 0.025300810 0.997555852
1403715410962142976.000000 -0.311004937 -4.348341942 -0.283852518 0.061630283 -0.016273575 -0.026105857 -0.997624874
1403715411012143104.000000 -0.294128716 -4.359099865 -0.294911891 -0.058739293 0.010712112 0.025821395 0.997881889
1403715411062142976.000000 -0.309616089 -4.364592075 -0.266283065 0.055727381 -0.009644791 -0.028166646 -0.998002052
1403715411112143104.000000 -0.294823289 -4.374187946 -0.279990137 -0.053032503 0.002894826 0.027198505 0.998218119
1403715411162142976.000000 -0.295401752 -4.380110741 -0.271733969 -0.049828749 -0.000265094 0.029428918 0.998324096
1403715411212143104.000000 -0.310769022 -4.385230064 -0.242814645 0.046495363 -0.000454108 -0.034419764 -0.998325288
1403715411262142976.000000 -0.309969693 -4.392708778 -0.234266058 0.043516137 0.000478820 -0.037187520 -0.998360276
1403715411312143104.000000 -0.293767631 -4.401872635 -0.247955427 -0.041152280 -0.001674464 0.038023170 0.998427749
1403715411362142976.000000 -0.293820888 -4.409039974 -0.242049053 -0.039006334 0.001690603 0.039633874 0.998451233
1403715411412143104.000000 -0.308533669 -4.413577080 -0.216662437 0.036652610 -0.008678026 -0.043111648 -0.998360038
1403715411462142976.000000 -0.308115065 -4.418578625 -0.210370153 0.034744602 -0.013805186 -0.044548426 -0.998307407
1403715411512143104.000000 -0.293239057 -4.425445080 -0.226255581 -0.033844762 0.013927156 0.042266231 0.998435855
1403715411562142976.000000 -0.295268685 -4.429972649 -0.224465340 -0.032977674 0.012719933 0.040418714 0.998557508
1403715411612143104.000000 -0.297308862 -4.432519913 -0.221276060 -0.032638226 0.010231782 0.037961334 0.998693705
1403715411662142976.000000 -0.299245417 -4.435537338 -0.218434438 -0.032206547 0.006860754 0.035602923 0.998823404
1403715411712143104.000000 -0.302027434 -4.438953876 -0.216418475 -0.031769264 0.004684236 0.033655345 0.998917460
1403715411762142976.000000 -0.319303125 -4.437095642 -0.195040256 0.031218857 -0.005363843 -0.033166569 -0.998947740
1403715411812143104.000000 -0.307349503 -4.442105293 -0.214485243 -0.031164505 0.002666426 0.030145515 0.999056041
1403715411862142976.000000 -0.311814606 -4.443590641 -0.213032827 -0.030576417 0.001799576 0.029388728 0.999098718
1403715411912143104.000000 -0.317365408 -4.444245338 -0.211866409 -0.030044314 0.001766406 0.029094858 0.999123514
1403715411962142976.000000 -0.320986480 -4.444776058 -0.212865859 -0.029084170 0.001754715 0.029940369 0.999126971
1403715412012143104.000000 -0.341561377 -4.442825317 -0.193287477 0.028494624 -0.004073996 -0.031660996 -0.999084175
1403715412062142976.000000 -0.345650196 -4.444226265 -0.194352627 0.028246788 -0.003425778 -0.032329660 -0.999072194
1403715412112143104.000000 -0.349378109 -4.447004795 -0.196867064 0.028055903 -0.002968628 -0.032687582 -0.999067426
1403715412162142976.000000 -0.353979170 -4.449725628 -0.198801741 0.028492443 -0.001135122 -0.032176010 -0.999075413
1403715412212143104.000000 -0.358021617 -4.451436996 -0.202478871 0.028613485 0.000184871 -0.031979024 -0.999078929
1403715412262142976.000000 -0.346546859 -4.454887390 -0.229623169 -0.029038934 -0.003715097 0.030008785 0.999120831
1403715412312143104.000000 -0.351925522 -4.455985069 -0.235485554 -0.029268615 -0.004523687 0.029824566 0.999116302
1403715412362142976.000000 -0.355807424 -4.457580566 -0.242154405 -0.029479103 -0.005638321 0.029945815 0.999100864
1403715412412143104.000000 -0.375884920 -4.456882477 -0.225182280 0.029515071 0.003900258 -0.031557191 -0.999058545
1403715412462142976.000000 -0.365522861 -4.462487221 -0.249939576 -0.029629074 -0.008213632 0.030997002 0.999046504
1403715412512143104.000000 -0.368698061 -4.464788914 -0.256121755 -0.029774407 -0.009953247 0.031280104 0.999017537
1403715412562142976.000000 -0.372550964 -4.466132641 -0.264007568 -0.029722087 -0.011645382 0.031590980 0.998991013
1403715412612143104.000000 -0.375618041 -4.468880653 -0.269276261 -0.030286493 -0.012792038 0.030684603 0.998988271
1403715412662142976.000000 -0.378760010 -4.470683575 -0.273693472 -0.030362979 -0.013692904 0.030433707 0.998981714
1403715412712143104.000000 -0.396764696 -4.468608379 -0.259759694 0.030394198 0.013242549 -0.031016313 -0.998968899
1403715412762142976.000000 -0.382557482 -4.471479893 -0.284024626 -0.030792454 -0.016976077 0.029064864 0.998958945
1403715412812143104.000000 -0.399996310 -4.468664646 -0.267190307 0.030869786 0.015564888 -0.030172208 -0.998946667
1403715412862142976.000000 -0.386543036 -4.471722603 -0.292126477 -0.030971594 -0.018969871 0.028460151 0.998934925
1403715412912143104.000000 -0.403909653 -4.469435692 -0.271514118 0.031139443 0.016562110 -0.029434675 -0.998944283
1403715412962142976.000000 -0.405788362 -4.470420361 -0.273921579 0.031415615 0.015658185 -0.029446304 -0.998949945
1403715413012143104.000000 -0.407802045 -4.471586704 -0.273078740 0.031957407 0.013340407 -0.029004589 -0.998979270
1403715413062142976.000000 -0.411561638 -4.471168041 -0.273762494 0.032695569 0.011743024 -0.028120033 -0.999000728
1403715413112143104.000000 -0.417111784 -4.473375320 -0.271705419 0.033125024 0.010400079 -0.027553212 -0.999017239
1403715413162142976.000000 -0.424229681 -4.475768089 -0.269662082 0.033375520 0.008956552 -0.027544158 -0.999023139
1403715413212143104.000000 -0.418319404 -4.479810238 -0.287320971 -0.033826459 -0.010261450 0.025426520 0.999051571
1403715413262142976.000000 -0.445911825 -4.478413105 -0.261814356 0.033512305 0.006736454 -0.027449651 -0.999038637
1403715413312143104.000000 -0.445014954 -4.483496666 -0.281077981 -0.032949217 -0.008114022 0.028706739 0.999011755
1403715413362142976.000000 -0.476669222 -4.484178066 -0.257824510 0.031357840 0.004240697 -0.034079190 -0.998918056
1403715413412143104.000000 -0.476686627 -4.489191055 -0.274735749 -0.030429576 -0.005800846 0.036322158 0.998859942
1403715413462142976.000000 -0.506405294 -4.488213539 -0.249331966 0.029236870 0.002626593 -0.040829480 -0.998734891
1403715413512143104.000000 -0.519710004 -4.489416122 -0.248422876 0.028669402 0.001885117 -0.042328801 -0.998690605
1403715413562142976.000000 -0.530343533 -4.489406109 -0.247853175 0.028986635 0.001893860 -0.041690066 -0.998708248
1403715413612143104.000000 -0.540042281 -4.487666130 -0.247675732 0.029829573 0.001433398 -0.040054478 -0.998751163
1403715413662142976.000000 -0.548933685 -4.487725735 -0.246326238 0.030857293 0.000400410 -0.037592936 -0.998816550
1403715413712143104.000000 -0.542796612 -4.490213394 -0.267850280 -0.032310430 -0.002097891 0.032924302 0.998933256
1403715413762142976.000000 -0.552678883 -4.491985798 -0.268291622 -0.033607032 -0.002486530 0.030467601 0.998967528
1403715413812143104.000000 -0.579445004 -4.489228249 -0.248184398 0.034231871 0.001024993 -0.030404638 -0.998950839
1403715413862142976.000000 -0.575714588 -4.490715981 -0.270389408 -0.035142828 -0.004691265 0.027523708 0.998992205
1403715413912143104.000000 -0.589376509 -4.488805294 -0.269141942 -0.035472088 -0.004267660 0.026453992 0.999011397
1403715413962142976.000000 -0.603052378 -4.487993717 -0.271808982 -0.036048491 -0.003368444 0.024338342 0.999047995
1403715414012143104.000000 -0.630714059 -4.485326290 -0.251061529 0.036364608 0.000800223 -0.024813516 -0.999030232
1403715414062142976.000000 -0.625429213 -4.485231400 -0.275444210 -0.036163509 -0.004095654 0.023476005 0.999061763
1403715414112143104.000000 -0.634098053 -4.487690926 -0.279208362 -0.036486063 -0.006503395 0.023245569 0.999042630
1403715414162142976.000000 -0.654080212 -4.485605717 -0.263562799 0.036277246 0.008422324 -0.025209380 -0.998988330
1403715414212143104.000000 -0.640635252 -4.489774704 -0.293777943 -0.036634922 -0.017479617 0.024370274 0.998878658
1403715414262142976.000000 -0.641542912 -4.489978790 -0.299460948 -0.036755778 -0.023202736 0.024697827 0.998749614
1403715414312143104.000000 -0.639667690 -4.492825031 -0.307297409 -0.036954146 -0.028915914 0.025064398 0.998584092
1403715414362142976.000000 -0.635829031 -4.495439529 -0.311373889 -0.037617281 -0.033080626 0.024119385 0.998453259
1403715414412143104.000000 4.651207447 -8.820266724 -16.831636429 0.053283844 0.032775760 -0.027197149 -0.997670770
1403715414462142976.000000 4.663502693 -8.859498978 -16.893770218 0.053675156 0.032159854 -0.026434924 -0.997690380
1403715414512143104.000000 4.674854755 -8.899281502 -16.954311371 0.054144043 0.030194659 -0.025461182 -0.997751772
1403715414562142976.000000 4.684823036 -8.939607620 -17.013248444 0.054487929 0.026197657 -0.024740906 -0.997864068
1403715414612143104.000000 4.693617821 -8.980613708 -17.070890427 0.054910839 0.021532582 -0.023765704 -0.997976124
1403715414662142976.000000 4.701466084 -9.022361755 -17.127595901 0.054686122 0.017863458 -0.025092585 -0.998028398
1403715414712143104.000000 4.708560467 -9.065047264 -17.183752060 0.054421041 0.013734729 -0.027298609 -0.998050332
1403715414762142976.000000 4.714768410 -9.108345032 -17.239564896 0.053635448 0.010492071 -0.030908380 -0.998027027
1403715414812143104.000000 4.720000744 -9.151847839 -17.295253754 0.052701149 0.008912273 -0.035827022 -0.997927666
1403715414862142976.000000 4.724524498 -9.195364952 -17.350461960 0.051375899 0.007383748 -0.042309720 -0.997755468
1403715414912143104.000000 4.727726936 -9.238544464 -17.405391693 0.049946204 0.005527200 -0.049441148 -0.997512102
1403715414962142976.000000 4.730243683 -9.281112671 -17.460393906 0.048918217 0.004515843 -0.055410463 -0.997254431
1403715415012143104.000000 4.732313633 -9.322835922 -17.515926361 0.048292879 0.003216784 -0.060965568 -0.996965766
1403715415062142976.000000 4.733947277 -9.363707542 -17.571628571 0.048233438 0.002330515 -0.065044463 -0.996713281
1403715415112143104.000000 4.735405922 -9.403551102 -17.627527237 0.048878886 0.001761586 -0.067778975 -0.996500850
1403715415162142976.000000 4.736626625 -9.442097664 -17.684061050 0.049855549 0.001381072 -0.069908939 -0.996305883
1403715415212143104.000000 4.738256931 -9.479354858 -17.741607666 0.051588111 0.000224031 -0.070189714 -0.996198833
1403715415262142976.000000 4.740164280 -9.515498161 -17.799800873 0.053343430 -0.000086107 -0.069568321 -0.996149957
1403715415312143104.000000 4.743029118 -9.550230980 -17.859008789 0.057540018 -0.000403172 -0.062249061 -0.996400535
1403715415362142976.000000 4.746443272 -9.584091187 -17.918754578 0.061972126 0.000471152 -0.054833781 -0.996570408
1403715415412143104.000000 4.751271248 -9.617572784 -17.979408264 0.066869542 -0.000007387 -0.046740428 -0.996666372
1403715415462142976.000000 4.756650925 -9.651075363 -18.040826797 0.071470849 0.002238515 -0.038830701 -0.996684134
1403715415512143104.000000 4.763727188 -9.684965134 -18.102975845 0.075103022 0.001686149 -0.032763645 -0.996636033
1403715415562142976.000000 4.770935059 -9.719882011 -18.165294647 0.077189818 0.001963413 -0.029658023 -0.996573329
1403715415612143104.000000 4.777321339 -9.755881310 -18.227645874 0.079107642 0.000739186 -0.027132520 -0.996496499
1403715415662142976.000000 4.781222820 -9.792681694 -18.289793015 0.081038497 0.000328278 -0.025532441 -0.996383846
1403715415712143104.000000 4.782381535 -9.830492020 -18.351448059 0.082106248 0.000871949 -0.025434703 -0.996298611
1403715415762142976.000000 4.789112091 -9.868499756 -18.414157867 0.081753097 0.002482065 -0.026936702 -0.996285498
1403715415812143104.000000 4.802731037 -9.907737732 -18.479059219 0.082298778 0.002119958 -0.025551556 -0.996277928
1403715415862142976.000000 4.815227509 -9.947826385 -18.543840408 0.082590297 -0.000093820 -0.025063846 -0.996268392
1403715415912143104.000000 4.825532436 -9.988970757 -18.607980728 0.082733564 -0.002415942 -0.026281264 -0.996222198
1403715415962142976.000000 4.833885670 -10.030663490 -18.671825409 0.082659066 -0.002318477 -0.025847772 -0.996240020
1403715416012143104.000000 4.843573570 -10.069993973 -18.736143112 0.082443476 0.000839980 -0.024365380 -0.996297479
1403715416062142976.000000 4.855386257 -10.107837677 -18.801315308 0.083524287 0.000732235 -0.023277238 -0.996233642
1403715416112143104.000000 4.866831779 -10.146750450 -18.866168976 0.084056377 0.000143101 -0.023580365 -0.996181965
1403715416162142976.000000 4.877335548 -10.185977936 -18.930835724 0.084023669 -0.000260668 -0.024132175 -0.996171474
1403715416212143104.000000 4.888118744 -10.224964142 -18.995868683 0.083840333 0.001149257 -0.025253758 -0.996158481
1403715416262142976.000000 4.898506641 -10.264648438 -19.061145782 0.083472222 0.002392645 -0.025963934 -0.996168971
1403715416312143104.000000 4.909122944 -10.304144859 -19.126752853 0.083398715 0.002596576 -0.026385123 -0.996163547
1403715416362142976.000000 4.920145512 -10.343171120 -19.192272186 0.083435841 0.003255048 -0.026372757 -0.996158779
1403715416412143104.000000 4.931396961 -10.382273674 -19.257980347 0.083425261 0.003459299 -0.026633471 -0.996152103
1403715416462142976.000000 4.942276001 -10.421828270 -19.324001312 0.083382964 0.004061738 -0.026741145 -0.996150494
1403715416512143104.000000 4.952935696 -10.461899757 -19.390377045 0.083533756 0.003840264 -0.027032610 -0.996130824
1403715416562142976.000000 4.963896275 -10.501716614 -19.457033157 0.083580025 0.003197308 -0.026776720 -0.996136129
1403715416612143104.000000 4.974851131 -10.541393280 -19.523593903 0.083558120 0.003710259 -0.026879542 -0.996133387
1403715416662142976.000000 4.985758305 -10.581453323 -19.590404510 0.083445624 0.003841808 -0.027389670 -0.996128500
1403715416712143104.000000 4.996541500 -10.621862411 -19.657644272 0.083483122 0.003856828 -0.027369877 -0.996125817
1403715416762142976.000000 5.007354736 -10.662481308 -19.725170135 0.083461255 0.003926401 -0.027475016 -0.996124446
1403715416812143104.000000 5.018301487 -10.703167915 -19.792772293 0.083544686 0.003416278 -0.027467182 -0.996119618
1403715416862142976.000000 5.029366493 -10.743947983 -19.860288620 0.083476156 0.003875058 -0.027586514 -0.996120334
1403715416912143104.000000 5.040479660 -10.784797668 -19.928047180 0.083485231 0.004274133 -0.027777666 -0.996112704
1403715416962142976.000000 5.051601887 -10.826045036 -19.996217728 0.083538316 0.003941666 -0.027626626 -0.996113777
1403715417012143104.000000 5.062667370 -10.867530823 -20.064521790 0.083521761 0.003601784 -0.027811253 -0.996111274
1403715417062142976.000000 5.073902130 -10.908918381 -20.132843018 0.083588615 0.003658240 -0.027673990 -0.996109307
1403715417112143104.000000 5.085235596 -10.950360298 -20.201189041 0.083550856 0.003984382 -0.027922284 -0.996104300
1403715417162142976.000000 5.096632481 -10.991993904 -20.269872665 0.083579235 0.004026040 -0.028010797 -0.996099234
1403715417212143104.000000 5.108030319 -11.033952713 -20.338872910 0.083594941 0.003769709 -0.028014818 -0.996098876
1403715417262142976.000000 5.119462490 -11.076078415 -20.408037186 0.083580360 0.003785937 -0.028039111 -0.996099353
1403715417312143104.000000 5.131013393 -11.118214607 -20.477346420 0.083640859 0.003641544 -0.028082069 -0.996093631
1403715417362142976.000000 5.142609596 -11.160384178 -20.546693802 0.083573259 0.003898139 -0.028167341 -0.996095896
1403715417412143104.000000 5.154237270 -11.202698708 -20.616287231 0.083634309 0.003952635 -0.028261956 -0.996087849
1403715417462142976.000000 5.165834904 -11.245253563 -20.686203003 0.083623312 0.003843939 -0.028323960 -0.996087432
1403715417512143104.000000 5.177466393 -11.287857056 -20.756292343 0.083602861 0.003726813 -0.028358227 -0.996088624
1403715417562142976.000000 5.189238071 -11.330411911 -20.826454163 0.083679453 0.003728109 -0.028403666 -0.996080875
1403715417612143104.000000 5.201046944 -11.373039246 -20.896736145 0.083697103 0.003862872 -0.028506113 -0.996076047
1403715417662142976.000000 5.212875843 -11.415874481 -20.967243195 0.083712228 0.003938039 -0.028527573 -0.996073782
1403715417712143104.000000 5.224799156 -11.458899498 -21.037965775 0.083708666 0.003817217 -0.028621828 -0.996071875
1403715417762142976.000000 5.236799240 -11.502035141 -21.108846664 0.083730787 0.003738225 -0.028608181 -0.996070683
1403715417812143104.000000 5.248856068 -11.545197487 -21.179815292 0.083784208 0.003839198 -0.028666491 -0.996064186
1403715417862142976.000000 5.260990143 -11.588420868 -21.250955582 0.083847269 0.003874005 -0.028672544 -0.996058464
1403715417912143104.000000 5.273179054 -11.631829262 -21.322290421 0.083895415 0.003910308 -0.028665036 -0.996054530
1403715417962142976.000000 5.285423279 -11.675402641 -21.393831253 0.083871409 0.003834416 -0.028687088 -0.996056199
1403715418012143104.000000 5.297751904 -11.719020844 -21.465551376 0.083892904 0.003778811 -0.028722040 -0.996053636
1403715418062142976.000000 5.310173988 -11.762676239 -21.537376404 0.083917804 0.003876669 -0.028747031 -0.996050417
1403715418112143104.000000 5.322612286 -11.806464195 -21.609361649 0.083968088 0.003965194 -0.028765716 -0.996045291
1403715418162142976.000000 5.335101604 -11.850409508 -21.681575775 0.084004082 0.003943600 -0.028787542 -0.996041715
1403715418212143104.000000 5.347645760 -11.894470215 -21.753984451 0.084046744 0.003934646 -0.028809410 -0.996037543
1403715418262142976.000000 5.360245228 -11.938598633 -21.826539993 0.084088728 0.003861171 -0.028826077 -0.996033788
1403715418312143104.000000 5.372917175 -11.982762337 -21.899194717 0.084127195 0.003940871 -0.028882822 -0.996028543
1403715418362142976.000000 5.385630131 -12.027006149 -21.972049713 0.084139258 0.003970065 -0.028887212 -0.996027291
1403715418412143104.000000 5.398388386 -12.071388245 -22.045124054 0.084155470 0.003914522 -0.028919499 -0.996025264
1403715418462142976.000000 5.411221981 -12.115884781 -22.118335724 0.084185489 0.003921731 -0.028928826 -0.996022463
1403715418512143104.000000 5.424136639 -12.160455704 -22.191715240 0.084181748 0.003954813 -0.028952144 -0.996021986
1403715418562142976.000000 5.437019825 -12.205126762 -22.265316010 0.084214672 0.003982561 -0.029001055 -0.996017575
1403715418612143104.000000 5.450016975 -12.249937057 -22.339076996 0.084260628 0.004015685 -0.029116753 -0.996010184
1403715418662142976.000000 5.463068485 -12.294861794 -22.413013458 0.084314600 0.003973940 -0.029113080 -0.996005893
1403715418712143104.000000 5.476243496 -12.339888573 -22.487104416 0.084352069 0.003990527 -0.029087475 -0.996003389
1403715418762142976.000000 5.489484310 -12.384968758 -22.561340332 0.084359825 0.004017135 -0.029170336 -0.996000230
1403715418812143104.000000 5.502808571 -12.430124283 -22.635725021 0.084404476 0.004063996 -0.029267754 -0.995993376
