1403636585313555456.000000 -0.062683709 0.002964117 0.022010677 -0.015064702 -0.009594709 0.001512640 0.999839365
1403636585363555584.000000 -0.088600278 0.004298125 0.032234162 -0.016167268 -0.011122391 -0.003518543 0.999801278
1403636585413555456.000000 -0.113137916 0.005631375 0.037223730 -0.016496712 -0.013883732 -0.005905710 0.999750078
1403636585463555584.000000 -0.134614095 0.004842394 0.041524868 -0.013801509 -0.017700952 -0.008559158 0.999711514
1403636585513555456.000000 -0.162835687 0.006242697 0.045567378 -0.010961036 -0.021052929 -0.009520351 0.999672949
1403636585563555584.000000 -0.189291403 0.013220859 0.054826654 -0.004565876 -0.032247722 -0.009710918 0.999422371
1403636585613555456.000000 -0.204628721 0.014913524 0.057054117 0.002277157 -0.038078152 -0.009594305 0.999226153
1403636585663555584.000000 -0.227297500 0.016699664 0.056961857 0.008948375 -0.043546975 -0.007688585 0.998981774
1403636585713555456.000000 -0.241722658 0.017698126 0.056447595 0.015178370 -0.050451700 -0.004921449 0.998599112
1403636585763555584.000000 -0.252333999 0.018670624 0.052663546 0.019870024 -0.057678666 -0.001223644 0.998136699
1403636585813555456.000000 -0.265849203 0.010967925 0.045822326 0.023061011 -0.068389878 0.002381186 0.997389317
1403636585863555584.000000 -0.262759447 0.008026564 0.042863578 0.025961494 -0.068058260 0.003260092 0.997338235
1403636585913555456.000000 -0.272996545 0.009754116 0.037625499 0.029303161 -0.086751491 0.008980763 0.995758474
1403636585963555584.000000 -0.275355309 0.011131147 0.033218320 0.030031273 -0.096404061 0.012572517 0.994809747
1403636586013555456.000000 -0.274564207 0.010107392 0.030346701 0.025678266 -0.109461777 0.012622586 0.993579149
1403636586063555584.000000 -0.276813418 0.010364085 0.027227832 0.018495545 -0.122113943 0.012452289 0.992265642
1403636586113555456.000000 -0.275859475 0.009455549 0.022813221 0.011873879 -0.132323802 0.013119633 0.991048634
1403636586163555584.000000 -0.274432808 0.007191184 0.020519935 0.005767053 -0.142114341 0.015256923 0.989715874
1403636586213555456.000000 -0.272894651 0.004451162 0.015929891 0.003008219 -0.150975600 0.017444633 0.988379002
1403636586263555584.000000 -0.271012306 0.002474045 0.011659514 0.002398716 -0.160631120 0.019276734 0.986823380
1403636586313555456.000000 -0.270904362 0.002280080 0.007662715 0.002014223 -0.170671552 0.021287125 0.985095918
1403636586363555584.000000 -0.271792740 0.001634115 0.003391497 0.001247833 -0.180659890 0.023118138 0.983273089
1403636586413555456.000000 -0.271963835 0.002259672 -0.002064681 0.000872153 -0.190960512 0.026101872 0.981250286
1403636586463555584.000000 -0.271551728 0.002704303 -0.007034589 0.000506957 -0.201499045 0.025576644 0.979154646
1403636586513555456.000000 -0.272020012 0.005787517 -0.011628778 0.001583556 -0.209800437 0.024990587 0.977423549
1403636586563555584.000000 -0.272433639 0.006855202 -0.019081134 0.001855858 -0.215659395 0.024048327 0.976170719
1403636586613555456.000000 -0.271281451 0.009479055 -0.022301942 0.002870379 -0.219182536 0.023526317 0.975395977
1403636586663555584.000000 -0.269596189 0.014153781 -0.023571068 0.003395176 -0.219549060 0.024343997 0.975291848
1403636586713555456.000000 -0.267591655 0.018416967 -0.024099279 0.004154466 -0.217414901 0.024624171 0.975759864
1403636586763555584.000000 -0.266582727 0.021371618 -0.023445804 0.005795982 -0.213197440 0.025724240 0.976653218
1403636586813555456.000000 -0.263390690 0.028162099 -0.022044316 0.008427577 -0.209648222 0.025930269 0.977396727
1403636586863555584.000000 -0.262011826 0.031353805 -0.020136647 0.009692787 -0.206613839 0.025315559 0.978047073
1403636586913555456.000000 -0.262600303 0.032682553 -0.018126607 0.011209772 -0.202988818 0.023076264 0.978844941
1403636586963555584.000000 -0.261459321 0.033590693 -0.015811754 0.013409191 -0.201527640 0.022147609 0.979140580
1403636587013555456.000000 -0.261058062 0.033884760 -0.013230741 0.015749998 -0.199853033 0.019158054 0.979512036
1403636587063555584.000000 -0.260234535 0.035782866 -0.009517348 0.017584184 -0.200367197 0.018132469 0.979395270
1403636587113555456.000000 -0.259326667 0.037654642 -0.006386451 0.019405875 -0.202894196 0.016224425 0.978873909
1403636587163555584.000000 -0.258454084 0.039624494 -0.004141936 0.019502157 -0.205270171 0.014940907 0.978396952
1403636587213555456.000000 -0.258407831 0.043194856 -0.001026221 0.020519203 -0.206262305 0.014390421 0.978175759
1403636587263555584.000000 -0.257491827 0.047774334 0.001932733 0.019786660 -0.207701609 0.014817917 0.977879882
1403636587313555456.000000 -0.256358057 0.056470055 0.006636465 0.018777620 -0.208421856 0.015814595 0.977730870
1403636587363555584.000000 -0.255606353 0.065904602 0.010498344 0.017635943 -0.209223330 0.016632646 0.977567375
1403636587413555456.000000 -0.254883051 0.076503716 0.014358240 0.016529346 -0.210080668 0.017836217 0.977381587
1403636587463555584.000000 -0.254246831 0.089114726 0.017735645 0.015522486 -0.211219609 0.019836221 0.977114141
1403636587513555456.000000 -0.253616482 0.103085592 0.021046419 0.014707986 -0.212329835 0.021949003 0.976840854
1403636587563555584.000000 -0.252917588 0.118750684 0.024011686 0.013763908 -0.212984443 0.023706624 0.976670980
1403636587613555456.000000 -0.251858324 0.135606423 0.026940584 0.011792907 -0.212582633 0.025569858 0.976737320
1403636587663555584.000000 -0.250355870 0.152714252 0.029847980 0.009625851 -0.210415319 0.027503414 0.977177799
1403636587713555456.000000 -0.248325855 0.171725228 0.033180334 0.006707523 -0.207136706 0.029781153 0.977835655
1403636587763555584.000000 -0.246549502 0.189844996 0.036186650 0.003396156 -0.203397870 0.032610729 0.978547096
1403636587813555456.000000 -0.244898885 0.208887249 0.039638788 -0.000378488 -0.200681150 0.034471486 0.979049921
1403636587863555584.000000 -0.244716242 0.226584181 0.042052530 0.003776514 0.199730948 -0.036580842 -0.979160428
1403636587913555456.000000 -0.244728878 0.247625038 0.045591474 -0.006883922 -0.200933620 0.037818644 0.978850424
1403636587963555584.000000 -0.246315777 0.264094323 0.047456950 -0.011462133 -0.204482049 0.038501997 0.978045762
1403636588013555456.000000 -0.247716069 0.282468289 0.050386280 -0.016789237 -0.209548458 0.038039394 0.976913869
1403636588063555584.000000 -0.249945462 0.296370089 0.052004196 -0.020898622 -0.214215830 0.039848078 0.975749493
1403636588113555456.000000 -0.252171874 0.308265895 0.054050252 -0.021791950 -0.217924431 0.041277554 0.974848807
1403636588163555584.000000 -0.254190803 0.318794936 0.055441774 -0.022471359 -0.219760805 0.040773805 0.974442303
1403636588213555456.000000 -0.256056339 0.330281526 0.057614259 -0.022013418 -0.219794139 0.040390387 0.974461198
1403636588263555584.000000 -0.257753730 0.336768389 0.058826685 -0.021261934 -0.218845770 0.040827446 0.974673092
1403636588313555456.000000 -0.259041727 0.341046959 0.059675585 0.020023385 0.217155978 -0.041894272 -0.975031912
1403636588363555584.000000 -0.260162562 0.343382746 0.060159173 0.018351821 0.215288699 -0.042411573 -0.975456476
1403636588413555456.000000 -0.261085331 0.343830258 0.060011365 0.017847400 0.213671207 -0.043744370 -0.975762546
1403636588463555584.000000 -0.261704326 0.342437088 0.059499055 0.017874230 0.213139266 -0.044462748 -0.975845933
1403636588513555456.000000 -0.261576951 0.339309424 0.058170818 0.019582402 0.213656798 -0.043383073 -0.975748539
1403636588563555584.000000 -0.260392159 0.334084958 0.056395784 0.020628009 0.213580951 -0.042566672 -0.975779653
1403636588613555456.000000 -0.259094387 0.326381952 0.053969782 0.020459453 0.213184938 -0.042674582 -0.975865006
1403636588663555584.000000 -0.257916898 0.316909760 0.051225990 0.019593323 0.212731898 -0.042345256 -0.975995958
1403636588713555456.000000 -0.257910848 0.304520488 0.047778018 -0.017506339 -0.213233128 0.042828772 0.975905180
1403636588763555584.000000 -0.258243024 0.291713834 0.044732243 -0.014947540 -0.214652121 0.041646555 0.975687742
1403636588813555456.000000 -0.258966953 0.276469648 0.041354142 -0.012776315 -0.216142312 0.040981930 0.975417793
1403636588863555584.000000 -0.259689808 0.260492176 0.038558919 -0.010449959 -0.216900006 0.040853772 0.975282609
1403636588913555456.000000 -0.259848744 0.242512256 0.035664715 -0.007629997 -0.216836810 0.040796854 0.975325227
1403636588963555584.000000 -0.259528935 0.223713353 0.032142557 -0.004873935 -0.216065452 0.039889865 0.975551605
1403636589013555456.000000 -0.258703947 0.202886745 0.027894035 -0.001876564 -0.214266524 0.038836218 0.976001084
1403636589063555584.000000 -0.257461637 0.182244450 0.023526231 0.001457588 -0.211677924 0.037685078 0.976611614
1403636589113555456.000000 -0.255815029 0.161381975 0.019002555 -0.004611050 0.208982319 -0.035767391 -0.977254212
1403636589163555584.000000 -0.253952324 0.136003345 0.014322794 0.006919465 -0.206599623 0.034728538 0.977784574
1403636589213555456.000000 -0.252040744 0.113243714 0.010241617 0.009139553 -0.205268562 0.033923913 0.978074908
1403636589263555584.000000 -0.250912189 0.090579875 0.006218223 -0.011217713 0.205397785 -0.032924227 -0.978060365
1403636589313555456.000000 -0.250331134 0.066841803 0.002191345 -0.014011695 0.206978172 -0.031454060 -0.977739453
1403636589363555584.000000 -0.250719786 0.042788710 -0.001090799 -0.016744472 0.209140986 -0.030187143 -0.977276027
1403636589413555456.000000 -0.250472277 0.018105246 -0.004699653 0.018904008 -0.210886285 0.027787136 0.976932704
1403636589463555584.000000 -0.250903755 -0.005376261 -0.007714621 0.020233346 -0.211244062 0.025804592 0.976883173
1403636589513555456.000000 -0.252537966 -0.030243134 -0.011592072 0.021589002 -0.209888250 0.025036164 0.977166355
1403636589563555584.000000 -0.253683507 -0.053647231 -0.014744793 0.023496024 -0.208579361 0.024740668 0.977410138
1403636589613555456.000000 -0.254949838 -0.077341147 -0.018042542 0.024736529 -0.207194492 0.023646636 0.977701128
1403636589663555584.000000 -0.256261438 -0.100201011 -0.020926079 0.026338024 -0.205948383 0.022665955 0.977945745
1403636589713555456.000000 -0.257881999 -0.123885669 -0.024469517 0.027830863 -0.205235347 0.021870393 0.978072464
1403636589763555584.000000 -0.260113150 -0.146078527 -0.027021404 0.031268075 -0.205627993 0.021686729 0.977890134
1403636589813555456.000000 -0.262570620 -0.168609768 -0.030127252 0.035209026 -0.207609475 0.020911327 0.977354288
1403636589863555584.000000 -0.265469819 -0.187671840 -0.032042317 0.039119996 -0.210858718 0.019781305 0.976533175
1403636589913555456.000000 -0.268628508 -0.205244943 -0.034087829 0.043574180 -0.213706553 0.019008610 0.975740492
1403636589963555584.000000 -0.271506280 -0.221163452 -0.035401374 0.048249237 -0.215560779 0.019468453 0.975103378
1403636590013555456.000000 -0.274241805 -0.238022909 -0.037775382 0.052635320 -0.215319380 0.019653020 0.974926114
1403636590063555584.000000 -0.275016785 -0.249750972 -0.038573749 0.055894531 -0.212719128 0.019342804 0.975321651
1403636590113555456.000000 -0.275330365 -0.260594964 -0.040901907 0.058918074 -0.209190831 0.019150985 0.975910425
1403636590163555584.000000 -0.275017560 -0.267244458 -0.041493550 0.061826069 -0.205820456 0.019587543 0.976438344
1403636590213555456.000000 -0.274437606 -0.270587713 -0.041976254 -0.063125551 0.203594476 -0.019163862 -0.976830244
1403636590263555584.000000 -0.273702115 -0.271979928 -0.044654608 0.063261643 -0.202871114 0.018229404 0.976989746
1403636590313555456.000000 -0.273280352 -0.269094914 -0.045351580 0.062458731 -0.203744024 0.016878529 0.976884067
1403636590363555584.000000 -0.272689968 -0.262754798 -0.045720827 -0.060176019 0.204815716 -0.016473204 -0.976810157
1403636590413555456.000000 -0.272578418 -0.252644032 -0.044618674 -0.057615124 0.205543786 -0.015718978 -0.976824105
1403636590463555584.000000 -0.271405905 -0.241606846 -0.045727167 -0.053861421 0.205340728 -0.015368626 -0.977086484
1403636590513555456.000000 -0.269675136 -0.227504969 -0.046639055 -0.050506998 0.204160482 -0.014472622 -0.977526546
1403636590563555584.000000 -0.266800582 -0.211490154 -0.050366670 0.046573907 -0.202594638 0.013655324 0.978059292
1403636590613555456.000000 -0.264734924 -0.194195554 -0.051529717 0.043690797 -0.201048553 0.013377450 0.978515089
1403636590663555584.000000 -0.263535768 -0.174030989 -0.050220914 0.040295791 -0.200210109 0.013516084 0.978830695
1403636590713555456.000000 -0.262471288 -0.153976575 -0.049423017 0.037227195 -0.200501055 0.013774817 0.978889048
1403636590763555584.000000 -0.261989623 -0.132376283 -0.047893040 0.034170706 -0.202049881 0.015172285 0.978661358
1403636590813555456.000000 -0.262074769 -0.110923842 -0.045776475 0.033081081 -0.204775602 0.017011259 0.978101850
1403636590863555584.000000 -0.262611002 -0.087421536 -0.042636395 0.031701058 -0.207886025 0.019076310 0.977453172
1403636590913555456.000000 -0.262965560 -0.064269848 -0.039638110 0.030186243 -0.210574314 0.020173993 0.976903379
1403636590963555584.000000 -0.263340622 -0.040000923 -0.036455616 0.028476965 -0.211823627 0.020463102 0.976678610
1403636591013555456.000000 -0.263618588 -0.016669871 -0.032937758 0.028100571 -0.211893260 0.020739475 0.976668596
1403636591063555584.000000 -0.263990402 0.006646430 -0.028826499 0.028870843 -0.211030915 0.021675279 0.976812541
1403636591113555456.000000 -0.263723999 0.028878223 -0.025148526 0.029659783 -0.210482806 0.022540206 0.976887524
1403636591163555584.000000 -0.263744652 0.050366316 -0.021225937 -0.029479479 0.210528240 -0.024206264 -0.976843417
1403636591213555456.000000 -0.263047308 0.071409844 -0.017629333 -0.028915564 0.211358473 -0.024980165 -0.976661384
1403636591263555584.000000 -0.264221758 0.091393210 -0.012749949 0.027755011 -0.212598115 0.026086571 0.976397097
1403636591313555456.000000 -0.265551984 0.109293401 -0.008773154 0.025933677 -0.214064851 0.026539503 0.976114392
1403636591363555584.000000 -0.267344952 0.124606594 -0.005021207 0.023480210 -0.215487942 0.027503086 0.975836694
1403636591413555456.000000 -0.269886434 0.137934595 -0.001478049 0.021316301 -0.216093078 0.028570270 0.975721896
1403636591463555584.000000 -0.272735953 0.149290010 0.002672912 0.020034442 -0.216179520 0.029913312 0.975689650
1403636591513555456.000000 -0.275569797 0.159428135 0.007039758 0.017351126 -0.215180129 0.029797457 0.975965500
1403636591563555584.000000 -0.278399289 0.168596312 0.011920888 0.011453342 -0.211589366 0.030413812 0.976818204
1403636591613555456.000000 -0.280774593 0.176484957 0.016974639 0.003381155 -0.205448002 0.031408653 0.978158057
1403636591663555584.000000 -0.282713920 0.182184085 0.021992952 -0.003477571 -0.196257994 0.031948216 0.980025589
1403636591713555456.000000 -0.283803284 0.186450124 0.026225699 -0.008964282 -0.185879812 0.031319585 0.982032299
1403636591763555584.000000 -0.283828378 0.189708397 0.029815752 -0.014586397 -0.175448209 0.030268842 0.983915150
1403636591813555456.000000 -0.282735497 0.192884564 0.033305250 -0.020535359 -0.164782643 0.030024899 0.985658944
1403636591863555584.000000 -0.281327903 0.195618436 0.036588170 -0.025501382 -0.156046003 0.030504601 0.986949325
1403636591913555456.000000 -0.279803276 0.198459610 0.039865438 -0.030426348 -0.150598869 0.031858537 0.987612963
1403636591963555584.000000 -0.278164297 0.201617971 0.042921245 -0.034318425 -0.150422543 0.035436306 0.987390280
1403636592013555456.000000 -0.277022302 0.205857962 0.047945902 -0.038642615 -0.153917998 0.038488850 0.986577272
1403636592063555584.000000 -0.275630504 0.211507797 0.055055734 -0.044059400 -0.157560214 0.042504046 0.985609949
1403636592113555456.000000 -0.274153739 0.217513412 0.063566767 -0.049323108 -0.161086336 0.046186440 0.984624445
1403636592163555584.000000 -0.272420794 0.224200413 0.073297001 -0.054137893 -0.165196538 0.049775023 0.983515024
1403636592213555456.000000 -0.270596921 0.230430201 0.083917975 -0.057677306 -0.169892311 0.052090079 0.982393324
1403636592263555584.000000 -0.267949104 0.236266285 0.095443085 -0.059594654 -0.174356088 0.053434897 0.981424093
1403636592313555456.000000 -0.264977187 0.240360826 0.107802466 -0.059468482 -0.178412646 0.054129638 0.980664253
1403636592363555584.000000 -0.261622012 0.242874265 0.121880002 -0.057636604 -0.181842327 0.056727499 0.979996681
1403636592413555456.000000 -0.257443011 0.242752671 0.136129111 -0.053429883 -0.184566602 0.057215005 0.979697406
1403636592463555584.000000 -0.252773672 0.240593135 0.151978821 -0.048097122 -0.184872121 0.056868542 0.979936182
1403636592513555456.000000 -0.247054085 0.235607833 0.167489275 -0.040922381 -0.182381541 0.054889239 0.980841279
1403636592563555584.000000 -0.241595387 0.228699803 0.184731200 -0.033150494 -0.177903891 0.051509816 0.982139587
1403636592613555456.000000 -0.236307919 0.218917400 0.200061545 -0.024331002 -0.172911808 0.047105089 0.983509421
1403636592663555584.000000 -0.232037827 0.207826570 0.216470480 -0.015654732 -0.169211924 0.041829403 0.984567225
1403636592713555456.000000 -0.227805793 0.193467513 0.230512112 -0.006301247 -0.166803628 0.037067011 0.985273004
1403636592763555584.000000 -0.224597543 0.176665366 0.243886903 0.005172911 -0.165895000 0.032579660 0.985591590
1403636592813555456.000000 -0.221722871 0.156485870 0.254015595 0.018404098 -0.166196913 0.029156957 0.985489666
1403636592863555584.000000 -0.220443770 0.133629441 0.262515903 0.033531681 -0.167942718 0.026465464 0.984870791
1403636592913555456.000000 -0.220605150 0.108120352 0.267005473 0.048145242 -0.170562208 0.023022600 0.983900726
1403636592963555584.000000 -0.221929640 0.081198871 0.268966079 0.062359840 -0.173342958 0.019779548 0.982686281
1403636593013555456.000000 -0.223968342 0.051745914 0.265622079 0.077085800 -0.176147416 0.016235266 0.981206596
1403636593063555584.000000 -0.226108909 0.021497121 0.258994192 0.090875141 -0.178716660 0.012398159 0.979616463
1403636593113555456.000000 -0.229098782 -0.009056684 0.248510063 0.103884190 -0.180275127 0.007224215 0.978088319
1403636593163555584.000000 -0.232482731 -0.039471477 0.233973637 0.117139108 -0.181297258 0.005151785 0.976413429
1403636593213555456.000000 -0.236245334 -0.068948105 0.216924950 0.128649101 -0.181851208 0.005278529 0.974859834
1403636593263555584.000000 -0.240789354 -0.096772134 0.197162896 0.140102983 -0.182350814 0.006921813 0.973175943
1403636593313555456.000000 -0.245853916 -0.120916680 0.175984383 0.147992045 -0.184346110 0.007091319 0.971629918
1403636593363555584.000000 -0.251037866 -0.142709494 0.151632041 0.152503282 -0.186870277 0.006193527 0.970455587
1403636593413555456.000000 -0.258216292 -0.158158779 0.128706113 0.154981375 -0.188864321 0.005518325 0.969680727
1403636593463555584.000000 -0.266360104 -0.168819174 0.104596831 0.154355198 -0.190181077 0.004024998 0.969530523
1403636593513555456.000000 -0.275390714 -0.174300328 0.081594832 0.150807157 -0.191800237 0.004274266 0.969768882
1403636593563555584.000000 -0.284666747 -0.175834954 0.058837764 0.146602258 -0.194241837 0.006784848 0.969913363
1403636593613555456.000000 -0.294696510 -0.173009157 0.037600726 0.140449032 -0.197979510 0.010349789 0.970036626
1403636593663555584.000000 -0.304695457 -0.165579870 0.015713189 0.133374214 -0.202534705 0.015449054 0.970027030
1403636593713555456.000000 -0.314517647 -0.154611140 -0.003785849 0.123130523 -0.207278833 0.020393092 0.970287919
1403636593763555584.000000 -0.323159397 -0.139540076 -0.023343140 0.109607078 -0.210786089 0.026910003 0.970995069
1403636593813555456.000000 -0.331427664 -0.121012256 -0.040327612 0.093437411 -0.211999416 0.033398800 0.972219229
1403636593863555584.000000 -0.338302314 -0.099651434 -0.056942336 0.075191036 -0.210143268 0.041138772 0.973906457
1403636593913555456.000000 -0.343352377 -0.075960591 -0.070518449 0.055750530 -0.205964550 0.048725683 0.975754261
1403636593963555584.000000 -0.347189367 -0.050327569 -0.083423451 0.035392001 -0.200469047 0.055552404 0.977483273
1403636594013555456.000000 -0.349274307 -0.023219986 -0.092962004 0.015063030 -0.195050314 0.061250538 0.978762984
1403636594063555584.000000 -0.350635976 0.004784047 -0.100215785 -0.005225144 -0.190828502 0.066789247 0.979334712
1403636594113555456.000000 -0.350746125 0.033140507 -0.103387266 -0.023404507 -0.188504487 0.072622202 0.979103863
1403636594163555584.000000 -0.350696266 0.061550051 -0.102832064 -0.040114984 -0.188147828 0.078235470 0.978197575
1403636594213555456.000000 -0.349641830 0.090269357 -0.097813174 -0.054443732 -0.188902140 0.081851684 0.977063060
1403636594263555584.000000 -0.347984284 0.118720837 -0.088656820 -0.066648953 -0.189701840 0.083997332 0.975969076
1403636594313555456.000000 -0.344772011 0.147009984 -0.075522177 -0.076440424 -0.190331683 0.084113166 0.975118339
1403636594363555584.000000 -0.340573251 0.174518242 -0.059091590 0.084862143 0.189992145 -0.083050095 -0.974578977
1403636594413555456.000000 -0.334773332 0.201313615 -0.038778327 -0.091225401 -0.187551931 0.080911443 0.974656641
1403636594463555584.000000 -0.328745991 0.225904047 -0.016858499 -0.095395640 -0.183475509 0.077442236 0.975314915
1403636594513555456.000000 -0.322091669 0.248150766 0.006880790 0.097162686 0.178054452 -0.074117631 -0.976402938
1403636594563555584.000000 -0.314988971 0.265228570 0.031526774 -0.098034680 -0.172109485 0.074406438 0.977359354
1403636594613555456.000000 -0.308030605 0.277845263 0.055913523 -0.097026765 -0.167449757 0.074654497 0.978250086
1403636594663555584.000000 -0.301042825 0.286247671 0.081773043 -0.095223293 -0.163751453 0.075744651 0.978969276
1403636594713555456.000000 -0.294589013 0.286359131 0.104192071 -0.091872655 -0.161257759 0.074893527 0.979768574
1403636594763555584.000000 -0.289124399 0.280416548 0.126698285 -0.085455254 -0.159290910 0.073333621 0.980788529
1403636594813555456.000000 -0.284874409 0.266917586 0.146306738 -0.075577728 -0.157296762 0.069561593 0.982195020
1403636594863555584.000000 -0.281054407 0.247667968 0.165965438 -0.064121962 -0.155297190 0.064991213 0.983639836
1403636594913555456.000000 -0.277805984 0.221365109 0.180895209 -0.050366487 -0.153003946 0.057942435 0.985238910
1403636594963555584.000000 -0.275428116 0.190140545 0.194327563 -0.034094829 -0.151314408 0.049882609 0.986637354
1403636595013555456.000000 -0.273885816 0.153613210 0.202014238 -0.013957959 -0.149898171 0.043222290 0.987657607
1403636595063555584.000000 -0.273736805 0.114740208 0.207530171 0.006352431 -0.150358617 0.035378583 0.987977922
1403636595113555456.000000 -0.274701893 0.074573755 0.208411053 0.026779741 -0.152442709 0.028944947 0.987525344
1403636595163555584.000000 -0.276809543 0.035197213 0.207284585 0.045800209 -0.154970065 0.023184404 0.986584604
1403636595213555456.000000 -0.279372364 -0.002545712 0.202121794 0.064470984 -0.157910720 0.019463267 0.985154271
1403636595263555584.000000 -0.282942057 -0.036371950 0.195024863 0.081915721 -0.160497546 0.015653087 0.983506680
1403636595313555456.000000 -0.286932200 -0.065977640 0.184267849 0.096883193 -0.163152263 0.012064024 0.981758356
1403636595363555584.000000 -0.292030901 -0.090151384 0.171131372 0.108278595 -0.165194109 0.008797133 0.980259836
1403636595413555456.000000 -0.296587437 -0.107363209 0.156997964 0.116089396 -0.166655004 0.007099085 0.979131758
1403636595463555584.000000 -0.301437169 -0.117974281 0.142059922 0.121456660 -0.168061376 0.005382475 0.978250921
1403636595513555456.000000 -0.306644946 -0.120848522 0.127380058 0.123927973 -0.170130908 0.005386483 0.977582872
1403636595563555584.000000 -0.311811149 -0.118027695 0.111282527 0.125489116 -0.172432825 0.003829517 0.976987600
1403636595613555456.000000 -0.317546666 -0.107354410 0.096964121 0.124614060 -0.174813226 0.003403901 0.976678133
1403636595663555584.000000 -0.323571593 -0.091658629 0.081670865 0.120834254 -0.177005410 0.002646955 0.976760566
1403636595713555456.000000 -0.329846084 -0.070342906 0.068684302 0.113635503 -0.178364426 0.003586989 0.977374196
1403636595763555584.000000 -0.336398840 -0.045696020 0.055159111 0.103259914 -0.178931579 0.003009309 0.978423178
1403636595813555456.000000 -0.343068480 -0.017165750 0.043767519 0.088777833 -0.178810433 0.003887189 0.979862392
1403636595863555584.000000 -0.349990785 0.012105238 0.031935491 0.073312722 -0.178513065 0.005298872 0.981188178
1403636595913555456.000000 -0.356973648 0.041941095 0.021036487 0.057288546 -0.178853050 0.009136749 0.982164025
1403636595963555584.000000 -0.363795429 0.070916653 0.009090656 0.041762881 -0.179985195 0.012643510 0.982701123
1403636596013555456.000000 -0.370346963 0.096794397 -0.003973330 0.026199535 -0.182420179 0.016043605 0.982740581
1403636596063555584.000000 -0.376558244 0.118111543 -0.019055819 -0.011074998 0.184896514 -0.020680821 -0.982478023
1403636596113555456.000000 -0.382345051 0.133696631 -0.034765553 -0.002121467 -0.187162101 0.025670784 0.981991291
1403636596163555584.000000 -0.387338728 0.142313242 -0.051304027 -0.011281994 -0.188601568 0.030143308 0.981526136
1403636596213555456.000000 -0.390999407 0.144180804 -0.068017840 -0.017171632 -0.188415691 0.033815119 0.981356859
1403636596263555584.000000 -0.393175036 0.138264760 -0.086164713 -0.020007176 -0.187420651 0.037687454 0.981352568
1403636596313555456.000000 -0.394749433 0.128038704 -0.105322607 -0.021119833 -0.185568005 0.040626947 0.981564045
1403636596363555584.000000 -0.394520849 0.112554260 -0.126393497 -0.022507899 -0.183396101 0.041787695 0.981892645
1403636596413555456.000000 -0.394183367 0.095362186 -0.147796333 -0.023153437 -0.180726260 0.040740155 0.982416511
1403636596463555584.000000 -0.393456906 0.076384582 -0.169857249 -0.022380799 -0.177735329 0.038662009 0.983063877
1403636596513555456.000000 -0.393591404 0.058280870 -0.189745605 -0.020914005 -0.174921513 0.035732076 0.983711541
1403636596563555584.000000 -0.392876148 0.040607400 -0.207797572 -0.019147811 -0.172794998 0.032478027 0.984236002
1403636596613555456.000000 -0.393595427 0.024928287 -0.222772822 -0.018985897 -0.172740117 0.030660840 0.984306991
1403636596663555584.000000 -0.393544257 0.010897094 -0.234710082 -0.018534116 -0.174015179 0.029933069 0.984113455
1403636596713555456.000000 -0.394680053 0.000316125 -0.241919100 -0.017533386 -0.175370634 0.029131206 0.983915210
1403636596763555584.000000 -0.394654244 -0.007099778 -0.244268924 -0.016168533 -0.175248995 0.026594728 0.984032094
1403636596813555456.000000 -0.394205779 -0.010802170 -0.240916058 0.015701422 0.172806859 -0.024877623 -0.984516323
1403636596863555584.000000 -0.392399818 -0.011269105 -0.231975928 0.015795561 0.169801444 -0.021299992 -0.985121429
1403636596913555456.000000 -0.389590710 -0.009250367 -0.217690155 0.016439341 0.167017013 -0.019220674 -0.985629618
1403636596963555584.000000 -0.385719866 -0.005070583 -0.198893651 -0.017560050 -0.166840181 0.015740927 0.985701919
1403636597013555456.000000 -0.380602777 0.000573943 -0.175083935 -0.018662050 -0.169237465 0.015369266 0.985278726
1403636597063555584.000000 -0.375135541 0.007223613 -0.148161471 -0.018710798 -0.174597144 0.014011890 0.984362483
1403636597113555456.000000 -0.368611753 0.014238529 -0.118519366 -0.016157864 -0.180478141 0.014424417 0.983340561
1403636597163555584.000000 -0.360889554 0.021490777 -0.087524027 -0.011208867 -0.185497686 0.012620529 0.982499778
1403636597213555456.000000 -0.350903511 0.028755253 -0.054954614 -0.004835802 -0.188516408 0.010627497 0.982000709
1403636597263555584.000000 -0.339084387 0.035628561 -0.021952558 -0.002043472 0.189129874 -0.007716269 -0.981919706
1403636597313555456.000000 -0.327247441 0.040865086 0.010733144 0.009436024 -0.187813208 0.003856321 0.982151926
1403636597363555584.000000 -0.314554930 0.044583146 0.043872304 0.017600819 -0.185474336 0.001267644 0.982490659
1403636597413555456.000000 -0.302835405 0.046878934 0.075863272 -0.025300521 0.183263063 0.003683221 -0.982731402
1403636597463555584.000000 -0.292225689 0.047682885 0.106372125 0.033988018 -0.181261092 -0.007805519 0.982816577
1403636597513555456.000000 -0.283048183 0.046027660 0.133116022 0.043693896 -0.178969994 -0.013111928 0.982796431
1403636597563555584.000000 -0.276049554 0.041495256 0.155562237 0.054921318 -0.175911143 -0.015591483 0.982749164
1403636597613555456.000000 -0.271245748 0.034368087 0.172591269 0.067216240 -0.171821401 -0.016667310 0.982691050
1403636597663555584.000000 -0.268810362 0.024821995 0.184062049 0.079683587 -0.167315781 -0.017260166 0.982526422
1403636597713555456.000000 -0.268445522 0.013656707 0.189427286 0.091234140 -0.162709638 -0.018023487 0.982281566
1403636597763555584.000000 -0.269457787 0.001509201 0.188858092 0.100554243 -0.158337519 -0.019507064 0.982057869
1403636597813555456.000000 -0.272148162 -0.010135525 0.182864338 0.108112320 -0.154174298 -0.021271367 0.981880605
1403636597863555584.000000 -0.275936484 -0.020714737 0.172254294 0.113156922 -0.151062444 -0.024649994 0.981716931
1403636597913555456.000000 -0.281259745 -0.029162057 0.157844439 0.117961094 -0.149176836 -0.028675623 0.981330276
1403636597963555584.000000 -0.286860019 -0.036479034 0.142234281 0.120581880 -0.149446875 -0.032617185 0.980847478
1403636598013555456.000000 -0.294421703 -0.041437842 0.122961938 0.122585699 -0.151462764 -0.035760812 0.980180025
1403636598063555584.000000 -0.302235663 -0.045105968 0.102353953 0.123098835 -0.155127168 -0.037191819 0.979489207
1403636598113555456.000000 -0.312012106 -0.046879955 0.081450075 0.123526856 -0.161017805 -0.036831412 0.978497744
1403636598163555584.000000 -0.322462648 -0.046626803 0.061361164 -0.121888705 0.168692380 0.037576072 -0.977381289
1403636598213555456.000000 -0.333313882 -0.044432774 0.043011487 0.119104549 -0.178160831 -0.038325537 0.976014376
1403636598263555584.000000 -0.344462782 -0.041132677 0.028181126 0.116237298 -0.187451527 -0.041066218 0.974507272
1403636598313555456.000000 -0.355143934 -0.036710359 0.016982064 0.112710811 -0.194646135 -0.041941166 0.973473251
1403636598363555584.000000 -0.364228934 -0.031368062 0.010877056 0.108385593 -0.199127123 -0.044681635 0.972936034
1403636598413555456.000000 -0.372672051 -0.025549065 0.009359937 0.103796244 -0.201169312 -0.045551252 0.972976089
1403636598463555584.000000 -0.379324526 -0.019834369 0.013400681 0.101428486 -0.200906053 -0.047385447 0.973192573
1403636598513555456.000000 -0.384633183 -0.014219470 0.021629121 0.100722633 -0.198125005 -0.047419738 0.973834097
1403636598563555584.000000 -0.387482017 -0.009448038 0.034624733 0.103384815 -0.192851365 -0.047741465 0.974597752
1403636598613555456.000000 -0.389605939 -0.004761038 0.050213598 0.106743105 -0.185643420 -0.046728700 0.975683808
1403636598663555584.000000 -0.390644699 -0.000978742 0.068484038 0.111683965 -0.177603409 -0.046248674 0.976649821
1403636598713555456.000000 -0.392888814 0.002580968 0.087574504 0.117746770 -0.168088466 -0.045152172 0.977672398
1403636598763555584.000000 -0.395907700 0.005260242 0.107454211 0.124861665 -0.157095477 -0.043927774 0.978673041
1403636598813555456.000000 -0.400551975 0.008051811 0.126632586 0.130827546 -0.145716593 -0.041834317 0.979745269
1403636598863555584.000000 -0.406240404 0.010684045 0.145528346 0.134760350 -0.133762836 -0.039726216 0.981004119
1403636598913555456.000000 -0.413094491 0.013417945 0.163394660 0.136513278 -0.123204537 -0.037146121 0.982244909
1403636598963555584.000000 -0.420419306 0.016082652 0.180246845 0.136457354 -0.113959774 -0.037216578 0.983365417
1403636599013555456.000000 -0.428280473 0.018198667 0.195080519 0.137443736 -0.106211670 -0.037088871 0.984099984
1403636599063555584.000000 -0.434852481 0.019572135 0.208018765 0.139709041 -0.097603515 -0.034751989 0.984757483
1403636599113555456.000000 -0.440432072 0.020671755 0.218931004 0.143872097 -0.088033535 -0.031772532 0.985160649
1403636599163555584.000000 -0.444307476 0.021555372 0.228060722 0.148450106 -0.075732805 -0.027837873 0.985622764
1403636599213555456.000000 -0.447001785 0.022014309 0.236105531 0.149158433 -0.059636552 -0.026617946 0.986654341
1403636599263555584.000000 -0.449196160 0.022261202 0.244303331 0.149573877 -0.043964084 -0.022829445 0.987508833
1403636599313555456.000000 -0.451419771 0.022388980 0.251527280 0.149565488 -0.030651568 -0.019671330 0.988080859
1403636599363555584.000000 -0.454080015 0.022670023 0.258623302 0.148276180 -0.021110695 -0.017586375 0.988564312
1403636599413555456.000000 -0.457262337 0.022736158 0.265029371 0.145490780 -0.015234088 -0.018359888 0.989071965
1403636599463555584.000000 -0.460924596 0.023119936 0.270915300 0.141691044 -0.012822993 -0.020076456 0.989624321
1403636599513555456.000000 -0.464144737 0.022991054 0.274965048 0.137223944 -0.014188431 -0.018558031 0.990264654
1403636599563555584.000000 -0.467817813 0.023415357 0.278992057 0.133156002 -0.017119749 -0.017105641 0.990799606
1403636599613555456.000000 -0.471605122 0.023722559 0.282297134 0.130606830 -0.020586470 -0.016210599 0.991087914
1403636599663555584.000000 -0.475618094 0.024567829 0.284488142 0.128461555 -0.022983965 -0.016772849 0.991306305
1403636599713555456.000000 -0.478640497 0.025268931 0.286274016 0.127994433 -0.021651229 -0.015681611 0.991414547
1403636599763555584.000000 -0.478819609 0.026597289 0.285955250 0.129429519 -0.012319172 -0.015522455 0.991390586
1403636599813555456.000000 -0.478833973 0.027525159 0.285683841 -0.129398778 0.004187495 0.014389383 -0.991479456
1403636599863555584.000000 -0.479196221 0.028253166 0.285584688 0.129601389 0.002050339 -0.012880715 0.991480410
1403636599913555456.000000 -0.479837954 0.029158307 0.284985811 0.130535021 0.004083199 -0.011239596 0.991371632
1403636599963555584.000000 -0.480861187 0.029686159 0.285112172 -0.129366577 -0.003123346 0.009653560 -0.991544962
1403636600013555456.000000 -0.480833143 0.030212196 0.285356194 0.128683820 0.002472270 -0.008623761 0.991645157
1403636600063555584.000000 -0.481695771 0.031241538 0.285721958 0.129555717 0.002472160 -0.006193761 0.991549730
1403636600113555456.000000 -0.481676519 0.031864118 0.285489082 0.130464435 0.005645886 -0.003552988 0.991430581
1403636600163555584.000000 -0.481646478 0.032418188 0.285258144 0.130132765 0.006380457 -0.004970216 0.991463602
1403636600213555456.000000 -0.482116371 0.032046787 0.284960836 0.130567014 0.006027881 -0.003652795 0.991414428
1403636600263555584.000000 -0.481838256 0.031988282 0.285012513 0.130781651 0.006003493 -0.003463320 0.991386950
1403636600313555456.000000 -0.481750160 0.031920128 0.284889609 0.130954683 0.005949610 -0.002980841 0.991366088
1403636600363555584.000000 -0.481634498 0.031836189 0.284924150 0.131066486 0.006022988 -0.002399819 0.991352379
1403636600413555456.000000 -0.481606513 0.031849854 0.285127729 0.131174833 0.006021526 -0.002432849 0.991338015
1403636600463555584.000000 -0.481610328 0.031753760 0.285139829 0.131367370 0.005946245 -0.001821956 0.991314232
1403636600513555456.000000 -0.481562585 0.031916212 0.285236269 0.131151602 0.006183536 -0.002065524 0.991340935
1403636600563555584.000000 -0.481577128 0.031899206 0.285401046 0.131167039 0.006049302 -0.002502277 0.991338670
1403636600613555456.000000 -0.481814951 0.031611040 0.284872025 0.131297782 0.006046094 -0.001908658 0.991322756
1403636600663555584.000000 -0.481814265 0.031706020 0.284812659 0.131195918 0.005968759 -0.002083499 0.991336346
1403636600713555456.000000 -0.481668442 0.031856857 0.284956962 0.131225958 0.005870244 -0.002079496 0.991332948
1403636600763555584.000000 -0.481624752 0.031791698 0.285030097 0.131331429 0.005868337 -0.001786758 0.991319537
1403636600813555456.000000 -0.481631905 0.031846445 0.285084337 0.131163791 0.005911510 -0.002223228 0.991340637
1403636600863555584.000000 -0.481702089 0.031717002 0.285090536 0.131313905 0.005797436 -0.001811799 0.991322279
1403636600913555456.000000 -0.481672853 0.031744063 0.285153478 0.131173685 0.005858702 -0.002169475 0.991339743
1403636600963555584.000000 -0.481658518 0.031668779 0.285126448 0.131272808 0.005758124 -0.001748976 0.991328061
1403636601013555456.000000 -0.481636047 0.031791307 0.285136759 0.131127849 0.005796362 -0.002248445 0.991346061
1403636601063555584.000000 -0.481817752 0.031704444 0.285048485 0.131293654 0.005814814 -0.001893139 0.991324723
1403636601113555456.000000 -0.481811166 0.031770058 0.285029560 0.131154045 0.005847681 -0.002318636 0.991342068
1403636601163555584.000000 -0.481767386 0.031681199 0.285037041 0.131264925 0.005805789 -0.001922728 0.991328478
1403636601213555456.000000 -0.481659442 0.031791169 0.285121918 0.131150350 0.005843559 -0.002287834 0.991342723
1403636601263555584.000000 -0.481645644 0.031757377 0.285204440 0.131283149 0.005777206 -0.001863649 0.991326332
1403636601313555456.000000 -0.481617033 0.031887703 0.285292268 0.131176651 0.005828658 -0.002261143 0.991339386
1403636601363555584.000000 -0.481655121 0.031798422 0.285331011 0.131236702 0.005800274 -0.001930836 0.991332293
1403636601413555456.000000 -0.481650978 0.031838264 0.285373271 0.131176293 0.005823046 -0.002132379 0.991339743
1403636601463555584.000000 -0.481674224 0.031795360 0.285324812 0.131232560 0.005820770 -0.001915536 0.991332710
1403636601513555456.000000 -0.481697768 0.031858929 0.285333812 0.131176308 0.005925068 -0.002052232 0.991339326
1403636601563555584.000000 -0.481807142 0.031722244 0.284970075 0.131217211 0.005830981 -0.001870604 0.991334736
1403636601613555456.000000 -0.481852919 0.031703863 0.284889996 0.131203413 0.005817463 -0.001992987 0.991336405
1403636601663555584.000000 -0.481763184 0.031804964 0.285120040 0.131167963 0.005878054 -0.001948854 0.991340816
1403636601713555456.000000 -0.481769711 0.031824529 0.285123020 0.131201312 0.005855930 -0.001920293 0.991336644
1403636601763555584.000000 -0.481749952 0.031835243 0.285200715 0.131171510 0.005887142 -0.001965060 0.991340339
1403636601813555456.000000 -0.481744438 0.031838413 0.285188198 0.131253392 0.005813530 -0.001897606 0.991330028
1403636601863555584.000000 -0.481689602 0.031830098 0.285168469 0.131190449 0.005863986 -0.001949634 0.991337955
1403636601913555456.000000 -0.481703013 0.031849392 0.285132110 0.131212890 0.005853654 -0.001879311 0.991335213
1403636601963555584.000000 -0.481704056 0.031874944 0.285104424 0.131174386 0.005861457 -0.001996802 0.991339982
1403636602013555456.000000 -0.481697679 0.031858161 0.285074085 0.131204247 0.005899418 -0.001883193 0.991336048
1403636602063555584.000000 -0.481872320 0.031744007 0.284975469 0.131227896 0.005848941 -0.002101250 0.991332829
1403636602113555456.000000 -0.481866777 0.031690117 0.285040647 0.131268933 0.005825943 -0.001881960 0.991327882
1403636602163555584.000000 -0.481835902 0.031812422 0.285010576 0.131191552 0.005699717 -0.002043230 0.991338611
1403636602213555456.000000 -0.481733769 0.031829104 0.285181433 0.131273150 0.005807727 -0.001840308 0.991327524
1403636602263555584.000000 -0.481796771 0.031842988 0.285087079 0.131161973 0.005693523 -0.002102238 0.991342366
1403636602313555456.000000 -0.481842011 0.031719036 0.284813702 0.131329417 0.005791413 -0.002021234 0.991319835
1403636602363555584.000000 -0.481861293 0.031744666 0.284852922 0.131280363 0.005793091 -0.002223042 0.991325915
1403636602413555456.000000 -0.482030272 0.031408221 0.284568757 0.131267160 0.005713871 -0.001932048 0.991328776
1403636602463555584.000000 -0.481770068 0.031768773 0.284797668 0.131261170 0.005842452 -0.002104294 0.991328418
1403636602513555456.000000 -0.481827796 0.031715140 0.284759820 0.131185070 0.005716054 -0.001942875 0.991339564
1403636602563555584.000000 -0.481801718 0.031779498 0.284839690 0.131196350 0.005712832 -0.001935234 0.991338074
1403636602613555456.000000 -0.481777519 0.031824764 0.284929007 0.131208509 0.005684340 -0.001971568 0.991336584
1403636602663555584.000000 -0.481654048 0.032006714 0.285141855 0.131248474 0.005784060 -0.002085410 0.991330445
1403636602713555456.000000 -0.481795937 0.031768072 0.284989059 0.131198898 0.005724786 -0.001934075 0.991337717
1403636602763555584.000000 -0.481673121 0.031928193 0.285147250 0.131219923 0.005825493 -0.002043940 0.991334081
1403636602813555456.000000 -0.481789142 0.031747144 0.284975559 0.131288543 0.005741058 -0.002099317 0.991325438
1403636602863555584.000000 -0.481811881 0.031759631 0.284965724 0.131311357 0.005751636 -0.002045094 0.991322458
1403636602913555456.000000 -0.481792033 0.031921364 0.284548432 0.131327271 0.005701475 -0.002080509 0.991320491
1403636602963555584.000000 -0.481681317 0.031841394 0.285043150 0.131288573 0.005764391 -0.002010400 0.991325498
1403636603013555456.000000 -0.481676549 0.031793710 0.285167962 0.131241113 0.005761802 -0.002111347 0.991331518
1403636603063555584.000000 -0.481882215 0.031706706 0.284968227 0.131291777 0.005820628 -0.001752421 0.991325140
1403636603113555456.000000 -0.481911331 0.031731438 0.285020500 0.131198823 0.005866916 -0.001875881 0.991337001
1403636603163555584.000000 -0.481883198 0.031507779 0.284349829 0.131184980 0.005727166 -0.002067339 0.991339266
1403636603213555456.000000 -0.481844008 0.031693354 0.284997344 0.131211802 0.005790978 -0.001842997 0.991335750
1403636603263555584.000000 -0.481781572 0.031774282 0.285184920 0.131258816 0.005808416 -0.001792250 0.991329551
1403636603313555456.000000 -0.481853187 0.031662963 0.284821868 0.131199852 0.005817481 -0.001849316 0.991337180
1403636603363555584.000000 -0.481780589 0.031763945 0.284926564 0.131208271 0.005847661 -0.001787378 0.991336048
1403636603413555456.000000 -0.481732041 0.031833973 0.285128564 0.131180659 0.005865552 -0.001822860 0.991339505
1403636603463555584.000000 -0.481778771 0.031860139 0.285306662 0.131169930 0.005849643 -0.001811679 0.991340995
1403636603513555456.000000 -0.481767416 0.031849176 0.285400569 0.131136850 0.005797477 -0.001833236 0.991345644
1403636603563555584.000000 -0.481773585 0.031835895 0.285459161 0.131171286 0.005796973 -0.001817244 0.991341114
1403636603613555456.000000 -0.481854618 0.031685226 0.285069436 0.131168887 0.005783402 -0.001841664 0.991341472
1403636603663555584.000000 -0.481778443 0.031800259 0.285494298 0.131146327 0.005815671 -0.001834484 0.991344333
1403636603713555456.000000 -0.481849343 0.031723816 0.285068661 0.131201878 0.005703358 -0.001890006 0.991337478
1403636603763555584.000000 -0.481865317 0.031737503 0.285086423 0.131202444 0.005673059 -0.001844904 0.991337657
1403636603813555456.000000 -0.481873661 0.031646200 0.285015702 0.131196335 0.005638510 -0.001888556 0.991338611
1403636603863555584.000000 -0.481785357 0.031668574 0.285030097 0.131185219 0.005776961 -0.001854517 0.991339326
1403636603913555456.000000 -0.481778264 0.031688787 0.285017788 0.131228969 0.005697415 -0.001784505 0.991334081
1403636603963555584.000000 -0.481701493 0.031754985 0.285042912 0.131152660 0.005791028 -0.001925694 0.991343439
1403636604013555456.000000 -0.481721520 0.031732157 0.284999341 0.131234661 0.005777012 -0.001713994 0.991333008
1403636604063555584.000000 -0.481715709 0.031772882 0.285027772 0.131185710 0.005793682 -0.001825674 0.991339207
1403636604113555456.000000 -0.481725454 0.031770691 0.285004646 0.131233945 0.005825191 -0.001704317 0.991332889
1403636604163555584.000000 -0.481775016 0.031802401 0.284976333 0.131199747 0.005858007 -0.001837419 0.991336942
1403636604213555456.000000 -0.481870770 0.031711869 0.284990400 0.131267145 0.005752834 -0.001818046 0.991328657
1403636604263555584.000000 -0.481831849 0.031729106 0.284964055 0.131252289 0.005767712 -0.001828773 0.991330624
1403636604313555456.000000 -0.481771588 0.031785190 0.284923911 0.131262854 0.005751306 -0.001780395 0.991329372
1403636604363555584.000000 -0.481785387 0.031804230 0.284846157 0.131247655 0.005671356 -0.001870237 0.991331637
1403636604413555456.000000 -0.481723994 0.031750333 0.285030216 0.131292164 0.005708234 -0.001791041 0.991325676
1403636604463555584.000000 -0.481739759 0.031747475 0.285077304 0.131266683 0.005759739 -0.001839533 0.991328716
1403636604513555456.000000 -0.481773973 0.031701941 0.285144150 0.131255656 0.005774549 -0.001790700 0.991330206
1403636604563555584.000000 -0.481812477 0.031724684 0.285194129 0.131243333 0.005780404 -0.001755181 0.991331816
1403636604613555456.000000 -0.481822103 0.031710602 0.285185426 0.131206661 0.005801759 -0.001742266 0.991336584
1403636604663555584.000000 -0.481827259 0.031710286 0.285188347 0.131234095 0.005789891 -0.001729643 0.991333067
1403636604713555456.000000 -0.481864244 0.031732347 0.285085320 0.131272376 0.005711233 -0.001814480 0.991328299
1403636604763555584.000000 -0.481839389 0.031685479 0.285076499 0.131261960 0.005710742 -0.001828178 0.991329670
1403636604813555456.000000 -0.481935740 0.031717215 0.284935892 0.131246701 0.005664135 -0.001913927 0.991331697
1403636604863555584.000000 -0.481812567 0.031741232 0.285053372 0.131251544 0.005675170 -0.001865684 0.991331100
1403636604913555456.000000 -0.481745869 0.031756304 0.285083801 0.131273180 0.005659043 -0.001884283 0.991328299
1403636604963555584.000000 -0.481819779 0.031755283 0.285029262 0.131309241 0.005639788 -0.001889748 0.991323650
1403636605013555456.000000 -0.481797040 0.031805791 0.284990191 0.131293118 0.005639257 -0.001882915 0.991325796
1403636605063555584.000000 -0.481865257 0.031821288 0.284891248 0.131324381 0.005602281 -0.001840810 0.991321921
1403636605113555456.000000 -0.481787115 0.031823225 0.284989774 0.131296813 0.005667862 -0.001915423 0.991325080
1403636605163555584.000000 -0.481719792 0.031789318 0.285095155 0.131315246 0.005641632 -0.001786471 0.991322994
1403636605213555456.000000 -0.481709123 0.031756990 0.285228580 0.131291300 0.005642785 -0.001849877 0.991326094
1403636605263555584.000000 -0.481737792 0.031757988 0.285307676 0.131311625 0.005658065 -0.001768719 0.991323471
1403636605313555456.000000 -0.481755286 0.031775709 0.285332739 0.131283775 0.005691039 -0.001871225 0.991326749
1403636605363555584.000000 -0.481831908 0.031729158 0.285234869 0.131314337 0.005669645 -0.001729776 0.991323113
1403636605413555456.000000 -0.481765956 0.031752937 0.285296142 0.131268024 0.005696244 -0.001821570 0.991328955
1403636605463555584.000000 -0.481862485 0.031757195 0.285169274 0.131336436 0.005614198 -0.001779375 0.991320431
1403636605513555456.000000 -0.481849104 0.031769425 0.285071880 0.131321043 0.005612197 -0.001830091 0.991322339
1403636605563555584.000000 -0.481943846 0.031609032 0.285285771 0.131269947 0.005523168 -0.001820142 0.991329670
1403636605613555456.000000 -0.481747508 0.031650223 0.285151154 0.131288216 0.005622061 -0.001832741 0.991326690
1403636605663555584.000000 -0.481793344 0.031682707 0.285142720 0.131298363 0.005550563 -0.001827989 0.991325676
1403636605713555456.000000 -0.481768340 0.031721994 0.285084754 0.131287321 0.005532048 -0.001836439 0.991327286
1403636605763555584.000000 -0.481774449 0.031769443 0.285071820 0.131250530 0.005509617 -0.001820950 0.991332293
1403636605813555456.000000 -0.481778800 0.031769831 0.285072774 0.131220087 0.005574422 -0.001846773 0.991335928
1403636605863555584.000000 -0.481791735 0.031758510 0.285082906 0.131203666 0.005556724 -0.001811662 0.991338253
1403636605913555456.000000 -0.481804907 0.031724267 0.285111845 0.131222099 0.005552827 -0.001841006 0.991335750
1403636605963555584.000000 -0.481876105 0.031753853 0.284967363 0.131341890 0.005698209 -0.001642470 0.991319418
1403636606013555456.000000 -0.481893629 0.031763192 0.285012364 0.131332666 0.005717023 -0.001685782 0.991320431
1403636606063555584.000000 -0.481897354 0.031718135 0.285136670 0.131343409 0.005702680 -0.001658791 0.991319180
1403636606113555456.000000 -0.481869876 0.031699758 0.285109937 0.131330252 0.005721996 -0.001657439 0.991320848
1403636606163555584.000000 -0.481842309 0.031697940 0.285029292 0.131307557 0.005724716 -0.001656470 0.991323829
1403636606213555456.000000 -0.481820971 0.031706873 0.284914613 0.131316453 0.005758782 -0.001660330 0.991322458
1403636606263555584.000000 -0.481790185 0.031736713 0.284843445 0.131284833 0.005777166 -0.001670559 0.991326451
1403636606313555456.000000 -0.481785208 0.031743318 0.284808159 0.131276444 0.005772785 -0.001636867 0.991327703
1403636606363555584.000000 -0.481775135 0.031727228 0.284765035 0.131258816 0.005812401 -0.001646397 0.991329789
1403636606413555456.000000 -0.481790990 0.031670857 0.284754068 0.131264299 0.005828801 -0.001639440 0.991328955
1403636606463555584.000000 -0.481898993 0.031695619 0.284935921 0.131237775 0.005705765 -0.001671641 0.991333187
1403636606513555456.000000 -0.481888264 0.031703401 0.284962863 0.131248251 0.005727334 -0.001611119 0.991331697
1403636606563555584.000000 -0.481736660 0.031667549 0.284968615 0.131217852 0.005702346 -0.001618625 0.991335869
1403636606613555456.000000 -0.481764555 0.031727113 0.284994453 0.131209224 0.005751899 -0.001642714 0.991336703
1403636606663555584.000000 -0.481818646 0.031654429 0.284977198 0.131189167 0.005690827 -0.001666522 0.991339684
1403636606713555456.000000 -0.481832922 0.031742688 0.284949183 0.131238103 0.005786150 -0.001675783 0.991332650
1403636606763555584.000000 -0.481854498 0.031658806 0.284928322 0.131197512 0.005702233 -0.001683767 0.991338432
1403636606813555456.000000 -0.481871814 0.031746596 0.284931660 0.131268606 0.005777020 -0.001682157 0.991328597
1403636606863555584.000000 -0.481873572 0.031764608 0.284922630 0.131285936 0.005791020 -0.001659243 0.991326272
1403636606913555456.000000 -0.481873035 0.031759482 0.284916729 0.131278843 0.005771617 -0.001686196 0.991327286
1403636606963555584.000000 -0.481933624 0.031727400 0.284985155 0.131225184 0.005737613 -0.001734546 0.991334558
1403636607013555456.000000 -0.481894612 0.031737752 0.284978688 0.131229490 0.005758504 -0.001707093 0.991333842
1403636607063555584.000000 -0.481851071 0.031695828 0.284921736 0.131236538 0.005734398 -0.001732189 0.991333008
1403636607113555456.000000 -0.481917053 0.031683937 0.285017759 0.131271794 0.005697404 -0.001718938 0.991328597
1403636607163555584.000000 -0.481902748 0.031695917 0.284979165 0.131270841 0.005698459 -0.001731211 0.991328657
1403636607213555456.000000 -0.481910825 0.031685151 0.284771323 0.131255567 0.005673990 -0.001751231 0.991330862
1403636607263555584.000000 -0.481940240 0.031695578 0.284966499 0.131228685 0.005721100 -0.001739357 0.991334140
1403636607313555456.000000 -0.481928498 0.031690195 0.285006344 0.131251752 0.005671029 -0.001745044 0.991331279
1403636607363555584.000000 -0.482069284 0.031595506 0.284911096 0.131238058 0.005645231 -0.001818417 0.991333127
1403636607413555456.000000 -0.481909424 0.031650998 0.284939051 0.131232291 0.005669057 -0.001733026 0.991333961
1403636607463555584.000000 -0.481900215 0.031640206 0.284899056 0.131257892 0.005680408 -0.001791796 0.991330385
1403636607513555456.000000 -0.481874585 0.031692367 0.284894347 0.131270617 0.005682516 -0.001772827 0.991328716
1403636607563555584.000000 -0.481855541 0.031727061 0.284888804 0.131256744 0.005689945 -0.001799824 0.991330504
1403636607613555456.000000 -0.481852889 0.031715080 0.284866363 0.131233856 0.005698876 -0.001795622 0.991333485
1403636607663555584.000000 -0.481865644 0.031701036 0.284922898 0.131217659 0.005708049 -0.001844584 0.991335452
1403636607713555456.000000 -0.481898516 0.031679008 0.284931988 0.131228402 0.005678098 -0.001810940 0.991334319
1403636607763555584.000000 -0.481920183 0.031706251 0.284779102 0.131240636 0.005513862 -0.001833157 0.991333604
1403636607813555456.000000 -0.481954366 0.031635221 0.284811467 0.131240755 0.005586919 -0.001819815 0.991333187
1403636607863555584.000000 -0.481865883 0.031673495 0.284947336 0.131242409 0.005531621 -0.001789036 0.991333306
1403636607913555456.000000 -0.481904656 0.031617735 0.284956694 0.131228894 0.005611757 -0.001744786 0.991334736
1403636607963555584.000000 -0.481830180 0.031663083 0.284967124 0.131204382 0.005552178 -0.001805642 0.991338193
1403636608013555456.000000 -0.481892049 0.031626169 0.284935981 0.131190896 0.005628408 -0.001785338 0.991339564
1403636608063555584.000000 -0.481843382 0.031688169 0.284981102 0.131194964 0.005580801 -0.001789637 0.991339326
1403636608113555456.000000 -0.481850833 0.031691585 0.284997821 0.131185755 0.005598180 -0.001762473 0.991340458
1403636608163555584.000000 -0.481880069 0.031684667 0.284880608 0.131204307 0.005640064 -0.001840921 0.991337657
1403636608213555456.000000 -0.481884778 0.031679299 0.284862936 0.131202698 0.005644829 -0.001846410 0.991337776
1403636608263555584.000000 -0.481925815 0.031666819 0.285036772 0.131226778 0.005569378 -0.001732883 0.991335273
1403636608313555456.000000 -0.481856883 0.031696193 0.285118967 0.131242558 0.005647846 -0.001829305 0.991332591
1403636608363555584.000000 -0.481848449 0.031683348 0.285124809 0.131267354 0.005621472 -0.001809613 0.991329432
1403636608413555456.000000 -0.481849819 0.031664662 0.285087645 0.131248087 0.005576781 -0.001739401 0.991332412
1403636608463555584.000000 -0.481820047 0.031675927 0.285072654 0.131304637 0.005636239 -0.001785860 0.991324425
1403636608513555456.000000 -0.481842667 0.031682082 0.285061717 0.131282389 0.005661512 -0.001781858 0.991327286
1403636608563555584.000000 -0.481871009 0.031685553 0.285023302 0.131272689 0.005648709 -0.001713479 0.991328835
1403636608613555456.000000 -0.481856585 0.031698078 0.285010815 0.131248146 0.005666331 -0.001734987 0.991331816
1403636608663555584.000000 -0.481885284 0.031684097 0.284971267 0.131185591 0.005779132 -0.001692358 0.991339624
1403636608713555456.000000 -0.481900394 0.031670593 0.284952939 0.131171003 0.005800332 -0.001725331 0.991341352
1403636608763555584.000000 -0.481835276 0.031639546 0.284855127 0.131163210 0.005631014 -0.001828008 0.991343200
1403636608813555456.000000 -0.481768847 0.031743035 0.284878999 0.131167337 0.005744695 -0.001723071 0.991342068
1403636608863555584.000000 -0.481795669 0.031726457 0.284915417 0.131171569 0.005731027 -0.001705969 0.991341650
1403636608913555456.000000 -0.481866986 0.031683963 0.284869671 0.131197214 0.005602208 -0.001824292 0.991338789
1403636608963555584.000000 -0.481845737 0.031804930 0.284913450 0.131194547 0.005762544 -0.001656640 0.991338551
1403636609013555456.000000 -0.481892377 0.031714171 0.284878641 0.131195962 0.005615935 -0.001800139 0.991338968
1403636609063555584.000000 -0.481807679 0.031762108 0.284896255 0.131234080 0.005761195 -0.001691471 0.991333306
1403636609113555456.000000 -0.481806487 0.031722236 0.284989297 0.131233588 0.005776097 -0.001696984 0.991333246
1403636609163555584.000000 -0.481893986 0.031676237 0.285009027 0.131276667 0.005745668 -0.001816612 0.991327524
1403636609213555456.000000 -0.481920779 0.031713068 0.285005271 0.131301776 0.005764359 -0.001799425 0.991324067
1403636609263555584.000000 -0.481938362 0.031511694 0.284988791 0.131260037 0.005772101 -0.001809411 0.991329551
1403636609313555456.000000 -0.481900573 0.031548142 0.285034984 0.131246373 0.005754732 -0.001828848 0.991331458
1403636609363555584.000000 -0.481885493 0.031591434 0.285091728 0.131243184 0.005723766 -0.001828795 0.991332054
1403636609413555456.000000 -0.481858790 0.031636346 0.285130709 0.131211832 0.005733725 -0.001815956 0.991336167
1403636609463555584.000000 -0.481848061 0.031658962 0.284938872 0.131186485 0.005720979 -0.001767220 0.991339624
1403636609513555456.000000 -0.481883764 0.031652365 0.285142779 0.131191611 0.005748650 -0.001833067 0.991338730
1403636609563555584.000000 -0.481887370 0.031700235 0.284885049 0.131180987 0.005782355 -0.001734593 0.991340101
1403636609613555456.000000 -0.481887192 0.031703722 0.284919798 0.131188586 0.005771512 -0.001716944 0.991339207
1403636609663555584.000000 -0.481900811 0.031635940 0.284932524 0.131178811 0.005683847 -0.001871861 0.991340697
1403636609713555456.000000 -0.481889606 0.031657357 0.284964621 0.131174386 0.005746515 -0.001934840 0.991340756
1403636609763555584.000000 -0.481869608 0.031718653 0.285131484 0.131252095 0.005728644 -0.001706428 0.991331041
1403636609813555456.000000 -0.481897473 0.031745523 0.285117626 0.131306306 0.005570482 -0.001724830 0.991324663
1403636609863555584.000000 -0.481871575 0.031766310 0.285102844 0.131261304 0.005681235 -0.001752151 0.991330028
1403636609913555456.000000 -0.481901705 0.031756107 0.285075545 0.131310046 0.005646356 -0.001683427 0.991323829
1403636609963555584.000000 -0.481937706 0.031745274 0.285092533 0.131315947 0.005593139 -0.001805077 0.991323173
1403636610013555456.000000 -0.481869489 0.031797662 0.284995556 0.131290913 0.005666863 -0.001657956 0.991326332
1403636610063555584.000000 -0.481842667 0.031760309 0.284942508 0.131314367 0.005670561 -0.001656334 0.991323233
1403636610113555456.000000 -0.481854230 0.031758957 0.284947097 0.131314024 0.005705020 -0.001601868 0.991323113
1403636610163555584.000000 -0.481893837 0.031693142 0.284961909 0.131286576 0.005733587 -0.001773432 0.991326272
1403636610213555456.000000 -0.481898963 0.031695616 0.285009563 0.131288990 0.005716270 -0.001701217 0.991326272
1403636610263555584.000000 -0.481953651 0.031831581 0.284896851 0.131267995 0.005579766 -0.001761659 0.991329730
1403636610313555456.000000 -0.481899232 0.031805612 0.284892112 0.131291792 0.005627315 -0.001646169 0.991326511
1403636610363555584.000000 -0.481897503 0.031776451 0.284940958 0.131262839 0.005598695 -0.001634423 0.991330504
1403636610413555456.000000 -0.481865764 0.031750947 0.285028040 0.131224871 0.005618012 -0.001721385 0.991335213
1403636610463555584.000000 -0.481853396 0.031737626 0.285037398 0.131245792 0.005604203 -0.001637558 0.991332710
1403636610513555456.000000 -0.481853634 0.031692535 0.285016447 0.131231517 0.005584357 -0.001734704 0.991334558
1403636610563555584.000000 -0.481836379 0.031675130 0.285064638 0.131228119 0.005610504 -0.001679053 0.991334915
1403636610613555456.000000 -0.481828511 0.031704888 0.285082102 0.131184325 0.005593128 -0.001752982 0.991340697
1403636610663555584.000000 -0.481809497 0.031676147 0.284986436 0.131160602 0.005623848 -0.001753898 0.991343617
1403636610713555456.000000 -0.481808752 0.031658605 0.284956992 0.131162271 0.005597481 -0.001801625 0.991343498
1403636610763555584.000000 -0.481852919 0.031531807 0.285031199 0.131197006 0.005476587 -0.001861796 0.991339445
1403636610813555456.000000 -0.481681436 0.031650960 0.285088807 0.131182343 0.005457047 -0.001933879 0.991341412
1403636610863555584.000000 -0.481589109 0.031759292 0.284933686 0.131402656 0.005427600 -0.001813588 0.991312623
1403636610913555456.000000 -0.481781930 0.031799980 0.284982741 0.131300375 0.005512755 -0.002040769 0.991325200
1403636610963555584.000000 -0.481803089 0.031720877 0.284981608 0.131436750 0.005372131 -0.001880869 0.991308272
1403636611013555456.000000 -0.481756568 0.031725377 0.285044819 0.131276861 0.005499229 -0.001898248 0.991328716
1403636611063555584.000000 -0.481833488 0.031810965 0.285028398 0.131359398 0.005323099 -0.001955104 0.991318643
1403636611113555456.000000 -0.481761068 0.031855676 0.285078526 0.131409764 0.005523812 -0.001944613 0.991310835
1403636611163555584.000000 -0.481806487 0.031727925 0.285032213 0.131397828 0.005386925 -0.001909098 0.991313279
1403636611213555456.000000 -0.481763542 0.031719524 0.285104960 0.131365955 0.005420365 -0.002015833 0.991317093
1403636611263555584.000000 -0.481796145 0.031636365 0.285115719 0.131410837 0.005436324 -0.001853026 0.991311371
1403636611313555456.000000 -0.481718630 0.031663917 0.285132140 0.131345853 0.005462017 -0.001913808 0.991319776
1403636611363555584.000000 -0.481769115 0.031457886 0.284990907 0.131908879 0.005275757 -0.001176320 0.991247118
1403636611413555456.000000 -0.481679678 0.031685907 0.285020232 0.131626248 0.005521889 -0.001585151 0.991282821
1403636611463555584.000000 -0.482006282 0.032093626 0.285074532 0.131743848 0.005118242 -0.000726807 0.991270363
1403636611513555456.000000 -0.482014596 0.032576308 0.285177410 0.131006449 0.005568677 -0.002342094 0.991363108
1403636611563555584.000000 -0.482218593 0.032328386 0.285260797 0.131347761 0.005228993 -0.001510207 0.991321445
1403636611613555456.000000 -0.482124269 0.032387242 0.285344690 0.131300062 0.005637547 -0.001820862 0.991324961
1403636611663555584.000000 -0.482009053 0.032279521 0.285318375 0.131439045 0.005552358 -0.001087324 0.991308153
1403636611713555456.000000 -0.482074350 0.032409698 0.285259247 0.131119967 0.005810895 -0.002023072 0.991347432
1403636611763555584.000000 -0.481968969 0.032236937 0.285229385 0.131433621 0.005619823 -0.001403082 0.991308033
1403636611813555456.000000 -0.482167423 0.032170523 0.285189807 0.131325841 0.005553912 -0.001183560 0.991323054
1403636611863555584.000000 -0.481868833 0.032517742 0.285280108 0.130931228 0.005984567 -0.001890212 0.991371632
1403636611913555456.000000 -0.482107460 0.032298233 0.285192847 0.131126180 0.005514322 -0.001886488 0.991348565
1403636611963555584.000000 -0.482039511 0.032060239 0.285208166 0.131403670 0.005496982 -0.001433920 0.991312742
1403636612013555456.000000 -0.482032657 0.032142043 0.285240263 0.131631032 0.005645009 -0.000988877 0.991282284
1403636612063555584.000000 -0.482014120 0.032465704 0.285207331 0.131169185 0.005533942 -0.001966154 0.991342664
1403636612113555456.000000 -0.482338846 0.031970628 0.285179943 0.131809086 0.005312416 -0.000672234 0.991260707
1403636612163555584.000000 -0.482067585 0.031874474 0.285258174 0.131806612 0.005794621 -0.000809157 0.991258204
1403636612213555456.000000 -0.482051551 0.032028481 0.285151273 0.131755918 0.005424433 -0.000726529 0.991267085
1403636612263555584.000000 -0.481961906 0.032727305 0.285372674 0.130717650 0.006199783 -0.003681519 0.991393447
1403636612313555456.000000 -0.482136637 0.031893678 0.285160184 0.131943211 0.005556438 -0.000483296 0.991241574
1403636612363555584.000000 -0.481978267 0.032614782 0.285373330 0.130905256 0.005796550 -0.003402220 0.991372108
1403636612413555456.000000 -0.481972367 0.032233387 0.285173565 0.131653339 0.005574117 -0.001039767 0.991279662
1403636612463555584.000000 -0.482066482 0.032635108 0.285393089 0.131081089 0.005875492 -0.003062385 0.991349518
1403636612513555456.000000 -0.482114792 0.032245241 0.285350859 0.131663471 0.005577528 -0.001244957 0.991277993
1403636612563555584.000000 -0.482072949 0.032599274 0.285366684 0.131279811 0.005819829 -0.002714639 0.991324544
1403636612613555456.000000 -0.482072443 0.032464508 0.285195529 0.131606549 0.005628126 -0.001604671 0.991284788
1403636612663555584.000000 -0.482036024 0.032625023 0.285234451 0.131322399 0.005660406 -0.002507512 0.991320431
1403636612713555456.000000 -0.481996417 0.032352582 0.285147697 0.131688520 0.005538654 -0.001539000 0.991274536
1403636612763555584.000000 -0.482019097 0.032617982 0.285264790 0.131315395 0.005651709 -0.002416033 0.991321564
1403636612813555456.000000 -0.482017815 0.032365941 0.285246611 0.131497383 0.005629165 -0.001809601 0.991298914
1403636612863555584.000000 -0.482011437 0.032480650 0.285270393 0.131522596 0.005698630 -0.002065057 0.991294682
1403636612913555456.000000 -0.481975913 0.032659426 0.285302132 0.131412342 0.005665967 -0.002079761 0.991309464
1403636612963555584.000000 -0.481874943 0.032477926 0.285335213 0.131515786 0.005669295 -0.001815426 0.991296291
1403636613013555456.000000 -0.482013226 0.032605827 0.285222113 0.131342456 0.005835322 -0.002045521 0.991317809
1403636613063555584.000000 -0.482092112 0.032522552 0.285171151 0.131585822 0.005773621 -0.001480918 0.991286933
1403636613113555456.000000 -0.482069165 0.032549512 0.285249501 0.131275028 0.005746330 -0.002318237 0.991326690
1403636613163555584.000000 -0.482089728 0.032294616 0.285241246 0.131482735 0.005812171 -0.001459327 0.991300344
1403636613213555456.000000 -0.482025445 0.032420225 0.285081297 0.131284401 0.005780237 -0.002167510 0.991325557
1403636613263555584.000000 -0.481987536 0.032445576 0.285105258 0.131517380 0.005753713 -0.001462840 0.991296113
1403636613313555456.000000 -0.481881976 0.032567680 0.285261393 0.131332055 0.005952558 -0.001941138 0.991318703
1403636613363555584.000000 -0.481978178 0.032432832 0.285316736 0.131550610 0.005762059 -0.001353532 0.991291821
1403636613413555456.000000 -0.482083946 0.032500885 0.285164446 0.131273746 0.005752894 -0.002122510 0.991327286
1403636613463555584.000000 -0.482123971 0.032423116 0.285116345 0.131447017 0.005732528 -0.001522638 0.991305470
1403636613513555456.000000 -0.482029825 0.032544602 0.285240740 0.131274149 0.005853370 -0.002043917 0.991326749
1403636613563555584.000000 -0.481994450 0.032497466 0.285194874 0.131444603 0.005781772 -0.001571785 0.991305411
1403636613613555456.000000 -0.482127398 0.032556530 0.285273492 0.131252304 0.005916469 -0.001939345 0.991329491
1403636613663555584.000000 -0.482098460 0.032373998 0.285292298 0.131410956 0.005834068 -0.001503524 0.991309702
1403636613713555456.000000 -0.482146174 0.032580014 0.285387337 0.131365895 0.005856303 -0.001766003 0.991315126
1403636613763555584.000000 -0.482160091 0.032389265 0.285192221 0.131299794 0.005970181 -0.001581613 0.991323531
1403636613813555456.000000 -0.482122570 0.032394998 0.285172880 0.131279752 0.005950989 -0.001613714 0.991326213
1403636613863555584.000000 -0.482239038 0.032371316 0.285210967 0.131322116 0.005880301 -0.001586740 0.991321027
1403636613913555456.000000 -0.482195139 0.032442365 0.285228312 0.131311342 0.005901372 -0.001629522 0.991322339
1403636613963555584.000000 -0.482119411 0.032515626 0.285253704 0.131330490 0.005879018 -0.001569964 0.991320014
1403636614013555456.000000 -0.482074678 0.032560818 0.285209060 0.131362572 0.005902401 -0.001487300 0.991315722
1403636614063555584.000000 -0.482059658 0.032589182 0.285176396 0.131308556 0.005977432 -0.001543879 0.991322339
1403636614113555456.000000 -0.482061237 0.032571673 0.285169691 0.131330028 0.005982636 -0.001466666 0.991319597
1403636614163555584.000000 -0.482062280 0.032552674 0.285153776 0.131298423 0.006002099 -0.001540511 0.991323590
1403636614213555456.000000 -0.482065409 0.032524321 0.285141826 0.131326362 0.005960855 -0.001471293 0.991320193
1403636614263555584.000000 -0.482160389 0.032512173 0.285349876 0.131389722 0.006037302 -0.001611866 0.991311133
1403636614313555456.000000 -0.482178360 0.032452025 0.285371333 0.131450191 0.006063822 -0.001408017 0.991303265
1403636614363555584.000000 -0.482162029 0.032641657 0.285313129 0.131353542 0.005944699 -0.001676697 0.991316378
1403636614413555456.000000 -0.482106537 0.032531392 0.285521626 0.131497473 0.005997393 -0.001324106 0.991297483
1403636614463555584.000000 -0.482102960 0.032564320 0.285538435 0.131400049 0.006098120 -0.001627554 0.991309345
1403636614513555456.000000 -0.482137263 0.032457754 0.285470963 0.131510183 0.006110925 -0.001341044 0.991295099
1403636614563555584.000000 -0.482223690 0.032555245 0.285243690 0.131394818 0.005890072 -0.001620095 0.991311371
1403636614613555456.000000 -0.482117593 0.032464664 0.285404444 0.131478518 0.006015966 -0.001321295 0.991299927
1403636614663555584.000000 -0.482200444 0.032507833 0.285221636 0.131366819 0.005872706 -0.001575822 0.991315246
1403636614713555456.000000 -0.482100248 0.032429487 0.285413861 0.131449521 0.006046936 -0.001304799 0.991303623
1403636614763555584.000000 -0.482082427 0.032438472 0.285087138 0.131324530 0.005876637 -0.001663715 0.991320670
1403636614813555456.000000 -0.482050031 0.032436278 0.285064846 0.131314650 0.005886754 -0.001582643 0.991322041
1403636614863555584.000000 -0.482034266 0.032521650 0.285081178 0.131336987 0.005840627 -0.001651859 0.991319239
1403636614913555456.000000 -0.481994301 0.032537125 0.285180509 0.131310627 0.005866916 -0.001575082 0.991322696
1403636614963555584.000000 -0.481942445 0.032513730 0.285292566 0.131254986 0.005927312 -0.001642392 0.991329670
1403636615013555456.000000 -0.481942058 0.032454178 0.285311490 0.131292015 0.005970388 -0.001526507 0.991324663
1403636615063555584.000000 -0.481983423 0.032467172 0.285357505 0.131297171 0.005942678 -0.001547308 0.991324067
1403636615113555456.000000 -0.482176811 0.032520100 0.285390228 0.131469339 0.005996963 -0.001496448 0.991301000
1403636615163555584.000000 -0.482045978 0.032450341 0.285313964 0.131325752 0.005942197 -0.001587129 0.991320193
1403636615213555456.000000 -0.482002169 0.032474488 0.285319686 0.131293207 0.005984021 -0.001658645 0.991324127
1403636615263555584.000000 -0.482102841 0.032428931 0.285159200 0.131422594 0.005963112 -0.001678207 0.991307139
1403636615313555456.000000 -0.482129127 0.032439470 0.285124004 0.131386206 0.005903111 -0.001760863 0.991312146
1403636615363555584.000000 -0.482130319 0.032394592 0.285232395 0.131472930 0.005953535 -0.001533894 0.991300702
1403636615413555456.000000 -0.482049525 0.032456037 0.285118461 0.131357715 0.005961150 -0.001739263 0.991315603
1403636615463555584.000000 -0.482076168 0.032497965 0.285201520 0.131476998 0.005982362 -0.001551257 0.991300046
1403636615513555456.000000 -0.482029855 0.032498721 0.285224080 0.131368011 0.005983310 -0.001716995 0.991314173
1403636615563555584.000000 -0.482017964 0.032471158 0.285259873 0.131370291 0.005964584 -0.001668106 0.991314054
1403636615613555456.000000 -0.482005805 0.032477278 0.285277188 0.131359816 0.005954091 -0.001739497 0.991315424
1403636615663555584.000000 -0.482025921 0.032460414 0.285178065 0.131379813 0.005964390 -0.001649522 0.991312861
1403636615713555456.000000 -0.482043505 0.032500140 0.285151273 0.131374225 0.005923799 -0.001712534 0.991313696
1403636615763555584.000000 -0.482095838 0.032448471 0.285248011 0.131449297 0.005940973 -0.001793552 0.991303504
1403636615813555456.000000 -0.482074261 0.032470930 0.285273910 0.131393731 0.006025458 -0.001833839 0.991310298
1403636615863555584.000000 -0.482010543 0.032542411 0.285228550 0.131425470 0.005944471 -0.001739911 0.991306722
1403636615913555456.000000 -0.481965601 0.032517686 0.285253167 0.131383270 0.005958439 -0.001853324 0.991312087
1403636615963555584.000000 -0.481974244 0.032457761 0.285252422 0.131418735 0.005955661 -0.001795341 0.991307437
1403636616013555456.000000 -0.481982529 0.032457910 0.285251111 0.131384492 0.005946742 -0.001805747 0.991312027
1403636616063555584.000000 -0.481998056 0.032506634 0.285277009 0.131424025 0.005938426 -0.001759111 0.991306901
1403636616113555456.000000 -0.482070476 0.032400124 0.285087943 0.131275550 0.005950802 -0.001736150 0.991326630
1403636616163555584.000000 -0.482118011 0.032373939 0.285072833 0.131299987 0.005930775 -0.001713349 0.991323471
1403636616213555456.000000 -0.482137024 0.032482568 0.285221636 0.131365001 0.005921941 -0.001807546 0.991314769
1403636616263555584.000000 -0.482131392 0.032459747 0.285229802 0.131359279 0.005933828 -0.001810946 0.991315484
1403636616313555456.000000 -0.482125133 0.032426670 0.285035193 0.131333277 0.005982636 -0.001692592 0.991318882
1403636616363555584.000000 -0.482118607 0.032422829 0.285016924 0.131350085 0.005987343 -0.001633170 0.991316676
1403636616413555456.000000 -0.482178211 0.032427490 0.284883797 0.131422549 0.005974959 -0.001626444 0.991307139
1403636616463555584.000000 -0.482134640 0.032424279 0.284925342 0.131410167 0.005980702 -0.001606898 0.991308808
1403636616513555456.000000 -0.482076526 0.032428395 0.285043746 0.131366611 0.006020268 -0.001584901 0.991314292
1403636616563555584.000000 -0.482064009 0.032406993 0.285108864 0.131327197 0.005988734 -0.001593612 0.991319776
1403636616613555456.000000 -0.482055008 0.032412648 0.285159826 0.131352887 0.005958048 -0.001608955 0.991316497
1403636616663555584.000000 -0.482079655 0.032418467 0.285219103 0.131369442 0.005980518 -0.001580877 0.991314232
1403636616713555456.000000 -0.482094496 0.032443266 0.285252541 0.131388992 0.005963256 -0.001571291 0.991311789
1403636616763555584.000000 -0.482076168 0.032363668 0.285198063 0.131252974 0.005922048 -0.001648345 0.991329908
1403636616813555456.000000 -0.482103109 0.032434925 0.285136998 0.131302655 0.005867867 -0.001370500 0.991324008
1403636616863555584.000000 -0.482125908 0.032438561 0.285124093 0.131306723 0.005871739 -0.001373416 0.991323471
1403636616913555456.000000 -0.482147753 0.032441597 0.285214841 0.131345004 0.005885125 -0.001522377 0.991318107
1403636616963555584.000000 -0.482066512 0.032405805 0.285190433 0.131291807 0.005879007 -0.001326723 0.991325498
1403636617013555456.000000 -0.482101858 0.032444909 0.285265416 0.131371543 0.005895568 -0.001540241 0.991314530
1403636617063555584.000000 -0.482044369 0.032386817 0.285291314 0.131284371 0.005929688 -0.001365405 0.991326153
1403636617113555456.000000 -0.482126564 0.032441676 0.285346836 0.131351635 0.005913591 -0.001564581 0.991316974
1403636617163555584.000000 -0.482143372 0.032438453 0.285327494 0.131369904 0.005905973 -0.001565077 0.991314590
1403636617213555456.000000 -0.482124597 0.032448892 0.285330653 0.131384969 0.005954156 -0.001536115 0.991312385
1403636617263555584.000000 -0.482075483 0.032425761 0.285266966 0.131300464 0.005938311 -0.001387207 0.991323888
1403636617313555456.000000 -0.482162237 0.032418478 0.285175771 0.131284431 0.005998483 -0.001740588 0.991325080
1403636617363555584.000000 -0.482182443 0.032431901 0.285169482 0.131286487 0.005998595 -0.001732597 0.991324782
1403636617413555456.000000 -0.482138306 0.032480005 0.285116792 0.131396353 0.005843192 -0.001603999 0.991311431
1403636617463555584.000000 -0.482048899 0.032480620 0.285271555 0.131286219 0.005959223 -0.001745723 0.991325080
1403636617513555456.000000 -0.482003897 0.032466270 0.285331458 0.131284818 0.005967098 -0.001726519 0.991325259
1403636617563555584.000000 -0.481963485 0.032469019 0.285298526 0.131408349 0.005824952 -0.001575462 0.991310000
1403636617613555456.000000 -0.481961548 0.032474011 0.285347044 0.131291062 0.005950700 -0.001734867 0.991324484
1403636617663555584.000000 -0.481979936 0.032457162 0.285238028 0.131417364 0.005858173 -0.001536448 0.991308689
1403636617713555456.000000 -0.482060134 0.032444809 0.285306841 0.131295487 0.006031199 -0.001694495 0.991323531
1403636617763555584.000000 -0.482046992 0.032447696 0.285332561 0.131302088 0.006035926 -0.001603550 0.991322756
1403636617813555456.000000 -0.482118070 0.032441862 0.285175890 0.131397173 0.005891764 -0.001624164 0.991311014
1403636617863555584.000000 -0.482161015 0.032406949 0.285191685 0.131363988 0.005911727 -0.001599232 0.991315305
1403636617913555456.000000 -0.482136548 0.032478787 0.285357893 0.131440952 0.005884258 -0.001590477 0.991305292
1403636617963555584.000000 -0.482091844 0.032493189 0.285403699 0.131435007 0.005886667 -0.001554755 0.991306186
1403636618013555456.000000 -0.482055306 0.032433927 0.285285890 0.131318703 0.005892484 -0.001608332 0.991321445
1403636618063555584.000000 -0.482110262 0.032392360 0.285317361 0.131236628 0.005918595 -0.001695493 0.991331935
1403636618113555456.000000 -0.482043177 0.032446507 0.285370678 0.131384417 0.005929963 -0.001580243 0.991312504
1403636618163555584.000000 -0.481995285 0.032450058 0.285232574 0.131292686 0.005939241 -0.001575564 0.991324663
1403636618213555456.000000 -0.482054591 0.032441862 0.285323262 0.131382480 0.005919572 -0.001639789 0.991312802
1403636618263555584.000000 -0.482118815 0.032384094 0.285207480 0.131237745 0.005961965 -0.001753505 0.991331518
1403636618313555456.000000 -0.482110828 0.032427710 0.285053909 0.131343350 0.005889411 -0.001642302 0.991318107
1403636618363555584.000000 -0.482120097 0.032450147 0.285052627 0.131344691 0.005944547 -0.001575985 0.991317749
1403636618413555456.000000 -0.482189268 0.032374009 0.285139561 0.131272078 0.005945456 -0.001638692 0.991327226
1403636618463555584.000000 -0.482058108 0.032422379 0.285052061 0.131325260 0.005988711 -0.001605903 0.991319954
1403636618513555456.000000 -0.482082874 0.032362085 0.285183609 0.131649658 0.005962369 -0.001750170 0.991276860
1403636618563555584.000000 -0.482070148 0.032358415 0.285282284 0.131558746 0.006009070 -0.001715916 0.991288662
1403636618613555456.000000 -0.482186258 0.032293983 0.285302043 0.131535769 0.005913750 -0.001699372 0.991292357
1403636618663555584.000000 -0.482205510 0.032300182 0.285295576 0.131428704 0.005916831 -0.001673799 0.991306603
1403636618713555456.000000 -0.482220024 0.032333408 0.285323024 0.131094560 0.005864271 -0.001507554 0.991351426
1403636618763555584.000000 -0.482105315 0.032378737 0.285308212 0.131302401 0.006003362 -0.001499813 0.991323113
1403636618813555456.000000 -0.482092470 0.032441113 0.285178453 0.131427526 0.005897935 -0.001516192 0.991307080
1403636618863555584.000000 -0.482087255 0.032468639 0.285158485 0.131486893 0.006002400 -0.001537957 0.991298556
1403636618913555456.000000 -0.482249439 0.032086521 0.284966230 0.131753162 0.005937665 -0.001489539 0.991263747
1403636618963555584.000000 -0.482148618 0.032210808 0.284784704 0.131654009 0.005882397 -0.001503211 0.991277099
1403636619013555456.000000 -0.482132286 0.032279685 0.284948260 0.131682411 0.005841163 -0.001348073 0.991273940
1403636619063555584.000000 -0.482097536 0.032421321 0.285309434 0.131709158 0.005835266 -0.001790266 0.991269648
1403636619113555456.000000 -0.482098430 0.032433819 0.285365790 0.131589502 0.005875835 -0.001591526 0.991285622
1403636619163555584.000000 -0.482458264 0.032188348 0.285180241 0.131371871 0.005843245 -0.001472740 0.991314828
1403636619213555456.000000 -0.482372522 0.032287665 0.285214484 0.131255671 0.005880270 -0.001349657 0.991330266
1403636619263555584.000000 -0.482243985 0.032354150 0.285150498 0.131187052 0.005915728 -0.001388156 0.991339087
1403636619313555456.000000 -0.482156515 0.032339353 0.285086572 0.131266430 0.005902236 -0.001500347 0.991328478
1403636619363555584.000000 -0.482121587 0.032263480 0.285065264 0.131666556 0.005900021 -0.001530901 0.991275370
1403636619413555456.000000 -0.481948018 0.032449353 0.285270661 0.131634980 0.005983069 -0.001784111 0.991278589
1403636619463555584.000000 -0.482020706 0.032520872 0.285351187 0.131564200 0.005942858 -0.001714032 0.991288424
1403636619513555456.000000 -0.482052237 0.032550134 0.285352319 0.131433874 0.005904089 -0.001713893 0.991305947
1403636619563555584.000000 -0.482222706 0.032305997 0.285351723 0.131249756 0.006049468 -0.001375185 0.991329968
1403636619613555456.000000 -0.482211560 0.032318525 0.285292655 0.131273940 0.006168890 -0.001534471 0.991325796
1403636619663555584.000000 -0.482388496 0.032543387 0.285226494 0.131323025 0.006204912 -0.001440435 0.991319180
1403636619713555456.000000 -0.482354641 0.032546595 0.285246938 0.131192312 0.006199150 -0.001519485 0.991336405
1403636619763555584.000000 -0.482265294 0.032482341 0.285390854 0.131220371 0.006228341 -0.001377971 0.991332769
1403636619813555456.000000 -0.482200593 0.032475796 0.285541356 0.131200299 0.006244413 -0.001456111 0.991335154
1403636619863555584.000000 -0.482200831 0.032451313 0.285612881 0.131248206 0.006265904 -0.001298196 0.991328955
1403636619913555456.000000 -0.482183516 0.032471813 0.285611242 0.131221399 0.006327472 -0.001343690 0.991331995
1403636619963555584.000000 -0.482194394 0.032476798 0.285578877 0.131323189 0.006298648 -0.001345059 0.991318703
1403636620013555456.000000 -0.482224047 0.032453734 0.285608351 0.131310970 0.006265735 -0.001341991 0.991320550
1403636620063555584.000000 -0.482257813 0.032351721 0.285673410 0.131271198 0.006211624 -0.001445062 0.991326034
1403636620113555456.000000 -0.482240289 0.032362103 0.285604417 0.131297082 0.006282147 -0.001498828 0.991322100
1403636620163555584.000000 -0.482411832 0.032371823 0.285463601 0.131328851 0.006226713 -0.001561810 0.991318107
1403636620213555456.000000 -0.482334852 0.032398887 0.285427690 0.131337449 0.006237417 -0.001556044 0.991316915
1403636620263555584.000000 -0.482250273 0.032433540 0.285418302 0.131345183 0.006173158 -0.001537427 0.991316319
1403636620313555456.000000 -0.482216775 0.032450750 0.285404742 0.131273255 0.006251573 -0.001491715 0.991325438
1403636620363555584.000000 -0.482178003 0.032436673 0.285487890 0.131277174 0.006248579 -0.001552932 0.991324842
1403636620413555456.000000 -0.482220799 0.032437101 0.285514385 0.131338865 0.006255584 -0.001542588 0.991316617
1403636620463555584.000000 -0.482134998 0.032402258 0.285731286 0.131282389 0.006358739 -0.001571590 0.991323411
1403636620513555456.000000 -0.482294589 0.032440521 0.285498142 0.131322771 0.006285810 -0.001454299 0.991318703
1403636620563555584.000000 -0.482340187 0.032349147 0.285527378 0.131270185 0.006289450 -0.001521954 0.991325557
1403636620613555456.000000 -0.482348859 0.032320231 0.285486668 0.131297648 0.006252602 -0.001470746 0.991322279
1403636620663555584.000000 -0.482332736 0.032364853 0.285646468 0.131310314 0.006154340 -0.001599655 0.991320968
1403636620713555456.000000 -0.482262313 0.032383043 0.285719424 0.131330863 0.006194095 -0.001553197 0.991318047
1403636620763555584.000000 -0.482199669 0.032439034 0.285776168 0.131335840 0.006146467 -0.001562104 0.991317689
1403636620813555456.000000 -0.482119679 0.032425284 0.285825849 0.131375566 0.006256903 -0.001495996 0.991311848
1403636620863555584.000000 -0.482208729 0.032501098 0.285661936 0.131399706 0.006182635 -0.001518525 0.991309047
1403636620913555456.000000 -0.482217163 0.032457173 0.285568029 0.131400481 0.006202207 -0.001459967 0.991308928
1403636620963555584.000000 -0.482224703 0.032425232 0.285538614 0.131356165 0.006165927 -0.001465443 0.991315007
1403636621013555456.000000 -0.482239783 0.032374382 0.285694093 0.131356806 0.006131830 -0.001474898 0.991315186
1403636621063555584.000000 -0.482131451 0.032613825 0.285154134 0.131088153 0.006153558 -0.001960314 0.991349697
1403636621113555456.000000 -0.482161403 0.032438651 0.285073042 0.131401390 0.006062353 -0.001382296 0.991309762
1403636621163555584.000000 -0.482318908 0.032093085 0.285534024 0.131324783 0.006215939 -0.002035811 0.991317809
1403636621213555456.000000 -0.482300818 0.032092310 0.285707653 0.131427944 0.006226260 -0.001618845 0.991304934
1403636621263555584.000000 -0.482233703 0.032370772 0.285878450 0.131265104 0.006219857 -0.002018658 0.991325796
1403636621313555456.000000 -0.482252389 0.032291543 0.286032498 0.131363317 0.006201094 -0.001632918 0.991313636
1403636621363555584.000000 -0.482173681 0.032525033 0.285852969 0.131288007 0.006263314 -0.001940969 0.991322637
1403636621413555456.000000 -0.482292622 0.032384094 0.285860419 0.131371617 0.006165625 -0.001572965 0.991312802
1403636621463555584.000000 -0.482237786 0.032552078 0.285657734 0.131285310 0.006257508 -0.001885979 0.991323173
1403636621513555456.000000 -0.482230842 0.032551248 0.285542309 0.131352395 0.006198746 -0.001694294 0.991314888
1403636621563555584.000000 -0.482212424 0.032552972 0.285423309 0.131340131 0.006297302 -0.001896542 0.991315603
1403636621613555456.000000 -0.482205033 0.032435387 0.285347342 0.131389961 0.006245083 -0.001662067 0.991309702
1403636621663555584.000000 -0.482217878 0.032880571 0.285387754 0.131324038 0.006292593 -0.001890198 0.991317749
1403636621713555456.000000 -0.482214987 0.032820992 0.285396546 0.131436929 0.006246103 -0.001699588 0.991303384
1403636621763555584.000000 -0.482216865 0.032651022 0.285455763 0.131452650 0.006109524 -0.001852466 0.991301954
1403636621813555456.000000 -0.482194662 0.032664955 0.285500884 0.131409213 0.006260827 -0.001759959 0.991306901
1403636621863555584.000000 -0.482212991 0.032644752 0.285550773 0.131367818 0.006227738 -0.001806399 0.991312563
1403636621913555456.000000 -0.482217729 0.032520361 0.285564601 0.131385073 0.006081748 -0.001805721 0.991311133
1403636621963555584.000000 -0.482222050 0.032562491 0.285512060 0.131360531 0.006290181 -0.001699658 0.991313279
1403636622013555456.000000 -0.482197642 0.032584798 0.285488397 0.131282434 0.006268478 -0.001833785 0.991323531
1403636622063555584.000000 -0.482148111 0.032454379 0.285262078 0.131310955 0.006108169 -0.001669919 0.991321027
1403636622113555456.000000 -0.482132107 0.032491494 0.285258502 0.131274834 0.006045852 -0.001733579 0.991326094
1403636622163555584.000000 -0.482249171 0.032305453 0.285165220 0.131305441 0.006025048 -0.001729787 0.991322160
1403636622213555456.000000 -0.482184023 0.032328717 0.285195708 0.131323367 0.006020662 -0.001677574 0.991319954
1403636622263555584.000000 -0.482086807 0.032361038 0.285237402 0.131316781 0.006005706 -0.001746174 0.991320729
1403636622313555456.000000 -0.482023627 0.032437731 0.285324335 0.131253153 0.006015035 -0.001722593 0.991329193
1403636622363555584.000000 -0.481997222 0.032488704 0.285340369 0.131240517 0.005975734 -0.001777834 0.991330981
1403636622413555456.000000 -0.481999457 0.032444276 0.285376489 0.131263569 0.005972031 -0.001696476 0.991328120
1403636622463555584.000000 -0.482018948 0.032435924 0.285448909 0.131254971 0.005981451 -0.001713048 0.991329134
1403636622513555456.000000 -0.482052088 0.032411646 0.285497218 0.131242245 0.006017159 -0.001681759 0.991330683
1403636622563555584.000000 -0.482212007 0.032505445 0.285295516 0.131280243 0.005924752 -0.001776580 0.991326034
1403636622613555456.000000 -0.482201040 0.032527149 0.285281777 0.131264329 0.005961029 -0.001807056 0.991327882
1403636622663555584.000000 -0.481976718 0.032274142 0.285400093 0.131357938 0.005935777 -0.001761076 0.991315722
1403636622713555456.000000 -0.482017308 0.032362152 0.285431832 0.131323099 0.005948877 -0.001677227 0.991320372
1403636622763555584.000000 -0.482059389 0.032507453 0.285384566 0.131314829 0.005990779 -0.001739669 0.991321146
1403636622813555456.000000 -0.482080013 0.032579377 0.285312712 0.131265670 0.005961700 -0.001648083 0.991327941
1403636622863555584.000000 -0.482074469 0.032641344 0.285297453 0.131153718 0.006097870 -0.001588676 0.991342008
1403636622913555456.000000 -0.482057422 0.032657810 0.285365850 0.131061554 0.006231163 -0.001525721 0.991353571
1403636622963555584.000000 -0.482017696 0.032605346 0.285321563 0.131055146 0.006204966 -0.001327781 0.991354764
1403636623013555456.000000 -0.482053459 0.032569967 0.285383999 0.130932599 0.006407521 -0.001484810 0.991369486
1403636623063555584.000000 -0.482045799 0.032551236 0.285513014 0.130966187 0.006585397 -0.001585244 0.991363704
1403636623113555456.000000 -0.482048303 0.032599624 0.285534590 0.130923703 0.006543899 -0.001533150 0.991369724
1403636623163555584.000000 -0.482315421 0.032638311 0.285810113 0.130898952 0.006577357 -0.001572673 0.991372645
1403636623213555456.000000 -0.482215881 0.032661170 0.285911679 0.130891964 0.006457488 -0.001593937 0.991374373
1403636623263555584.000000 -0.482089013 0.032639377 0.285952568 0.130916566 0.006444609 -0.001487653 0.991371334
1403636623313555456.000000 -0.481940836 0.032702640 0.285976529 0.130795524 0.006573191 -0.001623690 0.991386294
1403636623363555584.000000 -0.482002884 0.032699555 0.285759419 0.130835429 0.006463755 -0.001345199 0.991382122
1403636623413555456.000000 -0.481987000 0.032741040 0.285634309 0.130766436 0.006545619 -0.001544209 0.991390407
1403636623463555584.000000 -0.481972367 0.032722458 0.285400718 0.130740240 0.006591409 -0.001418100 0.991393805
1403636623513555456.000000 -0.481924206 0.032803327 0.285355300 0.130631477 0.006518521 -0.001465516 0.991408527
1403636623563555584.000000 -0.481804311 0.032679249 0.285424978 0.130718365 0.006314948 -0.001485733 0.991398335
1403636623613555456.000000 -0.481694728 0.032645945 0.285564512 0.130565152 0.006263112 -0.001460584 0.991418898
1403636623663555584.000000 -0.481638104 0.032921389 0.285442680 0.130651653 0.006122299 -0.001477148 0.991408348
1403636623713555456.000000 -0.481445134 0.032834392 0.285841256 0.130476296 0.006243509 -0.001462316 0.991430700
1403636623763555584.000000 -0.481600016 0.032769036 0.285870284 0.130325019 0.006344269 -0.001325328 0.991450191
1403636623813555456.000000 -0.481611311 0.032768365 0.285288632 0.130045280 0.005500773 -0.001485748 0.991491735
1403636623863555584.000000 -0.481616050 0.032820035 0.285259664 0.129848272 0.005773821 -0.001271561 0.991516292
1403636623913555456.000000 -0.481456310 0.032761276 0.285922825 0.129703283 0.005622366 -0.001435638 0.991535962
1403636623963555584.000000 -0.481790811 0.032803327 0.286002278 0.129673719 0.005936453 -0.000778814 0.991538703
1403636624013555456.000000 -0.481762201 0.032897621 0.285766840 0.129572213 0.006084491 -0.001270657 0.991550565
1403636624063555584.000000 -0.481667370 0.032918423 0.285570860 0.129385963 0.006069569 -0.001073781 0.991575181
1403636624113555456.000000 -0.481629759 0.032968771 0.285361141 0.128693178 0.005596402 -0.001137544 0.991668046
1403636624163555584.000000 -0.481691927 0.032965597 0.284856349 0.128444582 0.005531095 -0.000720907 0.991701007
1403636624213555456.000000 -0.481570214 0.033109318 0.284714967 0.128354132 0.005317379 -0.000898226 0.991713822
1403636624263555584.000000 -0.481311262 0.033191707 0.284820199 0.128379121 0.005002742 -0.000843686 0.991712213
1403636624313555456.000000 -0.481628954 0.033551916 0.284435958 0.127150744 0.001921116 -0.001795702 0.991879940
1403636624363555584.000000 -0.482110590 0.034678325 0.283889353 0.125679746 -0.002750491 -0.002756597 0.992063284
1403636624413555456.000000 -0.482359618 0.037013665 0.282890648 0.124068901 -0.006291036 -0.003331874 0.992248118
1403636624463555584.000000 -0.483191788 0.039838377 0.281038195 0.122626536 -0.011070888 -0.003185385 0.992386103
1403636624513555456.000000 -0.483565360 0.043028746 0.279566944 0.120514408 -0.015583799 -0.003546266 0.992582977
1403636624563555584.000000 -0.484031558 0.046805333 0.276811838 0.118596360 -0.018920494 -0.003952423 0.992754459
1403636624613555456.000000 -0.484595239 0.051143769 0.274138272 -0.117243275 0.019576237 0.005750767 -0.992893636
1403636624663555584.000000 -0.484786630 0.056458987 0.271993071 0.115761273 -0.017484814 -0.007796235 0.993092597
1403636624713555456.000000 -0.486466944 0.062567167 0.269811481 0.114188485 -0.016892022 -0.012169317 0.993241012
1403636624763555584.000000 -0.487744212 0.069278985 0.266164035 0.113146298 -0.014096990 -0.014607888 0.993371010
1403636624813555456.000000 -0.488991141 0.077093594 0.261980504 0.110946581 -0.017085023 -0.022322860 0.993428767
1403636624863555584.000000 -0.488819450 0.085282072 0.256339133 0.109188862 -0.020236051 -0.029099319 0.993388951
1403636624913555456.000000 -0.487088561 0.093949623 0.249679476 0.106631473 -0.026508477 -0.037803359 0.993226111
1403636624963555584.000000 -0.483420908 0.102228947 0.241636410 0.104325086 -0.032421719 -0.045842122 0.992957056
1403636625013555456.000000 -0.477445006 0.109894983 0.232718468 0.102936417 -0.038075566 -0.051191751 0.992639780
1403636625063555584.000000 -0.469736218 0.116360776 0.223932713 0.102102362 -0.044069245 -0.054940473 0.992277503
1403636625113555456.000000 -0.460020542 0.121493749 0.214618728 0.102327295 -0.049297243 -0.055965748 0.991950989
1403636625163555584.000000 -0.448467076 0.125044078 0.206640974 0.104020655 -0.052141443 -0.051698212 0.991861045
1403636625213555456.000000 -0.435734123 0.127644897 0.198451355 0.105805166 -0.050933015 -0.047751598 0.991932929
1403636625263555584.000000 -0.422851413 0.129102632 0.191230103 -0.107327677 0.047276005 0.044073712 -0.992120624
1403636625313555456.000000 -0.410944253 0.130473331 0.187145904 0.108998574 -0.043836184 -0.041093245 0.992224336
1403636625363555584.000000 -0.404849082 0.130883202 0.184606254 0.110459201 -0.041501477 -0.039476719 0.992228806
1403636625413555456.000000 -0.404082775 0.130987719 0.184684277 -0.111075155 0.042933762 0.039452523 -0.992100120
1403636625463555584.000000 -0.406263024 0.131017223 0.186297506 -0.111509152 0.046069015 0.040181518 -0.991881490
1403636625513555456.000000 -0.410114795 0.130510941 0.189407423 -0.111916378 0.047711600 0.040093124 -0.991761565
1403636625563555584.000000 -0.413846552 0.130498201 0.190020323 0.112381935 -0.048895497 -0.040540297 0.991633058
1403636625613555456.000000 -0.414758831 0.129345432 0.193095937 0.112746671 -0.048799388 -0.041662805 0.991549790
1403636625663555584.000000 -0.410615355 0.126289323 0.197296619 -0.113039091 0.047238220 0.042355124 -0.991562784
1403636625713555456.000000 -0.402766138 0.124087125 0.200185031 0.114190102 -0.044218253 -0.041506782 0.991606116
1403636625763555584.000000 -0.390293986 0.120554730 0.203018516 0.114674114 -0.038957264 -0.041448530 0.991773367
1403636625813555456.000000 -0.373755455 0.116824582 0.205197379 0.115527764 -0.033771303 -0.040438514 0.991906106
1403636625863555584.000000 -0.353110164 0.112185843 0.206423104 0.116633832 -0.027793158 -0.038685080 0.992032051
1403636625913555456.000000 -0.326170176 0.107801758 0.206780851 0.117301278 -0.024681458 -0.037098676 0.992096245
1403636625963555584.000000 -0.300940454 0.102697119 0.206239834 0.117919788 -0.021818807 -0.036103752 0.992126763
1403636626013555456.000000 -0.275356412 0.098043755 0.205394328 -0.118635289 0.019438416 0.035129789 -0.992125928
1403636626063555584.000000 -0.251381814 0.093953304 0.206818536 0.120447777 -0.018325381 -0.030686649 0.992076039
1403636626113555456.000000 -0.227713615 0.089247093 0.205231085 0.122427367 -0.018077286 -0.025790427 0.991977692
1403636626163555584.000000 -0.206236646 0.084914967 0.205361187 0.124277309 -0.017522141 -0.020558691 0.991879821
1403636626213555456.000000 -0.185944200 0.081120178 0.203875437 0.125891805 -0.017371653 -0.016287269 0.991758168
1403636626263555584.000000 -0.168313056 0.078631744 0.203041419 -0.126843080 0.017288316 0.013761117 -0.991676748
1403636626313555456.000000 -0.154059738 0.078416951 0.206426948 0.127458096 -0.017213928 -0.012791554 0.991612136
1403636626363555584.000000 -0.143658400 0.077496141 0.206962988 0.127387062 -0.017010789 -0.012973743 0.991622388
1403636626413555456.000000 -0.136734903 0.078433350 0.208631217 -0.127128735 0.016131928 0.014669201 -0.991646528
1403636626463555584.000000 -0.131285265 0.081216626 0.215053976 0.126468778 -0.015119473 -0.017284021 0.991704762
1403636626513555456.000000 -0.126991957 0.083356671 0.217003569 0.125817746 -0.011375941 -0.020504260 0.991776288
1403636626563555584.000000 -0.124192871 0.086335503 0.220027596 -0.125235051 0.007324587 0.024155963 -0.991805971
1403636626613555456.000000 -0.120912455 0.089960694 0.221471757 0.124891751 -0.003672001 -0.027864467 0.991772234
1403636626663555584.000000 -0.120200925 0.094064206 0.222614020 0.124765724 -0.000692404 -0.030831074 0.991706848
1403636626713555456.000000 -0.122076534 0.099955015 0.226339117 0.125152767 -0.000835963 -0.031663246 0.991631806
1403636626763555584.000000 -0.124694362 0.104689740 0.226057380 0.126030207 -0.003151372 -0.032670431 0.991483271
1403636626813555456.000000 -0.128549814 0.109652124 0.224409178 0.126794189 -0.006104717 -0.034026176 0.991326571
1403636626863555584.000000 -0.133665249 0.114908531 0.223192021 0.127319649 -0.009805420 -0.034903444 0.991198957
1403636626913555456.000000 -0.139426917 0.120232940 0.221543789 -0.127625763 0.013960306 0.035845790 -0.991076171
1403636626963555584.000000 -0.146785855 0.125745580 0.221841723 0.127203494 -0.018685633 -0.037174795 0.991003633
1403636627013555456.000000 -0.153983489 0.131257981 0.219932526 0.127130643 -0.022996578 -0.038081124 0.990887880
1403636627063555584.000000 -0.161982343 0.137421966 0.219978750 0.126786754 -0.026917048 -0.038174570 0.990829647
1403636627113555456.000000 -0.167051181 0.142798260 0.217654556 0.126843214 -0.031765737 -0.038872328 0.990651667
1403636627163555584.000000 -0.168268383 0.148167685 0.215069294 -0.127254888 0.030640956 0.038422737 -0.990651846
1403636627213555456.000000 -0.166498363 0.153304592 0.211510107 -0.127293438 0.027910713 0.038662430 -0.990718305
1403636627263555584.000000 -0.161731765 0.158145279 0.208066210 -0.127451107 0.023859335 0.038402721 -0.990813911
1403636627313555456.000000 -0.155125678 0.162901849 0.203478649 -0.128354445 0.020673545 0.037086792 -0.990819037
1403636627363555584.000000 -0.148684800 0.165643781 0.196379393 0.128640160 -0.019274423 -0.036687817 0.990825057
1403636627413555456.000000 -0.138558477 0.170335487 0.190764427 0.129142880 -0.019019591 -0.035741296 0.990799189
1403636627463555584.000000 -0.125906855 0.175818950 0.183866039 -0.129034504 0.018057378 0.034074631 -0.990889966
1403636627513555456.000000 -0.114620820 0.181868032 0.179559812 0.127442837 -0.019463355 -0.031587027 0.991151750
1403636627563555584.000000 -0.106155492 0.187989578 0.174305648 0.124292865 -0.020527037 -0.029633123 0.991590559
1403636627613555456.000000 -0.102379806 0.194403008 0.170223773 -0.120104939 0.021923609 0.028284090 -0.992116034
1403636627663555584.000000 -0.100818567 0.201493263 0.165905237 0.116571270 -0.025125781 -0.027547402 0.992482305
1403636627713555456.000000 -0.105408899 0.208256245 0.163338274 0.111802764 -0.029864307 -0.026921090 0.992916703
1403636627763555584.000000 -0.112443328 0.215263024 0.161212862 -0.105943114 0.035823870 0.026386479 -0.993376374
1403636627813555456.000000 -0.116425298 0.223456219 0.160260946 0.099522069 -0.041418396 -0.025738284 0.993839741
1403636627863555584.000000 -0.124013528 0.230681509 0.160605282 0.092549011 -0.046637446 -0.024884338 0.994304001
1403636627913555456.000000 -0.130589232 0.237706125 0.161353469 -0.086803310 0.051584229 0.024587503 -0.994585216
1403636627963555584.000000 -0.131597996 0.242168918 0.161268488 0.081585445 -0.054067921 -0.025014916 0.994884253
1403636628013555456.000000 -0.132935390 0.248127535 0.164162830 0.077157468 -0.054972172 -0.024769640 0.995194077
1403636628063555584.000000 -0.129720300 0.253322691 0.168208763 -0.073875703 0.052821822 0.023987882 -0.995578706
1403636628113555456.000000 -0.121768378 0.258789867 0.171674624 0.071409330 -0.046306890 -0.022356402 0.996120811
1403636628163555584.000000 -0.112432599 0.263099194 0.176053494 0.069756828 -0.037268545 -0.019652810 0.996673882
1403636628213555456.000000 -0.101584651 0.267140210 0.179983437 -0.068823546 0.028950607 0.016613731 -0.997070312
1403636628263555584.000000 -0.087911405 0.273391783 0.184131995 0.068563282 -0.023048110 -0.011700678 0.997311890
1403636628313555456.000000 -0.075041912 0.277676702 0.187329337 0.069193751 -0.019026389 -0.006886011 0.997398019
1403636628363555584.000000 -0.061604410 0.282475442 0.190002292 -0.069570281 0.017421791 0.004100576 -0.997416496
1403636628413555456.000000 -0.049083181 0.288277209 0.195407838 0.070010148 -0.017108236 -0.002268056 0.997397006
1403636628463555584.000000 -0.037456535 0.294351488 0.198049262 0.070578985 -0.017058704 -0.000878773 0.997359991
1403636628513555456.000000 -0.027080437 0.301236004 0.200673327 -0.071367539 0.017639341 -0.000155640 -0.997294128
1403636628563555584.000000 -0.019132879 0.309219092 0.206547782 0.072280914 -0.018489216 0.001363439 0.997212052
1403636628613555456.000000 -0.012122481 0.317607790 0.209407717 0.073568560 -0.019108579 0.002169931 0.997104764
1403636628663555584.000000 -0.006975205 0.327146858 0.212508559 -0.074279279 0.019162346 -0.002120169 -0.997051120
1403636628713555456.000000 -0.002499316 0.337984174 0.216782689 0.072761491 -0.019092498 0.000803477 0.997166276
1403636628763555584.000000 -0.000562907 0.350062460 0.220308498 0.069482766 -0.021273676 -0.001817241 0.997354686
1403636628813555456.000000 -0.000524083 0.362874776 0.227975234 0.064973146 -0.024756653 -0.004425763 0.997570097
1403636628863555584.000000 -0.000693248 0.376262963 0.232030794 0.060244966 -0.028911950 -0.006354526 0.997744620
1403636628913555456.000000 0.000702733 0.389821887 0.237008840 -0.055850353 0.033175673 0.007382656 -0.997860551
1403636628963555584.000000 0.003100069 0.403071523 0.246722206 0.052464265 -0.036651794 -0.008188978 0.997916400
1403636629013555456.000000 0.008434532 0.416695327 0.247239530 0.049479716 -0.039610527 -0.008006297 0.997957289
1403636629063555584.000000 0.016223365 0.430550635 0.245452806 -0.046546612 0.041089036 0.007450033 -0.998042941
1403636629113555456.000000 0.024267036 0.443987697 0.255369157 0.043373771 -0.041594673 -0.007811723 0.998162091
1403636629163555584.000000 0.033057835 0.458278328 0.254001111 0.039067876 -0.041878436 -0.006358465 0.998338401
1403636629213555456.000000 0.041075394 0.472586185 0.255318701 -0.033686053 0.040809795 0.004594484 -0.998588383
1403636629263555584.000000 0.049016424 0.486949146 0.247537836 -0.028657833 0.039024238 0.002619052 -0.998823822
1403636629313555456.000000 0.055997666 0.501293421 0.244203210 -0.024087762 0.036722459 -0.000368859 -0.999035060
1403636629363555584.000000 0.060910702 0.515045464 0.247718781 -0.020707356 0.034384888 -0.003660021 -0.999187410
1403636629413555456.000000 0.064696871 0.528896451 0.252059281 -0.018109430 0.031385813 -0.008369086 -0.999308288
1403636629463555584.000000 0.065145947 0.542584181 0.272561520 -0.014290952 0.027889373 -0.013906871 -0.999412119
1403636629513555456.000000 0.068565443 0.560382426 0.262288392 -0.009104361 0.025935322 -0.018594824 -0.999449193
1403636629563555584.000000 0.067322433 0.576330006 0.268494993 -0.002809896 0.026526023 -0.022959052 -0.999380529
1403636629613555456.000000 0.058157951 0.587475836 0.336154222 -0.005216106 -0.029430492 0.025566345 0.999226272
1403636629663555584.000000 0.059391554 0.611778438 0.282767504 0.014989098 0.034631439 -0.026743477 -0.998929858
1403636629713555456.000000 0.052991491 0.630664587 0.290873557 0.025046485 0.039587531 -0.028270585 -0.998502016
1403636629763555584.000000 0.045439523 0.650443852 0.299832433 0.036001164 0.044148393 -0.029772304 -0.997932136
1403636629813555456.000000 0.031264417 0.661683619 0.387900293 -0.046651937 -0.046985153 0.033090841 0.997256815
1403636629863555584.000000 0.022693202 0.681631565 0.398120493 -0.057949468 -0.049537662 0.036063757 0.996437311
1403636629913555456.000000 0.014705504 0.701643407 0.409309030 -0.068368129 -0.051104605 0.039037429 0.995585382
1403636629963555584.000000 0.008257051 0.721539915 0.420097858 -0.077707380 -0.051848534 0.040980279 0.994783342
1403636630013555456.000000 0.003617388 0.741000235 0.430094093 -0.085100994 -0.051699832 0.043157380 0.994093835
1403636630063555584.000000 0.000823694 0.760320187 0.439997256 -0.091324374 -0.049963895 0.044675104 0.993563116
1403636630113555456.000000 0.000435117 0.779575288 0.450856328 -0.096656680 -0.045314558 0.045569837 0.993240952
1403636630163555584.000000 0.002450633 0.799000561 0.461837202 -0.101107694 -0.038215432 0.046514284 0.993052483
1403636630213555456.000000 0.006059278 0.818445265 0.472730011 -0.105150931 -0.031388529 0.046516482 0.992871761
1403636630263555584.000000 0.011677258 0.837939560 0.483590364 -0.108045883 -0.025244994 0.047058925 0.992710650
1403636630313555456.000000 0.017898148 0.857338488 0.493997604 -0.110236734 -0.021692684 0.046932206 0.992559671
1403636630363555584.000000 0.024822509 0.876416683 0.503752649 -0.111494437 -0.022320978 0.046969835 0.992403507
1403636630413555456.000000 0.033379026 0.895630896 0.513192236 -0.112296678 -0.023654237 0.046752427 0.992292404
1403636630463555584.000000 0.050140925 0.921549022 0.440327227 0.113259465 0.026761692 -0.044500589 -0.992207527
1403636630513555456.000000 0.061198451 0.940050423 0.448871315 0.113211282 0.028323838 -0.043127947 -0.992230296
1403636630563555584.000000 0.073778979 0.958037019 0.457225800 0.113155439 0.030214822 -0.040117130 -0.992307186
1403636630613555456.000000 0.086075068 0.975384533 0.466056526 0.112706587 0.030829581 -0.037097722 -0.992456794
1403636630663555584.000000 0.097449347 0.992971539 0.475720704 0.111783251 0.032494571 -0.034645181 -0.992596805
1403636630713555456.000000 0.107441515 1.010112405 0.486148387 0.110609978 0.033415254 -0.033070080 -0.992751360
1403636630763555584.000000 0.117177218 1.026014447 0.498115718 0.108977146 0.033350639 -0.033775102 -0.992910385
1403636630813555456.000000 0.124622747 1.042170167 0.511179149 0.106867537 0.033987887 -0.034932882 -0.993077993
1403636630863555584.000000 0.131202102 1.058744311 0.524478137 0.105145626 0.033968557 -0.036335215 -0.993212104
1403636630913555456.000000 0.135660797 1.072949409 0.538876772 0.103237770 0.033598047 -0.037867233 -0.993367612
1403636630963555584.000000 0.138690859 1.086230636 0.555105627 0.101694614 0.033325855 -0.039212376 -0.993483782
1403636631013555456.000000 0.141522661 1.099098802 0.572591960 0.100984983 0.033099025 -0.039835125 -0.993539035
1403636631063555584.000000 0.142589256 1.113107800 0.588861346 0.099887043 0.031988300 -0.039972432 -0.993680835
1403636631113555456.000000 0.143637970 1.125789046 0.606557786 0.099534199 0.030172275 -0.039989911 -0.993772328
1403636631163555584.000000 0.144468650 1.137043953 0.623803675 0.099150836 0.028673630 -0.039822645 -0.993861735
1403636631213555456.000000 0.145105928 1.147946596 0.642807603 0.098422587 0.026540697 -0.039703555 -0.993998170
1403636631263555584.000000 0.144973278 1.158688545 0.660908878 0.098265216 0.025121167 -0.039039582 -0.994076908
1403636631313555456.000000 0.144786522 1.169820786 0.679966509 0.097597033 0.025028132 -0.039332297 -0.994133592
1403636631363555584.000000 0.144602150 1.179723978 0.700779855 0.097375788 0.024943922 -0.038688891 -0.994182587
1403636631413555456.000000 0.142896369 1.187483549 0.722362041 0.096885920 0.024955977 -0.038685415 -0.994230270
1403636631463555584.000000 0.139958352 1.196730733 0.744814038 0.096688800 0.025108797 -0.037783653 -0.994280279
1403636631513555456.000000 0.136483714 1.204252481 0.766314566 0.096485190 0.025434380 -0.036541939 -0.994338214
1403636631563555584.000000 0.131732225 1.211214900 0.787568748 0.096541300 0.025220837 -0.035040859 -0.994392157
1403636631613555456.000000 0.127983436 1.222248912 0.809920132 0.096144304 0.025617981 -0.033743042 -0.994465411
1403636631663555584.000000 0.123933561 1.229591846 0.831298947 0.095482886 0.026416924 -0.032780491 -0.994540453
1403636631713555456.000000 0.120388933 1.238036394 0.849666774 0.095094092 0.026785033 -0.032035831 -0.994592130
1403636631763555584.000000 0.118745551 1.245505452 0.864920020 0.094746456 0.027323386 -0.031265132 -0.994635165
1403636631813555456.000000 0.120497495 1.254412889 0.882438600 0.094113007 0.026949562 -0.030772652 -0.994720876
1403636631863555584.000000 0.123393595 1.260219216 0.901282370 0.094231591 0.027552875 -0.029565683 -0.994729698
1403636631913555456.000000 0.129755214 1.266553760 0.914368927 0.094195642 0.028549554 -0.028595412 -0.994733334
1403636631963555584.000000 0.134302884 1.273764253 0.932006240 0.094248973 0.028919598 -0.028113421 -0.994731367
1403636632013555456.000000 0.139814526 1.279808760 0.948456526 0.094428189 0.028620340 -0.028227877 -0.994719803
1403636632063555584.000000 0.143975899 1.284668803 0.961265504 0.094788432 0.027104216 -0.027841577 -0.994738877
1403636632113555456.000000 0.150559932 1.291090250 0.975214422 0.095212445 0.025569851 -0.026230369 -0.994782805
1403636632163555584.000000 0.154448748 1.295386076 0.988853097 0.096877068 0.024187742 -0.023177937 -0.994732499
1403636632213555456.000000 0.159510314 1.299779654 1.003231168 0.097615942 0.024517775 -0.022207504 -0.994674265
1403636632263555584.000000 0.162192598 1.304870129 1.017997384 0.097963817 0.023644537 -0.023328379 -0.994635582
1403636632313555456.000000 0.163372025 1.306910396 1.033262134 0.098268658 0.023421105 -0.024310783 -0.994587243
1403636632363555584.000000 0.163975909 1.309452295 1.050831437 0.098334141 0.022952033 -0.025337474 -0.994566083
1403636632413555456.000000 0.162712023 1.313843846 1.067681909 0.098863289 0.023901865 -0.025788931 -0.994479597
1403636632463555584.000000 0.158211797 1.316487670 1.083540082 0.098193035 0.026778569 -0.029082878 -0.994381845
1403636632513555456.000000 0.153959349 1.316074610 1.096010566 0.095605999 0.030062461 -0.032838117 -0.994423211
1403636632563555584.000000 0.148201033 1.316070080 1.114424348 0.091371723 0.035254523 -0.037767820 -0.994475722
1403636632613555456.000000 0.142127723 1.313975096 1.132702231 0.085846446 0.040022932 -0.041856345 -0.994623899
1403636632663555584.000000 0.136128217 1.313452005 1.150333524 0.078963906 0.043675169 -0.044018950 -0.994947076
1403636632713555456.000000 0.130580753 1.309849262 1.164303899 0.070677876 0.045836642 -0.044341579 -0.995458484
1403636632763555584.000000 0.128138885 1.305385590 1.181843996 0.061219543 0.046823334 -0.042950731 -0.996099949
1403636632813555456.000000 0.123091184 1.303714275 1.199598908 0.051010352 0.046117313 -0.037972182 -0.996909857
1403636632863555584.000000 0.124460131 1.304724813 1.220802426 0.040848643 0.043067072 -0.029934553 -0.997787893
1403636632913555456.000000 0.126424387 1.306749344 1.237864017 0.030617965 0.038707670 -0.021224035 -0.998555899
1403636632963555584.000000 0.131187111 1.306569815 1.257889867 0.021763008 0.035928607 -0.013175000 -0.999030530
1403636633013555456.000000 0.137710258 1.310610056 1.272212029 0.013859815 0.033375740 -0.006121537 -0.999328077
1403636633063555584.000000 0.144207671 1.314438701 1.288703799 0.006782078 0.032597516 -0.000672220 -0.999445379
1403636633113555456.000000 0.150283083 1.316507816 1.306155682 0.000358183 0.031669300 0.003046207 -0.999493718
1403636633163555584.000000 0.155390695 1.319291115 1.323253155 -0.004890200 0.031525351 0.006184803 -0.999471843
1403636633213555456.000000 0.160307929 1.321611643 1.336437941 -0.009309811 0.031351417 0.007787569 -0.999434769
1403636633263555584.000000 0.164678827 1.324606895 1.353042483 -0.013085561 0.032645356 0.007850955 -0.999350548
1403636633313555456.000000 0.167216226 1.326295257 1.369728446 -0.016113559 0.034083065 0.007192210 -0.999263287
1403636633363555584.000000 0.169260204 1.332717180 1.386784792 -0.019005407 0.035813965 0.005036976 -0.999165118
1403636633413555456.000000 0.167505443 1.338582516 1.402002215 -0.020528741 0.038028914 0.003017838 -0.999061227
1403636633463555584.000000 0.167579129 1.340815544 1.423914909 -0.021857016 0.039915480 0.000854732 -0.998963654
1403636633513555456.000000 0.165888846 1.344307899 1.444842100 -0.021967530 0.041490406 -0.000351567 -0.998897374
1403636633563555584.000000 0.165303543 1.350024700 1.461260319 -0.021582471 0.043353528 -0.001777622 -0.998825073
1403636633613555456.000000 0.164869487 1.354131341 1.481915593 -0.020854196 0.045492325 -0.002516863 -0.998743832
1403636633663555584.000000 0.161714762 1.360489964 1.502078772 -0.019262630 0.046966746 -0.002673656 -0.998707175
1403636633713555456.000000 0.164909810 1.365960360 1.524242520 -0.017810252 0.046619214 -0.003403463 -0.998748183
1403636633763555584.000000 0.168185309 1.371046782 1.543754101 -0.016703250 0.045963939 -0.004541830 -0.998793125
1403636633813555456.000000 0.174966559 1.379022598 1.569356680 -0.015322236 0.045824889 -0.005579404 -0.998816371
1403636633863555584.000000 0.182977080 1.385975361 1.591833949 -0.014350357 0.044681095 -0.007663449 -0.998868883
1403636633913555456.000000 0.194842905 1.393798351 1.617100716 -0.014067749 0.043731768 -0.011846546 -0.998874009
1403636633963555584.000000 0.207268730 1.399846554 1.642679691 -0.013907871 0.041890819 -0.016494583 -0.998889208
1403636634013555456.000000 0.218460664 1.407786608 1.667746544 -0.013523060 0.040055417 -0.020440919 -0.998896837
1403636634063555584.000000 0.227078617 1.417156219 1.692548394 -0.012611300 0.039822247 -0.022687458 -0.998869598
1403636634113555456.000000 0.238395959 1.428496242 1.719012022 -0.012836474 0.040230859 -0.022901002 -0.998845518
1403636634163555584.000000 0.247356504 1.443738103 1.739558339 -0.012828693 0.041386735 -0.021678722 -0.998825669
1403636634213555456.000000 0.258663952 1.460342884 1.765855670 -0.012464717 0.042808719 -0.018455876 -0.998835027
1403636634263555584.000000 0.274214864 1.475653648 1.792391539 -0.011875056 0.042429056 -0.014148500 -0.998928785
1403636634313555456.000000 0.293694973 1.492415071 1.820498228 -0.011506153 0.039355561 -0.010489862 -0.999104023
1403636634363555584.000000 0.313421965 1.507086158 1.848931551 -0.011399697 0.034803331 -0.007375369 -0.999301970
1403636634413555456.000000 0.328207463 1.521863937 1.874281883 -0.011335914 0.030160425 -0.004343566 -0.999471366
1403636634463555584.000000 0.342957616 1.539748669 1.903489709 -0.011442687 0.027266275 -0.002000515 -0.999560773
1403636634513555456.000000 0.353004098 1.557349920 1.932124853 -0.012084246 0.023793342 -0.000451539 -0.999643803
1403636634563555584.000000 0.360676497 1.573833704 1.961980104 -0.012773247 0.021494446 0.000738633 -0.999687135
1403636634613555456.000000 0.369275540 1.597345352 1.988800287 -0.014311210 0.020365324 0.002836627 -0.999686182
1403636634663555584.000000 0.374988586 1.614890456 2.018964767 -0.017547594 0.019765241 0.004935656 -0.999638557
1403636634713555456.000000 0.378955901 1.632876992 2.048533678 -0.020929977 0.019419549 0.007946601 -0.999560773
1403636634763555584.000000 0.385706663 1.648393035 2.079995632 -0.024654225 0.021391064 0.009958001 -0.999417603
1403636634813555456.000000 0.391637474 1.665175200 2.108954668 -0.028206175 0.023573030 0.010877322 -0.999265015
1403636634863555584.000000 0.398477048 1.682646990 2.136454821 -0.031538479 0.025725663 0.011579385 -0.999104381
1403636634913555456.000000 0.407934964 1.697586060 2.167584896 -0.035008349 0.027401248 0.012638908 -0.998931348
1403636634963555584.000000 0.420325637 1.713710904 2.194246531 -0.038029730 0.030014535 0.014200753 -0.998724818
1403636635013555456.000000 0.433796018 1.729689002 2.221640587 -0.040534869 0.030432623 0.016177097 -0.998583555
1403636635063555584.000000 0.444941998 1.745040298 2.249738455 -0.042632930 0.032041188 0.017855354 -0.998417318
1403636635113555456.000000 0.455971003 1.761253238 2.275832176 -0.044396326 0.033568285 0.019159162 -0.998266101
1403636635163555584.000000 0.466147482 1.776188970 2.305481195 -0.046145003 0.034589298 0.019541314 -0.998144448
1403636635213555456.000000 0.474637657 1.787871718 2.338804960 -0.047686033 0.036248747 0.019648073 -0.998011053
1403636635263555584.000000 0.477785587 1.803186893 2.370144844 -0.049677934 0.037308101 0.018099289 -0.997904122
1403636635313555456.000000 0.479651779 1.819779754 2.402669907 -0.051386468 0.038875032 0.016274521 -0.997789264
1403636635363555584.000000 0.483907968 1.835125685 2.434340000 -0.053221777 0.040944066 0.012674144 -0.997662485
1403636635413555456.000000 0.489037782 1.851806760 2.469459295 -0.054452762 0.042114668 0.011244172 -0.997564495
1403636635463555584.000000 0.496306568 1.868403077 2.501892328 -0.055027761 0.041836206 0.009834849 -0.997559488
1403636635513555456.000000 0.506634355 1.884179354 2.535386086 -0.055899214 0.042555228 0.006944414 -0.997504950
1403636635563555584.000000 0.517717719 1.903258204 2.567582369 -0.056165647 0.042744666 0.006168903 -0.997486949
1403636635613555456.000000 0.528158069 1.923168302 2.597462893 -0.056380551 0.042046726 0.005032777 -0.997510910
1403636635663555584.000000 0.540384114 1.941022635 2.627959728 -0.056078609 0.041037552 0.004090700 -0.997574329
1403636635713555456.000000 0.555445254 1.956946731 2.660510778 -0.055714697 0.039864849 0.003516588 -0.997644424
1403636635763555584.000000 0.571592748 1.975140929 2.691957474 -0.055956881 0.036682650 0.001161098 -0.997758448
1403636635813555456.000000 0.590409756 1.996624112 2.727263451 -0.056857225 0.032817468 -0.003125273 -0.997837961
1403636635863555584.000000 0.610675275 2.019240856 2.762151718 -0.057311818 0.030453440 -0.006880616 -0.997868061
1403636635913555456.000000 0.631671309 2.041405678 2.795762062 -0.057971161 0.031902045 -0.010668978 -0.997751415
1403636635963555584.000000 0.650139809 2.065503597 2.825924158 -0.057640985 0.035343897 -0.011402116 -0.997646391
1403636636013555456.000000 0.669140339 2.089807987 2.861603022 -0.056481801 0.040546235 -0.009182347 -0.997537732
1403636636063555584.000000 0.689788342 2.116943121 2.899240732 -0.054532133 0.044346187 -0.004579910 -0.997516274
1403636636113555456.000000 0.707331717 2.145218611 2.935938120 -0.052645326 0.047165703 -0.000144915 -0.997498810
1403636636163555584.000000 0.730322242 2.171134472 2.973045826 -0.051337540 0.045015216 0.004473519 -0.997656286
1403636636213555456.000000 0.753339827 2.199106216 3.010032654 -0.050070569 0.039851759 0.008730526 -0.997912109
1403636636263555584.000000 0.776944518 2.227726460 3.047321320 -0.048976671 0.033497352 0.012059730 -0.998165250
1403636636313555456.000000 0.804672897 2.254561424 3.085291862 -0.048452646 0.027913995 0.013752087 -0.998340666
1403636636363555584.000000 0.832336247 2.282645941 3.121999025 -0.047962692 0.021041956 0.015065445 -0.998513818
1403636636413555456.000000 0.866980791 2.306263208 3.153689623 -0.047988627 0.012336408 0.015773578 -0.998647153
1403636636463555584.000000 0.892613292 2.328358412 3.191653252 -0.048057508 0.005364665 0.016294319 -0.998697281
1403636636513555456.000000 0.914677620 2.343907595 3.234140635 -0.046998296 0.002340851 0.019278325 -0.998706162
1403636636563555584.000000 0.938181937 2.364410162 3.272640705 -0.045837648 0.000991193 0.022899456 -0.998685956
1403636636613555456.000000 0.956779420 2.381961346 3.313713551 -0.044452347 0.000258167 0.027211545 -0.998640835
1403636636663555584.000000 0.973784089 2.397575140 3.354193211 -0.042904627 0.000682926 0.031947326 -0.998568058
1403636636713555456.000000 0.984516442 2.417729139 3.393150806 -0.041501354 0.000691741 0.035814375 -0.998496175
1403636636763555584.000000 0.995159090 2.436129808 3.429859400 -0.040225379 0.001194051 0.039877519 -0.998393893
1403636636813555456.000000 1.000717282 2.454507828 3.465502262 -0.038684040 0.001496893 0.045124430 -0.998230994
1403636636863555584.000000 1.005942941 2.469446182 3.501211405 -0.037427362 0.002965662 0.049666788 -0.998059988
1403636636913555456.000000 1.009502888 2.482304811 3.536191225 -0.038757876 0.006067750 0.047276981 -0.998111188
1403636636963555584.000000 1.010180831 2.494975090 3.569617987 -0.041509688 0.008298472 0.041782271 -0.998229623
1403636637013555456.000000 1.007040739 2.510496140 3.599758625 -0.044752568 0.011228404 0.034950688 -0.998323441
1403636637063555584.000000 1.005976081 2.514808416 3.632440567 -0.047542058 0.013057945 0.028855218 -0.998367012
1403636637113555456.000000 1.001887202 2.517931700 3.666135550 -0.049805269 0.015849469 0.024293050 -0.998337686
1403636637163555584.000000 1.008573294 2.521843433 3.696740866 -0.051201042 0.019695647 0.021659067 -0.998259246
1403636637213555456.000000 1.004931927 2.532645702 3.746859312 -0.051889699 0.024008829 0.020947265 -0.998144448
1403636637263555584.000000 1.001834393 2.540179014 3.779875040 -0.052725766 0.027128536 0.020435613 -0.998031318
1403636637313555456.000000 0.998199284 2.549728394 3.795424461 -0.053385098 0.029828237 0.020482820 -0.997918248
1403636637363555584.000000 1.000453353 2.556374550 3.829614639 -0.053301327 0.031649020 0.021397298 -0.997847438
1403636637413555456.000000 1.005529881 2.562171221 3.864875317 -0.054488365 0.032656152 0.020811159 -0.997763276
1403636637463555584.000000 1.013934493 2.567507505 3.900282860 -0.054929782 0.034551159 0.021920890 -0.997651458
1403636637513555456.000000 1.023633122 2.572589874 3.934778452 -0.055657350 0.035079755 0.021293137 -0.997606277
1403636637563555584.000000 1.034060717 2.577446699 3.968762875 -0.056368839 0.036686331 0.021127312 -0.997512102
1403636637613555456.000000 1.045799375 2.581990480 4.002264023 -0.057464007 0.036953107 0.020093810 -0.997461081
1403636637663555584.000000 1.059397101 2.586372614 4.035512924 -0.058031470 0.037932854 0.019532064 -0.997402608
1403636637713555456.000000 1.076271534 2.590346575 4.070542812 -0.058441829 0.037236109 0.019934731 -0.997397006
1403636637763555584.000000 1.094873071 2.594015598 4.107348442 -0.058975480 0.036041599 0.020307539 -0.997401893
1403636637813555456.000000 1.115384102 2.597430706 4.143923283 -0.059229650 0.033742089 0.020724567 -0.997458696
1403636637863555584.000000 1.137859225 2.600432158 4.180320263 -0.059611715 0.032135177 0.020889891 -0.997485578
1403636637913555456.000000 1.162136912 2.602871656 4.217514038 -0.060147829 0.030164070 0.020824574 -0.997516334
1403636637963555584.000000 1.184584379 2.605153084 4.255888939 -0.060491752 0.027539412 0.020747330 -0.997573078
1403636638013555456.000000 1.202974081 2.607271671 4.295753002 -0.060792360 0.025826365 0.020628147 -0.997603059
1403636638063555584.000000 1.217323422 2.609092712 4.337122440 -0.061306939 0.024077330 0.020551382 -0.997616947
1403636638113555456.000000 1.227816939 2.610743999 4.380117893 -0.061638083 0.021952856 0.020205012 -0.997652590
1403636638163555584.000000 1.235693455 2.612073421 4.423837185 -0.062082522 0.020505020 0.019837638 -0.997663140
1403636638213555456.000000 1.250134945 2.605665445 4.472129345 -0.062442347 0.020157704 0.020104093 -0.997642517
1403636638263555584.000000 1.263954401 2.599657774 4.519587994 -0.062405623 0.019576680 0.020518111 -0.997647941
1403636638313555456.000000 1.273849607 2.595401049 4.566402435 -0.063387856 0.021576488 0.018877285 -0.997577131
1403636638363555584.000000 1.284438729 2.593245745 4.608806610 -0.064905137 0.027611120 0.014801039 -0.997399628
1403636638413555456.000000 1.286245465 2.592830420 4.654181957 -0.066447467 0.038031824 0.009997061 -0.997014701
1403636638463555584.000000 1.287668467 2.592534781 4.700693130 -0.067847930 0.048339512 0.006207797 -0.996504605
1403636638513555456.000000 1.289545774 2.592428207 4.748450279 -0.069265641 0.057165921 0.002084201 -0.995956838
1403636638563555584.000000 1.321502924 2.577222109 4.808255672 -0.069516741 0.062184896 0.000983798 -0.995640278
1403636638613555456.000000 1.330118775 2.577570438 4.857067108 -0.069004968 0.064142212 0.003247338 -0.995546877
1403636638663555584.000000 1.364492297 2.572041512 4.904537201 -0.067704804 0.062228359 0.008597941 -0.995725811
1403636638713555456.000000 1.382605910 2.572740555 4.955959320 -0.066473782 0.059162829 0.012303808 -0.995956719
1403636638763555584.000000 1.429895639 2.565711021 5.006354332 -0.065943182 0.054369681 0.015190022 -0.996225297
1403636638813555456.000000 1.496940255 2.535643101 5.056883335 -0.065724425 0.049142793 0.016329760 -0.996493220
1403636638863555584.000000 1.541432142 2.531957150 5.105172157 -0.065889977 0.044778805 0.015924573 -0.996694505
1403636638913555456.000000 1.580993176 2.526114702 5.167100430 -0.067022145 0.041598048 0.014108946 -0.996784210
1403636638963555584.000000 1.610320687 2.522062302 5.215415001 -0.068193078 0.039094072 0.011730927 -0.996836901
1403636639013555456.000000 1.650567532 2.519365311 5.265129566 -0.069974609 0.039237041 0.006677239 -0.996754527
1403636639063555584.000000 1.683220148 2.522671700 5.318405628 -0.071909539 0.038922992 0.000908179 -0.996651053
1403636639113555456.000000 1.714534163 2.531560898 5.373370647 -0.073596910 0.038835756 -0.004046090 -0.996523380
1403636639163555584.000000 1.742330909 2.536962986 5.430721283 -0.074939378 0.039614808 -0.008147748 -0.996367633
1403636639213555456.000000 1.767375708 2.542225838 5.490979195 -0.076006755 0.040065926 -0.011319491 -0.996237755
1403636639263555584.000000 1.786841154 2.550835609 5.553882599 -0.076365434 0.041068316 -0.012528161 -0.996154964
1403636639313555456.000000 1.805058837 2.558737755 5.619381905 -0.074769534 0.040994208 -0.007913866 -0.996326506
1403636639363555584.000000 1.825019717 2.566461086 5.683521271 -0.072837435 0.040989406 -0.001677133 -0.996499777
1403636639413555456.000000 1.844524026 2.574928284 5.748936176 -0.070790894 0.041184533 0.004763790 -0.996629238
1403636639463555584.000000 1.863547802 2.584032059 5.818488121 -0.068931110 0.041001391 0.011215369 -0.996715426
1403636639513555456.000000 1.882323265 2.593092680 5.885954857 -0.066846393 0.039404940 0.017861679 -0.996824861
1403636639563555584.000000 1.898593307 2.602199316 5.957392693 -0.064648151 0.037061080 0.025197523 -0.996901333
1403636639613555456.000000 1.910598636 2.611259699 6.027703762 -0.063204147 0.035116013 0.030650379 -0.996911585
1403636639663555584.000000 1.921699882 2.620723486 6.093188286 -0.063042067 0.031755358 0.032348812 -0.996980906
1403636639713555456.000000 1.939762950 2.627398968 6.161726475 -0.063750818 0.027679078 0.031031797 -0.997099161
1403636639763555584.000000 1.949823141 2.622593641 6.312912941 0.065688133 -0.023760479 -0.026869657 0.997195363
1403636639813555456.000000 1.970729947 2.628049612 6.379787445 0.066432223 -0.021841215 -0.024794521 0.997243762
1403636639863555584.000000 1.993795872 2.632928371 6.446073532 0.067537449 -0.020674536 -0.022036592 0.997259080
1403636639913555456.000000 2.018740416 2.637470007 6.510607243 0.068784028 -0.020189695 -0.019881923 0.997229099
1403636639963555584.000000 2.045558214 2.641886711 6.574566841 0.069074586 -0.019720851 -0.019243831 0.997230887
1403636640013555456.000000 2.074065685 2.646001816 6.637921810 0.069865108 -0.019145204 -0.019282127 0.997186303
1403636640063555584.000000 2.105831385 2.649593830 6.701115608 0.071996205 -0.018786235 -0.020838102 0.997010291
1403636640113555456.000000 2.140374184 2.652793407 6.763880253 0.075021192 -0.018343417 -0.024636967 0.996708810
1403636640163555584.000000 2.186029434 2.666495085 6.742578030 -0.078734718 0.018339161 0.027348300 -0.996351719
1403636640213555456.000000 2.224797964 2.668988943 6.803040028 -0.083154857 0.018080538 0.028870583 -0.995954275
1403636640263555584.000000 2.264450073 2.671386480 6.862439632 -0.086729757 0.019470340 0.031244874 -0.995551467
1403636640313555456.000000 2.303657055 2.673374414 6.921527863 -0.089887872 0.020044805 0.031848039 -0.995240748
1403636640363555584.000000 2.342132807 2.675092459 6.980692387 -0.092894830 0.019940084 0.033322517 -0.994918406
1403636640413555456.000000 2.379241705 2.676580191 7.040087223 -0.095254175 0.019957790 0.034708701 -0.994647503
1403636640463555584.000000 2.415105581 2.677825451 7.099697113 -0.097208425 0.019779775 0.036026973 -0.994415164
1403636640513555456.000000 2.449514389 2.678915501 7.159430981 -0.099032767 0.021125343 0.036479499 -0.994190872
1403636640563555584.000000 2.483370543 2.679704428 7.219439507 -0.100508407 0.021017663 0.037505846 -0.994006872
1403636640613555456.000000 2.516545296 2.680044651 7.279777527 -0.101727664 0.020946236 0.037573304 -0.993881822
1403636640663555584.000000 2.548847914 2.680083036 7.340029716 -0.102668293 0.020430477 0.038037408 -0.993778229
1403636640713555456.000000 2.580165148 2.679775238 7.400540829 -0.103489451 0.021224301 0.038179573 -0.993670881
1403636640763555584.000000 2.611443043 2.679119349 7.460935116 -0.104284398 0.022783466 0.038184226 -0.993553102
1403636640813555456.000000 2.644449472 2.677869081 7.521414280 -0.104649208 0.023974065 0.038947992 -0.993457019
1403636640863555584.000000 2.678401232 2.676280737 7.581156254 -0.104974583 0.025655894 0.039712604 -0.993350446
1403636640913555456.000000 3.122446537 2.933490038 7.245426655 -0.106491968 0.026417671 0.039185505 -0.993189871
1403636640963555584.000000 3.184211493 2.946401834 7.283980846 -0.106342815 0.026863666 0.039637167 -0.993175983
1403636641013555456.000000 3.247181892 2.959616661 7.320715904 -0.106063753 0.026225502 0.039896611 -0.993212461
1403636641063555584.000000 3.259336710 3.028288841 7.351656914 -0.106081031 0.024990818 0.038839601 -0.993284404
1403636641113555456.000000 3.313291788 3.041707993 7.388902187 -0.105555102 0.024304606 0.039054807 -0.993348956
1403636641163555584.000000 3.356554270 3.053319216 7.421848774 -0.105086997 0.024545681 0.039339598 -0.993381441
1403636641213555456.000000 3.414226532 3.069428682 7.457808018 -0.104607180 0.023606014 0.039114036 -0.993463755
1403636641263555584.000000 3.471252918 3.085531235 7.493539333 -0.104910538 0.022723638 0.037467826 -0.993515849
1403636641313555456.000000 3.527272463 3.101946592 7.528964520 -0.105473079 0.023322860 0.033909321 -0.993570209
1403636641363555584.000000 3.343269587 2.720183134 6.739869118 -0.107067399 0.023570428 0.029440576 -0.993536234
1403636641413555456.000000 3.389775038 2.720901728 6.741733074 -0.108133115 0.024093492 0.025704995 -0.993511975
1403636641463555584.000000 3.436347008 2.722226381 6.742757320 -0.108028226 0.023963429 0.024981340 -0.993544996
1403636641513555456.000000 3.483735085 2.724158525 6.742004871 -0.107241288 0.023424918 0.026270093 -0.993609846
1403636641563555584.000000 3.531980991 2.726648331 6.738707066 -0.106601201 0.023580864 0.028203335 -0.993622065
1403636641613555456.000000 3.582036257 2.729478359 6.733734608 -0.105449468 0.023279777 0.030338371 -0.993689120
1403636641663555584.000000 3.634258509 2.732432127 6.727298260 -0.104632162 0.023612568 0.031937294 -0.993717611
1403636641713555456.000000 3.688965797 2.735662460 6.718407154 -0.104126021 0.022578759 0.033116903 -0.993756175
1403636641763555584.000000 3.746659279 2.738905907 6.707650185 -0.103420459 0.023174727 0.033760078 -0.993794441
1403636641813555456.000000 3.807196140 2.741825342 6.695400238 -0.103302404 0.022330182 0.034014050 -0.993817449
1403636641863555584.000000 3.869892836 2.744400978 6.682911873 -0.103094392 0.021533571 0.034165885 -0.993851423
1403636641913555456.000000 3.934493065 2.746936560 6.669678211 -0.101897851 0.021362916 0.033741802 -0.993992925
1403636641963555584.000000 4.001620770 2.749599457 6.654869080 -0.099415883 0.021047313 0.032070391 -0.994306326
1403636642013555456.000000 4.070449352 2.752624750 6.638354778 -0.095427193 0.019781962 0.030837553 -0.994762003
1403636642063555584.000000 4.140726089 2.755808115 6.620560646 -0.090808369 0.019043032 0.028836031 -0.995268703
1403636642113555456.000000 4.211045265 2.758811951 6.602292538 -0.086287208 0.018316286 0.028080681 -0.995706081
1403636642163555584.000000 4.280700684 2.761635303 6.583164215 -0.082269087 0.017731713 0.027293740 -0.996078551
1403636642213555456.000000 4.349127769 2.764287472 6.562966824 -0.079117529 0.016957488 0.026008280 -0.996381700
1403636642263555584.000000 4.812492847 3.355028629 5.913959503 -0.072868153 0.015196997 0.026215417 -0.996881187
1403636642313555456.000000 4.900193214 3.405149698 5.855392456 -0.068867035 0.015050181 0.023705158 -0.997230649
1403636642363555584.000000 4.991677284 3.448150158 5.797811985 -0.063963510 0.014554707 0.021892497 -0.997605979
1403636642413555456.000000 5.082961559 3.492248297 5.738443851 -0.059642997 0.013619483 0.019772409 -0.997931004
1403636642463555584.000000 5.173871994 3.537456274 5.677220821 -0.055668179 0.013718964 0.018452261 -0.998184562
1403636642513555456.000000 5.264448643 3.583616495 5.613837242 -0.052510317 0.014966975 0.017083148 -0.998362064
1403636642563555584.000000 5.354706764 3.630847692 5.548355579 -0.049344912 0.018320553 0.016879505 -0.998471141
1403636642613555456.000000 5.444880486 3.678794861 5.480931759 -0.047348324 0.022366686 0.015593462 -0.998506308
1403636642663555584.000000 5.535169601 3.727699757 5.411903381 -0.045516916 0.026823692 0.014749700 -0.998494446
1403636642713555456.000000 5.626412392 3.777561426 5.341233730 -0.043804709 0.030828768 0.014405895 -0.998460412
1403636642763555584.000000 5.719825268 3.828323126 5.268950939 -0.042942930 0.034495179 0.013991484 -0.998383820
1403636642813555456.000000 5.817234516 3.879925489 5.194603443 -0.042265244 0.037342634 0.013229293 -0.998320758
1403636642863555584.000000 5.918329239 3.932426691 5.117215157 -0.041974816 0.039064091 0.012433622 -0.998277307
1403636642913555456.000000 6.022927284 3.985834122 5.038587570 -0.041954488 0.040918551 0.012334670 -0.998205066
1403636642963555584.000000 6.130823612 4.040462017 4.957106113 -0.041914489 0.041590761 0.011621521 -0.998187542
1403636643013555456.000000 6.242571831 4.096133709 4.873590946 -0.042180520 0.040909525 0.011241587 -0.998208821
1403636643063555584.000000 6.357572079 4.153100967 4.789390564 -0.042321239 0.037237428 0.010949657 -0.998349905
1403636643113555456.000000 6.473948479 4.211241245 4.703919411 -0.042625401 0.032810092 0.010395211 -0.998498142
1403636643163555584.000000 6.590425491 4.270609379 4.617148399 -0.043105289 0.029585011 0.009556326 -0.998586714
1403636643213555456.000000 6.706853390 4.331362247 4.529023647 -0.043310098 0.026999541 0.009053087 -0.998655796
1403636643263555584.000000 6.823036194 4.393295765 4.439346790 -0.043668356 0.025967123 0.008943198 -0.998668492
1403636643313555456.000000 6.939455032 4.456629753 4.347925186 -0.043767832 0.026322385 0.009341637 -0.998651266
1403636643363555584.000000 7.056957722 4.521244049 4.254614353 -0.043907747 0.028363153 0.009840979 -0.998584390
1403636643413555456.000000 7.183279991 4.576787472 4.162454605 -0.044695463 0.030637516 0.010051174 -0.998480201
1403636643463555584.000000 6.455422401 5.034126282 4.260410309 -0.047327746 0.032110583 0.013326685 -0.998274267
1403636643513555456.000000 6.531292915 5.116866112 4.250277996 0.048429858 -0.035827782 -0.012802892 0.998101711
1403636643563555584.000000 6.640490532 5.199100494 4.069771290 -0.048292797 0.039387401 0.014274270 -0.997954309
1403636643613555456.000000 6.707663059 5.283371449 3.922700644 -0.048398342 0.042953271 0.015567424 -0.997782707
1403636643663555584.000000 6.789166451 5.371215820 3.906271219 0.049918938 -0.045927495 -0.015706968 0.997573137
1403636643713555456.000000 6.888454914 5.458937168 3.802965641 0.050348788 -0.048842914 -0.016775388 0.997395575
1403636643763555584.000000 6.989820480 5.548029900 3.697762489 0.050549194 -0.050332252 -0.017678894 0.997295856
1403636643813555456.000000 7.091543198 5.638493061 3.591613293 0.050433926 -0.053186599 -0.019416437 0.997121155
1403636643863555584.000000 7.193292618 5.730215073 3.485118151 0.050675564 -0.056093924 -0.019791992 0.996942222
1403636643913555456.000000 7.294923782 5.823148251 3.378382206 0.050799638 -0.057958648 -0.020526595 0.996814370
1403636643963555584.000000 7.396164417 5.917330265 3.271660566 0.050645389 -0.059956390 -0.021601969 0.996681333
1403636644013555456.000000 7.497194290 6.012649536 3.164907455 0.050353620 -0.060813624 -0.022379585 0.996627033
1403636644063555584.000000 7.598026276 6.108937263 3.057909727 0.050541788 -0.061566025 -0.022486119 0.996568918
1403636644113555456.000000 7.698644638 6.206282616 2.950746775 0.050310735 -0.062515847 -0.022812240 0.996514022
