1403638149145096960.000000 0.284548432 -0.026972344 0.057061240 0.020144662 -0.008806862 -0.011864649 0.999687910
1403638149195097088.000000 0.236672670 -0.021899959 0.058355894 0.020229669 -0.009458628 -0.010843967 0.999691844
1403638149245096960.000000 0.241702095 -0.027683504 0.070778295 0.020712418 -0.007307460 -0.010186404 0.999706924
1403638149295097088.000000 0.237394959 -0.039416611 0.087227963 0.020795286 -0.005202353 -0.008254879 0.999736190
1403638149345096960.000000 0.256952047 -0.035128307 0.075446732 0.021789934 -0.004872577 -0.007981332 0.999718845
1403638149395097088.000000 0.387066096 -0.054971177 0.087924324 0.021988986 -0.002917035 -0.008257004 0.999719918
1403638149445096960.000000 0.399848163 -0.055347968 0.094605803 0.022480760 -0.002424641 -0.008243413 0.999710381
1403638149495097088.000000 0.368427753 -0.049367905 0.067565508 0.022373924 -0.001315902 -0.009605173 0.999702692
1403638149545096960.000000 0.339967757 -0.051973637 0.085554473 0.021757374 -0.004536469 -0.007953691 0.999721408
1403638149595097088.000000 0.408819377 -0.074937604 0.118033677 0.022112789 0.000497477 -0.010220617 0.999703169
1403638149645096960.000000 0.461028576 -0.081632443 0.123613603 0.024370026 -0.001604787 -0.012026251 0.999629438
1403638149695097088.000000 0.462027282 -0.084395751 0.132309347 0.027690798 -0.000674743 -0.013301137 0.999527872
1403638149745096960.000000 0.399990946 -0.067049034 0.099310338 0.030782565 0.000080051 -0.014716723 0.999417782
1403638149795097088.000000 0.403444290 -0.076237164 0.111047864 0.033355780 -0.000115638 -0.015639976 0.999321163
1403638149845096960.000000 0.414628327 -0.075577959 0.113269880 0.036236454 -0.001150216 -0.016218012 0.999211013
1403638149895097088.000000 0.500379741 -0.116060428 0.169156790 0.038088266 -0.001286943 -0.017100496 0.999127269
1403638149945096960.000000 0.502277493 -0.116151392 0.173023671 0.040008880 -0.001548740 -0.017893346 0.999037921
1403638149995097088.000000 0.416348159 -0.090396188 0.133882195 0.041266032 -0.000640261 -0.019531265 0.998957098
1403638150045096960.000000 0.420356929 -0.089863405 0.135892391 0.041337516 -0.000293245 -0.023152826 0.998876929
1403638150095097088.000000 0.414055139 -0.101291426 0.148228645 0.040220726 0.000150221 -0.028439937 0.998785973
1403638150145096960.000000 0.509271502 -0.155323803 0.221143007 0.039178617 -0.001416388 -0.033971805 0.998653591
1403638150195097088.000000 0.508833587 -0.160892561 0.227863252 0.038246050 -0.001389962 -0.038072217 0.998541832
1403638150245096960.000000 0.411458343 -0.113886528 0.166820526 0.038030207 0.000679334 -0.041313890 0.998421967
1403638150295097088.000000 0.409069866 -0.120096274 0.173750296 0.038435776 -0.001471654 -0.041833945 0.998383999
1403638150345096960.000000 0.498993844 -0.180090964 0.247532085 0.037808385 -0.005990785 -0.042742953 0.998352468
1403638150395097088.000000 0.485609651 -0.218321443 0.280835092 0.039677512 -0.010451650 -0.040296365 0.998345017
1403638150445096960.000000 0.481106251 -0.230715901 0.290325522 0.043522209 -0.016870694 -0.037075780 0.998221755
1403638150495097088.000000 0.399051756 -0.157031149 0.201487541 0.050504591 -0.020009408 -0.033912845 0.997947335
1403638150545096960.000000 0.400503725 -0.164918005 0.206678793 0.055612538 -0.024282005 -0.033623058 0.997590661
1403638150595097088.000000 0.399136096 -0.177250773 0.214710131 0.060179025 -0.026549600 -0.033327710 0.997277737
1403638150645096960.000000 0.482435882 -0.318203807 0.337826788 0.062503636 -0.028666433 -0.033378109 0.997074485
1403638150695097088.000000 0.479801267 -0.322128743 0.347679079 0.066877604 -0.027358474 -0.033416681 0.996826053
1403638150745096960.000000 0.493408769 -0.333761871 0.352953792 0.070528306 -0.027423386 -0.034433655 0.996538043
1403638150795097088.000000 0.421934009 -0.220350787 0.240638301 0.076132782 -0.025047861 -0.036139332 0.996127665
1403638150845096960.000000 0.426400244 -0.236507267 0.250901550 0.080601931 -0.022787305 -0.038642988 0.995736301
1403638150895097088.000000 0.532489598 -0.429249167 0.410458893 0.082268961 -0.021120876 -0.041709382 0.995512962
1403638150945096960.000000 0.536220610 -0.437997818 0.422648251 0.086638607 -0.017804049 -0.043617651 0.995125234
1403638150995097088.000000 0.544888496 -0.452814072 0.429918975 0.091335557 -0.013409337 -0.045229189 0.994702160
1403638151045096960.000000 0.554344356 -0.468678534 0.436347663 0.096722104 -0.012828254 -0.048440333 0.994049251
1403638151095097088.000000 0.456185967 -0.304774940 0.296870887 0.106428064 -0.008398538 -0.051221039 0.992964745
1403638151145096960.000000 0.585040390 -0.553778112 0.480738252 0.110878833 -0.007718515 -0.056393683 0.992202640
1403638151195097088.000000 0.548334956 -0.465258777 0.405066848 0.121390231 -0.007627599 -0.060563859 0.990726173
1403638151245096960.000000 0.550611913 -0.487402231 0.418460906 0.132630453 -0.008526454 -0.064053565 0.989056945
1403638151295097088.000000 0.596336365 -0.647461891 0.529596150 0.142470747 -0.008508849 -0.068031818 0.987421632
1403638151345096960.000000 0.549564421 -0.521603763 0.433489382 0.155690819 -0.010149902 -0.071896918 0.985133648
1403638151395097088.000000 0.552554965 -0.559061587 0.460689843 0.168038860 -0.009910614 -0.075324111 0.982848406
1403638151445096960.000000 0.554846048 -0.583769619 0.474794835 0.180585250 -0.010197829 -0.077860177 0.980419755
1403638151495097088.000000 0.556909144 -0.607959688 0.486098588 0.192187771 -0.009967607 -0.081860431 0.977887213
1403638151545096960.000000 0.562705219 -0.618981600 0.482049257 0.203169689 -0.010013995 -0.084366515 0.975450754
1403638151595097088.000000 0.567175269 -0.643358648 0.494901478 0.212255105 -0.010310414 -0.087739721 0.973212898
1403638151645096960.000000 0.574872851 -0.677634299 0.513048649 0.220169634 -0.009600145 -0.090155549 0.971238971
1403638151695097088.000000 0.584293842 -0.711615443 0.528103232 0.226518646 -0.009226823 -0.092680641 0.969543457
1403638151745096960.000000 0.650352776 -0.931263566 0.671622992 0.230094910 -0.008682656 -0.095592625 0.968422949
1403638151795097088.000000 0.608353794 -0.751909316 0.537156940 0.236008406 -0.010364959 -0.096618690 0.966880322
1403638151845096960.000000 0.623033226 -0.776455760 0.544364393 -0.239438340 0.010730013 0.097703546 -0.965923548
1403638151895097088.000000 0.638187528 -0.812288105 0.558302402 0.241524011 -0.011054756 -0.098842628 0.965284467
1403638151945096960.000000 0.655441701 -0.837426960 0.565223932 0.242699042 -0.011413808 -0.100988783 0.964763284
1403638151995097088.000000 0.734493792 -1.102611661 0.723037064 0.241928026 -0.010778158 -0.102479748 0.964807034
1403638152045096960.000000 0.750953555 -1.128652453 0.730410635 0.242574796 -0.011426429 -0.102483161 0.964636803
1403638152095097088.000000 0.701950192 -0.920588017 0.586139858 0.244320899 -0.012687581 -0.102617003 0.964166045
1403638152145096960.000000 0.716545463 -0.950477302 0.591994643 0.244288743 -0.012326119 -0.103408925 0.964094222
1403638152195097088.000000 0.728146911 -0.978534520 0.600613356 -0.244204149 0.012664009 0.103185333 -0.964135289
1403638152245096960.000000 0.741420448 -1.011825681 0.610684514 0.243648306 -0.011900070 -0.104740143 0.964117944
1403638152295097088.000000 0.749628603 -1.040642619 0.620491743 0.242917433 -0.011584489 -0.105886608 0.964181006
1403638152345096960.000000 0.757147133 -1.071800113 0.630152225 0.241594866 -0.010647901 -0.107325040 0.964365005
1403638152395097088.000000 0.761761606 -1.101730466 0.640822113 0.240469441 -0.010849434 -0.108785927 0.964480400
1403638152445096960.000000 0.843721509 -1.440120697 0.821587026 0.236934587 -0.009920971 -0.110271461 0.965196311
1403638152495097088.000000 0.844997406 -1.471869946 0.833212852 0.235481769 -0.010192007 -0.111997083 0.965350270
1403638152545096960.000000 0.765806615 -1.195145965 0.676000834 0.237551421 -0.010532431 -0.111518838 0.964894772
1403638152595097088.000000 0.852245450 -1.566530704 0.860379636 0.234671220 -0.010279844 -0.111473970 0.965607226
1403638152645096960.000000 0.764641225 -1.264837980 0.698106825 0.238013133 -0.013346137 -0.108766511 0.965060353
1403638152695097088.000000 0.764214754 -1.300496101 0.708913088 -0.240236849 0.015017601 0.106603049 -0.964726150
1403638152745096960.000000 0.857861698 -1.702393532 0.896653831 0.240649879 -0.014335663 -0.107024454 0.964586973
1403638152795097088.000000 0.861910343 -1.740225792 0.906984329 0.245482519 -0.013539385 -0.105239682 0.963576496
1403638152845096960.000000 0.872818768 -1.798837662 0.919719636 0.250917703 -0.012837319 -0.104507066 0.962264895
1403638152895097088.000000 0.881251574 -1.837851405 0.929061890 -0.257579714 0.010063204 0.103396170 -0.960656345
1403638152945096960.000000 0.895164311 -1.897314668 0.939962268 0.264632314 -0.007653090 -0.104300871 0.958661795
1403638152995097088.000000 0.890615225 -1.869154453 0.938251734 0.272351593 -0.007700826 -0.106007844 0.956309438
1403638153045096960.000000 0.919838548 -1.993400335 0.956869841 0.278901041 -0.009910598 -0.108838320 0.954080820
1403638153095097088.000000 0.934827328 -2.042435884 0.965224743 0.284947604 -0.013122261 -0.111436903 0.951953053
1403638153145096960.000000 0.947536707 -2.080372572 0.972835481 0.290082604 -0.016086845 -0.114138931 0.950034559
1403638153195097088.000000 0.968103290 -2.143824100 0.983736873 0.294119269 -0.017953338 -0.116629861 0.948456109
1403638153245096960.000000 0.979244590 -2.181809187 0.993105769 0.297591656 -0.019212911 -0.118706100 0.947089732
1403638153295097088.000000 0.989642143 -2.219959259 1.003203392 0.301270038 -0.019653106 -0.121737294 0.945531666
1403638153345096960.000000 1.006344557 -2.293329000 1.016434431 0.306135327 -0.020686695 -0.123780951 0.943679750
1403638153395097088.000000 1.016324401 -2.344007254 1.028675556 0.311718374 -0.020945886 -0.126662195 0.941461444
1403638153445096960.000000 1.027328730 -2.394765615 1.040661812 0.317360848 -0.020851558 -0.131425187 0.938922107
1403638153495097088.000000 1.037914515 -2.446126223 1.052999735 0.322513908 -0.020106582 -0.138657287 0.936138213
1403638153545096960.000000 1.051388741 -2.498461246 1.064739823 0.328116655 -0.019529162 -0.146307290 0.933033884
1403638153595097088.000000 1.064875007 -2.551770687 1.076023817 0.335005850 -0.019378353 -0.152052149 0.929664373
1403638153645096960.000000 1.081981063 -2.608577251 1.086035728 0.342379749 -0.018338233 -0.157632321 0.926062584
1403638153695097088.000000 1.096997499 -2.664700747 1.096053600 0.351313978 -0.017809168 -0.160523593 0.922222078
1403638153745096960.000000 1.113020062 -2.722732306 1.106054425 0.360989213 -0.016499976 -0.160954192 0.918427110
1403638153795097088.000000 1.125981212 -2.781282425 1.116949081 0.368846864 -0.015350834 -0.163140684 0.914932489
1403638153845096960.000000 1.138625145 -2.838576555 1.128373623 0.376370639 -0.014070296 -0.164053008 0.911720276
1403638153895097088.000000 1.149200082 -2.898649454 1.139580965 0.382531404 -0.012030387 -0.164282352 0.909140468
1403638153945096960.000000 1.160538673 -2.964075089 1.149197817 0.388159186 -0.009163148 -0.162789598 0.907054663
1403638153995097088.000000 1.167812586 -3.025262117 1.160820961 0.392517090 -0.008196491 -0.161777183 0.905368090
1403638154045096960.000000 1.172225356 -3.081423283 1.173827291 0.396154046 -0.006949070 -0.160303175 0.904055715
1403638154095097088.000000 1.176454425 -3.142739773 1.185508013 0.398600996 -0.004609270 -0.160241172 0.903005481
1403638154145096960.000000 1.180212855 -3.204840899 1.196801901 0.400464803 -0.001153381 -0.159874707 0.902256489
1403638154195097088.000000 1.182414770 -3.266152620 1.208240986 0.401543677 0.002597538 -0.159654662 0.901812792
1403638154245096960.000000 1.183439255 -3.326698780 1.219427824 0.402233094 0.006373120 -0.160002097 0.901425183
1403638154295097088.000000 1.182487488 -3.383289099 1.232035279 0.402546376 0.009071653 -0.159910455 0.901278436
1403638154345096960.000000 1.183418870 -3.451327562 1.238906264 0.403176069 0.012529590 -0.157557979 0.901369870
1403638154395097088.000000 1.180684447 -3.507855415 1.247921586 0.403637469 0.017943377 -0.155539215 0.901422441
1403638154445096960.000000 1.177874327 -3.568878174 1.256278872 0.404145271 0.021317774 -0.152998328 0.901556313
1403638154495097088.000000 1.172383070 -3.623789549 1.266999364 0.404175907 0.023846881 -0.151520088 0.901728868
1403638154545096960.000000 1.168413401 -3.683485031 1.272780657 0.404247552 0.023162393 -0.150667027 0.901857495
1403638154595097088.000000 1.165456772 -3.742922783 1.273512959 0.405436933 0.021309288 -0.150191456 0.901448488
1403638154645096960.000000 1.163653135 -3.800877094 1.274362803 0.407331944 0.018298203 -0.150956511 0.900532126
1403638154695097088.000000 1.159899235 -3.849054098 1.279918909 0.410165250 0.014159619 -0.152737990 0.899018943
1403638154745096960.000000 1.160452843 -3.905868292 1.277228117 0.412749588 0.010781811 -0.156908885 0.897162855
1403638154795097088.000000 1.161146760 -3.958840847 1.274634480 0.415030062 0.008485468 -0.161369443 0.895342350
1403638154845096960.000000 1.164191604 -4.014258862 1.268756986 0.417069882 0.007490072 -0.165863425 0.893580437
1403638154895097088.000000 1.167456865 -4.067580223 1.263864636 0.419415444 0.007133110 -0.169363111 0.891827285
1403638154945096960.000000 1.173721194 -4.123394012 1.254974604 0.421996415 0.007435608 -0.173577756 0.889794648
1403638154995097088.000000 1.180010438 -4.176466465 1.245909095 0.425866574 0.008323320 -0.175939754 0.887476027
1403638155045096960.000000 1.188197851 -4.231416225 1.234032154 0.430913448 0.009702763 -0.177987143 0.884612978
1403638155095097088.000000 1.197444677 -4.286994457 1.219419479 0.436308801 0.010400011 -0.180223837 0.881502032
1403638155145096960.000000 1.205600381 -4.348455429 1.199348092 0.441832006 0.012124022 -0.181019291 0.878561080
1403638155195097088.000000 1.212905765 -4.404141903 1.183417201 0.446908206 0.012571787 -0.181042418 0.875978708
1403638155245096960.000000 1.216963768 -4.454012871 1.171246529 0.451744109 0.015084662 -0.180443496 0.873578787
1403638155295097088.000000 1.220852494 -4.509814262 1.154209614 0.455482185 0.017714024 -0.180481046 0.871578395
1403638155345096960.000000 1.219682693 -4.557881832 1.142367363 0.459125459 0.020918628 -0.181506395 0.869380116
1403638155395097088.000000 1.219671965 -4.613067627 1.124058962 0.463751704 0.023889152 -0.182484761 0.866638899
1403638155445096960.000000 1.216948867 -4.673295498 1.101388216 0.467919052 0.026883436 -0.184897959 0.863795042
1403638155495097088.000000 1.210516214 -4.724155903 1.081306458 0.472883761 0.027932517 -0.187158346 0.860565245
1403638155545096960.000000 1.203991175 -4.778292179 1.060034037 0.480223775 0.027579837 -0.185735762 0.856812000
1403638155595097088.000000 1.192983627 -4.829570770 1.039685011 0.487815171 0.026978577 -0.184491560 0.852802157
1403638155645096960.000000 1.183235049 -4.882020950 1.015724182 0.497125477 0.027109163 -0.181618348 0.848024845
1403638155695097088.000000 1.170879006 -4.920523643 0.998923540 0.506857812 0.028128890 -0.180198595 0.842515588
1403638155745096960.000000 1.157908320 -4.970448971 0.973134756 0.516297221 0.027669715 -0.179979235 0.836826801
1403638155795097088.000000 1.142171502 -5.015586376 0.949561834 0.525581479 0.026754651 -0.181812704 0.830657840
1403638155845096960.000000 1.125945926 -5.060983181 0.923798800 0.535280108 0.024564968 -0.183289707 0.824182451
1403638155895097088.000000 1.108597517 -5.104747295 0.897325754 0.544633627 0.020569313 -0.187464431 0.817195356
1403638155945096960.000000 1.092059493 -5.148623943 0.868748665 0.554090261 0.014747796 -0.192760259 0.809697509
1403638155995097088.000000 1.075139523 -5.188194752 0.840743780 0.563607156 0.008474318 -0.199351653 0.801582217
1403638156045096960.000000 1.061468840 -5.229891300 0.810136318 0.572878182 0.002375619 -0.206408873 0.793221474
1403638156095097088.000000 1.048442483 -5.268540859 0.780101061 0.582330108 -0.003492177 -0.212814197 0.784595072
1403638156145096960.000000 1.038610101 -5.308152676 0.747758389 0.591375411 -0.006827401 -0.216863811 0.776658595
1403638156195097088.000000 1.031677842 -5.342151165 0.717953205 0.600107253 -0.010204494 -0.219122678 0.769254506
1403638156245096960.000000 1.025621414 -5.381942272 0.685403824 0.607889414 -0.012551343 -0.223136023 0.761920810
1403638156295097088.000000 1.020446897 -5.418818951 0.654442310 0.614766896 -0.016521687 -0.227744475 0.754931271
1403638156345096960.000000 1.015059471 -5.457936764 0.623480320 0.620615363 -0.019603945 -0.231704012 0.748842776
1403638156395097088.000000 1.008669257 -5.497365475 0.593030930 0.625701308 -0.022491908 -0.233813867 0.743856847
1403638156445096960.000000 1.001345873 -5.537175179 0.563939571 0.629564703 -0.024951130 -0.236401439 0.739689171
1403638156495097088.000000 0.992308259 -5.577475071 0.536065578 0.632594228 -0.027023433 -0.237976000 0.736519992
1403638156545096960.000000 0.982196331 -5.617035866 0.511857986 0.635119855 -0.027478512 -0.238978088 0.734000802
1403638156595097088.000000 0.970875025 -5.658823490 0.486845970 0.637088716 -0.027860437 -0.239448458 0.732124448
1403638156645096960.000000 0.960024476 -5.696275711 0.462965488 0.638050318 -0.028071845 -0.240195170 0.731033564
1403638156695097088.000000 0.946351290 -5.739223480 0.440428257 0.638631761 -0.028849320 -0.240640998 0.730348706
1403638156745096960.000000 0.934611678 -5.778234959 0.421870708 0.639071405 -0.028166754 -0.241030782 0.729862094
1403638156795097088.000000 0.919392347 -5.823726177 0.401374340 0.638861716 -0.028441848 -0.241340563 0.729932606
1403638156845096960.000000 0.904923916 -5.867267609 0.383084774 0.638303995 -0.028627310 -0.241685942 0.730298936
1403638156895097088.000000 0.889109612 -5.914393902 0.364364624 0.637730479 -0.028458875 -0.241819531 0.730762184
1403638156945096960.000000 0.874640584 -5.959600449 0.346141815 0.636584520 -0.028744351 -0.242313415 0.731586099
1403638156995097088.000000 0.861149430 -6.007517338 0.328183651 0.635572910 -0.028754553 -0.241978884 0.732575297
1403638157045096960.000000 0.851987958 -6.052128315 0.312163830 0.634269834 -0.030248262 -0.242403194 0.733503640
1403638157095097088.000000 0.842945337 -6.103831291 0.294268131 0.633050501 -0.031677961 -0.242956743 0.734313011
1403638157145096960.000000 0.834242344 -6.158874035 0.273348808 0.631338060 -0.033506066 -0.244088084 0.735330343
1403638157195097088.000000 0.828100681 -6.212216377 0.255827904 0.629466414 -0.034876205 -0.245745033 0.736318648
1403638157245096960.000000 0.823422194 -6.266337395 0.238073349 0.629054129 -0.035977513 -0.244678617 0.736972868
1403638157295097088.000000 0.825811386 -6.309717178 0.226294041 0.629719794 -0.034945510 -0.244371742 0.736555696
1403638157345096960.000000 0.825043440 -6.366394043 0.207729340 0.630331099 -0.032599784 -0.245383516 0.735803604
1403638157395097088.000000 0.821926117 -6.425864220 0.186386108 0.630727053 -0.029730581 -0.246858194 0.735092163
1403638157445096960.000000 0.820188761 -6.483842850 0.169040203 0.631416440 -0.025881330 -0.247881681 0.734301209
1403638157495097088.000000 0.818633795 -6.547218800 0.152740955 0.633613288 -0.023021040 -0.247617513 0.732591152
1403638157545096960.000000 0.819106102 -6.594390869 0.142009735 0.636762917 -0.019947752 -0.247509122 0.729982495
1403638157595097088.000000 0.813890696 -6.654523849 0.125315666 0.641032994 -0.016307076 -0.247510225 0.726326108
1403638157645096960.000000 0.805629015 -6.718556404 0.106497765 0.645893753 -0.011405586 -0.247781530 0.722007990
1403638157695097088.000000 0.799247742 -6.779209137 0.089525700 0.651656568 -0.006271861 -0.249364659 0.716325164
1403638157745096960.000000 0.798320293 -6.834419250 0.077213287 0.657972932 -0.002111440 -0.252276123 0.709523737
1403638157795097088.000000 0.793772936 -6.895489216 0.058115959 0.664898098 -0.000029969 -0.254684567 0.702172577
1403638157845096960.000000 0.787979603 -6.972520351 0.030708313 0.672899008 0.000567200 -0.256165057 0.693964064
1403638157895097088.000000 0.787028074 -7.033742905 0.008739948 0.681056082 0.000467985 -0.256966442 0.685660839
1403638157945096960.000000 0.789081097 -7.093823910 -0.013799191 0.688711286 -0.000401933 -0.258466184 0.677400827
1403638157995097088.000000 0.790802240 -7.154099464 -0.037316322 0.695003152 -0.000120400 -0.260259539 0.670250416
1403638158045096960.000000 0.796977997 -7.192803860 -0.049090862 0.700783134 -0.004597304 -0.262049079 0.663484931
1403638158095097088.000000 0.796443701 -7.252191544 -0.072006226 0.706303656 -0.008156971 -0.261745512 0.657691419
1403638158145096960.000000 0.791051388 -7.321210384 -0.099236488 0.710919797 -0.010833453 -0.261065662 0.652932167
1403638158195097088.000000 0.788324594 -7.380164146 -0.120120049 0.714978039 -0.014245847 -0.259924829 0.648878038
1403638158245096960.000000 0.789892435 -7.424979210 -0.131469727 0.717752039 -0.014935503 -0.260349780 0.645621419
1403638158295097088.000000 0.785094500 -7.484024048 -0.150403500 0.719755411 -0.014067005 -0.261004061 0.643141687
1403638158345096960.000000 0.780138016 -7.540230751 -0.166722775 0.720450282 -0.012726299 -0.263772428 0.641259372
1403638158395097088.000000 0.773741961 -7.598739624 -0.183825493 0.721141100 -0.011669724 -0.264719248 0.640111804
1403638158445096960.000000 0.766498804 -7.655733585 -0.200336456 0.721139252 -0.008196391 -0.266921163 0.639252782
1403638158495097088.000000 0.758295536 -7.712899685 -0.216099739 0.721161366 -0.005417902 -0.268204689 0.638720036
1403638158545096960.000000 0.751220465 -7.765812874 -0.228853226 0.721043169 -0.002335961 -0.269124120 0.638485372
1403638158595097088.000000 0.741371155 -7.822192192 -0.244176865 0.720553100 -0.000644733 -0.269986033 0.638678730
1403638158645096960.000000 0.731909752 -7.876328945 -0.258801460 0.720459402 0.000811428 -0.269421905 0.639022291
1403638158695097088.000000 0.721198559 -7.931660652 -0.275176048 0.720559835 -0.000304550 -0.267924398 0.639538884
1403638158745096960.000000 0.710901022 -7.986766815 -0.292626381 0.720609069 -0.002541553 -0.266581506 0.640039325
1403638158795097088.000000 0.700116396 -8.041142464 -0.310316086 0.720228791 -0.006932073 -0.266243488 0.640575469
1403638158845096960.000000 0.689507008 -8.099451065 -0.331468582 0.719478309 -0.011492630 -0.265860170 0.641511679
1403638158895097088.000000 0.682330608 -8.153271675 -0.350099564 0.718495727 -0.015716409 -0.266581088 0.642223835
1403638158945096960.000000 0.679927111 -8.214161873 -0.369416237 0.718127370 -0.019389581 -0.266093403 0.642737448
1403638158995097088.000000 0.677167892 -8.268291473 -0.389199257 0.716638207 -0.022599986 -0.268134058 0.643446267
1403638159045096960.000000 0.678869009 -8.304473877 -0.399328232 0.715233564 -0.027230144 -0.271040320 0.643612206
1403638159095097088.000000 0.679744720 -8.359518051 -0.419806480 0.712965071 -0.031393096 -0.275271475 0.644143581
1403638159145096960.000000 0.680912018 -8.426223755 -0.443402290 0.710400581 -0.037846372 -0.279900759 0.644635022
1403638159195097088.000000 0.680437088 -8.482905388 -0.462956429 0.707640171 -0.042236619 -0.285483599 0.644950151
1403638159245096960.000000 0.679812431 -8.528803825 -0.474016190 0.706662953 -0.043423261 -0.287304908 0.645134032
1403638159295097088.000000 0.678645372 -8.589310646 -0.492714882 0.707706630 -0.040923450 -0.283317000 0.645916462
1403638159345096960.000000 0.678154469 -8.649804115 -0.508143425 0.710483432 -0.036348987 -0.275318086 0.646600366
1403638159395097088.000000 0.676201105 -8.718008041 -0.529394150 0.713492751 -0.029581873 -0.266306847 0.647405386
1403638159445096960.000000 0.674125671 -8.782401085 -0.546346664 0.717177570 -0.021912806 -0.255506277 0.647991419
1403638159495097088.000000 0.674792528 -8.838415146 -0.554796219 0.721471190 -0.016035693 -0.243905663 0.647867441
1403638159545096960.000000 0.675857067 -8.902141571 -0.571354866 0.725656688 -0.012964172 -0.231603369 0.647776425
1403638159595097088.000000 0.679117918 -8.961021423 -0.584078789 0.729524076 -0.013807569 -0.220059410 0.647439539
1403638159645096960.000000 0.684768438 -9.022332191 -0.598767281 0.732538342 -0.014919250 -0.211029559 0.647017419
1403638159695097088.000000 0.693720341 -9.079416275 -0.609192848 0.734931409 -0.016077377 -0.203734204 0.646614134
1403638159745096960.000000 0.704283953 -9.138507843 -0.620558739 0.736217916 -0.018748190 -0.200314686 0.646146834
1403638159795097088.000000 0.719008446 -9.192320824 -0.627118111 0.736368835 -0.014841962 -0.200315982 0.646076024
1403638159845096960.000000 0.736007214 -9.247488022 -0.634161949 0.735944450 -0.010528014 -0.202157468 0.646070778
1403638159895097088.000000 0.757238388 -9.292426109 -0.633882523 0.734493673 -0.003801117 -0.208402872 0.645811856
1403638159945096960.000000 0.779639721 -9.342971802 -0.638020515 0.732330203 0.002433595 -0.214988485 0.646116555
1403638159995097088.000000 0.805125713 -9.384843826 -0.638711929 0.731163800 0.006682244 -0.219923109 0.645746648
1403638160045096960.000000 0.833233595 -9.429398537 -0.641955376 0.730006397 0.009550173 -0.224410266 0.645476162
1403638160095097088.000000 0.862264156 -9.465773582 -0.640851974 0.728938460 0.008941407 -0.228578702 0.645229042
1403638160145096960.000000 0.893916130 -9.506177902 -0.643641472 0.727567971 0.007399223 -0.233917236 0.644882083
1403638160195097088.000000 0.926671982 -9.541065216 -0.643578529 0.725437284 0.002081287 -0.241531640 0.644514501
1403638160245096960.000000 0.963265181 -9.579158783 -0.647104263 0.722908378 -0.003827748 -0.249931723 0.644145191
1403638160295097088.000000 0.999787569 -9.612229347 -0.648056030 0.720938146 -0.009862294 -0.256560266 0.643682957
1403638160345096960.000000 1.040131807 -9.649486542 -0.652475357 0.718890846 -0.013590508 -0.262896270 0.643348217
1403638160395097088.000000 1.079083443 -9.681955338 -0.654255867 0.717456162 -0.016455842 -0.267328799 0.643056095
1403638160445096960.000000 1.119761705 -9.718957901 -0.658195496 0.716889799 -0.018559132 -0.268991858 0.642937064
1403638160495097088.000000 1.156769753 -9.752810478 -0.659337997 0.716226935 -0.019969575 -0.270399332 0.643043101
1403638160545096960.000000 1.194839478 -9.790405273 -0.662579536 0.715685785 -0.020767281 -0.271535248 0.643141747
1403638160595097088.000000 1.229444981 -9.826132774 -0.663378716 0.715603232 -0.021232150 -0.271807760 0.643103302
1403638160645096960.000000 1.264592648 -9.864506721 -0.665774345 0.715311587 -0.022889201 -0.272044122 0.643270969
1403638160695097088.000000 1.296425819 -9.901522636 -0.667513847 0.715663552 -0.021090258 -0.271043181 0.643363476
1403638160745096960.000000 1.329891682 -9.941001892 -0.669648170 0.717193544 -0.021311028 -0.266987056 0.643348396
1403638160795097088.000000 1.361437798 -9.980913162 -0.668862343 0.718564630 -0.021160245 -0.261125088 0.644228876
1403638160845096960.000000 1.393806696 -10.020577431 -0.668997765 0.719702303 -0.019050375 -0.252409130 0.646494687
1403638160895097088.000000 1.424496412 -10.060363770 -0.667379379 0.719748735 -0.016979961 -0.242928997 0.650122344
1403638160945096960.000000 1.455812693 -10.099104881 -0.664729118 0.718015075 -0.013577618 -0.234713316 0.655118167
1403638160995097088.000000 1.485218763 -10.135542870 -0.659769058 0.714564979 -0.010719182 -0.229036570 0.660926819
1403638161045096960.000000 1.516330004 -10.177142143 -0.657816887 0.709698319 -0.008817280 -0.224207833 0.667818367
1403638161095097088.000000 1.544311523 -10.208517075 -0.645557404 0.704103887 -0.007862197 -0.220991716 0.674787760
1403638161145096960.000000 1.572829247 -10.240599632 -0.636202812 0.696782529 -0.006576029 -0.220162228 0.682626903
1403638161195097088.000000 1.600901365 -10.272900581 -0.625470161 0.688243270 -0.006524673 -0.219677001 0.691390395
1403638161245096960.000000 1.628114939 -10.302928925 -0.613382339 0.678629696 -0.007242441 -0.219620794 0.700839579
1403638161295097088.000000 1.656601667 -10.334768295 -0.600872993 0.668865085 -0.007919987 -0.218096793 0.710626900
1403638161345096960.000000 1.684204817 -10.363085747 -0.587320328 0.658657968 -0.009238327 -0.217535630 0.720251799
1403638161395097088.000000 1.710409641 -10.390216827 -0.573416710 0.649246395 -0.012439991 -0.218513012 0.728406847
1403638161445096960.000000 1.738551140 -10.419871330 -0.561890602 0.640432179 -0.015906353 -0.220496640 0.735509932
1403638161495097088.000000 1.764028549 -10.446098328 -0.546944618 0.632721126 -0.018894523 -0.223219529 0.741269290
1403638161545096960.000000 1.787898302 -10.475557327 -0.533758163 0.626509786 -0.021295950 -0.224504903 0.746076167
1403638161595097088.000000 1.811174393 -10.501789093 -0.517343521 0.621489286 -0.023216702 -0.224280551 0.750273585
1403638161645096960.000000 1.837184191 -10.529697418 -0.497475147 0.617718637 -0.025368840 -0.223646447 0.753500164
1403638161695097088.000000 1.858160257 -10.556312561 -0.479781151 0.615193307 -0.027714361 -0.221189484 0.756203949
1403638161745096960.000000 1.878037691 -10.582561493 -0.461505890 0.613680184 -0.028465476 -0.217915609 0.758352995
1403638161795097088.000000 1.897251368 -10.613851547 -0.444020271 0.611899614 -0.028039720 -0.214691773 0.760723412
1403638161845096960.000000 1.916139841 -10.640499115 -0.423303604 0.609686732 -0.025295703 -0.211856186 0.763386667
1403638161895097088.000000 1.935255766 -10.669215202 -0.403726578 0.607037008 -0.022717424 -0.208062410 0.766615987
1403638161945096960.000000 1.952438116 -10.695772171 -0.381255150 0.603361726 -0.020838326 -0.205840722 0.770162284
1403638161995097088.000000 1.972472668 -10.727832794 -0.353628159 0.600331843 -0.020125648 -0.204334974 0.772944927
1403638162045096960.000000 1.990858078 -10.753763199 -0.330495358 0.597576797 -0.019763766 -0.202675775 0.775521696
1403638162095097088.000000 2.011984110 -10.784309387 -0.306265831 0.595184624 -0.020034896 -0.201940075 0.777543604
1403638162145096960.000000 2.034438372 -10.810822487 -0.283148766 0.593160450 -0.022295753 -0.201297045 0.779193938
1403638162195097088.000000 2.058273792 -10.836776733 -0.260697842 0.591641784 -0.025584634 -0.200192973 0.780530751
1403638162245096960.000000 2.084243774 -10.867372513 -0.234731674 0.590221286 -0.028149484 -0.200232476 0.781507134
1403638162295097088.000000 2.108856916 -10.893191338 -0.210274220 0.589078963 -0.030432984 -0.199600220 0.782444596
1403638162345096960.000000 2.131369352 -10.920904160 -0.184084415 0.588871658 -0.032675639 -0.197445765 0.783056557
1403638162395097088.000000 2.154593229 -10.947452545 -0.156453133 0.589039743 -0.033131801 -0.195011556 0.783520937
1403638162445096960.000000 2.176636696 -10.976275444 -0.126844406 0.589241743 -0.032251302 -0.193227038 0.783847749
1403638162495097088.000000 2.198915720 -11.002142906 -0.096263409 0.589020848 -0.030380679 -0.192926973 0.784162402
1403638162545096960.000000 2.226441860 -11.033913612 -0.059434891 0.588871539 -0.028736247 -0.194457710 0.783958435
1403638162595097088.000000 2.250228405 -11.059305191 -0.026963234 0.588078022 -0.027146619 -0.197342217 0.783889890
1403638162645096960.000000 2.277598858 -11.087845802 0.007743359 0.587710381 -0.024848443 -0.199718565 0.783639967
1403638162695097088.000000 2.304843664 -11.112237930 0.040144920 0.587105215 -0.023468547 -0.203005105 0.783291578
1403638162745096960.000000 2.333677292 -11.137002945 0.073167801 0.586623192 -0.023002384 -0.205725029 0.782956839
1403638162795097088.000000 2.368096828 -11.167068481 0.109434128 0.586242914 -0.025611393 -0.204991788 0.783352911
1403638162845096960.000000 2.400742292 -11.190668106 0.142328739 0.584733903 -0.027002161 -0.204041347 0.784681082
1403638162895097088.000000 2.437835455 -11.218787193 0.177960873 0.583874345 -0.027757615 -0.199632660 0.786426783
1403638162945096960.000000 2.474069834 -11.241601944 0.211329937 0.583709002 -0.027849831 -0.193782687 0.788007975
1403638162995097088.000000 2.512445927 -11.265258789 0.246496677 0.583211362 -0.023331208 -0.188706174 0.789753258
1403638163045096960.000000 2.552062511 -11.295378685 0.285237312 0.582900643 -0.019150203 -0.183677405 0.791279256
1403638163095097088.000000 2.585661888 -11.317193985 0.323585510 0.581659794 -0.016284173 -0.178548872 0.793427348
1403638163145096960.000000 2.604329586 -11.322764397 0.353215218 0.578184009 -0.015125105 -0.176377565 0.796470702
1403638163195097088.000000 2.642003775 -11.365819931 0.410564899 0.573663533 -0.014403930 -0.177045554 0.799598396
1403638163245096960.000000 2.663447857 -11.384925842 0.455752850 0.567611158 -0.013302765 -0.178484470 0.803606808
1403638163295097088.000000 2.683261871 -11.403582573 0.502595901 0.560885429 -0.012258814 -0.179645479 0.808074832
1403638163345096960.000000 2.692418098 -11.405147552 0.538612366 0.553322613 -0.010447717 -0.179616466 0.813303709
1403638163395097088.000000 2.720382214 -11.438090324 0.599044323 0.545914233 -0.008315845 -0.180025607 0.818229377
1403638163445096960.000000 2.738112211 -11.454312325 0.648190022 0.538482547 -0.006824123 -0.178365469 0.823514342
1403638163495097088.000000 2.755850077 -11.469782829 0.697332859 0.531886339 -0.007066257 -0.177354261 0.828005135
1403638163545096960.000000 2.766345024 -11.468367577 0.733821392 0.526148319 -0.006032185 -0.174900755 0.832190752
1403638163595097088.000000 2.797291040 -11.498580933 0.793106079 0.522017360 -0.007376915 -0.174293876 0.834904253
1403638163645096960.000000 2.824620247 -11.535050392 0.849630833 0.518148363 -0.007123349 -0.174512133 0.837267697
1403638163695097088.000000 2.850497246 -11.549181938 0.895643234 0.514989436 -0.006212293 -0.174013868 0.839325070
1403638163745096960.000000 2.878454208 -11.563053131 0.940608978 0.512807786 -0.006425659 -0.173475876 0.840769291
1403638163795097088.000000 2.908839226 -11.576433182 0.984532833 0.511208832 -0.004749740 -0.173117936 0.841827333
1403638163845096960.000000 2.940636873 -11.588498116 1.027319908 0.510665774 -0.005183700 -0.170994774 0.842587948
1403638163895097088.000000 2.974093437 -11.599956512 1.069233894 0.510486007 -0.005242109 -0.169240400 0.843050599
1403638163945096960.000000 3.008736849 -11.610583305 1.110730171 0.510380805 -0.007387279 -0.168582276 0.843230069
1403638163995097088.000000 3.044955015 -11.620958328 1.151863575 0.511402905 -0.010097276 -0.165362209 0.843220294
1403638164045096960.000000 3.082685471 -11.630898476 1.193003178 0.512145519 -0.012588132 -0.164132252 0.842976391
1403638164095097088.000000 3.122232199 -11.640445709 1.233799934 0.513479888 -0.014034102 -0.162115961 0.842531919
1403638164145096960.000000 3.163396835 -11.649413109 1.274270058 0.514736176 -0.014542692 -0.160185143 0.842125833
1403638164195097088.000000 3.204755068 -11.657312393 1.315228462 0.516368866 -0.015372372 -0.157514811 0.841615081
1403638164245096960.000000 3.245383739 -11.664363861 1.357443810 0.517512619 -0.014068551 -0.156605065 0.841104984
1403638164295097088.000000 3.285307407 -11.670654297 1.400924683 0.519103646 -0.013758149 -0.154373720 0.840542018
1403638164345096960.000000 3.323785782 -11.676188469 1.445145130 0.520278811 -0.012987863 -0.153169960 0.840047836
1403638164395097088.000000 3.361685753 -11.680398941 1.490562916 0.521232605 -0.012533564 -0.152609646 0.839565277
1403638164445096960.000000 3.398228168 -11.683293343 1.537046432 0.522181988 -0.011714462 -0.152814180 0.838949740
1403638164495097088.000000 3.433376074 -11.685399055 1.584230900 0.523081303 -0.013382899 -0.151861027 0.838537514
1403638164545096960.000000 3.468537807 -11.685636520 1.633010387 0.524105787 -0.013946891 -0.150225610 0.838183165
1403638164595097088.000000 3.501590014 -11.684356689 1.683671951 0.524676204 -0.015350369 -0.148903534 0.838037610
1403638164645096960.000000 3.534311771 -11.681683540 1.735343933 0.523794413 -0.016260412 -0.147479996 0.838823438
1403638164695097088.000000 3.566148281 -11.676385880 1.788780689 0.520864069 -0.015720511 -0.147883609 0.840585470
1403638164745096960.000000 3.597753286 -11.670279503 1.844111443 0.517435968 -0.012721514 -0.148475870 0.842646599
1403638164795097088.000000 3.629398823 -11.662770271 1.900853157 0.513152719 -0.006400245 -0.152743667 0.844572544
1403638164845096960.000000 3.659784794 -11.652792931 1.956783772 0.508620977 0.001280652 -0.157891572 0.846388400
1403638164895097088.000000 3.689486504 -11.642704010 2.013665676 0.504380047 0.008286216 -0.162335157 0.848044515
1403638164945096960.000000 3.718663454 -11.631457329 2.069036007 0.501214385 0.012591881 -0.164726302 0.849406242
1403638164995097088.000000 3.745162964 -11.620006561 2.123085976 0.500122964 0.015413713 -0.161320508 0.850655735
1403638165045096960.000000 3.771530628 -11.606125832 2.176554203 0.499612629 0.016322115 -0.153807998 0.852328539
1403638165095097088.000000 3.796849728 -11.590550423 2.230308533 0.498012125 0.014590904 -0.146876529 0.854516506
1403638165145096960.000000 3.818156242 -11.574328423 2.282369614 0.495620668 0.010873073 -0.142948627 0.856625736
1403638165195097088.000000 3.839192867 -11.557609558 2.337234974 0.492140263 0.006191953 -0.143337116 0.858611763
1403638165245096960.000000 3.858196259 -11.539445877 2.391144276 0.488137633 -0.000719711 -0.145968825 0.860473335
1403638165295097088.000000 3.875325680 -11.519881248 2.446145535 0.484883159 -0.009313327 -0.147573069 0.861988246
1403638165345096960.000000 3.891528606 -11.499338150 2.500951767 0.482390463 -0.014917047 -0.146456137 0.863497257
1403638165395097088.000000 3.907635212 -11.476498604 2.556847095 0.480912089 -0.018252593 -0.143903106 0.864686310
1403638165445096960.000000 3.924715519 -11.455460548 2.615068436 0.479228973 -0.017579356 -0.143270373 0.865739107
1403638165495097088.000000 3.939829350 -11.433439255 2.673557758 0.478057653 -0.011765651 -0.141201973 0.866824448
1403638165545096960.000000 3.954207420 -11.411687851 2.732750893 0.476819009 -0.004520575 -0.139985964 0.867771447
1403638165595097088.000000 3.970121384 -11.386952400 2.793455601 0.476325512 0.003687917 -0.137537450 0.868437648
1403638165645096960.000000 3.967677593 -11.336669922 2.838727951 0.475121260 0.013410919 -0.137139678 0.869064331
1403638165695097088.000000 3.995297670 -11.331987381 2.913962841 0.474872202 0.020628884 -0.136324704 0.869187236
1403638165745096960.000000 4.003701210 -11.298824310 2.971854210 0.473619998 0.026697937 -0.137639895 0.869497955
1403638165795097088.000000 4.011021614 -11.267528534 3.030653477 0.472659111 0.027118752 -0.139753267 0.869670630
1403638165845096960.000000 4.017265797 -11.232478142 3.086795807 0.471270472 0.023557007 -0.143617719 0.869898379
1403638165895097088.000000 4.023572922 -11.198093414 3.143025875 0.470326811 0.018234370 -0.146919355 0.869985640
1403638165945096960.000000 4.017405510 -11.135326385 3.180780888 0.468989611 0.013769677 -0.150154263 0.870237231
1403638165995097088.000000 4.044930935 -11.118889809 3.249195576 0.468360752 0.007927208 -0.154204369 0.869940519
1403638166045096960.000000 4.040487289 -11.054761887 3.286185741 0.467612565 0.001419021 -0.156437755 0.869979203
1403638166095097088.000000 4.070207596 -11.043494225 3.352856159 0.466265887 -0.001241516 -0.162511647 0.869588792
1403638166145096960.000000 4.086742878 -11.008254051 3.404637814 0.465369046 -0.002894999 -0.166994989 0.869215786
1403638166195097088.000000 4.108695507 -10.972111702 3.451916218 0.465580702 -0.004355578 -0.169607058 0.868590355
1403638166245096960.000000 4.134818077 -10.933407784 3.496743202 0.466025263 -0.004852630 -0.171759561 0.867926061
1403638166295097088.000000 4.166405201 -10.895439148 3.539424896 0.466543168 -0.004133584 -0.173419267 0.867321312
1403638166345096960.000000 4.201611519 -10.859734535 3.579730034 0.466833800 -0.004095403 -0.175826490 0.866680205
1403638166395097088.000000 4.239534855 -10.828269005 3.614809036 0.467093378 -0.003303706 -0.177365065 0.866230130
1403638166445096960.000000 4.278733253 -10.793543816 3.651730537 0.467276722 -0.004242668 -0.178861022 0.865819454
1403638166495097088.000000 4.319102764 -10.761092186 3.688329220 0.467801541 -0.003765394 -0.179608226 0.865383387
1403638166545096960.000000 4.328992367 -10.689770699 3.702285290 0.468627334 -0.004280775 -0.177071661 0.865456998
1403638166595097088.000000 4.394869804 -10.693885803 3.759956360 0.469765395 -0.003558959 -0.178756505 0.864496410
1403638166645096960.000000 4.417086601 -10.637896538 3.785519600 0.470708400 -0.004822022 -0.177682459 0.864198744
1403638166695097088.000000 4.465218544 -10.626335144 3.834872723 0.471901596 -0.006104784 -0.176106438 0.863862336
1403638166745096960.000000 4.496876240 -10.592057228 3.874359131 0.473539978 -0.008983309 -0.173389196 0.863490283
1403638166795097088.000000 4.526599407 -10.555836678 3.913242817 0.475677282 -0.015703997 -0.168965995 0.863096178
1403638166845096960.000000 4.547126293 -10.510581970 3.947061062 0.477263838 -0.024490802 -0.165483326 0.862690389
1403638166895097088.000000 4.576842308 -10.495956421 3.992890358 0.477951437 -0.035859942 -0.163970008 0.862200916
1403638166945096960.000000 4.600440025 -10.465924263 4.034075737 0.477928758 -0.044610102 -0.164144143 0.861771882
1403638166995097088.000000 4.624632359 -10.431771278 4.073179722 0.476986885 -0.051200900 -0.166494310 0.861476481
1403638167045096960.000000 4.636712551 -10.379004478 4.103987217 0.475677758 -0.054533694 -0.169552028 0.861399353
1403638167095097088.000000 4.663941383 -10.350005150 4.146176338 0.474670768 -0.056129239 -0.172553942 0.861256242
1403638167145096960.000000 4.675689697 -10.311075211 4.183492661 0.472967565 -0.054287549 -0.175540090 0.861707807
1403638167195097088.000000 4.692999840 -10.280405998 4.216153145 0.471408814 -0.052204657 -0.177093610 0.862372518
1403638167245096960.000000 4.772337914 -10.307222366 4.300073624 0.471517384 -0.049477760 -0.183029041 0.861233890
1403638167295097088.000000 4.767370224 -10.246504784 4.318569660 0.470060468 -0.046755180 -0.182124838 0.862373292
1403638167345096960.000000 4.851339817 -10.269249916 4.399343491 0.470858783 -0.044340510 -0.184890524 0.861476302
1403638167395097088.000000 4.871944904 -10.229122162 4.436744213 0.470555902 -0.043426652 -0.183896020 0.861901164
1403638167445096960.000000 4.886289597 -10.202351570 4.471590042 0.469962627 -0.041732498 -0.180784881 0.862966120
1403638167495097088.000000 4.927568913 -10.187885284 4.526153088 0.470576435 -0.039562147 -0.178195700 0.863272250
1403638167545096960.000000 4.992693901 -10.195087433 4.597163677 0.472438335 -0.036240701 -0.176433027 0.862763107
1403638167595097088.000000 5.000581741 -10.164681435 4.632408619 0.472621560 -0.033951338 -0.169214025 0.864200711
1403638167645096960.000000 5.026447296 -10.158533096 4.685964108 0.473486781 -0.033706870 -0.162253708 0.865071058
1403638167695097088.000000 5.094777584 -10.171987534 4.762875080 0.474156141 -0.033251833 -0.157615900 0.865579307
1403638167745096960.000000 5.107742786 -10.149364471 4.813202381 0.471325368 -0.032768127 -0.150330499 0.868435025
1403638167795097088.000000 5.158323288 -10.155662537 4.882901669 0.469302624 -0.033785529 -0.144867226 0.870417714
1403638167845096960.000000 5.194672585 -10.152112961 4.949203014 0.465111256 -0.035382304 -0.139371276 0.873496056
1403638167895097088.000000 5.222349644 -10.149665833 5.008809090 0.459657162 -0.035086129 -0.134795770 0.877105772
1403638167945096960.000000 5.267478943 -10.165129662 5.085341930 0.453945041 -0.034545057 -0.130705729 0.880713761
1403638167995097088.000000 5.302630424 -10.155268669 5.153220177 0.446816504 -0.034075804 -0.127955496 0.884771883
1403638168045096960.000000 5.291258335 -10.103360176 5.193043709 0.439728081 -0.033212002 -0.122782551 0.889078498
1403638168095097088.000000 5.337236404 -10.100572586 5.267161369 0.435122937 -0.032581195 -0.119397417 0.891824424
1403638168145096960.000000 5.371412277 -10.092033386 5.333506584 0.428942263 -0.031626418 -0.118575603 0.894957125
1403638168195097088.000000 5.411009789 -10.080109596 5.402404785 0.422856182 -0.030323682 -0.115923017 0.898239970
1403638168245096960.000000 5.452992439 -10.066853523 5.471871853 0.414808214 -0.029087793 -0.117180459 0.901862979
1403638168295097088.000000 5.496556759 -10.052314758 5.541723728 0.406933993 -0.028187327 -0.116765954 0.905525267
1403638168345096960.000000 5.542288780 -10.037127495 5.611953735 0.398631036 -0.026254669 -0.116126604 0.909350693
1403638168395097088.000000 5.590272903 -10.021671295 5.682372093 0.390688121 -0.024088157 -0.113977559 0.913121939
1403638168445096960.000000 5.644597054 -10.016877174 5.754192352 0.382245183 -0.022364197 -0.115645498 0.916523159
1403638168495097088.000000 5.682341576 -9.993485451 5.818742752 0.373584121 -0.023285789 -0.119271874 0.919601560
1403638168545096960.000000 5.729635239 -9.977891922 5.890800476 0.365919620 -0.024009435 -0.125109419 0.921886146
1403638168595097088.000000 5.774832726 -9.962576866 5.963634968 0.358998418 -0.026725020 -0.131313264 0.923668146
1403638168645096960.000000 5.818502426 -9.948149681 6.037122726 0.352912813 -0.027846213 -0.136938870 0.925162137
1403638168695097088.000000 5.860226631 -9.934917450 6.111460686 0.348031193 -0.029164802 -0.141602308 0.926268160
1403638168745096960.000000 5.900538921 -9.923196793 6.186255455 0.344776750 -0.029961959 -0.144516572 0.927009344
1403638168795097088.000000 5.939311028 -9.912923813 6.261295319 0.342896491 -0.030814996 -0.145760790 0.927483797
1403638168845096960.000000 5.976684570 -9.904240608 6.336785316 0.341231674 -0.032264814 -0.147409722 0.927787960
1403638168895097088.000000 6.013235092 -9.897453308 6.412886620 0.340174437 -0.032483175 -0.149073586 0.927902639
1403638168945096960.000000 6.048418522 -9.892689705 6.489400864 0.340160012 -0.033730838 -0.149196044 0.927843750
1403638168995097088.000000 6.082849979 -9.890066147 6.566306591 0.340809822 -0.032639731 -0.149755716 0.927554131
1403638169045096960.000000 6.116595745 -9.889350891 6.643728256 0.342398286 -0.028774455 -0.149163529 0.927192390
1403638169095097088.000000 5.740765095 -10.292061806 6.172487259 0.345234215 -0.023796460 -0.144677714 0.926992714
1403638169145096960.000000 5.759902954 -10.321800232 6.223843575 0.349277705 -0.020615572 -0.140657783 0.926172495
1403638169195097088.000000 5.765766621 -10.344508171 6.268120289 0.352883697 -0.019237189 -0.135415450 0.925616384
1403638169245096960.000000 5.769972324 -10.368346214 6.311675072 0.356294721 -0.018278090 -0.127810016 0.925410569
1403638169295097088.000000 5.772395134 -10.392889977 6.354693890 0.358388364 -0.017063214 -0.118738294 0.925833583
1403638169345096960.000000 5.773345947 -10.417773247 6.397344589 0.360246748 -0.015241399 -0.105620638 0.926733136
1403638169395097088.000000 5.773293018 -10.442453384 6.439939022 0.359870046 -0.013120818 -0.093896486 0.928172886
1403638169445096960.000000 5.772387028 -10.465967178 6.481949806 0.357669652 -0.010121640 -0.083625704 0.930041254
1403638169495097088.000000 5.771976471 -10.488041878 6.523344040 0.352840275 -0.007714556 -0.076049209 0.932556093
1403638169545096960.000000 5.773097515 -10.508476257 6.563572884 0.347020209 -0.004644663 -0.070558749 0.935188174
1403638169595097088.000000 5.775573254 -10.526124954 6.602166176 0.338820934 -0.002617616 -0.067468867 0.938425064
1403638169645096960.000000 5.738855839 -10.349031448 6.516084671 0.329227597 -0.000852486 -0.066893317 0.941877842
1403638169695097088.000000 5.739171982 -10.355752945 6.543997288 0.317793339 -0.000307509 -0.069276437 0.945625782
1403638169745096960.000000 5.740846157 -10.360898018 6.569660187 0.306168526 0.000566870 -0.069977783 0.949401736
1403638169795097088.000000 5.595031261 -9.929027557 5.773621082 0.293199122 0.002053561 -0.074993044 0.953103423
1403638169845096960.000000 5.586846352 -9.921654701 5.745598793 0.278843582 0.003859911 -0.079843774 0.957003832
1403638169895097088.000000 5.579541206 -9.914462090 5.713383675 0.264582425 0.006305190 -0.083179258 0.960748553
1403638169945096960.000000 5.572392941 -9.907777786 5.676700592 0.250317603 0.012504593 -0.086164623 0.964240909
1403638169995097088.000000 5.565477848 -9.902351379 5.635317802 0.237363920 0.019300692 -0.085520968 0.967456460
1403638170045096960.000000 5.454526901 -10.083860397 5.552362919 0.225930154 0.024871228 -0.081311755 0.970425367
1403638170095097088.000000 5.461205006 -9.924550056 5.431707382 0.214631140 0.028739693 -0.075666375 0.973335624
1403638170145096960.000000 5.276640415 -9.376349449 5.113712311 0.204057917 0.029282223 -0.068364248 0.976129711
1403638170195097088.000000 4.821263313 -10.328491211 5.152657032 0.193580896 0.028992273 -0.060869165 0.978765011
1403638170245096960.000000 4.665822029 -10.545538902 5.058890343 0.183020368 0.027868452 -0.053157348 0.981275320
1403638170295097088.000000 4.331240177 -10.979742050 5.032542706 0.172707975 0.026060168 -0.044306397 0.983630955
1403638170345096960.000000 4.327544689 -10.915362358 4.870406628 0.162473962 0.023355799 -0.038023725 0.985703349
1403638170395097088.000000 4.132189751 -11.223601341 4.818821907 0.151274607 0.019823629 -0.031451937 0.987792432
1403638170445096960.000000 3.900314569 -11.287855148 4.709354877 -0.139998242 -0.016982859 0.025901875 -0.989667237
1403638170495097088.000000 3.804125786 -11.345967293 4.593610764 -0.130241543 -0.014688393 0.017583979 -0.991217554
1403638170545096960.000000 2.890098095 -13.013416290 5.128140926 -0.121091239 -0.014979566 0.008071095 -0.992495596
1403638170595097088.000000 2.951104879 -13.985339165 5.190506935 -0.109121114 -0.015366813 0.001103599 -0.993909061
1403638170645096960.000000 2.835345030 -14.042479515 5.054325104 -0.099037342 -0.018753715 -0.005545342 -0.994891584
1403638170695097088.000000 2.653874159 -14.274203300 5.002671719 -0.088939026 -0.021690344 -0.011631158 -0.995732963
1403638170745096960.000000 1.479298592 -15.591017723 5.987321854 -0.079693973 -0.023419470 -0.017257001 -0.996394873
1403638170795097088.000000 1.315375924 -15.937611580 6.031562328 -0.069218062 -0.024715126 -0.020977886 -0.997074723
1403638170845096960.000000 1.118783712 -15.677375793 5.493594646 -0.058367103 -0.025582043 -0.024656398 -0.997662783
1403638170895097088.000000 0.889752865 -15.863674164 5.059095860 -0.046719577 -0.026179146 -0.026320096 -0.998218060
1403638170945096960.000000 0.689574838 -16.057571411 4.969144821 -0.035913132 -0.025664290 -0.028986350 -0.998604774
1403638170995097088.000000 0.483892918 -16.255706787 4.877588749 -0.025075275 -0.026550964 -0.031582575 -0.998833716
1403638171045096960.000000 0.272905052 -16.458559036 4.784738064 -0.015160426 -0.028199378 -0.034927141 -0.998876989
1403638171095097088.000000 0.056767117 -16.666360855 4.690491676 -0.006595595 -0.029198959 -0.038205855 -0.998821437
1403638171145096960.000000 -0.164087936 -16.878988266 4.594644070 0.000791456 -0.030603670 -0.040812187 -0.998697817
1403638171195097088.000000 -0.389792860 -17.096542358 4.497200012 0.006563085 -0.031665187 -0.044427335 -0.998489141
1403638171245096960.000000 -0.619850576 -17.318948746 4.398266792 0.011391656 -0.032775912 -0.047298878 -0.998277903
1403638171295097088.000000 -0.854369164 -17.546129227 4.297778130 0.015644794 -0.033716571 -0.048708744 -0.998121262
1403638171345096960.000000 -1.093394399 -17.778316498 4.195631981 0.018577972 -0.034484074 -0.050700344 -0.997945547
1403638171395097088.000000 -1.336695790 -18.015119553 4.091800690 0.021453150 -0.036243845 -0.052360814 -0.997739732
1403638171445096960.000000 -1.584582686 -18.256458282 3.986435175 0.025290212 -0.037098840 -0.054184061 -0.997521043
1403638171495097088.000000 -1.836675048 -18.502704620 3.879593849 0.028049875 -0.038749505 -0.056480687 -0.997257113
1403638171545096960.000000 -2.093238115 -18.753808975 3.771270752 0.030061102 -0.040531203 -0.060014673 -0.996921182
1403638171595097088.000000 -1.601852059 -18.504446030 2.784847736 0.033879094 -0.042559821 -0.061028998 -0.996652603
1403638171645096960.000000 -1.838225245 -18.764196396 2.643973827 0.038267456 -0.044018529 -0.065664314 -0.996135592
1403638171695097088.000000 -2.027099133 -18.724050522 1.832909822 0.042641755 -0.045988530 -0.069734275 -0.995592237
1403638171745096960.000000 -2.269415140 -18.989217758 1.661900640 0.047442373 -0.047479186 -0.073178679 -0.995057702
1403638171795097088.000000 -2.514845848 -19.259403229 1.487802505 0.051770192 -0.048046086 -0.076428510 -0.994570315
1403638171845096960.000000 -2.525793791 -19.282522202 0.578556597 0.055785272 -0.051213145 -0.080196574 -0.993898273
1403638171895097088.000000 -2.767096043 -19.558448792 0.373911560 0.058678534 -0.053985883 -0.083463103 -0.993315816
1403638207795097088.000000 4.316408634 -11.329208374 3.587392330 0.542717993 0.017103044 -0.178719446 0.820502341
1403638207845096960.000000 4.308209419 -11.328885078 3.545278072 0.547706366 0.010053951 -0.181139886 0.816765010
1403638207895097088.000000 4.284528732 -11.340853691 3.484922886 0.547492683 0.005127049 -0.183767006 0.816367090
1403638207945096960.000000 4.276773453 -11.340902328 3.432473660 0.548719645 0.000283349 -0.186037064 0.815044105
1403638207995097088.000000 4.262277126 -11.351193428 3.382403374 0.548642337 -0.000965236 -0.187746078 0.814703703
1403638208045096960.000000 4.241704464 -11.356338501 3.344122887 0.550557792 -0.001462505 -0.187780842 0.813401699
1403638208095097088.000000 4.206598282 -11.365271568 3.198281765 0.549238265 0.001827992 -0.186752588 0.814529002
1403638208145096960.000000 4.224293709 -11.360073090 3.243773937 0.551983237 0.001461985 -0.183516115 0.813409090
1403638208195097088.000000 4.180944443 -11.365900040 3.103729725 0.551409125 0.006742346 -0.180838123 0.814370990
1403638208245096960.000000 4.162027359 -11.369726181 3.056609631 0.550652981 0.009616814 -0.179888949 0.815063715
1403638208295097088.000000 4.142445564 -11.367743492 3.009808540 0.550109625 0.010618815 -0.179650813 0.815470576
1403638208345096960.000000 4.100996971 -11.369233131 2.905763626 0.548452735 0.008045841 -0.181168377 0.816279948
1403638208395097088.000000 4.077009201 -11.366706848 2.858453274 0.547014296 0.006633926 -0.182894275 0.816872776
1403638208445096960.000000 4.061742783 -11.365884781 2.828146458 0.547476470 0.004470848 -0.185117811 0.816076577
1403638208495097088.000000 4.038478851 -11.360168457 2.787151337 0.548909187 0.003183755 -0.186637551 0.814773023
1403638208545096960.000000 4.019124031 -11.353311539 2.752763748 0.552324414 0.001311908 -0.187917247 0.812171876
1403638208595097088.000000 3.975445509 -11.350378036 2.636212826 0.554078162 -0.000374655 -0.190894186 0.810281873
1403638208645096960.000000 3.962260246 -11.346496582 2.600111485 0.559411526 -0.000379140 -0.192229584 0.806291819
1403638208695097088.000000 3.944833994 -11.343111992 2.565055847 0.564604640 -0.000447611 -0.193580627 0.802339077
1403638208745096960.000000 3.935319424 -11.335898399 2.524670601 0.569525659 -0.001644812 -0.193769693 0.798806071
1403638208795097088.000000 3.920596361 -11.327674866 2.487916946 0.574349463 -0.000672936 -0.195271790 0.794978738
1403638208845096960.000000 3.889473200 -11.316251755 2.370071411 0.576324046 -0.000760081 -0.194309250 0.793784559
1403638208895097088.000000 3.877760887 -11.312124252 2.333699226 0.579214275 0.000751732 -0.196633995 0.791103899
1403638208945096960.000000 3.865926981 -11.303627968 2.287273407 0.581532180 0.001973197 -0.197828293 0.789101064
1403638208995097088.000000 3.857848883 -11.295415878 2.262102127 0.584205687 0.002086614 -0.198496640 0.786955237
1403638209045096960.000000 3.840824842 -11.281987190 2.213456154 0.585247695 0.002296073 -0.198835164 0.786094487
1403638209095097088.000000 3.801533937 -11.265417099 2.128608704 0.586982429 0.001946026 -0.198491290 0.784887910
1403638209145096960.000000 3.787156820 -11.254709244 2.092051506 0.587748826 0.001933484 -0.199333727 0.784100533
1403638209195097088.000000 3.772849560 -11.240840912 2.068504333 0.589278162 0.001412758 -0.199937537 0.782799006
1403638209245096960.000000 3.752674580 -11.233413696 2.035628319 0.590201974 0.001643894 -0.200224698 0.782028854
1403638209295097088.000000 3.738454103 -11.218900681 2.012066841 0.591335893 -0.000484108 -0.198499620 0.781613469
1403638209345096960.000000 3.679844856 -11.196642876 1.919488907 0.590055883 -0.000782252 -0.198819637 0.782498717
1403638209395097088.000000 3.660031796 -11.186793327 1.900165558 0.591392517 -0.001049317 -0.197716132 0.781768680
1403638209445096960.000000 3.638090849 -11.176161766 1.870389938 0.591770172 -0.002025604 -0.197837904 0.781450093
1403638209495097088.000000 3.617245674 -11.162754059 1.845522881 0.592434347 -0.000843143 -0.195857197 0.781447947
1403638209545096960.000000 3.594028711 -11.143814087 1.822006226 0.593134582 0.001155965 -0.194899991 0.781155646
1403638209595097088.000000 3.523685932 -11.117941856 1.744887352 0.592043757 0.002333946 -0.193246409 0.782390356
1403638209645096960.000000 3.494699240 -11.105788231 1.725717545 0.592262924 0.001035835 -0.192512020 0.782408357
1403638209695097088.000000 3.463507891 -11.091466904 1.696269035 0.591011584 -0.000121682 -0.193581030 0.783091128
1403638209745096960.000000 3.425462246 -11.076855659 1.680642128 0.590725839 -0.000323888 -0.194379628 0.783108830
1403638209795097088.000000 3.388367176 -11.057557106 1.668247223 0.590366423 0.001852006 -0.196769014 0.782781005
1403638209845096960.000000 3.279072523 -11.027843475 1.624579430 0.588958144 0.004539139 -0.196698487 0.783847868
1403638209895097088.000000 3.220671177 -11.007949829 1.606072426 0.588538349 0.007267194 -0.196930289 0.784084380
1403638209945096960.000000 3.159642220 -10.987026215 1.584900856 -0.588575304 -0.010418018 0.195763305 -0.784313321
1403638209995097088.000000 3.100863695 -10.966112137 1.571368217 0.589045048 0.014035950 -0.194480956 0.784223258
1403638210045096960.000000 3.039186954 -10.943042755 1.551467896 0.589433789 0.017844202 -0.192507535 0.784340680
1403638210095097088.000000 2.965760469 -10.913291931 1.518774986 0.589660287 0.020786433 -0.189763799 0.784766495
1403638210145096960.000000 2.925083637 -10.896060944 1.520007133 0.591173351 0.023074653 -0.187173039 0.784186184
1403638210195097088.000000 2.867016792 -10.868446350 1.499485016 -0.591734171 -0.026492164 0.185059592 -0.784156799
1403638210245096960.000000 2.815386295 -10.840110779 1.483597755 0.592277169 0.025778225 -0.183817461 0.784062803
1403638210295097088.000000 2.729119062 -10.794997215 1.432850838 0.590942204 0.025384167 -0.184019566 0.785034955
1403638210345096960.000000 2.703728914 -10.771747589 1.439265251 0.591342986 0.026562029 -0.185261920 0.784401715
1403638210395097088.000000 2.647500753 -10.735516548 1.418574333 -0.591221869 -0.024783697 0.184926614 -0.784630299
1403638210445096960.000000 2.599514008 -10.699342728 1.397297859 0.590827823 0.024707491 -0.185493380 0.784795642
1403638210495097088.000000 2.541948557 -10.660177231 1.377786160 -0.591181219 -0.024370303 0.183646187 -0.784974515
1403638210545096960.000000 2.494976282 -10.621926308 1.373606682 0.591633260 0.025225297 -0.183708265 0.784592330
1403638210595097088.000000 2.434839964 -10.579792976 1.355888367 0.591340125 0.025804827 -0.183293670 0.784891307
1403638210645096960.000000 2.380827904 -10.536005974 1.341068268 0.591784418 0.026563568 -0.181865424 0.784863472
1403638210695097088.000000 2.318948984 -10.490451813 1.324076653 0.592029572 0.025351435 -0.180038750 0.785139740
1403638210745096960.000000 2.256120443 -10.439304352 1.281372070 0.590676844 0.025197100 -0.179940417 0.786185384
1403638210795097088.000000 2.196638823 -10.389413834 1.263813496 0.590506732 0.024961594 -0.179667875 0.786382973
1403638210845096960.000000 2.156505108 -10.340054512 1.276050568 0.591644466 0.023793181 -0.180367589 0.785403252
1403638210895097088.000000 2.099668741 -10.286433220 1.257911205 0.591669440 0.020235434 -0.180510581 0.785451353
1403638210945096960.000000 2.054052830 -10.231534958 1.241940022 0.590857089 0.017648874 -0.183222950 0.785497189
1403638210995097088.000000 2.000929117 -10.174945831 1.223503590 0.590738654 0.014422999 -0.183795169 0.785518467
1403638211045096960.000000 1.958893299 -10.115924835 1.206674099 0.590686560 0.011866160 -0.184795529 0.785365582
1403638211095097088.000000 1.911104441 -10.057099342 1.187446117 0.590214252 0.009389272 -0.186131626 0.785438716
1403638211145096960.000000 1.879038572 -10.005255699 1.160695553 0.589553237 0.006904119 -0.187101156 0.785730600
1403638211195097088.000000 1.835952044 -9.946003914 1.141295910 0.589617908 0.004003565 -0.187077180 0.785707891
1403638211245096960.000000 1.794332504 -9.877175331 1.124101639 0.589505494 0.003010219 -0.188185468 0.785532057
1403638211295097088.000000 1.756573677 -9.818623543 1.105042458 0.588618219 0.002450615 -0.188662827 0.786084592
1403638211345096960.000000 1.727453947 -9.757215500 1.100229263 0.587511003 0.002012819 -0.188450500 0.786964595
1403638211395097088.000000 1.691837311 -9.697616577 1.083011627 0.584260166 0.002576231 -0.187371328 0.789636314
1403638211445096960.000000 1.658567667 -9.633867264 1.070203781 0.580135465 0.001187158 -0.186053440 0.792985201
1403638211495097088.000000 1.622262239 -9.572924614 1.055296898 0.574962258 0.001245563 -0.184037179 0.797212124
1403638211545096960.000000 1.586280346 -9.507166862 1.044656754 0.569248319 0.000571233 -0.181601837 0.801858366
1403638211595097088.000000 1.548670411 -9.445347786 1.032008648 0.562768638 -0.000409905 -0.176996067 0.807442725
1403638211645096960.000000 1.510023594 -9.377652168 1.024281025 0.555741489 -0.000640628 -0.172104731 0.813345611
1403638211695097088.000000 1.470670462 -9.314015388 1.014574051 0.547046304 -0.000767768 -0.166621879 0.820351720
1403638211745096960.000000 1.429646850 -9.244689941 1.009651184 0.537481666 -0.002671066 -0.161967635 0.827570498
1403638211795097088.000000 1.390212059 -9.179601669 1.002749920 0.526888371 -0.004317478 -0.155922011 0.835498929
1403638211845096960.000000 1.349250793 -9.102964401 0.970034599 0.515252531 -0.008074583 -0.148901895 0.843965650
1403638211895097088.000000 1.312891722 -9.036903381 0.964333534 0.504195213 -0.009168612 -0.142960668 0.851625144
1403638211945096960.000000 1.278114080 -8.970878601 0.992851257 0.494156152 -0.008923696 -0.138057202 0.858295083
1403638211995097088.000000 1.246603012 -8.903123856 0.988836765 0.482532769 -0.009783085 -0.133426160 0.865600348
1403638212045096960.000000 1.215358377 -8.829123497 0.988908291 0.471484512 -0.009771763 -0.128707528 0.872376800
1403638212095097088.000000 1.188149691 -8.759232521 0.986499310 0.459440440 -0.008768645 -0.125808850 0.879209757
1403638212145096960.000000 1.162294149 -8.684993744 0.988338947 0.447793782 -0.007623427 -0.123276547 0.885565102
1403638212195097088.000000 1.140758991 -8.613823891 0.986863136 0.435457736 -0.005151213 -0.121191137 0.891999304
1403638212245096960.000000 1.119404554 -8.537374496 0.988655329 0.423561007 -0.004556112 -0.117793202 0.898164868
1403638212295097088.000000 1.102991819 -8.463705063 0.985902309 0.411783397 -0.003477328 -0.114362210 0.904070556
1403638212345096960.000000 1.085495710 -8.390069962 0.978871822 0.399744540 -0.003646421 -0.111438282 0.909820080
1403638212395097088.000000 1.073140264 -8.315276146 0.976385593 0.387287289 -0.001102419 -0.109133020 0.915476561
1403638212445096960.000000 1.061134100 -8.237896919 0.983429193 0.375730485 -0.001349512 -0.106000133 0.920645893
1403638212495097088.000000 1.053881407 -8.161214828 0.979869843 0.364354849 0.000415473 -0.100691669 0.925800562
1403638212545096960.000000 1.044229746 -8.073851585 0.984583616 0.353678524 -0.000253147 -0.095249742 0.930504680
1403638212595097088.000000 1.039687872 -7.994724274 0.980484724 0.341350973 -0.000234919 -0.092152134 0.935407639
1403638212645096960.000000 1.034060001 -7.912956238 0.981385827 0.330162078 -0.001108381 -0.086109705 0.939987719
1403638212695097088.000000 1.032275796 -7.831388950 0.976346612 0.317755908 -0.001268728 -0.082514927 0.944574416
1403638212745096960.000000 1.031119466 -7.748364449 0.976100326 0.304609895 -0.002014705 -0.080641247 0.949055254
1403638212795097088.000000 1.033362389 -7.665466785 0.970117152 0.292056620 -0.000578953 -0.075216740 0.953438520
1403638212845096960.000000 1.035403371 -7.582027435 0.958112955 -0.278501958 0.000909686 0.070600346 -0.957836866
1403638212895097088.000000 1.038490295 -7.497397423 0.951762915 -0.265494764 0.002033959 0.064294428 -0.961964011
1403638212945096960.000000 1.042973518 -7.411273003 0.951014638 -0.251654387 0.001507293 0.059801787 -0.965966702
1403638212995097088.000000 1.048741102 -7.325829029 0.938777506 -0.236834481 0.003093252 0.055117391 -0.969980359
1403638213045096960.000000 1.057781696 -7.237891674 0.953386486 0.223462194 -0.002301058 -0.049588386 0.973447740
1403638213095097088.000000 1.065735340 -7.147844315 0.946225166 0.209149554 -0.003279978 -0.043499716 0.976910233
1403638213145096960.000000 1.074876070 -7.063169479 0.945545077 0.195163533 -0.005219525 -0.036054570 0.980093896
1403638213195097088.000000 1.079816818 -6.971276283 0.938387275 0.181005239 -0.009218703 -0.028772343 0.983017981
1403638213245096960.000000 1.087567210 -6.886086464 0.940809548 0.167451009 -0.015127948 -0.020355087 0.985554218
1403638213295097088.000000 1.090070009 -6.793446541 0.936272204 0.153936967 -0.020810043 -0.010931381 0.987801075
1403638213345096960.000000 1.094999433 -6.706526756 0.941546977 0.140681744 -0.027535897 -0.001423078 0.989670873
1403638213395097088.000000 1.095284700 -6.612575054 0.940404534 0.127359644 -0.032394350 0.008671546 0.991289556
1403638213445096960.000000 0.940625370 -6.485455036 0.909945428 0.117875159 -0.033182669 0.015788624 0.992348313
1403638213495097088.000000 0.940775931 -6.388736725 0.913460851 0.104935512 -0.034682434 0.025527257 0.993546188
1403638213545096960.000000 1.101560473 -6.333896160 0.965146661 0.089013755 -0.038723163 0.035283420 0.994651794
1403638213595097088.000000 1.101415277 -6.233046055 0.972111821 0.075855754 -0.032882430 0.035893366 0.995929897
1403638213645096960.000000 1.092123032 -6.177852631 1.017608047 0.062949248 -0.028203556 0.029013807 0.997196138
1403638213695097088.000000 1.095302701 -6.074430943 1.026318431 0.052646559 -0.019063676 0.025008524 0.998117983
1403638213745096960.000000 1.059711576 -5.934820652 1.072686076 0.045339569 -0.008048330 0.021318205 0.998711705
1403638213795097088.000000 1.065726995 -5.830817699 1.081834197 0.037916671 -0.002292089 0.016652437 0.999139607
1403638213845096960.000000 1.132210732 -5.735874653 1.040410519 0.031351250 0.002237979 0.014239879 0.999404550
1403638213895097088.000000 1.141506195 -5.631675243 1.048859954 0.027948039 0.004357681 0.012765492 0.999518335
1403638213945096960.000000 1.127153397 -5.559445858 1.114279270 0.024550825 0.002040636 0.007909396 0.999665260
1403638213995097088.000000 1.138716578 -5.455778122 1.121771097 0.024143253 0.001411748 0.008679445 0.999669909
1403638214045096960.000000 1.153228760 -5.356706619 1.135458708 0.023161633 -0.002617921 0.006744829 0.999705613
1403638214095097088.000000 1.166420937 -5.253755093 1.142343998 0.022821678 -0.008568853 0.005020594 0.999690235
1403638214145096960.000000 1.217323303 -5.188067913 1.089652419 0.024298489 -0.014839271 0.005669510 0.999578595
1403638214195097088.000000 1.232913613 -5.086216927 1.096794367 0.025364554 -0.021661740 0.004250304 0.999434590
1403638214245096960.000000 1.239946961 -4.959730625 1.128920555 0.027933160 -0.026068961 0.002932250 0.999265552
1403638214295097088.000000 1.254729271 -4.858940125 1.137897015 0.029556803 -0.030740378 0.002326072 0.999087632
1403638214345096960.000000 1.266265750 -4.790130615 1.157086730 0.029832663 -0.035151877 -0.000420483 0.998936594
1403638214395097088.000000 1.279729724 -4.690577507 1.170654535 0.031316750 -0.037596900 -0.002050801 0.998800099
1403638214445096960.000000 1.293068647 -4.591370583 1.188104510 -0.033101846 0.037738275 0.003493075 -0.998733163
1403638214495097088.000000 1.326756716 -4.504242420 1.217167020 0.034611378 -0.035271131 -0.004338185 0.998768866
1403638214545096960.000000 1.338386178 -4.405649185 1.236485362 0.036274739 -0.029630044 -0.005218714 0.998888910
1403638214595097088.000000 1.336291671 -4.303761959 1.252680898 0.038357228 -0.022508629 -0.005450281 0.998995721
1403638214645096960.000000 1.345988274 -4.206284523 1.274931073 0.040105142 -0.016617769 -0.005903971 0.999039888
1403638214695097088.000000 1.346118808 -4.129805088 1.310722232 0.040811632 -0.010368420 -0.007091222 0.999087870
1403638214745096960.000000 1.353678823 -4.032914162 1.333459496 0.042406257 -0.004947047 -0.007827943 0.999057531
1403638214795097088.000000 1.365424752 -3.932299614 1.349363923 0.044759233 -0.001720920 -0.007980376 0.998964489
1403638214845096960.000000 1.369502664 -3.836655140 1.372887850 0.046077121 0.001615057 -0.008850385 0.998897374
1403638214895097088.000000 1.352130413 -3.754223108 1.397338033 0.047660440 0.005048743 -0.009474060 0.998805940
1403638214945096960.000000 1.353050709 -3.659691572 1.421118736 0.048575763 0.007374700 -0.010043192 0.998741865
1403638214995097088.000000 1.364482403 -3.590826750 1.425772786 0.049147986 0.007496717 -0.009918490 0.998714149
1403638215045096960.000000 1.362411261 -3.497780800 1.449455261 0.049885496 0.008033184 -0.009923866 0.998673320
1403638215095097088.000000 1.355939269 -3.379738569 1.500838041 0.049835294 0.010523571 -0.011927949 0.998630822
1403638215145096960.000000 1.351658463 -3.288226366 1.523421884 0.050183229 0.010356355 -0.012093550 0.998613179
1403638215195097088.000000 1.345004559 -3.210390806 1.546699166 0.050008569 0.008474248 -0.012894199 0.998629630
1403638215245096960.000000 1.338499069 -3.120649099 1.568717241 0.049396146 0.007013355 -0.014361479 0.998651385
1403638215295097088.000000 1.330827832 -3.044306040 1.591031909 0.048340492 0.005373439 -0.016999001 0.998671830
1403638215345096960.000000 1.323503971 -2.957196951 1.612431288 0.047326572 0.004456778 -0.018908678 0.998690605
1403638215395097088.000000 1.316161633 -2.881457567 1.636054158 0.046095915 0.004494283 -0.021454494 0.998696506
1403638215445096960.000000 1.311105371 -2.798063755 1.656584382 0.044889767 0.005589190 -0.024998026 0.998663545
1403638215495097088.000000 1.305156946 -2.725595713 1.678808212 0.044426739 0.005410774 -0.025904547 0.998662114
1403638215545096960.000000 1.303418040 -2.645689249 1.697028875 0.044144284 0.005265352 -0.026064446 0.998671234
1403638215595097088.000000 1.302838922 -2.574270964 1.714401126 0.043563932 0.007639107 -0.027281275 0.998648882
1403638215645096960.000000 1.304030418 -2.498465538 1.729686022 0.044282164 0.008778435 -0.025578210 0.998652995
1403638215695097088.000000 1.305737019 -2.407019138 1.753729343 0.045789450 0.008795133 -0.023838028 0.998627901
1403638215745096960.000000 1.308463216 -2.334715128 1.767427683 0.046727519 0.009367989 -0.020775270 0.998647749
1403638215795097088.000000 1.309701920 -2.267300367 1.782273173 0.045636561 0.009444273 -0.018995946 0.998732865
1403638215845096960.000000 1.309979200 -2.197534323 1.795495152 0.043830983 0.009096884 -0.015605551 0.998875678
1403638215895097088.000000 1.308705091 -2.127070665 1.810402989 0.041258570 0.009138473 -0.014835905 0.998996615
1403638215945096960.000000 1.306028128 -2.058934450 1.822687984 0.039015688 0.009353508 -0.013194885 0.999107718
1403638215995097088.000000 1.300754189 -2.015661716 1.827152133 0.036117766 0.009381212 -0.011561728 0.999236643
1403638216045096960.000000 1.295293927 -1.948859811 1.838442564 0.034256097 0.009311780 -0.010564483 0.999313891
1403638216095097088.000000 1.290161610 -1.861754179 1.862110376 0.032821279 0.009805503 -0.011925385 0.999342084
1403638216145096960.000000 1.285394430 -1.796788931 1.872231007 0.031377073 0.009369061 -0.011236745 0.999400616
1403638216195097088.000000 1.281803846 -1.734039187 1.882653117 0.029718958 0.009839137 -0.012045191 0.999437332
1403638216245096960.000000 1.279470801 -1.671358466 1.890161753 0.028292507 0.011571675 -0.012129090 0.999459147
1403638216295097088.000000 1.264888644 -1.602794528 1.917849302 0.028395420 0.009401388 -0.011150829 0.999490380
1403638216345096960.000000 1.265001059 -1.542214513 1.923656344 0.027421914 0.010760107 -0.011493661 0.999499977
1403638216395097088.000000 1.265646100 -1.483115911 1.937739134 0.026470132 0.011895313 -0.012304979 0.999503076
1403638216445096960.000000 1.268028021 -1.425201297 1.940676808 0.025707396 0.012744748 -0.012350303 0.999511957
1403638216495097088.000000 1.286243320 -1.377051592 1.915285349 0.023938935 0.015131084 -0.013023531 0.999514103
1403638216545096960.000000 1.287429690 -1.320701838 1.916952252 0.023211332 0.014544886 -0.013521231 0.999533355
1403638216595097088.000000 1.263532639 -1.243249059 1.954395175 0.024366546 0.012290386 -0.013909645 0.999530792
1403638216645096960.000000 1.260276437 -1.189014196 1.956074357 0.023161126 0.010618474 -0.015913535 0.999548674
1403638216695097088.000000 1.278371811 -1.159165263 1.921591640 0.020533642 0.010958466 -0.017789345 0.999570847
1403638216745096960.000000 1.271364212 -1.106840134 1.923457384 0.019861910 0.010179720 -0.019783607 0.999555230
1403638216795097088.000000 1.249101639 -1.046788454 1.951214433 0.019892661 0.010081522 -0.019540193 0.999560356
1403638216845096960.000000 1.240441442 -0.996781707 1.953320265 0.017351529 0.013727657 -0.019049946 0.999573708
1403638216895097088.000000 1.228651047 -0.951638818 1.957290769 0.013797769 0.016412409 -0.017933380 0.999609292
1403638216945096960.000000 1.218005180 -0.904368699 1.958833694 0.009409734 0.017469505 -0.015504859 0.999682963
1403638216995097088.000000 1.196832180 -0.833019674 1.976867914 0.005662813 0.018366126 -0.012304969 0.999739587
1403638217045096960.000000 1.183770299 -0.787756622 1.976661921 -0.000015730 0.016767733 -0.007199448 0.999833524
1403638217095097088.000000 1.168830991 -0.751937985 1.971386313 -0.006966381 0.014277499 -0.002109597 0.999871612
1403638217145096960.000000 1.153865218 -0.708024919 1.969384551 -0.014135367 0.011767657 0.002572336 0.999827623
1403638217195097088.000000 1.136375308 -0.665448606 1.979047656 -0.020734064 0.009719163 0.006129258 0.999719083
1403638217245096960.000000 1.120796680 -0.623414099 1.976516366 -0.027008573 0.007686164 0.007680814 0.999576151
1403638217295097088.000000 1.110618472 -0.570080996 1.971255660 -0.031830482 0.005889943 0.009218468 0.999433458
1403638217345096960.000000 1.098523617 -0.530141175 1.966589332 -0.036566917 0.004832743 0.009860809 0.999270856
1403638217395097088.000000 1.082044601 -0.501551211 1.975327373 -0.040457305 0.003342117 0.011767287 0.999106407
1403638217445096960.000000 1.074412465 -0.463364184 1.968360662 -0.043511234 0.002782474 0.012511043 0.998970747
1403638217495097088.000000 1.069169044 -0.412591606 1.949935794 -0.046458773 0.001738552 0.010850603 0.998859763
1403638217545096960.000000 1.065508127 -0.375995159 1.941018820 -0.049708877 0.000723032 0.008536467 0.998727083
1403638217595097088.000000 1.059626102 -0.350484729 1.950019598 -0.052089278 -0.000039829 0.006793287 0.998619378
1403638217645096960.000000 1.059372663 -0.316437244 1.939428449 -0.054525532 -0.000497087 0.002623076 0.998508871
1403638217695097088.000000 1.060727954 -0.283624172 1.929888129 -0.056938376 -0.000644582 -0.001362587 0.998376608
1403638217745096960.000000 1.063970685 -0.252690434 1.917633891 -0.058479581 -0.001854084 -0.005210600 0.998273313
1403638217795097088.000000 1.067803860 -0.223380640 1.903437376 0.059683714 0.003072953 0.008739636 -0.998174369
1403638217845096960.000000 1.072879076 -0.196089372 1.892441511 -0.060662363 -0.004327575 -0.011547145 0.998082221
1403638217895097088.000000 1.078688025 -0.171375185 1.878015518 -0.060395122 -0.003784314 -0.012163614 0.998093307
1403638217945096960.000000 1.085931182 -0.124378912 1.866845489 -0.060172763 -0.001840868 -0.015788497 0.998061419
1403638217995097088.000000 1.089807868 -0.104027405 1.853997231 -0.059047475 0.000195810 -0.015415261 0.998136163
1403638218045096960.000000 1.091644883 -0.084738001 1.845955968 -0.058629345 0.001608711 -0.016599152 0.998140514
1403638218095097088.000000 1.092604041 -0.067883648 1.835269451 -0.058236159 0.002904306 -0.017117308 0.998151839
1403638218145096960.000000 1.092146754 -0.051579509 1.832369208 -0.056937162 0.004332425 -0.015648870 0.998245716
1403638218195097088.000000 1.090037823 -0.038467020 1.821919560 -0.056202509 0.006140312 -0.015859976 0.998274505
1403638218245096960.000000 1.086605906 -0.027305590 1.812310696 0.055078208 -0.009339637 0.015745040 -0.998314202
1403638218295097088.000000 1.087588906 -0.003817163 1.807544351 -0.053028110 0.012390242 -0.015382784 0.998397708
1403638218345096960.000000 1.083063483 0.003528789 1.796976924 -0.050909746 0.015711645 -0.012388863 0.998502851
1403638218395097088.000000 1.079364896 0.008660804 1.787068605 0.048861742 -0.016384367 0.009769480 -0.998623371
1403638218445096960.000000 1.074199557 0.008961280 1.788415194 -0.047333822 0.016714633 -0.007597814 0.998710394
1403638218495097088.000000 1.073618770 0.010973190 1.774947405 -0.046008952 0.016330075 -0.005493633 0.998792470
1403638218545096960.000000 1.075103879 0.011444239 1.760802388 0.045534790 -0.015365020 0.005536845 -0.998829246
1403638218595097088.000000 1.077763557 0.010533706 1.744352818 0.044620946 -0.014555397 0.003981824 -0.998890042
1403638218645096960.000000 1.080811858 0.008580953 1.726673603 0.044018142 -0.012048019 0.003152691 -0.998953164
1403638218695097088.000000 1.082883477 0.006009458 1.708280206 0.044101764 -0.007937484 0.001293070 -0.998994708
1403638218745096960.000000 1.081160903 -0.026149752 1.714992285 -0.047635399 0.003750990 0.000142700 0.998857796
1403638218795097088.000000 1.081148505 -0.029641744 1.696779490 -0.051137649 -0.000144628 0.002057348 0.998689532
1403638218845096960.000000 1.095806956 0.016828604 1.670994282 -0.053155482 -0.001020377 0.001858467 0.998584032
1403638218895097088.000000 1.093060136 0.012416463 1.655281901 -0.056648601 -0.002486458 0.004749237 0.998379767
1403638218945096960.000000 1.089041591 0.006841057 1.640700817 0.057428751 0.003105669 -0.013468174 -0.998253942
1403638218995097088.000000 1.083995342 0.000805679 1.626711130 0.057720833 0.002825561 -0.022474879 -0.998075783
1403638219045096960.000000 1.064555645 -0.035073165 1.620030522 -0.059478212 -0.003854167 0.031314958 0.997730911
1403638219095097088.000000 1.058097124 -0.040773429 1.606961727 -0.060063992 -0.001952237 0.037410539 0.997491360
1403638219145096960.000000 1.051248789 -0.046192244 1.595878363 0.062031850 0.000789382 -0.039246302 -0.997301996
1403638219195097088.000000 1.048267126 -0.021172421 1.588519096 -0.062493477 0.001502206 0.037061110 0.997355938
1403638219245096960.000000 1.040560603 -0.025038714 1.576162338 -0.065580465 0.006093066 0.032874148 0.997287035
1403638219295097088.000000 1.031375289 -0.028804570 1.564791918 0.068173163 -0.011327054 -0.029888839 -0.997161388
1403638219345096960.000000 1.020953298 -0.060716335 1.554223061 -0.072341166 0.017244361 0.025744786 0.996898532
1403638219395097088.000000 1.011775374 -0.064894348 1.541213274 -0.073434092 0.024597498 0.024545841 0.996694565
1403638219445096960.000000 1.011000395 -0.082208365 1.530347466 -0.075448632 0.029959895 0.022017427 0.996456325
1403638219495097088.000000 1.003330588 -0.087334983 1.515159011 -0.076073691 0.033188414 0.020654369 0.996335685
1403638219545096960.000000 0.996263802 -0.092631049 1.498910785 0.076100871 -0.033429120 -0.021242065 -0.996313214
1403638219595097088.000000 0.989183426 -0.098720960 1.481130242 0.075363532 -0.031996530 -0.023266090 -0.996371031
1403638219645096960.000000 0.986060977 -0.064316683 1.453051209 -0.071926095 0.029202195 0.024941025 0.996670365
1403638219695097088.000000 0.979182482 -0.070993274 1.432660222 -0.070327841 0.027557945 0.028951244 0.996722877
1403638219745096960.000000 0.971365094 -0.077813260 1.411774039 0.069133922 -0.024195217 -0.032058395 -0.996798575
1403638219795097088.000000 0.960673511 -0.104144156 1.378968477 -0.068701364 0.021846201 0.037039883 0.996710062
1403638219845096960.000000 0.949468195 -0.110236689 1.357345700 -0.066855937 0.018495308 0.041879766 0.996711791
1403638219895097088.000000 0.941202462 -0.117659837 1.332661271 -0.065205209 0.016092254 0.046675976 0.996649742
1403638219945096960.000000 0.927157402 -0.122214675 1.310467124 -0.063747510 0.013661262 0.051095277 0.996563613
1403638219995097088.000000 0.914377093 -0.085629575 1.279935360 -0.059873611 0.011011601 0.054656375 0.996647656
1403638220045096960.000000 0.897987545 -0.087190866 1.257301092 -0.059302215 0.008617001 0.056670357 0.996592939
1403638220095097088.000000 0.881090820 -0.087111205 1.233814836 0.059210233 -0.006850090 -0.056989841 -0.996593893
1403638220145096960.000000 0.860220492 -0.100975975 1.216485023 -0.061138045 0.005176346 0.053600706 0.996675670
1403638220195097088.000000 0.846315205 -0.097444654 1.192997098 -0.063658364 0.003838543 0.047459237 0.996835291
1403638220245096960.000000 0.834625840 -0.093416497 1.166964889 -0.067304119 0.002927840 0.037999351 0.997004330
1403638220295097088.000000 0.824296594 -0.088331714 1.142028093 -0.070320450 0.000677043 0.030120784 0.997069418
1403638220345096960.000000 0.815244973 -0.070792116 1.105433464 -0.071631655 0.000459479 0.024116606 0.997139454
1403638220395097088.000000 0.808627844 -0.066319227 1.078009605 -0.073544949 0.000074953 0.020244239 0.997086465
1403638220445096960.000000 0.802628696 -0.062443804 1.049625039 0.074189357 0.000416930 -0.018593766 -0.997070789
1403638220495097088.000000 0.797453463 -0.071525909 1.022936106 -0.075930491 -0.000209494 0.016459281 0.996977270
1403638220545096960.000000 0.794336617 -0.068759806 0.993935108 -0.076022930 0.000535520 0.017228207 0.996957123
1403638220595097088.000000 0.790883482 -0.066840678 0.964523315 0.077051573 -0.000697232 -0.016417390 -0.996891737
1403638220645096960.000000 0.786476851 -0.065306380 0.936083317 0.077744365 -0.000867475 -0.016721914 -0.996832728
1403638220695097088.000000 0.780556023 -0.064347170 0.908372641 0.078468703 -0.001268280 -0.016632879 -0.996777058
1403638220745096960.000000 0.770453274 -0.048762109 0.868352175 -0.078021586 0.001014089 0.017684516 0.996794343
1403638220795097088.000000 0.761279106 -0.048798334 0.841802478 -0.078326546 0.000928452 0.018504020 0.996755660
1403638220845096960.000000 0.750394583 -0.048589911 0.814698815 -0.078550734 0.001640984 0.019654997 0.996715069
1403638220895097088.000000 0.738149226 -0.049492020 0.789289236 -0.079397820 0.000905918 0.019461351 0.996652603
1403638220945096960.000000 0.723956227 -0.050982725 0.763851702 0.079556897 -0.000158572 -0.021310108 -0.996602595
1403638220995097088.000000 0.708201349 -0.051285125 0.739445031 -0.079884797 -0.000693480 0.021474682 0.996572554
1403638221045096960.000000 0.691945612 -0.053634152 0.715749502 -0.080199115 -0.000985799 0.021592177 0.996544540
1403638221095097088.000000 0.676271737 -0.046248842 0.694593906 -0.080153972 -0.001733085 0.022256978 0.996532500
1403638221145096960.000000 0.659853280 -0.049034853 0.671213150 -0.080721110 -0.002714057 0.022024326 0.996489704
1403638221195097088.000000 0.644378543 -0.052375134 0.647358060 0.080851354 0.004162408 -0.022707984 -0.996458769
1403638221245096960.000000 0.631247699 -0.056072772 0.623124897 0.081063986 0.005325089 -0.023177285 -0.996425211
1403638221295097088.000000 0.619928658 -0.060171966 0.598506689 0.080771230 0.006749575 -0.024795815 -0.996401429
1403638221345096960.000000 0.611235619 -0.056544349 0.574745417 -0.080495656 -0.008015772 0.025786910 0.996389091
1403638221395097088.000000 0.602123559 -0.061007056 0.549590945 -0.080216326 -0.008795561 0.027891584 0.996348381
1403638221445096960.000000 0.592993915 -0.065398604 0.524877071 0.080042683 0.009330537 -0.029365363 -0.996315122
1403638221495097088.000000 0.584723413 -0.069225088 0.502009928 -0.079751685 -0.009507199 0.030843791 0.996292114
1403638221545096960.000000 0.573072255 -0.073450051 0.478988677 -0.079523943 -0.009331012 0.032354031 0.996264100
1403638221595097088.000000 0.560867012 -0.077155001 0.456860840 0.079832248 0.008348488 -0.033451635 -0.996211946
1403638221645096960.000000 0.550523400 -0.079335898 0.439732879 -0.079892524 -0.007598932 0.033293359 0.996218383
1403638221695097088.000000 0.536829412 -0.082599424 0.419172943 -0.079592787 -0.005334113 0.034436204 0.996218264
1403638221745096960.000000 0.533370078 -0.076928124 0.409432858 -0.078841977 -0.003345193 0.035797846 0.996238649
1403638221795097088.000000 0.520956457 -0.079634592 0.389187872 -0.078088805 -0.001874157 0.036780905 0.996266007
1403638221845096960.000000 0.511118054 -0.082038626 0.368714720 0.078227781 0.001406540 -0.036155861 -0.996278763
1403638221895097088.000000 0.503336132 -0.084032662 0.347678542 0.078737028 -0.000313879 -0.034151975 -0.996310294
1403638221945096960.000000 0.497054070 -0.105295673 0.326325208 -0.080694236 0.001495166 0.031022534 0.996254921
1403638221995097088.000000 0.492703468 -0.107053913 0.303641886 -0.081212536 0.001932380 0.029052285 0.996271431
1403638222045096960.000000 0.490844995 -0.108223915 0.282068729 0.082091294 -0.001227189 -0.027059387 -0.996256649
1403638222095097088.000000 0.483147502 -0.094615005 0.255638689 -0.081757747 -0.000737758 0.025206115 0.996333182
1403638222145096960.000000 0.480214566 -0.096613742 0.233663365 -0.081878476 -0.004108802 0.025169140 0.996316016
1403638222195097088.000000 0.487409174 -0.084438331 0.227863580 -0.081596412 -0.007939777 0.024630014 0.996329427
1403638222245096960.000000 0.482401341 -0.086997792 0.207175165 -0.081610993 -0.011097797 0.025311997 0.996281028
1403638222295097088.000000 0.476620436 -0.089637943 0.188100353 0.081793889 0.014130727 -0.025896484 -0.996212542
1403638222345096960.000000 0.459545463 -0.109595835 0.166773066 -0.082562998 -0.016663903 0.025982292 0.996107757
1403638222395097088.000000 0.452075571 -0.112293765 0.149761245 -0.082770154 -0.018916579 0.026554270 0.996035218
1403638222445096960.000000 0.443436831 -0.115071215 0.132967606 0.082730658 0.021601874 -0.026682872 -0.995980501
1403638222495097088.000000 0.443562955 -0.094308890 0.127450347 -0.081433587 -0.023572946 0.026824908 0.996038854
1403638222545096960.000000 0.434626788 -0.096885726 0.113782100 -0.081332557 -0.021478569 0.027194614 0.996084392
1403638222595097088.000000 0.425799698 -0.099097461 0.102376059 0.081376463 0.016879704 -0.026756372 -0.996181309
1403638222645096960.000000 0.415225863 -0.098670341 0.094345324 -0.080826096 -0.011460703 0.027771331 0.996275365
1403638222695097088.000000 0.405425191 -0.100947157 0.084379114 -0.080657378 -0.007506287 0.028210657 0.996314347
1403638222745096960.000000 0.394419312 -0.102625348 0.075051069 0.081119858 0.004990551 -0.027442260 -0.996313989
1403638222795097088.000000 0.382076800 -0.102811232 0.068676017 -0.080936089 -0.003334792 0.027446898 0.996335804
1403638222845096960.000000 0.370753348 -0.105191089 0.060086742 -0.081160672 -0.000448133 0.026704254 0.996343195
1403638222895097088.000000 0.359528124 -0.108091652 0.053147353 0.081305332 -0.006461359 -0.025987977 -0.996329486
1403638222945096960.000000 0.347786993 -0.111275457 0.045135990 0.080856331 -0.012676588 -0.026659608 -0.996288538
1403638222995097088.000000 0.330960870 -0.128527224 0.030386286 0.081555992 -0.014695975 -0.027068421 -0.996192753
1403638223045096960.000000 0.319736958 -0.132130533 0.020858610 0.081354029 -0.013630438 -0.027109722 -0.996223330
1403638223095097088.000000 0.310067743 -0.136124268 0.009559753 0.081636794 -0.009992971 -0.026524492 -0.996259034
1403638223145096960.000000 0.300825447 -0.140482187 -0.003710371 0.082030676 -0.003556606 -0.026350504 -0.996275067
1403638223195097088.000000 0.296749532 -0.131061926 -0.011184976 0.080218785 0.006139928 -0.028904671 -0.996339262
1403638223245096960.000000 0.283987194 -0.127730906 -0.022160672 -0.078790650 -0.014513491 0.033041384 0.996237755
1403638223295097088.000000 0.276932418 -0.131099448 -0.035009526 -0.078015901 -0.019951876 0.035134509 0.996133089
1403638223345096960.000000 0.270725012 -0.134027809 -0.047196444 -0.077761479 -0.018905804 0.036538146 0.996122897
1403638223395097088.000000 0.263850898 -0.136625409 -0.058434088 -0.076948851 -0.017086213 0.038969435 0.996126711
1403638223445096960.000000 0.251482785 -0.139432728 -0.069074556 0.075048007 0.012980452 -0.044373371 -0.996107638
1403638223495097088.000000 0.242519781 -0.140940130 -0.078939825 0.072597027 0.008575752 -0.051011346 -0.996019065
1403638223545096960.000000 0.232978418 -0.141078383 -0.088293411 0.071446031 0.005632945 -0.054563437 -0.995935082
1403638223595097088.000000 0.223262787 -0.139814228 -0.097460955 0.072178274 0.004146770 -0.052502044 -0.996000409
1403638223645096960.000000 0.213499203 -0.137121156 -0.106295176 0.074616447 0.002914130 -0.046451043 -0.996125638
1403638223695097088.000000 0.203355059 -0.133646131 -0.114770502 0.076867737 0.002668993 -0.040431760 -0.996217608
1403638223745096960.000000 0.193164319 -0.129552454 -0.122920446 0.079526842 0.002863267 -0.033300180 -0.996272266
1403638223795097088.000000 0.182450756 -0.125224978 -0.130811393 0.081547752 0.003731269 -0.028414393 -0.996257305
1403638223845096960.000000 0.171676755 -0.121180199 -0.138596728 0.082692429 0.003993245 -0.024645183 -0.996262372
1403638223895097088.000000 0.160676003 -0.117442504 -0.146300405 0.083624370 0.004418637 -0.022024760 -0.996244133
1403638223945096960.000000 0.149820417 -0.114189237 -0.153285205 0.084744267 0.004003569 -0.018710159 -0.996219039
1403638223995097088.000000 0.138407990 -0.111320734 -0.159658194 0.085095450 0.004826962 -0.017666096 -0.996204555
1403638224045096960.000000 0.126695976 -0.108839549 -0.165649369 0.085315436 0.007708713 -0.016976168 -0.996179581
1403638224095097088.000000 0.114789687 -0.106990047 -0.171360493 0.084727220 0.011822390 -0.018112225 -0.996169448
1403638224145096960.000000 0.103366591 -0.105369374 -0.175975651 0.084216684 0.017689459 -0.019081842 -0.996107757
1403638224195097088.000000 0.091903917 -0.104124077 -0.179331303 0.083916597 0.023106454 -0.020312056 -0.995997787
1403638224245096960.000000 0.082379401 -0.103385307 -0.181828842 0.083575934 0.023784364 -0.020969989 -0.995996833
1403638224295097088.000000 0.074492916 -0.103294805 -0.182433382 0.083452784 0.021923399 -0.020939508 -0.996050537
1403638224345096960.000000 0.068054259 -0.103181258 -0.182651952 0.083355919 0.016142575 -0.021262223 -0.996162236
1403638224395097088.000000 0.061882406 -0.103751689 -0.181298152 0.082479708 0.011091944 -0.024758322 -0.996223450
1403638224445096960.000000 0.055474438 -0.104598679 -0.179104894 0.080731608 0.005553296 -0.029200243 -0.996292651
1403638224495097088.000000 0.049933959 -0.105682857 -0.176802233 0.079985343 -0.001927850 -0.030848974 -0.996316731
1403638224545096960.000000 0.045051094 -0.105638675 -0.174969345 0.080399163 -0.007094121 -0.029551318 -0.996299386
1403638224595097088.000000 0.038879223 -0.106107160 -0.172131076 0.080371685 -0.007791848 -0.028817058 -0.996317923
1403638224645096960.000000 0.032051638 -0.106519595 -0.169316113 0.080897264 -0.003187437 -0.027500391 -0.996337950
1403638224695097088.000000 0.025348404 -0.107874326 -0.167318702 0.080826506 0.005188719 -0.027693661 -0.996329904
1403638224745096960.000000 0.018616570 -0.109954447 -0.165903479 0.080915146 0.014790461 -0.027831303 -0.996222615
1403638224795097088.000000 0.014157465 -0.112575620 -0.164179951 0.081113540 0.020756025 -0.027843822 -0.996099651
1403638224845096960.000000 0.012779718 -0.115576819 -0.161421388 0.080611274 0.019863529 -0.028532261 -0.996139169
1403638224895097088.000000 0.014211011 -0.117982492 -0.156836003 0.078996092 0.014216489 -0.032443684 -0.996245444
1403638224945096960.000000 0.015945265 -0.120459989 -0.152924091 0.077064723 0.007427296 -0.036688823 -0.996323109
1403638224995097088.000000 0.017201522 -0.122383177 -0.147175610 0.074875437 0.000560009 -0.041308038 -0.996336818
1403638225045096960.000000 0.019876741 -0.123658806 -0.141528487 0.073533855 -0.003504955 -0.043376807 -0.996342838
1403638225095097088.000000 0.023054508 -0.124309093 -0.137712106 0.073819503 -0.006036477 -0.041683212 -0.996381879
1403638225145096960.000000 0.026404763 -0.124715149 -0.134151176 0.074750222 -0.005128887 -0.037843656 -0.996470809
1403638225195097088.000000 0.029362207 -0.124496587 -0.131072804 0.075646952 -0.000602212 -0.034407917 -0.996540725
1403638225245096960.000000 0.032485262 -0.125373036 -0.130464226 0.076094404 0.005932661 -0.031569272 -0.996583104
1403638225295097088.000000 0.036297582 -0.125018343 -0.129014701 0.076774754 0.012015563 -0.029436264 -0.996541440
1403638225345096960.000000 0.042407796 -0.124030359 -0.129207850 0.077225402 0.012394684 -0.027763531 -0.996550024
1403638225395097088.000000 0.047775950 -0.123763375 -0.127697483 0.077378497 0.010522215 -0.026388442 -0.996596992
1403638225445096960.000000 0.051308554 -0.124757767 -0.125362501 0.077714905 0.005204672 -0.025887912 -0.996625960
1403638225495097088.000000 0.052868687 -0.124080472 -0.121300578 0.078030922 -0.003640305 -0.024277830 -0.996648729
1403638225545096960.000000 0.052726831 -0.123668484 -0.118154332 0.078464299 -0.012729771 -0.023377698 -0.996561527
1403638225595097088.000000 0.050947711 -0.124668799 -0.116149776 0.079032235 -0.021997297 -0.021937780 -0.996387899
1403638225645096960.000000 0.047185566 -0.126047805 -0.112497069 0.078974895 -0.030328136 -0.021345753 -0.996186554
1403638225695097088.000000 0.039410308 -0.127618879 -0.109146692 0.079206228 -0.030550372 -0.020760607 -0.996173739
1403638225745096960.000000 0.028488860 -0.129068375 -0.106158905 0.079242818 -0.026559640 -0.020157060 -0.996297598
1403638225795097088.000000 0.015138181 -0.133024022 -0.103370704 0.078980625 -0.018388053 -0.021211272 -0.996480882
1403638225845096960.000000 -0.001274147 -0.136197686 -0.100324757 0.079085715 -0.007092867 -0.021024516 -0.996620893
1403638225895097088.000000 -0.018994525 -0.139334843 -0.097225867 0.079149589 0.003282845 -0.021121684 -0.996633589
1403638225945096960.000000 -0.036537748 -0.143564045 -0.093895815 0.078778125 0.010830245 -0.021925701 -0.996592224
1403638225995097088.000000 -0.055263244 -0.147888750 -0.090135753 0.077650346 0.018165659 -0.025201624 -0.996496558
1403638226045096960.000000 -0.060950693 -0.155277878 -0.088288411 0.075547300 0.028884146 -0.023858292 -0.996438265
1403638226095097088.000000 -0.051963445 -0.161609277 -0.088490069 0.067579493 0.024998795 -0.044383477 -0.996412694
1403638226145096960.000000 -0.050226428 -0.169085845 -0.086315654 0.064703278 0.026823811 -0.048816096 -0.996348858
1403638226195097088.000000 -0.054860797 -0.172184438 -0.082038440 0.066539600 0.034000710 -0.041598935 -0.996336281
1403638226245096960.000000 -0.059770249 -0.174462855 -0.075613253 0.077297099 0.034092240 -0.020444226 -0.996215343
1403638226295097088.000000 -0.062755600 -0.176833913 -0.081065714 0.075984359 0.019611642 -0.033824470 -0.996342182
1403638226345096960.000000 -0.063816585 -0.177589193 -0.076208748 0.075550437 0.027035875 -0.022694279 -0.996517062
1403638226395097088.000000 -0.062269360 -0.178572968 -0.074518792 0.074478380 0.026443711 -0.021018997 -0.996650338
1403638226445096960.000000 -0.062349085 -0.178758219 -0.072963163 0.075619668 0.026683064 -0.022871312 -0.996517301
1403638226495097088.000000 -0.065056629 -0.179910511 -0.072312526 0.075280033 0.026573772 -0.022959471 -0.996543884
1403638226545096960.000000 -0.067143716 -0.181146100 -0.072783902 0.075275905 0.025531847 -0.022443717 -0.996583164
1403638226595097088.000000 -0.070139416 -0.182579592 -0.073188931 0.075774960 0.025772363 -0.022226585 -0.996544063
1403638226645096960.000000 -0.073681861 -0.183726117 -0.074831143 0.075335622 0.025634745 -0.023032572 -0.996562600
1403638226695097088.000000 -0.075988479 -0.184265777 -0.077113606 0.075605579 0.026368627 -0.022067564 -0.996544838
1403638226745096960.000000 -0.079243965 -0.185330212 -0.077352956 0.075288303 0.026634933 -0.023577597 -0.996527195
1403638226795097088.000000 -0.081042051 -0.186231926 -0.077478208 0.075818971 0.026141595 -0.021948662 -0.996537268
1403638226845096960.000000 -0.082959563 -0.187354326 -0.080262102 0.075312577 0.026249161 -0.023237880 -0.996543527
1403638226895097088.000000 -0.085610136 -0.188020885 -0.080213502 0.075662978 0.026562970 -0.022258902 -0.996531069
1403638226945096960.000000 -0.087783821 -0.191617966 -0.082403369 0.075632885 0.026702745 -0.022826253 -0.996516705
1403638226995097088.000000 -0.088510200 -0.192509457 -0.082204312 0.075445198 0.026946370 -0.023391632 -0.996511340
1403638227045096960.000000 -0.091417573 -0.196498513 -0.081606060 0.075882860 0.026653947 -0.022207124 -0.996513069
1403638227095097088.000000 -0.090400964 -0.198406756 -0.081781015 0.075526990 0.026935890 -0.023573209 -0.996501148
1403638227145096960.000000 -0.089596719 -0.199824005 -0.081256099 0.075895593 0.027107084 -0.022504553 -0.996493220
1403638227195097088.000000 -0.092540264 -0.201075539 -0.082643539 0.075636193 0.027106298 -0.023305140 -0.996494532
1403638227245096960.000000 -0.090173997 -0.201439381 -0.083793923 0.075782008 0.027289504 -0.022714155 -0.996492088
1403638227295097088.000000 -0.089957736 -0.200096205 -0.084412105 0.075769044 0.027321070 -0.022906346 -0.996487856
1403638227345096960.000000 -0.088853255 -0.201547340 -0.084216334 0.075741917 0.027473750 -0.023204345 -0.996478736
1403638227395097088.000000 -0.089800403 -0.200366735 -0.085704900 0.075875439 0.027470704 -0.022632189 -0.996481836
1403638227445096960.000000 -0.087063760 -0.201131701 -0.088011831 0.075802103 0.027674006 -0.023138423 -0.996470213
1403638227495097088.000000 -0.086363152 -0.199375689 -0.090722509 0.075881042 0.027748631 -0.022769913 -0.996470630
1403638227545096960.000000 -0.084293447 -0.198284253 -0.091722257 0.075829707 0.027776772 -0.022909487 -0.996470571
1403638227595097088.000000 -0.080144137 -0.198286682 -0.091318309 0.075836420 0.027871042 -0.022914691 -0.996467292
1403638227645096960.000000 -0.077665403 -0.198169187 -0.091619097 0.075943954 0.027978098 -0.022730168 -0.996460319
1403638227695097088.000000 -0.073448241 -0.198822170 -0.093373865 0.075857215 0.028206144 -0.023058688 -0.996452987
1403638227745096960.000000 -0.067451395 -0.199410602 -0.093094088 0.075963780 0.028295333 -0.022756020 -0.996449292
1403638227795097088.000000 -0.062239081 -0.199470490 -0.093057580 0.075919718 0.028487982 -0.023029793 -0.996440828
1403638227845096960.000000 -0.057067484 -0.199210241 -0.092923723 0.076025173 0.028657122 -0.022766970 -0.996433973
1403638227895097088.000000 -0.050778143 -0.198951438 -0.091442376 0.075997889 0.028779479 -0.022850806 -0.996430635
1403638227945096960.000000 -0.044569571 -0.197921455 -0.089233525 0.075990185 0.028927553 -0.022852948 -0.996426880
1403638227995097088.000000 -0.040216122 -0.198762327 -0.089060917 0.076102443 0.028949130 -0.022787023 -0.996419191
1403638228045096960.000000 -0.035387095 -0.198245183 -0.089291379 0.076108992 0.029092832 -0.022839889 -0.996413291
1403638228095097088.000000 -0.031384554 -0.198062837 -0.088133276 0.076161288 0.029173514 -0.022658180 -0.996411085
1403638228145096960.000000 -0.025903946 -0.201387510 -0.089229800 0.076258861 0.029250005 -0.022734012 -0.996399701
1403638228195097088.000000 -0.021455543 -0.202891111 -0.089460492 0.076329745 0.029330712 -0.022625750 -0.996394336
1403638228245096960.000000 -0.017211476 -0.203712076 -0.089204729 0.076314747 0.029494427 -0.022610378 -0.996390939
1403638228295097088.000000 -0.011050647 -0.206744030 -0.087929748 0.076390535 0.029591054 -0.022657195 -0.996381223
1403638228345096960.000000 -0.005792598 -0.208707258 -0.086821437 0.076466955 0.029708534 -0.022603691 -0.996373117
1403638228395097088.000000 0.000383648 -0.210097000 -0.085717998 0.076478548 0.029856030 -0.022702312 -0.996365547
1403638228445096960.000000 0.003347013 -0.210775211 -0.086208731 0.076513894 0.029978391 -0.022545449 -0.996362686
1403638228495097088.000000 0.005492455 -0.210631490 -0.087228663 0.076510265 0.029983165 -0.022601364 -0.996361613
1403638228545096960.000000 0.007350479 -0.209913492 -0.087844305 0.076493658 0.030143326 -0.022519676 -0.996359944
1403638228595097088.000000 0.010397636 -0.209864527 -0.087415069 0.076498397 0.030265342 -0.022493571 -0.996356428
1403638228645096960.000000 0.011663390 -0.210600391 -0.089611813 0.076590233 0.030351575 -0.022423638 -0.996348321
1403638228695097088.000000 0.015538740 -0.209470227 -0.087529927 0.076583572 0.030433388 -0.022412425 -0.996346593
1403638228745096960.000000 0.018447356 -0.209676057 -0.088539474 0.076598577 0.030546699 -0.022373868 -0.996342838
1403638228795097088.000000 0.020254042 -0.212439656 -0.090183876 0.076695830 0.030631864 -0.022365561 -0.996332943
1403638228845096960.000000 0.021804573 -0.213361219 -0.091418125 0.076707713 0.030705322 -0.022377109 -0.996329486
