1403715542612143104.000000 0.046108942 0.016994340 0.122095950 0.039679497 0.011799072 0.014165992 0.999042451
1403715542662142976.000000 -0.001810789 0.002829247 0.042766858 0.046420608 0.021397799 0.011031406 0.998631895
1403715542712143104.000000 0.000318067 0.003229861 0.052220713 0.054453041 0.019564820 0.011717234 0.998255908
1403715542762142976.000000 0.001600596 0.004288636 0.059585005 0.060690705 0.017149610 0.009150544 0.997967422
1403715542812143104.000000 0.004380721 0.003567273 0.065552235 0.064120822 0.011446781 0.007557992 0.997847855
1403715542862142976.000000 0.091892347 0.028700279 0.270403177 0.071203910 -0.011998876 0.012787485 0.997307718
1403715542912143104.000000 0.003274939 -0.001534533 0.068066999 0.064890698 0.001162510 0.012281371 0.997816145
1403715542962142976.000000 0.054591823 0.014068623 0.161197767 0.070939742 -0.017294681 0.019181786 0.997146249
1403715543012143104.000000 0.053085886 0.013137713 0.165354699 0.072777413 -0.017035292 0.023733679 0.996920228
1403715543062142976.000000 0.092223957 0.027008070 0.287734270 0.081359558 -0.021174215 0.028460776 0.996053398
1403715543112143104.000000 0.095377274 0.029974082 0.375294894 0.086207807 -0.019884860 0.031967934 0.995565653
1403715543162142976.000000 0.094404936 0.030438749 0.378903836 0.086326241 -0.018223528 0.033442389 0.995538712
1403715543212143104.000000 0.093458377 0.029376052 0.381105214 0.084310248 -0.015687775 0.035431843 0.995685875
1403715543262142976.000000 0.049623873 0.013389426 0.181872532 0.073820330 -0.010788051 0.038946830 0.996452391
1403715543312143104.000000 0.049075272 0.012990853 0.183530405 0.071940735 -0.009728873 0.041501179 0.996497631
1403715543362142976.000000 0.071622550 0.043698139 0.447937399 0.083927512 -0.010003717 0.041657601 0.995550513
1403715543412143104.000000 0.070833996 0.044727448 0.449663013 0.082185365 -0.008893903 0.041363347 0.995718598
1403715543462142976.000000 0.047361273 0.016103590 0.189087734 0.066026233 -0.009122899 0.037611663 0.997067094
1403715543512143104.000000 0.045062643 0.016040612 0.189437836 0.062026750 -0.006644021 0.032460753 0.997524381
1403715543562142976.000000 0.044819072 0.017649148 0.190027848 0.060094826 -0.004205530 0.029646324 0.997743487
1403715543612143104.000000 0.038516775 0.078852475 0.476767868 0.073370099 0.001070006 0.028102044 0.996908247
1403715543662142976.000000 0.037297186 0.079846606 0.475831926 0.070178740 0.008396863 0.022764247 0.997239292
1403715543712143104.000000 0.037205372 0.081759706 0.475402594 0.066312402 0.012350395 0.018024050 0.997559726
1403715543762142976.000000 0.036231570 0.082727015 0.473113358 0.058230456 0.017181410 0.010375454 0.998101413
1403715543812143104.000000 0.035400726 0.083722338 0.470670849 0.048808008 0.020435216 0.002154203 0.998596787
1403715543862142976.000000 -0.016031289 0.121758342 0.448960483 0.038466081 0.024148921 -0.003739047 0.998961091
1403715543912143104.000000 -0.018133463 0.122806333 0.445059061 0.026198337 0.023213277 -0.008537677 0.999350786
1403715543962142976.000000 -0.020248352 0.122408755 0.440085590 0.011413933 0.018908674 -0.012313175 0.999680281
1403715544012143104.000000 -0.021346135 0.121720731 0.434494972 -0.004441520 0.012356121 -0.015161857 0.999798894
1403715544062142976.000000 -0.025892925 0.123279624 0.429535627 -0.018786723 0.007972614 -0.015202271 0.999676228
1403715544112143104.000000 -0.110704079 0.129046112 0.347333580 -0.036274042 0.003369505 -0.004503628 0.999326050
1403715544162142976.000000 -0.116003990 0.128942266 0.341591626 -0.052210912 -0.005692004 0.007769777 0.998589694
1403715544212143104.000000 -0.122610316 0.127391502 0.334530234 -0.070884414 -0.012762675 0.021943521 0.997161508
1403715544262142976.000000 -0.129511952 0.125916496 0.327584416 -0.090576597 -0.019355051 0.034362942 0.995108306
1403715544312143104.000000 -0.136237890 0.123726591 0.319599539 -0.111637667 -0.026790608 0.048783775 0.992189229
1403715544362142976.000000 -0.274894923 0.063300200 0.202779338 -0.139282465 -0.029039901 0.065110885 0.987682998
1403715544412143104.000000 -0.282256395 0.060221676 0.195337489 -0.160162300 -0.035399430 0.080552056 0.983161449
1403715544462142976.000000 -0.290065259 0.058112297 0.188557610 -0.179524451 -0.039553937 0.092888117 0.978559375
1403715544512143104.000000 -0.295172155 0.051896319 0.180639014 -0.202413246 -0.045567855 0.103319414 0.972768009
1403715544562142976.000000 -0.295672268 0.046122231 0.172865197 -0.223466769 -0.056729876 0.116499491 0.966060162
1403715544612143104.000000 -0.478843361 -0.040642306 0.049080960 -0.239315972 -0.040112544 0.118514821 0.962846339
1403715544662142976.000000 -0.530343533 -0.041252211 0.018562101 -0.247978255 -0.036653023 0.122893237 0.960239887
1403715544712143104.000000 -0.525065541 -0.045945823 0.012343707 -0.259286791 -0.033575833 0.123073213 0.957337976
1403715544762142976.000000 -0.553156078 -0.110110335 -0.055558551 -0.272374123 -0.033608835 0.122460820 0.953774750
1403715544812143104.000000 -0.546478689 -0.117139742 -0.064870730 -0.278728873 -0.030063894 0.121103026 0.952229261
1403715544862142976.000000 -0.569418073 -0.159349203 -0.136224642 -0.283082992 -0.027535712 0.119350441 0.951242030
1403715544912143104.000000 -0.565742970 -0.171956107 -0.156358272 0.285252035 0.028189728 -0.119088396 -0.950607538
1403715544962142976.000000 -0.565703511 -0.212660149 -0.225742683 -0.286378622 -0.032001249 0.119675644 0.950074255
1403715545012143104.000000 -0.602800012 -0.204719484 -0.277401030 -0.280760080 -0.030504564 0.119821012 0.951780558
1403715545062142976.000000 -0.599770963 -0.219911680 -0.301620513 -0.283225358 -0.035212185 0.121298797 0.950699806
1403715545112143104.000000 -0.553839028 -0.298934609 -0.366553187 -0.293951452 -0.047407806 0.123452656 0.946627975
1403715545162142976.000000 -0.553072274 -0.316442281 -0.392651349 0.299314648 0.051903971 -0.124759227 -0.944537997
1403715545212143104.000000 -0.609054208 -0.316935062 -0.473836541 -0.297477037 -0.045748778 0.126315519 0.945229590
1403715545262142976.000000 -0.612511873 -0.334786952 -0.498975039 -0.304889441 -0.049849242 0.128903389 0.942306519
1403715545312143104.000000 -0.628249824 -0.377059788 -0.568861604 -0.312116534 -0.051873077 0.132444188 0.939335465
1403715545362142976.000000 -0.635001421 -0.395547986 -0.592927158 -0.319142461 -0.052914701 0.137603015 0.936169624
1403715545412143104.000000 -0.655463398 -0.439695239 -0.660736740 -0.323334903 -0.050306056 0.146024600 0.933595538
1403715545462142976.000000 -0.662527680 -0.458406240 -0.684465766 -0.326947182 -0.048269387 0.156161293 0.930800378
1403715545512143104.000000 -0.681214333 -0.503227115 -0.752300024 -0.328568608 -0.044715095 0.166678011 0.928580523
1403715545562142976.000000 -0.686263025 -0.520848215 -0.776700020 -0.330748796 -0.042340670 0.176194683 0.926157653
1403715545612143104.000000 -0.699966192 -0.562286675 -0.846578002 -0.331474632 -0.038988791 0.184414893 0.924443424
1403715545662142976.000000 -0.703006566 -0.578090727 -0.872466624 -0.332297206 -0.037254557 0.190328330 0.923020005
1403715545712143104.000000 -0.715572357 -0.615361273 -0.945622623 -0.331209868 -0.035576299 0.193164140 0.922887921
1403715545762142976.000000 -0.718680620 -0.628894210 -0.972697914 -0.330318987 -0.036699347 0.193383217 0.923117280
1403715545812143104.000000 -0.733808875 -0.661402345 -1.048751473 -0.327963561 -0.038001552 0.190102682 0.924584687
1403715545862142976.000000 -0.737166882 -0.672889888 -1.076601267 -0.324602038 -0.039304651 0.185428217 0.926663458
1403715545912143104.000000 -0.752978384 -0.701487660 -1.155487895 -0.319193363 -0.041629262 0.177293062 0.930026770
1403715545962142976.000000 -0.755853653 -0.711467445 -1.184053659 -0.312492639 -0.044204179 0.167364165 0.934014738
1403715546012143104.000000 -0.771664083 -0.737702906 -1.264677048 -0.302652776 -0.046632022 0.156498596 0.939007461
1403715546062142976.000000 -0.774251699 -0.746751606 -1.292797446 -0.291047245 -0.048548494 0.146052331 0.944247484
1403715546112143104.000000 -0.788644552 -0.772625685 -1.373836994 -0.276107103 -0.049637686 0.136063755 0.950151384
1403715546162142976.000000 -0.790649772 -0.781746864 -1.401175261 -0.258619368 -0.050476816 0.128796712 0.956022799
1403715546212143104.000000 -0.803219318 -0.807861328 -1.481606007 -0.238895416 -0.050110128 0.120236173 0.962268829
1403715546262142976.000000 -0.805007875 -0.817268014 -1.508408427 -0.217790976 -0.050963812 0.113640949 0.968016326
1403715546312143104.000000 -0.816310465 -0.844043016 -1.588615537 -0.195061713 -0.050547395 0.107332401 0.973589122
1403715546362142976.000000 -0.817440629 -0.853775978 -1.614838719 -0.172537252 -0.050490193 0.100439191 0.978567123
1403715546412143104.000000 -0.827290714 -0.881768942 -1.695228338 -0.148547724 -0.051292762 0.094270095 0.983064473
1403715546462142976.000000 -0.827849150 -0.891831875 -1.721719861 -0.124997452 -0.051879972 0.087816715 0.986900389
1403715546512143104.000000 -0.835914731 -0.919728875 -1.802749038 -0.100550473 -0.052557580 0.080852747 0.990247488
1403715546562142976.000000 -0.836401641 -0.929765880 -1.828636527 -0.076539800 -0.052918267 0.073817872 0.992921054
1403715546612143104.000000 -0.836862445 -0.939596415 -1.853955626 -0.053034559 -0.055155616 0.064345412 0.994989932
1403715546662142976.000000 -0.849219739 -0.975816905 -1.962139606 -0.028122913 -0.058017552 0.054490700 0.996430576
1403715546712143104.000000 -0.850404143 -0.985629141 -1.986809492 -0.004122806 -0.064220786 0.044312567 0.996942937
1403715546762142976.000000 -0.861110389 -1.012924552 -2.064724684 0.020659564 -0.073708937 0.034165885 0.996480227
1403715546812143104.000000 -0.862961769 -1.023061275 -2.087690353 0.044953968 -0.084572360 0.026361732 0.995053709
1403715546862142976.000000 -0.873405933 -1.050600171 -2.161427498 0.069617890 -0.091864996 0.019961817 0.993134320
1403715546912143104.000000 -0.874123573 -1.060853601 -2.182092667 0.093200326 -0.096386634 0.014424499 0.990865886
1403715546962142976.000000 -0.873790324 -1.070891857 -2.200895309 0.114705399 -0.098937809 0.001814579 0.988458812
1403715547012143104.000000 -0.884002209 -1.105529070 -2.290311575 0.136121318 -0.097774431 -0.011997242 0.985782623
1403715547062142976.000000 -0.882492006 -1.116426229 -2.306007862 0.156590939 -0.098174632 -0.024659358 0.982462704
1403715547112143104.000000 -0.880562603 -1.129407406 -2.322089911 -0.177202359 0.097644858 0.035551235 -0.978673041
1403715547162142976.000000 -0.887718320 -1.166669011 -2.396892309 0.198738635 -0.094918966 -0.046054725 0.974357426
1403715547212143104.000000 -0.884603798 -1.180708647 -2.408159971 0.219222710 -0.093150325 -0.056244377 0.969588041
1403715547262142976.000000 -0.881298900 -1.197317958 -2.420363903 -0.238509104 0.090901367 0.067166470 -0.964540899
1403715547312143104.000000 -0.884168625 -1.241772890 -2.483100653 0.257968009 -0.088199057 -0.077122800 0.959023297
1403715547362142976.000000 -0.880038440 -1.259808302 -2.490566730 0.275474578 -0.087819099 -0.085697077 0.953445196
1403715547412143104.000000 -0.876848340 -1.280762434 -2.501668453 -0.292149514 0.089595571 0.092847966 -0.947628975
1403715547462142976.000000 -0.878507376 -1.334734678 -2.551209450 0.309355408 -0.092208646 -0.099244796 0.941247761
1403715547512143104.000000 -0.874905705 -1.358040690 -2.556623936 0.325334787 -0.095578812 -0.105547622 0.934816360
1403715547562142976.000000 -0.871778846 -1.384690523 -2.565080404 -0.341477931 0.097725295 0.113292061 -0.927904904
1403715547612143104.000000 -0.873042464 -1.451652884 -2.602729559 0.359593809 -0.097415015 -0.120425336 0.920163274
1403715547662142976.000000 -0.868581533 -1.481777191 -2.606038332 0.376086891 -0.097630218 -0.128787667 0.912381947
1403715547712143104.000000 -0.863781691 -1.514248252 -2.608310938 -0.392024964 0.097146355 0.137651518 -0.904395401
1403715547762142976.000000 -0.854795218 -1.555077553 -2.597848654 -0.408264130 0.094747640 0.145413518 -0.896213293
1403715547812143104.000000 -0.846441746 -1.596486330 -2.589670181 -0.424148560 0.093316339 0.152225971 -0.887816072
1403715547862142976.000000 -0.851621866 -1.712209105 -2.654532909 0.441841066 -0.092117481 -0.157339916 0.878370702
1403715547912143104.000000 -0.844887972 -1.774798512 -2.660439014 0.457580805 -0.086888775 -0.161600292 0.870031893
1403715547962142976.000000 -0.833238244 -1.826955914 -2.644432783 0.472518295 -0.080494843 -0.162820011 0.862401664
1403715548012143104.000000 -0.829667687 -1.909387469 -2.668732643 0.486692578 -0.073253118 -0.159833804 0.855697095
1403715548062142976.000000 -0.820288599 -1.965268612 -2.650200367 -0.497860759 0.062843405 0.157453507 -0.850525677
1403715548112143104.000000 -0.812529385 -2.053466320 -2.673979044 0.506995261 -0.050885107 -0.154864728 0.846394420
1403715548162142976.000000 -0.804062247 -2.112514973 -2.653881550 0.513727665 -0.040837314 -0.152650133 0.843275905
1403715548212143104.000000 -0.796922982 -2.202483177 -2.677652359 0.518465936 -0.031695306 -0.151620477 0.840951741
1403715548262142976.000000 -0.789171576 -2.262520552 -2.657909155 0.521298826 -0.023438556 -0.151015982 0.839578688
1403715548312143104.000000 -0.784438074 -2.354728460 -2.681912422 0.523362994 -0.017561171 -0.150064737 0.838608027
1403715548362142976.000000 -0.781696260 -2.415163517 -2.660554171 0.523783386 -0.015044727 -0.149726287 0.838455021
1403715548412143104.000000 -0.784061313 -2.509091854 -2.685849667 0.523241758 -0.012513501 -0.150617272 0.838675141
1403715548462142976.000000 -0.787569463 -2.569160461 -2.664426804 0.522320509 -0.012960072 -0.150096387 0.839335740
1403715548512143104.000000 -0.794655800 -2.665260553 -2.690319777 0.521593988 -0.014037468 -0.148903117 0.839982510
1403715548562142976.000000 -0.799906135 -2.724383116 -2.670622826 0.520917714 -0.016590433 -0.145329192 0.840980887
1403715548612143104.000000 -0.808240831 -2.821814299 -2.697786570 0.520162165 -0.019401634 -0.142278075 0.841909647
1403715548662142976.000000 -0.815286756 -2.899967432 -2.702485800 0.518878579 -0.021498712 -0.139394253 0.843132317
1403715548712143104.000000 -0.822342515 -2.977921724 -2.707996845 0.517587543 -0.022856083 -0.136318415 0.844392180
1403715548762142976.000000 -0.826565385 -3.031902552 -2.694746733 0.516280890 -0.023413651 -0.133638442 0.845604300
1403715548812143104.000000 -0.829886496 -3.088414431 -2.679596901 0.514507771 -0.024892818 -0.131844267 0.846923411
1403715548862142976.000000 -0.841322303 -3.210970640 -2.726880550 0.512882710 -0.024832414 -0.130344540 0.848142147
1403715548912143104.000000 -0.843687296 -3.261448622 -2.717097759 0.511554062 -0.024985062 -0.127758041 0.849332809
1403715548962142976.000000 -0.852332056 -3.366550446 -2.739931822 0.511828899 -0.024622327 -0.126718163 0.849333525
1403715549012143104.000000 -0.854342580 -3.415009022 -2.733973503 0.513533354 -0.023607222 -0.126096785 0.848425567
1403715549062142976.000000 -0.855911970 -3.462706804 -2.728299856 0.517023981 -0.021444375 -0.125890836 0.846391141
1403715549112143104.000000 -0.867757559 -3.598816395 -2.763693333 0.522333860 -0.017659055 -0.123793505 0.843522787
1403715549162142976.000000 -0.866932273 -3.644538879 -2.758351326 0.527432919 -0.010630810 -0.121626616 0.840778470
1403715549212143104.000000 -0.873673558 -3.750247717 -2.782614708 0.532329082 -0.003366775 -0.118920274 0.838136315
1403715549262142976.000000 -0.872896314 -3.796769619 -2.779443264 0.537042320 0.003755847 -0.115292929 0.835630953
1403715549312143104.000000 -0.873833358 -3.841382265 -2.780606985 0.540879965 0.010001419 -0.113182321 0.833389819
1403715549362142976.000000 -0.882990599 -3.964116573 -2.815572739 0.546317697 0.010896635 -0.106792979 0.830670595
1403715549412143104.000000 -0.884758532 -4.002224445 -2.815868855 0.551055908 0.007910932 -0.101176567 0.828274190
1403715549462142976.000000 -0.892740250 -4.094413757 -2.840414524 0.555666864 0.001701575 -0.096107244 0.825829864
1403715549512143104.000000 -0.896509409 -4.128651619 -2.843097687 0.559103668 -0.005092430 -0.092991956 0.823850572
1403715549562142976.000000 -0.904099882 -4.214403152 -2.863696814 0.561786711 -0.014992065 -0.092204720 0.821991086
1403715549612143104.000000 -0.909021616 -4.245025635 -2.865786791 0.563119352 -0.024785131 -0.090222150 0.821061730
1403715549662142976.000000 -0.915486276 -4.324123383 -2.882128477 0.562365472 -0.035429124 -0.088497892 0.821375668
1403715549712143104.000000 -0.919351757 -4.352462292 -2.881655216 0.559807897 -0.042405307 -0.083659425 0.823297083
1403715549762142976.000000 -0.923537850 -4.419997215 -2.891949415 0.555350602 -0.046586972 -0.077967316 0.826641738
1403715549812143104.000000 -0.924687028 -4.451052666 -2.888475657 0.549507320 -0.047844537 -0.070988752 0.831091642
1403715549862142976.000000 -0.925038099 -4.518536568 -2.890425444 0.541606963 -0.049139086 -0.063783340 0.836767018
1403715549912143104.000000 -0.925292850 -4.549481392 -2.882925272 0.533094883 -0.052899104 -0.054417126 0.842644870
1403715549962142976.000000 -0.923191071 -4.602007866 -2.877799988 0.522862017 -0.057365552 -0.043169562 0.849388540
1403715550012143104.000000 -0.921313345 -4.631728172 -2.865448952 0.511328399 -0.063038841 -0.032223530 0.856464326
1403715550062142976.000000 -0.916889191 -4.673891068 -2.851581812 0.496911943 -0.068951972 -0.024407189 0.864712954
1403715550112143104.000000 -0.913114071 -4.699364662 -2.832881212 0.480320930 -0.071870819 -0.020601524 0.873900473
1403715550162142976.000000 -0.906459808 -4.724890709 -2.811564445 0.461979866 -0.072785690 -0.020567944 0.883659363
1403715550212143104.000000 -0.890724659 -4.754645348 -2.785924911 0.443637073 -0.072769806 -0.020678096 0.893007934
1403715550262142976.000000 -0.876515388 -4.771869183 -2.760132790 0.425473392 -0.073201090 -0.021419298 0.901751280
1403715550312143104.000000 -0.853804708 -4.791749001 -2.729208708 0.407120496 -0.073805712 -0.021662887 0.910129845
1403715550362142976.000000 -0.831152081 -4.803448200 -2.699778557 0.389259338 -0.072138786 -0.020703666 0.918065667
1403715550412143104.000000 -0.800866127 -4.817728996 -2.664278030 0.370669991 -0.069101684 -0.020613840 0.925961077
1403715550462142976.000000 -0.774178505 -4.825741291 -2.631647587 0.351418108 -0.065369971 -0.020614650 0.933706164
1403715550512143104.000000 -0.742377579 -4.835727692 -2.591514111 0.332166255 -0.062174208 -0.019300777 0.940971553
1403715550562142976.000000 -0.716903925 -4.841221333 -2.556552172 0.313048899 -0.060691748 -0.016620247 0.947650135
1403715550612143104.000000 -0.689209819 -4.848696709 -2.512458086 0.294867277 -0.060571507 -0.010781251 0.953555584
1403715550662142976.000000 -0.670299590 -4.852919102 -2.475603819 0.277111769 -0.060821980 -0.002190451 0.958908260
1403715550712143104.000000 -0.654049337 -4.856997013 -2.436987638 0.259420991 -0.061425719 0.007455202 0.963780165
1403715550762142976.000000 -0.632541180 -4.861336231 -2.382491589 0.242923975 -0.063039534 0.019662226 0.967795193
1403715550812143104.000000 -0.623099029 -4.862797737 -2.342519045 -0.226623595 0.064798258 -0.033054397 -0.971262276
1403715550862142976.000000 -0.610067904 -4.863150597 -2.288241625 0.210334033 -0.066871285 0.045671843 0.974269986
1403715550912143104.000000 -0.605960965 -4.860896111 -2.245922565 0.193833187 -0.068556070 0.058482163 0.976887286
1403715550962142976.000000 -0.596732438 -4.856070518 -2.187556982 0.176859066 -0.069424033 0.069427662 0.979326844
1403715551012143104.000000 -0.593920827 -4.848003387 -2.142895937 0.159033597 -0.069867760 0.077681474 0.981729388
1403715551062142976.000000 -0.591773689 -4.836834908 -2.107922316 -0.139397666 0.068205550 -0.080947198 -0.984562755
1403715551112143104.000000 -0.570205450 -4.818862438 -2.027931929 0.120318130 -0.066695653 0.083915077 0.986931443
1403715551162142976.000000 -0.557881892 -4.798871994 -1.983353615 0.100789040 -0.064812824 0.087017521 0.988973618
1403715551212143104.000000 -0.536816120 -4.773751736 -1.920401096 0.082549334 -0.063927069 0.093515009 0.990128219
1403715551262142976.000000 -0.518130839 -4.746955395 -1.876231074 0.064294338 -0.061432790 0.101630151 0.990839899
1403715551312143104.000000 -0.497663319 -4.717301369 -1.830500364 -0.046373535 0.060605161 -0.112113968 -0.990760863
1403715551362142976.000000 -0.470641077 -4.679015636 -1.759005189 0.028495301 -0.060260870 0.122086637 0.990278482
1403715551412143104.000000 -0.451152205 -4.642369747 -1.716296911 0.010115338 -0.058838617 0.131858200 0.989469111
1403715551462142976.000000 -0.426616490 -4.597723961 -1.652011752 -0.008999223 -0.056361802 0.139850780 0.988526285
1403715551512143104.000000 -0.408678502 -4.554988384 -1.610692978 -0.028575093 -0.053838279 0.146139696 0.987384498
1403715551562142976.000000 -0.390912443 -4.509055614 -1.568159461 0.049599547 0.049640626 -0.149157509 -0.986320376
1403715551612143104.000000 -0.364336669 -4.447634697 -1.495677233 -0.071031965 -0.046266153 0.148812801 0.985225260
1403715551662142976.000000 -0.347868651 -4.395181656 -1.458865404 -0.093471251 -0.039796297 0.146151245 0.984032154
1403715551712143104.000000 -0.324114025 -4.330448151 -1.398028016 -0.115782820 -0.032155357 0.143899992 0.982269406
1403715551762142976.000000 -0.309234917 -4.275724411 -1.365728140 -0.137408495 -0.025651578 0.142922431 0.979813337
1403715551812143104.000000 -0.287263274 -4.204930782 -1.308702588 -0.158087462 -0.017246109 0.144512564 0.976640701
1403715551862142976.000000 -0.274453104 -4.148539543 -1.282020092 -0.178210199 -0.008241209 0.147426382 0.972850859
1403715551912143104.000000 -0.254176378 -4.074477673 -1.229948521 -0.197772101 0.002766235 0.150957599 0.968550682
1403715551962142976.000000 -0.244096547 -4.018450737 -1.210563302 -0.218055516 0.010631987 0.151744470 0.964008510
1403715552012143104.000000 -0.235477030 -3.962924719 -1.195952177 -0.239028499 0.014916301 0.149508923 0.959317446
1403715552062142976.000000 -0.214057118 -3.875887632 -1.138007998 -0.259985715 0.012847554 0.145081252 0.954564810
1403715552112143104.000000 -0.209797144 -3.824707031 -1.132070303 -0.278921515 0.011141599 0.145348728 0.949185193
1403715552162142976.000000 -0.205906361 -3.775068283 -1.127762556 0.297809243 -0.007740177 -0.145332202 -0.943466127
1403715552212143104.000000 -0.187511146 -3.685284615 -1.077981114 -0.316363245 0.008408014 0.145128325 0.937433422
1403715552262142976.000000 -0.185631454 -3.641115189 -1.083317280 -0.336459309 0.010915100 0.142496049 0.930790484
1403715552312143104.000000 -0.185015023 -3.600094795 -1.092518091 -0.356109440 0.015729325 0.141459793 0.923540950
1403715552362142976.000000 -0.168208659 -3.510626793 -1.046241522 -0.375627607 0.017951936 0.141558498 0.915719867
1403715552412143104.000000 -0.169822633 -3.476494789 -1.062047124 -0.395803660 0.018275065 0.142684877 0.906998694
1403715552462142976.000000 -0.171132088 -3.445742369 -1.080490232 0.415917605 -0.018845577 -0.145046860 -0.897562742
1403715552512143104.000000 -0.159013391 -3.361995220 -1.041517258 -0.435547888 0.020713547 0.149130344 0.887484789
1403715552562142976.000000 -0.162864268 -3.341038704 -1.067709327 -0.455222726 0.023698436 0.154927611 0.876474917
1403715552612143104.000000 -0.166768789 -3.322039366 -1.095504403 0.475067317 -0.028173009 -0.161141023 -0.864610314
1403715552662142976.000000 -0.157286942 -3.245590448 -1.061949372 -0.494136035 0.032261364 0.169795319 0.852031887
1403715552712143104.000000 -0.164671659 -3.237268448 -1.095727205 0.513592780 -0.034812316 -0.178998709 -0.838433087
1403715552762142976.000000 -0.163228333 -3.185962439 -1.089823723 -0.533111632 0.035483263 0.189038694 0.823891640
1403715552812143104.000000 -0.173407972 -3.187461615 -1.131145000 -0.552640200 0.036166739 0.198610261 0.808600545
1403715552862142976.000000 -0.174338996 -3.140968084 -1.130646706 -0.571704745 0.035445377 0.208795682 0.792654812
1403715552912143104.000000 -0.187967360 -3.151483774 -1.177555323 -0.589464605 0.035609759 0.221128598 0.776122212
1403715552962142976.000000 -0.192442417 -3.110874653 -1.183550596 -0.605565906 0.035449889 0.235471234 0.759333014
1403715553012143104.000000 -0.209099770 -3.129033804 -1.236550808 -0.621190369 0.036707446 0.249674395 0.741915047
1403715553062142976.000000 -0.214807272 -3.094675779 -1.249284267 0.636434019 -0.038446493 -0.262527347 -0.724260390
1403715553112143104.000000 -0.234612465 -3.120526075 -1.309637070 0.651966989 -0.039276335 -0.272265494 -0.706588924
1403715553162142976.000000 -0.253999591 -3.150395155 -1.375993967 -0.668701887 0.039467417 0.276751399 0.688976705
1403715553212143104.000000 -0.258882284 -3.086655140 -1.377631664 0.685463190 -0.040261872 -0.278499633 -0.671533525
1403715553262142976.000000 -0.280997753 -3.123747826 -1.452235937 0.701263249 -0.044783615 -0.280062467 -0.654056072
1403715553312143104.000000 -0.302356482 -3.163887978 -1.527436495 0.717927456 -0.048391767 -0.277609974 -0.636530519
1403715553362142976.000000 -0.317361474 -3.102349758 -1.537817717 0.735246599 -0.052712217 -0.270334184 -0.619316876
1403715553412143104.000000 -0.341385961 -3.153351784 -1.622991323 0.753164411 -0.054152437 -0.261346668 -0.601256073
1403715553462142976.000000 -0.365740895 -3.210325241 -1.711154461 0.772210896 -0.052691210 -0.247179285 -0.582937777
1403715553512143104.000000 -0.377973318 -3.152858019 -1.725569963 0.789366245 -0.051752392 -0.235576779 -0.564558446
1403715553562142976.000000 -0.403532982 -3.219828606 -1.815414429 0.805130005 -0.048624527 -0.225166351 -0.546535909
1403715553612143104.000000 -0.429938734 -3.293370962 -1.905356884 0.818385065 -0.043892298 -0.218575567 -0.529664278
1403715553662142976.000000 -0.446417272 -3.239048004 -1.917491198 0.829233825 -0.037279863 -0.213334143 -0.515237868
1403715553712143104.000000 -0.472787261 -3.321984291 -2.006231308 0.836673737 -0.029739834 -0.214044243 -0.503267109
1403715553762142976.000000 -0.502718627 -3.406181574 -2.100787640 0.841125548 -0.016178546 -0.220720023 -0.493486375
1403715553812143104.000000 -0.517353594 -3.381031036 -2.096787453 0.842330992 -0.000671008 -0.232163981 -0.486392826
1403715553862142976.000000 -0.543953061 -3.477064371 -2.185082197 0.842937052 0.014949818 -0.242696151 -0.479929477
1403715553912143104.000000 -0.564559340 -3.472421885 -2.211297989 0.843084872 0.030799747 -0.251121581 -0.474549502
1403715553962142976.000000 -0.589511752 -3.572810411 -2.297791243 0.841205895 0.042943195 -0.262343228 -0.470855266
1403715554012143104.000000 -0.602889657 -3.592267752 -2.313403130 0.837532640 0.051458798 -0.276657045 -0.468350381
1403715554062142976.000000 -0.629019976 -3.693323851 -2.398258686 0.832590461 0.059895411 -0.292841524 -0.466314942
1403715554112143104.000000 -0.669429541 -3.871047020 -2.551292419 0.827451766 0.069438331 -0.308538646 -0.464010715
1403715554162142976.000000 -0.654004455 -3.758841991 -2.464007616 0.820717037 0.077657729 -0.324452430 -0.463814080
1403715554212143104.000000 -0.679383278 -3.857446671 -2.550635338 0.815611959 0.083954237 -0.336698532 -0.462993532
1403715554262142976.000000 -0.704428673 -3.953525543 -2.639280796 0.811408103 0.091314919 -0.344903231 -0.462947369
1403715554312143104.000000 -0.710178494 -3.891674757 -2.621742487 0.808529377 0.100169897 -0.349076450 -0.463024765
1403715554362142976.000000 -0.738008380 -3.981316090 -2.713769197 0.807250023 0.113282748 -0.345958680 -0.464572012
1403715554412143104.000000 -0.747562289 -3.963289976 -2.736551046 0.807478070 0.129717261 -0.333604187 -0.468893260
1403715554462142976.000000 -0.777705908 -4.044290543 -2.829242706 0.810838580 0.152354017 -0.304398239 -0.476099551
1403715554512143104.000000 -0.801489353 -4.005483627 -2.843087196 0.813900471 0.175845206 -0.269477129 -0.483762920
1403715554562142976.000000 -0.835813761 -4.078267097 -2.928185940 0.815708160 0.200677574 -0.232810616 -0.490049034
1403715554612143104.000000 -0.870838165 -4.147362232 -3.006911039 0.816763222 0.222097427 -0.197069049 -0.494706452
1403715554662142976.000000 -0.887690544 -4.040446281 -2.969283819 0.816576660 0.240059838 -0.167754307 -0.497425705
1403715554712143104.000000 -0.924732685 -4.098950386 -3.029546022 0.816234708 0.252677619 -0.144661963 -0.498986900
1403715554762142976.000000 -0.945364714 -4.042848587 -3.003593206 -0.816205382 -0.261721224 0.125812456 0.499481738
1403715554812143104.000000 -0.977334976 -4.083378792 -3.035071611 -0.816793144 -0.266873628 0.108432539 0.499869823
1403715554862142976.000000 -0.976199865 -4.028302193 -2.999458551 -0.817826271 -0.263307989 0.098843336 0.502054989
1403715554912143104.000000 -0.990889311 -4.046724319 -2.992712021 -0.820668280 -0.254928648 0.094324932 0.502611101
1403715554962142976.000000 -0.982882500 -3.982952595 -2.924987078 -0.824910104 -0.240471348 0.090761483 0.503447413
1403715555012143104.000000 -0.977248430 -3.982364178 -2.882888794 -0.829766393 -0.216113329 0.102878749 0.504181325
1403715555062142976.000000 -0.951946497 -3.920211315 -2.792359352 -0.833293676 -0.184494480 0.128548756 0.505033314
1403715555112143104.000000 -0.930544376 -3.905765057 -2.721997499 -0.834473789 -0.148043856 0.161989227 0.505466163
1403715555162142976.000000 -0.901373506 -3.847940445 -2.622576475 0.832473934 0.111336328 -0.199427024 -0.504797280
1403715555212143104.000000 -0.872670889 -3.825510263 -2.535551310 0.827107668 0.075868368 -0.237049848 -0.503928900
1403715555262142976.000000 -0.855044484 -3.752867699 -2.406442165 0.819318891 0.037253223 -0.277770489 -0.500172436
1403715555312143104.000000 -0.830788612 -3.725618839 -2.311804056 0.808614135 0.001143795 -0.313860714 -0.497627795
1403715555362142976.000000 -0.786381841 -3.690570116 -2.207860231 0.800373971 -0.021198247 -0.336176693 -0.495920837
1403715555412143104.000000 -0.764042795 -3.659841061 -2.112134933 0.796552360 -0.035562679 -0.346403182 -0.494211078
1403715555462142976.000000 -0.740033269 -3.626738071 -2.031424284 0.798497081 -0.038648345 -0.342394829 -0.493634075
1403715555512143104.000000 -0.715386271 -3.600689411 -1.993573189 0.799912810 -0.036294270 -0.336034358 -0.495886207
1403715555562142976.000000 -0.686777771 -3.576182365 -1.924621582 0.804345071 -0.028720371 -0.324513376 -0.496885538
1403715555612143104.000000 -0.660016775 -3.548110485 -1.869143724 0.807501495 -0.021383718 -0.314772815 -0.498399675
1403715555662142976.000000 -0.627292395 -3.527973175 -1.812175035 0.809534371 -0.011930458 -0.307395279 -0.500020027
1403715555712143104.000000 -0.596722484 -3.505935431 -1.766464472 0.809673667 -0.003356699 -0.304388821 -0.501761675
1403715555762142976.000000 -0.561069846 -3.490127325 -1.715919495 0.806895077 -0.002130033 -0.308313519 -0.503843904
1403715555812143104.000000 -0.525893927 -3.470681190 -1.676445484 0.803016901 -0.004093932 -0.315282404 -0.505711496
1403715555862142976.000000 -0.486554146 -3.458362579 -1.635076523 0.798813462 -0.008688460 -0.323242992 -0.507282555
1403715555912143104.000000 -0.445329666 -3.447594643 -1.599241018 0.796001911 -0.011049682 -0.327576250 -0.508873999
1403715555962142976.000000 -0.411178946 -3.431535244 -1.587309122 0.792379022 -0.012498741 -0.333163202 -0.510863602
1403715556012143104.000000 -0.372941494 -3.423446894 -1.561828613 0.788612545 -0.016937079 -0.340570271 -0.511678815
1403715556062142976.000000 -0.338221908 -3.416723967 -1.540420294 0.783572078 -0.024798583 -0.351300031 -0.511847854
1403715556112143104.000000 -0.306353688 -3.405684948 -1.523943424 0.780966222 -0.030575115 -0.356738657 -0.511756301
1403715556162142976.000000 -0.277822495 -3.402078629 -1.512242556 0.781104147 -0.034769174 -0.355432093 -0.512187004
1403715556212143104.000000 -0.251083136 -3.400716782 -1.506537676 0.782368183 -0.038825259 -0.351262808 -0.512842298
1403715556262142976.000000 -0.225925446 -3.401194334 -1.506738663 0.784696400 -0.040215742 -0.344382614 -0.513843298
1403715556312143104.000000 -0.210863590 -3.382124424 -1.538801432 0.785727799 -0.038472321 -0.338232428 -0.516479015
1403715556362142976.000000 -0.189694762 -3.387087822 -1.549418211 0.786729276 -0.036463562 -0.333229005 -0.518349171
1403715556412143104.000000 -0.170996308 -3.394424438 -1.564830542 0.787761867 -0.033072874 -0.328077465 -0.520290971
1403715556462142976.000000 -0.157565594 -3.399787188 -1.587654352 0.789010167 -0.024254713 -0.322047889 -0.522646964
1403715556512143104.000000 -0.147672057 -3.410130024 -1.610570669 0.791247785 -0.007953759 -0.313802361 -0.524777830
1403715556562142976.000000 -0.142131209 -3.410584927 -1.644181252 0.792878687 0.008882318 -0.305784851 -0.527029634
1403715556612143104.000000 -0.141154885 -3.423200846 -1.670224667 0.793915093 0.022934007 -0.299433976 -0.528689206
1403715556662142976.000000 -0.139617205 -3.433645964 -1.705040693 0.792938828 0.035639860 -0.297694921 -0.530429602
1403715556712143104.000000 -0.147601843 -3.447207451 -1.732647419 0.791369021 0.046314962 -0.298592538 -0.531443834
1403715556762142976.000000 -0.158977270 -3.460293293 -1.760771751 0.790069759 0.056217674 -0.298389167 -0.532534719
1403715556812143104.000000 -0.178153992 -3.470486164 -1.785576820 0.790891588 0.064657614 -0.292612553 -0.533561468
1403715556862142976.000000 -0.186513543 -3.476077318 -1.821439266 0.791206241 0.071156584 -0.287717372 -0.534928262
1403715556912143104.000000 -0.201322079 -3.484896660 -1.851193666 0.792058051 0.077567384 -0.281495899 -0.536085367
1403715556962142976.000000 -0.215638161 -3.491662979 -1.881756544 0.792581201 0.082337148 -0.277583987 -0.536640346
1403715557012143104.000000 -0.226577997 -3.497344255 -1.914085388 0.790536225 0.084893823 -0.281734258 -0.537095368
1403715557062142976.000000 -0.242448568 -3.500940800 -1.942379951 0.787766933 0.086254790 -0.289722353 -0.536697567
1403715557112143104.000000 -0.258197427 -3.502448082 -1.970228195 0.784281790 0.087025136 -0.299994439 -0.536033750
1403715557162142976.000000 -0.273369431 -3.500903130 -1.998139143 0.780653536 0.087279357 -0.311620563 -0.534654140
1403715557212143104.000000 -0.288133502 -3.497641563 -2.028110981 0.777080953 0.087521613 -0.321973801 -0.533683479
1403715557262142976.000000 -0.303300977 -3.490407944 -2.058151484 0.774232030 0.088352859 -0.330918491 -0.532213867
1403715557312143104.000000 -0.318379283 -3.480327845 -2.090537786 0.772753358 0.089475110 -0.336124271 -0.530911386
1403715557362142976.000000 -0.333751917 -3.465949535 -2.123995543 0.771608591 0.090361170 -0.340520173 -0.529623568
1403715557412143104.000000 -0.349406600 -3.447988987 -2.160043478 0.772502542 0.088912643 -0.340349495 -0.528674424
1403715557462142976.000000 -0.365340829 -3.426361084 -2.197733164 0.774983406 0.087195806 -0.335660011 -0.528327584
1403715557512143104.000000 -0.382099986 -3.403439999 -2.236042500 0.779167652 0.084652655 -0.325659364 -0.528845608
1403715557562142976.000000 -0.399099469 -3.375801086 -2.276468992 0.784037828 0.082480989 -0.314141572 -0.528958201
1403715557612143104.000000 -0.416777611 -3.347329855 -2.316915989 0.788179398 0.082285844 -0.303344429 -0.529135644
1403715557662142976.000000 -0.435790539 -3.315089226 -2.357930183 0.792418182 0.081745371 -0.292462885 -0.529014766
1403715557712143104.000000 -0.453711033 -3.283075094 -2.398900509 0.796260774 0.082365967 -0.282633305 -0.528491259
1403715557762142976.000000 -0.473802567 -3.247616291 -2.438535690 0.798891306 0.080949552 -0.277325153 -0.527551532
1403715557812143104.000000 -0.491976976 -3.213219643 -2.477801085 0.800531507 0.077994123 -0.276547074 -0.525916338
1403715557862142976.000000 -0.508311987 -3.175559521 -2.516460896 0.801750004 0.075272389 -0.278017670 -0.523676753
1403715557912143104.000000 -0.521749496 -3.136905432 -2.555039406 0.802822471 0.073088087 -0.280205727 -0.521170855
1403715557962142976.000000 -0.531782627 -3.096969128 -2.593515635 0.804234087 0.070603944 -0.281841010 -0.518447995
1403715558012143104.000000 -0.538711905 -3.056401730 -2.631818533 0.805625319 0.068090886 -0.282911569 -0.516035318
1403715558062142976.000000 -0.542614937 -3.015016317 -2.670365334 0.807037234 0.067641072 -0.283127010 -0.513765216
1403715558112143104.000000 -0.544635177 -2.970137119 -2.709122658 0.807769239 0.067347579 -0.285189897 -0.511507452
1403715558162142976.000000 -0.543344259 -2.926348686 -2.748249292 0.808308780 0.068076633 -0.286742181 -0.509687543
1403715558212143104.000000 -0.540598512 -2.884415627 -2.787181854 0.808995724 0.072664000 -0.286838144 -0.507907331
1403715558262142976.000000 -0.539253592 -2.836773157 -2.825891018 0.810092866 0.076557204 -0.285256714 -0.506475270
1403715558312143104.000000 -0.531495690 -2.804345846 -2.872918606 0.811076581 0.083289586 -0.279846191 -0.506856859
1403715558362142976.000000 -0.535745621 -2.742706299 -2.902291775 0.814839303 0.085481912 -0.271911025 -0.504771411
1403715558412143104.000000 -0.533329546 -2.696253777 -2.938688755 0.817598164 0.085936621 -0.263291478 -0.504802763
1403715558462142976.000000 -0.526935399 -2.662391663 -2.983122349 0.818974435 0.078372344 -0.256663591 -0.507210553
1403715558512143104.000000 -0.528222799 -2.614953756 -3.014591694 0.822053194 0.067763522 -0.247869194 -0.508131504
1403715558562142976.000000 -0.531900883 -2.569176912 -3.043746948 0.824624002 0.056722544 -0.240162328 -0.509018600
1403715558612143104.000000 -0.537973225 -2.525378466 -3.071038723 0.826915383 0.047458366 -0.232986867 -0.509583890
1403715558662142976.000000 -0.547813594 -2.483992100 -3.096330404 0.827859402 0.040967342 -0.230667248 -0.509669662
1403715558712143104.000000 -0.560418606 -2.445042372 -3.119393826 0.828210831 0.036590148 -0.228428885 -0.510439396
1403715558762142976.000000 -0.574515343 -2.408199549 -3.140245914 0.827054083 0.036122009 -0.227417633 -0.512794435
1403715558812143104.000000 -0.587911069 -2.373357296 -3.159550428 0.825216651 0.037461609 -0.225086138 -0.516672492
1403715558862142976.000000 -0.600377083 -2.340310574 -3.177009106 0.822346210 0.040385980 -0.222455174 -0.522139370
1403715558912143104.000000 -0.611367762 -2.309623003 -3.192982674 0.818983912 0.045457359 -0.218479887 -0.528645098
1403715558962142976.000000 -0.620777428 -2.281147003 -3.207011223 0.815079093 0.048862025 -0.213859588 -0.536211431
1403715559012143104.000000 -0.628535330 -2.255107641 -3.218885183 0.810725570 0.053989027 -0.208751127 -0.544272065
1403715559062142976.000000 -0.632983565 -2.224872828 -3.229050875 0.805115938 0.056971863 -0.205749691 -0.553362131
1403715559112143104.000000 -0.635945737 -2.197337151 -3.235772133 0.798848033 0.056873281 -0.203031465 -0.563369691
1403715559162142976.000000 -0.637679517 -2.171413422 -3.240462303 0.792025208 0.056770463 -0.200747073 -0.573736727
1403715559212143104.000000 -0.637899041 -2.151202917 -3.242260933 0.784942389 0.056956083 -0.197281271 -0.584552467
1403715559262142976.000000 -0.636575460 -2.128011942 -3.240545750 0.777686298 0.057837564 -0.193488121 -0.595332861
1403715559312143104.000000 -0.635400534 -2.105396986 -3.237143278 0.769956589 0.059552088 -0.189510211 -0.606387854
1403715559362142976.000000 -0.633926868 -2.087726355 -3.231061697 0.761832237 0.062443491 -0.186268270 -0.617265522
1403715559412143104.000000 -0.632566392 -2.073697567 -3.218997955 0.753192663 0.065888055 -0.185790837 -0.627567828
1403715559462142976.000000 -0.631394148 -2.062601089 -3.208719730 0.744114757 0.073213600 -0.188032553 -0.636849165
1403715559512143104.000000 -0.632069349 -2.052512884 -3.199411392 0.734279454 0.078040391 -0.196475849 -0.645089626
1403715559562142976.000000 -0.636698365 -2.041548014 -3.179463863 0.725343704 0.078651838 -0.207122907 -0.651759565
1403715559612143104.000000 -0.643819630 -2.031641483 -3.159895897 0.717183888 0.077601813 -0.216724455 -0.657765746
1403715559662142976.000000 -0.652835608 -2.022965908 -3.139392853 0.710788786 0.077931739 -0.222002402 -0.662888408
1403715559712143104.000000 -0.664095461 -2.014163494 -3.116728306 0.705390811 0.080510370 -0.223200232 -0.667924881
1403715559762142976.000000 -0.676106572 -2.005035400 -3.092049360 0.700486660 0.083382450 -0.221127763 -0.673400581
1403715559812143104.000000 -0.688387275 -1.995190144 -3.065380096 0.695120335 0.085748672 -0.219022855 -0.679326057
1403715559862142976.000000 -0.700223446 -1.985913038 -3.037394047 0.689046502 0.087795630 -0.217001095 -0.685869873
1403715559912143104.000000 -0.711918890 -1.975930572 -3.007276058 0.682579458 0.091482438 -0.212789118 -0.693135738
1403715559962142976.000000 -0.721917093 -1.965893507 -2.975767612 0.675522029 0.095496029 -0.208133951 -0.700878561
1403715560012143104.000000 -0.730899572 -1.956439853 -2.941987753 0.667964518 0.099875905 -0.203101516 -0.708941460
1403715560062142976.000000 -0.738808751 -1.947508812 -2.906172037 0.659694910 0.101616398 -0.199631825 -0.717372894
1403715560112143104.000000 -0.743404746 -1.937920809 -2.868371010 0.651096761 0.105026782 -0.196281359 -0.725614250
1403715560162142976.000000 -0.752397001 -1.913394928 -2.821769476 0.643061876 0.104069613 -0.195205986 -0.733168244
1403715560212143104.000000 -0.743268549 -1.917101026 -2.786820412 0.631102324 0.101112343 -0.198265418 -0.743086219
1403715560262142976.000000 -0.739632666 -1.898649216 -2.732587099 0.622742534 0.095187701 -0.201442316 -0.750034750
1403715560312143104.000000 -0.731421590 -1.884055972 -2.687461615 0.612013459 0.092086509 -0.204686180 -0.758329272
1403715560362142976.000000 -0.721227586 -1.868186474 -2.642150164 0.601444542 0.088571355 -0.206507161 -0.766664505
1403715560412143104.000000 -0.709110141 -1.853485942 -2.596527576 0.591244936 0.085586712 -0.206391379 -0.774923801
1403715560462142976.000000 -0.696952105 -1.837176085 -2.550178528 0.581173539 0.085609011 -0.205447957 -0.782751322
1403715560512143104.000000 -0.685396969 -1.819778085 -2.503293991 0.571457386 0.084168129 -0.203751281 -0.790466785
1403715560562142976.000000 -0.674038827 -1.803173065 -2.455317736 0.561521113 0.082466468 -0.202461883 -0.798061788
1403715560612143104.000000 -0.662069082 -1.787088394 -2.406775475 0.551354766 0.082630552 -0.199615702 -0.805812478
1403715560662142976.000000 -0.645758390 -1.777429819 -2.357441187 0.540760040 0.081725828 -0.196385175 -0.813838065
1403715560712143104.000000 -0.629527450 -1.763968945 -2.307469606 0.529696226 0.081537470 -0.193254575 -0.821843147
1403715560762142976.000000 -0.614419341 -1.751001239 -2.256012440 0.518837154 0.081883609 -0.187905565 -0.829936564
1403715560812143104.000000 -0.600302100 -1.736010075 -2.204176903 0.507690549 0.082472473 -0.182412565 -0.837958455
1403715560862142976.000000 -0.585099518 -1.721579790 -2.153401852 0.496828139 0.085086420 -0.174136773 -0.845930576
1403715560912143104.000000 -0.570671916 -1.707122326 -2.100855589 0.484891832 0.087518118 -0.167866185 -0.853839278
1403715560962142976.000000 -0.555532038 -1.692667723 -2.047916412 0.472311884 0.088784315 -0.161403522 -0.861967325
1403715561012143104.000000 -0.540270090 -1.677903771 -1.993883014 0.458677888 0.089075185 -0.156254545 -0.870209575
1403715561062142976.000000 -0.525301516 -1.663057327 -1.938312531 0.444430649 0.088917695 -0.152347356 -0.878274143
1403715561112143104.000000 -0.509977758 -1.648006797 -1.883000374 0.429373652 0.087822497 -0.150262877 -0.886197805
1403715561162142976.000000 -0.492546588 -1.636901498 -1.823147535 0.413955957 0.085894451 -0.149836525 -0.893762648
1403715561212143104.000000 -0.476479232 -1.623013020 -1.765434265 0.399731010 0.084388576 -0.149361476 -0.900435984
1403715561262142976.000000 -0.459979981 -1.609488487 -1.708515644 0.386220634 0.079301804 -0.153888509 -0.906015038
1403715561312143104.000000 -0.442789346 -1.595161915 -1.651898861 0.373401374 0.074073844 -0.160830691 -0.910614073
1403715561362142976.000000 -0.425421000 -1.580608845 -1.595366359 0.361481249 0.069528878 -0.167493403 -0.914572597
1403715561412143104.000000 -0.407584339 -1.568182349 -1.537807107 0.349895746 0.065269127 -0.171558022 -0.918629885
1403715561462142976.000000 -0.391281426 -1.550248384 -1.483106613 0.340078354 0.063205831 -0.170782328 -0.922596991
1403715561512143104.000000 -0.375007600 -1.530161262 -1.428982735 0.331932396 0.062171355 -0.163952798 -0.926863074
1403715561562142976.000000 -0.359279007 -1.508245945 -1.374433517 0.324129879 0.060951214 -0.156137750 -0.931045592
1403715561612143104.000000 -0.342903167 -1.483950257 -1.319739819 0.316994101 0.060835965 -0.146210268 -0.935112953
1403715561662142976.000000 -0.327830970 -1.459963918 -1.265258193 0.310122073 0.061357740 -0.135060146 -0.939051867
1403715561712143104.000000 -0.312670946 -1.436672807 -1.211250782 0.302265048 0.056965645 -0.126112729 -0.943125844
1403715561762142976.000000 -0.297847062 -1.413574576 -1.156235933 0.293950081 0.053873956 -0.116031721 -0.947221041
1403715561812143104.000000 -0.282449484 -1.392573357 -1.102950215 0.283972383 0.048415925 -0.109038383 -0.951381207
1403715561862142976.000000 -0.266558468 -1.372560263 -1.050141215 0.273432970 0.044243857 -0.101651385 -0.955480933
1403715561912143104.000000 -0.249603093 -1.353978753 -0.996309996 0.261256844 0.038361732 -0.095850304 -0.959732234
1403715561962142976.000000 -0.232724920 -1.337527514 -0.943713725 0.249995559 0.030786321 -0.088321991 -0.963718712
1403715562012143104.000000 -0.215899780 -1.322919369 -0.892279863 0.238660455 0.022301458 -0.081914924 -0.967385054
1403715562062142976.000000 -0.199483320 -1.309986711 -0.842587948 0.228316560 0.013337143 -0.076886922 -0.970454574
1403715562112143104.000000 -0.183013663 -1.300225735 -0.796065032 0.220497519 0.005131919 -0.070177197 -0.972846210
1403715562162142976.000000 -0.166781709 -1.294470668 -0.753113806 0.214431107 -0.001961372 -0.064177580 -0.974626482
1403715562212143104.000000 -0.151562274 -1.290693760 -0.714265704 0.209887475 -0.006500239 -0.057753101 -0.975996733
1403715562262142976.000000 -0.137894556 -1.290246129 -0.676344872 0.207140818 -0.005383669 -0.050628167 -0.976985455
1403715562312143104.000000 -0.125094861 -1.293986797 -0.641579390 0.205518425 -0.001161468 -0.044492472 -0.977640629
1403715562362142976.000000 -0.112508483 -1.299940467 -0.608280301 0.204729617 0.007649258 -0.039383579 -0.977996051
1403715562412143104.000000 -0.100750461 -1.309516788 -0.576857746 0.204068407 0.020222479 -0.035250518 -0.978112817
1403715562462142976.000000 -0.088474184 -1.323760271 -0.547014475 0.203212932 0.032941326 -0.030700080 -0.978098691
1403715562512143104.000000 -0.077088036 -1.341660500 -0.516068697 0.200882286 0.044054557 -0.026116984 -0.978275776
1403715562562142976.000000 -0.064684577 -1.363097668 -0.488344908 0.197680935 0.049494736 -0.018224694 -0.978846490
1403715562612143104.000000 -0.049486842 -1.388039827 -0.458534718 0.191957876 0.051166251 -0.012808810 -0.979984760
1403715562662142976.000000 -0.035547458 -1.416283846 -0.426326960 0.182985172 0.053995647 -0.017351992 -0.981478393
1403715562712143104.000000 -0.021137383 -1.449168086 -0.395699680 0.172209129 0.055963807 -0.030438995 -0.982998252
1403715562762142976.000000 -0.007874791 -1.483561873 -0.365207851 0.162302971 0.056965072 -0.043806642 -0.984120846
1403715562812143104.000000 0.007089081 -1.521409869 -0.335216969 0.152861416 0.057046231 -0.055348363 -0.985046089
1403715562862142976.000000 0.021710468 -1.560985684 -0.305532515 0.142594844 0.057585746 -0.065764576 -0.985913634
1403715562912143104.000000 0.036927428 -1.599929571 -0.275447726 0.131566033 0.057198465 -0.073733203 -0.986905396
1403715562962142976.000000 0.050450914 -1.638546109 -0.246052727 0.120454788 0.056433912 -0.078057498 -0.988034904
1403715563012143104.000000 0.063749798 -1.678523779 -0.217909291 0.108976468 0.055330928 -0.080351233 -0.989245296
1403715563062142976.000000 0.077191904 -1.718804479 -0.190858960 0.097222909 0.051669572 -0.079241835 -0.990756631
1403715563112143104.000000 0.091768920 -1.758675575 -0.162794068 0.085709073 0.046668023 -0.072609194 -0.992574453
1403715563162142976.000000 0.104972206 -1.798163533 -0.134976819 0.072715335 0.040324692 -0.065932624 -0.994353771
1403715563212143104.000000 0.119429052 -1.839991331 -0.108110070 0.057918731 0.032291412 -0.057607945 -0.996134520
1403715563262142976.000000 0.132560983 -1.883178830 -0.081876427 0.040264249 0.023280995 -0.050666135 -0.997632086
1403715563312143104.000000 0.144708589 -1.926758528 -0.056977373 0.020907365 0.015832424 -0.042323466 -0.998759747
1403715563362142976.000000 0.156852499 -1.971331835 -0.033173364 -0.000872644 0.009912164 -0.034586925 -0.999352157
1403715563412143104.000000 0.168057159 -2.017254829 -0.011771392 -0.023760878 0.005373645 -0.026698811 -0.999346733
1403715563462142976.000000 0.177502066 -2.062725782 0.005799447 -0.045881901 0.002583778 -0.016249096 -0.998811364
1403715563512143104.000000 0.184253633 -2.109596729 0.024203617 -0.067853428 0.000342337 -0.006372664 -0.997674882
1403715563562142976.000000 0.188091367 -2.156619549 0.039282199 -0.089151204 -0.003047907 0.003648689 -0.996006787
1403715563612143104.000000 0.187864095 -2.204740524 0.053083055 -0.109169558 -0.006332972 0.014194957 -0.993901610
1403715563662142976.000000 0.185255453 -2.253448009 0.065693155 -0.128419131 -0.010369604 0.023137625 -0.991395831
1403715563712143104.000000 0.178635016 -2.302377462 0.074503407 -0.146646932 -0.015061228 0.032806046 -0.988530099
1403715563762142976.000000 0.169276044 -2.351337194 0.081774145 -0.164846197 -0.020273769 0.040480576 -0.985279679
1403715563812143104.000000 0.156593323 -2.401817322 0.086628489 0.184294492 0.024713239 -0.044854607 0.981536031
1403715563862142976.000000 0.141167417 -2.451213360 0.089988954 0.206458375 0.027975494 -0.042712539 0.977122307
1403715563912143104.000000 0.121291794 -2.501796246 0.090028629 0.228254408 0.028826695 -0.041987818 0.972268522
1403715563962142976.000000 0.097118586 -2.552530050 0.088088408 0.251338929 0.028475966 -0.039116673 0.966689110
1403715564012143104.000000 0.071308166 -2.605398655 0.084364563 0.275105625 0.024658024 -0.035200544 0.960452914
1403715564062142976.000000 0.042937875 -2.654819250 0.074729294 0.299464047 0.019740704 -0.031502303 0.953383088
1403715564112143104.000000 0.013952907 -2.703130960 0.064745545 0.323006213 0.015950469 -0.029443391 0.945804358
1403715564162142976.000000 -0.014234792 -2.747878313 0.051041663 0.346004605 0.013966263 -0.028278213 0.937702537
1403715564212143104.000000 -0.042856663 -2.791417122 0.039488554 0.368372798 0.010424583 -0.029507549 0.929151297
1403715564262142976.000000 -0.070888847 -2.831341982 0.028145134 0.390158683 0.008375802 -0.033276614 0.920107961
1403715564312143104.000000 -0.095311522 -2.866650581 0.014718831 0.411229312 0.008326656 -0.041581430 0.910544932
1403715564362142976.000000 -0.122728355 -2.900308371 0.004903376 0.433111489 0.008436160 -0.049910359 0.899917960
1403715564412143104.000000 -0.144444048 -2.929023743 -0.012906969 0.454864204 0.003325978 -0.062560834 0.888354421
1403715564462142976.000000 -0.162897438 -2.954036474 -0.030243278 0.476047397 -0.003439101 -0.077431194 0.875997484
1403715564512143104.000000 -0.176628083 -2.976282358 -0.050596714 0.497182995 -0.008996071 -0.090728872 0.862842083
1403715564562142976.000000 -0.186570704 -2.996378422 -0.072707653 0.517162502 -0.012591465 -0.104761623 0.849358261
1403715564612143104.000000 -0.192553401 -3.011742592 -0.097004175 0.537127078 -0.013684373 -0.117421456 0.835176289
1403715564662142976.000000 -0.193046257 -3.026129246 -0.122750998 0.556165218 -0.012861062 -0.129477888 0.820823014
1403715564712143104.000000 -0.189521998 -3.040214539 -0.148607612 0.574340045 -0.009899563 -0.141771972 0.806186318
1403715564762142976.000000 -0.181664407 -3.053849936 -0.176615953 0.592452526 -0.006909109 -0.152488187 0.791011810
1403715564812143104.000000 -0.171480864 -3.065867424 -0.207303762 0.609847069 -0.001937262 -0.162489220 0.775680482
1403715564862142976.000000 -0.156921089 -3.079155207 -0.239347935 0.626847744 0.002072646 -0.170820355 0.760182917
1403715564912143104.000000 -0.138568938 -3.091398954 -0.271670341 0.643439531 0.008562682 -0.177283838 0.744635999
1403715564962142976.000000 -0.118297398 -3.103637934 -0.308420181 0.659362137 0.016083032 -0.182601362 0.729136229
1403715565012143104.000000 -0.094553232 -3.113806009 -0.346782207 0.675067306 0.021720286 -0.187563881 0.713184536
1403715565062142976.000000 -0.068863153 -3.124684811 -0.387905598 0.690380216 0.026101112 -0.193079993 0.696716666
1403715565112143104.000000 -0.044257641 -3.134877205 -0.430937290 0.706407487 0.027580239 -0.196644247 0.679381192
1403715565162142976.000000 -0.019023120 -3.140330791 -0.472880602 0.722611010 0.026495511 -0.199070454 0.661439657
1403715565212143104.000000 0.000921249 -3.149106741 -0.515962362 0.737956762 0.024643509 -0.201722741 0.643521905
1403715565262142976.000000 0.020476818 -3.150263786 -0.560384035 0.752530992 0.023333998 -0.203037351 0.626041889
1403715565312143104.000000 0.035046101 -3.156188726 -0.603208780 0.766764164 0.023545498 -0.201701343 0.608962238
1403715565362142976.000000 0.048635364 -3.161524773 -0.646467686 0.780244112 0.026231848 -0.199915484 0.592085242
1403715565412143104.000000 0.058396220 -3.165268898 -0.685509205 0.793505669 0.029098030 -0.197009936 0.575055897
1403715565462142976.000000 0.064898849 -3.169356346 -0.723397732 0.806582749 0.030681070 -0.193550929 0.557692647
1403715565512143104.000000 0.069450557 -3.168960810 -0.758371115 0.818881333 0.033308450 -0.192177087 0.539807260
1403715565562142976.000000 0.071815252 -3.167239904 -0.792208910 0.830707908 0.036019627 -0.192743793 0.521034479
1403715565612143104.000000 0.073864698 -3.164602041 -0.825896978 0.842452347 0.037810232 -0.194127664 0.501157463
1403715565662142976.000000 0.077263236 -3.157468557 -0.858050585 0.854132056 0.038641058 -0.196178705 0.480082691
1403715565712143104.000000 0.082248569 -3.149377346 -0.890290260 0.865416646 0.039300941 -0.199971050 0.457734764
1403715565762142976.000000 0.088222384 -3.136403561 -0.921033144 0.876295507 0.039735671 -0.205528751 0.433918655
1403715565812143104.000000 0.095896482 -3.119207382 -0.950692415 0.886237562 0.040508766 -0.213702634 0.408990622
1403715565862142976.000000 0.104451060 -3.100250721 -0.977813959 0.896584570 0.038273733 -0.220907241 0.381931007
1403715565912143104.000000 0.111271739 -3.080724001 -1.002644300 0.906495571 0.039632503 -0.227655187 0.353367060
1403715565962142976.000000 0.118836761 -3.059412956 -1.025895119 0.916152120 0.040515874 -0.232891023 0.323705912
1403715566012143104.000000 0.128175139 -3.035967112 -1.047787189 0.925422430 0.041739553 -0.236475378 0.293139338
1403715566062142976.000000 0.139605939 -3.011644840 -1.066341877 0.933436811 0.041536719 -0.240664855 0.262775451
1403715566112143104.000000 0.149661064 -2.986628532 -1.080843687 0.940127373 0.043327048 -0.245193973 0.232730001
1403715566162142976.000000 0.160474300 -2.963242292 -1.097084999 0.946185291 0.044977594 -0.248009861 0.202981576
1403715566212143104.000000 0.163956583 -2.930159092 -1.119241476 -0.951044679 -0.045891598 0.251525939 -0.173616558
1403715566262142976.000000 0.176203787 -2.905465603 -1.130314350 -0.955420017 -0.046713721 0.253534943 -0.143911391
1403715566312143104.000000 0.188615799 -2.881743670 -1.138063669 -0.958903015 -0.047057707 0.255494148 -0.114075847
1403715566362142976.000000 0.201959372 -2.855827093 -1.143662691 -0.961266339 -0.048350044 0.257689178 -0.085003883
1403715566412143104.000000 0.216864437 -2.833496571 -1.145776272 -0.962678671 -0.050088298 0.259911388 -0.056453638
1403715566462142976.000000 0.226820439 -2.807674646 -1.147964954 -0.963745177 -0.050653625 0.260414958 -0.028522853
1403715566512143104.000000 0.234343141 -2.781615019 -1.146552086 0.964371383 0.051869012 -0.259412616 0.001616526
1403715566562142976.000000 0.237573653 -2.755683899 -1.144346833 0.964314401 0.051887579 -0.258485794 -0.024303894
1403715566612143104.000000 0.235455677 -2.725861788 -1.143352270 0.963698804 0.052671023 -0.257012755 -0.049547426
1403715566662142976.000000 0.229994491 -2.698514700 -1.138112783 0.962318480 0.054416552 -0.255674452 -0.074917838
1403715566712143104.000000 0.220653772 -2.671192646 -1.132004261 0.959977627 0.056281116 -0.254983753 -0.101285294
1403715566762142976.000000 0.211893380 -2.641179323 -1.122318625 0.956786394 0.057373125 -0.254489422 -0.128465667
1403715566812143104.000000 0.206388786 -2.612582445 -1.109549165 0.952269733 0.057174813 -0.255636573 -0.156727418
1403715566862142976.000000 0.201478422 -2.583897352 -1.095155716 0.947262704 0.055780459 -0.255056560 -0.185817599
1403715566912143104.000000 0.198220432 -2.554189444 -1.077330828 0.941364288 0.054472670 -0.253383547 -0.216015905
1403715566962142976.000000 0.195651174 -2.523703098 -1.057668686 0.934248090 0.053288817 -0.251729101 -0.246927783
1403715567012143104.000000 0.195009977 -2.495107412 -1.032678485 0.925174654 0.052398812 -0.252581537 -0.278404117
1403715567062142976.000000 0.195052952 -2.466500998 -1.005027413 0.914435387 0.049953870 -0.254448324 -0.310754895
1403715567112143104.000000 0.196082860 -2.438760042 -0.974976063 0.902157307 0.045335352 -0.256551743 -0.343857884
1403715567162142976.000000 0.197872937 -2.412575245 -0.943864584 0.888773322 0.043145031 -0.256855100 -0.377155066
1403715567212143104.000000 0.200946808 -2.388720989 -0.911028743 0.873665690 0.041121248 -0.257707983 -0.410614043
1403715567262142976.000000 0.198921621 -2.360344172 -0.880363941 0.856246591 0.043280654 -0.260468632 -0.443987310
1403715567312143104.000000 0.203481853 -2.339124680 -0.843502998 0.837913513 0.044690754 -0.261671782 -0.476897955
1403715567362142976.000000 0.213185906 -2.324347973 -0.803474665 0.819024265 0.048821978 -0.261013240 -0.508613646
1403715567412143104.000000 0.214363337 -2.303666592 -0.766422987 0.798665464 0.054576661 -0.259398371 -0.540247560
1403715567462142976.000000 0.212210357 -2.282416105 -0.728105783 0.777561784 0.059961349 -0.256899834 -0.570793152
1403715567512143104.000000 0.207914412 -2.263303041 -0.688388586 0.756281316 0.065990299 -0.253412575 -0.599554837
1403715567562142976.000000 0.201060295 -2.245884657 -0.648728609 0.734965265 0.069519289 -0.248527169 -0.627078474
1403715567612143104.000000 0.190686762 -2.227909088 -0.607011795 0.713513851 0.071408793 -0.243521333 -0.653066754
1403715567662142976.000000 0.181727529 -2.214740992 -0.560642481 0.692036152 0.071960516 -0.236762270 -0.678123474
1403715567712143104.000000 0.168518066 -2.194817305 -0.518561840 0.669950068 0.071483366 -0.229202017 -0.702512264
1403715567762142976.000000 0.155899167 -2.176791430 -0.474918246 0.647879720 0.068099856 -0.219888031 -0.726129234
1403715567812143104.000000 0.145818204 -2.160890818 -0.429238081 0.625116467 0.065086998 -0.211217314 -0.748585582
1403715567862142976.000000 0.134563774 -2.144462347 -0.384695411 0.601769328 0.063018084 -0.202108592 -0.770100415
1403715567912143104.000000 0.123786598 -2.129142761 -0.340400934 0.577622235 0.062179372 -0.193507612 -0.790595412
1403715567962142976.000000 0.114038020 -2.115276098 -0.294824600 0.553288400 0.062093265 -0.183900326 -0.810059965
1403715568012143104.000000 0.105278999 -2.106951237 -0.247933149 0.529455602 0.061148148 -0.172929943 -0.828271091
1403715568062142976.000000 0.094010949 -2.091923714 -0.203303695 0.505954385 0.057664879 -0.162585661 -0.845133603
1403715568112143104.000000 0.085397139 -2.081466436 -0.158219457 0.482130170 0.053407051 -0.152502179 -0.861069858
1403715568162142976.000000 0.079225257 -2.077591896 -0.110685527 0.457464486 0.049188104 -0.143312007 -0.876223981
1403715568212143104.000000 0.072521023 -2.071776867 -0.064311802 0.432888001 0.046397723 -0.133717939 -0.890266716
1403715568262142976.000000 0.066041194 -2.068939447 -0.018041849 0.407182306 0.043359093 -0.128039241 -0.903287649
1403715568312143104.000000 0.060130589 -2.070309401 0.027714193 0.381503195 0.041045517 -0.121923961 -0.915371656
1403715568362142976.000000 0.053965896 -2.072036266 0.072448909 0.355982095 0.038171530 -0.115768239 -0.926508188
1403715568412143104.000000 0.048726927 -2.075351238 0.115110129 0.330385119 0.036499891 -0.109671682 -0.936742067
1403715568462142976.000000 0.043461997 -2.081398726 0.158871382 0.304845482 0.034068670 -0.102254622 -0.946283579
1403715568512143104.000000 0.040411197 -2.089786291 0.196953028 0.279182076 0.032893438 -0.094729200 -0.954987884
1403715568562142976.000000 0.038599808 -2.101047993 0.237134799 0.253170878 0.031305172 -0.088329047 -0.962872028
1403715568612143104.000000 0.038928241 -2.114789009 0.273142368 0.227681741 0.030580118 -0.079859532 -0.969973385
1403715568662142976.000000 0.040927820 -2.130761147 0.304440796 0.201966345 0.030191172 -0.071715899 -0.976296604
1403715568712143104.000000 0.043323874 -2.148819208 0.337090671 0.175525576 0.029223997 -0.065143175 -0.981882453
1403715568762142976.000000 0.046488423 -2.168114185 0.370898455 0.149160028 0.028472643 -0.058117274 -0.986692965
1403715568812143104.000000 0.050275743 -2.191116571 0.400730163 0.122826971 0.028839963 -0.051458377 -0.990673482
1403715568862142976.000000 0.056080323 -2.214878082 0.435373396 0.097527727 0.029484682 -0.043797001 -0.993831396
1403715568912143104.000000 0.060872406 -2.239985228 0.464756012 0.072699405 0.030092683 -0.037179854 -0.996206284
1403715568962142976.000000 0.065265633 -2.267627954 0.495710999 0.048404787 0.033894632 -0.032598000 -0.997720242
1403715569012143104.000000 0.069928542 -2.297220469 0.525627792 0.025829274 0.037252713 -0.026794480 -0.998612642
1403715569062142976.000000 0.075315043 -2.327500820 0.554714441 0.003876791 0.039205972 -0.020944392 -0.999004126
1403715569112143104.000000 0.078991763 -2.359372377 0.581581652 -0.017957224 0.041169908 -0.015351691 -0.998872817
1403715569162142976.000000 0.083448052 -2.392903805 0.610279024 -0.039647993 0.042260379 -0.011536554 -0.998252988
1403715569212143104.000000 0.086355574 -2.426295042 0.636349738 -0.060261440 0.042686827 -0.008959840 -0.997229218
1403715569262142976.000000 0.090639383 -2.459249735 0.659791648 -0.079085752 0.039492946 -0.006822673 -0.996061862
1403715569312143104.000000 0.094517723 -2.491894245 0.683569074 -0.095806696 0.031703129 -0.004143289 -0.994886398
1403715569362142976.000000 0.099601522 -2.526192904 0.710839808 -0.111028537 0.023032911 -0.001253748 -0.993549526
1403715569412143104.000000 0.104907855 -2.559233665 0.736012101 -0.125329345 0.014632340 0.001232030 -0.992006600
1403715569462142976.000000 0.108398318 -2.592184067 0.758843839 -0.138804674 0.007872635 0.004769000 -0.990277052
1403715569512143104.000000 0.112362251 -2.625347614 0.782645285 -0.151502326 0.002670873 0.010939172 -0.988392830
1403715569562142976.000000 0.116827823 -2.658054113 0.804270983 -0.164754182 -0.000469373 0.016854504 -0.986190557
1403715569612143104.000000 0.121051788 -2.690350056 0.821795285 -0.177895993 -0.002497008 0.023604207 -0.983762980
1403715569662142976.000000 0.124016002 -2.723033190 0.837051988 -0.191985890 -0.002190310 0.030146390 -0.980932176
1403715569712143104.000000 0.126445785 -2.756127834 0.850468040 0.206745237 0.000456850 -0.036289517 0.977721453
1403715569762142976.000000 0.127487361 -2.790398836 0.857078671 0.223391578 -0.001124678 -0.040929981 0.973868489
1403715569812143104.000000 0.128196150 -2.825007439 0.859571636 0.241305903 -0.002640952 -0.045695800 0.969369113
1403715569862142976.000000 0.129827231 -2.859902620 0.862552345 0.261119753 -0.004034739 -0.048556525 0.964075983
1403715569912143104.000000 0.131494045 -2.895251036 0.863741159 0.280396909 -0.000944359 -0.053739469 0.958378196
1403715569962142976.000000 0.133787811 -2.930322886 0.862133682 0.299963236 0.002617087 -0.058352899 0.952160835
1403715570012143104.000000 0.134589151 -2.965330839 0.857354701 0.319805712 0.005608192 -0.062938392 0.945373833
1403715570062142976.000000 0.134311631 -3.001067162 0.849156320 0.339544505 0.008837535 -0.068117298 0.938078642
1403715570112143104.000000 0.134208217 -3.035003424 0.838560104 0.359584957 0.011529636 -0.073379539 0.930151165
1403715570162142976.000000 0.132684335 -3.070620298 0.825435638 0.379698604 0.013911445 -0.078787670 0.921644211
1403715570212143104.000000 0.129469797 -3.106881380 0.810307622 0.400064796 0.016092328 -0.084196672 0.912469268
1403715570262142976.000000 0.125328839 -3.138308287 0.791469216 0.420732230 0.017832117 -0.089818940 0.902551413
1403715570312143104.000000 0.120095670 -3.168367386 0.771845698 0.441606671 0.021148715 -0.095044151 0.891909719
1403715570362142976.000000 0.112264603 -3.195135355 0.750128150 0.462936133 0.024621651 -0.100461900 0.880335927
1403715570412143104.000000 0.102769047 -3.224340916 0.725169182 0.484187126 0.028076360 -0.106144957 0.868048310
1403715570462142976.000000 0.089894265 -3.252021790 0.697341323 0.506231070 0.031005427 -0.110038094 0.854786754
1403715570512143104.000000 0.078313500 -3.278418541 0.666489840 0.527936637 0.034256369 -0.115130506 0.840746343
1403715570562142976.000000 0.061851591 -3.299672604 0.637578726 0.549101949 0.038620550 -0.121290639 0.826004922
1403715570612143104.000000 0.044323564 -3.321388006 0.606099367 0.569930136 0.041426800 -0.128006294 0.810603440
1403715570662142976.000000 0.028150320 -3.341015100 0.567525387 0.590629756 0.039458741 -0.135644317 0.794481099
1403715570712143104.000000 0.013888240 -3.356988668 0.533458948 0.610787570 0.035864357 -0.143638253 0.777830541
1403715570762142976.000000 -0.004611373 -3.370054722 0.495057344 0.630591273 0.034563310 -0.151954845 0.760309041
1403715570812143104.000000 -0.021409154 -3.382816076 0.458217859 0.650440991 0.033822060 -0.159699872 0.741807640
1403715570862142976.000000 -0.032101989 -3.393244505 0.422236204 0.669515491 0.032574277 -0.167285219 0.722982466
1403715570912143104.000000 -0.020547628 -3.426802158 0.388652086 0.687820613 0.031062193 -0.173469827 0.704163432
1403715570962142976.000000 -0.029944301 -3.440436125 0.349053621 0.703910410 0.028474921 -0.182088897 0.685961366
1403715571012143104.000000 -0.045079291 -3.450432777 0.310667753 0.719219863 0.025291292 -0.188461900 0.668255448
1403715571062142976.000000 -0.060536623 -3.454937220 0.271520138 0.732355475 0.022295190 -0.192749709 0.652691305
1403715571112143104.000000 -0.076237261 -3.459334373 0.233068705 0.743767560 0.018690320 -0.194313064 0.639298797
1403715571162142976.000000 -0.093352497 -3.463771582 0.192431927 0.753576577 0.016823167 -0.192902952 0.628194034
1403715571212143104.000000 -0.109612346 -3.470737934 0.153760433 0.762370884 0.018767804 -0.188353613 0.618838727
1403715571262142976.000000 -0.127418399 -3.485530376 0.118513107 0.769181013 0.024329716 -0.183440134 0.611652255
1403715571312143104.000000 -0.145192564 -3.491606474 0.082013130 0.774009883 0.030703206 -0.179315552 0.606475115
1403715571362142976.000000 -0.160819829 -3.493180275 0.046315670 0.777484596 0.036036178 -0.175403312 0.602870524
1403715571412143104.000000 -0.181008995 -3.492715836 0.007505894 0.779061317 0.037085172 -0.176001668 0.600592732
1403715571462142976.000000 -0.197416723 -3.488209486 -0.032258034 0.778880894 0.034350339 -0.181196421 0.599443614
1403715571512143104.000000 -0.213786960 -3.479947567 -0.068971634 0.778296649 0.029020147 -0.186596498 0.598827183
1403715571562142976.000000 -0.231205106 -3.470813274 -0.107844830 0.778260112 0.016940892 -0.190481290 0.598114610
1403715571612143104.000000 -0.252067864 -3.458368301 -0.144074440 0.778309524 0.000852330 -0.193354085 0.597367406
1403715571662142976.000000 -0.275614798 -3.442096710 -0.182405472 0.779145896 -0.020865198 -0.192244947 0.596270323
1403715571712143104.000000 -0.304094017 -3.433124542 -0.215187550 0.779462993 -0.045599289 -0.191212654 0.594807506
1403715571762142976.000000 -0.332537711 -3.424556255 -0.246078014 0.778675437 -0.071921811 -0.190910667 0.593333840
1403715571812143104.000000 -0.362779796 -3.416937590 -0.271819353 0.776685953 -0.095572546 -0.193459600 0.591775537
1403715571862142976.000000 -0.392314732 -3.414535999 -0.293929815 0.774010837 -0.115331784 -0.196266174 0.590834558
1403715571912143104.000000 -0.418044567 -3.412512541 -0.311713219 -0.770841420 0.132370293 0.200475112 -0.589992762
1403715571962142976.000000 -0.440715194 -3.414653063 -0.327897310 -0.766310692 0.146295294 0.207539260 -0.590163708
1403715572012143104.000000 -0.458954275 -3.421365499 -0.338823318 -0.761755347 0.155267626 0.217014432 -0.590360582
1403715572062142976.000000 -0.478541732 -3.437788725 -0.346950054 -0.757185638 0.157701030 0.228757784 -0.591160119
1403715572112143104.000000 -0.493701577 -3.460420370 -0.349572659 -0.752824485 0.150610268 0.243905336 -0.592521787
1403715572162142976.000000 -0.504882336 -3.487136841 -0.349947929 -0.750405014 0.134713516 0.258801430 -0.593099058
1403715572212143104.000000 -0.516202450 -3.526429176 -0.349346161 -0.750739098 0.113158435 0.268934906 -0.592671931
1403715572262142976.000000 -0.522961497 -3.569811583 -0.347880840 -0.754685163 0.082002714 0.274849594 -0.590070844
1403715572312143104.000000 -0.530537128 -3.620589495 -0.346996784 -0.760746539 0.046494935 0.276737005 -0.585251749
1403715572362142976.000000 -0.535900950 -3.671805382 -0.348012447 0.768791854 -0.014777518 -0.273354650 0.577942967
1403715572412143104.000000 -0.540850639 -3.724541664 -0.351760864 0.777549803 0.014750747 -0.267435670 0.568926215
1403715572462142976.000000 -0.546096027 -3.774570465 -0.358662128 0.786458671 0.036498338 -0.260829628 0.558675826
1403715572512143104.000000 -0.552127659 -3.824795961 -0.368997574 0.795613229 0.049557302 -0.254688710 0.547427893
1403715572562142976.000000 -0.560082972 -3.873934269 -0.379829407 0.804758489 0.056748483 -0.249970540 0.535404742
1403715572612143104.000000 -0.569608033 -3.920971870 -0.393610001 0.813289464 0.061889343 -0.247786641 0.522811413
1403715572662142976.000000 -0.580834448 -3.966399670 -0.410585403 0.821969807 0.066119067 -0.246381268 0.509205580
1403715572712143104.000000 -0.594184458 -4.004960060 -0.431401253 0.829869211 0.068069592 -0.248194769 0.495058686
1403715572762142976.000000 -0.606115520 -4.045458317 -0.450277328 0.836987615 0.068940997 -0.252317607 0.480660796
1403715572812143104.000000 -0.617190003 -4.082071781 -0.472999573 0.844503284 0.065267876 -0.255795121 0.465964913
1403715572862142976.000000 -0.626033664 -4.114481926 -0.498899460 0.852261305 0.061051499 -0.258094400 0.450899899
1403715572912143104.000000 -0.632069230 -4.148146629 -0.526637554 0.860485435 0.056092087 -0.258057386 0.435689002
1403715572962142976.000000 -0.635694802 -4.180113792 -0.554335117 0.868649185 0.053570524 -0.257243037 0.420005858
1403715573012143104.000000 -0.637751579 -4.207375526 -0.587990284 0.876486301 0.052027434 -0.256011188 0.404379964
1403715573062142976.000000 -0.638205290 -4.237383366 -0.623808861 0.884155273 0.049483743 -0.254954517 0.388354480
1403715573112143104.000000 -0.634134352 -4.259218216 -0.659322262 0.891508460 0.047160544 -0.254319817 0.371900648
1403715573162142976.000000 -0.629023135 -4.281696796 -0.696062565 0.898461580 0.042616710 -0.254102498 0.355503291
1403715573212143104.000000 -0.625303268 -4.305498600 -0.734105587 0.904398024 0.041578889 -0.255765110 0.338998169
1403715573262142976.000000 -0.621590316 -4.325660706 -0.772329807 0.910275340 0.037608042 -0.257391453 0.322077841
1403715573312143104.000000 -0.618622661 -4.347062111 -0.811924934 0.915327191 0.034403428 -0.260580450 0.305107415
1403715573362142976.000000 -0.616666377 -4.365137100 -0.848579407 0.919971943 0.031034978 -0.263979375 0.288102984
1403715573412143104.000000 -0.614654481 -4.385100365 -0.886877537 0.924311876 0.027340002 -0.267432779 0.270887107
1403715573462142976.000000 -0.615113497 -4.408803463 -0.927181721 -0.928561211 -0.019970329 0.270303398 -0.253596961
1403715573512143104.000000 -0.614625454 -4.429846764 -0.964403629 -0.932413638 -0.013520862 0.273110241 -0.236289755
1403715573562142976.000000 -0.611589909 -4.448196411 -1.003939152 -0.935716689 -0.007945561 0.276081294 -0.219431892
1403715573612143104.000000 -0.610095382 -4.469120979 -1.040551186 -0.938373983 -0.007422586 0.279698223 -0.202899233
1403715573662142976.000000 -0.606707096 -4.490186691 -1.078478813 -0.940218687 -0.010501267 0.284541160 -0.186855420
1403715573712143104.000000 -0.602829158 -4.511827469 -1.114724159 -0.940991104 -0.017277295 0.291491091 -0.171085387
1403715573762142976.000000 -0.600447893 -4.535349846 -1.151420593 -0.941047847 -0.022768646 0.299715310 -0.155181900
1403715573812143104.000000 -0.598785341 -4.559387207 -1.190256596 -0.940673351 -0.030387899 0.308149219 -0.138760149
1403715573862142976.000000 -0.597613573 -4.583295822 -1.230281830 -0.940075397 -0.035833307 0.316519916 -0.121612117
1403715573912143104.000000 -0.596537888 -4.606055260 -1.272443295 -0.939491630 -0.039389402 0.324196041 -0.103445113
1403715573962142976.000000 -0.596507847 -4.629286289 -1.315603733 -0.939306736 -0.041083563 0.330069482 -0.084078349
1403715574012143104.000000 -0.594509482 -4.650716305 -1.357346535 -0.938771486 -0.041142546 0.336137205 -0.063460998
1403715574062142976.000000 -0.592819929 -4.671493530 -1.404512167 -0.937780499 -0.041420370 0.342217892 -0.041702483
1403715574112143104.000000 -0.592649162 -4.691897869 -1.454918861 0.937266350 0.041264884 -0.345624894 0.019300176
1403715574162142976.000000 -0.597487092 -4.702412605 -1.515375018 0.937258959 0.040530324 -0.346252024 -0.003545528
1403715574212143104.000000 -0.595197856 -4.723841667 -1.574364662 0.937571466 0.043019801 -0.344092399 -0.026636530
1403715574262142976.000000 -0.593171000 -4.740437984 -1.632575870 0.939051867 0.048144814 -0.336741060 -0.049690537
1403715574312143104.000000 -0.563006878 -4.727406025 -1.677535057 0.940192938 0.057630137 -0.328101635 -0.071171582
1403715574362142976.000000 -0.557629228 -4.738260746 -1.730748534 0.940790117 0.068854094 -0.319074392 -0.091458380
1403715574412143104.000000 -0.548888683 -4.748933792 -1.786750197 0.940607309 0.081583247 -0.310635835 -0.110034473
1403715574462142976.000000 -0.549012721 -4.758603573 -1.829735041 0.939564526 0.092080474 -0.305593461 -0.123904742
1403715574512143104.000000 -0.545917630 -4.780746937 -1.867268324 0.938274205 0.100075603 -0.302040011 -0.135640264
1403715574562142976.000000 -0.545389116 -4.780414104 -1.914320707 0.936759055 0.105799675 -0.299939394 -0.146031886
1403715574612143104.000000 -0.553082049 -4.797246933 -1.951710224 0.934170246 0.110221110 -0.301764518 -0.155291349
1403715574662142976.000000 -0.557997942 -4.790867329 -1.998850107 0.931858242 0.114533819 -0.302561790 -0.164251640
1403715574712143104.000000 -0.564042270 -4.801029682 -2.033875942 0.929416299 0.115546264 -0.304785520 -0.173032507
1403715574762142976.000000 -0.571832299 -4.798974514 -2.066000938 0.927303255 0.113737375 -0.307260990 -0.181006417
1403715574812143104.000000 -0.579788446 -4.804224968 -2.107751131 0.925517380 0.107220806 -0.310253173 -0.188850194
1403715574862142976.000000 -0.584056914 -4.787881851 -2.154364109 0.924432755 0.097278915 -0.312769800 -0.195284262
1403715574912143104.000000 -0.589724720 -4.780968189 -2.197784424 0.924043775 0.087273307 -0.313852161 -0.200058416
1403715574962142976.000000 -0.593390524 -4.778223515 -2.216280222 0.925276577 0.078137539 -0.311238825 -0.202208310
1403715575012143104.000000 -0.595359147 -4.769453526 -2.259797573 0.926127911 0.071558438 -0.308496177 -0.204930961
1403715575062142976.000000 -0.589494228 -4.767815590 -2.322680950 0.927745640 0.069419451 -0.301904887 -0.208140686
1403715575112143104.000000 -0.593181312 -4.749713421 -2.364203691 0.929880023 0.067988388 -0.295383245 -0.208445400
1403715575162142976.000000 -0.602620840 -4.715371609 -2.382569075 0.934233904 0.064949542 -0.283551335 -0.206366852
1403715575212143104.000000 -0.606122136 -4.700357914 -2.413903713 0.938759446 0.062851325 -0.269985944 -0.204665989
1403715575262142976.000000 -0.611614525 -4.674642563 -2.455143452 0.942353666 0.064174145 -0.258278936 -0.202837959
1403715575312143104.000000 -0.610900640 -4.648321152 -2.502934933 0.944100976 0.068034887 -0.252529055 -0.200683191
1403715575362142976.000000 -0.612046003 -4.633451939 -2.524642229 0.943554044 0.068152063 -0.258283138 -0.195834219
1403715575412143104.000000 -0.604179144 -4.622907639 -2.584708214 0.941570103 0.069220595 -0.266080350 -0.194565117
1403715575462142976.000000 -0.614486754 -4.584490776 -2.592042685 0.940697551 0.070757531 -0.273270935 -0.188161209
1403715575512143104.000000 -0.614042163 -4.559676170 -2.622597933 0.939982116 0.075280063 -0.277573824 -0.183628649
1403715575562142976.000000 -0.611554861 -4.537619114 -2.637342691 0.940692306 0.083756596 -0.276213884 -0.178294018
1403715575612143104.000000 -0.606316447 -4.505918980 -2.670644760 0.942280412 0.095132865 -0.269327939 -0.174699262
1403715575662142976.000000 -0.601472139 -4.481750965 -2.687076330 0.943325162 0.103916943 -0.265066117 -0.170525193
1403715575712143104.000000 -0.588745534 -4.458659172 -2.723908424 0.944079757 0.114198513 -0.259364605 -0.168529645
1403715575762142976.000000 -0.581790864 -4.422587872 -2.745305300 0.944447875 0.120585978 -0.257123649 -0.165422961
1403715575812143104.000000 -0.585965514 -4.371485233 -2.728472948 0.944806218 0.121441588 -0.259260714 -0.159301892
1403715575862142976.000000 -0.581068873 -4.325077534 -2.740772486 0.944736123 0.120833233 -0.261359930 -0.156729355
1403715575912143104.000000 -0.581195951 -4.267181873 -2.759071112 0.944941759 0.116830528 -0.262833863 -0.156057954
1403715575962142976.000000 -0.582934439 -4.217267513 -2.755513430 0.945154250 0.105148710 -0.268159539 -0.154005602
1403715576012143104.000000 -0.573399305 -4.169262886 -2.788168192 0.944722593 0.094375812 -0.272392750 -0.156187788
1403715576062142976.000000 -0.573726475 -4.109124660 -2.791150331 0.944663525 0.084256545 -0.276104450 -0.155813962
1403715576112143104.000000 -0.581935883 -4.039021015 -2.765177488 0.945257127 0.075085796 -0.278360844 -0.152860507
1403715576162142976.000000 -0.579251885 -3.980292797 -2.763529778 0.945548236 0.067011662 -0.279449016 -0.152827576
1403715576212143104.000000 -0.578721285 -3.915258884 -2.765697002 0.945502162 0.059810005 -0.280978769 -0.153294772
1403715576262142976.000000 -0.576284170 -3.853652954 -2.764692068 0.945598900 0.056077234 -0.281132609 -0.153826520
1403715576312143104.000000 -0.571948588 -3.793350220 -2.762161016 0.946588933 0.053756442 -0.277836472 -0.154553026
1403715576362142976.000000 -0.564230859 -3.734720230 -2.757879257 0.948182166 0.053628635 -0.271825939 -0.155515864
1403715576412143104.000000 -0.554542959 -3.677665710 -2.748920441 0.950786293 0.051402222 -0.262135178 -0.156998232
1403715576462142976.000000 -0.544660866 -3.621149063 -2.738088846 0.953275442 0.049808886 -0.252522856 -0.158168346
1403715576512143104.000000 -0.535195470 -3.565344810 -2.723259687 0.955615222 0.048891388 -0.243380502 -0.158666939
1403715576562142976.000000 -0.524043798 -3.509191513 -2.706977844 0.957967043 0.048534904 -0.234662011 -0.157725275
1403715576612143104.000000 -0.509437799 -3.452998638 -2.686268806 0.960314393 0.049355019 -0.225865021 -0.156029925
1403715576662142976.000000 -0.494850904 -3.395716667 -2.664018631 0.961269081 0.050835103 -0.223363355 -0.153252929
1403715576712143104.000000 -0.481574744 -3.339330673 -2.639439821 0.961899996 0.053117618 -0.222819537 -0.149259880
1403715576762142976.000000 -0.469631433 -3.283181190 -2.612327814 0.961779296 0.053643558 -0.226430759 -0.144333437
1403715576812143104.000000 -0.455281973 -3.227193356 -2.581966877 0.960782170 0.054570563 -0.234116092 -0.138236925
1403715576862142976.000000 -0.440975875 -3.171989441 -2.548263311 0.959033489 0.055667643 -0.244309217 -0.132169828
1403715576912143104.000000 -0.425361365 -3.117373943 -2.511837721 0.957108140 0.056633022 -0.254585952 -0.126185179
1403715576962142976.000000 -0.403594553 -3.072042465 -2.495320082 0.955099463 0.058156177 -0.263048381 -0.123322800
1403715577012143104.000000 -0.386037707 -3.017776251 -2.454831123 0.954455614 0.054200374 -0.268788248 -0.117599919
1403715577062142976.000000 -0.369050294 -2.961928844 -2.412865400 0.954278886 0.046930123 -0.273282677 -0.111651540
1403715577112143104.000000 -0.352339625 -2.907162905 -2.368790865 0.954222023 0.038597412 -0.277428776 -0.104899377
1403715577162142976.000000 -0.336331666 -2.851745129 -2.324966192 0.954403162 0.030727733 -0.280396938 -0.097714305
1403715577212143104.000000 -0.322351575 -2.798166513 -2.279635906 0.954677701 0.023870286 -0.282335073 -0.091146357
1403715577262142976.000000 -0.312454700 -2.745780468 -2.231694221 0.955220282 0.019473990 -0.282670349 -0.085278898
1403715577312143104.000000 -0.309047222 -2.695101261 -2.183289766 0.955646873 0.018660003 -0.282715052 -0.080394059
1403715577362142976.000000 -0.309471071 -2.645798206 -2.133298397 0.956166208 0.021125345 -0.281951964 -0.076178096
1403715577412143104.000000 -0.311882854 -2.598973513 -2.079449177 0.956548810 0.024286523 -0.281278193 -0.072850727
1403715577462142976.000000 -0.315991938 -2.552207947 -2.026380062 0.956696749 0.026897298 -0.281250864 -0.070042349
1403715577512143104.000000 -0.321428329 -2.506084442 -1.973031044 0.956905186 0.028720155 -0.280863494 -0.067994945
1403715577562142976.000000 -0.331373125 -2.445007563 -1.902586222 0.957124233 0.028856367 -0.281133443 -0.063596636
1403715577612143104.000000 -0.330121785 -2.400960445 -1.847934604 0.957044005 0.029109586 -0.281676054 -0.062274039
1403715577662142976.000000 -0.326571047 -2.356089115 -1.794628024 0.957007766 0.028943773 -0.282004118 -0.061418254
1403715577712143104.000000 -0.320258647 -2.312577724 -1.743965030 0.956631005 0.026546687 -0.283552349 -0.061241552
1403715577762142976.000000 -0.310316563 -2.269540787 -1.693958521 0.956415772 0.021712637 -0.284695536 -0.061204329
1403715577812143104.000000 -0.302661061 -2.227123022 -1.643503666 0.956632733 0.015640866 -0.284665406 -0.059790596
1403715577862142976.000000 -0.296492815 -2.186910152 -1.593451858 0.956636131 0.008830793 -0.285503179 -0.057073575
1403715577912143104.000000 -0.294782013 -2.148480177 -1.542651296 0.956782222 0.002826027 -0.286037028 -0.052370764
1403715577962142976.000000 -0.295623064 -2.113102198 -1.490507603 0.956574798 -0.003724722 -0.287794977 -0.046097469
1403715578012143104.000000 -0.301617742 -2.078246355 -1.440407872 0.955921829 -0.011271812 -0.290903360 -0.038231980
1403715578062142976.000000 -0.308132052 -2.049525023 -1.387160420 -0.954741240 0.019398440 0.295356184 0.029285500
1403715578112143104.000000 -0.319715977 -2.020812988 -1.334143162 -0.952157497 0.031193983 0.303414017 0.019054374
1403715578162142976.000000 -0.333234608 -1.996297836 -1.279042482 -0.948276818 0.046284221 0.313971847 0.007118658
1403715578212143104.000000 -0.348073363 -1.975546956 -1.223571181 -0.945837736 0.056291465 0.319645137 -0.007022504
1403715578262142976.000000 -0.362506449 -1.961535096 -1.172556877 -0.945114136 0.057747908 0.320794821 -0.022696801
1403715578312143104.000000 -0.375605881 -1.953046083 -1.121282101 -0.944980621 0.056621335 0.319756716 -0.039514095
1403715578362142976.000000 -0.389119804 -1.947544336 -1.071630836 -0.945080340 0.052123193 0.317549437 -0.057172060
1403715578412143104.000000 -0.402378500 -1.946915984 -1.026715159 -0.944918156 0.045604676 0.315484941 -0.074291632
1403715578462142976.000000 -0.414530337 -1.951247573 -0.976360917 -0.943068087 0.038786903 0.316790670 -0.093604892
1403715578512143104.000000 -0.427546442 -1.956039548 -0.931720972 -0.939780831 0.030159518 0.321588784 -0.111727901
1403715578562142976.000000 -0.441346169 -1.964922905 -0.886834145 -0.934417665 0.018921636 0.331488967 -0.128921360
1403715578612143104.000000 -0.458734632 -1.974493980 -0.844224215 -0.926667392 0.010643119 0.347008586 -0.144081101
1403715578662142976.000000 -0.477654278 -1.980603218 -0.809490442 -0.918629229 0.002782141 0.362856537 -0.156358168
1403715578712143104.000000 -0.494856656 -1.991866350 -0.776758552 -0.910623610 -0.001205952 0.377771646 -0.167486906
1403715578762142976.000000 -0.509211242 -2.008839369 -0.743340254 -0.903787613 -0.003376063 0.389587581 -0.177138627
1403715578812143104.000000 -0.527107537 -2.022046566 -0.720696688 -0.899296641 -0.002967801 0.396468759 -0.184578985
1403715578862142976.000000 -0.545916617 -2.036467552 -0.703430891 -0.896868587 -0.003771190 0.399097443 -0.190614194
1403715578912143104.000000 -0.566051543 -2.052530289 -0.693999767 -0.896925449 -0.007826537 0.396721393 -0.195129856
1403715578962142976.000000 -0.584683061 -2.069782972 -0.692183733 -0.899498463 -0.018029781 0.389029384 -0.198074818
1403715579012143104.000000 -0.600809515 -2.092417240 -0.702617168 -0.903477073 -0.030628661 0.378078789 -0.199618518
1403715579062142976.000000 -0.619364202 -2.113247395 -0.717077255 -0.906775296 -0.047478955 0.367734313 -0.200688392
1403715579112143104.000000 -0.642642260 -2.124189377 -0.737417221 -0.910016060 -0.067798294 0.355985910 -0.201366067
1403715579162142976.000000 -0.650242567 -2.144921780 -0.764968157 -0.912848234 -0.087333992 0.344203591 -0.201506466
1403715579212143104.000000 -0.663886130 -2.155475140 -0.797404528 -0.915790141 -0.108903483 0.330466032 -0.200650722
1403715579262142976.000000 -0.674371004 -2.162287235 -0.835326910 0.918549597 0.120390363 -0.318685144 0.200531110
1403715579312143104.000000 -0.693907082 -2.159303188 -0.878616810 0.920538425 0.126486659 -0.310133338 0.201065853
1403715579362142976.000000 -0.707069576 -2.156462431 -0.923821449 0.921245337 0.129335403 -0.306609273 0.201420590
1403715579412143104.000000 -0.725667715 -2.150161266 -0.978788614 0.921624959 0.127105564 -0.305936366 0.202125102
1403715579462142976.000000 -0.744406879 -2.134029150 -1.034802198 0.922059596 0.122094460 -0.306341588 0.202617839
1403715579512143104.000000 -0.765017927 -2.118294239 -1.088054419 0.921950281 0.112967454 -0.309884936 0.203020707
1403715579562142976.000000 -0.783062875 -2.091778278 -1.142244577 -0.922461033 -0.098675497 0.313174069 -0.203103170
1403715579612143104.000000 -0.802486360 -2.062885523 -1.199250937 -0.923211038 -0.091874786 0.313540280 -0.202318847
1403715579662142976.000000 -0.821692348 -2.029179811 -1.256013393 -0.925029039 -0.086568959 0.310698450 -0.200732559
1403715579712143104.000000 -0.830564022 -1.999501348 -1.290107250 -0.927376330 -0.080732360 0.306504846 -0.198772013
1403715579762142976.000000 -0.845793962 -1.964653611 -1.341493368 -0.929958999 -0.076391466 0.301154822 -0.196586922
1403715579812143104.000000 -0.861070037 -1.926203966 -1.403480768 -0.931377351 -0.076869518 0.297863871 -0.194690809
1403715579862142976.000000 -0.871503353 -1.882566929 -1.460990906 -0.932374895 -0.079963073 0.294347972 -0.194016203
1403715579912143104.000000 -0.880679250 -1.837004423 -1.518184900 -0.932752848 -0.080273151 0.292608678 -0.194701433
1403715579962142976.000000 -0.891316533 -1.789106011 -1.584673166 -0.933704257 -0.075247362 0.289100349 -0.197370723
1403715580012143104.000000 -0.902511358 -1.739719868 -1.646205664 -0.934130788 -0.068863362 0.285712421 -0.202548921
1403715580062142976.000000 -0.913345039 -1.691362500 -1.703168631 -0.933954716 -0.062692247 0.282109946 -0.210267276
1403715580112143104.000000 -0.929216146 -1.641362429 -1.754633188 -0.933181465 -0.056722462 0.278473794 -0.220016479
1403715580162142976.000000 -0.946666360 -1.590951204 -1.806239843 -0.931675136 -0.051103767 0.275334448 -0.231432155
1403715580212143104.000000 -0.964203238 -1.540678263 -1.855229616 0.929590166 0.045591082 -0.272260636 0.244249225
1403715580262142976.000000 -0.986341774 -1.491667628 -1.906499863 0.926856995 0.040971030 -0.269651175 0.257964879
1403715580312143104.000000 -1.008911133 -1.439263225 -1.954167843 0.924142897 0.034545504 -0.265778840 0.272264838
1403715580362142976.000000 -1.032541871 -1.387169480 -2.005832195 0.921406686 0.025680879 -0.260661066 0.287064642
1403715580412143104.000000 -1.052821517 -1.336137056 -2.048151493 0.917940259 0.017641449 -0.256335080 0.302269399
1403715580462142976.000000 -1.072988510 -1.284374714 -2.095970869 0.914410174 0.008265588 -0.251494795 0.317074448
1403715580512143104.000000 -1.091818571 -1.230300665 -2.136168718 0.910585940 -0.000414803 -0.247888654 0.330733031
1403715580562142976.000000 -1.109581590 -1.177424669 -2.178436041 0.906960130 -0.009400350 -0.245311722 0.342282176
1403715580612143104.000000 -1.127669334 -1.124939680 -2.215589762 0.903565645 -0.020277686 -0.244053572 0.351561964
1403715580662142976.000000 -1.145727396 -1.076382518 -2.251885653 0.900340855 -0.032424305 -0.242861956 0.359657049
1403715580712143104.000000 -1.163046479 -1.027255416 -2.288455248 -0.897279918 0.044771001 0.242286682 -0.366308033
1403715580762142976.000000 -1.178826690 -0.979334712 -2.317656517 -0.894444823 0.055725142 0.242089897 -0.371827602
1403715580812143104.000000 -1.195694685 -0.937229991 -2.345911980 -0.892401576 0.067592829 0.239961952 -0.376123637
1403715580862142976.000000 -1.212010384 -0.899358153 -2.379478931 -0.890141666 0.081263103 0.238691971 -0.379565984
1403715580912143104.000000 -1.226857066 -0.866053820 -2.418128729 -0.887995780 0.097796313 0.237215638 -0.381612599
1403715580962142976.000000 -1.237553000 -0.839154243 -2.452093601 -0.885594964 0.112418003 0.237452909 -0.383014172
1403715581012143104.000000 -1.248393774 -0.814052105 -2.479782104 -0.883143842 0.117049411 0.241340727 -0.384852111
1403715581062142976.000000 -1.255022764 -0.799361944 -2.501763344 -0.880358815 0.119059473 0.248672068 -0.385947436
1403715581112143104.000000 -1.261088133 -0.788183212 -2.520767212 -0.877524853 0.117212825 0.256944597 -0.387544721
1403715581162142976.000000 -1.264750719 -0.784484386 -2.540187359 -0.875593543 0.111064285 0.263121128 -0.389574170
1403715581212143104.000000 -1.265000939 -0.785713673 -2.558486938 -0.874567330 0.099618033 0.267391682 -0.392058551
1403715581262142976.000000 -1.265687466 -0.795179129 -2.579522610 -0.875186086 0.090560652 0.266749948 -0.393309891
1403715581312143104.000000 -1.268579960 -0.808068275 -2.597732544 -0.877236784 0.084562756 0.263720065 -0.392118007
1403715581362142976.000000 -1.266187668 -0.823012590 -2.613093853 -0.879977942 0.079303510 0.261434644 -0.388589442
1403715581412143104.000000 -1.266551733 -0.842862844 -2.631528139 -0.883243203 0.073062278 0.260635823 -0.382899940
1403715581462142976.000000 -1.264859080 -0.867201328 -2.645075321 -0.886687934 0.063171759 0.262387872 -0.375428408
1403715581512143104.000000 -1.258777022 -0.892634630 -2.650825262 -0.890564799 0.047246337 0.265069544 -0.366606474
1403715581562142976.000000 -1.250023484 -0.930255413 -2.667253017 -0.895938933 0.028205682 0.268042803 -0.353059500
1403715581612143104.000000 -1.253427982 -0.947809219 -2.667592525 -0.898810148 0.012808928 0.272255003 -0.343298018
1403715581662142976.000000 -1.254544258 -0.974770308 -2.670583725 -0.903034449 -0.002132263 0.275800139 -0.329330564
1403715581712143104.000000 -1.262827396 -1.001129627 -2.678545952 -0.906894684 -0.016548567 0.280520201 -0.313969254
1403715581762142976.000000 -1.266475201 -1.026990175 -2.682564259 -0.910580933 -0.030637491 0.285559088 -0.297253847
1403715581812143104.000000 -1.273964643 -1.049396634 -2.686125040 0.914319396 0.045087967 -0.289772689 0.279318899
1403715581862142976.000000 -1.276580095 -1.070676088 -2.692189455 -0.917755544 -0.055776116 0.293983251 -0.261127681
1403715581912143104.000000 -1.278530955 -1.092712879 -2.699751377 -0.921987891 -0.059578151 0.295828164 -0.242640689
1403715581962142976.000000 -1.280501008 -1.111882687 -2.711887121 -0.926689267 -0.056452706 0.296215117 -0.224313989
1403715582012143104.000000 -1.278237224 -1.126327753 -2.723488331 -0.932695806 -0.054115087 0.290714830 -0.206482559
1403715582062142976.000000 -1.273852348 -1.137483120 -2.736204863 -0.939425588 -0.050128382 0.281341165 -0.189245671
1403715582112143104.000000 -1.267315030 -1.147265673 -2.748395205 -0.945376098 -0.049740754 0.271344870 -0.173671961
1403715582162142976.000000 -1.259795427 -1.160505533 -2.759006739 -0.950917542 -0.050666366 0.261731923 -0.157115489
1403715582212143104.000000 -1.255088568 -1.167648911 -2.764992476 -0.954949617 -0.049645092 0.254000068 -0.145225942
1403715582262142976.000000 -1.248492837 -1.164117217 -2.746771097 -0.956773877 -0.049811941 0.252292246 -0.135834932
1403715582312143104.000000 -1.252490282 -1.152814150 -2.732687473 -0.955766618 -0.048220910 0.258263230 -0.132231355
1403715582362142976.000000 -1.249663830 -1.160269141 -2.738041878 -0.954551935 -0.049395170 0.266007841 -0.125022456
1403715582412143104.000000 -1.253173828 -1.152886391 -2.731379032 -0.952531993 -0.049270090 0.274288833 -0.122559980
1403715582462142976.000000 -1.263347387 -1.138863087 -2.721410513 -0.949655771 -0.047641359 0.284186274 -0.122973263
1403715582512143104.000000 -1.261786699 -1.144273877 -2.724572420 -0.947255254 -0.048633650 0.293425739 -0.119346462
1403715582562142976.000000 -1.264183640 -1.127520084 -2.706469536 -0.944630444 -0.045792323 0.300991565 -0.122394912
1403715582612143104.000000 -1.258393049 -1.121548653 -2.703691006 -0.942497194 -0.045146003 0.307407677 -0.123131722
1403715582662142976.000000 -1.248754025 -1.112328053 -2.699496508 -0.940683782 -0.043859534 0.312399387 -0.124888204
1403715582712143104.000000 -1.274798393 -1.002042651 -2.791901350 0.935914934 0.048353642 -0.315746903 0.148422256
1403715582762142976.000000 -1.270211220 -0.991667509 -2.793586731 0.934510529 0.047278907 -0.318418622 0.151869953
1403715582812143104.000000 -1.267150879 -0.981742442 -2.796897411 0.932700813 0.045765392 -0.322269380 0.155297056
1403715582862142976.000000 -1.267206907 -0.974206269 -2.799508810 0.930420458 0.043678995 -0.327432841 0.158738017
1403715582912143104.000000 -1.267690182 -0.965501606 -2.802838564 0.927523077 0.042631391 -0.334114432 0.162021935
1403715582962142976.000000 -1.271045923 -0.953810275 -2.806895256 0.924635231 0.040881682 -0.340585411 0.165469259
1403715583012143104.000000 -1.276929975 -0.946333051 -2.814092398 0.922103822 0.039058525 -0.346354812 0.168039680
1403715583062142976.000000 -1.286479473 -0.935833514 -2.824127913 0.920239508 0.038111042 -0.350091696 0.170712546
1403715583112143104.000000 -1.298935533 -0.925252199 -2.837140322 0.920377195 0.036487017 -0.348647237 0.173261881
1403715583162142976.000000 -1.310476780 -0.915623426 -2.855468035 0.924105406 0.037183978 -0.337685972 0.174970895
1403715583212143104.000000 -1.322579741 -0.903943956 -2.876219749 0.929109812 0.037023623 -0.322847873 0.176503301
1403715583262142976.000000 -1.334120512 -0.893044055 -2.898120165 0.935199022 0.035220679 -0.304570913 0.177197739
1403715583312143104.000000 -1.346271276 -0.880468130 -2.920615196 0.940880954 0.032960560 -0.286613375 0.177509367
1403715583362142976.000000 -1.356833458 -0.868029356 -2.942052364 0.946508944 0.030292697 -0.268010229 0.177126527
1403715583412143104.000000 -1.323005319 -0.955250025 -2.858755589 -0.954816341 -0.020557143 0.252255142 -0.155790374
1403715583462142976.000000 -1.335252047 -0.936208725 -2.874634743 -0.958860099 -0.018486168 0.236961678 -0.155224979
1403715583512143104.000000 -1.344725251 -0.923765302 -2.892877102 -0.962493002 -0.018332185 0.222987324 -0.153453052
1403715583562142976.000000 -1.353047848 -0.906447053 -2.905750513 -0.966096640 -0.018201960 0.208066076 -0.151771724
1403715583612143104.000000 -1.408506274 -0.793961108 -3.020142317 -0.967372358 -0.028088616 0.186116830 -0.169594720
1403715583662142976.000000 -1.367051125 -0.872991681 -2.916696787 0.974824548 0.024687700 -0.165351868 0.147534922
1403715583712143104.000000 -1.416485310 -0.757503867 -3.021064281 -0.975254595 -0.038574841 0.142228141 -0.164807737
1403715583762142976.000000 -1.370679855 -0.833409548 -2.902824163 0.981324375 0.034501940 -0.124314278 0.142681599
1403715583812143104.000000 -1.368545413 -0.810438871 -2.883955717 0.983413577 0.038864776 -0.108088702 0.140371755
1403715583862142976.000000 -1.361463785 -0.784479380 -2.856028557 0.984916210 0.040129054 -0.096456021 0.137935251
1403715583912143104.000000 -1.347483158 -0.755322933 -2.818303347 0.985573769 0.038354650 -0.092568010 0.136398360
1403715583962142976.000000 -1.326408863 -0.722985387 -2.770313978 0.985899031 0.032960389 -0.093444943 0.134851083
1403715584012143104.000000 -1.302805781 -0.686263800 -2.714073181 0.985808849 0.024412727 -0.099117920 0.133269310
1403715584062142976.000000 -1.267174721 -0.649311662 -2.646438599 0.984916985 0.015220429 -0.110106446 0.132602721
1403715584112143104.000000 -1.219716549 -0.601217270 -2.559141397 0.983123124 0.004360253 -0.126540259 0.132051274
1403715584162142976.000000 -1.168933630 -0.555765986 -2.465687752 0.980185330 -0.005159842 -0.147304431 0.132331371
1403715584212143104.000000 -1.114152908 -0.515235186 -2.372637749 -0.976160288 0.015759669 0.171326146 -0.132325977
1403715584262142976.000000 -1.056617022 -0.484988779 -2.275573969 -0.970412374 0.023385627 0.200333923 -0.132737711
1403715584312143104.000000 -0.998730719 -0.448301136 -2.168324232 -0.964193106 0.029109776 0.227770686 -0.132683173
1403715584362142976.000000 -0.941122532 -0.412853688 -2.062120199 -0.958336592 0.034712911 0.250689656 -0.132441714
1403715584412143104.000000 -0.885912359 -0.380592793 -1.965312004 -0.952961445 0.035879489 0.270186603 -0.132575899
1403715584462142976.000000 -0.839487791 -0.343510509 -1.853781819 -0.948583007 0.035003856 0.285062551 -0.133058071
1403715584512143104.000000 -0.789959550 -0.317238748 -1.744762897 -0.945321500 0.034572154 0.295501441 -0.133607447
1403715584562142976.000000 -0.743109941 -0.291688651 -1.635372281 -0.942624331 0.033521131 0.304102987 -0.133630797
1403715584612143104.000000 -0.694111705 -0.273697227 -1.528512955 -0.940712452 0.030292513 0.310387224 -0.133425385
1403715584662142976.000000 -0.654077470 -0.248399854 -1.431341887 -0.938839376 0.023255443 0.316490889 -0.133691728
1403715584712143104.000000 -0.670276284 -0.056856334 -1.461734414 0.934116006 -0.006441446 -0.321372211 0.155260012
1403715584762142976.000000 -0.561318874 -0.214398921 -1.225345492 -0.934398055 0.001230393 0.329571933 -0.135207713
1403715584812143104.000000 -0.515427470 -0.200879782 -1.123331666 -0.932826579 -0.007213010 0.333368182 -0.136558399
1403715584862142976.000000 -0.470403492 -0.188330472 -1.024666309 -0.931351125 -0.013442314 0.336609870 -0.138196245
1403715584912143104.000000 -0.425878912 -0.169665262 -0.931577146 -0.928972423 -0.019341767 0.342017978 -0.140213355
1403715584962142976.000000 -0.376178294 -0.162225083 -0.844825983 -0.925762713 -0.029103957 0.349590987 -0.141076744
1403715585012143104.000000 -0.330769300 -0.150005475 -0.759477317 -0.921660662 -0.033603352 0.359315783 -0.142494604
1403715585062142976.000000 -0.285796672 -0.135885999 -0.679209888 -0.917496145 -0.033561982 0.369190484 -0.144128293
1403715585112143104.000000 -0.248067573 -0.126784295 -0.598771572 -0.913769901 -0.030571980 0.377996951 -0.145630658
1403715585162142976.000000 -0.207298040 -0.106016777 -0.526743174 -0.910335660 -0.028878637 0.385653436 -0.147398919
1403715585212143104.000000 -0.164768010 -0.090851814 -0.462563068 -0.908851147 -0.025600329 0.389144838 -0.147988230
1403715585262142976.000000 -0.122320861 -0.075671226 -0.405143857 -0.909504473 -0.026272113 0.387595117 -0.147923738
1403715585312143104.000000 -0.079845175 -0.060586341 -0.354406804 -0.912634432 -0.026205424 0.380406171 -0.147319168
1403715585362142976.000000 -0.037675157 -0.045524001 -0.309464395 -0.916304111 -0.029864192 0.371742040 -0.145954609
1403715585412143104.000000 0.003661022 -0.030280083 -0.269410670 -0.919980049 -0.032625984 0.362835199 -0.144647434
1403715585462142976.000000 0.045028165 -0.014670826 -0.233154729 -0.922953367 -0.034658041 0.355639547 -0.143096283
1403715585512143104.000000 0.084668279 0.001719184 -0.200981140 -0.926253557 -0.038227964 0.347254246 -0.141448051
1403715585562142976.000000 0.123591311 0.019079626 -0.171841636 -0.929807425 -0.042145688 0.337918013 -0.139618859
1403715585612143104.000000 0.160665482 0.037335463 -0.145201698 -0.932293952 -0.044944342 0.331301868 -0.138011277
1403715585662142976.000000 0.192545697 0.057566460 -0.119696774 -0.934390783 -0.047304254 0.325798869 -0.136129856
1403715585712143104.000000 0.225392625 0.074363269 -0.095017292 -0.934906125 -0.048235878 0.324582696 -0.135166287
1403715585762142976.000000 0.255511492 0.095319316 -0.072648555 -0.935240090 -0.048030403 0.323989898 -0.134349138
1403715585812143104.000000 0.283877999 0.113600403 -0.039995968 -0.935797751 -0.043843940 0.323334962 -0.133472413
1403715585862142976.000000 0.304002464 0.128375739 -0.013727427 -0.936040282 -0.037839230 0.323769301 -0.132553294
1403715585912143104.000000 0.317365050 0.150585085 0.009649456 -0.936623871 -0.026435297 0.323492855 -0.131868795
1403715585962142976.000000 0.328690112 0.172605544 0.032265693 -0.937242270 -0.013391659 0.322617441 -0.131588712
1403715586012143104.000000 0.339726865 0.194285050 0.053271830 -0.938072324 0.003044892 0.320605993 -0.131236151
1403715586062142976.000000 0.348297089 0.221838444 0.074566305 -0.939989030 0.017588649 0.314419776 -0.131345361
1403715586112143104.000000 0.366411418 0.239864707 0.090980291 -0.944158316 0.025448814 0.301013947 -0.131560311
1403715586162142976.000000 0.388576150 0.255469978 0.106124490 -0.948278069 0.026050096 0.287653714 -0.131702468
1403715586212143104.000000 0.410989463 0.272566974 0.115978658 -0.951651216 0.019995723 0.276316315 -0.132700562
1403715586262142976.000000 0.435576022 0.284484565 0.135171264 -0.954244852 0.008077350 0.267522544 -0.133353800
1403715586312143104.000000 0.464893639 0.295095563 0.153249264 -0.955747366 -0.006394380 0.261831611 -0.133978829
1403715586362142976.000000 0.494946003 0.305464119 0.172806561 -0.956982732 -0.022300191 0.256091177 -0.134551585
1403715586412143104.000000 0.524950922 0.316478103 0.194022775 -0.958047867 -0.035873905 0.250271767 -0.134986863
1403715586462142976.000000 0.554806292 0.328723788 0.217218578 -0.959158480 -0.045607775 0.244476661 -0.134781718
1403715586512143104.000000 0.585023224 0.342686564 0.242435932 -0.959986925 -0.052243058 0.240020767 -0.134483516
1403715586562142976.000000 0.615769982 0.358827800 0.269909084 -0.960751772 -0.054869618 0.236539468 -0.134143174
1403715586612143104.000000 0.647175610 0.377213180 0.299911380 -0.961225271 -0.055867687 0.234481722 -0.133952439
1403715586662142976.000000 0.678536057 0.397797227 0.332687616 -0.960860789 -0.055346821 0.235936150 -0.134229213
1403715586712143104.000000 0.690460742 0.425608516 0.397318661 -0.960314870 -0.051109556 0.238984376 -0.134423196
1403715586762142976.000000 0.726238310 0.443148971 0.434338033 -0.958831012 -0.043670915 0.246123433 -0.134756595
1403715586812143104.000000 0.756827891 0.469854951 0.476544976 -0.956514418 -0.034490947 0.256023318 -0.135435224
1403715586862142976.000000 0.788070798 0.497494221 0.520404935 -0.953603625 -0.025653973 0.267264992 -0.136203900
1403715586912143104.000000 0.820460081 0.525649488 0.565094113 -0.950655937 -0.019100990 0.277566969 -0.137277439
1403715586962142976.000000 0.853929043 0.553885698 0.610155344 -0.948275328 -0.015245226 0.285256296 -0.138457254
1403715587012143104.000000 0.888177991 0.582079470 0.655437827 -0.946872473 -0.012600288 0.289496273 -0.139520139
1403715587062142976.000000 0.922781527 0.609965622 0.700760484 -0.946131587 -0.010683058 0.291492462 -0.140545815
1403715587112143104.000000 0.958417594 0.637336254 0.745517492 -0.946405888 -0.010570720 0.290218681 -0.141340971
1403715587162142976.000000 0.995845020 0.664447606 0.789883256 -0.947771490 -0.015061814 0.285463810 -0.141466632
1403715587212143104.000000 1.035115719 0.691464782 0.833756685 -0.949915886 -0.020428944 0.278242350 -0.140796721
1403715587262142976.000000 1.075100422 0.718826413 0.877846956 -0.951659977 -0.024776006 0.272440553 -0.139662787
1403715587312143104.000000 1.115951180 0.746995509 0.922209024 -0.953213036 -0.027236100 0.267700016 -0.137767389
1403715587362142976.000000 1.156725049 0.776188970 0.967641830 -0.954555929 -0.024169514 0.264541268 -0.135117680
1403715587412143104.000000 1.197758913 0.805941880 1.014282465 -0.956051767 -0.017981915 0.260985255 -0.132395193
1403715587462142976.000000 1.234770298 0.809548676 1.094599366 -0.956762373 -0.010037511 0.259685636 -0.130646542
1403715587512143104.000000 1.274279237 0.845550179 1.146149755 -0.956683218 -0.001472277 0.259909600 -0.131156638
1403715587562142976.000000 1.316357613 0.872583449 1.199170589 -0.956377923 0.008473768 0.259896189 -0.133129656
1403715587612143104.000000 1.359439850 0.898137212 1.254101276 -0.955400944 0.018733229 0.260676563 -0.137498811
1403715587662142976.000000 1.403514862 0.921579897 1.311090231 -0.953801453 0.027793692 0.262158245 -0.144095242
1403715587712143104.000000 1.448147655 0.942769229 1.370258093 -0.951327562 0.034349069 0.265391082 -0.152851835
1403715587762142976.000000 1.493970156 0.960957408 1.431204319 -0.948684990 0.039220653 0.267323285 -0.164307028
1403715587812143104.000000 1.540864110 0.976317048 1.493541718 -0.945975900 0.042685311 0.267411202 -0.178322643
1403715587862142976.000000 1.589061499 0.988763928 1.557407379 -0.943249941 0.043744866 0.265676588 -0.194375768
1403715587912143104.000000 1.638719678 0.998201609 1.622661829 -0.940134883 0.040995121 0.263199717 -0.212583587
1403715587962142976.000000 1.713935614 0.980054259 1.736497402 -0.937152565 0.035617556 0.257860333 -0.232345954
1403715588012143104.000000 1.768396854 0.974628568 1.806818247 -0.934080660 0.028630057 0.251455009 -0.251881033
1403715588062142976.000000 1.821507454 0.976583779 1.879147291 -0.930622280 0.021544792 0.243778303 -0.272121698
1403715588112143104.000000 1.873448849 0.977582812 1.954004526 0.926562071 -0.014779072 -0.236356065 0.292233139
1403715588162142976.000000 1.922130346 0.978284955 2.032052994 0.922031820 -0.008789469 -0.228441834 0.312401175
1403715588212143104.000000 1.966264248 0.978827596 2.112969398 0.917012751 -0.003934815 -0.220597968 0.332278013
1403715588262142976.000000 2.005076408 0.979872465 2.197130680 0.911403596 -0.001792216 -0.213519812 0.351780623
