1403638149095097088.000000 0.114845410 -0.024090480 0.065646805 0.011327157 -0.013736785 -0.007032579 0.999816775
1403638149145096960.000000 0.123955384 -0.031698097 0.061380446 0.011600833 -0.010487877 -0.007369176 0.999850571
1403638149195097088.000000 0.143202946 -0.041481849 0.060431097 0.011281897 -0.009589348 -0.006554700 0.999868929
1403638149245096960.000000 0.158070743 -0.025870504 0.065079018 0.013387017 -0.008369029 -0.006006507 0.999857366
1403638149295097088.000000 0.164224401 -0.029991195 0.061561197 0.013766729 -0.007062880 -0.004883721 0.999868453
1403638149345096960.000000 0.221305504 -0.047376800 0.094709620 0.013758669 -0.006486021 -0.003789921 0.999877155
1403638149395097088.000000 0.184227616 -0.042459853 0.078238904 0.013828143 -0.004629055 -0.003608370 0.999887228
1403638149445096960.000000 0.150301710 -0.017779935 0.093386546 0.014997711 -0.004646014 -0.002118496 0.999874532
1403638149495097088.000000 0.145331442 -0.021015409 0.092231072 0.014794839 -0.002561199 -0.003369187 0.999881685
1403638149545096960.000000 0.159826458 -0.017158680 0.093729831 0.015264492 -0.002855279 -0.002304754 0.999876797
1403638149595097088.000000 0.301651120 -0.074033886 0.130248576 0.014182027 -0.003701081 -0.006356962 0.999872386
1403638149645096960.000000 0.175850362 -0.026183341 0.108482182 0.017276829 -0.003076313 -0.006075792 0.999827564
1403638149695097088.000000 0.309437066 -0.080910146 0.144823313 0.019144716 -0.003184460 -0.008960429 0.999771535
1403638149745096960.000000 0.312107295 -0.085396051 0.148081213 0.021975050 -0.002954677 -0.010773542 0.999696136
1403638149795097088.000000 0.232718647 -0.063004926 0.115095623 0.025793748 -0.001939263 -0.011880597 0.999594867
1403638149845096960.000000 0.345825016 -0.105872110 0.174740553 0.027620727 -0.004266796 -0.012238785 0.999534488
1403638149895097088.000000 0.349680126 -0.110692948 0.177790865 0.029849024 -0.003607041 -0.012864380 0.999465168
1403638149945096960.000000 0.350224704 -0.105466470 0.181188628 0.032540541 -0.003598463 -0.013637538 0.999370933
1403638149995097088.000000 0.352925062 -0.117517389 0.189727262 0.032894310 -0.003931091 -0.015869761 0.999325156
1403638150045096960.000000 0.353870511 -0.116885871 0.193079427 0.032913372 -0.003752261 -0.019154638 0.999267638
1403638150095097088.000000 0.360362947 -0.144188643 0.231524229 0.031689331 -0.003759908 -0.024047893 0.999201357
1403638150145096960.000000 0.356400728 -0.152202502 0.241403475 0.030683767 -0.003345485 -0.029086512 0.999100268
1403638150195097088.000000 0.350387782 -0.157599345 0.246857271 0.029702147 -0.002640174 -0.032511164 0.999026477
1403638150245096960.000000 0.350668669 -0.162269697 0.253496975 0.028808508 -0.002545823 -0.036784373 0.998904705
1403638150295097088.000000 0.348260641 -0.167899877 0.261428893 0.029239539 -0.004720531 -0.037203994 0.998868704
1403638150345096960.000000 0.341704577 -0.194879591 0.284598500 0.029187836 -0.008519719 -0.037743669 0.998824835
1403638150395097088.000000 0.338166714 -0.205353484 0.292065948 0.031063510 -0.013126764 -0.035101887 0.998814583
1403638150445096960.000000 0.332990170 -0.212280586 0.302649111 0.035481207 -0.019342747 -0.031777393 0.998677731
1403638150495097088.000000 0.333436608 -0.223123670 0.309799701 0.040807437 -0.023559319 -0.029475329 0.998454332
1403638150545096960.000000 0.332063854 -0.227265775 0.313350379 0.046162978 -0.027639240 -0.028132048 0.998155177
1403638150595097088.000000 0.323143721 -0.286384642 0.352438778 0.050046615 -0.029701296 -0.028625056 0.997894704
1403638150645096960.000000 0.322403014 -0.297685027 0.364115655 0.054384876 -0.030444317 -0.028441399 0.997650504
1403638150695097088.000000 0.325537205 -0.304491401 0.369729847 0.058342177 -0.029731460 -0.028128218 0.997457325
1403638150745096960.000000 0.325378716 -0.305794299 0.371985883 0.062949672 -0.028109506 -0.029107245 0.997196078
1403638150795097088.000000 0.315692782 -0.322228938 0.388936937 0.066131756 -0.025031080 -0.031307146 0.997005463
1403638150845096960.000000 0.370829135 -0.395621538 0.405635059 0.069469817 -0.026085926 -0.034373850 0.996650398
1403638150895097088.000000 0.374738097 -0.412132829 0.416361690 0.073422231 -0.023059368 -0.037122834 0.996343017
1403638150945096960.000000 0.375066370 -0.425858706 0.429672480 0.077119857 -0.019439898 -0.039376631 0.996054292
1403638150995097088.000000 0.387603819 -0.437221915 0.434849232 0.082338944 -0.015627546 -0.041546404 0.995615363
1403638151045096960.000000 0.383874148 -0.448814005 0.446373522 0.087820970 -0.013390118 -0.043712933 0.995086610
1403638151095097088.000000 0.421403378 -0.516701519 0.484967619 0.094177946 -0.012155556 -0.047185555 0.994362295
1403638151145096960.000000 0.424545884 -0.539138436 0.498570383 0.102428280 -0.009421153 -0.051714886 0.993350565
1403638151195097088.000000 0.427414268 -0.571998417 0.520242870 -0.112147495 0.008708307 0.055710874 -0.992090404
1403638151245096960.000000 0.476665080 -0.710622013 0.624689579 0.122742206 -0.009131806 -0.059631128 0.990603447
1403638151295097088.000000 0.480338722 -0.747800648 0.647891343 0.133900061 -0.009732291 -0.063454479 0.988913357
1403638151345096960.000000 0.482931316 -0.782252967 0.668557525 0.145605400 -0.010477462 -0.067762069 0.986963868
1403638151395097088.000000 0.486033827 -0.817598343 0.688413620 0.158078030 -0.010491862 -0.071096145 0.984807909
1403638151445096960.000000 0.490647376 -0.854017675 0.708222091 0.170510441 -0.010732924 -0.073562212 0.982547581
1403638151495097088.000000 0.452961177 -0.756689191 0.633248806 0.182739407 -0.011113637 -0.077223681 0.980060875
1403638151545096960.000000 0.458750129 -0.794907570 0.652907252 -0.193443790 0.010862625 0.080090046 -0.977776587
1403638151595097088.000000 0.511829972 -0.965032101 0.763380408 0.201963648 -0.010550985 -0.083824940 0.975742161
1403638151645096960.000000 0.520234108 -1.003558278 0.782081842 -0.209932372 0.009849791 0.086179696 -0.973860621
1403638151695097088.000000 0.534112632 -1.041219354 0.796782970 0.216414675 -0.009522940 -0.088704690 0.972216845
1403638151745096960.000000 0.543773890 -1.082683206 0.817231834 0.221452057 -0.009639690 -0.090912230 0.970876455
1403638151795097088.000000 0.559162974 -1.120219588 0.831327438 0.225520998 -0.010408910 -0.092867039 0.969746172
1403638151845096960.000000 0.582083702 -1.157277822 0.838758707 0.228911966 -0.010757648 -0.094025515 0.968835771
1403638151895097088.000000 0.599761367 -1.197748065 0.853747725 0.231040388 -0.011048682 -0.095064826 0.968225718
1403638151945096960.000000 0.563460827 -1.050572515 0.729373217 0.231881589 -0.012300899 -0.096721046 0.967845380
1403638151995097088.000000 0.582834065 -1.091774464 0.744048357 -0.232842281 0.012660110 0.097736023 -0.967508078
1403638152045096960.000000 0.603298604 -1.133167267 0.755696177 0.233390495 -0.013196617 -0.097784482 0.967363894
1403638152095097088.000000 0.620507240 -1.175566077 0.771207809 0.233382940 -0.013399456 -0.098490939 0.967291296
1403638152145096960.000000 0.639859498 -1.192575693 0.782940567 0.234191805 -0.013122901 -0.099186234 0.967028558
1403638152195097088.000000 0.654862583 -1.236080885 0.799109578 0.234019846 -0.013388234 -0.099016897 0.967083812
1403638152245096960.000000 0.668425798 -1.279469609 0.811898053 0.233334169 -0.012756551 -0.100372896 0.967118263
1403638152295097088.000000 0.680490434 -1.324371338 0.829074740 0.232498735 -0.012398922 -0.101576507 0.967198491
1403638152345096960.000000 0.692913830 -1.371714473 0.845349312 0.231111139 -0.011476555 -0.103061415 0.967385352
1403638152395097088.000000 0.701735198 -1.418254137 0.862992227 0.229872629 -0.011658054 -0.104571588 0.967516124
1403638152445096960.000000 0.699958861 -1.420049906 0.856282115 0.228673056 -0.011878929 -0.105442271 0.967703223
1403638152495097088.000000 0.705766916 -1.468631864 0.874278367 -0.227121949 0.012158084 0.107211404 -0.967870653
1403638152545096960.000000 0.708783865 -1.517688036 0.890561163 0.226813108 -0.011582386 -0.107262179 0.967944443
1403638152595097088.000000 0.712027669 -1.568652749 0.907863259 0.226350576 -0.012178443 -0.106691711 0.968108475
1403638152645096960.000000 0.703620255 -1.569936514 0.910276473 0.227384895 -0.014522186 -0.104831189 0.968037009
1403638152695097088.000000 0.706506729 -1.621943712 0.925671279 0.229552686 -0.016136590 -0.102697305 0.967728496
1403638152745096960.000000 0.711628973 -1.676483154 0.942205250 0.232548311 -0.016287023 -0.102574706 0.967023551
1403638152795097088.000000 0.734468639 -1.815372467 0.981748164 0.237075776 -0.015017317 -0.100613564 0.966150403
1403638152845096960.000000 0.744170189 -1.872404814 0.997654438 0.242558345 -0.014244695 -0.099824980 0.964882135
1403638152895097088.000000 0.736210346 -1.809982300 0.973575830 0.248944581 -0.012134383 -0.098453261 0.963424265
1403638152945096960.000000 0.748866975 -1.867146015 0.988100171 -0.256031722 0.009655934 0.099364989 -0.961499453
1403638152995097088.000000 0.782285452 -2.041157722 1.041011095 0.263594389 -0.008995278 -0.101610526 0.959224880
1403638153045096960.000000 0.797401249 -2.098805189 1.054329872 -0.270535678 0.011131666 0.104304805 -0.956978083
1403638153095097088.000000 0.798891962 -2.020191669 1.010174870 0.276763707 -0.014874445 -0.106623247 0.954888523
1403638153145096960.000000 0.815013289 -2.078138590 1.023444295 0.281838655 -0.017784219 -0.109343350 0.953045011
1403638153195097088.000000 0.830134034 -2.118091583 1.029260874 0.285962552 -0.019631818 -0.111729220 0.951502264
1403638153245096960.000000 0.825752556 -2.141808271 1.051700473 0.289412469 -0.020566441 -0.114534371 0.950104952
1403638153295097088.000000 0.839447320 -2.200368643 1.067244053 0.293084174 -0.020938771 -0.117575400 0.948598564
1403638153345096960.000000 0.849006057 -2.238547325 1.075884223 0.298050582 -0.022014158 -0.119591773 0.946772993
1403638153395097088.000000 0.860579848 -2.297079325 1.091877222 0.303645194 -0.022255607 -0.122497424 0.944615602
1403638153445096960.000000 0.870790899 -2.338093758 1.101250052 0.309354514 -0.022171985 -0.127255693 0.942132771
1403638153495097088.000000 0.882892132 -2.397485018 1.116942406 -0.314530581 0.021447215 0.134510145 -0.939424098
1403638153545096960.000000 0.894846439 -2.438928366 1.126506567 0.320162565 -0.020904560 -0.142181695 0.936399102
1403638153595097088.000000 0.908821285 -2.491527557 1.138862133 0.327097088 -0.020765178 -0.147945926 0.933106840
1403638153645096960.000000 0.926703811 -2.548395157 1.149261475 0.334531158 -0.019737491 -0.153525800 0.929585516
1403638153695097088.000000 0.963663578 -2.633224487 1.149546146 0.343435287 -0.019560998 -0.155628964 0.925985515
1403638153745096960.000000 0.978166878 -2.688944340 1.160727382 0.353164732 -0.018174324 -0.156083778 0.922270179
1403638153795097088.000000 0.993432760 -2.747164965 1.171993136 0.361056834 -0.017006127 -0.158293813 0.918853521
1403638153845096960.000000 1.005449653 -2.805031538 1.184062362 0.368555278 -0.015707023 -0.159216836 0.915734828
1403638153895097088.000000 1.016902447 -2.863658428 1.196134925 0.374736726 -0.013623313 -0.159476146 0.913210869
1403638153945096960.000000 1.027754903 -2.926106215 1.208372116 0.380442977 -0.010729146 -0.157960609 0.911151230
1403638153995097088.000000 1.035272717 -2.985383987 1.220971227 0.384811938 -0.009717124 -0.156968504 0.909497797
1403638154045096960.000000 1.041707277 -3.046334505 1.233725190 0.388371378 -0.008496102 -0.155580267 0.908234715
1403638154095097088.000000 1.046183586 -3.105682850 1.246423125 0.390811503 -0.006134034 -0.155548438 0.907211959
1403638154145096960.000000 1.050446630 -3.166863203 1.258797050 0.392689109 -0.002650022 -0.155221060 0.906473815
1403638154195097088.000000 1.052875042 -3.226614475 1.271495461 0.393764853 0.001120205 -0.155044362 0.906040430
1403638154245096960.000000 1.054185867 -3.287343025 1.283903241 0.394427091 0.004862287 -0.155403778 0.905678391
1403638154295097088.000000 1.053518534 -3.343511581 1.294306517 0.394696712 0.007623455 -0.155280903 0.905562937
1403638154345096960.000000 1.053655624 -3.406054974 1.304974437 0.395373762 0.011144807 -0.153069109 0.905607700
1403638154395097088.000000 1.052434564 -3.466858387 1.317317843 0.395808280 0.016487876 -0.151026264 0.905679286
1403638154445096960.000000 1.049730539 -3.525799751 1.326797247 0.396300852 0.019907048 -0.148523852 0.905809045
1403638154495097088.000000 1.045175552 -3.582623482 1.335139632 0.396254450 0.022462595 -0.146965861 0.906023681
1403638154545096960.000000 1.041467071 -3.640568256 1.342187643 0.396336824 0.021800052 -0.146116868 0.906141162
1403638154595097088.000000 1.038051486 -3.696756601 1.345967412 0.397579074 0.019982385 -0.145751923 0.905697525
1403638154645096960.000000 1.036699772 -3.753200531 1.347946286 0.399501055 0.016986193 -0.146502838 0.904791355
1403638154695097088.000000 1.035535336 -3.809831619 1.349715948 0.402243763 0.012798474 -0.148101151 0.903383791
1403638154745096960.000000 1.036180973 -3.864911795 1.348090529 0.404880434 0.009417867 -0.152256206 0.901554942
1403638154795097088.000000 1.037414670 -3.919367075 1.347522616 0.407159805 0.007037203 -0.156635448 0.899798155
1403638154845096960.000000 1.040531635 -3.972760439 1.342898846 0.409246832 0.006037647 -0.161127582 0.898063719
1403638154895097088.000000 1.044662714 -4.027525902 1.338643789 0.411579311 0.005639094 -0.164621532 0.896365166
1403638154945096960.000000 1.051321983 -4.081834316 1.331108212 0.414200872 0.005936373 -0.168852136 0.894366503
1403638154995097088.000000 1.058377624 -4.130960464 1.319095731 0.418078631 0.006932174 -0.171284690 0.892089605
1403638155045096960.000000 1.065253258 -4.178635597 1.311442733 0.423219532 0.008369059 -0.173330784 0.889253438
1403638155095097088.000000 1.074625015 -4.232562065 1.297767758 0.428643465 0.009101284 -0.175589338 0.886199951
1403638155145096960.000000 1.083493710 -4.291386604 1.281742454 0.434203774 0.010825888 -0.176456600 0.883296669
1403638155195097088.000000 1.090996265 -4.345353603 1.266920090 0.439313769 0.011317865 -0.176496968 0.880752087
1403638155245096960.000000 1.095615625 -4.398880005 1.253283024 0.444071025 0.013916096 -0.175908566 0.878443778
1403638155295097088.000000 1.099844217 -4.452960968 1.237590075 0.447823763 0.016584573 -0.175985903 0.876474679
1403638155345096960.000000 1.101606607 -4.515981197 1.226372480 0.451385438 0.019571299 -0.176922560 0.874395013
1403638155395097088.000000 1.101893783 -4.569416046 1.209083796 0.456017017 0.022570653 -0.177945867 0.871707678
1403638155445096960.000000 1.098628640 -4.622395515 1.192593336 0.460234582 0.025597891 -0.180396944 0.868899226
1403638155495097088.000000 1.093819380 -4.674987316 1.174443483 0.465203017 0.026660947 -0.182682961 0.865738034
1403638155545096960.000000 1.087667108 -4.727256775 1.154439926 0.472574741 0.026385486 -0.181269377 0.862043202
1403638155595097088.000000 1.077607989 -4.763648987 1.131904364 0.480375797 0.026053697 -0.180207849 0.857954264
1403638155645096960.000000 1.068280458 -4.814729691 1.109507561 0.489743024 0.026283894 -0.177350119 0.853233814
1403638155695097088.000000 1.056759715 -4.878581524 1.089957237 0.499270856 0.027101479 -0.175711110 0.848009229
1403638155745096960.000000 1.044552088 -4.927054405 1.065812588 0.508777738 0.026720406 -0.175499558 0.842396140
1403638155795097088.000000 1.029160380 -4.973888397 1.042461395 0.518095732 0.025832485 -0.177333027 0.836338758
1403638155845096960.000000 1.013462186 -5.019454002 1.017603159 0.527858138 0.023690073 -0.178801835 0.829960585
1403638155895097088.000000 0.996557236 -5.061108112 0.993625402 0.537340403 0.019777734 -0.182958752 0.823043227
1403638155945096960.000000 0.980504990 -5.103522778 0.966750622 0.546905160 0.013985084 -0.188224703 0.815641284
1403638155995097088.000000 0.964327931 -5.143168926 0.939466476 0.556535900 0.007737873 -0.194781467 0.807631135
1403638156045096960.000000 0.951156616 -5.183342934 0.910649538 0.565933883 0.001658210 -0.201805472 0.799368978
1403638156095097088.000000 0.939429045 -5.225589275 0.878892422 0.575401962 -0.004318227 -0.208178043 0.790920973
1403638156145096960.000000 0.930233836 -5.263212681 0.848517895 0.584564090 -0.007610040 -0.212223366 0.783063352
1403638156195097088.000000 0.922653079 -5.301302910 0.818863869 0.593363345 -0.010922334 -0.214449286 0.775765598
1403638156245096960.000000 0.917267442 -5.339413643 0.788360596 0.601239443 -0.013234668 -0.218465284 0.768510818
1403638156295097088.000000 0.912708402 -5.378973007 0.755572319 0.608155429 -0.017250786 -0.223043263 0.761643708
1403638156345096960.000000 0.908085346 -5.417238712 0.726747036 0.614082992 -0.020315800 -0.226996198 0.755620360
1403638156395097088.000000 0.902508140 -5.455607414 0.698299885 0.619244397 -0.023180556 -0.229100049 0.750674546
1403638156445096960.000000 0.895056248 -5.494122505 0.669128418 0.623162746 -0.025600947 -0.231675372 0.746551633
1403638156495097088.000000 0.887081981 -5.533168793 0.643575191 0.626253128 -0.027664242 -0.233251303 0.743394613
1403638156545096960.000000 0.877700567 -5.573501110 0.622929573 0.628803432 -0.028098034 -0.234273136 0.740900040
1403638156595097088.000000 0.867507339 -5.614137173 0.600259304 0.630814791 -0.028464261 -0.234755442 0.739021242
1403638156645096960.000000 0.857295036 -5.654455662 0.571865559 0.631702244 -0.028751280 -0.235507309 0.738012195
1403638156695097088.000000 0.844379306 -5.696494579 0.552077293 0.632304788 -0.029508969 -0.235953674 0.737323403
1403638156745096960.000000 0.831026316 -5.740341663 0.531465530 0.632732749 -0.028776681 -0.236329213 0.736864746
1403638156795097088.000000 0.816625714 -5.784888744 0.513887405 0.632557392 -0.029036924 -0.236639142 0.736905634
1403638156845096960.000000 0.802921534 -5.828313351 0.493430138 0.631935835 -0.029284170 -0.236970305 0.737322569
1403638156895097088.000000 0.788044214 -5.874229431 0.477432728 0.631380022 -0.029111555 -0.237113208 0.737759531
1403638156945096960.000000 0.774164319 -5.919088840 0.459779263 0.630223036 -0.029379684 -0.237609804 0.738577962
1403638156995097088.000000 0.761804700 -5.965964794 0.444290638 0.629211843 -0.029389562 -0.237284839 0.739543617
1403638157045096960.000000 0.751087189 -6.014637947 0.427693844 0.627880812 -0.030817851 -0.237696663 0.740483880
1403638157095097088.000000 0.743053317 -6.064843655 0.412478924 0.626673400 -0.032238498 -0.238237709 0.741271853
1403638157145096960.000000 0.738002777 -6.113161564 0.393739700 0.624979079 -0.034268446 -0.239330605 0.742258489
1403638157195097088.000000 0.732812047 -6.165668964 0.378336906 0.623115122 -0.035646837 -0.240980983 0.743226171
1403638157245096960.000000 0.729866028 -6.216980457 0.361835480 0.622696579 -0.036770787 -0.239897534 0.743872344
1403638157295097088.000000 0.728357077 -6.271102905 0.345899105 0.623300791 -0.035619739 -0.239602178 0.743517458
1403638157345096960.000000 0.729458809 -6.324793816 0.328763485 0.623910129 -0.033308879 -0.240632609 0.742780328
1403638157395097088.000000 0.729575872 -6.381203175 0.312787056 0.624335527 -0.030490793 -0.242174342 0.742042542
1403638157445096960.000000 0.724389076 -6.439759731 0.297268867 0.625146329 -0.026424993 -0.243231997 0.741169393
1403638157495097088.000000 0.722434759 -6.497919559 0.281908035 0.627282619 -0.023510048 -0.243074194 0.739512563
1403638157545096960.000000 0.725001574 -6.553853035 0.266900063 0.630298972 -0.020609599 -0.242898300 0.737088203
1403638157595097088.000000 0.720619678 -6.613709927 0.251984596 0.634588659 -0.016927183 -0.242953748 0.733474135
1403638157645096960.000000 0.711880684 -6.672841549 0.240182400 0.639806628 -0.011766386 -0.243450016 0.728862882
1403638157695097088.000000 0.706171036 -6.732838631 0.224720955 0.645606756 -0.006596040 -0.245108917 0.723235846
1403638157745096960.000000 0.703931808 -6.790895939 0.209397316 0.651748896 -0.002492910 -0.247872159 0.716782153
1403638157795097088.000000 0.700178385 -6.851024628 0.192035675 0.658751130 -0.000381271 -0.250336081 0.709491909
1403638157845096960.000000 0.698210955 -6.911118031 0.173108101 0.666840732 0.000225167 -0.251920521 0.701326966
1403638157895097088.000000 0.698930740 -6.971788406 0.153650284 0.675073624 0.000172175 -0.252747148 0.693105042
1403638157945096960.000000 0.700358629 -7.031411648 0.132276535 0.682789087 -0.000610634 -0.254278719 0.684938729
1403638157995097088.000000 0.707359076 -7.092225075 0.108676910 0.689030945 -0.000584734 -0.256097615 0.677975059
1403638158045096960.000000 0.708088875 -7.150689602 0.087276459 0.694852650 -0.004923305 -0.257793456 0.671340644
1403638158095097088.000000 0.709280729 -7.208950043 0.066489220 0.700461090 -0.008480688 -0.257470220 0.665576041
1403638158145096960.000000 0.707907677 -7.266526222 0.046586514 0.705126643 -0.011189035 -0.256917298 0.660806179
1403638158195097088.000000 0.705123901 -7.323871136 0.027626038 0.709242463 -0.014534403 -0.255753368 0.656775534
1403638158245096960.000000 0.702884674 -7.381262302 0.009575844 0.712024033 -0.015099586 -0.256058812 0.653626621
1403638158295097088.000000 0.698445082 -7.438657761 -0.007238865 0.714053810 -0.014217678 -0.256739825 0.651160359
1403638158345096960.000000 0.693082809 -7.495896339 -0.023121357 0.714714170 -0.012872824 -0.259548485 0.649347901
1403638158395097088.000000 0.689567804 -7.554104805 -0.038972855 0.715450346 -0.011911099 -0.260467947 0.648186207
1403638158445096960.000000 0.682846069 -7.609985828 -0.053302765 0.715456486 -0.008417952 -0.262706220 0.647330403
1403638158495097088.000000 0.675171137 -7.665130615 -0.067345619 0.715472341 -0.005642452 -0.264023542 0.646806896
1403638158545096960.000000 0.667975664 -7.721898556 -0.081501961 0.715293944 -0.002610075 -0.264985114 0.646630287
1403638158595097088.000000 0.658403873 -7.776473045 -0.095128059 0.714798808 -0.000890878 -0.265832543 0.646834612
1403638158645096960.000000 0.648509979 -7.830698490 -0.109227180 0.714674115 0.000587566 -0.265293062 0.647194088
1403638158695097088.000000 0.639286995 -7.884239674 -0.124133110 0.714768350 -0.000522420 -0.263812780 0.647694945
1403638158745096960.000000 0.629078627 -7.937535763 -0.139425278 0.714858115 -0.002716112 -0.262424171 0.648154438
1403638158795097088.000000 0.618960381 -7.990675926 -0.155419350 0.714488089 -0.007103578 -0.262072742 0.648671150
1403638158845096960.000000 0.612284184 -8.046632767 -0.171687126 0.713857055 -0.011743946 -0.261583120 0.649495542
1403638158895097088.000000 0.605457067 -8.099071503 -0.188653946 0.712905347 -0.015945250 -0.262242347 0.650185168
1403638158945096960.000000 0.601890087 -8.152820587 -0.206124306 0.712553799 -0.019571174 -0.261691391 0.650693357
1403638158995097088.000000 0.599687815 -8.205112457 -0.224202156 0.711090028 -0.022790100 -0.263702601 0.651377439
1403638159045096960.000000 0.599172592 -8.256833076 -0.242738724 0.709461331 -0.027483312 -0.266678691 0.651760578
1403638159095097088.000000 0.601286650 -8.313484192 -0.261012077 0.707228661 -0.031712249 -0.270876408 0.652263701
1403638159145096960.000000 0.602344513 -8.366889954 -0.279563904 0.704793215 -0.038111493 -0.275384337 0.652669609
1403638159195097088.000000 0.603109598 -8.422482491 -0.296065331 0.702096701 -0.042626288 -0.280905366 0.652943611
1403638159245096960.000000 0.602644682 -8.479016304 -0.313646317 0.700775146 -0.043870710 -0.282863706 0.653435290
1403638159295097088.000000 0.602433443 -8.539672852 -0.329464912 0.701898575 -0.041382574 -0.278972059 0.654064655
1403638159345096960.000000 0.600831032 -8.600254059 -0.346388817 0.704647720 -0.036726404 -0.270923257 0.654769778
1403638159395097088.000000 0.600304365 -8.661804199 -0.359994888 0.707788348 -0.029720571 -0.261900038 0.655408800
1403638159445096960.000000 0.598772287 -8.723527908 -0.375211716 0.711416066 -0.021900821 -0.251162738 0.655991495
1403638159495097088.000000 0.597705364 -8.781879425 -0.386670113 0.715359271 -0.015913809 -0.239663631 0.656177819
1403638159545096960.000000 0.599257231 -8.844382286 -0.401611328 0.719507694 -0.012680116 -0.227388322 0.656081259
1403638159595097088.000000 0.602622032 -8.905148506 -0.415734291 0.723336637 -0.013375267 -0.215882048 0.655744016
1403638159645096960.000000 0.610370159 -8.970840454 -0.428769112 0.726540565 -0.014218327 -0.206602558 0.655173421
1403638159695097088.000000 0.619078636 -9.029623985 -0.440305710 0.728914320 -0.015260031 -0.199324846 0.654767632
1403638159745096960.000000 0.630055189 -9.086586952 -0.449435234 0.730226517 -0.017870758 -0.195874825 0.654280543
1403638159795097088.000000 0.644383669 -9.138089180 -0.454187393 0.730369329 -0.013938796 -0.195914075 0.654204965
1403638159845096960.000000 0.661581755 -9.190766335 -0.459833145 0.729934454 -0.009620852 -0.197799176 0.654200792
1403638159895097088.000000 0.681479692 -9.240995407 -0.461670876 0.728085697 -0.002844873 -0.204214230 0.654354393
1403638159945096960.000000 0.704178810 -9.288645744 -0.464321136 0.725917101 0.003331874 -0.210860386 0.654653549
1403638159995097088.000000 0.729313374 -9.331716537 -0.464462280 0.724714398 0.007475903 -0.215696245 0.654376209
1403638160045096960.000000 0.757285595 -9.373574257 -0.466485977 0.723553419 0.010314116 -0.220216841 0.654116631
1403638160095097088.000000 0.785607815 -9.410801888 -0.465457916 0.722396314 0.009722684 -0.224462941 0.653961420
1403638160145096960.000000 0.817135334 -9.449026108 -0.467282295 0.721031845 0.008135475 -0.229798779 0.653635621
1403638160195097088.000000 0.845520496 -9.477303505 -0.464482307 0.719179749 0.002722195 -0.237670064 0.652905822
1403638160245096960.000000 0.881795645 -9.513263702 -0.467219353 0.716693044 -0.003264501 -0.246019870 0.652544856
1403638160295097088.000000 0.922427893 -9.553006172 -0.469828606 0.714487791 -0.009262244 -0.252280474 0.652515173
1403638160345096960.000000 0.962422848 -9.588023186 -0.473472595 0.712470949 -0.013052383 -0.258588105 0.652186394
1403638160395097088.000000 1.003380299 -9.623041153 -0.476655006 0.711054325 -0.015946968 -0.263012409 0.651898742
1403638160445096960.000000 1.041234255 -9.654762268 -0.476888657 0.710387886 -0.018238535 -0.264703602 0.651880741
1403638160495097088.000000 1.080474615 -9.690591812 -0.479743004 0.709840000 -0.019435043 -0.265935361 0.651941597
1403638160545096960.000000 1.118443727 -9.727035522 -0.482346535 0.709279954 -0.020260692 -0.267099768 0.652050018
1403638160595097088.000000 1.152534008 -9.760574341 -0.481541634 0.709371567 -0.020745719 -0.267303288 0.651851654
1403638160645096960.000000 1.187395811 -9.797729492 -0.483467102 0.709057808 -0.022425829 -0.267577082 0.652025104
1403638160695097088.000000 1.218539238 -9.834217072 -0.483980179 0.709285975 -0.020588512 -0.266765147 0.652170122
1403638160745096960.000000 1.251342297 -9.871493340 -0.485307693 0.710811675 -0.020744184 -0.262718052 0.652147055
1403638160795097088.000000 1.285106182 -9.911655426 -0.484640121 0.712230980 -0.020611761 -0.256557137 0.653054953
1403638160845096960.000000 1.316961288 -9.949414253 -0.484038353 0.713324964 -0.018379748 -0.247850403 0.655286133
1403638160895097088.000000 1.347885847 -9.987694740 -0.481925964 0.713307977 -0.016268654 -0.238279432 0.658900559
1403638160945096960.000000 1.375793457 -10.023946762 -0.480220795 0.711474359 -0.012805244 -0.229992360 0.663885355
1403638160995097088.000000 1.405287504 -10.059667587 -0.474786758 0.707942963 -0.009939586 -0.224356279 0.669613540
1403638161045096960.000000 1.433911324 -10.094168663 -0.468039513 0.703188598 -0.007768888 -0.219662338 0.676175952
1403638161095097088.000000 1.468230009 -10.134287834 -0.458252907 0.697146773 -0.007150983 -0.216427550 0.683443010
1403638161145096960.000000 1.495500803 -10.164182663 -0.448390961 0.689741790 -0.005883649 -0.215584144 0.691191077
1403638161195097088.000000 1.524561405 -10.197053909 -0.437593460 0.681122243 -0.006089592 -0.215022236 0.699857831
1403638161245096960.000000 1.550675392 -10.224987984 -0.425107956 0.671417654 -0.006831640 -0.214914784 0.709199071
1403638161295097088.000000 1.576670408 -10.252446175 -0.411691666 0.661534131 -0.007448480 -0.213311836 0.718898654
1403638161345096960.000000 1.607900620 -10.285950661 -0.399140358 0.651307106 -0.008997981 -0.212724090 0.728331447
1403638161395097088.000000 1.633472681 -10.311032295 -0.384928703 0.641871691 -0.012232787 -0.213621408 0.736353874
1403638161445096960.000000 1.658585072 -10.335491180 -0.370163918 0.633037806 -0.015753297 -0.215540379 0.743342042
1403638161495097088.000000 1.685854435 -10.366139412 -0.357278824 0.625217199 -0.018855307 -0.218241498 0.749078453
1403638161545096960.000000 1.709265232 -10.390512466 -0.341731071 0.619015574 -0.021277163 -0.219443560 0.753798127
1403638161595097088.000000 1.736060381 -10.419509888 -0.324827671 0.614056408 -0.023157578 -0.219043672 0.757903874
1403638161645096960.000000 1.756881952 -10.443922043 -0.308053493 0.610099614 -0.025368340 -0.218186647 0.761268377
1403638161695097088.000000 1.776474476 -10.468378067 -0.290534019 0.607574403 -0.027659066 -0.215677276 0.763918579
1403638161745096960.000000 1.797616959 -10.497549057 -0.273940563 0.606005073 -0.028412810 -0.212424427 0.766046047
1403638161795097088.000000 1.815704346 -10.522067070 -0.254895210 0.604204178 -0.027932480 -0.209177345 0.768376231
1403638161845096960.000000 1.833485365 -10.546615601 -0.234843731 0.601928532 -0.025138022 -0.206352100 0.771018207
1403638161895097088.000000 1.848869801 -10.575805664 -0.216883659 0.599132180 -0.022622958 -0.202795267 0.774211109
1403638161945096960.000000 1.864801645 -10.600605011 -0.194524765 0.595438838 -0.020695016 -0.200557292 0.777689636
1403638161995097088.000000 1.889369488 -10.637031555 -0.163714886 0.592192650 -0.019934347 -0.199013293 0.780579448
1403638162045096960.000000 1.906530857 -10.661157608 -0.140995502 0.589418173 -0.019539569 -0.197341099 0.783109844
1403638162095097088.000000 1.926417351 -10.686773300 -0.118190289 0.586939275 -0.019745357 -0.196495071 0.785176575
1403638162145096960.000000 1.949218512 -10.717418671 -0.093216419 0.584977686 -0.022144396 -0.196132541 0.786665678
1403638162195097088.000000 1.972333908 -10.741450310 -0.070654869 0.583505571 -0.025398424 -0.194976583 0.787946939
1403638162245096960.000000 1.996267319 -10.765046120 -0.047678471 0.581998467 -0.027873466 -0.194627285 0.789063454
1403638162295097088.000000 2.021280527 -10.795806885 -0.021008015 0.580782712 -0.030224267 -0.194190711 0.789979696
1403638162345096960.000000 2.044104815 -10.819977760 0.004289150 0.580599308 -0.032426219 -0.192007363 0.790560663
1403638162395097088.000000 2.066996336 -10.848213196 0.033231735 0.580754220 -0.032848570 -0.189582646 0.791014493
1403638162445096960.000000 2.088681698 -10.872562408 0.061361790 0.580947876 -0.031934053 -0.187782586 0.791339040
1403638162495097088.000000 2.107561111 -10.894231796 0.090191841 0.580763578 -0.029952623 -0.187302902 0.791665435
1403638162545096960.000000 2.129154682 -10.917411804 0.120409489 0.580423653 -0.028022842 -0.188494951 0.791702449
1403638162595097088.000000 2.152121067 -10.940261841 0.151403904 0.579599619 -0.026444642 -0.191418126 0.791659117
1403638162645096960.000000 2.183394909 -10.976230621 0.191125393 0.579057515 -0.024390731 -0.194325209 0.791413486
1403638162695097088.000000 2.210027695 -10.998779297 0.222784519 0.578444123 -0.023031943 -0.197636634 0.791082680
1403638162745096960.000000 2.238584995 -11.020720482 0.254228115 0.577952623 -0.022573525 -0.200380474 0.790764809
1403638162795097088.000000 2.271450281 -11.049229622 0.289542675 0.577521384 -0.025006263 -0.199587002 0.791207135
1403638162845096960.000000 2.303299427 -11.070624352 0.321452141 0.575996220 -0.026368221 -0.198617324 0.792517662
1403638162895097088.000000 2.339731455 -11.096484184 0.355554104 0.575098515 -0.027043805 -0.194201455 0.794239402
1403638162945096960.000000 2.375270605 -11.117347717 0.388162613 0.574907303 -0.027038038 -0.188341111 0.795787871
1403638162995097088.000000 2.412265778 -11.138397217 0.421611309 0.574343443 -0.022422792 -0.183301836 0.797513247
1403638163045096960.000000 2.443319559 -11.150314331 0.453200817 0.573945999 -0.018337397 -0.177907348 0.799123764
1403638163095097088.000000 2.486081839 -11.187648773 0.496435165 0.572559893 -0.015216058 -0.173289850 0.801195621
1403638163145096960.000000 2.514118671 -11.206174850 0.535883904 0.569194496 -0.014033509 -0.171513006 0.803992569
1403638163195097088.000000 2.537774563 -11.223089218 0.577590942 0.564372241 -0.013396935 -0.171735734 0.807348251
1403638163245096960.000000 2.562602758 -11.246759415 0.624046326 0.558224618 -0.012281186 -0.173172951 0.811323464
1403638163295097088.000000 2.581250668 -11.262816429 0.669818878 0.551438272 -0.011241243 -0.174328715 0.815719903
1403638163345096960.000000 2.601738930 -11.281890869 0.717529774 0.544087589 -0.009327531 -0.174740210 0.820577562
1403638163395097088.000000 2.619197845 -11.296574593 0.765125751 0.536326051 -0.007374978 -0.174767256 0.825685382
1403638163445096960.000000 2.635975361 -11.310586929 0.813142776 0.528830945 -0.005910685 -0.173116595 0.830863178
1403638163495097088.000000 2.655736446 -11.328790665 0.862180233 0.522030890 -0.006211261 -0.172192201 0.835341275
1403638163545096960.000000 2.674963236 -11.341532707 0.908868313 0.516545951 -0.005041628 -0.170160830 0.839166403
1403638163595097088.000000 2.695079803 -11.353225708 0.954812050 0.512097716 -0.006529215 -0.169165939 0.842078507
1403638163645096960.000000 2.719110489 -11.366050720 1.000091076 0.508351743 -0.006037032 -0.168826789 0.844416797
1403638163695097088.000000 2.744495153 -11.377178192 1.044323444 0.505128264 -0.005184781 -0.168373600 0.846444905
1403638163745096960.000000 2.772060394 -11.387969971 1.087519646 0.502893329 -0.005410430 -0.167847380 0.847877622
1403638163795097088.000000 2.802020073 -11.398123741 1.129595280 0.501240015 -0.003748599 -0.167527154 0.848928213
1403638163845096960.000000 2.833346128 -11.406943321 1.170474052 0.500665247 -0.004160536 -0.165416777 0.849678993
1403638163895097088.000000 2.866333485 -11.415046692 1.210558414 0.500436366 -0.004197108 -0.163666651 0.850152433
1403638163945096960.000000 2.900494099 -11.422179222 1.249948502 0.500325620 -0.006308137 -0.163007364 0.850331187
1403638163995097088.000000 2.938095570 -11.443071365 1.294629574 0.500932872 -0.009618395 -0.160110325 0.850493133
1403638164045096960.000000 2.973478317 -11.435148239 1.327994347 0.502047777 -0.011400483 -0.158510372 0.850113213
1403638164095097088.000000 3.012702942 -11.440825462 1.366798401 0.503361464 -0.012777910 -0.156476274 0.849693596
1403638164145096960.000000 3.054720640 -11.464725494 1.411577225 0.504256606 -0.013968635 -0.155050188 0.849405468
1403638164195097088.000000 3.095606327 -11.468261719 1.450698376 0.505890548 -0.014732716 -0.152371541 0.848905563
1403638164245096960.000000 3.135956764 -11.470765114 1.490760326 0.507018328 -0.013364939 -0.151477441 0.848415256
1403638164295097088.000000 3.175098419 -11.472589493 1.531926155 0.508615732 -0.012959615 -0.149262041 0.847857893
1403638164345096960.000000 3.213100910 -11.473191261 1.574336529 0.509764552 -0.012120306 -0.148057297 0.847391486
1403638164395097088.000000 3.249758005 -11.472641945 1.617884159 0.510691345 -0.011608898 -0.147500262 0.846937597
1403638164445096960.000000 3.285362720 -11.470887184 1.662563324 0.511596262 -0.010712849 -0.147699580 0.846368372
1403638164495097088.000000 3.319844484 -11.468170166 1.708537102 0.512471557 -0.012305104 -0.146701768 0.845990598
1403638164545096960.000000 3.353898048 -11.464456558 1.755504131 0.513465703 -0.012793766 -0.145050392 0.845665276
1403638164595097088.000000 3.386962175 -11.459646225 1.803787231 0.514007628 -0.014094846 -0.143707603 0.845544636
1403638164645096960.000000 3.419517517 -11.453182220 1.853686810 0.513077140 -0.014937949 -0.142251611 0.846341133
1403638164695097088.000000 3.451415062 -11.445129395 1.905499935 0.510064304 -0.014375928 -0.142632842 0.848105967
1403638164745096960.000000 3.482716560 -11.436212540 1.958844185 0.506542265 -0.011376468 -0.143250600 0.850155771
1403638164795097088.000000 3.513706207 -11.426356316 2.013458729 0.502134681 -0.005086327 -0.147587344 0.852087438
1403638164845096960.000000 3.544806004 -11.409105301 2.068451881 0.497480065 0.002541469 -0.152674019 0.853930831
1403638164895097088.000000 3.574522495 -11.396535873 2.124210835 0.493142009 0.009493575 -0.157196566 0.855575860
1403638164945096960.000000 3.602959394 -11.382907867 2.179836750 0.489896536 0.013761238 -0.159613475 0.856933832
1403638164995097088.000000 3.629869461 -11.374227524 2.236112595 0.488725334 0.016605545 -0.156326100 0.858157277
1403638165045096960.000000 3.654545546 -11.359551430 2.290305138 0.488167733 0.017619794 -0.148805365 0.859789968
1403638165095097088.000000 3.677894592 -11.343412399 2.343939304 0.486519426 0.016008111 -0.141826659 0.861932635
1403638165145096960.000000 3.699023247 -11.325792313 2.398518085 0.484116852 0.012317645 -0.137805402 0.863995790
1403638165195097088.000000 3.718453884 -11.307124138 2.452427387 0.480621815 0.007637431 -0.138095126 0.865952730
1403638165245096960.000000 3.737584591 -11.287280083 2.507923603 0.476619661 0.000679309 -0.140619680 0.867789984
1403638165295097088.000000 3.753691196 -11.268071175 2.561800957 0.473381311 -0.007928651 -0.142098665 0.869284332
1403638165345096960.000000 3.770013332 -11.248560905 2.617166042 0.470885396 -0.013543085 -0.140901417 0.870764256
1403638165395097088.000000 3.785209656 -11.228122711 2.673454762 0.469401360 -0.016859686 -0.138296425 0.871924460
1403638165445096960.000000 3.800735950 -11.203722000 2.728860855 0.467684895 -0.016156241 -0.137577593 0.872973323
1403638165495097088.000000 3.816349030 -11.189175606 2.787178040 0.466423124 -0.010338828 -0.135729611 0.874025285
1403638165545096960.000000 3.830263138 -11.162197113 2.846035004 0.465114534 -0.003052215 -0.134447888 0.874976039
1403638165595097088.000000 3.843228102 -11.145619392 2.905479908 0.464494050 0.005221485 -0.132237956 0.875631869
1403638165645096960.000000 3.854412794 -11.116509438 2.962512970 0.463301003 0.015071007 -0.132526249 0.876106083
1403638165695097088.000000 3.863853931 -11.095976830 3.021901131 0.462871909 0.022242496 -0.131270781 0.876369178
1403638165745096960.000000 3.871359825 -11.068922043 3.078959942 0.461578846 0.028301852 -0.132702723 0.876660705
1403638165795097088.000000 3.875940800 -11.039410591 3.136262894 0.460602492 0.028740158 -0.134815276 0.876837671
1403638165845096960.000000 3.881402731 -11.002224922 3.192984581 0.459267259 0.025122035 -0.138487980 0.877076745
1403638165895097088.000000 3.885942936 -10.966074944 3.249377728 0.458342999 0.019770883 -0.141682982 0.877186835
1403638165945096960.000000 3.893140793 -10.937314034 3.303150654 0.457092851 0.015356958 -0.145682067 0.877272546
1403638165995097088.000000 3.901790142 -10.901222229 3.356377125 0.456398338 0.009431353 -0.148998559 0.877160847
1403638166045096960.000000 3.911009550 -10.863895416 3.407077789 0.455769718 0.002964109 -0.151833728 0.877047181
1403638166095097088.000000 3.923083305 -10.829220772 3.457821369 0.454368532 0.000138167 -0.157172039 0.876838803
1403638166145096960.000000 3.938147068 -10.793830872 3.504063606 0.453477919 -0.001560929 -0.161634117 0.876487195
1403638166195097088.000000 3.957339525 -10.751727104 3.547759533 0.453700662 -0.003012746 -0.164096147 0.875910521
1403638166245096960.000000 3.981451035 -10.717737198 3.589864254 0.454110295 -0.003503356 -0.166248232 0.875290275
1403638166295097088.000000 4.009502888 -10.689600945 3.632115841 0.454605639 -0.002790399 -0.168058649 0.874689877
1403638166345096960.000000 4.042332172 -10.648061752 3.667695999 0.454927862 -0.002774173 -0.170342892 0.874080300
1403638166395097088.000000 4.078064919 -10.614177704 3.701538563 0.455178469 -0.001983848 -0.171871290 0.873652697
1403638166445096960.000000 4.114136696 -10.584953308 3.735883713 0.455304652 -0.002918109 -0.173478276 0.873266578
1403638166495097088.000000 4.150450706 -10.545220375 3.767099857 0.455864906 -0.002369559 -0.174148738 0.872842431
1403638166545096960.000000 4.185031414 -10.511305809 3.797785759 0.457097590 -0.002969316 -0.173194751 0.872385621
1403638166595097088.000000 4.218538284 -10.478190422 3.830113411 0.457732469 -0.002069327 -0.173301965 0.872033954
1403638166645096960.000000 4.250681877 -10.450686455 3.862522602 0.458632529 -0.003159725 -0.172804043 0.871656477
1403638166695097088.000000 4.281916618 -10.417870522 3.893487453 0.459764123 -0.004451731 -0.170734525 0.871462584
1403638166745096960.000000 4.309074402 -10.387598038 3.925930023 0.461373895 -0.007236616 -0.167995751 0.871125281
1403638166795097088.000000 4.335656643 -10.355522156 3.957069874 0.463549286 -0.013821706 -0.163473651 0.870751083
1403638166845096960.000000 4.354650497 -10.309860229 3.993004322 0.465552598 -0.022525294 -0.159448370 0.870246887
1403638166895097088.000000 4.380845070 -10.290497780 4.021043301 0.465922624 -0.033786882 -0.158080772 0.869933963
1403638166945096960.000000 4.399855614 -10.250416756 4.053195477 0.466510028 -0.041996296 -0.157794952 0.869313180
1403638166995097088.000000 4.419904709 -10.222329140 4.092513084 0.465547889 -0.048657209 -0.160072461 0.869065285
1403638167045096960.000000 4.444330215 -10.206222534 4.133090496 0.463687658 -0.052270319 -0.163911253 0.869134486
1403638167095097088.000000 4.466921806 -10.167594910 4.169345379 0.463188469 -0.053477794 -0.166595533 0.868816733
1403638167145096960.000000 4.497135639 -10.161615372 4.210345268 0.461237609 -0.052406773 -0.171188012 0.869027138
1403638167195097088.000000 4.525538445 -10.119840622 4.246400833 0.460942149 -0.049626071 -0.172961175 0.868996024
1403638167245096960.000000 4.562014580 -10.110778809 4.294347286 0.459381431 -0.047557876 -0.176972955 0.869130313
1403638167295097088.000000 4.595664501 -10.079092979 4.332935333 0.459322780 -0.043994252 -0.177788302 0.869182587
1403638167345096960.000000 4.632890701 -10.083909035 4.382726669 0.458632022 -0.042447899 -0.179022729 0.869370878
1403638167395097088.000000 4.661444664 -10.060434341 4.437243938 0.459039867 -0.041673701 -0.177469447 0.869511545
1403638167445096960.000000 4.700672626 -10.044999123 4.474411011 0.459333062 -0.039494209 -0.176297873 0.869696796
1403638167495097088.000000 4.743058205 -10.049113274 4.514728546 0.459320664 -0.037325714 -0.174429774 0.870175660
1403638167545096960.000000 4.761147976 -10.028509140 4.572026253 0.460336655 -0.034668494 -0.169488966 0.870724916
1403638167595097088.000000 4.796638966 -10.030610085 4.611721516 0.461809456 -0.032142099 -0.163594201 0.871169209
1403638167645096960.000000 4.828297615 -10.023437500 4.659806252 0.462814897 -0.031520415 -0.156298056 0.871997595
1403638167695097088.000000 4.858837605 -10.016685486 4.709250450 0.462067276 -0.031043591 -0.150367767 0.873452783
1403638167745096960.000000 4.888473034 -10.009985924 4.760077477 0.459955633 -0.030614793 -0.144185379 0.875622153
1403638167795097088.000000 4.917441845 -10.003366470 4.812337399 0.457133234 -0.031402286 -0.137569398 0.878133178
1403638167845096960.000000 4.954882145 -9.983593941 4.865731239 0.453221053 -0.032511763 -0.133304164 0.880774438
1403638167895097088.000000 4.985779285 -9.975993156 4.921050072 0.447705537 -0.032186393 -0.128683507 0.884287477
1403638167945096960.000000 5.014424324 -9.968488693 4.977776051 0.441906929 -0.031737443 -0.124078944 0.887871385
1403638167995097088.000000 5.042750359 -9.960302353 5.035975933 0.434709519 -0.031264145 -0.121293850 0.891817272
1403638168045096960.000000 5.071689129 -9.950784683 5.088449001 0.428610742 -0.030278409 -0.118050694 0.895231903
1403638168095097088.000000 5.092188358 -9.945097923 5.155813694 0.422860295 -0.030504253 -0.113181442 0.898581445
1403638168145096960.000000 5.126542091 -9.934734344 5.214747906 0.416617662 -0.029558327 -0.112345412 0.901628852
1403638168195097088.000000 5.168993950 -9.922912598 5.274527073 0.410893738 -0.027882587 -0.109754167 0.904623091
1403638168245096960.000000 5.208100319 -9.909649849 5.333532333 0.402773619 -0.026696533 -0.110993050 0.908152699
1403638168295097088.000000 5.248759270 -9.895051003 5.392678738 0.394830674 -0.025822369 -0.110555895 0.911712289
1403638168345096960.000000 5.291564941 -9.879761696 5.451927185 0.386449903 -0.023915783 -0.109906070 0.915426254
1403638168395097088.000000 5.336565971 -9.864137650 5.511143684 0.378429949 -0.021752672 -0.107750483 0.919079661
1403638168445096960.000000 5.382688522 -9.847833633 5.570095062 0.369908273 -0.020126140 -0.109415136 0.922383428
1403638168495097088.000000 5.427815914 -9.831274986 5.629537582 0.361863941 -0.020975349 -0.113341123 0.925077498
1403638168545096960.000000 5.476653576 -9.814765930 5.683735847 0.354242772 -0.021635860 -0.120044976 0.927164078
1403638168595097088.000000 5.518404484 -9.798748970 5.744204998 0.347289085 -0.024448028 -0.126191035 0.928907156
1403638168645096960.000000 5.558576584 -9.783613205 5.805126667 0.341166288 -0.025654184 -0.131782293 0.930366039
1403638168695097088.000000 5.596803665 -9.769621849 5.866656303 0.336254865 -0.027039334 -0.136413381 0.931446671
1403638168745096960.000000 5.633578300 -9.757137299 5.928442001 -0.332975537 0.027872104 0.139307633 -0.932171643
1403638168795097088.000000 5.668832779 -9.746108055 5.990265846 -0.331077129 0.028732555 0.140535668 -0.932637215
1403638168845096960.000000 5.702607155 -9.736618996 6.052328110 -0.329399347 0.030193597 0.142162114 -0.932938635
1403638168895097088.000000 5.735570908 -9.729007721 6.114805222 -0.328323990 0.030420205 0.143821433 -0.933055997
1403638168945096960.000000 5.767119408 -9.723414421 6.177492142 -0.328302413 0.031650808 0.143929869 -0.933005869
1403638168995097088.000000 5.775884151 -9.702372551 6.217683792 -0.328947783 0.030548975 0.144513905 -0.932724953
1403638169045096960.000000 5.793359280 -9.698624611 6.277693748 -0.329779536 0.027050648 0.142664149 -0.932824016
1403638169095097088.000000 5.820958614 -9.697786331 6.339428425 0.332956016 -0.022071900 -0.138021231 0.932525277
1403638169145096960.000000 5.846791267 -9.698225021 6.401223183 0.336309254 -0.018977387 -0.133711606 0.932017863
1403638169195097088.000000 5.870837212 -9.699360847 6.462943077 0.339906871 -0.017483322 -0.128493920 0.931475759
1403638169245096960.000000 5.893809319 -9.701003075 6.524670124 0.343310177 -0.016376622 -0.120904520 0.931263745
1403638169295097088.000000 5.915621281 -9.702792168 6.586542130 0.345387399 -0.015002789 -0.111846589 0.931650579
1403638169345096960.000000 5.936791897 -9.709406853 6.646102905 0.347217798 -0.012966503 -0.098752655 0.932480395
1403638169395097088.000000 5.979251385 -9.725031853 6.700418472 0.347003967 -0.010005296 -0.089191474 0.933559358
1403638169445096960.000000 5.999575138 -9.724266052 6.763155937 0.344774872 -0.006858917 -0.078942552 0.935334921
1403638169495097088.000000 6.020883560 -9.721392632 6.825928211 0.339904696 -0.004355167 -0.071369506 0.937737882
1403638169545096960.000000 4.744668007 -9.808934212 6.070627689 0.334349662 -0.000004404 -0.067512542 0.940027893
1403638169595097088.000000 4.700438976 -9.805525780 6.083164215 0.326106310 0.002065294 -0.064428329 0.943132818
1403638169645096960.000000 4.655431747 -9.799669266 6.092988491 0.316248655 0.003782640 -0.063871168 0.946516275
1403638169695097088.000000 4.609359741 -9.791823387 6.100329399 0.304743439 0.004283566 -0.066223852 0.950119793
1403638169745096960.000000 4.563224316 -9.782292366 6.104697227 0.293053061 0.005135889 -0.066898584 0.953739047
1403638169795097088.000000 4.517017365 -9.770754814 6.105543137 0.279302359 0.007283357 -0.071314253 0.957523644
1403638169845096960.000000 4.470658302 -9.758296013 6.102960110 0.264837325 0.008999102 -0.076120257 0.961241841
1403638169895097088.000000 4.294360638 -10.034868240 5.867139816 0.250214368 0.012023852 -0.080003493 0.964804530
1403638169945096960.000000 4.241367817 -10.035599709 5.844825745 0.235826224 0.018171314 -0.083010718 0.968072832
1403638169995097088.000000 4.187572479 -10.037643433 5.818291664 0.222771302 0.024972767 -0.082406931 0.971060514
1403638170045096960.000000 3.912639380 -10.893034935 5.718884468 0.209708706 0.029768089 -0.078238532 0.974173963
1403638170095097088.000000 3.796016932 -10.874577522 5.599488258 0.198429823 0.032882467 -0.072453052 0.976880252
1403638170145096960.000000 3.748717785 -10.990244865 5.524364471 -0.187365741 -0.032971226 0.064963415 -0.979585052
1403638170195097088.000000 3.632512808 -11.037364006 5.430014133 -0.176606640 -0.032235675 0.056657620 -0.982120633
1403638170245096960.000000 3.599291563 -11.175387383 5.417689323 -0.165825427 -0.031276852 0.048967380 -0.984441936
1403638170295097088.000000 3.508311272 -11.158937454 5.330844402 -0.155388296 -0.029717695 0.040009353 -0.986595511
1403638170345096960.000000 3.472605228 -11.348341942 5.316458702 -0.144435912 -0.026821531 0.032757048 -0.988608062
1403638170395097088.000000 3.512718916 -11.699344635 5.356855869 -0.133069053 -0.022691097 0.026248390 -0.990499258
1403638170445096960.000000 3.461809158 -11.796786308 5.291961670 -0.121468402 -0.019422768 0.020854468 -0.992186189
1403638170495097088.000000 3.427958965 -12.054282188 5.217057228 -0.111124329 -0.016131675 0.012641096 -0.993595183
1403638170545096960.000000 3.311365604 -12.199256897 5.128045082 -0.102234945 -0.016258672 0.002640242 -0.994623899
1403638170595097088.000000 3.254010916 -12.493824959 4.988260269 -0.091399752 -0.017013451 -0.005436972 -0.995654166
1403638170645096960.000000 3.149730682 -12.804018974 4.848818779 -0.080167271 -0.020019302 -0.011866003 -0.996509790
1403638170695097088.000000 3.061871052 -12.927102089 4.753874779 -0.070037887 -0.022816414 -0.017832335 -0.997123957
1403638170745096960.000000 3.200911522 -13.334383011 4.749139309 -0.059177887 -0.022737714 -0.021265252 -0.997761905
1403638170795097088.000000 3.146622896 -13.417631149 4.551880836 -0.048966993 -0.023254361 -0.025928160 -0.998193026
1403638170845096960.000000 3.051554441 -13.581803322 4.429130554 -0.038863562 -0.022600021 -0.028974142 -0.998568714
1403638170895097088.000000 2.954818487 -13.759142876 4.310551167 -0.028011991 -0.022344695 -0.030632224 -0.998888254
1403638170945096960.000000 2.873769045 -13.877779961 4.127645016 -0.017174575 -0.021366345 -0.033025421 -0.999078512
1403638170995097088.000000 2.789650440 -14.035729408 4.004878044 -0.006274452 -0.022160694 -0.035569318 -0.999101758
1403638171045096960.000000 2.736209869 -14.120710373 3.511543989 0.002493543 -0.022943791 -0.038480353 -0.998992801
1403638171095097088.000000 2.650076866 -14.293500900 3.361078024 0.011103275 -0.023867287 -0.041708861 -0.998782992
1403638171145096960.000000 2.562416077 -14.471282959 3.207525730 0.018532071 -0.025189035 -0.044265054 -0.998530269
1403638171195097088.000000 2.478275299 -14.660918236 3.060134888 0.024333499 -0.026186766 -0.047845352 -0.998214900
1403638171245096960.000000 2.384046078 -14.856720924 2.899085045 0.029679080 -0.028193934 -0.049716115 -0.997924209
1403638171295097088.000000 2.291940928 -15.049767494 2.737385750 0.033961628 -0.029048346 -0.051107109 -0.997692764
1403638171345096960.000000 2.207939148 -15.253354073 2.559042692 0.036933854 -0.029776491 -0.053115830 -0.997460783
1403638171395097088.000000 2.117915392 -15.462941170 2.391290426 0.039960068 -0.030034769 -0.056060199 -0.997175217
1403638171445096960.000000 2.023740530 -15.671593666 2.219407558 0.043831181 -0.030808376 -0.057862174 -0.996886015
1403638171495097088.000000 1.923462152 -15.868710518 2.068808556 0.046637237 -0.032404386 -0.060189247 -0.996570230
1403638171545096960.000000 1.826675653 -16.085847855 1.892097712 0.048697717 -0.034144767 -0.063698217 -0.996195376
1403638171595097088.000000 1.728824973 -16.307332993 1.712416530 0.052242104 -0.035755072 -0.065115191 -0.995867729
1403638171645096960.000000 1.629678965 -16.533649445 1.529613853 0.055343132 -0.037461787 -0.068724625 -0.995394766
1403638171695097088.000000 1.529248476 -16.764528275 1.343524456 0.059128363 -0.038914863 -0.072877273 -0.994825840
1403638171745096960.000000 1.427656531 -16.999950409 1.154393673 0.063961469 -0.040343747 -0.076292001 -0.994213700
1403638171795097088.000000 1.325450659 -17.240037918 0.961718619 0.068316862 -0.040847119 -0.079530887 -0.993649423
1403638171845096960.000000 1.223894596 -17.484737396 0.765150547 0.072022393 -0.043493409 -0.083364211 -0.992961049
1403638171895097088.000000 1.118705153 -17.708038330 0.535927534 0.075720713 -0.046197195 -0.087054975 -0.992246747
1403638171945096960.000000 1.023536444 -17.946527481 0.330004543 0.079745464 -0.050368056 -0.086901464 -0.991741836
1403638171995097088.000000 0.923222184 -18.201835632 0.118966602 0.084249772 -0.051078483 -0.085158259 -0.991484284
1403638172045096960.000000 0.823503435 -18.461742401 -0.096175969 0.088051423 -0.052117769 -0.084204532 -0.991181314
1403638172095097088.000000 0.723662376 -18.726541519 -0.315557122 0.091622233 -0.051707208 -0.082028970 -0.991061628
1403638172145096960.000000 0.622751534 -18.996471405 -0.538068056 0.093934894 -0.051608350 -0.081126228 -0.990924537
1403638172195097088.000000 0.519218802 -19.271709442 -0.763098419 0.095551379 -0.050239574 -0.081072532 -0.990844727
1403638172245096960.000000 0.412609905 -19.552513123 -0.990385294 0.097211406 -0.049461294 -0.079779930 -0.990827322
1403638172295097088.000000 0.302590072 -19.838943481 -1.220120907 0.098308340 -0.048457433 -0.078594014 -0.990863502
1403638203345096960.000000 4.524961472 -6.342262268 6.111127377 -0.086257070 0.007475104 0.026611635 0.995889485
1403638203395097088.000000 4.534193993 -6.159547806 6.108413219 -0.085192993 0.009195372 0.027687330 0.995937288
1403638203445096960.000000 4.533606052 -6.162638187 6.108573914 -0.084522665 0.010863405 0.028971452 0.995941043
1403638203495097088.000000 4.533824921 -6.165563583 6.108335495 -0.084103592 0.008592608 0.029647995 0.995978832
1403638203545096960.000000 4.533416748 -6.168570995 6.108283997 -0.083253436 0.008444739 0.030793348 0.996016800
1403638203595097088.000000 4.480936527 -6.805484772 6.110830784 -0.083107166 0.009081055 0.032582749 0.995966434
1403638203645096960.000000 4.480917931 -6.808669567 6.110412121 -0.083344221 0.006444120 0.032162782 0.995980799
1403638203695097088.000000 4.480685711 -6.811192036 6.110137463 -0.082139343 0.006570131 0.032805879 0.996059179
1403638203745096960.000000 4.480085373 -6.813359261 6.110244274 -0.081180193 0.008004125 0.032450557 0.996138930
1403638203795097088.000000 4.480451584 -6.814950466 6.110094070 -0.079703368 0.007109827 0.030738333 0.996319234
1403638203845096960.000000 4.446674347 -7.240931988 6.091166973 -0.082244582 0.007869389 0.031122275 0.996095061
1403638203895097088.000000 4.446687222 -7.243309498 6.090799332 -0.081560716 0.008256056 0.029965259 0.996183634
1403638203945096960.000000 4.480805397 -6.821895599 6.108709335 -0.076276019 0.005832917 0.029055918 0.996646285
1403638203995097088.000000 4.446652889 -7.247999191 6.089883327 -0.079061374 0.007466265 0.030520696 0.996374488
1403638204045096960.000000 4.446832180 -7.250551224 6.089515209 -0.077744558 0.004660441 0.031205146 0.996473968
1403638204095097088.000000 4.445246220 -7.648569584 6.041248798 -0.078641579 0.003679900 0.031523284 0.996397674
1403638204145096960.000000 4.445413589 -7.650950432 6.040982723 -0.076833382 0.001116082 0.034056544 0.996461511
1403638204195097088.000000 4.445331573 -7.653071880 6.040772915 -0.074679151 -0.001255024 0.037156560 0.996514380
1403638204245096960.000000 4.444985390 -7.655666828 6.040187359 -0.073575735 -0.003338196 0.040178407 0.996474385
1403638204295097088.000000 4.444585323 -7.656936646 6.040552616 -0.069496527 -0.007209165 0.046724100 0.996461332
1403638204345096960.000000 4.480157375 -8.028071404 5.969818592 -0.068690181 -0.010828625 0.054961134 0.996064126
1403638204395097088.000000 4.479912758 -8.030158043 5.969754696 -0.066405833 -0.015098447 0.060958255 0.995814443
1403638204445096960.000000 4.479869366 -8.032595634 5.968886375 -0.066333607 -0.017441852 0.065254249 0.995508730
1403638204495097088.000000 4.443726540 -7.665276051 6.038893700 -0.064084381 -0.018619141 0.066447593 0.995555818
1403638204545096960.000000 4.443816185 -7.667441368 6.038123608 -0.064260393 -0.017573409 0.066903457 0.995532870
1403638204595097088.000000 4.524007797 -8.354404449 5.906681061 -0.064406574 -0.014698057 0.067944475 0.995499551
1403638204645096960.000000 4.524809361 -8.355761528 5.906593323 -0.061247230 -0.015122244 0.066123053 0.995815158
1403638204695097088.000000 4.525161266 -8.358087540 5.907227516 -0.059023336 -0.013949630 0.061381780 0.996270001
1403638204745096960.000000 4.526245594 -8.360412598 5.907168865 -0.056069307 -0.014595216 0.055010859 0.996803403
1403638204795097088.000000 4.527534008 -8.362607002 5.907374859 -0.052132223 -0.014324881 0.045324165 0.997508347
1403638204845096960.000000 4.537693501 -8.623761177 5.869122028 -0.045993555 -0.012554634 0.034730688 0.998258889
1403638204895097088.000000 4.539245129 -8.626048088 5.869633198 -0.039042220 -0.010542406 0.022590520 0.998926580
1403638204945096960.000000 4.540226460 -8.627799034 5.870953560 -0.028314011 -0.009258239 0.012126865 0.999482691
1403638204995097088.000000 4.541420937 -8.629954338 5.872097969 -0.016439933 -0.008712684 0.001910048 0.999825060
1403638205045096960.000000 4.542278767 -8.631655693 5.874187946 -0.001349740 -0.006914287 -0.008599006 0.999938250
1403638205095097088.000000 4.517821312 -8.870268822 5.854105473 0.016445341 -0.007309990 -0.018302541 0.999670565
1403638205145096960.000000 4.518763065 -8.872749329 5.856093407 0.035041966 -0.007500996 -0.026137702 0.999015868
1403638205195097088.000000 4.519873619 -8.874323845 5.859108448 0.057795975 -0.006422054 -0.033939715 0.997730732
1403638205245096960.000000 4.520273209 -8.876566887 5.861633778 0.080025218 -0.004420149 -0.043240845 0.995844722
1403638205295097088.000000 4.521267891 -8.879125595 5.864071846 0.102885135 -0.002657380 -0.051576007 0.993351698
1403638205345096960.000000 4.505538464 -9.126192093 5.839103222 0.128051326 -0.000434907 -0.058741502 0.990026355
1403638205395097088.000000 4.508913517 -9.178389549 5.833967209 0.150790572 0.002819999 -0.068136193 0.986210823
1403638205445096960.000000 4.512849808 -9.182394028 5.834694386 -0.171731919 -0.006096681 0.076924585 -0.982116938
1403638205495097088.000000 4.520913601 -9.281843185 5.820812225 0.188245296 0.010540093 -0.088973843 0.978026748
1403638205545096960.000000 4.525769234 -9.291890144 5.821166039 0.202287316 0.013948261 -0.099789850 0.974129021
1403638205595097088.000000 4.537683487 -9.384184837 5.801121235 0.212812573 0.018873230 -0.110713221 0.970616937
1403638205645096960.000000 4.547388554 -9.435489655 5.788259506 0.221145883 0.025346657 -0.120070517 0.967489064
1403638205695097088.000000 4.557993412 -9.480881691 5.775660992 0.228497803 0.030965867 -0.128070846 0.964586854
1403638205745096960.000000 4.570314884 -9.541727066 5.756019115 0.235255063 0.035546042 -0.134094119 0.961982548
1403638205795097088.000000 4.580449581 -9.572182655 5.739823341 0.244325891 0.037110988 -0.138264999 0.959067523
1403638205845096960.000000 4.585881233 -9.596935272 5.733345985 0.253659576 0.037444025 -0.141939372 0.956089973
1403638205895097088.000000 4.603778839 -9.711013794 5.686564922 0.262442023 0.036124546 -0.145227879 0.953272283
1403638205945096960.000000 4.609146118 -9.737740517 5.677898407 0.274129808 0.035186563 -0.147286028 0.949695528
1403638205995097088.000000 4.627320766 -9.832289696 5.626674652 0.286540568 0.032806683 -0.147546351 0.946069956
1403638206045096960.000000 4.633355141 -9.859734535 5.615400314 0.298771471 0.031174136 -0.150190979 0.941916406
1403638206095097088.000000 4.653365612 -9.957012177 5.555027962 0.310602486 0.030953936 -0.151956052 0.937804520
1403638206145096960.000000 4.659672260 -9.985260963 5.541696548 0.322894454 0.031446956 -0.153967217 0.933297634
1403638206195097088.000000 4.679079056 -10.083614349 5.473945618 0.333875000 0.031892050 -0.156363145 0.929010808
1403638206245096960.000000 4.684317589 -10.112220764 5.459091187 0.345163792 0.032521553 -0.158288509 0.924526453
1403638206295097088.000000 4.698945045 -10.211591721 5.387172699 0.356271684 0.032940485 -0.158194602 0.920304239
1403638206345096960.000000 4.701888084 -10.239781380 5.371052742 0.368154615 0.031078832 -0.154006168 0.916394293
1403638206395097088.000000 4.710204601 -10.338761330 5.296550751 0.376481473 0.030066051 -0.151627719 0.913436830
1403638206445096960.000000 4.711649418 -10.365107536 5.278999329 0.384330839 0.029226627 -0.148270413 0.910742283
1403638206495097088.000000 4.717408180 -10.392371178 5.251526356 0.390382320 0.029697288 -0.145876989 0.908537090
1403638206545096960.000000 4.717086792 -10.417816162 5.233755112 0.395355523 0.029712001 -0.143644705 0.906740010
1403638206595097088.000000 4.710122108 -10.581485748 5.108490467 0.397753239 0.030720929 -0.142717898 0.905803680
1403638206645096960.000000 4.708064079 -10.605446815 5.090260506 0.401183069 0.031547859 -0.141665846 0.904426694
1403638206695097088.000000 4.698090553 -10.695622444 5.011756897 0.405587345 0.031474229 -0.140354574 0.902667642
1403638206745096960.000000 4.694240093 -10.718525887 4.993360043 0.410007834 0.030630069 -0.142785847 0.900315344
1403638206795097088.000000 4.677583694 -10.804224014 4.913409233 0.414899379 0.029497409 -0.142494813 0.898155689
1403638206845096960.000000 4.672466278 -10.825817108 4.894972801 0.418490827 0.029396763 -0.144771293 0.896126449
1403638206895097088.000000 4.651051521 -10.906815529 4.814688683 0.422037810 0.030297756 -0.144477248 0.894478917
1403638206945096960.000000 4.644578457 -10.927596092 4.796296597 0.425469220 0.031399582 -0.143624201 0.892951429
1403638206995097088.000000 4.618398666 -11.004269600 4.715589046 0.428301185 0.032866530 -0.142056406 0.891794741
1403638207045096960.000000 4.610551357 -11.023465157 4.697180748 0.430719376 0.033933517 -0.141431257 0.890688837
1403638207095097088.000000 4.578728199 -11.094764709 4.616018772 0.431839913 0.036508314 -0.141477242 0.890036941
1403638207145096960.000000 4.568918228 -11.112811089 4.597589493 0.433530003 0.036283787 -0.140965194 0.889305413
1403638207195097088.000000 4.530059338 -11.178084373 4.516311169 0.435637772 0.036934808 -0.139475867 0.888483047
1403638207245096960.000000 4.518573284 -11.194304466 4.497908592 0.438604444 0.037445717 -0.140643686 0.886816442
1403638207295097088.000000 4.472921848 -11.254266739 4.415197372 0.442596376 0.038945936 -0.141377181 0.884649158
1403638207345096960.000000 4.459701538 -11.269349098 4.396662235 0.448667884 0.039802067 -0.141307473 0.881558359
1403638207395097088.000000 4.408936024 -11.323099136 4.311898232 0.455014020 0.042182416 -0.142590508 0.877981126
1403638207445096960.000000 4.395652771 -11.336661339 4.292448521 0.463375539 0.043256491 -0.144534484 0.873224914
1403638207495097088.000000 4.345542431 -11.383397102 4.203170300 0.472055376 0.044425324 -0.147335380 0.868033648
1403638207545096960.000000 4.333441257 -11.395120621 4.182087898 0.481456459 0.041863412 -0.149745136 0.862567961
1403638207595097088.000000 4.286213398 -11.433342934 4.088004112 0.488112688 0.039009437 -0.155670434 0.857899249
1403638207645096960.000000 4.275002003 -11.442687035 4.065842152 0.495949179 0.031950016 -0.157439128 0.853361905
1403638207695097088.000000 4.230830193 -11.472111702 3.968306541 0.500946581 0.025101431 -0.162101388 0.849791586
1403638207745096960.000000 4.221790791 -11.479348183 3.945456982 0.506602407 0.019413646 -0.163179651 0.846374393
1403638207795097088.000000 4.184024334 -11.502942085 3.846208572 0.510317445 0.014902666 -0.165394649 0.843800187
1403638207845096960.000000 4.177341461 -11.508934021 3.823152542 0.513543725 0.009056271 -0.167318195 0.841543496
1403638207895097088.000000 4.146189213 -11.527899742 3.723747253 0.515164852 0.003187743 -0.169829488 0.840091050
1403638207945096960.000000 4.141454697 -11.533191681 3.700911045 0.516709030 -0.000898999 -0.171810955 0.838744283
1403638207995097088.000000 4.116032600 -11.549383163 3.602778912 0.517009139 -0.001942764 -0.173323244 0.838246286
1403638208045096960.000000 4.111700058 -11.553837776 3.580640793 0.517774999 -0.003609007 -0.174049109 0.837617457
1403638208095097088.000000 4.086624146 -11.566291809 3.484942436 0.518134296 -0.000603575 -0.173009992 0.837618113
1403638208145096960.000000 4.081079960 -11.569714546 3.463820934 0.519547403 0.000377737 -0.169597179 0.837440908
1403638208195097088.000000 4.052867413 -11.579487801 3.371854305 0.520082355 0.004557267 -0.167012423 0.837615967
1403638208245096960.000000 4.045837402 -11.582170486 3.351820469 0.519856274 0.006925880 -0.166376144 0.837866604
1403638208295097088.000000 4.037390232 -11.584774971 3.331596851 0.519436359 0.007701533 -0.166213974 0.838152409
1403638208345096960.000000 3.990116119 -11.591808319 3.212156773 0.517876983 0.005774891 -0.167732507 0.838830054
1403638208395097088.000000 3.980647087 -11.593681335 3.193660736 0.517068565 0.003531337 -0.169162601 0.839054048
1403638208445096960.000000 3.962567568 -11.592887878 3.167966366 0.516835690 0.001725977 -0.171228990 0.838783979
1403638208495097088.000000 3.952800989 -11.594107628 3.149829865 0.518359721 -0.000216051 -0.172546625 0.837574422
1403638208545096960.000000 3.943558693 -11.595192909 3.131192684 0.521523118 -0.002264329 -0.173990861 0.835305810
1403638208595097088.000000 3.940010309 -11.594869614 3.116098404 0.526163459 -0.003509216 -0.177028462 0.831745565
1403638208645096960.000000 3.936509371 -11.595138550 3.099794865 0.531898260 -0.003392635 -0.178503126 0.827773809
1403638208695097088.000000 3.934968233 -11.595595360 3.084392071 0.537275553 -0.004149280 -0.179309025 0.824115336
1403638208745096960.000000 3.934792280 -11.595601082 3.069120407 0.542815804 -0.005466771 -0.179477185 0.820432305
1403638208795097088.000000 3.933361530 -11.594794273 3.053257942 0.547909319 -0.005926101 -0.180766463 0.816752017
1403638208845096960.000000 3.794165373 -11.579667091 2.707793713 0.548141539 -0.003108150 -0.180859655 0.816591084
1403638208895097088.000000 3.791110516 -11.577704430 2.692783833 0.551881552 -0.002291104 -0.183610126 0.813454866
1403638208945096960.000000 3.766089201 -11.569171906 2.612578869 0.553785801 -0.000411016 -0.184047803 0.812063754
1403638208995097088.000000 3.763839960 -11.566877365 2.602444172 0.556149960 0.000097912 -0.185043260 0.810219884
1403638209045096960.000000 3.757093191 -11.565680504 2.586874008 0.558330297 0.000068194 -0.185420081 0.808632612
1403638209095097088.000000 3.860804081 -11.566291809 2.861330986 0.560891569 -0.000219213 -0.185970381 0.806731462
1403638209145096960.000000 3.853140831 -11.563935280 2.852343559 0.562125266 -0.000146859 -0.186840743 0.805671036
1403638209195097088.000000 3.670511723 -11.527710915 2.395553112 0.561588526 -0.000740145 -0.186549902 0.806112230
1403638209245096960.000000 3.659857273 -11.524280548 2.387772560 0.562697053 -0.000952509 -0.186219767 0.805415034
1403638209295097088.000000 3.622857809 -11.505758286 2.316944599 0.563393116 -0.001977434 -0.185273513 0.805144727
1403638209345096960.000000 3.609435558 -11.502884865 2.310085297 0.563972235 -0.003195002 -0.185514688 0.804679692
1403638209395097088.000000 3.570388794 -11.481892586 2.243072033 0.564477503 -0.003379557 -0.184358776 0.804590344
1403638209445096960.000000 3.555005312 -11.478874207 2.236918926 0.565190256 -0.004121380 -0.184373304 0.804083049
1403638209495097088.000000 3.513333559 -11.456328392 2.174350739 0.565574050 -0.002538553 -0.182360172 0.804278851
1403638209545096960.000000 3.495408535 -11.453717232 2.169755459 0.566308856 -0.000596569 -0.181418657 0.803978384
1403638209595097088.000000 3.486041784 -11.443372726 2.145964622 0.566474438 -0.000328226 -0.180346459 0.804103076
1403638209645096960.000000 3.460430622 -11.440120697 2.144503593 0.566732109 -0.001211100 -0.179556370 0.804097474
1403638209695097088.000000 3.361799002 -11.399385452 2.060522556 0.565628588 -0.001823513 -0.179719001 0.804836750
1403638209745096960.000000 3.329541922 -11.396226883 2.062518120 0.565447390 -0.001820473 -0.180386707 0.804814637
1403638209795097088.000000 3.317630768 -11.382712364 2.039846420 0.564743042 0.000623115 -0.182624191 0.804806352
1403638209845096960.000000 3.279695511 -11.379151344 2.043858051 0.564517081 0.001948470 -0.183696613 0.804718792
1403638209895097088.000000 3.349575996 -11.398845673 2.093791008 0.564974546 0.004239569 -0.184718728 0.804154754
1403638209945096960.000000 3.310982704 -11.394040108 2.097748280 0.565490425 0.007422267 -0.183665171 0.804010391
1403638209995097088.000000 3.029972076 -11.294454575 1.947352409 0.564156830 0.011679168 -0.181769684 0.805326343
1403638210045096960.000000 2.993649721 -11.288733482 1.949323654 0.565035701 0.015556949 -0.179923937 0.805059075
1403638210095097088.000000 2.963400126 -11.280571938 1.946505070 0.566113114 0.018714236 -0.177352741 0.804805458
1403638210145096960.000000 3.115875721 -11.323328018 2.002368450 0.568631351 0.020328561 -0.174943969 0.803517163
1403638210195097088.000000 3.087631226 -11.313501358 2.000831127 0.569737434 0.023812002 -0.172937229 0.803072274
1403638210245096960.000000 2.747680187 -11.176522255 1.861619949 0.567886531 0.023767704 -0.171506852 0.804689646
1403638210295097088.000000 2.724210024 -11.162298203 1.857234001 0.568161011 0.023780951 -0.171869114 0.804418147
1403638210345096960.000000 2.643371820 -11.113802910 1.823675632 0.567466199 0.024614833 -0.173031062 0.804634452
1403638210395097088.000000 2.622883558 -11.095496178 1.817623615 0.567939103 0.022777699 -0.172724843 0.804420650
1403638210445096960.000000 2.595748425 -11.079107285 1.808006287 0.567951977 0.022702346 -0.173317179 0.804286301
1403638210495097088.000000 2.574240446 -11.058485031 1.802489281 0.568843901 0.022345075 -0.171557918 0.804043055
1403638210545096960.000000 2.429460287 -10.965536118 1.749604702 0.568034530 0.023194138 -0.171437353 0.804616809
1403638210595097088.000000 2.405004263 -10.942965508 1.744801044 0.568237662 0.023712577 -0.171132997 0.804522932
1403638210645096960.000000 2.486799955 -10.998885155 1.781488895 0.569770932 0.024206899 -0.169848621 0.803695619
1403638210695097088.000000 2.460601568 -10.974218369 1.776992798 0.570510387 0.023017222 -0.168058068 0.803582430
1403638210745096960.000000 2.200920582 -10.789508820 1.681594849 0.568868637 0.023876283 -0.167834893 0.804767013
1403638210795097088.000000 2.177268028 -10.762214661 1.675846100 0.569175601 0.023586029 -0.167653814 0.804596186
1403638210845096960.000000 2.091373682 -10.687900543 1.645477295 0.568793058 0.021856133 -0.168140173 0.804814160
1403638210895097088.000000 2.070241213 -10.658798218 1.638242245 0.569356143 0.018221615 -0.168292955 0.804474473
1403638210945096960.000000 2.051402569 -10.631111145 1.630599976 0.568830848 0.015407044 -0.170945376 0.804345608
1403638210995097088.000000 1.939916611 -10.523336411 1.589190006 0.568524480 0.012417153 -0.171373814 0.804522753
1403638211045096960.000000 1.924691677 -10.492186546 1.580745697 0.568784595 0.009623032 -0.172385097 0.804161012
1403638211095097088.000000 1.911862135 -10.463092804 1.571700096 0.568809628 0.007045891 -0.173723847 0.803881824
1403638211145096960.000000 1.807390928 -10.345586777 1.529305458 0.568330169 0.004821988 -0.174621955 0.804042816
1403638211195097088.000000 1.798936367 -10.316096306 1.520606041 0.568904936 0.001756996 -0.174693853 0.803633153
1403638211245096960.000000 1.729332447 -10.224846840 1.489871979 0.568523228 0.001080214 -0.175528899 0.803722501
1403638211295097088.000000 1.723769426 -10.197364807 1.481880188 0.568136334 0.000362682 -0.176103428 0.803871036
1403638211345096960.000000 1.659830093 -10.103299141 1.451983929 0.566244245 -0.000206687 -0.175748572 0.805282474
1403638211395097088.000000 1.654011965 -10.075703621 1.445852280 0.563406765 0.000222480 -0.174787000 0.807478964
1403638211445096960.000000 1.922852039 -10.385601044 1.569562912 0.561262488 0.000455258 -0.174737737 0.808981478
1403638211495097088.000000 1.913835764 -10.358038902 1.566024303 0.556479514 0.000391559 -0.172807381 0.812691867
1403638211545096960.000000 1.516934514 -9.848471642 1.388081074 0.548092961 -0.001772483 -0.168848768 0.819195390
1403638211595097088.000000 1.503763914 -9.821681976 1.386753559 0.541976094 -0.002827850 -0.164285064 0.824175000
1403638211645096960.000000 1.486871123 -9.793660164 1.385717392 0.535037160 -0.003176877 -0.159377784 0.829652965
1403638211695097088.000000 1.399025440 -9.647502899 1.352617264 0.525893688 -0.002988103 -0.153786078 0.836526632
1403638211745096960.000000 1.381499648 -9.620212555 1.354699135 0.516429245 -0.005157462 -0.149133801 0.843228042
1403638211795097088.000000 1.317190051 -9.509249687 1.335421085 0.505593956 -0.006595742 -0.142969072 0.850817919
1403638211845096960.000000 1.299301982 -9.480768204 1.338706017 0.495490283 -0.009945263 -0.135955960 0.857849956
1403638211895097088.000000 1.327419162 -9.534492493 1.361501217 0.485307455 -0.011212031 -0.130050346 0.864544988
1403638211945096960.000000 1.203668475 -9.295641899 1.316020489 0.472518653 -0.011312149 -0.124935664 0.872346997
1403638211995097088.000000 1.192315817 -9.267313957 1.320142031 0.461322844 -0.012281847 -0.120337158 0.878947914
1403638212045096960.000000 1.181947470 -9.235774994 1.322189093 0.450298548 -0.012447487 -0.115629710 0.885271788
1403638212095097088.000000 1.110660315 -9.073113441 1.302911997 0.437775254 -0.011296114 -0.112702385 0.891921222
1403638212145096960.000000 1.105654597 -9.043739319 1.307126045 0.426275253 -0.010468803 -0.110279210 0.897785246
1403638212195097088.000000 1.103198767 -9.014282227 1.311253786 0.414329499 -0.008226713 -0.108389981 0.903612256
1403638212245096960.000000 1.103326321 -9.070838928 1.330046654 0.403868735 -0.006859307 -0.104031026 0.908856750
1403638212295097088.000000 1.105032682 -9.040695190 1.331058741 0.392492145 -0.005957347 -0.100733139 0.914203107
1403638212345096960.000000 1.097903967 -8.912257195 1.308787107 0.379635423 -0.007126094 -0.098810844 0.919816673
1403638212395097088.000000 0.989701271 -8.603205681 1.283297777 0.365917295 -0.004186742 -0.096410558 0.925630629
1403638212445096960.000000 0.994942784 -8.571621895 1.282427192 0.354336947 -0.004631655 -0.093279786 0.930442274
1403638212495097088.000000 0.999195993 -8.538514137 1.279297590 0.343355477 -0.002832278 -0.088042952 0.935065448
1403638212545096960.000000 0.958897948 -8.356206894 1.270569324 0.331742555 -0.003499466 -0.082475387 0.939751267
1403638212595097088.000000 0.967234731 -8.324064255 1.266543150 0.319863766 -0.003547300 -0.079456888 0.944119275
1403638212645096960.000000 0.972622156 -8.287589073 1.260147095 0.308840483 -0.004558394 -0.073408075 0.948265851
1403638212695097088.000000 0.942808509 -8.100979805 1.254537702 0.296038330 -0.004576338 -0.069828734 0.952609241
1403638212745096960.000000 0.953413129 -8.066745758 1.246364951 0.283088297 -0.005588008 -0.067961574 0.956666648
1403638212795097088.000000 0.962742209 -8.030109406 1.236554146 0.270998865 -0.004128839 -0.062646352 0.960530102
1403638212845096960.000000 0.942990184 -7.837960243 1.233609676 0.257363349 -0.004307883 -0.058118705 0.964555740
1403638212895097088.000000 0.954455912 -7.803249359 1.222419620 0.244832158 -0.005459772 -0.051863968 0.968162000
1403638212945096960.000000 0.948174536 -7.658902168 1.218321562 0.230600178 -0.005021840 -0.047355920 0.971882582
1403638212995097088.000000 0.958754003 -7.621401310 1.205696583 0.216590881 -0.006565426 -0.042786289 0.975302398
1403638213045096960.000000 0.959546208 -7.477321148 1.202580929 0.201905489 -0.006066830 -0.037138987 0.978681803
1403638213095097088.000000 0.968726873 -7.434388161 1.188500285 0.187962502 -0.007115189 -0.031105701 0.981657803
1403638213145096960.000000 0.973485947 -7.293753624 1.186913848 0.173742741 -0.009014639 -0.023653962 0.984465718
1403638213195097088.000000 0.980250478 -7.251457214 1.172404766 0.160046160 -0.013094685 -0.016379820 0.986886799
1403638213245096960.000000 0.982783973 -7.107887745 1.174171090 0.146253884 -0.018901797 -0.007867692 0.989035249
1403638213295097088.000000 0.985214770 -7.064663410 1.160181999 0.133226886 -0.024611229 0.001575860 0.990778685
1403638213345096960.000000 0.986554682 -6.919571400 1.166738868 0.119753756 -0.031204367 0.011193152 0.992250025
1403638213395097088.000000 0.985111773 -6.875368595 1.155125380 0.106928177 -0.036051866 0.021293599 0.993384719
1403638213445096960.000000 0.995526969 -6.453632832 1.086368918 0.105191469 -0.041555546 0.024535619 0.993280351
1403638213495097088.000000 0.992764413 -6.406440258 1.077026129 0.092686743 -0.043064490 0.034145560 0.994177461
1403638213545096960.000000 0.985047221 -6.529230118 1.173330545 0.068557568 -0.042201482 0.047843669 0.995605350
1403638213595097088.000000 0.981118083 -6.477056503 1.167808175 0.055843338 -0.036515392 0.048243858 0.996604621
1403638213645096960.000000 1.017047405 -6.143344879 1.095446467 0.051298313 -0.027848775 0.039926443 0.997496307
1403638213695097088.000000 1.015625954 -6.097136974 1.097112179 0.041420955 -0.018853163 0.035779994 0.998323023
1403638213745096960.000000 0.990480244 -6.114719391 1.205046177 0.024221761 -0.011385339 0.034653585 0.999041021
1403638213795097088.000000 0.991840005 -6.069514275 1.204857945 0.017252313 -0.005816549 0.029800307 0.999390066
1403638213845096960.000000 1.002094388 -5.904233456 1.222268939 0.011420649 -0.002332324 0.025613435 0.999604046
1403638213895097088.000000 1.006500840 -5.859657764 1.221136689 0.008499618 -0.000310033 0.024031181 0.999675035
1403638213945096960.000000 1.073055267 -5.550949097 1.147211194 0.012726508 -0.001305862 0.015975317 0.999790549
1403638213995097088.000000 1.079423070 -5.509339809 1.145672679 0.012811642 -0.001978961 0.016699541 0.999776483
1403638214045096960.000000 1.039559126 -5.485978127 1.251923323 0.004183155 -0.005307204 0.019250929 0.999791861
1403638214095097088.000000 1.046174526 -5.447161674 1.248892188 0.004394602 -0.011352086 0.017606100 0.999770880
1403638214145096960.000000 1.139796019 -5.166884422 1.166516185 0.011731861 -0.018757608 0.011746862 0.999686241
1403638214195097088.000000 1.148706079 -5.129072189 1.164386272 0.013264325 -0.025676707 0.010394589 0.999528229
1403638214245096960.000000 1.161863208 -4.973107338 1.191415310 0.013946069 -0.030677127 0.008220053 0.999398232
1403638214295097088.000000 1.168474674 -4.936603069 1.191541076 0.016034981 -0.035424426 0.007665541 0.999214292
1403638214345096960.000000 1.116609812 -4.875857353 1.297732234 0.011713493 -0.036487352 0.013172977 0.999178648
1403638214395097088.000000 1.120256066 -4.839777946 1.300812960 0.013667542 -0.038992256 0.011567161 0.999079168
1403638214445096960.000000 1.227608204 -4.608024120 1.214250326 0.020451799 -0.042831074 0.003516799 0.998866796
1403638214495097088.000000 1.230221868 -4.572383881 1.221299767 0.022640903 -0.038887549 0.002192512 0.998984694
1403638214545096960.000000 1.155838847 -4.480885983 1.359859586 0.019157194 -0.029504135 0.007731474 0.999351203
1403638214595097088.000000 1.155690312 -4.444461823 1.369144201 0.020879239 -0.023824992 0.006333597 0.999478042
1403638214645096960.000000 1.253258109 -4.216860294 1.317721009 0.027208246 -0.021353167 -0.001056237 0.999401212
1403638214695097088.000000 1.251258016 -4.179151058 1.327807426 0.029126463 -0.015532152 -0.002121435 0.999452829
1403638214745096960.000000 1.172369838 -4.254043579 1.405122161 0.026942389 -0.007083707 0.003813792 0.999604642
1403638214795097088.000000 1.167459369 -4.215744972 1.414837122 0.028965682 -0.003310931 0.003311526 0.999569476
1403638214845096960.000000 1.175907254 -4.142886639 1.429224610 0.030755665 -0.000112317 0.002357127 0.999524176
1403638214895097088.000000 1.168548703 -4.103175163 1.437787771 0.032304231 0.001968540 0.001657092 0.999474823
1403638214945096960.000000 1.182499290 -3.720487595 1.529406309 0.031574950 0.004593970 0.001015927 0.999490321
1403638214995097088.000000 1.173162937 -3.678287268 1.537546039 0.032853082 0.005488639 0.000712514 0.999444902
1403638215045096960.000000 1.174615264 -3.537106514 1.572631359 0.033493053 0.005927572 0.000683539 0.999421179
1403638215095097088.000000 1.163920641 -3.491292238 1.580855131 0.034066524 0.005814201 -0.001034865 0.999402165
1403638215145096960.000000 1.221111298 -3.310566187 1.575390458 0.037494250 0.004701755 -0.006301862 0.999265969
1403638215195097088.000000 1.209749937 -3.262468100 1.583011389 0.037877589 0.002893784 -0.007145076 0.999252677
1403638215245096960.000000 1.154410839 -3.315502405 1.625916958 0.035257984 0.002149322 -0.003529072 0.999369740
1403638215295097088.000000 1.142718434 -3.266064644 1.633140087 0.034772620 0.000536940 -0.006218079 0.999375820
1403638215345096960.000000 1.138672233 -3.202507734 1.651667476 0.034254316 -0.000491796 -0.008157060 0.999379754
1403638215395097088.000000 1.128746152 -3.153279543 1.659865499 0.033635523 -0.000361994 -0.010770782 0.999376059
1403638215445096960.000000 1.128322721 -3.106366873 1.672684073 0.033008698 0.000653396 -0.014351932 0.999351859
1403638215495097088.000000 1.123223186 -3.058128834 1.679730415 0.033076540 0.000481600 -0.015291691 0.999335766
1403638215545096960.000000 1.122556448 -3.010863781 1.685378551 -0.033299446 -0.000244217 0.015497180 -0.999325216
1403638215595097088.000000 1.160702705 -2.572804689 1.765247345 0.031990189 0.002120107 -0.021127295 0.999262631
1403638215645096960.000000 1.162219048 -2.528016329 1.768359900 0.033147763 0.003303564 -0.019491233 0.999254942
1403638215695097088.000000 1.165855646 -2.485048294 1.771232486 -0.034201644 -0.003242678 0.017597189 -0.999254823
1403638215745096960.000000 1.159621954 -2.354520082 1.804748058 0.034123551 0.004179897 -0.014979080 0.999296665
1403638215795097088.000000 1.162266254 -2.312626362 1.806220174 0.033504415 0.004225769 -0.013251406 0.999341786
1403638215845096960.000000 1.092553496 -2.212069511 1.852328181 0.030217769 0.004176281 -0.004998487 0.999522090
1403638215895097088.000000 1.091416836 -2.170188665 1.854381680 0.028111430 0.004156119 -0.004296238 0.999586940
1403638215945096960.000000 1.159137249 -2.167917967 1.833060265 0.028410858 0.004075227 -0.007604112 0.999559104
1403638215995097088.000000 1.154915333 -2.124097586 1.836028099 0.027045922 0.004122779 -0.006201123 0.999606490
1403638216045096960.000000 1.149374962 -2.080259562 1.840258241 -0.025730230 -0.004052984 0.005249575 -0.999646902
1403638216095097088.000000 1.145810127 -2.032202244 1.852754235 0.023768246 0.004430583 -0.006522297 0.999686480
1403638216145096960.000000 1.140943885 -1.989446163 1.855015397 0.022840574 0.004039618 -0.005866022 0.999713838
1403638216195097088.000000 1.050891399 -1.717943311 1.928958535 0.017653961 0.004940581 -0.001759476 0.999830484
1403638216245096960.000000 1.048528314 -1.675602913 1.929521799 0.016748667 0.006676986 -0.001898392 0.999835730
1403638216295097088.000000 1.064166903 -1.801745892 1.901506305 0.017900351 0.006430171 -0.002406966 0.999816179
1403638216345096960.000000 1.064480543 -1.760155201 1.901221633 0.017452324 0.007765613 -0.002800988 0.999813676
1403638216395097088.000000 1.066405416 -1.719085813 1.900793910 -0.016996620 -0.008847633 0.003136046 -0.999811471
1403638216445096960.000000 1.043284059 -1.393667221 1.955545425 0.013248573 0.010261290 -0.003135144 0.999854743
1403638216495097088.000000 1.046142697 -1.354278207 1.952289939 0.013519164 0.010178221 -0.003007754 0.999852300
1403638216545096960.000000 1.046910167 -1.314597726 1.950483799 -0.013350825 -0.009579626 0.003546569 -0.999858737
1403638216595097088.000000 1.041404247 -1.212784052 1.960775733 0.012019370 0.009043118 -0.004791446 0.999875426
1403638216645096960.000000 1.038252234 -1.174490929 1.958338380 0.011388709 0.007309370 -0.006807216 0.999885321
1403638216695097088.000000 1.032860875 -1.136345625 1.958302379 -0.011381926 -0.005957370 0.007871845 -0.999886572
1403638216745096960.000000 1.143441558 -1.471379638 1.876361132 0.017602643 0.004163392 -0.014992303 0.999724030
1403638216795097088.000000 1.136122108 -1.434665322 1.876429200 0.016691742 0.006576254 -0.016157696 0.999708533
1403638216845096960.000000 1.127818704 -1.398677111 1.876743078 0.014647760 0.010278000 -0.015716333 0.999716461
1403638216895097088.000000 1.072691798 -0.923766613 1.957824826 0.003115584 0.013675036 -0.013490411 0.999810696
1403638216945096960.000000 1.062645078 -0.889272034 1.957609773 -0.000746367 0.014795612 -0.011124651 0.999828398
1403638216995097088.000000 1.052342415 -0.855215847 1.957422972 0.004948609 -0.014820729 0.006922761 -0.999853969
1403638217045096960.000000 0.981870592 -0.934623778 1.958953500 -0.007095555 0.013396284 0.002008566 0.999883115
1403638217095097088.000000 0.968637407 -0.901594996 1.957714200 -0.013159041 0.010962843 0.006504220 0.999832273
1403638217145096960.000000 1.016746402 -0.757424831 1.953017592 0.022776665 -0.008273080 -0.007266523 -0.999679923
1403638217195097088.000000 0.939492106 -0.839100063 1.956249475 -0.026085315 0.007423828 0.014723647 0.999523699
1403638217245096960.000000 0.926039636 -0.807734370 1.954547167 -0.031802360 0.005441367 0.016240945 0.999347389
1403638217295097088.000000 0.915294290 -0.776530683 1.951974869 0.036207426 -0.003921244 -0.018311450 -0.999168873
1403638217345096960.000000 0.934563041 -0.511069179 1.934691787 -0.046746038 0.002048766 0.014847392 0.998794377
1403638217395097088.000000 0.927854359 -0.481243730 1.930349350 -0.050010335 0.000294084 0.016138995 0.998618305
1403638217445096960.000000 0.924606860 -0.451150924 1.925353765 0.052495740 0.000318915 -0.016831558 -0.998479307
1403638217495097088.000000 0.901553929 -0.386737466 1.921535254 -0.055953451 -0.000819041 0.016019674 0.998304605
1403638217545096960.000000 0.902234256 -0.357763141 1.915117025 -0.058610719 -0.001903654 0.013685817 0.998185337
1403638217595097088.000000 0.904764950 -0.331075311 1.906792998 0.060365073 0.002867072 -0.011464357 -0.998106480
1403638217645096960.000000 0.891247928 -0.269933522 1.895956635 -0.063174553 -0.003283408 0.007345544 0.997970045
1403638217695097088.000000 0.897750378 -0.244201556 1.887380123 -0.065026350 -0.003646512 0.003326136 0.997871339
1403638217745096960.000000 0.905823886 -0.219707608 1.878359795 -0.065978684 -0.005090797 -0.000544497 0.997807920
1403638217795097088.000000 0.901085079 -0.174514204 1.867223024 -0.067958228 -0.006330092 -0.004173206 0.997659385
1403638217845096960.000000 0.911154687 -0.153524786 1.857279778 -0.068406723 -0.007892289 -0.006995760 0.997601867
1403638217895097088.000000 0.920204818 -0.134218827 1.847985983 -0.067662701 -0.008443257 -0.007634029 0.997643352
1403638217945096960.000000 0.915406168 -0.092599392 1.836158037 -0.068862744 -0.004927781 -0.010633197 0.997557342
1403638217995097088.000000 0.922180951 -0.076313786 1.828339338 -0.067299463 -0.003402560 -0.010256740 0.997674286
1403638218045096960.000000 0.926718116 -0.061216004 1.821554303 -0.066565543 -0.002748131 -0.011454042 0.997712553
1403638218095097088.000000 0.920216024 -0.029523075 1.811850905 -0.066554889 -0.000066356 -0.012044813 0.997710109
1403638218145096960.000000 0.921139240 -0.017158361 1.806659341 -0.064900808 0.001118797 -0.010607274 0.997834742
1403638218195097088.000000 0.918086469 -0.005098979 1.802385807 0.063569590 -0.003097265 0.010869327 -0.997913420
1403638218245096960.000000 0.915088117 0.005038836 1.798214316 0.062004443 -0.006239553 0.010805102 -0.997997940
1403638218295097088.000000 0.908053279 0.026022099 1.785842538 -0.061649956 0.009924070 -0.010375472 0.997994602
1403638218345096960.000000 0.903719187 0.033557516 1.781714916 -0.059160475 0.013222456 -0.007425542 0.998133361
1403638218395097088.000000 0.900171220 0.039810929 1.776786804 -0.056753878 0.013905416 -0.004829260 0.998279750
1403638218445096960.000000 0.896425664 0.046482135 1.762451649 -0.055292264 0.014246552 -0.002401281 0.998365760
1403638218495097088.000000 0.895676911 0.051204685 1.755493999 -0.053558826 0.013885327 -0.000307422 0.998468161
1403638218545096960.000000 0.896651924 0.055046543 1.747053862 -0.052725811 0.012944982 -0.000372765 0.998525143
1403638218595097088.000000 0.900046349 0.060639355 1.736618042 0.051139429 -0.012244309 -0.001203112 -0.998615742
1403638218645096960.000000 0.903142095 0.064260602 1.725399375 0.050114043 -0.009738944 -0.002080905 -0.998693883
1403638218695097088.000000 0.905264258 0.067911118 1.713608980 0.049744736 -0.005625093 -0.004021870 -0.998738050
1403638218745096960.000000 0.906267226 0.071804002 1.701717615 0.051840760 -0.001196166 -0.004601363 -0.998644054
1403638218795097088.000000 0.916167200 0.042253349 1.718500614 0.049830068 0.003716441 -0.006423509 -0.998730123
1403638218845096960.000000 0.914958775 0.046046771 1.707747340 0.053625125 0.006719853 -0.007709003 -0.998508811
1403638218895097088.000000 0.912397683 0.049288779 1.697908282 0.056620330 0.008197668 -0.010641921 -0.998305500
1403638218945096960.000000 0.895543218 0.030269084 1.629157901 -0.065404423 -0.007499552 0.019159833 0.997646689
1403638218995097088.000000 0.903872669 0.054788679 1.681668282 0.056795824 0.008467095 -0.028457589 -0.997944295
1403638219045096960.000000 0.898367345 0.057414018 1.674494982 0.056640465 0.007306795 -0.036659483 -0.997694612
1403638219095097088.000000 0.892370284 0.060833473 1.668290615 0.056813631 0.005409222 -0.042811923 -0.997451842
1403638219145096960.000000 0.886078537 0.064961441 1.662677765 0.058266718 0.004152121 -0.044650402 -0.997293472
1403638219195097088.000000 0.879602671 0.063393451 1.658176064 0.060434811 0.001394513 -0.042785302 -0.997253776
1403638219245096960.000000 0.855474353 -0.003138519 1.564918160 -0.073664673 0.004523754 0.037913464 0.996551931
1403638219295097088.000000 0.845159471 0.002692214 1.553272486 -0.075765781 0.009782650 0.034847893 0.996468484
1403638219345096960.000000 0.831390083 0.067020759 1.549361587 -0.075655758 0.015544461 0.030632433 0.996542156
1403638219395097088.000000 0.828403354 -0.016865743 1.532042027 0.079644009 -0.022645520 -0.029302483 -0.996135235
1403638219445096960.000000 0.820398211 -0.021977907 1.519504428 0.081067115 -0.028258529 -0.026734447 -0.995949328
1403638219495097088.000000 0.812800646 -0.027536286 1.505633831 0.081755906 -0.031490438 -0.025312258 -0.995833218
1403638219545096960.000000 0.805805743 -0.033571046 1.490501165 0.081780106 -0.031791989 -0.025850512 -0.995807767
1403638219595097088.000000 0.798931241 -0.040285848 1.473940134 0.081092305 -0.030420644 -0.027844151 -0.995853126
1403638219645096960.000000 0.792538106 -0.047329523 1.456166029 0.080247857 -0.027829763 -0.029878626 -0.995938301
1403638219695097088.000000 0.786116898 -0.054692544 1.436937690 0.078676581 -0.026260864 -0.033872232 -0.995978475
1403638219745096960.000000 0.778265417 -0.062044557 1.416876316 0.077490062 -0.023066809 -0.036964852 -0.996040583
1403638219795097088.000000 0.769128323 -0.069250464 1.396160126 0.075627923 -0.020405529 -0.041743737 -0.996052980
1403638219845096960.000000 0.758452654 -0.075788632 1.375035644 0.073786043 -0.017098390 -0.046591394 -0.996038496
1403638219895097088.000000 0.746291995 -0.081679031 1.353406549 0.072053127 -0.014983683 -0.051207904 -0.995972693
1403638219945096960.000000 0.732946217 -0.086238556 1.331195712 0.070592046 -0.012612585 -0.055612709 -0.995873988
1403638219995097088.000000 0.718300641 -0.089480437 1.308211207 0.069174625 -0.010393810 -0.059229776 -0.995790541
1403638220045096960.000000 0.702614963 -0.091381408 1.285099983 0.068557963 -0.008052101 -0.061244294 -0.995733023
1403638220095097088.000000 0.686592400 -0.090741187 1.261438489 0.068403952 -0.006339023 -0.061539549 -0.995737791
1403638220145096960.000000 0.671708107 -0.088069290 1.236675739 0.069574118 -0.004481308 -0.058380958 -0.995857000
1403638220195097088.000000 0.658407569 -0.083386794 1.210400224 0.072031043 -0.003090863 -0.052194349 -0.996031046
1403638220245096960.000000 0.647491932 -0.078075640 1.183857083 0.075577773 -0.002127777 -0.042703368 -0.996222854
1403638220295097088.000000 0.637342334 -0.071871750 1.155904531 0.078509703 0.000190641 -0.034800086 -0.996305823
1403638220345096960.000000 0.629652023 -0.065884374 1.126474261 0.080565013 0.000487638 -0.028891407 -0.996330500
1403638220395097088.000000 0.623754263 -0.059747230 1.095158458 0.082390480 0.000913320 -0.025001766 -0.996286094
1403638220445096960.000000 0.618910968 -0.054572545 1.062956691 0.082894117 0.001424027 -0.023311768 -0.996284664
1403638220495097088.000000 0.615433574 -0.050224397 1.030944347 0.083867155 0.001349955 -0.021144852 -0.996251702
1403638220545096960.000000 0.612970591 -0.046756819 0.998294532 0.083894655 0.000621683 -0.021903852 -0.996233702
1403638220595097088.000000 0.609266818 -0.043945618 0.966448665 0.084809244 0.000472140 -0.021041052 -0.996174991
1403638220645096960.000000 0.605333328 -0.040847134 0.934844792 0.085384846 0.000326684 -0.021318901 -0.996119857
1403638220695097088.000000 0.600711346 -0.038957447 0.903424382 0.086021282 -0.000028535 -0.021218885 -0.996067405
1403638220745096960.000000 0.593838096 -0.037596412 0.873229146 0.086368628 0.000430004 -0.022413714 -0.996011078
1403638220795097088.000000 0.585712969 -0.036317069 0.843351483 0.086567707 0.000566328 -0.023238424 -0.995974779
1403638220845096960.000000 0.575179577 -0.035612151 0.814875126 0.086726397 -0.000155138 -0.024346108 -0.995934665
1403638220895097088.000000 0.563438833 -0.035887383 0.787669003 0.087462373 0.000594216 -0.024127400 -0.995875418
1403638220945096960.000000 0.549136341 -0.036524113 0.761004984 0.087510027 0.001326342 -0.025942381 -0.995824933
1403638220995097088.000000 0.533506155 -0.037238564 0.736198962 0.087801285 0.002206357 -0.026096610 -0.995793641
1403638221045096960.000000 0.517709732 -0.038506523 0.711546957 0.088040270 0.002528827 -0.026202044 -0.995769083
1403638221095097088.000000 0.501541317 -0.040399659 0.687401891 0.088541776 0.003134043 -0.026718792 -0.995709121
1403638221145096960.000000 0.486026257 -0.042089827 0.664292037 0.089045353 0.004149084 -0.026475251 -0.995666981
1403638221195097088.000000 0.471205771 -0.043979991 0.640332818 0.089050673 0.005607393 -0.027153971 -0.995641112
1403638221245096960.000000 0.458950371 -0.046380974 0.616691828 0.089138605 0.006794598 -0.027600633 -0.995613575
1403638221295097088.000000 0.448603034 -0.049493235 0.593252301 0.088746510 0.008220831 -0.029205171 -0.995592117
1403638221345096960.000000 0.440664411 -0.052446663 0.569778442 0.088727653 0.009606223 -0.030213170 -0.995551288
1403638221395097088.000000 0.433552176 -0.055306133 0.548288405 0.088363908 0.010452910 -0.032307338 -0.995509326
1403638221445096960.000000 0.426643133 -0.057927348 0.527004182 0.088090539 0.010940019 -0.033755533 -0.995480299
1403638221495097088.000000 0.418399334 -0.060739901 0.506434202 0.087740280 0.011119726 -0.035211779 -0.995458782
1403638221545096960.000000 0.408950031 -0.062780432 0.486741126 0.087422788 0.010989563 -0.036702931 -0.995434344
1403638221595097088.000000 0.398397416 -0.064920463 0.469915509 0.087632045 0.009960411 -0.037723597 -0.995388627
1403638221645096960.000000 0.387274504 -0.066594169 0.452486783 0.087663569 0.009221802 -0.037537813 -0.995399952
1403638221695097088.000000 0.376352638 -0.067989767 0.436016440 0.087291963 0.007025940 -0.038641602 -0.995408297
1403638221745096960.000000 0.365286976 -0.069861040 0.419460773 0.086950533 0.004819054 -0.040072836 -0.995394647
1403638221795097088.000000 0.355723351 -0.070754193 0.404030234 0.086120576 0.003398419 -0.041020487 -0.995434105
1403638221845096960.000000 0.348066330 -0.071672827 0.388549924 0.086119711 0.002931033 -0.040379833 -0.995461881
1403638221895097088.000000 0.342090368 -0.072372109 0.371403694 0.086570568 0.001283848 -0.038353965 -0.995506346
1403638221945096960.000000 0.337722540 -0.073127314 0.354194015 0.087313719 0.000348010 -0.035374790 -0.995552540
1403638221995097088.000000 0.334625483 -0.074329518 0.335920662 0.087784402 -0.000012106 -0.033380423 -0.995580077
1403638222045096960.000000 0.333761483 -0.075250514 0.316387713 0.088523366 0.000717153 -0.031346709 -0.995580494
1403638222095097088.000000 0.332945675 -0.077009186 0.297088206 0.089162819 0.002850455 -0.029369293 -0.995579898
1403638222145096960.000000 0.329652995 -0.077396922 0.276273608 0.089203000 0.006238201 -0.029344924 -0.995561600
1403638222195097088.000000 0.326208264 -0.078742646 0.256523460 0.089523420 0.009616246 -0.028950190 -0.995517492
1403638222245096960.000000 0.321128875 -0.080577828 0.237065494 0.089467779 0.012794561 -0.029631451 -0.995466709
1403638222295097088.000000 0.314540982 -0.082228720 0.218629509 0.089548774 0.015775362 -0.030199712 -0.995399535
1403638222345096960.000000 0.307776153 -0.084099479 0.200045019 0.089311741 0.018821200 -0.030622238 -0.995354950
1403638222395097088.000000 0.300638795 -0.086241141 0.182269484 0.089495428 0.021108018 -0.031226544 -0.995273829
1403638222445096960.000000 0.292330027 -0.087878294 0.167302981 0.089358151 0.023803990 -0.031345341 -0.995221615
1403638222495097088.000000 0.284144700 -0.090381183 0.154575586 0.089343384 0.025265926 -0.031261329 -0.995189488
1403638222545096960.000000 0.275479555 -0.092583768 0.142149135 0.089200802 0.023179153 -0.031621281 -0.995241761
1403638222595097088.000000 0.266131461 -0.094288595 0.129265055 0.089147113 0.018611569 -0.031125113 -0.995358050
1403638222645096960.000000 0.257533789 -0.094924279 0.118661888 0.088731535 0.013237291 -0.032153960 -0.995448470
1403638222695097088.000000 0.247421518 -0.096766666 0.109635167 0.088529624 0.009284094 -0.032542955 -0.995498538
1403638222745096960.000000 0.236717224 -0.099122547 0.101384617 0.088931620 0.006831610 -0.031729154 -0.995508850
1403638222795097088.000000 0.224818155 -0.101221114 0.093589418 0.088873647 0.005166177 -0.031754855 -0.995523274
1403638222845096960.000000 0.213163242 -0.104052484 0.086628258 0.089134961 0.002305625 -0.030983709 -0.995534956
1403638222895097088.000000 0.202279538 -0.105915062 0.078656748 0.089194320 -0.004579043 -0.030191068 -0.995546103
1403638222945096960.000000 0.191273868 -0.109715343 0.071454279 0.088765740 -0.010804465 -0.030774148 -0.995518446
1403638222995097088.000000 0.179257229 -0.112821557 0.064099468 0.088439398 -0.012570747 -0.031005714 -0.995519578
1403638223045096960.000000 0.168995276 -0.115768865 0.054275405 0.088252947 -0.011498194 -0.031046059 -0.995547771
1403638223095097088.000000 0.158813536 -0.119484589 0.043873053 0.088508099 -0.007870855 -0.030482512 -0.995577872
1403638223145096960.000000 0.149146110 -0.123355381 0.031273644 0.088866130 -0.001446070 -0.030348416 -0.995580137
1403638223195097088.000000 0.141129553 -0.127392739 0.019471353 0.088071845 0.007969571 -0.033118684 -0.995531559
1403638223245096960.000000 0.132583335 -0.132425085 0.006732592 0.086904824 0.016411068 -0.037371177 -0.995380163
1403638223295097088.000000 0.125629783 -0.136256397 -0.004632434 0.086147100 0.021811612 -0.039488032 -0.995260596
1403638223345096960.000000 0.119968973 -0.138956696 -0.015097043 0.085924320 0.020668127 -0.040887021 -0.995247781
1403638223395097088.000000 0.113843761 -0.141905442 -0.023839140 0.085192271 0.018706108 -0.043316782 -0.995246708
1403638223445096960.000000 0.108074263 -0.143478811 -0.033715140 0.083253652 0.014908177 -0.048695967 -0.995226264
1403638223495097088.000000 0.101903401 -0.144329935 -0.042420972 0.080848940 0.010570912 -0.055309135 -0.995134473
1403638223545096960.000000 0.094466209 -0.144600257 -0.049929921 0.079726644 0.007704871 -0.058856346 -0.995047867
1403638223595097088.000000 0.087025866 -0.141708463 -0.057601761 0.080445386 0.006371293 -0.056786146 -0.995119750
1403638223645096960.000000 0.079295672 -0.138079852 -0.065913782 0.082838856 0.005297057 -0.050708670 -0.995257914
1403638223695097088.000000 0.071369857 -0.135081053 -0.072353154 0.085087575 0.005206740 -0.044658352 -0.995358586
1403638223745096960.000000 0.064376421 -0.131154388 -0.078673407 0.087733001 0.005585918 -0.037519038 -0.995421588
1403638223795097088.000000 0.057611234 -0.126626730 -0.087053984 0.089702532 0.006606095 -0.032623522 -0.995412290
1403638223845096960.000000 0.047511242 -0.122560963 -0.092901729 0.090866789 0.006953887 -0.028864805 -0.995420396
1403638223895097088.000000 0.038063679 -0.119043544 -0.097865023 0.091820255 0.007444527 -0.026251359 -0.995401680
1403638223945096960.000000 0.029190455 -0.116372630 -0.102559201 0.092957176 0.007124960 -0.022927124 -0.995380640
1403638223995097088.000000 0.019177742 -0.112977967 -0.106970318 0.093308941 0.007946439 -0.021894079 -0.995364845
1403638224045096960.000000 0.008045601 -0.110954262 -0.112274356 0.093537726 0.010860850 -0.021194110 -0.995330870
1403638224095097088.000000 -0.003761809 -0.111316659 -0.117542073 0.092986077 0.014963618 -0.022360288 -0.995303810
1403638224145096960.000000 -0.014565052 -0.111832701 -0.120770708 0.092514813 0.020872917 -0.023378158 -0.995217979
1403638224195097088.000000 -0.023860035 -0.112535179 -0.121337965 0.092233889 0.026318744 -0.024656756 -0.995084107
1403638224245096960.000000 -0.032621089 -0.112548992 -0.122010082 0.091913402 0.027024649 -0.025311772 -0.995078385
1403638224295097088.000000 -0.038745511 -0.113101684 -0.121705532 0.091823399 0.025207756 -0.025243185 -0.995136082
1403638224345096960.000000 -0.045022152 -0.114963643 -0.118808165 0.091832623 0.019429680 -0.025518565 -0.995257854
1403638224395097088.000000 -0.051452044 -0.117633581 -0.116512887 0.091054223 0.014360006 -0.028958526 -0.995321274
1403638224445096960.000000 -0.057590067 -0.121060602 -0.113043405 0.089404978 0.008772351 -0.033327907 -0.995398998
1403638224495097088.000000 -0.063965552 -0.123462588 -0.112350233 0.088736251 0.001261216 -0.034889843 -0.995443106
1403638224545096960.000000 -0.068610750 -0.125346050 -0.110921584 0.089222923 -0.003836237 -0.033496905 -0.995440841
1403638224595097088.000000 -0.075029813 -0.127150536 -0.109620951 0.089243822 -0.004529658 -0.032729492 -0.995461643
1403638224645096960.000000 -0.083419308 -0.129383579 -0.108270757 0.089793071 0.000087209 -0.031454317 -0.995463669
1403638224695097088.000000 -0.091005713 -0.133828193 -0.108011045 0.089747593 0.008474292 -0.031741165 -0.995422542
1403638224745096960.000000 -0.097889386 -0.137593850 -0.107194334 0.089875318 0.018117327 -0.031965178 -0.995275021
1403638224795097088.000000 -0.102229960 -0.142102882 -0.105678141 0.090112723 0.024098270 -0.032049771 -0.995124042
1403638224845096960.000000 -0.103588521 -0.145193741 -0.105365187 0.089641161 0.023224074 -0.032708470 -0.995165944
1403638224895097088.000000 -0.104534149 -0.148037165 -0.105850294 0.088104293 0.017510256 -0.036585815 -0.995285213
1403638224945096960.000000 -0.102720581 -0.151788369 -0.103212789 0.086228393 0.010693464 -0.040798258 -0.995382249
1403638224995097088.000000 -0.099895783 -0.155630574 -0.100237146 0.084153406 0.003788864 -0.045372125 -0.995412171
1403638225045096960.000000 -0.096663259 -0.158214763 -0.098640621 0.082920730 -0.000306541 -0.047423936 -0.995427072
1403638225095097088.000000 -0.093264237 -0.158336058 -0.096564434 0.083224759 -0.002786857 -0.045754429 -0.995476007
1403638225145096960.000000 -0.090955764 -0.159976169 -0.094801866 0.084202670 -0.001814114 -0.041921135 -0.995564818
1403638225195097088.000000 -0.089427814 -0.159711570 -0.093950197 0.085068993 0.002717843 -0.038491931 -0.995627642
1403638225245096960.000000 -0.086447649 -0.160961643 -0.096350722 0.085520007 0.009287599 -0.035720658 -0.995652676
1403638225295097088.000000 -0.082647689 -0.162534967 -0.100509807 0.086215638 0.015457529 -0.033709645 -0.995586038
1403638225345096960.000000 -0.080140539 -0.161078006 -0.099327162 0.086691782 0.015797371 -0.031998232 -0.995595932
1403638225395097088.000000 -0.076306745 -0.159866750 -0.100872926 0.086864471 0.013948046 -0.030588916 -0.995652795
1403638225445096960.000000 -0.075630330 -0.158733010 -0.100819424 0.087166026 0.008560665 -0.030000418 -0.995705187
1403638225495097088.000000 -0.074483559 -0.158266604 -0.098262429 0.087530546 -0.000293233 -0.028322723 -0.995759130
1403638225545096960.000000 -0.075553261 -0.157413617 -0.095260441 0.088021278 -0.009392511 -0.027332883 -0.995699286
1403638225595097088.000000 -0.076680571 -0.157380015 -0.092783906 0.088626787 -0.018648513 -0.025836980 -0.995555103
1403638225645096960.000000 -0.079695046 -0.158033818 -0.090090901 0.088583931 -0.026963340 -0.025205659 -0.995384693
1403638225695097088.000000 -0.087139003 -0.159647554 -0.087274753 0.088831410 -0.027157178 -0.024656106 -0.995371103
1403638225745096960.000000 -0.099464357 -0.159660235 -0.087048031 0.088809006 -0.023117982 -0.024130838 -0.995487988
1403638225795097088.000000 -0.114017859 -0.160584316 -0.084647834 0.088440552 -0.014942747 -0.025263673 -0.995648980
1403638225845096960.000000 -0.129096821 -0.163212299 -0.082177661 0.088468775 -0.003630128 -0.025193885 -0.995753646
1403638225895097088.000000 -0.148549020 -0.167037085 -0.083309613 0.088468112 0.006703408 -0.025385704 -0.995732963
1403638225945096960.000000 -0.166116044 -0.169339880 -0.081095770 0.088076957 0.014280393 -0.026270939 -0.995664835
1403638225995097088.000000 -0.184127331 -0.172134683 -0.079947516 0.086915903 0.021597780 -0.029617805 -0.995541096
1403638226045096960.000000 -0.187713608 -0.178689539 -0.077021495 0.084739678 0.032349199 -0.028364655 -0.995473862
1403638226095097088.000000 -0.180107012 -0.183876500 -0.079657115 0.076830015 0.028253946 -0.048857089 -0.995445609
1403638226145096960.000000 -0.180211127 -0.189377844 -0.077000976 0.073988944 0.029973410 -0.053297881 -0.995382667
1403638226195097088.000000 -0.183958828 -0.191980794 -0.075624891 0.075743072 0.037219938 -0.046114098 -0.995364904
1403638226245096960.000000 -0.190565377 -0.195780933 -0.070805155 0.086432442 0.037517540 -0.024937434 -0.995238662
1403638226295097088.000000 -0.193033338 -0.197752520 -0.076920934 0.085238658 0.022924608 -0.038225453 -0.995363057
1403638226345096960.000000 -0.198540658 -0.204583079 -0.080680884 0.084829010 0.030440714 -0.027176831 -0.995559573
1403638226395097088.000000 -0.197725698 -0.208421156 -0.082824282 0.083772287 0.029892601 -0.025586626 -0.995707750
1403638226445096960.000000 -0.197275430 -0.207828686 -0.082615301 0.084936805 0.030096360 -0.027447335 -0.995553434
1403638226495097088.000000 -0.198071927 -0.210700452 -0.082296059 0.084617056 0.030009495 -0.027571794 -0.995579898
1403638226545096960.000000 -0.198170930 -0.211948559 -0.078201421 0.084657952 0.029036224 -0.027093286 -0.995618403
1403638226595097088.000000 -0.196803659 -0.218677819 -0.073958799 0.085195713 0.029354462 -0.026939610 -0.995567322
1403638226645096960.000000 -0.197377786 -0.221802011 -0.071829878 0.084775388 0.029267237 -0.027794691 -0.995582283
1403638226695097088.000000 -0.194572538 -0.226489216 -0.070244059 0.085105859 0.030086739 -0.026867272 -0.995555103
1403638226745096960.000000 -0.194921985 -0.226809084 -0.067951135 0.084812291 0.030323967 -0.028396172 -0.995530546
1403638226795097088.000000 -0.193013027 -0.228600815 -0.062909365 0.085382462 0.029916279 -0.026784802 -0.995538831
1403638226845096960.000000 -0.193319216 -0.230214417 -0.062822841 0.084895261 0.029993279 -0.028087301 -0.995542288
1403638226895097088.000000 -0.188454047 -0.234853283 -0.061449956 0.085316516 0.030398784 -0.027156435 -0.995519698
1403638226945096960.000000 -0.189579621 -0.235335618 -0.058274847 0.085317306 0.030525086 -0.027730005 -0.995500028
1403638226995097088.000000 -0.186277077 -0.237020254 -0.054877967 0.085137114 0.030810170 -0.028359493 -0.995488942
1403638227045096960.000000 -0.183290437 -0.237712130 -0.051722828 0.085539684 0.030655557 -0.027159717 -0.995492637
1403638227095097088.000000 -0.179116189 -0.238918841 -0.046905421 0.085190400 0.030983388 -0.028568210 -0.995472968
1403638227145096960.000000 -0.175846234 -0.239611864 -0.047013476 0.085610874 0.031178733 -0.027532095 -0.995460093
1403638227195097088.000000 -0.173788145 -0.241757780 -0.044253733 0.085370816 0.031267330 -0.028368479 -0.995454371
1403638227245096960.000000 -0.169135466 -0.240646809 -0.044728670 0.085483961 0.031548183 -0.027798461 -0.995451927
1403638227295097088.000000 -0.165628210 -0.241058692 -0.045311358 0.085466199 0.031654704 -0.028011596 -0.995444119
1403638227345096960.000000 -0.163711965 -0.241546988 -0.043037929 0.085422277 0.031823505 -0.028330768 -0.995433390
1403638227395097088.000000 -0.160062417 -0.240912497 -0.044007119 0.085575908 0.031906009 -0.027809912 -0.995432258
1403638227445096960.000000 -0.157774180 -0.242344737 -0.043300904 0.085525274 0.032081898 -0.028340200 -0.995416045
1403638227495097088.000000 -0.154219240 -0.241646901 -0.044450775 0.085618384 0.032164209 -0.027975144 -0.995415688
1403638227545096960.000000 -0.151299879 -0.241551518 -0.046355385 0.085555129 0.032223906 -0.028094327 -0.995415807
1403638227595097088.000000 -0.148729518 -0.239687532 -0.047376804 0.085551135 0.032299627 -0.028105062 -0.995413423
1403638227645096960.000000 -0.144907609 -0.238276482 -0.046708744 0.085624315 0.032437306 -0.027910456 -0.995408177
1403638227695097088.000000 -0.141556203 -0.240306929 -0.047964606 0.085587092 0.032646798 -0.028229209 -0.995395541
1403638227745096960.000000 -0.139547005 -0.238892332 -0.050032407 0.085664116 0.032679781 -0.027982563 -0.995394707
1403638227795097088.000000 -0.137733757 -0.239526227 -0.051485710 0.085616238 0.032839607 -0.028236136 -0.995386481
1403638227845096960.000000 -0.134867206 -0.238815844 -0.051487990 0.085681938 0.032998845 -0.027993254 -0.995382428
1403638227895097088.000000 -0.131053612 -0.238298550 -0.051376626 0.085637279 0.033080854 -0.028084809 -0.995380998
1403638227945096960.000000 -0.129503950 -0.238292530 -0.051986326 0.085708395 0.033165880 -0.028068451 -0.995372415
1403638227995097088.000000 -0.127290010 -0.239892706 -0.052381694 0.085785851 0.033175111 -0.028023306 -0.995366752
1403638228045096960.000000 -0.124409400 -0.240391672 -0.053807806 0.085787065 0.033264969 -0.028083485 -0.995361984
1403638228095097088.000000 -0.122151539 -0.241479158 -0.056226254 0.085839845 0.033352815 -0.027938297 -0.995358586
1403638228145096960.000000 -0.121954210 -0.242099166 -0.056316175 0.085853197 0.033398211 -0.028039427 -0.995353043
1403638228195097088.000000 -0.120811880 -0.241595849 -0.058026250 0.085862055 0.033499785 -0.027975639 -0.995350659
1403638228245096960.000000 -0.119344577 -0.239440843 -0.058747940 0.085822195 0.033490635 -0.028003007 -0.995353639
1403638228295097088.000000 -0.118796952 -0.240518138 -0.059135154 0.085807607 0.033514909 -0.028059360 -0.995352507
1403638228345096960.000000 -0.116844393 -0.242215768 -0.058961179 0.085872836 0.033630837 -0.028024806 -0.995343924
1403638228395097088.000000 -0.114822656 -0.247730717 -0.064507984 0.085934833 0.033793386 -0.028173517 -0.995328903
1403638228445096960.000000 -0.113608703 -0.248740852 -0.065232188 0.085954882 0.033914313 -0.028078903 -0.995325625
1403638228495097088.000000 -0.112988234 -0.246022686 -0.066361122 0.085913762 0.033886522 -0.028117938 -0.995329142
1403638228545096960.000000 -0.112393670 -0.245574385 -0.067622975 0.085855871 0.033913590 -0.028060570 -0.995334804
1403638228595097088.000000 -0.111444607 -0.248169139 -0.072372161 0.085939787 0.034017265 -0.028053116 -0.995324194
1403638228645096960.000000 -0.110876888 -0.249148831 -0.071081892 0.085995331 0.034082741 -0.027987471 -0.995319009
1403638228695097088.000000 -0.109809481 -0.249224231 -0.069695361 0.086007074 0.034077443 -0.027990812 -0.995318115
1403638228745096960.000000 -0.109563321 -0.248493865 -0.072324038 0.086032040 0.034065362 -0.027940016 -0.995317757
1403638228795097088.000000 -0.107409231 -0.251543641 -0.074100517 0.086108297 0.034150477 -0.027927928 -0.995308638
1403638228845096960.000000 -0.107946709 -0.252624243 -0.073886968 0.086105391 0.034095768 -0.027921680 -0.995310903
