1403637152438319104.000000 0.034702830 0.030788464 0.036738127 0.000757570 -0.001914731 0.001088264 0.999997318
1403637152488318976.000000 0.035435803 0.032892101 0.038542181 0.001204318 -0.001428704 0.001688604 0.999996901
1403637152538319104.000000 0.036349203 0.034439888 0.041137815 0.001569377 -0.001337923 0.001854896 0.999996185
1403637152588318976.000000 0.036480404 0.035820745 0.043311644 0.000813253 -0.001371336 0.000563294 0.999998569
1403637152638319104.000000 0.036826015 0.038053796 0.046153236 0.001327810 -0.000620498 0.001054449 0.999998450
1403637152688318976.000000 0.036839254 0.039632663 0.048828222 0.001114769 0.000340088 0.001354020 0.999998391
1403637152738319104.000000 0.052016709 0.082184352 0.117594667 0.000720160 0.001397336 0.000612344 0.999998629
1403637152788318976.000000 0.051782209 0.083829105 0.120613992 0.001787571 0.004493312 0.003399017 0.999982595
1403637152838319104.000000 0.053130008 0.085871704 0.122708209 0.002293777 0.006539315 0.004515549 0.999965847
1403637152888318976.000000 0.039680228 0.046264436 0.059215479 0.002682263 0.009656442 0.005398097 0.999935269
1403637152938319104.000000 0.040045992 0.047001790 0.063209988 0.002217157 0.012235998 0.005474722 0.999907732
1403637152988318976.000000 0.041814290 0.049451571 0.066775598 0.002706475 0.012697254 0.004965512 0.999903381
1403637153038319104.000000 0.095716342 0.141239256 0.182069182 0.002610443 0.011450397 0.001212404 0.999930382
1403637153088318976.000000 0.097553454 0.143677920 0.183326885 0.001838284 0.010731188 0.000165268 0.999940753
1403637153138319104.000000 0.097694032 0.142952651 0.187983379 0.000650168 0.011355895 -0.000879152 0.999934971
1403637153188318976.000000 0.099038422 0.145410776 0.188550264 0.000434822 0.009579673 -0.000621820 0.999953866
1403637153238319104.000000 0.099902555 0.146725565 0.190573379 -0.001175664 0.008769209 -0.002227176 0.999958396
1403637153288318976.000000 0.101110287 0.148264304 0.192464620 -0.002037604 0.008730032 -0.003730811 0.999952853
1403637153338319104.000000 0.130749449 0.229803964 0.246929437 -0.000280222 0.009475021 -0.002371562 0.999952316
1403637153388318976.000000 0.131930500 0.231685743 0.248750657 -0.000835922 0.008164104 -0.003363299 0.999960721
1403637153438319104.000000 0.132643580 0.233467311 0.251510590 -0.000966406 0.007278370 -0.003702844 0.999966264
1403637153488318976.000000 0.132774770 0.234559551 0.254798770 -0.001447948 0.006662365 -0.004884965 0.999964893
1403637153538319104.000000 0.135026515 0.236940131 0.254547894 -0.002391882 0.002860471 -0.003746487 0.999986053
1403637153588318976.000000 0.160166845 0.283837020 0.292811722 -0.001449926 0.002302260 -0.004558124 0.999985933
1403637153638319104.000000 0.160600081 0.283234149 0.293486118 -0.003074695 0.003363168 -0.005938715 0.999971986
1403637153688318976.000000 0.161415577 0.280757248 0.297024816 -0.004371765 0.005569819 -0.004945927 0.999962747
1403637153738319104.000000 0.161642447 0.279820144 0.297854960 -0.006242586 0.008306263 -0.005448274 0.999931157
1403637153788318976.000000 0.161317959 0.280329853 0.296820164 -0.006996112 0.012546546 -0.005274577 0.999882936
1403637153838319104.000000 0.224931702 0.326206565 0.331820875 -0.000966912 0.008478821 -0.003600351 0.999957144
1403637153888318976.000000 0.225159064 0.325672716 0.332450897 -0.002305218 0.009871069 -0.003286981 0.999943256
1403637153938319104.000000 0.227554440 0.329632610 0.333742321 -0.001806447 0.011069748 -0.004052644 0.999928951
1403637153988318976.000000 0.229629532 0.329591125 0.334194064 -0.002691880 0.011164120 -0.003133642 0.999929190
1403637154038319104.000000 0.223204896 0.326182544 0.336600393 -0.004416703 0.014485618 -0.001691367 0.999883950
1403637154088318976.000000 0.260546416 0.335929006 0.344330370 -0.001088898 0.006219508 -0.003620167 0.999973536
1403637154138319104.000000 0.260205865 0.335268289 0.345546573 -0.001052559 0.001732879 0.000214639 0.999997973
1403637154188318976.000000 0.259158432 0.336010635 0.345719516 0.000632104 -0.004527572 0.008558585 0.999952912
1403637154238319104.000000 0.257905960 0.335876584 0.345508605 0.001936015 -0.008875505 0.015676079 0.999835908
1403637154288318976.000000 0.257613778 0.336339444 0.346618235 0.003678863 -0.014332978 0.023228921 0.999620676
1403637154338319104.000000 0.252838492 0.375044197 0.405459374 0.008705272 -0.014802074 0.025619872 0.999524236
1403637154388318976.000000 0.252784580 0.374661028 0.405127704 0.005646683 -0.014004698 0.022159275 0.999640465
1403637154438319104.000000 0.252883106 0.374553591 0.404834151 0.002289250 -0.010821203 0.020235587 0.999734044
1403637154488318976.000000 0.253502071 0.372257113 0.407079399 -0.000935711 -0.006817329 0.017781571 0.999818206
1403637154538319104.000000 0.253364205 0.382446051 0.419667989 0.001448146 -0.002853384 0.012878940 0.999912024
1403637154588318976.000000 0.240458846 0.442069948 0.488413334 -0.000987884 -0.000572271 0.007388886 0.999972105
1403637154638319104.000000 0.238550752 0.456360549 0.508446336 -0.004370209 -0.001818659 0.002488566 0.999985754
1403637154688318976.000000 0.238066465 0.473464638 0.523798645 -0.007737098 -0.005942329 -0.002899360 0.999948263
1403637154738319104.000000 0.237137049 0.489115775 0.541748226 -0.011930545 -0.009658514 -0.005922480 0.999864697
1403637154788318976.000000 0.236898094 0.504667580 0.560154140 -0.017558098 -0.013152704 -0.006345615 0.999739289
1403637154838319104.000000 0.236543790 0.517032385 0.579954743 -0.023889109 -0.016383355 -0.004236656 0.999571443
1403637154888318976.000000 0.238639042 0.530364096 0.602482378 -0.029381180 -0.017521476 -0.000951655 0.999414265
1403637154938319104.000000 0.240514383 0.542136073 0.623515964 -0.034782164 -0.020667730 0.000899292 0.999180853
1403637154988318976.000000 0.243997738 0.552774668 0.644084752 0.039381288 0.019848693 -0.004982295 -0.999014735
1403637155038319104.000000 0.251755953 0.564974129 0.667369962 -0.045153078 -0.018394820 0.006941083 0.998786628
1403637155088318976.000000 0.261378974 0.576033056 0.689719260 -0.051466137 -0.016253687 0.011292392 0.998478651
1403637155138319104.000000 0.273568183 0.586685061 0.712202787 -0.058587644 -0.010145498 0.014906721 0.998119473
1403637155188318976.000000 0.287019700 0.596410275 0.734013319 -0.064304993 -0.006142054 0.018977694 0.997730970
1403637155238319104.000000 0.316104949 0.630765021 0.748074770 -0.066994444 -0.003032269 0.019031111 0.997567236
1403637155288318976.000000 0.331296355 0.639022589 0.768117368 0.070364513 -0.000400305 -0.020795237 -0.997304499
1403637155338319104.000000 0.354690403 0.654717624 0.792151928 -0.073630653 0.004353927 0.021714993 0.997039676
1403637155388318976.000000 0.369899631 0.663113356 0.812114298 0.078362390 -0.008133461 -0.024624776 -0.996587634
1403637155438319104.000000 0.388154894 0.673905492 0.838777661 -0.084685244 0.010673517 0.027635567 0.995967329
1403637155488318976.000000 0.399323106 0.682917833 0.858838618 0.092164017 -0.013891484 -0.031412046 -0.995151341
1403637155538319104.000000 0.410751224 0.693088114 0.882528543 -0.098929860 0.015409078 0.035933543 0.994325995
1403637155588318976.000000 0.428584397 0.717744708 0.907126486 -0.103255577 0.015635818 0.040681254 0.993699551
1403637155638319104.000000 0.433884680 0.726492524 0.927695036 0.107778244 -0.016369918 -0.046820819 -0.992936909
1403637155688318976.000000 0.430960923 0.722115993 0.952243090 -0.113457873 0.016347004 0.053177413 0.991984010
1403637155738319104.000000 0.432633609 0.731418848 0.971485019 -0.119042918 0.017190257 0.058174398 0.991034329
1403637155788318976.000000 0.438086152 0.744018614 0.999986231 -0.125517786 0.017099559 0.064270407 0.989859700
1403637155838319104.000000 0.437087834 0.755042672 1.018806696 0.133420929 -0.017998267 -0.070208490 -0.988405704
1403637155888318976.000000 0.455414832 0.801805377 1.049255013 -0.140390873 0.014145668 0.073443592 0.987267137
1403637155938319104.000000 0.451778531 0.815107882 1.067803979 0.151173308 -0.011307258 -0.077494413 -0.985400140
1403637155988318976.000000 0.452932030 0.838196576 1.095211744 -0.162064463 0.010751749 0.081514165 0.983348906
1403637156038319104.000000 0.447595924 0.848756254 1.117038012 -0.173690170 0.012764134 0.087274581 0.980842531
1403637156088318976.000000 0.443548411 0.864498854 1.133960009 -0.184630796 0.015171549 0.093551338 0.978227735
1403637156138319104.000000 0.442514479 0.885851800 1.164963245 -0.196084872 0.017891154 0.099312685 0.975380838
1403637156188318976.000000 0.438093066 0.903376877 1.180535316 0.207998633 -0.019664353 -0.105672419 -0.972205400
1403637156238319104.000000 0.437390864 0.929359734 1.218659163 -0.220130607 0.021687675 0.112183735 0.968755424
1403637156288318976.000000 0.433799326 0.949010968 1.232413173 0.233044982 -0.022696937 -0.117537290 -0.965069890
1403637156338319104.000000 0.438792825 0.996093273 1.230511427 -0.243268400 0.022714667 0.123327315 0.961818576
1403637156388318976.000000 0.434624910 1.017575264 1.241613150 0.256720483 -0.022895109 -0.128432140 -0.957640648
1403637156438319104.000000 0.420055687 1.022546291 1.282179594 -0.272115678 0.024167808 0.134786978 0.952471256
1403637156488318976.000000 0.414425373 1.045935869 1.291012287 0.285360336 -0.025088063 -0.139574304 -0.947870851
1403637156538319104.000000 0.424967080 1.109694719 1.278386831 -0.295368403 0.025399143 0.142410800 0.944368422
1403637156588318976.000000 0.417289436 1.134376884 1.285673022 0.308361053 -0.025636606 -0.146044910 -0.939642012
1403637156638319104.000000 0.403017282 1.158804893 1.333458424 -0.323459148 0.027131993 0.149428800 0.933974922
1403637156688318976.000000 0.383807957 1.168233037 1.334539175 -0.337220341 0.028043969 0.152998954 0.928486586
1403637156738319104.000000 0.389930010 1.235644102 1.333541870 -0.347864360 0.027094299 0.154005438 0.924412608
1403637156788318976.000000 0.375581980 1.262382150 1.339025497 0.358676910 -0.024364797 -0.155204043 -0.920146167
1403637156838319104.000000 0.345240295 1.270681500 1.358705521 -0.369640708 0.021060523 0.155402154 0.915845215
1403637156888318976.000000 0.351115823 1.337190032 1.325991392 -0.373271465 0.015126185 0.154793695 0.914592028
1403637156938319104.000000 0.333527505 1.364753366 1.330537558 0.379620224 -0.010834984 -0.153224498 -0.912301123
1403637156988318976.000000 0.313103318 1.402221084 1.341629028 -0.384054422 0.006658166 0.153493598 0.910438120
1403637157038319104.000000 0.292910457 1.429836512 1.346949697 0.386849076 -0.003640754 -0.154484138 -0.909103572
1403637157088318976.000000 0.250225663 1.447871447 1.407802582 -0.391482860 0.003025435 0.157117039 0.906667709
1403637157138319104.000000 0.233482659 1.488416791 1.417582989 -0.391653389 0.002373071 0.159683913 0.906147420
1403637157188318976.000000 0.215371072 1.517883658 1.423448801 0.391281158 -0.002852658 -0.161742926 -0.905941606
1403637157238319104.000000 0.228280455 1.576638103 1.369895697 -0.386160076 0.002192502 0.162165031 0.908062875
1403637157288318976.000000 0.213053465 1.607337832 1.374420285 -0.385138184 0.003614681 0.163900778 0.908180654
1403637157338319104.000000 0.199344724 1.647688270 1.383234262 -0.383562356 0.005350095 0.165899068 0.908476114
1403637157388318976.000000 0.195253819 1.684033394 1.392153502 -0.381422579 0.007106282 0.169233844 0.908749878
1403637157438319104.000000 0.185796261 1.718692303 1.395340919 0.378718823 -0.009137657 -0.173378676 -0.909081101
1403637157488318976.000000 0.182650506 1.770316720 1.390082836 -0.374850601 0.010130720 0.175833374 0.910201669
1403637157538319104.000000 0.176427484 1.806254625 1.390417337 0.372498184 -0.011523746 -0.178318873 -0.910667181
1403637157588318976.000000 0.172661811 1.853314996 1.390257120 -0.370534062 0.012821205 0.179439932 0.911230743
1403637157638319104.000000 0.168522537 1.891802311 1.387303591 -0.369210511 0.012836842 0.179377243 0.911780000
1403637157688318976.000000 0.176018119 1.947231412 1.381588459 -0.366955787 0.012622193 0.179292694 0.912709355
1403637157738319104.000000 0.174695194 1.989296675 1.375952125 -0.365839392 0.012736269 0.179406226 0.913133562
1403637157788318976.000000 0.181895852 2.027759075 1.383537769 -0.367195308 0.015967127 0.176889509 0.913029492
1403637157838319104.000000 0.181365401 2.072159052 1.375042796 -0.368398398 0.018635184 0.172608495 0.913313627
1403637157888318976.000000 0.184519351 2.149348021 1.350679517 -0.367527485 0.020354336 0.168860376 0.914327860
1403637157938319104.000000 0.181252003 2.196489096 1.341344118 -0.369128913 0.022684854 0.164417475 0.914437592
1403637157988318976.000000 0.176849961 2.227106094 1.349378586 -0.372877806 0.023645058 0.160862789 0.913524151
1403637158038319104.000000 0.171600074 2.274725914 1.339370966 -0.374987721 0.023694316 0.155282304 0.913624823
1403637158088318976.000000 0.175603390 2.328924656 1.341030359 -0.376985818 0.023052091 0.150989830 0.913538456
1403637158138319104.000000 0.171970606 2.376862526 1.329565525 -0.377736747 0.023304027 0.149005875 0.913547575
1403637158188318976.000000 0.170805544 2.475245953 1.284117460 -0.375147283 0.021962054 0.146009237 0.915130317
1403637158238319104.000000 0.170222938 2.521593332 1.270963669 -0.376190990 0.023694163 0.146025687 0.914655924
1403637158288318976.000000 0.172258675 2.582290649 1.252821207 -0.377775759 0.022826590 0.146419108 0.913961709
1403637158338319104.000000 0.172923207 2.628296614 1.237483025 -0.381704420 0.023081815 0.147383824 0.912166178
1403637158388318976.000000 0.176250577 2.672280312 1.228116512 -0.386903644 0.024345124 0.150979653 0.909350395
1403637158438319104.000000 0.175719559 2.716314316 1.211275816 -0.393127054 0.025411572 0.153860927 0.906163454
1403637158488318976.000000 0.174254954 2.794786215 1.178646803 -0.398276001 0.026936602 0.157848313 0.903180301
1403637158538319104.000000 0.170572519 2.838528633 1.162245154 0.405551076 -0.029390678 -0.163712621 -0.898811936
1403637158588318976.000000 0.165082902 2.900679588 1.139454484 -0.412558794 0.031589348 0.171089604 0.894162059
1403637158638319104.000000 0.157514811 2.943880558 1.121811390 -0.420788199 0.033610545 0.178287461 0.888831377
1403637158688318976.000000 0.147937179 3.005948305 1.097219229 -0.430037081 0.035149563 0.183592662 0.883247614
1403637158738319104.000000 0.136877894 3.048608780 1.077562094 -0.440182000 0.035578113 0.188202664 0.877242208
1403637158788318976.000000 0.124160767 3.101339579 1.057549715 -0.449290276 0.034522817 0.191939294 0.871840477
1403637158838319104.000000 0.110409260 3.142662048 1.036856651 -0.457282722 0.030702898 0.194725886 0.867197633
1403637158888318976.000000 0.095420897 3.197618961 1.016535640 -0.463490427 0.028785709 0.197530389 0.863324821
1403637158938319104.000000 0.082390487 3.239152670 0.993453860 -0.470121831 0.024625638 0.195549324 0.860313594
1403637158988318976.000000 0.070342600 3.294749260 0.970891833 -0.475007623 0.020039588 0.195108622 0.857845485
1403637159038319104.000000 0.059953511 3.336650848 0.946236014 -0.479446560 0.016250603 0.193896413 0.855728388
1403637159088318976.000000 0.046044528 3.419621229 0.890308499 -0.479926735 0.014431003 0.193558827 0.855568349
1403637159138319104.000000 0.037334383 3.461813450 0.864752173 -0.481121272 0.015334101 0.195210353 0.854505837
1403637159188318976.000000 0.025087774 3.530237913 0.824293137 -0.479884535 0.017713806 0.198504016 0.854396462
1403637159238319104.000000 0.013970852 3.571542978 0.799326777 -0.479147106 0.020227196 0.201655775 0.854016364
1403637159288318976.000000 0.001005352 3.626564980 0.774313331 -0.477995306 0.021933086 0.204313368 0.853988051
1403637159338319104.000000 -0.012653351 3.668208599 0.749556065 -0.476936102 0.023132525 0.206457883 0.854032755
1403637159388318976.000000 -0.029497564 3.728578091 0.717423320 -0.475300878 0.023477865 0.207624346 0.854651988
1403637159438319104.000000 -0.045523882 3.771799326 0.691954136 -0.474722654 0.023275716 0.206595838 0.855228007
1403637159488318976.000000 -0.066488445 3.839503288 0.655575871 -0.473323911 0.023615466 0.205987945 0.856140077
1403637159538319104.000000 -0.084414601 3.884358644 0.629377723 -0.473894298 0.020093743 0.201982707 0.856868386
1403637159588318976.000000 -0.106487751 3.948367357 0.593863130 -0.473621935 0.016608132 0.198980123 0.857795656
1403637159638319104.000000 -0.125551105 3.994054556 0.567346215 -0.474241257 0.012927278 0.195331216 0.858355284
1403637159688318976.000000 -0.146845996 4.058976173 0.530945182 -0.474022150 0.010878154 0.192235172 0.859203339
1403637159738319104.000000 -0.164161503 4.105850697 0.503101587 -0.474769920 0.009006299 0.188931599 0.859544814
1403637159788318976.000000 -0.182196140 4.171872139 0.466579914 -0.474609852 0.008545680 0.186969399 0.860066891
1403637159838319104.000000 -0.195931733 4.220069885 0.438586831 -0.476203740 0.008564447 0.185110494 0.859587550
1403637159888318976.000000 -0.211127460 4.286520958 0.400673628 -0.479145706 0.007421364 0.184113905 0.858176291
1403637159938319104.000000 -0.224804342 4.335227489 0.372349620 -0.483740956 0.007163288 0.187329575 0.854898274
1403637159988318976.000000 -0.238241136 4.383227348 0.345537663 0.490032107 -0.006151021 -0.189884782 -0.850749373
1403637160038319104.000000 -0.252692640 4.431806564 0.318563223 0.497789800 -0.009120958 -0.192790613 -0.845549464
1403637160088318976.000000 -0.264731884 4.462000847 0.302922249 0.506513238 -0.013898751 -0.196361870 -0.839460135
1403637160138319104.000000 -0.290394843 4.577390671 0.239354372 -0.514396250 0.018649293 0.200223625 0.833642185
1403637160188318976.000000 -0.306982577 4.633887768 0.207711458 -0.524521947 0.021718657 0.203626543 0.826402605
1403637160238319104.000000 -0.327688575 4.695083618 0.175283909 -0.535742164 0.022533307 0.206132248 0.818524361
1403637160288318976.000000 -0.347647369 4.750664711 0.144095182 0.546811879 -0.024118654 -0.210274607 -0.810061574
1403637160338319104.000000 -0.369827330 4.809118271 0.111855507 -0.558774829 0.024093254 0.213420212 0.801025629
1403637160388318976.000000 -0.391992986 4.863181114 0.080482960 0.570764303 -0.024597889 -0.218438715 -0.791143298
1403637160438319104.000000 -0.416091204 4.919694901 0.047455072 -0.583679438 0.023192847 0.222033501 0.780693054
1403637160488318976.000000 -0.440412521 4.972071648 0.015585184 -0.596874416 0.020600395 0.225219980 0.769800305
1403637160538319104.000000 -0.466044426 5.027740002 -0.017366409 -0.609892428 0.016566178 0.228806987 0.758553982
1403637160588318976.000000 -0.491789699 5.079231262 -0.049089909 -0.622532070 0.014672446 0.232447103 0.747132480
1403637160638319104.000000 -0.518253922 5.133008480 -0.081092834 -0.634655893 0.011174409 0.235533237 0.735942364
1403637160688318976.000000 -0.544475198 5.183419228 -0.111682415 -0.644049823 0.008463742 0.239984289 0.726316571
1403637160738319104.000000 -0.570275784 5.236463070 -0.141649246 -0.651439667 0.005145899 0.244483501 0.718211472
1403637160788318976.000000 -0.593804836 5.287352562 -0.171444416 -0.657721162 0.001458427 0.247235775 0.711530268
1403637160838319104.000000 -0.615138531 5.341420174 -0.202693462 -0.662333071 0.000215990 0.249899939 0.706303775
1403637160888318976.000000 -0.633587360 5.393258095 -0.231619358 -0.665789604 -0.000494849 0.252802163 0.702007890
1403637160938319104.000000 -0.650135875 5.445487022 -0.257804394 -0.668179452 -0.002187766 0.255916476 0.698597372
1403637160988318976.000000 -0.662245154 5.498253822 -0.286749363 -0.669123769 -0.001742165 0.259888500 0.696224391
1403637161038319104.000000 -0.672464132 5.552014828 -0.315899372 -0.669092834 -0.000349648 0.264458537 0.694533229
1403637161088318976.000000 -0.677725673 5.606845856 -0.345282555 -0.668800533 0.003059075 0.268476009 0.693265617
1403637161138319104.000000 -0.682094574 5.664114952 -0.376041412 -0.668138504 0.008593799 0.272283137 0.692372084
1403637161188318976.000000 -0.682787180 5.721339226 -0.407069683 -0.666574836 0.017116535 0.277559012 0.691625714
1403637161238319104.000000 -0.683353901 5.779907227 -0.440494061 -0.665371180 0.027613500 0.280663848 0.691192210
1403637161288318976.000000 -0.682302833 5.837508678 -0.475223541 -0.663378119 0.036020439 0.284848720 0.691008866
1403637161338319104.000000 -0.679507375 5.895391464 -0.511966705 -0.662191510 0.041300241 0.286659151 0.691102922
1403637161388318976.000000 -0.677540183 5.954345703 -0.552356720 0.662451088 -0.041363947 -0.285288721 -0.691417336
1403637161438319104.000000 -0.673347831 6.012008667 -0.594881058 0.664475560 -0.037685119 -0.282291919 -0.690914869
1403637161488318976.000000 -0.670655727 6.070248604 -0.640187740 0.667176604 -0.035742920 -0.280205309 -0.689262509
1403637161538319104.000000 -0.666694880 6.127637863 -0.686713219 0.670522332 -0.031953979 -0.280193776 -0.686199844
1403637161588318976.000000 -0.665449500 6.185479164 -0.735064030 0.674861789 -0.030691788 -0.280040383 -0.682053566
1403637161638319104.000000 -0.664322734 6.241733074 -0.783535480 0.679389119 -0.029703537 -0.279846340 -0.677668214
1403637161688318976.000000 -0.665212512 6.297511101 -0.833547115 0.684339583 -0.030576129 -0.278214604 -0.673306108
1403637161738319104.000000 -0.666512847 6.353960037 -0.883321285 0.689617515 -0.032387692 -0.274337828 -0.669415832
1403637161788318976.000000 -0.669855118 6.410517216 -0.933924198 0.695786476 -0.034923203 -0.267075598 -0.665831983
1403637161838319104.000000 -0.673265815 6.465317249 -0.984061241 0.702109516 -0.039439868 -0.258850187 -0.662180722
1403637161888318976.000000 -0.678607225 6.519827366 -1.035113811 0.708402216 -0.043302655 -0.250481278 -0.658445477
1403637161938319104.000000 -0.684803367 6.570812225 -1.084668636 0.713732243 -0.048991323 -0.243125513 -0.655039132
1403637161988318976.000000 -0.694029331 6.624001503 -1.133862972 0.718472660 -0.053169351 -0.235952258 -0.652147651
1403637162038319104.000000 -0.703213692 6.669656277 -1.181982994 0.722157717 -0.057087686 -0.230462402 -0.649704874
1403637162088318976.000000 -0.714493632 6.714807034 -1.229644299 0.724597335 -0.059398592 -0.227740496 -0.647738218
1403637162138319104.000000 -0.727389693 6.754295826 -1.275032043 0.725517750 -0.062616289 -0.227612138 -0.646448791
1403637162188318976.000000 -0.742435575 6.793171883 -1.320330620 0.724475503 -0.065573022 -0.232005805 -0.645762205
1403637162238319104.000000 -0.759101629 6.826008320 -1.363232613 0.722289085 -0.067728125 -0.238717809 -0.645542622
1403637162288318976.000000 -0.777110338 6.855450630 -1.405582428 0.719978690 -0.069333553 -0.244811192 -0.645671010
1403637162338319104.000000 -0.796669006 6.887417793 -1.450866699 0.718066871 -0.069063962 -0.249586001 -0.646000743
1403637162388318976.000000 -0.817895532 6.911146164 -1.493431091 0.715554714 -0.070449933 -0.255242318 -0.646428466
1403637162438319104.000000 -0.841073036 6.932029724 -1.535850525 0.712305367 -0.071244851 -0.262306541 -0.647101641
1403637162488318976.000000 -0.864911318 6.957442284 -1.583439827 0.709476233 -0.064698927 -0.269321173 -0.648015201
1403637162538319104.000000 -0.888442278 6.973643303 -1.629302979 0.707838953 -0.056326333 -0.273394048 -0.648881376
1403637162588318976.000000 -0.909849882 6.988084793 -1.677759171 0.707594633 -0.050874885 -0.273518175 -0.649545550
1403637162638319104.000000 -0.928636789 7.008588791 -1.732461929 0.709248900 -0.048368990 -0.268848360 -0.649882257
1403637162688318976.000000 -0.945926905 7.022172451 -1.785392284 0.711999714 -0.053644706 -0.262225330 -0.649166107
1403637162738319104.000000 -0.962287426 7.036554337 -1.842109203 0.715787709 -0.063541971 -0.256094724 -0.646549225
1403637162788318976.000000 -0.980678082 7.046393394 -1.897517681 0.720678627 -0.071632043 -0.251949996 -0.641882002
1403637162838319104.000000 -1.001605392 7.059165955 -1.953258991 0.726718783 -0.073356405 -0.250080019 -0.635577440
1403637162888318976.000000 -1.024222016 7.063510895 -2.009299755 0.733777404 -0.074446000 -0.248948023 -0.627736807
1403637162938319104.000000 -1.048604131 7.064759254 -2.065624237 0.742173970 -0.072611913 -0.247963309 -0.618400753
1403637162988318976.000000 -1.074587107 7.068675518 -2.122736454 0.751124084 -0.069132507 -0.247793078 -0.607973695
1403637163038319104.000000 -1.101652503 7.063830376 -2.178777218 0.760488510 -0.065888278 -0.248730645 -0.596195519
1403637163088318976.000000 -1.129501224 7.055786610 -2.234373093 0.770584464 -0.062736072 -0.250137866 -0.582833409
1403637163138319104.000000 -1.167829275 6.818566322 -2.098662376 0.780109465 -0.087034628 -0.232934758 -0.574104249
1403637163188318976.000000 -1.198511243 6.806259155 -2.152173042 0.790694475 -0.084643178 -0.235561699 -0.558702588
1403637163238319104.000000 -1.229704618 6.791368008 -2.204477310 0.801520824 -0.082588151 -0.237174213 -0.542671263
1403637163288318976.000000 -1.247412682 7.009716034 -2.449068546 0.812637806 -0.052154299 -0.255704433 -0.521071076
1403637163338319104.000000 -1.277902246 6.987442493 -2.497784615 0.821351111 -0.052522931 -0.258708596 -0.505661488
1403637163388318976.000000 -1.308598876 6.962662697 -2.544508934 0.828638494 -0.054012138 -0.263308316 -0.491029292
1403637163438319104.000000 -1.354785204 6.724660873 -2.397249222 0.833151698 -0.085544683 -0.254881412 -0.483296901
1403637163488318976.000000 -1.388368845 6.696491718 -2.440114021 0.837626159 -0.088248767 -0.262508124 -0.470833480
1403637163538319104.000000 -1.421939611 6.666616440 -2.482842445 0.840837717 -0.089100525 -0.271173060 -0.459911197
1403637163588318976.000000 -1.430130005 6.858301163 -2.719854355 0.844098508 -0.060281668 -0.295006812 -0.443660885
1403637163638319104.000000 -1.458034515 6.821284294 -2.761693954 0.844354451 -0.059181143 -0.305987954 -0.435814887
1403637163688318976.000000 -1.483145952 6.782680511 -2.804607391 0.844236732 -0.060008526 -0.314731985 -0.429659218
1403637163738319104.000000 -1.507873774 6.616381645 -2.825585365 0.837765813 -0.061705675 -0.320476949 -0.437761843
1403637163788318976.000000 -1.529423952 6.576470375 -2.873439312 0.837663352 -0.062004156 -0.325973332 -0.433839887
1403637163838319104.000000 -1.544180155 6.677713394 -2.946275711 0.841987550 -0.063679636 -0.335242242 -0.417869091
1403637163888318976.000000 -1.560372353 6.633162975 -2.997054100 0.841184020 -0.068214744 -0.339095503 -0.415656805
1403637163938319104.000000 -1.574944496 6.587683201 -3.050171852 0.841310441 -0.072400272 -0.339863032 -0.414063036
1403637163988318976.000000 -1.588588476 6.550228119 -3.107234001 0.841804922 -0.075453855 -0.339325041 -0.412952483
1403637164038319104.000000 -1.601565838 6.501224041 -3.165691853 0.842342675 -0.076211385 -0.338068128 -0.412747741
1403637164088318976.000000 -1.561748028 6.411455154 -3.199463367 0.839841425 -0.073674567 -0.336931646 -0.419184357
1403637164138319104.000000 -1.572309732 6.360226154 -3.264143944 0.840773404 -0.073348001 -0.333611012 -0.420028538
1403637164188318976.000000 -1.633340597 6.357173443 -3.358652592 0.845379710 -0.074989855 -0.328146309 -0.414764643
1403637164238319104.000000 -1.642696857 6.300882816 -3.426038265 0.845926106 -0.071764104 -0.325649053 -0.416187286
1403637164288318976.000000 -1.651049614 6.242766380 -3.495098114 0.847367287 -0.065686569 -0.320799977 -0.418020785
1403637164338319104.000000 -1.660169840 6.191583157 -3.566456795 0.847567379 -0.059044559 -0.318904102 -0.420051783
1403637164388318976.000000 -1.671024323 6.131039619 -3.636634350 0.847044349 -0.055353470 -0.318376243 -0.422005236
1403637164438319104.000000 -1.683240891 6.074467659 -3.706507206 0.845723450 -0.051608589 -0.319816381 -0.424035370
1403637164488318976.000000 -1.698197126 6.011923790 -3.775513172 0.843527138 -0.052718319 -0.322794348 -0.426012516
1403637164538319104.000000 -1.715611458 5.949864388 -3.844082832 0.841141939 -0.057471693 -0.325676233 -0.427916080
1403637164588318976.000000 -1.734209538 5.892390251 -3.913183212 0.838854492 -0.060323741 -0.328286409 -0.430014342
1403637164638319104.000000 -1.756179571 5.828240395 -3.982203484 0.836854875 -0.062902309 -0.330564111 -0.431792468
1403637164688318976.000000 -1.778997898 5.766947269 -4.052241802 0.836003006 -0.060663838 -0.330490232 -0.433814675
1403637164738319104.000000 -1.804103374 5.700915813 -4.122823238 0.837039232 -0.055630781 -0.326688319 -0.435368061
1403637164788318976.000000 -1.829916239 5.637637138 -4.194953442 0.839900434 -0.049344789 -0.320157647 -0.435467064
1403637164838319104.000000 -1.857882023 5.570202827 -4.265867233 0.842966497 -0.045252319 -0.314366817 -0.434204042
1403637164888318976.000000 -1.887320995 5.504961967 -4.338439465 0.846488118 -0.040443864 -0.309710652 -0.431162953
1403637164938319104.000000 -1.917921543 5.436440945 -4.408765793 0.849695444 -0.037605599 -0.307121843 -0.426942319
1403637164988318976.000000 -1.949354410 5.369490623 -4.479150772 0.852555096 -0.035864137 -0.306268483 -0.421975344
1403637165038319104.000000 -1.982413530 5.300601482 -4.549482346 0.856103539 -0.034497268 -0.305494845 -0.415414900
1403637165088318976.000000 -2.015850306 5.232379436 -4.619367123 0.860200763 -0.034872692 -0.304348230 -0.407689452
1403637165138319104.000000 -2.049558878 5.165656567 -4.689736366 0.865745604 -0.036359832 -0.301035613 -0.398171008
1403637165188318976.000000 -2.083467007 5.096103191 -4.758358002 0.870920956 -0.034921322 -0.299828917 -0.387788534
1403637165238319104.000000 -2.117197514 5.027705193 -4.825366497 0.875581384 -0.034161147 -0.300270855 -0.376865715
1403637165288318976.000000 -2.148880482 4.957552433 -4.891139507 0.879643440 -0.031349242 -0.303089410 -0.365214348
1403637165338319104.000000 -2.177982092 4.886404514 -4.956170559 0.882225037 -0.028589526 -0.309173107 -0.353940159
1403637165388318976.000000 -2.203586817 4.815357208 -5.020051479 0.884055853 -0.025023190 -0.315736830 -0.343699634
1403637165438319104.000000 -2.228647709 4.744622231 -5.084075928 0.884992301 -0.022748671 -0.322939724 -0.334635705
1403637165488318976.000000 -2.248805285 4.675081253 -5.148441315 0.886111379 -0.021636425 -0.327567101 -0.327167034
1403637165538319104.000000 -2.268219471 4.605225086 -5.212724209 0.887821496 -0.018101458 -0.329832673 -0.320399404
1403637165588318976.000000 -2.284021616 4.536368847 -5.277163029 0.888936877 -0.015623677 -0.332642496 -0.314477593
1403637165638319104.000000 -2.297112465 4.464781284 -5.342060089 0.890975833 -0.008461074 -0.332235903 -0.309370130
1403637165688318976.000000 -2.316101789 4.402462959 -5.405226231 0.892926037 -0.001042601 -0.330967575 -0.305192769
1403637165738319104.000000 -2.331223011 4.336449623 -5.468156815 0.894563317 0.006277503 -0.329480678 -0.301926315
1403637165788318976.000000 -2.349112034 4.275067806 -5.529853821 0.895965695 0.014113484 -0.327694476 -0.299437225
1403637165838319104.000000 -2.365808249 4.212750912 -5.589843750 0.897331953 0.021520978 -0.325353503 -0.297451407
1403637165888318976.000000 -2.373368740 4.156803608 -5.656102180 0.897311330 0.027432021 -0.324843496 -0.297584713
1403637165938319104.000000 -2.392363310 4.099721432 -5.711917400 0.897247255 0.033352375 -0.322498769 -0.299715877
1403637165988318976.000000 -2.424563169 4.048579216 -5.755435944 0.896937907 0.039572600 -0.319373965 -0.303210765
1403637166038319104.000000 -2.446182013 3.998277664 -5.806917667 0.895689964 0.043744680 -0.317452818 -0.308301270
1403637166088318976.000000 -2.471043587 3.951953173 -5.855646610 0.894484758 0.048470877 -0.315677196 -0.312882662
1403637166138319104.000000 -2.500078678 3.909174681 -5.903635025 0.893444717 0.051171355 -0.313903898 -0.317179024
1403637166188318976.000000 -2.530740738 3.867654085 -5.946160316 0.892314315 0.053101879 -0.312662780 -0.321243614
1403637166238319104.000000 -2.564192295 3.831174850 -5.986269951 0.891999066 0.051307783 -0.309689075 -0.325265825
1403637166288318976.000000 -2.596964598 3.795790672 -6.023240089 0.892356992 0.046145774 -0.305449128 -0.329044640
1403637166338319104.000000 -2.626935482 3.766034126 -6.060893536 0.894622505 0.039571568 -0.294762760 -0.333466113
1403637166388318976.000000 -2.653012991 3.737116098 -6.094209671 0.897672355 0.029219173 -0.280271828 -0.338789463
1403637166438319104.000000 -2.677159548 3.711252928 -6.125051498 0.899528146 0.019502956 -0.267976910 -0.344466627
1403637166488318976.000000 -2.698892117 3.683718920 -6.149997711 0.899890780 0.014924795 -0.260618716 -0.349359006
1403637166538319104.000000 -2.718013287 3.656822205 -6.170985222 0.898950160 0.011758999 -0.258280367 -0.353612214
1403637166588318976.000000 -2.735302448 3.632171154 -6.193116188 0.896482468 0.013219303 -0.261733860 -0.357267231
1403637166638319104.000000 -2.751172781 3.604284048 -6.206143379 0.892715275 0.017070988 -0.270182788 -0.360235155
1403637166688318976.000000 -2.767884254 3.579063416 -6.222934723 0.887638152 0.023647701 -0.283011407 -0.362551957
1403637166738319104.000000 -2.781839848 3.551908970 -6.230954170 0.883840978 0.032841798 -0.291025847 -0.364760846
1403637166788318976.000000 -2.785572290 3.526425600 -6.230556011 0.880768061 0.041069973 -0.296473235 -0.366966754
1403637166838319104.000000 -2.798628807 3.503845692 -6.234177589 0.879199207 0.049994972 -0.297528058 -0.368763357
1403637166888318976.000000 -2.819585800 3.491316795 -6.248073101 0.879189670 0.059451140 -0.293786466 -0.370379001
1403637166938319104.000000 -2.830911160 3.474641323 -6.246656418 0.879655778 0.067709342 -0.288231790 -0.372214556
1403637166988318976.000000 -2.840828419 3.460557699 -6.243410110 0.881408334 0.074024916 -0.279519975 -0.373508155
1403637167038319104.000000 -2.845677853 3.454130173 -6.238183022 0.882881641 0.080465131 -0.271035224 -0.374947101
1403637167088318976.000000 -2.848398924 3.446185589 -6.226251125 0.884247959 0.085533239 -0.262385577 -0.376753926
1403637167138319104.000000 -2.846039534 3.441754818 -6.208870888 0.885794759 0.089893155 -0.254139721 -0.377756357
1403637167188318976.000000 -2.845400810 3.448993921 -6.193796158 0.887345314 0.092890963 -0.246225968 -0.378632247
1403637167238319104.000000 -2.834498405 3.453863859 -6.168980598 0.888420701 0.095182471 -0.240866050 -0.378988832
1403637167288318976.000000 -2.818112612 3.460550547 -6.138218403 0.888894379 0.096009456 -0.238923833 -0.378899008
1403637167338319104.000000 -2.799139023 3.471661568 -6.102871418 0.888756633 0.095508151 -0.240831718 -0.378140211
1403637167388318976.000000 -2.788213968 3.488947153 -6.064383984 0.887897849 0.092702441 -0.246170163 -0.377417564
1403637167438319104.000000 -2.768185616 3.506046534 -6.017933846 0.885590374 0.084599756 -0.257535338 -0.377158135
1403637167488318976.000000 -2.748073101 3.528746843 -5.968233109 0.883109570 0.070292875 -0.269705087 -0.377406418
1403637167538319104.000000 -2.726641655 3.554382086 -5.911239147 0.879903913 0.054655906 -0.283624619 -0.377278298
1403637167588318976.000000 -2.705849171 3.581125975 -5.855214596 0.877007306 0.038027458 -0.294826210 -0.377477974
1403637167638319104.000000 -2.691880226 3.614101171 -5.797687054 0.874309301 0.021828210 -0.303449988 -0.378186256
1403637167688318976.000000 -2.672359467 3.643171787 -5.738619328 0.871736109 0.010744066 -0.309534580 -0.379669666
1403637167738319104.000000 -2.656757832 3.671936274 -5.677536964 0.868650854 0.004977237 -0.314559996 -0.382717997
1403637167788318976.000000 -2.640174389 3.702880859 -5.616569042 0.865162313 0.002173393 -0.319220215 -0.386765987
1403637167838319104.000000 -2.624470949 3.735926151 -5.555636883 0.861334026 0.001364030 -0.323089421 -0.392065257
1403637167888318976.000000 -2.617742777 3.766625881 -5.493032932 0.857033968 0.002932313 -0.326986521 -0.398200989
1403637167938319104.000000 -2.601240635 3.799146891 -5.433706760 0.853818119 0.006330437 -0.328956574 -0.403413266
1403637167988318976.000000 -2.583023548 3.832390785 -5.376000404 0.851980686 0.012357016 -0.327451974 -0.408352226
1403637168038319104.000000 -2.569543362 3.879656553 -5.318774223 0.850937426 0.017617393 -0.324664980 -0.412538201
1403637168088318976.000000 -2.549523354 3.915985584 -5.263303280 0.849336982 0.018735211 -0.323479265 -0.416697592
1403637168138319104.000000 -2.533389091 3.955192327 -5.209375381 0.846921086 0.015975738 -0.325708091 -0.419980586
1403637168188318976.000000 -2.519331455 3.993578911 -5.153447628 0.845317066 0.013059721 -0.326544136 -0.422655314
1403637168238319104.000000 -2.517124414 4.031191826 -5.089104652 0.845669508 0.011096357 -0.323000640 -0.424724132
1403637168288318976.000000 -2.510387182 4.071303368 -5.031990051 0.846168518 0.009902797 -0.319304228 -0.426550955
1403637168338319104.000000 -2.507494688 4.112210274 -4.974322796 0.847698927 0.008604396 -0.313485533 -0.427854329
1403637168388318976.000000 -2.509880543 4.156716347 -4.911907673 0.850124180 0.006969554 -0.305496544 -0.428849965
1403637168438319104.000000 -2.511260986 4.197879791 -4.852623940 0.852351904 0.005410851 -0.297936201 -0.429768592
1403637168488318976.000000 -2.513746738 4.238945961 -4.792474747 0.853846252 -0.000010573 -0.292400420 -0.430637538
1403637168538319104.000000 -2.512390375 4.270040035 -4.730731964 0.853614271 -0.004494010 -0.290964365 -0.432044476
1403637168588318976.000000 -2.515846252 4.310322762 -4.668704033 0.852348030 -0.006430474 -0.293823540 -0.432584465
1403637168638319104.000000 -2.519783020 4.365595818 -4.598597050 0.851618469 -0.005449204 -0.296468437 -0.432230115
1403637168688318976.000000 -2.520392418 4.404638290 -4.536868095 0.850488544 -0.003405507 -0.299873203 -0.432127148
1403637168738319104.000000 -2.518040657 4.444581032 -4.474702358 0.849678934 -0.000718541 -0.302271307 -0.432061762
1403637168788318976.000000 -2.517255306 4.486717224 -4.411867142 0.849486351 -0.001223546 -0.304762274 -0.430687100
1403637168838319104.000000 -2.511641026 4.526587009 -4.352247238 0.849679649 0.002499356 -0.305116028 -0.430049390
1403637168888318976.000000 -2.505347252 4.567402363 -4.293344021 0.849672556 0.005264502 -0.305250555 -0.429942995
1403637168938319104.000000 -2.497170925 4.609240532 -4.230158329 0.850256383 0.009354014 -0.304706931 -0.429104090
1403637168988318976.000000 -2.492480040 4.650523186 -4.170427322 0.850681782 0.011455228 -0.304511249 -0.428348213
1403637169038319104.000000 -2.488373995 4.692495823 -4.110397339 0.851443946 0.015118866 -0.302855074 -0.427894175
1403637169088318976.000000 -2.481409073 4.736092567 -4.045375347 0.852072001 0.020296248 -0.300553322 -0.428052574
1403637169138319104.000000 -2.475476742 4.780954838 -3.984425545 0.851918817 0.021667039 -0.298106462 -0.429997027
1403637169188318976.000000 -2.466413975 4.827795982 -3.922777176 0.851073682 0.022649530 -0.294561684 -0.434043795
1403637169238319104.000000 -2.453575850 4.874386787 -3.857302189 0.849096358 0.022431586 -0.291338325 -0.440061748
1403637169288318976.000000 -2.439394712 4.923415661 -3.795345306 0.846171379 0.020537592 -0.287664026 -0.448131323
1403637169338319104.000000 -2.422350883 4.973037720 -3.732735157 0.842301369 0.017598659 -0.284420997 -0.457518727
1403637169388318976.000000 -2.401221752 5.021845341 -3.665341854 0.837894559 0.015819848 -0.280597240 -0.467918485
1403637169438319104.000000 -2.380001783 5.072060585 -3.600748539 0.832322240 0.014782318 -0.276930243 -0.479928017
1403637169488318976.000000 -2.356487751 5.122504234 -3.535626411 0.826398671 0.012882289 -0.272451162 -0.492615253
1403637169538319104.000000 -2.329508305 5.173158169 -3.466131210 0.820266545 0.013566598 -0.265954226 -0.506208658
1403637169588318976.000000 -2.302348137 5.223158836 -3.399367809 0.813132524 0.012362442 -0.259550661 -0.520860970
1403637169638319104.000000 -2.273045301 5.272899151 -3.331997871 0.805985928 0.014276306 -0.250445902 -0.536152661
1403637169688318976.000000 -2.243260384 5.324630737 -3.263536453 0.797634959 0.012564776 -0.244182914 -0.551357806
1403637169738319104.000000 -2.209393740 5.371877193 -3.185751915 0.788522780 0.012033250 -0.239342466 -0.566394091
1403637169788318976.000000 -2.180514812 5.420237541 -3.113407612 0.779200137 0.011308789 -0.235396504 -0.580782056
1403637169838319104.000000 -2.152901888 5.467391968 -3.039000988 0.770086169 0.010243174 -0.231152773 -0.594500482
1403637169888318976.000000 -2.122192621 5.511597633 -2.956006050 0.762248516 0.012909216 -0.224864751 -0.606833160
1403637169938319104.000000 -2.097358704 5.556522369 -2.878021240 0.754259646 0.013102334 -0.219138727 -0.618788242
1403637169988318976.000000 -2.073477745 5.600692272 -2.798006058 0.746855140 0.014349313 -0.212597907 -0.629923642
1403637170038319104.000000 -2.050261497 5.643015862 -2.715096951 0.739049017 0.015130920 -0.208138794 -0.640512168
1403637170088318976.000000 -2.032471180 5.683640480 -2.636693954 0.730641365 0.015692359 -0.204709470 -0.651161373
1403637170138319104.000000 -2.006118774 5.723552704 -2.542931557 0.722577691 0.015021983 -0.200152025 -0.661509693
1403637170188318976.000000 -1.984825969 5.762259960 -2.453290224 0.714306414 0.013465411 -0.195455372 -0.671849966
1403637170238319104.000000 -1.964237213 5.799219131 -2.361362219 0.706013918 0.013129906 -0.190552086 -0.681954563
1403637170288318976.000000 -1.944042087 5.834764004 -2.267137766 0.697722614 0.013282613 -0.184837177 -0.691984057
1403637170338319104.000000 -1.923901558 5.868760109 -2.170465231 0.688412130 0.009757082 -0.180431813 -0.702451408
1403637170388318976.000000 -1.881707788 5.902194500 -2.036568642 -0.677667081 -0.002306633 0.179182276 0.713201106
1403637170438319104.000000 -1.877043366 5.921679974 -1.993316412 0.662635565 -0.013004244 -0.179341182 -0.727036357
1403637170488318976.000000 -1.856706381 5.949841022 -1.891177893 0.649813473 -0.025502896 -0.178403586 -0.738420069
1403637170538319104.000000 -1.828630209 5.962033272 -1.789170980 0.636362076 -0.038110830 -0.176593065 -0.749937177
1403637170588318976.000000 -1.794070721 6.010328770 -1.608613253 -0.628332138 0.045419469 0.169761211 0.757837057
1403637170638319104.000000 -1.778161287 6.028972149 -1.506657839 -0.615455806 0.055443846 0.165378705 0.768628716
1403637170688318976.000000 -1.763799071 6.043526649 -1.405646801 -0.602937400 0.064496122 0.159147814 0.779088438
1403637170738319104.000000 -1.750589371 6.053783417 -1.305964231 -0.590094924 0.070360333 0.153244048 0.789527535
1403637170788318976.000000 -1.738005280 6.059496403 -1.207863092 -0.575321913 0.074683465 0.150102392 0.800559998
1403637170838319104.000000 -1.725987792 6.060175896 -1.112338543 -0.560573936 0.072418854 0.148808569 0.811399102
1403637170888318976.000000 -1.712683320 6.056603909 -1.019608736 -0.544843912 0.071007088 0.146066666 0.822658837
1403637170938319104.000000 -1.698476315 6.048882961 -0.929986238 -0.528879344 0.067369565 0.143560752 0.833749592
1403637170988318976.000000 -1.683629036 6.036646843 -0.843763351 -0.512847722 0.063416779 0.141659707 0.844332933
1403637171038319104.000000 -1.667003393 6.021017551 -0.760259271 -0.496655494 0.061830409 0.139855310 0.854371667
1403637171088318976.000000 -1.650071144 6.002529621 -0.679534316 -0.479972392 0.060568918 0.140082851 0.863906741
1403637171138319104.000000 -1.642143488 5.951777458 -0.681134462 0.462026685 -0.062596433 -0.138872162 -0.873686254
1403637171188318976.000000 -1.622662306 5.927697182 -0.607725739 0.449824989 -0.061531745 -0.136678889 -0.880448878
1403637171238319104.000000 -1.602000713 5.901422501 -0.538380027 0.439088404 -0.063539498 -0.135505274 -0.885890782
1403637171288318976.000000 -1.580173969 5.873296738 -0.473272562 0.430823743 -0.065628424 -0.131873205 -0.890333295
1403637171338319104.000000 -1.557154775 5.843209267 -0.412275076 0.424819112 -0.066806316 -0.127179816 -0.893807054
1403637171388318976.000000 -1.533542395 5.810962677 -0.354599476 0.421242356 -0.065810904 -0.120289512 -0.896523476
1403637171438319104.000000 -1.509179592 5.775971889 -0.300969124 0.419581026 -0.064276896 -0.112640016 -0.898405552
1403637171488318976.000000 -1.485193729 5.738342762 -0.250739932 0.417749494 -0.062210999 -0.108400814 -0.899924695
1403637171538319104.000000 -1.460975647 5.697890759 -0.202517271 0.416540235 -0.060211416 -0.105185956 -0.901002169
1403637171588318976.000000 -1.437600851 5.654521942 -0.157153964 0.416135699 -0.058503270 -0.102865279 -0.901569307
1403637171638319104.000000 -1.416814566 5.607619286 -0.113268971 0.417089403 -0.056760836 -0.099016637 -0.901670873
1403637171688318976.000000 -1.396978140 5.558293343 -0.070434213 0.418368161 -0.055981442 -0.097030021 -0.901343167
1403637171738319104.000000 -1.378299475 5.504983425 -0.029757380 0.420243949 -0.055957142 -0.095327370 -0.900653422
1403637171788318976.000000 -1.360612512 5.449429989 0.009939075 0.422611415 -0.055814996 -0.093463205 -0.899749398
1403637171838319104.000000 -1.345744252 5.390611649 0.048841953 0.425526977 -0.055855088 -0.091226757 -0.898601592
1403637171888318976.000000 -1.333642840 5.328507900 0.086979985 0.428068161 -0.056533758 -0.090090849 -0.897466063
1403637171938319104.000000 -1.323120356 5.264219284 0.123944044 0.430227399 -0.056838069 -0.090196304 -0.896403074
1403637171988318976.000000 -1.315369487 5.195922852 0.159588218 0.432670265 -0.058023922 -0.089562662 -0.895214140
1403637172038319104.000000 -1.311790705 5.123146534 0.193724036 0.434940517 -0.058454964 -0.089476839 -0.894093812
1403637172088318976.000000 -1.308925867 5.046662807 0.225212932 0.437023282 -0.059512563 -0.089389600 -0.893016517
1403637172138319104.000000 -1.308325291 4.966327667 0.255124807 0.437303513 -0.060209326 -0.093750902 -0.892385185
1403637172188318976.000000 -1.307893872 4.885320663 0.286511540 0.435864657 -0.061076105 -0.102101795 -0.892113805
1403637172238319104.000000 -1.308772326 4.800657272 0.315807819 0.432632267 -0.058847718 -0.114863023 -0.892285109
1403637172288318976.000000 -1.308297634 4.715614796 0.343377471 0.428781331 -0.056808934 -0.128831431 -0.892368674
1403637172338319104.000000 -1.307174683 4.628145695 0.366904616 0.425776720 -0.055222355 -0.141035259 -0.892061591
1403637172388318976.000000 -1.305881858 4.538133144 0.386944413 0.422985137 -0.054656167 -0.152183607 -0.891592145
1403637172438319104.000000 -1.305225730 4.449132442 0.404213786 0.420963436 -0.054420583 -0.161491260 -0.890925884
1403637172488318976.000000 -1.302525640 4.360285759 0.415813565 0.418733835 -0.054554995 -0.171218932 -0.890151620
1403637172538319104.000000 -1.296350121 4.268427849 0.423278928 0.417842060 -0.055638421 -0.177121475 -0.889348328
1403637172588318976.000000 -1.292689204 4.175633430 0.427984595 0.417495668 -0.056124132 -0.181826890 -0.888530552
1403637172638319104.000000 -1.288835526 4.085653782 0.428406000 0.417383969 -0.056824021 -0.185645297 -0.887748599
1403637172688318976.000000 -1.285501480 3.994723082 0.425113678 0.416855723 -0.056200083 -0.190136552 -0.887085617
1403637172738319104.000000 -1.283090830 3.907251596 0.416888952 0.417253107 -0.054947823 -0.193496004 -0.886250496
1403637172788318976.000000 -1.279788733 3.820852041 0.410062551 0.418583095 -0.051053241 -0.198356166 -0.884780526
1403637172838319104.000000 -1.279936075 3.732811928 0.396681309 0.420462221 -0.044075117 -0.205657512 -0.882595003
1403637172888318976.000000 -1.280632973 3.650231600 0.381083369 0.423147321 -0.033364538 -0.213995516 -0.879794955
1403637172938319104.000000 -1.285022020 3.567675591 0.362394691 0.426131606 -0.021371238 -0.222688824 -0.876564205
1403637172988318976.000000 -1.292773485 3.490127563 0.344454050 0.428788364 -0.010831321 -0.231042758 -0.873294115
1403637173038319104.000000 -1.306451321 3.413881540 0.324857593 0.430920213 -0.001624757 -0.239135802 -0.870126009
1403637173088318976.000000 -1.323602438 3.341980934 0.305315018 0.434858322 0.004245081 -0.244989172 -0.866522193
1403637173138319104.000000 -1.345165849 3.270891190 0.287397146 0.439797878 0.008600960 -0.252055973 -0.861958086
1403637173188318976.000000 -1.369729877 3.203781128 0.266729236 0.446373045 0.009844537 -0.258889288 -0.856522381
1403637173238319104.000000 -1.395311236 3.142661095 0.244824886 0.455583900 0.008645606 -0.262910157 -0.850439250
1403637173288318976.000000 -1.420930386 3.087638855 0.224246144 0.466246098 0.004331032 -0.265816808 -0.843763769
1403637173338319104.000000 -1.447084188 3.036518574 0.198974133 0.478306621 -0.000798313 -0.266463906 -0.836791039
1403637173388318976.000000 -1.474922299 2.989546776 0.176106453 0.489817530 -0.006175806 -0.268243611 -0.829509497
1403637173438319104.000000 -1.502103090 2.946436167 0.150096297 0.501110613 -0.010955212 -0.270039797 -0.822098970
1403637173488318976.000000 -1.534137249 2.908488035 0.121869087 0.512390077 -0.015016042 -0.272260964 -0.814312518
1403637173538319104.000000 -1.566119909 2.873281002 0.090819955 0.522541165 -0.018928025 -0.275377452 -0.806696832
1403637173588318976.000000 -1.601596832 2.839129686 0.056583047 0.531737030 -0.022882786 -0.280668288 -0.798722446
1403637173638319104.000000 -1.638402700 2.810340643 0.022784114 0.539293170 -0.027475834 -0.288639516 -0.790629745
1403637173688318976.000000 -1.677586913 2.783830166 -0.013570666 0.546135247 -0.030951871 -0.297062695 -0.782644272
1403637173738319104.000000 -1.718822956 2.759984970 -0.053075314 0.552391708 -0.033015370 -0.306204408 -0.774604678
1403637173788318976.000000 -1.761044979 2.736998081 -0.094459295 0.558263659 -0.032725248 -0.315221101 -0.766750574
1403637173838319104.000000 -1.807250619 2.717451572 -0.136875749 0.563089073 -0.030692106 -0.325851351 -0.758821189
1403637173888318976.000000 -1.854779005 2.704787254 -0.184553504 0.567821622 -0.025820509 -0.334662795 -0.751606822
1403637173938319104.000000 -1.901746273 2.696291685 -0.237132430 0.573566198 -0.016816840 -0.337386876 -0.746263444
1403637173988318976.000000 -1.946427345 2.692393780 -0.295317173 0.581612170 -0.009222956 -0.332519293 -0.742343009
1403637174038319104.000000 -2.280208826 2.532063007 -0.147239685 0.593023419 -0.025056848 -0.294920683 -0.748810589
1403637174088318976.000000 -2.023865223 2.694387913 -0.434490681 0.602491379 -0.003711603 -0.303255290 -0.738259196
1403637174138319104.000000 -2.057449579 2.703045368 -0.506026030 0.612688422 -0.008920075 -0.285144091 -0.737038851
1403637174188318976.000000 -2.088258505 2.710575104 -0.584902167 0.620564878 -0.018427523 -0.270201325 -0.735901475
1403637174238319104.000000 -2.104954958 2.747049093 -0.587451577 -0.630033612 0.024495455 0.256575078 0.732548237
1403637174288318976.000000 -2.132676601 2.758043289 -0.665198565 -0.633300304 0.034884423 0.249659747 0.731699347
1403637174338319104.000000 -2.159564257 2.768927574 -0.743870974 -0.633695066 0.040184062 0.248563722 0.731458843
1403637174388318976.000000 -2.492517233 2.609168053 -0.677010179 0.628591478 -0.073947445 -0.228087530 -0.739851773
1403637174438319104.000000 -2.519887209 2.619075775 -0.758916140 0.626466513 -0.081397429 -0.233138248 -0.739297509
1403637174488318976.000000 -2.559347868 2.605647087 -0.864129364 0.624530256 -0.091595344 -0.239618152 -0.737668872
1403637174538319104.000000 -2.293714523 2.758737564 -1.162192822 0.627445996 -0.072714664 -0.266687691 -0.727943540
1403637174588318976.000000 -2.321943045 2.760857344 -1.255635500 0.630039513 -0.075742163 -0.270293206 -0.724054515
1403637174638319104.000000 -2.351250648 2.762571812 -1.352621794 0.636464000 -0.073862538 -0.268828809 -0.719158530
1403637174688318976.000000 -2.382275105 2.763043642 -1.452620745 0.645911753 -0.072538972 -0.264635831 -0.712393224
1403637174738319104.000000 -2.415936470 2.761970997 -1.554533005 0.656664371 -0.070365466 -0.260328710 -0.704322100
1403637174788318976.000000 -2.440372229 2.764559269 -1.661265373 0.668273211 -0.067969427 -0.255682349 -0.695282400
1403637174838319104.000000 -2.481232643 2.756988049 -1.772673845 0.677771211 -0.063751653 -0.257034004 -0.685926795
1403637174888318976.000000 -1.995400906 2.561527729 -1.904678822 0.686518013 -0.059165291 -0.264089853 -0.674869657
1403637174938319104.000000 -1.998648643 2.553318262 -2.012414932 0.694122672 -0.056157272 -0.272313595 -0.663992047
1403637174988318976.000000 -2.005438328 2.528865337 -2.126311064 0.701813638 -0.052670382 -0.278489590 -0.653549612
1403637175038319104.000000 -2.004751444 2.498867035 -2.234727383 0.708854973 -0.051973328 -0.283091784 -0.643958509
1403637175088318976.000000 -1.963160634 2.492167950 -2.245030165 -0.720064819 0.048665106 0.281199336 0.632507205
1403637175138319104.000000 -1.965782762 2.466763973 -2.353748322 -0.726891041 0.052780174 0.280110925 0.624805212
1403637175188318976.000000 -1.968345881 2.439568043 -2.462938309 -0.732851088 0.059267115 0.278303534 0.618032336
1403637175238319104.000000 -2.020307064 2.395563602 -2.671218872 0.734804749 -0.071278222 -0.278014630 -0.614564359
1403637175288318976.000000 -2.026776314 2.360215425 -2.779166222 0.740231752 -0.077936344 -0.273244798 -0.609360456
1403637175338319104.000000 -2.031230211 2.323533773 -2.879017830 0.745397329 -0.081929639 -0.267951190 -0.604874015
1403637175388318976.000000 -2.028693676 2.280427217 -2.988117456 0.748768151 -0.085084759 -0.264275461 -0.601884902
1403637175438319104.000000 -2.048292875 2.234231949 -3.103654623 0.749981940 -0.087644592 -0.265330046 -0.599537790
1403637175488318976.000000 -2.054307461 2.188928843 -3.214571714 0.749380827 -0.088180743 -0.270278752 -0.597998261
1403637175538319104.000000 -2.053888321 2.126584768 -3.306248426 0.747281134 -0.088023692 -0.277466953 -0.597356617
1403637175588318976.000000 -2.399098158 1.907164574 -3.197768211 0.742245376 -0.113607146 -0.265940398 -0.604517162
1403637175638319104.000000 -2.410477400 1.859722614 -3.315403461 0.739468098 -0.109162956 -0.273768514 -0.605244815
1403637175688318976.000000 -2.057170391 1.973335743 -3.640545368 0.739428401 -0.078990445 -0.298289716 -0.598355651
1403637175738319104.000000 -2.056846380 1.913574696 -3.757632256 0.737329304 -0.077324159 -0.302403450 -0.599098265
1403637175788318976.000000 -2.051246405 1.858682632 -3.870685577 0.736280501 -0.073258914 -0.303492785 -0.600346863
1403637175838319104.000000 -2.117531061 1.685240269 -4.103334904 0.729377508 -0.069501661 -0.296399266 -0.612638175
1403637175888318976.000000 -2.049201488 1.721560478 -4.122187138 0.738674879 -0.063492186 -0.296796560 -0.601863801
1403637175938319104.000000 -2.104667902 1.562230110 -4.359374046 0.733108997 -0.058903273 -0.285309881 -0.614556730
1403637175988318976.000000 -2.090616703 1.494014740 -4.499703407 0.735005438 -0.057829242 -0.278663784 -0.615442395
1403637176038319104.000000 -2.009109497 1.510909557 -4.518930435 0.743710339 -0.061060697 -0.278436154 -0.604681671
1403637176088318976.000000 -1.975741148 1.431060791 -4.647625923 0.744628966 -0.064289898 -0.272882015 -0.605747521
1403637176138319104.000000 -1.954141736 1.355783939 -4.781147480 0.745860159 -0.065094247 -0.266760319 -0.606872559
1403637176188318976.000000 -1.921287537 1.289652824 -4.931306362 0.746390998 -0.067152858 -0.262019366 -0.608059883
1403637176238319104.000000 -1.892730951 1.209942818 -5.065489292 0.747544467 -0.067838550 -0.258399457 -0.608115911
1403637176288318976.000000 -1.888935685 1.140203476 -5.207820415 0.748818398 -0.068343863 -0.256499261 -0.607295930
1403637176338319104.000000 -1.866846681 1.055748940 -5.341794968 0.749844849 -0.069343023 -0.256532192 -0.605900586
1403637176388318976.000000 -1.848376393 0.968811989 -5.475015640 0.750935018 -0.067683429 -0.256178528 -0.604886949
1403637176438319104.000000 -1.828153014 0.879081249 -5.607888699 0.751346886 -0.065807521 -0.258691132 -0.603511453
1403637176488318976.000000 -1.807645202 0.786821842 -5.740592003 0.753195405 -0.060125608 -0.260559112 -0.600991368
1403637176538319104.000000 -1.859067678 0.638686180 -6.004965782 0.747677743 -0.057092581 -0.258729219 -0.608915150
1403637176588318976.000000 -1.764680743 0.595952988 -6.004788399 0.757548034 -0.055224583 -0.268453240 -0.592456043
1403637176638319104.000000 -1.737986445 0.499692440 -6.134604454 0.759614885 -0.053182118 -0.274101377 -0.587388575
1403637176688318976.000000 -1.723100901 0.407824039 -6.272089481 0.761644423 -0.050685603 -0.279335707 -0.582494974
1403637176738319104.000000 -1.700989604 0.308157921 -6.403018951 0.762987137 -0.048789781 -0.285032362 -0.578123569
1403637176788318976.000000 -1.678099275 0.207321167 -6.533599854 0.764507473 -0.046721593 -0.288946867 -0.574330211
1403637176838319104.000000 -1.656123042 0.096529961 -6.672743797 0.765875399 -0.044413719 -0.292715997 -0.570771158
1403637176888318976.000000 -1.632959008 -0.006312370 -6.803796768 0.766018987 -0.040903378 -0.298191011 -0.567999959
1403637176938319104.000000 -1.602648377 -0.090738297 -6.917155266 0.766732574 -0.036660790 -0.302258313 -0.565169990
1403637176988318976.000000 -1.576474667 -0.194932938 -7.064695358 0.765684664 -0.031401273 -0.307478160 -0.564090669
1403637177038319104.000000 -1.552003145 -0.296630859 -7.195270061 0.763904870 -0.026468830 -0.315029919 -0.562587798
1403637177088318976.000000 -1.527803898 -0.397595406 -7.325988770 0.761151612 -0.018086167 -0.323980302 -0.561567307
1403637177138319104.000000 -1.503514051 -0.497500420 -7.456858158 0.757873297 -0.011804425 -0.333739668 -0.560452163
1403637177188318976.000000 -1.478982329 -0.595824242 -7.588199615 0.755135000 -0.006185982 -0.341866791 -0.559338927
1403637177238319104.000000 -1.454221845 -0.691793442 -7.720236778 0.752848148 -0.001282628 -0.348251462 -0.558515072
1403637177288318976.000000 -1.429232836 -0.785099030 -7.853240490 0.751423955 0.001267248 -0.352269948 -0.557912588
1403637177338319104.000000 -1.404518485 -0.875349045 -7.987144947 0.750010550 0.004309933 -0.355820537 -0.557545900
1403637177388318976.000000 -1.379429102 -0.962477684 -8.122328758 0.749710023 0.007425312 -0.356853575 -0.557256997
1403637177438319104.000000 -1.354238153 -1.046400070 -8.258734703 0.750372827 0.013516011 -0.355106622 -0.557366312
1403637177488318976.000000 -1.328993320 -1.127033234 -8.396195412 0.751932681 0.021082718 -0.352820933 -0.556480229
1403637177538319104.000000 -1.302662492 -1.204070091 -8.534769058 0.754459441 0.026512695 -0.349708706 -0.554790080
1403637177588318976.000000 -1.273787022 -1.277152061 -8.674690247 0.757754207 0.034539621 -0.344087064 -0.553371131
1403637177638319104.000000 -1.241701603 -1.346279144 -8.815504074 0.761365831 0.040309954 -0.336867303 -0.552465081
1403637177688318976.000000 -1.205052853 -1.410616875 -8.957018852 0.765140712 0.044078328 -0.329309791 -0.551517785
1403637177738319104.000000 -1.164238930 -1.470353127 -9.098785400 0.768948674 0.047791414 -0.321237624 -0.550672710
1403637177788318976.000000 -1.063682795 -1.575434685 -9.209300041 0.772965789 0.046222709 -0.315805197 -0.548319757
1403637177838319104.000000 -1.027251720 -1.632346153 -9.361145020 0.774750531 0.041902166 -0.316901088 -0.545508444
1403637177888318976.000000 -0.968437195 -1.676445007 -9.490069389 0.778698742 0.038627286 -0.318565786 -0.539121509
1403637177938319104.000000 -0.917670250 -1.726786613 -9.625088692 0.783176839 0.036754865 -0.319953531 -0.531895638
1403637177988318976.000000 -0.866504312 -1.775233269 -9.758494377 0.788492799 0.039391074 -0.320208043 -0.523635507
1403637178038319104.000000 -0.814103723 -1.821636200 -9.890420914 0.795515954 0.045638993 -0.316813618 -0.514490664
1403637178088318976.000000 -0.761243582 -1.872074127 -10.013027191 0.803573370 0.054922435 -0.310618222 -0.504747212
1403637178138319104.000000 -0.706658602 -1.913932800 -10.139486313 0.809980094 0.060225636 -0.308593601 -0.495050818
1403637178188318976.000000 -0.649040461 -1.952664375 -10.263373375 0.815489054 0.065540731 -0.307276785 -0.486068994
1403637178238319104.000000 -0.586527228 -1.988188744 -10.384882927 0.821235716 0.069582552 -0.302815914 -0.478573710
1403637178288318976.000000 -0.519651055 -2.019906998 -10.503608704 0.826496959 0.072656885 -0.297085285 -0.472614199
1403637178338319104.000000 -0.448461413 -2.047681808 -10.619364738 0.831852496 0.075452521 -0.289506853 -0.467455000
1403637178388318976.000000 -0.373579651 -2.070820808 -10.732208252 0.835600913 0.080615222 -0.284228474 -0.463126957
1403637178438319104.000000 -0.293204516 -2.090659142 -10.841089249 0.838978410 0.082941994 -0.279164314 -0.459677368
1403637178488318976.000000 -0.208323628 -2.107378960 -10.945497513 0.840793908 0.084638797 -0.278160453 -0.456649452
1403637178938319104.000000 3.960219622 -4.208052635 1.389139652 0.043938529 0.842720270 -0.025302516 0.535958707
1403637179238319104.000000 -3.188756704 2.763858080 -3.877350569 0.850046456 0.000074903 -0.270493329 -0.451945156
1403637179288318976.000000 -3.341593027 2.912005424 -4.417399406 0.841779172 -0.004974994 -0.281404525 -0.460645944
1403637179338319104.000000 -3.368351936 2.924127102 -4.433541298 0.840378642 -0.004670551 -0.277726799 -0.465413660
1403637179388318976.000000 -3.326315880 3.031281710 -4.404472351 0.841498911 0.003104906 -0.282038420 -0.460786760
1403637179438319104.000000 -3.312063694 3.081943989 -4.406633377 0.840634704 0.005516784 -0.283018917 -0.461739451
1403637179488318976.000000 -3.305903435 3.125274658 -4.402276993 0.840150118 0.004855487 -0.283177078 -0.462531120
1403637179538319104.000000 -3.248143911 3.234819889 -4.375740528 0.841696024 0.007798280 -0.286429107 -0.457652092
1403637179588318976.000000 -3.245957613 3.277018547 -4.375713825 0.841714382 0.006708399 -0.285094321 -0.458468378
1403637179638319104.000000 -3.237280607 3.320059538 -4.372960091 0.841550350 0.005442266 -0.285081744 -0.458793819
1403637179688318976.000000 -3.238306284 3.364539862 -4.364826202 0.842337728 0.005739631 -0.282275110 -0.459080577
1403637179738319104.000000 -3.238846779 3.403924465 -4.356243134 0.843099117 0.007922607 -0.280162543 -0.458944589
1403637179788318976.000000 -3.183243513 3.243947744 -3.857751846 0.847620368 0.014618475 -0.261031419 -0.461723596
1403637179838319104.000000 -3.244518280 3.542206287 -4.294749737 0.847965479 0.022104539 -0.272070199 -0.454360843
1403637179888318976.000000 -3.252596378 3.590572119 -4.281780720 0.849617064 0.029588144 -0.266385287 -0.454218507
1403637179938319104.000000 -3.273944855 3.635488749 -4.263754368 0.851012111 0.032782752 -0.261025816 -0.454498887
1403637179988318976.000000 -3.288176298 3.677524805 -4.246222496 0.850849450 0.033768006 -0.259780973 -0.455443621
1403637180038319104.000000 -3.309873343 3.721271992 -4.230305672 0.849030495 0.028698644 -0.263975024 -0.456772268
1403637180088318976.000000 -3.339717150 3.790125370 -4.137552261 0.849935234 0.024461273 -0.264515013 -0.455020547
1403637180138319104.000000 -3.363327503 3.832222462 -4.107471943 0.847823977 0.015058954 -0.268998563 -0.456735820
1403637180188318976.000000 -3.381811380 3.877374172 -4.081652164 0.845005870 0.007429571 -0.274244130 -0.459020764
1403637180238319104.000000 -3.395498753 3.916337490 -4.047210693 0.842936575 -0.000003987 -0.277850002 -0.460714042
1403637180288318976.000000 -3.372655869 3.968507290 -4.021161079 0.840079784 -0.000554320 -0.285031080 -0.461544186
1403637180338319104.000000 -3.247919083 3.942197561 -3.387559891 0.847222030 0.000391752 -0.275943667 -0.453949124
1403637180388318976.000000 -3.250540972 3.984063148 -3.360861778 0.843628407 -0.000799149 -0.284021467 -0.455655932
1403637180438319104.000000 -3.256664515 4.024518967 -3.326570511 0.840318859 0.000951720 -0.291798174 -0.456855863
1403637180488318976.000000 -3.255067110 4.061336994 -3.304577351 0.835216284 0.003473548 -0.302673131 -0.459119588
1403637180538319104.000000 -3.266121864 4.097050190 -3.263529301 0.833566666 0.004826354 -0.307163000 -0.459123462
1403637180588318976.000000 -3.234374285 4.206536293 -3.155753613 0.834867358 0.011545364 -0.311301231 -0.453822374
1403637180638319104.000000 -3.225469589 4.250809193 -3.124447346 0.837207317 0.018272178 -0.304134816 -0.454149902
1403637180688318976.000000 -3.209225416 4.298311234 -3.111077785 0.838890016 0.020155987 -0.297226310 -0.455536783
1403637180738319104.000000 -3.217411041 4.269119740 -3.143395901 0.839680374 0.013968739 -0.289709210 -0.459140927
1403637180788318976.000000 -3.199169397 4.308310986 -3.125654697 0.841002166 0.013509080 -0.284189910 -0.460183740
1403637180838319104.000000 -3.282055140 4.651222229 -3.438776016 0.847993493 0.020513335 -0.286284268 -0.445564330
1403637180888318976.000000 -3.255463600 4.697713375 -3.413426399 0.850225925 0.026738973 -0.280786246 -0.444477201
1403637180938319104.000000 -3.235798597 4.737539291 -3.388489246 0.851253211 0.030459318 -0.278012335 -0.444015205
1403637180988318976.000000 -3.218107462 4.779786587 -3.366207123 0.852243781 0.034294225 -0.274730861 -0.443877816
1403637181038319104.000000 -3.184118509 4.829909325 -3.333433628 0.853513062 0.041097950 -0.273106068 -0.441859126
1403637181088318976.000000 -3.034452677 4.811945915 -2.736632347 0.857971728 0.041137788 -0.261096925 -0.440477848
1403637181138319104.000000 -3.006296635 4.852597237 -2.694407940 0.857804239 0.034845658 -0.263320863 -0.440022588
1403637181188318976.000000 -2.994259357 4.895652771 -2.663762569 0.856566191 0.023677975 -0.265670687 -0.441761136
1403637181238319104.000000 -2.953360558 4.945733547 -2.635055542 0.854919732 0.013008521 -0.271240085 -0.442008942
1403637181288318976.000000 -2.919203520 4.984669209 -2.596027374 0.854051232 0.002282194 -0.271812916 -0.443519026
1403637181338319104.000000 -2.848980427 5.144024849 -2.479746819 0.858663976 0.001534221 -0.269941658 -0.435689569
1403637181388318976.000000 -2.805244923 5.209908009 -2.426580906 0.860349238 -0.000727013 -0.266370565 -0.434563577
1403637181438319104.000000 -2.758196354 5.277682304 -2.369145393 -0.861705124 0.000607790 0.263798535 0.433444619
1403637181488318976.000000 -2.712304354 5.338536263 -2.317964077 0.861953735 0.001689204 -0.264445424 -0.432552397
1403637181538319104.000000 -2.661962271 5.405276299 -2.259017944 -0.861886740 -0.004298025 0.266900778 0.431157619
1403637181588318976.000000 -2.612221718 5.463053703 -2.205070496 0.861385584 0.005093341 -0.270244330 -0.430066347
1403637181638319104.000000 -2.557278633 5.527147293 -2.144336700 -0.861180902 -0.006736657 0.273506522 0.428388059
1403637181688318976.000000 -2.503466129 5.584196568 -2.088295937 0.861126542 0.006328873 -0.275554448 -0.427189469
1403637181738319104.000000 -2.448011398 5.644179344 -2.028578281 0.860790849 0.003488874 -0.278660327 -0.425881833
1403637181788318976.000000 -2.344144344 5.816681862 -2.468191147 0.855145693 0.007465248 -0.303806245 -0.419966549
1403637181838319104.000000 -2.334758520 5.767028809 -1.900580406 0.861752331 -0.004729202 -0.279768735 -0.423190325
1403637181888318976.000000 -2.280117750 5.827845573 -1.836677074 0.862085640 -0.007256739 -0.280095160 -0.422258824
1403637181938319104.000000 -2.235436678 5.880148888 -1.783288479 0.861740947 -0.008687248 -0.280958086 -0.422362119
1403637181988318976.000000 -2.185585499 5.937719345 -1.720355511 0.862027466 -0.009800639 -0.280446947 -0.422092557
1403637182038319104.000000 -2.136435986 5.994534016 -1.656751156 0.862517655 -0.010989022 -0.278843254 -0.422124356
1403637182088318976.000000 -2.085355043 6.052739143 -1.589129925 0.863834620 -0.013393158 -0.274550468 -0.422175884
1403637182138319104.000000 -2.039709568 6.105541706 -1.527774811 0.864070714 -0.016935956 -0.272444785 -0.422928959
1403637182188318976.000000 -1.990387917 6.161399364 -1.458308220 0.864007354 -0.023213280 -0.270867318 -0.423772812
1403637182238319104.000000 -1.944936514 6.217129707 -1.392402649 0.863692820 -0.030031323 -0.268855661 -0.425264150
1403637182288318976.000000 -1.898112893 6.268970490 -1.321462631 0.863050580 -0.036709577 -0.268164843 -0.426478386
1403637182338319104.000000 -1.854809046 6.312342167 -1.256765366 0.862433612 -0.042825844 -0.266950697 -0.427915484
1403637182388318976.000000 -1.809869766 6.359452248 -1.185137749 0.862529635 -0.046080552 -0.264658958 -0.428806275
1403637182438319104.000000 -1.771757364 6.397005558 -1.123669624 0.862252116 -0.051869500 -0.261686862 -0.430523992
1403637182488318976.000000 -1.726214170 6.437548637 -1.052872658 0.864259243 -0.050357871 -0.254490048 -0.430992961
1403637182538319104.000000 -1.682132483 6.473194599 -0.987727165 0.865076244 -0.048089176 -0.250188112 -0.432130277
1403637182588318976.000000 -1.633658051 6.507618904 -0.916806221 0.866200864 -0.044684231 -0.246291324 -0.432481170
1403637182638319104.000000 -1.585834503 6.536873817 -0.850744247 0.866357446 -0.042209055 -0.244946510 -0.433179528
1403637182688318976.000000 -1.534485817 6.564367294 -0.778331757 0.865848362 -0.042112179 -0.246017963 -0.433599472
1403637182738319104.000000 -1.476096869 6.598610878 -0.699230194 0.865702689 -0.044100508 -0.246507764 -0.433414400
1403637182788318976.000000 -1.424756527 6.620931149 -0.624448776 0.864852548 -0.046971284 -0.249099925 -0.433327913
1403637182838319104.000000 -1.384309053 6.626471996 -0.564296722 0.863639116 -0.051068269 -0.250991255 -0.434192270
1403637182888318976.000000 -1.336016417 6.642497063 -0.486985207 0.863285065 -0.054089371 -0.252486318 -0.433663398
1403637182938319104.000000 -1.290986776 6.653130054 -0.413889885 0.862750411 -0.058801241 -0.253797382 -0.433348715
1403637182988318976.000000 -1.247307658 6.663169384 -0.334800720 -0.862033188 0.063955344 0.255964756 0.432770818
1403637183038319104.000000 -1.208922148 6.668044090 -0.258084297 0.860943019 -0.069952078 -0.258487254 -0.432513773
1403637183088318976.000000 -1.173635960 6.672528267 -0.176192284 0.860313714 -0.075208306 -0.260045767 -0.431949437
1403637183138319104.000000 -1.871378064 4.439258575 -1.182440281 0.787949502 -0.082436204 -0.237998575 -0.561868787
1403637183188318976.000000 -1.848338842 4.411689281 -1.103020191 0.787223101 -0.084958225 -0.240092739 -0.561620414
1403637183238319104.000000 -1.091637731 6.667162895 0.071548462 0.857640922 -0.085610345 -0.266606003 -0.431328356
1403637183288318976.000000 -1.070576668 6.658018589 0.154066086 0.856989801 -0.087302171 -0.268427700 -0.431153625
1403637183338319104.000000 -1.053130865 6.631803036 0.232212067 0.855820775 -0.089562260 -0.270329237 -0.431823611
1403637183388318976.000000 -1.034936190 6.615467548 0.313920021 0.855095148 -0.091539785 -0.272385925 -0.431553870
1403637183438319104.000000 -1.017729044 6.589703560 0.393759251 0.855138838 -0.092229627 -0.272365153 -0.431333482
1403637183488318976.000000 -1.002052307 6.566169262 0.472790718 0.855377972 -0.092706464 -0.272239685 -0.430835992
1403637183538319104.000000 -0.987439275 6.532201290 0.551662922 0.854471862 -0.094593398 -0.274253517 -0.430946678
1403637183588318976.000000 -0.974494994 6.500944614 0.628862381 0.854120076 -0.096322156 -0.275160283 -0.430682898
1403637183638319104.000000 -0.962954283 6.458676815 0.705601692 0.853484392 -0.098931871 -0.276229978 -0.430666834
1403637183688318976.000000 -0.953038156 6.420056343 0.780398369 0.853406489 -0.100840688 -0.276559502 -0.430166781
1403637183738319104.000000 -0.940197229 6.362517357 0.860859871 0.851724505 -0.103431232 -0.280680299 -0.430216223
1403637183788318976.000000 -0.932546973 6.315711975 0.933290958 0.849137664 -0.106135666 -0.287159771 -0.430394769
1403637183838319104.000000 -0.928944170 6.263662338 0.998208523 0.846764326 -0.107802972 -0.293058902 -0.430680037
1403637183888318976.000000 -0.920918286 6.210894585 1.062644958 0.844386280 -0.110206082 -0.299226612 -0.430499673
1403637183938319104.000000 -0.911861062 6.145126343 1.125451565 0.842216551 -0.112712666 -0.304533243 -0.430379719
1403637183988318976.000000 -0.903612554 6.084833622 1.181927204 0.840228379 -0.114276864 -0.310073167 -0.429897279
1403637184038319104.000000 -0.892489076 6.010265827 1.237508774 0.838380873 -0.116107516 -0.314588934 -0.429732978
1403637184088318976.000000 -0.881793201 5.941427231 1.284867287 0.837845087 -0.116277777 -0.317102969 -0.428883195
1403637184138319104.000000 -0.868436992 5.858100414 1.331903458 0.838052988 -0.113918811 -0.317908913 -0.428513348
1403637184188318976.000000 -0.855874896 5.781599045 1.369090557 0.838484049 -0.110085227 -0.318705142 -0.428080380
1403637184238319104.000000 -0.842941880 5.709240913 1.399133205 0.840765893 -0.102946937 -0.316222817 -0.427221000
1403637184288318976.000000 -0.833965600 5.634923935 1.427605629 -0.843345582 0.091512278 0.313506275 0.426740587
1403637184338319104.000000 -0.829303384 5.551878452 1.457590580 -0.845772147 0.078752704 0.310876578 0.426407546
1403637184388318976.000000 -0.834228933 5.402170181 1.513659000 0.846868634 -0.066490076 -0.308985561 -0.427692205
1403637184438319104.000000 -0.837269485 5.314466000 1.541197300 0.847437799 -0.055848334 -0.309377909 -0.427803129
1403637184488318976.000000 -0.840227783 5.239256382 1.571796417 0.846980214 -0.047073226 -0.312153995 -0.427748322
1403637184538319104.000000 -0.846831441 5.150340557 1.597318172 0.845805347 -0.040161561 -0.315821022 -0.428085953
1403637184588318976.000000 -0.857567549 5.053405285 1.632498264 0.843968511 -0.033783473 -0.320937902 -0.428456217
1403637184638319104.000000 -0.866291821 4.964252472 1.655962944 0.842243016 -0.028795805 -0.325397789 -0.428851694
1403637184688318976.000000 -0.878897071 4.869286537 1.688347340 0.840519905 -0.024964908 -0.329706341 -0.429181576
1403637184738319104.000000 -0.888172388 4.780518532 1.708682060 0.838384748 -0.022562789 -0.334723562 -0.429606944
1403637184788318976.000000 -0.900546193 4.688092232 1.736449718 0.837010086 -0.019588614 -0.338114381 -0.429778039
1403637184838319104.000000 -0.907832146 4.601881027 1.751353741 0.835798621 -0.017293790 -0.340838909 -0.430081993
1403637184888318976.000000 -0.916007102 4.513353348 1.772535324 0.835102141 -0.016108464 -0.342720240 -0.429986000
1403637184938319104.000000 -0.919469774 4.429642200 1.781300545 0.834728539 -0.012507775 -0.343328029 -0.430346072
1403637184988318976.000000 -0.924541771 4.346834183 1.794996977 0.833635986 -0.013481824 -0.345928252 -0.430352151
1403637185038319104.000000 -0.925127447 4.266842365 1.797807932 0.833203733 -0.009550151 -0.346966684 -0.430458486
1403637185088318976.000000 -0.928047955 4.188587189 1.804655075 0.832699239 -0.008901592 -0.348250836 -0.430411547
1403637185138319104.000000 -0.925627172 4.112191677 1.801148176 0.832245767 -0.009412536 -0.349895269 -0.429943889
1403637185188318976.000000 -0.924304247 4.038963318 1.800568342 0.832314909 -0.008463536 -0.350013584 -0.429733425
1403637185238319104.000000 -0.919942081 3.965782404 1.792167902 0.831815481 -0.006669442 -0.351431966 -0.429574430
1403637185288318976.000000 -0.918436170 3.899286747 1.784228802 0.831072092 -0.004104458 -0.353642523 -0.429231197
1403637185338319104.000000 -0.912509084 3.830631733 1.769495487 0.830384135 0.000383253 -0.355409592 -0.429122508
1403637185388318976.000000 -0.907012761 3.770108938 1.754471779 0.829956830 0.006576789 -0.356766582 -0.428772837
1403637185438319104.000000 -0.898231983 3.704319477 1.735638857 0.829240620 0.011561762 -0.358705163 -0.428435564
1403637185488318976.000000 -0.889478147 3.649726868 1.715123415 0.829375446 0.015515702 -0.358607650 -0.428131163
1403637185538319104.000000 -0.878372192 3.589078665 1.691722155 0.830211461 0.016932772 -0.357093722 -0.427722245
1403637185588318976.000000 -0.865553498 3.531972408 1.666328669 -0.831977963 -0.014988084 0.353643626 0.427228719
1403637185638319104.000000 -0.854644358 3.491831303 1.637557030 0.834883571 0.010769263 -0.346996039 -0.427138299
1403637185688318976.000000 -0.841754377 3.439683437 1.608001471 0.838653922 0.005937910 -0.338341802 -0.426789433
1403637185738319104.000000 -0.827944517 3.393199682 1.574217796 0.841883838 0.001996392 -0.330742240 -0.426423728
1403637185788318976.000000 -0.818842947 3.345515966 1.543495178 0.844835341 0.001273292 -0.323517114 -0.426131934
1403637185838319104.000000 -0.815133154 3.312793255 1.512398243 0.846780479 0.002857511 -0.318776160 -0.425836235
1403637185888318976.000000 -0.809685111 3.268348694 1.481279135 0.848572433 0.002547021 -0.313933730 -0.425868630
1403637185938319104.000000 -0.809715331 3.238520622 1.451462984 0.849923611 0.002059633 -0.310800761 -0.425474495
1403637185988318976.000000 -0.806846976 3.197257996 1.421278715 0.851170301 -0.000301056 -0.307262689 -0.425556928
1403637186038319104.000000 -0.806485713 3.165654659 1.391015053 0.852420509 -0.002928362 -0.303781629 -0.425543815
1403637186088318976.000000 -0.804380894 3.126819372 1.361183643 0.853446603 -0.004440387 -0.300865173 -0.425546080
1403637186138319104.000000 -0.801346898 3.090865612 1.331200838 -0.853785872 0.005721374 0.299744993 0.425640762
1403637186188318976.000000 -0.796409607 3.060607910 1.300282955 0.854002416 -0.006488910 -0.299014241 -0.425709218
1403637186238319104.000000 -0.790392578 3.024261951 1.270008564 0.853778601 -0.005963885 -0.299566329 -0.425777704
1403637186288318976.000000 -0.781763792 2.994006634 1.237346888 0.853703439 -0.004950188 -0.299562484 -0.425944090
1403637186338319104.000000 -0.770883977 2.961559296 1.204348803 0.854578555 -0.006313202 -0.297016114 -0.425954461
1403637186388318976.000000 -0.760205388 2.937010288 1.175495625 0.855038524 -0.007983875 -0.295967400 -0.425733238
1403637186438319104.000000 -0.745769024 2.906047106 1.142368317 0.855043113 -0.011280906 -0.295969516 -0.425647855
1403637186488318976.000000 -0.726547480 2.872790813 1.105172873 0.854809999 -0.015164362 -0.296985626 -0.425287575
1403637186538319104.000000 -0.709772825 2.842645645 1.071656227 0.854653537 -0.020211367 -0.297467887 -0.425055027
1403637186588318976.000000 -0.694981694 2.821518660 1.045884848 0.854908049 -0.021935260 -0.297086865 -0.424724072
1403637186638319104.000000 -0.679395735 2.791557312 1.012771606 0.854799330 -0.023232868 -0.297898352 -0.424305350
1403637186688318976.000000 -0.665668607 2.761400223 0.980728865 -0.854373395 0.024454018 0.299861491 0.423711181
1403637186738319104.000000 -0.651888311 2.732947350 0.950950623 0.853020370 -0.026049923 -0.304252267 -0.423211962
1403637186788318976.000000 -0.642736614 2.701899529 0.920397520 0.851175189 -0.029518351 -0.309563965 -0.422847003
1403637186838319104.000000 -0.636195421 2.671355247 0.891158104 -0.848826051 0.035231601 0.315724999 0.422576368
1403637186888318976.000000 -0.630104542 2.644155264 0.866154671 0.846692145 -0.040985473 -0.321005821 -0.422359973
1403637186938319104.000000 -0.628031671 2.612588644 0.835745096 0.844781101 -0.048479892 -0.325396687 -0.422032773
1403637186988318976.000000 -0.626536131 2.578716516 0.801642418 0.843267441 -0.054054290 -0.328741372 -0.421790510
1403637187038319104.000000 -0.628702462 2.546276808 0.768959761 0.842857242 -0.059405196 -0.329185992 -0.421544105
1403637187088318976.000000 -0.632025540 2.517344713 0.742265940 0.843377531 -0.061883982 -0.327631891 -0.421357483
1403637187138319104.000000 -0.638166428 2.483112812 0.706885815 0.844595194 -0.061666928 -0.324533701 -0.421347916
1403637187188318976.000000 -0.645983338 2.447864056 0.672423124 0.846434414 -0.058605362 -0.321776122 -0.420207471
1403637187238319104.000000 -0.656859279 2.410902023 0.634647608 0.847812653 -0.053489733 -0.322116852 -0.417843699
1403637187288318976.000000 -0.669598639 2.372564077 0.596124172 -0.848522723 0.044847079 0.325566173 0.414734423
1403637187338319104.000000 -0.683218718 2.335692406 0.559227943 0.849119306 -0.036433507 -0.328863889 -0.411725104
1403637187388318976.000000 -0.698632061 2.297773838 0.518214464 0.849723995 -0.026987689 -0.331283867 -0.409257740
1403637187438319104.000000 -0.714281440 2.261453152 0.478209257 0.850319505 -0.019599814 -0.333368868 -0.406740606
1403637187488318976.000000 -0.731311023 2.225655317 0.435309887 0.850619733 -0.015015890 -0.335597545 -0.404468715
1403637187538319104.000000 -0.749002337 2.189744949 0.391123533 -0.850547493 0.011491247 0.338211387 0.402554363
1403637187588318976.000000 -0.767167211 2.155373573 0.348148346 0.850775123 -0.009638815 -0.339848489 -0.400739193
1403637187638319104.000000 -0.787173629 2.122751474 0.301913500 0.850586534 -0.009594494 -0.342017114 -0.399292976
1403637187688318976.000000 -0.806845665 2.093927145 0.259274721 0.850641489 -0.010669438 -0.343267977 -0.398073226
1403637187738319104.000000 -0.828766525 2.063507318 0.211777449 0.850233793 -0.011043777 -0.345529050 -0.396976411
1403637187788318976.000000 -0.852805018 2.031148434 0.160104752 0.850242496 -0.011241146 -0.346553832 -0.396057993
1403637187838319104.000000 -0.877021372 2.003267765 0.110271931 0.849294543 -0.011564041 -0.349525452 -0.395470619
1403637187888318976.000000 -0.899521112 1.982516289 0.064300537 0.849355280 -0.009309723 -0.349873990 -0.395091414
1403637187938319104.000000 -0.925165772 1.957765579 0.011487246 0.849848270 -0.006252331 -0.349182785 -0.394702852
1403637187988318976.000000 -0.951408505 1.931335211 -0.048706293 0.850689352 -0.005310215 -0.347562850 -0.394334376
1403637188038319104.000000 -0.978855491 1.909792662 -0.104183674 0.851946712 -0.003041956 -0.344717354 -0.394141614
1403637188088318976.000000 -1.005969763 1.896970630 -0.152816772 0.853263736 -0.000710383 -0.341433078 -0.394162357
1403637188138319104.000000 -1.035120249 1.879029751 -0.210175276 0.854676068 0.000354978 -0.337855190 -0.394186080
1403637188188318976.000000 -1.064229608 1.864366651 -0.267661572 0.857326925 0.004380185 -0.331167191 -0.394080877
1403637188238319104.000000 -1.094386935 1.849482059 -0.325975657 0.860702813 0.008236980 -0.322470397 -0.393872827
1403637188288318976.000000 -1.124919772 1.838581920 -0.383446455 0.863272965 0.009571223 -0.315593809 -0.393787831
1403637188338319104.000000 -1.157223701 1.826829910 -0.439925432 0.864706039 0.008603564 -0.312138855 -0.393419504
1403637188388318976.000000 -1.189785004 1.816222668 -0.496063709 -0.866424978 -0.004908465 0.307650924 0.393236250
1403637188438319104.000000 -1.220994711 1.808967471 -0.553142786 0.867658675 0.000966411 -0.304439038 -0.393045008
1403637188488318976.000000 -1.254757166 1.799319983 -0.606910229 0.869083047 -0.002289261 -0.301603168 -0.392077833
1403637188538319104.000000 -1.288976908 1.790401578 -0.660248518 -0.870787740 0.006934051 0.299813479 0.389605671
1403637188588318976.000000 -1.325804710 1.787479162 -0.708504677 0.872101903 -0.011716499 -0.300444424 -0.386049539
1403637188638319104.000000 -1.361902952 1.778720737 -0.759731293 0.874061167 -0.016408261 -0.300729424 -0.381195217
1403637188688318976.000000 -1.398618340 1.769890070 -0.809778214 -0.875581920 0.024080394 0.303318739 0.375198960
1403637188738319104.000000 -1.436916351 1.764991999 -0.857559204 0.877618670 -0.031866856 -0.305590004 -0.367946863
1403637188788318976.000000 -1.476216078 1.755003929 -0.906671762 0.879117608 -0.040538102 -0.309609890 -0.360070318
1403637188838319104.000000 -1.515266657 1.744420052 -0.954751253 -0.880819142 0.046396457 0.313454479 0.351783067
1403637188888318976.000000 -1.555552125 1.735735178 -1.002709627 0.882672012 -0.049423043 -0.316181451 -0.344204545
1403637188938319104.000000 -1.593814731 1.722359896 -1.052371979 0.884091377 -0.050593752 -0.318875402 -0.337848037
1403637188988318976.000000 -1.630798936 1.707842350 -1.102407455 -0.885390460 0.047048461 0.321670085 0.332262784
1403637189038319104.000000 -1.666527987 1.693496943 -1.151794910 0.886712313 -0.039614521 -0.323622018 -0.327781856
1403637189088318976.000000 -1.699034452 1.676276445 -1.203778028 0.887161136 -0.032987427 -0.327007592 -0.323918402
1403637189138319104.000000 -1.730556130 1.659602284 -1.255827665 -0.886263788 0.025968986 0.333104879 0.320785493
1403637189188318976.000000 -1.765313029 1.641368628 -1.312493563 0.885208011 -0.022659838 -0.338539660 -0.318251908
1403637189238319104.000000 -1.799621820 1.624910951 -1.365646839 0.883953035 -0.021286335 -0.343922406 -0.316056043
1403637189288318976.000000 -1.836217642 1.609106660 -1.419693947 -0.883177400 0.023798393 0.346977592 0.314702839
1403637189338319104.000000 -1.877795219 1.597081065 -1.465626001 0.883671939 -0.028427275 -0.346065164 -0.313934296
1403637189388318976.000000 -1.919431567 1.581879258 -1.519693613 0.885556102 -0.032401983 -0.341205567 -0.313559115
1403637189438319104.000000 -1.960240245 1.566945791 -1.574571609 -0.888112068 0.035584737 0.334072977 0.313665569
1403637189488318976.000000 -2.004220009 1.552649975 -1.628707170 0.890257120 -0.037047971 -0.327790916 -0.314042926
1403637189538319104.000000 -2.042354584 1.536960125 -1.686337709 0.891943395 -0.035587888 -0.322777271 -0.314619511
1403637189588318976.000000 -2.079150915 1.521030068 -1.745470285 -0.893278539 0.032992259 0.318368435 0.315604985
1403637189638319104.000000 -2.116209269 1.505727530 -1.803429365 0.894251525 -0.029722584 -0.315307319 -0.316247016
1403637189688318976.000000 -2.146831036 1.488340855 -1.864194870 0.895211697 -0.027283615 -0.311880052 -0.317147434
1403637189738319104.000000 -2.175685883 1.470013022 -1.923908472 -0.894573331 0.025120437 0.312802345 0.318217456
1403637189788318976.000000 -2.204689026 1.453036189 -1.982798815 0.893910766 -0.023476170 -0.314004064 -0.319020212
1403637189838319104.000000 -2.228884220 1.433277488 -2.042623520 0.893332243 -0.020174528 -0.315344602 -0.319543988
1403637189888318976.000000 -2.250488520 1.412705421 -2.103292227 -0.893560886 0.019964656 0.314327002 0.319920182
1403637189938319104.000000 -2.269996643 1.395299077 -2.164264202 0.893898129 -0.021111093 -0.313090175 -0.320117384
1403637189988318976.000000 -2.286505699 1.373868704 -2.224349499 0.894588530 -0.019721741 -0.311243623 -0.320078105
1403637190038319104.000000 -2.302126169 1.349944830 -2.280959129 -0.895430207 0.020537892 0.309000969 0.319846123
1403637190088318976.000000 -2.311474085 1.333878398 -2.339739799 0.896465659 -0.019212944 -0.306597024 -0.319340676
1403637190138319104.000000 -2.323764801 1.311679363 -2.398096561 0.896804750 -0.019939132 -0.305900335 -0.319012195
1403637190188318976.000000 -2.335564375 1.290096641 -2.456202745 -0.897547603 0.019735316 0.304351300 0.318416506
1403637190238319104.000000 -2.456960678 1.445136786 -3.106209278 0.892190635 -0.022871658 -0.315320313 -0.322561353
1403637190288318976.000000 -2.467421055 1.423368931 -3.163767099 0.892742872 -0.023213519 -0.314468741 -0.321839541
1403637190338319104.000000 -2.476641178 1.402724743 -3.221379519 -0.892870605 0.023492467 0.314680278 0.321257889
1403637190388318976.000000 -2.358343363 1.209149241 -2.687268019 0.898432553 -0.023289965 -0.303802103 -0.316197544
1403637190438319104.000000 -2.363118649 1.186716437 -2.743816853 0.898360133 -0.025445163 -0.304202706 -0.315851808
1403637190488318976.000000 -2.367668629 1.164315701 -2.800029755 -0.898946643 0.026060903 0.303141266 0.315152586
1403637190538319104.000000 -2.456509113 1.324790001 -3.444289923 0.893431604 -0.023989977 -0.316074848 -0.318278581
1403637190588318976.000000 -2.464475632 1.302223921 -3.497977257 0.893994093 -0.021523386 -0.314817578 -0.318121463
1403637190638319104.000000 -2.472490311 1.279593945 -3.549204588 -0.894163609 0.016305720 0.313285053 0.319465280
1403637190688318976.000000 -2.470648289 1.262420893 -3.594733477 0.893629909 -0.011583303 -0.311335802 -0.323050290
1403637190738319104.000000 -2.481377840 1.240393877 -3.642338514 0.891452253 -0.011903501 -0.311717719 -0.328638524
1403637190788318976.000000 -2.491744995 1.218852997 -3.687785625 -0.889354527 0.013416643 0.311431080 0.334483683
1403637190838319104.000000 -2.499156952 1.199436188 -3.733301878 0.886986613 -0.015887810 -0.311679244 -0.340379894
1403637190888318976.000000 -2.512157679 1.177826643 -3.776164770 0.884746909 -0.019465925 -0.311854482 -0.345818996
1403637190938319104.000000 -2.525084257 1.157431841 -3.818457842 -0.882900000 0.022436710 0.311606437 0.350550413
1403637190988318976.000000 -2.537612438 1.136912823 -3.857354879 0.881749511 -0.024598498 -0.310225785 -0.354503572
1403637191038319104.000000 -2.553506374 1.114821672 -3.896635771 0.880436838 -0.025904065 -0.309511691 -0.358277202
1403637191088318976.000000 -2.569434404 1.093313217 -3.935190916 -0.879478514 0.027529746 0.308607012 0.361277491
1403637191138319104.000000 -2.488548040 0.881183386 -3.382969856 0.884554684 -0.027939299 -0.295257270 -0.360007852
1403637191188318976.000000 -2.505986929 0.857883930 -3.419764996 0.884146035 -0.027500549 -0.294139057 -0.361955553
1403637191238319104.000000 -2.523525476 0.833762407 -3.455541611 -0.883854687 0.027120933 0.293774068 0.362990618
1403637191288318976.000000 -2.542192221 0.809243441 -3.485483170 0.883726954 -0.025590505 -0.293013811 -0.364025742
1403637191338319104.000000 -2.561961651 0.784830332 -3.519356251 0.883668244 -0.025820673 -0.292204916 -0.364801347
1403637191388318976.000000 -2.581876516 0.760744572 -3.552224636 -0.884238482 0.023514297 0.290471524 0.364959925
1403637191438319104.000000 -2.686162949 0.929062366 -4.162638664 0.878240287 -0.021639589 -0.302734256 -0.369564354
1403637191488318976.000000 -2.703668833 0.904228210 -4.194375038 0.878466666 -0.021672387 -0.302397311 -0.369300127
1403637191538319104.000000 -2.718234062 0.878187656 -4.224591255 -0.879113555 0.018489029 0.301411808 0.368738949
1403637191588318976.000000 -2.643802881 0.654935837 -3.667101145 0.886065006 -0.014578636 -0.287502825 -0.363343358
1403637191638319104.000000 -2.653046846 0.629068851 -3.697490215 0.885315061 -0.010383949 -0.291141689 -0.362416893
1403637191688318976.000000 -2.659533262 0.602343082 -3.726214409 -0.883991182 0.006784206 0.296736121 0.361194164
1403637191738319104.000000 -2.665712833 0.577903748 -3.746931791 0.882849514 -0.004400899 -0.301077068 -0.360430241
1403637191788318976.000000 -2.667817593 0.552838802 -3.775550604 0.881728113 -0.001167272 -0.305506200 -0.359472126
1403637191838319104.000000 -2.667320251 0.528857708 -3.803585052 -0.882066786 -0.004828662 0.305657208 0.358481020
1403637191888318976.000000 -2.666406155 0.502102852 -3.828058481 0.882616997 0.011286846 -0.305021286 -0.357522011
1403637191938319104.000000 -2.661843300 0.481025219 -3.856471777 0.883585632 0.017944897 -0.303041518 -0.356539339
1403637191988318976.000000 -2.653091908 0.463413239 -3.887988567 -0.884135604 -0.023262734 0.301849574 0.355879158
1403637192038319104.000000 -2.649634838 0.444963932 -3.905086040 0.883593619 0.025338426 -0.304626286 -0.354715735
1403637192088318976.000000 -2.639076948 0.429050922 -3.930213213 0.881953239 0.025614817 -0.310402304 -0.353769571
1403637192138319104.000000 -2.628384590 0.421830177 -3.947840452 0.880595088 0.026973747 -0.314687371 -0.353265703
1403637192188318976.000000 -2.614177704 0.410038948 -3.971862316 0.879546821 0.028732866 -0.318113565 -0.352669358
1403637192238319104.000000 -2.597762585 0.400756359 -3.994781494 -0.879170716 -0.031321317 0.319522321 0.352112800
1403637192288318976.000000 -2.675535440 0.597184181 -4.592432976 0.872528374 0.036778688 -0.331801057 -0.356720716
1403637192338319104.000000 -2.656997919 0.593809128 -4.616407871 0.873320162 0.041688371 -0.329312325 -0.356549412
1403637192388318976.000000 -2.638558626 0.594142914 -4.639010429 -0.874448538 -0.042881768 0.326396406 0.356323361
1403637192438319104.000000 -2.625324726 0.599283218 -4.658604145 0.874146163 0.040508807 -0.327904910 -0.355957717
1403637192488318976.000000 -2.610179424 0.604271412 -4.677881241 0.872534096 0.034606878 -0.333317816 -0.355507851
1403637192538319104.000000 -2.502254009 0.411478519 -4.115342140 0.877939165 0.028189253 -0.325373560 -0.350086302
1403637192588318976.000000 -2.489016056 0.419979095 -4.131806374 0.875963867 0.021929206 -0.331278861 -0.349943906
1403637192638319104.000000 -2.477070332 0.430715084 -4.147614479 -0.874340177 -0.017792376 0.335995466 0.349742591
1403637192688318976.000000 -2.568206310 0.648738861 -4.743274689 0.865806878 0.015106254 -0.352795333 -0.354521960
1403637192738319104.000000 -2.559689045 0.663151264 -4.759995461 0.865384221 0.013164422 -0.353983074 -0.354447305
1403637192788318976.000000 -2.553079844 0.679863453 -4.777117729 -0.865438402 -0.012269638 0.353699237 0.354630411
1403637192838319104.000000 -2.553081751 0.705001831 -4.786072731 0.866506636 0.011936434 -0.350714266 -0.354997635
1403637192888318976.000000 -2.545525551 0.724928379 -4.805118084 0.867951572 0.010995722 -0.346806824 -0.355336905
1403637192938319104.000000 -2.536887884 0.747220993 -4.825119019 -0.869047821 -0.008783036 0.343499601 0.355930865
1403637192988318976.000000 -2.427839041 0.566555977 -4.271878242 0.877023160 0.007671308 -0.326768726 -0.352127582
1403637193038319104.000000 -2.415466785 0.590666294 -4.293882370 0.877132893 0.004717340 -0.326061755 -0.352561414
1403637193088318976.000000 -2.402124643 0.615977287 -4.316440582 -0.875896335 0.000762432 0.329147846 0.352798581
1403637193138319104.000000 -2.495982885 0.849405766 -4.907417297 0.865981460 -0.009186522 -0.350077033 -0.356984377
1403637193188318976.000000 -2.481729031 0.876136780 -4.931833267 0.862281501 -0.019290598 -0.358932585 -0.356743455
1403637193238319104.000000 -2.468226671 0.902866364 -4.957359314 -0.859640777 0.025601568 0.364958674 0.356605470
1403637193288318976.000000 -2.351968765 0.725323677 -4.414203644 0.865322590 -0.030248621 -0.355108321 -0.352420181
1403637193338319104.000000 -2.343935251 0.751539707 -4.443025112 0.867060900 -0.024317309 -0.351496458 -0.352227628
1403637193388318976.000000 -2.341569901 0.778575420 -4.471695900 -0.869751692 0.018748900 0.345234305 0.352127612
1403637193438319104.000000 -2.460062027 1.017650127 -5.067283154 0.865893483 -0.011676233 -0.351198494 -0.356022239
1403637193488318976.000000 -2.462297678 1.045967579 -5.097440720 0.868112981 -0.006235883 -0.345543176 -0.356287748
1403637193538319104.000000 -2.464153051 1.074915409 -5.128694534 -0.869863093 0.000894207 0.340840876 0.356601954
1403637193588318976.000000 -2.466708422 1.106482983 -5.156569481 0.870671034 0.004056802 -0.338224381 -0.357099086
1403637193638319104.000000 -2.466701508 1.137581348 -5.189568520 0.871289730 0.007101452 -0.336324841 -0.357336581
1403637193688318976.000000 -2.466277122 1.170759678 -5.223058224 -0.871490002 -0.009734078 0.335521519 0.357541263
1403637193738319104.000000 -2.461849689 1.201342106 -5.255348206 0.871890724 0.012530449 -0.333922505 -0.357973933
1403637193788318976.000000 -2.458844662 1.236869335 -5.290238380 0.872032285 0.013977117 -0.333419859 -0.358044207
1403637193838319104.000000 -2.455301285 1.273281097 -5.324843407 -0.871950448 -0.015597593 0.333214700 0.358367383
1403637193888318976.000000 -2.446924210 1.307384014 -5.356861115 0.872044265 0.015557654 -0.333009094 -0.358331889
1403637193938319104.000000 -2.443089962 1.346755981 -5.390963554 0.872623384 0.013802722 -0.331434011 -0.358454347
1403637193988318976.000000 -2.441298008 1.387100697 -5.423394203 -0.874079943 -0.012114926 0.327596754 0.358493924
1403637194038319104.000000 -2.440536976 1.423491478 -5.451224327 0.875531554 0.009737533 -0.323694080 -0.358569264
1403637194088318976.000000 -2.446370602 1.464810848 -5.479555130 0.876553833 0.007734265 -0.321281284 -0.358290285
1403637194138319104.000000 -2.453969717 1.505707741 -5.505906105 -0.877263367 -0.007096116 0.319593459 0.358076304
1403637194188318976.000000 -2.463284254 1.544815540 -5.528244019 0.877385139 0.006461157 -0.319350928 -0.358006567
1403637194238319104.000000 -2.474306822 1.587707043 -5.552550793 0.876449168 0.005438020 -0.322028518 -0.357917547
1403637194288318976.000000 -2.483867645 1.630306721 -5.575011253 -0.876105011 -0.005134672 0.323197484 0.357710809
1403637194338319104.000000 -2.492634058 1.673588753 -5.598373890 -0.875436842 -0.005916466 0.325290829 0.357437104
1403637194388318976.000000 -2.499500513 1.717272282 -5.621128082 -0.874862850 -0.006454298 0.326770902 0.357483000
1403637194438319104.000000 -2.504465103 1.761943340 -5.644590855 -0.874584854 -0.007865406 0.327606022 0.357370794
1403637194488318976.000000 -2.507799149 1.808134079 -5.669008255 -0.874329805 -0.006300876 0.328469992 0.357232869
1403637194538319104.000000 -2.509395123 1.855383396 -5.694262981 -0.873973966 -0.006470288 0.329509377 0.357143164
1403637194588318976.000000 -2.509108543 1.903141499 -5.719782352 -0.873771369 -0.006373411 0.330262542 0.356945008
1403637194638319104.000000 -2.506261349 1.951413631 -5.745435238 -0.873698056 -0.007263949 0.330827951 0.356583685
1403637194688318976.000000 -2.499484539 1.990137100 -5.757675648 0.872748435 0.008363184 -0.333668798 -0.356238008
1403637194738319104.000000 -2.498113394 2.049566746 -5.796448708 -0.871582687 -0.009564849 0.337266833 0.355673134
1403637194788318976.000000 -2.493711472 2.099836349 -5.821769238 -0.870801628 -0.010050486 0.339763701 0.355196029
1403637194838319104.000000 -2.492760181 2.156090260 -5.849210739 -0.870221496 -0.010015321 0.342034966 0.354438186
1403637194888318976.000000 -2.491066933 2.208271027 -5.873071671 -0.869723856 -0.010276970 0.343614519 0.354124188
1403637194938319104.000000 -2.491393566 2.263423443 -5.897692680 -0.870417833 -0.007300125 0.342149168 0.353911787
1403637194988318976.000000 -2.490499020 2.315506935 -5.920395374 -0.872028410 -0.004510868 0.338434786 0.353564918
1403637195038319104.000000 -2.490604401 2.368113518 -5.942382336 -0.874220490 -0.002849713 0.332795441 0.353521824
1403637195088318976.000000 -2.492218018 2.420737267 -5.962624073 -0.876060009 -0.000785822 0.328054368 0.353410095
1403637195138319104.000000 -2.496703386 2.475962162 -5.983300686 -0.877937913 0.000980688 0.323413193 0.353026956
1403637195188318976.000000 -2.499820709 2.511402607 -5.980904102 0.879686832 -0.003193830 -0.318748623 -0.352902681
1403637195238319104.000000 -2.506799221 2.566679955 -6.002312183 -0.880905151 0.004628026 0.315543145 0.352728337
1403637195288318976.000000 -2.513411045 2.618992329 -6.015958786 0.881881118 -0.005409481 -0.312802941 -0.352719188
1403637195338319104.000000 -2.521496296 2.672249317 -6.031693459 0.882509351 -0.007378386 -0.310860008 -0.352829963
1403637195388318976.000000 -2.529864550 2.724965334 -6.046275616 0.882882416 -0.006462543 -0.309531063 -0.353082925
1403637195438319104.000000 -2.537063599 2.777699709 -6.060149670 0.882514834 -0.008330479 -0.308761954 -0.354632616
1403637195488318976.000000 -2.542689085 2.830572367 -6.073628426 0.881012738 -0.009063073 -0.309161842 -0.357985407
1403637195538319104.000000 -2.546053410 2.883050919 -6.086775780 0.878895521 -0.009495588 -0.310476661 -0.362017632
1403637195588318976.000000 -2.546496391 2.934647083 -6.099750519 0.877427161 -0.009144174 -0.310011089 -0.365966082
1403637195638319104.000000 -2.544734478 2.985853195 -6.112783909 0.876132309 -0.009468910 -0.309324205 -0.369622916
1403637195688318976.000000 -2.540756226 3.036628723 -6.125790119 0.875183046 -0.010199582 -0.308108717 -0.372853279
1403637195738319104.000000 -2.535346508 3.086285591 -6.138504505 0.874721169 -0.009643413 -0.306205124 -0.375510842
1403637195788318976.000000 -2.529125690 3.135207653 -6.150306225 0.873732090 -0.007756405 -0.306180745 -0.377869636
1403637195838319104.000000 -2.521300316 3.183839321 -6.162178993 0.874335408 -0.003109163 -0.302066147 -0.379847378
1403637195888318976.000000 -2.512963057 3.232656956 -6.173332691 0.874509275 0.002678598 -0.299667925 -0.381347120
1403637195938319104.000000 -2.504698038 3.281586170 -6.183719158 0.874768257 0.008271961 -0.297298491 -0.382525504
1403637195988318976.000000 -2.497057915 3.330484867 -6.191942692 0.875671923 0.015571805 -0.293239415 -0.383362621
1403637196038319104.000000 -2.490339994 3.380078554 -6.197573185 0.876711607 0.022163462 -0.288750857 -0.384068549
1403637196088318976.000000 -2.484310150 3.430301428 -6.200525761 0.878789842 0.027400834 -0.281383365 -0.384449035
1403637196138319104.000000 -2.478631496 3.482469797 -6.200597763 0.881248116 0.031886786 -0.272951603 -0.384554982
1403637196188318976.000000 -2.472415924 3.534976006 -6.197253227 0.884028673 0.035413187 -0.263238966 -0.384635508
1403637196238319104.000000 -2.467081070 3.588367462 -6.191370487 0.886625111 0.036573280 -0.254426926 -0.384480625
1403637196288318976.000000 -2.460909128 3.643671036 -6.180931568 0.888864934 0.037602481 -0.246632293 -0.384288698
1403637196338319104.000000 -2.456859589 3.700252771 -6.165960789 0.890906453 0.039380308 -0.239797667 -0.383708328
1403637196388318976.000000 -2.451236963 3.757732630 -6.145697117 0.892580450 0.040554143 -0.234550059 -0.382938445
1403637196438319104.000000 -2.444775105 3.815650225 -6.120384693 0.893605113 0.040939201 -0.231574804 -0.382317871
1403637196488318976.000000 -2.437861443 3.877886534 -6.091522217 0.893849730 0.039269466 -0.231702298 -0.381843716
1403637196538319104.000000 -2.431070566 3.938017130 -6.057493687 0.893889546 0.038074803 -0.232876003 -0.381156951
1403637196588318976.000000 -2.424260855 3.999908209 -6.020367622 0.893883288 0.034119807 -0.233983949 -0.380867630
1403637196638319104.000000 -2.415045261 4.088692665 -5.982069492 0.893352449 0.032245439 -0.237654507 -0.380002528
1403637196688318976.000000 -2.407866478 4.157512665 -5.935084820 0.892949879 0.028466068 -0.240469635 -0.379479557
1403637196738319104.000000 -2.400656223 4.225771904 -5.884153366 0.892670512 0.024379704 -0.242662951 -0.379024833
1403637196788318976.000000 -2.394987583 4.294446945 -5.829676628 0.891980648 0.020462977 -0.246324629 -0.378518105
1403637196838319104.000000 -2.387700796 4.362871170 -5.772022247 0.892150879 0.020449817 -0.246827632 -0.377789348
1403637196888318976.000000 -2.379726171 4.427247524 -5.708744049 0.893159807 0.020772649 -0.244608670 -0.376829743
1403637196938319104.000000 -2.371430635 4.492089272 -5.641306877 0.893448770 0.018243207 -0.244658411 -0.376243055
1403637196988318976.000000 -2.361205101 4.556191444 -5.570463657 0.892790735 0.010128665 -0.247245520 -0.376419783
1403637197038319104.000000 -2.349574804 4.617834568 -5.495107651 0.890711546 0.003218295 -0.251801878 -0.378442109
1403637197088318976.000000 -2.335745811 4.678538322 -5.419168949 0.887916863 -0.001923397 -0.256042719 -0.382154614
1403637197138319104.000000 -2.320864201 4.739188194 -5.339655876 0.884535611 -0.006142925 -0.259567648 -0.387535602
1403637197188318976.000000 -2.303006649 4.797593594 -5.258489609 0.879814208 -0.009463352 -0.264384121 -0.394890398
1403637197238319104.000000 -2.281521320 4.854335308 -5.176551342 0.874852002 -0.011587817 -0.266621917 -0.404243141
1403637197288318976.000000 -2.258376122 4.909945488 -5.093549252 0.868076801 -0.013174710 -0.271496564 -0.415401965
1403637197338319104.000000 -2.231219530 4.962673664 -5.008446217 0.860807300 -0.014451932 -0.274934709 -0.428033799
1403637197388318976.000000 -2.201616764 5.013155937 -4.922799110 0.853018641 -0.016636010 -0.276289880 -0.442432404
1403637197438319104.000000 -2.169199705 5.062011719 -4.836841583 0.843980253 -0.017170213 -0.277625829 -0.458613664
1403637197488318976.000000 -2.134500027 5.108157158 -4.751283646 0.834470391 -0.013283504 -0.277081698 -0.476139218
1403637197538319104.000000 -2.096374035 5.150441170 -4.664077282 0.824176073 -0.010410328 -0.275301844 -0.494807333
1403637197588318976.000000 -2.056597710 5.193387032 -4.576097488 0.812945068 -0.005021347 -0.272603959 -0.514569998
1403637197638319104.000000 -2.014871836 5.236732483 -4.489705563 0.801294863 -0.002349174 -0.268573582 -0.534592688
1403637197688318976.000000 -1.971163273 5.277363777 -4.403677940 0.789487183 -0.001545340 -0.263670951 -0.554242969
1403637197738319104.000000 -1.924702525 5.317020416 -4.317989349 0.778120160 0.000971547 -0.257310599 -0.572991669
1403637197788318976.000000 -1.876323819 5.355312347 -4.232979298 0.767194152 0.002726758 -0.249102697 -0.591061413
1403637197838319104.000000 -1.825213194 5.389233589 -4.146230221 0.756905913 0.005053586 -0.238525391 -0.608418941
1403637197888318976.000000 -1.771738410 5.424242020 -4.059539795 0.746259212 0.008056850 -0.230165422 -0.624544859
1403637197938319104.000000 -1.717444658 5.458089828 -3.973335743 0.735607743 0.008619273 -0.223041758 -0.639577508
1403637197988318976.000000 -1.662133098 5.491881371 -3.885521650 0.725361824 0.010028270 -0.216080561 -0.653497517
1403637198038319104.000000 -1.604359150 5.524240971 -3.796298981 0.715135276 0.009705732 -0.210347280 -0.666514337
1403637198088318976.000000 -1.543996811 5.554432869 -3.706114292 0.705125630 0.008785333 -0.205268860 -0.678664446
1403637198138319104.000000 -1.481887937 5.585078716 -3.614038944 0.695243001 0.008585406 -0.200388223 -0.690223277
1403637198188318976.000000 -1.415815592 5.613684654 -3.520209789 0.685125291 0.007952132 -0.197055385 -0.701219857
1403637198238319104.000000 -1.347668648 5.641168594 -3.425756931 0.674924731 0.008833828 -0.193708345 -0.711952090
1403637198288318976.000000 -1.277498603 5.668569565 -3.330252171 0.666070640 0.008366320 -0.186013222 -0.722273529
1403637198338319104.000000 -1.206697464 5.693122864 -3.233070850 0.656814158 0.008582279 -0.181099534 -0.731932044
1403637198388318976.000000 -1.135761380 5.720452309 -3.133893490 0.649528682 0.009052644 -0.171684742 -0.740644991
1403637198438319104.000000 -1.067706347 5.746185303 -3.034005165 0.643517256 0.008736724 -0.164051697 -0.747593641
1403637198488318976.000000 -1.002720356 5.773442268 -2.933422089 0.639190972 0.009141608 -0.157168061 -0.752761364
1403637198538319104.000000 -0.943339527 5.808107376 -2.832355738 0.636346161 0.009796622 -0.150612459 -0.756494284
1403637198588318976.000000 -0.884289443 5.834843159 -2.726734400 0.634509206 0.010402437 -0.144650355 -0.759187877
1403637198638319104.000000 -0.829947412 5.858613968 -2.619377136 0.633445203 0.011434665 -0.139824152 -0.760963559
1403637198688318976.000000 -0.777769029 5.877315044 -2.507512808 0.632054746 0.010568046 -0.138312906 -0.762407124
1403637198738319104.000000 -0.730383396 5.892623901 -2.392291546 0.630871475 0.009499808 -0.138074055 -0.763443828
1403637198788318976.000000 -0.686095715 5.906888008 -2.273035765 0.630541623 0.007302272 -0.137088716 -0.763917983
1403637198838319104.000000 -0.644055009 5.914613724 -2.150078773 0.630619407 0.001344338 -0.135296613 -0.764207006
1403637198888318976.000000 -0.605369091 5.920954704 -2.025536537 0.631192923 -0.005615293 -0.133942276 -0.763952613
1403637198938319104.000000 -0.565156281 5.923625946 -1.900368214 0.630492449 -0.015228303 -0.136704654 -0.763910532
1403637198988318976.000000 -0.522905767 5.919466972 -1.771647930 0.628732562 -0.026263535 -0.138757631 -0.764690816
1403637199038319104.000000 -0.481087446 5.913674831 -1.642671824 0.625207663 -0.034520932 -0.142854989 -0.766496122
1403637199088318976.000000 -0.437758863 5.904497147 -1.512595177 0.620305359 -0.039050430 -0.148156643 -0.769250214
1403637199138319104.000000 -0.393606067 5.892398834 -1.381911278 0.614354074 -0.041220941 -0.152897894 -0.772976220
1403637199188318976.000000 -0.348043323 5.876626968 -1.251538038 0.607537091 -0.041519143 -0.156776220 -0.777557850
1403637199238319104.000000 -0.299927175 5.853962898 -1.123248339 0.599930048 -0.041700009 -0.158115074 -0.783163309
1403637199288318976.000000 -0.252163291 5.829223633 -0.995928764 0.592728496 -0.041193441 -0.156136736 -0.789048433
1403637199338319104.000000 -0.203212500 5.802252293 -0.869634390 0.584533989 -0.042178839 -0.152530715 -0.795786023
1403637199388318976.000000 -0.154232025 5.771519661 -0.745371342 0.575944245 -0.041808479 -0.147737786 -0.802940786
1403637199438319104.000000 -0.102958083 5.738056660 -0.620686054 0.565909445 -0.042577639 -0.143071458 -0.810841680
1403637199488318976.000000 -0.052369833 5.703755856 -0.497022867 0.555727005 -0.042821016 -0.137780085 -0.818749428
1403637199538319104.000000 -0.003106117 5.666747570 -0.373693943 0.544639468 -0.043263290 -0.133964464 -0.826770663
1403637199588318976.000000 0.044179261 5.627410889 -0.250948191 0.533564627 -0.044635642 -0.129419923 -0.834605932
1403637199638319104.000000 0.088940918 5.586419106 -0.127921343 0.521368921 -0.049172211 -0.127843142 -0.842266381
1403637199688318976.000000 0.131927371 5.542806149 -0.004663229 0.508387923 -0.054780647 -0.126109332 -0.850080788
1403637199738319104.000000 0.172375441 5.494660854 0.117221832 0.494677901 -0.059468523 -0.125370294 -0.857927501
1403637199788318976.000000 0.208281577 5.446933746 0.239017248 0.478432238 -0.067133017 -0.127476305 -0.866224945
1403637199838319104.000000 0.239562631 5.396593094 0.360326529 0.461429179 -0.075347640 -0.127921134 -0.874666870
1403637199888318976.000000 0.264046907 5.345288277 0.483717322 0.442825317 -0.085745327 -0.129811481 -0.883007646
1403637199938319104.000000 0.284293175 5.293832302 0.603270531 0.423775554 -0.096075341 -0.130505994 -0.891152084
1403637199988318976.000000 0.301142871 5.242240906 0.722995400 0.404199153 -0.109172456 -0.129063323 -0.898914456
1403637200038319104.000000 0.314781725 5.185219288 0.835462689 0.384329140 -0.120063953 -0.126817033 -0.906528175
1403637200088318976.000000 0.325642884 5.125422955 0.943403006 0.365188211 -0.128163129 -0.120956518 -0.914101362
1403637200138319104.000000 0.335426569 5.064086437 1.047806501 0.346491307 -0.135300681 -0.113229029 -0.921312511
1403637200188318976.000000 0.339967251 4.998825073 1.147001624 0.329270393 -0.133207291 -0.105729535 -0.928793907
1403637200238319104.000000 0.341849267 4.932268143 1.239070177 0.312684447 -0.128748402 -0.099046372 -0.935864389
1403637200288318976.000000 0.339375526 4.865557671 1.327084303 0.301230371 -0.117504120 -0.087180018 -0.942259431
1403637200338319104.000000 0.334106147 4.795744419 1.410955906 0.291748017 -0.101174712 -0.077440210 -0.947971404
1403637200388318976.000000 0.328132898 4.725164413 1.487187147 0.282861620 -0.085174121 -0.071734130 -0.952674627
1403637200438319104.000000 0.321848214 4.652658939 1.556862831 0.275023967 -0.069129795 -0.069324009 -0.956439793
1403637200488318976.000000 0.316354632 4.577875614 1.622200251 0.269305080 -0.054534610 -0.067359917 -0.959147274
1403637200538319104.000000 0.312713921 4.501666069 1.685484529 0.261996359 -0.046685331 -0.072256848 -0.961227000
1403637200588318976.000000 0.310201138 4.426293373 1.746736765 0.256174743 -0.044231933 -0.077910528 -0.962469816
1403637200638319104.000000 0.310379207 4.348053455 1.802932620 0.252195001 -0.041685656 -0.082423776 -0.963258207
1403637200688318976.000000 0.312635899 4.270754337 1.855692983 0.250190347 -0.040488511 -0.086118512 -0.963508725
1403637200738319104.000000 0.315144479 4.194535732 1.906592011 0.249046445 -0.039105203 -0.090264186 -0.963482738
1403637200788318976.000000 0.317678332 4.119126320 1.955605268 0.248951241 -0.041214347 -0.095514454 -0.962913156
1403637200838319104.000000 0.321895927 4.045965672 2.001591444 0.250806212 -0.044541884 -0.101568900 -0.961663187
1403637200888318976.000000 0.327461571 3.973152161 2.043165445 0.254273117 -0.046878211 -0.105262801 -0.960243464
1403637200938319104.000000 0.333425581 3.898742437 2.082380056 0.258610666 -0.047155034 -0.107467785 -0.958826244
1403637200988318976.000000 0.338958710 3.827945948 2.118697643 0.263286531 -0.046682846 -0.108977027 -0.957405388
1403637201038319104.000000 0.345637619 3.757614136 2.149808168 0.268408149 -0.046834365 -0.109758973 -0.955885291
1403637201088318976.000000 0.353171796 3.690217733 2.179281473 0.272986382 -0.045880739 -0.110630065 -0.954533577
1403637201138319104.000000 0.361940891 3.621890068 2.205341816 0.277912945 -0.044214856 -0.110972248 -0.953149855
1403637201188318976.000000 0.371420890 3.552262306 2.227264404 0.281628817 -0.044362061 -0.113510460 -0.951752484
1403637201238319104.000000 0.381529868 3.484839201 2.248029470 0.284237057 -0.042987779 -0.117600523 -0.950542808
1403637201288318976.000000 0.392685294 3.416904926 2.265471935 0.286286443 -0.044114921 -0.125422105 -0.948874712
1403637201338319104.000000 0.401067078 3.351247549 2.280645847 0.287380576 -0.046270646 -0.138075575 -0.946681857
1403637201388318976.000000 0.409372061 3.286176443 2.295086622 0.289673924 -0.045927469 -0.150905550 -0.944037676
1403637201438319104.000000 0.415216655 3.221274614 2.305870533 0.292297423 -0.044937901 -0.164374411 -0.941022813
1403637201488318976.000000 0.418820947 3.159729004 2.315537930 0.295749336 -0.043344043 -0.177194700 -0.937686384
1403637201538319104.000000 0.420432985 3.102659702 2.323753834 0.299169004 -0.042267792 -0.188805997 -0.934378743
1403637201588318976.000000 0.418619812 3.049419641 2.330661297 0.302288085 -0.042490210 -0.198046595 -0.931447327
1403637201638319104.000000 0.415504873 2.999390841 2.334704876 0.305082440 -0.043216426 -0.205707878 -0.928838730
1403637201688318976.000000 0.411575377 2.954231977 2.336069107 0.308594942 -0.045181990 -0.209810600 -0.926664650
1403637201738319104.000000 0.406245112 2.913852215 2.334926605 0.313938588 -0.047825705 -0.207167864 -0.925330639
1403637201788318976.000000 0.398159087 2.875278473 2.329126835 0.319612354 -0.049013570 -0.201568902 -0.924562454
1403637201838319104.000000 0.390453756 2.841045618 2.318638086 0.323561341 -0.050442729 -0.198294833 -0.923819661
1403637201888318976.000000 0.383132100 2.809831858 2.305808067 0.326764554 -0.051235478 -0.194736823 -0.923405409
1403637201938319104.000000 0.375717938 2.782922983 2.291286230 0.328612328 -0.051150020 -0.192821816 -0.923156261
1403637201988318976.000000 0.368865311 2.755738974 2.272204638 0.327937722 -0.049150553 -0.194977149 -0.923052013
1403637202038319104.000000 0.361745238 2.733768463 2.251405716 0.325762689 -0.046405673 -0.199577525 -0.922981083
1403637202088318976.000000 0.354788542 2.717262506 2.228418350 0.322388083 -0.041674171 -0.205322221 -0.923131645
1403637202138319104.000000 0.347803056 2.703157663 2.202794790 0.319520414 -0.034421191 -0.209230915 -0.923549831
1403637202188318976.000000 0.341788292 2.694113493 2.172044277 0.318908632 -0.025783237 -0.207908437 -0.924341202
1403637202238319104.000000 0.335761786 2.688790321 2.139888287 0.321278751 -0.016010566 -0.199655697 -0.925559938
1403637202288318976.000000 0.328544497 2.686352253 2.104469538 0.324422807 -0.005332494 -0.188844696 -0.926854432
1403637202338319104.000000 0.320812553 2.689093113 2.070053339 0.326974690 0.003544937 -0.179760560 -0.927772224
1403637202388318976.000000 0.311482131 2.689665556 2.034194946 0.329368681 0.010147861 -0.171193942 -0.928496599
1403637202438319104.000000 0.301247299 2.695246458 2.001319408 0.331148267 0.013345197 -0.164980710 -0.928947866
1403637202488318976.000000 0.290910661 2.703973770 1.970008492 0.332391351 0.012295968 -0.160368904 -0.929325938
1403637202538319104.000000 0.280981630 2.713744879 1.939366579 0.333293557 0.009505629 -0.156665593 -0.929667175
1403637202588318976.000000 0.272938609 2.725756407 1.908796549 0.333674908 0.004690345 -0.154570878 -0.929917753
1403637202638319104.000000 0.266321123 2.738843918 1.876575708 0.334604770 -0.000833784 -0.150969163 -0.930186749
1403637202688318976.000000 0.261794418 2.754473448 1.845359921 0.335669935 -0.004500694 -0.147244126 -0.930389524
1403637202738319104.000000 0.259101540 2.769904375 1.812553644 0.336554468 -0.008403525 -0.143484846 -0.930630207
1403637202788318976.000000 0.258035749 2.785883665 1.778326988 0.338419318 -0.008656794 -0.137407541 -0.930868745
1403637202838319104.000000 0.255526632 2.802126169 1.744221330 0.340586841 -0.008387243 -0.131687373 -0.930907488
1403637202888318976.000000 0.252093136 2.819639444 1.713319540 0.342695594 -0.007132184 -0.126119018 -0.930915117
1403637202938319104.000000 0.247744173 2.837355852 1.681604385 0.344521850 -0.005946814 -0.121348247 -0.930883467
1403637202988318976.000000 0.241441101 2.853988647 1.650434017 0.346017569 -0.004785081 -0.117865674 -0.930782855
1403637203038319104.000000 0.235211402 2.870922089 1.621805191 0.346972555 -0.004366848 -0.115841471 -0.930683494
1403637203088318976.000000 0.228452563 2.887058735 1.593342066 0.347301066 -0.004453342 -0.115556650 -0.930595994
1403637203138319104.000000 0.220752984 2.902175188 1.565448761 0.346951932 -0.005826945 -0.117204092 -0.930512607
1403637203188318976.000000 0.212586850 2.916270971 1.538897038 0.347862750 -0.004658374 -0.115448393 -0.930398583
1403637203238319104.000000 0.202953607 2.929905415 1.513763905 0.348565668 -0.005629812 -0.114915125 -0.930196166
1403637203288318976.000000 0.193403512 2.943631649 1.490714788 0.349315196 -0.005732414 -0.114102460 -0.930014431
1403637203338319104.000000 0.183604389 2.956250191 1.467280865 0.349597842 -0.006179176 -0.113764286 -0.929946780
1403637203388318976.000000 0.172927350 2.970162868 1.444397092 0.349478155 -0.006680998 -0.115008920 -0.929835141
1403637203438319104.000000 0.161375254 2.983606577 1.421860576 0.350199163 -0.005835791 -0.114202358 -0.929668963
1403637203488318976.000000 0.149305612 2.995728493 1.400672913 0.350355208 -0.005849329 -0.114429571 -0.929582179
1403637203538319104.000000 0.135966629 3.007697821 1.380820990 0.350907624 -0.006386800 -0.113550358 -0.929478049
1403637203588318976.000000 0.121847749 3.020241499 1.361532092 0.351816744 -0.006668930 -0.112055138 -0.929313838
1403637203638319104.000000 0.107762843 3.030821800 1.343057752 0.353092164 -0.005906576 -0.110108316 -0.929067969
1403637203688318976.000000 0.093199372 3.039548159 1.325684547 0.353255838 -0.006337353 -0.110545658 -0.928950965
1403637203738319104.000000 0.078837752 3.047526360 1.309821248 0.353721619 -0.007584383 -0.110863648 -0.928726494
1403637203788318976.000000 0.062770605 3.056891918 1.295949936 0.354035646 -0.007780353 -0.111202680 -0.928564548
1403637203838319104.000000 0.046686620 3.064574480 1.281450272 0.354114711 -0.008133656 -0.111756250 -0.928465009
1403637203888318976.000000 0.030546933 3.072831869 1.267387867 0.354471773 -0.008572341 -0.111284688 -0.928381383
1403637203938319104.000000 0.013843983 3.080769539 1.254944563 0.354771316 -0.008885212 -0.111084774 -0.928287983
1403637203988318976.000000 -0.004130632 3.088610888 1.243128777 0.355045795 -0.008442838 -0.110957712 -0.928202391
1403637204038319104.000000 -0.022245705 3.094643116 1.232157230 0.355588734 -0.008067806 -0.110356428 -0.928069532
1403637204088318976.000000 -0.038951397 3.100167274 1.221181154 0.355589092 -0.008476379 -0.111400694 -0.927940965
1403637204138319104.000000 -0.054749563 3.103592157 1.209234715 0.355884135 -0.008467302 -0.110928252 -0.927884579
1403637204188318976.000000 -0.067032471 3.107793808 1.198743343 0.355908900 -0.008059794 -0.111705132 -0.927785516
1403637204238319104.000000 -0.077635825 3.110555410 1.187451005 0.356438071 -0.008013432 -0.110921293 -0.927676737
1403637204288318976.000000 -0.086026818 3.112789869 1.178068161 0.356312722 -0.006986644 -0.112516597 -0.927541137
1403637204338319104.000000 -0.092451662 3.112582207 1.166942954 0.355912119 -0.008082630 -0.113836311 -0.927524924
1403637204388318976.000000 -0.096659556 3.112636566 1.155520201 0.355681628 -0.010400693 -0.116058752 -0.927314818
1403637204438319104.000000 -0.098616362 3.111886740 1.142776370 0.356514513 -0.012693839 -0.115810804 -0.926997423
1403637204488318976.000000 -0.099059552 3.112118721 1.130465508 0.356403202 -0.017346865 -0.118017890 -0.926686406
1403637204538319104.000000 -0.097941816 3.110588312 1.116327286 0.357114136 -0.019127123 -0.118278727 -0.926344395
1403637204588318976.000000 -0.095210552 3.108213425 1.102524042 0.357907146 -0.019023100 -0.119386785 -0.925898194
1403637204638319104.000000 -0.090279028 3.106517553 1.088819265 0.358703583 -0.017987372 -0.120656662 -0.925445974
1403637204688318976.000000 -0.084648222 3.103660822 1.074271441 0.360433757 -0.015655968 -0.119551696 -0.924959421
1403637204738319104.000000 -0.079956502 3.101824284 1.059832811 0.361051947 -0.015395082 -0.120514154 -0.924597740
1403637204788318976.000000 -0.076401263 3.098039150 1.046427846 0.362085491 -0.013278493 -0.121071272 -0.924153447
1403637204838319104.000000 -0.073845625 3.093551397 1.033031821 0.362381309 -0.012002738 -0.122664861 -0.923844755
1403637204888318976.000000 -0.073648185 3.090020180 1.021030188 0.363314629 -0.010978404 -0.122404523 -0.923525453
1403637204938319104.000000 -0.075362787 3.083518028 1.008312225 0.363540918 -0.008919869 -0.122977950 -0.923382342
1403637204988318976.000000 -0.079307079 3.079009056 0.997521281 0.363453746 -0.005738084 -0.124407262 -0.923250437
1403637205038319104.000000 -0.084442422 3.073181868 0.987435400 0.363299578 -0.002562764 -0.125503048 -0.923177063
1403637205088318976.000000 -0.088215858 3.068031788 0.976811111 0.363148540 -0.000366502 -0.126029715 -0.923168242
1403637205138319104.000000 -0.093893945 3.062639713 0.967707098 0.363144338 -0.000130484 -0.126269102 -0.923137248
1403637205188318976.000000 -0.099758640 3.057258606 0.960101187 0.363160282 0.000209098 -0.125438616 -0.923244119
1403637205238319104.000000 -0.106838003 3.052758694 0.954026937 0.361612797 0.001024330 -0.125309765 -0.923868299
1403637205288318976.000000 -0.112768143 3.045102835 0.948079586 0.359222919 0.001841943 -0.124334626 -0.924930513
1403637205338319104.000000 -0.118264705 3.038871527 0.944569468 0.355983257 0.001072049 -0.122246072 -0.926461399
1403637205388318976.000000 -0.122133516 3.033448458 0.940295696 0.353012770 0.001259558 -0.120182969 -0.927866697
1403637205438319104.000000 -0.123780087 3.028995275 0.936160028 0.350402713 0.000555495 -0.117640287 -0.929181576
1403637205488318976.000000 -0.124119401 3.024303913 0.932487845 0.347688407 -0.001704970 -0.115025990 -0.930526137
1403637205538319104.000000 -0.121886738 3.019610882 0.928502262 0.345158339 -0.004438729 -0.112666629 -0.931746960
1403637205588318976.000000 -0.120158739 3.015258551 0.925564468 0.343242109 -0.005715097 -0.110264324 -0.932734668
1403637205638319104.000000 -0.120583035 3.011050463 0.924859643 0.341219187 -0.007390049 -0.109217197 -0.933588028
1403637205688318976.000000 -0.123598345 3.006682158 0.925843179 0.339829952 -0.007687559 -0.107994780 -0.934234262
1403637205738319104.000000 -0.126813248 3.000082254 0.925819576 0.338239282 -0.007636499 -0.108257025 -0.934781432
1403637205788318976.000000 -0.131701469 2.992140770 0.926570415 0.337330252 -0.007744059 -0.107751593 -0.935167372
1403637205838319104.000000 -0.137800947 2.984895229 0.928314269 0.336805016 -0.007435367 -0.107111715 -0.935432673
1403637205888318976.000000 -0.145321831 2.976186275 0.929704428 0.335964948 -0.007696906 -0.107687458 -0.935666561
1403637205938319104.000000 -0.152605131 2.968667030 0.932190418 0.335665882 -0.008004752 -0.107619688 -0.935779035
1403637205988318976.000000 -0.159426123 2.959793568 0.934238672 0.335357726 -0.008400255 -0.106956281 -0.935962141
1403637206038319104.000000 -0.164084643 2.949876547 0.935592473 0.334725142 -0.009054281 -0.107595526 -0.936109185
1403637206088318976.000000 -0.167424113 2.938874722 0.936764598 0.333951414 -0.009728865 -0.108877063 -0.936230540
1403637206138319104.000000 -0.168807447 2.929661274 0.939210713 0.332435966 -0.010838076 -0.111937612 -0.936396778
1403637206188318976.000000 -0.168545306 2.920279503 0.939029574 0.330351561 -0.012756626 -0.116358750 -0.936571300
1403637206238319104.000000 -0.166685194 2.909144402 0.939637661 0.329349846 -0.013472279 -0.118358076 -0.936663568
1403637206288318976.000000 -0.162058651 2.897173643 0.938180864 0.328638107 -0.015043560 -0.120312609 -0.936640620
1403637206338319104.000000 -0.156356364 2.887881279 0.937015355 0.328279227 -0.016448718 -0.121781640 -0.936553001
1403637206388318976.000000 -0.148445934 2.878237724 0.935165703 0.328129262 -0.016511792 -0.121763684 -0.936606705
1403637206438319104.000000 -0.140274957 2.868599176 0.932605743 0.328369290 -0.016360065 -0.121953323 -0.936500669
1403637206488318976.000000 -0.131731972 2.857889414 0.929943025 0.328624427 -0.016446849 -0.121574409 -0.936458945
1403637206538319104.000000 -0.124645822 2.847874880 0.927177012 0.329009414 -0.016873887 -0.121558972 -0.936318099
1403637206588318976.000000 -0.118540324 2.837351322 0.923375070 0.329690099 -0.016674457 -0.120689668 -0.936194658
1403637206638319104.000000 -0.114093117 2.824877262 0.919601202 0.330470085 -0.016274463 -0.119616874 -0.936064422
1403637206688318976.000000 -0.111030377 2.813977718 0.915269911 0.331547469 -0.015758723 -0.118291914 -0.935860634
1403637206738319104.000000 -0.109617561 2.802727699 0.912281871 0.332213014 -0.016063800 -0.117477134 -0.935722053
1403637206788318976.000000 -0.108158961 2.791376591 0.909563184 0.333037883 -0.016723575 -0.116373695 -0.935555100
1403637206838319104.000000 -0.107377663 2.781138420 0.907499850 0.333572447 -0.016604317 -0.116067566 -0.935404718
1403637206888318976.000000 -0.105173655 2.770425558 0.903995037 0.334222615 -0.017601408 -0.115504652 -0.935224116
1403637206938319104.000000 -0.103897542 2.758114100 0.899047852 0.334294677 -0.019361574 -0.115315877 -0.935186923
1403637206988318976.000000 -0.100812368 2.745316505 0.893299997 0.334827751 -0.019578144 -0.115313314 -0.934992015
1403637207038319104.000000 -0.095442481 2.733605146 0.887002885 0.335438311 -0.020008586 -0.115361840 -0.934758008
1403637207088318976.000000 -0.089437887 2.720889568 0.881079435 0.335758001 -0.019288525 -0.116028823 -0.934575737
1403637207138319104.000000 -0.085281163 2.707359552 0.874175847 0.336646199 -0.020762270 -0.116034761 -0.934223950
1403637207188318976.000000 -0.082466900 2.694776535 0.868723154 0.337261289 -0.020688746 -0.116607517 -0.933932304
1403637207238319104.000000 -0.082069382 2.684261560 0.862823546 0.337792397 -0.022495927 -0.116543762 -0.933706522
1403637207288318976.000000 -0.083971053 2.672524929 0.856783271 0.338264853 -0.022087758 -0.117238641 -0.933458209
1403637207338319104.000000 -0.087747633 2.659565449 0.851820171 0.338696539 -0.021740440 -0.117861606 -0.933231294
1403637207388318976.000000 -0.093010664 2.647564411 0.847311914 0.339194089 -0.021525534 -0.117549241 -0.933095038
1403637207438319104.000000 -0.099786878 2.634244919 0.841309965 0.339780390 -0.021622336 -0.117618784 -0.932870686
1403637207488318976.000000 -0.108304970 2.620649099 0.836105824 0.340142399 -0.021304552 -0.118247978 -0.932666421
1403637207538319104.000000 -0.118132405 2.605356693 0.830398560 0.340069324 -0.019603387 -0.119947791 -0.932513416
1403637207588318976.000000 -0.128050327 2.591001987 0.825442970 0.338949233 -0.017176930 -0.124646962 -0.932352722
1403637207638319104.000000 -0.138367042 2.575087070 0.818740606 0.336654842 -0.012620074 -0.131664455 -0.932292223
1403637207688318976.000000 -0.145872265 2.560442448 0.812035680 0.335005939 -0.009054970 -0.136912256 -0.932171762
1403637207738319104.000000 -0.152642727 2.548425913 0.805725336 0.334618956 -0.006506336 -0.138499573 -0.932097495
1403637207788318976.000000 -0.155541375 2.535978794 0.797339022 0.335282713 -0.006071651 -0.137361288 -0.932030380
1403637207838319104.000000 -0.155836433 2.525914907 0.788110197 0.336605430 -0.006477678 -0.134889513 -0.931911886
1403637207888318976.000000 -0.154170275 2.515870571 0.778845787 0.338372409 -0.006610022 -0.131425798 -0.931765974
1403637207938319104.000000 -0.149430439 2.506355047 0.766473353 0.339735895 -0.007724258 -0.128417879 -0.931680620
1403637207988318976.000000 -0.142503127 2.497064829 0.755215108 0.340920299 -0.008360142 -0.126022086 -0.931569636
1403637208038319104.000000 -0.133166358 2.487965345 0.740763724 0.342055708 -0.008429190 -0.123682193 -0.931466401
1403637208088318976.000000 -0.123113431 2.479811192 0.728467286 0.342984885 -0.007996936 -0.122022919 -0.931347311
1403637208138319104.000000 -0.112471722 2.470986605 0.714573264 0.343618810 -0.007470306 -0.120983534 -0.931253672
1403637208188318976.000000 -0.100516327 2.463703632 0.702790797 0.344734102 -0.008224490 -0.118979946 -0.931093216
1403637208238319104.000000 -0.089655340 2.455448151 0.689965963 0.345045060 -0.007006736 -0.119613387 -0.930906773
1403637208288318976.000000 -0.079656161 2.447279930 0.678484261 0.343902022 -0.008945790 -0.124128126 -0.930722058
1403637208338319104.000000 -0.071763456 2.439488411 0.666640580 0.342845589 -0.011561478 -0.128470302 -0.930493772
1403637208388318976.000000 -0.066048607 2.433226109 0.655312657 0.342170924 -0.013637103 -0.131660238 -0.930268049
1403637208438319104.000000 -0.060797095 2.426395178 0.645429313 0.342817426 -0.015035949 -0.132114187 -0.929944098
1403637208488318976.000000 -0.057826608 2.419998169 0.634602666 0.343433112 -0.015041229 -0.131729692 -0.929771423
1403637208538319104.000000 -0.056016460 2.413974762 0.623422980 0.344261289 -0.015987257 -0.130430833 -0.929632425
1403637208588318976.000000 -0.056801543 2.408508539 0.613642812 0.345821828 -0.015119468 -0.127809137 -0.929431856
1403637208638319104.000000 -0.056821570 2.401760340 0.605380833 0.346668333 -0.014843796 -0.125811458 -0.929393530
1403637208688318976.000000 -0.059353635 2.394612312 0.595832765 0.347874999 -0.014424541 -0.123428337 -0.929268777
1403637208738319104.000000 -0.062252253 2.388400793 0.586640596 0.348515183 -0.015338762 -0.121885434 -0.929217935
1403637208788318976.000000 -0.067627966 2.381516695 0.578218460 0.348841041 -0.016269041 -0.120902359 -0.929208159
1403637208838319104.000000 -0.074157670 2.374330521 0.569866836 0.349317819 -0.016232265 -0.120014802 -0.929144859
1403637208888318976.000000 -0.081984192 2.369627953 0.561826944 0.350105941 -0.015013837 -0.118228547 -0.929097712
1403637208938319104.000000 -0.090646990 2.363344193 0.554798782 0.351916164 -0.013099389 -0.113471471 -0.929035962
1403637208988318976.000000 -0.100164339 2.355223656 0.548590720 0.354394525 -0.010241093 -0.107639045 -0.928823769
1403637209038319104.000000 -0.111917824 2.347352982 0.542878747 0.356733263 -0.007435402 -0.101734258 -0.928620636
1403637209088318976.000000 -0.123397067 2.338218689 0.538402855 0.357987553 -0.005068774 -0.096197367 -0.928744018
1403637209138319104.000000 -0.134336069 2.329487085 0.534647048 0.356706202 -0.004871624 -0.092275701 -0.929635525
1403637209188318976.000000 -0.143959254 2.317880154 0.530485392 0.351099223 -0.004204411 -0.093523286 -0.931646407
1403637209238319104.000000 -0.151848137 2.304192781 0.526731253 0.342744440 -0.005126354 -0.097580776 -0.934332967
1403637209288318976.000000 -0.157984242 2.290850878 0.525048792 0.333729088 -0.003157364 -0.101074986 -0.937229395
1403637209338319104.000000 -0.161710575 2.274951935 0.521630168 0.325395554 -0.001202907 -0.103352629 -0.939912021
1403637209388318976.000000 -0.163384110 2.258793354 0.520123720 0.318428457 0.002132576 -0.104546167 -0.942161858
1403637209438319104.000000 -0.162639663 2.242561817 0.517758250 0.312618613 0.006217652 -0.105126895 -0.944022954
1403637209488318976.000000 -0.161154240 2.228498459 0.514102578 0.307115763 0.012845268 -0.105841324 -0.945681036
1403637209538319104.000000 -0.158655688 2.214975595 0.511199057 0.302269578 0.021351591 -0.106333338 -0.947032511
1403637209588318976.000000 -0.155131727 2.201166630 0.509158075 0.298025012 0.030787192 -0.107124358 -0.948028326
1403637209638319104.000000 -0.147864252 2.188774824 0.508353472 0.294009179 0.039088484 -0.108495928 -0.948819995
1403637209688318976.000000 -0.138687909 2.177363634 0.509060979 0.290721029 0.045045771 -0.109595336 -0.949442565
1403637209738319104.000000 -0.126987770 2.164562225 0.511335731 0.288226068 0.049443595 -0.110635974 -0.949863553
1403637209788318976.000000 -0.112407967 2.156860113 0.517344773 0.286727935 0.052310858 -0.111073427 -0.950112283
1403637209838319104.000000 -0.097030856 2.147704601 0.523935914 0.285787761 0.055013791 -0.111497171 -0.950193286
1403637209888318976.000000 -0.082519025 2.141732454 0.533958435 0.284393698 0.057293329 -0.113746122 -0.950210273
1403637209938319104.000000 -0.069604009 2.138525724 0.549044013 0.283669055 0.061017271 -0.115375370 -0.949998677
1403637209988318976.000000 -0.059259955 2.135817766 0.566321850 0.283052891 0.066051543 -0.116500854 -0.949708283
1403637210038319104.000000 -0.052533608 2.135567904 0.588199377 0.282457143 0.072307453 -0.117891565 -0.949258268
1403637210088318976.000000 -0.049082633 2.136463642 0.613534093 0.282254905 0.078282408 -0.119239159 -0.948675990
1403637210138319104.000000 -0.047171704 2.137649775 0.643515468 0.281394303 0.083537482 -0.122009635 -0.948131084
1403637210188318976.000000 -0.047254547 2.140534163 0.676730216 0.280831665 0.089698218 -0.124017507 -0.947474301
1403637210238319104.000000 -0.047412679 2.144297123 0.713120580 0.280289412 0.094814830 -0.125859857 -0.946893513
1403637210288318976.000000 -0.047528692 2.153751135 0.757087350 0.279969245 0.099254496 -0.126650587 -0.946427763
1403637210338319104.000000 -0.044393297 2.166310549 0.802000165 0.279489487 0.101606235 -0.127881095 -0.946154475
1403637210388318976.000000 -0.040466376 2.181257486 0.852071285 0.279219031 0.103601992 -0.128647581 -0.945913970
1403637210438319104.000000 -0.033578038 2.197908878 0.907036304 0.279326200 0.101938933 -0.128025785 -0.946147323
1403637210488318976.000000 -0.023271188 2.219165325 0.965341330 0.280130625 0.096422002 -0.125523686 -0.946822822
1403637210538319104.000000 -0.011491850 2.243088007 1.026691914 0.280922472 0.088365920 -0.122794412 -0.947731853
1403637210588318976.000000 0.001106955 2.268831491 1.091907740 0.281224668 0.080995850 -0.121312909 -0.948491275
1403637210638319104.000000 0.015717894 2.296076298 1.159414649 0.281275302 0.073326692 -0.120255485 -0.949234486
1403637210688318976.000000 0.028603032 2.325568438 1.232071400 0.281316966 0.067451477 -0.118780084 -0.949843347
1403637210738319104.000000 0.041889846 2.357332230 1.307960987 0.280747294 0.063313261 -0.118838601 -0.950289309
1403637210788318976.000000 0.054487512 2.390668392 1.384266853 0.278645784 0.058030337 -0.122847162 -0.950735271
1403637210838319104.000000 0.067493662 2.423766375 1.463069320 0.277114362 0.052973513 -0.126032755 -0.951061130
1403637210888318976.000000 0.079886600 2.459732533 1.544892550 0.275564164 0.047325660 -0.130244538 -0.951241910
1403637210938319104.000000 0.092205197 2.497084856 1.627582312 0.274158776 0.038706277 -0.134011984 -0.951514363
1403637210988318976.000000 0.103449360 2.534423828 1.710129976 0.273752481 0.029963702 -0.135935292 -0.951673985
1403637211038319104.000000 0.114891514 2.576719999 1.796016932 0.273598105 0.021234747 -0.137313545 -0.951755345
1403637211088318976.000000 0.125529036 2.620104074 1.880381346 0.273399472 0.013341569 -0.139555931 -0.951629579
1403637211138319104.000000 0.135604799 2.667631626 1.967066050 0.274700820 0.009732893 -0.138068825 -0.951515555
1403637211188318976.000000 0.145701319 2.715904713 2.053063631 0.277625889 0.007584596 -0.133022919 -0.951404929
1403637211238319104.000000 0.154555053 2.766666412 2.139232159 0.280405790 0.004091855 -0.128233761 -0.951268613
1403637211288318976.000000 0.163437009 2.818890572 2.227058887 0.283909678 -0.000184387 -0.122953176 -0.950935245
1403637211338319104.000000 0.171015352 2.870585680 2.314330339 0.287124276 -0.004952994 -0.118661739 -0.950502217
1403637211388318976.000000 0.176928878 2.922684193 2.400337458 0.289463431 -0.009319930 -0.115765296 -0.950117111
1403637211438319104.000000 0.182236612 2.972396374 2.482359409 0.291088045 -0.011455612 -0.114031024 -0.949807048
1403637211488318976.000000 0.185280651 3.023296833 2.565405607 0.292034268 -0.012804274 -0.113637380 -0.949546516
1403637211538319104.000000 0.187102258 3.072089672 2.646498203 0.291701257 -0.011005554 -0.115382336 -0.949461043
1403637211588318976.000000 0.191406965 3.121784449 2.726441383 0.291576982 -0.008173963 -0.116994411 -0.949330509
1403637211638319104.000000 0.195637435 3.171929598 2.803453922 0.290798962 -0.005907346 -0.118889056 -0.949350595
1403637211688318976.000000 0.201880246 3.220367908 2.880196095 0.289855838 -0.004640777 -0.121347405 -0.949334979
1403637211738319104.000000 0.209957004 3.267495871 2.955742359 0.288036764 0.000202799 -0.126106873 -0.949279666
1403637211788318976.000000 0.220189840 3.314457178 3.028726101 0.285588741 0.004348288 -0.132126123 -0.949190676
1403637211838319104.000000 0.232863933 3.364540577 3.101763725 0.282951295 0.007460735 -0.138912514 -0.948992252
1403637211888318976.000000 0.246287137 3.418240547 3.174074650 0.282025427 0.010516125 -0.141742364 -0.948820472
1403637211938319104.000000 0.261769801 3.474855423 3.244668961 0.282498151 0.012149461 -0.141036779 -0.948765457
1403637211988318976.000000 0.280408382 3.530299425 3.312829018 0.283821225 0.011339914 -0.137751803 -0.948863268
1403637212038319104.000000 0.303117216 3.587393045 3.381166697 0.286589622 0.008320132 -0.131773636 -0.948911488
1403637212088318976.000000 0.326573968 3.644385576 3.450184822 0.289196193 0.001682373 -0.126025632 -0.948936462
1403637212138319104.000000 0.351826191 3.701604366 3.516775846 0.291074991 -0.005944581 -0.121218786 -0.948971093
1403637212188318976.000000 0.377153307 3.760638475 3.582315207 0.293363303 -0.012180878 -0.116619609 -0.948783159
1403637212238319104.000000 0.403462887 3.819273710 3.646327734 0.294733882 -0.017318891 -0.114037335 -0.948592424
1403637212288318976.000000 0.430878997 3.876686573 3.708415031 0.295826942 -0.019935124 -0.111753114 -0.948472619
1403637212338319104.000000 0.457076699 3.935163736 3.773623466 0.296792358 -0.022883749 -0.110590450 -0.948240697
1403637212388318976.000000 0.483967870 3.992860317 3.834670067 0.297759831 -0.024265092 -0.109999925 -0.947971761
1403637212438319104.000000 0.512360632 4.047887325 3.892708778 0.298950225 -0.024863584 -0.109114178 -0.947683871
1403637212488318976.000000 0.540512204 4.101725578 3.952134132 0.299401224 -0.022412838 -0.109683715 -0.947536826
1403637212538319104.000000 0.569526315 4.154721737 4.008132935 0.299926370 -0.018348942 -0.110700414 -0.947339892
1403637212588318976.000000 0.599729061 4.204188824 4.060319901 0.300116241 -0.014038897 -0.112755887 -0.947111011
1403637212638319104.000000 0.629593968 4.255501270 4.112449169 0.300568610 -0.008545777 -0.114098534 -0.946872234
1403637212688318976.000000 0.661641002 4.308835506 4.164784431 0.300333053 -0.004066996 -0.115578659 -0.946797311
1403637212738319104.000000 0.695000410 4.363092422 4.219296932 0.300989062 -0.000287606 -0.114979528 -0.946670651
1403637212788318976.000000 0.730298758 4.417505741 4.271990776 0.301504791 0.001484339 -0.113963269 -0.946628273
1403637212838319104.000000 0.763460159 4.469653130 4.322860241 0.301828921 0.004798847 -0.113406830 -0.946580768
1403637212888318976.000000 0.796214998 4.522525311 4.377879620 0.302483618 0.005906820 -0.111710288 -0.946567297
1403637212938319104.000000 0.827901125 4.575653553 4.427054882 0.303051233 0.006945944 -0.109246030 -0.946666300
1403637212988318976.000000 0.861692667 4.629241467 4.478895187 0.303076148 0.007774706 -0.107035510 -0.946904361
1403637213038319104.000000 0.894896746 4.682248116 4.528548241 0.302338749 0.008144186 -0.106935054 -0.947148263
1403637213088318976.000000 0.930572867 4.734589577 4.576146126 0.300871700 0.007376038 -0.108294062 -0.947467327
1403637213138319104.000000 0.962117195 4.788435459 4.631115913 0.299212486 0.007727202 -0.110046141 -0.947788000
1403637213188318976.000000 0.992335081 4.840099335 4.686100006 0.297600865 0.007147332 -0.111722708 -0.948103786
1403637213238319104.000000 1.020429373 4.886332035 4.733927727 0.296606034 0.006362337 -0.112294048 -0.948353529
1403637213288318976.000000 1.044169426 4.930794239 4.782738686 0.295702130 0.006193145 -0.113131203 -0.948537469
1403637213338319104.000000 1.068944693 4.980060101 4.834781647 0.295531154 0.004717131 -0.112784512 -0.948640525
1403637213388318976.000000 1.093027353 5.032937050 4.886549950 0.295565546 0.003424606 -0.111745492 -0.948758304
1403637213438319104.000000 1.117697716 5.090879917 4.938889503 0.295532316 0.001086045 -0.110906616 -0.948872626
1403637213488318976.000000 1.141631603 5.141326427 4.991475105 0.296156526 -0.000575103 -0.109634906 -0.948826253
1403637213538319104.000000 1.161733389 5.192753792 5.046488762 0.296579212 -0.001961207 -0.107798621 -0.948902726
1403637213588318976.000000 1.183471203 5.243992329 5.102667809 0.299248248 -0.001922915 -0.100394048 -0.948877215
1403637213638319104.000000 1.203321934 5.294327259 5.159678936 0.301188976 -0.000777198 -0.094732821 -0.948846877
1403637213688318976.000000 1.224004507 5.347456932 5.222737789 0.302913487 0.002374610 -0.089024693 -0.948847950
1403637213738319104.000000 1.243750334 5.393777370 5.280641556 0.304274738 0.004097615 -0.084901728 -0.948784411
1403637213788318976.000000 1.258258820 5.438989639 5.336268902 0.304831147 0.007352490 -0.082608446 -0.948788643
1403637213838319104.000000 1.280652523 5.491442204 5.403271198 0.304719836 0.008862496 -0.080664106 -0.948978782
1403637213888318976.000000 1.302215934 5.542908669 5.467657089 0.304817855 0.009934327 -0.079078652 -0.949070096
1403637213938319104.000000 1.322081089 5.587400913 5.534400940 0.304569572 0.011386909 -0.078725100 -0.949162900
1403637213988318976.000000 1.341470838 5.635805130 5.606918335 0.304484040 0.008895819 -0.076713957 -0.949381530
1403637214038319104.000000 1.360149145 5.677937508 5.675057411 0.302349359 0.004902474 -0.075966723 -0.950152576
1403637214088318976.000000 1.381474376 5.716184616 5.740453720 0.298106432 -0.000378154 -0.076493777 -0.951462686
1403637214138319104.000000 1.402689934 5.748015404 5.802489281 0.292126387 -0.005284720 -0.079637825 -0.953043640
1403637214188318976.000000 1.428701162 5.782278538 5.865135193 0.285314173 -0.009960737 -0.080857128 -0.954965293
1403637214238319104.000000 1.456821442 5.819921970 5.938720703 0.278431952 -0.013556996 -0.079879023 -0.957032502
1403637214288318976.000000 1.485692024 5.854212761 6.003953934 0.271147490 -0.017083624 -0.076372154 -0.959351122
1403637214338319104.000000 1.517383814 5.892348766 6.080127716 0.262556285 -0.020924531 -0.071935743 -0.962003946
1403637214388318976.000000 1.546326637 5.923233986 6.143882275 0.253808469 -0.024415297 -0.063681275 -0.964847088
1403637214438319104.000000 1.575884342 5.951418877 6.211437225 0.244471103 -0.025867309 -0.053378332 -0.967840731
1403637214488318976.000000 1.605578542 5.978896141 6.275889397 0.234099045 -0.026874527 -0.042606179 -0.970906913
1403637214538319104.000000 1.636783600 6.003969193 6.344006538 0.223828390 -0.028088214 -0.031326130 -0.973720014
1403637214588318976.000000 1.672171354 6.024863720 6.406969547 0.214828148 -0.028559549 -0.020151973 -0.976026177
1403637214638319104.000000 1.704091668 6.040928841 6.460875988 0.206767738 -0.030247265 -0.008729346 -0.977883518
1403637214688318976.000000 1.739542961 6.056209564 6.515343666 0.199993163 -0.031903926 0.001483848 -0.979276597
1403637214738319104.000000 1.777228713 6.067424297 6.568368435 0.194996417 -0.032792993 0.011668419 -0.980186164
1403637214788318976.000000 1.810551882 6.069608688 6.618681908 0.190060616 -0.034801044 0.018216662 -0.980986297
1403637214838319104.000000 1.846302390 6.069511890 6.667675495 0.185564205 -0.035551932 0.021385932 -0.981755972
1403637214888318976.000000 1.880605102 6.067773342 6.716133118 0.181914672 -0.035778869 0.022963531 -0.982394874
1403637214938319104.000000 1.908538103 6.054970741 6.758751869 0.179110467 -0.036827881 0.023952415 -0.982847631
1403637214988318976.000000 1.936658382 6.040755272 6.803353310 0.177114785 -0.038685545 0.024281304 -0.983129799
1403637215038319104.000000 1.965258837 6.022106171 6.846040726 0.175401196 -0.040413853 0.023674225 -0.983382285
1403637215088318976.000000 1.993615746 5.993859291 6.882484913 0.174913168 -0.042998701 0.023832591 -0.983355761
1403637215138319104.000000 2.013907671 5.960937977 6.909934998 0.174632072 -0.045767497 0.023701014 -0.983283937
1403637215188318976.000000 2.033987999 5.922980309 6.943894386 0.174496084 -0.048395272 0.022710141 -0.983205616
1403637215238319104.000000 2.053185940 5.879106998 6.974873066 0.173043266 -0.051158112 0.019174786 -0.983397782
1403637215288318976.000000 2.072324514 5.838037968 7.008580208 0.170121863 -0.053159248 0.016192937 -0.983854890
1403637215338319104.000000 2.092488766 5.792437553 7.045177460 0.165243030 -0.056915864 0.012321580 -0.984532177
1403637215388318976.000000 2.106421709 5.745128632 7.083004475 0.159345910 -0.061346725 0.010041141 -0.985263765
1403637215438319104.000000 2.121203423 5.696707249 7.118972301 0.150548339 -0.068016246 0.006026067 -0.986241758
1403637215488318976.000000 2.136220217 5.642962456 7.147094727 0.140784383 -0.075459637 0.004003171 -0.987152338
1403637215538319104.000000 2.153888226 5.589993477 7.175705910 0.130278707 -0.080708146 0.003790866 -0.988179803
1403637215588318976.000000 2.167439699 5.541870117 7.206026554 0.119028568 -0.082704164 0.004579062 -0.989429772
1403637215638319104.000000 2.183124542 5.486469269 7.222483635 0.106217094 -0.082661167 0.005725340 -0.990884662
1403637215688318976.000000 2.192878723 5.418202400 7.232150555 0.093461066 -0.080763347 0.010019080 -0.992291272
1403637215738319104.000000 2.205870628 5.354429245 7.245448589 0.079853326 -0.073824257 0.013158487 -0.993982077
1403637215788318976.000000 2.212797642 5.282303810 7.247387886 0.065804146 -0.065689363 0.015733829 -0.995543718
1403637215838319104.000000 2.231890202 5.229732513 7.269682884 0.051687989 -0.057722602 0.018473588 -0.996822596
1403637215888318976.000000 2.248992205 5.164506912 7.277635098 0.038056016 -0.051508293 0.020574367 -0.997735143
1403637215938319104.000000 2.263232231 5.100288868 7.285720348 0.025611166 -0.046578161 0.021074628 -0.998363853
1403637215988318976.000000 2.279672623 5.033647060 7.283791065 0.014235278 -0.041522719 0.021465158 -0.998805523
1403637216038319104.000000 2.294674158 4.966010571 7.279264450 0.002406900 -0.039434958 0.020776954 -0.999003232
1403637216088318976.000000 2.310465813 4.898909569 7.271201134 -0.009140138 -0.036902111 0.021121508 -0.999053895
1403637216138319104.000000 2.324442387 4.829200268 7.260897636 -0.019761212 -0.035326552 0.021119673 -0.998957217
1403637216188318976.000000 2.336893082 4.757878780 7.250190258 -0.028804189 -0.035568658 0.021155614 -0.998728037
1403637216238319104.000000 2.349783897 4.690513134 7.237093925 -0.036380541 -0.034871466 0.020221043 -0.998524725
1403637216288318976.000000 2.360266209 4.626303196 7.226166725 -0.042687502 -0.036202502 0.018978896 -0.998251975
1403637216338319104.000000 2.369249344 4.560941696 7.216145992 -0.046940316 -0.037876025 0.018773198 -0.998002887
1403637216388318976.000000 2.375039816 4.493442535 7.204787731 -0.049982674 -0.041396048 0.018234510 -0.997725248
1403637216438319104.000000 2.380311489 4.425523281 7.195944786 -0.051780887 -0.046277482 0.018221896 -0.997419298
1403637216488318976.000000 2.381502867 4.363528252 7.189696312 -0.052812666 -0.050071891 0.018998381 -0.997167349
1403637216538319104.000000 2.380254745 4.304780960 7.181098938 -0.053222805 -0.054410730 0.018590534 -0.996925890
1403637216588318976.000000 2.378762722 4.245053291 7.172113419 -0.054303121 -0.056720916 0.016159087 -0.996781290
1403637216638319104.000000 2.374363422 4.185623169 7.160336018 -0.054728054 -0.059704535 0.013565301 -0.996622443
1403637216688318976.000000 2.374567986 4.126874447 7.150024891 -0.054893989 -0.063946322 0.009984131 -0.996392488
1403637216738319104.000000 2.371819973 4.071836948 7.136894703 -0.054430261 -0.069136620 0.008009734 -0.996089041
1403637216788318976.000000 2.363060713 4.021830082 7.118305683 -0.053250208 -0.074013047 0.007137408 -0.995809078
1403637216838319104.000000 2.360003710 3.972173214 7.103410244 -0.051361594 -0.078389108 0.007823327 -0.995568156
1403637216888318976.000000 2.352832079 3.921555281 7.075539112 0.049186282 0.082229152 -0.009064609 0.995357692
1403637216938319104.000000 2.349120855 3.877976894 7.047450542 -0.046642710 -0.084275991 0.010761043 -0.995292068
1403637216988318976.000000 2.343400240 3.836485624 7.018487453 -0.044657461 -0.082946941 0.010952170 -0.995492637
1403637217038319104.000000 2.338549376 3.790369987 6.983773708 -0.044192668 -0.078038931 0.007854868 -0.995939374
1403637217088318976.000000 2.329648733 3.746312141 6.942218781 -0.045314342 -0.071622811 0.001099310 -0.996401370
1403637217138319104.000000 2.321663618 3.698398590 6.892800808 -0.046126682 -0.066086300 -0.005303675 -0.996733069
1403637217188318976.000000 2.309141874 3.656080246 6.841094971 -0.047591321 -0.062541686 -0.013078143 -0.996821284
1403637217238319104.000000 2.294302464 3.614105463 6.796700954 -0.048614997 -0.060710784 -0.020578658 -0.996758461
1403637217288318976.000000 2.279174089 3.577879906 6.750288486 -0.048692591 -0.058495734 -0.025225624 -0.996780336
1403637217338319104.000000 2.261090040 3.543665886 6.699949741 -0.048654757 -0.056308247 -0.029582011 -0.996788383
1403637217388318976.000000 2.240390778 3.508666039 6.649012566 0.048261449 0.055467449 0.033500712 0.996730626
1403637217438319104.000000 2.220007658 3.468902111 6.595716000 0.047268074 0.054470267 0.036622874 0.996723413
1403637217488318976.000000 2.195137262 3.438242674 6.539389133 0.046960223 0.053766642 0.037999839 0.996724606
1403637217538319104.000000 2.168239594 3.412950516 6.485100746 0.047457527 0.055231079 0.036674321 0.996670663
1403637217588318976.000000 2.139472723 3.379688025 6.418517113 0.048849806 0.057453491 0.032933742 0.996608317
1403637217638319104.000000 2.111521482 3.355617285 6.358886242 0.050764181 0.060291771 0.025193000 0.996570766
1403637217688318976.000000 2.080631971 3.331855774 6.295735836 0.053046804 0.065362588 0.012266275 0.996375084
1403637217738319104.000000 2.051935196 3.309087753 6.226849556 -0.057066295 -0.069404952 0.003079256 -0.995950282
1403637217788318976.000000 2.025846720 3.290874481 6.159350395 -0.063528910 -0.073443674 0.017900258 -0.995112896
1403637217838319104.000000 2.002648115 3.271606684 6.087535858 -0.073443584 -0.072058931 0.028709901 -0.994278312
1403637217888318976.000000 1.969897628 3.251746893 6.002506256 0.083726965 0.071968473 -0.039664760 0.993094742
1403637217938319104.000000 1.942801118 3.229986906 5.918862343 0.093645252 0.069528311 -0.046293892 0.992095411
1403637217988318976.000000 1.902759910 3.200828075 5.798802853 0.103848740 0.066564865 -0.051865794 0.991006851
1403637218038319104.000000 1.864948750 3.179318190 5.703153133 0.112881944 0.063956916 -0.055009250 0.990020812
1403637218088318976.000000 1.828272343 3.161637545 5.614260197 0.120889202 0.059262827 -0.056481794 0.989284396
1403637218138319104.000000 1.792127013 3.144851685 5.520513535 0.127319425 0.056894910 -0.058593392 0.988493621
1403637218188318976.000000 1.758132100 3.131498575 5.426826477 0.132459149 0.054452516 -0.060218085 0.987857938
1403637218238319104.000000 1.723727584 3.120657921 5.328811646 0.136412263 0.052447554 -0.061997477 0.987318218
1403637218288318976.000000 1.680613518 3.102426291 5.229957104 0.139737546 0.051734153 -0.062642425 0.986850023
1403637218338319104.000000 1.642194510 3.088172197 5.131208420 0.141164571 0.051889721 -0.065492667 0.986453652
1403637218388318976.000000 1.602542520 3.075494766 5.033420086 0.143081561 0.051796623 -0.065127037 0.986206591
1403637218438319104.000000 1.558052182 3.068282604 4.937214851 0.144377962 0.051662099 -0.064956360 0.986035883
1403637218488318976.000000 1.513869882 3.058663130 4.836716652 0.144752517 0.052732680 -0.065626837 0.985879898
1403637218538319104.000000 1.468615413 3.048761845 4.736092567 0.145004675 0.052547984 -0.066108666 0.985820472
1403637218588318976.000000 1.423903108 3.034937859 4.634592056 0.144412443 0.052828722 -0.066297226 0.985879779
1403637218638319104.000000 1.377517104 3.025297642 4.534998417 0.143812522 0.050110698 -0.065863982 0.986138344
1403637218688318976.000000 1.335425138 3.015107393 4.432440281 0.142263383 0.047890887 -0.067438819 0.986366928
1403637218738319104.000000 1.289675713 3.005137444 4.325499058 0.142009959 0.043612625 -0.065604456 0.986725509
1403637218788318976.000000 1.247601509 2.995444059 4.217955589 0.141240701 0.041952562 -0.064461328 0.986983240
1403637218838319104.000000 1.202214003 2.987055540 4.113738537 -0.138546050 -0.040047500 0.068391554 -0.987179816
1403637218888318976.000000 1.152632475 2.978857756 4.014836788 -0.135632992 -0.038360704 0.072966732 -0.987323701
1403637218938319104.000000 1.098993659 2.972091198 3.916561127 -0.133404613 -0.038931277 0.077036113 -0.987295806
1403637218988318976.000000 1.041838527 2.959266901 3.818611622 -0.130845800 -0.038496200 0.081811629 -0.987271130
1403637219038319104.000000 0.982365251 2.941990852 3.721904755 -0.128795937 -0.038243353 0.085216939 -0.987262428
1403637219088318976.000000 0.924981654 2.927258492 3.626583099 -0.127832279 -0.038044639 0.086780399 -0.987259209
1403637219138319104.000000 0.864446461 2.906908751 3.524017334 -0.127412513 -0.038500424 0.087429456 -0.987238526
1403637219188318976.000000 0.808327675 2.889669180 3.428206444 -0.126945838 -0.037604515 0.087462075 -0.987330258
1403637219238319104.000000 0.753405213 2.869862318 3.321922779 -0.126902103 -0.036993910 0.086150415 -0.987474322
1403637219288318976.000000 0.699402750 2.853690624 3.212150097 -0.126935214 -0.035190750 0.085133284 -0.987624168
1403637219338319104.000000 0.651435435 2.832943201 3.100501299 -0.127319887 -0.034380618 0.082655795 -0.987813592
1403637219388318976.000000 0.602848351 2.807554722 2.993688583 -0.126724541 -0.031626981 0.082210436 -0.988019288
1403637219438319104.000000 0.557684422 2.785760641 2.885031462 -0.127047077 -0.029596433 0.080789581 -0.988157928
1403637219488318976.000000 0.510674477 2.761278152 2.778420687 -0.127270192 -0.020558791 0.078865416 -0.988514006
1403637219538319104.000000 0.464645803 2.736837864 2.669205189 -0.126941800 -0.013559019 0.077949800 -0.988749623
1403637219588318976.000000 0.417208076 2.712137699 2.564258575 -0.126656190 -0.004794761 0.076699823 -0.988965333
1403637219638319104.000000 0.372881681 2.686952591 2.457646132 -0.126535594 0.001735660 0.075244650 -0.989102662
1403637219688318976.000000 0.330022097 2.663119793 2.351750374 -0.125973776 0.007258850 0.074787684 -0.989183903
1403637219738319104.000000 0.289974570 2.637783527 2.248106956 -0.125714585 0.009857699 0.073929951 -0.989258826
1403637219788318976.000000 0.249851808 2.606874228 2.146354675 -0.125313655 0.012731077 0.072799586 -0.989360750
1403637219838319104.000000 0.214457318 2.574798584 2.047180653 -0.124621809 0.015346254 0.073629141 -0.989349663
1403637219888318976.000000 0.180344656 2.539693356 1.942394137 -0.124723807 0.018610774 0.073023908 -0.989325583
1403637219938319104.000000 0.150104046 2.505788803 1.840225577 -0.124787226 0.018492348 0.072348237 -0.989369452
1403637219988318976.000000 0.121836640 2.473724365 1.741225719 -0.124723360 0.018473424 0.072255313 -0.989384651
1403637220038319104.000000 0.096165389 2.438838720 1.638713360 -0.124897346 0.019525394 0.071903184 -0.989368200
1403637220088318976.000000 0.071912445 2.403586149 1.540623903 -0.124900848 0.020344239 0.070952140 -0.989419878
1403637220138319104.000000 0.049533732 2.365890503 1.444775105 -0.123850197 0.020076169 0.073032029 -0.989406109
1403637220188318976.000000 0.030059274 2.327651739 1.346232295 -0.124989100 0.020828590 0.070777729 -0.989411235
1403637220238319104.000000 0.012675008 2.286526680 1.250547767 -0.125689223 0.020403173 0.068420917 -0.989497125
1403637220288318976.000000 -0.001971304 2.248733521 1.156407833 -0.127019495 0.018743085 0.063789062 -0.989669561
1403637220338319104.000000 -0.014962520 2.209510803 1.059837937 -0.128636613 0.017012330 0.058768887 -0.989802778
1403637220388318976.000000 -0.025989503 2.173100471 0.958466113 -0.130717576 0.014979910 0.052188043 -0.989931762
1403637220438319104.000000 -0.035858676 2.137150049 0.862299562 -0.131914079 0.012452137 0.047516465 -0.990043402
1403637220488318976.000000 -0.044678934 2.102610350 0.766189218 -0.132804543 0.011075431 0.043923236 -0.990106583
1403637220538319104.000000 -0.053898748 2.068465471 0.674974620 -0.133827731 0.008304598 0.040200721 -0.990154088
1403637220588318976.000000 -0.065326609 2.036965609 0.583660483 -0.134563014 0.006062124 0.036753021 -0.990204632
1403637220638319104.000000 -0.076542079 2.003505468 0.495049447 -0.134086370 0.005769293 0.037650656 -0.990237355
1403637220688318976.000000 -0.088394910 1.972593665 0.408054262 -0.134076700 0.006827517 0.037331060 -0.990244091
1403637220738319104.000000 -0.098361835 1.941145897 0.324831128 -0.133413345 0.006934444 0.038575187 -0.990285277
1403637220788318976.000000 -0.110921219 1.911022782 0.245979875 -0.133077636 0.007977004 0.038834952 -0.990312338
1403637220838319104.000000 -0.124547005 1.882369518 0.168609723 -0.133091077 0.008929905 0.039002381 -0.990295887
1403637220888318976.000000 -0.140120655 1.854602575 0.094579622 -0.132441416 0.009566677 0.039817058 -0.990344584
1403637220938319104.000000 -0.158237919 1.827917099 0.022731213 -0.132249743 0.010743177 0.039723784 -0.990361869
1403637220988318976.000000 -0.174586371 1.801249623 -0.048895322 -0.131044433 0.011923346 0.039443824 -0.990519762
1403637221038319104.000000 -0.193216011 1.773698449 -0.113193452 -0.128202036 0.014852660 0.040021405 -0.990828991
1403637221088318976.000000 -0.211020529 1.747473001 -0.177703530 -0.124335967 0.016288325 0.038813274 -0.991347015
1403637221138319104.000000 -0.231193140 1.723574519 -0.239864156 -0.119151406 0.019120129 0.037876312 -0.991969168
1403637221188318976.000000 -0.252920598 1.702477455 -0.302358657 -0.112541728 0.020761561 0.036950532 -0.992742658
1403637221238319104.000000 -0.274595022 1.681353927 -0.363779157 -0.104832724 0.022038514 0.035477675 -0.993612468
1403637221288318976.000000 -0.299472183 1.661273837 -0.421769619 -0.096748650 0.022396935 0.033933319 -0.994478047
1403637221338319104.000000 -0.322701484 1.640265346 -0.476942718 -0.089693144 0.022457406 0.030909743 -0.995236397
1403637221388318976.000000 -0.347386509 1.620238423 -0.528785408 -0.083656289 0.022902170 0.028528487 -0.995822966
1403637221438319104.000000 -0.372160167 1.600270748 -0.579445899 -0.078479044 0.021329144 0.025651045 -0.996357441
1403637221488318976.000000 -0.398301154 1.580952883 -0.627631962 -0.073751613 0.022147790 0.024081737 -0.996739864
1403637221538319104.000000 -0.422174156 1.558986783 -0.673619628 -0.070500799 0.022972384 0.020590249 -0.997034609
1403637221588318976.000000 -0.447082490 1.538045764 -0.718258500 -0.066920236 0.023558527 0.019127946 -0.997296751
1403637221638319104.000000 -0.470940888 1.518670321 -0.757475317 -0.063493207 0.023795219 0.018293265 -0.997530937
1403637221688318976.000000 -0.496124268 1.498817563 -0.798173726 -0.060853679 0.025214313 0.016603097 -0.997690082
1403637221738319104.000000 -0.519641817 1.478403330 -0.834797084 -0.058535248 0.025364097 0.015310260 -0.997845709
1403637221788318976.000000 -0.543352187 1.459174514 -0.869387150 -0.056716010 0.025672752 0.013683092 -0.997966409
1403637221838319104.000000 -0.568695366 1.440972567 -0.902495205 -0.053956460 0.026539922 0.012039638 -0.998117983
1403637221888318976.000000 -0.594400287 1.423625350 -0.931317985 -0.050417252 0.027330706 0.009379712 -0.998310149
1403637221938319104.000000 -0.618984401 1.409204721 -0.956403553 -0.045146663 0.028345175 0.005727435 -0.998561740
1403637221988318976.000000 -0.646431863 1.396643281 -0.988847196 -0.037773736 0.028475106 0.003588856 -0.998874128
1403637222038319104.000000 -0.670951545 1.381967783 -1.009535789 -0.028680908 0.028268414 -0.000076561 -0.999188900
1403637222088318976.000000 -0.695581138 1.367844105 -1.027600288 -0.017963247 0.029151488 -0.003673609 -0.999406874
1403637222138319104.000000 -0.717846394 1.356409431 -1.042460084 -0.006754525 0.029269945 -0.007939132 -0.999517262
1403637222188318976.000000 -0.741519153 1.340969443 -1.053058982 0.005438738 0.029063977 -0.012256129 -0.999487698
1403637222238319104.000000 -0.767076373 1.330013514 -1.068195224 0.016739439 0.025998821 -0.016285794 -0.999389172
1403637222288318976.000000 -0.793691278 1.318585157 -1.081307888 0.027019458 0.022542695 -0.018350482 -0.999212265
1403637222338319104.000000 -0.820656419 1.309278727 -1.090842009 0.035358515 0.016278625 -0.021274785 -0.999015689
1403637222388318976.000000 -0.845110536 1.297059655 -1.097829938 0.042922407 0.009589647 -0.024036283 -0.998743176
1403637222438319104.000000 -0.870640635 1.288359523 -1.103424430 0.049392678 0.003192920 -0.025879750 -0.998439014
1403637222488318976.000000 -0.893761873 1.280978203 -1.112320900 0.054962575 -0.002149786 -0.026337679 -0.998138726
1403637222538319104.000000 -0.915859699 1.272343755 -1.121535420 0.058872283 -0.004991212 -0.028656092 -0.997841716
1403637222588318976.000000 -0.935943663 1.261636257 -1.130962610 0.062351186 -0.006447697 -0.029840870 -0.997587264
1403637222638319104.000000 -0.951021850 1.255915284 -1.136390567 0.065604389 -0.008359909 -0.029598752 -0.997371614
1403637222688318976.000000 -0.966141343 1.250357866 -1.145378113 0.067844063 -0.007634514 -0.029056743 -0.997243524
1403637222738319104.000000 -0.978776038 1.244238138 -1.154800296 0.068951897 -0.006116159 -0.030040614 -0.997148871
1403637222788318976.000000 -0.990719080 1.239660621 -1.166358829 0.070030898 -0.002532931 -0.029862473 -0.997094512
1403637222838319104.000000 -1.000165105 1.233739614 -1.182966948 0.070174366 0.002084281 -0.030084528 -0.997078836
1403637222888318976.000000 -1.006527901 1.227581263 -1.195545435 0.069858335 0.007562854 -0.030765688 -0.997053683
1403637222938319104.000000 -1.011404514 1.221483111 -1.209822893 0.069312401 0.013769153 -0.030975636 -0.997018993
1403637222988318976.000000 -1.013123035 1.220343113 -1.218801737 0.068917960 0.018545629 -0.030903356 -0.996971130
1403637223038319104.000000 -1.012714505 1.215021253 -1.228474975 0.068050526 0.022073952 -0.031209962 -0.996949315
1403637223088318976.000000 -1.009378314 1.216248035 -1.234429598 0.067143545 0.024723774 -0.030839868 -0.996960104
1403637223138319104.000000 -1.005474925 1.216573834 -1.244063139 0.066439867 0.025540195 -0.030030167 -0.997011364
1403637223188318976.000000 -0.998671710 1.216786861 -1.251001954 0.065357931 0.025175821 -0.029419245 -0.997110367
1403637223238319104.000000 -0.991648138 1.214269638 -1.259176970 0.064638190 0.023280803 -0.028074753 -0.997242093
1403637223288318976.000000 -0.980885148 1.214918613 -1.263950348 0.063815087 0.019258518 -0.026229601 -0.997431099
1403637223338319104.000000 -0.966375172 1.214246869 -1.267958164 0.062688537 0.014266660 -0.024514960 -0.997630000
1403637223388318976.000000 -0.950015783 1.209780812 -1.276232600 0.061978955 0.009920895 -0.022309946 -0.997778773
1403637223438319104.000000 -0.930890501 1.205383658 -1.287928343 0.060778040 0.005836010 -0.021232488 -0.997908473
1403637223488318976.000000 -0.911489487 1.203317404 -1.298169374 0.059788320 0.002890908 -0.019877816 -0.998009026
1403637223538319104.000000 -0.892554700 1.200212598 -1.303419948 0.059335783 0.000026084 -0.018566631 -0.998065472
1403637223588318976.000000 -0.870225787 1.198169231 -1.312572598 0.058798034 -0.002230996 -0.017821357 -0.998108387
1403637223638319104.000000 -0.851075292 1.195006371 -1.317500710 0.058594756 -0.004052284 -0.016961988 -0.998129547
1403637223688318976.000000 -0.834087908 1.196500063 -1.321997285 0.058142126 -0.005135559 -0.016634028 -0.998156548
1403637223738319104.000000 -0.816925526 1.197504163 -1.326769829 0.058074467 -0.005423000 -0.015617124 -0.998175383
1403637223788318976.000000 -0.802683294 1.198469520 -1.330864310 0.057771578 -0.006477787 -0.015664890 -0.998185933
1403637223838319104.000000 -0.789924502 1.200444818 -1.327369452 0.057660785 -0.007135659 -0.015304994 -0.998193443
1403637223888318976.000000 -0.780415177 1.205018044 -1.327082396 0.057717584 -0.008118886 -0.014653356 -0.998192370
1403637223938319104.000000 -0.771089375 1.206272960 -1.325850844 0.058136053 -0.008385380 -0.013258484 -0.998185456
1403637223988318976.000000 -0.763734758 1.204488039 -1.325108290 0.058049370 -0.008783867 -0.013823019 -0.998179376
1403637224038319104.000000 -0.761129737 1.207537770 -1.322983265 0.058163479 -0.009275148 -0.013990763 -0.998165965
1403637224088318976.000000 -0.758879483 1.210560560 -1.318912625 0.058059800 -0.009033015 -0.014017411 -0.998173833
1403637224138319104.000000 -0.756854713 1.214514732 -1.312818527 0.058601767 -0.009637649 -0.012915817 -0.998151362
1403637224188318976.000000 -0.756194592 1.215331554 -1.306850314 0.058634039 -0.009848366 -0.012961689 -0.998146832
1403637224238319104.000000 -0.756576002 1.216288924 -1.300143003 0.059091501 -0.010334305 -0.011971536 -0.998127341
1403637224288318976.000000 -0.757413566 1.219028711 -1.294546843 0.059267890 -0.011183316 -0.011486749 -0.998113394
1403637224338319104.000000 -0.760347605 1.221276402 -1.288221359 0.059058953 -0.011646356 -0.011641533 -0.998118699
1403637224388318976.000000 -0.764432847 1.219603181 -1.285179734 0.059333928 -0.011401725 -0.010831106 -0.998114347
1403637224438319104.000000 -0.769514501 1.223898530 -1.277908206 0.059990719 -0.011497640 -0.009592441 -0.998086691
1403637224488318976.000000 -0.776800454 1.224075317 -1.272780418 0.060055226 -0.011697100 -0.008952268 -0.998086393
1403637224538319104.000000 -0.785034657 1.222413301 -1.266308188 0.060407758 -0.012495904 -0.008294731 -0.998061121
1403637224588318976.000000 -0.791927338 1.220279574 -1.256338120 0.060204372 -0.012848593 -0.009183710 -0.998061180
1403637224638319104.000000 -0.800448775 1.217756271 -1.250098586 0.059104931 -0.013418488 -0.011661983 -0.998093486
1403637224688318976.000000 -0.807194710 1.216944456 -1.245970249 0.057397049 -0.014288701 -0.016113939 -0.998119116
1403637224738319104.000000 -0.812614143 1.213658690 -1.241179109 0.055712145 -0.013125014 -0.020611251 -0.998147845
1403637224788318976.000000 -0.818076551 1.211701989 -1.238651514 0.055132046 -0.012654497 -0.022041973 -0.998155594
1403637224838319104.000000 -0.822651088 1.205055118 -1.240866184 0.055405896 -0.012171344 -0.021803215 -0.998151720
1403637224888318976.000000 -0.827177465 1.200451016 -1.241191149 0.056376945 -0.013463582 -0.019242840 -0.998133361
1403637224938319104.000000 -0.831141710 1.195887208 -1.240402699 0.057918813 -0.014028303 -0.015858572 -0.998096764
1403637224988318976.000000 -0.837470114 1.192200541 -1.239947796 0.058831278 -0.014334066 -0.013588314 -0.998072624
1403637225038319104.000000 -0.843895853 1.186718702 -1.238675237 0.059338212 -0.014334506 -0.012260249 -0.998059750
1403637225088318976.000000 -0.851949394 1.183478355 -1.238924623 0.060016435 -0.014272891 -0.010459687 -0.998040557
1403637225138319104.000000 -0.860512555 1.178108096 -1.240329981 0.060266230 -0.015649201 -0.009248462 -0.998016834
1403637225188318976.000000 -0.869865477 1.172956109 -1.238251209 0.060220361 -0.016067691 -0.008913516 -0.998016000
1403637225238319104.000000 -0.881050289 1.166185379 -1.238162756 0.060051464 -0.016684555 -0.008185277 -0.998022258
1403637225288318976.000000 -0.891258121 1.161746860 -1.236842513 0.059260514 -0.016617812 -0.008879503 -0.998064756
1403637225338319104.000000 -0.903246284 1.156167150 -1.233905554 0.059314325 -0.017654821 -0.008016905 -0.998051107
1403637225388318976.000000 -0.912231326 1.150480986 -1.232673526 0.059094056 -0.018526282 -0.007649288 -0.998051226
1403637225438319104.000000 -0.920841515 1.145926356 -1.233174443 0.058580089 -0.019868616 -0.007183190 -0.998059154
1403637225488318976.000000 -0.930079222 1.139135122 -1.231871605 0.058397561 -0.020478079 -0.006849684 -0.998059869
1403637225538319104.000000 -0.933924615 1.129674435 -1.231779933 0.058200043 -0.020118264 -0.005979489 -0.998084307
1403637225588318976.000000 -0.939807594 1.123440862 -1.235344887 0.057598636 -0.018720256 -0.005888137 -0.998146951
1403637225638319104.000000 -0.941506624 1.115904212 -1.240745425 0.057498753 -0.016855551 -0.005113830 -0.998190165
1403637225688318976.000000 -0.942884564 1.106714487 -1.249669433 0.057132788 -0.012792973 -0.005919512 -0.998267114
1403637225738319104.000000 -0.942031026 1.096346617 -1.255853415 0.057272878 -0.010674042 -0.005069091 -0.998288691
1403637225788318976.000000 -0.939244330 1.087736487 -1.259964705 0.057276886 -0.006792403 -0.005035525 -0.998322546
1403637225838319104.000000 -0.934604406 1.079060316 -1.267115593 0.056917582 -0.003331430 -0.006004344 -0.998355329
1403637225888318976.000000 -0.925063848 1.068119645 -1.271715522 0.056718122 -0.000771197 -0.006003787 -0.998371959
1403637225938319104.000000 -0.917310596 1.058061481 -1.279557705 0.056272388 -0.003215420 -0.005783245 -0.998393536
1403637225988318976.000000 -0.907429636 1.047926188 -1.284464121 0.056241646 -0.006995383 -0.005628008 -0.998376846
1403637226038319104.000000 -0.897559881 1.032613873 -1.296518683 0.055856101 -0.011527509 -0.005537328 -0.998356998
1403637226088318976.000000 -0.884791970 1.022137880 -1.304949999 0.055831075 -0.014330697 -0.005275391 -0.998323500
1403637226138319104.000000 -0.874749005 1.009564877 -1.315802097 0.055681080 -0.017611124 -0.005343784 -0.998279035
1403637226188318976.000000 -0.870169342 0.997568667 -1.325288534 0.055794984 -0.019196790 -0.005179322 -0.998244226
1403637226238319104.000000 -0.866063714 0.985984504 -1.337051511 0.055667713 -0.020559641 -0.004985169 -0.998225212
1403637226288318976.000000 -0.861341655 0.971094549 -1.344238043 0.056164481 -0.019428050 -0.004199383 -0.998223662
1403637226338319104.000000 -0.857094526 0.955464542 -1.352093816 0.056398176 -0.015588361 -0.003970391 -0.998278737
1403637226388318976.000000 -0.856940567 0.941901267 -1.361783147 0.056713719 -0.010637317 -0.003305096 -0.998328388
1403637226438319104.000000 -0.856123090 0.926928639 -1.372440696 0.057047237 -0.003398453 -0.003223199 -0.998360515
1403637226488318976.000000 -0.854704499 0.912298203 -1.380466104 0.056915224 0.002330655 -0.003839527 -0.998368919
1403637226538319104.000000 -0.853677809 0.898543119 -1.388107061 0.057090964 0.006241464 -0.003224929 -0.998344302
1403637226588318976.000000 -0.854443729 0.882151902 -1.397363186 0.057418071 0.009889829 -0.002238930 -0.998298705
1403637226638319104.000000 -0.854283333 0.866735578 -1.403050661 0.057399787 0.011547474 -0.002118758 -0.998282313
1403637226688318976.000000 -0.853934169 0.849722505 -1.408116698 0.057257347 0.012568567 -0.002671087 -0.998276770
1403637226738319104.000000 -0.856621563 0.834049582 -1.409324408 0.056670684 0.013498491 -0.003796100 -0.998294532
1403637226788318976.000000 -0.860971034 0.817282379 -1.412460923 0.056056131 0.013890821 -0.004358343 -0.998321533
1403637226838319104.000000 -0.866611838 0.800421536 -1.411672115 0.056050848 0.013397082 -0.004379957 -0.998328447
1403637226888318976.000000 -0.871706307 0.785366058 -1.409054518 0.055333428 0.012924553 -0.006799704 -0.998361170
1403637226938319104.000000 -0.875567257 0.767000556 -1.407435656 0.054279316 0.011836185 -0.010738133 -0.998397946
1403637226988318976.000000 -0.879600585 0.747225583 -1.404936314 0.052803729 0.009939444 -0.015752800 -0.998431265
1403637227038319104.000000 -0.884606719 0.727786541 -1.400579691 0.050224371 0.007367278 -0.023550587 -0.998433113
1403637227088318976.000000 -0.889346421 0.708149314 -1.398554206 0.047882229 0.004548305 -0.031158127 -0.998356581
1403637227138319104.000000 -0.892177343 0.690384209 -1.395649552 0.045940503 0.001779460 -0.038302530 -0.998208046
1403637227188318976.000000 -0.894387543 0.672174275 -1.393688917 0.045626607 0.000589821 -0.040697608 -0.998129070
1403637227238319104.000000 -0.893707514 0.658221602 -1.392431259 0.045867205 -0.000657914 -0.041542392 -0.998083174
1403637227288318976.000000 -0.890174866 0.646572590 -1.390106559 0.048113234 -0.001015389 -0.037113007 -0.998151660
1403637227338319104.000000 -0.883636653 0.636096299 -1.388291836 0.050276987 -0.000374344 -0.032968190 -0.998190999
1403637227388318976.000000 -0.876859605 0.628062725 -1.385054708 0.052558780 -0.000270150 -0.029033329 -0.998195708
1403637227438319104.000000 -0.872955441 0.622170031 -1.385780931 0.054391894 0.001552551 -0.025322547 -0.998197317
1403637227488318976.000000 -0.866031051 0.612618268 -1.383318782 0.055527579 0.002328125 -0.023822127 -0.998170257
1403637227538319104.000000 -0.860601783 0.604368806 -1.379208207 0.056574833 0.002752841 -0.023697063 -0.998113334
1403637227588318976.000000 -0.855728745 0.597687602 -1.371683478 0.056737322 0.003770945 -0.025153862 -0.998065114
1403637227638319104.000000 -0.851335704 0.591315448 -1.366932392 0.055935510 0.003557328 -0.028658202 -0.998016715
1403637227688318976.000000 -0.850039542 0.585243464 -1.360724807 0.055649344 0.004456989 -0.031121342 -0.997955322
1403637227738319104.000000 -0.852022707 0.581181884 -1.353551388 0.054951400 0.004333501 -0.033586558 -0.997914612
1403637227788318976.000000 -0.849579573 0.577025414 -1.344050884 0.054348681 0.004561471 -0.036315531 -0.997851014
1403637227838319104.000000 -0.850025475 0.568691790 -1.334856153 0.055761598 0.004061460 -0.034259457 -0.997847974
1403637227888318976.000000 -0.852566123 0.570061028 -1.325370431 0.056228057 -0.000267910 -0.032538638 -0.997887552
1403637227938319104.000000 -0.854695261 0.569798410 -1.313357711 0.058131915 -0.005759414 -0.028015126 -0.997899115
1403637227988318976.000000 -0.857376337 0.567765474 -1.302075624 0.059309203 -0.010360381 -0.024199517 -0.997892559
1403637228038319104.000000 -0.860689759 0.566923857 -1.291905403 0.060636099 -0.015317865 -0.019640625 -0.997849166
1403637228088318976.000000 -0.867190301 0.564438701 -1.284484506 0.060841173 -0.017695760 -0.017560914 -0.997836053
1403637228138319104.000000 -0.872262895 0.565164864 -1.279380560 0.060135670 -0.021120647 -0.017006801 -0.997821808
1403637228188318976.000000 -0.879244804 0.562226355 -1.274919629 0.059791658 -0.022481615 -0.015866548 -0.997831523
1403637228238319104.000000 -0.886382401 0.562651992 -1.269937754 0.058865167 -0.024677938 -0.015640575 -0.997838318
1403637228288318976.000000 -0.890165150 0.559669495 -1.265895247 0.058737118 -0.025238054 -0.014218396 -0.997853160
1403637228338319104.000000 -0.891466916 0.560173750 -1.260327816 0.057973973 -0.026479775 -0.014816212 -0.997856915
1403637228388318976.000000 -0.893560112 0.560210586 -1.255432010 0.058369171 -0.025903910 -0.012039180 -0.997886300
1403637228438319104.000000 -0.891590118 0.554683268 -1.253623486 0.058181964 -0.026714159 -0.011086347 -0.997886956
1403637228488318976.000000 -0.886425436 0.552020848 -1.250600696 0.058763031 -0.027453894 -0.008953290 -0.997854292
1403637228538319104.000000 -0.883496523 0.548452020 -1.250407934 0.058821741 -0.028266257 -0.006880010 -0.997844577
1403637228588318976.000000 -0.878727734 0.544090927 -1.253914118 0.059487838 -0.028856060 -0.004552354 -0.997801542
1403637228638319104.000000 -0.872074008 0.539078712 -1.257975817 0.059556663 -0.028555883 -0.003174686 -0.997811437
1403637228688318976.000000 -0.867476702 0.533220172 -1.264988422 0.059485108 -0.025186634 -0.003675136 -0.997904658
1403637228738319104.000000 -0.862009048 0.529996455 -1.273424387 0.058851432 -0.020749776 -0.005731774 -0.998034716
1403637228788318976.000000 -0.855979264 0.523721814 -1.280754924 0.057508204 -0.016048277 -0.009456821 -0.998171329
1403637228838319104.000000 -0.852558851 0.516676903 -1.289422274 0.056594968 -0.011441304 -0.012895625 -0.998248398
1403637228888318976.000000 -0.852793157 0.508621335 -1.299063325 0.055644836 -0.008278362 -0.016258530 -0.998283923
1403637228938319104.000000 -0.853036702 0.502601683 -1.303553224 0.055982187 -0.007581222 -0.016351203 -0.998269141
1403637228988318976.000000 -0.850904524 0.493945599 -1.310870528 0.057506923 -0.008295707 -0.013448751 -0.998220086
1403637229038319104.000000 -0.851942241 0.486955971 -1.314675689 0.058619425 -0.009611459 -0.010868333 -0.998174965
1403637229088318976.000000 -0.855717838 0.477093816 -1.325255871 0.059484873 -0.012978700 -0.008712978 -0.998106837
1403637229138319104.000000 -0.857364774 0.466554880 -1.329560161 0.060397219 -0.016200958 -0.006782158 -0.998019934
1403637229188318976.000000 -0.860135198 0.454018921 -1.331297398 0.061234001 -0.017908847 -0.004557729 -0.997952402
1403637229238319104.000000 -0.865324318 0.443243176 -1.338685393 0.061984666 -0.018828081 -0.003650780 -0.997892857
1403637229288318976.000000 -0.871233463 0.432458580 -1.344053626 0.063729607 -0.018839529 -0.003319937 -0.997783840
1403637229338319104.000000 -0.878907919 0.421371281 -1.347188830 0.066815257 -0.017807873 -0.004017433 -0.997598410
1403637229388318976.000000 -0.887741625 0.405918688 -1.349115133 0.070692010 -0.014367120 -0.009220134 -0.997352123
1403637229438319104.000000 -0.898870289 0.397367060 -1.351277232 0.075224370 -0.008275948 -0.017512189 -0.996978521
1403637229488318976.000000 -0.911384344 0.385370612 -1.356209993 0.080724530 -0.002098236 -0.029286155 -0.996303916
1403637229538319104.000000 -0.924571574 0.376000464 -1.364178181 0.087346874 0.003351638 -0.042621605 -0.995260119
1403637229588318976.000000 -0.940723658 0.368586570 -1.371709228 0.095922522 0.008211847 -0.055450320 -0.993809223
1403637229638319104.000000 -0.951934516 0.360805780 -1.374434829 0.106332131 0.011858614 -0.068179466 -0.991919577
1403637229688318976.000000 -0.964288712 0.359187245 -1.376882911 0.118209384 0.014493171 -0.079430200 -0.989700615
1403637229738319104.000000 -0.977250576 0.358830392 -1.378021479 0.132336766 0.015794531 -0.086314477 -0.987313271
1403637229788318976.000000 -0.991138160 0.360781491 -1.377145767 0.149847567 0.014281863 -0.085788056 -0.984876812
1403637229838319104.000000 -1.005086184 0.362814486 -1.375987172 0.168200880 0.010314259 -0.083766609 -0.982133031
1403637229888318976.000000 -1.018618226 0.369257659 -1.372431755 0.186853126 0.005770079 -0.080490328 -0.979067922
1403637229938319104.000000 -1.029400349 0.379203588 -1.369204402 0.204953000 0.001769824 -0.078572638 -0.975611329
1403637229988318976.000000 -1.041868806 0.381865650 -1.367645621 0.222260937 -0.002817645 -0.078058869 -0.971853375
1403637230038319104.000000 -1.052024364 0.385033548 -1.366681457 0.238159835 -0.003132651 -0.080527298 -0.967876852
1403637230088318976.000000 -1.065967917 0.395900726 -1.362621784 0.251716018 -0.001627981 -0.087268516 -0.963857174
1403637230138319104.000000 -1.078042150 0.401929736 -1.362794876 0.263896108 0.001985170 -0.095491283 -0.959810615
1403637230188318976.000000 -1.089072108 0.406082630 -1.364326239 0.275402427 0.005067175 -0.101980545 -0.955891132
1403637230238319104.000000 -1.097930670 0.411327749 -1.366791010 0.285376668 0.007524374 -0.106451765 -0.952455640
1403637230288318976.000000 -1.102214098 0.413338870 -1.369403005 0.294109762 0.009869694 -0.108637042 -0.949526250
1403637230338319104.000000 -1.104967356 0.418676645 -1.365613461 0.301159173 0.010052742 -0.109503984 -0.947212279
1403637230388318976.000000 -1.101301432 0.425592750 -1.363090158 0.306495428 0.007460120 -0.110858642 -0.945365191
1403637230438319104.000000 -1.095458984 0.427614421 -1.365671754 0.311768800 0.002410980 -0.109651633 -0.943806648
1403637230488318976.000000 -1.092540026 0.431520492 -1.365289807 0.315822810 -0.003853485 -0.107462861 -0.942705095
1403637230538319104.000000 -1.085012317 0.435010076 -1.364938736 0.319484293 -0.010227310 -0.106069788 -0.941580832
1403637230588318976.000000 -1.073836565 0.441379905 -1.365094900 0.324284971 -0.016950525 -0.104404896 -0.940027475
1403637230638319104.000000 -1.058686972 0.444590598 -1.362406492 0.329530865 -0.023020949 -0.106911704 -0.937789679
1403637230688318976.000000 -1.046751261 0.442265391 -1.362823367 0.335730940 -0.026480757 -0.110052370 -0.935132086
1403637230738319104.000000 -1.033555388 0.444244981 -1.363858581 0.342280835 -0.026743941 -0.116544843 -0.931958079
1403637230788318976.000000 -1.020719051 0.445371866 -1.367044330 0.349394172 -0.023813505 -0.124594092 -0.928349614
1403637230838319104.000000 -1.013863564 0.442178369 -1.370359421 0.357036024 -0.018076526 -0.135751694 -0.923996806
1403637230888318976.000000 -1.006934524 0.441657335 -1.373605609 0.366709113 -0.011801789 -0.145775691 -0.918768048
1403637230938319104.000000 -1.000873566 0.441848874 -1.380011678 0.377297223 -0.006260938 -0.156271771 -0.912790656
1403637230988318976.000000 -0.998595715 0.441916406 -1.387320161 0.389508516 -0.001659758 -0.165102318 -0.906102419
1403637231038319104.000000 -0.996027887 0.446525037 -1.392485976 0.403285593 0.002182224 -0.172995016 -0.898570418
1403637231088318976.000000 -0.997421503 0.450497925 -1.401231050 0.417714685 0.003458673 -0.181177109 -0.890324295
1403637231138319104.000000 -0.998360872 0.449915528 -1.412590384 0.433606386 0.004855645 -0.188240573 -0.881207943
1403637231188318976.000000 -1.003198981 0.453624964 -1.419177890 0.449258715 0.003821516 -0.197290912 -0.871337116
1403637231238319104.000000 -1.014343262 0.462287784 -1.419083953 0.466114223 0.002288808 -0.205178246 -0.860601068
1403637231288318976.000000 -1.025457501 0.471595049 -1.419298649 0.483049959 0.000763459 -0.213345662 -0.849203050
1403637231338319104.000000 -1.041124821 0.476176262 -1.420332909 0.500830114 -0.002029533 -0.220910072 -0.836877465
1403637231388318976.000000 -1.057667136 0.486441970 -1.421759486 0.519311965 -0.005524619 -0.227081403 -0.823843837
1403637231438319104.000000 -1.078738689 0.497455239 -1.424084067 0.537276149 -0.008843714 -0.234061450 -0.810229242
1403637231488318976.000000 -1.102214932 0.503979445 -1.424421787 0.554319322 -0.011811987 -0.243841588 -0.795695841
1403637231538319104.000000 -1.131584525 0.510916710 -1.422960758 0.571187735 -0.013786328 -0.254260361 -0.780324459
1403637231588318976.000000 -1.164302826 0.523089051 -1.420944452 0.587464392 -0.014355406 -0.264603674 -0.764633596
1403637231638319104.000000 -1.198668003 0.536520123 -1.416741967 0.604474843 -0.013869436 -0.271536082 -0.748789728
1403637231688318976.000000 -1.227799654 0.554577827 -1.420337915 0.621542275 -0.012733133 -0.276605636 -0.732811391
1403637231738319104.000000 -1.260604024 0.569768071 -1.422540188 0.637055039 -0.014155360 -0.281838357 -0.717305899
1403637231788318976.000000 -1.295967102 0.593109012 -1.426716685 0.652062714 -0.015486570 -0.285764784 -0.702077627
1403637231838319104.000000 -1.327575445 0.617279768 -1.427953362 0.665267408 -0.015675414 -0.290692389 -0.687511146
1403637231888318976.000000 -1.360253334 0.641803980 -1.439186096 0.676857233 -0.014567665 -0.296140969 -0.673760056
1403637231938319104.000000 -1.392394066 0.669145346 -1.447527528 0.687115014 -0.015602193 -0.301994473 -0.660627723
1403637231988318976.000000 -1.428262830 0.692794323 -1.461930037 0.697080016 -0.016909910 -0.306096196 -0.648150206
1403637232038319104.000000 -1.455394506 0.717811823 -1.478912234 0.708120584 -0.023880942 -0.306320339 -0.635737956
1403637232088318976.000000 -1.481071234 0.743745327 -1.500298738 0.719252229 -0.032451041 -0.305266917 -0.623245835
1403637232138319104.000000 -1.503387809 0.775355577 -1.514443994 0.730126441 -0.040043324 -0.304094166 -0.610605240
1403637232188318976.000000 -1.528465509 0.803064823 -1.532148242 0.739851773 -0.047140554 -0.303921759 -0.598354995
1403637232238319104.000000 -1.551445007 0.829854965 -1.553392529 0.748929620 -0.049537428 -0.303969532 -0.586730778
1403637232288318976.000000 -1.572863579 0.853135586 -1.577289104 0.757878780 -0.050052982 -0.303585112 -0.575282991
1403637232338319104.000000 -1.594044209 0.875319004 -1.603531599 0.767146468 -0.049993791 -0.301701635 -0.563882113
1403637232388318976.000000 -1.614310861 0.896213293 -1.629971862 0.776684523 -0.048496887 -0.298930764 -0.552313089
1403637232438319104.000000 -1.631095171 0.913185596 -1.659269691 0.785100758 -0.048473660 -0.298503578 -0.540520906
1403637232488318976.000000 -1.649344206 0.930485725 -1.689504027 0.792532623 -0.049840730 -0.300451308 -0.528334260
1403637232538319104.000000 -1.663954020 0.948283911 -1.717737913 0.797077775 -0.053293716 -0.309741795 -0.515642285
1403637232588318976.000000 -1.676966190 0.962668419 -1.754142523 0.801307321 -0.055026799 -0.319580704 -0.502739429
1403637232638319104.000000 -1.691720843 0.975046873 -1.791132331 0.805223405 -0.056877688 -0.329918623 -0.489421993
1403637232688318976.000000 -1.703244686 0.980323076 -1.826526403 0.809338331 -0.059004005 -0.339094937 -0.475925028
1403637232738319104.000000 -1.713822484 0.986926556 -1.868234396 0.812807798 -0.059436467 -0.348770499 -0.462785065
1403637232788318976.000000 -1.724461317 0.985747099 -1.905612111 0.815982103 -0.060294911 -0.357800007 -0.450018942
1403637232838319104.000000 -1.735664845 0.991075039 -1.952742815 0.818701684 -0.057264455 -0.365361512 -0.439271480
1403637232888318976.000000 -1.745003223 0.998621225 -2.002501965 0.821209311 -0.052175034 -0.371363789 -0.430095434
1403637232938319104.000000 -1.753903627 1.007672310 -2.054481268 0.822910786 -0.046534251 -0.377165169 -0.422372997
1403637232988318976.000000 -1.763675213 1.014298677 -2.112425327 0.824865639 -0.040663324 -0.380096048 -0.416497529
1403637233038319104.000000 -1.773612261 1.024244070 -2.172032118 0.826132894 -0.034337655 -0.382936001 -0.411928952
1403637233088318976.000000 -1.782859683 1.037924767 -2.238869190 0.827097416 -0.028147930 -0.385050595 -0.408477247
1403637233138319104.000000 -1.792012334 1.054614782 -2.310500145 0.827366769 -0.022362085 -0.387286514 -0.406169266
1403637233188318976.000000 -1.806844592 1.067809820 -2.384287357 0.826391220 -0.016608851 -0.390931785 -0.404937148
1403637233238319104.000000 -1.820595860 1.085985422 -2.458193779 0.825472355 -0.012853478 -0.393795967 -0.404171973
1403637233288318976.000000 -1.840060234 1.109232903 -2.536442280 0.824188769 -0.008137251 -0.396598667 -0.404173523
1403637233338319104.000000 -1.860628128 1.134360075 -2.615029812 0.822481513 -0.004966421 -0.399652541 -0.404694140
1403637233388318976.000000 -1.884788036 1.164198399 -2.696451664 0.820425987 -0.001605559 -0.402975142 -0.405598044
1403637233438319104.000000 -1.912719488 1.191709757 -2.779400826 0.819089890 0.002897899 -0.404440731 -0.406830490
1403637233488318976.000000 -1.942913532 1.219316244 -2.864468575 0.819795012 0.010940912 -0.400846183 -0.408826172
1403637233538319104.000000 -1.979187131 1.252309561 -2.949383259 0.822965086 0.022424422 -0.390826732 -0.411679685
1403637233588318976.000000 -2.017293453 1.286195993 -3.033649921 0.828787208 0.036199082 -0.373780578 -0.414836675
1403637233638319104.000000 -2.059620857 1.326764822 -3.119308710 0.835598111 0.049480855 -0.352955937 -0.418030739
1403637233688318976.000000 -2.103474140 1.367155790 -3.201726675 0.841903627 0.060670715 -0.332604915 -0.420584679
1403637233738319104.000000 -2.151620150 1.413026094 -3.285186052 0.847171247 0.070644349 -0.313842386 -0.422863215
1403637233788318976.000000 -2.197896004 1.463029385 -3.364444256 0.851785481 0.078838825 -0.297231704 -0.424145401
1403637233838319104.000000 -2.246028662 1.514523268 -3.442099810 0.854891241 0.084699385 -0.285140187 -0.425067186
1403637233888318976.000000 -2.292399883 1.569235802 -3.512739182 0.857181907 0.089369908 -0.275989294 -0.425537527
1403637233938319104.000000 -2.336414814 1.628490210 -3.578820944 0.858516276 0.093501292 -0.270101130 -0.425737679
1403637233988318976.000000 -2.376707554 1.686465502 -3.636745691 0.859392166 0.097593129 -0.265888572 -0.425704122
1403637234038319104.000000 -2.415632010 1.753006935 -3.691760778 0.860720694 0.102325797 -0.259708315 -0.425724089
1403637234088318976.000000 -2.454513550 1.823897362 -3.741591215 0.862202287 0.105857186 -0.252991736 -0.425906986
1403637234138319104.000000 -2.492736816 1.895626307 -3.784998178 0.864034653 0.111043043 -0.245318726 -0.425361484
1403637234188318976.000000 -2.530246496 1.971000671 -3.823356628 0.865673125 0.114861429 -0.238818452 -0.424714923
1403637234238319104.000000 -2.564392805 2.047239065 -3.856499434 0.866903543 0.114930190 -0.235326812 -0.424135238
1403637234288318976.000000 -2.596596718 2.128368378 -3.880208731 0.868261278 0.111627147 -0.233028710 -0.423508495
1403637234338319104.000000 -2.626616240 2.214488983 -3.900015831 0.869170368 0.105478548 -0.232514516 -0.423502266
1403637234388318976.000000 -2.656517267 2.305711985 -3.911789894 0.869489193 0.096388504 -0.234100819 -0.424139798
1403637234438319104.000000 -2.682751179 2.396461248 -3.919421673 0.868752897 0.084502704 -0.236597553 -0.426789582
1403637234488318976.000000 -2.707522392 2.490598440 -3.919935703 0.867500544 0.074446969 -0.237813309 -0.430517435
1403637234538319104.000000 -2.732259274 2.584738255 -3.914034843 0.865752876 0.062353682 -0.238171130 -0.435727596
1403637234588318976.000000 -2.757454872 2.685044050 -3.907823801 0.863012731 0.050653432 -0.239719227 -0.441789538
1403637234638319104.000000 -2.782092571 2.789536953 -3.895711899 0.859907269 0.040389456 -0.239894688 -0.448752493
1403637234688318976.000000 -2.807341576 2.890010118 -3.878750563 0.856330395 0.031671546 -0.239714056 -0.456324995
1403637234738319104.000000 -2.832277775 2.991988659 -3.858464718 0.851691067 0.022121208 -0.241324604 -0.464645624
1403637234788318976.000000 -2.855700016 3.092673063 -3.834279060 0.846307516 0.012266249 -0.243301183 -0.473727494
1403637234838319104.000000 -2.881248236 3.198062420 -3.807691574 0.840722501 0.003532544 -0.244860336 -0.482925147
1403637234888318976.000000 -2.904335976 3.299192190 -3.778453827 0.833805740 -0.006517706 -0.248896778 -0.492723018
1403637234938319104.000000 -2.923056602 3.397133112 -3.745784521 0.827027500 -0.015168127 -0.250562191 -0.503005028
1403637234988318976.000000 -2.936075449 3.490963221 -3.711184025 0.820520222 -0.020234598 -0.251476020 -0.512929857
1403637235038319104.000000 -2.946130991 3.580618858 -3.673460484 0.814861596 -0.021536781 -0.249503642 -0.522766471
1403637235088318976.000000 -2.953878641 3.669132710 -3.635243416 0.808910310 -0.021470038 -0.247087628 -0.533058047
1403637235138319104.000000 -2.959436178 3.755194664 -3.595266342 0.802710712 -0.020645032 -0.244651422 -0.543484211
1403637235188318976.000000 -2.962564468 3.837734938 -3.554806709 0.796646655 -0.020389540 -0.241721287 -0.553632796
1403637235238319104.000000 -2.961751938 3.915916920 -3.513584137 0.790666580 -0.019813888 -0.239979133 -0.562906623
1403637235288318976.000000 -2.960875034 3.990819216 -3.472684383 0.785024047 -0.017140999 -0.239923611 -0.570859194
1403637235338319104.000000 -2.959107399 4.061980247 -3.429798126 0.779786229 -0.012539851 -0.241475731 -0.577464938
1403637235388318976.000000 -2.954738617 4.130939484 -3.381682158 0.773888648 -0.007548813 -0.248270050 -0.582581758
1403637235438319104.000000 -2.952249527 4.197457314 -3.332804918 0.767879844 -0.003257490 -0.255346566 -0.587493122
1403637235488318976.000000 -2.946813583 4.263887405 -3.285866261 0.761581361 0.001730272 -0.261932492 -0.592775166
1403637235538319104.000000 -2.938053608 4.329047203 -3.237418652 0.755386293 0.004871877 -0.267689466 -0.598088861
1403637235588318976.000000 -2.928267956 4.396975517 -3.188330412 0.750542760 0.009278922 -0.269035727 -0.603505850
1403637235638319104.000000 -2.914238453 4.464885235 -3.139494419 0.745614469 0.010685526 -0.269338846 -0.609427214
1403637235688318976.000000 -2.899343252 4.534411907 -3.091878176 0.741508484 0.010814486 -0.266599625 -0.615607858
1403637235738319104.000000 -2.881117821 4.606007576 -3.043550730 0.738364995 0.009618814 -0.259789675 -0.622281253
1403637235788318976.000000 -2.858573437 4.675795555 -2.998528719 0.736283064 0.010687454 -0.248852640 -0.629162490
1403637235838319104.000000 -2.835410833 4.745402336 -2.951418877 0.735268056 0.012109570 -0.233446985 -0.636189282
1403637235888318976.000000 -2.809573174 4.816196918 -2.902638674 0.732986450 0.014478819 -0.220541030 -0.643337369
1403637235938319104.000000 -2.780895233 4.885411263 -2.851890087 0.730417252 0.019820919 -0.206924543 -0.650599778
1403637235988318976.000000 -2.749393225 4.953357697 -2.797105789 0.725502372 0.023486109 -0.199705899 -0.658188641
1403637236038319104.000000 -2.717003345 5.019432068 -2.739850998 0.720680237 0.027649280 -0.190544054 -0.665994406
1403637236088318976.000000 -2.685063362 5.086870670 -2.681793451 0.714647532 0.030141227 -0.185423762 -0.673786640
1403637236138319104.000000 -2.651427746 5.151012421 -2.620756388 0.708473325 0.032828934 -0.179590046 -0.681714952
1403637236188318976.000000 -2.614181995 5.212425232 -2.555817842 0.701418579 0.035538927 -0.176041499 -0.689752460
1403637236238319104.000000 -2.572732687 5.274776459 -2.488040686 0.694904983 0.036658946 -0.170822456 -0.697555065
1403637236288318976.000000 -2.527413368 5.333404541 -2.416342020 0.687225699 0.036007833 -0.168571830 -0.705696702
1403637236338319104.000000 -2.479313850 5.389975071 -2.337652922 0.679507613 0.034761623 -0.165934414 -0.713811457
1403637236388318976.000000 -2.428983688 5.447680473 -2.260277748 0.671352923 0.032231081 -0.164548010 -0.721921384
1403637236438319104.000000 -2.375852585 5.498291016 -2.180105448 0.663347840 0.028911399 -0.164559677 -0.729420245
1403637236488318976.000000 -2.315739155 5.550596237 -2.096760035 0.655904293 0.024095291 -0.165047854 -0.736184895
1403637236538319104.000000 -2.254873276 5.600179672 -2.009958744 0.649773121 0.020159803 -0.165289342 -0.741665661
1403637236588318976.000000 -2.191647053 5.647500038 -1.917280674 0.645056307 0.016005950 -0.165142998 -0.745904803
1403637236638319104.000000 -2.130290985 5.692368507 -1.824608564 0.642232955 0.011479120 -0.162199870 -0.749063611
1403637236688318976.000000 -2.071482897 5.734490395 -1.729953289 0.639342904 0.007996130 -0.159860030 -0.752078176
1403637236738319104.000000 -2.012081861 5.774439812 -1.634427786 0.636492312 0.001771927 -0.155237854 -0.755496979
1403637236788318976.000000 -1.951534629 5.810261250 -1.538208008 0.632700741 -0.004047665 -0.151081234 -0.759505093
1403637236838319104.000000 -1.891921282 5.844648361 -1.438745022 0.627767384 -0.011807488 -0.147452623 -0.764216185
1403637236888318976.000000 -1.828958988 5.877615929 -1.337462187 0.622040153 -0.021788510 -0.142653078 -0.769572258
1403637236938319104.000000 -1.766654015 5.907864571 -1.235636473 0.616428971 -0.032845654 -0.137201250 -0.774669230
1403637236988318976.000000 -1.700444102 5.933359146 -1.132797718 0.612000287 -0.043443233 -0.130376801 -0.778826237
1403637237038319104.000000 -1.635408044 5.955389977 -1.028248549 0.607994258 -0.055902336 -0.123723581 -0.782247066
1403637237088318976.000000 -1.568207860 5.969580650 -0.927375793 0.603666246 -0.067498192 -0.118096225 -0.785547137
1403637237138319104.000000 -1.496465206 5.978235722 -0.825375557 0.598134220 -0.079481877 -0.113674670 -0.789301097
1403637237188318976.000000 -1.427024722 5.980153084 -0.723649740 0.591288984 -0.088795304 -0.112255216 -0.793657064
1403637237238319104.000000 -1.352863312 5.978562832 -0.622425318 0.583302021 -0.094294436 -0.112416483 -0.798892975
1403637237288318976.000000 -1.277531385 5.966283798 -0.524878025 0.574711680 -0.096760273 -0.114064768 -0.804570198
1403637237338319104.000000 -1.204103351 5.948920250 -0.430067778 0.567685068 -0.096462362 -0.114490584 -0.809518814
1403637237388318976.000000 -1.129415035 5.923487663 -0.338782787 0.560691953 -0.097012818 -0.116290040 -0.814057589
1403637237438319104.000000 -1.054787755 5.894324780 -0.249722242 0.554483712 -0.098304980 -0.117856279 -0.817920506
1403637237488318976.000000 -0.982245862 5.857666969 -0.162846088 0.549636364 -0.097870395 -0.118345834 -0.821167231
1403637237538319104.000000 -0.908269465 5.815520763 -0.079500675 0.544684887 -0.098715656 -0.120319188 -0.824073434
1403637237588318976.000000 -0.832544029 5.768104553 0.000450850 0.540432572 -0.099368803 -0.122523427 -0.826466322
1403637237638319104.000000 -0.756719887 5.711818695 0.075874329 0.536243439 -0.102280512 -0.125543237 -0.828384340
1403637237688318976.000000 -0.681325376 5.654971123 0.148350716 0.532278776 -0.105529308 -0.128788725 -0.830034018
1403637237738319104.000000 -0.606943727 5.591732025 0.216241598 0.528593957 -0.107760362 -0.133839682 -0.831302106
1403637237788318976.000000 -0.536220431 5.525371552 0.282296181 0.525371075 -0.109527856 -0.139062241 -0.832256377
1403637237838319104.000000 -0.470221996 5.456123352 0.345482349 0.523655236 -0.109236367 -0.146137565 -0.832163692
1403637237888318976.000000 -0.406129241 5.381934166 0.407678604 0.523461998 -0.107395530 -0.154329345 -0.831045270
1403637237938319104.000000 -0.346269190 5.304473877 0.466087341 0.524578035 -0.105415985 -0.163268775 -0.828884065
1403637237988318976.000000 -0.289417744 5.224649906 0.520393372 0.527280986 -0.101715229 -0.173156723 -0.825618327
1403637238038319104.000000 -0.235730171 5.144851685 0.570892096 0.530208051 -0.098467067 -0.185077310 -0.821541250
1403637238088318976.000000 -0.185092449 5.063760757 0.618867636 0.533388317 -0.096334383 -0.200346708 -0.816135883
1403637238138319104.000000 -0.136956096 4.979822636 0.663024426 0.538232505 -0.094754562 -0.214813307 -0.809433520
1403637238188318976.000000 -0.091830254 4.897836208 0.704123020 0.543826282 -0.095030621 -0.229997709 -0.801450789
1403637238238319104.000000 -0.048766255 4.812458992 0.740069151 0.550617695 -0.095945761 -0.245031878 -0.792195618
1403637238288318976.000000 -0.008801579 4.725701332 0.772184134 0.558307707 -0.098609589 -0.260148048 -0.781595647
1403637238338319104.000000 0.028962970 4.637936592 0.798281193 0.566732943 -0.100620478 -0.274782568 -0.770184338
1403637238388318976.000000 0.061699271 4.548666477 0.819086075 0.576883018 -0.105049580 -0.287587017 -0.757274210
1403637238438319104.000000 0.092247844 4.461797237 0.834664583 0.587513983 -0.108866751 -0.299422979 -0.743855715
1403637238488318976.000000 0.119216919 4.374780178 0.845520735 0.599078417 -0.112891600 -0.309369057 -0.729829729
1403637238538319104.000000 0.142914295 4.290862560 0.850118160 0.610724092 -0.114638142 -0.318309963 -0.715928018
1403637238588318976.000000 0.162992239 4.204464912 0.847223759 0.621388376 -0.115376845 -0.327539176 -0.702340961
1403637238638319104.000000 0.179129243 4.116146564 0.838479519 0.628523111 -0.114386901 -0.341037065 -0.689614475
1403637238688318976.000000 0.191314220 4.029391289 0.824098110 0.633424044 -0.108434595 -0.355201423 -0.678857803
1403637238738319104.000000 0.203743577 3.946073532 0.805990458 0.635783136 -0.100298136 -0.370801449 -0.669497132
1403637238788318976.000000 0.212177515 3.863603115 0.781221628 0.636758208 -0.090746544 -0.386324048 -0.661103487
1403637238838319104.000000 0.215359688 3.784025192 0.751117706 0.636409402 -0.080676727 -0.401674837 -0.653553188
1403637238888318976.000000 0.216452360 3.708467484 0.712975740 0.635178447 -0.069739722 -0.416053802 -0.646980643
1403637238938319104.000000 0.216115952 3.634960175 0.665465117 0.633283556 -0.058264427 -0.429357827 -0.641255856
1403637238988318976.000000 0.210334778 3.565778255 0.609095812 0.632131338 -0.047062445 -0.439395577 -0.636495650
1403637239038319104.000000 0.204457045 3.503960371 0.545568943 0.633999169 -0.035820629 -0.442351192 -0.633314669
1403637239088318976.000000 0.196521282 3.449057102 0.474003315 0.637891531 -0.025252113 -0.440326571 -0.631323516
1403637239138319104.000000 0.186502218 3.403325558 0.395929337 0.646147728 -0.017014416 -0.430376172 -0.630063534
1403637239188318976.000000 0.176858425 3.363622665 0.309144497 0.656225860 -0.011368490 -0.417104721 -0.628698766
1403637239238319104.000000 0.164183259 3.329687119 0.216783762 0.667384624 -0.009455724 -0.402655959 -0.626399696
1403637239288318976.000000 0.148882985 3.299677372 0.120896101 0.677163422 -0.009361881 -0.391467720 -0.622988820
1403637239338319104.000000 0.132371783 3.271851063 0.023414135 0.686079383 -0.009912862 -0.383911312 -0.617906928
1403637239388318976.000000 0.112002969 3.248227596 -0.078601360 0.694005311 -0.012124009 -0.380242705 -0.611248910
1403637239438319104.000000 0.086942673 3.225744247 -0.181676865 0.701865077 -0.014458532 -0.378897399 -0.603003442
1403637239488318976.000000 0.059728980 3.201694727 -0.285736799 0.710386157 -0.016336853 -0.377765954 -0.593614042
1403637239538319104.000000 0.028194904 3.181479692 -0.391935110 0.719831228 -0.018884446 -0.376163363 -0.583084583
1403637239588318976.000000 -0.009012222 3.165571690 -0.496955395 0.729322910 -0.020659853 -0.375019342 -0.571858168
1403637239638319104.000000 -0.048765540 3.148932457 -0.604263306 0.738981366 -0.021686293 -0.373977423 -0.559979618
1403637239688318976.000000 -0.094541550 3.137287140 -0.709254980 0.749341667 -0.024096841 -0.371745765 -0.547459245
1403637239738319104.000000 -0.145969987 3.126579523 -0.813821554 0.761574864 -0.026035743 -0.364955932 -0.534914017
1403637239788318976.000000 -0.200262189 3.117352486 -0.921145678 0.774491370 -0.029088451 -0.355878890 -0.522175491
1403637239838319104.000000 -0.260749221 3.112577915 -1.028938055 0.788439155 -0.029654596 -0.344040781 -0.509038746
1403637239888318976.000000 -0.321800351 3.105323553 -1.133116245 0.801265776 -0.030983148 -0.333952159 -0.495468736
1403637239938319104.000000 -0.385014057 3.098977327 -1.241466284 0.812562644 -0.032833885 -0.326666504 -0.481614828
1403637239988318976.000000 -0.450927019 3.090351105 -1.346696138 0.823716521 -0.032914080 -0.319656551 -0.467148304
1403637240038319104.000000 -0.520643711 3.084256411 -1.451894999 0.833683431 -0.032923639 -0.315010130 -0.452389956
1403637240088318976.000000 -0.592258930 3.077826977 -1.555748224 0.842284441 -0.033873476 -0.313059419 -0.437496662
1403637240138319104.000000 -0.662102938 3.066533327 -1.659768820 0.850099266 -0.033623796 -0.313423574 -0.421860725
1403637240188318976.000000 -0.731892109 3.061563015 -1.762703896 0.857042372 -0.033719134 -0.314665198 -0.406604499
1403637240238319104.000000 -0.808433414 3.057474136 -1.865521193 0.862659872 -0.032194700 -0.318164229 -0.391858459
1403637240288318976.000000 -0.885560751 3.054553032 -1.969833136 0.866272688 -0.029327182 -0.325133264 -0.378153324
1403637240338319104.000000 -0.963445783 3.048214436 -2.071154594 0.868332684 -0.024199996 -0.332727253 -0.367022336
1403637240388318976.000000 -1.042690158 3.040899277 -2.171048641 0.869363248 -0.017965395 -0.341048509 -0.357170343
1403637240438319104.000000 -1.120182395 3.036138058 -2.275612354 0.869767725 -0.009260601 -0.348649889 -0.349086881
1403637240488318976.000000 -1.191380262 3.029024124 -2.378073692 0.869832158 -0.001924757 -0.354888946 -0.342698455
1403637240538319104.000000 -1.259979248 3.024309158 -2.483091354 0.870066702 0.003945238 -0.358977854 -0.337791890
1403637240588318976.000000 -1.327579498 3.026226997 -2.590104103 0.870643675 0.005860768 -0.360896468 -0.334213942
1403637240638319104.000000 -1.389841914 3.028710127 -2.695365906 0.871516287 0.008557839 -0.360914677 -0.331853747
1403637240688318976.000000 -1.451602697 3.029897690 -2.799601078 0.872490406 0.010927662 -0.359591186 -0.330658764
1403637240738319104.000000 -1.510207534 3.032323837 -2.904376030 0.873484671 0.010691294 -0.357999206 -0.329768002
1403637240788318976.000000 -1.567811966 3.035656214 -3.009056568 0.875300705 0.011170254 -0.353489071 -0.329802096
1403637240838319104.000000 -1.621836066 3.042039394 -3.115042686 0.878992558 0.013182547 -0.343190074 -0.330785304
1403637240888318976.000000 -1.674661160 3.052392721 -3.225177765 0.882837892 0.011040845 -0.332016587 -0.332024843
1403637240938319104.000000 -1.726272941 3.062031746 -3.330143929 0.885956705 0.010668006 -0.322279841 -0.333320796
1403637240988318976.000000 -1.775659323 3.071523190 -3.432661533 0.887626886 0.010030793 -0.316070050 -0.334839880
1403637241038319104.000000 -1.827459216 3.078488111 -3.533245087 0.887548327 0.008820607 -0.314946294 -0.336138368
1403637241088318976.000000 -1.879329920 3.093302250 -3.632541180 0.886225939 0.007169685 -0.316923201 -0.337804496
1403637241138319104.000000 -1.932990313 3.104810715 -3.730749130 0.884921551 0.007363949 -0.318525881 -0.339707077
1403637241188318976.000000 -1.987280130 3.119033337 -3.828844547 0.883773863 0.007721113 -0.319666535 -0.341610104
1403637241238319104.000000 -2.039484024 3.135666847 -3.923998833 0.883598089 0.011247912 -0.318104953 -0.343419850
1403637241288318976.000000 -2.091571808 3.149263859 -4.016259670 0.883305848 0.015362315 -0.316773176 -0.345238626
1403637241338319104.000000 -2.145729542 3.165379524 -4.106533051 0.883418798 0.018126255 -0.314344943 -0.347030252
1403637241388318976.000000 -2.200504303 3.185597420 -4.195306301 0.883839607 0.023005851 -0.311138034 -0.348556340
1403637241438319104.000000 -2.252066135 3.207685947 -4.280879021 0.883981347 0.027586507 -0.308817387 -0.349925458
1403637241488318976.000000 -2.301133394 3.228065491 -4.363840103 0.884576917 0.032002445 -0.305190742 -0.351224005
1403637241538319104.000000 -2.349057436 3.247952938 -4.444337368 0.885971308 0.036310121 -0.299080253 -0.352544338
1403637241588318976.000000 -2.394874096 3.271471739 -4.521624088 0.886655211 0.039538953 -0.294970602 -0.353937417
1403637241638319104.000000 -2.438070536 3.296464920 -4.595990181 0.887631953 0.040034201 -0.290544391 -0.355092585
1403637241688318976.000000 -2.477925539 3.323935986 -4.669386387 0.889101148 0.038751177 -0.284606129 -0.356366158
1403637241738319104.000000 -2.515273094 3.353500128 -4.739160538 0.890562832 0.037869971 -0.278624892 -0.357535928
1403637241788318976.000000 -2.548845291 3.385965586 -4.807873726 0.892078400 0.035953734 -0.273008764 -0.358287424
1403637241838319104.000000 -2.579181433 3.419026375 -4.870802402 0.893429041 0.031992715 -0.268156707 -0.358961105
1403637241888318976.000000 -2.605523109 3.455095768 -4.931764603 0.894026577 0.023616698 -0.266026676 -0.359706402
1403637241938319104.000000 -2.628668785 3.487316847 -4.987147808 0.894537032 0.010759935 -0.263837487 -0.360662669
1403637241988318976.000000 -2.651043177 3.525137901 -5.039408684 0.895085454 0.001080053 -0.261476547 -0.361180067
1403637242038319104.000000 -2.671551704 3.561232090 -5.090043068 0.895829678 -0.004793631 -0.258957475 -0.361119449
1403637242088318976.000000 -2.689918756 3.597404480 -5.138672829 0.896333933 -0.004647536 -0.258314312 -0.360330045
1403637242138319104.000000 -2.704511404 3.631817579 -5.183236599 0.896384239 -0.000717310 -0.259120762 -0.359654456
1403637242188318976.000000 -2.714874268 3.662085533 -5.223030090 0.896299660 0.005425699 -0.260512799 -0.358818501
1403637242238319104.000000 -2.724779129 3.694604397 -5.261338234 0.896431148 0.010939736 -0.260865569 -0.358107209
1403637242288318976.000000 -2.731663465 3.725281477 -5.293201923 0.896737754 0.016028024 -0.260774463 -0.357213199
1403637242338319104.000000 -2.735958338 3.754406929 -5.321351528 0.897683382 0.022511169 -0.258454412 -0.356172949
1403637242388318976.000000 -2.741890907 3.783292532 -5.343671322 0.898947775 0.028682498 -0.254747689 -0.355209559
1403637242438319104.000000 -2.748101711 3.812125683 -5.360981941 0.900349438 0.033926953 -0.250301570 -0.354357302
1403637242488318976.000000 -2.754303932 3.842251778 -5.372193336 0.901664734 0.037967917 -0.246240690 -0.353446901
1403637242538319104.000000 -2.758454323 3.872628212 -5.380779266 0.902192950 0.039213259 -0.243353263 -0.353962600
1403637242588318976.000000 -2.760276556 3.904961586 -5.384570599 0.901925147 0.038230877 -0.240653798 -0.356588423
1403637242638319104.000000 -2.758450508 3.939039707 -5.383813381 0.900109768 0.035913620 -0.240555704 -0.361449361
1403637242688318976.000000 -2.755707264 3.974364758 -5.379452229 0.897330999 0.032664429 -0.241096541 -0.368242681
1403637242738319104.000000 -2.750973701 4.008647919 -5.371078491 0.893614650 0.027422730 -0.242235795 -0.376859099
1403637242788318976.000000 -2.744025946 4.043503284 -5.358667374 0.889686227 0.019691031 -0.243911743 -0.385457933
1403637242838319104.000000 -2.732148647 4.078603745 -5.342856407 0.886601269 0.012070463 -0.243289709 -0.393195510
1403637242888318976.000000 -2.717790842 4.113464355 -5.323257923 0.883665502 0.005554991 -0.242700353 -0.400251329
1403637242938319104.000000 -2.700111866 4.145206451 -5.300039768 0.881825328 0.002203254 -0.239667833 -0.406126320
1403637242988318976.000000 -2.679840088 4.176439285 -5.274717808 0.880306959 0.000134964 -0.236676365 -0.411149591
1403637243038319104.000000 -2.657199383 4.204689980 -5.243962288 0.878557444 0.001987188 -0.236034974 -0.415235460
1403637243088318976.000000 -2.634392262 4.232888222 -5.210034847 0.877199352 0.006029383 -0.235668525 -0.418264627
1403637243138319104.000000 -2.612986088 4.259922981 -5.170380592 0.875793099 0.010400154 -0.236531198 -0.420632154
1403637243188318976.000000 -2.592551231 4.286445141 -5.126320362 0.873528004 0.012533279 -0.241368026 -0.422532111
1403637243238319104.000000 -2.573368788 4.311655998 -5.079138756 0.870858371 0.012944334 -0.247967407 -0.424205691
1403637243288318976.000000 -2.554571390 4.335988998 -5.027835846 0.868750930 0.011940124 -0.253400475 -0.425344020
1403637243338319104.000000 -2.535267115 4.358910084 -4.974064827 0.866808414 0.011142962 -0.258429706 -0.426301718
1403637243388318976.000000 -2.516870260 4.381168842 -4.918493748 0.865554750 0.009496147 -0.261871040 -0.426788419
1403637243438319104.000000 -2.497523785 4.404288292 -4.860713482 0.864670157 0.007198959 -0.265021890 -0.426681399
1403637243488318976.000000 -2.477061749 4.422312737 -4.800398350 0.864373684 0.006495640 -0.265759230 -0.426834911
1403637243538319104.000000 -2.457298040 4.442265511 -4.739268303 0.863570213 0.004675980 -0.268597215 -0.426708549
1403637243588318976.000000 -2.435469389 4.464771748 -4.676690102 0.861692309 0.002536915 -0.274765015 -0.426595867
1403637243638319104.000000 -2.410712004 4.486022949 -4.611993313 0.859858632 0.000316042 -0.280754685 -0.426403344
1403637243688318976.000000 -2.383256674 4.507391453 -4.547940731 0.857571185 -0.000954639 -0.288414240 -0.425896853
1403637243738319104.000000 -2.353059292 4.528622150 -4.484122753 0.856250465 -0.004375778 -0.293452531 -0.425090164
1403637243788318976.000000 -2.320389271 4.548608780 -4.418866634 0.853568673 -0.008973841 -0.302138507 -0.424325943
1403637243838319104.000000 -2.285466433 4.567649364 -4.354655266 0.850544870 -0.015845926 -0.311265051 -0.423599541
1403637243888318976.000000 -2.247802258 4.586231709 -4.291516304 0.848491848 -0.019599307 -0.318171382 -0.422426939
1403637243938319104.000000 -2.208839893 4.603875160 -4.231300354 0.846552968 -0.024534421 -0.324059486 -0.421582341
1403637243988318976.000000 -2.167943954 4.623109341 -4.173808575 0.846172452 -0.025846610 -0.326286465 -0.420548975
1403637244038319104.000000 -2.125021935 4.640847206 -4.118983269 0.846362829 -0.026261255 -0.327179790 -0.419444650
1403637244088318976.000000 -2.080036163 4.658349037 -4.065924644 0.846820176 -0.026624074 -0.327556670 -0.418202579
1403637244138319104.000000 -2.034978151 4.673998833 -4.014729500 0.847485006 -0.025243096 -0.327264369 -0.417169154
1403637244188318976.000000 -1.990544319 4.691148758 -3.966645718 0.848682582 -0.024978939 -0.325572580 -0.416072607
1403637244238319104.000000 -1.944186449 4.706242085 -3.919451714 0.849604070 -0.025137896 -0.324601233 -0.414939940
1403637244288318976.000000 -1.898909807 4.722792149 -3.874543190 0.849445879 -0.025348751 -0.325806826 -0.414305687
1403637244338319104.000000 -1.851486444 4.736835480 -3.830070019 0.849237382 -0.024740718 -0.327538759 -0.413403153
1403637244388318976.000000 -1.803606272 4.750994682 -3.787007332 0.847873867 -0.024602976 -0.330554932 -0.413809240
1403637244438319104.000000 -1.753703356 4.764489651 -3.746598721 0.846261859 -0.022883516 -0.332560003 -0.415597230
1403637244488318976.000000 -1.704928875 4.779083252 -3.708536625 0.844764948 -0.019353081 -0.332825691 -0.418598533
1403637244538319104.000000 -1.654347658 4.791596889 -3.674007416 0.843443394 -0.013188840 -0.330560267 -0.423272163
1403637244588318976.000000 -1.605455399 4.804859161 -3.638414383 0.841498613 -0.006375731 -0.328509182 -0.428860396
1403637244638319104.000000 -1.558004379 4.819858551 -3.603367329 0.839168668 0.000859298 -0.326257676 -0.435144991
1403637244688318976.000000 -1.512989044 4.834298134 -3.569224834 0.836234450 0.006216820 -0.324400723 -0.442083120
1403637244738319104.000000 -1.469988346 4.850937366 -3.533902645 0.833071947 0.010136359 -0.322884530 -0.449036747
1403637244788318976.000000 -1.429343224 4.869765282 -3.500173569 0.830165327 0.012857484 -0.321677268 -0.455174685
1403637244838319104.000000 -1.386893511 4.887314320 -3.463859558 0.827581167 0.014801366 -0.320859313 -0.460369021
1403637244888318976.000000 -1.347179890 4.907063961 -3.427349567 0.825081229 0.015834508 -0.320101261 -0.465322971
1403637244938319104.000000 -1.311226845 4.929871559 -3.390754700 0.822435379 0.015503619 -0.321124852 -0.469295830
1403637244988318976.000000 -1.275250912 4.952368259 -3.355101109 0.819670141 0.014663297 -0.323389620 -0.472593904
1403637245038319104.000000 -1.240021229 4.975479603 -3.319017410 0.816365659 0.011382377 -0.328773201 -0.474684924
1403637245088318976.000000 -1.209412575 5.002203941 -3.283757210 0.811771452 0.005808636 -0.337944299 -0.476221681
1403637245138319104.000000 -1.181059837 5.027527809 -3.249947071 0.807309270 0.001360531 -0.346962094 -0.477354467
1403637245188318976.000000 -1.152093172 5.055356026 -3.216654778 0.804142535 -0.000184223 -0.353738517 -0.477727801
1403637245238319104.000000 -1.124682665 5.085221291 -3.185243607 0.804054916 0.001906297 -0.352963358 -0.478444368
1403637245288318976.000000 -1.100542068 5.115150928 -3.155954838 0.806153953 0.004773415 -0.347545862 -0.478857934
1403637245338319104.000000 -1.077025652 5.147487640 -3.127947330 0.808666646 0.009641732 -0.341350228 -0.479004472
1403637245388318976.000000 -1.053320646 5.181193829 -3.103350639 0.810592294 0.012057518 -0.336074114 -0.479425728
1403637245438319104.000000 -1.032783031 5.217743397 -3.076339722 0.811710954 0.014787373 -0.331426173 -0.480690479
1403637245488318976.000000 -1.015357256 5.252494335 -3.048967838 0.811595142 0.016789218 -0.328154087 -0.483059317
1403637245538319104.000000 -0.997732878 5.293080330 -3.022328854 0.810173988 0.017330969 -0.326320827 -0.486654460
1403637245588318976.000000 -0.981468678 5.330975533 -2.995563984 0.808351099 0.019448882 -0.323923498 -0.491186321
1403637245638319104.000000 -0.967028379 5.373554707 -2.971000195 0.804942846 0.019728541 -0.323578030 -0.496965915
1403637245688318976.000000 -0.954055548 5.416869164 -2.944853783 0.801357627 0.020904353 -0.322168589 -0.503583610
1403637245738319104.000000 -0.940715075 5.460476875 -2.920053959 0.797604799 0.019438436 -0.319103539 -0.511489630
1403637245788318976.000000 -0.927866220 5.505840778 -2.894543648 0.793985128 0.015693367 -0.312865108 -0.521015108
1403637245838319104.000000 -0.917995214 5.553164005 -2.870310307 0.790478051 0.011253443 -0.303028584 -0.532157481
1403637245888318976.000000 -0.910978794 5.603350163 -2.844290257 0.785615027 0.007080468 -0.294072062 -0.544316649
1403637245938319104.000000 -0.904503584 5.654105186 -2.817244530 0.779062033 0.003112035 -0.286285460 -0.557757378
1403637245988318976.000000 -0.897733450 5.704000473 -2.787644386 0.771440685 0.000861360 -0.278411627 -0.572158694
1403637246038319104.000000 -0.891101360 5.757071018 -2.758712769 0.762347937 -0.000652714 -0.271081448 -0.587656558
1403637246088318976.000000 -0.885443449 5.808065414 -2.728061199 0.751621604 -0.002888089 -0.264431745 -0.604261994
1403637246138319104.000000 -0.881409168 5.861488819 -2.696366310 0.739806235 -0.004062222 -0.257263869 -0.621679664
1403637246188318976.000000 -0.879277945 5.913700104 -2.665246010 0.726593435 -0.005278473 -0.250764489 -0.639649391
1403637246238319104.000000 -0.877988338 5.968505859 -2.632247925 0.712320864 -0.007120239 -0.244324431 -0.657916367
1403637246288318976.000000 -0.877755523 6.017296791 -2.595160723 0.697173297 -0.007126314 -0.237814888 -0.676271200
1403637246338319104.000000 -0.877306700 6.064935207 -2.558468103 0.681569099 -0.007569381 -0.229478419 -0.694799185
1403637246388318976.000000 -0.878615022 6.110013962 -2.522185564 0.665839612 -0.006338414 -0.219920158 -0.712918401
1403637246438319104.000000 -0.878170907 6.151814461 -2.484530449 0.650238097 -0.003877613 -0.208811849 -0.730460882
1403637246488318976.000000 -0.879334807 6.190426826 -2.445994616 0.635029018 -0.003200648 -0.196601227 -0.747044742
1403637246538319104.000000 -0.882330298 6.231867790 -2.408604145 0.619518876 -0.004900243 -0.185719863 -0.762679875
1403637246588318976.000000 -0.885054827 6.268633366 -2.367423296 0.605007231 -0.006481618 -0.172965124 -0.777179122
1403637246638319104.000000 -0.887284517 6.304561615 -2.325276852 0.589716017 -0.009646038 -0.163016811 -0.790928304
1403637246688318976.000000 -0.890723705 6.338326454 -2.282108068 0.574930131 -0.014712004 -0.152095914 -0.803807080
1403637246738319104.000000 -0.893205345 6.370057106 -2.236383915 0.560015917 -0.016746093 -0.142428145 -0.815975547
1403637246788318976.000000 -0.894514799 6.396274567 -2.192138195 0.544527531 -0.019614842 -0.134492844 -0.827657402
1403637246838319104.000000 -0.894467711 6.422483444 -2.148395777 0.529101551 -0.021178095 -0.127032980 -0.838728666
1403637246888318976.000000 -0.893163383 6.444024086 -2.105278254 0.513648629 -0.020815130 -0.121444948 -0.849107146
1403637246938319104.000000 -0.891557217 6.463374615 -2.062026978 0.498066872 -0.018111978 -0.119376495 -0.858691275
1403637246988318976.000000 -0.887391448 6.481061935 -2.015273809 0.484279931 -0.012346549 -0.118644662 -0.866743386
1403637247038319104.000000 -0.880538464 6.494659424 -1.969408631 0.472191900 -0.007793936 -0.119583808 -0.873311996
1403637247088318976.000000 -0.871520460 6.506790161 -1.921871543 0.462097347 -0.002282454 -0.122374870 -0.878342390
1403637247138319104.000000 -0.864368081 6.515954018 -1.873886943 0.453369051 0.001747132 -0.126629099 -0.882280350
1403637247188318976.000000 -0.857897878 6.522151470 -1.824806333 0.446956336 0.005336201 -0.129436180 -0.885125935
1403637247238319104.000000 -0.851808548 6.526958466 -1.773320436 0.442009002 0.006973518 -0.133176923 -0.887041926
1403637247288318976.000000 -0.847939849 6.533626556 -1.722912788 0.438711852 0.005891841 -0.134612843 -0.888468683
1403637247338319104.000000 -0.842072725 6.537156105 -1.672173858 0.437546283 -0.000150692 -0.133273259 -0.889264584
1403637247388318976.000000 -0.835061550 6.538631439 -1.622591615 0.438561797 -0.012394310 -0.127010733 -0.889594495
1403637247438319104.000000 -0.829452634 6.542884827 -1.569375515 0.440257639 -0.025606342 -0.120611735 -0.889365196
1403637247488318976.000000 -0.823782086 6.545396805 -1.515221119 0.441242576 -0.033308607 -0.118397884 -0.888919294
1403637247538319104.000000 -0.820333242 6.544151306 -1.461262345 0.441568792 -0.035057504 -0.116601445 -0.888927519
1403637247588318976.000000 -0.820289731 6.539315224 -1.409648657 0.440328211 -0.035082821 -0.115015216 -0.889748156
1403637247638319104.000000 -0.820752084 6.533926964 -1.356878996 0.438187331 -0.034161624 -0.112431847 -0.891170025
1403637247688318976.000000 -0.820906341 6.524718285 -1.305065632 0.436221659 -0.032955602 -0.105711222 -0.893000484
1403637247738319104.000000 -0.820349813 6.513928413 -1.253032446 0.433322370 -0.031068137 -0.098725341 -0.895276427
1403637247788318976.000000 -0.819391251 6.498363972 -1.201736808 0.429855108 -0.028133377 -0.091364570 -0.897822738
1403637247838319104.000000 -0.815711856 6.479423523 -1.151319861 0.425371110 -0.027222190 -0.084395081 -0.900664091
1403637247888318976.000000 -0.809787393 6.454100609 -1.101412773 0.418844908 -0.028302070 -0.082019031 -0.903903127
1403637247938319104.000000 -0.802035928 6.427813530 -1.051095605 0.410413742 -0.033240944 -0.081472643 -0.907644093
1403637247988318976.000000 -0.793922126 6.396556377 -1.002900600 0.401452959 -0.037898552 -0.082537279 -0.911365390
1403637248038319104.000000 -0.783595800 6.360324383 -0.957685471 0.391704142 -0.037546698 -0.085409358 -0.915348768
1403637248088318976.000000 -0.772946358 6.323381424 -0.910563290 0.382324249 -0.032697920 -0.087076701 -0.919334948
1403637248138319104.000000 -0.761542797 6.284100056 -0.863478601 0.372540593 -0.027330486 -0.089337394 -0.923301399
1403637248188318976.000000 -0.748735666 6.243975639 -0.818554640 0.363723516 -0.021760566 -0.091191731 -0.926777184
1403637248238319104.000000 -0.740123928 6.202826977 -0.773172796 0.356764406 -0.015595261 -0.091586895 -0.929563284
1403637248288318976.000000 -0.732461989 6.160040855 -0.727205098 0.349913150 -0.013394299 -0.094447784 -0.931912601
1403637248338319104.000000 -0.725538373 6.119619370 -0.679242194 0.345252812 -0.010785117 -0.093780443 -0.933750153
1403637248388318976.000000 -0.719865322 6.077626228 -0.631947458 0.341627300 -0.010930333 -0.094275087 -0.935031354
1403637248438319104.000000 -0.715473771 6.036020279 -0.586265326 0.338619351 -0.012485036 -0.094979376 -0.936034203
1403637248488318976.000000 -0.711885691 5.993738174 -0.538261890 0.337154746 -0.014807629 -0.093771495 -0.936650634
1403637248538319104.000000 -0.707707882 5.949768066 -0.492312133 0.336324602 -0.020327700 -0.092095919 -0.937011659
1403637248588318976.000000 -0.702372432 5.904671669 -0.446432441 0.336414665 -0.024125528 -0.089891359 -0.937103331
1403637248638319104.000000 -0.696757019 5.857142925 -0.401705176 0.336895972 -0.024422446 -0.088809170 -0.937025905
1403637248688318976.000000 -0.689786136 5.807120323 -0.357882082 0.337439001 -0.021109961 -0.089547291 -0.936840773
1403637248738319104.000000 -0.681007266 5.756592274 -0.314016521 0.338272244 -0.016560543 -0.090911314 -0.936500371
1403637248788318976.000000 -0.669769108 5.705641747 -0.274061263 0.339500159 -0.011444757 -0.092135236 -0.936012745
1403637248838319104.000000 -0.655857682 5.650144577 -0.232687593 0.340815097 -0.007987234 -0.094173312 -0.935367703
1403637248888318976.000000 -0.641628504 5.592748642 -0.193178177 0.342072606 -0.005689191 -0.096540265 -0.934683919
1403637248938319104.000000 -0.625817239 5.539580822 -0.153024614 0.343066245 -0.004888196 -0.099317901 -0.934032977
1403637248988318976.000000 -0.609032750 5.485629082 -0.114291847 0.344147295 -0.004078833 -0.101483785 -0.933406174
1403637249038319104.000000 -0.587215543 5.427363873 -0.073893011 0.345963001 -0.004375755 -0.101669803 -0.932713151
1403637249088318976.000000 -0.565552831 5.372850895 -0.031391621 0.347832501 -0.003628577 -0.102063447 -0.931977749
1403637249138319104.000000 -0.542531133 5.315890312 0.009142280 0.349461108 -0.004518451 -0.102429613 -0.931324124
1403637249188318976.000000 -0.517601430 5.259738445 0.047898293 0.350710571 -0.003938709 -0.102648266 -0.930832922
1403637249238319104.000000 -0.490870118 5.201107979 0.086667061 0.351751208 -0.004859991 -0.103127182 -0.930382848
1403637249288318976.000000 -0.462681502 5.144594669 0.124702036 0.352538794 -0.006079481 -0.103970051 -0.929983675
1403637249338319104.000000 -0.434202492 5.088330269 0.162799120 0.354112327 -0.007370514 -0.102622271 -0.929526150
1403637249388318976.000000 -0.407825649 5.030762196 0.201162934 0.354600340 -0.007621228 -0.103636622 -0.929225564
1403637249438319104.000000 -0.385461062 4.973202229 0.241544366 0.354647040 -0.008008596 -0.104526296 -0.929104805
1403637249488318976.000000 -0.367049575 4.913752079 0.284254134 0.355106533 -0.008659373 -0.104593679 -0.928915799
1403637249538319104.000000 -0.352793425 4.855004311 0.327696562 0.355042785 -0.008541108 -0.105129465 -0.928880811
1403637249588318976.000000 -0.342836142 4.795051575 0.373626351 0.354630262 -0.009036175 -0.105660871 -0.928973436
1403637249638319104.000000 -0.337102681 4.735288143 0.420255899 0.354468942 -0.009560419 -0.105413690 -0.929057777
1403637249688318976.000000 -0.332093656 4.674055576 0.465781152 0.354513139 -0.011621218 -0.104465485 -0.929124475
1403637249738319104.000000 -0.326643914 4.611648083 0.509963632 0.354025006 -0.016581535 -0.103330508 -0.929362237
1403637249788318976.000000 -0.319620222 4.548554420 0.552643895 0.353529662 -0.020566948 -0.100684881 -0.929761529
1403637249838319104.000000 -0.312853068 4.487039089 0.597929835 0.351675481 -0.024529498 -0.098626085 -0.930588841
1403637249888318976.000000 -0.304649532 4.424633503 0.642241776 0.348103851 -0.026746733 -0.097133413 -0.932026565
1403637249938319104.000000 -0.295299590 4.361749649 0.685402989 0.343077064 -0.026308313 -0.095349543 -0.934084892
1403637249988318976.000000 -0.283813655 4.295033455 0.727728367 0.335903257 -0.025442030 -0.097059414 -0.936536789
1403637250038319104.000000 -0.271312416 4.228415012 0.767763853 0.328454196 -0.023629000 -0.100722104 -0.938836873
1403637250088318976.000000 -0.256677091 4.160243034 0.806029737 0.320961237 -0.022508597 -0.104806393 -0.941006303
1403637250138319104.000000 -0.242278248 4.094254494 0.845988035 0.314035088 -0.019428264 -0.107008629 -0.943161488
1403637250188318976.000000 -0.226873219 4.027864456 0.885302782 0.307145864 -0.018567845 -0.107606471 -0.945376992
1403637250238319104.000000 -0.213160038 3.962016821 0.922585189 0.299516261 -0.018772332 -0.109209746 -0.947634339
1403637250288318976.000000 -0.200601667 3.895420790 0.960424602 0.292643249 -0.019047009 -0.110977374 -0.949568987
1403637250338319104.000000 -0.190285578 3.830235720 0.997947454 0.286189735 -0.020449411 -0.113499664 -0.951207221
1403637250388318976.000000 -0.181742266 3.764878750 1.034612417 0.281287611 -0.020405598 -0.114811458 -0.952512085
1403637250438319104.000000 -0.174678802 3.701008797 1.072056293 0.276611090 -0.020424612 -0.118038528 -0.953486264
1403637250488318976.000000 -0.168814391 3.636003733 1.108059764 0.272283942 -0.020043347 -0.121462688 -0.954309523
1403637250538319104.000000 -0.163157299 3.574413776 1.141956329 0.269242942 -0.017712332 -0.123831593 -0.954913795
1403637250588318976.000000 -0.156603321 3.515933037 1.175374031 0.266620994 -0.016199037 -0.125920281 -0.955403090
1403637250638319104.000000 -0.150282949 3.460680485 1.207669735 0.264060795 -0.013518524 -0.124198996 -0.956380606
1403637250688318976.000000 -0.143014193 3.406546593 1.236742973 0.261315078 -0.012184369 -0.123660825 -0.957222044
1403637250738319104.000000 -0.132946357 3.356050968 1.266383290 0.259346187 -0.010948725 -0.122412778 -0.957932651
1403637250788318976.000000 -0.122537643 3.305516243 1.291745186 0.258134365 -0.009347449 -0.119814321 -0.958605170
1403637250838319104.000000 -0.109848998 3.256193638 1.317050934 0.256765395 -0.010278916 -0.119252503 -0.959033251
1403637250888318976.000000 -0.095129728 3.208679914 1.341675878 0.255741656 -0.012012666 -0.118606843 -0.959366679
1403637250938319104.000000 -0.079093173 3.160245657 1.365298510 0.254450530 -0.012023945 -0.120131165 -0.959520161
1403637250988318976.000000 -0.062931180 3.114756346 1.387374878 0.253479987 -0.013068127 -0.121132836 -0.959637463
1403637251038319104.000000 -0.045271695 3.070399046 1.408201694 0.251439065 -0.013225670 -0.121765636 -0.960092008
1403637251088318976.000000 -0.025877520 3.027241230 1.427018523 0.247928247 -0.012470676 -0.123389415 -0.960807562
1403637251138319104.000000 -0.005953446 2.986374855 1.445934296 0.243341401 -0.010920123 -0.125777304 -0.961689055
1403637251188318976.000000 0.016643584 2.946243525 1.459610105 0.238850161 -0.009951105 -0.127663612 -0.962576568
1403637251238319104.000000 0.039827466 2.908212185 1.473517537 0.234797969 -0.008928855 -0.128579214 -0.963461220
1403637251288318976.000000 0.065402731 2.871714115 1.485981941 0.231260046 -0.008967706 -0.128417119 -0.964337826
1403637251338319104.000000 0.091581240 2.841473103 1.495902658 0.228079841 -0.009687432 -0.124310851 -0.965625525
1403637251388318976.000000 0.119178355 2.814428329 1.504760981 0.226620391 -0.011554264 -0.114702813 -0.967136562
1403637251438319104.000000 0.147781119 2.789059162 1.513912678 0.222740561 -0.013049939 -0.108701646 -0.968710721
1403637251488318976.000000 0.175408319 2.764935255 1.522424579 0.218226016 -0.014324214 -0.101882316 -0.970459819
1403637251538319104.000000 0.201360792 2.739733219 1.532115102 0.212375626 -0.015408359 -0.096695460 -0.972270191
1403637251588318976.000000 0.226403475 2.716755629 1.540347338 0.206216827 -0.015982563 -0.091695949 -0.974069357
1403637251638319104.000000 0.249101847 2.697233677 1.551956534 0.200356409 -0.016752746 -0.087793425 -0.975637734
1403637251688318976.000000 0.269985497 2.677686453 1.561982989 0.194267452 -0.017036309 -0.085840687 -0.977037013
1403637251738319104.000000 0.288235188 2.656560421 1.572215199 0.189005718 -0.017401610 -0.084303044 -0.978195846
1403637251788318976.000000 0.305986226 2.639170647 1.581411123 0.184642956 -0.018151252 -0.082901999 -0.979134738
1403637251838319104.000000 0.321768165 2.620696306 1.588400722 0.181777924 -0.018001942 -0.080297306 -0.979890347
1403637251888318976.000000 0.335352600 2.602012873 1.595603943 0.179953516 -0.020967944 -0.076908097 -0.980439901
1403637251938319104.000000 0.350341946 2.582327366 1.599507332 0.179499432 -0.023161860 -0.070837408 -0.980930924
1403637251988318976.000000 0.362932324 2.566561222 1.606188536 0.180027455 -0.026807010 -0.063768998 -0.981226325
1403637252038319104.000000 0.375306219 2.549559832 1.611209393 0.180281430 -0.029452858 -0.059441198 -0.981375515
1403637252088318976.000000 0.385783672 2.530937195 1.615229249 0.180090055 -0.032983307 -0.055734958 -0.981515825
1403637252138319104.000000 0.393106878 2.515126228 1.618979335 0.179502934 -0.036284920 -0.054535806 -0.981574237
1403637252188318976.000000 0.399807751 2.499641895 1.623107314 0.178153053 -0.039775986 -0.055754978 -0.981616437
1403637252238319104.000000 0.404049218 2.483600140 1.628389239 0.176870659 -0.040755454 -0.057894789 -0.981684268
1403637252288318976.000000 0.406244755 2.464436531 1.629375219 0.175751969 -0.040625285 -0.059808914 -0.981775820
1403637252338319104.000000 0.407129586 2.450070858 1.630601645 0.174757108 -0.039243679 -0.062012501 -0.981872857
1403637252388318976.000000 0.405457765 2.430078983 1.630738139 0.173951834 -0.035745278 -0.064471662 -0.981991053
1403637252438319104.000000 0.402058661 2.407998323 1.627637982 0.173350722 -0.030919990 -0.067157313 -0.982081175
1403637252488318976.000000 0.396512896 2.386439800 1.626176596 0.173122212 -0.027412429 -0.068934299 -0.982102513
1403637252538319104.000000 0.387646139 2.365786552 1.624171138 0.173042774 -0.024611918 -0.070161097 -0.982103884
1403637252588318976.000000 0.379741699 2.347780704 1.622703195 0.172971874 -0.022103358 -0.071539901 -0.982076466
1403637252638319104.000000 0.369539797 2.329265833 1.619942307 0.172488809 -0.019491589 -0.073904477 -0.982041657
1403637252688318976.000000 0.358733982 2.311144114 1.616088867 0.171581835 -0.014751501 -0.077146068 -0.982033908
1403637252738319104.000000 0.347605467 2.294824123 1.613108993 0.170073435 -0.009749544 -0.081791081 -0.981982827
1403637252788318976.000000 0.335630417 2.280661345 1.610162020 0.168570429 -0.004914336 -0.086886786 -0.981840372
1403637252838319104.000000 0.326592863 2.272479296 1.607270002 0.168456540 -0.001249966 -0.087648787 -0.981803715
1403637252888318976.000000 0.319815665 2.264361143 1.604142904 0.170027614 -0.002319818 -0.084361009 -0.981818974
1403637252938319104.000000 0.316133887 2.256884098 1.603654146 0.172177806 -0.006467510 -0.080065705 -0.981785357
1403637252988318976.000000 0.313940585 2.251747131 1.599967241 0.174251392 -0.009466918 -0.075011514 -0.981794357
1403637253038319104.000000 0.314411759 2.245004177 1.593152285 0.176014349 -0.012127338 -0.071224101 -0.981732726
1403637253088318976.000000 0.315884382 2.239007235 1.587083697 0.176937744 -0.014540537 -0.069553047 -0.981653750
1403637253138319104.000000 0.318451881 2.231638432 1.579093218 0.178013071 -0.016392374 -0.067758836 -0.981555700
1403637253188318976.000000 0.320749700 2.222555637 1.569796205 0.178578302 -0.017127886 -0.067062527 -0.981488168
1403637253238319104.000000 0.321938485 2.215339661 1.562203884 0.179035828 -0.018423989 -0.066673271 -0.981407940
1403637253288318976.000000 0.322084427 2.208381176 1.553883672 0.179618061 -0.018293105 -0.066438660 -0.981319845
1403637253338319104.000000 0.320785344 2.202638388 1.545514464 0.179374516 -0.018244760 -0.068018541 -0.981257021
1403637253388318976.000000 0.315638930 2.197732449 1.536127925 0.180003703 -0.018422596 -0.066753708 -0.981225431
1403637253438319104.000000 0.308902979 2.192293882 1.528391957 0.179357991 -0.019389756 -0.068979211 -0.981171072
1403637253488318976.000000 0.300970256 2.187513351 1.520068765 0.179907054 -0.019848047 -0.068157487 -0.981118858
1403637253538319104.000000 0.290687442 2.183951378 1.512337804 0.180298939 -0.018314259 -0.067965135 -0.981090069
1403637253588318976.000000 0.280456841 2.180724859 1.505021930 0.180540040 -0.017973900 -0.067517795 -0.981082916
1403637253638319104.000000 0.271556646 2.179273844 1.496863127 0.181244016 -0.017540462 -0.065488040 -0.981098473
1403637253688318976.000000 0.264516711 2.175227165 1.486283302 0.182069495 -0.018170008 -0.063133366 -0.981088579
1403637253738319104.000000 0.259039640 2.171741009 1.476341248 0.182731718 -0.018555744 -0.061287321 -0.981075287
1403637253788318976.000000 0.255883545 2.165892363 1.464787602 0.183983400 -0.019889295 -0.057763387 -0.981029034
1403637253838319104.000000 0.253368974 2.159571171 1.451497316 0.184599489 -0.020154219 -0.056941830 -0.980955899
1403637253888318976.000000 0.250003338 2.153343916 1.436961412 0.184806615 -0.020498522 -0.055900730 -0.980969667
1403637253938319104.000000 0.247954756 2.147487879 1.424569845 0.184885204 -0.020774424 -0.055952150 -0.980946124
1403637253988318976.000000 0.248207495 2.139912605 1.409501672 0.185291857 -0.020708643 -0.055576243 -0.980892122
1403637254038319104.000000 0.249902174 2.130837917 1.392678976 0.185905725 -0.021429900 -0.053715739 -0.980864167
1403637254088318976.000000 0.251955837 2.125039339 1.377871752 0.185423553 -0.022082645 -0.053610109 -0.980946720
1403637254138319104.000000 0.255753577 2.115721941 1.360111117 0.183673948 -0.022969091 -0.052008960 -0.981341660
1403637254188318976.000000 0.260629654 2.106694460 1.340815306 0.180194587 -0.022598542 -0.051509675 -0.982021391
1403637254238319104.000000 0.266995490 2.094383955 1.321760893 0.176176086 -0.020579152 -0.049584355 -0.982893646
1403637254288318976.000000 0.274204850 2.083027363 1.300754666 0.171720549 -0.017588787 -0.047218591 -0.983856320
1403637254338319104.000000 0.282932341 2.070793152 1.278511763 0.167230234 -0.014302328 -0.045519870 -0.984762669
1403637254388318976.000000 0.291359931 2.059263706 1.257491946 0.162608400 -0.010881108 -0.044168234 -0.985641599
1403637254438319104.000000 0.297072172 2.047683239 1.238130569 0.158334747 -0.008902106 -0.043523397 -0.986385584
1403637254488318976.000000 0.303018183 2.035707474 1.217927217 0.155354887 -0.006086347 -0.041904677 -0.986950815
1403637254538319104.000000 0.308206171 2.023561001 1.200188637 0.151927143 -0.004590173 -0.041542351 -0.987507701
1403637254588318976.000000 0.311235458 2.009943485 1.183156252 0.149401501 -0.004822071 -0.040253855 -0.987945139
1403637254638319104.000000 0.313595265 1.996740580 1.166530728 0.147311270 -0.005972268 -0.039956871 -0.988264799
1403637254688318976.000000 0.314028472 1.982138157 1.151292801 0.145782128 -0.007170368 -0.038499296 -0.988541305
1403637254738319104.000000 0.311760724 1.968037009 1.136680603 0.144569233 -0.009708246 -0.037486874 -0.988736749
1403637254788318976.000000 0.309697568 1.955340624 1.122218728 0.143359929 -0.012488510 -0.037636518 -0.988875866
1403637254838319104.000000 0.306651175 1.943152428 1.109247088 0.141809985 -0.015189661 -0.038953464 -0.989010572
1403637254888318976.000000 0.299000472 1.929803252 1.096731544 0.141011715 -0.017558638 -0.039022986 -0.989082754
1403637254938319104.000000 0.292343915 1.915295005 1.084042549 0.140273318 -0.019224094 -0.039660547 -0.989131451
1403637254988318976.000000 0.283033103 1.900695562 1.072247982 0.140098512 -0.021577073 -0.039202183 -0.989125967
1403637255038319104.000000 0.274473429 1.884115577 1.059292555 0.139480084 -0.021704346 -0.038876731 -0.989223361
1403637255088318976.000000 0.265313327 1.867900252 1.045653105 0.137227222 -0.022894962 -0.038243815 -0.989536226
1403637255138319104.000000 0.255867839 1.851193190 1.032864451 0.133369952 -0.022650089 -0.038050730 -0.990076602
1403637255188318976.000000 0.248232320 1.834108114 1.017747283 0.129066452 -0.022389276 -0.036195047 -0.990722239
1403637255238319104.000000 0.242806077 1.814217210 1.001462460 0.124161638 -0.022527417 -0.034776781 -0.991396487
1403637255288318976.000000 0.240019366 1.793883681 0.983144820 0.119424410 -0.023273118 -0.034181997 -0.991981804
1403637255338319104.000000 0.239300236 1.775904894 0.966114044 0.114939258 -0.024244934 -0.033351324 -0.992516458
1403637255388318976.000000 0.236874312 1.756992936 0.948714375 0.109387316 -0.023136647 -0.033380363 -0.993169129
1403637255438319104.000000 0.233281583 1.737186551 0.927867293 0.104076914 -0.022251304 -0.031184874 -0.993831158
1403637255488318976.000000 0.227396384 1.717266679 0.905830324 0.097947039 -0.021381674 -0.028978288 -0.994539857
1403637255538319104.000000 0.219831169 1.695090413 0.885421872 0.091539852 -0.020698750 -0.025527498 -0.995258987
1403637255588318976.000000 0.209306270 1.676339507 0.867161930 0.084771812 -0.020066809 -0.020862877 -0.995979905
1403637255638319104.000000 0.198981687 1.655964136 0.848338366 0.077306472 -0.020169767 -0.016848030 -0.996660948
1403637255688318976.000000 0.188067898 1.635352969 0.827678084 0.069096550 -0.018423110 -0.012043396 -0.997367203
1403637255738319104.000000 0.176265225 1.613371491 0.805242836 0.060036231 -0.016240843 -0.007500867 -0.998035908
1403637255788318976.000000 0.167447284 1.591347575 0.782631993 0.050857622 -0.013922757 -0.002283006 -0.998606324
1403637255838319104.000000 0.159535438 1.570616007 0.761345565 0.040851347 -0.011118378 0.001774877 -0.999101818
1403637255888318976.000000 0.153619781 1.548509955 0.733040094 0.030440470 -0.008529931 0.005948629 -0.999482512
1403637255938319104.000000 0.149683118 1.526500583 0.709288061 0.020595444 -0.007778889 0.009707348 -0.999710560
1403637255988318976.000000 0.147932217 1.504946470 0.682333767 0.011473486 -0.006455649 0.012252295 -0.999838293
1403637256038319104.000000 0.146861449 1.484550714 0.658762336 0.004114112 -0.005907282 0.015723040 -0.999850512
1403637256088318976.000000 0.148119330 1.463265777 0.632025540 -0.001593609 -0.005072524 0.018979618 -0.999805748
1403637256138319104.000000 0.150173143 1.440387130 0.604474723 -0.006236059 -0.005772809 0.021196121 -0.999739230
1403637256188318976.000000 0.152652308 1.416473269 0.579362571 -0.009638803 -0.008032187 0.023116818 -0.999654055
1403637256238319104.000000 0.153399944 1.392979264 0.555400014 -0.012551613 -0.011948932 0.024265682 -0.999555349
1403637256288318976.000000 0.152674198 1.369621634 0.530337930 -0.014763869 -0.014087055 0.024664467 -0.999487519
1403637256338319104.000000 0.151093692 1.345011234 0.505577922 -0.015869960 -0.015745722 0.025867991 -0.999415338
1403637256388318976.000000 0.147462159 1.321018934 0.481958210 -0.016560912 -0.017404286 0.026428331 -0.999361992
1403637256438319104.000000 0.142613485 1.295626760 0.459218681 -0.016272768 -0.018113580 0.027994048 -0.999311507
1403637256488318976.000000 0.135259166 1.269992709 0.437577158 -0.015546518 -0.018939702 0.028442673 -0.999295115
1403637256538319104.000000 0.127477869 1.243449092 0.415359914 -0.015421546 -0.020024030 0.027419852 -0.999304473
1403637256588318976.000000 0.117342331 1.216138840 0.396343827 -0.014746489 -0.020036371 0.026860306 -0.999329567
1403637256638319104.000000 0.105049826 1.187538385 0.377173752 -0.013818747 -0.017090442 0.025150634 -0.999442101
1403637256688318976.000000 0.090441301 1.159157395 0.357389331 -0.014682598 -0.012134535 0.019589279 -0.999626696
1403637256738319104.000000 0.076243579 1.130526304 0.335455477 -0.015918793 -0.005640141 0.012852821 -0.999774814
1403637256788318976.000000 0.062132120 1.101453185 0.315641671 -0.016782818 -0.000775560 0.005963138 -0.999841154
1403637256838319104.000000 0.047781076 1.072809935 0.296584398 -0.017592218 0.001626969 0.000043908 -0.999843955
1403637256888318976.000000 0.033261228 1.044266820 0.278180033 -0.018327544 0.001500076 -0.002036101 -0.999828875
1403637256938319104.000000 0.019247802 1.018147469 0.258759469 -0.018909207 -0.001935965 0.000438287 -0.999819219
1403637256988318976.000000 0.006099104 0.993959129 0.239837021 -0.021019153 -0.003801578 0.003008485 -0.999767363
1403637257038319104.000000 -0.004367106 0.969336033 0.219914719 -0.024019532 -0.006645119 0.007937435 -0.999657929
1403637257088318976.000000 -0.014083245 0.944084227 0.201093540 -0.027236512 -0.008780558 0.012292631 -0.999514937
1403637257138319104.000000 -0.021795675 0.919346273 0.182389066 -0.030176757 -0.009822359 0.016400374 -0.999361813
1403637257188318976.000000 -0.027242163 0.895083606 0.161401302 -0.033413742 -0.010555875 0.019391160 -0.999197781
1403637257238319104.000000 -0.031446859 0.870148838 0.142452002 -0.036333252 -0.009786022 0.021888657 -0.999052107
1403637257288318976.000000 -0.034708422 0.843570948 0.122622110 -0.039341021 -0.008624673 0.024181547 -0.998896003
1403637257338319104.000000 -0.034334376 0.819361091 0.102597639 -0.041955259 -0.007031443 0.026540793 -0.998742223
1403637257388318976.000000 -0.034394015 0.794583678 0.079077467 -0.043894865 -0.005982428 0.029689847 -0.998576999
1403637257438319104.000000 -0.034523584 0.768809319 0.056688149 -0.045674056 -0.005168409 0.031641088 -0.998441875
1403637257488318976.000000 -0.036985107 0.744842768 0.034307942 -0.047322705 -0.004697958 0.032941252 -0.998325348
1403637257538319104.000000 -0.039842151 0.718984365 0.013771062 -0.047763065 -0.004146055 0.036432367 -0.998185515
1403637257588318976.000000 -0.044905886 0.691982567 -0.004809862 -0.049229737 -0.002055210 0.036151607 -0.998130918
1403637257638319104.000000 -0.052276634 0.665824592 -0.023588961 -0.050470393 0.000558991 0.035134211 -0.998107255
1403637257688318976.000000 -0.060382433 0.639650822 -0.043490488 -0.051711205 0.005006737 0.034173835 -0.998064637
1403637257738319104.000000 -0.069968641 0.611331165 -0.059781674 -0.053618278 0.007747891 0.033769514 -0.997960329
1403637257788318976.000000 -0.079274125 0.583951414 -0.076349549 -0.056517493 0.011134725 0.033427596 -0.997779727
1403637257838319104.000000 -0.090485081 0.555489600 -0.092307582 -0.059868559 0.013949694 0.033929590 -0.997532010
1403637257888318976.000000 -0.102901854 0.528375149 -0.106360205 -0.064304255 0.016680008 0.034351029 -0.997199476
1403637257938319104.000000 -0.114507087 0.500543833 -0.119567901 -0.069795035 0.018538754 0.034651149 -0.996787012
1403637257988318976.000000 -0.125743195 0.471403837 -0.131606981 -0.075748123 0.019420270 0.036093090 -0.996284306
1403637258038319104.000000 -0.137912288 0.443421483 -0.143868774 -0.083548084 0.020065315 0.037130743 -0.995609581
1403637258088318976.000000 -0.148965403 0.413729638 -0.155891255 -0.092105545 0.020312525 0.038889285 -0.994782209
1403637258138319104.000000 -0.157988295 0.385101736 -0.164198548 -0.101453125 0.018119730 0.042154327 -0.993781686
1403637258188318976.000000 -0.163272023 0.358159155 -0.173012644 -0.111243933 0.013521424 0.047238685 -0.992577732
1403637258238319104.000000 -0.165626198 0.331131607 -0.179826364 -0.119452037 0.008503536 0.053216141 -0.991376340
1403637258288318976.000000 -0.169623315 0.301683962 -0.184079021 -0.126770705 0.003244360 0.057456732 -0.990261316
1403637258338319104.000000 -0.172158107 0.273373514 -0.192182139 -0.133456305 -0.001139819 0.061333183 -0.989154398
1403637258388318976.000000 -0.178862408 0.245008394 -0.198330849 -0.139735192 -0.003201640 0.062856831 -0.988186657
1403637258438319104.000000 -0.186464593 0.213106856 -0.202071398 -0.145866841 -0.003796457 0.061661705 -0.987373471
1403637258488318976.000000 -0.195874915 0.182975382 -0.205703318 -0.151505351 -0.001735533 0.059383690 -0.986669540
1403637258538319104.000000 -0.207631811 0.151833415 -0.209728837 -0.156439021 0.001544604 0.055986293 -0.986098409
1403637258588318976.000000 -0.217525005 0.126142785 -0.211691231 -0.159818277 0.002738713 0.054299973 -0.985648096
1403637258638319104.000000 -0.228172079 0.098255537 -0.213157967 -0.161793664 0.001047933 0.053962257 -0.985347569
1403637258688318976.000000 -0.238966927 0.070977159 -0.211898312 -0.162927419 -0.001900676 0.054242861 -0.985144079
1403637258738319104.000000 -0.251662940 0.044507191 -0.210978061 -0.164109036 -0.003778917 0.053833570 -0.984964967
1403637258788318976.000000 -0.260403126 0.020199571 -0.210212544 -0.164212406 -0.005673226 0.054423634 -0.984906256
1403637258838319104.000000 -0.270846695 -0.005238306 -0.209028840 -0.164589942 -0.007373953 0.053991780 -0.984855711
1403637258888318976.000000 -0.281492501 -0.028162286 -0.207720071 -0.164962232 -0.008964974 0.052935548 -0.984837532
1403637258938319104.000000 -0.291990429 -0.051748216 -0.207535386 -0.165246755 -0.009017143 0.051051401 -0.984888852
1403637258988318976.000000 -0.298203945 -0.073293947 -0.209572062 -0.165170416 -0.008762556 0.050173353 -0.984949052
1403637259038319104.000000 -0.302178264 -0.095071808 -0.211886317 0.165317670 0.008215141 -0.047769669 0.985048592
1403637259088318976.000000 -0.305546612 -0.115258656 -0.214843720 -0.163933933 -0.008188562 0.048866216 -0.985226274
1403637259138319104.000000 -0.303326011 -0.133295268 -0.218453705 -0.163756996 -0.008970695 0.048848026 -0.985249758
1403637259188318976.000000 -0.299039155 -0.152771518 -0.223001525 0.163572729 0.008800808 -0.047584206 0.985343754
1403637259238319104.000000 -0.293526322 -0.170927301 -0.229565084 0.162889749 0.009609487 -0.047224846 0.985466599
1403637259288318976.000000 -0.285992861 -0.187802374 -0.234135002 0.162749514 0.009957864 -0.046080511 0.985540509
1403637259338319104.000000 -0.281757414 -0.204090148 -0.240564063 0.162126094 0.009352045 -0.045209177 0.985689580
1403637259388318976.000000 -0.275035292 -0.221373364 -0.247056812 0.161877871 0.009160814 -0.044005517 0.985786617
1403637259438319104.000000 -0.270557642 -0.236805618 -0.258682966 0.162493050 0.009478590 -0.040016398 0.985852420
1403637259488318976.000000 -0.265446424 -0.248103708 -0.264218748 0.163976923 0.009595452 -0.034580890 0.985811234
1403637259538319104.000000 -0.262355179 -0.262257546 -0.269626707 0.164668813 0.009628479 -0.031334776 0.985804081
1403637259588318976.000000 -0.260003567 -0.273381889 -0.274270177 0.165024638 0.009556421 -0.029599244 0.985798955
1403637259638319104.000000 -0.258856535 -0.282164097 -0.277231663 0.164401889 0.010263133 -0.029946513 0.985885382
1403637259688318976.000000 -0.258232802 -0.288620055 -0.281613350 0.163005307 0.009769695 -0.032807913 0.986031234
1403637259738319104.000000 -0.259356141 -0.294318169 -0.280667424 0.161485732 0.007369515 -0.036169499 0.986184478
1403637259788318976.000000 -0.261745423 -0.299362838 -0.285489470 -0.159842700 -0.004755008 0.039963506 -0.986321807
1403637259838319104.000000 -0.263464600 -0.302619100 -0.287509203 -0.158457756 -0.003395782 0.043137729 -0.986417174
1403637259888318976.000000 -0.268457323 -0.306333601 -0.286724597 -0.158928365 -0.004324546 0.041244980 -0.986418784
1403637259938319104.000000 -0.271753877 -0.310301036 -0.285168141 0.160170451 0.006333222 -0.037630703 0.986351490
1403637259988318976.000000 -0.277153313 -0.312466621 -0.282390594 0.160515293 0.007952232 -0.036878739 0.986312151
1403637260038319104.000000 -0.283508897 -0.314582407 -0.284435481 0.159883872 0.010039631 -0.038747299 0.986324012
1403637260088318976.000000 -0.290970564 -0.315221906 -0.281609923 0.159045577 0.011507124 -0.041294459 0.986340165
1403637260138319104.000000 -0.299814284 -0.314122468 -0.286149204 0.157956704 0.011316074 -0.044739798 0.986367106
1403637260188318976.000000 -0.308898717 -0.311475426 -0.290945590 -0.156711936 -0.010596260 0.048401106 -0.986400783
1403637260238319104.000000 -0.318402737 -0.310681164 -0.291502535 -0.155272990 -0.009342454 0.053303063 -0.986388326
1403637260288318976.000000 -0.328507662 -0.309865355 -0.294233501 -0.154000401 -0.009543381 0.057374142 -0.986357510
1403637260338319104.000000 -0.337709874 -0.307450980 -0.295317233 -0.152532175 -0.009950689 0.062273458 -0.986284435
1403637260388318976.000000 -0.349257320 -0.304675668 -0.292912841 -0.150504291 -0.011648261 0.068385363 -0.986172557
1403637260438319104.000000 -0.360125721 -0.299758345 -0.295549750 -0.149112865 -0.013213773 0.073460147 -0.985999227
1403637260488318976.000000 -0.369162410 -0.297402054 -0.290468305 -0.148895979 -0.010674614 0.074854575 -0.985957861
1403637260538319104.000000 -0.378906459 -0.295967519 -0.287522316 -0.148591504 -0.005402847 0.075635351 -0.985987186
1403637260588318976.000000 -0.391300559 -0.294070035 -0.287611127 -0.148896948 0.000926560 0.075151592 -0.985992491
1403637260638319104.000000 -0.402927101 -0.294296473 -0.289240181 -0.149491504 0.006407287 0.073580839 -0.986000597
1403637260688318976.000000 -0.414766461 -0.292936862 -0.289946467 -0.149687931 0.008681376 0.072794944 -0.986011684
1403637260738319104.000000 -0.425159782 -0.296104789 -0.286989123 -0.150912181 0.007527096 0.069908924 -0.986043453
1403637260788318976.000000 -0.438530952 -0.297481745 -0.290106416 -0.151372179 0.004196703 0.069644406 -0.986011446
1403637260838319104.000000 -0.449421585 -0.302984208 -0.293024361 -0.152604565 -0.000674206 0.068073086 -0.985939920
1403637260888318976.000000 -0.461274773 -0.309461623 -0.294754475 -0.153680146 -0.004142942 0.066723987 -0.985856593
1403637260938319104.000000 -0.474448144 -0.315423489 -0.290991008 -0.154407561 -0.008508373 0.065299302 -0.985810339
1403637260988318976.000000 -0.488546252 -0.320707649 -0.291382521 -0.154631734 -0.012031327 0.065653853 -0.985714912
1403637261038319104.000000 -0.502298474 -0.328839779 -0.292437106 -0.154996619 -0.012445708 0.065082572 -0.985690355
1403637261088318976.000000 -0.512799859 -0.337475479 -0.286785662 -0.155260563 -0.009042831 0.064736269 -0.985708714
1403637261138319104.000000 -0.523408949 -0.344406754 -0.283283025 -0.154999495 -0.003252904 0.064878821 -0.985776484
1403637261188318976.000000 -0.535661519 -0.350199252 -0.284210712 -0.154280573 0.003018092 0.066326335 -0.985793710
1403637261238319104.000000 -0.546229899 -0.354792058 -0.285717249 -0.153949961 0.009297834 0.067059278 -0.985756576
1403637261288318976.000000 -0.555557609 -0.366482317 -0.283113986 -0.153251037 0.012868733 0.068071291 -0.985755980
1403637261338319104.000000 -0.563213348 -0.369644076 -0.284773201 -0.153099984 0.011235252 0.068090856 -0.985798120
1403637261388318976.000000 -0.565892935 -0.373621345 -0.283052206 -0.153818160 0.006488386 0.066222779 -0.985856235
1403637261438319104.000000 -0.568042517 -0.381242037 -0.284881353 -0.155168846 0.002065863 0.062303588 -0.985919178
1403637261488318976.000000 -0.572025955 -0.388583928 -0.291928440 -0.156632379 -0.000894091 0.058816973 -0.985903740
1403637261538319104.000000 -0.575074911 -0.400073856 -0.294912875 -0.156681582 0.001841004 0.057673853 -0.985962152
1403637261588318976.000000 -0.575527132 -0.411009222 -0.293360263 -0.156015307 0.007982079 0.058748942 -0.985973716
1403637261638319104.000000 -0.577114105 -0.421000749 -0.287764609 -0.155089945 0.014263994 0.060816780 -0.985923409
1403637261688318976.000000 -0.575748563 -0.427683592 -0.287403733 -0.154224887 0.018540489 0.062352668 -0.985892117
1403637261738319104.000000 -0.574584305 -0.435323656 -0.289045900 -0.153391719 0.019089874 0.064015858 -0.985904992
1403637261788318976.000000 -0.569028795 -0.447758108 -0.286141515 -0.153596535 0.014502962 0.063621759 -0.985976756
1403637261838319104.000000 -0.562539220 -0.457508802 -0.282084912 -0.153456911 0.007427148 0.063379765 -0.986092746
1403637261888318976.000000 -0.554318786 -0.460582048 -0.277922392 -0.153997809 0.001688080 0.061786264 -0.986136079
1403637261938319104.000000 -0.550589621 -0.471641123 -0.272778630 -0.154025376 -0.003253507 0.060666360 -0.986197412
1403637261988318976.000000 -0.551578641 -0.483210325 -0.262426555 -0.153580755 -0.006871181 0.060102273 -0.986282647
1403637262038319104.000000 -0.553835571 -0.493699849 -0.258776367 -0.153912649 -0.009352189 0.057403553 -0.986371279
1403637262088318976.000000 -0.559483469 -0.499423862 -0.248101994 -0.154178962 -0.012110453 0.055294003 -0.986420214
1403637262138319104.000000 -0.567908943 -0.507963240 -0.238806739 -0.154606983 -0.011935802 0.052370820 -0.986514866
1403637262188318976.000000 -0.579150736 -0.515423775 -0.230700940 -0.155073613 -0.012679464 0.049772292 -0.986566901
1403637262238319104.000000 -0.591049910 -0.519747734 -0.222653538 -0.155189872 -0.013042931 0.047764249 -0.986643136
1403637262288318976.000000 -0.604730964 -0.520797789 -0.212864816 -0.155437723 -0.012623458 0.045122068 -0.986733913
1403637262338319104.000000 -0.610866010 -0.516287625 -0.207454860 0.168419197 0.034632117 -0.010742361 0.985048354
1403637262388318976.000000 -0.612755120 -0.509535015 -0.211214989 0.156238809 0.035430543 -0.043965235 0.986104012
1403637262438319104.000000 -0.618818343 -0.503703356 -0.216174245 0.140194982 0.024055755 -0.039010465 0.989062607
1403637262488318976.000000 -0.617760122 -0.493035823 -0.214844346 -0.129753098 -0.017476466 0.024097677 -0.991099417
1403637262538319104.000000 -0.616193235 -0.490199804 -0.217340633 0.134655029 0.035131153 -0.009564376 0.990223467
1403637262588318976.000000 -0.608496547 -0.487705141 -0.217413515 0.132099345 0.046583150 -0.011680968 0.990072429
1403637262638319104.000000 -0.604065001 -0.486901700 -0.220427051 0.129820332 0.048220996 -0.010825111 0.990305185
1403637262688318976.000000 -0.602440774 -0.488771737 -0.225742504 0.129937813 0.029508390 -0.014574952 0.990975857
1403637262738319104.000000 -0.599285007 -0.489246368 -0.227144048 0.127703145 0.026386069 -0.015415100 0.991341591
1403637262788318976.000000 -0.592539668 -0.489059716 -0.225329012 0.129433379 0.033128452 -0.012215535 0.990959287
1403637262838319104.000000 -0.591512740 -0.488039941 -0.234566554 0.129412591 0.033132359 -0.013344300 0.990947306
1403637262888318976.000000 -0.584031999 -0.491405070 -0.230349690 0.130370736 0.030771390 -0.012662256 0.990906835
1403637262938319104.000000 -0.584637523 -0.490042359 -0.239182726 0.129168272 0.032404199 -0.013994102 0.990994334
1403637262988318976.000000 -0.582018912 -0.490763694 -0.240818515 0.130195454 0.031283714 -0.012709613 0.990913212
1403637263038319104.000000 -0.579228938 -0.489018768 -0.242314249 0.129691467 0.031537093 -0.013793224 0.990956783
1403637263088318976.000000 -0.577553689 -0.489019006 -0.244836092 0.129861116 0.031085081 -0.013617767 0.990951240
1403637263138319104.000000 -0.577750862 -0.489537746 -0.249725446 0.129965276 0.030927010 -0.013452417 0.990944803
1403637263188318976.000000 -0.578904510 -0.488868237 -0.257144928 0.129598960 0.030999541 -0.014258157 0.990979254
1403637263238319104.000000 -0.577795923 -0.488596827 -0.259094059 0.130065650 0.030310605 -0.013645344 0.990948081
1403637263288318976.000000 -0.579504430 -0.489524037 -0.262020200 0.129660547 0.030531313 -0.014269594 0.990985572
1403637263338319104.000000 -0.580273986 -0.489757180 -0.265571982 0.129709929 0.030461384 -0.014323259 0.990980446
1403637263388318976.000000 -0.580932856 -0.490246445 -0.267470479 0.129729003 0.030284872 -0.014403425 0.990982294
1403637263438319104.000000 -0.586130559 -0.490935564 -0.270026803 0.129689544 0.030092860 -0.014390917 0.990993500
1403637263488318976.000000 -0.591896057 -0.490932345 -0.275748074 0.129442319 0.030182349 -0.014831043 0.991016507
1403637263538319104.000000 -0.596051574 -0.491016775 -0.278695256 0.129755646 0.029967338 -0.014310370 0.990989745
1403637263588318976.000000 -0.601554632 -0.491388381 -0.279742002 0.129574314 0.029993212 -0.014648429 0.991007745
1403637263638319104.000000 -0.603275299 -0.491199762 -0.280700505 0.129667312 0.029859498 -0.014529040 0.991001427
1403637263688318976.000000 -0.603043556 -0.490099460 -0.280622452 0.129699528 0.029824032 -0.014648491 0.990996480
1403637263738319104.000000 -0.604521215 -0.488993913 -0.282291174 0.129681900 0.029876390 -0.014722304 0.990996182
1403637263788318976.000000 -0.604829729 -0.488110423 -0.283753306 0.129823223 0.029765459 -0.014255194 0.990987778
1403637263838319104.000000 -0.605353951 -0.486916155 -0.285675555 0.129456654 0.029912857 -0.015057462 0.991019428
1403637263888318976.000000 -0.606930256 -0.483566076 -0.290043563 0.129806355 0.029860443 -0.014355599 0.990985692
1403637263938319104.000000 -0.606188893 -0.481788665 -0.294204354 0.129561082 0.029800477 -0.014858230 0.991012216
1403637263988318976.000000 -0.604378521 -0.480737358 -0.295137227 0.129562035 0.029795667 -0.014872525 0.991011977
1403637264038319104.000000 -0.602230549 -0.479630768 -0.296425670 0.129674748 0.029683106 -0.014848324 0.991000950
1403637264088318976.000000 -0.600563586 -0.478304923 -0.297100633 0.129661858 0.029562531 -0.015010369 0.991003871
1403637264138319104.000000 -0.599550545 -0.477797806 -0.297003388 0.129712999 0.029517749 -0.014873179 0.991000593
1403637264188318976.000000 -0.597534657 -0.477197766 -0.297645837 0.129538745 0.029548872 -0.015167819 0.991017938
1403637264238319104.000000 -0.595851481 -0.477078080 -0.298038155 0.129758626 0.029310722 -0.014895626 0.991000354
1403637264288318976.000000 -0.594466865 -0.475990117 -0.296029419 0.129781142 0.029382339 -0.014999035 0.990993738
1403637264338319104.000000 -0.593294203 -0.479708076 -0.293607980 0.129717410 0.029305050 -0.015078266 0.991003156
1403637264388318976.000000 -0.592293859 -0.479088068 -0.290889472 0.129863009 0.029224264 -0.015047024 0.990987003
1403637264438319104.000000 -0.591605842 -0.478703320 -0.290501148 0.129858300 0.029181449 -0.014993735 0.990989685
1403637264488318976.000000 -0.590937912 -0.478893369 -0.288920879 0.129900336 0.029189123 -0.015092567 0.990982473
1403637264538319104.000000 -0.590465605 -0.479228139 -0.290010691 0.130028248 0.029097276 -0.014985177 0.990969956
1403637264588318976.000000 -0.591343284 -0.478539348 -0.289588720 0.130062416 0.029161381 -0.015105844 0.990961850
1403637264638319104.000000 -0.590975404 -0.478041947 -0.289922655 0.130097568 0.029155878 -0.015086116 0.990957618
1403637264688318976.000000 -0.590772986 -0.477455109 -0.288162053 0.130195796 0.029130565 -0.015061066 0.990945876
1403637264738319104.000000 -0.590975821 -0.476768613 -0.288227469 0.130170375 0.029126940 -0.015179714 0.990947485
1403637264788318976.000000 -0.590623558 -0.478558749 -0.287074566 0.130228996 0.029113041 -0.015048445 0.990942180
1403637264838319104.000000 -0.590348125 -0.477866799 -0.285723835 0.130139619 0.029170997 -0.015253793 0.990949094
1403637264888318976.000000 -0.590543270 -0.476930380 -0.284781992 0.130281657 0.029195094 -0.015107419 0.990931928
1403637264938319104.000000 -0.589717269 -0.476041615 -0.282029063 0.130333245 0.029176561 -0.015090185 0.990925968
1403637264988318976.000000 -0.590097845 -0.475504756 -0.282120943 0.130326718 0.029257737 -0.015206871 0.990922630
1403637265038319104.000000 -0.590454876 -0.474383146 -0.283317089 0.130462527 0.029206688 -0.015085655 0.990908206
1403637265088318976.000000 -0.590696812 -0.473421305 -0.283371001 0.130463436 0.029191162 -0.015151095 0.990907490
1403637265138319104.000000 -0.591035724 -0.472709477 -0.283363998 0.130502611 0.029232640 -0.015116774 0.990901649
1403637265188318976.000000 -0.591458440 -0.472088724 -0.283908129 0.130478233 0.029345525 -0.015104190 0.990901709
1403637265238319104.000000 -0.590949595 -0.474275112 -0.283247471 0.130544186 0.029334286 -0.014971644 0.990895391
1403637265288318976.000000 -0.593106568 -0.472808093 -0.285920680 0.130554602 0.029364146 -0.015042401 0.990892053
1403637265338319104.000000 -0.593006492 -0.471929342 -0.285585850 0.130606949 0.029356960 -0.014895352 0.990887582
1403637265388318976.000000 -0.593839109 -0.471551359 -0.287240118 0.130549073 0.029331729 -0.014989856 0.990894496
1403637265438319104.000000 -0.594445467 -0.471525550 -0.289423972 0.130641922 0.029341441 -0.014811415 0.990884662
1403637265488318976.000000 -0.594809651 -0.471022189 -0.290540814 0.130566657 0.029405341 -0.014933298 0.990890861
