1403636659013555456.000000 -0.035935007 0.096563131 0.007479656 0.003129900 0.009613859 0.009630064 0.999902546
1403636659063555584.000000 -0.039575551 0.101721987 0.008072788 0.002939527 0.014265033 0.013016728 0.999809206
1403636659113555456.000000 -0.041971259 0.106044851 0.007918920 0.001993341 0.015617711 0.015395653 0.999757528
1403636659163555584.000000 -0.046504226 0.111925952 0.006949499 0.002248850 0.018341396 0.016580990 0.999691784
1403636659213555456.000000 -0.044905879 0.113772601 0.006554286 -0.001215033 0.014759885 0.019870235 0.999692917
1403636659263555584.000000 -0.112916410 0.237923741 0.019195229 0.005937404 0.020309797 0.016782058 0.999635339
1403636659313555456.000000 -0.115131445 0.240595758 0.018338816 0.003870241 0.016464682 0.017735003 0.999699712
1403636659363555584.000000 -0.116083257 0.244398564 0.018345512 0.002525567 0.011126996 0.018491201 0.999763966
1403636659413555456.000000 -0.117172539 0.248818487 0.016951412 0.001186981 0.004697729 0.017954819 0.999827087
1403636659463555584.000000 -0.120324381 0.252777398 0.014311722 0.000116148 -0.000601430 0.018544573 0.999827921
1403636659513555456.000000 -0.176383197 0.361716539 0.013115578 0.005183548 0.003304465 0.013131844 0.999894917
1403636659563555584.000000 -0.178561106 0.363914937 0.009887367 0.003136242 0.002211273 0.015339882 0.999875009
1403636659613555456.000000 -0.180200323 0.365167975 0.006804379 -0.000284794 0.002716740 0.016096840 0.999866724
1403636659663555584.000000 -0.181401983 0.364605546 0.004141103 -0.006060202 0.003326260 0.016230682 0.999844372
1403636659713555456.000000 -0.182679564 0.367630601 0.000579101 -0.008585630 0.004323973 0.015457258 0.999834359
1403636659763555584.000000 -0.225898027 0.469618201 0.003549791 0.002332082 0.009715789 0.013594529 0.999857724
1403636659813555456.000000 -0.227921918 0.471014380 -0.001682311 -0.000836723 0.008220046 0.013604495 0.999873400
1403636659863555584.000000 -0.232314706 0.476533979 -0.002244854 -0.000419075 0.009561434 0.013908169 0.999857545
1403636659913555456.000000 -0.233968735 0.479801893 -0.009201923 -0.001691836 0.005294169 0.014383227 0.999881148
1403636659963555584.000000 -0.182575122 0.389979929 -0.007799252 -0.011911965 -0.014444730 0.015736714 0.999700844
1403636660013555456.000000 -0.308480442 0.555057049 0.001969144 -0.001374020 0.000163337 0.014338286 0.999896288
1403636660063555584.000000 -0.314420313 0.557464421 0.004497367 -0.002876327 -0.002076553 0.013361373 0.999904513
1403636660113555456.000000 -0.250389606 0.505976737 -0.004521016 0.005630447 -0.012182244 0.016050654 0.999781132
1403636660163555584.000000 -0.328570753 0.562281311 0.003554067 -0.004921100 -0.006253466 0.017526468 0.999814808
1403636660213555456.000000 -0.334635317 0.567651153 -0.000321179 -0.003804920 -0.006200384 0.016563712 0.999836445
1403636660263555584.000000 -0.410824776 0.620793521 0.011512987 -0.004063187 -0.016360214 0.014243962 0.999756455
1403636660313555456.000000 -0.414428324 0.623551250 0.012578048 -0.003813468 -0.020768415 0.013833734 0.999681413
1403636660363555584.000000 -0.418912917 0.623988032 0.013073400 -0.005589804 -0.027313970 0.013139570 0.999524951
1403636660413555456.000000 -0.423859149 0.626975834 0.013019004 -0.004974450 -0.032975666 0.014404762 0.999339998
1403636660463555584.000000 -0.427474946 0.629479885 0.013996744 -0.004496661 -0.035932016 0.014050689 0.999245346
1403636660513555456.000000 -0.485951990 0.667199135 0.040466353 -0.005166588 -0.037889656 0.012449279 0.999191046
1403636660563555584.000000 -0.487359911 0.669264674 0.042712510 -0.004812324 -0.034040358 0.012026543 0.999336541
1403636660613555456.000000 -0.487178683 0.671010137 0.046300463 -0.004438763 -0.028275505 0.010487240 0.999535322
1403636660663555584.000000 -0.488729119 0.670381069 0.048618969 -0.005882911 -0.019259552 0.008329353 0.999762595
1403636660713555456.000000 -0.493109643 0.671208024 0.050443232 -0.006727577 -0.009961450 0.006835107 0.999904454
1403636660763555584.000000 -0.536134362 0.689847469 0.104702830 -0.007793712 -0.001103920 0.003047058 0.999964416
1403636660813555456.000000 -0.535093546 0.690566123 0.107323408 -0.009068399 0.002085933 -0.001656832 0.999955356
1403636660863555584.000000 -0.534239590 0.691028774 0.109166272 -0.009981047 0.004311542 -0.007323552 0.999914110
1403636660913555456.000000 -0.544470191 0.688863158 0.114844017 -0.011609173 0.011462830 -0.008386222 0.999831796
1403636660963555584.000000 -0.548049748 0.688630998 0.116248950 -0.010839340 0.013574655 -0.006779079 0.999826133
1403636661013555456.000000 -0.613673866 0.678666174 0.184305355 -0.009300725 0.014462207 -0.003675054 0.999845445
1403636661063555584.000000 -0.632407069 0.671506703 0.199985892 -0.007991035 0.015711172 -0.000062147 0.999844670
1403636661113555456.000000 -0.652154326 0.662980556 0.215409502 -0.006653268 0.016835222 0.003356074 0.999830544
1403636661163555584.000000 -0.670182705 0.651184082 0.229267284 -0.006139512 0.016844729 0.006881148 0.999815643
1403636661213555456.000000 -0.690913081 0.636597872 0.243605763 -0.005792737 0.018261425 0.009738516 0.999769032
1403636661263555584.000000 -0.702994049 0.624632120 0.253381133 -0.005700985 0.017011292 0.012013201 0.999766946
1403636661313555456.000000 -0.713611901 0.614380062 0.262589246 0.005700485 -0.017460121 -0.013677856 -0.999737799
1403636661363555584.000000 -0.726360917 0.595766008 0.270085990 -0.005952496 0.017347556 0.014539113 0.999726176
1403636661413555456.000000 -0.748162627 0.579911947 0.281183124 -0.005834491 0.018551378 0.013750977 0.999716341
1403636661463555584.000000 -0.754475951 0.568158150 0.288077265 0.006054887 -0.017814128 -0.014950604 -0.999711215
1403636661513555456.000000 -0.751256466 0.551208019 0.289976239 -0.006731724 0.014481676 0.016728928 0.999732554
1403636661563555584.000000 -0.791065574 0.551286459 0.297085911 -0.001497334 0.017326310 0.015634084 0.999726534
1403636661613555456.000000 -0.793594539 0.538351893 0.300220132 0.001141180 -0.014825370 -0.017800996 -0.999731064
1403636661663555584.000000 -0.770149469 0.499530762 0.297032923 -0.005259878 0.011049931 0.022128886 0.999680221
1403636661713555456.000000 -0.788261712 0.483757734 0.296510667 -0.004642375 0.014400840 0.020978868 0.999665439
1403636661763555584.000000 -0.787028670 0.469669104 0.297824800 0.003447786 -0.015396252 -0.026097434 -0.999534965
1403636661813555456.000000 -0.774336457 0.448310077 0.294393718 -0.002281508 0.013979063 0.032440193 0.999373317
1403636661863555584.000000 -0.770234644 0.435256839 0.294236362 -0.001152675 0.014780250 0.035653256 0.999254286
1403636661913555456.000000 -0.816649497 0.446293980 0.282461256 0.006886655 0.021968599 0.032568991 0.999204338
1403636661963555584.000000 -0.809916437 0.434321851 0.280448556 0.007419264 0.021752693 0.033685178 0.999168217
1403636662013555456.000000 -0.804663301 0.417251408 0.271177709 0.006856183 0.021828812 0.033679809 0.999170780
1403636662063555584.000000 -0.795204759 0.406511098 0.267468691 0.006158927 0.022003369 0.033190399 0.999187887
1403636662113555456.000000 -0.757612228 0.357688010 0.254606992 -0.001480982 0.018017977 0.034996491 0.999223888
1403636662163555584.000000 -0.748974025 0.347764581 0.250363916 -0.003259596 0.016104573 0.032156900 0.999347806
1403636662213555456.000000 -0.793341875 0.375297248 0.221331716 0.004465089 0.020957580 0.023507183 0.999494016
1403636662263555584.000000 -0.788469970 0.365811408 0.216340035 0.001659969 0.019099193 0.018507181 0.999644935
1403636662313555456.000000 -0.793596029 0.354058146 0.196455717 0.000371440 0.017882207 0.014876211 0.999729395
1403636662363555584.000000 -0.791884363 0.343847901 0.191939563 -0.001785407 0.015133256 0.012192988 0.999809623
1403636662413555456.000000 -0.800001562 0.331290215 0.172013715 -0.002468294 0.012268050 0.010499728 0.999866605
1403636662463555584.000000 -0.801461995 0.320118666 0.168621868 -0.003775121 0.006494500 0.010215935 0.999919653
1403636662513555456.000000 -0.813042164 0.305681735 0.148830324 -0.003657821 0.001783996 0.009920967 0.999942541
1403636662563555584.000000 -0.816178918 0.292828172 0.146489471 -0.003977719 -0.002536352 0.012456530 0.999911308
1403636662613555456.000000 -0.810065925 0.259822816 0.141376376 -0.004974372 -0.007418612 0.019959748 0.999760926
1403636662663555584.000000 -0.814394712 0.245373502 0.140166789 -0.003116291 -0.008425138 0.029403236 0.999527335
1403636662713555456.000000 -0.826335371 0.219656631 0.118122138 -0.000721038 -0.007210172 0.037266843 0.999279082
1403636662763555584.000000 -0.831295431 0.205799431 0.118519589 0.000531263 -0.005794766 0.043723252 0.999026775
1403636662813555456.000000 -0.850950181 0.194104761 0.101876132 0.002813972 -0.003079329 0.046662018 0.998902082
1403636662863555584.000000 -0.857655585 0.181077704 0.103576832 0.002830518 -0.005206156 0.048947882 0.998783827
1403636662913555456.000000 -0.871870458 0.185880020 0.092308894 0.003478603 -0.009381486 0.047551904 0.998818696
1403636662963555584.000000 -0.880112886 0.174494877 0.094863765 0.002647864 -0.013610423 0.048041202 0.998749197
1403636663013555456.000000 -0.898402274 0.145295605 0.084589534 0.002284216 -0.016266823 0.050201625 0.998604000
1403636663063555584.000000 -0.904888451 0.135546938 0.087743558 0.002872170 -0.019936800 0.054894708 0.998288989
1403636663113555456.000000 -0.944862127 0.160845742 0.068292469 0.008469520 -0.019079888 0.058005359 0.998098016
1403636663163555584.000000 -0.947758973 0.153720170 0.071814060 0.008234581 -0.022519961 0.059733320 0.997926414
1403636663213555456.000000 -0.933483601 0.108424522 0.067905985 0.001659054 -0.026146008 0.056524061 0.998057485
1403636663263555584.000000 -0.934369683 0.105091467 0.072910905 -0.002960121 -0.027100708 0.045783326 0.998579323
1403636663313555456.000000 -0.940594256 0.099610396 0.072474934 -0.007126931 -0.029192870 0.036495022 0.998881936
1403636663363555584.000000 -0.944106221 0.096518904 0.079350822 0.011055179 0.031981960 -0.028129702 -0.999031365
1403636663413555456.000000 -0.991235614 0.152689055 0.072781004 -0.007179691 -0.030513547 0.018749645 0.999332726
1403636663463555584.000000 -0.996445537 0.148713574 0.084181085 -0.009219692 -0.034673244 0.014438836 0.999251962
1403636663513555456.000000 -0.976214647 0.086361550 0.097503550 -0.017544795 -0.043746252 0.012404299 0.998811603
1403636663563555584.000000 -0.982440293 0.080661274 0.112389587 -0.018982768 -0.046710871 0.010227229 0.998675764
1403636663613555456.000000 -1.014163494 0.090092301 0.116218142 -0.017349623 -0.046287246 0.008462791 0.998741686
1403636663663555584.000000 -1.020450592 0.082653008 0.135144308 -0.018198833 -0.048140649 0.007682410 0.998645186
1403636663713555456.000000 -1.034831882 0.079418108 0.148777828 -0.019257823 -0.047515206 0.002886101 0.998680770
1403636663763555584.000000 -1.037698150 0.070057705 0.171290100 -0.021001957 -0.046560913 -0.001797083 0.998693049
1403636663813555456.000000 -1.070894241 0.123064891 0.184545130 -0.015739456 -0.037631534 -0.010485184 0.999112725
1403636663863555584.000000 -1.068729401 0.110027678 0.209770367 -0.017469501 -0.033553801 -0.016461320 0.999148667
1403636663913555456.000000 -1.073814034 0.101491697 0.229374111 -0.017156035 -0.028414821 -0.020187587 0.999245107
1403636663963555584.000000 -1.067111135 0.083651312 0.256580442 -0.018229773 -0.021853659 -0.024814945 0.999286890
1403636664013555456.000000 -1.066297531 0.070111006 0.277071834 -0.018026838 -0.014056379 -0.029211273 0.999311864
1403636664063555584.000000 -1.056583285 0.047270987 0.304543853 -0.017572260 -0.009835313 -0.029204691 0.999370635
1403636664113555456.000000 -1.019406915 -0.009665578 0.316988170 -0.020271888 -0.010175232 -0.024705555 0.999437451
1403636664163555584.000000 -1.006361246 -0.037427559 0.345223784 -0.018055057 -0.006346690 -0.019937558 0.999618113
1403636664213555456.000000 -1.031642556 -0.025875304 0.372224897 -0.008031217 0.003640489 -0.017333420 0.999810934
1403636664263555584.000000 -1.017814040 -0.057991955 0.399500310 -0.005335767 0.007761763 -0.012680549 0.999875307
1403636664313555456.000000 -1.014069676 -0.086585797 0.419974327 -0.001651953 0.011566466 -0.009051507 0.999890804
1403636664363555584.000000 -1.007222772 -0.121410184 0.447560757 0.000411120 0.013066906 -0.006302376 0.999894679
1403636664413555456.000000 -1.008499861 -0.157119691 0.467920333 0.002528610 0.014632166 -0.003958400 0.999881983
1403636664463555584.000000 -1.008707047 -0.193318263 0.495462745 0.004370940 0.014827310 -0.002250594 0.999877989
1403636664513555456.000000 -1.011252761 -0.229514167 0.520304739 -0.006370234 -0.016383618 0.000551767 -0.999845445
1403636664563555584.000000 -1.029665589 -0.259042203 0.546372294 0.011695341 0.019385241 -0.000140717 0.999743700
1403636664613555456.000000 -1.031481147 -0.297410339 0.571408451 0.015673427 0.019958586 0.006052305 0.999659657
1403636664663555584.000000 -1.040562391 -0.333942115 0.591372848 0.019436104 0.021351397 0.007937713 0.999551594
1403636664713555456.000000 -1.040551066 -0.372226894 0.613105953 0.022297990 0.019740390 0.011629367 0.999488831
1403636664763555584.000000 -1.041716099 -0.413203329 0.628522992 0.022534603 0.016961042 0.008708932 0.999564290
1403636664813555456.000000 -1.038774014 -0.451018721 0.647140503 0.022410601 0.014764177 0.005144336 0.999626637
1403636664863555584.000000 -1.045157194 -0.484357238 0.662710905 0.025689377 0.015642598 0.002746286 0.999543905
1403636664913555456.000000 -1.039233685 -0.522306561 0.679510951 0.027067531 0.014892561 0.003864545 0.999515235
1403636664963555584.000000 -1.038798928 -0.560818255 0.691392243 0.029019089 0.012157957 0.002940475 0.999500632
1403636665013555456.000000 -1.030676842 -0.598524094 0.706934273 0.030448047 0.007581690 0.004636773 0.999496877
1403636665063555584.000000 -1.026608706 -0.638070643 0.715387821 0.031972770 0.002846007 0.003936763 0.999476969
1403636665113555456.000000 -1.015937924 -0.675269902 0.728059769 0.032941122 -0.001993750 0.004772132 0.999443948
1403636665163555584.000000 -1.003386974 -0.719247401 0.734359920 0.033032320 -0.005711966 0.005023033 0.999425411
1403636665213555456.000000 -0.990349591 -0.756425440 0.746523142 0.034987099 -0.007350588 0.009377634 0.999316812
1403636665263555584.000000 -0.976057887 -0.798652530 0.751244783 0.037253138 -0.004746630 0.015462848 0.999174953
1403636665313555456.000000 -0.961283445 -0.834756315 0.764880776 0.038225029 -0.001091276 0.019173445 0.999084592
1403636665363555584.000000 -0.964849770 -0.843996406 0.765567303 0.040727153 0.003094184 0.019423869 0.998976707
1403636665413555456.000000 -0.950214207 -0.878628135 0.780169249 0.039303254 0.003682497 0.017714709 0.999063492
1403636665463555584.000000 -0.935014963 -0.919176042 0.787816048 0.036617469 0.002460630 0.013216450 0.999238908
1403636665513555456.000000 -0.921481729 -0.952341199 0.802145004 0.033168118 0.000449464 0.007568161 0.999421060
1403636665563555584.000000 -0.907645881 -0.985494375 0.814005375 -0.029693021 -0.000033690 -0.002152820 -0.999556780
1403636665613555456.000000 -0.908199608 -1.002198100 0.807832181 0.029067066 -0.000234565 -0.003297360 0.999572039
1403636665663555584.000000 -0.894007385 -1.036155820 0.821463168 0.026744727 -0.001114799 -0.005174704 0.999628305
1403636665713555456.000000 -0.864551842 -1.104065895 0.834179759 0.023690008 -0.001458893 -0.005585053 0.999702752
1403636665763555584.000000 -0.849133611 -1.139575601 0.847845256 0.021825789 0.001178467 -0.006019157 0.999743044
1403636665813555456.000000 -0.835254848 -1.161725521 0.869544387 -0.019475926 -0.002568838 0.003106838 -0.999802232
1403636665863555584.000000 -0.816238165 -1.223271489 0.859186530 0.022439260 0.006701485 0.003645103 0.999719143
1403636665913555456.000000 -0.800670505 -1.260641813 0.872695565 0.024180405 0.008044097 0.012843763 0.999592781
1403636665963555584.000000 -0.838051260 -1.231908679 0.854744732 0.031913523 0.015999041 0.017813778 0.999203861
1403636666013555456.000000 -0.824736953 -1.269023299 0.867812872 0.032715417 0.014712518 0.024041830 0.999067187
1403636666063555584.000000 -0.813058913 -1.305013418 0.878763556 -0.032867663 -0.013909073 -0.027441168 -0.998986185
1403636666113555456.000000 -0.777124465 -1.429906130 0.902403414 0.032540657 0.014386969 0.026023397 0.999027967
1403636666163555584.000000 -0.767336667 -1.464182377 0.915931165 0.029941572 0.014973971 0.022243893 0.999191940
1403636666213555456.000000 -0.764723063 -1.496508121 0.917367637 0.029763488 0.017284712 0.019810053 0.999211192
1403636666263555584.000000 -0.757512331 -1.530046344 0.931075096 0.029230032 0.017257670 0.019841980 0.999226809
1403636666313555456.000000 -0.760899961 -1.560305357 0.930299699 0.029515274 0.018996527 0.021100460 0.999161065
1403636666363555584.000000 -0.756340742 -1.592570424 0.943662643 0.030558936 0.019723432 0.024022914 0.999049544
1403636666413555456.000000 -0.759723783 -1.644432306 0.949877799 0.033316083 0.019624859 0.026703466 0.998895347
1403636666463555584.000000 -0.755005538 -1.675332069 0.960979640 0.034319751 0.017235827 0.029248035 0.998834193
1403636666513555456.000000 -0.749432623 -1.705014825 0.968870699 -0.034969192 -0.014780021 -0.030015862 -0.998828232
1403636666563555584.000000 -0.757433951 -1.709197164 0.954877555 0.034501418 0.012711904 0.027116982 0.998955846
1403636666613555456.000000 -0.747875571 -1.736361623 0.961789310 0.033849970 0.008506867 0.024104625 0.999100029
1403636666663555584.000000 -0.716793180 -1.767668247 0.979686618 -0.030458758 -0.002218449 -0.021192702 -0.999308884
1403636666713555456.000000 -0.736648500 -1.828570604 0.961365283 0.034450948 0.001692182 0.014486256 0.999300003
1403636666763555584.000000 -0.724138260 -1.854322195 0.966016710 0.033975683 -0.003652155 0.011920755 0.999344885
1403636666813555456.000000 -0.712691545 -1.880886078 0.968062878 -0.034329306 0.008348613 -0.012144225 -0.999301970
1403636666863555584.000000 -0.713829339 -1.906889915 0.955113530 0.036738768 -0.013248714 0.014056382 0.999138296
1403636666913555456.000000 -0.703573167 -1.932828307 0.962005436 0.040109348 -0.020664642 0.022950426 0.998717964
1403636666963555584.000000 -0.695196152 -1.958585262 0.967422247 -0.043120436 0.026777534 -0.031706560 -0.998207569
1403636667013555456.000000 -0.699866235 -1.982915640 0.958366811 0.045717705 -0.026833359 0.035249051 0.997971654
1403636667063555584.000000 -0.690585613 -2.005941391 0.969763756 0.046004146 -0.025674919 0.036699984 0.997936666
1403636667113555456.000000 -0.681980908 -2.028852224 0.980718315 -0.043787643 0.018276311 -0.032293223 -0.998351514
1403636667163555584.000000 -0.650013328 -2.051333427 1.027652979 -0.038734801 0.010821926 -0.025927998 -0.998854518
1403636667213555456.000000 -0.641182959 -2.070288420 1.046349287 -0.036413420 0.002884233 -0.019770630 -0.999137104
1403636667263555584.000000 -0.632772267 -2.088637829 1.066914797 -0.033743415 -0.003514115 -0.012541042 -0.999345720
1403636667313555456.000000 -0.647219241 -2.103165627 1.061102629 -0.034695636 -0.009940633 -0.005885858 -0.999331176
1403636667363555584.000000 -0.601689160 -1.870488882 0.722799122 0.037133329 0.015879935 0.000199353 0.999184132
1403636667413555456.000000 -0.601828039 -1.889009714 0.737519622 0.036792524 0.015383505 -0.001150607 0.999203920
1403636667463555584.000000 -0.604745269 -1.912689090 0.746451139 -0.036788475 -0.011837710 0.002118945 -0.999250770
1403636667513555456.000000 -0.689887822 -2.185960770 1.035857916 0.035692159 0.005834118 0.001650697 0.999344468
1403636667563555584.000000 -0.692619860 -2.208449602 1.047936559 0.037022449 -0.000655815 0.004539692 0.999303997
1403636667613555456.000000 -0.694973767 -2.232374191 1.057379484 -0.038452338 0.006499823 -0.008964468 -0.999199152
1403636667663555584.000000 -0.695174575 -2.255426407 1.055531979 0.040095050 -0.010661752 0.012901635 0.999055743
1403636667713555456.000000 -0.692002654 -2.278463125 1.065228105 0.041348521 -0.012503452 0.016505353 0.998930216
1403636667763555584.000000 -0.686249018 -2.300928593 1.072785974 -0.041849494 0.012398300 -0.018439604 -0.998876810
1403636667813555456.000000 -0.682731330 -2.327404499 1.075434327 0.042497244 -0.011362154 0.020012533 0.998831570
1403636667863555584.000000 -0.675271392 -2.349094391 1.084371924 0.042350024 -0.011082885 0.021221751 0.998815954
1403636667913555456.000000 -0.671995938 -2.359548092 1.083392978 0.041408148 -0.010365339 0.022243287 0.998840928
1403636667963555584.000000 -0.665763974 -2.379867077 1.092538238 0.040780377 -0.011601391 0.022129430 0.998855710
1403636668013555456.000000 -0.660907686 -2.462897778 1.128557682 0.043403704 -0.009549651 0.021382973 0.998783171
1403636668063555584.000000 -0.657613218 -2.482261419 1.139531732 0.041325357 -0.008908649 0.019035671 0.998924732
1403636668113555456.000000 -0.656230569 -2.501232386 1.151603818 -0.039117325 0.008217783 -0.016490592 -0.999064744
1403636668163555584.000000 -0.656113207 -2.518362522 1.158993483 0.036628973 -0.008027519 0.013719574 0.999202549
1403636668213555456.000000 -0.657178044 -2.537340403 1.173663259 0.034286838 -0.009674865 0.011427628 0.999299943
1403636668263555584.000000 -0.658602238 -2.554788351 1.182454467 0.031991649 -0.010879200 0.009253155 0.999386132
1403636668313555456.000000 -0.661012292 -2.573707819 1.198244095 0.029541021 -0.011650389 0.007972592 0.999463916
1403636668363555584.000000 -0.668886423 -2.609717131 1.225566149 0.029121492 -0.010916077 0.007464011 0.999488413
1403636668413555456.000000 -0.672100544 -2.630027056 1.242190957 0.027515171 -0.009842128 0.007285016 0.999546409
1403636668463555584.000000 -0.676624358 -2.649536848 1.255304337 0.025857279 -0.007863407 0.007269856 0.999608338
1403636668513555456.000000 -0.680358529 -2.670886993 1.273127556 0.024385277 -0.006983974 0.007093009 0.999653161
1403636668563555584.000000 -0.684080899 -2.692690134 1.289754868 -0.023144843 0.006948764 -0.007765279 -0.999677837
1403636668613555456.000000 -0.683596253 -2.692793131 1.281592369 0.020738000 -0.007518339 0.007971711 0.999724925
1403636668663555584.000000 -0.686923146 -2.715645313 1.299692154 0.019103436 -0.007830501 0.007690259 0.999757349
1403636668713555456.000000 -0.690046251 -2.740022659 1.317893267 -0.016686577 0.007177271 -0.004349199 -0.999825537
1403636668763555584.000000 -0.702862203 -2.788782358 1.365932941 0.015985370 -0.003723163 -0.001061750 0.999864757
1403636668813555456.000000 -0.704752088 -2.814489126 1.384629607 0.013220420 -0.000456317 -0.005162291 0.999899209
1403636668863555584.000000 -0.702012002 -2.822856903 1.384562016 0.010235448 0.002022485 -0.010706721 0.999888301
1403636668913555456.000000 -0.700806499 -2.851437330 1.401254296 0.008007387 0.006179406 -0.015073342 0.999835253
1403636668963555584.000000 -0.697935641 -2.881497383 1.416011810 -0.008410563 -0.009115208 0.012943881 -0.999839306
1403636669013555456.000000 -0.693757176 -2.903252602 1.424996376 0.010242661 0.011220443 -0.007569877 0.999855995
1403636669063555584.000000 -0.688200116 -2.936736345 1.436634183 0.011674583 0.013342105 -0.002357846 0.999840140
1403636669113555456.000000 -0.681677938 -2.971145391 1.446331859 0.012998993 0.014890247 0.002838526 0.999800622
1403636669163555584.000000 -0.689830840 -3.031155348 1.485756278 0.015405113 0.016942328 0.005509393 0.999722600
1403636669213555456.000000 -0.685183525 -3.066165924 1.494066715 0.015397782 0.018033057 0.007367172 0.999691665
1403636669263555584.000000 -0.682239771 -3.101728201 1.502072692 0.015017165 0.018603800 0.008058340 0.999681711
1403636669313555456.000000 -0.684501827 -3.136413813 1.513329268 0.014791967 0.018709842 0.007450750 0.999687791
1403636669363555584.000000 -0.685316920 -3.172256708 1.520308018 0.014600270 0.017723070 0.008386282 0.999701202
1403636669413555456.000000 -0.689297736 -3.208505869 1.530155182 0.014822134 0.019111546 0.008809868 0.999668717
1403636669463555584.000000 -0.691890299 -3.244683504 1.536384821 0.014934995 0.021698670 0.009875070 0.999604225
1403636669513555456.000000 -0.695646465 -3.281201124 1.542298794 0.015092517 0.024536911 0.009732087 0.999537587
1403636669563555584.000000 -0.704789817 -3.319350243 1.551445007 0.015612516 0.028470716 0.009563415 0.999426961
1403636669613555456.000000 -0.709674835 -3.356433630 1.556206584 0.015434936 0.034216434 0.008881373 0.999255836
1403636669663555584.000000 -0.714180887 -3.393855810 1.559194684 0.015841926 0.039399810 0.008979204 0.999057591
1403636669713555456.000000 -0.715104222 -3.418021917 1.557718992 0.015647249 0.044553597 0.008965250 0.998844266
1403636669763555584.000000 -0.717385530 -3.455589771 1.557568908 0.016416650 0.047073912 0.010237454 0.998704076
1403636669813555456.000000 -0.719173610 -3.493513584 1.555089712 0.020604998 0.046972863 0.019257871 0.998497963
1403636669863555584.000000 -0.734780252 -3.547805071 1.553175926 0.028172260 0.046068098 0.032938827 0.997997582
1403636669913555456.000000 -0.734458148 -3.584305763 1.545158386 0.034085557 0.040131368 0.046731435 0.997518897
1403636669963555584.000000 -0.733023345 -3.618289232 1.534876347 -0.038198378 -0.034741212 -0.056569152 -0.997062683
1403636670013555456.000000 -0.730082154 -3.637629032 1.520221710 0.039591022 0.029657174 0.061374318 0.996888340
1403636670063555584.000000 -0.727087379 -3.666331768 1.506749392 0.041692976 0.025679328 0.065753683 0.996633768
1403636670113555456.000000 -0.723805428 -3.692092896 1.491790056 -0.044712637 -0.022418464 -0.069242992 -0.996345162
1403636670163555584.000000 -0.713769853 -3.741410732 1.449088693 0.047736805 0.022304246 0.073573738 0.995896935
1403636670213555456.000000 -0.708386421 -3.761070967 1.432762384 0.053576093 0.026062889 0.080694847 0.994956672
1403636670263555584.000000 -0.704314053 -3.777209282 1.415956497 0.059157349 0.030331932 0.086883962 0.993997812
1403636670313555456.000000 -0.723687887 -3.790015697 1.410959721 0.066727467 0.035744496 0.091290064 0.992943108
1403636670363555584.000000 -0.724501193 -3.798325539 1.393937111 0.072239496 0.035530224 0.094792649 0.992236614
1403636670413555456.000000 -0.727291346 -3.802558422 1.376542568 0.078311436 0.033860262 0.096303172 0.991688788
1403636670463555584.000000 -0.717505097 -3.816295862 1.343613863 0.083417580 0.029011223 0.099096499 0.991150737
1403636670513555456.000000 -0.721066236 -3.811390877 1.323899865 0.091667280 0.026980834 0.099348865 0.990453959
1403636670563555584.000000 -0.724861503 -3.802734613 1.303033113 -0.101082735 -0.025122369 -0.097998478 -0.989720881
1403636670613555456.000000 -0.725991011 -3.796499491 1.280180573 0.110802971 0.023487469 0.095376015 0.988976538
1403636670663555584.000000 -0.725713372 -3.776121855 1.257957220 0.120876722 0.022404352 0.091254748 0.988210261
1403636670713555456.000000 -0.724611342 -3.750216722 1.234990358 0.131495997 0.021979660 0.086678602 0.987275362
1403636670763555584.000000 -0.754685581 -3.709365368 1.210321903 0.145861357 0.024774874 0.082410380 0.985555291
1403636670813555456.000000 -0.753748238 -3.673981428 1.188514829 -0.158629566 -0.024442598 -0.080356047 -0.983759224
1403636670863555584.000000 -0.754062414 -3.634791136 1.167011261 -0.173419088 -0.024112253 -0.079861350 -0.981308639
1403636670913555456.000000 -0.756818473 -3.607897997 1.136630297 0.187370643 0.024424056 0.079968713 0.978724003
1403636670963555584.000000 -0.757395148 -3.558676720 1.115531325 0.204123437 0.025869314 0.081278957 0.975222111
1403636671013555456.000000 -0.756430328 -3.503902197 1.093934178 0.221368894 0.027717642 0.078722298 0.971612275
1403636671063555584.000000 -0.756864011 -3.458128691 1.053469181 0.235919297 0.029894093 0.072320439 0.968616664
1403636671113555456.000000 -0.750894845 -3.389195442 1.030995131 0.249838516 0.030914212 0.061568882 0.965833485
1403636671163555584.000000 -0.743708193 -3.314533234 1.008410096 0.263490528 0.030273749 0.049682476 0.962906003
1403636671213555456.000000 -0.739432275 -3.257010698 0.971782684 0.274109542 0.028258068 0.037908200 0.960535526
1403636671263555584.000000 -0.729225636 -3.170664072 0.949754477 0.283077508 0.024966480 0.024298904 0.958464026
1403636671313555456.000000 -0.719249368 -3.079941750 0.929215372 0.288430691 0.020099940 0.006138552 0.957270145
1403636671363555584.000000 -0.698807955 -2.927948713 0.900365531 0.288671285 0.015953591 -0.017612636 0.957133353
1403636671413555456.000000 -0.689078391 -2.832563877 0.880967200 0.291460484 0.011747117 -0.041066848 0.955628753
1403636671463555584.000000 -0.680762053 -2.737948895 0.862805724 0.296567202 0.005915083 -0.060811415 0.953055620
1403636671513555456.000000 -0.684369206 -2.650187254 0.791280150 0.301597834 -0.000667353 -0.074982539 0.950482011
1403636671563555584.000000 -0.678382158 -2.555409670 0.776214123 0.306722969 -0.008301902 -0.085663065 0.947899759
1403636671613555456.000000 -0.673541367 -2.461598396 0.763352156 0.310927927 -0.016323054 -0.094649188 0.945568085
1403636671663555584.000000 -0.673619151 -2.401108027 0.767793238 0.312416703 -0.023519343 -0.103493609 0.943997741
1403636671713555456.000000 -0.669424176 -2.311911583 0.758164644 0.315191895 -0.029937727 -0.108246751 0.942359030
1403636671763555584.000000 -0.666753948 -2.226514816 0.748154402 -0.316848606 0.034978896 0.111873291 -0.941205561
1403636671813555456.000000 -0.688082337 -2.076152325 0.670295000 0.319608927 -0.038275588 -0.113957837 0.939892948
1403636671863555584.000000 -0.684226453 -1.994831324 0.667340517 0.319754213 -0.043494150 -0.116845921 0.939261734
1403636671913555456.000000 -0.678858936 -1.918655634 0.663013577 -0.318344682 0.050141167 0.120250851 -0.938979387
1403636671963555584.000000 -0.658891737 -1.929642558 0.685348392 0.313978642 -0.056241740 -0.127947718 0.939086676
1403636672013555456.000000 -0.646173894 -1.859065890 0.687141895 0.310999840 -0.061859425 -0.133481622 0.938954294
1403636672063555584.000000 -0.629225791 -1.792810917 0.691591740 0.307438999 -0.062333107 -0.140115082 0.939129233
1403636672113555456.000000 -0.639942884 -1.654884338 0.622691154 0.305994064 -0.057819869 -0.144750401 0.939186811
1403636672163555584.000000 -0.616905034 -1.598438144 0.629078090 0.302788854 -0.053968370 -0.149773225 0.939667165
1403636672213555456.000000 -0.592016280 -1.546844125 0.637093782 0.300095290 -0.051370148 -0.153811410 0.940024495
1403636672263555584.000000 -0.567074478 -1.427312374 0.596261859 0.297426581 -0.049109433 -0.155267075 0.940753877
1403636672313555456.000000 -0.541847229 -1.385762811 0.606344819 0.295287579 -0.045229260 -0.158140436 0.941143632
1403636672363555584.000000 -0.516951919 -1.349078894 0.618496835 0.293062508 -0.037959598 -0.162262559 0.941458583
1403636672413555456.000000 -0.505557537 -1.308560014 0.604985356 0.291220576 -0.028648648 -0.166272908 0.941659868
1403636672463555584.000000 -0.485894918 -1.280965805 0.618241191 0.290915161 -0.016546303 -0.166841835 0.941944003
1403636672513555456.000000 -0.469544321 -1.257905483 0.632421374 0.293959469 -0.004471366 -0.157940656 0.942667902
1403636672563555584.000000 -0.465720713 -1.227942109 0.624755323 0.297890782 0.007494651 -0.147003636 0.943183362
1403636672613555456.000000 -0.459493756 -1.210269094 0.639791429 0.302625179 0.015492161 -0.134648278 0.943423510
1403636672663555584.000000 -0.457634598 -1.194837093 0.655762851 0.306324065 0.021285921 -0.124143496 0.943557620
1403636672713555456.000000 -0.436132908 -1.159003258 0.673027873 0.310477793 0.019869495 -0.117307477 0.943105340
1403636672763555584.000000 -0.446171850 -1.145348549 0.688779891 0.312206119 0.013602645 -0.113105536 0.943159342
1403636672813555456.000000 -0.458323956 -1.133142114 0.704348803 0.314791977 0.006280849 -0.111361906 0.942584336
1403636672863555584.000000 -0.471585661 -1.102106094 0.704888582 0.318107158 0.003223052 -0.113001369 0.941290736
1403636672913555456.000000 -0.481564254 -1.091414809 0.717224002 0.323293000 0.002065027 -0.114973016 0.939286292
1403636672963555584.000000 -0.490003705 -1.082016706 0.728495479 0.329146534 0.001531434 -0.118780844 0.936777115
1403636673013555456.000000 -0.499009520 -1.066050649 0.725228488 0.335815787 0.001413150 -0.123033702 0.933856785
1403636673063555584.000000 -0.503625870 -1.058462620 0.733346701 0.342161953 0.001162648 -0.128615469 0.930796385
1403636673113555456.000000 -0.506926417 -1.047772765 0.734224021 0.348678857 -0.000528067 -0.133162439 0.927734077
1403636673163555584.000000 -0.506906033 -1.042340875 0.740721107 0.353946865 -0.006176698 -0.138064921 0.924998164
1403636673213555456.000000 -0.504970789 -1.037949085 0.746371627 0.358118355 -0.013837262 -0.143566787 0.922468662
1403636673263555584.000000 -0.507079363 -1.016848326 0.753064990 0.362060905 -0.020297494 -0.150013149 0.919780493
1403636673313555456.000000 -0.501148343 -1.015641451 0.757798076 0.364796281 -0.026884221 -0.153784171 0.917905986
1403636673363555584.000000 -0.493126094 -1.017183900 0.762709022 0.367100656 -0.031087453 -0.157125801 0.916287243
1403636673413555456.000000 -0.491810530 -1.032081723 0.749903917 0.368576765 -0.032313440 -0.158350989 0.915440917
1403636673463555584.000000 -0.483355761 -1.038180113 0.756017268 0.370983690 -0.031827744 -0.158574119 0.914446533
1403636673513555456.000000 -0.475807875 -1.046694875 0.763621807 0.372700959 -0.030454120 -0.159050554 0.913711905
1403636673563555584.000000 -0.470388412 -1.057002783 0.771715045 -0.374567866 0.027152192 0.158262968 -0.913189232
1403636673613555456.000000 -0.510746837 -1.032866716 0.761465073 0.376389056 -0.017587842 -0.155844435 0.913090646
1403636673663555584.000000 -0.504814923 -1.048105240 0.771549106 0.378443748 -0.010590016 -0.153610796 0.912727654
1403636673713555456.000000 -0.451284140 -1.099394798 0.799366951 -0.380346239 0.006254084 0.151752681 -0.912287652
1403636673763555584.000000 -0.467916578 -1.121027350 0.803196430 0.382593423 0.003381351 -0.149803415 0.911685169
1403636673813555456.000000 -0.462994874 -1.139150739 0.810605645 0.384712815 0.008831486 -0.146670908 0.911265969
1403636673863555584.000000 -0.448307455 -1.152124047 0.815345168 0.384460211 0.011667571 -0.146046549 0.911440969
1403636673913555456.000000 -0.457754016 -1.181278467 0.822513759 0.384945631 0.013209120 -0.148751646 0.910777390
1403636673963555584.000000 -0.451620221 -1.201928020 0.826450229 0.384988070 0.013156213 -0.149032816 0.910714269
1403636674013555456.000000 -0.446555465 -1.223713040 0.829980969 0.385252386 0.011395479 -0.148436725 0.910723507
1403636674063555584.000000 -0.446952105 -1.247019291 0.856127977 0.386562377 0.011329762 -0.147915259 0.910253942
1403636674113555456.000000 -0.445150256 -1.271721363 0.859212041 0.387102664 0.010254849 -0.146488979 0.910267770
1403636674163555584.000000 -0.444979548 -1.297173381 0.862002850 0.387546986 0.010746327 -0.145148993 0.910287678
1403636674213555456.000000 -0.447834849 -1.324818969 0.862989187 0.388007045 0.011780141 -0.142516240 0.910494864
1403636674263555584.000000 -0.452011019 -1.351772070 0.865634978 0.389527887 0.012185218 -0.137769207 0.910570860
1403636674313555456.000000 -0.458648354 -1.379069567 0.868095517 0.391905159 0.010536742 -0.130914658 0.910582602
1403636674363555584.000000 -0.469217300 -1.405827761 0.870158434 0.394775450 0.007439698 -0.124789588 0.910233259
1403636674413555456.000000 -0.481048465 -1.455620766 0.879168510 0.400347114 0.005085128 -0.118855536 0.908608735
1403636674463555584.000000 -0.493164062 -1.483011365 0.882069290 0.406300664 0.003759749 -0.114599675 0.906516731
1403636674513555456.000000 -0.506592214 -1.510246038 0.885603130 0.413047075 0.003410667 -0.111969091 0.903793871
1403636674563555584.000000 -0.516883492 -1.540650010 0.888331175 0.418311864 0.002968508 -0.112202331 0.901341796
1403636674613555456.000000 -0.532659054 -1.566383839 0.893692017 0.423047185 0.003933281 -0.113372132 0.898978531
1403636674663555584.000000 -0.548772812 -1.591493845 0.899877787 0.427264422 0.005857821 -0.115561329 0.896691918
1403636674713555456.000000 -0.569513500 -1.635579467 0.912744045 0.431218982 0.004761192 -0.117172338 0.894593835
1403636674763555584.000000 -0.587885082 -1.659318566 0.921043694 0.434055537 0.000018453 -0.120107464 0.892843783
1403636674813555456.000000 -0.605886161 -1.681983948 0.930017054 0.436128438 -0.007574799 -0.123772621 0.891299605
1403636674863555584.000000 -0.620538473 -1.708196640 0.936437190 0.436906725 -0.015544041 -0.127781793 0.890248716
1403636674913555456.000000 -0.634145856 -1.730352283 0.946516573 0.437895000 -0.022099979 -0.131127492 0.889137328
1403636674963555584.000000 -0.643942356 -1.754056692 0.957311869 0.437844455 -0.028171096 -0.134987012 0.888412714
1403636675013555456.000000 -0.650479972 -1.777607441 0.969004214 0.438025296 -0.033331249 -0.137198463 0.887806058
1403636675063555584.000000 -0.664385319 -1.820373654 0.985347688 0.437861711 -0.036695395 -0.141384289 0.887097001
1403636675113555456.000000 -0.663779616 -1.845231295 0.998985231 0.436259568 -0.036841955 -0.146283939 0.887085855
1403636675163555584.000000 -0.659922957 -1.871463537 1.013189554 -0.433499843 0.035878807 0.154156968 -0.887145042
1403636675213555456.000000 -0.660376847 -1.900323153 1.022418857 0.430965781 -0.030851142 -0.161902234 0.887189090
1403636675263555584.000000 -0.650955737 -1.931734800 1.039163828 0.428816676 -0.026993318 -0.167888567 0.887243509
1403636675313555456.000000 -0.640850842 -1.966902733 1.055439830 -0.426454514 0.023080414 0.172254488 -0.887655556
1403636675363555584.000000 -0.636990070 -2.017213821 1.075559020 0.427115887 -0.015353450 -0.173280895 0.887304902
1403636675413555456.000000 -0.622718036 -2.056370735 1.090967417 0.429423898 -0.006125399 -0.172503427 0.886453688
1403636675463555584.000000 -0.609507382 -2.097944021 1.106183171 0.433654219 0.000939180 -0.171116337 0.884682059
1403636675513555456.000000 -0.589049578 -2.130379677 1.119725943 0.436845690 0.008049636 -0.172533676 0.882798493
1403636675563555584.000000 -0.599537134 -2.191854239 1.133777618 0.442127764 0.016286651 -0.173488036 0.879863441
1403636675613555456.000000 -0.592306852 -2.237158060 1.148075223 0.446334630 0.022502022 -0.175071239 0.877285123
1403636675663555584.000000 -0.587249279 -2.283432007 1.161515594 0.451283127 0.026491277 -0.176116019 0.874428391
1403636675713555456.000000 -0.588588595 -2.324793339 1.166500211 0.457322121 0.030011561 -0.175724804 0.871250093
1403636675763555584.000000 -0.588291883 -2.372224808 1.177106380 0.465455621 0.033024598 -0.173179805 0.867334545
1403636675813555456.000000 -0.592416883 -2.419332981 1.185354590 0.475960016 0.031495225 -0.166073233 0.863070011
1403636675863555584.000000 -0.597639382 -2.481690407 1.197922945 0.488326997 0.028817864 -0.157482266 0.857849479
1403636675913555456.000000 -0.605463266 -2.527981043 1.206052780 0.500162005 0.021623494 -0.150474936 0.852483273
1403636675963555584.000000 -0.614836395 -2.573267221 1.214337587 0.511351049 0.014003176 -0.146372437 0.846699059
1403636676013555456.000000 -0.620859861 -2.615097046 1.213348985 0.520829797 0.007709796 -0.146819040 0.840904891
1403636676063555584.000000 -0.631766856 -2.657601357 1.223157167 0.529470444 0.004457600 -0.150376588 0.834882081
1403636676113555456.000000 -0.643253446 -2.698724270 1.234091520 0.536308825 0.003413284 -0.158253342 0.829045951
1403636676163555584.000000 -0.653195977 -2.755626440 1.249822974 0.542682469 0.007056794 -0.169964373 0.822531521
1403636676213555456.000000 -0.664668381 -2.795950890 1.261723161 0.548681557 0.010769945 -0.181431621 0.816036284
1403636676263555584.000000 -0.676617861 -2.835933447 1.274117112 0.553945899 0.016123766 -0.195717260 0.809060454
1403636676313555456.000000 -0.685462236 -2.876287222 1.276062727 0.560285985 0.017988432 -0.207555711 0.801671207
1403636676363555584.000000 -0.696114779 -2.916728497 1.286529541 0.567270935 0.023984402 -0.218168259 0.793745041
1403636676413555456.000000 -0.705698252 -2.957365751 1.295155287 0.574302912 0.027783390 -0.227858633 0.785802007
1403636676463555584.000000 -0.716827512 -3.015683889 1.300617456 0.582998157 0.028271487 -0.233488053 0.777687073
1403636676513555456.000000 -0.724291265 -3.056029797 1.303885698 0.592243135 0.026108334 -0.236428231 0.769849479
1403636676563555584.000000 -0.730172038 -3.097650528 1.305161476 0.602658689 0.022900164 -0.234614834 0.762387037
1403636676613555456.000000 -0.735933065 -3.142113209 1.293201208 0.611480117 0.019702125 -0.233064711 0.755900025
1403636676663555584.000000 -0.737689793 -3.185372353 1.290780306 0.619351804 0.017274858 -0.230390608 0.750349998
1403636676713555456.000000 -0.737895787 -3.228426218 1.287436247 0.625998855 0.014589356 -0.227241501 0.745837688
1403636676763555584.000000 -0.742302775 -3.290158272 1.280954599 0.631882012 0.012783256 -0.223567590 0.742010355
1403636676813555456.000000 -0.739246726 -3.334208727 1.275867701 0.636827767 0.009619826 -0.220937759 0.738609791
1403636676863555584.000000 -0.734623790 -3.377806187 1.270356417 0.641606748 0.005271821 -0.218678921 0.735181987
1403636676913555456.000000 -0.735377252 -3.429003000 1.257211685 0.645139992 0.004316630 -0.216929838 0.732609928
1403636676963555584.000000 -0.731644630 -3.471268177 1.252640486 0.647734344 0.003050093 -0.215708151 0.730685294
1403636677013555456.000000 -0.730968952 -3.513335943 1.250204802 0.648745239 0.004414287 -0.216703996 0.729485810
1403636677063555584.000000 -0.740014672 -3.564184189 1.242105961 0.648221374 0.008677579 -0.220075548 0.728903711
1403636677113555456.000000 -0.746422887 -3.606497765 1.243228674 0.647161424 0.012859641 -0.223655418 0.728694141
1403636677163555584.000000 -0.756137788 -3.648320198 1.245663881 0.645843506 0.016321914 -0.227085724 0.728733003
1403636677213555456.000000 -0.773007929 -3.698536396 1.239550114 0.645234346 0.020510675 -0.228248239 0.728803694
1403636677263555584.000000 -0.785270035 -3.739116192 1.241648674 0.645765841 0.024933850 -0.228269100 0.728188276
1403636677313555456.000000 -0.797365427 -3.778735638 1.242604971 0.647938609 0.028650112 -0.227055445 0.726498842
1403636677363555584.000000 -0.813295126 -3.828905344 1.232637405 0.651703775 0.034260057 -0.225173384 0.723467708
1403636677413555456.000000 -0.822594345 -3.867788792 1.229615450 0.656403780 0.039421249 -0.222734675 0.719700873
1403636677463555584.000000 -0.830167651 -3.905136108 1.224926472 0.662239492 0.043793969 -0.219387472 0.715115547
1403636677513555456.000000 -0.837677360 -3.941694975 1.216163874 0.668473780 0.045650937 -0.216374069 0.710099399
1403636677563555584.000000 -0.837668657 -3.956046104 1.213386536 0.674592733 0.046122056 -0.214921027 0.704703093
1403636677613555456.000000 -0.849696517 -4.010225296 1.197604418 0.682673693 0.044720225 -0.213415071 0.697431564
1403636677663555584.000000 -0.853342295 -4.041237831 1.186949492 0.689624250 0.041247185 -0.213926703 0.690617502
1403636677713555456.000000 -0.848763943 -4.048810959 1.181820869 0.696646988 0.036252372 -0.214430839 0.683658004
1403636677763555584.000000 -0.857019067 -4.097205162 1.163348675 0.704662442 0.031487945 -0.216828659 0.674866498
1403636677813555456.000000 -0.850753069 -4.100974560 1.157569885 0.711613238 0.022197958 -0.220279172 0.666776597
1403636677863555584.000000 -0.866142392 -4.170393944 1.122193813 0.720276535 0.012338662 -0.222715110 0.656846702
1403636677913555456.000000 -0.866077363 -4.195030212 1.109410763 0.728034794 0.003704054 -0.226932436 0.646879673
1403636677963555584.000000 -0.864004195 -4.216551781 1.099938869 0.735787630 -0.002314419 -0.230879143 0.636636496
1403636678013555456.000000 -0.861616552 -4.237783432 1.092071533 0.742583752 -0.005397195 -0.236703157 0.626507699
1403636678063555584.000000 -0.859203339 -4.259007931 1.085971355 0.749234498 -0.005356511 -0.240919128 0.616909266
1403636678113555456.000000 -0.857341051 -4.280245781 1.081822872 0.754300952 -0.001086821 -0.246143788 0.608639657
1403636678163555584.000000 -0.856283724 -4.301630974 1.079495907 0.758572042 0.003782231 -0.250763267 0.601391673
1403636678213555456.000000 -0.856462121 -4.322886467 1.078772068 0.761533260 0.008947574 -0.256611943 0.595094383
1403636678263555584.000000 -0.856899083 -4.343797684 1.078817844 0.764846623 0.013273215 -0.261025190 0.588811874
1403636678313555456.000000 -0.856767952 -4.364226818 1.078670025 0.768913209 0.015820956 -0.264151394 0.582019150
1403636678363555584.000000 -0.855389416 -4.384008408 1.077854633 0.774050295 0.015323006 -0.264945209 0.574817777
1403636678413555456.000000 -0.852872133 -4.403302193 1.076629162 0.778566420 0.014315809 -0.267612994 0.567461610
1403636678463555584.000000 -0.848720908 -4.422206879 1.074460506 0.783171415 0.014159085 -0.270174533 0.559864163
1403636678513555456.000000 -0.843099594 -4.440699577 1.071755886 0.787630260 0.013930555 -0.273457825 0.551964939
1403636678563555584.000000 -0.835618138 -4.458778858 1.067859650 0.792759717 0.013967650 -0.275218666 0.543683410
1403636678613555456.000000 -0.827135026 -4.475947380 1.063280582 0.798642039 0.014424046 -0.277374804 0.533878326
1403636678663555584.000000 -0.818669081 -4.492957592 1.058959961 0.804039538 0.017968813 -0.281199753 0.523568749
1403636678713555456.000000 -0.811455190 -4.509140015 1.054991722 0.808941960 0.023943916 -0.286587328 0.512745023
1403636678763555584.000000 -0.805187702 -4.525147438 1.050600052 0.813789070 0.030885983 -0.292890280 0.501007676
1403636678813555456.000000 -0.800968349 -4.540640831 1.045762062 0.817986012 0.038631778 -0.299934298 0.489332199
1403636678863555584.000000 -0.798468888 -4.555527210 1.041086674 0.821528614 0.045328565 -0.306578010 0.478587538
1403636678913555456.000000 -0.798867643 -4.569675922 1.036940098 0.824722648 0.052474380 -0.312260598 0.468585491
1403636678963555584.000000 -0.801658571 -4.581893921 1.030356407 0.828392088 0.055558518 -0.316574961 0.458759427
1403636679013555456.000000 -0.805271208 -4.592255592 1.021698475 0.833114922 0.056668609 -0.317906052 0.449047893
1403636679063555584.000000 -0.810357690 -4.601264954 1.012954712 0.838555157 0.055426106 -0.317653865 0.439146101
1403636679113555456.000000 -0.817781806 -4.608973503 1.003749371 0.844494939 0.053706080 -0.316135228 0.428955168
1403636679163555584.000000 -0.826011419 -4.615437508 0.992826462 0.851245046 0.048486989 -0.312788069 0.418562472
1403636679213555456.000000 -0.834593952 -4.620339394 0.981048107 0.859009087 0.042093318 -0.307472140 0.407176256
1403636679263555584.000000 -0.842762053 -4.623829842 0.967873096 0.866336107 0.036013026 -0.303028524 0.395396680
1403636679313555456.000000 -0.851626575 -4.624601364 0.955415726 0.872859836 0.030136177 -0.300195068 0.383523822
1403636679363555584.000000 -0.859522104 -4.626204014 0.941054344 0.878843188 0.027092883 -0.298900694 0.370889544
1403636679413555456.000000 -0.863556683 -4.625731468 0.927360535 0.883759618 0.024459586 -0.299508721 0.358699381
1403636679463555584.000000 -0.865328550 -4.625697136 0.912912369 0.888379574 0.022616245 -0.300482243 0.346382469
1403636679513555456.000000 -0.865742683 -4.622191429 0.899691582 0.892098963 0.021607170 -0.302717745 0.334745586
1403636679563555584.000000 -0.864945233 -4.620084763 0.885521889 0.894971967 0.020863477 -0.305186927 0.324732095
1403636679613555456.000000 -0.861662924 -4.616313934 0.873496771 0.897469699 0.019456159 -0.306947351 0.316153288
1403636679663555584.000000 -0.857431412 -4.613113403 0.862695456 0.898857534 0.017988572 -0.310152084 0.309091121
1403636679713555456.000000 -0.850491107 -4.608994961 0.852683067 0.900020123 0.017805845 -0.312656611 0.303137839
1403636679763555584.000000 -0.841149449 -4.604406834 0.842770100 0.900922835 0.019940211 -0.314352363 0.298534870
1403636679813555456.000000 -0.829306722 -4.600234985 0.834340096 0.902807534 0.022479793 -0.312262893 0.294830769
1403636679863555584.000000 -0.814750910 -4.594005585 0.825159311 0.904341936 0.025807967 -0.309766114 0.292480230
1403636679913555456.000000 -0.798480332 -4.589372158 0.815132141 0.905694246 0.032398507 -0.307067692 0.290478557
1403636679963555584.000000 -0.780412912 -4.585836411 0.804809332 0.905706644 0.036545862 -0.307433128 0.289559692
1403636680013555456.000000 -0.760941267 -4.580543518 0.793894291 0.904885828 0.044368304 -0.308890730 0.289481670
1403636680063555584.000000 -0.739851773 -4.572155952 0.783223152 0.903710365 0.052306704 -0.310825616 0.289757073
1403636680113555456.000000 -0.718444884 -4.563488007 0.772945881 0.902426302 0.061610207 -0.312446535 0.290186554
1403636680163555584.000000 -0.698924959 -4.552002907 0.762850761 0.901445091 0.066066064 -0.313590109 0.291021258
1403636680213555456.000000 -0.680338323 -4.537307262 0.754837990 0.901491582 0.065346055 -0.313018411 0.291654348
1403636680263555584.000000 -0.661813557 -4.519670963 0.745481253 0.902159393 0.066059746 -0.310304493 0.292328030
1403636680313555456.000000 -0.646308482 -4.501255989 0.736733437 0.901389241 0.069795854 -0.310600519 0.293518960
1403636680363555584.000000 -0.633185863 -4.480719566 0.729787827 0.899121463 0.074994154 -0.314612240 0.294916600
1403636680413555456.000000 -0.621691287 -4.457120895 0.721982956 0.896683693 0.078488611 -0.319090068 0.296613544
1403636680463555584.000000 -0.611264825 -4.430455685 0.714194775 0.894724786 0.080423117 -0.322639614 0.298166722
1403636680513555456.000000 -0.588124871 -4.355576515 0.735537529 0.892510533 0.081150256 -0.326113731 0.300814748
1403636680563555584.000000 -0.581204116 -4.323605537 0.725502491 0.891766071 0.078785546 -0.327305794 0.302352667
1403636680613555456.000000 -0.575991154 -4.292006493 0.716614485 0.892041624 0.074957870 -0.326218873 0.303684801
1403636680663555584.000000 -0.587090194 -4.302850723 0.673269749 0.892282665 0.073660284 -0.325447440 0.304121435
1403636680713555456.000000 -0.584378183 -4.262325764 0.665644646 0.892260492 0.068857230 -0.325545698 0.305204928
1403636680763555584.000000 -0.586427391 -4.220084190 0.655881166 0.892936707 0.058968980 -0.324508995 0.306399405
1403636680813555456.000000 -0.589299440 -4.178486347 0.647220612 0.893873513 0.048809279 -0.322792023 0.307267368
1403636680863555584.000000 -0.590546608 -4.133046627 0.637058020 0.894838691 0.036532294 -0.320929170 0.308112919
1403636680913555456.000000 -0.593935251 -4.089588165 0.626290083 0.894992173 0.023565687 -0.321018636 0.308837831
1403636680963555584.000000 -0.603030562 -4.052241325 0.614201784 -0.893469632 -0.013686991 0.325301468 -0.309360266
1403636681013555456.000000 -0.610502839 -4.011826515 0.602649212 -0.891010344 -0.008819550 0.331520796 -0.310027182
1403636681063555584.000000 -0.618310153 -3.969425440 0.592614651 -0.888308406 -0.005440905 0.338405132 -0.310419977
1403636681113555456.000000 -0.612052262 -3.883654833 0.611126900 -0.885473728 -0.004337688 0.344670624 -0.311640352
1403636681163555584.000000 -0.622106612 -3.843815327 0.599987745 -0.885010719 -0.006468596 0.345752954 -0.311719567
1403636681213555456.000000 -0.646588326 -3.849572659 0.558233023 -0.886613667 -0.014332804 0.342519969 -0.310468823
1403636681263555584.000000 -0.655549467 -3.811768770 0.543510675 -0.888847589 -0.022068499 0.336787552 -0.309898585
1403636681313555456.000000 -0.650471270 -3.729296207 0.555274963 0.890493989 0.025714407 -0.331759036 0.310314596
1403636681363555584.000000 -0.657200396 -3.686596394 0.533329964 0.892543137 0.028929204 -0.326174110 0.310065180
1403636681413555456.000000 -0.678543687 -3.699072599 0.490225315 0.894944012 0.030470911 -0.321006447 0.308385789
1403636681463555584.000000 -0.666731894 -3.609913826 0.497037411 0.895998716 0.028693913 -0.317791760 0.308822483
1403636681513555456.000000 -0.672275186 -3.579396248 0.483665705 0.896998167 0.028175849 -0.315655082 0.308159649
1403636681563555584.000000 -0.674064040 -3.536376953 0.462815046 0.897364795 0.028288625 -0.315539658 0.307198673
1403636681613555456.000000 -0.673738658 -3.495499611 0.439918280 0.897070825 0.030826109 -0.316749930 0.306566864
1403636681663555584.000000 -0.693843365 -3.506099463 0.397231817 0.897613168 0.032786220 -0.316637367 0.304887742
1403636681713555456.000000 -0.684601009 -3.424275875 0.411777973 0.897311449 0.033586431 -0.317340791 0.304957300
1403636681763555584.000000 -0.689944029 -3.380129099 0.392640114 0.897485554 0.034586240 -0.317318976 0.304355532
1403636681813555456.000000 -0.696773767 -3.338824272 0.375638962 0.897750974 0.035212543 -0.317241371 0.303580612
1403636681863555584.000000 -0.703169942 -3.296737194 0.358378887 0.898241401 0.035023734 -0.316635251 0.302783608
1403636681913555456.000000 -0.706487536 -3.248859406 0.337362766 0.898862422 0.034947973 -0.315642267 0.301985264
1403636681963555584.000000 -0.711865306 -3.210325718 0.322188139 0.899338186 0.033713739 -0.315261096 0.301105857
1403636682013555456.000000 -0.713746369 -3.166298628 0.302466154 0.899741411 0.032311637 -0.314934671 0.300395846
1403636682063555584.000000 -0.713496506 -3.121433258 0.282274485 0.900085211 0.030385830 -0.314739704 0.299770504
1403636682113555456.000000 -0.711241186 -3.075613022 0.262182474 0.900498509 0.029485760 -0.314209014 0.299175203
1403636682163555584.000000 -0.708075821 -3.029152632 0.242283106 0.900662720 0.028015494 -0.314259052 0.298769325
1403636682213555456.000000 -0.705300152 -2.982395649 0.223000050 0.900003791 0.026033627 -0.316546679 0.298519343
1403636682263555584.000000 -0.703821182 -2.935583115 0.204461813 0.899044693 0.022781225 -0.319430113 0.298603714
1403636682313555456.000000 -0.704137087 -2.888829231 0.186723948 0.897151530 0.020404814 -0.324658543 0.298830599
1403636682363555584.000000 -0.706031561 -2.842369080 0.169178009 -0.895282149 -0.017231110 0.329607755 -0.299218714
1403636682413555456.000000 -0.708925903 -2.796545982 0.151403189 -0.894134939 -0.015590183 0.332327217 -0.299730331
1403636682463555584.000000 -0.712062955 -2.751465321 0.133213282 -0.894571602 -0.016225759 0.330666751 -0.300229907
1403636682513555456.000000 -0.715927601 -2.706965446 0.115040302 -0.895346105 -0.019611180 0.327585727 -0.301095396
1403636682563555584.000000 -0.713755190 -2.656481743 0.078419924 0.896189094 0.023168657 -0.324315250 0.301874012
1403636682613555456.000000 -0.719405115 -2.611777544 0.058894873 0.896958768 0.026337041 -0.321428537 0.302415520
1403636682663555584.000000 -0.725969315 -2.566884041 0.039461374 0.897556365 0.028787505 -0.318592489 0.303418458
1403636682713555456.000000 -0.732433558 -2.521540165 0.019729137 0.898239374 0.028363442 -0.316046834 0.304098576
1403636682763555584.000000 -0.737706542 -2.475976706 -0.000633478 0.898905039 0.027977217 -0.313353926 0.304953218
1403636682813555456.000000 -0.741321802 -2.430008888 -0.021264076 0.899387121 0.028370634 -0.310865670 0.306040138
1403636682863555584.000000 -0.743713021 -2.383750677 -0.042548895 0.899373531 0.030893367 -0.310112089 0.306599677
1403636682913555456.000000 -0.744737744 -2.337029457 -0.063960314 0.898597658 0.033714514 -0.310814023 0.307863981
1403636682963555584.000000 -0.744187832 -2.289294004 -0.085887909 0.897980392 0.036318388 -0.311675578 0.308497310
1403636683013555456.000000 -0.742735863 -2.240656614 -0.107906342 0.897238076 0.039367348 -0.313193053 0.308746278
1403636683063555584.000000 -0.741745114 -2.191332817 -0.130300283 0.897487938 0.040026788 -0.312159777 0.308981657
1403636683113555456.000000 -0.605442584 -1.910795450 0.221463919 0.897429764 0.039102584 -0.312842786 0.308577806
1403636683163555584.000000 -0.601454496 -1.855482817 0.227556825 0.897766531 0.037025422 -0.312645406 0.308053941
1403636683213555456.000000 -0.597281992 -1.793906689 0.231359601 0.897734284 0.034292020 -0.313490808 0.307604879
1403636683263555584.000000 -0.593920112 -1.731601238 0.236261010 0.897844374 0.032662790 -0.313756943 0.307189226
1403636683313555456.000000 -0.591477394 -1.668462038 0.242281675 0.898189187 0.030742910 -0.313783973 0.306350887
1403636683363555584.000000 -0.589764833 -1.604848862 0.249391079 0.898465395 0.029140323 -0.313872814 0.305605382
1403636683413555456.000000 -0.588740349 -1.540861726 0.257701397 0.898692548 0.028239600 -0.314062715 0.304826111
1403636683463555584.000000 -0.588513553 -1.476498604 0.266974211 0.899002492 0.026637554 -0.314290971 0.303819478
1403636683513555456.000000 -0.588564873 -1.412057638 0.277173877 0.899111986 0.026908964 -0.314529240 0.303224325
1403636683563555584.000000 -0.589000106 -1.347371936 0.288400292 0.899386406 0.026348773 -0.314359039 0.302635580
1403636683613555456.000000 -0.590040505 -1.282362223 0.300940871 0.899044037 0.025763301 -0.315811843 0.302190453
1403636683663555584.000000 -0.591559172 -1.217067242 0.314457655 0.898648500 0.024221634 -0.317627847 0.301590621
1403636683713555456.000000 -0.592608809 -1.151526332 0.328602791 0.898015559 0.022968844 -0.319962323 0.301105797
1403636697363555584.000000 -0.209205776 -0.376506537 -0.197019994 0.906050622 0.052135598 -0.325059056 0.265877426
1403636697413555456.000000 -0.201783359 -0.363140851 -0.199475050 0.906483114 0.045551840 -0.324915737 0.265787959
1403636697463555584.000000 -0.196885794 -0.347625524 -0.199239731 0.906746745 0.038817346 -0.325191855 0.265619904
1403636697513555456.000000 -0.178934187 -0.328548014 -0.212118447 0.905818820 0.033293456 -0.327676743 0.266480327
1403636697563555584.000000 -0.170731932 -0.306008220 -0.220548034 0.904817641 0.031153874 -0.328074098 0.269632936
1403636697613555456.000000 -0.156715289 -0.306648344 -0.223252416 0.904194713 0.030018430 -0.328063458 0.271855414
1403636697663555584.000000 -0.152353287 -0.264793396 -0.240786999 0.902538300 0.031693842 -0.326965868 0.278412282
1403636697713555456.000000 -0.140851647 -0.271732301 -0.232068390 0.900346696 0.030786043 -0.326202750 0.286391169
1403636697763555584.000000 -0.138453096 -0.257486433 -0.231129885 0.897070527 0.030199436 -0.326551229 0.296170294
1403636697813555456.000000 -0.129042760 -0.220577165 -0.250587344 0.893882394 0.030206166 -0.324964941 0.307343006
1403636697863555584.000000 -0.128147855 -0.228750348 -0.238106102 0.891165555 0.029453360 -0.323486149 0.316722661
1403636697913555456.000000 -0.128141224 -0.213049471 -0.247271687 0.888103127 0.028841890 -0.322195858 0.326543897
1403636697963555584.000000 -0.123523645 -0.141878963 -0.284350514 0.885453582 0.028663130 -0.319887996 0.335889935
1403636698013555456.000000 -0.123020343 -0.126454324 -0.286377013 0.883359909 0.027243299 -0.318809390 0.342481554
1403636698063555584.000000 -0.126238495 -0.151781529 -0.261566162 0.881312609 0.027480045 -0.318028837 0.348411560
1403636698113555456.000000 -0.121197522 -0.141702607 -0.264960647 0.879771650 0.024379106 -0.317572147 0.352924347
1403636698163555584.000000 -0.138491511 -0.131340966 -0.265333593 0.879067183 0.024631215 -0.315663785 0.356357306
1403636698213555456.000000 -0.139565021 -0.029624701 -0.322067767 0.877509117 0.024698040 -0.313900530 0.361710191
1403636698263555584.000000 -0.141375348 -0.014449716 -0.328097939 0.875700593 0.023684133 -0.313250244 0.366690487
1403636698313555456.000000 -0.144270867 0.001136422 -0.330142438 0.873182654 0.024607679 -0.313004583 0.372793168
1403636698363555584.000000 -0.150243670 0.016195089 -0.338551402 0.870391607 0.025014944 -0.311708868 0.380303025
1403636698413555456.000000 -0.156640187 0.032664418 -0.339106649 0.866990626 0.025090899 -0.311218709 0.388382077
1403636698463555584.000000 -0.183752805 0.082223296 -0.355306000 0.863032639 0.024385286 -0.309748858 0.398291022
1403636698513555456.000000 -0.188761681 0.095294774 -0.360863775 0.858728826 0.024400739 -0.309212893 0.407893270
1403636698563555584.000000 -0.194267273 0.113252640 -0.362882435 0.854234695 0.024729246 -0.308260053 0.417908341
1403636698613555456.000000 -0.206944585 0.136192203 -0.365413606 0.849501431 0.024722913 -0.305953234 0.429102212
1403636698663555584.000000 -0.205855936 0.162193000 -0.376390219 0.843604624 0.022777636 -0.304905534 0.441412538
1403636698713555456.000000 -0.244744793 0.199889719 -0.385756135 0.838568985 0.021100789 -0.301028013 0.453584701
1403636698763555584.000000 -0.250935972 0.213288665 -0.389457047 0.832530379 0.018783046 -0.298843265 0.466082662
1403636698813555456.000000 -0.261876971 0.235789895 -0.396370888 0.825933337 0.018430792 -0.296813488 0.478953272
1403636698863555584.000000 -0.243504122 0.264098287 -0.392330438 0.819548726 0.014923302 -0.294653237 0.491219550
1403636698913555456.000000 -0.277327329 0.269896507 -0.401321799 0.812881947 0.014846559 -0.290589958 0.504539371
1403636698963555584.000000 -0.331215918 0.294005036 -0.420855075 0.806331933 0.014116470 -0.285878688 0.517593503
1403636699013555456.000000 -0.337877631 0.308015943 -0.426714063 0.799925268 0.012350867 -0.282570601 0.529264510
1403636699063555584.000000 -0.343259871 0.326189399 -0.435157567 0.793094635 0.010993969 -0.279046893 0.541306496
1403636699113555456.000000 -0.349908382 0.337058425 -0.442375958 0.786447227 0.008832810 -0.274053693 0.553459525
1403636699163555584.000000 -0.348291337 0.361076266 -0.444174767 0.780322373 0.005006171 -0.268244267 0.564904451
1403636699213555456.000000 -0.386840850 0.390974760 -0.470381767 0.772316337 0.002576255 -0.262681812 0.578376353
1403636699263555584.000000 -0.392211318 0.398271769 -0.475654006 0.764529824 -0.002049829 -0.257072061 0.591104090
1403636699313555456.000000 -0.384857893 0.417873442 -0.479363889 0.756427526 -0.006958928 -0.252923757 0.603157163
1403636699363555584.000000 -0.387117416 0.433491409 -0.491779417 0.747715354 -0.009029360 -0.248644724 0.615642786
1403636699413555456.000000 -0.386143059 0.443697572 -0.494397640 0.739874244 -0.013249923 -0.243934482 0.626822650
1403636699463555584.000000 -0.406060278 0.472288191 -0.524782658 0.731188715 -0.013873314 -0.240136281 0.638361335
1403636699513555456.000000 -0.404081762 0.485825062 -0.530298352 0.723030567 -0.015060874 -0.236731559 0.648812890
1403636699563555584.000000 -0.407592714 0.501647830 -0.537324786 -0.714973092 0.016912794 0.232307568 -0.659212172
1403636699613555456.000000 -0.413133204 0.508112192 -0.547274292 0.706999958 -0.018464776 -0.227748156 0.669283867
1403636699663555584.000000 -0.419437468 0.518917143 -0.552661538 0.698958278 -0.019891137 -0.222874731 0.679255843
1403636699713555456.000000 -0.421159029 0.527487874 -0.554029405 0.690715969 -0.019347653 -0.218707517 0.688987792
1403636699763555584.000000 -0.419815034 0.537631392 -0.552026272 0.682718575 -0.016500998 -0.217498377 0.697364688
1403636699813555456.000000 -0.425000012 0.548126698 -0.550269485 -0.675422668 0.011914074 0.216591612 -0.704805195
1403636699863555584.000000 -0.439073086 0.551625371 -0.554322600 0.669652581 -0.007289337 -0.214609981 0.710953474
1403636699913555456.000000 -0.444286406 0.561862171 -0.550957024 -0.665451229 0.004171135 0.212320253 -0.715595901
1403636699963555584.000000 -0.449495971 0.573981583 -0.549569666 0.662681818 -0.002685111 -0.209372804 0.719033122
1403636700013555456.000000 -0.456241012 0.581902444 -0.545471728 0.660360873 -0.002488349 -0.207695857 0.721650720
1403636700063555584.000000 -0.463433236 0.591849089 -0.539681971 -0.658755302 0.002201090 0.206610322 -0.723428607
1403636700113555456.000000 -0.473803163 0.595398962 -0.535238385 0.658298492 -0.002657005 -0.204959646 0.724311769
1403636700163555584.000000 -0.482017785 0.605888665 -0.527202427 0.657400668 -0.001865779 -0.204377428 0.725293636
1403636700213555456.000000 -0.490617990 0.615238070 -0.518514752 -0.657197058 0.001843474 0.203942001 -0.725600660
1403636700263555584.000000 -0.486561775 0.604105353 -0.505130112 0.657127321 -0.003076725 -0.204332665 0.725549757
1403636700313555456.000000 -0.497291625 0.614612699 -0.493178725 0.655436575 -0.004885366 -0.204192817 0.727106869
1403636700363555584.000000 -0.509989023 0.615924358 -0.482633352 0.653277636 -0.007950576 -0.203025416 0.729346156
1403636700413555456.000000 -0.522796273 0.625755787 -0.467361987 0.650232494 -0.010030446 -0.201136261 0.732558131
1403636700463555584.000000 -0.537797928 0.630401969 -0.451813400 0.646642506 -0.008176347 -0.199299321 0.736251652
1403636700513555456.000000 -0.551793516 0.639182150 -0.433915913 0.643862545 -0.005302819 -0.196966156 0.739335656
1403636700563555584.000000 -0.567932129 0.641292334 -0.415691078 0.640498459 -0.001523133 -0.195637286 0.742620647
1403636700613555456.000000 -0.582054555 0.649678230 -0.395740688 0.636586070 0.002703183 -0.193526968 0.746524096
1403636700663555584.000000 -0.595778823 0.641509831 -0.384059787 0.631264865 0.006484151 -0.193004519 0.751140475
1403636700713555456.000000 -0.610417843 0.650202036 -0.362391055 0.626328170 0.008707331 -0.191049397 0.755736351
1403636700763555584.000000 -0.624601960 0.655119896 -0.341910839 0.622018337 0.011059468 -0.189919263 0.759540379
1403636700813555456.000000 -0.636342585 0.664555967 -0.320894957 0.618115842 0.011886772 -0.189853221 0.762723625
1403636700863555584.000000 -0.647407889 0.670034766 -0.301740289 0.614622355 0.010290407 -0.190915689 0.765300393
1403636700913555456.000000 -0.655736148 0.679828823 -0.281836510 0.611767232 0.008886193 -0.192114517 0.767303050
1403636700963555584.000000 -0.663099051 0.679806948 -0.268927872 0.609282136 0.006497351 -0.194353983 0.768739045
1403636701013555456.000000 -0.668136120 0.689290285 -0.250071466 0.607720196 0.004034162 -0.195849061 0.769612312
1403636701063555584.000000 -0.672033310 0.698686242 -0.234605491 0.606029093 0.000705446 -0.198952392 0.770159900
1403636701113555456.000000 -0.673294365 0.707491875 -0.217338920 0.604960799 -0.003259753 -0.201981410 0.770204782
1403636701163555584.000000 -0.672350705 0.712951362 -0.203335047 0.604580939 -0.003755145 -0.204401523 0.769862235
1403636701213555456.000000 -0.668429852 0.719282269 -0.187481344 0.604550481 -0.005229823 -0.206903890 0.769208848
1403636701263555584.000000 -0.662504673 0.716762424 -0.178435922 0.605339170 -0.005749585 -0.207687408 0.768373251
1403636701313555456.000000 -0.654800832 0.721973598 -0.164211333 0.605889440 -0.006214780 -0.209455356 0.767455518
1403636701363555584.000000 -0.647494674 0.714953542 -0.154009879 0.607161164 -0.006128092 -0.209133402 0.766538322
1403636701413555456.000000 -0.638039529 0.718145192 -0.140080392 0.608442307 -0.003887275 -0.209214166 0.765514433
1403636701463555584.000000 -0.627850294 0.724036217 -0.127059162 0.610319078 -0.001226766 -0.207938462 0.764376104
1403636701513555456.000000 -0.617456555 0.725307167 -0.113821864 0.612323642 0.002910722 -0.205936730 0.763309538
1403636701563555584.000000 -0.609014750 0.712079167 -0.105145276 0.614607692 0.006285079 -0.204234675 0.761909544
1403636701613555456.000000 -0.599341393 0.712687135 -0.091942549 0.616458058 0.008698074 -0.203390852 0.760615587
1403636701663555584.000000 -0.590929985 0.709390044 -0.080257177 0.617955685 0.011501852 -0.203283057 0.759390831
1403636701713555456.000000 -0.582182288 0.709299564 -0.067273974 0.618598282 0.012702780 -0.201980799 0.759195983
1403636701763555584.000000 -0.575219274 0.705553055 -0.054397583 0.617850184 0.012597159 -0.200773045 0.760126829
1403636701813555456.000000 -0.569154859 0.705391467 -0.040001571 0.615508258 0.011261209 -0.199388221 0.762408793
1403636701863555584.000000 -0.565831661 0.699066579 -0.026437938 0.611285388 0.011193334 -0.198567614 0.766012967
1403636701913555456.000000 -0.562571287 0.699004114 -0.010387123 0.606567085 0.009025121 -0.196101308 0.770415008
1403636701963555584.000000 -0.563397646 0.697724938 0.004139304 0.600522816 0.008978575 -0.193056569 0.775900126
1403636702013555456.000000 -0.562305570 0.698045015 0.020808339 0.593866348 0.007904436 -0.190063447 0.781752050
1403636702063555584.000000 -0.561180770 0.691872239 0.035114378 0.586604536 0.007061333 -0.186570272 0.788058937
1403636702113555456.000000 -0.562579811 0.692649662 0.053037614 0.578501642 0.006724691 -0.181985810 0.795092404
1403636702163555584.000000 -0.566820979 0.691655517 0.074647278 0.570026636 0.006858090 -0.177339822 0.802230120
1403636702213555456.000000 -0.570336878 0.691959262 0.093940794 0.561712623 0.006407527 -0.174056560 0.808790565
1403636702263555584.000000 -0.575170100 0.691977501 0.114000022 -0.554318607 -0.005522158 0.172012731 -0.814316928
1403636702313555456.000000 -0.583006620 0.688948989 0.131315947 0.547338903 0.003904018 -0.171786696 0.819081306
1403636702363555584.000000 -0.589593649 0.689126790 0.151908278 0.541324258 0.002939021 -0.172154874 0.822995842
1403636702413555456.000000 -0.598771930 0.687271416 0.172861844 0.535763860 0.003347348 -0.173657492 0.826310515
1403636702463555584.000000 -0.607253551 0.686456561 0.193648800 0.530812383 0.002154408 -0.174851179 0.829253078
1403636702513555456.000000 -0.618296564 0.682822287 0.213801056 0.526800632 0.002534664 -0.176140189 0.831534326
1403636702563555584.000000 -0.629088998 0.680555224 0.234583735 0.523908257 0.002532206 -0.176834270 0.833212733
1403636702613555456.000000 -0.641704798 0.676662743 0.255131006 -0.521100938 -0.001522856 0.178253412 -0.834671915
1403636702663555584.000000 -0.655048966 0.672362924 0.276129693 -0.518919885 -0.000333234 0.180021510 -0.835652113
1403636702713555456.000000 -0.670464456 0.664710999 0.296113700 0.517258108 0.000380910 -0.181656703 0.836328149
1403636702763555584.000000 -0.685766041 0.658446133 0.316928387 0.516705930 -0.000786377 -0.181498870 0.836703420
1403636702813555456.000000 -0.701551676 0.651060283 0.340823323 0.515980065 -0.001751288 -0.183689088 0.836671889
1403636702863555584.000000 -0.718475997 0.641260624 0.361613154 0.515603781 -0.002596819 -0.184773371 0.836662948
1403636702913555456.000000 -0.735306442 0.630850613 0.381357312 0.515606761 -0.003913577 -0.185075343 0.836589217
1403636702963555584.000000 -0.750021815 0.618717074 0.400630534 0.516064882 -0.003598211 -0.185009122 0.836322725
1403636703013555456.000000 -0.764357209 0.606270075 0.422637701 0.517344117 -0.003537349 -0.182320431 0.836123109
1403636703063555584.000000 -0.775696158 0.592269599 0.440419018 0.518591225 -0.002263990 -0.180032849 0.835850596
1403636703113555456.000000 -0.784948111 0.577932000 0.459208488 0.520854652 -0.001833663 -0.174917668 0.835530341
1403636703163555584.000000 -0.791701734 0.562358618 0.475277364 0.524063647 0.000124467 -0.167340428 0.835077524
1403636703213555456.000000 -0.798177183 0.547625303 0.484582901 0.526769102 0.000206173 -0.161283135 0.834566951
1403636703263555584.000000 -0.801594973 0.531490803 0.499943078 0.529497087 -0.000419148 -0.154040664 0.834208727
1403636703313555456.000000 -0.803474784 0.518415809 0.517894864 0.532002687 -0.000802862 -0.148093715 0.833691061
1403636703363555584.000000 -0.803568780 0.504066229 0.533711016 0.532909214 0.000658478 -0.146251902 0.833437383
1403636703413555456.000000 -0.801532328 0.491593480 0.550372660 0.532155514 0.003874713 -0.148504332 0.833511889
1403636703463555584.000000 -0.798041224 0.479194075 0.566823363 0.530274153 0.006520780 -0.154082313 0.833681941
1403636703513555456.000000 -0.789624929 0.464734793 0.593328416 0.528411806 0.008738728 -0.160750821 0.833584964
1403636703563555584.000000 -0.782860875 0.453727067 0.609262526 0.526674211 0.010640662 -0.165813401 0.833670795
1403636703613555456.000000 -0.774828911 0.449871212 0.616880238 0.525724292 0.009805695 -0.169415712 0.833556354
1403636703663555584.000000 -0.766182005 0.439152956 0.632043540 0.525375307 0.008884217 -0.171532080 0.833353877
1403636703713555456.000000 -0.758287311 0.428706616 0.647062480 -0.525357366 -0.008234478 0.172698453 -0.833130956
1403636703763555584.000000 -0.748470306 0.415339023 0.665633082 0.526355743 0.008420007 -0.171680793 0.832709134
1403636703813555456.000000 -0.742779732 0.404587477 0.680921197 0.527681530 0.008707617 -0.169478491 0.832318187
1403636703863555584.000000 -0.736372471 0.387582690 0.704649806 0.529250681 0.009038812 -0.166659117 0.831887484
1403636703913555456.000000 -0.732867241 0.377098978 0.720065057 0.531113386 0.009071824 -0.163882330 0.831251442
1403636703963555584.000000 -0.730494618 0.367196858 0.735799551 -0.532048404 -0.009330016 0.162864327 -0.830850661
1403636704013555456.000000 -0.728546560 0.351892084 0.754404485 0.533921778 0.008308368 -0.160654798 0.830089509
1403636704063555584.000000 -0.728207886 0.342796415 0.770781815 0.535251439 0.007866884 -0.159341469 0.829490423
1403636704113555456.000000 -0.728827715 0.334239334 0.787826419 -0.535654366 -0.006335892 0.160380498 -0.829043090
1403636704163555584.000000 -0.730779052 0.326075226 0.805528164 -0.535465717 -0.004580290 0.162957266 -0.828673959
1403636704213555456.000000 -0.731994569 0.317747772 0.824501753 0.534636796 0.002725987 -0.166618094 0.828489244
1403636704263555584.000000 -0.735191345 0.309483260 0.843201518 0.533845484 0.000981641 -0.170114130 0.828293025
1403636704313555456.000000 -0.737217426 0.300092280 0.862718642 -0.533151269 -0.000459321 0.173355162 -0.828068554
1403636704363555584.000000 -0.737570703 0.282398522 0.885238111 0.532760084 -0.000002896 -0.176277295 0.827703476
1403636704413555456.000000 -0.735912502 0.272238761 0.903319597 0.532856822 -0.001298513 -0.177266285 0.827428937
1403636704463555584.000000 -0.731791794 0.260400772 0.920929253 0.532074869 -0.001841138 -0.180285528 0.827278733
1403636704513555456.000000 -0.725834250 0.249012738 0.937613308 0.531242311 -0.002560551 -0.183243945 0.827161908
1403636704563555584.000000 -0.717318118 0.230614871 0.955818474 0.530793130 -0.004356589 -0.184829682 0.827089965
1403636704613555456.000000 -0.709280074 0.217493504 0.971567035 0.530395806 -0.005487486 -0.186722502 0.826912880
1403636704663555584.000000 -0.701547086 0.202575326 0.987430453 -0.529819846 0.006492120 0.188240960 -0.826930523
1403636704713555456.000000 -0.696801186 0.191110164 1.002695560 0.528534710 -0.008884843 -0.192120031 0.826838613
1403636704763555584.000000 -0.692461610 0.174418390 1.019738197 0.528071225 -0.010409417 -0.194626480 0.826530755
1403636704813555456.000000 -0.690973520 0.155395329 1.037973523 0.527806282 -0.013544876 -0.196456850 0.826221406
1403636704863555584.000000 -0.690035462 0.135261089 1.056212783 0.527556837 -0.016747687 -0.198477790 0.825838923
1403636704913555456.000000 -0.689434946 0.113560975 1.074929953 -0.527787387 0.019451680 0.200017706 -0.825260580
1403636704963555584.000000 -0.690982401 0.089396358 1.096570134 0.527712226 -0.021578290 -0.202285379 0.824702919
1403636705013555456.000000 -0.692680180 0.063685089 1.116448283 0.527490735 -0.022621812 -0.204173386 0.824351311
1403636705063555584.000000 -0.694547296 0.035227597 1.136973262 -0.527300775 0.021670267 0.206032962 -0.824035704
1403636705113555456.000000 -0.696040511 0.005127609 1.157755971 0.528637350 -0.017463140 -0.203707904 0.823857188
1403636705163555584.000000 -0.697195470 -0.027430624 1.178025246 0.530614197 -0.009788147 -0.199568972 0.823726356
1403636705213555456.000000 -0.695380688 -0.062719375 1.195621848 -0.532063305 0.001180163 0.195747882 -0.823765755
1403636705263555584.000000 -0.695806324 -0.096706003 1.216956496 0.533929765 0.005369140 -0.192746326 0.823249102
1403636705313555456.000000 -0.692871273 -0.133134007 1.234556556 0.534944117 0.009255070 -0.190404475 0.823100984
1403636705363555584.000000 -0.689746618 -0.169975847 1.251503110 -0.535760105 -0.011718627 0.188566670 -0.822961986
1403636705413555456.000000 -0.686052263 -0.206855029 1.267457485 0.535527289 0.010199685 -0.189443976 0.822932303
1403636705463555584.000000 -0.682059228 -0.244717181 1.282787561 0.535098553 0.007804984 -0.190092832 0.823087752
1403636705513555456.000000 -0.679599583 -0.281994462 1.296578884 -0.534126401 -0.004287322 0.191891119 -0.823327661
1403636705563555584.000000 -0.677455425 -0.319954515 1.313333273 0.533339024 0.001674419 -0.194163501 0.823314786
1403636705613555456.000000 -0.677464962 -0.359733939 1.328222632 0.533068180 -0.000050603 -0.194342375 0.823449671
1403636705663555584.000000 -0.679050803 -0.400626093 1.343913794 -0.532341480 0.001129601 0.195210770 -0.823713601
1403636705713555456.000000 -0.680726767 -0.441515207 1.360179186 0.532807887 0.000301898 -0.193612888 0.823789895
1403636705763555584.000000 -0.683559656 -0.484893441 1.376063108 0.533486605 0.001843949 -0.191138417 0.823926508
1403636705813555456.000000 -0.686297655 -0.529277563 1.391291857 -0.534986377 -0.003134133 0.187396079 -0.823809803
1403636705863555584.000000 -0.688570678 -0.576277494 1.407362700 0.536542356 0.005471248 -0.183303729 0.823706388
1403636705913555456.000000 -0.688761830 -0.621415555 1.421584249 0.538827419 0.006109934 -0.177366510 0.823510051
1403636705963555584.000000 -0.686921299 -0.666620255 1.435140133 -0.541227818 -0.006130243 0.171523869 -0.823173404
1403636706013555456.000000 -0.682869196 -0.704572856 1.448894382 0.544599354 0.004208620 -0.164276063 0.822439849
1403636706063555584.000000 -0.677316904 -0.748155713 1.461257458 0.547571480 0.001437319 -0.157817364 0.821740270
1403636706113555456.000000 -0.670072496 -0.791586936 1.474626303 -0.550047815 -0.000599778 0.152049974 -0.821174741
1403636706163555584.000000 -0.664335966 -0.831144750 1.490143418 0.550360382 0.003481797 -0.153034359 0.820775211
1403636706213555456.000000 -0.658711195 -0.872552276 1.506028652 0.549240828 0.007986650 -0.157855004 0.820580661
1403636706263555584.000000 -0.655003726 -0.913581371 1.523572922 -0.547954977 -0.010702656 0.162989542 -0.820405483
1403636706313555456.000000 -0.654565632 -0.950034738 1.541983962 0.546103060 0.014296308 -0.169934705 0.820176363
1403636706363555584.000000 -0.654796481 -0.989606738 1.560483336 0.544569552 0.015518161 -0.175769389 0.819944143
1403636706413555456.000000 -0.656177044 -1.027915955 1.578302860 -0.543146491 -0.016634518 0.180812672 -0.819769502
1403636706463555584.000000 -0.659878969 -1.063550949 1.598042011 0.542082369 0.016509065 -0.185078412 0.819524348
1403636706513555456.000000 -0.660614610 -1.102562189 1.614974976 0.541223764 0.016658105 -0.188017279 0.819419861
1403636706563555584.000000 -0.660710573 -1.141270876 1.631070256 -0.540190518 -0.016075986 0.190215275 -0.819605947
1403636706613555456.000000 -0.660049975 -1.176100016 1.646975040 0.540201724 0.015367732 -0.190852389 0.819464028
1403636706663555584.000000 -0.657308161 -1.215032101 1.660530329 0.539340198 0.014685539 -0.192102924 0.819751799
1403636706713555456.000000 -0.653530836 -1.255290031 1.673483729 -0.538643241 -0.012933780 0.193543464 -0.819900692
1403636706763555584.000000 -0.647470415 -1.295050621 1.686046481 0.538158417 0.009729905 -0.193786085 0.820205986
1403636706813555456.000000 -0.640663683 -1.336125612 1.696590900 0.536834002 0.007564338 -0.195584029 0.820669830
1403636706863555584.000000 -0.632996380 -1.377260923 1.706694961 -0.535676718 -0.005922403 0.196301028 -0.821268201
1403636706913555456.000000 -0.625824153 -1.417515039 1.716865420 0.535125196 0.004765121 -0.195510700 0.821823597
1403636706963555584.000000 -0.616724432 -1.460616589 1.725567937 0.533948720 0.005117483 -0.195370123 0.822619677
1403636707013555456.000000 -0.607653975 -1.503676653 1.733357072 -0.533727586 -0.007046287 0.193098038 -0.823285103
1403636707063555584.000000 -0.597820342 -1.540542722 1.742089868 0.533277154 0.009676312 -0.191685766 0.823880076
1403636707113555456.000000 -0.588615119 -1.584938526 1.749114513 0.532695889 0.011542202 -0.189775690 0.824673891
1403636707163555584.000000 -0.580133796 -1.628849030 1.755790472 -0.531543255 -0.011850498 0.189160287 -0.825554252
1403636707213555456.000000 -0.571110666 -1.673932076 1.763559222 0.529905200 0.011581768 -0.189010546 0.826644719
1403636707263555584.000000 -0.561526537 -1.718942881 1.768984318 0.528364539 0.011563159 -0.189061865 0.827618837
1403636707313555456.000000 -0.550170302 -1.764204979 1.773398399 -0.526568055 -0.011438568 0.190153077 -0.828514934
1403636707363555584.000000 -0.537068248 -1.805966020 1.777975321 0.525418460 0.010830843 -0.190329581 0.829212248
1403636707413555456.000000 -0.522710919 -1.852347016 1.779642105 0.524506032 0.009930613 -0.190244913 0.829820275
1403636707463555584.000000 -0.505601168 -1.900759697 1.780919313 -0.523576260 -0.009679003 0.191155374 -0.830201149
1403636707513555456.000000 -0.488304973 -1.945109487 1.780637264 0.523465335 0.008572294 -0.190129384 0.830518782
1403636707563555584.000000 -0.468982100 -1.993849635 1.778995156 0.523510039 0.007491076 -0.188874513 0.830787361
1403636707613555456.000000 -0.450775683 -2.044013977 1.777216315 -0.523600161 -0.004958479 0.187741965 -0.831006169
1403636707663555584.000000 -0.434994161 -2.088932753 1.776264191 0.525451303 -0.000537228 -0.182988957 0.830912590
1403636707713555456.000000 -0.421202540 -2.139847279 1.776137590 0.526629806 -0.003633816 -0.180151194 0.830778837
1403636707763555584.000000 -0.410079092 -2.189395666 1.777261734 -0.527822673 0.006680903 0.177802712 -0.830508769
1403636707813555456.000000 -0.401971698 -2.237679005 1.780549407 0.528596997 -0.007089249 -0.175885126 0.830421209
1403636707863555584.000000 -0.395781070 -2.289353609 1.784528613 0.529737830 -0.006450944 -0.174466416 0.829998612
1403636707913555456.000000 -0.392626733 -2.342119217 1.790115714 -0.531063020 0.005070537 0.172963291 -0.829475760
1403636707963555584.000000 -0.390741765 -2.389908552 1.797393680 0.532043040 -0.003211428 -0.173111603 0.828825891
1403636708013555456.000000 -0.391383976 -2.443228722 1.805454493 0.532893538 -0.000957326 -0.173753604 0.828150570
1403636708063555584.000000 -0.393752933 -2.495563030 1.814691424 -0.533600569 -0.001667858 0.175082102 -0.827414036
1403636708113555456.000000 -0.396473616 -2.545044422 1.824455976 0.534582436 0.004767443 -0.176125765 0.826546192
1403636708163555584.000000 -0.401019275 -2.598233461 1.834483862 0.535338163 0.007582280 -0.177177057 0.825811088
1403636708213555456.000000 -0.407038927 -2.651329994 1.845002532 -0.536901355 -0.008238096 0.175793692 -0.825085282
1403636708263555584.000000 -0.412962615 -2.700326681 1.855693340 0.538869977 0.007791709 -0.172574595 0.824485600
1403636708313555456.000000 -0.420864940 -2.752912760 1.866871476 0.541685522 0.006317916 -0.166391596 0.823924005
1403636708363555584.000000 -0.428932548 -2.805239439 1.878551602 -0.544882834 -0.002865967 0.158713341 -0.823349655
1403636708413555456.000000 -0.435087144 -2.851928473 1.890371561 0.547303796 0.000568942 -0.152716577 0.822882771
1403636708463555584.000000 -0.439916193 -2.902924776 1.903277397 0.549171209 -0.000863801 -0.148132548 0.822476208
1403636708513555456.000000 -0.441952735 -2.953184843 1.917176723 -0.549900532 0.000934603 0.146030113 -0.822364748
1403636708563555584.000000 -0.440181971 -2.997225761 1.930332422 0.550067782 0.000957602 -0.145791531 0.822295189
1403636708613555456.000000 -0.437955528 -3.045328140 1.945713520 0.548538625 0.004974750 -0.148721710 0.822777390
1403636708663555584.000000 -0.435909331 -3.090786219 1.962035894 -0.546016455 -0.009159175 0.154642105 -0.823327482
1403636708713555456.000000 -0.430651426 -3.134667397 1.979295015 0.543403447 0.015441295 -0.160237163 0.823892236
1403636708763555584.000000 -0.430467248 -3.178960800 1.996933460 0.540442169 0.020818539 -0.166375712 0.824504673
1403636708813555456.000000 -0.431895971 -3.222404480 2.015217066 -0.537828386 -0.027150407 0.170796245 -0.825125575
1403636708863555584.000000 -0.431392491 -3.262933254 2.031609058 0.535742104 0.028968541 -0.173291937 0.825900197
1403636708913555456.000000 -0.434253603 -3.304798603 2.048392296 0.533944964 0.032206286 -0.173638031 0.826870918
1403636708963555584.000000 -0.436001778 -3.345125198 2.063639164 -0.531800747 -0.034733213 0.174173281 -0.828037083
1403636709013555456.000000 -0.433372468 -3.384369850 2.075999260 0.531176746 0.036677904 -0.172067329 0.828793645
1403636709063555584.000000 -0.433036149 -3.422658682 2.087435484 0.529119790 0.040263258 -0.172624528 0.829826474
1403636709113555456.000000 -0.432003945 -3.459210396 2.096173048 -0.528020859 -0.040970266 0.171165764 -0.830793440
1403636709163555584.000000 -0.426598758 -3.495106220 2.102950335 0.526094615 0.040703803 -0.172195777 0.831815124
1403636709213555456.000000 -0.423765630 -3.529785872 2.108091831 0.524500370 0.037744660 -0.172818020 0.832831740
1403636709263555584.000000 -0.420259714 -3.563506126 2.111500978 0.522591352 0.035275791 -0.175472453 0.833584607
1403636709313555456.000000 -0.411067843 -3.600268364 2.114868879 0.521607757 0.031757507 -0.177100912 0.833997726
1403636709363555584.000000 -0.407630295 -3.632211208 2.115269899 0.520857215 0.028706150 -0.178359553 0.834309042
1403636709413555456.000000 -0.405487508 -3.663620949 2.114931345 0.519425333 0.028651014 -0.181021884 0.834630251
1403636709463555584.000000 -0.400598973 -3.700224161 2.115778685 0.519620657 0.027285624 -0.180790976 0.834604442
1403636709513555456.000000 -0.402982235 -3.731286049 2.114466429 0.518827498 0.027234057 -0.182603434 0.834704936
1403636709563555584.000000 -0.407354414 -3.760179758 2.111992836 -0.518839419 -0.026078787 0.182989553 -0.834649920
1403636709613555456.000000 -0.409134716 -3.799574137 2.113082647 0.518550217 0.024735836 -0.184233233 0.834596932
1403636709663555584.000000 -0.416806936 -3.829393387 2.109747171 0.518599510 0.024029819 -0.184946403 0.834429204
1403636709713555456.000000 -0.425153464 -3.859247208 2.105601788 0.518800020 0.024072487 -0.185918525 0.834087193
1403636709763555584.000000 -0.429362893 -3.900265217 2.104753017 0.519933224 0.022819914 -0.185645446 0.833477318
1403636709813555456.000000 -0.438017964 -3.930322409 2.098464727 0.520354271 0.023936270 -0.186555773 0.832979858
1403636709863555584.000000 -0.445055217 -3.960935831 2.090662003 -0.521468461 -0.023366522 0.185641289 -0.832503438
1403636709913555456.000000 -0.448540062 -4.001998901 2.083688974 0.521768391 0.024372976 -0.186204672 0.832160771
1403636709963555584.000000 -0.453398973 -4.031976223 2.072616100 0.522569180 0.025287256 -0.186242715 0.831622362
1403636710013555456.000000 -0.456414878 -4.063323975 2.060463667 -0.523620069 -0.024902137 0.185765088 -0.831079662
1403636710063555584.000000 -0.457825273 -4.101518631 2.049570799 0.524443865 0.025522981 -0.185744554 0.830545723
1403636710113555456.000000 -0.461269349 -4.131655216 2.034907579 0.525509119 0.026344681 -0.185600683 0.829878628
1403636710163555584.000000 -0.466033965 -4.163238525 2.020443201 -0.526396275 -0.026991451 0.186043993 -0.829196095
1403636710213555456.000000 -0.473300457 -4.203715801 2.012709618 0.527824938 0.027539760 -0.186213478 0.828231275
1403636710263555584.000000 -0.483378589 -4.234465599 1.997644663 0.529698253 0.026926512 -0.184861377 0.827357829
1403636710313555456.000000 -0.496336967 -4.266636372 1.983512163 -0.533266366 -0.024319818 0.179575160 -0.826310098
1403636710363555584.000000 -0.510002255 -4.304347515 1.971042871 0.537697375 0.019668311 -0.173630595 0.824831605
1403636710413555456.000000 -0.525803983 -4.334984303 1.955768824 0.542815506 0.015757212 -0.168930992 0.822535872
1403636710463555584.000000 -0.542697310 -4.366677761 1.941083193 -0.548445046 -0.011581968 0.165765986 -0.819509268
1403636710513555456.000000 -0.560279191 -4.402984142 1.928520679 0.554817975 0.008185685 -0.163175419 0.815771878
1403636710563555584.000000 -0.578496873 -4.432935238 1.914843559 0.560781062 0.006098319 -0.162255839 0.811887026
1403636710613555456.000000 -0.597027063 -4.464363098 1.901808739 -0.566348732 -0.005291356 0.162116513 -0.808046639
1403636710663555584.000000 -0.615845084 -4.496187210 1.893509626 0.572473049 0.004956506 -0.163347304 0.803472281
1403636710713555456.000000 -0.634916782 -4.525246143 1.882565260 0.578374743 0.006510368 -0.166032165 0.798669875
1403636710763555584.000000 -0.653036594 -4.553618431 1.872200727 0.584812522 0.008112757 -0.169086248 0.793308556
1403636710813555456.000000 -0.669658780 -4.583865166 1.865122080 0.590623260 0.012658873 -0.175583676 0.787511468
1403636710863555584.000000 -0.683497429 -4.610225201 1.854709625 0.596543670 0.016261660 -0.182976380 0.781275213
1403636710913555456.000000 -0.695574641 -4.637756824 1.844963789 -0.602463305 -0.019382408 0.190084666 -0.774938762
1403636710963555584.000000 -0.708348811 -4.664478302 1.835622787 0.607905209 0.022967987 -0.196075186 0.769076169
1403636711013555456.000000 -0.716943443 -4.689889908 1.824426413 0.611553848 0.026720550 -0.204763681 0.763779879
1403636711063555584.000000 -0.724964857 -4.714330673 1.812824965 -0.615929961 -0.028473966 0.207970589 -0.759320617
1403636711113555456.000000 -0.731656373 -4.737325191 1.801987410 0.618868470 0.031495761 -0.212486282 0.755552351
1403636711163555584.000000 -0.737708449 -4.760580063 1.788334846 0.621562243 0.033768911 -0.214531392 0.752659559
1403636711213555456.000000 -0.744501114 -4.783247948 1.774118423 -0.623668313 -0.035464898 0.216069475 -0.750395954
1403636711263555584.000000 -0.753329217 -4.805368900 1.757429123 0.625203192 0.036488727 -0.216915861 0.748823822
1403636711313555456.000000 -0.759433150 -4.826004982 1.740721703 0.627570450 0.035773255 -0.214886636 0.747461975
1403636711363555584.000000 -0.766177535 -4.846395493 1.723216534 -0.629335403 -0.035085630 0.212460458 -0.746703804
1403636711413555456.000000 -0.771367252 -4.866538525 1.704696655 0.631562054 0.036895573 -0.207251355 0.746200383
1403636711463555584.000000 -0.774965942 -4.884681225 1.684606075 0.633844435 0.040596470 -0.200741947 0.745852411
1403636711513555456.000000 -0.778707564 -4.901386261 1.664068222 -0.635220528 -0.044613697 0.195499390 -0.745844841
1403636711563555584.000000 -0.800176084 -4.919717789 1.662933350 0.625579238 0.038695566 -0.194891632 0.754433990
1403636711613555456.000000 -0.803767622 -4.935038567 1.641365051 0.624928653 0.042309102 -0.193957612 0.755019665
1403636711663555584.000000 -0.807875991 -4.948621750 1.618994236 0.623843074 0.044554930 -0.194119871 0.755746126
1403636711713555456.000000 -0.811875224 -4.949342251 1.593023777 0.622497559 0.047398482 -0.195405513 0.756351113
1403636711763555584.000000 -0.816151619 -4.959196091 1.568663120 0.621374905 0.046626121 -0.195722520 0.757239759
1403636711813555456.000000 -0.820963264 -4.967238426 1.543450356 0.620637894 0.043233775 -0.195575371 0.758082986
1403636711863555584.000000 -0.824585676 -4.966084480 1.516086578 0.620968938 0.039364547 -0.194128305 0.758394599
1403636711913555456.000000 -0.829012752 -4.970642567 1.488907337 0.621032894 0.032040454 -0.192612350 0.759073138
1403636711963555584.000000 -0.832662344 -4.973470211 1.461235046 -0.621206164 -0.024919448 0.190804482 -0.759654999
1403636712013555456.000000 -0.833497167 -4.971530914 1.433516026 0.622362912 0.019886542 -0.187203333 0.759752572
1403636712063555584.000000 -0.834871054 -4.971888542 1.405364037 0.623082995 0.014029343 -0.184162021 0.760036290
1403636712113555456.000000 -0.834633231 -4.971399307 1.377463341 0.623717308 0.011439815 -0.181634411 0.760167599
1403636712163555584.000000 -0.830448210 -4.968933105 1.351592541 0.625071704 0.012695688 -0.179476812 0.759547412
1403636712213555456.000000 -0.827876210 -4.966516018 1.324463367 0.625815570 0.015899368 -0.183231607 0.757976472
1403636712263555584.000000 -0.823980331 -4.963220596 1.297126293 0.627574265 0.020218708 -0.188727796 0.755065262
1403636712313555456.000000 -0.815312743 -4.959918022 1.272277832 0.631330132 0.027349597 -0.193092465 0.750592828
1403636712363555584.000000 -0.809380651 -4.954635143 1.244020462 0.635026932 0.031971268 -0.198705614 0.745811462
1403636712413555456.000000 -0.802680612 -4.948235989 1.215378284 0.638818204 0.035553522 -0.202615902 0.741346121
1403636712463555584.000000 -0.791657448 -4.942317963 1.189625263 0.643398523 0.040939242 -0.204862744 0.736473858
1403636712513555456.000000 -0.783293843 -4.933228016 1.159424782 0.647528172 0.043062925 -0.207191184 0.732068777
1403636712563555584.000000 -0.774301529 -4.921833992 1.128484249 -0.651556730 -0.044071432 0.208146691 -0.728152871
1403636712613555456.000000 -0.766455054 -4.909976959 1.096877098 -0.656157136 -0.045439094 0.206999809 -0.724254251
1403636712663555584.000000 -0.760145247 -4.896720886 1.065569878 -0.660868168 -0.046168178 0.204184771 -0.720715165
1403636712713555456.000000 -0.757550955 -4.878374577 1.030982971 -0.664315820 -0.044994738 0.202406883 -0.718116581
1403636712763555584.000000 -0.752547085 -4.866031170 1.004099369 -0.668176174 -0.046442628 0.200631708 -0.714933991
1403636712813555456.000000 -0.751303196 -4.848540783 0.974238873 -0.670237422 -0.045202568 0.200963601 -0.712988257
1403636712863555584.000000 -0.751315534 -4.829425335 0.944942951 -0.671274602 -0.043147679 0.202604085 -0.711674333
1403636712913555456.000000 -0.752283871 -4.808719158 0.916125298 -0.671830177 -0.041225042 0.204423651 -0.710743129
1403636712963555584.000000 -0.751939476 -4.788713455 0.897677898 0.671716213 0.039257120 -0.207370356 0.710108280
1403636713013555456.000000 -0.749667585 -4.768188953 0.876607895 0.672994137 0.045853328 -0.207200289 0.708550930
1403636713063555584.000000 -0.779572248 -4.737951279 0.830943584 0.676700234 0.042838328 -0.209073886 0.704648733
1403636713113555456.000000 -0.784814239 -4.709352970 0.801004887 0.678200424 0.041848011 -0.207614854 0.703696787
1403636713163555584.000000 -0.788964808 -4.678690910 0.770878315 0.679014623 0.040563472 -0.207820237 0.702925682
1403636713213555456.000000 -0.791212261 -4.646897316 0.741007328 0.679335713 0.038860187 -0.207861483 0.702699482
1403636713263555584.000000 -0.791610777 -4.613731861 0.711177349 0.679292381 0.036904164 -0.209044307 0.702495873
1403636713313555456.000000 -0.790044665 -4.579844952 0.681397915 0.678943574 0.036758672 -0.209939122 0.702573836
1403636713363555584.000000 -0.786922276 -4.545211792 0.651459217 0.678557634 0.035520587 -0.211059839 0.702674627
1403636713413555456.000000 -0.782027960 -4.510300636 0.621846676 0.679009676 0.033941470 -0.209613264 0.702749074
1403636713463555584.000000 -0.777951956 -4.476009846 0.596048355 0.679087937 0.032382730 -0.208802447 0.702988207
1403636713513555456.000000 -0.772425294 -4.439847946 0.569025517 0.679361939 0.030363116 -0.207684830 0.703144729
1403636713563555584.000000 -0.766780376 -4.402520657 0.541231632 0.679791093 0.028729340 -0.205730990 0.703372955
1403636713613555456.000000 -0.762076557 -4.364765644 0.514853477 0.679790795 0.024951123 -0.204419807 0.703899443
1403636713663555584.000000 -0.759176016 -4.326792717 0.490007401 0.679695427 0.021937974 -0.203365654 0.704397202
1403636713713555456.000000 -0.756881595 -4.287972927 0.466783047 0.679811776 0.019152362 -0.201652169 0.704858601
1403636713763555584.000000 -0.756979406 -4.248468876 0.444766998 0.679715872 0.016661670 -0.199955523 0.705497444
1403636713813555456.000000 -0.758047223 -4.209455490 0.425530910 0.679600656 0.014943652 -0.198905587 0.705943584
1403636713863555584.000000 -0.760528326 -4.169999599 0.407459259 0.679060996 0.015188112 -0.198351458 0.706613243
1403636713913555456.000000 -0.764326155 -4.129825115 0.392256498 0.677870572 0.016789295 -0.199461386 0.707407117
1403636713963555584.000000 -0.769098043 -4.089332581 0.377783298 0.676749110 0.018771898 -0.200776279 0.708058715
1403636714013555456.000000 -0.775301814 -4.049692631 0.365072966 0.675462663 0.019735759 -0.202106029 0.708882093
1403636714063555584.000000 -0.781213760 -4.009747505 0.353534460 0.673622370 0.024570631 -0.204345152 0.709839642
1403636714113555456.000000 -0.789582729 -3.968563795 0.343040943 0.672566056 0.025712773 -0.204806075 0.710667491
1403636714163555584.000000 -0.799944937 -3.929720879 0.334215164 0.671515703 0.027454179 -0.205220550 0.711475551
1403636714213555456.000000 -0.810799122 -3.888644695 0.325989008 0.671267569 0.029017283 -0.203622624 0.712106526
1403636714263555584.000000 -0.822510481 -3.848667383 0.318076849 0.671644747 0.028475972 -0.200779334 0.712580025
1403636714313555456.000000 -0.835571170 -3.809373140 0.310659647 0.671784699 0.027483804 -0.198536932 0.713115036
1403636714363555584.000000 -0.849004626 -3.769195080 0.306584597 0.671237171 0.026717912 -0.198279768 0.713731110
1403636714413555456.000000 -0.863374233 -3.731690884 0.302474022 0.669950187 0.024934120 -0.200568259 0.714365065
1403636714463555584.000000 -0.880463779 -3.692841768 0.299055815 0.669651985 0.022241050 -0.203725740 0.713839948
1403636714513555456.000000 -0.897931397 -3.653661728 0.295764685 0.670351088 0.019697400 -0.207343921 0.712214828
1403636714563555584.000000 -0.914934039 -3.616631508 0.294125795 0.672559142 0.016637716 -0.210246786 0.709354460
1403636714613555456.000000 -0.934170485 -3.578660965 0.291663170 0.675743937 0.014773728 -0.213982522 0.705239952
1403636714663555584.000000 -0.950384021 -3.542582035 0.288565874 0.679778755 0.014800241 -0.218099073 0.700081825
1403636714713555456.000000 -0.965761304 -3.508204699 0.286886930 0.685108304 0.014778487 -0.222083569 0.693604469
1403636714763555584.000000 -0.979933262 -3.475514650 0.284549713 0.691171288 0.015888864 -0.226736143 0.686017871
1403636714813555456.000000 -0.992818713 -3.440834522 0.282078266 0.698040128 0.019200096 -0.231790021 0.677233219
1403636714863555584.000000 -1.002581000 -3.406475544 0.279378414 0.705303192 0.023264935 -0.236925408 0.667736948
1403636714913555456.000000 -1.011868238 -3.370100260 0.277625799 0.712802827 0.026071681 -0.241924420 0.657803118
1403636714963555584.000000 -1.017989039 -3.336925983 0.274554491 0.720360756 0.027455397 -0.246551633 0.647718251
1403636715013555456.000000 -1.021372080 -3.305895567 0.270256519 0.727033317 0.029358113 -0.250592738 0.638564050
1403636715063555584.000000 -1.023218274 -3.274448872 0.266218424 0.733058095 0.030800555 -0.254282326 0.630093396
1403636715113555456.000000 -1.022370338 -3.247717857 0.263643026 0.737547040 0.032822132 -0.258580178 0.622963369
1403636715163555584.000000 -1.020730495 -3.219806194 0.260684252 0.741990268 0.033154480 -0.260524094 0.616829395
1403636715213555456.000000 -1.020288825 -3.189505577 0.256982803 0.745263219 0.034673989 -0.262425780 0.611974776
1403636715263555584.000000 -1.018687129 -3.162544489 0.252750397 0.748655081 0.035350699 -0.262146413 0.607902348
1403636715313555456.000000 -1.020193458 -3.138165474 0.250082970 0.751948655 0.035825543 -0.260182172 0.604644597
1403636715363555584.000000 -1.020711541 -3.111841202 0.248249769 0.754332066 0.036847476 -0.258856297 0.602178454
1403636715413555456.000000 -1.023609996 -3.087063074 0.245334625 0.757543981 0.036380440 -0.253914773 0.600275695
1403636715463555584.000000 -1.027861953 -3.065834045 0.242068768 0.760137737 0.036123533 -0.249144807 0.599009693
1403636715513555456.000000 -1.033140302 -3.042837381 0.242281675 0.763153255 0.033464007 -0.242858350 0.597910702
1403636715563555584.000000 -1.040458918 -3.022444963 0.245397568 0.766133547 0.028706577 -0.236008868 0.597088873
1403636715613555456.000000 -1.049621940 -2.998546600 0.248393297 0.767222583 0.026901329 -0.233413726 0.596794724
1403636715663555584.000000 -1.057999730 -2.975371838 0.251507759 0.768011272 0.030536704 -0.230148494 0.596873403
1403636715713555456.000000 -1.065024257 -2.952969313 0.256426096 0.768237114 0.038594190 -0.227305561 0.597205579
1403636715763555584.000000 -1.076361179 -2.937508345 0.259985924 0.767888546 0.046613190 -0.225381762 0.597810566
1403636715813555456.000000 -1.083426714 -2.916969299 0.265537024 0.767431915 0.053653155 -0.223490864 0.598516047
1403636715863555584.000000 -1.090260863 -2.897301674 0.271131277 0.767455518 0.059148230 -0.221005827 0.598890603
1403636715913555456.000000 -1.095033884 -2.875540257 0.276844263 0.766987085 0.065334536 -0.219237253 0.599497557
1403636715963555584.000000 -1.098617315 -2.849972248 0.283190250 0.766790628 0.068276174 -0.216964319 0.600247502
1403636716013555456.000000 -1.102663040 -2.824810505 0.290153027 0.766582787 0.069869742 -0.215496168 0.600858152
1403636716063555584.000000 -1.105175734 -2.800988197 0.297392368 0.765852869 0.070270687 -0.215284362 0.601817310
1403636716113555456.000000 -1.107246280 -2.776377439 0.303070545 0.765524089 0.068394840 -0.214492783 0.602733612
1403636716163555584.000000 -1.107648611 -2.752173662 0.310386181 0.764178276 0.064517602 -0.216793552 0.604044437
1403636716213555456.000000 -1.109335184 -2.729998827 0.315511703 0.762458205 0.059384637 -0.219839036 0.605641723
1403636716263555584.000000 -1.112098694 -2.705712795 0.324763060 0.760727584 0.057143491 -0.221886069 0.607284784
1403636716313555456.000000 -1.116082430 -2.672671795 0.335396290 0.759189010 0.055069707 -0.223735154 0.608721614
1403636716363555584.000000 -1.125761271 -2.642637014 0.346547127 0.757858455 0.053627752 -0.224663779 0.610164583
1403636716413555456.000000 -1.134721160 -2.610266924 0.358536243 0.757119298 0.053739078 -0.224230140 0.611231089
1403636716463555584.000000 -1.144017458 -2.586569548 0.371745586 0.756161273 0.054026224 -0.224643618 0.612239063
1403636716513555456.000000 -1.154695749 -2.558485031 0.380496264 0.755530000 0.054834772 -0.223707214 0.613288462
1403636716563555584.000000 -1.169716120 -2.526775122 0.392448902 0.755377054 0.057606179 -0.224037483 0.613102257
1403636716613555456.000000 -1.184807062 -2.501412392 0.406801224 0.756056726 0.059229285 -0.224943042 0.611776710
1403636716663555584.000000 -1.201796651 -2.471431255 0.419741869 0.758016467 0.060691755 -0.225369737 0.609045208
1403636716713555456.000000 -1.218130112 -2.440699577 0.434626579 0.760574222 0.061814990 -0.226593807 0.605277717
1403636716763555584.000000 -1.238947153 -2.409317732 0.447149754 0.763962388 0.062580049 -0.227049693 0.600744188
1403636716813555456.000000 -1.260634184 -2.374939203 0.459805250 0.768099427 0.063105024 -0.228427052 0.594863117
1403636716863555584.000000 -1.283671856 -2.341883659 0.477512598 0.772799075 0.063262403 -0.230222896 0.588027954
1403636716913555456.000000 -1.302619934 -2.299864769 0.492501974 0.778251469 0.063518196 -0.232353806 0.579915345
1403636716963555584.000000 -1.318861008 -2.263903618 0.506871700 0.783893347 0.064252794 -0.236228794 0.570595026
1403636717013555456.000000 -1.334562063 -2.224579096 0.521325588 0.790099025 0.065524094 -0.238659039 0.560795844
1403636717063555584.000000 -1.349419236 -2.186087132 0.534330606 0.796055973 0.066461034 -0.242257357 0.550626278
1403636717113555456.000000 -1.363633633 -2.139908314 0.544482946 0.801808476 0.067707621 -0.245105281 0.540779352
1403636717163555584.000000 -1.376419544 -2.097154856 0.556837559 0.806199133 0.069639988 -0.247921929 0.532661200
1403636717213555456.000000 -1.391207099 -2.052823544 0.565941572 0.809999764 0.071360454 -0.250406146 0.525456786
1403636717263555584.000000 -1.403479457 -2.008543491 0.578546524 0.812641740 0.074792691 -0.253328949 0.519464970
1403636717313555456.000000 -1.415262938 -1.961939096 0.589488745 0.814067304 0.079435378 -0.257125020 0.514656305
1403636717363555584.000000 -1.426625967 -1.915089369 0.601647854 0.814771235 0.086132139 -0.260479450 0.510763764
1403636717413555456.000000 -1.437827349 -1.865552664 0.612641573 0.815253615 0.091883995 -0.263251275 0.507560611
1403636717463555584.000000 -1.452463627 -1.815516233 0.623528004 0.815918565 0.095497988 -0.264624327 0.505105019
1403636717513555456.000000 -1.469125032 -1.760214090 0.632274032 0.816670418 0.096514158 -0.265174717 0.503405333
1403636717563555584.000000 -1.485534668 -1.712646246 0.642308474 0.818183124 0.095422260 -0.263575763 0.501994848
1403636717613555456.000000 -1.508706927 -1.659596920 0.650770068 0.819608629 0.092354015 -0.261907279 0.501115799
1403636717663555584.000000 -1.534604669 -1.606413126 0.657959461 0.820445836 0.091774657 -0.260116458 0.500784993
1403636717713555456.000000 -1.558108449 -1.550418854 0.660357356 0.821110249 0.090942323 -0.258419633 0.500726342
1403636717763555584.000000 -1.581833601 -1.493327856 0.668441176 0.820716143 0.093774475 -0.260152310 0.499952257
1403636717813555456.000000 -1.606540918 -1.435215354 0.673265219 0.821442962 0.095001608 -0.261122465 0.498017222
1403636717863555584.000000 -1.632721543 -1.374000430 0.680354238 0.822663128 0.097028948 -0.262984455 0.494621038
1403636717913555456.000000 -1.660363317 -1.312657475 0.682526350 0.824683487 0.098935917 -0.264639318 0.489974529
1403636717963555584.000000 -1.692344427 -1.250054240 0.685565352 0.827121913 0.101474456 -0.266111463 0.484517306
1403636718013555456.000000 -1.716996908 -1.181383729 0.685911298 0.830625117 0.102548696 -0.267433673 0.477519542
1403636718063555584.000000 -1.736660600 -1.098207593 0.680998087 0.834493876 0.102620021 -0.268970728 0.469833910
1403636718113555456.000000 -1.756633759 -1.022565365 0.674480796 0.839806378 0.100138955 -0.268875957 0.460872114
1403636718163555584.000000 -1.780045629 -0.947103858 0.667637706 0.844915867 0.097136684 -0.269357681 0.451805353
1403636718213555456.000000 -1.803163290 -0.867327094 0.660120487 0.849549949 0.094415560 -0.269573212 0.443487197
1403636718263555584.000000 -1.825600624 -0.785738111 0.654907644 0.853400946 0.092029259 -0.270080119 0.436227381
1403636718313555456.000000 -1.847680092 -0.703784823 0.650646806 0.856943429 0.089303665 -0.270375758 0.429615945
1403636718363555584.000000 -1.874452710 -0.621304572 0.646455526 0.860429764 0.087967351 -0.270953983 0.422500163
1403636718413555456.000000 -1.905287147 -0.537677348 0.642604113 0.863782346 0.085972406 -0.272154391 0.415235996
1403636718463555584.000000 -1.938396573 -0.447571248 0.639192700 0.867685318 0.083342433 -0.272190034 0.407540023
1403636718513555456.000000 -1.970534086 -0.361981928 0.634963870 0.871409774 0.082311250 -0.272620618 0.399434477
1403636718563555584.000000 -2.000524282 -0.272242010 0.629765749 0.874856532 0.079617895 -0.272508681 0.392461777
1403636718613555456.000000 -2.034984112 -0.182268903 0.625164628 0.877893150 0.076620571 -0.272657365 0.386122942
1403636718663555584.000000 -2.070080757 -0.091394074 0.620787442 0.881070495 0.071682982 -0.271847099 0.380362332
1403636718713555456.000000 -2.105955839 0.000027925 0.616928279 0.883495331 0.067938313 -0.272048086 0.375246823
1403636718763555584.000000 -2.141943216 0.091924131 0.613538861 0.885554850 0.067274876 -0.271681219 0.370750695
1403636718813555456.000000 -2.178042173 0.184427559 0.610964775 0.886219501 0.070482828 -0.273374468 0.367305934
1403636718863555584.000000 -2.213178635 0.277693093 0.608249664 0.886189997 0.076393843 -0.275545657 0.364562601
1403636718913555456.000000 -2.246882915 0.372159839 0.605039239 0.886243045 0.081895538 -0.276748210 0.362321615
1403636718963555584.000000 -2.278673649 0.468641818 0.601583540 0.886214972 0.087431788 -0.277389973 0.360601753
1403636719013555456.000000 -2.308170319 0.566951156 0.596671462 0.886300743 0.091388963 -0.277733743 0.359142065
1403636719063555584.000000 -2.335635900 0.667829990 0.591090858 0.886969805 0.094232947 -0.276289701 0.357867002
1403636719113555456.000000 -2.361187458 0.771196961 0.584610105 0.887650073 0.097155437 -0.274226010 0.356985092
1403636719163555584.000000 -2.384973049 0.876754999 0.576647222 0.888844848 0.098838799 -0.270737171 0.356212229
1403636719213555456.000000 -2.407421112 0.984974742 0.568220615 0.889963865 0.100072712 -0.267068624 0.355842829
1403636719263555584.000000 -2.430396795 1.095454454 0.560121536 0.890958846 0.101382762 -0.263403386 0.355714113
1403636719313555456.000000 -2.454684019 1.208229065 0.552787900 0.892210066 0.100111388 -0.259641498 0.355703980
1403636719363555584.000000 -2.480287313 1.323216438 0.546450138 0.892960072 0.100884534 -0.256545037 0.355850279
1403636719413555456.000000 -2.507440805 1.440628052 0.541250587 0.893532276 0.100734711 -0.254229873 0.356117636
1403636719463555584.000000 -2.535906076 1.560179710 0.537300587 0.893933058 0.100167155 -0.252322167 0.356628329
1403636719513555456.000000 -2.565575600 1.681958318 0.534564376 0.894058168 0.099501528 -0.251230359 0.357271373
1403636719563555584.000000 -2.596305847 1.806028724 0.533096313 0.893271148 0.098365024 -0.252912760 0.358365923
1403636719613555456.000000 -2.626552820 1.932991862 0.532330155 0.892905593 0.095845304 -0.253836632 0.359305233
1403636719663555584.000000 -2.638933420 2.065246105 0.534468889 0.891622841 0.095199749 -0.256415486 0.360827953
1403636719713555456.000000 -2.663703203 2.197882891 0.533725262 0.890474021 0.093799159 -0.258605808 0.362465024
1403636719763555584.000000 -2.686102867 2.333601713 0.533023834 0.889564097 0.092858829 -0.259752572 0.364117503
1403636719813555456.000000 -2.706196547 2.471647263 0.531673431 0.888741493 0.091913633 -0.260621428 0.365741551
1403636719863555584.000000 -2.716958046 2.614846706 0.548475981 0.888342559 0.091585450 -0.260092705 0.367166698
1403636719913555456.000000 -2.720431328 2.761801720 0.572913408 0.887973666 0.091137514 -0.259602159 0.368515223
1403636719963555584.000000 -2.735857010 2.907365799 0.575041294 0.887405872 0.090336904 -0.260195851 0.369659692
1403636720013555456.000000 -2.751656532 3.054748774 0.578022718 0.886880696 0.091189824 -0.259941071 0.370887876
1403636720063555584.000000 -2.768818140 3.203777790 0.581613541 0.886817336 0.090879597 -0.259687692 0.371292740
1403636720113555456.000000 -2.787106514 3.354435444 0.585932016 0.886568487 0.091570847 -0.259576708 0.371794492
1403636720163555584.000000 -2.807035446 3.506861687 0.591475725 0.886289835 0.091554873 -0.260028541 0.372146934
1403636720213555456.000000 -2.827936411 3.661043406 0.597703934 0.886594594 0.091124713 -0.259344190 0.372004032
1403636720263555584.000000 -2.849465609 3.817234039 0.604564905 0.886866271 0.091420084 -0.258608609 0.371796012
1403636720313555456.000000 -2.871762037 3.975308180 0.612099171 0.887262285 0.091135360 -0.257731587 0.371529818
1403636720363555584.000000 -2.894662380 4.135405540 0.620463371 0.887499869 0.091793746 -0.257367820 0.371052235
1403636720413555456.000000 -2.918195486 4.297622681 0.629734516 0.887949288 0.091801248 -0.256871402 0.370318443
1403636720463555584.000000 -2.941342354 4.462187767 0.639588833 0.888383448 0.091257937 -0.256673008 0.369548321
1403636720513555456.000000 -2.962907076 4.629458904 0.649906635 0.888715029 0.091019690 -0.256506622 0.368924558
1403636720563555584.000000 -2.982622862 4.799437046 0.660428524 0.889332056 0.090648644 -0.255883545 0.367960691
1403636720613555456.000000 -3.000605583 4.971982002 0.671228409 0.889216661 0.091930702 -0.256585985 0.367431760
1403636720663555584.000000 -3.016488075 5.147392273 0.682000160 0.889884412 0.091523699 -0.255971819 0.366343647
1403636720713555456.000000 -3.030100822 5.325997353 0.693577290 0.890316486 0.092732601 -0.254228652 0.366203666
1403636720763555584.000000 -3.041857481 5.507039547 0.705238819 0.890097082 0.092210308 -0.253490388 0.367378682
1403636720813555456.000000 -3.052319527 5.690294266 0.717219353 0.889057219 0.092634805 -0.252629250 0.370370924
1403636720863555584.000000 -3.062580585 5.875599861 0.729924202 0.887360871 0.094007596 -0.251779824 0.374646962
1403636720913555456.000000 -3.073597431 6.063148022 0.744000912 0.885461807 0.094215780 -0.249955788 0.380266964
1403636720963555584.000000 -3.085743904 6.252686501 0.759263992 0.883690774 0.094633080 -0.246925727 0.386216134
1403636721013555456.000000 -3.099362612 6.444657803 0.775819302 0.882425308 0.093908571 -0.243140370 0.391649783
1403636721063555584.000000 -3.113973141 6.638900280 0.793670654 0.880905509 0.093826137 -0.239001244 0.397593558
1403636721113555456.000000 -3.169360399 7.134610176 2.173825264 0.879232049 0.092760481 -0.234455496 0.404199392
1403636721163555584.000000 -3.186129570 7.344645977 2.252585411 0.876631618 0.093992665 -0.230072886 0.412005991
1403636721213555456.000000 -3.202694654 7.556869030 2.334513664 0.874066949 0.093935646 -0.226241872 0.419521004
1403636721263555584.000000 -3.217401743 7.772899628 2.418769836 0.872176945 0.094338991 -0.221093595 0.426057875
1403636721313555456.000000 -3.230300665 7.992330551 2.505036354 0.869736314 0.094529279 -0.218931466 0.432078719
1403636721363555584.000000 -3.240981579 8.216254234 2.594146729 0.867378831 0.095145851 -0.216847375 0.437696815
1403636721413555456.000000 -3.249454975 8.444339752 2.685571671 0.865468264 0.096567772 -0.214713529 0.442196310
1403636721463555584.000000 -3.256918192 8.676679611 2.779500961 0.863731205 0.096735969 -0.213462129 0.446144134
1403636721513555456.000000 -3.263633251 8.912927628 2.876365662 0.861302257 0.097772039 -0.212936476 0.450840503
1403636721563555584.000000 -3.270998955 9.152842522 2.976506233 0.858805895 0.098052852 -0.212062135 0.455925167
1403636721613555456.000000 -3.279509306 9.396247864 3.079871178 0.856006503 0.099125244 -0.211633861 0.461127162
1403636721663555584.000000 -3.289471865 9.643186569 3.186333656 0.853621721 0.099657692 -0.211510465 0.465469360
1403636721713555456.000000 -3.300449371 9.893961906 3.295880318 0.852065802 0.101377517 -0.209997848 0.468623042
1403636721763555584.000000 -3.312877655 10.148509979 3.408608437 0.850268245 0.103247143 -0.210149750 0.471403241
1403636721813555456.000000 -3.326575041 10.407051086 3.524409294 0.849563062 0.103906609 -0.209005892 0.473035425
1403636721863555584.000000 -3.341564655 10.669424057 3.643233299 0.849420547 0.104095578 -0.207463235 0.473928183
1403636721913555456.000000 -3.357422352 10.935624123 3.764670372 0.849172592 0.104866609 -0.206826150 0.474480689
1403636721963555584.000000 -3.373560905 11.205883026 3.888818741 0.848555684 0.108027674 -0.207418874 0.474616468
1403636722013555456.000000 -3.388856173 11.480611801 4.015291214 0.847788334 0.111644194 -0.208452642 0.474697888
1403636722063555584.000000 -3.402572870 11.760172844 4.143620491 0.847261012 0.114904180 -0.209445402 0.474424422
1403636722113555456.000000 -3.414664030 12.044912338 4.273831367 0.847553790 0.115852423 -0.209741667 0.473539114
1403636722163555584.000000 -3.425455809 12.334856033 4.406142235 0.848313391 0.114750929 -0.209236652 0.472669870
1403636722213555456.000000 -3.434516430 12.629904747 4.540302277 0.849123716 0.113957748 -0.208687782 0.471648216
1403636722263555584.000000 -3.442682266 12.929884911 4.676576614 0.849949419 0.112679265 -0.208319426 0.470629841
1403636722313555456.000000 -3.450970173 13.234365463 4.815333366 0.851101398 0.111684568 -0.207029402 0.469352692
1403636722363555584.000000 -3.460400581 13.543005943 4.957277298 0.851427853 0.111269377 -0.206711575 0.468998969
1403636722413555456.000000 -3.470953941 13.855615616 5.102645874 0.850899339 0.111682519 -0.206238821 0.470066905
