1403636586263555584.000000 0.000441715 -0.006208468 -0.012457081 -0.008413837 -0.027667295 0.006593572 0.999560058
1403636586313555456.000000 0.000927712 -0.002722183 -0.022848424 -0.007442367 -0.038373191 0.010788738 0.999177575
1403636586363555584.000000 0.003690551 0.000318867 -0.035462547 -0.007071461 -0.051361863 0.013513290 0.998563707
1403636586413555456.000000 -0.006329136 -0.008247913 -0.052627560 -0.009618291 -0.059615377 0.015904462 0.998048425
1403636586463555584.000000 -0.013442564 -0.004486673 -0.068821497 -0.009619893 -0.069260620 0.016288804 0.997419238
1403636586513555456.000000 -0.007372292 -0.006107474 -0.037127011 -0.010810361 -0.077102587 0.013551213 0.996872485
1403636586563555584.000000 -0.008464310 0.000884468 -0.046544973 -0.009011091 -0.084234148 0.012751173 0.996323705
1403636586613555456.000000 -0.018841827 0.000462070 -0.090417407 -0.010447610 -0.086816795 0.011955515 0.996097803
1403636586663555584.000000 -0.011608043 0.010100533 -0.095613927 -0.010328787 -0.088748798 0.012775186 0.995918572
1403636586713555456.000000 -0.008530158 0.019257167 -0.098602466 -0.009477908 -0.085665561 0.012332114 0.996202528
1403636586763555584.000000 -0.002265967 0.012919415 -0.048760891 -0.004877862 -0.081731871 0.013462821 0.996551514
1403636586813555456.000000 0.003545638 0.020558974 -0.046880923 -0.003564980 -0.077923730 0.013573837 0.996860564
1403636586863555584.000000 0.007268851 0.029230451 -0.042996380 -0.002117689 -0.074722737 0.012959624 0.997117937
1403636586913555456.000000 0.008453592 0.032985434 -0.037561804 -0.000641989 -0.071778305 0.010446888 0.997365713
1403636586963555584.000000 0.008016003 0.033957157 -0.034430262 0.001040353 -0.068402588 0.009004450 0.997616649
1403636587013555456.000000 0.004464336 0.024484776 -0.038798179 0.004033463 -0.067436889 0.005718145 0.997699082
1403636587063555584.000000 0.006829997 0.023562457 -0.035186402 0.004499298 -0.067923330 0.004177890 0.997671664
1403636587113555456.000000 0.010234003 0.024854992 -0.029667692 0.004923146 -0.070188224 0.001926659 0.997519851
1403636587163555584.000000 0.013473352 0.031300645 -0.024428956 0.005500193 -0.072822362 0.000331746 0.997329772
1403636587213555456.000000 0.016468229 0.039944161 -0.018434688 0.006389814 -0.074264176 -0.000056022 0.997218132
1403636587263555584.000000 0.012762282 0.039035428 -0.025657991 0.007103366 -0.075625129 0.000467852 0.997110963
1403636587313555456.000000 0.015188385 0.049906012 -0.021177053 0.005464936 -0.075650409 0.001285658 0.997118652
1403636587363555584.000000 0.019161005 0.067223959 -0.013672900 0.004104898 -0.076524958 0.002134271 0.997056961
1403636587413555456.000000 0.025133172 0.089645617 -0.007114501 0.003697861 -0.078341745 0.004008075 0.996911705
1403636587463555584.000000 0.026993748 0.113248646 -0.001872224 0.002991779 -0.078483649 0.006018057 0.996892810
1403636587513555456.000000 0.022308465 0.093522832 -0.010726267 0.003072276 -0.080140911 0.008361121 0.996743739
1403636587563555584.000000 0.024571605 0.121713273 -0.005756262 0.001736316 -0.080031492 0.009789386 0.996742785
1403636587613555456.000000 0.029350763 0.156223282 -0.001986850 0.000975975 -0.079590246 0.011880077 0.996756375
1403636587663555584.000000 0.035805594 0.193516985 0.002350453 0.000081765 -0.077756517 0.014479711 0.996867239
1403636587713555456.000000 0.038550448 0.229128450 0.008412912 -0.002196997 -0.073108263 0.017352203 0.997170627
1403636587763555584.000000 0.036173355 0.180658445 -0.000661394 -0.006547371 -0.071039803 0.020508973 0.997241139
1403636587813555456.000000 0.039905414 0.204417750 0.002761880 -0.009870911 -0.067855448 0.022262692 0.997397900
1403636587863555584.000000 0.041711893 0.228688911 0.005973323 -0.012233620 -0.066664562 0.024992300 0.997387409
1403636587913555456.000000 0.043279879 0.252740026 0.008731950 -0.014648213 -0.068247274 0.027140034 0.997191668
1403636587963555584.000000 0.043027140 0.276242614 0.012434305 -0.018216427 -0.071849324 0.028309479 0.996847272
1403636588013555456.000000 0.040568203 0.269250184 0.009465737 -0.025960622 -0.077365004 0.028829804 0.996247768
1403636588063555584.000000 0.039884176 0.285288513 0.012842023 -0.030196514 -0.082314834 0.031669486 0.995645344
1403636588113555456.000000 0.038233023 0.299959689 0.015911851 -0.030951751 -0.085626103 0.033193585 0.995293081
1403636588163555584.000000 0.037665185 0.313535869 0.018955559 -0.031102618 -0.087974273 0.032325912 0.995112181
1403636588213555456.000000 0.035463095 0.323940277 0.020043645 -0.030605495 -0.087610550 0.031951081 0.995171785
1403636588263555584.000000 0.034260668 0.326414108 0.020108679 -0.030180361 -0.086326405 0.032239214 0.995287716
1403636588313555456.000000 0.032885518 0.331274718 0.020703796 -0.028812213 -0.084549457 0.033153486 0.995450735
1403636588363555584.000000 0.031140057 0.334367424 0.023362469 0.026998328 0.082700603 -0.033423934 -0.995647788
1403636588413555456.000000 0.029315129 0.335146517 0.024168767 0.026264826 0.081030294 -0.034680460 -0.995761812
1403636588463555584.000000 0.028248986 0.333462536 0.024227869 0.026117997 0.080394603 -0.035413545 -0.995791435
1403636588513555456.000000 0.028380293 0.329711556 0.022428744 0.027930060 0.080819927 -0.034611989 -0.995736003
1403636588563555584.000000 0.029249635 0.323921263 0.019910481 0.029076643 0.080684245 -0.033959221 -0.995736599
1403636588613555456.000000 0.029620631 0.315636754 0.017070364 0.028927997 0.080263369 -0.034054186 -0.995771706
1403636588663555584.000000 0.029847557 0.305396318 0.013636408 0.028156221 0.079797179 -0.033614591 -0.995846272
1403636588713555456.000000 0.028371047 0.292500973 0.010968955 0.026189046 0.080749333 -0.034121290 -0.995805919
1403636588763555584.000000 0.028830651 0.280729234 0.007148303 -0.023794586 -0.082014397 0.032136213 0.995828688
1403636588813555456.000000 0.026827747 0.266065687 0.004710435 0.021734057 0.083589606 -0.031237653 -0.995773375
1403636588863555584.000000 0.024722481 0.249651492 0.002574799 0.019442761 0.084428459 -0.030824903 -0.995762885
1403636588913555456.000000 0.023089835 0.231441543 0.000131398 0.016654624 0.084306866 -0.030443178 -0.995835483
1403636588963555584.000000 0.022526631 0.210105971 -0.003069716 -0.014067869 -0.084048480 0.028982827 0.995940745
1403636589013555456.000000 0.021702876 0.189778104 -0.006677866 0.011232211 0.082227252 -0.027555235 -0.996169329
1403636589063555584.000000 0.021175805 0.168585002 -0.010814815 0.008072907 0.079651207 -0.025944673 -0.996452451
1403636589113555456.000000 0.021088976 0.146808580 -0.014969883 0.005134427 0.076962762 -0.023600260 -0.996741414
1403636589163555584.000000 0.021215688 0.124711208 -0.018773103 -0.002924184 -0.074406572 0.022297109 0.996974409
1403636589213555456.000000 0.021188645 0.101622947 -0.022742033 -0.001093229 -0.072910994 0.021165119 0.997113228
1403636589263555584.000000 0.020664688 0.078361817 -0.026291577 0.001205216 -0.072995417 0.019817408 0.997134686
1403636589313555456.000000 0.019661054 0.054332618 -0.029565811 -0.003690715 0.074334949 -0.017565206 -0.997071862
1403636589363555584.000000 0.017827986 0.030085890 -0.032260541 0.005449272 -0.076696038 0.016367547 0.996905327
1403636589413555456.000000 0.016018523 0.006139955 -0.034707405 0.007564703 -0.078585036 0.013819053 0.996782959
1403636589463555584.000000 0.014199901 -0.017067166 -0.036587566 0.008996591 -0.079157144 0.011292142 0.996757627
1403636589513555456.000000 0.011743943 -0.041857738 -0.038816053 0.009604096 -0.078214973 0.011077031 0.996828735
1403636589563555584.000000 0.009181792 -0.066162132 -0.041021187 0.011430804 -0.076916665 0.010523085 0.996916473
1403636589613555456.000000 0.006555442 -0.088581145 -0.042891700 0.012968346 -0.075583093 0.008867593 0.997015774
1403636589663555584.000000 0.003953539 -0.112342052 -0.044890251 0.014402710 -0.074345902 0.007675523 0.997098982
1403636589713555456.000000 0.001088733 -0.133696124 -0.047767814 0.016318887 -0.073292635 0.006480373 0.997155905
1403636589763555584.000000 -0.002269862 -0.156664133 -0.049291730 -0.019688487 0.073749922 -0.005860199 -0.997065187
1403636589813555456.000000 -0.005910336 -0.177287728 -0.050559580 0.023531659 -0.075739577 0.004590586 0.996839345
1403636589863555584.000000 -0.009847575 -0.197210535 -0.051317994 0.027204894 -0.079141788 0.003014520 0.996487558
1403636589913555456.000000 -0.013902456 -0.216729254 -0.052198142 0.031187966 -0.082440928 0.001889070 0.996106088
1403636589963555584.000000 -0.017499890 -0.233614087 -0.052595086 0.035819203 -0.084436208 0.001768934 0.995783389
1403636590013555456.000000 -0.020827120 -0.248119384 -0.053147629 0.040385000 -0.084048644 0.001336618 0.995642066
1403636590063555584.000000 -0.022204053 -0.260949790 -0.053828772 0.043548405 -0.081470825 0.000573031 0.995723784
1403636590113555456.000000 -0.023259686 -0.270620286 -0.055184685 0.046617988 -0.077938147 -0.000086274 0.995867670
1403636590163555584.000000 -0.023304604 -0.277867526 -0.055633895 0.049549192 -0.074557953 -0.000074363 0.995984972
1403636590213555456.000000 -0.023294831 -0.281579405 -0.057510119 0.050865594 -0.072304234 -0.000720023 0.996084511
1403636590263555584.000000 -0.022851752 -0.282060713 -0.058352623 0.050836764 -0.071650788 -0.001651591 0.996132135
1403636590313555456.000000 -0.022242514 -0.278797746 -0.058974352 -0.049821515 0.072499417 0.002845914 -0.996119261
1403636590363555584.000000 -0.021680498 -0.272855133 -0.059740447 -0.047513761 0.073626600 0.002921924 -0.996149123
1403636590413555456.000000 -0.020900642 -0.263606280 -0.060097862 -0.044783175 0.074364245 0.003294612 -0.996219695
1403636590463555584.000000 -0.020043146 -0.252410531 -0.062738255 -0.040941939 0.074069828 0.003155421 -0.996407330
1403636590513555456.000000 -0.018428329 -0.238349915 -0.066311583 0.037521746 -0.072648473 -0.003693160 0.996644735
1403636590563555584.000000 -0.016483944 -0.222391084 -0.068581596 0.033729717 -0.070995718 -0.003985719 0.996898293
1403636590613555456.000000 -0.014426479 -0.204121321 -0.069102302 0.030870704 -0.069434233 -0.003916014 0.997101068
1403636590663555584.000000 -0.012500990 -0.184847116 -0.069636464 0.027494926 -0.068534218 -0.003323827 0.997264266
1403636590713555456.000000 -0.010659252 -0.164092004 -0.069508262 0.024532396 -0.068666272 -0.002674484 0.997334421
1403636590763555584.000000 -0.009320606 -0.142821178 -0.068762951 0.021619665 -0.070207447 -0.000870067 0.997297764
1403636590813555456.000000 -0.008309687 -0.120756581 -0.067119680 0.020820066 -0.072918743 0.001137088 0.997119963
1403636590863555584.000000 -0.007522729 -0.097901128 -0.064823061 0.019638922 -0.076064549 0.003414479 0.996903658
1403636590913555456.000000 -0.006065224 -0.074026369 -0.061990116 0.017883325 -0.079044394 0.004698580 0.996699691
1403636590963555584.000000 -0.004980463 -0.049939685 -0.059463251 0.016188193 -0.080292016 0.005241919 0.996626139
1403636591013555456.000000 -0.004250403 -0.026460923 -0.056767456 0.016285613 -0.080041237 0.005608805 0.996642768
1403636591063555584.000000 -0.002761528 -0.003301190 -0.053717151 0.017190374 -0.079230778 0.006284922 0.996688247
1403636591113555456.000000 -0.001008847 0.019106183 -0.050405379 0.018156450 -0.078661770 0.007019036 0.996711314
1403636591163555584.000000 0.000697498 0.040931288 -0.047361948 0.018132869 -0.078657702 0.008703456 0.996698797
1403636591213555456.000000 0.002630187 0.061511684 -0.044214033 0.017694144 -0.079505086 0.009802980 0.996629238
1403636591263555584.000000 0.003414357 0.081187852 -0.040887147 0.016585190 -0.080792837 0.010857862 0.996533751
1403636591313555456.000000 0.003925238 0.098288685 -0.037238970 0.014843442 -0.082362644 0.011263224 0.996428311
1403636591363555584.000000 0.003461972 0.114070490 -0.033783544 0.012507492 -0.083695896 0.012457349 0.996335030
1403636591413555456.000000 0.001982189 0.126913056 -0.029917035 0.010486366 -0.084166810 0.013997216 0.996298254
1403636591463555584.000000 0.000386259 0.138031855 -0.025619553 0.009402614 -0.084209710 0.015782632 0.996278703
1403636591513555456.000000 -0.001179546 0.148174673 -0.020754799 -0.006740751 0.083182611 -0.015978569 -0.996383429
1403636591563555584.000000 -0.002323257 0.157318994 -0.015638271 -0.001032793 0.079376869 -0.017310794 -0.996693850
1403636591613555456.000000 -0.003104037 0.164748147 -0.010521341 -0.006800792 -0.072993189 0.018944696 0.997129321
1403636591663555584.000000 -0.003275431 0.170745924 -0.005395503 -0.013393990 -0.063529842 0.020256713 0.997684419
1403636591713555456.000000 -0.003339759 0.176571891 -0.001016009 -0.018773057 -0.052851565 0.020660520 0.998212159
1403636591763555584.000000 -0.002156115 0.180141464 0.002434238 -0.024354607 -0.042198356 0.020222675 0.998607635
1403636591813555456.000000 0.000173889 0.181806684 0.004767521 -0.030011140 -0.031601999 0.021015123 0.998828888
1403636591863555584.000000 0.002262678 0.184459716 0.007229164 -0.034771521 -0.022704676 0.022006223 0.998894989
1403636591913555456.000000 0.004545431 0.186784908 0.009917075 -0.039626524 -0.016867025 0.023088275 0.998805404
1403636591963555584.000000 0.006535639 0.189697206 0.012910889 -0.043169148 -0.016449077 0.026981486 0.998567939
1403636592013555456.000000 0.009918713 0.194640189 0.017252680 -0.046768848 -0.020347849 0.031645436 0.998197019
1403636592063555584.000000 0.013226969 0.200053066 0.023302881 -0.051683396 -0.023841560 0.036364615 0.997716427
1403636592113555456.000000 0.017090291 0.206383809 0.030967420 -0.056400675 -0.027460923 0.040787511 0.997196674
1403636592163555584.000000 0.021496559 0.212930799 0.039675910 -0.060806651 -0.031479418 0.045026902 0.996636510
1403636592213555456.000000 0.026073806 0.219600961 0.049236525 -0.064022064 -0.036277387 0.048047345 0.996130824
1403636592263555584.000000 0.031690031 0.225248694 0.059467912 -0.065841936 -0.040842567 0.049592093 0.995759726
1403636592313555456.000000 0.037827954 0.231745139 0.072043583 -0.065901950 -0.044582523 0.049814206 0.995584249
1403636592363555584.000000 0.044744715 0.233997256 0.084155716 -0.063827328 -0.048038404 0.052176986 0.995437562
1403636592413555456.000000 0.052581333 0.232642114 0.095919959 -0.059309561 -0.051256977 0.052672312 0.995530427
1403636592463555584.000000 0.061319917 0.230222687 0.109143332 -0.054091215 -0.051672202 0.051546343 0.995865047
1403636592513555456.000000 0.070601337 0.227664977 0.124480858 -0.047509808 -0.048791535 0.048113778 0.996517658
1403636592563555584.000000 0.079933345 0.220312104 0.138067931 -0.040335510 -0.044310238 0.043830208 0.997240484
1403636592613555456.000000 0.089024238 0.211359158 0.152686730 -0.032077212 -0.039382882 0.038211804 0.997977972
1403636592663555584.000000 0.097007416 0.199546650 0.166127637 -0.024435677 -0.035503056 0.031848621 0.998563051
1403636592713555456.000000 0.104214273 0.184087202 0.178502992 -0.015591777 -0.033483565 0.026338795 0.998970509
1403636592763555584.000000 0.110199079 0.166970998 0.189947590 -0.004808444 -0.032874439 0.020349616 0.999240756
1403636592813555456.000000 0.115549050 0.147844613 0.200707078 0.007940977 -0.033357780 0.015204065 0.999296308
1403636592863555584.000000 0.117976069 0.124527946 0.208264276 0.022510827 -0.035388526 0.010554921 0.999064326
1403636592913555456.000000 0.118818298 0.100125298 0.214190423 0.036539014 -0.038297329 0.005287614 0.998584151
1403636592963555584.000000 0.117441252 0.072584756 0.215868801 0.050227381 -0.041597974 0.000116207 0.997871220
1403636593013555456.000000 0.113996208 0.044003699 0.215209112 0.064341836 -0.044742402 -0.005292377 0.996910393
1403636593063555584.000000 0.109113485 0.013394830 0.209689572 0.077550784 -0.047689199 -0.011018786 0.995786250
1403636593113555456.000000 0.102540098 -0.017000584 0.202577412 0.089649640 -0.049573999 -0.017811032 0.994579375
1403636593163555584.000000 0.094324790 -0.047808595 0.190312639 0.102495752 -0.050998282 -0.021609876 0.993190289
1403636593213555456.000000 0.086317323 -0.076711684 0.175059974 0.113962278 -0.051949359 -0.022975428 0.991859913
1403636593263555584.000000 0.075971112 -0.104820617 0.157555863 0.125552237 -0.052906245 -0.022980085 0.990408778
1403636593313555456.000000 0.064848527 -0.128832147 0.140462235 0.133373961 -0.055194862 -0.023669414 0.989244580
1403636593363555584.000000 0.052625384 -0.149171129 0.120957054 0.137758240 -0.057670906 -0.025546955 0.988455474
1403636593413555456.000000 0.039677333 -0.164512768 0.100509673 0.140122741 -0.059791189 -0.026478326 0.987972498
1403636593463555584.000000 0.025662035 -0.174888447 0.080578305 0.139501244 -0.061384469 -0.028053483 0.987919271
1403636593513555456.000000 0.011161798 -0.182324588 0.060980614 0.135896310 -0.063046433 -0.027559804 0.988330841
1403636593563555584.000000 -0.003846013 -0.183895737 0.042055327 0.132083267 -0.065312013 -0.024782352 0.988774121
1403636593613555456.000000 -0.019068141 -0.179274902 0.021777589 0.126485839 -0.068661213 -0.020083778 0.989385486
1403636593663555584.000000 -0.033875268 -0.172674909 0.004622079 0.120106786 -0.072993189 -0.013686179 0.989979327
1403636593713555456.000000 -0.048885319 -0.163145989 -0.012344696 0.110351652 -0.077572674 -0.007619309 0.990831494
1403636593763555584.000000 -0.061884034 -0.148412675 -0.027718011 0.097823970 -0.080731817 0.000581264 0.991923630
1403636593813555456.000000 -0.073289394 -0.128680333 -0.044636685 0.082610898 -0.081387058 0.009615103 0.993206561
1403636593863555584.000000 -0.083148561 -0.107452907 -0.058159132 0.065619119 -0.079004146 0.019698275 0.994517207
1403636593913555456.000000 -0.092701383 -0.084927112 -0.071257941 0.047321949 -0.074227013 0.029350808 0.995685518
1403636593963555584.000000 -0.098641306 -0.059436776 -0.082133025 0.028147301 -0.068222731 0.038711891 0.996521413
1403636594013555456.000000 -0.101313174 -0.032261968 -0.092579678 0.008752190 -0.062552519 0.047696579 0.996862948
1403636594063555584.000000 -0.103247531 -0.004421487 -0.099208988 -0.010570458 -0.058007661 0.055795211 0.996699691
1403636594113555456.000000 -0.104154706 0.023233343 -0.103812851 -0.027730012 -0.055397790 0.064014204 0.996024251
1403636594163555584.000000 -0.102845691 0.051797569 -0.103620373 -0.043528315 -0.054947659 0.071789369 0.994953513
1403636594213555456.000000 -0.101942949 0.080500819 -0.100310057 -0.057184052 -0.055149276 0.076639213 0.993888795
1403636594263555584.000000 -0.097064652 0.109221317 -0.092642948 -0.068973541 -0.055932693 0.080401905 0.992798924
1403636594313555456.000000 -0.089975901 0.137347728 -0.081748173 -0.078667022 -0.056472503 0.081857964 0.991928279
1403636594363555584.000000 -0.080942020 0.165098250 -0.067630962 -0.087144159 -0.056124274 0.081941202 0.991232395
1403636594413555456.000000 -0.068667144 0.189868435 -0.050885547 -0.093694478 -0.054082431 0.081194028 0.990809798
1403636594463555584.000000 -0.056371532 0.214843914 -0.031856325 -0.098240808 -0.049919885 0.078246333 0.990825117
1403636594513555456.000000 -0.043894440 0.239176735 -0.010898871 -0.100291111 -0.044044890 0.074539274 0.991183996
1403636594563555584.000000 -0.030102538 0.257017910 0.010546556 -0.100769922 -0.038032625 0.074594602 0.991380215
1403636594613555456.000000 -0.016221203 0.270424664 0.032644980 -0.099684983 -0.033291470 0.074637726 0.991657138
1403636594663555584.000000 -0.003273031 0.277135104 0.053289510 -0.098050408 -0.029461034 0.075666182 0.991863310
1403636594713555456.000000 0.009424263 0.278133839 0.074416779 -0.094729960 -0.026980441 0.074344888 0.992356360
1403636594763555584.000000 0.019902917 0.271713883 0.093323648 -0.088654548 -0.024918081 0.071899354 0.993151605
1403636594813555456.000000 0.029055862 0.259254724 0.111240484 -0.079293244 -0.023046110 0.066805735 0.994343281
1403636594863555584.000000 0.036752578 0.239464998 0.127807558 -0.068621002 -0.021031942 0.060698550 0.995572448
1403636594913555456.000000 0.043858953 0.215665057 0.146386251 -0.055815514 -0.018720465 0.051734321 0.996924162
1403636594963555584.000000 0.048371345 0.183948979 0.157500416 -0.040809680 -0.017157068 0.041518550 0.998156488
1403636595013555456.000000 0.051098276 0.148367912 0.166302428 -0.021961417 -0.015983693 0.032120466 0.999114871
1403636595063555584.000000 0.051418237 0.109243304 0.170794725 -0.002893702 -0.016776491 0.021623246 0.999621272
1403636595113555456.000000 0.050216667 0.067693718 0.173742175 0.016114898 -0.019502403 0.013534710 0.999588311
1403636595163555584.000000 0.046953291 0.028119246 0.172992736 0.034269754 -0.022549834 0.005317255 0.999144137
1403636595213555456.000000 0.042152312 -0.008825663 0.171381235 0.052164730 -0.025855584 -0.000663107 0.998303533
1403636595263555584.000000 0.036164586 -0.043052133 0.165194631 0.068915561 -0.028948994 -0.006699726 0.997179925
1403636595313555456.000000 0.028544864 -0.071129948 0.158072129 0.083700970 -0.032234933 -0.012346408 0.995892882
1403636595363555584.000000 0.020369768 -0.094912976 0.147218332 0.094519019 -0.034514796 -0.017564246 0.994769573
1403636595413555456.000000 0.011747377 -0.112494811 0.136695027 0.101781942 -0.036028370 -0.020398717 0.993944824
1403636595463555584.000000 0.003061868 -0.122588724 0.123795480 0.106826872 -0.037664615 -0.022783581 0.993302763
1403636595513555456.000000 -0.005897080 -0.125696734 0.110104315 0.109506845 -0.039922740 -0.022953836 0.992918789
1403636595563555584.000000 -0.014996633 -0.121648543 0.097199015 0.111298956 -0.042498883 -0.024793703 0.992568254
1403636595613555456.000000 -0.023977531 -0.111876220 0.083626345 0.110316910 -0.044837207 -0.025645074 0.992553353
1403636595663555584.000000 -0.033274602 -0.095515281 0.071470268 0.106549591 -0.046965946 -0.025884312 0.992860258
1403636595713555456.000000 -0.042678770 -0.075151473 0.058866780 0.099347927 -0.047997348 -0.023242749 0.993622720
1403636595763555584.000000 -0.051765084 -0.049774151 0.048061866 0.089071281 -0.048308838 -0.022466859 0.994599402
1403636595813555456.000000 -0.060464770 -0.023471760 0.037167776 0.074497938 -0.047819812 -0.019770617 0.995877743
1403636595863555584.000000 -0.069281101 0.006204555 0.027610295 0.059375528 -0.047099050 -0.016420590 0.996988773
1403636595913555456.000000 -0.077899344 0.035439570 0.017317874 0.044052050 -0.047096577 -0.009918758 0.997869253
1403636595963555584.000000 -0.086776257 0.063685119 0.006958217 0.028894639 -0.047967665 -0.003947474 0.998423040
1403636596013555456.000000 -0.095829636 0.089446247 -0.005236050 0.014105106 -0.050021492 0.000979965 0.998648047
1403636596063555584.000000 -0.105260402 0.110503882 -0.018351723 -0.000292507 -0.052223951 0.007626037 0.998606265
1403636596113555456.000000 -0.114768766 0.125986546 -0.032077588 -0.012434918 -0.054366332 0.014323135 0.998340905
1403636596163555584.000000 -0.123734191 0.134204715 -0.046920940 -0.020965410 -0.055675827 0.019998152 0.998028457
1403636596213555456.000000 -0.132687718 0.136450782 -0.062632762 -0.026395245 -0.055175759 0.024116442 0.997836292
1403636596263555584.000000 -0.139683560 0.130108193 -0.079337791 -0.028706372 -0.054097950 0.028318224 0.997721136
1403636596313555456.000000 -0.146095008 0.119317010 -0.096579194 -0.029682048 -0.052163694 0.031485561 0.997700691
1403636596363555584.000000 -0.151782393 0.103384845 -0.116447821 -0.030898629 -0.049940538 0.032785863 0.997735679
1403636596413555456.000000 -0.157734692 0.085927300 -0.136567861 -0.031621564 -0.047220547 0.031794500 0.997877479
1403636596463555584.000000 -0.163328886 0.066523395 -0.157401204 -0.031094732 -0.044209965 0.029587999 0.998099804
1403636596513555456.000000 -0.169243142 0.048178468 -0.175926566 -0.030001972 -0.041382577 0.026441043 0.998342812
1403636596563555584.000000 -0.173837066 0.030176612 -0.193136513 -0.028672092 -0.039269425 0.022945723 0.998553693
1403636596613555456.000000 -0.178829059 0.014372597 -0.206651390 -0.028745990 -0.039224483 0.021116778 0.998593628
1403636596663555584.000000 -0.182364687 0.000402232 -0.217546463 -0.028403917 -0.040500611 0.020348763 0.998568475
1403636596713555456.000000 -0.185523942 -0.010388494 -0.223988920 -0.027548848 -0.041916907 0.019433375 0.998552144
1403636596763555584.000000 -0.186286658 -0.017540827 -0.225689143 -0.026512235 -0.041804716 0.016742254 0.998633742
1403636596813555456.000000 -0.185172141 -0.021093611 -0.222471893 0.026265925 0.039355122 -0.014935628 -0.998768389
1403636596863555584.000000 -0.181065083 -0.021252299 -0.214130118 0.026788330 0.036311843 -0.011359523 -0.998916805
1403636596913555456.000000 -0.174509406 -0.018992381 -0.201027960 0.027651455 0.033483986 -0.009349256 -0.999013007
1403636596963555584.000000 -0.165493682 -0.014906767 -0.184613943 -0.029284734 -0.033375740 0.006014726 0.998995662
1403636597013555456.000000 -0.154219389 -0.009082784 -0.163256139 -0.030448435 -0.035779517 0.005828993 0.998878777
1403636597063555584.000000 -0.141309693 -0.001662113 -0.138559565 0.030729674 0.041244656 -0.004544914 -0.998666108
1403636597113555456.000000 -0.127210110 0.005434835 -0.112241767 -0.028229255 -0.047211748 0.004706363 0.998474896
1403636597163555584.000000 -0.111161627 0.012993024 -0.084193788 -0.023630839 -0.052449476 0.002332911 0.998341322
1403636597213555456.000000 -0.091851421 0.020393249 -0.056120109 -0.017799873 -0.055731986 -0.000025404 0.998287141
1403636597263555584.000000 -0.071634583 0.027266594 -0.027662018 -0.011397884 -0.056526851 -0.003820865 0.998328745
1403636597313555456.000000 -0.051503655 0.032920126 0.000188063 -0.004604114 -0.055275731 -0.008777026 0.998421967
1403636597363555584.000000 -0.030521929 0.036938854 0.028570121 0.003147505 -0.053070471 -0.012463392 0.998508096
1403636597413555456.000000 -0.010746107 0.039667442 0.056580253 0.010148257 -0.051455226 -0.018035615 0.998460889
1403636597463555584.000000 0.007525248 0.040199880 0.082664244 0.018171007 -0.049573209 -0.023251405 0.998334527
1403636597513555456.000000 0.023218835 0.038899563 0.105311558 0.027247109 -0.047062423 -0.030131184 0.998065591
1403636597563555584.000000 0.035597980 0.034428172 0.124778032 0.038054138 -0.044212390 -0.034129255 0.997713625
1403636597613555456.000000 0.044801079 0.027919635 0.140572324 0.050179850 -0.040421247 -0.036870956 0.997240543
1403636597663555584.000000 0.049601700 0.018454935 0.150696680 0.062457021 -0.036098953 -0.039156664 0.996625721
1403636597713555456.000000 0.051494587 0.007485938 0.157512873 0.073782809 -0.031812754 -0.041545287 0.995900691
1403636597763555584.000000 0.049657207 -0.004572892 0.157262012 0.082864068 -0.027595080 -0.044309348 0.995192826
1403636597813555456.000000 0.046080530 -0.016317923 0.152694970 0.090194345 -0.024033930 -0.046835680 0.994531989
1403636597863555584.000000 0.039023612 -0.026692564 0.143593639 0.094756551 -0.021036547 -0.050897274 0.993975937
1403636597913555456.000000 0.030015936 -0.035586573 0.131375268 0.098969661 -0.018988524 -0.055839453 0.993341088
1403636597963555584.000000 0.019036662 -0.042464491 0.116687335 0.101214312 -0.019261021 -0.060280588 0.992849886
1403636598013555456.000000 0.007582508 -0.047725864 0.100455865 0.102863997 -0.021755850 -0.063322522 0.992439449
1403636598063555584.000000 -0.006259585 -0.051267736 0.083096310 0.103127532 -0.025505310 -0.064710595 0.992233217
1403636598113555456.000000 -0.021568269 -0.052889060 0.064719036 0.103563488 -0.031183463 -0.064483486 0.992040396
1403636598163555584.000000 -0.036768436 -0.052755799 0.047980174 0.101740584 -0.038899112 -0.064879686 0.991930664
1403636598213555456.000000 -0.051704507 -0.050840952 0.033802319 0.098705217 -0.048309714 -0.065175205 0.991804242
1403636598263555584.000000 -0.066369735 -0.047493149 0.022393459 0.095375158 -0.057713356 -0.067380205 0.991480052
1403636598313555456.000000 -0.078939728 -0.043199413 0.014460232 0.091731876 -0.065092780 -0.067927398 0.991329491
1403636598363555584.000000 -0.089182042 -0.037725832 0.011035497 0.087008417 -0.069565535 -0.070003942 0.991307080
1403636598413555456.000000 -0.098162152 -0.032129332 0.012657660 0.082490258 -0.071508557 -0.070446424 0.991523683
1403636598463555584.000000 -0.103380129 -0.026276402 0.018311029 0.079901367 -0.071197487 -0.071949452 0.991650164
1403636598513555456.000000 -0.106346279 -0.020058116 0.027212562 0.079211354 -0.068354264 -0.071925804 0.991907299
1403636598563555584.000000 -0.105555393 -0.015025346 0.040442452 0.081873119 -0.063070893 -0.072672673 0.991986692
1403636598613555456.000000 -0.103442051 -0.009827180 0.055696752 0.085413732 -0.055799402 -0.072204560 0.992157996
1403636598663555584.000000 -0.099659204 -0.005578500 0.073487841 0.090453662 -0.047767639 -0.072489336 0.992109776
1403636598713555456.000000 -0.096583188 -0.001634469 0.092236727 0.096734948 -0.038263544 -0.072334655 0.991940498
1403636598763555584.000000 -0.094159149 0.001503745 0.112162955 0.104080416 -0.027322266 -0.072217949 0.991567135
1403636598813555456.000000 -0.093507260 0.004839801 0.131613478 0.110414751 -0.015953436 -0.071076140 0.991212547
1403636598863555584.000000 -0.093939200 0.007996405 0.151116252 0.114719108 -0.003970357 -0.069670185 0.990943968
1403636598913555456.000000 -0.095725983 0.011311487 0.170068756 0.116943777 0.006670918 -0.067477569 0.990821123
1403636598963555584.000000 -0.098277368 0.014448300 0.187995940 0.116987824 0.015984565 -0.067662053 0.990696847
1403636599013555456.000000 -0.101873383 0.017200658 0.204338595 0.118077621 0.023745261 -0.067764632 0.990404904
1403636599063555584.000000 -0.104747459 0.019050254 0.218206942 0.120734826 0.032356277 -0.065864824 0.989968717
1403636599113555456.000000 -0.107271746 0.020590471 0.230347261 0.125383645 0.041863788 -0.063585840 0.989183187
1403636599163555584.000000 -0.108543590 0.021711119 0.239755869 0.130607933 0.054091763 -0.060453713 0.988109827
1403636599213555456.000000 -0.108770579 0.022514634 0.249173746 0.131684780 0.070204481 -0.059538633 0.987008452
1403636599263555584.000000 -0.108649313 0.022932064 0.257298559 0.132799953 0.085888036 -0.056033716 0.985823333
1403636599313555456.000000 -0.108021595 0.022956878 0.261759758 0.133352354 0.098908298 -0.052520011 0.984721303
1403636599363555584.000000 -0.108690545 0.023475803 0.268909007 0.132458076 0.108469099 -0.050406225 0.983945489
1403636599413555456.000000 -0.109507114 0.023472480 0.275227994 0.129359856 0.113340072 -0.051044770 0.983775616
1403636599463555584.000000 -0.111421242 0.024017993 0.281179845 0.125369892 0.115839198 -0.052270122 0.983936727
1403636599513555456.000000 -0.114267968 0.024327233 0.287930012 0.121395431 0.115704842 -0.050103053 0.984563470
1403636599563555584.000000 -0.116674766 0.024907317 0.292295009 0.117489330 0.112956516 -0.048086330 0.985456705
1403636599613555456.000000 -0.119340464 0.025464278 0.297619611 0.115077674 0.109640166 -0.046851207 0.986175001
1403636599663555584.000000 -0.122547090 0.026483092 0.300338566 0.112817384 0.107313283 -0.047090102 0.986680627
1403636599713555456.000000 -0.124811463 0.027211869 0.303080469 0.112528726 0.108681954 -0.045963485 0.986616910
1403636599763555584.000000 -0.124957561 0.028504983 0.302601457 0.114084810 0.117911965 -0.046103973 0.985370994
1403636599813555456.000000 -0.125131652 0.029516311 0.302513212 0.114307895 0.125931859 -0.045152169 0.984396398
1403636599863555584.000000 -0.125926331 0.030190147 0.302148134 0.114761017 0.132177487 -0.043720774 0.983589113
1403636599913555456.000000 -0.126602143 0.030833982 0.301258445 0.115895927 0.134146869 -0.042225242 0.983254731
1403636599963555584.000000 -0.126940653 0.031449120 0.301536918 0.114919662 0.133234754 -0.040491242 0.983566165
1403636600013555456.000000 -0.127366886 0.032008752 0.302291036 0.114364810 0.132652208 -0.039583750 0.983746529
1403636600063555584.000000 -0.128234059 0.032938283 0.302788436 0.115535922 0.132666677 -0.037281245 0.983697653
1403636600113555456.000000 -0.128726140 0.033876974 0.303033352 0.116976500 0.135795966 -0.034800082 0.983191192
1403636600163555584.000000 -0.128774747 0.034443628 0.302799404 0.116453588 0.136513159 -0.036172364 0.983104467
1403636600213555456.000000 -0.129127458 0.034024872 0.302474856 -0.117055982 -0.136160657 0.034917001 -0.983127236
1403636600263555584.000000 -0.129086807 0.033963997 0.302405059 -0.117281377 -0.136125237 0.034753565 -0.983110964
1403636600313555456.000000 -0.129019275 0.033952497 0.302487761 -0.117501102 -0.136070460 0.034285478 -0.983108819
1403636600363555584.000000 -0.128935397 0.033863887 0.302598506 -0.117676221 -0.136154488 0.033718180 -0.983095825
1403636600413555456.000000 -0.128877282 0.033867046 0.302842587 -0.117767267 -0.136156976 0.033759259 -0.983083189
1403636600463555584.000000 -0.129335657 0.033670444 0.304174572 0.118058465 0.136204153 -0.033560477 0.983048558
1403636600513555456.000000 -0.129285395 0.033818506 0.304273129 0.117791161 0.136458382 -0.033753231 0.983038664
1403636600563555584.000000 -0.129031032 0.033990007 0.304246038 -0.117744438 -0.136327043 0.034158174 -0.983048558
1403636600613555456.000000 -0.129059806 0.033787783 0.304251194 -0.118003860 -0.136277929 0.033562474 -0.983044803
1403636600663555584.000000 -0.129090145 0.033794139 0.304195374 -0.117876098 -0.136205480 0.033702180 -0.983065426
1403636600713555456.000000 -0.129145190 0.033747606 0.304207683 -0.117888995 -0.136107951 0.033728067 -0.983076453
1403636600763555584.000000 -0.129124597 0.033704974 0.304250598 -0.118033141 -0.136113480 0.033446398 -0.983068049
1403636600813555456.000000 -0.129142985 0.033757124 0.304204255 -0.117791735 -0.136160314 0.033856377 -0.983076453
1403636600863555584.000000 -0.129193097 0.033666849 0.304192066 -0.117996134 -0.136044711 0.033467937 -0.983081222
1403636600913555456.000000 -0.129123047 0.033708222 0.304175943 -0.117797561 -0.136096865 0.033797279 -0.983086586
1403636600963555584.000000 -0.129224136 0.033739787 0.304181635 0.117951937 0.136050150 -0.033386841 0.983088553
1403636601013555456.000000 -0.129212037 0.033844963 0.304158598 0.117743962 0.136077270 -0.033863425 0.983093441
1403636601063555584.000000 -0.129165441 0.033740617 0.304164976 -0.117929101 -0.136021525 0.033365726 -0.983095944
1403636601113555456.000000 -0.129120260 0.033798657 0.304157466 -0.117732175 -0.136032388 0.033753175 -0.983104825
1403636601163555584.000000 -0.129164517 0.033707637 0.304146975 -0.117893718 -0.136006862 0.033395391 -0.983101249
1403636601213555456.000000 -0.129137427 0.033754453 0.304159433 -0.117730081 -0.136037156 0.033739518 -0.983104944
1403636601263555584.000000 -0.129174560 0.033690616 0.304187804 -0.117915943 -0.135967165 0.033332318 -0.983106196
1403636601313555456.000000 -0.129216000 0.033883408 0.304153085 0.117817864 0.136004433 -0.033789977 0.983097196
1403636601363555584.000000 -0.129260913 0.033842310 0.304179937 0.117913164 0.135962263 -0.033465441 0.983102679
1403636601413555456.000000 -0.129267454 0.033843361 0.304176837 0.117817417 0.135959387 -0.033645451 0.983108461
1403636601463555584.000000 -0.129192874 0.033790536 0.304158181 0.117900804 0.135950774 -0.033423293 0.983107150
1403636601513555456.000000 -0.129222065 0.033977106 0.304190338 -0.117830299 -0.136035115 0.033538152 -0.983099997
1403636601563555584.000000 -0.129179984 0.033911765 0.304192811 -0.117877536 -0.136041433 0.033329755 -0.983100653
1403636601613555456.000000 -0.129253805 0.033869810 0.304165602 -0.117860593 -0.136019692 0.033426572 -0.983102381
1403636601663555584.000000 -0.129270762 0.033814337 0.304155022 -0.117827021 -0.136088759 0.033402119 -0.983097672
1403636601713555456.000000 -0.129331350 0.033797935 0.304121047 -0.117866501 -0.136063308 0.033373483 -0.983097494
1403636601763555584.000000 -0.129336491 0.033855475 0.304182887 -0.117835857 -0.136090204 0.033411797 -0.983096123
1403636601813555456.000000 -0.129326373 0.033791635 0.304153144 -0.117917754 -0.136007354 0.033347562 -0.983099937
1403636601863555584.000000 -0.129282534 0.033869833 0.304190457 -0.117851891 -0.136059582 0.033380434 -0.983099461
1403636601913555456.000000 -0.129365057 0.033762649 0.304049969 0.117813691 0.136027440 -0.033371598 0.983108759
1403636601963555584.000000 -0.129350692 0.033765513 0.304029644 0.117774233 0.136031911 -0.033477165 0.983109355
1403636602013555456.000000 -0.129268676 0.033849292 0.304024011 -0.117811859 -0.136056215 0.033339549 -0.983106077
1403636602063555584.000000 -0.129250571 0.033856712 0.304006457 -0.117777243 -0.136014476 0.033498883 -0.983110666
1403636602113555456.000000 -0.129225954 0.033757009 0.304036826 -0.117843315 -0.135988623 0.033276640 -0.983113825
1403636602163555584.000000 -0.129347250 0.033815425 0.304052919 0.117783509 0.135982230 -0.033553440 0.983112454
1403636602213555456.000000 -0.129331991 0.033750832 0.304071873 0.117872037 0.135992140 -0.033312041 0.983108699
1403636602263555584.000000 -0.129452810 0.033774968 0.304175347 -0.117710307 -0.135950267 0.033560190 -0.983125448
1403636602313555456.000000 -0.129267305 0.033817671 0.304099947 0.117859259 0.135909423 -0.033358317 0.983120084
1403636602363555584.000000 -0.129208714 0.033846021 0.304092854 0.117791854 0.135903567 -0.033550143 0.983122468
1403636602413555456.000000 -0.129318312 0.033766676 0.304196894 -0.117873579 -0.135920465 0.033380423 -0.983116031
1403636602463555584.000000 -0.129236192 0.033833668 0.304217070 -0.117829107 -0.135961294 0.033440180 -0.983113706
1403636602513555456.000000 -0.129224986 0.033859022 0.304140478 -0.117827162 -0.135927349 0.033388682 -0.983120441
1403636602563555584.000000 -0.129205421 0.033879645 0.304112494 -0.117841497 -0.135920703 0.033379219 -0.983119905
1403636602613555456.000000 -0.129175261 0.033897020 0.304127783 -0.117848799 -0.135887459 0.033410713 -0.983122587
1403636602663555584.000000 -0.129165679 0.033909120 0.304166824 -0.117831931 -0.135891855 0.033407517 -0.983124137
1403636602713555456.000000 -0.129170686 0.033861309 0.304124594 -0.117845818 -0.135909677 0.033364281 -0.983121455
1403636602763555584.000000 -0.129180789 0.033858389 0.304105014 -0.117817834 -0.135915205 0.033354890 -0.983124375
1403636602813555456.000000 -0.129316881 0.033785883 0.304111391 0.117815576 0.135942817 -0.033403724 0.983119190
1403636602863555584.000000 -0.129328251 0.033781581 0.304104239 0.117850378 0.135942042 -0.033356108 0.983116746
1403636602913555456.000000 -0.129413232 0.033931252 0.303889632 -0.117775649 -0.135843605 0.033403765 -0.983137667
1403636602963555584.000000 -0.129223481 0.033834152 0.304086059 -0.117836706 -0.135980204 0.033315614 -0.983114481
1403636603013555456.000000 -0.129285127 0.033838458 0.303999692 -0.117730223 -0.135866061 0.033404414 -0.983139992
1403636603063555584.000000 -0.129163593 0.033744499 0.304201633 -0.117854290 -0.135970041 0.033311702 -0.983113825
1403636603113555456.000000 -0.129271209 0.033824593 0.304095447 -0.117696770 -0.135902524 0.033415996 -0.983138561
1403636603163555584.000000 -0.129183233 0.033729948 0.304249763 -0.117787234 -0.135986403 0.033335857 -0.983118892
1403636603213555456.000000 -0.129298449 0.033768311 0.304094225 -0.117745280 -0.135864794 0.033379395 -0.983139217
1403636603263555584.000000 -0.129296288 0.033809826 0.304117501 -0.117813319 -0.135880351 0.033336319 -0.983130336
1403636603313555456.000000 -0.129360944 0.033777729 0.303995520 0.117788598 0.136084542 -0.033391114 0.983103216
1403636603363555584.000000 -0.129373372 0.033781450 0.304010510 0.117832802 0.136123136 -0.033342995 0.983094156
1403636603413555456.000000 -0.129345596 0.033830956 0.303932726 -0.117732219 -0.135966435 0.033416834 -0.983125448
1403636603463555584.000000 -0.129353866 0.033684164 0.304013819 -0.117792189 -0.136117786 0.033353735 -0.983099461
1403636603513555456.000000 -0.129332379 0.033648297 0.304060638 -0.117752708 -0.136062384 0.033369865 -0.983111322
1403636603563555584.000000 -0.129320085 0.033647183 0.304108858 -0.117783748 -0.136051536 0.033356659 -0.983109534
1403636603613555456.000000 -0.129310682 0.033655282 0.304148942 -0.117776774 -0.136040404 0.033377279 -0.983111203
1403636603663555584.000000 -0.129290402 0.033663217 0.304154754 -0.117770001 -0.136060745 0.033373810 -0.983109355
1403636603713555456.000000 -0.129304513 0.033688724 0.304106116 -0.117791720 -0.136048973 0.033354476 -0.983108997
1403636603763555584.000000 -0.129298806 0.033691444 0.304096133 -0.117806666 -0.136008725 0.033316080 -0.983114064
1403636603813555456.000000 -0.129316151 0.033766359 0.304074734 0.117684290 0.135844484 -0.033427194 0.983147681
1403636603863555584.000000 -0.129298329 0.033778463 0.304079682 0.117696650 0.135977000 -0.033394258 0.983129025
1403636603913555456.000000 -0.129467145 0.033720396 0.303752959 -0.117778607 -0.135973811 0.033307578 -0.983122587
1403636603963555584.000000 -0.129236087 0.033712063 0.304085851 -0.117641307 -0.135978431 0.033472832 -0.983132720
1403636604013555456.000000 -0.129368529 0.033740282 0.303868115 -0.117804900 -0.136035621 0.033252947 -0.983112693
1403636604063555584.000000 -0.129214346 0.033760827 0.304182589 -0.117703363 -0.135958299 0.033395451 -0.983130813
1403636604113555456.000000 -0.129224628 0.033747409 0.304200202 -0.117775351 -0.135984257 0.033290599 -0.983122110
1403636604163555584.000000 -0.129375428 0.033830106 0.303932816 -0.117779687 -0.136091202 0.033394650 -0.983103216
1403636604213555456.000000 -0.129236892 0.033774070 0.304192781 -0.117773272 -0.135999277 0.033333626 -0.983118832
1403636604263555584.000000 -0.129361331 0.033823498 0.303908706 -0.117813766 -0.136090934 0.033324786 -0.983101547
1403636604313555456.000000 -0.129364341 0.033796322 0.303947300 0.117812693 0.136098906 -0.033291116 0.983101726
1403636604363555584.000000 -0.129371732 0.033791471 0.303960145 0.117799796 0.136091858 -0.033358298 0.983101964
1403636604413555456.000000 -0.129332840 0.033914920 0.303857118 -0.117857218 -0.136055097 0.033311803 -0.983101785
1403636604463555584.000000 -0.129306033 0.033886705 0.303848147 -0.117841490 -0.136099219 0.033363637 -0.983095825
1403636604513555456.000000 -0.129364789 0.033843543 0.303894579 -0.117772736 -0.136048734 0.033295460 -0.983113348
1403636604563555584.000000 -0.129291773 0.033821866 0.303995371 -0.117855236 -0.136103705 0.033300582 -0.983095646
1403636604613555456.000000 -0.129298106 0.033798225 0.304025263 -0.117833473 -0.136122599 0.033292986 -0.983095884
1403636604663555584.000000 -0.129380047 0.033814773 0.303986251 -0.117792547 -0.136045769 0.033262528 -0.983112454
1403636604713555456.000000 -0.129371271 0.033835173 0.304019511 -0.117803827 -0.136055306 0.033283461 -0.983109057
1403636604763555584.000000 -0.129279658 0.033779487 0.304027557 -0.117886551 -0.136106253 0.033333641 -0.983090460
1403636604813555456.000000 -0.129342511 0.033789538 0.304018319 0.117761314 0.136016935 -0.033397194 0.983115673
1403636604863555584.000000 -0.129335016 0.033779055 0.303982973 0.117768750 0.136002854 -0.033364724 0.983117819
1403636604913555456.000000 -0.129445627 0.033662912 0.303932130 -0.117724232 -0.135987788 0.033358604 -0.983125448
1403636604963555584.000000 -0.129283041 0.033768132 0.303981990 -0.117791533 -0.135985866 0.033371951 -0.983117223
1403636605013555456.000000 -0.129244193 0.033828780 0.303968906 -0.117784716 -0.135983914 0.033368032 -0.983118415
1403636605063555584.000000 -0.129230425 0.033858087 0.303996295 -0.117826782 -0.135946825 0.033337288 -0.983119488
1403636605113555456.000000 -0.129351258 0.033868462 0.303957433 -0.117801070 -0.136065543 0.033392686 -0.983104348
1403636605163555584.000000 -0.129338712 0.033831559 0.303959936 -0.117848098 -0.136041954 0.033279829 -0.983105779
1403636605213555456.000000 -0.129330799 0.033816561 0.303990722 -0.117826715 -0.136040568 0.033347223 -0.983106196
1403636605263555584.000000 -0.129364535 0.033808842 0.303976238 -0.117858261 -0.136057317 0.033271387 -0.983102739
1403636605313555456.000000 -0.129293337 0.033815309 0.304154903 0.117815413 0.135983989 -0.033428609 0.983112633
1403636605363555584.000000 -0.129305989 0.033784050 0.304147512 0.117874950 0.135960206 -0.033299625 0.983113229
1403636605413555456.000000 -0.129380465 0.033743508 0.304099888 -0.117756203 -0.136010543 0.033331234 -0.983119428
1403636605463555584.000000 -0.129326522 0.033790998 0.304103553 0.117768906 0.135913566 -0.033325598 0.983131468
1403636605513555456.000000 -0.129299030 0.033818766 0.304078937 0.117741138 0.135908291 -0.033369660 0.983134031
1403636605563555584.000000 -0.129319116 0.033903781 0.304273665 -0.117803253 -0.135918528 0.033299420 -0.983127534
1403636605613555456.000000 -0.129285559 0.033828959 0.304212838 -0.117810093 -0.135942817 0.033357281 -0.983121395
1403636605663555584.000000 -0.129280850 0.033790402 0.304087728 0.117783278 0.135955542 -0.033314306 0.983124316
1403636605713555456.000000 -0.129290700 0.033811554 0.304044783 0.117776372 0.135931060 -0.033322301 0.983128250
1403636605763555584.000000 -0.129337192 0.033781663 0.303969175 -0.117730796 -0.135902464 0.033307169 -0.983138204
1403636605813555456.000000 -0.129259631 0.033827648 0.303990453 -0.117697828 -0.135953844 0.033323985 -0.983134449
1403636605863555584.000000 -0.129337847 0.033761330 0.303832501 -0.117729038 -0.135882735 0.033305537 -0.983141184
1403636605913555456.000000 -0.129328296 0.033890281 0.304035634 0.117876239 0.135986567 -0.033285309 0.983109891
1403636605963555584.000000 -0.129302874 0.033860292 0.304091334 0.117892116 0.135979071 -0.033246979 0.983110309
1403636606013555456.000000 -0.129361555 0.033742007 0.304429740 -0.117694683 -0.135863379 0.033354443 -0.983146310
1403636606063555584.000000 -0.129323855 0.033699065 0.304338604 -0.117651612 -0.135807589 0.033363197 -0.983158886
1403636606113555456.000000 -0.129260391 0.033759966 0.304322243 -0.117698610 -0.135895252 0.033322755 -0.983142436
1403636606163555584.000000 -0.129277885 0.033711586 0.304155022 -0.117630526 -0.135825291 0.033357896 -0.983159125
1403636606213555456.000000 -0.129202276 0.033871662 0.303969979 -0.117874019 -0.136038184 0.033264689 -0.983103693
1403636606263555584.000000 -0.129180983 0.033893351 0.303912401 -0.117855303 -0.136050016 0.033277746 -0.983103871
1403636606313555456.000000 -0.129185930 0.033902936 0.303899467 -0.117855854 -0.136044145 0.033243153 -0.983105779
1403636606363555584.000000 -0.129202098 0.033875257 0.303881824 -0.117845878 -0.136080921 0.033251490 -0.983101547
1403636606413555456.000000 -0.129346341 0.033832103 0.303987205 0.117770776 0.135987327 -0.033264618 0.983123064
1403636606463555584.000000 -0.129328072 0.033820909 0.303965390 0.117799789 0.135990977 -0.033259083 0.983119309
1403636606513555456.000000 -0.129229173 0.033780083 0.303921372 -0.117783062 -0.135990083 0.033200540 -0.983123422
1403636606563555584.000000 -0.129198089 0.033827633 0.303907633 -0.117767140 -0.135985002 0.033207845 -0.983125746
1403636606613555456.000000 -0.129232720 0.033884197 0.303894877 -0.117760852 -0.136033744 0.033232067 -0.983118951
1403636606663555584.000000 -0.129274338 0.033897072 0.303865850 -0.117753744 -0.136037603 0.033242624 -0.983118892
1403636606713555456.000000 -0.129292965 0.033886302 0.303888351 -0.117786668 -0.136052042 0.033274215 -0.983111918
1403636606763555584.000000 -0.129308000 0.033880260 0.303860784 -0.117764018 -0.136034414 0.033266708 -0.983117342
1403636606813555456.000000 -0.129306495 0.033877563 0.303874016 -0.117819339 -0.136023670 0.033291526 -0.983111322
1403636606863555584.000000 -0.129303813 0.033900965 0.303894877 -0.117850259 -0.136021674 0.033280175 -0.983108342
1403636606913555456.000000 -0.129382402 0.033820793 0.303989857 0.117745973 0.136010095 -0.033274274 0.983122587
1403636606963555584.000000 -0.129388288 0.033825178 0.304039508 0.117746629 0.136032268 -0.033267140 0.983119667
1403636607013555456.000000 -0.129359111 0.033804301 0.303933203 -0.117740259 -0.136027321 0.033244308 -0.983121932
1403636607063555584.000000 -0.129326716 0.033810928 0.303880781 -0.117755942 -0.136022776 0.033264566 -0.983119965
1403636607113555456.000000 -0.129343599 0.033832923 0.303957522 -0.117751025 -0.135982022 0.033290882 -0.983125329
1403636607163555584.000000 -0.129325017 0.033797212 0.303739220 -0.117778189 -0.136020958 0.033272639 -0.983117282
1403636607213555456.000000 -0.129319012 0.033853438 0.303837657 -0.117755271 -0.135946587 0.033303671 -0.983129263
1403636607263555584.000000 -0.129333779 0.033858106 0.303847969 -0.117729485 -0.135964736 0.033307694 -0.983129680
1403636607313555456.000000 -0.129346892 0.033819705 0.303883463 -0.117759280 -0.135916471 0.033318724 -0.983132422
1403636607363555584.000000 -0.129327103 0.033820674 0.303892106 -0.117756501 -0.135923356 0.033351529 -0.983130693
1403636607413555456.000000 -0.129296303 0.033846430 0.303919226 0.117768757 0.135866940 -0.033345297 0.983137250
1403636607463555584.000000 -0.129291326 0.033870347 0.303990453 0.117811717 0.135901779 -0.033368092 0.983126521
1403636607513555456.000000 -0.129271865 0.033793353 0.303889275 -0.117790490 -0.135908574 0.033357471 -0.983128428
1403636607563555584.000000 -0.129215926 0.033852167 0.303931534 -0.117772371 -0.135917068 0.033389080 -0.983128428
1403636607613555456.000000 -0.129190266 0.033894997 0.303970873 -0.117755860 -0.135925665 0.033388343 -0.983129203
1403636607663555584.000000 -0.129175350 0.033912353 0.304001421 -0.117727980 -0.135905325 0.033400264 -0.983134985
1403636607713555456.000000 -0.129197121 0.033915132 0.304066569 -0.117749311 -0.135870472 0.033372112 -0.983138204
1403636607763555584.000000 -0.129185468 0.033902727 0.304107845 -0.117741585 -0.135873541 0.033374108 -0.983138561
1403636607813555456.000000 -0.129182965 0.033908267 0.304147691 -0.117757916 -0.135884315 0.033379585 -0.983134985
1403636607863555584.000000 -0.129194468 0.033879668 0.304183900 -0.117756017 -0.135891020 0.033331480 -0.983135939
1403636607913555456.000000 -0.129181385 0.033742689 0.304051518 0.117782071 0.135672405 -0.033498812 0.983157337
1403636607963555584.000000 -0.129196137 0.033764452 0.304010004 0.117746912 0.135679260 -0.033545110 0.983159065
1403636608013555456.000000 -0.129468560 0.033738531 0.304194450 -0.117651775 -0.135837838 0.033374082 -0.983154297
1403636608063555584.000000 -0.129399970 0.033781063 0.304193169 -0.117651127 -0.135841057 0.033365663 -0.983154237
1403636608113555456.000000 -0.129345089 0.033784539 0.304165214 -0.117614605 -0.135892391 0.033297684 -0.983153820
1403636608163555584.000000 -0.129324809 0.033834048 0.304083288 -0.117679909 -0.135862485 0.033313580 -0.983149588
1403636608213555456.000000 -0.129298389 0.033841930 0.304026216 -0.117690369 -0.135852039 0.033321902 -0.983149469
1403636608263555584.000000 -0.129299685 0.033858236 0.304054588 -0.117749639 -0.135852605 0.033291660 -0.983143389
1403636608313555456.000000 -0.129300535 0.033897843 0.304084927 -0.117750816 -0.135867491 0.033329573 -0.983139873
1403636608363555584.000000 -0.129307836 0.033889495 0.304055184 -0.117786288 -0.135837078 0.033326220 -0.983139932
1403636608413555456.000000 -0.129344940 0.033804640 0.303960055 0.117770508 0.136005163 -0.033268236 0.983120501
1403636608463555584.000000 -0.129352555 0.033799253 0.303971052 0.117815860 0.135993287 -0.033259716 0.983117044
1403636608513555456.000000 -0.129292116 0.033801179 0.304059863 -0.117787100 -0.136004478 0.033247348 -0.983119369
1403636608563555584.000000 -0.129231870 0.033811659 0.304090083 -0.117802061 -0.136042610 0.033247717 -0.983112216
1403636608613555456.000000 -0.129186794 0.033834539 0.304134369 -0.117790893 -0.136055216 0.033265941 -0.983111322
1403636608663555584.000000 -0.129179493 0.033821847 0.304159462 -0.117769122 -0.136055365 0.033272088 -0.983113647
1403636608713555456.000000 -0.129203722 0.033823248 0.304130256 -0.117745779 -0.136083052 0.033296533 -0.983111739
1403636608763555584.000000 -0.129219621 0.033837084 0.304138869 -0.117761880 -0.136066675 0.033287838 -0.983112335
1403636608813555456.000000 -0.129218683 0.033824205 0.304088086 -0.117774345 -0.136045530 0.033304989 -0.983113229
1403636608863555584.000000 -0.129249409 0.033787251 0.304138243 -0.117791422 -0.136035413 0.033290654 -0.983113110
1403636608913555456.000000 -0.129287958 0.033802945 0.303975314 0.117739581 0.135835916 -0.033356518 0.983144701
1403636608963555584.000000 -0.129296273 0.033829384 0.303960621 0.117753178 0.135858923 -0.033304807 0.983141601
1403636609013555456.000000 -0.129679292 0.033817168 0.303974926 -0.117753595 -0.135956839 0.033298206 -0.983128250
1403636609063555584.000000 -0.129227459 0.033814274 0.303954959 0.117810898 0.135794014 -0.033434484 0.983139277
1403636609113555456.000000 -0.129119784 0.033777200 0.303982705 0.117810734 0.135804683 -0.033445846 0.983137369
1403636609163555584.000000 -0.129298598 0.033527121 0.303774476 -0.117771164 -0.135882750 0.033340376 -0.983134925
1403636609213555456.000000 -0.129275605 0.033616975 0.303783417 -0.117772318 -0.135897502 0.033326022 -0.983133197
1403636609263555584.000000 -0.129351020 0.033691362 0.303892523 -0.117770880 -0.136057958 0.033282332 -0.983112693
1403636609313555456.000000 -0.129262641 0.033750881 0.303875536 -0.117756069 -0.135882512 0.033351291 -0.983136415
1403636609363555584.000000 -0.129338041 0.033742845 0.303987980 -0.117766209 -0.135998040 0.033304073 -0.983120799
1403636609413555456.000000 -0.129230678 0.033750024 0.303950191 -0.117729232 -0.135842130 0.033346280 -0.983145416
1403636609463555584.000000 -0.129237846 0.033744864 0.303962201 -0.117734827 -0.135841787 0.033371661 -0.983143926
1403636609513555456.000000 -0.129340708 0.033733927 0.304019123 -0.117728002 -0.135994613 0.033321239 -0.983125269
1403636609563555584.000000 -0.129268408 0.033793394 0.303945273 0.117792651 0.135757998 -0.033492111 0.983144403
1403636609613555456.000000 -0.129278064 0.033782512 0.303964198 0.117801584 0.135744542 -0.033482194 0.983145595
1403636609663555584.000000 -0.129418969 0.033758402 0.304201812 -0.117748827 -0.135914296 0.033246215 -0.983136415
1403636609713555456.000000 -0.129138365 0.033831019 0.304023445 -0.117788583 -0.135756567 0.033493515 -0.983145058
1403636609763555584.000000 -0.129111916 0.033820003 0.303956389 -0.117828958 -0.135763004 0.033416238 -0.983141959
1403636609813555456.000000 -0.129125252 0.033848733 0.303906411 -0.117883056 -0.135605305 0.033444393 -0.983156323
1403636609863555584.000000 -0.129102364 0.033865146 0.303932279 -0.117847785 -0.135711491 0.033471171 -0.983144939
1403636609913555456.000000 -0.129135638 0.033870779 0.303914338 -0.117912114 -0.135672092 0.033419378 -0.983144403
1403636609963555584.000000 -0.129129514 0.033905014 0.303901762 -0.117908157 -0.135638207 0.033435181 -0.983149111
1403636610013555456.000000 -0.129099399 0.033884406 0.303857595 -0.117918104 -0.135686249 0.033410173 -0.983142138
1403636610063555584.000000 -0.129253671 0.033750590 0.303842187 0.117753848 0.135682538 -0.033442907 0.983161211
1403636610113555456.000000 -0.129270926 0.033751216 0.303870350 0.117779955 0.135719985 -0.033392925 0.983154535
1403636610163555584.000000 -0.129441530 0.033791795 0.303742617 -0.117876090 -0.135892749 0.033269145 -0.983123422
1403636610213555456.000000 -0.129236668 0.033833191 0.303892702 -0.117899612 -0.135608673 0.033357613 -0.983156800
1403636610263555584.000000 -0.129339114 0.033910360 0.303953201 -0.117824547 -0.135821790 0.033296250 -0.983138502
1403636610313555456.000000 -0.129329368 0.033880144 0.303976625 -0.117867082 -0.135867238 0.033188876 -0.983130693
1403636610363555584.000000 -0.129205763 0.033865608 0.304076225 -0.117844447 -0.135579422 0.033336844 -0.983168125
1403636610413555456.000000 -0.129310489 0.033827815 0.304110527 -0.117793538 -0.135858834 0.033259708 -0.983138263
1403636610463555584.000000 -0.129161268 0.033814780 0.304154307 -0.117827252 -0.135584459 0.033348542 -0.983169079
1403636610513555456.000000 -0.129166052 0.033694409 0.303941160 0.117656425 0.135569304 -0.033596076 0.983183265
1403636610563555584.000000 -0.129168823 0.033689901 0.303970456 0.117675483 0.135601088 -0.033545777 0.983178318
1403636610613555456.000000 -0.129389450 0.033585265 0.304037184 -0.117737725 -0.135740831 0.033380304 -0.983157158
1403636610663555584.000000 -0.129344478 0.033666641 0.304089546 -0.117746368 -0.135742247 0.033344589 -0.983157158
1403636610713555456.000000 -0.129269511 0.033730853 0.304111540 -0.117745847 -0.135708123 0.033392910 -0.983160257
1403636610763555584.000000 -0.129253849 0.033777799 0.304080844 -0.117775209 -0.135589004 0.033453312 -0.983171165
1403636610813555456.000000 -0.129182115 0.033876270 0.304075897 -0.117752887 -0.135571077 0.033527985 -0.983173788
1403636610863555584.000000 -0.129245400 0.033899158 0.303916484 -0.117975384 -0.135541424 0.033433482 -0.983154416
1403636610913555456.000000 -0.129142091 0.033951096 0.304004133 -0.117843069 -0.135633111 0.033592228 -0.983152211
1403636610963555584.000000 -0.129198253 0.033856001 0.303982019 -0.117994480 -0.135497734 0.033445142 -0.983157694
1403636611013555456.000000 -0.129090369 0.033835161 0.304116488 0.117750600 0.135525316 -0.033638541 0.983176589
1403636611063555584.000000 -0.129211545 0.033827420 0.304099530 0.117815830 0.135363862 -0.033702467 0.983188808
1403636611113555456.000000 -0.128984153 0.033932444 0.304161698 -0.117834561 -0.135474548 0.033663761 -0.983172655
1403636611163555584.000000 -0.129070058 0.033895195 0.304088175 -0.117845334 -0.135302186 0.033847060 -0.983188808
1403636611213555456.000000 -0.129175112 0.033911649 0.304085344 -0.117898315 -0.135553420 0.033675954 -0.983153701
1403636611263555584.000000 -0.128882095 0.033847131 0.304125786 -0.117895350 -0.135467976 0.033632882 -0.983167350
1403636611313555456.000000 -0.129163384 0.033805538 0.304048479 -0.117894739 -0.135603741 0.033562616 -0.983151078
1403636611363555584.000000 -0.129380971 0.033662394 0.304148644 0.118603982 0.135624975 -0.032716502 0.983091354
1403636611413555456.000000 -0.129299104 0.033860277 0.304209054 0.118277982 0.135881454 -0.033090364 0.983082712
1403636611463555584.000000 -0.129738152 0.034002177 0.304136634 -0.118389510 -0.135128751 0.032641023 -0.983188033
1403636611513555456.000000 -0.129231542 0.034609962 0.304166794 0.117395557 0.135617048 -0.033925362 0.983196557
1403636611563555584.000000 -0.129244044 0.034451019 0.304299146 0.117843412 0.135286868 -0.033136055 0.983215332
1403636611613555456.000000 -0.129226640 0.034391988 0.304356545 0.117749482 0.135598764 -0.033812899 0.983160615
1403636611663555584.000000 -0.129156351 0.034305282 0.304335058 0.117988281 0.135517180 -0.033110484 0.983167171
1403636611713555456.000000 -0.129233152 0.034384403 0.304334402 0.117494687 0.135817438 -0.033960737 0.983155787
1403636611763555584.000000 -0.129136622 0.034211501 0.304292858 0.117887370 0.135630041 -0.033388317 0.983154297
1403636611813555456.000000 -0.129803494 0.034230981 0.304513812 -0.118045464 -0.135806769 0.032762945 -0.983131945
1403636611863555584.000000 -0.129506752 0.034586377 0.304552078 -0.117586650 -0.136429965 0.033287119 -0.983083010
1403636611913555456.000000 -0.129346207 0.034351625 0.304296494 0.117694505 0.135731578 -0.033666767 0.983153880
1403636611963555584.000000 -0.129281402 0.034128286 0.304191679 0.118036859 0.135716751 -0.033259943 0.983128786
1403636612013555456.000000 -0.129457593 0.034127712 0.304365724 -0.118368268 -0.135764122 0.032949653 -0.983092785
1403636612063555584.000000 -0.129255489 0.034453958 0.304318488 0.117730767 0.135647029 -0.033820856 0.983155966
1403636612113555456.000000 -0.129230306 0.034101196 0.304297686 0.118524402 0.135501102 -0.032547243 0.983123720
1403636612163555584.000000 -0.129341245 0.034019612 0.304463446 0.118659370 0.135881588 -0.032635812 0.983051956
1403636612213555456.000000 -0.129330397 0.034210425 0.304416686 0.118606910 0.135525212 -0.032541983 0.983110607
1403636612263555584.000000 -0.129207328 0.034809899 0.304454595 0.117084607 0.136400893 -0.035389315 0.983073533
1403636612313555456.000000 -0.129382610 0.033999268 0.304322451 0.118721053 0.135767430 -0.032370701 0.983069003
1403636612363555584.000000 -0.129116535 0.034748718 0.304418623 0.117330946 0.135906532 -0.035179451 0.983120263
1403636612413555456.000000 -0.129112929 0.034323789 0.304219157 0.118383780 0.135691941 -0.032931395 0.983101547
1403636612463555584.000000 -0.129192233 0.034762509 0.304471791 0.117444009 0.135990486 -0.034914248 0.983104527
1403636612513555456.000000 -0.129229575 0.034387548 0.304465950 0.118244871 0.135694250 -0.033182796 0.983109415
1403636612563555584.000000 -0.129314065 0.034608863 0.304362446 0.117667176 0.136047557 -0.034407087 0.983087897
1403636612613555456.000000 -0.129346848 0.034433827 0.304204226 0.118122324 0.135859117 -0.033345323 0.983095944
1403636612663555584.000000 -0.129274771 0.034661103 0.304309726 0.117669910 0.135817483 -0.034331124 0.983121991
1403636612713555456.000000 -0.129193887 0.034373358 0.304231644 0.118143268 0.135701388 -0.033409305 0.983113050
1403636612763555584.000000 -0.129311070 0.034630202 0.304237723 0.117792353 0.135922939 -0.034042504 0.983102798
1403636612813555456.000000 -0.129260689 0.034398712 0.304251105 0.118044958 0.135901451 -0.033460177 0.983095467
1403636612863555584.000000 -0.129266858 0.034498040 0.304258943 0.118055403 0.135735095 -0.033742938 0.983107567
1403636612913555456.000000 -0.129168719 0.034629259 0.304279119 0.117950730 0.135707006 -0.033739321 0.983124077
1403636612963555584.000000 -0.129138708 0.034481667 0.304132283 -0.118072882 -0.135707393 0.033492338 -0.983117759
1403636613013555456.000000 -0.129017159 0.034583159 0.304194063 -0.117871858 -0.135820419 0.033720303 -0.983118534
1403636613063555584.000000 -0.129072934 0.034489281 0.304245025 -0.118179366 -0.135746658 0.033187859 -0.983109951
1403636613113555456.000000 -0.129379511 0.034574363 0.304285169 0.117809229 0.135902673 -0.033824094 0.983111143
1403636613163555584.000000 -0.129394740 0.034390569 0.304366142 0.118133046 0.135983393 -0.032994200 0.983089268
1403636613213555456.000000 -0.129339337 0.034627907 0.304402977 0.117904447 0.135926887 -0.033752773 0.983098805
1403636613263555584.000000 -0.129324660 0.034564789 0.304348588 0.118251480 0.135852024 -0.033118322 0.983089030
1403636613313555456.000000 -0.129332080 0.034571126 0.304328442 0.117862135 0.136055946 -0.033688728 0.983088255
1403636613363555584.000000 -0.129361361 0.034456681 0.304410994 0.118155792 0.135857671 -0.033133332 0.983099222
1403636613413555456.000000 -0.129288346 0.034552425 0.304282367 0.117838547 0.135772258 -0.033886414 0.983123481
1403636613463555584.000000 -0.129288495 0.034457866 0.304260880 0.118099958 0.135747701 -0.033318754 0.983114898
1403636613513555456.000000 -0.129313573 0.034649432 0.304258347 -0.117881112 -0.135821894 0.033778429 -0.983115256
1403636613563555584.000000 -0.129310131 0.034644201 0.304186195 -0.118107930 -0.135746866 0.033335440 -0.983113468
1403636613613555456.000000 -0.129220337 0.034783877 0.304224879 -0.117906317 -0.135827959 0.033701498 -0.983114004
1403636613663555584.000000 -0.129222333 0.034659967 0.304226786 -0.118112750 -0.135742098 0.033290546 -0.983115077
1403636613713555456.000000 -0.129193574 0.034722440 0.304185420 -0.117978066 -0.135846019 0.033485565 -0.983110249
1403636613763555584.000000 -0.129215717 0.034670740 0.304174751 -0.118007578 -0.135841116 0.033362187 -0.983111560
1403636613813555456.000000 -0.129228711 0.034643136 0.304161370 -0.117982604 -0.135818273 0.033394620 -0.983116627
1403636613863555584.000000 -0.129243091 0.034618273 0.304151922 -0.118017875 -0.135753959 0.033367824 -0.983122170
1403636613913555456.000000 -0.129530534 0.034486510 0.304283291 0.117968857 0.136356533 -0.033155840 0.983051896
1403636613963555584.000000 -0.129536256 0.034473918 0.304277599 0.117989048 0.136330873 -0.033096556 0.983055055
1403636614013555456.000000 -0.129563242 0.034514699 0.304362535 -0.118050128 -0.136346906 0.033029452 -0.983047724
1403636614063555584.000000 -0.129462063 0.034570314 0.304411471 -0.117997810 -0.136420920 0.033076856 -0.983042121
1403636614113555456.000000 -0.129396245 0.034566183 0.304461241 -0.118048579 -0.136422649 0.033011153 -0.983038008
1403636614163555584.000000 -0.129362151 0.034560163 0.304460824 -0.118017375 -0.136434987 0.033085242 -0.983037531
1403636614213555456.000000 -0.129365742 0.034549683 0.304418057 -0.118052274 -0.136395335 0.033011403 -0.983041406
1403636614263555584.000000 -0.129348487 0.034611613 0.304422081 -0.117949672 -0.136423528 0.033111919 -0.983046412
1403636614313555456.000000 -0.129363149 0.034567650 0.304454774 -0.118052587 -0.136452958 0.032925472 -0.983036220
1403636614363555584.000000 -0.129322961 0.034595761 0.304559618 -0.117949612 -0.136511624 0.033105772 -0.983034372
1403636614413555456.000000 -0.129499525 0.034479726 0.304270506 0.118105546 0.136320263 -0.032929976 0.983048081
1403636614463555584.000000 -0.129518777 0.034559380 0.304284424 0.117971212 0.136420071 -0.033223361 0.983040452
1403636614513555456.000000 -0.129418835 0.034643460 0.304388821 -0.118139520 -0.136423707 0.032952800 -0.983028948
1403636614563555584.000000 -0.129370421 0.034670848 0.304425716 -0.118043706 -0.136366740 0.033148251 -0.983041763
1403636614613555456.000000 -0.129330203 0.034577135 0.304473877 -0.118128426 -0.136315510 0.032934736 -0.983045876
1403636614663555584.000000 -0.129302919 0.034559369 0.304541409 -0.118028373 -0.136338562 0.033101045 -0.983049095
1403636614713555456.000000 -0.129301086 0.034487266 0.304521978 -0.118103758 -0.136338457 0.032911755 -0.983046412
1403636614763555584.000000 -0.129306108 0.034524318 0.304459155 -0.118027098 -0.136332229 0.033050843 -0.983051777
1403636614813555456.000000 -0.129303440 0.034526676 0.304442763 -0.118028931 -0.136341840 0.032967594 -0.983053088
1403636614863555584.000000 -0.129339576 0.034506612 0.304435134 -0.118010171 -0.136320204 0.033029709 -0.983056247
1403636614913555456.000000 -0.129466444 0.034520607 0.304251790 0.118059129 0.136268124 -0.033040620 0.983057201
1403636614963555584.000000 -0.129469261 0.034521744 0.304245949 0.117983155 0.136336908 -0.033092022 0.983054996
1403636615013555456.000000 -0.129386529 0.034470208 0.304348946 -0.118041068 -0.136351645 0.032996260 -0.983049214
1403636615063555584.000000 -0.129364923 0.034521498 0.304412723 -0.118040800 -0.136311784 0.033016998 -0.983054101
1403636615113555456.000000 -0.129337490 0.034567092 0.304421544 -0.118038207 -0.136291757 0.033089399 -0.983054757
1403636615163555584.000000 -0.129319593 0.034582939 0.304405600 -0.118085191 -0.136287525 0.033059128 -0.983050704
1403636615213555456.000000 -0.129294157 0.034583826 0.304397553 -0.118040167 -0.136325493 0.033124153 -0.983048677
1403636615263555584.000000 -0.129309982 0.034569360 0.304388613 -0.118072972 -0.136364534 0.033056885 -0.983041584
1403636615313555456.000000 -0.129327968 0.034572084 0.304371297 -0.118022375 -0.136301726 0.033122491 -0.983054221
1403636615363555584.000000 -0.129335418 0.034542277 0.304364502 -0.118030481 -0.136339024 0.033032019 -0.983051062
1403636615413555456.000000 -0.129439175 0.034499601 0.304251462 0.118017994 0.136290595 -0.033177368 0.983054399
1403636615463555584.000000 -0.129457816 0.034500159 0.304268092 0.118052602 0.136285886 -0.033135090 0.983052373
1403636615513555456.000000 -0.129444450 0.034540914 0.304395795 0.118051730 0.136334658 -0.033223636 0.983042717
1403636615563555584.000000 -0.129387289 0.034504145 0.304430306 0.118049629 0.136307433 -0.033175334 0.983048320
1403636615613555456.000000 -0.129570544 0.034440793 0.304044038 -0.117985711 -0.136243328 0.033191536 -0.983064353
1403636615663555584.000000 -0.129570171 0.034443688 0.304013938 -0.118026331 -0.136247009 0.033125147 -0.983061194
1403636615713555456.000000 -0.129447430 0.034467567 0.304049462 -0.117988557 -0.136186570 0.033175502 -0.983072460
1403636615763555584.000000 -0.129319936 0.034516476 0.304351240 -0.118049890 -0.136267707 0.033145249 -0.983054817
1403636615813555456.000000 -0.129267305 0.034540072 0.304459512 -0.117983304 -0.136346415 0.033172555 -0.983051002
1403636615863555584.000000 -0.129359946 0.034486391 0.304239303 -0.117985331 -0.136236817 0.033030536 -0.983070731
1403636615913555456.000000 -0.129412264 0.034468345 0.304275572 -0.117938630 -0.136256546 0.033147391 -0.983069658
1403636615963555584.000000 -0.129383907 0.034434985 0.304301590 -0.117967822 -0.136250049 0.033072859 -0.983069599
1403636616013555456.000000 -0.129473135 0.034459051 0.304218888 0.117954835 0.136272594 -0.033197198 0.983063757
1403636616063555584.000000 -0.129485860 0.034509942 0.304244965 0.117986985 0.136260390 -0.033149574 0.983063221
1403636616113555456.000000 -0.129356056 0.034543235 0.304214239 -0.117942750 -0.136321768 0.033132516 -0.983060658
1403636616163555584.000000 -0.129309356 0.034559887 0.304318756 -0.117964283 -0.136291996 0.033104591 -0.983063161
1403636616213555456.000000 -0.129285052 0.034568846 0.304399461 -0.117925495 -0.136297449 0.033143576 -0.983065724
1403636616263555584.000000 -0.129280940 0.034572609 0.304434806 -0.117911987 -0.136308223 0.033145241 -0.983065784
1403636616313555456.000000 -0.129288435 0.034571130 0.304444253 -0.117910288 -0.136341736 0.033152867 -0.983061075
1403636616363555584.000000 -0.129322171 0.034537911 0.304461032 -0.117928781 -0.136349261 0.033094842 -0.983059704
1403636616413555456.000000 -0.129323959 0.034539655 0.304506332 -0.117949538 -0.136339322 0.033104550 -0.983058333
1403636616463555584.000000 -0.129325032 0.034527496 0.304497927 -0.117953509 -0.136352703 0.033083230 -0.983056724
1403636616513555456.000000 -0.129583061 0.034489136 0.304257661 0.118012488 0.136494532 -0.033074424 0.983030260
1403636616563555584.000000 -0.129588395 0.034462638 0.304173738 0.117969535 0.136472344 -0.033079542 0.983038306
1403636616613555456.000000 -0.129519776 0.034255411 0.303965837 -0.117911242 -0.136244044 0.033193510 -0.983073115
1403636616663555584.000000 -0.129471064 0.034310918 0.303992182 -0.117911413 -0.136259571 0.033172373 -0.983071625
1403636616713555456.000000 -0.129449457 0.034411203 0.304088742 -0.117920443 -0.136235878 0.033164788 -0.983074129
1403636616763555584.000000 -0.129407421 0.034444034 0.304174334 -0.117925331 -0.136230648 0.033124533 -0.983075559
1403636616813555456.000000 -0.129436195 0.034516729 0.304417372 -0.118007012 -0.136400595 0.033034548 -0.983045280
1403636616863555584.000000 -0.129423618 0.034456737 0.304302543 -0.117950335 -0.136229023 0.033122014 -0.983072937
1403636616913555456.000000 -0.129522830 0.034497969 0.304190457 0.118046708 0.136374235 -0.033059411 0.983043313
1403636616963555584.000000 -0.129540592 0.034511536 0.304193050 0.118054114 0.136382267 -0.033026233 0.983042419
1403636617013555456.000000 -0.129730687 0.034428518 0.303921819 -0.118055791 -0.136370972 0.033088967 -0.983041644
1403636617063555584.000000 -0.129669458 0.034446213 0.304026902 -0.118025616 -0.136417910 0.033080071 -0.983039081
1403636617113555456.000000 -0.129609510 0.034469187 0.304132253 -0.118008189 -0.136382759 0.033106875 -0.983045161
1403636617163555584.000000 -0.129571483 0.034459773 0.304225236 -0.118018873 -0.136366948 0.033113454 -0.983045936
1403636617213555456.000000 -0.129549980 0.034460209 0.304301888 -0.118036009 -0.136405900 0.033096734 -0.983039021
1403636617263555584.000000 -0.129541487 0.034496915 0.304355413 -0.118002445 -0.136401564 0.033105459 -0.983043253
1403636617313555456.000000 -0.129533917 0.034492463 0.304344714 -0.117999837 -0.136399031 0.033091821 -0.983044446
1403636617363555584.000000 -0.129538864 0.034486722 0.304333657 -0.117990218 -0.136395589 0.033086862 -0.983046293
1403636617413555456.000000 -0.129506633 0.034525573 0.304342419 0.118052781 0.136316419 -0.033117015 0.983048677
1403636617463555584.000000 -0.129497826 0.034513921 0.304323673 0.118067756 0.136312053 -0.033129450 0.983047068
1403636617513555456.000000 -0.129541948 0.034432538 0.304035485 -0.118018933 -0.136240512 0.033152238 -0.983062088
1403636617563555584.000000 -0.129495442 0.034508750 0.304352343 0.118044138 0.136285618 -0.033127714 0.983053684
1403636617613555456.000000 -0.129459590 0.034541883 0.304421008 0.118044324 0.136283219 -0.033160012 0.983052909
1403636617663555584.000000 -0.129505038 0.034528606 0.304369211 0.118089385 0.136279672 -0.033102613 0.983049870
1403636617713555456.000000 -0.129506022 0.034594111 0.304395139 0.118079349 0.136317939 -0.033133645 0.983044684
1403636617763555584.000000 -0.129522607 0.034502964 0.304334730 -0.118103974 -0.136321247 0.033056535 -0.983043909
1403636617813555456.000000 -0.129549235 0.034497149 0.304241449 0.118043542 0.136299580 -0.033098735 0.983052731
1403636617863555584.000000 -0.129537329 0.034481883 0.304295719 0.118003324 0.136306256 -0.033068825 0.983057678
1403636617913555456.000000 -0.129718855 0.034551132 0.304213762 -0.118007272 -0.136270791 0.033129469 -0.983060062
1403636617963555584.000000 -0.129619181 0.034579348 0.304343015 -0.118024603 -0.136274487 0.033074483 -0.983059347
1403636618013555456.000000 -0.129528359 0.034532759 0.304373860 -0.117994763 -0.136292070 0.033097722 -0.983059704
1403636618063555584.000000 -0.129473493 0.034512151 0.304399073 -0.117978141 -0.136290252 0.033047684 -0.983063579
1403636618113555456.000000 -0.129456997 0.034515474 0.304419339 -0.117970131 -0.136315137 0.033092525 -0.983059585
1403636618163555584.000000 -0.129468039 0.034509271 0.304406404 -0.117964692 -0.136344060 0.033060763 -0.983057380
1403636618213555456.000000 -0.129474863 0.034512743 0.304421216 -0.117956050 -0.136306241 0.033149526 -0.983060658
1403636618263555584.000000 -0.129497454 0.034516446 0.304393351 -0.117970847 -0.136333689 0.033108361 -0.983056426
1403636618313555456.000000 -0.129578516 0.034455169 0.304166883 0.117917635 0.136231393 -0.033087231 0.983077705
1403636618363555584.000000 -0.129602104 0.034435388 0.304197788 0.117934600 0.136279032 -0.033023912 0.983071208
1403636618413555456.000000 -0.129595965 0.034416869 0.304183751 -0.117895931 -0.136298209 0.033052593 -0.983072162
1403636618463555584.000000 -0.129577011 0.034438983 0.304127812 -0.117965154 -0.136269361 0.033162996 -0.983064175
1403636618513555456.000000 -0.129536644 0.034427941 0.304220825 -0.118236557 -0.136299208 0.033210255 -0.983025849
1403636618563555584.000000 -0.129544035 0.034433272 0.304288894 -0.118211523 -0.136301860 0.033274267 -0.983026266
1403636618613555456.000000 -0.129519895 0.034553435 0.304336995 0.118216768 0.136277974 -0.033121709 0.983034134
1403636618663555584.000000 -0.129543394 0.034533046 0.304337770 0.118102551 0.136285141 -0.033078227 0.983048320
1403636618713555456.000000 -0.130003378 0.034289777 0.303848714 -0.117719144 -0.136225253 0.032975618 -0.983106136
1403636618763555584.000000 -0.129856899 0.034274299 0.303887427 -0.117896535 -0.136308864 0.033039209 -0.983071148
1403636618813555456.000000 -0.129707411 0.034292854 0.303959340 -0.117937990 -0.136237606 0.032963101 -0.983078539
1403636618863555584.000000 -0.129684821 0.034301609 0.304081708 -0.117980853 -0.136352092 0.032943670 -0.983058214
1403636618913555456.000000 -0.129544631 0.034332760 0.304134160 -0.118309207 -0.136261523 0.032969847 -0.983030379
1403636618963555584.000000 -0.129507750 0.034526393 0.304343224 0.118407883 0.136273131 -0.032984868 0.983016431
1403636619013555456.000000 -0.129557356 0.034521580 0.304353714 0.118462443 0.136240169 -0.032837939 0.983019352
1403636619063555584.000000 -0.129549295 0.034527816 0.304234058 -0.118370086 -0.136158675 0.032943368 -0.983038247
1403636619113555456.000000 -0.129517391 0.034510966 0.304231703 -0.118277542 -0.136196315 0.032736517 -0.983051062
1403636619163555584.000000 -0.129471451 0.034506775 0.304277837 -0.118050508 -0.136171803 0.032801829 -0.983079612
1403636619213555456.000000 -0.129529506 0.034440633 0.304182053 -0.117816411 -0.136191219 0.032724176 -0.983107567
1403636619263555584.000000 -0.129518360 0.034431420 0.304180443 -0.117748275 -0.136221901 0.032759130 -0.983110309
1403636619313555456.000000 -0.129497334 0.034408305 0.304153264 -0.117819466 -0.136199370 0.032879554 -0.983100832
1403636619363555584.000000 -0.129469916 0.034353908 0.304206192 -0.118219994 -0.136189073 0.032952633 -0.983051717
1403636619413555456.000000 -0.129375592 0.034512267 0.304490507 -0.118341364 -0.136285335 0.032928556 -0.983024657
1403636619463555584.000000 -0.129520729 0.034456048 0.304330051 0.118234560 0.136297569 -0.032835137 0.983038902
1403636619513555456.000000 -0.129539341 0.034504384 0.304298073 0.118100241 0.136257052 -0.032810394 0.983061433
1403636619563555584.000000 -0.129788578 0.034822211 0.304083079 -0.117880926 -0.136060163 0.032771785 -0.983116388
1403636619613555456.000000 -0.129599452 0.034699403 0.304401696 -0.118000090 -0.136324286 0.032845326 -0.983062983
1403636619663555584.000000 -0.129494071 0.034524374 0.304439038 -0.118074045 -0.136359259 0.032768808 -0.983051836
1403636619713555456.000000 -0.129625022 0.034520984 0.304159880 -0.117909156 -0.136208743 0.032898050 -0.983088195
1403636619763555584.000000 -0.129553244 0.034445442 0.304260105 -0.117892116 -0.136220217 0.032792024 -0.983092189
1403636619813555456.000000 -0.129524276 0.034448411 0.304365367 -0.117867790 -0.136238173 0.032868363 -0.983090103
1403636619863555584.000000 -0.129535660 0.034450863 0.304377258 -0.117942534 -0.136261418 0.032721244 -0.983082831
1403636619913555456.000000 -0.129548281 0.034505181 0.304336965 -0.117914602 -0.136328816 0.032761533 -0.983075440
1403636619963555584.000000 -0.129470482 0.034488123 0.304231137 0.118014686 0.136158749 -0.032771364 0.983086705
1403636620013555456.000000 -0.129476964 0.034481760 0.304245710 0.118008159 0.136119485 -0.032765985 0.983093083
1403636620063555584.000000 -0.129566655 0.034344982 0.304183751 -0.117924519 -0.136159539 0.032806952 -0.983096242
1403636620113555456.000000 -0.129493982 0.034368470 0.304193020 -0.117925152 -0.136236802 0.032860592 -0.983083665
1403636620163555584.000000 -0.129413635 0.034420457 0.304291487 -0.117952369 -0.136217415 0.032905623 -0.983081579
1403636620213555456.000000 -0.129333273 0.034444891 0.304389358 -0.117956683 -0.136221275 0.032900453 -0.983080685
1403636620263555584.000000 -0.129293755 0.034441728 0.304377854 -0.117964499 -0.136151567 0.032885037 -0.983089924
1403636620313555456.000000 -0.129288226 0.034448329 0.304448009 -0.117903978 -0.136224732 0.032834623 -0.983088672
1403636620363555584.000000 -0.129226327 0.034433916 0.304496169 -0.117893182 -0.136217982 0.032899920 -0.983088732
1403636620413555456.000000 -0.129278302 0.034437649 0.304586530 -0.117966391 -0.136218324 0.032903776 -0.983079791
1403636620463555584.000000 -0.129448116 0.034469247 0.304389715 0.117976375 0.136165813 -0.032992408 0.983082950
1403636620513555456.000000 -0.129495636 0.034468472 0.304370999 0.118022256 0.136137545 -0.032860667 0.983085752
1403636620563555584.000000 -0.129307225 0.034419440 0.304339260 -0.117980808 -0.136114493 0.032896794 -0.983092666
1403636620613555456.000000 -0.129240483 0.034407154 0.304422289 -0.118018001 -0.136064127 0.032856315 -0.983096600
1403636620663555584.000000 -0.129540473 0.034387913 0.304193735 0.117875971 0.136115208 -0.033037618 0.983100414
1403636620713555456.000000 -0.129513755 0.034392744 0.304292172 0.117914401 0.136149600 -0.032993276 0.983092606
1403636620763555584.000000 -0.129329532 0.034561150 0.304414958 -0.118033998 -0.136027068 0.032953419 -0.983096480
1403636620813555456.000000 -0.129247352 0.034538340 0.304520279 -0.118120842 -0.136026666 0.032919530 -0.983087301
1403636620863555584.000000 -0.129237115 0.034583542 0.304554194 -0.118125178 -0.136028752 0.032924961 -0.983086288
1403636620913555456.000000 -0.129264981 0.034552112 0.304556280 -0.118146591 -0.136040628 0.032867771 -0.983083963
1403636620963555584.000000 -0.129288271 0.034523707 0.304559112 -0.118103154 -0.135997593 0.032866701 -0.983095169
1403636621013555456.000000 -0.129293695 0.034496270 0.304592520 -0.118101634 -0.135932416 0.032874718 -0.983104169
1403636621063555584.000000 -0.129350603 0.034570672 0.304238409 0.117584571 0.136095464 -0.033375967 0.983126640
1403636621113555456.000000 -0.129412040 0.034415167 0.304212451 0.117986716 0.136001438 -0.032844573 0.983109355
1403636621163555584.000000 -0.129602805 0.034227524 0.304114699 -0.117962606 -0.136250615 0.033373255 -0.983060002
1403636621213555456.000000 -0.129375577 0.034221705 0.304574192 -0.117919810 -0.136078253 0.032978836 -0.983102322
1403636621263555584.000000 -0.129477903 0.034648772 0.304179132 0.117940530 0.136167586 -0.033443492 0.983071744
1403636621313555456.000000 -0.129441187 0.034654267 0.304251611 0.118121520 0.136129737 -0.033106279 0.983066618
1403636621363555584.000000 -0.129253447 0.034592614 0.304210514 0.117838942 0.135847390 -0.033762630 0.983117342
1403636621413555456.000000 -0.129279867 0.034568954 0.304246783 0.118012048 0.135736525 -0.033433005 0.983123064
1403636621463555584.000000 -0.129693553 0.034719273 0.304253489 -0.117848679 -0.136040643 0.033284459 -0.983105779
1403636621513555456.000000 -0.129390702 0.034681585 0.304209650 -0.118003525 -0.135782093 0.033532426 -0.983114481
1403636621563555584.000000 -0.129444629 0.034551814 0.304241300 0.117933862 0.136103094 -0.033353221 0.983084559
1403636621613555456.000000 -0.129353181 0.034451544 0.304238826 0.118027456 0.136043087 -0.033139355 0.983088851
1403636621663555584.000000 -0.129399821 0.034614757 0.304308027 0.118014015 0.136158630 -0.033285286 0.983069539
1403636621713555456.000000 -0.129389688 0.034579158 0.304367453 0.118139379 0.136101365 -0.033114765 0.983068109
1403636621763555584.000000 -0.129454941 0.034518659 0.304358661 -0.117983192 -0.135931328 0.033410348 -0.983100414
1403636621813555456.000000 -0.129471406 0.034621119 0.304410785 -0.118130140 -0.136113077 0.033182543 -0.983065367
1403636621863555584.000000 -0.129503757 0.034596544 0.304341853 -0.117989361 -0.135996997 0.033305477 -0.983094156
1403636621913555456.000000 -0.129426152 0.034631576 0.304402143 -0.118078351 -0.136067346 0.033191569 -0.983077586
1403636621963555584.000000 -0.129394740 0.034619823 0.304363877 -0.118122630 -0.136117265 0.033117853 -0.983067811
1403636622013555456.000000 -0.129415467 0.034578755 0.304258168 -0.117921494 -0.136011437 0.033320133 -0.983099818
1403636622063555584.000000 -0.129416555 0.034511067 0.304215997 -0.117979422 -0.136058480 0.033200532 -0.983090401
1403636622113555456.000000 -0.129394680 0.034607310 0.304231912 -0.118038952 -0.136072755 0.033173040 -0.983082235
1403636622163555584.000000 -0.129458904 0.034557182 0.304344565 0.117976643 0.136308461 -0.033078551 0.983060241
1403636622213555456.000000 -0.129426107 0.034588728 0.304340929 0.118015274 0.136302784 -0.033025600 0.983058095
1403636622263555584.000000 -0.129486918 0.034465622 0.304166436 -0.118001260 -0.136274070 0.033110633 -0.983060956
1403636622313555456.000000 -0.129384995 0.034503337 0.304130167 -0.117935933 -0.136277929 0.033079926 -0.983069301
1403636622363555584.000000 -0.129323721 0.034561686 0.304093868 -0.117914781 -0.136225194 0.033138044 -0.983077168
1403636622413555456.000000 -0.129272968 0.034529604 0.304169327 -0.117948152 -0.136203408 0.033065002 -0.983078659
1403636622463555584.000000 -0.129253179 0.034519263 0.304331452 -0.117945448 -0.136200517 0.033084583 -0.983078718
1403636622513555456.000000 -0.129221275 0.034530528 0.304454029 -0.117946506 -0.136229411 0.033048023 -0.983075798
1403636622563555584.000000 -0.129238725 0.034532532 0.304502100 -0.117929369 -0.136233911 0.033035770 -0.983077645
1403636622613555456.000000 -0.129252821 0.034565914 0.304545343 -0.117912583 -0.136276513 0.033056665 -0.983073056
1403636622663555584.000000 -0.129567042 0.034585115 0.304400504 0.117981113 0.136249930 -0.033128340 0.983066142
1403636622713555456.000000 -0.129608929 0.034612086 0.304343909 0.117977262 0.136275440 -0.033039715 0.983066022
1403636622763555584.000000 -0.129476860 0.034502927 0.304082990 -0.117987849 -0.136234283 0.033109017 -0.983068168
1403636622813555456.000000 -0.129409596 0.034553684 0.304128706 -0.117949151 -0.136196584 0.033009429 -0.983081400
1403636622863555584.000000 -0.129339397 0.034700029 0.304243565 -0.117860302 -0.136329517 0.032935146 -0.983076096
1403636622913555456.000000 -0.129297137 0.034826271 0.304439723 -0.117791697 -0.136456341 0.032856103 -0.983069360
1403636622963555584.000000 -0.129304200 0.034795880 0.304510802 -0.117815122 -0.136430159 0.032656051 -0.983076870
1403636623013555456.000000 -0.129429370 0.034704458 0.304275602 0.117586106 0.136549145 -0.033221308 0.983068824
1403636623063555584.000000 -0.129476681 0.034648150 0.304255068 0.117603570 0.136522964 -0.033173893 0.983071983
1403636623113555456.000000 -0.129522786 0.034769922 0.304645538 -0.117586359 -0.136461139 0.033112403 -0.983084679
1403636623163555584.000000 -0.129392296 0.034718383 0.304754764 -0.117548697 -0.136519611 0.033143237 -0.983080029
1403636623213555456.000000 -0.129226014 0.034722805 0.304737866 -0.117549255 -0.136390164 0.033170838 -0.983096957
1403636623263555584.000000 -0.129130751 0.034686688 0.304683417 -0.117602848 -0.136376813 0.033075444 -0.983095646
1403636623313555456.000000 -0.129006416 0.034787454 0.304594964 -0.117481761 -0.136510670 0.033195823 -0.983087480
1403636623363555584.000000 -0.129129633 0.034789119 0.304426432 -0.117576078 -0.136415437 0.032928441 -0.983098388
1403636623413555456.000000 -0.129152089 0.034826830 0.304354697 -0.117504634 -0.136495322 0.033125706 -0.983089268
1403636623463555584.000000 -0.129200459 0.034825467 0.304100215 -0.117513247 -0.136550054 0.032996379 -0.983084917
1403636623513555456.000000 -0.128661618 0.034596343 0.304584324 0.117183663 0.135936499 -0.033375293 0.983196557
1403636623563555584.000000 -0.128642783 0.034624677 0.304627895 0.117169932 0.135814384 -0.033301488 0.983217597
1403636623613555456.000000 -0.129195139 0.034944154 0.304064065 0.117428988 0.136358976 -0.032613590 0.983134329
1403636623663555584.000000 -0.128571540 0.034482088 0.304517597 0.117473729 0.136231855 -0.032654475 0.983145297
1403636623713555456.000000 -0.128288254 0.034804016 0.304823369 -0.117141336 -0.136021331 0.033142764 -0.983197689
1403636623763555584.000000 -0.128612131 0.034702946 0.304966062 -0.117185183 -0.136393726 0.032491852 -0.983162582
1403636623813555456.000000 -0.128668129 0.034721255 0.305157185 -0.116914988 -0.136008367 0.032443628 -0.983249784
1403636623863555584.000000 -0.129049465 0.034890026 0.304107845 0.116514638 0.136028111 -0.032967370 0.983277142
1403636623913555456.000000 -0.129162669 0.034929283 0.303964704 0.116322786 0.135935083 -0.033094138 0.983308494
1403636623963555584.000000 -0.129173681 0.034890223 0.304152995 -0.116222478 -0.135894462 0.032745440 -0.983337581
1403636624013555456.000000 -0.129130110 0.035082154 0.303883165 -0.116186209 -0.135990217 0.033057895 -0.983318150
1403636624063555584.000000 -0.128968865 0.035123281 0.303758681 -0.116036899 -0.135982946 0.032838829 -0.983344197
1403636624113555456.000000 -0.128838107 0.034887727 0.303916782 0.115188390 0.135355487 -0.032570351 0.983539462
1403636624163555584.000000 -0.128999516 0.034860712 0.303516358 0.115006678 0.135320678 -0.032118980 0.983580351
1403636624213555456.000000 -0.129159823 0.034962349 0.303747416 0.115148760 0.135153219 -0.032313477 0.983580351
1403636624263555584.000000 -0.128735870 0.034965683 0.303429335 0.115183666 0.134844184 -0.032266270 0.983620226
1403636624313555456.000000 -0.129226133 0.035732359 0.303551495 0.114078522 0.132385969 -0.032638133 0.984070539
1403636624363555584.000000 -0.130057469 0.037070822 0.303404838 0.112399906 0.127764076 -0.033342857 0.984850705
1403636624413555456.000000 -0.128768235 0.038477309 0.298593402 0.109854773 0.123512655 -0.033433627 0.985676825
1403636624463555584.000000 -0.129979774 0.041281760 0.297064722 0.108383104 0.118841708 -0.033033524 0.986427188
1403636624513555456.000000 -0.131823003 0.045115132 0.298885763 0.106985614 0.114765100 -0.033499774 0.987046540
1403636624563555584.000000 -0.132833987 0.048852239 0.296388566 0.104999401 0.111508295 -0.033612426 0.987629116
1403636624613555456.000000 -0.134018481 0.053206027 0.294791639 0.103217296 0.111903094 -0.034733042 0.987733603
1403636624663555584.000000 -0.134945914 0.058396161 0.292618781 0.101494119 0.114011027 -0.036580801 0.987604380
1403636624713555456.000000 -0.137104109 0.064460523 0.290289521 0.099495374 0.114423305 -0.040706951 0.987598598
1403636624763555584.000000 -0.138890147 0.071241744 0.287547261 0.098369680 0.117101602 -0.043035217 0.987298667
1403636624813555456.000000 -0.139356881 0.077823140 0.280470759 0.094858564 0.113134123 -0.050636441 0.987744212
1403636624863555584.000000 -0.140241370 0.085937969 0.275203556 0.092119679 0.109810524 -0.057267088 0.988016307
1403636624913555456.000000 -0.142061204 0.094826639 0.270854980 0.088561140 0.104428798 -0.065154828 0.988436341
1403636624963555584.000000 -0.140216187 0.102876693 0.261828423 0.085087739 0.098439462 -0.072878249 0.988816798
1403636625013555456.000000 -0.136449203 0.109945692 0.251720488 0.082926139 0.092749201 -0.077900432 0.989167511
1403636625063555584.000000 -0.131235212 0.116062447 0.240313485 0.081301734 0.086641714 -0.081431456 0.989571750
1403636625113555456.000000 -0.124123417 0.120499462 0.229041576 0.081346028 0.081381939 -0.082402997 0.989934146
1403636625163555584.000000 -0.115583472 0.123463079 0.217480168 0.083365411 0.078514799 -0.078418620 0.990321279
1403636625213555456.000000 -0.105350964 0.125532344 0.206342682 0.085724071 0.079711124 -0.074747056 0.990308225
1403636625263555584.000000 -0.094541430 0.126635924 0.195992902 0.087765887 0.083403975 -0.071341261 0.990076482
1403636625313555456.000000 -0.085094139 0.127495810 0.188453972 0.090055667 0.086720869 -0.067674890 0.989843249
1403636625363555584.000000 -0.080060132 0.127613246 0.184634909 0.091769740 0.089023046 -0.066314623 0.989573479
1403636625413555456.000000 -0.079617552 0.127601102 0.184300333 -0.092340313 -0.087608702 0.066338018 -0.989645004
1403636625463555584.000000 -0.081384301 0.127676040 0.186444566 -0.092627764 -0.084481336 0.067075074 -0.989840388
1403636625513555456.000000 -0.084165581 0.127413869 0.190583318 -0.093032070 -0.082854241 0.067025118 -0.989943326
1403636625563555584.000000 -0.086155161 0.126573339 0.195462987 -0.093440980 -0.081734173 0.067756049 -0.989948213
1403636625613555456.000000 -0.086161219 0.125620067 0.198666140 -0.093678713 -0.081812024 0.068950586 -0.989836812
1403636625663555584.000000 -0.081961796 0.123687558 0.200839758 -0.093973659 -0.083426066 0.069629356 -0.989626646
1403636625713555456.000000 -0.073907189 0.121062338 0.198848858 0.095226772 0.086184978 -0.068741940 0.989332378
1403636625763555584.000000 -0.061154582 0.117269792 0.198087990 0.095812999 0.091426753 -0.068824351 0.988799453
1403636625813555456.000000 -0.043380715 0.111820735 0.195192128 0.096438505 0.096035019 -0.069176577 0.988277078
1403636625863555584.000000 -0.023264250 0.106458485 0.190889910 0.097840160 0.101989269 -0.067665204 0.987647235
1403636625913555456.000000 -0.000544670 0.101457082 0.186145470 0.098959386 0.105553798 -0.066221327 0.987258971
1403636625963555584.000000 0.023495462 0.095509112 0.179152608 0.099757574 0.108407743 -0.065361649 0.986926615
1403636626013555456.000000 0.048064373 0.090552159 0.172926113 0.100617096 0.110751323 -0.064478695 0.986637175
1403636626063555584.000000 0.071005434 0.084597453 0.165405169 0.102861926 0.111727387 -0.060663700 0.986537576
1403636626113555456.000000 0.094442077 0.081249379 0.160749897 0.105756864 0.112448454 -0.055018678 0.986480534
1403636626163555584.000000 0.115482733 0.075994894 0.153431222 0.108150683 0.112851545 -0.050387725 0.986422360
1403636626213555456.000000 0.134813309 0.071511433 0.147205234 0.110061742 0.112426341 -0.047473811 0.986404061
1403636626263555584.000000 0.151232257 0.068040952 0.141967058 0.111293457 0.112551600 -0.045090705 0.986363471
1403636626313555456.000000 0.163497999 0.067493834 0.140388429 0.112115778 0.112813517 -0.044499796 0.986267209
1403636626363555584.000000 0.173476651 0.066247217 0.138433874 0.112027980 0.113033697 -0.044683341 0.986243665
1403636626413555456.000000 0.180443898 0.068304911 0.141023174 0.111664698 0.113837235 -0.046325907 0.986116648
1403636626463555584.000000 0.185753107 0.069346420 0.141907483 0.110635243 0.115068100 -0.049153790 0.985952914
1403636626513555456.000000 0.195592761 0.072551191 0.146036431 0.109645903 0.119019076 -0.050924476 0.985504448
1403636626563555584.000000 0.199148372 0.075557292 0.147500128 0.108596131 0.123015255 -0.054499295 0.984938562
1403636626613555456.000000 0.202216253 0.079565607 0.149480507 0.107984602 0.126695275 -0.057810005 0.984350383
1403636626663555584.000000 0.203032032 0.083731748 0.150527954 0.107521959 0.129603714 -0.060773924 0.983843744
1403636626713555456.000000 0.201666310 0.088783123 0.151945844 -0.107806593 -0.129269406 0.062247436 -0.983764470
1403636626763555584.000000 0.198787883 0.093799032 0.152805686 -0.108519323 -0.126955822 0.063335843 -0.983917892
1403636626813555456.000000 0.194752365 0.099034749 0.153427199 -0.109046690 -0.124153800 0.064127207 -0.984165847
1403636626863555584.000000 0.189284384 0.102436192 0.150426418 0.109182730 0.119912252 -0.066160180 0.984542072
1403636626913555456.000000 0.183423072 0.107881345 0.150726318 0.109273762 0.115797006 -0.067062229 0.984963417
1403636626963555584.000000 0.176583752 0.113352045 0.151297763 0.108694755 0.111129239 -0.068296835 0.985480309
1403636627013555456.000000 0.168937922 0.118977591 0.151534319 0.108468004 0.106871717 -0.069133490 0.985917747
1403636627063555584.000000 0.164635181 0.127679512 0.155457497 0.108302392 0.103102565 -0.068582267 0.986375749
1403636627113555456.000000 0.159377590 0.132887155 0.154392317 0.108187899 0.098264664 -0.069231749 0.986836612
1403636627163555584.000000 0.156369120 0.138081133 0.151942253 0.108695664 0.099394359 -0.068792321 0.986698389
1403636627213555456.000000 0.157256141 0.142816663 0.147694066 0.108711742 0.102118164 -0.069073811 0.986398757
1403636627263555584.000000 0.160057634 0.147183165 0.143156379 0.108970977 0.106188208 -0.068898171 0.985952616
1403636627313555456.000000 0.165495723 0.151421383 0.136737853 0.110055842 0.109381221 -0.067753196 0.985562265
1403636627363555584.000000 0.171573237 0.155503929 0.129872546 0.110574007 0.110693596 -0.066753753 0.985426009
1403636627413555456.000000 0.180445611 0.159708291 0.121562205 0.111194387 0.110956907 -0.065891661 0.985384524
1403636627463555584.000000 0.190567181 0.164063334 0.111017860 0.111320078 0.111906201 -0.064207397 0.985374153
1403636627513555456.000000 0.200406268 0.168928206 0.102127753 0.109882817 0.110705376 -0.062125284 0.985804558
1403636627563555584.000000 0.206983253 0.174780577 0.095203154 0.107169673 0.109544508 -0.059649434 0.986385643
1403636627613555456.000000 0.209604114 0.181041956 0.089802660 0.103225082 0.108289473 -0.057748545 0.987057805
1403636627663555584.000000 0.207802355 0.187356129 0.086328365 -0.099572316 -0.105398081 0.056511931 -0.987817287
1403636627713555456.000000 0.206134096 0.194589376 0.081887782 0.094868019 0.100577086 -0.055120684 0.988860965
1403636627763555584.000000 0.199539423 0.201754391 0.081929535 0.089100532 0.094887488 -0.053700794 0.990037262
1403636627813555456.000000 0.193832874 0.208374351 0.083149835 0.082569212 0.089961633 -0.052384235 0.991133273
1403636627863555584.000000 0.186609328 0.215823904 0.085320547 0.075708956 0.084972508 -0.050554547 0.992215753
1403636627913555456.000000 0.182001159 0.222841322 0.085886732 0.069939628 0.080172591 -0.049467452 0.993093073
1403636627963555584.000000 0.178553760 0.229355052 0.088313565 0.064866252 0.077845111 -0.048784398 0.993656158
1403636628013555456.000000 0.181872666 0.237284452 0.088759504 0.060941085 0.076191321 -0.047656488 0.994087517
1403636628063555584.000000 0.185754597 0.242454663 0.091988817 0.057794802 0.078558184 -0.046433747 0.994149029
1403636628113555456.000000 0.194206953 0.247266278 0.093406178 0.055572424 0.085019886 -0.044642761 0.993826151
1403636628163555584.000000 0.204544142 0.251380444 0.094965026 0.054396678 0.094089970 -0.041862916 0.993194699
1403636628213555456.000000 0.216310218 0.255585521 0.096337363 0.054043680 0.102399215 -0.038844120 0.992514431
1403636628263555584.000000 0.229266927 0.259330839 0.096791409 0.054390859 0.108402506 -0.034567889 0.992016017
1403636628313555456.000000 0.242494419 0.263465077 0.096457928 0.055743482 0.112389281 -0.029946411 0.991647422
1403636628363555584.000000 0.256373823 0.268043131 0.095471084 0.056470022 0.114041500 -0.027242500 0.991495609
1403636628413555456.000000 0.269116342 0.273655623 0.094465137 0.057201982 0.114384301 -0.024973873 0.991473913
1403636628463555584.000000 0.281243593 0.279621452 0.093864955 0.057958867 0.114428855 -0.023678003 0.991456628
1403636628513555456.000000 0.294341117 0.288900912 0.093960397 0.059236120 0.113680542 -0.022397380 0.991496980
1403636628563555584.000000 0.303495049 0.296436250 0.094412021 0.060185138 0.112915501 -0.021345191 0.991550446
1403636628613555456.000000 0.310712814 0.304865569 0.095189825 -0.061583564 -0.112285443 0.020714717 -0.991549492
1403636628663555584.000000 0.317327738 0.314134717 0.098010756 0.062250946 0.112190954 -0.020840520 0.991515815
1403636628713555456.000000 0.322159976 0.325012863 0.099982888 0.060759481 0.112155415 -0.022463599 0.991577029
1403636628763555584.000000 0.325708628 0.335697800 0.109617107 0.057255298 0.110133342 -0.024460340 0.991964877
1403636628813555456.000000 0.327109218 0.348784864 0.112695724 0.052329373 0.106863275 -0.026493195 0.992542207
1403636628863555584.000000 0.329282552 0.362979740 0.116668575 0.047258426 0.102640368 -0.027863150 0.993204534
1403636628913555456.000000 0.331963152 0.376487464 0.119726807 0.042704854 0.098498449 -0.028241610 0.993819296
1403636628963555584.000000 0.337582946 0.388016641 0.130699351 0.039075717 0.095160253 -0.028472438 0.994287193
1403636629013555456.000000 0.343135953 0.401342511 0.129093647 0.036088627 0.092280932 -0.027862040 0.994688749
1403636629063555584.000000 0.350770980 0.416456163 0.122365616 0.033106755 0.090789467 -0.027034080 0.994952500
1403636629113555456.000000 0.359172523 0.429973900 0.117764294 0.029861113 0.090353236 -0.026953816 0.995097041
1403636629163555584.000000 0.366882175 0.441360414 0.137906954 0.026288690 0.090730950 -0.024501162 0.995226860
1403636629213555456.000000 0.374812007 0.455441266 0.135719374 0.021146122 0.091881864 -0.022038015 0.995301425
1403636629263555584.000000 0.384182692 0.467864126 0.146030843 0.016566338 0.093750298 -0.019291194 0.995270967
1403636629313555456.000000 0.390962064 0.481930524 0.146583006 0.012715489 0.096183605 -0.015712544 0.995158374
1403636629363555584.000000 0.401079863 0.496691346 0.138644978 0.009519723 0.098095477 -0.012525420 0.995052695
1403636629413555456.000000 0.406669438 0.510593355 0.141818300 0.007653427 0.101203412 -0.007557232 0.994807661
1403636629463555584.000000 0.409889132 0.521696866 0.176612899 0.005114542 0.105421528 -0.001095258 0.994413853
1403636629513555456.000000 0.412778616 0.536872387 0.181951776 0.000739405 0.107526653 0.004827468 0.994190276
1403636629563555584.000000 0.416058570 0.552020967 0.197960615 -0.004786473 0.106954224 0.009970615 0.994202435
1403636629613555456.000000 0.415608615 0.569461048 0.205627754 -0.012991004 0.104158700 0.013121668 0.994389296
1403636629663555584.000000 0.408084601 0.590297401 0.189377382 0.022364154 -0.099398397 -0.016113177 -0.994665921
1403636629713555456.000000 0.414099008 0.607980669 0.214283332 -0.032175645 0.094460979 0.018848063 0.994829953
1403636629763555584.000000 0.409975886 0.627821505 0.224430457 -0.042900804 0.090083092 0.021857966 0.994769752
1403636629813555456.000000 0.407606125 0.645818353 0.267970741 -0.053247176 0.087241821 0.026085211 0.994421005
1403636629863555584.000000 0.402718455 0.667050719 0.281217963 -0.064090647 0.084814981 0.030574221 0.993863225
1403636629913555456.000000 0.404064178 0.687923908 0.304212362 -0.073902488 0.083373621 0.034948952 0.993159533
1403636629963555584.000000 0.401478380 0.708642006 0.317712754 -0.082933299 0.082701698 0.038141795 0.992384851
1403636630013555456.000000 0.406276077 0.729990184 0.338836551 -0.089959837 0.083026402 0.041313510 0.991618395
1403636630063555584.000000 0.407924742 0.750558376 0.351528347 -0.095937878 0.084822007 0.043643836 0.990805924
1403636630113555456.000000 0.416992962 0.771800756 0.371531248 -0.100910842 0.089746088 0.045214582 0.989807189
1403636630163555584.000000 0.424074352 0.792457700 0.384634435 -0.105117910 0.096884206 0.046674512 0.988627911
1403636630213555456.000000 0.435362697 0.815867782 0.391389966 -0.108889490 0.103020906 0.046914775 0.987587392
1403636630263555584.000000 0.445876211 0.836575627 0.403618544 -0.111648016 0.109150849 0.047779445 0.986578941
1403636630313555456.000000 0.458145350 0.856952369 0.415595114 0.113792598 -0.112722211 -0.047910504 -0.985925794
1403636630363555584.000000 0.470225394 0.877082407 0.426631153 0.115068436 -0.112119928 -0.048131131 -0.985835612
1403636630413555456.000000 0.483396828 0.897152722 0.436920911 0.115933686 -0.110806972 -0.048035942 -0.985887349
1403636630463555584.000000 0.497363597 0.917051494 0.446337581 0.116463609 -0.107765451 -0.046863653 -0.986218393
1403636630513555456.000000 0.525736272 0.940738082 0.481532782 -0.116550982 0.107000895 0.045635842 0.986348867
1403636630563555584.000000 0.530338526 0.955632627 0.463167191 0.117067069 -0.104368530 -0.042572536 -0.986706674
1403636630613555456.000000 0.564377904 0.981104136 0.501677454 -0.116933808 0.104522817 0.039648883 0.986827970
1403636630663555584.000000 0.581312358 1.001469612 0.512597978 -0.116352282 0.102842815 0.037078567 0.987173140
1403636630713555456.000000 0.598829865 1.020566106 0.525126934 -0.115433238 0.101942584 0.035368182 0.987437129
1403636630763555584.000000 0.615439832 1.039106011 0.538884759 -0.113773771 0.102032326 0.035863362 0.987602592
1403636630813555456.000000 0.630737960 1.057418704 0.554787636 -0.111559860 0.101450257 0.036747433 0.987882555
1403636630863555584.000000 0.643241942 1.075482011 0.567921758 -0.109686911 0.101525463 0.037899651 0.988041043
1403636630913555456.000000 0.653818190 1.091016412 0.583016157 -0.107627355 0.101929195 0.039187532 0.988175631
1403636630963555584.000000 0.668419123 1.109885335 0.603312612 0.105953209 -0.102226853 -0.040330235 -0.988279879
1403636631013555456.000000 0.679141641 1.129769802 0.619964242 -0.105333634 0.102344759 0.040935196 0.988309085
1403636631063555584.000000 0.689990997 1.147015333 0.639958382 -0.104247898 0.103459895 0.040919948 0.988308728
1403636631113555456.000000 0.700727701 1.165709853 0.660055161 -0.103906810 0.105279826 0.040889971 0.988153636
1403636631163555584.000000 0.710850179 1.182372332 0.681186974 -0.103564732 0.106771909 0.040680509 0.988038063
1403636631213555456.000000 0.721140027 1.199005127 0.702624619 0.102862336 -0.108883031 -0.040464859 -0.987889946
1403636631263555584.000000 0.726696074 1.217704177 0.715054989 -0.102921255 0.110210292 0.039887138 0.987760127
1403636631313555456.000000 0.736195922 1.234192491 0.736939311 -0.102279216 0.110296540 0.040112909 0.987807989
1403636631363555584.000000 0.743798077 1.252820253 0.756974280 -0.102148890 0.110388696 0.039456934 0.987837613
1403636631413555456.000000 0.751236081 1.269494772 0.780995250 -0.101679444 0.110378481 0.039401852 0.987889409
1403636631463555584.000000 0.757568121 1.287019491 0.805382431 0.101593167 -0.110226586 -0.038482629 -0.987951398
1403636631513555456.000000 0.762794614 1.304004788 0.830387294 0.101579152 -0.109893151 -0.037236810 -0.988037825
1403636631563555584.000000 0.761991203 1.321060777 0.843709052 -0.101824380 0.110175900 0.035745643 0.988036156
1403636631613555456.000000 0.766987979 1.337339163 0.868765593 -0.101638503 0.109763443 0.034419004 0.988148212
1403636631663555584.000000 0.769602299 1.353128314 0.883860409 -0.101122797 0.108756259 0.033436194 0.988346279
1403636631713555456.000000 0.776154041 1.369317770 0.908550024 -0.100859955 0.108360961 0.032657761 0.988442600
1403636631763555584.000000 0.782212496 1.385409713 0.927878201 -0.100619346 0.107819930 0.031860087 0.988552272
1403636631813555456.000000 0.792371511 1.400826931 0.950056553 -0.100067288 0.108179614 0.031292416 0.988587141
1403636631863555584.000000 0.798972487 1.414100528 0.961135566 -0.100361109 0.107568160 0.030145934 0.988659739
1403636631913555456.000000 0.812526464 1.429440379 0.982574701 -0.100460120 0.106567837 0.029169347 0.988787234
1403636631963555584.000000 0.823606610 1.443367004 0.999050200 -0.100586586 0.106198847 0.028711926 0.988827527
1403636632013555456.000000 0.838253796 1.457883596 1.020042300 -0.100710437 0.106448650 0.028830415 0.988784552
1403636632063555584.000000 0.850853026 1.470836282 1.037022114 -0.101088755 0.107957050 0.028489433 0.988592327
1403636632113555456.000000 0.865471363 1.484400511 1.057175398 -0.101678088 0.109410599 0.026942063 0.988415420
1403636632163555584.000000 0.874982297 1.493527651 1.065953493 -0.103743903 0.110530280 0.024193075 0.988147259
1403636632213555456.000000 0.888896286 1.505377173 1.085838795 -0.104574099 0.110129967 0.023325311 0.988125324
1403636632263555584.000000 0.901122510 1.516215444 1.105789900 0.104759321 -0.111009195 -0.024479514 -0.987979412
1403636632313555456.000000 0.912098467 1.526471376 1.126874208 0.104887150 -0.111182891 -0.025503401 -0.987920403
1403636632363555584.000000 0.918067038 1.534717798 1.142171621 -0.104828186 0.111657165 0.026520789 0.987846375
1403636632413555456.000000 0.925328910 1.543510675 1.164577246 -0.105302364 0.110640332 0.027044468 0.987896144
1403636632463555584.000000 0.929675579 1.551116705 1.185926676 0.104242601 -0.107846506 -0.030269427 -0.988223851
1403636632513555456.000000 0.933187544 1.556086540 1.199842453 -0.101266555 0.104462102 0.033640862 0.988787651
1403636632563555584.000000 0.935848773 1.562638521 1.223568201 -0.096451759 0.099305548 0.038001426 0.989642084
1403636632613555456.000000 0.939105093 1.569064498 1.244438529 -0.090541892 0.094491564 0.041385822 0.990535617
1403636632663555584.000000 0.941364229 1.575370550 1.268909931 -0.083493978 0.090857357 0.042650368 0.991440773
1403636632713555456.000000 0.943935871 1.582123160 1.292617202 -0.075262062 0.088683359 0.041896965 0.992328405
1403636632763555584.000000 0.948595166 1.588910699 1.316623211 -0.066056378 0.087650083 0.039258488 0.993183196
1403636632813555456.000000 0.955781996 1.597078919 1.338855624 -0.056590103 0.088262476 0.032950792 0.993942440
1403636632863555584.000000 0.965128422 1.604955435 1.361500025 -0.047532961 0.091206871 0.023555331 0.994417965
1403636632913555456.000000 0.977473080 1.614579916 1.382464290 -0.038490981 0.095413230 0.013490204 0.994601846
1403636632963555584.000000 0.989759207 1.623356819 1.404286861 -0.030734576 0.098015338 0.004297942 0.994700909
1403636633013555456.000000 1.008255959 1.631402493 1.424588203 -0.023986032 0.100390658 -0.003570061 0.994652569
1403636633063555584.000000 1.022374034 1.640096784 1.445376039 -0.017704664 0.101047985 -0.009935158 0.994674385
1403636633113555456.000000 1.038049936 1.649175882 1.465441465 -0.011786988 0.101820290 -0.014512853 0.994627178
1403636633163555584.000000 1.050839305 1.657622457 1.486942530 -0.007005818 0.101882122 -0.018345958 0.994602680
1403636633213555456.000000 1.066833735 1.665043592 1.510393262 -0.002819910 0.101979226 -0.020408614 0.994573176
1403636633263555584.000000 1.076541424 1.673010111 1.533548951 0.000886465 0.100656249 -0.021013942 0.994699001
1403636633313555456.000000 1.088010907 1.679972172 1.558250666 0.003961545 0.099188074 -0.020597305 0.994847655
1403636633363555584.000000 1.095617652 1.687461019 1.582739353 0.007041664 0.097474068 -0.018862341 0.995034397
1403636633413555456.000000 1.104279041 1.694932699 1.608482122 0.008776000 0.095253401 -0.017098695 0.995267570
1403636633463555584.000000 1.110424280 1.702239275 1.634667516 0.010339116 0.093421817 -0.015143790 0.995457828
1403636633513555456.000000 1.118680954 1.708399773 1.663951755 0.010563334 0.091954701 -0.013682703 0.995613158
1403636633563555584.000000 1.124703884 1.716022253 1.691528201 0.010289408 0.090185702 -0.012212334 0.995796978
1403636633613555456.000000 1.132726550 1.723648429 1.720919728 0.009648191 0.088066526 -0.011386497 0.996002853
1403636633663555584.000000 1.141707063 1.731994748 1.749431252 0.008080211 0.086647570 -0.011013275 0.996145427
1403636633713555456.000000 1.153634667 1.740115523 1.778365254 0.006743066 0.086985871 -0.010158061 0.996134937
1403636633763555584.000000 1.166671515 1.748792529 1.806161880 0.005786526 0.087686725 -0.008910228 0.996091485
1403636633813555456.000000 1.181362867 1.755908608 1.836458802 0.004664459 0.087822847 -0.007629053 0.996096015
1403636633863555584.000000 1.199206114 1.764785886 1.863906264 0.004036477 0.089001156 -0.005501029 0.996008158
1403636633913555456.000000 1.217075348 1.773190022 1.892444015 0.004328720 0.090028994 -0.001375660 0.995928824
1403636633963555584.000000 1.236670852 1.782237411 1.920054674 0.004907646 0.091888584 0.003187306 0.995752096
1403636634013555456.000000 1.254953027 1.791630983 1.949598908 0.005051326 0.093798168 0.007093113 0.995553136
1403636634063555584.000000 1.273432136 1.802089453 1.979041457 0.004450258 0.094052948 0.009394165 0.995512903
1403636634113555456.000000 1.288129926 1.812106967 2.009833097 0.004699040 0.093579754 0.009607062 0.995554388
1403636634163555584.000000 1.308925152 1.824026585 2.038737774 0.004443038 0.092380621 0.008379764 0.995678604
1403636634213555456.000000 1.329451203 1.836834908 2.068371058 0.003652536 0.090982512 0.005252650 0.995831966
1403636634263555584.000000 1.355042100 1.850154757 2.096763611 0.002499522 0.091300696 0.001029030 0.995819688
1403636634313555456.000000 1.378343582 1.863639951 2.126296282 0.001710162 0.094435632 -0.002570301 0.995526195
1403636634363555584.000000 1.405956030 1.877630830 2.154974222 0.001279225 0.098916195 -0.005733847 0.995078444
1403636634413555456.000000 1.430665493 1.891970754 2.184927940 0.000902719 0.103550993 -0.008790174 0.994584918
1403636634463555584.000000 1.455670118 1.906307459 2.215410471 0.000708618 0.106398508 -0.011164125 0.994260669
1403636634513555456.000000 1.476656079 1.920867682 2.247094154 0.001180737 0.109891988 -0.012841028 0.993859947
1403636634563555584.000000 1.498353481 1.935007453 2.279049873 0.001735124 0.112124585 -0.014184489 0.993591428
1403636634613555456.000000 1.516611934 1.949383616 2.312169313 0.002889968 0.113305531 -0.016439496 0.993420005
1403636634663555584.000000 1.534830809 1.962428570 2.344752312 0.005815248 0.113850884 -0.018963654 0.993299901
1403636634713555456.000000 1.550040245 1.974796057 2.377687693 0.008595240 0.114123933 -0.022435242 0.993176043
1403636634763555584.000000 1.567625761 1.986973405 2.408825159 0.011955568 0.112103693 -0.024916381 0.993312180
1403636634813555456.000000 1.585374594 1.998852015 2.438853979 -0.015310075 -0.109933332 0.026292279 -0.993473232
1403636634863555584.000000 1.603370547 2.010992050 2.469463348 0.018479468 0.107765771 -0.027418919 0.993626356
1403636634913555456.000000 1.623610377 2.021643162 2.497223139 0.021722928 0.106043749 -0.028951235 0.993702590
1403636634963555584.000000 1.644678473 2.031709909 2.524025917 -0.024484511 -0.103451677 0.030856671 -0.993854165
1403636635013555456.000000 1.666902542 2.042190552 2.553220987 0.026636872 0.103044443 -0.033161841 0.993766904
1403636635063555584.000000 1.689256907 2.051280499 2.579194546 0.028487844 0.101424493 -0.035106286 0.993815482
1403636635113555456.000000 1.710611820 2.060828924 2.608084202 0.029983554 0.099783503 -0.036646605 0.993882000
1403636635163555584.000000 1.730061293 2.069622040 2.635389328 0.031611241 0.098789588 -0.037250329 0.993908346
1403636635213555456.000000 1.747880697 2.078791618 2.664714336 0.033076011 0.097162455 -0.037554193 0.994009614
1403636635263555584.000000 1.764867902 2.087063074 2.693806887 0.035229586 0.096150041 -0.036292218 0.994080961
1403636635313555456.000000 1.783809423 2.095122814 2.726610899 0.037089411 0.094519578 -0.034688707 0.994226933
1403636635363555584.000000 1.799709320 2.102909803 2.757114172 0.039348606 0.092498496 -0.031328227 0.994441688
1403636635413555456.000000 1.816504359 2.110683441 2.789610147 0.040665403 0.091309436 -0.029946934 0.994541168
1403636635463555584.000000 1.834784269 2.118663073 2.819735289 0.041433483 0.091647878 -0.028615035 0.994517624
1403636635513555456.000000 1.858166695 2.126035452 2.851434946 0.042660560 0.090894870 -0.025821010 0.994611263
1403636635563555584.000000 1.879976511 2.134278536 2.879953146 0.042998560 0.090763547 -0.025047125 0.994628489
1403636635613555456.000000 1.902611852 2.142805338 2.907259703 0.043323603 0.091570660 -0.023967680 0.994566977
1403636635663555584.000000 1.925277710 2.152229548 2.934666634 0.043148957 0.092637144 -0.022966068 0.994499445
1403636635713555456.000000 1.955537915 2.160876036 2.965020180 0.042896606 0.093800612 -0.022063138 0.994421721
1403636635763555584.000000 1.982457399 2.170855284 2.992861509 0.043512713 0.097091220 -0.019757455 0.994127572
1403636635813555456.000000 2.012017727 2.181254148 3.020161390 -0.044961955 -0.101003021 0.015658122 -0.993746281
1403636635863555584.000000 2.046568871 2.191052675 3.046501637 0.045909096 0.103395574 -0.012030151 0.993507504
1403636635913555456.000000 2.078109026 2.203436375 3.072179556 0.047081280 0.102013856 -0.008337484 0.993633270
1403636635963555584.000000 2.110736370 2.216976404 3.097922802 0.046815872 0.098599970 -0.007508891 0.993996978
1403636636013555456.000000 2.148836851 2.229455948 3.124854803 0.045303974 0.093189001 -0.009341734 0.994573295
1403636636063555584.000000 2.180892706 2.244872093 3.151832342 0.042753872 0.089422829 -0.013565694 0.994983315
1403636636113555456.000000 2.212944984 2.260646343 3.179453611 -0.040236529 -0.086856417 0.018104479 -0.995243311
1403636636163555584.000000 2.249525547 2.275385857 3.207166195 0.038303092 0.088558465 -0.021929389 0.995092690
1403636636213555456.000000 2.284104824 2.291778564 3.234438181 0.036565568 0.093687892 -0.026031896 0.994589329
1403636636263555584.000000 2.321168661 2.307430744 3.260857582 -0.035057098 -0.099994868 0.029270746 -0.993939281
1403636636313555456.000000 2.362009525 2.323237419 3.285725594 0.034419741 0.105455749 -0.030866874 0.993348718
1403636636363555584.000000 2.400391340 2.338788033 3.310519457 0.033825193 0.112281904 -0.032174081 0.992579222
1403636636413555456.000000 2.437862873 2.353861570 3.334378958 -0.033819459 -0.120966800 0.033033207 -0.991530180
1403636636463555584.000000 2.475449085 2.369860649 3.359987736 0.033891190 0.127875045 -0.033564810 0.990642607
1403636636513555456.000000 2.507818222 2.384714842 3.384562492 0.032495420 0.130877689 -0.036311336 0.990200281
1403636636563555584.000000 2.537578821 2.399271488 3.409285069 -0.030861223 -0.132192746 0.039727889 -0.989946663
1403636636613555456.000000 2.568241358 2.414631367 3.433244944 0.028984023 0.132964775 -0.043627083 0.989735782
1403636636663555584.000000 2.592856169 2.428166628 3.457426071 0.026807474 0.132524669 -0.048045095 0.989651620
1403636636713555456.000000 2.614356518 2.440272331 3.481050730 -0.024871152 -0.132516563 0.051736090 -0.989517152
1403636636763555584.000000 2.637603998 2.453723907 3.503948927 0.023117978 0.132096574 -0.055446271 0.989414871
1403636636813555456.000000 2.653795242 2.463352919 3.527498484 0.020860817 0.131772548 -0.060456932 0.989214718
1403636636863555584.000000 2.667489052 2.471181393 3.551141500 -0.018995620 -0.130255476 0.064777054 -0.989179790
1403636636913555456.000000 2.678281784 2.477203608 3.574640751 -0.020594895 -0.127242625 0.062545843 -0.989683390
1403636636963555584.000000 2.692183971 2.486192703 3.596170902 0.024049956 0.125172079 -0.057313778 0.990186274
1403636637013555456.000000 2.699200630 2.489171028 3.619126081 0.028103841 0.122388236 -0.050948247 0.990775228
1403636637063555584.000000 2.705448627 2.491722345 3.641725540 -0.031686440 -0.120609932 0.045261137 -0.991161287
1403636637113555456.000000 2.712090731 2.496164322 3.664661646 0.034547471 0.117903791 -0.040999468 0.991576731
1403636637163555584.000000 2.715436220 2.497661114 3.686870575 0.036212642 0.114210233 -0.038520366 0.992048800
1403636637213555456.000000 2.719325304 2.499396086 3.709430695 -0.036943607 -0.109791622 0.037778981 -0.992549181
1403636637263555584.000000 2.721375704 2.504048347 3.727760792 0.037868246 0.106821634 -0.037299272 0.992856503
1403636637313555456.000000 2.727549076 2.504871130 3.749413252 0.038412124 0.104216754 -0.037329290 0.993111253
1403636637363555584.000000 2.738058329 2.505645275 3.771443367 -0.038220715 -0.102361463 0.038220704 -0.993277669
1403636637413555456.000000 2.757434368 2.507861376 3.793249846 0.039417285 0.100635774 -0.037748419 0.993425310
1403636637463555584.000000 2.773251295 2.507217884 3.814039469 0.039655875 0.098686948 -0.038882375 0.993567586
1403636637513555456.000000 2.789762497 2.506956339 3.833044291 -0.040470511 -0.098188519 0.038355660 -0.993604600
1403636637563555584.000000 2.801768780 2.508023024 3.846894503 0.041182797 0.096633136 -0.038226683 0.993732810
1403636637613555456.000000 2.819614649 2.507128239 3.863871098 0.042380746 0.096326523 -0.037351061 0.993745506
1403636637663555584.000000 2.838072062 2.506687403 3.879041672 -0.043019824 -0.095393911 0.036850959 -0.993826628
1403636637713555456.000000 2.852631092 2.506819725 3.886118650 0.043277506 0.095954031 -0.037226859 0.993747532
1403636637763555584.000000 2.876813412 2.505640030 3.903061152 0.043750599 0.097093396 -0.037687860 0.993598759
1403636637813555456.000000 2.902119160 2.504832029 3.918629646 -0.043975718 -0.099423148 0.038156137 -0.993340492
1403636637863555584.000000 2.927697897 2.504738569 3.934199572 0.044416845 0.101203419 -0.038409244 0.993131340
1403636637913555456.000000 2.956531286 2.502881050 3.948798895 0.044963047 0.103130549 -0.038428761 0.992907703
1403636637963555584.000000 2.979760885 2.501168251 3.962882757 0.045300331 0.105742171 -0.038395081 0.992618918
1403636638013555456.000000 3.002718449 2.499795437 3.980470181 0.045618951 0.107419394 -0.038323652 0.992426991
1403636638063555584.000000 3.021229982 2.498245478 3.999646664 -0.046150923 -0.109178044 0.038339317 -0.992209852
1403636638113555456.000000 3.026660442 2.496371269 4.007904053 0.046383582 0.110998258 -0.037941203 0.992012322
1403636638163555584.000000 3.039332390 2.494918585 4.030578613 0.046861012 0.112387314 -0.037637796 0.991845012
1403636638213555456.000000 3.049211025 2.493605137 4.052735806 -0.047192786 -0.112772502 0.037904363 -0.991775393
1403636638263555584.000000 3.055197001 2.492730379 4.075101852 0.047010787 0.113258354 -0.038070928 0.991722345
1403636638313555456.000000 3.062417507 2.491481066 4.098059654 0.048161834 0.111233026 -0.036502168 0.991955280
1403636638363555584.000000 3.067368269 2.490567207 4.121232986 0.050133530 0.105206877 -0.032554083 0.992652237
1403636638413555456.000000 3.070482254 2.491026402 4.147763252 0.052304447 0.094920829 -0.027983939 0.993715882
1403636638463555584.000000 3.072695971 2.491039515 4.171817780 0.054084048 0.084624834 -0.024273401 0.994647920
1403636638513555456.000000 3.074262619 2.491735220 4.195901871 -0.055960316 -0.075897276 0.020271473 -0.995337725
1403636638563555584.000000 3.075363159 2.492907047 4.221001625 0.056290995 0.070964158 -0.018787345 0.995712101
1403636638613555456.000000 3.081500053 2.495465755 4.243476868 0.055440307 0.068982549 -0.020920625 0.995856524
1403636638663555584.000000 3.091474056 2.498646736 4.265657902 -0.053461276 -0.070912987 0.026051177 -0.995708108
1403636638713555456.000000 3.108409166 2.502590895 4.294794083 0.051842976 0.073884591 -0.029558133 0.995479643
1403636638763555584.000000 3.124350071 2.506627321 4.316205502 0.050979622 0.078670323 -0.032374606 0.995069861
1403636638813555456.000000 3.143051147 2.510619164 4.338120461 -0.050771594 -0.084063619 0.033773631 -0.994592845
1403636638863555584.000000 3.168422461 2.515153170 4.366788387 0.051013909 0.088541619 -0.033339195 0.994206488
1403636638913555456.000000 3.188776016 2.519224167 4.387043953 0.052373994 0.091778547 -0.031661592 0.993897021
1403636638963555584.000000 3.211004496 2.523629427 4.407028198 0.053824935 0.094257288 -0.029343355 0.993658602
1403636639013555456.000000 3.237746000 2.528489113 4.434056282 0.056325618 0.094433635 -0.024449332 0.993635774
1403636639063555584.000000 3.260469198 2.533505678 4.455978870 0.059189130 0.094929956 -0.018942153 0.993542254
1403636639113555456.000000 3.281861544 2.539148808 4.481078625 -0.061562568 -0.095163897 0.014345353 -0.993452668
1403636639163555584.000000 3.305188179 2.546993017 4.512442589 0.063394926 0.094324298 -0.010445930 0.993466139
1403636639213555456.000000 3.320236444 2.555167437 4.541155338 0.064848296 0.093898349 -0.007433953 0.993439794
1403636639263555584.000000 3.332957983 2.565109491 4.573881149 -0.065463014 -0.092854224 0.006258491 -0.993505716
1403636639313555456.000000 3.349094629 2.575512648 4.615666389 0.063125253 0.093420036 -0.010337522 0.993569851
1403636639363555584.000000 3.358650923 2.588262081 4.650051594 0.060377710 0.093439862 -0.016232817 0.993659973
1403636639413555456.000000 3.368500948 2.601677895 4.686240673 -0.057454959 -0.093233839 0.022340933 -0.993734002
1403636639463555584.000000 3.380380630 2.617239714 4.728180408 0.054654378 0.093688175 -0.028358940 0.993695736
1403636639513555456.000000 3.388712645 2.631793976 4.765304565 0.051704299 0.095265649 -0.034657642 0.993503928
1403636639563555584.000000 3.396807432 2.646085978 4.802961349 -0.048452467 -0.097599566 0.041715309 -0.993169963
1403636639613555456.000000 3.405781984 2.662316322 4.845527649 0.046246037 0.099640884 -0.047017869 0.992835522
1403636639663555584.000000 3.413231850 2.675334930 4.883352757 0.045882307 0.103052244 -0.048808869 0.992417693
1403636639713555456.000000 3.421961546 2.687975645 4.919901848 -0.046786483 -0.107126892 0.047666240 -0.991999388
1403636639763555584.000000 3.432017803 2.702055454 4.959780216 0.048542969 0.110889874 -0.044672120 0.991640806
1403636639813555456.000000 3.441902399 2.713463783 4.993511200 0.049563933 0.112863451 -0.042722929 0.991453528
1403636639863555584.000000 3.453698158 2.724424601 5.026331425 -0.051052626 -0.114070758 0.040167060 -0.991346657
1403636639913555456.000000 3.468996525 2.734629154 5.061990261 0.052257169 0.114788704 -0.038063392 0.991284013
1403636639963555584.000000 3.482837200 2.745225191 5.090786934 0.052630097 0.115320437 -0.037455991 0.991225660
1403636640013555456.000000 3.498512030 2.755793095 5.118793964 -0.053408630 -0.115882620 0.037616171 -0.991112411
1403636640063555584.000000 3.515082836 2.768405676 5.149308205 0.055311594 0.116203524 -0.039426263 0.990900099
1403636640113555456.000000 3.535221577 2.778098822 5.174402714 0.057766408 0.116537705 -0.043589748 0.990546286
1403636640163555584.000000 3.556703568 2.787661076 5.198124409 -0.061875433 -0.116706252 0.045926251 -0.990172625
1403636640213555456.000000 3.574270010 2.799744129 5.228456974 0.065988317 0.116928264 -0.048035871 0.989780724
1403636640263555584.000000 3.597241163 2.809059620 5.248364925 0.069148503 0.115409888 -0.050832860 0.989603519
1403636640313555456.000000 3.619019508 2.818918943 5.268946171 -0.072228618 -0.114812478 0.051862001 -0.989399612
1403636640363555584.000000 3.635557890 2.830207586 5.292237759 0.074994899 0.114906207 -0.053703751 0.989084542
1403636640413555456.000000 3.654649496 2.839594603 5.312695503 0.077103786 0.114745572 -0.055381939 0.988848567
1403636640463555584.000000 3.671243668 2.849764824 5.334247112 -0.078890227 -0.114950389 0.056958951 -0.988594234
1403636640513555456.000000 3.683640718 2.860004663 5.358722687 0.080582626 0.113580532 -0.057628132 0.988577247
1403636640563555584.000000 3.697947025 2.869752884 5.380385399 0.081895314 0.113573857 -0.058827654 0.988399506
1403636640613555456.000000 3.710724592 2.879449368 5.403010845 -0.083086096 -0.113693751 0.059068378 -0.988271892
1403636640663555584.000000 3.713461637 2.884761810 5.430036068 0.083712839 0.114394248 -0.059140433 0.988133967
1403636640713555456.000000 3.723782301 2.894196272 5.452571869 0.084473945 0.113529257 -0.059369128 0.988155186
1403636640763555584.000000 3.732912779 2.904006720 5.474565983 -0.085276425 -0.112035945 0.059463855 -0.988250971
1403636640813555456.000000 3.740329742 2.910085201 5.499993801 0.085487783 0.110791259 -0.060164779 0.988330603
1403636640863555584.000000 3.751167297 2.919048786 5.520323753 0.085707814 0.109046847 -0.060944956 0.988457799
1403636640913555456.000000 3.763801336 2.927625895 5.539655685 0.085967414 0.108235858 -0.061184525 0.988509595
1403636640963555584.000000 3.777250767 2.936272144 5.558640003 -0.085722625 -0.107926555 0.061615724 -0.988537848
1403636641013555456.000000 3.788276672 2.942915678 5.576705933 0.085382700 0.108602718 -0.061817009 0.988480687
1403636641063555584.000000 3.800962210 2.950864077 5.593620777 0.085542567 0.109725356 -0.060832489 0.988403916
1403636641113555456.000000 3.811304808 2.958508730 5.610962868 -0.084959015 -0.110505536 0.060976014 -0.988358438
1403636641163555584.000000 3.821681023 2.960664272 5.631265163 0.084373444 0.110223815 -0.061170273 0.988428116
1403636641213555456.000000 3.829460859 2.967895269 5.649787903 0.083969563 0.111144260 -0.060895260 0.988376379
1403636641263555584.000000 3.834576130 2.974361897 5.668567181 -0.084457636 -0.112125583 0.059324503 -0.988319516
1403636641313555456.000000 3.840374231 2.980100155 5.689063072 0.085465632 0.111616254 -0.055846028 0.988493145
1403636641363555584.000000 3.842709780 2.986778021 5.708471775 0.087033927 0.110956334 -0.051691901 0.988656580
1403636641413555456.000000 3.844516516 2.993368387 5.728647232 -0.088541918 -0.110488996 0.048126496 -0.988754988
1403636641463555584.000000 3.850524187 2.996979475 5.745302200 0.088486075 0.110581763 -0.047370512 0.988786101
1403636641513555456.000000 3.851113796 3.004794121 5.764594555 0.087538972 0.111145221 -0.048541307 0.988750458
1403636641563555584.000000 3.851596355 3.012940884 5.782569408 -0.086617023 -0.111006804 0.050379980 -0.988755226
1403636641613555456.000000 3.852657795 3.021381378 5.799331188 -0.085189171 -0.111350447 0.052340511 -0.988738775
1403636641663555584.000000 3.859796047 3.029739380 5.817268372 0.084130794 0.111047760 -0.053802337 0.988785028
1403636641713555456.000000 3.863286257 3.038311481 5.831076622 0.083504841 0.112190403 -0.054908834 0.988648236
1403636641763555584.000000 3.869379282 3.046659946 5.843419552 -0.082661353 -0.111567214 0.055450160 -0.988759458
1403636641813555456.000000 3.879170418 3.052742004 5.848130226 0.082706764 0.112547621 -0.055526234 0.988640249
1403636641863555584.000000 3.888169765 3.060308456 5.859534264 0.082490832 0.113434434 -0.055653974 0.988549709
1403636641913555456.000000 3.899470329 3.067565918 5.871398926 -0.081326798 -0.113632016 0.055084512 -0.988655388
1403636641963555584.000000 3.911674738 3.074931383 5.881788254 -0.079106346 -0.114117213 0.053087845 -0.988888919
1403636642013555456.000000 3.929846287 3.080017567 5.877944469 0.075376213 0.115194969 -0.051310912 0.989149034
1403636642063555584.000000 3.943355322 3.087709904 5.886609077 0.071108647 0.116175629 -0.048691135 0.989482701
1403636642113555456.000000 3.957080364 3.094560146 5.894649029 -0.066667140 -0.116975710 0.047362048 -0.989762127
1403636642163555584.000000 3.971129417 3.100785494 5.900022507 0.062778533 0.117664501 -0.046043508 0.989996970
1403636642213555456.000000 3.981193304 3.107590437 5.909356117 0.059827447 0.118604220 -0.044344157 0.990145147
1403636642263555584.000000 3.990333796 3.113892555 5.918819904 -0.057009175 -0.118952230 0.042510372 -0.990350068
1403636642313555456.000000 3.998662710 3.120262861 5.922309875 0.053691771 0.119337969 -0.040147908 0.990587652
1403636642363555584.000000 4.003320694 3.127092600 5.933060646 0.049092609 0.119990394 -0.037678596 0.990844369
1403636642413555456.000000 4.006978989 3.133414984 5.943331242 -0.045112431 -0.120985620 0.035007611 -0.991010487
1403636642463555584.000000 4.010574818 3.142097473 5.937567711 0.041377176 0.120839857 -0.033164330 0.991254687
1403636642513555456.000000 4.010426044 3.148500443 5.949078560 0.038425293 0.119698562 -0.031349629 0.991570950
1403636642563555584.000000 4.008551598 3.155075788 5.959450245 -0.035330169 -0.116421565 0.030685499 -0.992096901
1403636642613555456.000000 4.006065369 3.162209511 5.966032982 0.033497997 0.112434611 -0.029063724 0.992668986
1403636642663555584.000000 4.001490116 3.168210506 5.978062153 0.031767134 0.108086996 -0.027907271 0.993241787
1403636642713555456.000000 3.996779919 3.174290419 5.989048958 -0.030117566 -0.104107484 0.027293904 -0.993735254
1403636642763555584.000000 3.993027449 3.181736708 5.992276192 0.029353293 0.100326441 -0.026829969 0.994159520
1403636642813555456.000000 3.991236448 3.187263250 6.003091812 0.028760204 0.097530723 -0.025921643 0.994479120
1403636642863555584.000000 3.991667032 3.192466974 6.011435032 -0.028577611 -0.095812455 0.025082726 -0.994672894
1403636642913555456.000000 3.993588448 3.199552298 6.017625809 0.028572014 0.093957968 -0.024934163 0.994853735
1403636642963555584.000000 3.997323275 3.204717875 6.024857521 0.028606448 0.093304992 -0.024191303 0.994932473
1403636643013555456.000000 4.003079891 3.210550785 6.029758930 -0.028954476 -0.093980059 0.023862220 -0.994866848
1403636643063555584.000000 4.010182858 3.218611479 6.030146599 0.029191630 0.097544841 -0.023587316 0.994523287
1403636643113555456.000000 4.018041611 3.224465609 6.036940575 0.029573601 0.101941630 -0.023113480 0.994082093
1403636643163555584.000000 4.024982452 3.230899096 6.044358253 -0.030223986 -0.105156869 0.022377687 -0.993744373
1403636643213555456.000000 4.030483723 3.237507343 6.052746773 -0.030513670 -0.107712284 0.021929270 -0.993471742
1403636643263555584.000000 4.033153057 3.245010614 6.060286522 0.030909272 0.108755618 -0.021865785 0.993347287
1403636643313555456.000000 4.035984993 3.252165556 6.069803238 0.030939449 0.108373955 -0.022256108 0.993379354
1403636643363555584.000000 4.038011551 3.259860277 6.079300404 -0.031039199 -0.106367946 0.022743337 -0.993582010
1403636643413555456.000000 4.042107105 3.267425060 6.088352680 -0.031509481 -0.103949919 0.022331189 -0.993832409
1403636643463555584.000000 4.048489094 3.275044203 6.096990108 -0.032160278 -0.100261264 0.021841140 -0.994201362
1403636643513555456.000000 4.054715157 3.283374786 6.099874973 0.032533720 0.096253179 -0.022167681 0.994578123
1403636643563555584.000000 4.066042423 3.291348457 6.109540462 0.032959819 0.092873596 -0.022639483 0.994874656
1403636643613555456.000000 4.078959942 3.299528360 6.118911743 -0.032749824 -0.089131244 0.023622051 -0.995201051
1403636643663555584.000000 4.091519833 3.308251143 6.125733376 0.033431470 0.085921742 -0.024703890 0.995434344
1403636643713555456.000000 4.107964993 3.316758156 6.134530544 0.033696063 0.082925372 -0.025725458 0.995653689
1403636643763555584.000000 4.124993801 3.325385332 6.142092228 -0.033766020 -0.081442997 0.026571786 -0.995751381
1403636643813555456.000000 4.139864922 3.332356930 6.144933701 0.033295978 0.078528635 -0.027990961 0.995962441
1403636643863555584.000000 4.157041073 3.341075897 6.155556202 0.033484377 0.075587079 -0.028295852 0.996175110
1403636643913555456.000000 4.173100948 3.349996090 6.167014122 -0.033487998 -0.073706135 0.028959781 -0.996296823
1403636643963555584.000000 4.188894749 3.359016895 6.180731297 0.033196833 0.071675926 -0.029917296 0.996426404
1403636644013555456.000000 4.204375267 3.367769003 6.196768284 0.032814901 0.070775241 -0.030585468 0.996483207
1403636644063555584.000000 4.219490528 3.376323938 6.214599133 -0.032967854 -0.070018142 0.030649919 -0.996529639
1403636644113555456.000000 4.232010365 3.382931471 6.232680321 0.032609377 0.069153555 -0.030800512 0.996597111
1403636644163555584.000000 4.246808052 3.391101837 6.254225254 0.032612566 0.070486426 -0.031082790 0.996494889
1403636644213555456.000000 4.261531830 3.398680210 6.277369499 -0.033796858 -0.075801007 0.028650934 -0.996138155
1403636644263555584.000000 4.275126934 3.407478571 6.303834915 0.036357056 0.082709648 -0.023195393 0.995640159
1403636644313555456.000000 4.289560318 3.415052652 6.330144882 0.039432749 0.090819649 -0.016865747 0.994943500
1403636644363555584.000000 4.303024769 3.423285484 6.357642651 0.041874509 0.098233074 -0.011081359 0.994220316
1403636644413555456.000000 4.312296867 3.432631969 6.389086723 0.043688931 0.104018763 -0.007349580 0.993588150
1403636644463555584.000000 4.322890759 3.443230391 6.418528557 0.044847257 0.109023660 -0.004494133 0.993016839
1403636644513555456.000000 4.331741333 3.454897165 6.448927402 -0.047301229 -0.113649584 -0.000380206 -0.992394269
1403636644563555584.000000 4.336730480 3.465929985 6.478037834 0.049292229 0.116080627 0.004092470 0.992007554
1403636644613555456.000000 4.342116356 3.480778456 6.509301186 0.049628112 0.117591515 0.005365273 0.991806746
1403636644663555584.000000 4.345047951 3.497553825 6.540410042 -0.047665745 -0.118808866 -0.001411742 -0.991771340
1403636644713555456.000000 4.343572140 3.514987469 6.577764988 0.044283543 0.120029688 -0.005258287 0.991768241
1403636644763555584.000000 4.343557358 3.534467936 6.609288216 0.040027458 0.119671263 -0.013896078 0.991909027
1403636644813555456.000000 4.341892719 3.554265976 6.640748978 -0.035596415 -0.120185897 0.021878654 -0.991871774
1403636644863555584.000000 4.335521221 3.574414968 6.679511547 0.031891480 0.118434541 -0.027474299 0.992069244
1403636644913555456.000000 4.332159519 3.594433308 6.710174561 0.030123672 0.115732647 -0.029186474 0.992394447
1403636644963555584.000000 4.329808712 3.614016294 6.739327908 0.029483747 0.112699844 -0.029167455 0.992763221
1403636645013555456.000000 4.326609135 3.633351803 6.772803307 0.028716397 0.105303258 -0.029392401 0.993590832
1403636645063555584.000000 4.326313019 3.652141094 6.798975468 0.028640514 0.093799777 -0.027543621 0.994797826
1403636645113555456.000000 4.327744007 3.670928955 6.822706223 0.028576685 0.082214117 -0.026029903 0.995864809
1403636645163555584.000000 4.328464031 3.690014601 6.852495670 0.027451752 0.071906343 -0.027194377 0.996662676
1403636645213555456.000000 4.334482670 3.708554029 6.876031399 0.027458582 0.062888779 -0.025707494 0.997311473
1403636645263555584.000000 4.344053268 3.726488113 6.901245594 -0.026812894 -0.058138121 0.026263596 -0.997602761
1403636645313555456.000000 4.352512360 3.745234728 6.935266018 0.026994228 0.058897685 -0.025959669 0.997561276
1403636645363555584.000000 4.367236137 3.762738943 6.961606026 0.026726618 0.063314125 -0.026321910 0.997288465
1403636645413555456.000000 4.382237434 3.780076027 6.990804195 -0.026116341 -0.068565793 0.026745478 -0.996946096
1403636645463555584.000000 4.399137020 3.796408653 7.027522087 0.025988054 0.072729535 -0.026226195 0.996668100
1403636645513555456.000000 4.414112568 3.813254118 7.059805870 0.025831820 0.075946480 -0.026507393 0.996424794
1403636645563555584.000000 4.428261280 3.829875708 7.094388485 0.025408875 0.077295110 -0.026773348 0.996324837
1403636645613555456.000000 4.444126606 3.845576763 7.136943817 0.024926243 0.079562731 -0.026779503 0.996158302
1403636645663555584.000000 4.458262444 3.861771107 7.174817085 0.024728356 0.081033990 -0.027681202 0.996020019
1403636645713555456.000000 4.474483490 3.877148628 7.214022636 -0.024469096 -0.082280546 0.027940014 -0.995916963
1403636645763555584.000000 4.493859291 3.893232822 7.256226540 0.025093321 0.083181173 -0.027315738 0.995843947
1403636645813555456.000000 4.514454365 3.907841682 7.295217037 0.025660224 0.083685845 -0.026408466 0.995811701
1403636645863555584.000000 4.539051056 3.922250271 7.333693027 -0.025682980 -0.082793742 0.025837030 -0.995900631
1403636645913555456.000000 4.566147327 3.937916279 7.373044014 0.026556831 0.082224987 -0.024410408 0.995960832
1403636645963555584.000000 4.596987724 3.951921940 7.409169674 0.025890144 0.086855054 -0.022323703 0.995634258
1403636646013555456.000000 4.629484177 3.966491461 7.445168972 -0.023984388 -0.091307126 0.018933941 -0.995353878
1403636646063555584.000000 4.664666176 3.981989145 7.480477810 0.021300340 0.094634533 -0.013046062 0.995198667
1403636646113555456.000000 4.698238850 3.997683287 7.514508247 0.015981631 0.098085493 -0.007123226 0.995024204
1403636646163555584.000000 4.731736660 4.014259338 7.549399853 0.008407188 0.101505913 -0.000633281 0.994799197
1403636646213555456.000000 4.768301010 4.031836987 7.585855961 0.000138514 0.105083808 0.007595978 0.994434416
1403636646263555584.000000 4.799516201 4.050243855 7.622236252 -0.009993686 0.108621083 0.015861467 0.993906498
1403636646313555456.000000 4.829349518 4.069886684 7.658966541 0.021188708 -0.113161467 -0.024418991 -0.993050516
1403636646363555584.000000 4.861340046 4.091514111 7.694546700 -0.032580387 0.117626950 0.033315230 0.991964042
1403636646413555456.000000 4.886336327 4.113327026 7.730922222 -0.046418346 0.121180549 0.038727261 0.990787983
1403636646463555584.000000 4.910423279 4.135848522 7.767426968 0.059575442 -0.126381576 -0.041464031 -0.989322662
1403636646513555456.000000 4.938645840 4.159570217 7.798379421 -0.071709462 0.130993724 0.042148780 0.987887621
1403636646563555584.000000 4.961356640 4.182765961 7.831593990 -0.082216270 0.133826673 0.043146476 0.986645520
1403636646613555456.000000 4.984000683 4.206301689 7.863383770 0.090400264 -0.133656874 -0.044716425 -0.985882401
1403636646663555584.000000 5.011287689 4.231082916 7.892081738 -0.097782351 0.131642148 0.044666622 0.985451102
1403636646713555456.000000 5.036025047 4.254099846 7.919732094 -0.103357755 0.129608706 0.046247490 0.985078633
1403636646763555584.000000 5.063528061 4.276637077 7.944911957 0.107824981 -0.128521562 -0.047609475 -0.984677255
1403636646813555456.000000 5.095828056 4.300277710 7.963652134 -0.111233495 0.128770739 0.048221018 0.984235764
1403636646863555584.000000 5.124642372 4.322209835 7.985088348 -0.114433818 0.128945738 0.048942171 0.983810246
1403636646913555456.000000 5.154185295 4.343820572 8.005302429 0.115678623 -0.127952799 -0.049958512 -0.983743250
1403636646963555584.000000 5.184034824 4.366640091 8.019778252 -0.117040239 0.126604378 0.050539348 0.983726978
1403636647013555456.000000 5.210248470 4.387562275 8.039699554 -0.118076146 0.124986112 0.050629888 0.983805478
1403636647063555584.000000 5.235571861 4.408188343 8.059084892 0.118415430 -0.122443713 -0.050225180 -0.984105110
1403636647113555456.000000 5.258686066 4.430789948 8.074141502 -0.118717752 0.118441038 0.050250769 0.984557152
1403636647163555584.000000 5.280447960 4.451326370 8.094815254 -0.118362121 0.115402885 0.050608966 0.984942377
1403636647213555456.000000 5.302064896 4.472092152 8.115270615 0.118356511 -0.113246359 -0.049906198 -0.985229135
1403636647263555584.000000 5.321458817 4.494933605 8.132143974 -0.117466256 0.113422960 0.050301623 0.985295236
1403636647313555456.000000 5.340672493 4.515407562 8.153876305 -0.115998551 0.114552401 0.051145531 0.985295057
1403636647363555584.000000 5.358681679 4.536558628 8.175637245 0.114696458 -0.116273828 -0.051652860 -0.985219359
1403636647413555456.000000 5.373570919 4.559853077 8.192148209 -0.113503508 0.118187293 0.052031893 0.985109866
1403636647463555584.000000 5.388927460 4.580729008 8.214580536 -0.111801624 0.120272994 0.052818172 0.985010207
1403636647513555456.000000 5.403554916 4.602076054 8.236516953 0.110011101 -0.123608105 -0.053291701 -0.984773457
1403636647563555584.000000 5.414864540 4.624197960 8.251132965 -0.107831053 0.127907649 0.054607283 0.984393358
1403636647613555456.000000 5.429206848 4.645904064 8.270713806 -0.105801485 0.133324966 0.056935292 0.983762622
1403636647663555584.000000 5.443768501 4.669505119 8.288089752 0.106432907 -0.134318113 -0.057499260 -0.983526647
1403636647713555456.000000 5.455752373 4.692740440 8.299734116 -0.107700408 0.133167326 0.056905907 0.983579576
1403636647763555584.000000 5.471998215 4.717128277 8.315523148 -0.109363750 0.130727455 0.056091417 0.983770192
1403636647813555456.000000 5.488340855 4.742709637 8.329561234 0.111727767 -0.129510254 -0.054802652 -0.983738124
1403636647863555584.000000 5.499492645 4.766558647 8.336575508 -0.114690930 0.127207741 0.055650275 0.983649969
1403636647913555456.000000 5.511908531 4.792551041 8.350383759 -0.119290128 0.126950249 0.056625325 0.983080447
1403636647963555584.000000 5.521337032 4.818006516 8.363241196 0.124921359 -0.127027258 -0.059100475 -0.982225001
1403636648013555456.000000 5.525628567 4.843433857 8.372175217 -0.132553980 0.126221791 0.062222447 0.981135011
1403636648063555584.000000 5.529730320 4.869936943 8.385707855 -0.141650274 0.125649899 0.066362783 0.979664922
1403636648113555456.000000 5.530605793 4.896326542 8.398447990 0.151974156 -0.125267059 -0.071557105 -0.977799416
1403636648163555584.000000 5.529526711 4.923004150 8.408174515 -0.163446486 0.125255451 0.077271745 0.975512862
1403636648213555456.000000 5.528569221 4.949814796 8.421226501 -0.175124943 0.125434563 0.082584083 0.973024845
1403636648263555584.000000 5.525021076 4.976984024 8.433304787 0.187106416 -0.125742257 -0.088827215 -0.970200956
1403636648313555456.000000 5.519756317 5.006021023 8.445216179 -0.199335441 0.125487223 0.095025830 0.967206538
1403636648363555584.000000 5.513792038 5.032703876 8.456713676 -0.211959392 0.125924125 0.100548953 0.963901639
1403636648413555456.000000 5.505870342 5.058834553 8.466854095 0.224716350 -0.125534549 -0.106372491 -0.960431516
1403636648463555584.000000 5.498217106 5.084573746 8.472822189 -0.237445608 0.124996074 0.113050081 0.956668854
1403636648513555456.000000 5.488495827 5.110248089 8.482147217 -0.249839649 0.124844685 0.119291447 0.952766240
1403636648563555584.000000 5.479909897 5.135791302 8.489442825 0.260761470 -0.124921553 -0.124880418 -0.949106455
1403636648613555456.000000 5.472349167 5.163444996 8.495059967 -0.270405859 0.124648765 0.129181087 0.945862412
1403636648663555584.000000 5.464745045 5.186867714 8.498655319 -0.278645754 0.122840382 0.132531002 0.943240404
1403636648713555456.000000 5.456372738 5.205149651 8.500205994 0.286050230 -0.119591706 -0.134574488 -0.941149771
1403636648763555584.000000 5.453115940 5.234441280 8.501163483 -0.290996730 0.116170891 0.137285754 0.939669073
1403636648813555456.000000 5.448562145 5.256181717 8.501893044 -0.294387877 0.108852401 0.140762135 0.938974440
1403636648863555584.000000 5.446752548 5.278040409 8.501379013 0.296578825 -0.102086507 -0.144255176 -0.938514709
1403636648913555456.000000 5.448506355 5.305944443 8.501341820 -0.298823804 0.095028579 0.146174982 0.938246727
1403636648963555584.000000 5.451367378 5.327918053 8.499278069 -0.299835712 0.090458766 0.147460327 0.938174427
1403636649013555456.000000 5.457610130 5.351490021 8.496952057 0.301166445 -0.089062035 -0.147283629 -0.937909544
1403636649063555584.000000 5.465375900 5.381231785 8.493740082 -0.302199364 0.092120834 0.145773187 0.937517762
1403636649113555456.000000 5.476682663 5.405032158 8.490610123 -0.303275347 0.098698884 0.142867833 0.936947882
1403636649163555584.000000 5.489863873 5.429789066 8.487611771 0.303754956 -0.106367424 -0.140636444 -0.936290741
1403636649213555456.000000 5.502810001 5.455444813 8.478620529 -0.304154009 0.112863660 0.137007535 0.935938656
1403636649263555584.000000 5.518099308 5.479075432 8.474109650 -0.304110646 0.117906943 0.134553239 0.935687006
1403636649313555456.000000 5.533920288 5.501893520 8.468430519 -0.303455353 0.119417295 0.133278027 0.935890675
1403636649363555584.000000 5.548946857 5.528120995 8.459493637 -0.302191883 0.118263394 0.132632285 0.936537564
1403636649413555456.000000 5.566654682 5.549833775 8.451416016 -0.300563067 0.115967967 0.132599801 0.937353015
1403636649463555584.000000 5.585129738 5.571743011 8.442257881 0.298551381 -0.112338126 -0.132454991 -0.938457787
1403636649513555456.000000 5.604116440 5.595376492 8.430840492 -0.296645671 0.112615861 0.131704912 0.939134121
1403636649563555584.000000 5.626313210 5.615788460 8.419080734 -0.294807792 0.115491122 0.131088614 0.939449847
1403636649613555456.000000 5.649110317 5.636699200 8.405886650 0.293650597 -0.118880868 -0.131693169 -0.939304829
1403636649663555584.000000 5.668813229 5.658328056 8.392652512 -0.294151306 0.123333983 0.133283347 0.938349307
1403636649713555456.000000 5.688209534 5.678027153 8.379137993 -0.296370566 0.125737458 0.135749102 0.936977565
1403636649763555584.000000 5.705301762 5.698337078 8.365930557 0.300450236 -0.127309144 -0.136744559 -0.935319781
1403636649813555456.000000 5.720590591 5.719171524 8.353078842 -0.304286242 0.127929270 0.137337431 0.933907092
1403636649863555584.000000 5.734102249 5.738066673 8.340463638 -0.308184028 0.128914118 0.137662724 0.932444513
1403636649913555456.000000 5.745345592 5.756428719 8.328716278 0.311495811 -0.129314303 -0.138060167 -0.931229115
1403636649963555584.000000 5.754548073 5.775951862 8.317577362 -0.314700425 0.129347891 0.138106868 0.930139422
1403636650013555456.000000 5.760929585 5.793637276 8.307609558 -0.317470044 0.128929988 0.138376534 0.929215670
1403636650063555584.000000 5.764564037 5.810666084 8.298414230 -0.319926828 0.129619926 0.139373511 0.928127468
1403636650113555456.000000 5.764598370 5.827414989 8.288591385 -0.323513567 0.130301952 0.141494527 0.926466286
1403636650163555584.000000 5.762629032 5.843309402 8.279398918 -0.328932613 0.130621061 0.143992051 0.924125493
1403636650213555456.000000 5.757827759 5.858371735 8.269809723 -0.336603343 0.129602134 0.147066325 0.921017408
1403636650263555584.000000 5.752380371 5.875022888 8.260421753 -0.345635772 0.128717557 0.151444897 0.917078078
1403636650313555456.000000 5.743724823 5.889120579 8.251455307 -0.355223656 0.127896577 0.157406628 0.912513971
1403636650363555584.000000 5.734014511 5.903473854 8.242408752 0.365970254 -0.125946075 -0.163617626 -0.907431901
1403636650413555456.000000 5.725005150 5.918161392 8.234019279 -0.377254248 0.123743489 0.169869035 0.901948690
1403636650463555584.000000 5.712492466 5.930495262 8.224397659 -0.388623357 0.120416656 0.176239029 0.896332264
1403636650513555456.000000 5.698694706 5.941761017 8.214778900 -0.399322748 0.116785586 0.182725802 0.890793979
1403636650563555584.000000 5.685081005 5.954476357 8.203540802 -0.408104867 0.112950824 0.189024210 0.885981083
1403636650613555456.000000 5.669951439 5.964305878 8.194747925 -0.415835351 0.110266767 0.193907455 0.881658792
1403636650663555584.000000 5.654884338 5.974142075 8.186454773 0.422183514 -0.108382061 -0.198013619 -0.877955079
1403636650713555456.000000 5.638850212 5.986667633 8.183174133 -0.428337067 0.106693581 0.201350331 0.874415159
1403636650763555584.000000 5.624773502 5.995303154 8.174348831 -0.432968169 0.106197387 0.204236299 0.871520638
1403636650813555456.000000 5.612862587 6.003992081 8.164873123 0.437032014 -0.106560126 -0.205813274 -0.869073570
1403636650863555584.000000 5.603403568 6.014482498 8.153781891 -0.440763116 0.108251095 0.205821037 0.866975963
1403636650913555456.000000 5.596144676 6.022429466 8.141639709 -0.444111377 0.111690886 0.204510495 0.865139127
1403636650963555584.000000 5.590343475 6.030319214 8.128765106 0.446243882 -0.115015872 -0.203542635 -0.863833427
1403636651013555456.000000 5.582991600 6.040261269 8.115264893 -0.448023736 0.117584683 0.201943085 0.862941265
1403636651063555584.000000 5.579757690 6.046701908 8.100893021 -0.448893100 0.119005226 0.200946987 0.862527132
1403636651113555456.000000 5.577227116 6.052904129 8.085254669 0.448869437 -0.120623454 -0.200287178 -0.862468183
1403636651163555584.000000 5.573758125 6.061267376 8.072896957 -0.448689103 0.120224796 0.200113088 0.862658083
1403636651213555456.000000 5.573227882 6.065196991 8.055664062 -0.447392851 0.118624516 0.200679481 0.863420904
1403636651263555584.000000 5.573660851 6.068388939 8.037759781 0.446230829 -0.116430059 -0.201148525 -0.864211500
1403636651313555456.000000 5.572979927 6.074269295 8.019964218 -0.444567204 0.113738216 0.201724574 0.865292370
1403636651363555584.000000 5.574141502 6.076261520 8.001548767 -0.442623138 0.111287110 0.202869520 0.866339445
1403636651413555456.000000 5.574122429 6.078470230 7.983569145 0.441137314 -0.109870762 -0.202668875 -0.867324471
1403636651463555584.000000 5.572611809 6.080176830 7.966603279 0.439324588 -0.109082535 -0.202707529 -0.868334353
1403636651513555456.000000 5.569564342 6.081801414 7.950567245 0.438238382 -0.109558016 -0.201534763 -0.869096100
1403636651563555584.000000 5.565291882 6.083192825 7.935432911 0.437057644 -0.112252764 -0.200385079 -0.869612455
1403636651613555456.000000 5.559956074 6.084420204 7.920968056 0.436546504 -0.115593113 -0.197998732 -0.869978130
1403636651663555584.000000 5.547220707 6.094223022 7.910380840 -0.435501277 0.119317397 0.196781337 0.870275319
1403636651713555456.000000 5.538934231 6.094328880 7.896839142 -0.434553117 0.122047886 0.197025612 0.870315433
1403636651763555584.000000 5.529238701 6.094202995 7.883452892 -0.434381604 0.125074640 0.199211776 0.869473219
1403636651813555456.000000 5.517320633 6.094081402 7.869108200 0.434941858 -0.128790528 -0.203485861 -0.867659032
1403636651863555584.000000 5.504501820 6.093155384 7.854676247 0.437566400 -0.132277578 -0.207559064 -0.864845455
1403636651913555456.000000 5.491481781 6.093119144 7.833956242 -0.441942662 0.134305507 0.212185726 0.861177087
1403636651963555584.000000 5.474443913 6.091156006 7.818045616 -0.448346436 0.135888025 0.216951653 0.856418073
1403636652013555456.000000 5.455481529 6.090132713 7.802008629 0.456959814 -0.136674389 -0.220726103 -0.850757182
1403636652063555584.000000 5.438817978 6.098693371 7.791456699 -0.467310816 0.134618431 0.225501984 0.844184458
1403636652113555456.000000 5.415932655 6.096648693 7.773966312 -0.479732364 0.130052790 0.229161605 0.836915851
1403636652163555584.000000 5.387801170 6.084269524 7.750001431 0.493496060 -0.124649979 -0.233378321 -0.828527987
1403636652213555456.000000 5.368025780 6.091269970 7.732138634 -0.507628441 0.118753791 0.240186378 0.818853796
1403636652263555584.000000 5.340364933 6.085808754 7.713810444 -0.521222532 0.113380119 0.247837290 0.808732748
1403636652313555456.000000 5.310189247 6.078600883 7.695518970 0.534144700 -0.106191650 -0.257246405 -0.798271358
1403636652363555584.000000 5.283754349 6.075028419 7.675029278 -0.545979202 0.100133263 0.266619533 0.787904918
1403636652413555456.000000 5.253164291 6.067979813 7.657737255 -0.556689918 0.095630281 0.274216324 0.778303742
1403636652463555584.000000 5.224298954 6.061717033 7.640530109 0.565287352 -0.092657112 -0.281127840 -0.769955933
1403636652513555456.000000 5.206403255 6.065441132 7.623261452 -0.572229624 0.090033606 0.287415862 0.762783945
1403636652563555584.000000 5.180222511 6.059883118 7.605210304 -0.577869773 0.086656451 0.293680161 0.756511211
1403636652613555456.000000 5.157141209 6.055945873 7.585808754 0.581937671 -0.082584664 -0.298996359 -0.751751065
1403636652663555584.000000 5.138118267 6.057668209 7.563154697 -0.585272253 0.077781662 0.303096563 0.748023331
1403636652713555456.000000 5.119360924 6.056161880 7.541682720 -0.588861942 0.074031383 0.304226339 0.745122433
1403636652763555584.000000 5.105329037 6.058676243 7.517169476 -0.590425909 0.072994068 0.306415200 0.743087351
1403636652813555456.000000 5.091759682 6.060511112 7.493577003 -0.592290878 0.072263077 0.306538969 0.741622150
1403636652863555584.000000 5.080263138 6.065740585 7.469061375 -0.593405902 0.073126107 0.306684315 0.740585387
1403636652913555456.000000 5.070973873 6.071034431 7.443891525 -0.594588518 0.074337855 0.304989189 0.740216136
1403636652963555584.000000 5.063559532 6.078024387 7.418153763 0.595596671 -0.075527251 -0.302720934 -0.740216434
1403636653013555456.000000 5.054717541 6.091267586 7.397179604 -0.595985234 0.077578679 0.301275581 0.740281165
1403636653063555584.000000 5.044883251 6.100116253 7.373959064 -0.596695662 0.078687280 0.298014730 0.740911484
1403636653113555456.000000 5.032407761 6.110849857 7.353351116 0.596793473 -0.081557862 -0.295368910 -0.741581559
1403636653163555584.000000 5.015331268 6.122653008 7.334253311 -0.597324848 0.084612437 0.291434497 0.742367625
1403636653213555456.000000 4.999902248 6.135160923 7.316619873 -0.597937465 0.088782683 0.286840886 0.743176103
1403636653263555584.000000 4.985693932 6.148941994 7.299137115 0.598295987 -0.093323082 -0.282186925 -0.744112372
1403636653313555456.000000 4.969407558 6.160864830 7.279763222 -0.598650038 0.096396543 0.277405173 0.745232999
1403636653363555584.000000 4.957684040 6.173655033 7.261678696 -0.597891033 0.098386280 0.274591148 0.746623158
1403636653413555456.000000 4.947772980 6.185523987 7.242087841 0.596677840 -0.099241957 -0.272671014 -0.748182595
1403636653463555584.000000 4.934792042 6.193234444 7.223522186 -0.595355392 0.099412031 0.271896213 0.749494314
1403636653513555456.000000 4.929488182 6.203949451 7.202575684 -0.593804538 0.099124327 0.271070689 0.751060128
1403636653563555584.000000 4.925560474 6.213114738 7.180295944 0.591961384 -0.098999426 -0.271009535 -0.752552092
1403636653613555456.000000 4.923616409 6.222551346 7.157607555 0.591017485 -0.100764900 -0.270066023 -0.753398359
1403636653663555584.000000 4.914991856 6.230273724 7.137256622 -0.590432167 0.102822833 0.267943919 0.754336417
1403636653713555456.000000 4.912734032 6.238623619 7.115302563 -0.590385497 0.104547806 0.265773565 0.754903376
1403636653763555584.000000 4.906968594 6.245351315 7.094878674 -0.590272844 0.106803007 0.264208823 0.755225003
1403636653813555456.000000 4.901744843 6.251950264 7.075091362 -0.590199172 0.107566893 0.262547523 0.755753398
1403636653863555584.000000 4.888939857 6.253335476 7.061562538 -0.590630054 0.108424738 0.261252105 0.755743027
1403636653913555456.000000 4.880577087 6.257739067 7.044019699 -0.590542614 0.108567469 0.260901839 0.755911887
1403636653963555584.000000 4.868789196 6.261144638 7.029194355 -0.589356124 0.108533435 0.262903482 0.756149232
1403636654013555456.000000 4.857520103 6.263591290 7.013984203 -0.587974489 0.108448185 0.265727848 0.756249726
1403636654063555584.000000 4.844731808 6.265125275 7.000100613 0.586802125 -0.109038390 -0.267979831 -0.756280899
1403636654113555456.000000 4.831337929 6.266129494 6.986258984 0.587102711 -0.109840259 -0.269410163 -0.755422950
1403636654163555584.000000 4.808588982 6.261099815 6.978024006 -0.588863432 0.111550547 0.270780683 0.753308833
1403636654213555456.000000 4.797013283 6.261119843 6.962342262 -0.591894150 0.112105452 0.271820635 0.750471413
1403636654263555584.000000 4.785610199 6.260257244 6.945539474 0.596041024 -0.110375904 -0.272898048 -0.747046828
1403636654313555456.000000 4.770544052 6.255702496 6.929544926 -0.600805759 0.108558916 0.274933279 0.742737591
1403636654363555584.000000 4.762560844 6.253236771 6.910020351 -0.605677903 0.106074981 0.278278291 0.737877846
1403636654413555456.000000 4.755533218 6.250402451 6.889892101 0.611493468 -0.103284381 -0.281783521 -0.732124388
1403636654463555584.000000 4.745265007 6.243712425 6.870287418 -0.617465913 0.101195626 0.285727739 0.725847721
1403636654513555456.000000 4.742032051 6.239497185 6.847780704 -0.624570191 0.098866448 0.288887709 0.718805611
1403636654563555584.000000 4.738572121 6.230243683 6.828231335 0.631748080 -0.096598729 -0.292717338 -0.711252153
1403636654613555456.000000 4.736348152 6.225045204 6.805925369 0.636917949 -0.094552130 -0.297970682 -0.704704821
1403636654663555584.000000 4.730869293 6.217608452 6.785950184 0.640576720 -0.093850963 -0.304387212 -0.698714495
1403636654713555456.000000 4.726862431 6.211647987 6.765925407 0.644395411 -0.092219695 -0.308434337 -0.693626940
1403636654763555584.000000 4.719233513 6.203968048 6.747195721 0.647557855 -0.090610281 -0.311851323 -0.689352870
1403636654813555456.000000 4.712399006 6.198134899 6.729762077 0.650954723 -0.089072935 -0.313927263 -0.685400367
1403636654863555584.000000 4.706829071 6.190942764 6.712825775 0.653711736 -0.087441735 -0.315580666 -0.682219803
1403636654913555456.000000 4.696847916 6.185544014 6.697883129 0.656499386 -0.087105006 -0.316154748 -0.679313958
1403636654963555584.000000 4.684905052 6.179362774 6.682634354 0.660097063 -0.088774785 -0.313748360 -0.676722229
1403636655013555456.000000 4.672911644 6.173932076 6.669869423 0.663274169 -0.092371464 -0.311006308 -0.674396038
1403636655063555584.000000 4.661536217 6.169263840 6.655243874 0.665658593 -0.095876463 -0.308650255 -0.672637641
1403636655113555456.000000 4.647894859 6.163016319 6.644415855 0.667429030 -0.098593146 -0.307010561 -0.671239436
1403636655163555584.000000 4.638449192 6.156361103 6.633884430 0.669111490 -0.100702323 -0.305070609 -0.670134962
1403636655213555456.000000 4.624236584 6.148522377 6.624031544 0.669716358 -0.103491515 -0.304236829 -0.669484496
1403636655263555584.000000 4.610635757 6.139650822 6.613447666 0.671048939 -0.105904520 -0.304423153 -0.667685628
1403636655313555456.000000 4.595260620 6.129395008 6.603955269 0.673103690 -0.107322976 -0.304774970 -0.665225923
1403636655363555584.000000 4.582399368 6.121893883 6.592144012 0.675449491 -0.109222889 -0.306351542 -0.661805928
1403636655413555456.000000 4.567663670 6.108448982 6.582391262 0.677697897 -0.110852011 -0.307937026 -0.658492327
1403636655463555584.000000 4.555678844 6.095351696 6.569409847 0.680838883 -0.111033276 -0.308855712 -0.654781044
1403636655513555456.000000 4.544129372 6.078869820 6.557148457 0.684240103 -0.110397317 -0.311137021 -0.650247455
1403636655563555584.000000 4.530602932 6.054843426 6.543679237 0.686617076 -0.107532889 -0.316296846 -0.645716727
1403636655613555456.000000 4.519363403 6.033877373 6.531066418 0.688857436 -0.103137061 -0.323679447 -0.640367031
1403636655663555584.000000 4.510426521 6.018243313 6.515236855 0.690525591 -0.099858880 -0.331643164 -0.634992540
1403636655713555456.000000 4.496565342 5.995938778 6.504593372 0.691894948 -0.096871838 -0.338600546 -0.630275369
1403636655763555584.000000 4.480007648 5.983063221 6.497220993 0.694517076 -0.094207376 -0.343768507 -0.624975443
1403636655813555456.000000 4.460338593 5.961122513 6.489199162 0.697727084 -0.092786036 -0.348491937 -0.618967831
1403636655863555584.000000 4.437937260 5.945216179 6.480479240 0.701574802 -0.091808192 -0.353331387 -0.611981273
1403636655913555456.000000 4.413178444 5.923265934 6.473740101 0.706274748 -0.091332130 -0.357907116 -0.603934526
1403636655963555584.000000 4.388774395 5.908189297 6.465111256 0.711767256 -0.091312334 -0.361449391 -0.595318198
1403636656013555456.000000 4.364805698 5.886705875 6.456460953 0.716423810 -0.091922730 -0.364115208 -0.587968826
1403636656063555584.000000 4.342948914 5.871686935 6.444805145 0.721194208 -0.091600396 -0.365805298 -0.581097901
1403636656113555456.000000 4.321835041 5.849739075 6.432387352 0.725156307 -0.089432195 -0.367042661 -0.575699508
1403636656163555584.000000 4.303077221 5.832879543 6.416094780 0.728408515 -0.087518193 -0.368037522 -0.571235597
1403636656213555456.000000 4.286463737 5.810951710 6.399591923 0.731214523 -0.083510026 -0.368696213 -0.567815602
1403636656263555584.000000 4.273196697 5.797425270 6.382300377 0.732927024 -0.081913508 -0.369819254 -0.565103412
1403636656313555456.000000 4.260737419 5.776329994 6.362342358 0.734043598 -0.079943046 -0.371038020 -0.563134015
1403636656363555584.000000 4.248702049 5.756480217 6.336763859 0.734598756 -0.079303682 -0.372231752 -0.561711013
1403636656413555456.000000 4.239937782 5.737517834 6.313181877 0.734949052 -0.078047141 -0.372690648 -0.561124086
1403636656463555584.000000 4.232789040 5.724368095 6.288816452 0.735090375 -0.078071527 -0.372977972 -0.560744643
1403636656513555456.000000 4.226386070 5.707273006 6.262683868 0.735167742 -0.076816142 -0.372654617 -0.561031401
1403636656563555584.000000 4.222220421 5.702557564 6.239735603 0.735667169 -0.076274276 -0.371205717 -0.561411142
1403636656613555456.000000 4.215103626 5.687423706 6.213140965 0.736258388 -0.076702081 -0.368909150 -0.562091231
1403636656663555584.000000 4.206965446 5.676247120 6.186468124 0.737414122 -0.079287395 -0.365147650 -0.562673271
1403636656713555456.000000 4.198642731 5.663053036 6.160190582 0.739467502 -0.084459074 -0.359036267 -0.563158512
1403636656763555584.000000 4.189437389 5.652297497 6.136892796 0.741328597 -0.088971108 -0.353230178 -0.563688397
1403636656813555456.000000 4.177452087 5.639142036 6.112240791 0.743007302 -0.090901509 -0.347934186 -0.564463377
1403636656863555584.000000 4.163509369 5.626820564 6.089153290 0.744142473 -0.091300137 -0.343892932 -0.565379560
1403636656913555456.000000 4.148575783 5.612995625 6.066836357 0.744746804 -0.092715070 -0.340693265 -0.566290021
1403636656963555584.000000 4.132464409 5.598810673 6.046955109 0.744628251 -0.094357990 -0.338985085 -0.567198813
1403636657013555456.000000 4.114747047 5.583717823 6.027897835 0.744130373 -0.096723549 -0.338169992 -0.567939878
1403636657063555584.000000 4.095847130 5.567250729 6.010795116 0.743503869 -0.099098176 -0.337888449 -0.568518162
1403636657113555456.000000 4.075936317 5.550224304 5.994410038 0.742563426 -0.101405025 -0.338307232 -0.569091260
1403636657163555584.000000 4.061322689 5.532232761 5.981486320 0.741503298 -0.103635758 -0.339445263 -0.569393933
1403636657213555456.000000 4.042569160 5.512764931 5.964948177 0.740109861 -0.105339110 -0.341100484 -0.569904864
1403636657263555584.000000 4.026178837 5.490131855 5.949085712 0.738485098 -0.104882054 -0.344074577 -0.570308983
1403636657313555456.000000 4.009727478 5.468237877 5.931532383 0.737314641 -0.103663087 -0.346391827 -0.570643306
1403636657363555584.000000 3.994834423 5.444625854 5.913750648 0.735738695 -0.102744579 -0.349815249 -0.570755124
1403636657413555456.000000 3.979056120 5.421471119 5.895285606 0.733448625 -0.101615839 -0.354884088 -0.570775509
1403636657463555584.000000 3.964060545 5.393693924 5.877542019 0.730987549 -0.099476174 -0.360266268 -0.570937812
1403636657513555456.000000 3.946483135 5.369769096 5.859438896 0.728886008 -0.098100312 -0.364683807 -0.571058095
1403636657563555584.000000 3.927496910 5.343965530 5.840835571 0.727832198 -0.096067525 -0.367285490 -0.571080267
1403636657613555456.000000 3.907522440 5.319972992 5.822389603 0.727448106 -0.095006078 -0.368344516 -0.571065187
1403636657663555584.000000 3.886949539 5.293790817 5.803476334 0.727336764 -0.094671644 -0.368650407 -0.571065187
1403636657713555456.000000 3.864904881 5.269999027 5.784737587 0.727703452 -0.095382981 -0.368429810 -0.570621789
1403636657763555584.000000 3.841914654 5.246384144 5.765461922 0.728436291 -0.096239246 -0.369059086 -0.569134474
1403636657813555456.000000 3.816956997 5.222633362 5.746599197 0.728788197 -0.097085975 -0.370794296 -0.567409635
1403636657863555584.000000 3.792496443 5.193827629 5.728988647 0.727986336 -0.099391550 -0.374451667 -0.565635264
1403636657913555456.000000 3.766142845 5.169873238 5.709271431 0.726638854 -0.100763597 -0.378963083 -0.564118564
1403636657963555584.000000 3.742037773 5.145291805 5.686541557 0.725768089 -0.101143427 -0.382283151 -0.562930167
1403636658013555456.000000 3.717162132 5.121431351 5.662240982 0.726147056 -0.099898383 -0.383146912 -0.562075913
1403636658063555584.000000 3.695416689 5.097675800 5.633903027 0.727048218 -0.096560031 -0.383105338 -0.561522424
1403636658113555456.000000 3.672989368 5.072145939 5.605116367 0.729565859 -0.092019647 -0.379815429 -0.561254203
1403636658163555584.000000 3.652518272 5.048624992 5.574240685 0.731475234 -0.087303221 -0.377686083 -0.560959399
1403636658213555456.000000 3.630905628 5.023525715 5.542757988 0.733395040 -0.083824866 -0.375453830 -0.560481608
1403636658263555584.000000 3.610261917 5.001037598 5.508649826 0.735468924 -0.079335675 -0.372609079 -0.560315907
1403636658313555456.000000 3.586443901 4.976781845 5.478095055 0.736576140 -0.076482192 -0.371418744 -0.560048401
1403636658363555584.000000 3.563126087 4.956031322 5.446292877 0.737437546 -0.074175574 -0.370761693 -0.559660375
1403636658413555456.000000 3.537696838 4.933185577 5.416993141 0.737986743 -0.071992122 -0.370375156 -0.559477508
1403636658463555584.000000 3.512776375 4.913982868 5.386244297 0.738891900 -0.068967648 -0.369431794 -0.559287488
1403636658513555456.000000 3.486739874 4.892665386 5.357682705 0.739852190 -0.065844417 -0.367981851 -0.559350193
1403636658563555584.000000 3.461006165 4.875204086 5.327929974 0.741402686 -0.061931450 -0.365427375 -0.559418857
1403636658613555456.000000 3.434968948 4.856206894 5.300564766 0.742547750 -0.059104834 -0.363364279 -0.559549689
1403636658663555584.000000 3.408513069 4.840292931 5.272751331 0.743283451 -0.057628527 -0.362188786 -0.559489071
1403636658713555456.000000 3.382552624 4.823312283 5.247205734 0.744311869 -0.056803543 -0.360311270 -0.559418440
1403636658763555584.000000 3.355896473 4.809188843 5.221858978 0.745837510 -0.055848338 -0.357384801 -0.559359848
1403636658813555456.000000 3.330110312 4.794494629 5.198318958 0.748110771 -0.054580275 -0.352927506 -0.559279442
1403636658863555584.000000 3.304859161 4.783648014 5.175855637 0.749839127 -0.054952081 -0.349408388 -0.559138060
1403636658913555456.000000 3.279663801 4.771008492 5.155163288 0.750770926 -0.058678765 -0.347652882 -0.558603048
1403636658963555584.000000 3.252496719 4.758000374 5.135529518 0.751099229 -0.064069204 -0.347489893 -0.557670176
1403636659013555456.000000 3.227309942 4.746897221 5.118170261 0.751032948 -0.068773225 -0.347502381 -0.557191193
1403636659063555584.000000 3.201709032 4.736762047 5.102575302 0.751734078 -0.073527195 -0.345357925 -0.556971729
1403636659113555456.000000 3.176029444 4.725787640 5.087355614 0.752065480 -0.076273583 -0.344412118 -0.556740761
1403636659163555584.000000 3.147856474 4.712176800 5.073106289 0.752651513 -0.078892492 -0.343929946 -0.555881262
1403636659213555456.000000 3.121990681 4.700782776 5.060215950 0.752850592 -0.080464564 -0.343121946 -0.555885613
1403636659263555584.000000 3.096071005 4.686948776 5.049031258 0.752669096 -0.081163101 -0.343531042 -0.555777013
1403636659313555456.000000 3.072714329 4.674653530 5.036999702 0.751807988 -0.079711184 -0.345210433 -0.556112170
1403636659363555584.000000 3.049866915 4.659978867 5.025997162 0.750545442 -0.077839352 -0.347907305 -0.556401968
1403636659413555456.000000 3.029572725 4.647582531 5.013694763 0.749064565 -0.074370645 -0.350844860 -0.557027161
1403636659463555584.000000 3.009045362 4.635398388 5.001039505 0.747437000 -0.070856504 -0.353872836 -0.557755589
1403636659513555456.000000 2.992981672 4.623431683 4.987064362 0.747476757 -0.068673819 -0.354183584 -0.557778120
1403636659563555584.000000 2.977652311 4.607209206 4.975671291 0.746743739 -0.069669828 -0.356202602 -0.557350576
1403636659613555456.000000 2.962471485 4.595782757 4.962530613 0.747838080 -0.069447339 -0.354404271 -0.557057381
1403636659663555584.000000 2.945744753 4.582824230 4.951576233 0.748939812 -0.070218973 -0.352941543 -0.556408882
1403636659713555456.000000 2.929190159 4.571794033 4.941179752 0.750029325 -0.070781976 -0.351478457 -0.555795729
1403636659763555584.000000 2.911501408 4.558976650 4.933060646 0.751028240 -0.071754739 -0.350548327 -0.554908812
1403636659813555456.000000 2.893232822 4.548261642 4.925997734 0.751703858 -0.071547940 -0.350048155 -0.554336131
1403636659863555584.000000 2.874095917 4.536149979 4.920984268 0.751951635 -0.072321631 -0.350632817 -0.553529620
1403636659913555456.000000 2.854319334 4.524991035 4.917326927 0.751623929 -0.071343936 -0.352112442 -0.553162098
1403636659963555584.000000 2.833295822 4.512944221 4.915134430 0.750890076 -0.068228476 -0.355089217 -0.552648842
1403636660013555456.000000 2.812507153 4.502026081 4.914150715 0.749639928 -0.065798230 -0.358448774 -0.552471876
1403636660063555584.000000 2.788136005 4.491978645 4.913130760 0.748521984 -0.063063703 -0.361717403 -0.552176058
1403636660113555456.000000 2.766620398 4.481668472 4.913865089 0.747612357 -0.060306873 -0.364460856 -0.551912308
1403636660163555584.000000 2.744670868 4.471410751 4.915534496 0.746722519 -0.058116820 -0.366817385 -0.551790774
1403636660213555456.000000 2.722992420 4.462726593 4.917483807 0.746358573 -0.057736751 -0.367741168 -0.551708162
1403636660263555584.000000 2.702459097 4.454566956 4.919888020 0.745136440 -0.055630945 -0.370950431 -0.551427901
1403636660313555456.000000 2.682027578 4.448023319 4.922136307 0.743964493 -0.052896157 -0.373575032 -0.551507473
1403636660363555584.000000 2.661102772 4.443262577 4.923765182 0.741545737 -0.048158340 -0.378603071 -0.551770329
1403636660413555456.000000 2.643585682 4.439694405 4.924777985 0.739159048 -0.044461913 -0.383590668 -0.551838160
1403636660463555584.000000 2.627876282 4.438268661 4.924124241 0.737859786 -0.042597689 -0.386119664 -0.551960170
1403636660513555456.000000 2.614316225 4.438288212 4.923321724 0.737855136 -0.041867934 -0.385835856 -0.552220702
1403636660563555584.000000 2.600021601 4.442396641 4.921210289 0.739522994 -0.043633506 -0.382502586 -0.552171707
1403636660613555456.000000 2.586530924 4.446874619 4.920658112 0.742394805 -0.047066536 -0.376531541 -0.552140117
1403636660663555584.000000 2.570504904 4.454297066 4.920216560 0.745969236 -0.050561089 -0.368983507 -0.552109301
1403636660713555456.000000 2.555557013 4.461614609 4.922021866 0.749554098 -0.053339370 -0.361354470 -0.552038610
1403636660763555584.000000 2.537481785 4.468773365 4.925881386 0.753267944 -0.054563478 -0.353311300 -0.552070200
1403636660813555456.000000 2.521394730 4.477323055 4.930847168 0.756245792 -0.053912014 -0.346694499 -0.552257895
1403636660863555584.000000 2.503094673 4.490400314 4.934738636 0.758593738 -0.052346841 -0.341269732 -0.552567124
1403636660913555456.000000 2.486275673 4.499404430 4.943759441 0.760229945 -0.051989488 -0.337655485 -0.552572370
1403636660963555584.000000 2.468003273 4.509209156 4.953953743 0.760298491 -0.054073043 -0.337187648 -0.552563906
1403636661013555456.000000 2.451218605 4.518692970 4.967305183 0.759715974 -0.057729881 -0.338136703 -0.552415192
1403636661063555584.000000 2.431750059 4.531551361 4.980485916 0.759218276 -0.061699558 -0.339241952 -0.551992476
1403636661113555456.000000 2.415031195 4.540972233 4.997125149 0.758683205 -0.065336242 -0.340225756 -0.551704168
1403636661163555584.000000 2.397081852 4.551320553 5.013981819 0.758039653 -0.068379208 -0.341532588 -0.551412523
1403636661213555456.000000 2.382005930 4.560253620 5.032338142 0.758058906 -0.071618386 -0.341406375 -0.551052749
1403636661263555584.000000 2.366639137 4.571626186 5.049592018 0.757289350 -0.072987519 -0.343055457 -0.550907195
1403636661313555456.000000 2.355616093 4.578214645 5.068017006 0.757246315 -0.074681804 -0.342974454 -0.550789654
1403636661363555584.000000 2.345420599 4.586194515 5.085368633 0.757125020 -0.075376652 -0.343101919 -0.550782382
1403636661413555456.000000 2.338297844 4.591776371 5.102918625 0.757213712 -0.075372018 -0.342754960 -0.550877094
1403636661463555584.000000 2.331407309 4.600518703 5.119484901 0.756898880 -0.076041453 -0.343398273 -0.550817072
1403636661513555456.000000 2.328354120 4.605039120 5.136013985 0.756188810 -0.075764164 -0.344647825 -0.551050067
1403636661563555584.000000 2.325734854 4.611472130 5.152686119 0.755105019 -0.076939046 -0.346479207 -0.551224947
1403636661613555456.000000 2.326425076 4.614718914 5.168666363 0.753817379 -0.077491716 -0.348877609 -0.551397204
1403636661663555584.000000 2.327977419 4.619069576 5.184298992 0.753449142 -0.079167634 -0.349058539 -0.551547945
1403636661713555456.000000 2.332259893 4.621724129 5.198626518 0.753676832 -0.080072410 -0.348127156 -0.551694870
1403636661763555584.000000 2.338068962 4.623967171 5.212561131 0.752850235 -0.085071020 -0.349487007 -0.551215351
1403636661813555456.000000 2.345546722 4.625195980 5.225833416 0.751488447 -0.089943208 -0.351300627 -0.551147223
1403636661863555584.000000 2.352486849 4.627949238 5.239782333 0.750797510 -0.093440831 -0.351743639 -0.551224291
1403636661913555456.000000 2.362973452 4.627343178 5.250442505 0.750672817 -0.095158778 -0.351715147 -0.551118553
1403636661963555584.000000 2.374356270 4.630089760 5.257835388 0.749916017 -0.096218012 -0.352291018 -0.551596880
1403636662013555456.000000 2.387468815 4.627605438 5.266012669 0.750130475 -0.096239641 -0.351687759 -0.551686406
1403636662063555584.000000 2.400175810 4.621373177 5.276652336 0.750761986 -0.096063673 -0.350114405 -0.551858902
1403636662113555456.000000 2.414691925 4.617027283 5.283240318 0.750942588 -0.095510744 -0.349435449 -0.552139401
1403636662163555584.000000 2.427167177 4.612579823 5.291752815 0.751494765 -0.091969281 -0.348711103 -0.552447200
1403636662213555456.000000 2.439552307 4.606199741 5.299557686 0.752324879 -0.086995043 -0.347571522 -0.552840948
1403636662263555584.000000 2.449923754 4.600500584 5.309669495 0.753578067 -0.081455015 -0.345696062 -0.553154171
1403636662313555456.000000 2.459609032 4.592919827 5.319754601 0.754191518 -0.077398106 -0.345310152 -0.553141594
1403636662363555584.000000 2.470985413 4.587836742 5.329195023 0.754163384 -0.073159479 -0.346286923 -0.553146243
1403636662413555456.000000 2.478583336 4.580210209 5.341931343 0.753751576 -0.069870219 -0.348130018 -0.552975833
1403636662463555584.000000 2.485307932 4.572657585 5.356787682 0.752428532 -0.066184975 -0.351751000 -0.552939534
1403636662513555456.000000 2.490839243 4.565201283 5.372801781 0.750833869 -0.063195094 -0.355673403 -0.552947879
1403636662563555584.000000 2.497572899 4.556920528 5.390393257 0.749215484 -0.062713169 -0.359735936 -0.552569807
1403636662613555456.000000 2.502015829 4.550732613 5.408502579 0.746980071 -0.066254683 -0.364668489 -0.551949322
1403636662663555584.000000 2.505649567 4.546335220 5.426261902 0.744763136 -0.073667385 -0.369932473 -0.550500751
1403636662713555456.000000 2.508847237 4.541523933 5.444787025 0.743105710 -0.081264094 -0.373338044 -0.549371302
1403636662763555584.000000 2.512943506 4.535035133 5.462973118 0.742225528 -0.087487988 -0.375181258 -0.548348546
1403636662813555456.000000 2.513569355 4.530874729 5.480985641 0.741809368 -0.092065901 -0.376599401 -0.547188878
1403636662863555584.000000 2.514978886 4.527417660 5.495679855 0.740545213 -0.092714019 -0.379156888 -0.547025681
1403636662913555456.000000 2.512145042 4.523056030 5.513287067 0.739990473 -0.089271128 -0.381017059 -0.547056556
1403636662963555584.000000 2.506393194 4.517229557 5.532517433 0.739009023 -0.087322153 -0.383487374 -0.546971619
1403636663013555456.000000 2.502057076 4.513181210 5.548354149 0.736901522 -0.087670512 -0.387893230 -0.546652496
1403636663063555584.000000 2.499329329 4.507823467 5.561867714 0.734713495 -0.089572273 -0.392514318 -0.545990407
1403636663113555456.000000 2.495909929 4.504300117 5.573406219 0.732829034 -0.091762491 -0.396117687 -0.545556605
1403636663163555584.000000 2.493245125 4.501165867 5.581731319 0.731447816 -0.091315985 -0.398958087 -0.545415461
1403636663213555456.000000 2.490277290 4.498579979 5.587669373 0.732806623 -0.087173022 -0.397496253 -0.545336604
1403636663263555584.000000 2.490649462 4.497942448 5.587076187 0.735650361 -0.077167749 -0.392627865 -0.546541035
1403636663313555456.000000 2.484510899 4.496722221 5.591073036 0.737966597 -0.067850843 -0.388710827 -0.547453701
1403636663363555584.000000 2.472941875 4.494289875 5.599273682 0.740116179 -0.059076425 -0.385079801 -0.548134565
1403636663413555456.000000 2.463114977 4.494893074 5.604603767 0.740714967 -0.050668292 -0.383843452 -0.549034059
1403636663463555584.000000 2.456609488 4.499293327 5.606351852 0.740043581 -0.044502754 -0.384634495 -0.549919486
1403636663513555456.000000 2.444572449 4.503223896 5.612875938 0.739912152 -0.038802229 -0.385142982 -0.550172150
1403636663563555584.000000 2.432542324 4.509260654 5.619808197 0.739648104 -0.035258047 -0.385544538 -0.550484300
1403636663613555456.000000 2.419677019 4.517258644 5.627744675 0.739085615 -0.033786010 -0.386364281 -0.550757408
1403636663663555584.000000 2.406619310 4.528460503 5.636009693 0.738813102 -0.032128140 -0.386693835 -0.550990820
1403636663713555456.000000 2.394176960 4.541580677 5.643549442 0.739864528 -0.028431384 -0.384059757 -0.551625073
1403636663763555584.000000 2.381312847 4.560057640 5.648303032 0.741199136 -0.024989527 -0.380300999 -0.552603364
1403636663813555456.000000 2.372319460 4.577898502 5.655032635 0.743951559 -0.021632480 -0.373673558 -0.553566873
1403636663863555584.000000 2.364606857 4.598736763 5.662528992 0.746751070 -0.019239789 -0.366675377 -0.554564536
1403636663913555456.000000 2.360331059 4.621895790 5.669641495 0.748771369 -0.019242847 -0.361306876 -0.555363417
1403636663963555584.000000 2.355920792 4.650086880 5.674450874 0.751766324 -0.019333383 -0.353332072 -0.556444228
1403636664013555456.000000 2.357734442 4.677366734 5.682769775 0.754796922 -0.020263944 -0.345593423 -0.557167947
1403636664063555584.000000 2.360183239 4.708508492 5.689289093 0.755731702 -0.022625657 -0.341836631 -0.558126688
1403636664113555456.000000 2.367307186 4.738771915 5.700681686 0.755766094 -0.027832720 -0.340156734 -0.558870673
1403636664163555584.000000 2.373390436 4.772356510 5.710122108 0.755457759 -0.034490403 -0.339351445 -0.559405625
1403636664213555456.000000 2.385185719 4.804912567 5.723785400 0.754911363 -0.042136010 -0.338627875 -0.560057759
1403636664263555584.000000 2.395172358 4.839440346 5.737064838 0.754436076 -0.049133994 -0.337380558 -0.560879946
1403636664313555456.000000 2.405044556 4.872406960 5.755563259 0.753681958 -0.055047311 -0.336970448 -0.561590791
1403636664363555584.000000 2.409680843 4.907669067 5.774478912 0.752707362 -0.058904462 -0.336664259 -0.562689126
1403636664413555456.000000 2.413267851 4.940142155 5.799888134 0.751848042 -0.062440876 -0.336098224 -0.563793957
1403636664463555584.000000 2.411985397 4.974691868 5.823731422 0.750588000 -0.064652637 -0.336081505 -0.565231800
1403636664513555456.000000 2.413195133 5.005944729 5.853355885 0.749784172 -0.067681141 -0.335099846 -0.566525459
1403636664563555584.000000 2.412397861 5.040154934 5.880545139 0.748270512 -0.070739321 -0.335053861 -0.568177998
1403636664613555456.000000 2.415173292 5.070141792 5.911626816 0.745723128 -0.077348843 -0.337140262 -0.569430113
1403636664663555584.000000 2.417591333 5.102596283 5.939633846 0.744073331 -0.080610767 -0.337479532 -0.570932925
1403636664713555456.000000 2.423501492 5.130929470 5.969748974 0.741547167 -0.083740719 -0.339875966 -0.572345793
1403636664763555584.000000 2.429587364 5.161354542 5.996578217 0.740553379 -0.080164216 -0.339766353 -0.574206710
1403636664813555456.000000 2.439310074 5.187503338 6.024955750 0.739995062 -0.076479718 -0.338753670 -0.576024532
1403636664863555584.000000 2.449896574 5.216289997 6.051079750 0.738865197 -0.075669482 -0.338433266 -0.577767611
1403636664913555456.000000 2.463197708 5.241910458 6.078183174 0.737635374 -0.076830938 -0.338835478 -0.578948796
1403636664963555584.000000 2.475431919 5.270169258 6.103606224 0.735719323 -0.074993774 -0.340959877 -0.580378711
1403636665013555456.000000 2.491591215 5.295365334 6.129804134 0.733118415 -0.074486442 -0.344547719 -0.581615031
1403636665063555584.000000 2.508515358 5.321419239 6.154137135 0.730725765 -0.071563490 -0.348285735 -0.582765579
1403636665113555456.000000 2.528205395 5.344452858 6.178725719 0.728331864 -0.070093341 -0.351603270 -0.583947659
1403636665163555584.000000 2.548655272 5.370970726 6.201365471 0.726793706 -0.068458438 -0.353962719 -0.584632218
1403636665213555456.000000 2.570504189 5.394122601 6.224412918 0.724686027 -0.071787469 -0.356774151 -0.585140109
1403636665263555584.000000 2.592021465 5.421519279 6.246499538 0.723945916 -0.078928180 -0.357742876 -0.584544957
1403636665313555456.000000 2.614379883 5.446184635 6.267727852 0.724305332 -0.084412821 -0.356294185 -0.584218025
1403636665363555584.000000 2.636977196 5.473843575 6.287735939 0.724453866 -0.086625531 -0.355526149 -0.584177852
1403636665413555456.000000 2.658061981 5.498539925 6.307760239 0.725527644 -0.085491560 -0.353529394 -0.584224105
1403636665463555584.000000 2.679007292 5.525732040 6.326675892 0.726863265 -0.080695987 -0.351565361 -0.584431231
1403636665513555456.000000 2.698494196 5.548917294 6.346132278 0.728446126 -0.074449487 -0.349447042 -0.584559858
1403636665563555584.000000 2.720724583 5.573763371 6.365074635 0.730563819 -0.069149353 -0.346326351 -0.584425330
1403636665613555456.000000 2.741010189 5.596582890 6.384761810 0.731314242 -0.064137153 -0.345525324 -0.584532559
1403636665663555584.000000 2.762406349 5.620018482 6.404983521 0.732375383 -0.061693031 -0.344628125 -0.583996356
1403636665713555456.000000 2.786859751 5.645539284 6.425466061 0.733957171 -0.061228372 -0.342457533 -0.583335996
1403636665763555584.000000 2.809221506 5.669753551 6.446126938 0.735877037 -0.062060840 -0.339642107 -0.582474768
1403636665813555456.000000 2.832079411 5.694603920 6.467297077 0.737148166 -0.064519227 -0.338490188 -0.581269562
1403636665863555584.000000 2.858206749 5.720286846 6.487820148 0.736820936 -0.073217288 -0.339666396 -0.579966247
1403636665913555456.000000 2.882007599 5.744955063 6.510221481 0.735562444 -0.081782565 -0.342975467 -0.578469813
1403636665963555584.000000 2.905704498 5.769459248 6.532820702 0.734100640 -0.088973142 -0.346770018 -0.577001452
1403636666013555456.000000 2.930357456 5.792933941 6.556294918 0.732676625 -0.093436837 -0.350417852 -0.575901031
1403636666063555584.000000 2.950752258 5.816105843 6.579897881 0.731949151 -0.095808893 -0.352214187 -0.575340152
1403636666113555456.000000 2.969730377 5.838429451 6.603446960 0.732831120 -0.094936915 -0.350950092 -0.575134397
1403636666163555584.000000 2.991048813 5.859025478 6.625671387 0.734711528 -0.091672659 -0.347851783 -0.575147152
1403636666213555456.000000 3.007524252 5.880480766 6.649665356 0.735879302 -0.090773538 -0.345450103 -0.575244486
1403636666263555584.000000 3.023026466 5.901555538 6.674197197 0.736097634 -0.090825364 -0.344853848 -0.575314581
1403636666313555456.000000 3.038060665 5.920834541 6.700695515 0.736251712 -0.092940241 -0.344473034 -0.575007737
1403636666363555584.000000 3.050769329 5.940227985 6.726195335 0.735566497 -0.096142083 -0.344776511 -0.575176299
1403636666413555456.000000 3.063847065 5.958033562 6.751964569 0.734057605 -0.098546647 -0.347158641 -0.575264156
1403636666463555584.000000 3.077149391 5.972654819 6.777550697 0.732367098 -0.099643297 -0.349510491 -0.575805664
1403636666513555456.000000 3.091395617 5.988081455 6.800618649 0.730972350 -0.099308684 -0.351064265 -0.576689899
1403636666563555584.000000 3.107790947 6.001680851 6.821278095 0.730339825 -0.095867276 -0.351999164 -0.577503204
1403636666613555456.000000 3.123400688 6.013873577 6.843790054 0.729489088 -0.091227062 -0.352711380 -0.578893840
1403636666663555584.000000 3.142214298 6.025105000 6.861900806 0.729299843 -0.085479476 -0.352217644 -0.580308378
1403636666713555456.000000 3.161904335 6.035050392 6.879325390 0.728143275 -0.079733826 -0.353612632 -0.581728458
1403636666763555584.000000 3.180205107 6.047379017 6.899291039 0.726724446 -0.074933693 -0.355447114 -0.583021462
1403636666813555456.000000 3.200938225 6.057879448 6.915853024 0.724663973 -0.072779574 -0.358456939 -0.584015369
1403636666863555584.000000 3.220534801 6.068848610 6.932874203 0.721420169 -0.071979366 -0.364046067 -0.584672928
1403636666913555456.000000 3.236357927 6.081816196 6.953848362 0.716104686 -0.075962372 -0.373494804 -0.584743977
1403636666963555584.000000 3.252260447 6.093885899 6.971815586 0.711242914 -0.080276906 -0.382072926 -0.584559262
1403636667013555456.000000 3.266520023 6.107522488 6.988895416 0.709482670 -0.083515435 -0.384839594 -0.584429741
1403636667063555584.000000 3.277838945 6.122456551 7.006621361 0.709570527 -0.085615583 -0.384058475 -0.584532976
1403636667113555456.000000 3.289678097 6.137566566 7.020648003 0.713779807 -0.085955225 -0.375720620 -0.584777117
1403636667163555584.000000 3.300032616 6.153914928 7.033833504 0.719460130 -0.084986396 -0.364232957 -0.585225463
1403636667213555456.000000 3.309824705 6.173102856 7.050760746 0.724016607 -0.084196359 -0.354853630 -0.585482657
1403636667263555584.000000 3.317740917 6.189445972 7.064477444 0.728207886 -0.081721373 -0.345941514 -0.585968792
1403636667313555456.000000 3.324257612 6.205575466 7.079481602 0.730595767 -0.079729356 -0.340377748 -0.586528838
1403636667363555584.000000 3.328596830 6.221573353 7.097555161 0.731783450 -0.079662681 -0.337355316 -0.586803436
1403636667413555456.000000 3.333283901 6.237289906 7.114951134 0.731865823 -0.078312375 -0.336895764 -0.587146401
1403636667463555584.000000 3.337409735 6.252583027 7.133724213 0.730624795 -0.075710498 -0.338880241 -0.587890685
1403636667513555456.000000 3.342510700 6.267158508 7.154287338 0.728868425 -0.073523298 -0.342153400 -0.588452458
1403636667563555584.000000 3.346503019 6.282473087 7.174296856 0.725618601 -0.072553121 -0.348427922 -0.588907182
1403636667613555456.000000 3.351582527 6.297596931 7.194002628 0.722386301 -0.073164970 -0.355050147 -0.588850081
1403636667663555584.000000 3.359647989 6.311776638 7.212015152 0.719551206 -0.074378066 -0.360231698 -0.589022100
1403636667713555456.000000 3.368673086 6.327266693 7.228740215 0.717851222 -0.076550364 -0.363391817 -0.588877022
1403636667763555584.000000 3.379431248 6.342532635 7.243828773 0.717402637 -0.078322917 -0.364247650 -0.588661671
1403636667813555456.000000 3.392814636 6.356306553 7.259524822 0.717775404 -0.079789497 -0.363992065 -0.588168263
1403636667863555584.000000 3.404194593 6.372043610 7.272943974 0.717839479 -0.080912866 -0.364320368 -0.587733269
1403636667913555456.000000 3.415598869 6.386570454 7.286056042 0.717938364 -0.082122438 -0.364720672 -0.587196171
1403636667963555584.000000 3.426212072 6.402287483 7.298741817 0.717845201 -0.081215017 -0.365470767 -0.586969793
1403636668013555456.000000 3.434735537 6.417929649 7.311809540 0.718421459 -0.081475154 -0.365003169 -0.586519539
1403636668063555584.000000 3.441061020 6.433988094 7.325143337 0.719996035 -0.079453915 -0.363250256 -0.585954010
1403636668113555456.000000 3.446716309 6.451114178 7.338921070 0.721661508 -0.077234194 -0.361362159 -0.585369170
1403636668163555584.000000 3.449774742 6.468163490 7.353291035 0.723338723 -0.074508898 -0.359723717 -0.584661007
1403636668213555456.000000 3.451263428 6.486021996 7.368268013 0.724246502 -0.071149386 -0.359714031 -0.583961129
1403636668263555584.000000 3.453085661 6.506992340 7.385379791 0.725331604 -0.068068743 -0.359503031 -0.583110929
1403636668313555456.000000 3.452846527 6.525808811 7.401103497 0.726543725 -0.065914400 -0.359393984 -0.581915379
1403636668363555584.000000 3.452569485 6.544879913 7.417399883 0.727412999 -0.065240964 -0.359356642 -0.580927610
1403636668413555456.000000 3.452643156 6.566355228 7.433829308 0.728684723 -0.065220952 -0.358454585 -0.579892397
1403636668463555584.000000 3.451185226 6.586638451 7.451052189 0.730294824 -0.065824591 -0.356987834 -0.578702271
1403636668513555456.000000 3.449421406 6.607566357 7.468703747 0.731420875 -0.065779522 -0.356186986 -0.577777982
1403636668563555584.000000 3.448631048 6.630742550 7.486694336 0.732018054 -0.065918036 -0.356565505 -0.576771617
1403636668613555456.000000 3.447337389 6.652288914 7.505064011 0.732699633 -0.065573819 -0.356438488 -0.576023459
1403636668663555584.000000 3.446450233 6.674857140 7.524069786 0.733510256 -0.064701550 -0.356514722 -0.575042307
1403636668713555456.000000 3.446421623 6.700839996 7.544487000 0.735453308 -0.061839219 -0.353927612 -0.574473381
1403636668763555584.000000 3.445960045 6.724443913 7.563680649 0.738044918 -0.058537286 -0.349550724 -0.574175417
1403636668813555456.000000 3.446450472 6.748452663 7.583243847 0.740931928 -0.056468476 -0.344842583 -0.573511004
1403636668863555584.000000 3.449355125 6.774559498 7.601620674 0.743530512 -0.053094350 -0.339385241 -0.573725641
1403636668913555456.000000 3.454183578 6.799375534 7.622022629 0.746370673 -0.051496141 -0.333801419 -0.573459446
1403636668963555584.000000 3.461233616 6.824764729 7.643108368 0.746999681 -0.054964814 -0.332660764 -0.572980940
1403636669013555456.000000 3.472203493 6.850404263 7.662860870 0.746336639 -0.060846880 -0.333991855 -0.572476029
1403636669063555584.000000 3.484230518 6.874318123 7.685328007 0.745885730 -0.066573068 -0.335108638 -0.571773469
1403636669113555456.000000 3.498372078 6.897030354 7.708381653 0.745248854 -0.071920387 -0.336669296 -0.571038961
1403636669163555584.000000 3.514969349 6.921324253 7.729113102 0.745147169 -0.074734606 -0.337645561 -0.570233285
1403636669213555456.000000 3.528873920 6.942902088 7.753897667 0.745340466 -0.076867424 -0.337721288 -0.569651961
1403636669263555584.000000 3.541904449 6.963710785 7.779365540 0.745550334 -0.077677399 -0.337635726 -0.569318056
1403636669313555456.000000 3.555464745 6.985065937 7.803840160 0.746024728 -0.077051125 -0.337261230 -0.569003582
1403636669363555584.000000 3.566376209 7.004724503 7.832452297 0.745676994 -0.077257834 -0.338413715 -0.568747103
1403636669413555456.000000 3.577202797 7.024257183 7.861238003 0.746047437 -0.078295283 -0.337698579 -0.568544447
1403636669463555584.000000 3.588261604 7.043252468 7.890329361 0.746749699 -0.080722384 -0.336115241 -0.568221331
1403636669513555456.000000 3.598087072 7.061506271 7.921429157 0.747524321 -0.082403757 -0.333742231 -0.568360090
1403636669563555584.000000 3.608389378 7.079586983 7.952842236 0.748670161 -0.084411815 -0.330850214 -0.568248034
1403636669613555456.000000 3.617876291 7.094621658 7.986250401 0.750597179 -0.087173238 -0.325989068 -0.568098485
1403636669663555584.000000 3.629512548 7.109915257 8.018684387 0.751922905 -0.090379357 -0.321979761 -0.568130851
1403636669713555456.000000 3.642990351 7.125069141 8.050414085 0.753363550 -0.093516104 -0.317863405 -0.568032682
1403636669763555584.000000 3.656401157 7.135494232 8.084687233 0.753570855 -0.096257798 -0.316477180 -0.568073630
1403636669813555456.000000 3.672912121 7.147247791 8.116844177 0.750437021 -0.104465440 -0.321235299 -0.568101346
1403636669863555584.000000 3.691303730 7.157572746 8.148053169 0.745333970 -0.116115734 -0.329498798 -0.567824781
1403636669913555456.000000 3.713972092 7.161299706 8.180915833 0.738777399 -0.124867454 -0.341413349 -0.567497194
1403636669963555584.000000 3.734401226 7.166767120 8.209294319 0.733644605 -0.130635396 -0.350491583 -0.567323267
1403636670013555456.000000 3.755612373 7.169464111 8.235512733 0.729935050 -0.132666931 -0.357354313 -0.567355454
1403636670063555584.000000 3.773712397 7.163704872 8.264564514 0.726878524 -0.134460762 -0.362507761 -0.567588031
1403636670113555456.000000 3.795109510 7.162382603 8.285608292 0.723549426 -0.136261553 -0.366615593 -0.568772554
1403636670163555584.000000 3.816170454 7.158246040 8.305078506 0.721349299 -0.141232163 -0.367129445 -0.570021749
1403636670213555456.000000 3.833948135 7.149108887 8.323461533 0.718222857 -0.150763229 -0.367520660 -0.571274817
1403636670263555584.000000 3.852160454 7.141805649 8.337730408 0.715468049 -0.159755975 -0.367047906 -0.572590113
1403636670313555456.000000 3.867281914 7.132273674 8.350538254 0.712419212 -0.167149201 -0.367294014 -0.574121177
1403636670363555584.000000 3.877317190 7.113867760 8.367534637 0.708619118 -0.171765506 -0.368678510 -0.576569021
1403636670413555456.000000 3.885534763 7.099151134 8.376760483 0.704139471 -0.174108148 -0.370121062 -0.580417454
1403636670463555584.000000 3.891328096 7.080589771 8.383834839 0.698285401 -0.176740915 -0.372341990 -0.585253477
1403636670513555456.000000 3.896888256 7.057012081 8.390148163 0.692522049 -0.178697035 -0.373160869 -0.590958178
1403636670563555584.000000 3.900499821 7.033659458 8.388179779 0.686021686 -0.179898053 -0.372929007 -0.598276615
1403636670613555456.000000 3.902864933 7.006840229 8.381458282 0.679500282 -0.180479363 -0.371736348 -0.606233180
1403636670663555584.000000 3.904785395 6.976411343 8.367698669 0.673065424 -0.180242375 -0.369062126 -0.615051866
1403636670713555456.000000 3.905236959 6.945317745 8.350735664 0.666526794 -0.180224657 -0.365783036 -0.624070466
1403636670763555584.000000 3.903811216 6.911979675 8.329408646 0.659401476 -0.181017593 -0.362491995 -0.633262873
1403636670813555456.000000 3.899882555 6.877085209 8.304801941 0.650923133 -0.183671936 -0.360158980 -0.642533422
1403636670863555584.000000 3.892860174 6.840191364 8.277313232 0.641072094 -0.188014388 -0.358511686 -0.652032673
1403636670913555456.000000 3.887476206 6.802026749 8.256508827 0.630791843 -0.193500668 -0.356787890 -0.661333144
1403636670963555584.000000 3.875406981 6.761314869 8.221324921 0.619195163 -0.200961351 -0.354212254 -0.671375990
1403636671013555456.000000 3.861893177 6.718065262 8.180561066 0.607963145 -0.205754742 -0.349194884 -0.682721674
1403636671063555584.000000 3.849245787 6.672349453 8.136703491 0.598079324 -0.207212418 -0.342056066 -0.694522738
1403636671113555456.000000 3.833503246 6.624351501 8.082447052 0.589114547 -0.204486877 -0.333402336 -0.707087040
1403636671163555584.000000 3.816203356 6.574071407 8.022745132 0.580179393 -0.199719816 -0.325318664 -0.719493985
1403636671213555456.000000 3.799194813 6.524189472 7.961323261 0.571784317 -0.193557829 -0.318779022 -0.730737984
1403636671263555584.000000 3.778324604 6.470543861 7.890637398 0.564869106 -0.184554026 -0.312283278 -0.741176069
1403636671313555456.000000 3.754614115 6.415906429 7.816238880 0.560611665 -0.169954345 -0.304983854 -0.750876129
1403636671363555584.000000 3.732455254 6.362535477 7.743529320 -0.558482051 0.151442736 0.295290440 0.760241091
1403636671413555456.000000 3.705472231 6.306496143 7.664452553 -0.556148946 0.132303074 0.284536511 0.769566953
1403636671463555584.000000 3.676748753 6.250677109 7.585623264 -0.551374674 0.115532197 0.276660502 0.778522491
1403636671513555456.000000 3.649692297 6.198575974 7.511342049 -0.545397937 0.101754472 0.272054225 0.786240220
1403636671563555584.000000 3.618447304 6.143704414 7.434711456 -0.538433969 0.091207132 0.270467758 0.792853951
1403636671613555456.000000 3.586281776 6.090579987 7.360097885 0.532083869 -0.081362329 -0.270276845 -0.798259020
1403636671663555584.000000 3.556017637 6.042878628 7.289227962 -0.526443720 0.073361933 0.271541029 0.802334428
1403636671713555456.000000 3.522714376 5.993174553 7.217070103 -0.521622837 0.067170933 0.272816807 0.805585980
1403636671763555584.000000 3.488886118 5.945532799 7.146564484 -0.518109977 0.062303968 0.273907065 0.807870805
1403636671813555456.000000 3.458596706 5.904431343 7.077121735 -0.515964031 0.056018777 0.274041921 0.809656799
1403636671863555584.000000 3.425900698 5.862689972 7.010391235 -0.513755023 0.051060379 0.275980741 0.810730100
1403636671913555456.000000 3.395087481 5.824651241 6.945240974 0.512065470 -0.044362597 -0.278920650 -0.811186969
1403636671963555584.000000 3.369333744 5.792193413 6.878694534 -0.511409879 0.036738042 0.280616969 0.811396599
1403636672013555456.000000 3.344310284 5.760918617 6.814646244 -0.511363566 0.028520934 0.281702965 0.811379969
1403636672063555584.000000 3.323946953 5.734949112 6.751894474 0.513730645 -0.022102246 -0.278527588 -0.811181128
1403636672113555456.000000 3.307751656 5.713918686 6.687247276 -0.517565250 0.017137786 0.271940947 0.811098456
1403636672163555584.000000 3.294382811 5.694745064 6.627458572 -0.521390259 0.014596295 0.266452819 0.810519695
1403636672213555456.000000 3.283687115 5.679738998 6.570361614 0.524321556 -0.012197766 -0.262427419 -0.809981465
1403636672263555584.000000 3.275285006 5.675505161 6.515003681 -0.526452720 0.011442711 0.260276854 0.809303820
1403636672313555456.000000 3.267611980 5.666690826 6.464950562 -0.529509366 0.010928601 0.255864948 0.808723390
1403636672363555584.000000 3.261004925 5.660817146 6.418724537 -0.533813834 0.011384487 0.248205304 0.808274269
1403636672413555456.000000 3.255846739 5.650117874 6.379270077 0.538658559 -0.012907880 -0.239029035 -0.807802916
1403636672463555584.000000 3.248922825 5.653438091 6.332644939 -0.542789280 0.019274853 0.229884282 0.807565212
1403636672513555456.000000 3.241335869 5.652816296 6.301622868 -0.545370221 0.033987220 0.225833952 0.806483328
1403636672563555584.000000 3.232484818 5.652953625 6.275554657 -0.546925485 0.050379694 0.222908586 0.805385768
1403636672613555456.000000 3.219286919 5.653578758 6.249280453 -0.546437085 0.065807916 0.223674819 0.804391384
1403636672663555584.000000 3.204753876 5.654409409 6.232378006 -0.545976043 0.078328080 0.224989712 0.803215206
1403636672713555456.000000 3.186453342 5.655364037 6.218921185 0.543805182 -0.084636778 -0.229756713 -0.802698195
1403636672763555584.000000 3.163346767 5.651883125 6.203802586 -0.540491164 0.084825538 0.236661360 0.802910566
1403636672813555456.000000 3.140707254 5.651555061 6.196889877 -0.536028445 0.082961276 0.242655590 0.804306746
1403636672863555584.000000 3.119980574 5.651288986 6.190617085 -0.532262564 0.081017904 0.243515342 0.806742251
1403636672913555456.000000 3.098071814 5.652024269 6.183008194 -0.527438879 0.080830239 0.242154017 0.810330927
1403636672963555584.000000 3.082006931 5.651785374 6.177031994 -0.522314668 0.079617001 0.239138201 0.814654231
1403636673013555456.000000 3.068413258 5.651644707 6.171549797 -0.516377032 0.078633979 0.235341460 0.819625437
1403636673063555584.000000 3.055386543 5.647977829 6.160445213 -0.510672987 0.076223947 0.230947480 0.824661374
1403636673113555456.000000 3.046079159 5.648391724 6.155116081 -0.504274368 0.074075699 0.228077337 0.829578817
1403636673163555584.000000 3.040002346 5.649908066 6.149613857 -0.497559696 0.068950802 0.228222758 0.834023178
1403636673213555456.000000 3.032129765 5.651142120 6.143249512 -0.490842462 0.061781000 0.229687467 0.838153005
1403636673263555584.000000 3.030418634 5.653482437 6.138156414 -0.485085905 0.054086599 0.230375811 0.841839314
1403636673313555456.000000 3.031194210 5.656591415 6.133102417 0.480019450 -0.048508294 -0.232278436 -0.844556093
1403636673363555584.000000 3.031822681 5.662274361 6.130160809 -0.476219118 0.044432562 0.232776433 0.846791744
1403636673413555456.000000 3.036890984 5.668955326 6.128047466 -0.473693430 0.043800723 0.231857747 0.848491669
1403636673463555584.000000 3.042358875 5.677410126 6.128273010 -0.471767873 0.044705987 0.230827257 0.849797189
1403636673513555456.000000 3.047143936 5.687435627 6.130548954 0.470766068 -0.045903690 -0.229043767 -0.850770950
1403636673563555584.000000 3.052698135 5.699134827 6.135238171 0.470168769 -0.048935782 -0.226691514 -0.851561844
1403636673613555456.000000 3.058917999 5.712237835 6.141868591 0.471088558 -0.054574162 -0.222104073 -0.851919651
1403636673663555584.000000 3.059209824 5.728061676 6.154348373 -0.472113192 0.061044689 0.217720360 0.852044880
1403636673713555456.000000 3.065943241 5.743017197 6.165173054 -0.472928196 0.067732058 0.213768110 0.852088332
1403636673763555584.000000 3.073467970 5.757759094 6.176952839 -0.474701256 0.074602798 0.208235160 0.851898670
1403636673813555456.000000 3.081127644 5.770683765 6.189000130 0.474920988 -0.081010178 -0.205520213 -0.851850271
1403636673863555584.000000 3.090275764 5.783082008 6.201654434 0.475612134 -0.083675355 -0.202878743 -0.851840198
1403636673913555456.000000 3.100622892 5.795491219 6.215280533 0.475996643 -0.081985742 -0.201353714 -0.852151513
1403636673963555584.000000 3.113028049 5.807682037 6.229472637 0.475930244 -0.081738837 -0.201153368 -0.852259696
1403636674013555456.000000 3.122448921 5.829596043 6.252927303 -0.475259900 0.081537843 0.202587515 0.852313280
1403636674063555584.000000 3.134802341 5.841869354 6.270577908 -0.475150466 0.081392370 0.203148559 0.852254689
1403636674113555456.000000 3.146477699 5.853608131 6.290282249 -0.474409163 0.082048342 0.204690531 0.852235854
1403636674163555584.000000 3.156446934 5.865499020 6.312750816 0.474238902 -0.083695658 -0.204925910 -0.852113843
1403636674213555456.000000 3.166172504 5.876487732 6.336162090 0.474122882 -0.086498775 -0.205586374 -0.851739228
1403636674263555584.000000 3.174537182 5.886980534 6.361322880 0.473220319 -0.090844192 -0.207836717 -0.851242483
1403636674313555456.000000 3.181396008 5.896732330 6.388253689 0.470979452 -0.095882878 -0.212739572 -0.850721300
1403636674363555584.000000 3.186959267 5.905765533 6.416485786 0.467485875 -0.099806570 -0.218095914 -0.850840628
1403636674413555456.000000 3.191518784 5.914638519 6.445968151 0.462341160 -0.104369819 -0.222766936 -0.851893544
1403636674463555584.000000 3.195164680 5.923693180 6.476103306 0.456792444 -0.108727910 -0.225063235 -0.853736222
1403636674513555456.000000 3.202705383 5.945016384 6.512406349 -0.450831056 0.112565689 0.225409165 0.856312513
1403636674563555584.000000 3.203221560 5.954708099 6.542902946 -0.445555151 0.114274800 0.224190086 0.859162867
1403636674613555456.000000 3.202788353 5.964970589 6.573383331 -0.441522717 0.115427814 0.221682891 0.861737072
1403636674663555584.000000 3.199538946 5.973790169 6.603723526 0.438238591 -0.116050236 -0.218011707 -0.864262879
1403636674713555456.000000 3.195420742 5.983520031 6.633842945 0.434256703 -0.115644529 -0.217450753 -0.866465569
1403636674763555584.000000 3.189504623 5.993490696 6.663836956 0.429902554 -0.111690260 -0.218527004 -0.868881464
1403636674813555456.000000 3.183032990 6.003725052 6.692787170 0.425200403 -0.105287895 -0.221456766 -0.871249676
1403636674863555584.000000 3.177878380 6.014786243 6.720064163 0.421166331 -0.098451816 -0.224472046 -0.873234510
1403636674913555456.000000 3.173765182 6.027018070 6.745932102 0.417694956 -0.092557855 -0.227010593 -0.874888718
1403636674963555584.000000 3.176852465 6.050414085 6.778032303 -0.415050715 0.085985020 0.229088202 0.876275182
1403636675013555456.000000 3.177430153 6.066610336 6.801102638 -0.412793577 0.081507258 0.231391802 0.877163589
1403636675063555584.000000 3.180510283 6.085219383 6.822950840 -0.411683023 0.076165751 0.231718838 0.878078759
1403636675113555456.000000 3.185626984 6.104615211 6.842508316 0.412860721 -0.071911946 -0.229147762 -0.878559053
1403636675163555584.000000 3.193290472 6.126902103 6.861587524 0.415035784 -0.065778956 -0.224027693 -0.879334986
1403636675213555456.000000 3.204211235 6.151980400 6.880339622 0.418594807 -0.061943825 -0.216080487 -0.879915118
1403636675263555584.000000 3.217316628 6.179762840 6.900238037 0.421778321 -0.058963135 -0.209883839 -0.880099475
1403636675313555456.000000 3.233088255 6.209309578 6.920972824 0.424509376 -0.057271019 -0.204674110 -0.880125165
1403636675363555584.000000 3.251874924 6.239749908 6.942154884 0.427065074 -0.060410608 -0.198333934 -0.880130529
1403636675413555456.000000 3.272734404 6.270978928 6.965071678 0.428305656 -0.067027777 -0.191371635 -0.880589902
1403636675463555584.000000 3.293916464 6.297500610 6.992854118 -0.427355915 0.073459044 0.185936019 0.881702065
1403636675513555456.000000 3.314765453 6.329417229 7.020689011 -0.425753385 0.078292124 0.178635016 0.883568883
1403636675563555584.000000 3.335200787 6.360641479 7.050795555 -0.424073488 0.082788676 0.171171114 0.885442376
1403636675613555456.000000 3.355414867 6.388663292 7.081268787 -0.422145426 0.086521670 0.164390504 0.887289703
1403636675663555584.000000 3.374115467 6.417842388 7.115091324 -0.418688655 0.089640580 0.159440428 0.889518559
1403636675713555456.000000 3.392197371 6.445693970 7.150847435 0.413756371 -0.093906030 -0.155537918 -0.892073572
1403636675763555584.000000 3.413230658 6.468271255 7.189930439 -0.407326102 0.099818736 0.152760461 0.894866467
1403636675813555456.000000 3.429539204 6.492944717 7.229182243 -0.397069752 0.107793741 0.155728534 0.898033857
1403636675863555584.000000 3.444593430 6.516369820 7.269703865 -0.385096490 0.116238318 0.160512477 0.901346266
1403636675913555456.000000 3.458253145 6.537178040 7.309487343 -0.371510506 0.121259578 0.167284280 0.905147612
1403636675963555584.000000 3.469570875 6.558255196 7.350685120 -0.357924402 0.123626657 0.172597706 0.909294605
1403636676013555456.000000 3.479380369 6.579051495 7.391520500 -0.345760435 0.122995198 0.174368009 0.913738370
1403636676063555584.000000 3.493136406 6.595829487 7.428071022 -0.335679799 0.120831929 0.172193319 0.918187499
1403636676113555456.000000 3.500261784 6.617126465 7.467646599 -0.327507883 0.116412833 0.166101545 0.922820151
1403636676163555584.000000 3.506897449 6.638904095 7.506782532 -0.321262717 0.111338519 0.154522181 0.927640498
1403636676213555456.000000 3.514750004 6.659963608 7.544394970 -0.314947218 0.106530949 0.142695248 0.932254016
1403636676263555584.000000 3.520131588 6.681680202 7.583752155 -0.309410483 0.100307196 0.127898976 0.936934054
1403636676313555456.000000 3.525187016 6.702708721 7.623784065 -0.301346332 0.094611205 0.116759114 0.941597819
1403636676363555584.000000 3.535925150 6.720602989 7.661557674 -0.294143468 0.091974407 0.103145085 0.945717454
1403636676413555456.000000 3.544530392 6.739619255 7.700881004 -0.286096573 0.088897876 0.091663651 0.949654520
1403636676463555584.000000 3.555438280 6.756907940 7.740187168 -0.275706559 0.087504491 0.084931344 0.953475535
1403636676513555456.000000 3.573943138 6.766489506 7.774646759 -0.264261186 0.086339913 0.081660807 0.957101405
1403636676563555584.000000 3.588757038 6.780393600 7.814254761 -0.251581073 0.089161016 0.081872322 0.960236549
1403636676613555456.000000 3.606286526 6.793531895 7.854007244 -0.240148693 0.091502883 0.082246304 0.962907791
1403636676663555584.000000 3.630279779 6.803528309 7.892160892 -0.230578214 0.094445497 0.083218947 0.964877427
1403636676713555456.000000 3.652277470 6.815416336 7.930540085 -0.222316906 0.097403683 0.085032217 0.966362953
1403636676763555584.000000 3.675672531 6.826980591 7.968172550 -0.215548009 0.100731075 0.087031230 0.967376888
1403636676813555456.000000 3.703741074 6.835765839 8.004762650 -0.209013417 0.102407269 0.089415729 0.968416810
1403636676863555584.000000 3.729904413 6.846585274 8.040458679 -0.202117875 0.103206612 0.092435338 0.969511509
1403636676913555456.000000 3.755923986 6.857553482 8.074873924 -0.197702080 0.104995318 0.093078837 0.970168173
1403636676963555584.000000 3.783696651 6.865337372 8.110999107 -0.194463298 0.105997123 0.093781404 0.970646024
1403636677013555456.000000 3.804774046 6.877036572 8.147531509 -0.193531647 0.106409848 0.091672324 0.970988572
1403636677063555584.000000 3.822438717 6.889285088 8.185624123 -0.194945231 0.105954714 0.086472854 0.971232414
1403636677113555456.000000 3.842197418 6.900931358 8.226169586 -0.197092906 0.105236389 0.081229806 0.971329749
1403636677163555584.000000 3.853680372 6.913046360 8.267372131 -0.199250266 0.104259431 0.076750137 0.971359253
1403636677213555456.000000 3.863183498 6.924678802 8.309309006 -0.201035485 0.105434567 0.073087566 0.971147001
1403636677263555584.000000 3.876563787 6.935084820 8.352722168 -0.201938614 0.108051807 0.069472842 0.970937252
1403636677313555456.000000 3.886300802 6.944392681 8.394353867 -0.200648800 0.111783750 0.066618763 0.970982194
1403636677363555584.000000 3.897537470 6.952607155 8.435056686 -0.197939619 0.117444426 0.062283244 0.971157849
1403636677413555456.000000 3.916739225 6.959411144 8.477049828 -0.194331512 0.123664044 0.058265410 0.971363783
1403636677463555584.000000 3.931539774 6.964538097 8.514599800 -0.188959047 0.130470157 0.054946303 0.971726835
1403636677513555456.000000 3.946894169 6.967953682 8.550028801 -0.181833521 0.135891050 0.053040065 0.972449005
1403636677563555584.000000 3.966206074 6.970083714 8.584834099 -0.173779264 0.139543369 0.051010322 0.973512411
1403636677613555456.000000 3.982933760 6.970503807 8.616327286 -0.164172336 0.141509295 0.050429583 0.974925339
1403636677663555584.000000 4.000290871 6.969757080 8.645663261 -0.154065698 0.141197771 0.050016485 0.976639867
1403636677713555456.000000 4.020664692 6.968432903 8.673786163 -0.142318547 0.140650272 0.050211318 0.978489578
1403636677763555584.000000 4.038653374 6.965912342 8.698394775 -0.130679205 0.137673676 0.049467154 0.980572283
1403636677813555456.000000 4.056227207 6.962757111 8.720997810 -0.116854236 0.132539436 0.050800014 0.982953668
1403636677863555584.000000 4.077147484 6.958737850 8.746611595 -0.101916671 0.127066314 0.053197462 0.985209286
1403636677913555456.000000 4.094554424 6.956216335 8.765846252 -0.087297469 0.121208705 0.053366497 0.987339675
1403636677963555584.000000 4.112484932 6.954514980 8.783664703 -0.073368825 0.116994642 0.051657923 0.989070654
1403636678013555456.000000 4.130488396 6.953119755 8.803675652 -0.061251290 0.112683304 0.046813875 0.990635812
1403636678063555584.000000 4.147603512 6.954560280 8.821038246 -0.050536942 0.111321546 0.040708255 0.991663456
1403636678113555456.000000 4.163580418 6.957588673 8.838575363 -0.043243330 0.111098930 0.031429388 0.992370486
1403636678163555584.000000 4.177630901 6.960130692 8.859323502 -0.037505422 0.111411206 0.022566766 0.992810011
1403636678213555456.000000 4.190680027 6.965538979 8.877758980 -0.033214748 0.110594712 0.013086854 0.993224263
1403636678263555584.000000 4.203131676 6.971475124 8.896072388 -0.028376125 0.110503100 0.005021555 0.993457973
1403636678313555456.000000 4.214935780 6.975629330 8.915898323 -0.022249529 0.110574275 -0.001166412 0.993618131
1403636678363555584.000000 4.228892326 6.981165886 8.932872772 -0.013827111 0.111028627 -0.003989025 0.993713021
1403636678413555456.000000 4.243752003 6.986655235 8.949003220 -0.005565547 0.109572858 -0.007510429 0.993934870
1403636678463555584.000000 4.259920597 6.992164612 8.964311600 -0.002528869 -0.108763494 0.011701464 -0.993995547
1403636678513555456.000000 4.275443077 6.995759487 8.979950905 0.010762024 0.107271008 -0.016328225 0.994037509
1403636678563555584.000000 4.294481277 7.000758648 8.992912292 0.019760611 0.107242517 -0.020456618 0.993826032
1403636678613555456.000000 4.314218998 7.005397797 9.004664421 0.030143358 0.107307509 -0.025689390 0.993436754
1403636678663555584.000000 4.331388474 7.007532120 9.017228127 0.039171070 0.107723556 -0.034307584 0.992816389
1403636678713555456.000000 4.349381447 7.011843204 9.029283524 0.047700085 0.108119376 -0.045819897 0.991935253
1403636678763555584.000000 4.365678787 7.015256882 9.041665077 -0.056444965 -0.108362563 0.058874954 -0.990759969
1403636678813555456.000000 4.379628658 7.018641949 9.055229187 0.064473718 0.108247146 -0.072850756 0.989352584
1403636678863555584.000000 4.392162800 7.020713329 9.069189072 0.071815714 0.107639760 -0.085484102 0.987901211
1403636678913555456.000000 4.403129101 7.021414757 9.083831787 0.078306042 0.107926868 -0.097653896 0.986247301
1403636678963555584.000000 4.412739277 7.019286633 9.100793839 0.086421095 0.107349396 -0.105924614 0.984777868
1403636679013555456.000000 4.420150757 7.016187668 9.115487099 0.095924489 0.108080052 -0.111087553 0.983248115
1403636679063555584.000000 4.426014423 7.010979176 9.130170822 -0.106874369 -0.108904734 0.113725521 -0.981725097
1403636679113555456.000000 4.431503296 7.003953934 9.146558762 0.118559606 0.110585839 -0.115453415 0.979992330
1403636679163555584.000000 4.434015751 6.995326042 9.161216736 0.132169053 0.111951418 -0.113645010 0.978306234
1403636679213555456.000000 4.435529709 6.985227585 9.175292015 0.147587568 0.114431322 -0.110227883 0.976203501
1403636679263555584.000000 4.438003063 6.972709656 9.191596031 0.162923738 0.116282068 -0.107653506 0.973830163
1403636679313555456.000000 4.440083981 6.961245537 9.203246117 0.177735984 0.116732769 -0.106152497 0.971347034
1403636679363555584.000000 4.443234444 6.949658871 9.213227272 0.191754431 0.117425226 -0.107876606 0.968402922
1403636679413555456.000000 4.448717117 6.937156677 9.222990036 0.204676449 0.116467342 -0.110693440 0.965551674
1403636679463555584.000000 4.454528809 6.926165104 9.229526520 0.217143476 0.115660042 -0.114411160 0.962487221
1403636679513555456.000000 4.461643696 6.915932655 9.234624863 0.228224888 0.114066295 -0.119167320 0.959531903
1403636679563555584.000000 4.467964172 6.905647755 9.239215851 0.237524346 0.112277746 -0.123645410 0.956915796
1403636679613555456.000000 4.477529526 6.896430016 9.241668701 0.245777786 0.110546455 -0.126709178 0.954629600
1403636679663555584.000000 4.487370014 6.888501644 9.242407799 0.252210349 0.107407026 -0.129950002 0.952872932
1403636679713555456.000000 4.498441219 6.881230831 9.241633415 0.257312089 0.105519660 -0.133386761 0.951243460
1403636679763555584.000000 4.507604599 6.874999523 9.240271568 0.260463268 0.105564043 -0.137574375 0.949783385
1403636679813555456.000000 4.521620750 6.869668007 9.236204147 0.263566166 0.108984545 -0.139669135 0.948234081
1403636679863555584.000000 4.537940979 6.864188194 9.231137276 0.265208930 0.113071464 -0.141638845 0.947004557
1403636679913555456.000000 4.552772522 6.858192921 9.226507187 0.265455961 0.118999384 -0.145781115 0.945579290
1403636679963555584.000000 4.570975304 6.852728367 9.219318390 0.264719039 0.120957457 -0.149408937 0.944970965
1403636680013555456.000000 4.589203358 6.847556114 9.210136414 0.261579663 0.124012694 -0.156043828 0.944376707
1403636680063555584.000000 4.606156826 6.843640327 9.198989868 0.257928431 0.126778066 -0.162869290 0.943861127
1403636680113555456.000000 4.623715401 6.838500023 9.185716629 0.253636599 0.130313054 -0.170502782 0.943194509
1403636680163555584.000000 4.638296127 6.832824230 9.171362877 0.250886947 0.131725520 -0.174113289 0.943074107
1403636680213555456.000000 4.649559498 6.826178074 9.156946182 0.250773698 0.131784797 -0.173017144 0.943297684
1403636680263555584.000000 4.659758091 6.818485260 9.140447617 0.250613034 0.134436682 -0.171806589 0.943187416
1403636680313555456.000000 4.666431427 6.810380459 9.122976303 0.247992799 0.136151105 -0.174303353 0.943175972
1403636680363555584.000000 4.668340683 6.802598953 9.107647896 0.243820980 0.135374129 -0.179989859 0.943307400
1403636680413555456.000000 4.669707298 6.792699337 9.088592529 0.239771277 0.133239493 -0.184397846 0.943797886
1403636680463555584.000000 4.668791771 6.781334877 9.068487167 0.236704677 0.131078869 -0.187200233 0.944322705
1403636680513555456.000000 4.666454315 6.769351482 9.050876617 0.234019399 0.129051179 -0.189347088 0.944843113
1403636680563555584.000000 4.660344124 6.754654884 9.028947830 0.233286276 0.126651406 -0.187673450 0.945682704
1403636680613555456.000000 4.652045727 6.737894058 9.005893707 0.233930022 0.125490367 -0.183759093 0.946446836
1403636680663555584.000000 4.643735409 6.719223022 8.984908104 0.233502865 0.124579608 -0.181559086 0.947097003
1403636680713555456.000000 4.631195545 6.698509216 8.960399628 0.234348282 0.121914640 -0.177591026 0.947986960
1403636680763555584.000000 4.616775990 6.676287651 8.935068130 0.237348571 0.117430232 -0.169219956 0.949336886
1403636680813555456.000000 4.603584766 6.653683662 8.911665916 0.240895778 0.113304116 -0.160371199 0.950480163
1403636680863555584.000000 4.586750984 6.629578590 8.885534286 0.245170578 0.108197100 -0.149858430 0.951697111
1403636680913555456.000000 4.568437576 6.605256557 8.859786987 0.249198332 0.101000249 -0.139905810 0.952956259
1403636680963555584.000000 4.552030087 6.583954811 8.840462685 0.251131475 0.091708228 -0.134568095 0.954156220
1403636681013555456.000000 4.531610012 6.559957504 8.817350388 0.250601768 0.083533406 -0.134031355 0.955121219
1403636681063555584.000000 4.510814190 6.536421776 8.796445847 -0.249661058 -0.075563304 0.135112107 -0.955878794
1403636681113555456.000000 4.490767956 6.511408806 8.774972916 0.248115331 0.070032477 -0.138022974 0.956286490
1403636681163555584.000000 4.471198082 6.487643719 8.756415367 0.246985793 0.070311293 -0.140128955 0.956252217
1403636681213555456.000000 4.452990532 6.463311195 8.739075661 0.245510578 0.076937348 -0.143928707 0.955557287
1403636681263555584.000000 4.438239098 6.440535545 8.726593018 0.244797438 0.086511336 -0.146708205 0.954498172
1403636681313555456.000000 4.422468185 6.415300846 8.709492683 0.245188475 0.093748987 -0.147207782 0.953637123
1403636681363555584.000000 4.408456326 6.389379978 8.692062378 0.245740891 0.100484915 -0.146627665 0.952897966
1403636681413555456.000000 4.396275520 6.360709667 8.671195984 0.247539371 0.104877383 -0.144898474 0.952223420
1403636681463555584.000000 4.384737968 6.334702492 8.651675224 -0.249423653 -0.107462630 0.142351687 -0.951827526
1403636681513555456.000000 4.373881340 6.308929920 8.631047249 -0.250772446 -0.109025285 0.141069621 -0.951486230
1403636681563555584.000000 4.364089489 6.282964230 8.614885330 0.251448512 0.109651737 -0.141146392 0.951224446
1403636681613555456.000000 4.352649212 6.257794380 8.593986511 0.250845820 0.110102311 -0.143932909 0.950913906
1403636681663555584.000000 4.339980602 6.232750893 8.573278427 0.251052648 0.110652544 -0.145227551 0.950598598
1403636681713555456.000000 4.327038765 6.205279827 8.554291725 0.251182616 0.111168526 -0.146896824 0.950247467
1403636681763555584.000000 4.312082291 6.180015564 8.534055710 0.251578212 0.111902341 -0.147771642 0.949921012
1403636681813555456.000000 4.296262741 6.154539108 8.513656616 0.252202064 0.112417802 -0.148456305 0.949587882
1403636681863555584.000000 4.281564236 6.125150204 8.494995117 0.253080666 0.112961940 -0.148169070 0.949334383
1403636681913555456.000000 4.266834736 6.099126816 8.472647667 0.254195988 0.113873765 -0.147852883 0.948976755
1403636681963555584.000000 4.253509045 6.072419167 8.448828697 0.255582720 0.113571577 -0.147033483 0.948767722
1403636682013555456.000000 4.242555141 6.043371677 8.426030159 0.256839871 0.113072917 -0.146032318 0.948642373
1403636682063555584.000000 4.232242584 6.016484737 8.399233818 0.258228511 0.112232395 -0.144702137 0.948569059
1403636682113555456.000000 4.222950459 5.990131378 8.370509148 0.259314686 0.112246312 -0.143942967 0.948386550
1403636682163555584.000000 4.214686871 5.961953163 8.342782021 0.260209322 0.111484170 -0.142906621 0.948388159
1403636682213555456.000000 4.205175400 5.936235905 8.313384056 0.260651112 0.108437419 -0.142755523 0.948642790
1403636682263555584.000000 4.194372177 5.910911560 8.284634590 0.261095017 0.104145214 -0.141860038 0.949135900
1403636682313555456.000000 4.181784153 5.885155201 8.257435799 0.260428697 0.098267019 -0.142858326 0.949795842
1403636682363555584.000000 4.168086529 5.860045433 8.230929375 -0.259998471 -0.092166558 0.143042073 -0.950497270
1403636682413555456.000000 4.154372692 5.834889889 8.205675125 -0.259424299 -0.088849179 0.143107176 -0.950960219
1403636682463555584.000000 4.139923573 5.807631493 8.182085991 0.259182274 0.090838253 -0.142404437 0.950943768
1403636682513555456.000000 4.126202106 5.782618046 8.158523560 0.258018553 0.095388778 -0.142904103 0.950739682
1403636682563555584.000000 4.112023354 5.757128716 8.136137009 -0.256858885 -0.100164548 0.143441185 -0.950481594
1403636682613555456.000000 4.096727848 5.731777668 8.114293098 0.256006837 0.104415499 -0.144001544 0.950169206
1403636682663555584.000000 4.079449177 5.707477570 8.090445518 0.254989237 0.108094662 -0.143926904 0.950042725
1403636682713555456.000000 4.063337803 5.681967735 8.068646431 0.255215853 0.110037476 -0.141952142 0.950055897
1403636682763555584.000000 4.048259735 5.656466484 8.046104431 0.255288720 0.112099811 -0.139861286 0.950105309
1403636682813555456.000000 4.032384872 5.629631042 8.023252487 0.254782170 0.114661030 -0.138314590 0.950162113
1403636682863555584.000000 4.019343853 5.604557514 7.998476028 0.253595233 0.116657950 -0.139560610 0.950054348
1403636682913555456.000000 4.007065773 5.579247952 7.972543716 0.251210451 0.117558084 -0.141560122 0.950281084
1403636682963555584.000000 3.994882107 5.555273533 7.944350243 0.249461472 0.118382707 -0.143572778 0.950337470
1403636683013555456.000000 3.983847141 5.530338764 7.915623665 0.247781232 0.118747890 -0.146547183 0.950277507
1403636683063555584.000000 3.972307682 5.504942894 7.886719227 0.247627571 0.119992420 -0.146351054 0.950191498
1403636683113555456.000000 3.957063198 5.480722904 7.857745171 0.247895092 0.118840210 -0.146278590 0.950277686
1403636683163555584.000000 3.941568851 5.455218792 7.829539776 0.249037907 0.117717825 -0.144734442 0.950355053
1403636683213555456.000000 3.924426794 5.429790020 7.801995754 0.250277549 0.115523197 -0.143329874 0.950511575
1403636683263555584.000000 3.904591799 5.404579639 7.772873878 0.251184165 0.114454202 -0.142288864 0.950558126
1403636683313555456.000000 3.884828091 5.378995895 7.745553970 0.252725750 0.113402717 -0.141173720 0.950441778
1403636683363555584.000000 3.863776684 5.353587151 7.718501568 0.254019052 0.112511300 -0.140297979 0.950332642
1403636683413555456.000000 3.838634729 5.330379963 7.690134525 0.255081356 0.112008937 -0.140009597 0.950149894
1403636683463555584.000000 3.815737724 5.305219173 7.664016724 0.256597817 0.110974386 -0.139300480 0.949967206
1403636683513555456.000000 3.792411327 5.280320168 7.638330936 0.257024407 0.110950574 -0.139818341 0.949778616
1403636683563555584.000000 3.764904737 5.257269382 7.611521244 0.257881373 0.110908829 -0.139503911 0.949597359
1403636683613555456.000000 3.739813805 5.233251572 7.586287498 0.258174688 0.109318912 -0.140018895 0.949626207
1403636683663555584.000000 3.713635683 5.209182739 7.561055183 0.258883178 0.106961019 -0.140080422 0.949692786
1403636683713555456.000000 3.684235096 5.187574387 7.534142494 0.259157836 0.104164846 -0.140433878 0.949876428
1403636683763555584.000000 3.659571886 5.163753986 7.508411884 0.259960562 0.101155631 -0.139675125 0.950094163
1403636683813555456.000000 3.636504412 5.140121460 7.482009411 0.259967983 0.098015964 -0.141025782 0.950221717
1403636683863555584.000000 3.610185623 5.119570732 7.453318596 0.261735409 0.095199406 -0.139442250 0.950256586
1403636683913555456.000000 3.590397835 5.096189499 7.426408291 -0.261377752 -0.095134273 0.141854763 -0.950004399
1403636683963555584.000000 3.572536707 5.073089600 7.399187565 0.262471318 0.095117234 -0.141203940 0.949801624
1403636684013555456.000000 3.553415537 5.051116467 7.369183540 0.263593763 0.096915960 -0.140593573 0.949399352
1403636684063555584.000000 3.541095018 5.027235031 7.340970039 0.264586151 0.098872311 -0.140631005 0.948915899
1403636684113555456.000000 3.530085802 5.004227638 7.310858250 0.265490651 0.100522771 -0.141033247 0.948430061
1403636684163555584.000000 3.520080090 4.981258392 7.280616760 0.266571999 0.101314671 -0.141344994 0.947996020
1403636684213555456.000000 3.508397341 4.959611416 7.248149872 0.267869443 0.102438293 -0.141128883 0.947541595
1403636684263555584.000000 3.501291990 4.937100887 7.216377258 0.269335240 0.103588395 -0.140532389 0.947089553
1403636684313555456.000000 3.494189739 4.914946556 7.184554100 0.270051330 0.105717175 -0.141054481 0.946572661
1403636684363555584.000000 3.478551149 4.895473480 7.150568962 0.270944744 0.107772015 -0.140666008 0.946143389
1403636684413555456.000000 3.468224287 4.874630928 7.120071411 0.271753997 0.108922645 -0.140727147 0.945770323
1403636684463555584.000000 3.455383062 4.854104996 7.090582371 0.272829115 0.109125033 -0.139682844 0.945592284
1403636684513555456.000000 3.439258099 4.834089279 7.060507774 0.274806827 0.108859710 -0.137096420 0.945428669
1403636684563555584.000000 3.424454451 4.814929008 7.032301903 0.275933057 0.109636672 -0.135464847 0.945246041
1403636684613555456.000000 3.407544851 4.796892643 7.003876209 0.277271569 0.109635741 -0.133607060 0.945118904
1403636684663555584.000000 3.388575792 4.778461456 6.976872921 0.277995735 0.109973036 -0.132932961 0.944961965
1403636684713555456.000000 3.369571209 4.762224674 6.950346947 0.278528094 0.110696808 -0.132333845 0.944804847
1403636684763555584.000000 3.348932981 4.747060299 6.924612999 0.278539091 0.111344792 -0.132769734 0.944664299
1403636684813555456.000000 3.326629877 4.731516838 6.899677277 0.278598130 0.111682020 -0.132611245 0.944629371
1403636684863555584.000000 3.303016901 4.718642712 6.875181675 0.278152764 0.111481629 -0.133808285 0.944615424
1403636684913555456.000000 3.278463602 4.707006931 6.850490093 0.276640564 0.113151968 -0.136689588 0.944448352
1403636684963555584.000000 3.253561497 4.694689751 6.826153278 0.273957253 0.113443196 -0.142107219 0.944395959
1403636685013555456.000000 3.229518652 4.684842587 6.800319195 0.271724731 0.113435313 -0.145486295 0.944527388
1403636685063555584.000000 3.206861496 4.674786091 6.773771763 0.270100623 0.113175698 -0.147674456 0.944684744
1403636685113555456.000000 3.187167883 4.662072182 6.746646404 0.268794358 0.111717194 -0.148692489 0.945071101
1403636685163555584.000000 3.167115688 4.652480125 6.716964722 0.268223315 0.109072633 -0.148000628 0.945650756
1403636685213555456.000000 3.148135662 4.642985344 6.686364174 0.265758991 0.107435316 -0.150300622 0.946170986
1403636685263555584.000000 3.131037235 4.631128311 6.654998779 0.263136148 0.106028594 -0.152681783 0.946681321
1403636685313555456.000000 3.114280701 4.621293545 6.622360706 -0.260821581 -0.105255447 0.154462144 -0.947119296
1403636685363555584.000000 3.098305941 4.610355377 6.588898659 -0.259110451 -0.105055049 0.155368283 -0.947462857
1403636685413555456.000000 3.083139181 4.597400665 6.557793617 0.258355439 0.105322443 -0.154341504 0.947807193
1403636685463555584.000000 3.065485477 4.585800648 6.524899483 0.258313626 0.104496062 -0.152302593 0.948239744
1403636685513555456.000000 3.046595335 4.573736191 6.492752075 0.258447975 0.104268007 -0.150161564 0.948569655
1403636685563555584.000000 3.029057264 4.559591293 6.462792397 0.258189291 0.103110425 -0.148730248 0.948992074
1403636685613555456.000000 3.007388115 4.546488762 6.431959152 -0.258720011 -0.103059746 0.146330878 -0.949226022
1403636685663555584.000000 2.984833956 4.532970428 6.402146816 -0.257804990 -0.103916332 0.146701187 -0.949324369
1403636685713555456.000000 2.962720871 4.519896984 6.373818874 0.257275611 0.105164818 -0.147275627 0.949241579
1403636685763555584.000000 2.937560081 4.506005764 6.345225334 -0.256865561 -0.105967350 0.147986338 -0.949152827
1403636685813555456.000000 2.911716223 4.491770744 6.317088127 -0.255741477 -0.107959054 0.149940312 -0.948925197
1403636685863555584.000000 2.888295889 4.477530003 6.291594505 0.254824102 0.109732889 -0.151593819 0.948705852
1403636685913555456.000000 2.860220432 4.462162018 6.264034271 0.255303591 0.109169565 -0.150621951 0.948796749
1403636685963555584.000000 2.831550598 4.446593285 6.236705303 0.256895393 0.107375093 -0.148095608 0.948969543
1403636686013555456.000000 2.804954767 4.433027267 6.210796833 0.257986158 0.104882978 -0.145882264 0.949295044
1403636686063555584.000000 2.777235746 4.417272568 6.181908607 0.259479374 0.101552665 -0.143606380 0.949597180
1403636686113555456.000000 2.751557589 4.401268959 6.152286053 0.260417312 0.099350482 -0.141754270 0.949851632
1403636686163555584.000000 2.730652332 4.387357235 6.124057770 0.260612965 0.099545799 -0.141154706 0.949866772
1403636686213555456.000000 2.708719730 4.371147633 6.092929840 0.260652006 0.098372430 -0.140369475 0.950094700
1403636686263555584.000000 2.688800573 4.355491161 6.062464714 0.261038810 0.096970342 -0.139237627 0.950299144
1403636686313555456.000000 2.671463966 4.341463089 6.032443047 0.261019409 0.095669061 -0.138573229 0.950533450
1403636686363555584.000000 2.654878616 4.325593948 6.000604630 0.261296213 0.094588302 -0.137911737 0.950661719
1403636686413555456.000000 2.639983416 4.310536385 5.969533920 -0.260832399 -0.093687490 0.138392597 -0.950808465
1403636686463555584.000000 2.624038458 4.295778751 5.940163136 0.260896176 0.092087500 -0.138204172 0.950974643
1403636686513555456.000000 2.607174873 4.280830383 5.911174297 0.261240721 0.090494037 -0.137702405 0.951105833
1403636686563555584.000000 2.589874506 4.265953541 5.883542538 0.260880917 0.090563267 -0.138292179 0.951112449
1403636686613555456.000000 2.571648598 4.252236366 5.858417034 0.260772288 0.090408161 -0.139993995 0.950907946
1403636686663555584.000000 2.552006960 4.237437248 5.833593369 0.260587126 0.090647511 -0.140506431 0.950860381
1403636686713555456.000000 2.532106876 4.222464561 5.809091091 -0.260913581 -0.090960860 0.140398160 -0.950756848
1403636686763555584.000000 2.511812925 4.207990170 5.788200855 0.261675686 0.092453353 -0.139845535 0.950484931
1403636686813555456.000000 2.493451834 4.192789555 5.764850140 0.261894494 0.094235048 -0.139544517 0.950293899
1403636686863555584.000000 2.476747036 4.177683830 5.741548538 0.262991041 0.095317237 -0.138546392 0.950029135
1403636686913555456.000000 2.460607529 4.162636280 5.719224453 0.263858318 0.096448056 -0.137459561 0.949832320
1403636686963555584.000000 2.447458744 4.147834778 5.694400311 0.264485836 0.097220659 -0.136803105 0.949673772
1403636687013555456.000000 2.435999870 4.133103371 5.669329166 0.265277743 0.098226100 -0.136319265 0.949419022
1403636687063555584.000000 2.425231934 4.118830681 5.645716190 0.265731305 0.098290078 -0.135217413 0.949443161
1403636687113555456.000000 2.417017937 4.104762077 5.619464397 0.266077071 0.098254256 -0.135204002 0.949351847
1403636687163555584.000000 2.409028769 4.091004848 5.594001293 0.266441166 0.098591290 -0.135404542 0.949186265
1403636687213555456.000000 2.401067257 4.079219818 5.571976662 0.266622782 0.099879585 -0.135448307 0.948994339
1403636687263555584.000000 2.391718149 4.066204548 5.547816277 0.266747355 0.100316040 -0.135901019 0.948848486
1403636687313555456.000000 2.380686760 4.053536415 5.524634838 0.267089278 0.101187237 -0.135989964 0.948647082
1403636687363555584.000000 2.368567944 4.042201996 5.503384113 0.266896039 0.103048854 -0.136637151 0.948408067
1403636687413555456.000000 2.355521679 4.030416489 5.482273579 0.267006904 0.104440928 -0.137354821 0.948120832
1403636687463555584.000000 2.341295004 4.018969536 5.462904453 0.267119825 0.105391860 -0.137584537 0.947950482
1403636687513555456.000000 2.325723410 4.008562088 5.443525314 0.267312050 0.105906047 -0.137406617 0.947864771
1403636687563555584.000000 2.308207989 3.997739077 5.425772667 0.268268496 0.105382167 -0.136335254 0.947807670
1403636687613555456.000000 2.289427757 3.987339020 5.408867836 0.269165874 0.106278069 -0.135322839 0.947598279
1403636687663555584.000000 2.269346237 3.978247166 5.391917706 0.270125210 0.106111355 -0.134696990 0.947433114
1403636687713555456.000000 2.247448921 3.969195366 5.376645088 0.271209180 0.107272722 -0.133290708 0.947191536
1403636687763555584.000000 2.224080324 3.960439682 5.362505913 0.271755546 0.106617421 -0.133025050 0.947146297
1403636687813555456.000000 2.200767040 3.952883244 5.347926617 0.271558940 0.106615908 -0.133806065 0.947092772
1403636687863555584.000000 2.175442457 3.945275784 5.335424423 0.271697819 0.106242828 -0.133940801 0.947075903
1403636687913555456.000000 2.149056911 3.938279629 5.323726654 0.271181315 0.106202945 -0.135291547 0.947036326
1403636687963555584.000000 2.123020411 3.932251453 5.311623096 0.270138919 0.106492199 -0.137859762 0.946931422
1403636688013555456.000000 2.095110416 3.926063538 5.300920486 0.269312888 0.107294694 -0.139553100 0.946828067
1403636688063555584.000000 2.067141771 3.919959068 5.290314198 0.267839998 0.108131185 -0.143276930 0.946594477
1403636688113555456.000000 2.040904284 3.914339066 5.278218269 0.266468883 0.108480923 -0.145817667 0.946553528
1403636688163555584.000000 2.014745235 3.908391714 5.265433788 0.266123295 0.108246677 -0.146796942 0.946526170
1403636688213555456.000000 1.989958405 3.901882172 5.251619816 0.266114503 0.107996508 -0.146798104 0.946556985
1403636688263555584.000000 1.967010021 3.894834757 5.238713264 0.266930163 0.108534485 -0.145449951 0.946473956
1403636688313555456.000000 1.944311380 3.887798309 5.222833157 0.268112451 0.106936537 -0.143307224 0.946648479
1403636688363555584.000000 1.922339082 3.880647659 5.206032753 0.269238293 0.106014103 -0.141289368 0.946736038
1403636688413555456.000000 1.901086807 3.875451565 5.187976837 0.269458532 0.104089640 -0.141179666 0.946903348
1403636688463555584.000000 1.878063321 3.868814945 5.171962738 0.268387735 0.104782805 -0.142815009 0.946885705
1403636688513555456.000000 1.854348779 3.862537861 5.156644821 0.267312735 0.104796894 -0.145417362 0.946792185
1403636688563555584.000000 1.829770088 3.856454372 5.142565727 0.265018553 0.105414025 -0.149711907 0.946699262
1403636688613555456.000000 1.804041386 3.849728107 5.128052235 0.262989134 0.105917491 -0.154307842 0.946470976
1403636688663555584.000000 1.777643800 3.842376947 5.114383698 0.261979282 0.106600918 -0.157186255 0.946200609
1403636688713555456.000000 1.750450492 3.834247112 5.102172852 0.261747867 0.107012391 -0.158756167 0.945956111
1403636688763555584.000000 1.722231388 3.825721025 5.088458061 -0.261920959 -0.106601194 0.160387412 -0.945679426
1403636688813555456.000000 1.694721580 3.816094637 5.074231148 0.263606846 0.105858788 -0.159183890 0.945497692
1403636688863555584.000000 1.668485403 3.806015015 5.058378696 0.265191883 0.104528151 -0.160666406 0.944951534
1403636688913555456.000000 1.643496633 3.794288158 5.041701794 -0.268934429 -0.102488324 0.160466552 -0.944150925
1403636688963555584.000000 1.620043755 3.781711102 5.024111748 0.272715181 0.099893585 -0.160062924 0.943412781
1403636689013555456.000000 1.598175168 3.768086910 5.006917000 0.276417702 0.097662278 -0.159462497 0.942670226
1403636689063555584.000000 1.578476191 3.754200459 4.986931324 0.280494750 0.095434926 -0.158641562 0.941832185
1403636689113555456.000000 1.560439825 3.739509106 4.967086315 0.284609735 0.093003668 -0.157593191 0.941016495
1403636689163555584.000000 1.543511391 3.723917484 4.947846413 0.288116962 0.090266027 -0.157207415 0.940280020
1403636689213555456.000000 1.529020071 3.708953857 4.926061630 0.290831208 0.088322036 -0.158134177 0.939473271
1403636689263555584.000000 1.515885115 3.695072174 4.900573730 0.293780446 0.086862192 -0.157996416 0.938714683
1403636689313555456.000000 1.505968332 3.677816629 4.883059978 0.295918763 0.084998406 -0.158729017 0.938089788
1403636689363555584.000000 1.497998476 3.662192345 4.859951496 0.297788858 0.084949546 -0.159200504 0.937422276
1403636689413555456.000000 1.492592812 3.646224022 4.837241650 0.299271613 0.085042849 -0.160369381 0.936742187
1403636689463555584.000000 1.487411261 3.628784418 4.816185474 0.300722569 0.085303098 -0.160264477 0.936271727
1403636689513555456.000000 1.485730767 3.612923384 4.791589737 0.301735461 0.084366329 -0.160726309 0.935951412
1403636689563555584.000000 1.484974146 3.597502232 4.767074585 0.302776933 0.082392156 -0.160592780 0.935813904
1403636689613555456.000000 1.486124039 3.579276085 4.745698452 0.303342372 0.079620689 -0.160530955 0.935881376
1403636689663555584.000000 1.486983776 3.564150333 4.721056461 0.304399312 0.075870089 -0.158878535 0.936131656
1403636689713555456.000000 1.487125397 3.548735619 4.698604584 0.305448025 0.071123078 -0.156391174 0.936581433
1403636689763555584.000000 1.488002062 3.529799223 4.681840897 0.306582659 0.065158874 -0.152548149 0.937278271
1403636689813555456.000000 1.487894297 3.514064074 4.663171768 0.307703614 0.061693002 -0.149221390 0.937680900
1403636689863555584.000000 1.488332152 3.497727871 4.647181988 0.308720589 0.061127424 -0.145500168 0.937968493
1403636689913555456.000000 1.490605116 3.478793621 4.636157036 0.311167628 0.060849916 -0.138884902 0.938180745
1403636689963555584.000000 1.492025137 3.463026762 4.624414921 0.312204897 0.062184822 -0.134574279 0.938376725
1403636690013555456.000000 1.493848205 3.447235584 4.615282059 0.311800092 0.063733466 -0.133532777 0.938556254
1403636690063555584.000000 1.497340083 3.431227684 4.610829353 0.310462326 0.064790919 -0.134594470 0.938775659
1403636690113555456.000000 1.499295712 3.417467117 4.606430531 0.307558686 0.064811721 -0.139326543 0.939039528
1403636690163555584.000000 1.502390623 3.403804779 4.604291916 0.304114819 0.066000357 -0.144872546 0.939239085
1403636690213555456.000000 1.507982969 3.389584064 4.604089260 0.301251203 0.066701815 -0.149382055 0.939406037
1403636690263555584.000000 1.515308619 3.375643969 4.603393078 0.299887389 0.067736760 -0.151236326 0.939471602
1403636690313555456.000000 1.524770141 3.361043930 4.604374886 0.298501760 0.069152631 -0.153593287 0.939427376
1403636690363555584.000000 1.537014723 3.346151352 4.604557991 0.297168374 0.070217706 -0.154975489 0.939544082
1403636690413555456.000000 1.549483776 3.330904245 4.606428623 0.296639860 0.070864737 -0.155561477 0.939565659
1403636690463555584.000000 1.562564850 3.315141201 4.609434605 0.297225982 0.071768001 -0.154172689 0.939540803
1403636690513555456.000000 1.576165318 3.299375772 4.612550735 0.299018919 0.072447613 -0.150016770 0.939592481
1403636690563555584.000000 1.588496804 3.283300877 4.618701935 0.300683051 0.072945587 -0.146502286 0.939577460
1403636690613555456.000000 1.599986792 3.267461777 4.626898289 0.303331703 0.071069181 -0.140532956 0.939781666
1403636690663555584.000000 1.611072898 3.251694679 4.636179447 0.305837721 0.070961013 -0.135175824 0.939763486
1403636690713555456.000000 1.621251106 3.236674309 4.648467064 0.310110271 0.071731620 -0.126320958 0.939536750
1403636690763555584.000000 1.628549576 3.222912312 4.663917542 0.314689219 0.071935914 -0.116281584 0.939294696
1403636690813555456.000000 1.635087132 3.211869478 4.680116653 0.318345547 0.073071919 -0.108265899 0.938933015
1403636690863555584.000000 1.638558507 3.201764345 4.701887131 0.321389765 0.076775186 -0.102047727 0.938296616
1403636690913555456.000000 1.641770124 3.194011688 4.725690365 0.324072391 0.082352832 -0.096775964 0.937459111
1403636690963555584.000000 1.644955158 3.188660383 4.748929977 0.327026486 0.089749210 -0.090718687 0.936359406
1403636691013555456.000000 1.652572274 3.186714649 4.774273872 0.329635084 0.098723784 -0.085918956 0.934993267
1403636691063555584.000000 1.663186073 3.188413143 4.799124718 0.331524611 0.107239939 -0.083080947 0.933642685
1403636691113555456.000000 1.672243357 3.194050789 4.822569847 0.332407981 0.113221355 -0.083062954 0.932623446
1403636691163555584.000000 1.687239170 3.204678535 4.845303535 0.331820667 0.121414989 -0.085819155 0.931551695
1403636691213555456.000000 1.703935027 3.219692230 4.866737366 0.329119533 0.129063457 -0.093259402 0.930766225
1403636691263555584.000000 1.718225121 3.237900734 4.886020184 0.324965328 0.136484161 -0.103709422 0.930061340
1403636691313555456.000000 1.735946417 3.261252880 4.903182030 0.320804268 0.140694484 -0.114163086 0.929654002
1403636691363555584.000000 1.753458023 3.287193298 4.918047905 0.317436993 0.141579449 -0.123187721 0.929523408
1403636691413555456.000000 1.768460631 3.314487934 4.931425571 0.315913916 0.135513112 -0.129599795 0.930074453
1403636691463555584.000000 1.787525177 3.343773842 4.942638397 0.314652383 0.127095729 -0.134960204 0.930927634
1403636691513555456.000000 1.807982922 3.374138355 4.951646805 0.314867824 0.118642733 -0.137522176 0.931595325
1403636691563555584.000000 1.828171134 3.405468464 4.958545685 0.315222323 0.113646731 -0.139531016 0.931799591
1403636691613555456.000000 1.852802753 3.437099218 4.964190960 0.314957529 0.109256893 -0.143003881 0.931887686
1403636691663555584.000000 1.878676295 3.469365835 4.969059467 0.312656552 0.107776530 -0.149301454 0.931847274
1403636691713555456.000000 1.901269794 3.502910376 4.973485470 0.309960067 0.105927527 -0.156635255 0.931756198
1403636691763555584.000000 1.925767779 3.535668850 4.978285789 0.307941020 0.106602937 -0.161966458 0.931437135
1403636691813555456.000000 1.947437644 3.568324327 4.983313560 0.307562470 0.105756536 -0.163523227 0.931386650
1403636691863555584.000000 1.965822577 3.601883411 4.989036560 0.308272630 0.104219623 -0.162875548 0.931438565
1403636691913555456.000000 1.983609915 3.634387970 4.994950294 0.309448272 0.103732184 -0.160371915 0.931537628
1403636691963555584.000000 2.000702620 3.666642189 5.001049042 0.311507255 0.106961876 -0.156555548 0.931135297
1403636692013555456.000000 2.016982794 3.700046062 5.007359028 0.313044280 0.110682927 -0.153408691 0.930708528
1403636692063555584.000000 2.031724930 3.732921839 5.013350487 0.313961715 0.110598996 -0.151249871 0.930762827
1403636692113555456.000000 2.046330929 3.766631603 5.018931389 0.312833846 0.110327341 -0.152852684 0.930912971
1403636692163555584.000000 2.065395117 3.799780369 5.023906708 0.310006291 0.111592047 -0.157742709 0.930892408
1403636692213555456.000000 2.082251549 3.832982063 5.027297020 0.308272779 0.110914566 -0.160703063 0.931042731
1403636692263555584.000000 2.099479675 3.866229057 5.029197216 0.307120204 0.109757222 -0.162050352 0.931327164
1403636692313555456.000000 2.122842312 3.898979664 5.028733253 0.307044894 0.108507350 -0.161435306 0.931605220
1403636692363555584.000000 2.142200232 3.932539463 5.026020050 0.307819009 0.106898300 -0.159020588 0.931951106
1403636692413555456.000000 2.162298679 3.966215849 5.022024155 0.306982040 0.105417885 -0.159378394 0.932334542
1403636692463555584.000000 2.190101147 3.998301983 5.017857075 0.305394411 0.105211265 -0.161800191 0.932462156
1403636692513555456.000000 2.212501526 4.031236649 5.011865616 0.302670687 0.106346965 -0.165569633 0.932559669
1403636692563555584.000000 2.235749960 4.063454151 5.004626751 0.301960260 0.106711693 -0.165685549 0.932727754
1403636692613555456.000000 2.266733885 4.093785763 4.996365070 0.302144676 0.105746478 -0.164510116 0.932985961
1403636692663555584.000000 2.291936398 4.124959946 4.986965179 0.301798940 0.105485767 -0.163414627 0.933319807
1403636692713555456.000000 2.317286968 4.155811310 4.978088379 0.299637139 0.103849001 -0.166163251 0.933714569
1403636692763555584.000000 2.345053911 4.186195374 4.967995167 0.295198500 0.102585033 -0.173663363 0.933903277
1403636692813555456.000000 2.367295742 4.216160774 4.959718227 0.289877713 0.101385504 -0.182595223 0.933997333
1403636692863555584.000000 2.389117718 4.244248390 4.951446533 -0.286167175 -0.100745276 0.189071655 -0.933922231
1403636692913555456.000000 2.408922195 4.270705700 4.943343163 -0.283428967 -0.100056104 0.193976179 -0.933825493
1403636692963555584.000000 2.432141542 4.291325092 4.934391022 0.282995313 0.098496355 -0.194450110 0.934024274
1403636693013555456.000000 2.449422121 4.312877655 4.926128864 0.284641266 0.096231602 -0.191508263 0.934367955
1403636693063555584.000000 2.465765715 4.332541943 4.917905331 0.286673516 0.096310079 -0.187623635 0.934526682
1403636693113555456.000000 2.484892845 4.353423595 4.907688618 0.288884908 0.097226523 -0.183957756 0.934479594
1403636693163555584.000000 2.498097420 4.369410515 4.900696754 -0.291236579 -0.097487383 0.180178240 -0.934458852
1403636693213555456.000000 2.509461880 4.384278297 4.894643784 -0.292270273 -0.095332332 0.178791121 -0.934624910
1403636693263555584.000000 2.522562027 4.402312279 4.886107445 0.293535322 0.091104232 -0.177038044 0.934983730
1403636693313555456.000000 2.531082153 4.415115833 4.881509781 -0.294949800 -0.085685857 0.174786076 -0.935474455
1403636693363555584.000000 2.538758993 4.426970005 4.877646923 -0.296152055 -0.080867149 0.172979102 -0.935859323
1403636693413555456.000000 2.547982454 4.440808296 4.872046471 0.297572702 0.076337531 -0.171283796 0.936100960
1403636693463555584.000000 2.555049658 4.450666428 4.870060444 0.298386127 0.071444020 -0.170723543 0.936330616
1403636693513555456.000000 2.561790705 4.459887505 4.869484901 0.298462182 0.064767309 -0.169847101 0.936951220
1403636693563555584.000000 2.570697308 4.471652508 4.867050171 0.298268437 0.057880711 -0.170519650 0.937341332
1403636693613555456.000000 2.578149557 4.478935719 4.869317532 0.297929108 0.053368635 -0.171803549 0.937482595
1403636693663555584.000000 2.586215734 4.484907627 4.873292923 0.297718197 0.050651312 -0.172386825 0.937593281
1403636693713555456.000000 2.595764160 4.490173340 4.878876686 -0.298501432 -0.051725231 0.171807483 -0.937391996
1403636693763555584.000000 2.605036497 4.495082855 4.881328583 0.299602538 0.057215434 -0.170946434 0.936878920
1403636693813555456.000000 2.615231037 4.497175217 4.890130997 0.300256252 0.062883317 -0.170408323 0.936404288
1403636693863555584.000000 2.625715256 4.498158932 4.900297165 0.301637322 0.069800526 -0.168754831 0.935769558
1403636693913555456.000000 2.635607243 4.497193336 4.917294979 0.304037929 0.078138016 -0.165501207 0.934914291
1403636693963555584.000000 2.646040916 4.498233795 4.921273232 0.304715395 0.085725769 -0.164432958 0.934217036
1403636694013555456.000000 2.655796289 4.497160435 4.934462070 0.306920975 0.093299434 -0.161440521 0.933290780
1403636694063555584.000000 2.664709806 4.496103287 4.948163033 0.307906300 0.099344172 -0.160105303 0.932572126
1403636694113555456.000000 2.671200514 4.495553970 4.957654953 0.308740497 0.102094755 -0.159343064 0.932129741
1403636694163555584.000000 2.679940701 4.495090961 4.970292568 0.309339553 0.105039328 -0.158773258 0.931701064
1403636694213555456.000000 2.689748764 4.495146275 4.981458187 0.309765100 0.106681257 -0.158337772 0.931447208
1403636694263555584.000000 2.698945522 4.494821072 4.989558220 0.309556484 0.106430128 -0.159409240 0.931362569
1403636694313555456.000000 2.710458040 4.494982719 4.998914242 0.309666067 0.104637668 -0.160094634 0.931411624
1403636694363555584.000000 2.722507477 4.495568752 5.007014275 0.309834599 0.101619586 -0.159521088 0.931788087
1403636694413555456.000000 2.733904362 4.494925499 5.013275623 0.309494108 0.098523431 -0.160838529 0.932007253
1403636694463555584.000000 2.745419025 4.495850086 5.021132946 0.308900952 0.096335888 -0.161416933 0.932332695
1403636694513555456.000000 2.756302834 4.496565342 5.029463768 0.308033049 0.095098622 -0.162751570 0.932514846
1403636694563555584.000000 2.765582800 4.495861053 5.036956787 0.307805657 0.094060093 -0.163075253 0.932638705
1403636694613555456.000000 2.774094582 4.496438980 5.046741009 0.307322472 0.093368836 -0.163316399 0.932825267
1403636694663555584.000000 2.781276226 4.496726036 5.057447910 0.306732327 0.093319669 -0.163812920 0.932937384
1403636694713555456.000000 2.789194822 4.493445396 5.068006516 0.306278914 0.094375402 -0.164029211 0.932942092
1403636694763555584.000000 2.794049978 4.493393421 5.079417706 0.307134598 0.096001752 -0.161224276 0.932983816
1403636694813555456.000000 2.797638655 4.493573666 5.091256142 0.306773186 0.097858816 -0.160283267 0.933071911
1403636694863555584.000000 2.799299717 4.492486954 5.103572845 0.309252501 0.095805898 -0.154570490 0.933430314
1403636694913555456.000000 2.800021648 4.493012428 5.116804600 0.310746610 0.094357736 -0.150041342 0.933820546
1403636694963555584.000000 2.800451279 4.494050026 5.130270481 0.312237054 0.092374012 -0.145585984 0.934226871
1403636695013555456.000000 2.800864220 4.495463371 5.143526077 0.312663943 0.091089755 -0.143726066 0.934498131
1403636695063555584.000000 2.801669121 4.495412827 5.159393787 0.310956776 0.090245023 -0.145494699 0.934875965
1403636695113555456.000000 2.804256439 4.498835564 5.172329903 0.308914840 0.091587469 -0.148070022 0.935018063
1403636695163555584.000000 2.808374882 4.502614498 5.184605598 0.307356864 0.091877431 -0.149385288 0.935293794
1403636695213555456.000000 2.814650059 4.506827831 5.195861340 0.305069715 0.093287893 -0.151897281 0.935498357
1403636695263555584.000000 2.822946548 4.513874531 5.204153061 0.303215563 0.095176533 -0.154223830 0.935530186
1403636695313555456.000000 2.832566261 4.510682583 5.221035004 0.301452875 0.096385725 -0.155471563 0.935769558
1403636695363555584.000000 2.843236446 4.515370846 5.229144573 0.299904495 0.097498052 -0.156470656 0.935985267
1403636695413555456.000000 2.854735136 4.520059109 5.236489296 0.299169242 0.097926848 -0.156662494 0.936143756
1403636695463555584.000000 2.866528034 4.524472237 5.243279457 0.298164278 0.099083334 -0.157308921 0.936234295
1403636695513555456.000000 2.880211353 4.525488853 5.252765656 0.296520442 0.100344166 -0.159341455 0.936278284
1403636695563555584.000000 2.890999079 4.529720783 5.259324074 0.295661271 0.101810947 -0.160031080 0.936274052
1403636695613555456.000000 2.900270939 4.534012794 5.266253471 0.294240803 0.103037648 -0.161645651 0.936309934
1403636695663555584.000000 2.908097029 4.537575722 5.273919582 0.292419970 0.104440592 -0.163893670 0.936334193
1403636695713555456.000000 2.916654348 4.537358761 5.288225174 0.291972309 0.105248131 -0.163879082 0.936385989
1403636695763555584.000000 2.921032190 4.540625572 5.295754433 0.292690426 0.103650965 -0.160977036 0.936843276
1403636695813555456.000000 2.924280643 4.543801785 5.303316116 0.292582124 0.103123203 -0.160685182 0.936985373
1403636695863555584.000000 2.929974079 4.543349266 5.315949917 0.292598933 0.102817476 -0.159535408 0.937210202
1403636695913555456.000000 2.930665970 4.546331406 5.323826313 0.291951299 0.101864330 -0.159588248 0.937507212
1403636695963555584.000000 2.930103302 4.549104691 5.331893921 0.292116493 0.099485405 -0.158675358 0.937866151
1403636696013555456.000000 2.931650400 4.550381660 5.338381767 0.291867584 0.096380837 -0.157732755 0.938426614
1403636696063555584.000000 2.929378271 4.552496910 5.347229958 0.290874988 0.093018875 -0.158557057 0.938934982
1403636696113555456.000000 2.926914215 4.554284096 5.356503010 0.288809091 0.090081967 -0.161118180 0.939423025
1403636696163555584.000000 2.925383568 4.554953098 5.366767883 0.286623985 0.089330889 -0.164443269 0.939587772
1403636696213555456.000000 2.924852371 4.552738190 5.388352394 0.285153002 0.088862851 -0.166378185 0.939739108
1403636696263555584.000000 2.921755552 4.552777767 5.398084164 -0.284381092 -0.092088230 0.167326257 -0.939494133
1403636696313555456.000000 2.918212891 4.551840305 5.407924175 -0.285208225 -0.095556550 0.165693581 -0.939186335
1403636696363555584.000000 2.915708065 4.549613953 5.417381287 0.286268592 0.103089802 -0.162785724 0.938575327
1403636696413555456.000000 2.915765285 4.548492908 5.423995972 0.288416177 0.109961428 -0.158282027 0.937907994
1403636696463555584.000000 2.913323402 4.546194077 5.431496143 0.290553749 0.113832526 -0.153180048 0.937633514
1403636696513555456.000000 2.911794901 4.544286728 5.437538624 0.290474206 0.115387119 -0.152222559 0.937624037
1403636696563555584.000000 2.911400318 4.542589188 5.443100452 0.290539771 0.114019454 -0.150930375 0.937979937
1403636696613555456.000000 2.909919024 4.539756775 5.458026886 0.290641755 0.114019468 -0.150391191 0.938034952
1403636696663555584.000000 2.909693003 4.539762497 5.458830833 0.290756851 0.111891590 -0.149151415 0.938453376
1403636696713555456.000000 2.910247326 4.540339470 5.458482265 0.290791005 0.111331545 -0.148937583 0.938543320
1403636696763555584.000000 2.909832716 4.541882515 5.458107948 0.290707588 0.109518461 -0.149030581 0.938767612
1403636696813555456.000000 2.909280062 4.546622753 5.445873737 0.289641976 0.108680256 -0.150661260 0.938934207
1403636696863555584.000000 2.906135082 4.548919201 5.445856094 0.289241701 0.107848927 -0.151633933 0.938996851
1403636696913555456.000000 2.901941299 4.551209927 5.446199894 0.288316518 0.108188652 -0.153424963 0.938951313
1403636696963555584.000000 2.896911383 4.553400517 5.446696758 0.285460740 0.110222116 -0.159305543 0.938608050
1403636697013555456.000000 2.891489506 4.555205345 5.447345734 0.282185555 0.112244233 -0.165682644 0.938254714
1403636697063555584.000000 2.886075258 4.556161880 5.447409153 0.279235452 0.114393048 -0.171413124 0.937848270
1403636697113555456.000000 2.883667946 4.548267365 5.464118004 0.275645822 0.116822131 -0.177577704 0.937463701
1403636697163555584.000000 2.880060196 4.547497272 5.460693359 0.272942632 0.118577853 -0.182371289 0.937113881
1403636697213555456.000000 2.877990723 4.544399261 5.454669476 0.271493554 0.120270327 -0.185007393 0.936802387
1403636697263555584.000000 2.874033451 4.540305138 5.444772720 0.270525783 0.121120863 -0.185714826 0.936832726
1403636697313555456.000000 2.871509075 4.534143925 5.433465004 0.271574050 0.117884740 -0.183590129 0.937360942
1403636697363555584.000000 2.869936705 4.526304245 5.419925213 0.273786753 0.114051349 -0.178160802 0.938238740
1403636697413555456.000000 2.869199038 4.516879559 5.404833317 0.276512384 0.109431937 -0.172659695 0.939017713
1403636697463555584.000000 2.869887114 4.506381035 5.387885094 0.278807074 0.104848132 -0.168338194 0.939646602
1403636697513555456.000000 2.872266531 4.495337963 5.369334698 0.279863477 0.101326555 -0.164903998 0.940327644
1403636697563555584.000000 2.877074957 4.483839035 5.345011711 0.278552651 0.099033281 -0.162864149 0.941316187
1403636697613555456.000000 2.877861738 4.479820728 5.324769974 0.275276959 0.099826567 -0.161273122 0.942469239
1403636697663555584.000000 2.881052971 4.468275070 5.305514336 -0.269380361 -0.100750692 0.159423262 -0.944387555
1403636697713555456.000000 2.882733583 4.456691742 5.286953926 -0.261991322 -0.100670964 0.155414104 -0.947139084
1403636697763555584.000000 2.883729458 4.443277359 5.269968987 -0.252269566 -0.099948779 0.151981413 -0.950406313
1403636697813555456.000000 2.888223410 4.427755356 5.246088982 -0.242019311 -0.099565759 0.147965491 -0.953739822
1403636697863555584.000000 2.880782366 4.417214870 5.236918449 -0.233341411 -0.101257510 0.142370209 -0.956571758
1403636697913555456.000000 2.869482994 4.409811020 5.216578960 0.225193143 0.101596624 -0.137546360 0.959190965
1403636697963555584.000000 2.864656210 4.395058632 5.201408386 0.218153030 0.101728834 -0.132385328 0.961527228
1403636698013555456.000000 2.858403206 4.379884720 5.186988831 0.212034911 0.101313874 -0.128426358 0.963474691
1403636698063555584.000000 2.851605892 4.364399433 5.172393322 -0.206898734 -0.102430157 0.125458762 -0.964863300
1403636698113555456.000000 2.843471289 4.347932816 5.158854961 -0.202772930 -0.101932988 0.122160032 -0.966214120
1403636698163555584.000000 2.834264040 4.331000805 5.146302223 -0.199388236 -0.101795241 0.119225942 -0.967298925
1403636698213555456.000000 2.814172506 4.318574429 5.128561020 0.196114331 0.102809571 -0.116676457 0.968171537
1403636698263555584.000000 2.802881479 4.301628590 5.117599964 0.191546023 0.102611527 -0.113639459 0.969467521
1403636698313555456.000000 2.790743113 4.284794331 5.107444763 0.185090572 0.102710336 -0.111606039 0.970946014
1403636698363555584.000000 2.777853727 4.268286705 5.096818447 -0.178023875 -0.103844650 0.108485743 -0.972499192
1403636698413555456.000000 2.764459610 4.251483440 5.087450981 -0.169614851 -0.103462629 0.105098143 -0.974412978
1403636698463555584.000000 2.744578123 4.236240387 5.072935104 0.160902351 0.102707013 -0.100715794 0.976431370
1403636698513555456.000000 2.729801893 4.219309807 5.064772129 0.150917992 0.102573305 -0.097288057 0.978385210
1403636698563555584.000000 2.714823484 4.202122688 5.057102680 0.140624583 0.102602802 -0.092274167 0.980399370
1403636698613555456.000000 2.698645592 4.185407639 5.049748421 -0.129950091 -0.102755390 0.086700551 -0.982363164
1403636698663555584.000000 2.676720142 4.167489052 5.035707474 0.119099177 0.102351978 -0.079894409 0.984355867
1403636698713555456.000000 2.659586430 4.149993420 5.030150414 0.107538596 0.102224596 -0.073151447 0.986222327
1403636698763555584.000000 2.641834259 4.132165432 5.025443077 0.095329322 0.101920418 -0.066190325 0.987999737
1403636698813555456.000000 2.622605085 4.113674164 5.019892216 -0.082465000 -0.101653107 0.059178963 -0.989628255
1403636698863555584.000000 2.600191116 4.096199512 5.011269093 0.070217259 0.101506531 -0.050410919 0.991072595
1403636698913555456.000000 2.582118511 4.077468395 5.007739544 0.057064407 0.102008715 -0.043490753 0.992192805
1403636698963555584.000000 2.565389872 4.058484554 5.003560066 0.044637673 0.101700142 -0.035304599 0.993185937
1403636699013555456.000000 2.548922062 4.039374352 4.996765137 -0.032631524 -0.102161303 0.027721552 -0.993845940
1403636699063555584.000000 2.535265923 4.019984722 4.991275311 -0.020666700 -0.102528177 0.019645641 -0.994321406
1403636699113555456.000000 2.519978762 4.001334190 4.981040001 0.008535952 0.103715323 -0.011222773 0.994507134
1403636699163555584.000000 2.509314060 3.982121468 4.973751068 -0.002397410 0.104499191 0.000001331 0.994522154
1403636699213555456.000000 2.500028372 3.963514566 4.965487480 -0.014664727 0.104239486 0.009227530 0.994401336
1403636699263555584.000000 2.492212057 3.945627213 4.956755161 -0.027254554 0.104216509 0.019416250 0.993991554
1403636699313555456.000000 2.485216379 3.928020000 4.947587013 0.039471373 -0.102862254 -0.030139850 -0.993455112
1403636699363555584.000000 2.477226973 3.916354179 4.936187267 -0.051986571 0.102418154 0.039004859 0.992616057
1403636699413555456.000000 2.474086046 3.900992632 4.927386761 -0.063897982 0.101677068 0.048893474 0.991558552
1403636699463555584.000000 2.471779346 3.886802197 4.918819427 -0.075540170 0.100896679 0.057172991 0.990376174
1403636699513555456.000000 2.469657421 3.874003887 4.910973549 -0.087594487 0.100653045 0.064068653 0.988985002
1403636699563555584.000000 2.463807106 3.865078211 4.900537491 -0.098874457 0.100667350 0.071943440 0.987377405
1403636699613555456.000000 2.459979296 3.854965210 4.894713402 -0.109810278 0.100830518 0.079550304 0.985619962
1403636699663555584.000000 2.455282927 3.846445560 4.889889240 -0.120988138 0.101338685 0.087199286 0.983610034
1403636699713555456.000000 2.450217724 3.839576244 4.884980679 0.132845789 -0.102482043 -0.092963837 -0.981431246
1403636699763555584.000000 2.441055536 3.837715149 4.880632401 -0.144761667 0.102987662 0.094965830 0.979499400
1403636699813555456.000000 2.434536695 3.833539248 4.877656937 -0.155937195 0.104036063 0.094995961 0.977668583
1403636699863555584.000000 2.427630663 3.830223083 4.875101566 -0.164980814 0.106048942 0.094941668 0.975971878
1403636699913555456.000000 2.420138836 3.828378201 4.871485710 0.171677560 -0.108302094 -0.095680155 -0.974496186
1403636699963555584.000000 2.412324667 3.826466799 4.869240761 0.176086441 -0.110404633 -0.097472712 -0.973295212
1403636700013555456.000000 2.399499655 3.827466249 4.868921757 -0.179244712 0.111253642 0.099287406 0.972438157
1403636700063555584.000000 2.389636517 3.826568604 4.867642403 -0.181492120 0.111649051 0.100367866 0.971864879
1403636700113555456.000000 2.378761292 3.825994492 4.866380692 -0.182230428 0.112427503 0.101972453 0.971469939
1403636700163555584.000000 2.367027283 3.826472759 4.865524292 -0.183703557 0.112912767 0.102071032 0.971125722
1403636700213555456.000000 2.353129625 3.826814651 4.865242481 0.183950290 -0.113351859 -0.102354780 -0.970998108
1403636700263555584.000000 2.339195728 3.828485966 4.865234852 0.184497297 -0.113073796 -0.103266582 -0.970830202
1403636700313555456.000000 2.324568272 3.836765528 4.865560055 -0.185863093 0.111595482 0.105351977 0.970516562
1403636700363555584.000000 2.307319641 3.840703487 4.867100716 -0.187711701 0.110163845 0.109203026 0.969898403
1403636700413555456.000000 2.288589478 3.845955372 4.869204521 -0.191031054 0.109461583 0.113085300 0.968884468
1403636700463555584.000000 2.269316435 3.852593422 4.871813774 -0.196378529 0.110802516 0.114196494 0.967531681
1403636700513555456.000000 2.245941401 3.863039494 4.873169899 -0.200847760 0.113464326 0.114558615 0.966262043
1403636700563555584.000000 2.224989176 3.871783257 4.876365662 -0.206453666 0.115605809 0.113791391 0.964916468
1403636700613555456.000000 2.203700304 3.881466389 4.879274368 -0.212959826 0.118385062 0.113368683 0.963213742
1403636700663555584.000000 2.181894779 3.892946005 4.881658554 0.220756456 -0.119515881 -0.112734295 -0.961391509
1403636700713555456.000000 2.162486553 3.904732704 4.884111881 -0.227775484 0.120612271 0.114092022 0.959455132
1403636700763555584.000000 2.141248226 3.915718555 4.885540485 -0.233775422 0.121478282 0.114504889 0.957852185
1403636700813555456.000000 2.121243000 3.926614046 4.885785580 -0.238674641 0.120758630 0.115239516 0.956646085
1403636700863555584.000000 2.102275372 3.937370062 4.885037422 -0.242050007 0.117966950 0.116913006 0.955943048
1403636700913555456.000000 2.080723286 3.948777676 4.882616043 0.244476542 -0.115489647 -0.117991872 -0.955495358
1403636700963555584.000000 2.067570210 3.958236456 4.879430771 -0.246492863 0.111670390 0.119354017 0.955262065
1403636701013555456.000000 2.053418875 3.968766212 4.875483036 -0.247295097 0.108615458 0.120738909 0.955232978
1403636701063555584.000000 2.040921926 3.979341745 4.870795727 -0.247463793 0.103739128 0.121731304 0.955605268
1403636701113555456.000000 2.030333757 3.990107536 4.865326405 -0.246906832 0.098800711 0.123086713 0.956098914
1403636701163555584.000000 2.022817612 4.000582218 4.859328270 0.246765807 -0.096578136 -0.121916138 -0.956512272
1403636701213555456.000000 2.015077591 4.012725353 4.851768970 -0.245930448 0.093841106 0.121392302 0.957066357
1403636701263555584.000000 2.012747288 4.024695396 4.844511509 -0.244809031 0.093250357 0.121035330 0.957456708
1403636701313555456.000000 2.012032270 4.037040710 4.837143898 -0.243771628 0.091715440 0.120054729 0.957992971
1403636701363555584.000000 2.012892962 4.049707890 4.829820156 -0.242540121 0.092514597 0.119832590 0.958256602
1403636701413555456.000000 2.015293837 4.062792778 4.822279930 0.241792724 -0.094086364 -0.117585778 -0.958570659
1403636701463555584.000000 2.018105745 4.076285839 4.815910339 0.240607589 -0.096885718 -0.115770429 -0.958810925
1403636701513555456.000000 2.016775608 4.090567589 4.807854652 -0.240079090 0.101450689 0.113329373 0.958762884
1403636701563555584.000000 2.020187378 4.104581833 4.802401066 -0.239030480 0.105521262 0.111198813 0.958835006
1403636701613555456.000000 2.023353815 4.118690968 4.797589779 -0.237833574 0.107976407 0.109310672 0.959076405
1403636701663555584.000000 2.026190519 4.132756710 4.793260098 -0.237059653 0.110028163 0.106759049 0.959322214
1403636701713555456.000000 2.028134346 4.147456169 4.787360191 0.236759886 -0.111985475 -0.106415518 -0.959207892
1403636701763555584.000000 2.029595375 4.161881447 4.783302784 0.237791687 -0.112554431 -0.107540652 -0.958760500
1403636701813555456.000000 2.024034500 4.176333427 4.781719208 -0.240223110 0.112328343 0.110234074 0.957874596
1403636701863555584.000000 2.022166729 4.191310406 4.778834820 -0.245372877 0.111670971 0.112249516 0.956410885
1403636701913555456.000000 2.018534184 4.206296921 4.776965618 -0.250437319 0.110812552 0.117052555 0.954620600
1403636701963555584.000000 2.013908863 4.221302509 4.775493145 -0.257181704 0.110985123 0.121037222 0.952307642
1403636702013555456.000000 2.007384062 4.236332893 4.772592545 0.264739007 -0.110766955 -0.125833854 -0.949636698
1403636702063555584.000000 1.997926712 4.252009869 4.775100708 -0.273254573 0.111282326 0.131280079 0.946421564
1403636702113555456.000000 1.989297032 4.267251015 4.774298668 -0.282709390 0.112044290 0.137001216 0.942736566
1403636702163555584.000000 1.979412079 4.282824993 4.774013519 -0.292993098 0.112937130 0.142285898 0.938698590
1403636702213555456.000000 1.968641758 4.298565388 4.774587631 -0.302222878 0.112572506 0.147192821 0.935052454
1403636702263555584.000000 1.956148863 4.314413548 4.776350975 0.309998006 -0.111353092 -0.151267081 -0.931997895
1403636702313555456.000000 1.940241098 4.329358101 4.778564453 -0.316983283 0.108490221 0.154607147 0.929434359
1403636702363555584.000000 1.926535249 4.345096588 4.781331062 -0.322963983 0.105735943 0.156840891 0.927316070
1403636702413555456.000000 1.912169099 4.361016750 4.784890175 -0.328873754 0.103040673 0.157131776 0.925491393
1403636702463555584.000000 1.896686077 4.376970291 4.790060520 0.333516061 -0.099994272 -0.158561945 -0.923919022
1403636702513555456.000000 1.881129861 4.393273830 4.796491146 -0.337554455 0.097971529 0.158701524 0.922644258
1403636702563555584.000000 1.865068793 4.409379482 4.803753376 -0.340451032 0.096512906 0.159051344 0.921673000
1403636702613555456.000000 1.848260403 4.425685883 4.812371731 -0.342854351 0.093997739 0.159652218 0.920937896
1403636702663555584.000000 1.830693722 4.442471981 4.822587967 0.344495326 -0.091324836 -0.159981489 -0.920537174
1403636702713555456.000000 1.811853886 4.457357407 4.830486774 -0.345938325 0.089596510 0.159416512 0.920263886
1403636702763555584.000000 1.793882370 4.473946571 4.843357086 -0.346121281 0.088905267 0.160541296 0.920066535
1403636702813555456.000000 1.775716305 4.490770817 4.857697487 -0.346613497 0.086378649 0.159916490 0.920230687
1403636702863555584.000000 1.757654667 4.507859707 4.873470306 0.346576124 -0.084968649 -0.159926102 -0.920374334
1403636702913555456.000000 1.739631534 4.523575306 4.886173725 -0.346049398 0.083993860 0.160737917 0.920520604
1403636702963555584.000000 1.725323915 4.541077137 4.902843475 -0.345698208 0.084375151 0.160410643 0.920674801
1403636703013555456.000000 1.713116884 4.558908939 4.919540882 -0.344583482 0.086967304 0.161758244 0.920615733
1403636703063555584.000000 1.702867270 4.577010632 4.935594559 0.343961418 -0.089801289 -0.161912099 -0.920549214
1403636703113555456.000000 1.693522692 4.593754292 4.945905685 -0.342264831 0.094508290 0.164175630 0.920309424
1403636703163555584.000000 1.688333035 4.612100601 4.960899353 -0.340361506 0.102387406 0.166608438 0.919735014
1403636703213555456.000000 1.684652448 4.630626678 4.975201607 -0.337891310 0.107827224 0.169761837 0.919447541
1403636703263555584.000000 1.682393909 4.649647713 4.988842964 0.335435450 -0.113838546 -0.174009621 -0.918827772
1403636703313555456.000000 1.679574490 4.668633461 4.995112896 -0.333245456 0.118863218 0.177378729 0.918344080
1403636703363555584.000000 1.679213524 4.688363075 5.005412102 -0.332915902 0.121379688 0.177162305 0.918176174
1403636703413555456.000000 1.679693580 4.708771229 5.013696671 -0.334694237 0.121218756 0.173563004 0.918238401
1403636703463555584.000000 1.680672526 4.729567051 5.020195961 -0.337090880 0.117896535 0.168612346 0.918716550
1403636703513555456.000000 1.681863785 4.748900890 5.022923946 0.339521080 -0.113580450 -0.163052112 -0.919368804
1403636703563555584.000000 1.684504628 4.770108223 5.023187637 -0.341457784 0.110250235 0.158920735 0.919780254
1403636703613555456.000000 1.688543320 4.790322781 5.025485516 -0.341806829 0.106594823 0.157572046 0.920313358
1403636703663555584.000000 1.693315744 4.810364246 5.027314663 -0.341654509 0.104371570 0.157003865 0.920721769
1403636703713555456.000000 1.696556449 4.829859734 5.028806686 0.341234297 -0.103109516 -0.156739742 -0.921064794
1403636703763555584.000000 1.701122046 4.851301670 5.029611588 -0.340369254 0.104545876 0.156872123 0.921200395
1403636703813555456.000000 1.703382373 4.870545864 5.032940865 -0.339284420 0.106810279 0.157671168 0.921204388
1403636703863555584.000000 1.704770565 4.889458656 5.036919117 -0.337931186 0.109816641 0.158789590 0.921156228
1403636703913555456.000000 1.705080509 4.908619404 5.041199684 0.336198717 -0.112466529 -0.160009161 -0.921259403
1403636703963555584.000000 1.706927538 4.928847790 5.046654224 -0.335450649 0.113635354 0.160209239 0.921353817
1403636704013555456.000000 1.705127716 4.947214127 5.051794052 -0.333613187 0.115282796 0.161766872 0.921544194
1403636704063555584.000000 1.702237010 4.965496063 5.057050228 -0.332151890 0.116464682 0.162538439 0.921787620
1403636704113555456.000000 1.697464705 4.983629704 5.062162876 0.331107855 -0.114920810 -0.162903458 -0.922292411
1403636704163555584.000000 1.694510460 5.008513451 5.072180748 -0.330430329 0.111964971 0.162586704 0.922954619
1403636704213555456.000000 1.687569380 5.027040482 5.078263283 -0.330031484 0.108004607 0.161963060 0.923678637
1403636704263555584.000000 1.680470705 5.045895576 5.084648132 -0.329887897 0.104156263 0.161246732 0.924297035
1403636704313555456.000000 1.672687292 5.060469627 5.087757111 0.330098063 -0.101095207 -0.159856677 -0.924803197
1403636704363555584.000000 1.672336817 5.089185238 5.099390030 -0.330429316 0.098383538 0.158311725 0.925242960
1403636704413555456.000000 1.670223355 5.109488964 5.104453087 -0.329783976 0.096934661 0.158619791 0.925573349
1403636704463555584.000000 1.670285225 5.129611969 5.108298779 -0.330090076 0.094147533 0.157298982 0.925977230
1403636704513555456.000000 1.672430992 5.150558472 5.112168789 0.330323160 -0.091179430 -0.156185076 -0.926379621
1403636704563555584.000000 1.677212715 5.173423290 5.117826939 -0.329947710 0.088826798 0.156826183 0.926633656
1403636704613555456.000000 1.682202578 5.194603920 5.121674538 -0.329763055 0.086643890 0.156565085 0.926950216
1403636704663555584.000000 1.687261820 5.216175079 5.126920700 -0.329787999 0.084774144 0.156485796 0.927127540
1403636704713555456.000000 1.691911578 5.238048077 5.133593082 0.329632431 -0.079990841 -0.156099588 -0.927672803
1403636704763555584.000000 1.692813516 5.258253098 5.141814709 -0.329346597 0.077101551 0.155679837 0.928089440
1403636704813555456.000000 1.695377827 5.281264305 5.152611732 -0.328256428 0.073810890 0.156902343 0.928537190
1403636704863555584.000000 1.697539806 5.304816246 5.165739536 -0.327083409 0.070363037 0.158050314 0.929024041
1403636704913555456.000000 1.698506355 5.329149246 5.181543827 0.325666338 -0.067821652 -0.158978090 -0.929552436
1403636704963555584.000000 1.701000452 5.360800743 5.202472210 -0.324959040 0.064804219 0.159093738 0.929995358
1403636705013555456.000000 1.702697754 5.386962414 5.221481323 -0.324559778 0.062714607 0.158705816 0.930344164
1403636705063555584.000000 1.705355644 5.414192200 5.242386341 -0.324862212 0.061779819 0.156853899 0.930615246
1403636705113555456.000000 1.709125280 5.443094254 5.265842915 0.325311840 -0.066299461 -0.154829189 -0.930486202
1403636705163555584.000000 1.714152813 5.472962379 5.288618565 -0.326442957 0.074444070 0.151204720 0.930069983
1403636705213555456.000000 1.721311450 5.502586842 5.313749313 -0.327976704 0.082729906 0.146947742 0.929512441
1403636705263555584.000000 1.730512381 5.532437801 5.339301586 -0.329119325 0.089172058 0.143325582 0.929078341
1403636705313555456.000000 1.741543412 5.561658382 5.364949226 0.329626620 -0.093467966 -0.141595244 -0.928741515
1403636705363555584.000000 1.751694441 5.588757992 5.386969566 -0.329909831 0.096517839 0.140589103 0.928481877
1403636705413555456.000000 1.764893770 5.617265701 5.412730694 -0.329528600 0.094920218 0.141238227 0.928683460
1403636705463555584.000000 1.778655171 5.645440102 5.438885689 -0.329089522 0.092949882 0.142737597 0.928809166
1403636705513555456.000000 1.791943550 5.674046040 5.466390610 0.328665018 -0.089292608 -0.144470319 -0.929050326
1403636705563555584.000000 1.805619717 5.705909729 5.493564606 -0.328263521 0.085851483 0.145252436 0.929394662
1403636705613555456.000000 1.817588806 5.733856678 5.523878574 -0.327915847 0.084673122 0.146501482 0.929429412
1403636705663555584.000000 1.828684330 5.761961937 5.555675030 -0.328168184 0.083187565 0.146934941 0.929406106
1403636705713555456.000000 1.840301275 5.791025162 5.588261604 0.328397036 -0.085296117 -0.146742329 -0.929164529
1403636705763555584.000000 1.850282192 5.818605423 5.620212555 -0.328467369 0.088350013 0.147028312 0.928809047
1403636705813555456.000000 1.862104893 5.847615719 5.655171394 -0.327743053 0.092402294 0.148026034 0.928512096
1403636705863555584.000000 1.875182390 5.876825333 5.690091133 -0.327225268 0.097317874 0.148503095 0.928116202
1403636705913555456.000000 1.889451265 5.905959606 5.723857880 0.325673878 -0.102893628 -0.151156098 -0.927632093
1403636705963555584.000000 1.904212594 5.933097363 5.754691124 -0.323709637 0.108133778 0.154321596 0.927202284
1403636706013555456.000000 1.922213912 5.962085724 5.786426067 -0.320400268 0.113512993 0.159309134 0.926865220
1403636706063555584.000000 1.941168547 5.990746975 5.816225529 -0.316837490 0.117792249 0.164590001 0.926633239
1403636706113555456.000000 1.961529255 6.020730972 5.844720840 0.314424098 -0.122473948 -0.168110937 -0.926216185
1403636706163555584.000000 1.976320982 6.048736095 5.870712280 -0.315040737 0.123459779 0.165336177 0.926375210
1403636706213555456.000000 1.992899656 6.079740524 5.898241043 -0.317320436 0.121992663 0.159224302 0.926862001
1403636706263555584.000000 2.007001638 6.110884190 5.926259041 -0.319104820 0.119160980 0.154308572 0.927449048
1403636706313555456.000000 2.018628597 6.141062737 5.953346729 0.321642041 -0.115326449 -0.147708863 -0.928131700
1403636706363555584.000000 2.024436474 6.169412613 5.981843472 -0.322958738 0.111091062 0.143537536 0.928845286
1403636706413555456.000000 2.033062220 6.199324608 6.010832787 -0.324251324 0.107396446 0.139883205 0.929386854
1403636706463555584.000000 2.041457653 6.228701115 6.040017128 -0.324884117 0.103668816 0.137528747 0.929940283
1403636706513555456.000000 2.050601721 6.257151127 6.069279671 0.325495124 -0.101336747 -0.135746002 -0.930245638
1403636706563555584.000000 2.057358742 6.283917904 6.096053123 -0.326072872 0.099047258 0.135106087 0.930382967
1403636706613555456.000000 2.070254087 6.311136723 6.123386383 -0.325790793 0.098122962 0.135184035 0.930568397
1403636706663555584.000000 2.084102869 6.337874413 6.150493622 -0.326272696 0.096516706 0.135121033 0.930576682
1403636706713555456.000000 2.099490881 6.365129471 6.177141190 0.326232731 -0.094236717 -0.135717019 -0.930737674
1403636706763555584.000000 2.114652395 6.390342712 6.203164577 -0.325623363 0.092104621 0.138116464 0.930811524
1403636706813555456.000000 2.134034395 6.416526794 6.229646206 -0.325991988 0.089105226 0.138947204 0.930850804
1403636706863555584.000000 2.154359341 6.442406654 6.256276608 -0.326516479 0.087196864 0.140036672 0.930684447
1403636706913555456.000000 2.174583912 6.467260838 6.282945633 0.326882839 -0.087002203 -0.141548410 -0.930345297
1403636706963555584.000000 2.196285486 6.494387627 6.308672905 -0.328127384 0.086824529 0.141801566 0.929885149
1403636707013555456.000000 2.219963789 6.519902706 6.336396694 -0.329256922 0.089534193 0.141864970 0.929218948
1403636707063555584.000000 2.243975639 6.545089722 6.364560604 -0.330942929 0.091913886 0.140861899 0.928540051
1403636707113555456.000000 2.268141508 6.570111752 6.393168449 -0.332368255 0.094218023 0.140832096 0.927804172
1403636707163555584.000000 2.291742325 6.594103813 6.421249866 0.333762020 -0.094565623 -0.141307622 -0.927196085
1403636707213555456.000000 2.314764977 6.619215012 6.449030876 -0.335334271 0.094042376 0.142038479 0.926570058
1403636707263555584.000000 2.340382338 6.643120766 6.478130817 -0.336878777 0.093478009 0.142446920 0.926004052
1403636707313555456.000000 2.367678165 6.666436195 6.506793976 -0.338548899 0.091994770 0.142326057 0.925562024
1403636707363555584.000000 2.396652937 6.688779354 6.534790039 0.339650273 -0.091236457 -0.142925948 -0.925141037
1403636707413555456.000000 2.427280903 6.712804317 6.561305523 -0.340215862 0.090461858 0.143969625 0.924847305
1403636707463555584.000000 2.461253166 6.734844685 6.589067459 -0.340964496 0.089326866 0.143823579 0.924704671
1403636707513555456.000000 2.496804714 6.756036758 6.616258621 -0.340883285 0.089436360 0.145328775 0.924488664
1403636707563555584.000000 2.534545183 6.777690411 6.644077778 0.340608805 -0.089825511 -0.146906048 -0.924302816
1403636707613555456.000000 2.570092201 6.799448490 6.669081688 -0.339736968 0.089177519 0.149650961 0.924246073
1403636707663555584.000000 2.605700970 6.820412636 6.699171066 -0.336550862 0.090265311 0.156262293 0.924212039
1403636707713555456.000000 2.639064789 6.841869831 6.730787277 -0.334587812 0.091035046 0.160050020 0.924201131
1403636707763555584.000000 2.668987751 6.864177704 6.763687134 0.332424730 -0.091510125 -0.163501486 -0.924330592
1403636707813555456.000000 2.697702885 6.887073040 6.796139717 -0.331677288 0.092899315 0.164992169 0.924195588
1403636707863555584.000000 2.723841906 6.910554886 6.832873344 -0.330855459 0.094683558 0.165091529 0.924291372
1403636707913555456.000000 2.747429848 6.934640408 6.870798588 -0.330148429 0.097007811 0.164646268 0.924382627
1403636707963555584.000000 2.769622803 6.959841251 6.909810543 0.329755276 -0.098255828 -0.162852556 -0.924708843
1403636708013555456.000000 2.788568497 6.985557079 6.948555946 -0.329496235 0.099308930 0.160517022 0.925096929
1403636708063555584.000000 2.806847811 7.011441708 6.990292072 -0.329554290 0.099977799 0.157508940 0.925521135
1403636708113555456.000000 2.824226379 7.037642479 7.032685757 -0.329558790 0.101245128 0.154202983 0.925938427
1403636708163555584.000000 2.839795828 7.063377380 7.075699806 0.329579383 -0.102315344 -0.151186123 -0.926310897
1403636708213555456.000000 2.861133099 7.091835022 7.115820885 -0.328121692 0.103674836 0.151726574 0.926588833
1403636708263555584.000000 2.874870062 7.117619038 7.159994125 -0.326322764 0.106543578 0.153506324 0.926605523
1403636708313555456.000000 2.887650967 7.143437862 7.204258919 -0.323505759 0.111310169 0.157723099 0.926324785
1403636708363555584.000000 2.899522781 7.169765949 7.248354435 0.319563836 -0.116169870 -0.164242804 -0.925963163
1403636708413555456.000000 2.912125587 7.195596218 7.287324429 -0.316694885 0.120163068 0.169033721 0.925577044
1403636708463555584.000000 2.925544739 7.223340034 7.328243256 -0.314578265 0.123452522 0.172414422 0.925242245
1403636708513555456.000000 2.940516949 7.252561092 7.367121220 -0.314003021 0.125265494 0.173554331 0.924980879
1403636708563555584.000000 2.956394196 7.283269882 7.403672218 0.314435989 -0.126544461 -0.172228843 -0.924907446
1403636708613555456.000000 2.978248835 7.309145451 7.429413795 -0.317022383 0.125660449 0.168208644 0.924884915
1403636708663555584.000000 2.993245840 7.340746403 7.462566376 -0.320653111 0.122734703 0.162061840 0.925123692
1403636708713555456.000000 3.007304192 7.372525215 7.495109558 -0.325255245 0.121459819 0.154421866 0.924992144
1403636708763555584.000000 3.019417763 7.404471397 7.526670933 0.329509646 -0.118871711 -0.147304535 -0.924983442
1403636708813555456.000000 3.033701420 7.430407047 7.554421902 -0.333710700 0.117965162 0.140686214 0.924623609
1403636708863555584.000000 3.042875767 7.460237980 7.586986542 -0.336273968 0.116534188 0.138255283 0.924243033
1403636708913555456.000000 3.052248001 7.489015102 7.618993759 -0.339090884 0.117526382 0.136072099 0.923411787
1403636708963555584.000000 3.062599182 7.515522957 7.649842262 0.342110068 -0.117853992 -0.134366199 -0.922505796
1403636709013555456.000000 3.076974392 7.540275097 7.677244186 -0.343595058 0.120355658 0.134387672 0.921627402
1403636709063555584.000000 3.089546680 7.563818455 7.705567360 -0.346763045 0.121303409 0.131852612 0.920682192
1403636709113555456.000000 3.103014469 7.585405350 7.732978821 -0.348187864 0.122497678 0.132508442 0.919891953
1403636709163555584.000000 3.117492676 7.604299068 7.758323669 0.350108534 -0.121000871 -0.132558331 -0.919353664
1403636709213555456.000000 3.139864206 7.622981548 7.781449795 -0.350705564 0.118258275 0.134891257 0.919143617
1403636709263555584.000000 3.156251192 7.638862610 7.805278301 -0.351613313 0.114272624 0.135596544 0.919197202
1403636709313555456.000000 3.173603773 7.653086185 7.828499317 -0.351579666 0.111028291 0.137393564 0.919340849
1403636709363555584.000000 3.191182137 7.665383339 7.851665497 0.351237446 -0.108037643 -0.139140695 -0.919565141
1403636709413555456.000000 3.210242748 7.678386688 7.873116493 -0.352225035 0.105596818 0.137714133 0.919685602
1403636709463555584.000000 3.225013256 7.688583374 7.898275375 -0.351748049 0.105206773 0.138763592 0.919755161
1403636709513555456.000000 3.238068104 7.697750092 7.924664497 -0.352339357 0.103561096 0.137838349 0.919854760
1403636709563555584.000000 3.249976873 7.705538273 7.951939583 0.351863861 -0.102603376 -0.138467953 -0.920049548
1403636709613555456.000000 3.265845776 7.718729496 7.980914116 -0.351615071 0.100809090 0.138765454 0.920298100
1403636709663555584.000000 3.275707960 7.724632263 8.010433197 -0.351250589 0.099908210 0.138827339 0.920526147
1403636709713555456.000000 3.285543919 7.729648590 8.040551186 -0.350926936 0.099275559 0.138109460 0.920826018
1403636709763555584.000000 3.295928955 7.733534813 8.070952415 0.349485070 -0.099161297 -0.138880298 -0.921270609
1403636709813555456.000000 3.316260338 7.749561310 8.105871201 -0.349237084 0.099224098 0.137264386 0.921600044
1403636709863555584.000000 3.327997923 7.751041889 8.136356354 -0.348108262 0.100062959 0.137952238 0.921833634
1403636709913555456.000000 3.341770172 7.751790047 8.166173935 -0.348071009 0.100421019 0.136702344 0.921994984
1403636709963555584.000000 3.358803749 7.752883911 8.195540428 0.347326636 -0.100985229 -0.135791212 -0.922348619
1403636710013555456.000000 3.380502701 7.760696888 8.226986885 -0.346088409 0.101430736 0.136136428 0.922714233
1403636710063555584.000000 3.398579597 7.758429050 8.255140305 -0.345529377 0.102101222 0.135436803 0.922952771
1403636710113555456.000000 3.416668177 7.755235672 8.283820152 -0.344722390 0.103051379 0.134608835 0.923269987
1403636710163555584.000000 3.434544563 7.753128052 8.313602448 0.343810588 -0.103289865 -0.133565351 -0.923734725
1403636710213555456.000000 3.455371380 7.761190414 8.353017807 -0.342874199 0.103972189 0.132588387 0.924146891
1403636710263555584.000000 3.468920946 7.756002426 8.385787964 -0.340881735 0.105273455 0.133397952 0.924620032
1403636710313555456.000000 3.480772972 7.749754429 8.419725418 -0.336976618 0.108995311 0.137750521 0.924982011
1403636710363555584.000000 3.492028952 7.745155811 8.456348419 0.331386715 -0.112197131 -0.143800393 -0.925697684
1403636710413555456.000000 3.504178762 7.744204521 8.496160507 -0.325106621 0.115146615 0.148315623 0.926849186
1403636710463555584.000000 3.512796402 7.736908913 8.532481194 -0.318080217 0.117018387 0.151842043 0.928480327
1403636710513555456.000000 3.520588875 7.729651451 8.568970680 -0.310419142 0.119095661 0.154167593 0.930423915
1403636710563555584.000000 3.527550697 7.723424911 8.605405807 0.303327382 -0.120339930 -0.154594854 -0.932529509
1403636710613555456.000000 3.536891460 7.725931168 8.648944855 -0.297018409 0.121744327 0.153615326 0.934537709
1403636710663555584.000000 3.541576385 7.720292091 8.684418678 -0.290221334 0.122552395 0.151222289 0.936954856
1403636710713555456.000000 3.545551300 7.715349197 8.719194412 -0.283991754 0.123227783 0.146543846 0.939515114
1403636710763555584.000000 3.550947428 7.712542057 8.753257751 0.276980460 -0.123690888 -0.141438857 -0.942325592
1403636710813555456.000000 3.554850578 7.712409973 8.790634155 -0.271392941 0.123032235 0.132177442 0.945377231
1403636710863555584.000000 3.561577559 7.709003448 8.820569038 -0.265024245 0.121238671 0.122826554 0.948671162
1403636710913555456.000000 3.569357872 7.705711365 8.849206924 -0.258447200 0.119351611 0.113989189 0.951822817
1403636710963555584.000000 3.578810692 7.704840660 8.877073288 0.252478004 -0.118471846 -0.105559275 -0.954503357
1403636711013555456.000000 3.586814404 7.701907635 8.907195091 -0.248244599 0.115089938 0.095828995 0.957050562
1403636711063555584.000000 3.598145723 7.698564053 8.931756973 -0.243213490 0.114870600 0.090951450 0.958842933
1403636711113555456.000000 3.610388279 7.694753170 8.955475807 -0.240153268 0.113932937 0.084680796 0.960299373
1403636711163555584.000000 3.622754097 7.690527439 8.979462624 0.237337768 -0.114550389 -0.080612145 -0.961275578
1403636711213555456.000000 3.631993055 7.681704521 9.006433487 -0.235121787 0.114773311 0.077789061 0.962025881
1403636711263555584.000000 3.644488811 7.674941063 9.028753281 -0.233333111 0.115045056 0.075918794 0.962578177
1403636711313555456.000000 3.657543898 7.666783333 9.050340652 -0.230553895 0.116856955 0.076984949 0.962944806
1403636711363555584.000000 3.669654131 7.657061577 9.071886063 0.228666186 -0.118952267 -0.078483723 -0.963017404
1403636711413555456.000000 3.683381081 7.645209789 9.092714310 -0.227318510 0.124644689 0.079803482 0.962507904
1403636711463555584.000000 3.698516369 7.633821487 9.111013412 -0.226637378 0.132322520 0.080453351 0.961589158
1403636711513555456.000000 3.713123798 7.621581554 9.128371239 -0.226906687 0.138953894 0.080325514 0.960600317
1403636711563555584.000000 3.727881193 7.608712196 9.146356583 0.229082361 -0.143700436 -0.077807359 -0.959592402
1403636711613555456.000000 3.741170168 7.591739178 9.161409378 -0.231117651 0.146175355 0.076015621 0.958873868
1403636711663555584.000000 3.754543781 7.576134205 9.176663399 -0.233025685 0.146975309 0.074570134 0.958403170
1403636711713555456.000000 3.767251968 7.559070587 9.190637589 -0.235245183 0.145438164 0.073090591 0.958209455
1403636711763555584.000000 3.779156685 7.540033817 9.203321457 0.236346558 -0.144484922 -0.073840573 -0.958025038
1403636711813555456.000000 3.789662361 7.518094540 9.212940216 -0.236198202 0.142453164 0.076797478 0.958133459
1403636711863555584.000000 3.800515890 7.496274471 9.223377228 -0.234823748 0.139659151 0.081675187 0.958479226
1403636711913555456.000000 3.811342239 7.473165989 9.232534409 -0.232622653 0.136647791 0.088209994 0.958870709
1403636711963555584.000000 3.821844816 7.448989868 9.239872932 0.230416059 -0.134042218 -0.094693348 -0.959152937
1403636712013555456.000000 3.831765175 7.421221733 9.240400314 -0.227939993 0.132467195 0.101680197 0.959248126
1403636712063555584.000000 3.843276978 7.396718979 9.244574547 -0.225480393 0.131639838 0.107815698 0.959273338
1403636712113555456.000000 3.855453253 7.372641087 9.247071266 -0.224146411 0.132255435 0.111197270 0.959115267
1403636712163555584.000000 3.867923737 7.348988056 9.247520447 0.223231763 -0.133260489 -0.112228528 -0.959069371
1403636712213555456.000000 3.880929232 7.323736191 9.243897438 -0.222982809 0.132471174 0.107219756 0.959809422
1403636712263555584.000000 3.894361019 7.300559044 9.241876602 -0.221586734 0.131267980 0.099773951 0.961100042
1403636712313555456.000000 3.908660412 7.277158737 9.238515854 -0.218848914 0.131380126 0.091303915 0.962552965
1403636712363555584.000000 3.923125267 7.253094196 9.233277321 0.215036929 -0.130827859 -0.082763262 -0.964257956
1403636712413555456.000000 3.937789917 7.228623390 9.227246284 0.210958987 -0.130988657 -0.076124176 -0.965682924
1403636712463555584.000000 3.955318689 7.203530788 9.218722343 -0.206665710 0.131864190 0.069790319 0.966969788
1403636712513555456.000000 3.970857859 7.177366734 9.210024834 -0.201851487 0.132500246 0.065163851 0.968221843
1403636712563555584.000000 3.986266613 7.150092602 9.200196266 -0.197002977 0.133581564 0.062300682 0.969259799
1403636712613555456.000000 4.001201630 7.122151852 9.189669609 0.191911921 -0.136509016 -0.060301654 -0.969999433
1403636712663555584.000000 4.011244774 7.089352608 9.176993370 -0.186835513 0.140622109 0.060092330 0.970415831
1403636712713555456.000000 4.021759033 7.059799194 9.166193008 -0.182345584 0.144017890 0.059796251 0.970790088
1403636712763555584.000000 4.030175686 7.029615879 9.155272484 -0.178189561 0.145553216 0.059554629 0.971347570
1403636712813555456.000000 4.035716057 6.998316765 9.143065453 0.175144061 -0.145142391 -0.059482850 -0.971967101
1403636712863555584.000000 4.039947987 6.968286514 9.133007050 -0.172940984 0.143019944 0.059643313 0.972666144
1403636712913555456.000000 4.042078495 6.936541557 9.120006561 -0.171324357 0.140688658 0.059705969 0.973288238
1403636712963555584.000000 4.041970730 6.904302597 9.106363297 -0.170620248 0.137476102 0.059244599 0.973898947
1403636713013555456.000000 4.041001320 6.871703148 9.092207909 0.171138123 -0.135226324 -0.057483185 -0.974228621
1403636713063555584.000000 4.040130138 6.838637352 9.076510429 0.170269579 -0.135773629 -0.058322996 -0.974254727
1403636713113555456.000000 4.039520264 6.806690216 9.060533524 -0.168381318 0.136309490 0.059784926 0.974419534
1403636713163555584.000000 4.039237976 6.772192955 9.040743828 -0.166998431 0.135207057 0.060619000 0.974759519
1403636713213555456.000000 4.040128231 6.737440109 9.018821716 -0.166101277 0.133826688 0.062022839 0.975014865
1403636713263555584.000000 4.042158604 6.702581406 8.994858742 0.165375471 -0.131332934 -0.062932521 -0.975418985
1403636713313555456.000000 4.044871330 6.671365738 8.975849152 -0.165711820 0.129996359 0.062821433 0.975548089
1403636713363555584.000000 4.049763680 6.636647224 8.949195862 -0.165647477 0.127807736 0.063393936 0.975811124
1403636713413555456.000000 4.056556225 6.602004528 8.921803474 -0.164831266 0.127612934 0.065584585 0.975830078
1403636713463555584.000000 4.063683510 6.567821503 8.894533157 0.164458841 -0.127109200 -0.067258559 -0.975844741
1403636713513555456.000000 4.069589615 6.535912991 8.866749763 -0.163824603 0.126425400 0.069589712 0.975876749
1403636713563555584.000000 4.076025009 6.501726627 8.837149620 -0.163141891 0.126590222 0.072206043 0.975779712
1403636713613555456.000000 4.080730438 6.467963696 8.807879448 -0.162229478 0.124918438 0.076184131 0.975844800
1403636713663555584.000000 4.084120750 6.435172081 8.779020309 0.161555335 -0.123528875 -0.079374306 -0.975879252
1403636713713555456.000000 4.085100651 6.404343128 8.752127647 -0.160853267 0.122809231 0.082789570 0.975802302
1403636713763555584.000000 4.085255623 6.372982502 8.724088669 -0.160510540 0.122129753 0.086073972 0.975659788
1403636713813555456.000000 4.083983421 6.342839718 8.696399689 -0.160342589 0.121389426 0.088348642 0.975576460
1403636713863555584.000000 4.081406593 6.315080166 8.669616699 0.161158547 -0.121254764 -0.088921547 -0.975406706
1403636713913555456.000000 4.076056480 6.286566734 8.642885208 -0.163098752 0.120366573 0.087705694 0.975304306
1403636713963555584.000000 4.071051598 6.260396957 8.616065979 -0.164975926 0.119583696 0.086007223 0.975236118
1403636714013555456.000000 4.064477921 6.235070229 8.589704514 -0.166720271 0.118191466 0.085157983 0.975183725
1403636714063555584.000000 4.056723118 6.210842609 8.563671112 0.170244545 -0.118153416 -0.080910943 -0.974941015
1403636714113555456.000000 4.046713829 6.184847832 8.540136337 -0.172044069 0.117596902 0.080507234 0.974725842
1403636714163555584.000000 4.036890984 6.161650181 8.514800072 -0.173850909 0.117427506 0.079602569 0.974499941
1403636714213555456.000000 4.026193619 6.138888359 8.489596367 -0.174930260 0.118902721 0.079864249 0.974106371
1403636714263555584.000000 4.014328957 6.116331100 8.465114594 0.174830407 -0.120388374 -0.082314931 -0.973737776
1403636714313555456.000000 4.001946926 6.093274593 8.441050529 -0.174761310 0.121068351 0.084830381 0.973450005
1403636714363555584.000000 3.988150597 6.072115421 8.416852951 -0.175274506 0.120149955 0.086126991 0.973357618
1403636714413555456.000000 3.973111868 6.051661968 8.393095970 -0.175921753 0.116490208 0.086747259 0.973630607
1403636714463555584.000000 3.957030535 6.031441689 8.369560242 0.174943537 -0.111929685 -0.087134972 -0.974307001
1403636714513555456.000000 3.941593647 6.010244846 8.346338272 -0.172662854 0.107392743 0.086783305 0.975255370
1403636714563555584.000000 3.924567223 5.991316795 8.324324608 -0.168312937 0.103595987 0.086744979 0.976429224
1403636714613555456.000000 3.907515526 5.973133087 8.303391457 -0.162847906 0.100092359 0.084864423 0.977885604
1403636714663555584.000000 3.891663790 5.955330849 8.283036232 0.156851918 -0.097674124 -0.080880553 -0.979446650
1403636714713555456.000000 3.877218723 5.938175678 8.264157295 -0.149233684 0.095759250 0.076703250 0.981160641
1403636714763555584.000000 3.864436865 5.922395229 8.243598938 -0.140633360 0.094129123 0.070763938 0.983033359
1403636714813555456.000000 3.854073524 5.907317162 8.222763062 -0.131446570 0.093631841 0.062537141 0.984908104
1403636714863555584.000000 3.844726086 5.893114090 8.201069832 0.121651463 -0.093582943 -0.053317297 -0.986711979
1403636714913555456.000000 3.840287209 5.877749920 8.180515289 -0.111237645 0.093114965 0.045175869 0.988390148
1403636714963555584.000000 3.836054087 5.863981724 8.159311295 -0.100015640 0.092054144 0.038181890 0.989982367
1403636715013555456.000000 3.833944798 5.850683689 8.137845039 -0.090135649 0.091488399 0.031473000 0.991218925
1403636715063555584.000000 3.833806038 5.837963104 8.115895271 0.080977663 -0.090634324 -0.025526922 -0.992258251
1403636715113555456.000000 3.835025072 5.825442791 8.093945503 0.073891930 -0.089211509 -0.019270269 -0.993081033
1403636715163555584.000000 3.837587357 5.813115597 8.072537422 0.067004435 -0.088647664 -0.015999751 -0.993678093
1403636715213555456.000000 3.840914011 5.800968170 8.051933289 0.062107038 -0.088410720 -0.012332757 -0.994069576
1403636715263555584.000000 3.843920708 5.789093494 8.033010483 0.057404306 -0.089417584 -0.010762418 -0.994280398
1403636715313555456.000000 3.846035719 5.777375698 8.016000748 0.053263485 -0.091579258 -0.010585750 -0.994316041
1403636715363555584.000000 3.847462654 5.765802860 8.001030922 0.050420020 -0.093285903 -0.009903952 -0.994312584
1403636715413555456.000000 3.852207422 5.751051426 7.986464024 -0.047105677 0.097089142 0.012804876 0.994077861
1403636715463555584.000000 3.851596355 5.739917755 7.975283146 -0.044482604 0.100771084 0.015404899 0.993795395
1403636715513555456.000000 3.849566936 5.729182243 7.965363026 -0.040956140 0.104369193 0.020744763 0.993478417
1403636715563555584.000000 3.846084595 5.719458580 7.956763268 -0.036984861 0.107234739 0.028086934 0.993148506
1403636715613555456.000000 3.838399172 5.712540627 7.948915958 0.035474684 -0.107892424 -0.030939933 -0.993047655
1403636715663555584.000000 3.832170725 5.705989361 7.941699505 0.036269587 -0.112114474 -0.030299870 -0.992570817
1403636715713555456.000000 3.825699329 5.700840473 7.934647560 0.039025184 -0.118319891 -0.026130196 -0.991864264
1403636715763555584.000000 3.817359686 5.690047264 7.928383827 -0.042591214 0.123470679 0.021783013 0.991194487
1403636715813555456.000000 3.810747385 5.686270714 7.920262337 -0.045701567 0.128153265 0.018002046 0.990537286
1403636715863555584.000000 3.805612803 5.682712078 7.910933495 -0.047735255 0.132518739 0.015603567 0.989907444
1403636715913555456.000000 3.801628351 5.679285049 7.899139404 -0.050515950 0.136573330 0.012339178 0.989264190
1403636715963555584.000000 3.798469543 5.675878048 7.885512352 0.052284483 -0.139092952 -0.011820916 -0.988827527
1403636716013555456.000000 3.794670582 5.672131062 7.869900703 0.053392708 -0.140368879 -0.011851710 -0.988587618
1403636716063555584.000000 3.791160583 5.668242931 7.853152275 0.054693539 -0.139830381 -0.012222992 -0.988588274
1403636716113555456.000000 3.787899494 5.664062023 7.834433079 0.054940540 -0.138595253 -0.014634825 -0.988715708
1403636716163555584.000000 3.784463882 5.659758091 7.814060211 0.055497620 -0.133574992 -0.016998492 -0.989337564
1403636716213555456.000000 3.772985697 5.652728081 7.797227859 -0.056242775 0.127390102 0.019989951 0.990055025
1403636716263555584.000000 3.768969536 5.648265839 7.774369240 -0.057788216 0.123331353 0.021381933 0.990450799
1403636716313555456.000000 3.763444424 5.644063950 7.751716614 -0.059133019 0.119539946 0.022723526 0.990806341
1403636716363555584.000000 3.756330967 5.640226364 7.729907036 -0.060500301 0.116826445 0.024100093 0.991014957
1403636716413555456.000000 3.749612331 5.636305809 7.706571102 0.061861187 -0.116468057 -0.024788013 -0.990956068
1403636716463555584.000000 3.739954233 5.632880688 7.685799122 0.063261427 -0.115293801 -0.025012514 -0.990999341
1403636716513555456.000000 3.729218483 5.629602909 7.666040421 0.064585932 -0.115582749 -0.025498725 -0.990867853
1403636716563555584.000000 3.712721586 5.630064964 7.652714252 -0.065482184 0.116410166 0.023416627 0.990763545
1403636716613555456.000000 3.699121237 5.626629829 7.634854794 -0.064671859 0.116114810 0.021521604 0.990894496
1403636716663555584.000000 3.684180021 5.622964382 7.617650986 -0.061963342 0.116570450 0.019518575 0.991055489
1403636716713555456.000000 3.667814970 5.618683338 7.601381779 0.057966769 -0.116604470 -0.016866913 -0.991341949
1403636716763555584.000000 3.649784327 5.617761135 7.586995602 -0.052847568 0.117170908 0.014760172 0.991594851
1403636716813555456.000000 3.631520987 5.613266945 7.570815563 -0.046217509 0.117078789 0.011863983 0.991975725
1403636716863555584.000000 3.613500595 5.608605862 7.554402351 -0.038556810 0.116581783 0.008770907 0.992393672
1403636716913555456.000000 3.596292973 5.603727818 7.537070751 -0.029541405 0.116207726 0.004977024 0.992773056
1403636716963555584.000000 3.579154968 5.599657059 7.518503189 0.019419840 -0.114875108 0.000723605 -0.993189871
1403636717013555456.000000 3.563553333 5.594159126 7.502513409 -0.009191605 0.114865683 -0.005960354 0.993320704
1403636717063555584.000000 3.550334930 5.589425564 7.482143879 0.001423520 0.113834105 -0.011844632 0.993428171
1403636717113555456.000000 3.538453341 5.584733009 7.460804939 0.011570465 0.113545246 -0.017405437 0.993312955
1403636717163555584.000000 3.528068304 5.580451965 7.438960075 0.019456873 0.113165714 -0.022944367 0.993120611
1403636717213555456.000000 3.518924236 5.576516151 7.417120934 -0.026692757 -0.112798505 0.027880270 -0.992868006
1403636717263555584.000000 3.511820793 5.574611187 7.396230221 0.031541884 0.112587318 -0.033900805 0.992562413
1403636717313555456.000000 3.502199411 5.571103573 7.373458862 0.034349743 0.112034097 -0.040982772 0.992264569
1403636717363555584.000000 3.492931366 5.567466259 7.350352287 0.035388898 0.112703718 -0.049085025 0.991784394
1403636717413555456.000000 3.483238459 5.563327312 7.327362061 0.036157366 0.113264196 -0.055886082 0.991332769
1403636717463555584.000000 3.472523928 5.559745312 7.304780483 -0.037359953 -0.113774411 0.060123757 -0.990981758
1403636717513555456.000000 3.462528706 5.555020332 7.283839226 0.038622156 0.113481030 -0.061432738 0.990886748
1403636717563555584.000000 3.448632002 5.548119545 7.262668133 0.040798768 0.113914125 -0.059990186 0.990838230
1403636717613555456.000000 3.432844639 5.540180206 7.242613316 0.043182198 0.113255985 -0.056849770 0.990997791
1403636717663555584.000000 3.415677309 5.531480312 7.223236084 0.044099379 0.113956720 -0.055349823 0.990961969
1403636717713555456.000000 3.396774769 5.522541523 7.204570770 -0.044810586 -0.114539705 0.053795528 -0.990948439
1403636717763555584.000000 3.382269382 5.511446953 7.187786102 0.044190705 0.114112966 -0.056962334 0.990848541
1403636717813555456.000000 3.361956835 5.499940395 7.169421196 0.045638122 0.113707855 -0.058875624 0.990717590
1403636717863555584.000000 3.342488766 5.487003326 7.150347233 0.048201907 0.113152958 -0.062387172 0.990444779
1403636717913555456.000000 3.324405670 5.472511292 7.130385876 0.052289817 0.112933330 -0.066068843 0.990023613
1403636717963555584.000000 3.308009624 5.456497192 7.109085560 -0.057040252 -0.112959631 0.070407651 -0.989459157
1403636718013555456.000000 3.296168804 5.438444138 7.089128494 0.063933410 0.113084719 -0.074004404 0.988760769
1403636718063555584.000000 3.282273293 5.419019699 7.065312386 0.071954936 0.112560280 -0.077155992 0.988028228
1403636718113555456.000000 3.269487143 5.398060799 7.040402412 0.082556814 0.112424202 -0.077867888 0.987158477
1403636718163555584.000000 3.256879568 5.376012802 7.015811443 0.093288980 0.111387290 -0.078499377 0.986269712
1403636718213555456.000000 3.243947268 5.351955891 6.991645813 -0.103030168 -0.110413745 0.079113424 -0.985360205
1403636718263555584.000000 3.228869915 5.330966473 6.971832275 0.111473560 0.109292135 -0.079775490 0.984512448
1403636718313555456.000000 3.211341858 5.307964802 6.949138641 0.119304895 0.107977539 -0.079810932 0.983736455
1403636718363555584.000000 3.192273617 5.284532547 6.927227974 0.127017364 0.107278295 -0.081197761 0.982733369
1403636718413555456.000000 3.171862841 5.260662079 6.906286716 0.135015830 0.105644673 -0.082413681 0.981742263
1403636718463555584.000000 3.150587082 5.236900806 6.886713028 -0.143952832 -0.104717195 0.082795613 -0.980539024
1403636718513555456.000000 3.127868414 5.212883472 6.870977402 0.152467698 0.104392126 -0.084646165 0.979127645
1403636718563555584.000000 3.104711771 5.189105511 6.852601051 0.160505205 0.103475764 -0.084580511 0.977945328
1403636718613555456.000000 3.081134558 5.165527821 6.835180759 0.167901173 0.101995908 -0.084208846 0.976890504
1403636718663555584.000000 3.057087421 5.142441273 6.819272518 -0.175637946 -0.100261629 0.081679948 -0.975923836
1403636718713555456.000000 3.030549288 5.121239185 6.806542873 0.182038188 0.098185159 -0.080422632 0.975066185
1403636718763555584.000000 3.006259680 5.100393295 6.792599201 0.186721027 0.098103538 -0.080993198 0.974141181
1403636718813555456.000000 2.981928349 5.080934525 6.779564857 0.188663870 0.098145418 -0.085379407 0.973387778
1403636718863555584.000000 2.959543705 5.062553883 6.767005444 -0.188943967 -0.099059030 0.091991760 -0.972638190
1403636718913555456.000000 2.938127279 5.044705391 6.757864475 0.188946903 0.100500092 -0.097510964 0.971951902
1403636718963555584.000000 2.918496370 5.027619362 6.744359970 0.188472986 0.102365814 -0.102603309 0.971324742
1403636719013555456.000000 2.901366711 5.010400295 6.730167389 0.188353240 0.103600413 -0.106228225 0.970827281
1403636719063555584.000000 2.886081219 4.993267059 6.716031075 -0.188713297 -0.105925463 0.107976079 -0.970313489
1403636719113555456.000000 2.866816282 4.975379944 6.698476315 0.188761517 0.108676933 -0.109238714 0.969858408
1403636719163555584.000000 2.855323076 4.957862377 6.681688786 0.189352930 0.111945488 -0.108767308 0.969424248
1403636719213555456.000000 2.844783545 4.940355778 6.663894176 0.189772159 0.115078874 -0.107720301 0.969092250
1403636719263555584.000000 2.833440781 4.922726154 6.646079063 -0.189869687 -0.118372411 0.106696151 -0.968789697
1403636719313555456.000000 2.820650816 4.905673027 6.628661156 -0.190821201 -0.120233200 0.103566386 -0.968713224
1403636719363555584.000000 2.799618721 4.888578892 6.609257698 0.190727592 0.122699320 -0.102250166 0.968562245
1403636719413555456.000000 2.783067226 4.872524738 6.592648029 0.190760761 0.123837836 -0.100700021 0.968573213
1403636719463555584.000000 2.764641047 4.857167244 6.576411724 0.190663889 0.124365501 -0.098980442 0.968701959
1403636719513555456.000000 2.744562149 4.842555523 6.560678482 0.190356791 0.124137655 -0.097607151 0.968930840
1403636719563555584.000000 2.721559525 4.828939438 6.543983936 -0.189352319 -0.121482395 0.097293891 -0.969495595
1403636719613555456.000000 2.697886944 4.814065933 6.526916504 0.189024955 0.118574768 -0.095487237 0.970098913
1403636719663555584.000000 2.677661180 4.801298618 6.509287834 0.187327936 0.115095131 -0.095877260 0.970808446
1403636719713555456.000000 2.658915043 4.789047718 6.490050793 0.185788438 0.111556716 -0.095443621 0.971559703
1403636719763555584.000000 2.641947985 4.776945591 6.469068050 -0.184181064 -0.109193064 0.094834842 -0.972193718
1403636719813555456.000000 2.623800755 4.765331268 6.446413040 0.182689250 0.107124932 -0.094045192 0.972781837
1403636719863555584.000000 2.610734940 4.754322052 6.423670769 0.181419194 0.106504850 -0.093026586 0.973185480
1403636719913555456.000000 2.598558426 4.743834496 6.400289536 0.180244014 0.105807707 -0.091965713 0.973580599
1403636719963555584.000000 2.586006880 4.734142303 6.377165318 -0.179190233 -0.104070388 0.091290377 -0.974025846
1403636720013555456.000000 2.573154449 4.724741936 6.354877472 -0.177636966 -0.103837669 0.091387115 -0.974326134
1403636720063555584.000000 2.559478998 4.713880062 6.332233906 0.177325800 0.103146210 -0.090810791 0.974510074
1403636720113555456.000000 2.544588327 4.704821587 6.312715530 0.176562935 0.102801986 -0.091077745 0.974660039
1403636720163555584.000000 2.528017044 4.696192265 6.294541836 0.176100671 0.101637773 -0.091141507 0.974859774
1403636720213555456.000000 2.510545015 4.686946869 6.277638435 -0.176333174 -0.101442486 0.090406187 -0.974906623
1403636720263555584.000000 2.492638588 4.678516388 6.261559963 -0.176470980 -0.101571262 0.090213433 -0.974886119
1403636720313555456.000000 2.474126816 4.670332909 6.246517181 -0.176896513 -0.101530559 0.089496568 -0.974879324
1403636720363555584.000000 2.456181288 4.663586617 6.232499123 0.177098602 0.101748504 -0.089832664 0.974788964
1403636720413555456.000000 2.436453581 4.656256676 6.219120502 0.177804932 0.101636626 -0.089699335 0.974684358
1403636720463555584.000000 2.417104006 4.649335384 6.205967903 0.178692102 0.100989938 -0.089299098 0.974626064
1403636720513555456.000000 2.399118900 4.643019199 6.192240715 0.179345816 0.100451782 -0.089112878 0.974578619
1403636720563555584.000000 2.382287979 4.637144566 6.177396297 -0.180478200 -0.100206725 0.088717796 -0.974430799
1403636720613555456.000000 2.369776726 4.632487297 6.164265156 0.180448696 0.099740461 -0.090059303 0.974361062
1403636720663555584.000000 2.356877804 4.627365112 6.148747921 0.181691572 0.099582225 -0.089625873 0.974186182
1403636720713555456.000000 2.345717907 4.623092651 6.131976604 0.181578204 0.101125062 -0.089568473 0.974053681
1403636720763555584.000000 2.336577892 4.619297504 6.115047932 0.180581778 0.100710675 -0.088348724 0.974393249
1403636720813555456.000000 2.331341743 4.616357803 6.099625587 0.177430257 0.100434683 -0.087302491 0.975094736
1403636720863555584.000000 2.323802710 4.613516331 6.083610058 0.172605634 0.100656956 -0.086642750 0.975996196
1403636720913555456.000000 2.315445185 4.611322880 6.068528175 0.166953176 0.100895122 -0.084148392 0.977172434
1403636720963555584.000000 2.306602240 4.609130859 6.054799080 -0.161068827 -0.102141671 0.081090517 -0.978288412
1403636721013555456.000000 2.296417236 4.609333515 6.046007633 0.156325117 0.103617691 -0.076707006 0.979255795
1403636721063555584.000000 2.284924030 4.608077049 6.034522057 0.150627062 0.105607465 -0.072614126 0.980247855
1403636721113555456.000000 2.272331238 4.607440948 6.024067402 0.144143388 0.106775038 -0.068357877 0.981401563
1403636721163555584.000000 2.259409189 4.607680321 6.014219284 0.136022821 0.109402262 -0.064673394 0.982520461
1403636721213555456.000000 2.246521950 4.608370781 6.004280567 -0.128675431 -0.110780314 0.060423922 -0.983625591
1403636721263555584.000000 2.238441229 4.610679150 5.997554302 0.122256793 0.113679513 -0.056015059 0.984374225
1403636721313555456.000000 2.228645325 4.612318039 5.986001015 0.115936816 0.114033483 -0.053222742 0.985252500
1403636721363555584.000000 2.220264673 4.614849091 5.972755909 0.109869629 0.114575930 -0.050904002 0.986007094
1403636721413555456.000000 2.213719368 4.617786884 5.958198547 0.104737632 0.115754560 -0.049509324 0.986498773
1403636721463555584.000000 2.208803654 4.621366978 5.943089962 -0.100678757 -0.115465991 0.047874499 -0.987035692
1403636721513555456.000000 2.205933094 4.624744892 5.931314468 0.095335700 0.115006231 -0.047040522 0.987659812
1403636721563555584.000000 2.199502707 4.629046440 5.915707588 0.089791454 0.114362866 -0.045308132 0.988334894
1403636721613555456.000000 2.191743851 4.633742332 5.900729179 0.083754055 0.113700509 -0.044410329 0.988981903
1403636721663555584.000000 2.182658195 4.638348579 5.886669159 0.078836925 0.112649649 -0.043498352 0.989546776
1403636721713555456.000000 2.172581196 4.643287182 5.874524117 -0.074996896 -0.113613322 0.043099042 -0.989752531
1403636721763555584.000000 2.160811186 4.648073196 5.861894131 -0.071285054 -0.113284528 0.043808468 -0.990033329
1403636721813555456.000000 2.152778864 4.651975155 5.851581097 0.069305636 0.113631055 -0.043133207 0.990163743
1403636721863555584.000000 2.138527393 4.656569958 5.840100765 0.068390749 0.114232704 -0.042045325 0.990204930
1403636721913555456.000000 2.123860836 4.660815239 5.829205513 0.067559995 0.114461832 -0.042025644 0.990236342
1403636721963555584.000000 2.108918428 4.665033817 5.818594933 0.066223718 0.114921823 -0.044685267 0.990156889
1403636722013555456.000000 2.094357967 4.668704033 5.808877468 -0.064685710 -0.115178525 0.048023891 -0.990072429
1403636722063555584.000000 2.086286783 4.672446251 5.795920372 0.063678719 0.115298659 -0.051085439 0.989970446
1403636722113555456.000000 2.074995041 4.675354481 5.782935619 0.064231046 0.115101099 -0.052093182 0.989905238
1403636722163555584.000000 2.064965010 4.677688599 5.768725872 0.065579064 0.114552677 -0.051014118 0.989936709
1403636722213555456.000000 2.056618452 4.679519176 5.753370762 0.066992156 0.114207737 -0.050198983 0.989923596
1403636722263555584.000000 2.049102545 4.680835247 5.736414909 -0.068484560 -0.113194279 0.049142569 -0.989990890
1403636722313555456.000000 2.041504860 4.681738853 5.720140934 -0.070313059 -0.113402314 0.047838286 -0.989902794
1403636722363555584.000000 2.036161184 4.684519768 5.703343391 0.070997469 0.113220207 -0.046969876 0.989916384
1403636722413555456.000000 2.026469707 4.685850620 5.688241482 0.069654293 0.113045305 -0.046615761 0.990048587
1403636722463555584.000000 2.015775681 4.687309742 5.673759460 0.067448907 0.113716975 -0.045714628 0.990166366
1403636722513555456.000000 2.004232168 4.688818932 5.659862518 0.065411590 0.113988519 -0.044080537 0.990345895
1403636722563555584.000000 1.991308570 4.689466953 5.646008015 -0.063239485 -0.113679931 0.043218225 -0.990560412
1403636722613555456.000000 1.978133917 4.690383434 5.632796288 -0.060917091 -0.113759160 0.043880340 -0.990667760
1403636722663555584.000000 1.964474797 4.691206455 5.619988918 -0.059045054 -0.113480330 0.043751739 -0.990818739
1403636722713555456.000000 1.957909703 4.692492485 5.605804920 0.057428159 0.113847271 -0.043854572 0.990867138
1403636722763555584.000000 1.943758488 4.692720890 5.593332291 0.055657182 0.113557220 -0.044643689 0.990966201
1403636722813555456.000000 1.930593610 4.692674160 5.580303192 0.054543704 0.112899981 -0.045258783 0.991075337
1403636722863555584.000000 1.919323683 4.692037582 5.565603733 0.053498186 0.113113843 -0.045932516 0.991076946
1403636722913555456.000000 1.908789039 4.690334797 5.550820351 -0.053500194 -0.112680838 0.044841200 -0.991176128
1403636722963555584.000000 1.899284720 4.688549995 5.534584045 -0.053979557 -0.112149596 0.043756984 -0.991258860
1403636723013555456.000000 1.890212536 4.686586857 5.516865253 -0.054986317 -0.112580165 0.041970540 -0.991231978
1403636723063555584.000000 1.892781973 4.685716152 5.492892265 0.056206379 0.113103665 -0.039686628 0.991198003
1403636723113555456.000000 1.886072516 4.683357239 5.475093842 0.056707278 0.113365494 -0.038765367 0.991176009
1403636723163555584.000000 1.879132390 4.681200504 5.457589149 0.056656398 0.113638446 -0.038510602 0.991157591
1403636723213555456.000000 1.871276855 4.679018497 5.440670013 0.056680575 0.113566324 -0.037968401 0.991185427
1403636723263555584.000000 1.859634876 4.676232338 5.425591946 -0.055907410 -0.112596989 0.039106362 -0.991295636
1403636723313555456.000000 1.849096537 4.674015999 5.410365582 -0.054393958 -0.113231130 0.041104518 -0.991226792
1403636723363555584.000000 1.837799549 4.671848297 5.395761967 -0.052279048 -0.113599375 0.041292936 -0.991290569
1403636723413555456.000000 1.825869203 4.669851780 5.381523609 -0.048056014 -0.114647351 0.041913021 -0.991357625
1403636723463555584.000000 1.814946175 4.667999268 5.367174149 -0.042586166 -0.117234461 0.042363759 -0.991285980
1403636723513555456.000000 1.804761291 4.665997505 5.352743626 -0.037404083 -0.121525168 0.039653230 -0.991090417
1403636723563555584.000000 1.803160906 4.664319038 5.328291893 0.033774022 0.126892880 -0.034684625 0.990734339
1403636723613555456.000000 1.795500875 4.660933495 5.312040329 0.030324822 0.133297756 -0.030219477 0.990150988
1403636723663555584.000000 1.788863301 4.657303810 5.294342518 0.026665518 0.134482205 -0.026850730 0.990193188
1403636723713555456.000000 1.783281684 4.653181553 5.275267601 0.022962471 0.130947128 -0.025106117 0.990805447
1403636723763555584.000000 1.773045421 4.647670746 5.258083344 -0.019137414 -0.126406103 0.023017762 -0.991526842
1403636723813555456.000000 1.765314698 4.642651081 5.238437653 -0.016730562 -0.121679969 0.020152818 -0.992223740
1403636723863555584.000000 1.756922960 4.637613297 5.218870640 -0.014404566 -0.118232533 0.018065775 -0.992717147
1403636723913555456.000000 1.745311260 4.635317802 5.193941116 0.012583164 0.114548005 -0.015932238 0.993210316
1403636723963555584.000000 1.734501362 4.630376816 5.175692558 0.010759925 0.110289574 -0.013912531 0.993743896
1403636724013555456.000000 1.722849131 4.625806332 5.158225536 0.007622255 0.106199101 -0.012687312 0.994234741
1403636724063555584.000000 1.710552335 4.621769905 5.141506195 0.003410951 0.102869362 -0.010534141 0.994633257
1403636724113555456.000000 1.697865605 4.616259098 5.126733303 0.002238472 -0.099032432 0.008254589 -0.995047450
1403636724163555584.000000 1.684812069 4.612449169 5.112197876 0.009090068 -0.099053055 0.006121628 -0.995021820
1403636724213555456.000000 1.662533879 4.610593796 5.091972351 -0.015903907 0.098425508 -0.001983980 0.995015383
1403636724263555584.000000 1.648649216 4.607404709 5.079795361 -0.024215549 0.098698758 0.001712523 0.994821250
1403636724313555456.000000 1.634860516 4.604304790 5.068395138 -0.033317212 0.100075550 0.004807432 0.994410276
1403636724363555584.000000 1.621394634 4.601397038 5.057660580 -0.042330436 0.102299497 0.008666546 0.993814826
1403636724413555456.000000 1.609804749 4.597714901 5.043656826 0.051376488 -0.105450332 -0.012166062 -0.993022025
1403636724463555584.000000 1.599014282 4.597796917 5.039189339 -0.058868024 0.107594825 0.015902007 0.992323101
1403636724513555456.000000 1.590350986 4.593720913 5.025737286 -0.065864861 0.110489994 0.017707178 0.991534352
1403636724563555584.000000 1.582267523 4.589339733 5.011528492 -0.071300708 0.112875789 0.019947438 0.990846813
1403636724613555456.000000 1.575854063 4.584699154 4.997219086 -0.076061569 0.113365114 0.021741092 0.990399122
1403636724663555584.000000 1.571123719 4.579405308 4.981328487 0.079433419 -0.114345878 -0.023016432 -0.989992797
1403636724713555456.000000 1.568341613 4.576646328 4.969381809 -0.081998214 0.114361569 0.024543138 0.989745140
1403636724763555584.000000 1.567804933 4.570419312 4.952214241 -0.083966561 0.113811240 0.025742296 0.989613056
1403636724813555456.000000 1.568931937 4.563690186 4.933999062 -0.085114017 0.112895019 0.026549289 0.989598691
1403636724863555584.000000 1.571566582 4.556626797 4.915171623 -0.085296668 0.111879043 0.027668571 0.989667654
1403636724913555456.000000 1.576068282 4.548901081 4.895721436 0.084287271 -0.111222006 -0.029451612 -0.989776731
1403636724963555584.000000 1.582110524 4.541056633 4.875479698 0.082770497 -0.110472798 -0.031628519 -0.989921451
1403636725013555456.000000 1.589902163 4.533204079 4.854680061 0.080716148 -0.110358804 -0.034007348 -0.990024984
1403636725063555584.000000 1.599686265 4.525503635 4.832880497 0.078978233 -0.110874042 -0.035837550 -0.990042984
1403636725113555456.000000 1.610517979 4.518267155 4.810595512 0.077404246 -0.110494457 -0.037223555 -0.990158617
1403636725163555584.000000 1.622295976 4.511726379 4.788438797 0.075942919 -0.109521225 -0.038610842 -0.990326703
1403636725213555456.000000 1.632155538 4.509008408 4.767714024 -0.075458519 0.109807305 0.037709024 0.990366817
1403636725263555584.000000 1.642498732 4.503710747 4.746629238 -0.074585512 0.109354727 0.037750196 0.990481436
1403636725313555456.000000 1.651764870 4.499746799 4.726601601 -0.075491391 0.108702749 0.035635859 0.990562975
1403636725363555584.000000 1.659956813 4.496151924 4.707400799 -0.075755551 0.108493023 0.034472030 0.990606964
1403636725413555456.000000 1.668077230 4.490925312 4.689328194 0.076444574 -0.108764090 -0.032563776 -0.990588844
1403636725463555584.000000 1.674159765 4.487467766 4.672389984 0.076828107 -0.108777314 -0.031813603 -0.990582168
1403636725513555456.000000 1.679083228 4.484391212 4.656328201 0.077538408 -0.108609892 -0.030312270 -0.990592182
1403636725563555584.000000 1.682595730 4.481559753 4.641284943 0.078225113 -0.107855082 -0.029646065 -0.990640819
1403636725613555456.000000 1.685149431 4.478893280 4.627116680 0.079021923 -0.107991107 -0.028322671 -0.990601540
1403636725663555584.000000 1.686746478 4.476228237 4.614112377 0.079219826 -0.109707609 -0.028198153 -0.990400612
1403636725713555456.000000 1.684900284 4.470015049 4.594167709 -0.079197630 0.109957442 0.028752992 0.990358770
1403636725763555584.000000 1.684212327 4.467140675 4.583279133 -0.079143681 0.109529823 0.028677609 0.990412652
1403636725813555456.000000 1.682735324 4.464554310 4.573217869 -0.079086155 0.109962508 0.028385732 0.990377724
1403636725863555584.000000 1.679942012 4.461763859 4.564375877 -0.078467175 0.108479358 0.028940745 0.990574360
1403636725913555456.000000 1.676058888 4.459353924 4.556457043 0.077200174 -0.108585954 -0.030639907 -0.990611136
1403636725963555584.000000 1.671883821 4.456937313 4.549467087 0.076438434 -0.108059593 -0.031042920 -0.990715265
1403636726013555456.000000 1.667220116 4.454694748 4.543200493 0.075658143 -0.109046243 -0.031547919 -0.990651131
1403636726063555584.000000 1.661982298 4.452709198 4.537886143 0.075490974 -0.109417334 -0.030527845 -0.990654886
1403636726113555456.000000 1.655932307 4.450895786 4.533381462 0.075620361 -0.109748133 -0.029236764 -0.990647376
1403636726163555584.000000 1.649236202 4.449098110 4.529548645 0.075504199 -0.111638352 -0.028113808 -0.990477502
1403636726213555456.000000 1.629441500 4.443144798 4.512137890 -0.075165816 0.112400062 0.027611837 0.990431190
1403636726263555584.000000 1.621258855 4.441029072 4.509192944 -0.075030558 0.112558484 0.026389597 0.990456820
1403636726313555456.000000 1.613862991 4.438649654 4.505689621 -0.074276365 0.112993069 0.026082061 0.990472257
1403636726363555584.000000 1.607935071 4.436028957 4.501755714 -0.074081481 0.114186920 0.025014408 0.990377545
1403636726413555456.000000 1.606276035 4.435757637 4.498806000 0.073274739 -0.114696577 -0.024462009 -0.990392447
1403636726463555584.000000 1.605959177 4.433418751 4.494087219 0.072149135 -0.115515769 -0.024658442 -0.990375042
1403636726513555456.000000 1.607189298 4.431004524 4.489113808 0.070402682 -0.116103642 -0.026661897 -0.990379989
1403636726563555584.000000 1.610139012 4.428429127 4.483299255 0.066536047 -0.117677219 -0.032617282 -0.990283370
1403636726613555456.000000 1.613869309 4.426069260 4.476692200 0.061957855 -0.118964002 -0.040362980 -0.990141273
1403636726663555584.000000 1.618825436 4.424669266 4.469538689 0.057965603 -0.121723711 -0.046966162 -0.989756346
1403636726713555456.000000 1.604284763 4.418866634 4.430803776 -0.057331380 0.122086696 0.047694791 0.989713728
1403636726763555584.000000 1.611045241 4.420461655 4.420241356 -0.058825061 0.122826949 0.044259246 0.989694059
1403636726813555456.000000 1.617384553 4.422100067 4.407153130 -0.060948025 0.122756839 0.038730878 0.989806056
1403636726863555584.000000 1.623526454 4.424053669 4.391151905 -0.061868552 0.122970559 0.032412082 0.989949465
1403636726913555456.000000 1.642244339 4.429670334 4.381801128 0.061873045 -0.122651465 -0.027315039 -0.990142584
1403636726963555584.000000 1.653624058 4.433239937 4.366514206 0.061328318 -0.122286804 -0.023587633 -0.990317345
1403636727013555456.000000 1.666211247 4.436904907 4.350652218 0.060474161 -0.122345515 -0.021605270 -0.990407825
1403636727063555584.000000 1.678752542 4.440560818 4.334296703 0.060363203 -0.122455657 -0.018910982 -0.990456164
1403636727113555456.000000 1.690002084 4.444130421 4.318016529 0.060200542 -0.121802635 -0.016435107 -0.990590692
1403636727163555584.000000 1.699368119 4.447665691 4.301805973 0.060750347 -0.120761082 -0.013324966 -0.990731359
1403636727213555456.000000 1.702787995 4.443414211 4.258625507 -0.061480653 0.119690917 0.010375028 0.990851521
1403636727263555584.000000 1.708455563 4.445158005 4.243207455 -0.062209189 0.118947729 0.007638310 0.990920365
1403636727313555456.000000 1.712476492 4.446336746 4.227939606 -0.063305855 0.118171476 0.004836593 0.990961432
1403636727363555584.000000 1.714389205 4.446388721 4.212113857 -0.063567676 0.116382420 0.003901317 0.991160452
1403636727413555456.000000 1.718687177 4.446828842 4.197739601 0.063825123 -0.116105944 -0.002830187 -0.991180003
1403636727463555584.000000 1.720738649 4.445776463 4.183257580 0.064308472 -0.116172485 -0.001777082 -0.991143405
1403636727513555456.000000 1.722738624 4.443726063 4.168379784 0.063384920 -0.117794693 -0.003545595 -0.991006732
1403636727563555584.000000 1.725765705 4.440576077 4.140495777 -0.061661571 0.119272344 0.006931715 0.990920782
1403636727613555456.000000 1.729010224 4.437007427 4.123651981 -0.061192494 0.120834067 0.007993548 0.990752578
1403636727663555584.000000 1.732785463 4.432539940 4.105787754 -0.060157832 0.121209770 0.010039354 0.990751445
1403636727713555456.000000 1.738441706 4.427780628 4.086946964 -0.060514174 0.119645528 0.009795721 0.990922391
1403636727763555584.000000 1.745554686 4.422513008 4.063337803 0.060898997 -0.118926816 -0.008789188 -0.990994692
1403636727813555456.000000 1.754043579 4.416476250 4.041519642 0.061413474 -0.118267909 -0.007337954 -0.991053581
1403636727863555584.000000 1.763614416 4.409966946 4.018316746 0.064094543 -0.117130756 -0.002744487 -0.991042316
1403636727913555456.000000 1.770049334 4.402121067 3.997116804 0.066420548 -0.117080577 0.001609202 -0.990897536
1403636727963555584.000000 1.778109312 4.393725872 3.973937035 0.067015506 -0.116980039 0.002713994 -0.990866959
1403636728013555456.000000 1.784590483 4.384457588 3.951514244 0.066619501 -0.116682403 0.001362252 -0.990931511
1403636728063555584.000000 1.791657925 4.376054287 3.917903185 -0.065779425 0.116273463 0.000495402 0.991036534
1403636728113555456.000000 1.795361280 4.364981651 3.896710873 -0.064195201 0.117980674 0.003809785 0.990931392
1403636728163555584.000000 1.797704577 4.353578091 3.876092672 -0.063824289 0.119164549 0.005510087 0.990805745
1403636728213555456.000000 1.798866868 4.341196060 3.855695963 -0.062932953 0.120343283 0.007298808 0.990708768
1403636728263555584.000000 1.799179792 4.330049515 3.833888292 0.062533185 -0.121018052 -0.008452781 -0.990642607
1403636728313555456.000000 1.797211647 4.316031456 3.823729992 -0.062013511 0.120802872 0.010066608 0.990686536
1403636728363555584.000000 1.794092298 4.303146839 3.804448605 -0.062372226 0.120354071 0.009872976 0.990720510
1403636728413555456.000000 1.789298654 4.289614201 3.785877705 -0.060355470 0.119929090 0.013691351 0.990851641
1403636728463555584.000000 1.783278465 4.276110172 3.768002033 -0.057594519 0.120638788 0.019652743 0.990829408
1403636728513555456.000000 1.775628090 4.262436867 3.750731230 0.054406919 -0.120667875 -0.026566172 -0.990844846
1403636728563555584.000000 1.766835451 4.249658108 3.733273506 0.052094527 -0.120232373 -0.029712521 -0.990932703
1403636728613555456.000000 1.757339478 4.237645149 3.715962172 0.049509734 -0.120708436 -0.031044338 -0.990966439
1403636728663555584.000000 1.748501420 4.224064350 3.715643406 -0.048427850 0.119893052 0.026175251 0.991259456
1403636728713555456.000000 1.739675283 4.213439465 3.697080851 -0.046282869 0.119890191 0.019371577 0.991518557
1403636728763555584.000000 1.732512712 4.203107357 3.677760124 -0.042370856 0.119441122 0.012364259 0.991859734
1403636728813555456.000000 1.726874948 4.192697048 3.657427073 -0.037428062 0.118836015 0.004802690 0.992196620
1403636728863555584.000000 1.722126722 4.180813313 3.635276794 0.032035355 -0.118807845 0.001161687 -0.992399693
1403636728913555456.000000 1.718026400 4.171514988 3.598837137 0.026604751 -0.120082118 0.006707826 -0.992384732
1403636728963555584.000000 1.713435769 4.158861160 3.589494228 0.021520713 -0.120866105 0.010032722 -0.992384791
1403636729013555456.000000 1.707897067 4.147655964 3.566811800 0.016702820 -0.122158036 0.013121367 -0.992283404
1403636729063555584.000000 1.701208711 4.136363029 3.544568300 0.012761994 -0.123768084 0.016220255 -0.992096543
1403636729113555456.000000 1.692855477 4.124960899 3.523144484 0.008871659 -0.124683075 0.018089291 -0.991992056
1403636729163555584.000000 1.684041381 4.109559536 3.529965878 -0.006558551 0.124597862 -0.020046001 0.991983175
1403636729213555456.000000 1.672552228 4.097930908 3.509659052 -0.004024202 0.122387469 -0.020730102 0.992257714
1403636729263555584.000000 1.660430431 4.085994720 3.490138292 -0.000973367 0.121271417 -0.019693563 0.992423534
1403636729313555456.000000 1.647240281 4.074198723 3.471400976 0.000390223 0.120879374 -0.020415148 0.992457211
1403636729363555584.000000 1.631900311 4.058903694 3.451175451 -0.001736196 -0.121061586 0.020032350 -0.992441356
1403636729413555456.000000 1.620319128 4.044555664 3.440832615 0.002250351 0.121781938 -0.020600339 0.992340565
1403636729463555584.000000 1.606540918 4.031268120 3.418922424 0.002761101 0.121965826 -0.020874619 0.992310941
1403636729513555456.000000 1.593565583 4.017763615 3.395404339 0.003387541 0.121934563 -0.020795075 0.992314517
1403636729563555584.000000 1.581579208 4.004334927 3.370866776 0.003950953 0.121340245 -0.020386275 0.992393792
1403636729613555456.000000 1.571558952 3.989824295 3.345099449 -0.004155194 -0.120542571 0.020429406 -0.992489278
1403636729663555584.000000 1.562424779 3.975945711 3.317887068 -0.004314525 -0.119926639 0.020141007 -0.992569089
1403636729713555456.000000 1.553777933 3.962029934 3.290198326 -0.005040102 -0.120126545 0.018883744 -0.992566168
1403636729763555584.000000 1.550439835 3.946424723 3.278615236 0.004437835 0.118372709 -0.019272249 0.992772281
1403636729813555456.000000 1.541471243 3.932558060 3.251316309 0.004232009 0.116258472 -0.018607032 0.993035674
1403636729863555584.000000 1.531138539 3.918825150 3.224650383 0.003694748 0.113544397 -0.018997228 0.993344486
1403636729913555456.000000 1.519641757 3.904975414 3.198724031 0.004302860 0.111748599 -0.017008938 0.993581653
1403636729963555584.000000 1.505273938 3.890280247 3.175049782 -0.003577127 -0.110038742 0.017955061 -0.993758678
1403636730013555456.000000 1.491543293 3.875922203 3.151052237 -0.003880569 -0.108486496 0.017011961 -0.993944824
1403636730063555584.000000 1.483160496 3.859877586 3.136404276 0.004042639 0.107592948 -0.016857797 0.994043887
1403636730113555456.000000 1.468248844 3.845123529 3.113919735 0.004601117 0.107009627 -0.016967654 0.994102597
1403636730163555584.000000 1.452664018 3.830507755 3.092204809 0.005151945 0.107225321 -0.015950257 0.994093478
1403636730213555456.000000 1.436370015 3.816084146 3.071451187 0.004930889 0.106098816 -0.016775429 0.994201899
1403636730263555584.000000 1.420271993 3.800964594 3.053415537 -0.005111324 -0.105939232 0.017155519 -0.994211495
1403636730313555456.000000 1.402962327 3.786463022 3.034479141 -0.006274172 -0.106485456 0.015390717 -0.994175434
1403636730363555584.000000 1.386464000 3.772254944 3.020647287 0.006622671 0.105877332 -0.015296733 0.994239450
1403636730413555456.000000 1.368132472 3.758219004 3.003127813 0.006586310 0.104652785 -0.016075628 0.994357109
1403636730463555584.000000 1.351115704 3.744177341 2.986049175 0.007100932 0.101040766 -0.015786156 0.994731665
1403636730513555456.000000 1.336117029 3.730318546 2.968101263 0.006640325 0.097281538 -0.017026817 0.995089054
1403636730563555584.000000 1.323948264 3.715085268 2.951839447 -0.007052244 -0.093003772 0.016334467 -0.995506823
1403636730613555456.000000 1.310609102 3.701385498 2.935775995 0.007375520 0.090200216 -0.015970264 0.995768309
1403636730663555584.000000 1.304111600 3.687065363 2.919266224 0.007610773 0.088663235 -0.015482339 0.995912313
1403636730713555456.000000 1.301768899 3.672575951 2.902735710 0.008046293 0.087646052 -0.015394920 0.996000230
1403636730763555584.000000 1.302720785 3.657843351 2.886587381 0.007599418 0.086448342 -0.015959805 0.996099532
1403636730813555456.000000 1.306153417 3.643211842 2.870520115 -0.007776553 -0.086066596 0.016418004 -0.996123731
1403636730863555584.000000 1.309997559 3.628599882 2.854435921 -0.008588674 -0.085243233 0.014380499 -0.996219397
1403636730913555456.000000 1.314148307 3.614086151 2.839415550 -0.010015017 -0.084403872 0.010872761 -0.996321976
1403636730963555584.000000 1.313969493 3.602973938 2.821191549 0.012284876 0.085285641 -0.005937736 0.996263206
1403636731013555456.000000 1.317039490 3.589077473 2.809542418 0.014269034 0.086489834 -0.000836639 0.996150255
1403636731063555584.000000 1.320130587 3.575853825 2.799344301 0.017138429 0.091777436 0.005732587 0.995615542
1403636731113555456.000000 1.322847605 3.563850641 2.790504932 0.018473567 0.098220572 0.009692232 0.994946003
1403636731163555584.000000 1.324871063 3.552994013 2.784477711 -0.019206310 -0.103660665 -0.011756552 -0.994357765
1403636731213555456.000000 1.326032758 3.543855429 2.778360128 -0.017979687 -0.107533745 -0.010324800 -0.993985295
1403636731263555584.000000 1.330556154 3.532239676 2.782663345 -0.015707085 -0.111341745 -0.006687128 -0.993635535
1403636731313555456.000000 1.314013839 3.531785250 2.764780998 0.012951227 0.113491669 0.001983645 0.993452609
1403636731363555584.000000 1.312235117 3.526240110 2.760736704 0.010679124 0.114127308 -0.001729207 0.993407309
1403636731413555456.000000 1.308934569 3.521332502 2.757214546 0.008034041 0.113186486 -0.006438944 0.993520439
1403636731463555584.000000 1.304651141 3.516767502 2.754175425 0.007188851 0.113756731 -0.007848646 0.993451655
1403636731513555456.000000 1.298097134 3.514058352 2.750839472 -0.007756660 -0.113065928 0.006804599 -0.993533969
1403636731563555584.000000 1.291467786 3.510323524 2.748555899 -0.009939697 -0.112414494 0.002943982 -0.993607342
1403636731613555456.000000 1.287799120 3.508704901 2.737450361 0.011237643 0.112068929 -0.000001959 0.993636906
1403636731663555584.000000 1.279866219 3.506412745 2.735804796 0.012493140 0.111843981 0.002366958 0.993644476
1403636731713555456.000000 1.271346450 3.505200148 2.734697342 0.012071015 0.112038642 0.001927599 0.993628681
1403636731763555584.000000 1.261966825 3.504832268 2.733779192 0.010612847 0.111765034 -0.000978458 0.993677497
1403636731813555456.000000 1.251737833 3.505847692 2.732462645 -0.009828348 -0.111960717 0.002923477 -0.993659735
1403636731863555584.000000 1.240676522 3.506942987 2.732119560 -0.008879201 -0.111781515 0.005340302 -0.993678808
1403636731913555456.000000 1.228944898 3.508274317 2.732161283 -0.008630943 -0.112115398 0.007125990 -0.993632197
1403636731963555584.000000 1.216494441 3.509797812 2.732562304 -0.008737285 -0.112857796 0.007478255 -0.993544638
1403636732013555456.000000 1.203277230 3.511529684 2.733433247 -0.008798970 -0.113097303 0.008163478 -0.993511438
1403636732063555584.000000 1.189226270 3.513530016 2.734571695 -0.008730851 -0.114639953 0.009114997 -0.993326962
1403636732113555456.000000 1.170282364 3.515492439 2.735734940 0.009130159 0.114945076 -0.008667445 0.993292093
1403636732163555584.000000 1.154024243 3.517801762 2.737465858 0.009089049 0.115112074 -0.009788731 0.993262708
1403636732213555456.000000 1.138248801 3.520236492 2.738404036 0.009124056 0.116709441 -0.010338502 0.993070424
1403636732263555584.000000 1.123533964 3.522793293 2.737800598 0.008655437 0.117565639 -0.012205318 0.992952466
1403636732313555456.000000 1.108728647 3.527030468 2.737846375 -0.009649253 -0.118528314 0.011414221 -0.992838264
1403636732363555584.000000 1.095112085 3.530110836 2.734874010 -0.008556582 -0.118077971 0.013927587 -0.992869794
1403636732413555456.000000 1.083800912 3.533066511 2.729826212 -0.006576066 -0.119794935 0.018062271 -0.992612541
1403636732463555584.000000 1.074451566 3.535881519 2.722800493 -0.003428336 -0.122414507 0.024820695 -0.992162764
1403636732513555456.000000 1.065952778 3.538054943 2.713038206 0.000244927 -0.125505701 0.032906033 -0.991547048
1403636732563555584.000000 1.057998419 3.539233923 2.701843977 0.002787998 -0.128650263 0.038727958 -0.990929663
1403636732613555456.000000 1.059745789 3.538789749 2.698479652 -0.004687906 0.131827667 -0.043630183 0.990300953
1403636732663555584.000000 1.052933693 3.536737919 2.684335709 -0.003961390 0.134371355 -0.043360572 0.989974082
1403636732713555456.000000 1.046820641 3.533221722 2.668656349 -0.001752396 0.136223257 -0.039788865 0.989877284
1403636732763555584.000000 1.041220903 3.528661489 2.651471376 0.000847910 0.136378944 -0.035390813 0.990024030
1403636732813555456.000000 1.037150145 3.522946119 2.632854462 0.003649422 0.137174919 -0.030765846 0.990062237
1403636732863555584.000000 1.027011037 3.514642715 2.611650705 -0.004645556 -0.137234017 0.029058978 -0.990101457
1403636732913555456.000000 1.018694282 3.507441521 2.591097355 -0.005433029 -0.136264026 0.028020306 -0.990261316
1403636732963555584.000000 1.008314490 3.499746323 2.570442438 -0.006146132 -0.134180278 0.027110521 -0.990566969
1403636733013555456.000000 0.996382475 3.491708517 2.549951315 -0.006650775 -0.131372884 0.026841328 -0.990947306
1403636733063555584.000000 0.994705200 3.484311342 2.542260408 0.006964152 0.128400564 -0.027113937 0.991327226
1403636733113555456.000000 0.983521521 3.475714684 2.520488024 0.007389865 0.124499142 -0.026832830 0.991829336
1403636733163555584.000000 0.974349976 3.466580153 2.496828318 0.006146262 0.124402210 -0.029564001 0.991772294
1403636733213555456.000000 0.966435373 3.456850290 2.472488165 0.006468193 0.123050064 -0.029760767 0.991933048
1403636733263555584.000000 0.958326519 3.444647074 2.446138382 -0.006498459 -0.122336984 0.030955739 -0.991984487
1403636733313555456.000000 0.951267898 3.433146238 2.418480158 -0.007702770 -0.121710330 0.029453518 -0.992098689
1403636733363555584.000000 0.951110184 3.418641567 2.394303083 0.008801052 0.119361728 -0.027780751 0.992423117
1403636733413555456.000000 0.945269644 3.406316757 2.365607500 0.010188906 0.116789773 -0.026463414 0.992751777
1403636733463555584.000000 0.940911531 3.393569231 2.336127520 0.011348443 0.114973597 -0.024000270 0.993013799
1403636733513555456.000000 0.937617183 3.380683184 2.306948423 0.011703958 0.112866983 -0.023718243 0.993258059
1403636733563555584.000000 0.933080137 3.366603613 2.278832436 -0.012056069 -0.111226946 0.022913378 -0.993457794
1403636733613555456.000000 0.927915037 3.353111982 2.250670910 -0.012072736 -0.109941877 0.023984730 -0.993575215
1403636733663555584.000000 0.929356217 3.340122938 2.224320889 0.012889205 0.108610615 -0.022399133 0.993748426
1403636733713555456.000000 0.921714008 3.326600075 2.198140860 0.012996822 0.107499152 -0.022684904 0.993861377
1403636733763555584.000000 0.913179040 3.313109159 2.173144579 0.012843913 0.107267164 -0.023532929 0.993868768
1403636733813555456.000000 0.903219640 3.299432039 2.149322510 0.013203023 0.105317928 -0.023107067 0.994082451
1403636733863555584.000000 0.893323660 3.284499884 2.127462149 -0.013286854 -0.104231469 0.023200713 -0.994193614
1403636733913555456.000000 0.882466197 3.273419380 2.109011889 0.012792772 0.105585262 -0.024912305 0.994015872
1403636733963555584.000000 0.870767236 3.259257317 2.087852240 0.011333606 0.107884973 -0.027839471 0.993708968
1403636734013555456.000000 0.858709633 3.244807005 2.067456245 0.010826831 0.111223690 -0.028962201 0.993314326
1403636734063555584.000000 0.845779419 3.230139971 2.047653913 0.010411129 0.113748401 -0.028873790 0.993035376
1403636734113555456.000000 0.834941685 3.213283062 2.024239302 -0.010490377 -0.115482606 0.027099112 -0.992884398
1403636734163555584.000000 0.822407842 3.197995663 2.004060030 -0.010373151 -0.116184175 0.026634445 -0.992816389
1403636734213555456.000000 0.810777187 3.185978651 1.978715062 0.011512489 0.116584294 -0.025645046 0.992782950
1403636734263555584.000000 0.801060736 3.169777870 1.956271648 0.012767483 0.117257200 -0.024618257 0.992714345
1403636734313555456.000000 0.791935265 3.153571606 1.933000684 0.013878101 0.116065614 -0.023192443 0.992873728
1403636734363555584.000000 0.784447789 3.137311935 1.908981800 0.014707364 0.114617430 -0.022339346 0.993049622
1403636734413555456.000000 0.778608441 3.119799376 1.884235501 -0.015814990 -0.112904467 0.021077519 -0.993256450
1403636734463555584.000000 0.773127198 3.105479717 1.853257537 0.016361311 0.111043699 -0.020865966 0.993461728
1403636734513555456.000000 0.768226147 3.089003563 1.828098893 0.017050128 0.109500252 -0.020589733 0.993627250
1403636734563555584.000000 0.762502849 3.072538614 1.803710580 0.017554229 0.107257254 -0.020575034 0.993863404
1403636734613555456.000000 0.756009817 3.056245089 1.780271888 0.018205209 0.105301358 -0.020438952 0.994063616
1403636734663555584.000000 0.749915242 3.041360378 1.757773638 -0.018234327 -0.103258774 0.021424860 -0.994256616
1403636734713555456.000000 0.734353304 3.027332783 1.730009079 0.018514697 0.102602482 -0.022400714 0.994297862
1403636734763555584.000000 0.725525498 3.011935711 1.709852576 0.018621868 0.102990739 -0.023819163 0.994222760
1403636734813555456.000000 0.715341270 2.996576071 1.691000223 0.019258840 0.101929605 -0.023806689 0.994320273
1403636734863555584.000000 0.704497457 2.981168032 1.673376560 0.019993825 0.101798132 -0.023988565 0.994314849
1403636734913555456.000000 0.693750978 2.967026234 1.656354070 -0.020892723 -0.101535782 0.023734752 -0.994329333
1403636734963555584.000000 0.688130438 2.948282957 1.624387264 0.021080539 0.099619418 -0.023966391 0.994513571
1403636735013555456.000000 0.676314414 2.933534861 1.610071421 0.020840026 0.099789694 -0.025067277 0.994474471
1403636735063555584.000000 0.664118409 2.918754578 1.596708179 0.021319132 0.100289367 -0.024447620 0.994429469
1403636735113555456.000000 0.651893318 2.904030800 1.583644867 0.021556498 0.100264624 -0.023649411 0.994446158
1403636735163555584.000000 0.639684737 2.890381575 1.568671942 -0.022124030 -0.100215375 0.022371279 -0.994468153
1403636735213555456.000000 0.629967451 2.876339436 1.555137038 -0.022140866 -0.099172331 0.021434734 -0.994593024
1403636735263555584.000000 0.605977178 2.862092018 1.536180019 0.022318851 0.098003201 -0.019877523 0.994737267
1403636735313555456.000000 0.601653993 2.848018408 1.522014260 0.022197258 0.096465752 -0.018383076 0.994919002
1403636735363555584.000000 0.601110041 2.833964825 1.507526755 0.021752115 0.095270902 -0.017094733 0.995066881
1403636735413555456.000000 0.604391336 2.820039749 1.492019653 0.020555656 0.096782990 -0.016821062 0.994951069
1403636735463555584.000000 0.609809637 2.807214022 1.473055363 -0.019632919 -0.098086998 0.015007470 -0.994871020
1403636735513555456.000000 0.602061987 2.794518948 1.454264879 0.017592546 0.099245697 -0.015076296 0.994793236
1403636735563555584.000000 0.611117840 2.781966448 1.437044144 0.015830111 0.100396708 -0.014837752 0.994710922
1403636735613555456.000000 0.621282458 2.769670010 1.419905782 0.014059630 0.101383746 -0.014933202 0.994635999
1403636735663555584.000000 0.630961657 2.757698059 1.403507471 0.012113959 0.101645947 -0.014841924 0.994636238
1403636735713555456.000000 0.637789607 2.745701313 1.387284756 -0.011131129 -0.101588681 0.013693505 -0.994670033
1403636735763555584.000000 0.634581387 2.735574722 1.371584892 0.009458967 0.101163045 -0.014233129 0.994723082
1403636735813555456.000000 0.640768588 2.724150419 1.358558655 0.008969236 0.101135343 -0.012940674 0.994748116
1403636735863555584.000000 0.646064997 2.713077784 1.346567154 0.008333351 0.101649545 -0.012985550 0.994700611
1403636735913555456.000000 0.649288058 2.702228308 1.335690260 0.008184160 0.101737238 -0.012853744 0.994694650
1403636735963555584.000000 0.650399745 2.692039251 1.324631214 -0.007699159 -0.102759689 0.013306755 -0.994587421
1403636736013555456.000000 0.653240621 2.681406260 1.314719915 -0.008798263 -0.103513233 0.014901828 -0.994477510
1403636736063555584.000000 0.654403746 2.672944307 1.305240273 0.011401770 0.104266815 -0.017080106 0.994337320
1403636736113555456.000000 0.659447372 2.661797762 1.294035912 0.016024856 0.106135495 -0.018398540 0.994052351
1403636736163555584.000000 0.665568411 2.650483608 1.281968474 0.021549679 0.107869133 -0.021189887 0.993705690
1403636736213555456.000000 0.672766685 2.639073849 1.268498659 0.027745582 0.109481521 -0.023682412 0.993319273
1403636736263555584.000000 0.677302539 2.629032850 1.253905535 -0.033404175 -0.110587984 0.026511978 -0.992950976
1403636736313555456.000000 0.678689480 2.617190123 1.238833308 -0.038244810 -0.111169100 0.029618170 -0.992623568
1403636736363555584.000000 0.700519085 2.608880758 1.230035186 0.042160720 0.110978745 -0.032945760 0.992381394
1403636736413555456.000000 0.703784525 2.598622561 1.217581034 0.045710545 0.110805891 -0.035476677 0.992156327
1403636736463555584.000000 0.706006289 2.588653088 1.205907464 0.047303986 0.111261368 -0.040495723 0.991838396
1403636736513555456.000000 0.706473291 2.578622580 1.195310473 0.048048310 0.112320416 -0.045967828 0.991444647
1403636736563555584.000000 0.704091907 2.568525314 1.185529828 -0.048710063 -0.113108411 0.050727267 -0.991090655
1403636736613555456.000000 0.700787008 2.558196068 1.176212072 -0.048970949 -0.113777839 0.054646593 -0.990792751
1403636736663555584.000000 0.696185231 2.547279596 1.166916490 -0.049906861 -0.114673190 0.056234345 -0.990553975
1403636736713555456.000000 0.690456569 2.535791397 1.157831550 -0.050490402 -0.115497865 0.057821486 -0.990337193
1403636736763555584.000000 0.712143123 2.522156477 1.158695102 0.051042017 0.114020139 -0.058920212 0.990415335
1403636736813555456.000000 0.704476297 2.509419441 1.149777412 0.051659275 0.115154758 -0.060105287 0.990180850
1403636736863555584.000000 0.695867836 2.496212721 1.140967131 0.053226095 0.115458354 -0.059043840 0.990126371
1403636736913555456.000000 0.687715769 2.482831717 1.132315993 0.053805880 0.114629649 -0.060166799 0.990123749
1403636736963555584.000000 0.674610972 2.466878414 1.123675227 -0.055761762 -0.114111759 0.058564804 -0.990171373
1403636737013555456.000000 0.662775159 2.451288223 1.114877224 -0.058516212 -0.113631964 0.055581935 -0.990239561
1403636737063555584.000000 0.631966412 2.437227964 1.109368920 0.061301265 0.114957556 -0.053138986 0.990052104
1403636737113555456.000000 0.619196594 2.421073198 1.100616932 0.064641446 0.115697689 -0.049648061 0.989934683
1403636737163555584.000000 0.606104016 2.405347586 1.092079163 0.066499643 0.115606159 -0.049014647 0.989853859
1403636737213555456.000000 0.591644168 2.389504194 1.083724856 0.068428881 0.115472525 -0.048320651 0.989772081
1403636737263555584.000000 0.576097608 2.372417212 1.076659560 -0.070790134 -0.113928333 0.046596933 -0.989867568
1403636737313555456.000000 0.560097456 2.356662035 1.068774343 -0.071585283 -0.111896604 0.047751695 -0.989987135
1403636737363555584.000000 0.544885278 2.341074467 1.060330629 -0.073209278 -0.110036172 0.047186602 -0.990104020
1403636737413555456.000000 0.562406003 2.317654133 1.069457889 0.074058518 0.107150950 -0.048072815 0.990314603
1403636737463555584.000000 0.550142050 2.302965164 1.058168173 0.075109757 0.104924984 -0.048530824 0.990451455
1403636737513555456.000000 0.541704774 2.288602591 1.046337485 0.075548396 0.103480972 -0.050001178 0.990496874
1403636737563555584.000000 0.533882618 2.274382114 1.033969402 0.076983258 0.102503844 -0.048694618 0.990553081
1403636737613555456.000000 0.526465058 2.258230448 1.024122953 -0.078283660 -0.100625314 0.046965253 -0.990727305
1403636737663555584.000000 0.539631844 2.236631393 1.024419188 0.080298662 0.099004932 -0.043767426 0.990875721
1403636737713555456.000000 0.534998953 2.223268032 1.010800838 0.081840746 0.097465575 -0.040897973 0.991024673
1403636737763555584.000000 0.532997191 2.210489988 0.996684670 0.083204471 0.097128943 -0.038670059 0.991033614
1403636737813555456.000000 0.532945931 2.197613716 0.983002722 -0.084037676 -0.095554009 0.036190644 -0.991210043
1403636737863555584.000000 0.534927368 2.186142445 0.967756867 -0.084483668 -0.095468931 0.034648225 -0.991235495
1403636737913555456.000000 0.538869858 2.175665617 0.951980412 -0.084551834 -0.095523506 0.034096085 -0.991243601
1403636737963555584.000000 0.560781717 2.156845808 0.954536617 0.084459297 0.095698759 -0.033352640 0.991259813
1403636738013555456.000000 0.569835365 2.148480415 0.937566996 0.083735198 0.096361697 -0.033253036 0.991260409
1403636738063555584.000000 0.581313848 2.141108274 0.920255184 0.082818501 0.096503370 -0.033679742 0.991309166
1403636738113555456.000000 0.593057990 2.134962559 0.903273225 0.080894612 0.098277792 -0.036304835 0.991201103
1403636738163555584.000000 0.606063426 2.126906633 0.889297068 -0.079460703 -0.099117994 0.037040304 -0.991206169
1403636738213555456.000000 0.616778791 2.121352434 0.874734938 -0.078016400 -0.100558974 0.038202439 -0.991131663
1403636738263555584.000000 0.626239002 2.116343260 0.861468673 -0.077200390 -0.100865148 0.038000602 -0.991172254
1403636738313555456.000000 0.634688973 2.111637592 0.849484742 -0.076255307 -0.100909837 0.038413368 -0.991224885
1403636738363555584.000000 0.635697067 2.113480330 0.823969483 -0.075346589 -0.100485437 0.037881430 -0.991357982
1403636738413555456.000000 0.649275601 2.103385687 0.829960763 -0.074724860 -0.100408114 0.037490394 -0.991427779
1403636738463555584.000000 0.656196952 2.087301493 0.848523915 0.072396807 0.100003064 -0.037133031 0.991654813
1403636738513555456.000000 0.661467075 2.084620953 0.843216419 0.069362953 0.098980643 -0.035223816 0.992043853
1403636738563555584.000000 0.665510833 2.082687378 0.839617491 0.064864069 0.097405024 -0.032694995 0.992590547
1403636738613555456.000000 0.668540478 2.081443548 0.838448822 0.059547838 0.095741153 -0.028734302 0.993207991
1403636738663555584.000000 0.670815051 2.080881119 0.839219093 0.052503623 0.095568463 -0.024629988 0.993732095
1403636738713555456.000000 0.673560858 2.077900171 0.838587224 -0.044364881 -0.096398480 0.019061988 -0.994170904
1403636738763555584.000000 0.674228787 2.078278065 0.840582669 -0.035608552 -0.099405900 0.013182337 -0.994322240
1403636738813555456.000000 0.673720837 2.079371691 0.843623638 -0.026333533 -0.102186419 0.006036041 -0.994398355
1403636738863555584.000000 0.672311664 2.081597805 0.847817957 -0.016812453 -0.105629086 -0.001932999 -0.994261622
1403636738913555456.000000 0.669352531 2.084778547 0.853027761 -0.006260855 -0.107549660 -0.009508061 -0.994134545
1403636738963555584.000000 0.653220534 2.084525347 0.862681687 -0.004297341 0.109699279 0.018734723 0.993779004
1403636739013555456.000000 0.647883296 2.089807510 0.869934440 -0.015213241 0.111390069 0.028140906 0.993261755
1403636739063555584.000000 0.641408503 2.096339703 0.878230274 -0.026887296 0.112044126 0.037136659 0.992644966
1403636739113555456.000000 0.634245932 2.104268551 0.887003243 -0.040529054 0.112811387 0.042870540 0.991863430
1403636739163555584.000000 0.627008021 2.113003016 0.895030618 0.055505436 -0.112525210 -0.046229415 -0.991019726
1403636739213555456.000000 0.618558705 2.123517036 0.904118180 0.070538312 -0.113262251 -0.049744505 -0.989808857
1403636739263555584.000000 0.609232426 2.135126591 0.913394332 0.086287811 -0.113034733 -0.051999308 -0.988470376
1403636739313555456.000000 0.599368334 2.147196770 0.922902286 0.101997174 -0.113254867 -0.053610355 -0.986861646
1403636739363555584.000000 0.576181412 2.159693718 0.922060311 -0.117961355 0.113303997 0.054613028 0.985020220
1403636739413555456.000000 0.567236662 2.172254562 0.930186987 -0.132265180 0.112638697 0.057114113 0.983136058
1403636739463555584.000000 0.559709787 2.184585094 0.937403679 -0.145916969 0.112287804 0.060317542 0.981051266
1403636739513555456.000000 0.553952277 2.196385384 0.943634748 -0.157814339 0.111651741 0.065830588 0.978925347
1403636739563555584.000000 0.551127732 2.207535982 0.949473321 0.167395949 -0.113038749 -0.072380938 -0.976709723
1403636739613555456.000000 0.537961125 2.218245983 0.941804886 -0.174938723 0.113623671 0.078534119 0.974842787
1403636739663555584.000000 0.537938595 2.228974581 0.945954680 -0.182083309 0.112398483 0.081945427 0.973394692
1403636739713555456.000000 0.538905859 2.239374876 0.949944377 -0.187358543 0.113008425 0.084916063 0.972067475
1403636739763555584.000000 0.539607465 2.249479771 0.954992115 -0.190208852 0.113275073 0.089845717 0.971039236
1403636739813555456.000000 0.538853824 2.259621382 0.960333049 0.192509994 -0.113822937 -0.092767991 -0.970246613
1403636739863555584.000000 0.537719667 2.270026445 0.967451751 0.194426030 -0.113393173 -0.094652928 -0.969732583
1403636739913555456.000000 0.518925846 2.279036760 0.957208097 -0.195713133 0.113526277 0.095408805 0.969384015
1403636739963555584.000000 0.516071796 2.290230751 0.966263056 -0.196751833 0.113494858 0.095237762 0.969194174
1403636740013555456.000000 0.512277842 2.301490068 0.975844264 -0.197380096 0.112508334 0.094444320 0.969259143
1403636740063555584.000000 0.507427394 2.312817335 0.986002922 -0.197744265 0.111663647 0.092665158 0.969454288
1403636740113555456.000000 0.501303554 2.323784828 0.993933737 0.198531494 -0.111970127 -0.089446895 -0.969560385
1403636740163555584.000000 0.489165515 2.339006424 0.986739755 -0.199303716 0.110981911 0.085806042 0.969844580
1403636740213555456.000000 0.482167959 2.350355387 0.997824192 -0.200128391 0.110996932 0.081271492 0.970063567
1403636740263555584.000000 0.474342287 2.361160517 1.009470224 -0.200563416 0.110414743 0.077651285 0.970336735
1403636740313555456.000000 0.465992838 2.371252060 1.021459818 -0.199220926 0.112145819 0.077710055 0.970409930
1403636740363555584.000000 0.453449249 2.380611897 1.030977607 0.196793959 -0.113527000 -0.078888774 -0.970649421
1403636740413555456.000000 0.442451656 2.389621735 1.043836117 0.194244713 -0.114815190 -0.081598692 -0.970787406
1403636740463555584.000000 0.413484931 2.394322395 1.040541768 -0.192171618 0.114923641 0.083512202 0.971024394
1403636740513555456.000000 0.401421010 2.402859211 1.053744316 -0.189948216 0.117355518 0.085015416 0.971040547
1403636740563555584.000000 0.389813453 2.411149025 1.065967083 -0.188929990 0.117851600 0.084613867 0.971214235
1403636740613555456.000000 0.379411161 2.419332266 1.077114701 -0.187732637 0.118188381 0.084201850 0.971441269
1403636740663555584.000000 0.367553353 2.427864075 1.083392859 0.185883597 -0.117592655 -0.085656196 -0.971741915
1403636740713555456.000000 0.358897030 2.436200380 1.091328740 0.184483603 -0.115536280 -0.086699381 -0.972162783
1403636740763555584.000000 0.340574503 2.440166712 1.086092353 -0.183709696 0.112930931 0.085923254 0.972684264
1403636740813555456.000000 0.332603008 2.448938847 1.092621565 -0.182668716 0.112406187 0.086125188 0.972923219
1403636740863555584.000000 0.323578060 2.457881212 1.099227071 -0.182024986 0.113238469 0.085912973 0.972966075
1403636740913555456.000000 0.313021421 2.466960669 1.106226683 -0.182781830 0.114078633 0.082596742 0.973013163
1403636740963555584.000000 0.299510509 2.476923704 1.109678149 0.184572622 -0.115546353 -0.077848025 -0.972893476
1403636741013555456.000000 0.285773337 2.486106634 1.116786957 0.187569708 -0.115358829 -0.070742793 -0.972885132
1403636741063555584.000000 0.270333588 2.494928360 1.124546170 0.191491812 -0.115989856 -0.064631648 -0.972471118
1403636741113555456.000000 0.249038503 2.498125553 1.126971841 -0.194503441 0.117449805 0.063290186 0.971786201
1403636741163555584.000000 0.229412138 2.505160332 1.135769248 -0.197717786 0.119189613 0.065182500 0.970800102
1403636741213555456.000000 0.208126649 2.511028767 1.145040751 -0.199930951 0.121156089 0.070392035 0.969739079
1403636741263555584.000000 0.185341388 2.515591145 1.154881120 -0.200925142 0.122493818 0.077255987 0.968842566
1403636741313555456.000000 0.158638120 2.519242525 1.162398815 0.201514930 -0.122444615 -0.083122492 -0.968240559
1403636741363555584.000000 0.135061160 2.523245811 1.170017719 -0.201502204 0.119084023 0.089581408 0.968086362
1403636741413555456.000000 0.110703066 2.525805473 1.177701473 -0.202510610 0.115584224 0.093903422 0.967890501
1403636741463555584.000000 0.087584063 2.528109550 1.184378743 -0.203656182 0.111362465 0.096902706 0.967849433
1403636741513555456.000000 0.065701604 2.530581713 1.190324426 -0.204602718 0.104174487 0.099532954 0.968183160
1403636741563555584.000000 0.045901060 2.530967474 1.194705248 0.203774884 -0.100820102 -0.104930609 -0.968142986
1403636741613555456.000000 0.032454684 2.538266897 1.199527502 -0.205694824 0.096530885 0.103411868 0.968337476
1403636741663555584.000000 0.015989736 2.541239738 1.202845097 -0.206245467 0.094717465 0.103639930 0.968375087
1403636741713555456.000000 0.001971707 2.544896126 1.205637455 -0.206923813 0.095075622 0.102854632 0.968278944
1403636741763555584.000000 -0.009464279 2.549301624 1.208311081 -0.207624882 0.097282849 0.100878239 0.968117595
1403636741813555456.000000 -0.019440740 2.554640055 1.211727977 0.208110303 -0.099289343 -0.098227419 -0.968082249
1403636741863555584.000000 -0.022535369 2.567309856 1.214536667 -0.208646357 0.101655290 0.094523847 0.968089998
1403636741913555456.000000 -0.034681112 2.572577715 1.219187498 -0.209292516 0.102734603 0.090580285 0.968213558
1403636741963555584.000000 -0.047918178 2.577808857 1.225093365 -0.210341513 0.103403047 0.085046940 0.968416929
1403636742013555456.000000 -0.062318645 2.582866192 1.232528448 -0.210961729 0.101620041 0.080681361 0.968844175
1403636742063555584.000000 -0.075498901 2.586913347 1.240958214 0.209810376 -0.098613538 -0.078977726 -0.969545066
1403636742113555456.000000 -0.085188761 2.595237732 1.247794032 -0.207459375 0.093876347 0.080157883 0.970423877
1403636742163555584.000000 -0.096894637 2.598239899 1.256315231 -0.204652637 0.091079943 0.082893699 0.971056342
1403636742213555456.000000 -0.106830895 2.601143360 1.265070319 -0.202216327 0.090019934 0.084736824 0.971506417
1403636742263555584.000000 -0.114410385 2.604020357 1.273596883 -0.198958769 0.090122633 0.088149719 0.971865714
1403636742313555456.000000 -0.120216936 2.607764959 1.282235265 0.196551442 -0.092668198 -0.088493943 -0.972084880
1403636742363555584.000000 -0.118783161 2.616931200 1.285911560 -0.194907531 0.096775904 0.089176603 0.971953213
1403636742413555456.000000 -0.121205568 2.620167971 1.293296576 -0.193723902 0.101209253 0.088355720 0.971813321
1403636742463555584.000000 -0.122162089 2.623780251 1.300194740 -0.192807347 0.104125604 0.088195525 0.971701980
1403636742513555456.000000 -0.122560143 2.627502918 1.306985021 -0.192129806 0.106232345 0.087342933 0.971685171
1403636742563555584.000000 -0.121153735 2.632556438 1.314373612 0.191032797 -0.107174985 -0.086959310 -0.971832395
1403636742613555456.000000 -0.119883358 2.637053967 1.321771622 0.190791845 -0.109308831 -0.085835457 -0.971741915
1403636742663555584.000000 -0.119560167 2.641665220 1.329783678 0.190578476 -0.112065919 -0.085109979 -0.971533597
1403636742713555456.000000 -0.121007435 2.646252632 1.339022279 0.189770460 -0.114756398 -0.084582828 -0.971423626
1403636742763555584.000000 -0.116535790 2.658918381 1.340338588 -0.188666657 0.116670363 0.084083371 0.971454084
1403636742813555456.000000 -0.121755764 2.663563728 1.351446152 -0.188334584 0.118154414 0.083694406 0.971372664
1403636742863555584.000000 -0.128497407 2.668037891 1.363052249 -0.187229827 0.119611107 0.084061839 0.971376300
1403636742913555456.000000 -0.137113020 2.672483683 1.374901891 -0.186420515 0.120327570 0.084445640 0.971410155
1403636742963555584.000000 -0.148060530 2.678149700 1.387750030 0.186839536 -0.120186210 -0.085384950 -0.971265078
1403636743013555456.000000 -0.160737202 2.683068991 1.401116729 0.188770577 -0.118112557 -0.086484514 -0.971048713
1403636743063555584.000000 -0.175265402 2.688142300 1.415006995 0.190940067 -0.112780184 -0.089671537 -0.970969379
1403636743113555456.000000 -0.187421754 2.692991734 1.422129750 -0.192796201 0.104105271 0.094094224 0.971152961
1403636743163555584.000000 -0.201366901 2.698450565 1.435647249 -0.194460601 0.093115747 0.098461196 0.971504033
1403636743213555456.000000 -0.213516593 2.704699278 1.448922157 -0.196201742 0.085012987 0.101351552 0.971599519
1403636743263555584.000000 -0.223951399 2.711459875 1.461975217 -0.198551491 0.076258868 0.102743022 0.971702516
1403636743313555456.000000 -0.229717135 2.718762875 1.473696351 0.199529648 -0.072646618 -0.105489962 -0.971484601
1403636743363555584.000000 -0.237746954 2.728299856 1.485693812 -0.199883461 0.070886187 0.108031355 0.971262574
1403636743413555456.000000 -0.238075137 2.737916708 1.498559475 -0.200639665 0.071080662 0.109521076 0.970925570
1403636743463555584.000000 -0.235569090 2.748569489 1.512285709 -0.201655149 0.074772201 0.109369196 0.970454931
1403636743513555456.000000 -0.232933044 2.760237455 1.526975989 -0.202907577 0.078281850 0.108611412 0.970002115
1403636743563555584.000000 -0.229824901 2.772645235 1.542259097 0.204052046 -0.083316818 -0.107425869 -0.969474554
1403636743613555456.000000 -0.234308466 2.787904978 1.561894178 -0.205598637 0.087917767 0.103997804 0.969115138
1403636743663555584.000000 -0.233365849 2.801706314 1.581425190 -0.206961304 0.091027312 0.101348124 0.968818665
1403636743713555456.000000 -0.233226150 2.815978289 1.602297187 -0.208661914 0.095638052 0.098482154 0.968305171
1403636743763555584.000000 -0.233925521 2.830664158 1.624513388 -0.211626768 0.100615747 0.096417971 0.967364550
1403636743813555456.000000 -0.237041280 2.845172405 1.647818923 0.214535341 -0.103737004 -0.097446144 -0.966290593
1403636743863555584.000000 -0.246188357 2.859765530 1.672904968 -0.216533765 0.107795097 0.100950278 0.965040088
1403636743913555456.000000 -0.250218779 2.874135256 1.697898626 -0.220267594 0.110572867 0.100231528 0.963955104
1403636743963555584.000000 -0.255584478 2.888566017 1.723972917 -0.223192379 0.113150828 0.099898063 0.963017404
1403636744013555456.000000 -0.262200952 2.903017044 1.751379848 -0.225108609 0.114521526 0.100949220 0.962299466
1403636744063555584.000000 -0.269705415 2.918247223 1.780719995 0.229228750 -0.115681507 -0.100165784 -0.961269379
1403636744113555456.000000 -0.283688724 2.934065819 1.808975697 -0.233165309 0.116125442 0.101575442 0.960120440
1403636744163555584.000000 -0.293585598 2.947886229 1.838476539 -0.237134516 0.117064029 0.103325143 0.958846807
1403636744213555456.000000 -0.305611849 2.960667133 1.868204117 -0.239707008 0.118679695 0.106284611 0.957684338
1403636744263555584.000000 -0.318873197 2.973047018 1.898241401 -0.241483927 0.121051081 0.109773621 0.956546903
1403636744313555456.000000 -0.334693342 2.984631777 1.928965330 0.243287921 -0.121872157 -0.112144105 -0.955710173
1403636744363555584.000000 -0.354492664 2.997836590 1.958227992 -0.243737921 0.122657284 0.115883730 0.955048740
1403636744413555456.000000 -0.372349352 3.009150505 1.989635944 -0.243289009 0.123695761 0.119471639 0.954587042
1403636744463555584.000000 -0.391400576 3.020331383 2.021109343 -0.242370650 0.124787562 0.123351321 0.954185009
1403636744513555456.000000 -0.411865890 3.031493187 2.052597284 -0.239716321 0.126542225 0.128513694 0.953943074
1403636744563555584.000000 -0.433963001 3.043247461 2.083252907 0.239038214 -0.128701210 -0.129473463 -0.953694582
1403636744613555456.000000 -0.458953351 3.058378696 2.114061356 -0.237266034 0.130790651 0.131832197 0.953529716
1403636744663555584.000000 -0.483102322 3.071367025 2.144761562 -0.236778542 0.132591933 0.131966040 0.953383625
1403636744713555456.000000 -0.508688450 3.085001469 2.174742460 -0.237959787 0.134020373 0.129053131 0.953288555
1403636744763555584.000000 -0.535201669 3.098801374 2.203492165 -0.240500778 0.133497164 0.123972222 0.953398526
1403636744813555456.000000 -0.561595261 3.112048388 2.229135513 0.242308125 -0.132203430 -0.120339029 -0.953586698
1403636744863555584.000000 -0.587179124 3.130209684 2.255231380 -0.243655518 0.129483774 0.117237069 0.954002857
1403636744913555456.000000 -0.611787438 3.142788649 2.277446985 -0.244811133 0.124765024 0.114774741 0.954635084
1403636744963555584.000000 -0.634750247 3.154722214 2.297516823 -0.244451761 0.121660665 0.113864154 0.955236673
1403636745013555456.000000 -0.655986190 3.166448832 2.316068411 -0.243309855 0.117255352 0.114219286 0.956036329
1403636745063555584.000000 -0.676265240 3.178803921 2.333076000 0.241947249 -0.113514818 -0.113637529 -0.956902564
1403636745113555456.000000 -0.691292048 3.195507288 2.353764057 -0.239792362 0.108811371 0.114054762 0.957941175
1403636745163555584.000000 -0.707816839 3.207013369 2.369457960 -0.236933187 0.107517660 0.115868814 0.958580792
1403636745213555456.000000 -0.722911537 3.218970776 2.384980917 -0.235520631 0.106488518 0.113711052 0.959301829
1403636745263555584.000000 -0.737334371 3.231233358 2.400619984 -0.233486384 0.105465882 0.112443820 0.960061193
1403636745313555456.000000 -0.752323806 3.244529724 2.416619062 0.231826067 -0.106081143 -0.110163599 -0.960659921
1403636745363555584.000000 -0.756265044 3.261739016 2.435720444 -0.230463549 0.110100068 0.106862396 0.960908413
1403636745413555456.000000 -0.764971852 3.274503946 2.447968960 -0.229849681 0.114964694 0.104118772 0.960786939
1403636745463555584.000000 -0.771883130 3.286886454 2.458482265 -0.230147481 0.118691884 0.101161525 0.960578382
1403636745513555456.000000 -0.777317822 3.298835754 2.467983723 -0.230094343 0.121909171 0.101051018 0.960199773
1403636745563555584.000000 -0.781789541 3.310411692 2.476655483 0.230662629 -0.123296104 -0.101233020 -0.959867060
1403636745613555456.000000 -0.779440582 3.325336695 2.490244865 -0.232193649 0.124495655 0.101770297 0.959286153
1403636745663555584.000000 -0.782132030 3.335389137 2.495798349 -0.234387130 0.125145718 0.102428444 0.958597720
1403636745713555456.000000 -0.782638192 3.344941616 2.500126123 -0.237182647 0.125605270 0.102545649 0.957837224
1403636745763555584.000000 -0.781941891 3.353939533 2.503350258 -0.240847126 0.125049651 0.102166645 0.957035720
1403636745813555456.000000 -0.779568434 3.363714218 2.506492376 0.244077593 -0.123379014 -0.102565363 -0.956391215
1403636745863555584.000000 -0.780833483 3.376089096 2.516991138 -0.248073637 0.123184249 0.101596385 0.955491126
1403636745913555456.000000 -0.776144147 3.383022547 2.517520666 -0.252074569 0.122916065 0.101571873 0.954480588
1403636745963555584.000000 -0.770230353 3.388823986 2.516924620 -0.256816328 0.121644124 0.099804848 0.953565538
1403636746013555456.000000 -0.762065887 3.393437386 2.515703678 -0.260855407 0.120467916 0.098917380 0.952710509
1403636746063555584.000000 -0.744694412 3.392430544 2.505646467 0.264813870 -0.118140906 -0.098375022 -0.951965749
1403636746113555456.000000 -0.740695119 3.399523497 2.514088869 -0.268360555 0.116939634 0.096871041 0.951274872
1403636746163555584.000000 -0.728157222 3.399542809 2.509997845 -0.270804733 0.117350005 0.096664041 0.950552404
1403636746213555456.000000 -0.714073181 3.397614479 2.504667997 -0.272772193 0.118960105 0.096184604 0.949838102
1403636746263555584.000000 -0.698540688 3.394292593 2.499024630 -0.274324924 0.123367563 0.096167065 0.948829889
1403636746313555456.000000 -0.681570888 3.389630795 2.494678497 0.276140332 -0.131495491 -0.094400488 -0.947387993
1403636746363555584.000000 -0.667364001 3.383053780 2.490267754 0.276532412 -0.137601987 -0.094693169 -0.946376681
1403636746413555456.000000 -0.655205727 3.374821186 2.486839056 0.276884168 -0.140529722 -0.094519019 -0.945860803
1403636746463555584.000000 -0.646101952 3.364881992 2.484826326 0.275183976 -0.138910875 -0.097812027 -0.946261287
1403636746513555456.000000 -0.647513628 3.352111340 2.483715534 -0.273216009 0.134582072 0.101161622 0.947104573
1403636746563555584.000000 -0.643337667 3.339564085 2.483673096 -0.269757807 0.126577869 0.106251530 0.948640823
1403636746613555456.000000 -0.641442060 3.326565266 2.484931469 -0.266017407 0.116270207 0.111347705 0.950430334
1403636746663555584.000000 -0.640509367 3.313202143 2.487314701 -0.261209041 0.105970487 0.117538348 0.952221036
1403636746713555456.000000 -0.634596586 3.301448345 2.493480444 0.255689472 -0.097020172 -0.125046626 -0.953715622
1403636746763555584.000000 -0.631677389 3.291309118 2.496619940 -0.250664592 0.091551386 0.131569386 0.954712093
1403636746813555456.000000 -0.630447388 3.279736757 2.502189159 -0.246574685 0.090526320 0.136260092 0.955216825
1403636746863555584.000000 -0.628949583 3.269686460 2.508599520 -0.243404984 0.091088772 0.139614418 0.955491900
1403636746913555456.000000 -0.626738906 3.261234999 2.515517235 -0.241264343 0.092833467 0.140749604 0.955700338
1403636746963555584.000000 -0.623748839 3.254678965 2.523143768 0.240362644 -0.094253786 -0.139626801 -0.955953181
1403636747013555456.000000 -0.627813935 3.240214348 2.522966146 -0.239913404 0.096946061 0.138597339 0.955946565
1403636747063555584.000000 -0.618879378 3.237159967 2.528013945 -0.241998062 0.099630587 0.132331327 0.956033051
1403636747113555456.000000 -0.607370138 3.235249519 2.532062054 -0.244939551 0.102334976 0.125731617 0.955888987
1403636747163555584.000000 -0.593667030 3.234189510 2.536314487 -0.246851593 0.105959550 0.121512361 0.955547869
1403636747213555456.000000 -0.577145875 3.234851122 2.540550947 0.249969721 -0.108095624 -0.115415677 -0.955253780
1403636747263555584.000000 -0.573826551 3.222495556 2.536676407 -0.252262175 0.110171922 0.111757062 0.954848886
1403636747313555456.000000 -0.552804708 3.222420216 2.539513826 -0.253967941 0.110372163 0.109250233 0.954663694
1403636747363555584.000000 -0.531198144 3.221193075 2.541790724 -0.254915088 0.110872380 0.108339667 0.954457045
1403636747413555456.000000 -0.510545671 3.218967915 2.544563532 -0.256106764 0.111316472 0.107868224 0.954139650
1403636747463555584.000000 -0.489001721 3.217827320 2.548575401 0.257954746 -0.111737028 -0.107502945 -0.953633785
1403636747513555456.000000 -0.488000274 3.204905272 2.545970917 -0.258553296 0.110682487 0.109433547 0.953375041
1403636747563555584.000000 -0.469917476 3.201936722 2.552349806 -0.259067476 0.109314092 0.110497288 0.953270674
1403636747613555456.000000 -0.454300821 3.197233915 2.559004784 -0.259307116 0.108125016 0.112466604 0.953110754
1403636747663555584.000000 -0.436335683 3.192731619 2.565454245 -0.260197639 0.107185230 0.113194302 0.952888072
1403636747713555456.000000 -0.416776538 3.186330080 2.569959641 0.261566222 -0.107669160 -0.114147149 -0.952344954
1403636747763555584.000000 -0.408096135 3.175252676 2.566805363 -0.262823701 0.106587879 0.114728570 0.952050447
1403636747813555456.000000 -0.385187775 3.168817043 2.570836782 -0.263624579 0.106207132 0.115803450 0.951741397
1403636747863555584.000000 -0.361752212 3.161147833 2.574157476 -0.264039487 0.106810264 0.117491141 0.951351941
1403636747913555456.000000 -0.335405946 3.153771400 2.577206135 -0.262088060 0.109020554 0.124298215 0.950775683
1403636747963555584.000000 -0.308269411 3.145884514 2.578343630 0.259947211 -0.114753731 -0.131820515 -0.949674904
1403636748013555456.000000 -0.282292664 3.138596058 2.581213474 0.257584959 -0.117489375 -0.139273509 -0.948920012
1403636748063555584.000000 -0.271942139 3.133479834 2.582399845 -0.256255418 0.119907439 0.144684091 0.948167682
1403636748113555456.000000 -0.249847308 3.127681255 2.585766792 -0.256099880 0.119915776 0.147200763 0.947821200
1403636748163555584.000000 -0.229709029 3.122700930 2.589474201 -0.255514920 0.119773485 0.150734097 0.947441638
1403636748213555456.000000 -0.211727753 3.118729591 2.593268156 -0.256986558 0.118425861 0.149749368 0.947369218
1403636748263555584.000000 -0.197796166 3.115343809 2.595685720 0.259725064 -0.116172835 -0.144669846 -0.947690606
1403636748313555456.000000 -0.183556154 3.113587618 2.599828243 0.263444841 -0.113498650 -0.138086766 -0.947969973
1403636748363555584.000000 -0.170160010 3.112492800 2.604402065 0.267204404 -0.110858187 -0.130626217 -0.948287487
1403636748413555456.000000 -0.157224044 3.111838341 2.609416246 0.270110667 -0.109083362 -0.124040335 -0.948554218
1403636748463555584.000000 -0.143741667 3.111048460 2.614192963 0.271392941 -0.109140366 -0.121261224 -0.948540986
1403636748513555456.000000 -0.128242895 3.114977598 2.616914272 -0.272313297 0.109442540 0.117752261 0.948684514
1403636748563555584.000000 -0.113277197 3.113177299 2.620132446 -0.272564679 0.109698012 0.117592894 0.948602617
1403636748613555456.000000 -0.096966997 3.111103773 2.622529984 -0.271082282 0.111764602 0.121034503 0.948353231
1403636748663555584.000000 -0.079446003 3.109272242 2.624255657 -0.269685775 0.113733113 0.124435544 0.948077083
1403636748713555456.000000 -0.064134508 3.105201244 2.624774694 0.267731547 -0.116100006 -0.129266590 -0.947697639
1403636748763555584.000000 -0.037761569 3.109435081 2.630352259 -0.266014755 0.117633000 0.133651167 0.947383821
1403636748813555456.000000 -0.023423612 3.107313633 2.631868839 -0.265087306 0.118803233 0.137387484 0.946963191
1403636748863555584.000000 -0.010228962 3.105777979 2.633788824 -0.265049487 0.120089412 0.139722347 0.946469784
1403636748913555456.000000 0.001694769 3.104913473 2.635937214 -0.265346110 0.121433981 0.142419741 0.945812881
1403636748963555584.000000 0.011317790 3.105478048 2.638253927 0.266321063 -0.121841706 -0.143990591 -0.945248365
1403636749013555456.000000 0.020438522 3.106160402 2.640111685 0.267442882 -0.122629188 -0.145412385 -0.944611967
1403636749063555584.000000 0.028586149 3.107384920 2.641784668 0.267250836 -0.124033406 -0.148862928 -0.943945229
1403636749113555456.000000 0.035966963 3.109390020 2.642962933 0.266585022 -0.126121104 -0.152882829 -0.943214059
1403636749163555584.000000 0.042485178 3.112462282 2.643678665 0.266932040 -0.127292737 -0.154519603 -0.942691624
1403636749213555456.000000 0.073345512 3.128225088 2.654639721 -0.268805921 0.126470387 0.153523698 0.942432523
1403636749263555584.000000 0.080848038 3.133278370 2.651935339 -0.272892714 0.125308245 0.148088470 0.942283034
1403636749313555456.000000 0.089642912 3.139244080 2.647638321 -0.276436150 0.124513954 0.143040106 0.942135274
1403636749363555584.000000 0.099711001 3.145896435 2.641955137 -0.279416203 0.122750252 0.138706774 0.942135572
1403636749413555456.000000 0.109903127 3.151624441 2.635124683 0.281890571 -0.121298939 -0.134665117 -0.942172825
1403636749463555584.000000 0.135867804 3.164022446 2.631802082 -0.284383953 0.120125100 0.130189344 0.942203045
1403636749513555456.000000 0.147434086 3.169291258 2.622954130 -0.286266595 0.118577093 0.126331747 0.942354143
1403636749563555584.000000 0.159466416 3.174314737 2.613863707 -0.288187414 0.116537571 0.121809721 0.942618370
1403636749613555456.000000 0.171039820 3.179218769 2.605199099 -0.289926708 0.116281763 0.117486730 0.942665398
1403636749663555584.000000 0.182695597 3.184137106 2.599524260 0.290074974 -0.115593135 -0.116143867 -0.942870796
1403636749713555456.000000 0.191923767 3.187446356 2.593760729 0.289271712 -0.116957702 -0.116167739 -0.942946374
1403636749763555584.000000 0.200137228 3.190007925 2.588926554 0.288315624 -0.120202534 -0.116085432 -0.942841291
1403636749813555456.000000 0.221206039 3.198459387 2.587227821 -0.287274987 0.124379471 0.115817599 0.942650020
1403636749863555584.000000 0.226775080 3.199665070 2.584012508 -0.285875052 0.129523054 0.116107315 0.942347288
1403636749913555456.000000 0.231274068 3.200340033 2.581621408 -0.284603447 0.132936224 0.115489520 0.942332804
1403636749963555584.000000 0.234511882 3.200207472 2.579349041 -0.283125728 0.136190280 0.114734285 0.942405522
1403636750013555456.000000 0.236775458 3.200338364 2.577823877 0.281405628 -0.137630180 -0.114308335 -0.942763209
1403636750063555584.000000 0.246174395 3.201570034 2.577437878 -0.279932112 0.138122201 0.114184886 0.943144858
1403636750113555456.000000 0.245578915 3.198646307 2.574709654 -0.278095841 0.136816308 0.114438049 0.943847477
1403636750163555584.000000 0.245301634 3.194817543 2.570669651 -0.276644707 0.134897143 0.114551693 0.944536090
1403636750213555456.000000 0.245966017 3.190043211 2.565083504 -0.274761170 0.133513317 0.115219735 0.945200980
1403636750263555584.000000 0.244106054 3.184254169 2.557834625 0.273269176 -0.130014226 -0.115068309 -0.946139336
1403636750313555456.000000 0.253712326 3.180346012 2.551487684 0.271411359 -0.127841875 -0.115864165 -0.946872711
1403636750363555584.000000 0.255106151 3.173245192 2.540651321 0.270065784 -0.124917299 -0.114900991 -0.947764754
1403636750413555456.000000 0.263986558 3.167205572 2.529752493 0.267904282 -0.123860605 -0.116494976 -0.948322117
1403636750463555584.000000 0.275198787 3.160831928 2.517290354 0.266489983 -0.122496158 -0.115275428 -0.949046552
1403636750513555456.000000 0.288681418 3.153924942 2.502804518 0.264727652 -0.122798510 -0.114407569 -0.949605584
1403636750563555584.000000 0.303080201 3.139881372 2.480708122 -0.263440192 0.121229127 0.113421693 0.950283349
1403636750613555456.000000 0.319791198 3.132802963 2.464116573 -0.261667103 0.120444961 0.112977177 0.950925589
1403636750663555584.000000 0.337605953 3.125755072 2.446424961 -0.261219501 0.119917445 0.110771216 0.951374769
1403636750713555456.000000 0.356614649 3.118243694 2.428008080 -0.259967208 0.118908122 0.110286228 0.951900721
1403636750763555584.000000 0.379579604 3.112444878 2.409089804 0.258740008 -0.117722921 -0.109908909 -0.952425838
1403636750813555456.000000 0.391150057 3.096026421 2.387283802 -0.258388847 0.116714425 0.108921431 0.952758670
1403636750863555584.000000 0.414533168 3.088058233 2.366124153 -0.257599205 0.115873501 0.108517192 0.953121185
1403636750913555456.000000 0.438588083 3.079357862 2.343526602 -0.257815123 0.113425471 0.107124060 0.953514814
1403636750963555584.000000 0.462243438 3.070097923 2.321043015 -0.258194268 0.111820228 0.105512448 0.953781486
1403636751013555456.000000 0.484662324 3.059558868 2.298600197 0.258808881 -0.110433534 -0.104749590 -0.953860521
1403636751063555584.000000 0.498490423 3.043105125 2.277745247 -0.259186596 0.110094525 0.104483910 0.953826368
1403636751113555456.000000 0.519109368 3.032533646 2.258216619 -0.259053588 0.109831087 0.105213009 0.953812718
1403636751163555584.000000 0.538209200 3.021609783 2.240184069 -0.258726627 0.107533179 0.107324786 0.953927994
1403636751213555456.000000 0.556364059 3.010437250 2.223177671 -0.259226978 0.102653906 0.107785314 0.954277694
1403636751263555584.000000 0.573447287 2.997504950 2.206302404 0.258735776 -0.098573066 -0.110515848 -0.954528928
1403636751313555456.000000 0.591030598 2.985579729 2.190541267 0.258063793 -0.096584603 -0.113277972 -0.954590321
1403636751363555584.000000 0.608802319 2.973798752 2.175528049 0.256831884 -0.097158872 -0.117391720 -0.954367220
1403636751413555456.000000 0.626940548 2.962332249 2.161246300 0.255788773 -0.100196458 -0.121068843 -0.953873813
1403636751463555584.000000 0.645092487 2.951373339 2.147505760 0.254200786 -0.104358897 -0.125782177 -0.953241885
1403636751513555456.000000 0.668561935 2.944549799 2.132931948 0.252344310 -0.108504973 -0.128813386 -0.952867389
1403636751563555584.000000 0.672956765 2.924931526 2.127196789 -0.250309229 0.113577142 0.129643872 0.952700436
1403636751613555456.000000 0.689418316 2.915383101 2.114913225 -0.246574342 0.115466699 0.131193638 0.953234911
1403636751663555584.000000 0.704965949 2.906574249 2.102110863 -0.243084356 0.115870558 0.132085010 0.953958929
1403636751713555456.000000 0.718650937 2.898338795 2.089655161 -0.239591897 0.113148868 0.132936612 0.955050290
1403636751763555584.000000 0.732145131 2.891734838 2.077927828 0.236532152 -0.109269649 -0.133689955 -0.956158817
1403636751813555456.000000 0.744456232 2.885992289 2.065713644 0.233595774 -0.104807697 -0.134501070 -0.957265854
1403636751863555584.000000 0.756677866 2.881946564 2.053479195 0.232940719 -0.099129915 -0.132023558 -0.958374560
1403636751913555456.000000 0.769295573 2.879099607 2.040925026 0.233151793 -0.095479310 -0.127534315 -0.959301353
1403636751963555584.000000 0.782048821 2.877522945 2.028936625 0.233907282 -0.092545822 -0.122684672 -0.960037112
1403636752013555456.000000 0.795089483 2.876958609 2.017798901 0.234898895 -0.090504192 -0.118336491 -0.960535288
1403636752063555584.000000 0.814305902 2.881507158 2.012790203 -0.235726178 0.090713434 0.115118630 0.960703969
1403636752113555456.000000 0.828055084 2.882281065 2.003120184 -0.236027166 0.092569873 0.113005415 0.960703790
1403636752163555584.000000 0.842156708 2.883819342 1.994578838 -0.235440820 0.097012147 0.110288896 0.960725129
1403636752213555456.000000 0.856441259 2.885929585 1.987261653 -0.233772382 0.102058992 0.107230313 0.960955858
1403636752263555584.000000 0.869951844 2.885201454 1.979525328 0.230228886 -0.106652252 -0.104338191 -0.961630642
1403636752313555456.000000 0.885398328 2.886231899 1.971683383 0.225713521 -0.112300687 -0.100959361 -0.962418377
1403636752363555584.000000 0.901850104 2.886962652 1.963336706 0.219872624 -0.117022924 -0.097138979 -0.963600457
1403636752413555456.000000 0.919152558 2.887545824 1.954183698 0.212895945 -0.119680904 -0.093267947 -0.965221703
1403636752463555584.000000 0.937429786 2.887952805 1.944253802 0.204590693 -0.120198488 -0.089472637 -0.967310548
1403636752513555456.000000 0.967437267 2.897989511 1.938812733 -0.195963740 0.120157063 0.084090538 0.969582081
1403636752563555584.000000 0.985190749 2.898356438 1.928685546 -0.186811313 0.118731484 0.079194866 0.971973598
1403636752613555456.000000 1.001842380 2.898971796 1.919337511 -0.177307561 0.117493838 0.073848583 0.974322200
1403636752663555584.000000 1.016705990 2.899832010 1.910835624 -0.167534754 0.114852764 0.068732731 0.976737857
1403636752713555456.000000 1.029578209 2.900152922 1.902614713 0.157208800 -0.114564344 -0.064065367 -0.978803396
1403636752763555584.000000 1.041193008 2.900800467 1.895431161 0.146759048 -0.113686010 -0.059043568 -0.980842054
1403636752813555456.000000 1.051038861 2.901463985 1.888989687 0.137208134 -0.112707689 -0.052109584 -0.982728660
1403636752863555584.000000 1.069320917 2.903733969 1.884271383 -0.126761690 0.111015320 0.045870326 0.984633505
1403636752913555456.000000 1.076337218 2.904248714 1.879042745 -0.117417410 0.111682884 0.037321646 0.986076713
1403636752963555584.000000 1.081480026 2.904516220 1.874984264 -0.107717946 0.111151613 0.028763346 0.987529755
1403636753013555456.000000 1.085229874 2.904508829 1.871788144 -0.097664110 0.110354871 0.020603353 0.988867581
1403636753063555584.000000 1.087243676 2.903904438 1.870060205 0.086997569 -0.109336123 -0.012603024 -0.990110219
1403636753113555456.000000 1.087928653 2.902734995 1.868983746 0.075970523 -0.108917482 -0.005157469 -0.991130173
1403636753163555584.000000 1.087468266 2.900805712 1.868878722 0.064527914 -0.108543947 0.001885259 -0.991993368
1403636753213555456.000000 1.085838079 2.898205519 1.869713306 0.053033739 -0.108250655 0.009094399 -0.992666364
1403636753263555584.000000 1.095606446 2.889359951 1.874138236 -0.042243257 0.107575536 -0.017391317 0.993146837
1403636753313555456.000000 1.091851711 2.885010719 1.876984596 -0.031903915 0.107787937 -0.026911171 0.993297398
1403636753363555584.000000 1.087498665 2.879779577 1.880175829 -0.021253558 0.109254397 -0.032800891 0.993245125
1403636753413555456.000000 1.083632469 2.873574734 1.883262038 -0.011337672 0.110441633 -0.035981357 0.993166387
1403636753463555584.000000 1.081472039 2.866880655 1.885723710 0.001847111 -0.110796802 0.036091626 -0.993185878
1403636753513555456.000000 1.079681993 2.859080315 1.887509704 -0.005674457 -0.111195058 0.035625771 -0.993143618
1403636753563555584.000000 1.079326034 2.850713491 1.887681484 -0.012222889 -0.111547656 0.034351863 -0.993090034
1403636753613555456.000000 1.080074430 2.841956139 1.886172056 -0.016806839 -0.113191366 0.033745393 -0.992857814
1403636753663555584.000000 1.088114738 2.821954250 1.886951923 0.019891914 0.113328949 -0.032873914 0.992814302
1403636753713555456.000000 1.089189887 2.812630892 1.883615732 0.021983707 0.113382101 -0.031930596 0.992794871
1403636753763555584.000000 1.090274572 2.803111076 1.880348444 0.022562945 0.114554442 -0.032491185 0.992629111
1403636753813555456.000000 1.090200067 2.793169498 1.877400756 0.022452604 0.115230180 -0.033204708 0.992529809
1403636753863555584.000000 1.089219809 2.783706903 1.874177337 -0.021693993 -0.115739703 0.033144593 -0.992489457
1403636753913555456.000000 1.085970640 2.773723364 1.871695876 -0.021454286 -0.115438521 0.031751808 -0.992575228
1403636753963555584.000000 1.081585407 2.763594151 1.869178534 -0.020441387 -0.115989216 0.031676292 -0.992534816
1403636754013555456.000000 1.077503324 2.753232718 1.866044998 -0.018921077 -0.116716236 0.031782057 -0.992476285
1403636754063555584.000000 1.074992180 2.742411375 1.862113714 -0.017969780 -0.119978651 0.030718112 -0.992138386
1403636754113555456.000000 1.073967099 2.731239080 1.857185841 -0.017114500 -0.123532042 0.029844984 -0.991744041
1403636754163555584.000000 1.078368783 2.706927061 1.858857989 0.015267810 0.125806689 -0.029689204 0.991492927
1403636754213555456.000000 1.078454137 2.694581032 1.851545691 0.013199731 0.128360644 -0.030654088 0.991165876
1403636754263555584.000000 1.078991175 2.681766033 1.842454195 0.011335781 0.129503042 -0.031202544 0.991023183
1403636754313555456.000000 1.080761552 2.668219805 1.832919002 0.009694538 0.129644707 -0.031498168 0.991012692
1403636754363555584.000000 1.083564520 2.653577089 1.822790504 0.008399286 0.129725590 -0.032801516 0.990971625
1403636754413555456.000000 1.086820960 2.638972759 1.807523727 -0.008927537 -0.129525080 0.032730617 -0.990995646
1403636754463555584.000000 1.089214444 2.623008490 1.793699503 -0.010972577 -0.129025772 0.033303276 -0.991021097
1403636754513555456.000000 1.090367556 2.606287718 1.779581547 -0.013485968 -0.128147453 0.035021476 -0.991044879
1403636754563555584.000000 1.089551330 2.588709354 1.765681148 -0.016785990 -0.126240447 0.038320683 -0.991117120
1403636754613555456.000000 1.086880565 2.570188522 1.752204537 -0.021480683 -0.124400586 0.041666191 -0.991124094
1403636754663555584.000000 1.086667776 2.545285225 1.740836024 0.027382864 0.123788580 -0.044688627 0.990923584
1403636754713555456.000000 1.080970764 2.525025368 1.727349520 0.034773160 0.122579992 -0.047318984 0.990719914
1403636754763555584.000000 1.074189305 2.503865719 1.714156389 0.042984355 0.122783810 -0.050570071 0.990211725
1403636754813555456.000000 1.065950751 2.482706070 1.701213598 0.050342914 0.122408427 -0.054478757 0.989703953
1403636754863555584.000000 1.056931973 2.461111784 1.688169003 -0.057723917 -0.122019000 0.056421410 -0.989240110
1403636754913555456.000000 1.046050787 2.439493656 1.675112367 -0.063156649 -0.122460917 0.059783041 -0.988655984
1403636754963555584.000000 1.033737779 2.417567015 1.662148714 -0.068892755 -0.121861964 0.061346181 -0.988251090
1403636755013555456.000000 1.020535707 2.395398140 1.649173737 -0.072545879 -0.121423081 0.065178409 -0.987798214
1403636755063555584.000000 1.012994647 2.374397278 1.635409951 0.076400653 0.121457137 -0.065580949 0.987476766
1403636755113555456.000000 0.999323428 2.351736784 1.620504856 0.079285793 0.121015742 -0.067166820 0.987196922
1403636755163555584.000000 0.985626400 2.328922749 1.603792191 0.082130976 0.120138116 -0.067144632 0.987072945
1403636755213555456.000000 0.972790480 2.305861235 1.585284591 0.084340326 0.119873837 -0.067363329 0.986903846
1403636755263555584.000000 0.959600508 2.282184362 1.566011310 -0.085523993 -0.117165416 0.067841247 -0.987094522
1403636755313555456.000000 0.948779285 2.258249521 1.545597434 -0.086367428 -0.112141177 0.068188615 -0.987580538
1403636755363555584.000000 0.939114749 2.234254360 1.523509860 -0.086805649 -0.105995260 0.068232238 -0.988217652
1403636755413555456.000000 0.931269109 2.210085154 1.501069784 -0.086395212 -0.100916497 0.069321655 -0.988709390
1403636755463555584.000000 0.925093770 2.185531855 1.478759050 -0.086259440 -0.097556539 0.069034211 -0.989078581
1403636755513555456.000000 0.919645131 2.160573483 1.457003951 -0.085337773 -0.096773565 0.069656789 -0.989191771
1403636755563555584.000000 0.925860405 2.135759115 1.433658004 0.084005348 0.096044071 -0.070927374 0.989286602
1403636755613555456.000000 0.919740021 2.109904051 1.414119244 0.083045401 0.097966924 -0.071557172 0.989133775
1403636755663555584.000000 0.912730098 2.083419323 1.395992398 0.083078124 0.099361718 -0.069647856 0.989128172
1403636755713555456.000000 0.904655218 2.056797743 1.379040360 0.082713693 0.100207329 -0.068819486 0.989131331
1403636755763555584.000000 0.893311203 2.029833317 1.363233447 -0.082815781 -0.101653278 0.067102194 -0.989093304
1403636755813555456.000000 0.883093953 2.002510309 1.347891808 -0.082913756 -0.104583859 0.065766074 -0.988869190
1403636755863555584.000000 0.871743798 1.974976897 1.333271384 -0.083139032 -0.106336512 0.064672932 -0.988735497
1403636755913555456.000000 0.860324860 1.947148323 1.319132566 -0.083125345 -0.109098449 0.064313024 -0.988459229
1403636755963555584.000000 0.849331617 1.918953896 1.304955602 -0.083638825 -0.109940164 0.063007981 -0.988406718
1403636756013555456.000000 0.839409947 1.890615940 1.289827585 -0.083953746 -0.111191913 0.062305972 -0.988284469
1403636756063555584.000000 0.829113066 1.861965775 1.267961860 0.084017530 0.111627705 -0.061809670 0.988261104
1403636756113555456.000000 0.822902441 1.833184958 1.251975298 0.083443157 0.112558432 -0.063024946 0.988127410
1403636756163555584.000000 0.818597794 1.803738832 1.235391378 0.083416477 0.113726243 -0.063513845 0.987964630
1403636756213555456.000000 0.814793468 1.774270296 1.217516065 0.083723404 0.114892475 -0.063124336 0.987828732
1403636756263555584.000000 0.811474562 1.744490862 1.199515581 -0.084197961 -0.115124814 0.062783279 -0.987783015
1403636756313555456.000000 0.807598412 1.714747190 1.181191564 -0.084557682 -0.115178198 0.062774904 -0.987746596
1403636756363555584.000000 0.803094149 1.684889674 1.163413644 -0.084880121 -0.115758233 0.063364245 -0.987613559
1403636756413555456.000000 0.797234178 1.655111074 1.146148682 -0.084802389 -0.116286732 0.064317651 -0.987496436
1403636756463555584.000000 0.781161547 1.630486727 1.122788787 0.085434929 0.116591103 -0.064147033 0.987417102
1403636756513555456.000000 0.771480262 1.600650787 1.106405139 0.086162426 0.116545931 -0.063914828 0.987374306
1403636756563555584.000000 0.760336339 1.571018815 1.090802073 0.086403355 0.116640352 -0.064469777 0.987306058
1403636756613555456.000000 0.747623980 1.541211247 1.075254440 0.086882479 0.117140241 -0.064287454 0.987216651
1403636756663555584.000000 0.735755682 1.512527227 1.058993340 -0.087793693 -0.117533326 0.064012416 -0.987107217
1403636756713555456.000000 0.722805202 1.485255837 1.039673328 0.088466197 0.118789591 -0.064135514 0.986888766
1403636756763555584.000000 0.711095393 1.455997229 1.021111488 0.088958994 0.119394206 -0.064226948 0.986765563
1403636756813555456.000000 0.699593902 1.426903963 1.001265883 0.089798778 0.119838335 -0.063806340 0.986662984
1403636756863555584.000000 0.688728809 1.398008227 0.980124652 0.090450898 0.119552337 -0.063672408 0.986646712
1403636756913555456.000000 0.677161038 1.369913340 0.956006289 -0.090665184 -0.119445272 0.064133622 -0.986610174
1403636756963555584.000000 0.672030032 1.340574980 0.930682957 0.091457225 0.119098969 -0.063645147 0.986610532
1403636757013555456.000000 0.662875593 1.312397957 0.905031145 0.091620751 0.119330108 -0.064238861 0.986528933
1403636757063555584.000000 0.652988732 1.284143806 0.879310489 0.092962518 0.118707918 -0.062373556 0.986598194
1403636757113555456.000000 0.642393649 1.256103277 0.853687525 0.093098998 0.119233266 -0.062630974 0.986505687
1403636757163555584.000000 0.630701125 1.228294492 0.828387916 -0.093282543 -0.118193112 0.062594235 -0.986615837
1403636757213555456.000000 0.620437980 1.200518370 0.805700481 0.093447581 0.118574850 -0.062410783 0.986566007
1403636757263555584.000000 0.605607927 1.173292994 0.780983269 0.093351901 0.118331067 -0.063264623 0.986549973
1403636757313555456.000000 0.589360595 1.146457195 0.756541133 0.092259333 0.117781386 -0.065779954 0.986554027
1403636757363555584.000000 0.571643949 1.119511127 0.732498109 0.092634507 0.116681978 -0.065628670 0.986659586
1403636757413555456.000000 0.553374290 1.092279315 0.708562016 -0.092073560 -0.114952475 0.067434788 -0.986793280
1403636757463555584.000000 0.531580389 1.068567038 0.689517558 0.091366120 0.113115445 -0.069639713 0.986918211
1403636757513555456.000000 0.513300419 1.041052103 0.664564431 0.092101671 0.110724352 -0.072260626 0.986932516
1403636757563555584.000000 0.496277064 1.012916327 0.638770282 0.094204627 0.106594883 -0.074477933 0.987023890
1403636757613555456.000000 0.480253041 0.984169781 0.612358212 0.097122245 0.100644134 -0.077039592 0.987169206
1403636757663555584.000000 0.466628492 0.953980803 0.584525645 -0.099894263 -0.094269268 0.079408735 -0.987334192
1403636757713555456.000000 0.448079675 0.928043723 0.564182162 0.103267759 0.087992668 -0.081173889 0.987422884
1403636757763555584.000000 0.438790530 0.897091210 0.536655784 0.106521398 0.082749628 -0.082314014 0.987436116
1403636757813555456.000000 0.432369053 0.865457296 0.509208381 0.109542713 0.078637481 -0.083647855 0.987329602
1403636757863555584.000000 0.429825574 0.832957089 0.482100159 0.112793528 0.076126553 -0.083550088 0.987168610
1403636757913555456.000000 0.430730969 0.799431622 0.455463886 -0.115663454 -0.075953081 0.083685264 -0.986838341
1403636757963555584.000000 0.425016642 0.769123614 0.434087247 0.118980438 0.078490205 -0.082342178 0.986358345
1403636758013555456.000000 0.429169625 0.735330343 0.408344865 0.121104181 0.086295836 -0.082200237 0.985459328
1403636758063555584.000000 0.432421148 0.701586902 0.384506136 0.123550311 0.093059741 -0.081376046 0.984608173
1403636758113555456.000000 0.435158372 0.667966187 0.363207370 -0.125894070 -0.099595740 0.079731084 -0.983806074
1403636758163555584.000000 0.436301470 0.634515047 0.342170447 -0.127387717 -0.104802556 0.078894906 -0.983140051
1403636758213555456.000000 0.435724288 0.601771116 0.321953893 -0.128656462 -0.109244905 0.078254312 -0.982542336
1403636758263555584.000000 0.433236897 0.569522858 0.302447408 -0.129751623 -0.111116476 0.077055223 -0.982283175
1403636758313555456.000000 0.428935796 0.537732959 0.283919245 -0.130772114 -0.112753794 0.075508513 -0.982081294
1403636758363555584.000000 0.411182582 0.507184565 0.270108581 0.131515577 0.111658245 -0.074471280 0.982186437
1403636758413555456.000000 0.400390804 0.476923794 0.254201919 0.132303938 0.104783840 -0.072633766 0.982975245
1403636758463555584.000000 0.388122797 0.446948349 0.239169508 0.133366764 0.095271692 -0.069993511 0.983990669
1403636758513555456.000000 0.374036521 0.416709304 0.225661173 0.135196462 0.083471321 -0.065536134 0.985119045
1403636758563555584.000000 0.363401473 0.388027519 0.210994497 -0.137627885 -0.072272584 0.059920598 -0.986024797
1403636758613555456.000000 0.349916756 0.357435256 0.201120064 0.139538184 0.063069239 -0.055232819 0.986661434
1403636758663555584.000000 0.340351820 0.330306053 0.191846505 0.139626622 0.061035249 -0.053938363 0.986848414
1403636758713555456.000000 0.333304137 0.304204971 0.184692666 0.139162764 0.067444034 -0.053901579 0.986498713
1403636758763555584.000000 0.327381402 0.279313266 0.179574072 0.137234047 0.076619379 -0.056357719 0.985961556
1403636758813555456.000000 0.321385354 0.256657332 0.176627994 -0.137230262 -0.085127465 0.056355011 -0.985264122
1403636758863555584.000000 0.315224528 0.230462417 0.174144685 0.136063263 0.093977287 -0.058794729 0.984478712
1403636758913555456.000000 0.308684438 0.209253788 0.172940478 0.133493185 0.100035399 -0.063696750 0.983928502
1403636758963555584.000000 0.301208287 0.188778505 0.172282398 0.132517219 0.104777172 -0.065656208 0.983438015
1403636759013555456.000000 0.292568594 0.168808505 0.172086209 0.131724179 0.107107334 -0.067440562 0.983172715
1403636759063555584.000000 0.283839822 0.150555983 0.171074331 -0.133011341 -0.109503627 0.065158963 -0.982889295
1403636759113555456.000000 0.275406867 0.127670586 0.171313509 0.136316568 0.109894827 -0.058288518 0.982824206
1403636759163555584.000000 0.264691293 0.109518878 0.171761334 0.141641766 0.109094717 -0.048157305 0.982708931
1403636759213555456.000000 0.253447413 0.092499748 0.172711849 0.146689370 0.108010262 -0.038422734 0.982517004
1403636759263555584.000000 0.241764337 0.077659100 0.174530014 0.150886029 0.107013620 -0.030223895 0.982276976
1403636759313555456.000000 0.227906063 0.067063518 0.178604484 -0.151970416 -0.106878288 0.028211024 -0.982184410
1403636759363555584.000000 0.219020098 0.055615976 0.179314092 0.149244681 0.108640648 -0.034506690 0.982208014
1403636759413555456.000000 0.205531076 0.049270496 0.183457240 0.145677909 0.109508403 -0.042393964 0.982338369
1403636759463555584.000000 0.191515550 0.044589099 0.187977925 0.142464846 0.111608192 -0.049892340 0.982221007
1403636759513555456.000000 0.181185678 0.037953500 0.188527420 0.138943434 0.112611368 -0.057512928 0.982194364
1403636759563555584.000000 0.160197377 0.039090883 0.196677461 -0.137145892 -0.113817334 0.062670268 -0.981992424
1403636759613555456.000000 0.149519235 0.036351193 0.198473617 0.134889111 0.114813209 -0.068614163 0.981791794
1403636759663555584.000000 0.139167100 0.033982083 0.199169710 0.133795992 0.115108028 -0.072142936 0.981653869
1403636759713555456.000000 0.129864529 0.032016262 0.198124737 0.133147880 0.114750482 -0.074482106 0.981609166
1403636759763555584.000000 0.117405839 0.033519622 0.196635604 -0.133940533 -0.115183108 0.073979482 -0.981488585
1403636759813555456.000000 0.113335475 0.033690672 0.192544505 0.133397833 0.116359942 -0.075482123 0.981309295
1403636759863555584.000000 0.108209766 0.032641187 0.188268945 0.133514255 0.115334593 -0.074965559 0.981454015
1403636759913555456.000000 0.102062449 0.031877778 0.183954433 0.133229554 0.110244259 -0.075623862 0.982027054
1403636759963555584.000000 0.094207771 0.031315692 0.179490045 -0.132513180 -0.104641676 0.076587394 -0.982662082
1403636760013555456.000000 0.086544141 0.032620508 0.174827680 0.132373646 0.099993110 -0.076424271 0.983177483
1403636760063555584.000000 0.078228138 0.032294508 0.171101198 0.132628903 0.095637552 -0.075010769 0.983685136
1403636760113555456.000000 0.069798440 0.032220319 0.167951658 0.131653965 0.091115542 -0.076077707 0.984163344
1403636760163555584.000000 0.061002135 0.030482560 0.165684119 -0.131118000 -0.087550588 0.076563008 -0.984520733
1403636760213555456.000000 0.053858344 0.031722404 0.163657218 0.131869063 0.091604799 -0.075176358 0.984158337
1403636760263555584.000000 0.047379494 0.031511389 0.162599966 0.132178575 0.098910563 -0.074047185 0.983495116
1403636760313555456.000000 0.040398140 0.032157220 0.161833003 0.133416578 0.105787374 -0.071893804 0.982771814
1403636760363555584.000000 0.033100337 0.030404940 0.161970258 -0.132925063 -0.109977275 0.072708979 -0.982318401
1403636760413555456.000000 0.023837207 0.031785246 0.161939323 0.132602885 0.114079870 -0.074018009 0.981796145
1403636760463555584.000000 0.014326386 0.032748032 0.161996484 0.131897300 0.115485102 -0.075398110 0.981621802
1403636760513555456.000000 0.004019192 0.034082174 0.161206394 0.131008089 0.114033535 -0.077258535 0.981765985
1403636760563555584.000000 -0.006849156 0.035336331 0.160302982 0.130548924 0.109028593 -0.078731157 0.982278526
1403636760613555456.000000 -0.017603662 0.035687216 0.160154730 0.129880756 0.103685915 -0.080255531 0.982822120
1403636760663555584.000000 -0.028131954 0.036545601 0.158789501 0.128732130 0.099883519 -0.082905829 0.983146966
1403636760713555456.000000 -0.038241982 0.037170809 0.157147810 0.128046095 0.096648656 -0.085058436 0.983375967
1403636760763555584.000000 -0.046520960 0.036296621 0.154655993 -0.127322078 -0.097093888 0.087080628 -0.983249128
1403636760813555456.000000 -0.055497214 0.035775322 0.154482290 0.127399251 0.099736646 -0.087785542 0.982911885
1403636760863555584.000000 -0.063644730 0.034416333 0.152905077 0.126998484 0.103570133 -0.089276470 0.982432961
1403636760913555456.000000 -0.071983196 0.032439027 0.151177883 0.127078637 0.106797941 -0.090417407 0.981972516
1403636760963555584.000000 -0.080470927 0.029394688 0.148376793 -0.127159253 -0.106503606 0.090558812 -0.981981039
1403636761013555456.000000 -0.090817414 0.026659012 0.147942856 0.128075659 0.102748454 -0.089254200 0.982381344
1403636761063555584.000000 -0.100558244 0.023043483 0.146368831 0.128800541 0.097712837 -0.087645635 0.982945025
1403636761113555456.000000 -0.110297687 0.018548859 0.145147830 0.129650220 0.090972997 -0.086194560 0.983608305
1403636761163555584.000000 -0.119239032 0.013009168 0.143268377 -0.129758790 -0.083205685 0.085903876 -0.984306872
1403636761213555456.000000 -0.128583282 0.007747137 0.143714607 0.129301280 0.076473370 -0.087542668 0.984768689
1403636761263555584.000000 -0.136047661 0.001773721 0.143747047 0.129585400 0.071751595 -0.086721614 0.985159218
1403636761313555456.000000 -0.141550273 -0.004912497 0.144690260 0.129196256 0.070603244 -0.087450109 0.985229015
1403636761363555584.000000 -0.144765109 -0.012943662 0.145322919 -0.129832685 -0.073387951 0.086782448 -0.985000789
1403636761413555456.000000 -0.146418884 -0.021087941 0.147648945 0.130333573 0.080490552 -0.086083487 0.984441042
1403636761463555584.000000 -0.146722883 -0.029374672 0.149563491 0.130413726 0.088517509 -0.085813798 0.983764708
1403636761513555456.000000 -0.146184444 -0.038320862 0.151839063 0.131005466 0.095770791 -0.084421337 0.983126998
1403636761563555584.000000 -0.144760907 -0.046966702 0.153322771 -0.131224260 -0.101957135 0.083376385 -0.982564688
1403636761613555456.000000 -0.142704263 -0.056527842 0.154978082 0.131565258 0.106680758 -0.081866130 0.982144535
1403636761663555584.000000 -0.141433120 -0.065784782 0.156405970 0.133270293 0.108434118 -0.077621184 0.982067227
1403636761713555456.000000 -0.139791980 -0.074852720 0.157492593 0.135975033 0.109332561 -0.071090341 0.982091367
1403636761763555584.000000 -0.138763785 -0.082412690 0.158056974 -0.138484791 -0.109003350 0.065336458 -0.982176900
1403636761813555456.000000 -0.135832757 -0.090703405 0.157629475 0.140387714 0.108624063 -0.060442809 0.982262075
1403636761863555584.000000 -0.132982492 -0.097327463 0.157522589 0.141601130 0.108188927 -0.057563059 0.982308924
1403636761913555456.000000 -0.129796237 -0.102367871 0.157140374 0.140756801 0.107529864 -0.058656920 0.982437968
1403636761963555584.000000 -0.127092451 -0.105838269 0.156883150 -0.138763756 -0.107435845 0.061979946 -0.982527733
1403636762013555456.000000 -0.123435967 -0.108997934 0.154626474 0.134426624 0.109389894 -0.070296474 0.982355237
1403636762063555584.000000 -0.119231634 -0.111597277 0.153501794 0.129756764 0.111236617 -0.078732625 0.982135892
1403636762113555456.000000 -0.114713617 -0.114251204 0.151493564 0.123905145 0.113152169 -0.090095557 0.981695950
1403636762163555584.000000 -0.110513404 -0.116929471 0.149974316 -0.119560197 -0.112867482 0.098147221 -0.981495559
1403636762213555456.000000 -0.108543158 -0.121050678 0.145805761 0.117304064 0.108358443 -0.101370960 0.981948197
1403636762263555584.000000 -0.106684484 -0.126767606 0.143527225 0.116967581 0.100567147 -0.101019107 0.982852995
1403636762313555456.000000 -0.106352158 -0.133585036 0.142269552 0.117377773 0.092275344 -0.099011570 0.983821392
1403636762363555584.000000 -0.107161231 -0.141459137 0.142814040 -0.118243717 -0.084864937 0.096401066 -0.984643757
1403636762413555456.000000 -0.109509140 -0.150518447 0.145167023 -0.119809620 -0.080693603 0.092516690 -0.985177577
1403636762463555584.000000 -0.114401035 -0.159480676 0.147546589 0.123371586 0.078538746 -0.084895246 0.985598266
1403636762513555456.000000 -0.118569277 -0.170433968 0.153280526 0.130105868 0.081088305 -0.070956305 0.985627949
1403636762563555584.000000 -0.124053843 -0.181103706 0.160525069 0.136459440 0.085198849 -0.057692226 0.985287607
1403636762613555456.000000 -0.129963458 -0.191529378 0.169757068 -0.142660573 -0.089649193 0.044905372 -0.984679878
1403636762663555584.000000 -0.138190657 -0.198984668 0.179284796 0.146443591 0.095213518 -0.037397739 0.983915746
1403636762713555456.000000 -0.147306427 -0.205344230 0.191782504 0.145261124 0.100428179 -0.040561132 0.983447075
1403636762763555584.000000 -0.157560498 -0.209867731 0.205579802 0.142605498 0.103963032 -0.046615299 0.983200073
1403636762813555456.000000 -0.169508308 -0.212699160 0.220504597 -0.138711199 -0.106426142 0.055574141 -0.983028054
1403636762863555584.000000 -0.169497907 -0.210637718 0.220565334 0.144580498 0.137315124 -0.045753274 0.978850245
1403636762913555456.000000 -0.170552745 -0.204923064 0.215530023 0.140703887 0.148868084 -0.049771193 0.977529347
1403636762963555584.000000 -0.179786578 -0.197759762 0.212984115 0.129212379 0.121730119 -0.062793225 0.982111514
1403636763013555456.000000 -0.187934518 -0.188825652 0.211313665 -0.119847879 -0.112019211 0.055447690 -0.984892786
1403636763063555584.000000 -0.194174796 -0.178570598 0.205428123 0.113431633 0.111444741 -0.041566126 0.986400366
1403636763113555456.000000 -0.199913606 -0.172202140 0.202362254 0.108085871 0.122711733 -0.033408329 0.985973239
1403636763163555584.000000 -0.201117799 -0.169427201 0.198838204 0.102906048 0.136411518 -0.027567584 0.984907269
1403636763213555456.000000 -0.208264261 -0.168746993 0.201187551 -0.101205960 -0.127976477 0.024362240 -0.986299098
1403636763263555584.000000 -0.210234612 -0.166993320 0.201649740 0.101648681 0.119512483 -0.023196556 0.987343013
1403636763313555456.000000 -0.213404104 -0.166900143 0.202522323 0.101799823 0.122764297 -0.022421120 0.986946285
1403636763363555584.000000 -0.218064889 -0.166610271 0.201599985 0.101952389 0.122583181 -0.022743011 0.986945748
1403636763413555456.000000 -0.223085180 -0.166074276 0.200713024 -0.102171682 -0.121075124 0.021910451 -0.987128079
1403636763463555584.000000 -0.224993199 -0.164852485 0.198445529 0.101800047 0.121420376 -0.022500776 0.987110794
1403636763513555456.000000 -0.230112821 -0.164586306 0.197332919 0.102060147 0.121401951 -0.021928210 0.987099051
1403636763563555584.000000 -0.235159099 -0.164108649 0.196254984 0.101896800 0.121470496 -0.022166358 0.987102151
1403636763613555456.000000 -0.238930032 -0.163423255 0.194758892 -0.101986945 -0.121249855 0.021920150 -0.987125516
1403636763663555584.000000 -0.242353827 -0.162070379 0.192021236 0.101957493 0.121460855 -0.022110797 0.987098336
1403636763713555456.000000 -0.247275144 -0.161514908 0.190389246 0.102054685 0.121323735 -0.021712450 0.987113953
1403636763763555584.000000 -0.252079278 -0.160618618 0.188616142 0.101775937 0.121381931 -0.022135301 0.987126231
1403636763813555456.000000 -0.256033123 -0.159416363 0.185844973 -0.102129415 -0.121294662 0.021512335 -0.987114191
