1403636626163555584.000000 0.046229672 -0.004866973 -0.000100358 0.003935740 0.001843235 0.009624767 0.999944270
1403636626213555456.000000 0.174597517 -0.025627185 0.006156474 0.004810228 -0.001802439 0.012310966 0.999911070
1403636626263555584.000000 0.217053339 -0.028797468 0.007713996 0.005646436 -0.002359365 0.014080242 0.999882221
1403636626313555456.000000 0.255870342 -0.029407738 0.010408478 0.006246004 -0.003165053 0.014897110 0.999864519
1403636626363555584.000000 0.279900670 -0.027952598 0.016113169 0.006256525 -0.003887820 0.013579526 0.999880672
1403636626413555456.000000 0.297451645 -0.024370607 0.021525048 0.005790011 -0.003727543 0.011928864 0.999905229
1403636626463555584.000000 0.122119531 -0.002135644 0.008027205 0.006182838 0.004556342 0.012338486 0.999894440
1403636626513555456.000000 0.229235142 -0.003130166 0.017754359 0.004488235 0.003563181 0.006717170 0.999961019
1403636626563555584.000000 0.193040803 0.012478175 0.021512732 0.004478462 0.008830471 0.003218213 0.999945879
1403636626613555456.000000 0.135596454 0.019696124 0.018233422 0.004540171 0.014808175 0.000871824 0.999879658
1403636626663555584.000000 0.137726098 0.028572654 0.019218463 0.004537097 0.017269434 -0.002659952 0.999837101
1403636626713555456.000000 0.130131796 0.018967403 0.014382279 0.004338273 0.016785640 -0.003895090 0.999842167
1403636626763555584.000000 0.126706451 0.024387885 0.013760679 0.005346707 0.014610283 -0.004706908 0.999867916
1403636626813555456.000000 0.133440450 0.034767427 0.013718271 0.006084522 0.011855169 -0.005033876 0.999898553
1403636626863555584.000000 0.127093643 0.040579792 0.011997358 0.006772818 0.008176500 -0.005526018 0.999928355
1403636626913555456.000000 0.120170884 0.045810126 0.010422768 0.007117850 0.003586972 -0.006197754 0.999949038
1403636626963555584.000000 0.102046266 0.042826768 0.006664417 0.007082513 -0.001110652 -0.006565319 0.999952793
1403636627013555456.000000 0.094127201 0.047730021 0.003784311 0.007217253 -0.005571858 -0.006472754 0.999937475
1403636627063555584.000000 0.086234018 0.052511085 0.001199708 0.006840358 -0.009552462 -0.006879797 0.999907315
1403636627113555456.000000 0.084000915 0.058446810 -0.003457830 0.006779267 -0.014351277 -0.007491426 0.999846041
1403636627163555584.000000 0.081984207 0.063088574 -0.007562219 0.007199928 -0.013064514 -0.006924585 0.999864757
1403636627213555456.000000 0.079859689 0.064177334 -0.010838492 0.007454874 -0.010586052 -0.007525494 0.999887943
1403636627263555584.000000 0.083379373 0.068247095 -0.015171547 0.007485757 -0.006872385 -0.007856466 0.999917507
1403636627313555456.000000 0.088667966 0.072175629 -0.020371808 0.008073642 -0.003191409 -0.007153802 0.999936759
1403636627363555584.000000 0.096647903 0.076087944 -0.027009586 0.008539478 -0.001844127 -0.005898768 0.999944448
1403636627413555456.000000 0.109013863 0.081824362 -0.036441196 0.008482414 -0.001010725 -0.005037264 0.999950826
1403636627463555584.000000 0.119733028 0.083071664 -0.044194710 0.009031216 -0.000249824 -0.003437096 0.999953330
1403636627513555456.000000 0.131166503 0.087108523 -0.052928392 0.007227088 -0.001004544 -0.001647545 0.999972105
1403636627563555584.000000 0.140325844 0.092178307 -0.061041858 0.004025026 -0.001948306 0.000574894 0.999989867
1403636627613555456.000000 0.145511225 0.098169014 -0.068716131 0.000039356 -0.003465581 0.002000413 0.999992013
1403636627663555584.000000 0.143974319 0.103535615 -0.073965453 -0.003433004 -0.006521150 0.003302153 0.999967396
1403636627713555456.000000 0.138758048 0.108934954 -0.075435430 -0.008099412 -0.011535605 0.004863649 0.999888897
1403636627763555584.000000 0.132110029 0.114277013 -0.078542568 -0.014003422 -0.017493248 0.005830078 0.999731958
1403636627813555456.000000 0.124932237 0.120414026 -0.081573173 -0.020534521 -0.023035383 0.007249533 0.999497533
1403636627863555584.000000 0.116617024 0.130152538 -0.083505407 -0.026329916 -0.028707607 0.009466929 0.999196231
1403636627913555456.000000 0.111324444 0.135353550 -0.083669737 -0.032409061 -0.033484895 0.010865899 0.998854578
1403636627963555584.000000 0.108969487 0.141459718 -0.083232492 -0.037111107 -0.036228411 0.010701275 0.998596966
1403636628013555456.000000 0.109376170 0.146532729 -0.083283484 -0.041862659 -0.037223533 0.010482965 0.998374760
1403636628063555584.000000 0.112462543 0.151994362 -0.081292622 -0.045457251 -0.035193514 0.011122991 0.998284280
1403636628113555456.000000 0.119436421 0.158682600 -0.079926640 -0.047867201 -0.028717812 0.012341500 0.998364568
1403636628163555584.000000 0.128779873 0.164511397 -0.077923350 -0.049807183 -0.019359838 0.013397445 0.998481333
1403636628213555456.000000 0.137778863 0.171941280 -0.070876844 -0.050645962 -0.010822668 0.016355364 0.998524129
1403636628263555584.000000 0.149156630 0.178665623 -0.067611046 -0.050885417 -0.004443239 0.019748949 0.998499334
1403636628313555456.000000 0.162155569 0.183444113 -0.065859810 -0.050430402 0.000108768 0.024280984 0.998432398
1403636628363555584.000000 0.179522991 0.194021925 -0.067455448 -0.050416060 0.001989995 0.027010439 0.998361051
1403636628413555456.000000 0.192264393 0.200885653 -0.066348046 -0.050130557 0.002713923 0.029162182 0.998313189
1403636628463555584.000000 0.203536630 0.208354786 -0.064020917 -0.049435176 0.002867877 0.030572630 0.998305261
1403636628513555456.000000 0.213191822 0.216200486 -0.062830135 -0.048712339 0.002531913 0.031689353 0.998306870
1403636628563555584.000000 0.220870107 0.225070715 -0.062127050 0.047857936 -0.001936625 -0.032943971 -0.998308897
1403636628613555456.000000 0.227024987 0.234585628 -0.060703207 -0.046658244 0.001674584 0.033961244 0.998332083
1403636628663555584.000000 0.231465474 0.245061129 -0.060103461 0.045975994 -0.001637494 -0.033929341 -0.998364866
1403636628713555456.000000 0.230232283 0.252657115 -0.050347771 -0.046475168 0.000915934 0.031996310 0.998406470
1403636628763555584.000000 0.231138766 0.265508801 -0.049746595 -0.049690090 -0.001645524 0.029745238 0.998320341
1403636628813555456.000000 0.237185389 0.284408987 -0.054047033 -0.054974597 -0.005175665 0.027821597 0.998086751
1403636628863555584.000000 0.236070201 0.298292458 -0.053011570 0.059605177 0.009675870 -0.026516343 -0.997822881
1403636628913555456.000000 0.237648085 0.315341383 -0.044701494 -0.063563190 -0.014559521 0.025811436 0.997537792
1403636628963555584.000000 0.239653468 0.329153061 -0.045855388 -0.067061976 -0.018208405 0.025441894 0.997258246
1403636629013555456.000000 0.237632275 0.335315496 -0.036767527 -0.069241606 -0.021254340 0.026097272 0.997032046
1403636629063555584.000000 0.243667945 0.348415047 -0.041795813 -0.072145648 -0.022739017 0.026914004 0.996771634
1403636629113555456.000000 0.252073348 0.362861603 -0.040455367 -0.075252615 -0.023405954 0.026685765 0.996532559
1403636629163555584.000000 0.259185642 0.376766294 -0.045372888 -0.079532176 -0.023623241 0.028262246 0.996151567
1403636629213555456.000000 0.272320360 0.399571270 -0.051518776 -0.085611291 -0.022484396 0.029998951 0.995623112
1403636629263555584.000000 0.278222591 0.414280653 -0.054124504 -0.090659939 -0.020655964 0.031859420 0.995157838
1403636629313555456.000000 0.284685194 0.431106746 -0.044394318 -0.094879523 -0.018235374 0.034841906 0.994711757
1403636629363555584.000000 0.288552642 0.446201980 -0.044439614 -0.098287120 -0.015594631 0.037908264 0.994313538
1403636629413555456.000000 0.292415023 0.460797012 -0.035369266 -0.100574896 -0.012461754 0.042303998 0.993951619
1403636629463555584.000000 0.294034600 0.476956099 -0.033883475 -0.104571022 -0.008402293 0.047386602 0.993352354
1403636629513555456.000000 0.286980867 0.484283924 -0.016776811 -0.108750522 -0.005774265 0.052335236 0.992673755
1403636629563555584.000000 0.284740329 0.501667798 -0.013861572 -0.114898257 -0.006007802 0.056853488 0.991730869
1403636629613555456.000000 0.281682372 0.520317197 -0.002904022 -0.123129651 -0.008939003 0.059353299 0.990573764
1403636629663555584.000000 0.275835425 0.539628685 0.001057030 -0.132143289 -0.014058384 0.061902385 0.989195943
1403636629713555456.000000 0.270149618 0.560161650 0.012742867 -0.141827121 -0.019087540 0.064186670 0.987623870
1403636629763555584.000000 0.261861384 0.581157386 0.018384283 -0.152468860 -0.023717076 0.066415556 0.985788941
1403636629813555456.000000 0.254815400 0.603580475 0.030726170 -0.163471490 -0.026887573 0.069307581 0.983743191
1403636629863555584.000000 0.245317131 0.626180589 0.038382873 -0.174490556 -0.029388033 0.072752401 0.981527627
1403636629913555456.000000 0.238221735 0.649665952 0.053024761 -0.184593186 -0.030910566 0.076059051 0.979379952
1403636629963555584.000000 0.230970085 0.672591925 0.061357234 -0.193755016 -0.031702142 0.078238167 0.977411270
1403636630013555456.000000 0.227293357 0.695856810 0.074859649 -0.200946972 -0.031506728 0.080495089 0.975780845
1403636630063555584.000000 0.223790452 0.718930781 0.082890101 -0.207134411 -0.029756343 0.081908911 0.974423409
1403636630113555456.000000 0.225902870 0.741524339 0.097696289 -0.212546125 -0.025145007 0.082335562 0.973351300
1403636630163555584.000000 0.227406427 0.765761912 0.107132107 -0.217170045 -0.018070821 0.082510978 0.972472429
1403636630213555456.000000 0.233418241 0.789133668 0.120837137 -0.221369311 -0.011363571 0.081780069 0.971688569
1403636630263555584.000000 0.238391623 0.813905180 0.129903600 -0.224462539 -0.005267088 0.081651665 0.971041679
1403636630313555456.000000 0.246438742 0.841051936 0.132147223 -0.226813421 -0.001794749 0.081160881 0.970549047
1403636630363555584.000000 0.253282726 0.865692556 0.140056476 -0.228055358 -0.002431333 0.081315361 0.970243692
1403636630413555456.000000 0.263206571 0.884687304 0.158784598 -0.228737965 -0.003711856 0.081268884 0.970082760
1403636630463555584.000000 0.272770077 0.912982047 0.170375243 -0.228486449 -0.006554445 0.080324367 0.970205665
1403636630513555456.000000 0.285187095 0.937154591 0.179147914 -0.228436679 -0.008224719 0.079164460 0.970299959
1403636630563555584.000000 0.298372895 0.961175442 0.185760468 -0.228415757 -0.010434396 0.076438524 0.970502198
1403636630613555456.000000 0.312702358 0.984996855 0.196707070 -0.228049219 -0.011347190 0.073532283 0.970802724
1403636630663555584.000000 0.324887395 1.008255243 0.204576924 -0.227163792 -0.013242152 0.071306258 0.971152306
1403636630713555456.000000 0.337107569 1.031124115 0.217484802 -0.226057783 -0.014260026 0.069860786 0.971500933
1403636630763555584.000000 0.346915305 1.053729177 0.227426350 -0.224510804 -0.014032961 0.070562057 0.971812248
1403636630813555456.000000 0.356893599 1.076580286 0.241506219 -0.222387552 -0.014405607 0.071728468 0.972209513
1403636630863555584.000000 0.364114314 1.098251581 0.253338158 -0.220711097 -0.014137502 0.073116705 0.972492039
1403636630913555456.000000 0.371537507 1.119909883 0.268968135 -0.218857318 -0.013515484 0.074581787 0.972808480
1403636630963555584.000000 0.376430988 1.141298771 0.282466352 -0.217368051 -0.013001144 0.075899050 0.973047495
1403636631013555456.000000 0.381481379 1.163658023 0.300518781 -0.216718853 -0.012660391 0.076534867 0.973146975
1403636631063555584.000000 0.384933710 1.185678363 0.315484673 -0.215700045 -0.011472968 0.076546289 0.973387241
1403636631113555456.000000 0.389267921 1.208744884 0.334648222 -0.215467319 -0.009660556 0.076382168 0.973471284
1403636631163555584.000000 0.391689628 1.230147362 0.350860894 -0.215168297 -0.008155291 0.076077051 0.973575056
1403636631213555456.000000 0.394432396 1.251190662 0.364065796 -0.214548647 -0.006002598 0.075662129 0.973759830
1403636631263555584.000000 0.396687090 1.272840500 0.381095380 -0.214481860 -0.004659834 0.074875936 0.973842621
1403636631313555456.000000 0.399679244 1.295533061 0.398690104 -0.213854775 -0.004538157 0.075170398 0.973958433
1403636631363555584.000000 0.400511473 1.317185879 0.416665018 -0.213693023 -0.004518624 0.074564613 0.974040568
1403636631413555456.000000 0.398829877 1.336459637 0.430775434 -0.213193282 -0.004473587 0.074548595 0.974151492
1403636631463555584.000000 0.396953970 1.358288407 0.449739486 -0.213018566 -0.004722293 0.073693462 0.974253654
1403636631513555456.000000 0.394373477 1.379027605 0.467093110 -0.212863982 -0.005161580 0.072507143 0.974374175
1403636631563555584.000000 0.391069174 1.400389910 0.486514390 -0.212947801 -0.005127057 0.071035713 0.974464476
1403636631613555456.000000 0.387762070 1.421152115 0.505009711 0.212577313 0.005695213 -0.069826983 -0.974629521
1403636631663555584.000000 0.385007471 1.440240145 0.521501243 -0.211942285 -0.006580919 0.068974547 0.974822938
1403636631713555456.000000 0.383258373 1.461003780 0.540439427 -0.211556792 -0.007018853 0.068304747 0.974950731
1403636631763555584.000000 0.384064972 1.482011199 0.559011161 0.211216435 0.007672748 -0.067625187 -0.975067019
1403636631813555456.000000 0.385363191 1.500631809 0.574389815 -0.210611984 -0.007383155 0.067128748 0.975234270
1403636631863555584.000000 0.390512377 1.521735430 0.593670607 -0.210702166 -0.008141213 0.066036053 0.975283325
1403636631913555456.000000 0.395799518 1.536242247 0.603852868 -0.210763678 -0.009162372 0.065133385 0.975321710
1403636631963555584.000000 0.402916998 1.556651592 0.622257173 -0.210776612 -0.009644932 0.064733863 0.975340843
1403636632013555456.000000 0.408550590 1.572945833 0.636594176 -0.210970789 -0.009317109 0.064815626 0.975296676
1403636632063555584.000000 0.416666061 1.592229128 0.654916286 -0.211328864 -0.007934580 0.064289697 0.975266159
1403636632113555456.000000 0.423543394 1.608622074 0.670287788 -0.211851731 -0.006627971 0.062551633 0.975275457
1403636632163555584.000000 0.431315571 1.626039863 0.687350154 -0.213584423 -0.005720439 0.059412390 0.975099564
1403636632213555456.000000 0.438086271 1.636999130 0.698857069 -0.214274034 -0.006396218 0.058484502 0.975000143
1403636632263555584.000000 0.444233954 1.652635336 0.716770709 -0.214593053 -0.005459432 0.059518304 0.974873185
1403636632313555456.000000 0.448473334 1.665207744 0.732292175 -0.214888364 -0.005145368 0.060506012 0.974749029
1403636632363555584.000000 0.451130420 1.679201841 0.751231313 -0.214905217 -0.004621832 0.061477587 0.974687099
1403636632413555456.000000 0.451535046 1.691733599 0.769207537 0.215406805 0.005537423 -0.062073532 -0.974533856
1403636632463555584.000000 0.450544834 1.703497410 0.787693143 -0.214566186 -0.007976836 0.065701164 0.974464476
1403636632513555456.000000 0.448071718 1.714746118 0.807422280 -0.211802825 -0.010725052 0.069786146 0.974758685
1403636632563555584.000000 0.444058239 1.723104358 0.824600339 -0.207353666 -0.015123767 0.075227000 0.975252151
1403636632613555456.000000 0.439706206 1.733279109 0.844680548 -0.201631188 -0.019159162 0.079758339 0.976020753
1403636632663555584.000000 0.442801386 1.753119946 0.876029491 -0.194708183 -0.022542447 0.082136266 0.977156222
1403636632713555456.000000 0.439378560 1.763922811 0.896875322 -0.186455727 -0.024386873 0.082619257 0.978679597
1403636632763555584.000000 0.439370543 1.776713490 0.919585466 -0.177105173 -0.025255926 0.081222527 0.980509520
1403636632813555456.000000 0.439970732 1.788238168 0.939434886 -0.167186692 -0.024826461 0.076053247 0.982674062
1403636632863555584.000000 0.444104791 1.802005649 0.960889995 -0.157420754 -0.022443933 0.067546465 0.984963179
1403636632913555456.000000 0.449130058 1.815131426 0.980657756 -0.147636354 -0.018842030 0.058235932 0.987145960
1403636632963555584.000000 0.458154052 1.831231713 1.004469872 -0.139123619 -0.016782969 0.049787510 0.988880277
1403636633013555456.000000 0.465597540 1.845231771 1.024334311 -0.131526843 -0.014877911 0.042396381 0.990293860
1403636633063555584.000000 0.465530723 1.848341465 1.028447866 -0.124592118 -0.014346781 0.036907915 0.991417587
1403636633113555456.000000 0.473241478 1.862303734 1.048544884 -0.118321672 -0.013666103 0.032996293 0.992332876
1403636633163555584.000000 0.482744157 1.878188610 1.069420576 -0.113130048 -0.013795739 0.029763840 0.993038476
1403636633213555456.000000 0.487678736 1.891264558 1.090572000 -0.108773753 -0.013671082 0.028042957 0.993576884
1403636633263555584.000000 0.496776849 1.905630827 1.116921067 -0.104988024 -0.014954605 0.027932545 0.993968666
1403636633313555456.000000 0.498696446 1.918081880 1.138942480 -0.101891153 -0.016221475 0.028683998 0.994249582
1403636633363555584.000000 0.500005007 1.930240035 1.161314607 0.098938562 0.017650247 -0.030940132 -0.994455814
1403636633413555456.000000 0.507805824 1.954977155 1.204756856 -0.097423621 -0.019631414 0.033075761 0.994499505
1403636633463555584.000000 0.506786346 1.967101693 1.228383660 -0.096018367 -0.021155827 0.035402697 0.994524837
1403636633513555456.000000 0.506906033 1.980298877 1.254372835 -0.095832705 -0.022613801 0.036733702 0.994462371
1403636633563555584.000000 0.505465329 1.993234396 1.279642940 -0.096188940 -0.024252620 0.038363725 0.994327784
1403636633613555456.000000 0.504325986 2.007992983 1.308660030 -0.096816346 -0.026290881 0.039353631 0.994176388
1403636633663555584.000000 0.505508244 2.022210598 1.335293055 -0.098342784 -0.027776035 0.039715018 0.993971825
1403636633713555456.000000 0.508958638 2.036577463 1.362381697 -0.099771686 -0.027443122 0.040385082 0.993811727
1403636633763555584.000000 0.514192462 2.051419258 1.389232874 -0.100890353 -0.026697693 0.041443516 0.993675470
1403636633813555456.000000 0.520848095 2.066783667 1.416563511 -0.102241732 -0.026461575 0.042483576 0.993499637
1403636633863555584.000000 0.530676782 2.082340479 1.444090962 -0.103164494 -0.025126517 0.044401675 0.993355036
1403636633913555456.000000 0.538841307 2.099973917 1.475636005 -0.103392750 -0.023578689 0.048405785 0.993182242
1403636633963555584.000000 0.550246119 2.115930557 1.503240585 -0.103427015 -0.021242660 0.052787699 0.993008077
1403636634013555456.000000 0.558565378 2.133382320 1.533230662 -0.103815019 -0.018882794 0.056469046 0.992812812
1403636634063555584.000000 0.568465650 2.151098728 1.561980128 -0.104665607 -0.018438280 0.058658071 0.992604852
1403636634113555456.000000 0.575919867 2.167342424 1.589332461 -0.104437575 -0.018750073 0.058866933 0.992610753
1403636634163555584.000000 0.587798536 2.186585903 1.617750764 -0.104492173 -0.020097720 0.057775218 0.992642760
1403636634213555456.000000 0.599825144 2.210371733 1.651042700 -0.104836337 -0.021847609 0.054766621 0.992740035
1403636634263555584.000000 0.616450667 2.231669903 1.679698229 -0.105503172 -0.022048015 0.050456200 0.992893398
1403636634313555456.000000 0.631701291 2.252820730 1.707709432 -0.106038474 -0.019357834 0.046461884 0.993087351
1403636634363555584.000000 0.649981797 2.274972439 1.736524701 -0.106334366 -0.015251799 0.042824186 0.993290722
1403636634413555456.000000 0.664531589 2.296993971 1.765596747 -0.106559016 -0.010945468 0.039277084 0.993470073
1403636634463555584.000000 0.679816306 2.319233418 1.795417070 -0.106614314 -0.008375680 0.036609884 0.993590951
1403636634513555456.000000 0.692633092 2.345813036 1.832887292 -0.106160522 -0.005002961 0.034643780 0.993732750
1403636634563555584.000000 0.704425097 2.367428780 1.863599181 -0.105581582 -0.002879879 0.033148937 0.993853807
1403636634613555456.000000 0.712692916 2.388818741 1.893558383 -0.104232170 -0.001895991 0.030912189 0.994070709
1403636634663555584.000000 0.720931530 2.409223557 1.924444556 -0.101087034 -0.001435582 0.028698543 0.994462609
1403636634713555456.000000 0.728992343 2.433151245 1.959843755 -0.097807765 -0.001262367 0.025604021 0.994875133
1403636634763555584.000000 0.736818135 2.452108383 1.989177227 -0.094106190 -0.003325873 0.023764960 0.995272994
1403636634813555456.000000 0.745627642 2.473240376 2.020654440 -0.090538286 -0.005453384 0.023041505 0.995611489
1403636634863555584.000000 0.755537033 2.490972996 2.048373222 -0.087200627 -0.007534674 0.022489524 0.995908439
1403636634913555456.000000 0.765650332 2.509239674 2.074769974 -0.083655544 -0.009145942 0.021567354 0.996219337
1403636634963555584.000000 0.778387487 2.525746107 2.100628614 -0.080641188 -0.011796898 0.020290846 0.996466815
1403636635013555456.000000 0.792710841 2.543646097 2.127761841 -0.078139022 -0.012317637 0.018327715 0.996697903
1403636635063555584.000000 0.806736290 2.559257984 2.153441906 -0.076012395 -0.014021191 0.016802834 0.996866703
1403636635113555456.000000 0.819203794 2.577176094 2.182570934 -0.074209847 -0.015567415 0.015678767 0.996997893
1403636635163555584.000000 0.830219567 2.592264414 2.209054232 -0.072506323 -0.016526464 0.015387491 0.997112334
1403636635213555456.000000 0.844901204 2.613702536 2.248519659 -0.070965521 -0.018240383 0.015396860 0.997193158
1403636635263555584.000000 0.853256285 2.628337145 2.276556730 -0.068959601 -0.018994363 0.017004468 0.997293711
1403636635313555456.000000 0.861131072 2.644348621 2.307550430 -0.067201093 -0.020282319 0.018994926 0.997352421
1403636635363555584.000000 0.868061364 2.658656836 2.336740971 -0.065272808 -0.021831263 0.022800067 0.997368097
1403636635413555456.000000 0.879435420 2.676445007 2.371203899 -0.063957326 -0.022812964 0.024381472 0.997393966
1403636635463555584.000000 0.888817906 2.691425085 2.400557995 -0.063369296 -0.022302082 0.025757192 0.997408390
1403636635513555456.000000 0.902825117 2.708435297 2.434189558 -0.062418681 -0.022590071 0.028735021 0.997380555
1403636635563555584.000000 0.915977955 2.723900795 2.462908030 -0.062174566 -0.022625115 0.029558809 0.997370899
1403636635613555456.000000 0.927395523 2.736871958 2.486054182 -0.062022123 -0.021771338 0.030588005 0.997368395
1403636635663555584.000000 0.941502929 2.753465414 2.513712168 -0.062363192 -0.020625567 0.031449441 0.997344673
1403636635713555456.000000 0.956879735 2.770488024 2.541955471 0.062718406 0.019338395 -0.031917837 -0.997333288
1403636635763555584.000000 0.985388219 2.794410467 2.582731485 -0.062530205 -0.015925007 0.033951741 0.997338355
1403636635813555456.000000 1.005132079 2.812617779 2.610838413 -0.061756134 -0.011431157 0.037774321 0.997310698
1403636635863555584.000000 1.031205416 2.832983971 2.641834259 -0.061338283 -0.008677150 0.041210737 0.997228146
1403636635913555456.000000 1.053592801 2.853194714 2.668977022 -0.060549054 -0.009627907 0.045139469 0.997097611
1403636635963555584.000000 1.081007242 2.875757933 2.698578596 -0.060778275 -0.013104407 0.046298325 0.996990919
1403636636013555456.000000 1.104252338 2.898199797 2.725853682 -0.061802592 -0.018631676 0.044764444 0.996910036
1403636636063555584.000000 1.130429506 2.922777891 2.755798578 -0.063631341 -0.023000710 0.040959217 0.996867299
1403636636113555456.000000 1.152260065 2.946897984 2.784474373 -0.065417930 -0.026139637 0.036500894 0.996847451
1403636636163555584.000000 1.178863883 2.972504139 2.815086126 -0.066953108 -0.024905371 0.032238401 0.996924102
1403636636213555456.000000 1.203508973 2.996977568 2.843417168 -0.068467647 -0.020332946 0.027444785 0.997068524
1403636636263555584.000000 1.229695082 3.022080660 2.871049881 -0.069964118 -0.014519926 0.023129797 0.997175694
1403636636313555456.000000 1.257750154 3.046552181 2.898503065 -0.070708387 -0.009188164 0.020818686 0.997237444
1403636636363555584.000000 1.289279103 3.072495699 2.928073883 -0.071461178 -0.002543948 0.018774975 0.997263432
1403636636413555456.000000 1.316958547 3.096253157 2.954458714 -0.071763888 0.006047066 0.016994230 0.997258544
1403636636463555584.000000 1.345326066 3.120293856 2.982577085 -0.071960978 0.012895268 0.015707007 0.997200429
1403636636513555456.000000 1.368483186 3.143139601 3.008298635 -0.073160872 0.015546589 0.012505965 0.997120559
1403636636563555584.000000 1.396750212 3.170126915 3.038949966 -0.074263416 0.016540499 0.009093967 0.997060001
1403636636613555456.000000 1.415267467 3.191251755 3.063538790 -0.075763397 0.016734265 0.004815827 0.996973753
1403636636663555584.000000 1.428863168 3.210825682 3.086079359 -0.077504851 0.015575199 0.000013387 0.996870339
1403636636713555456.000000 1.442242980 3.229584455 3.109493017 -0.078968786 0.015078499 -0.003824804 0.996755719
1403636636763555584.000000 1.463577509 3.253346443 3.136648655 -0.080080979 0.014416527 -0.007545069 0.996655583
1403636636813555456.000000 1.471991301 3.268710375 3.159259558 -0.081685722 0.013455871 -0.012713089 0.996486247
1403636636863555584.000000 1.481306553 3.284619331 3.183356047 -0.082953587 0.011405264 -0.017005375 0.996343076
1403636636913555456.000000 1.485129356 3.295860767 3.205652237 -0.081506774 0.008702291 -0.014268658 0.996532679
1403636636963555584.000000 1.487382650 3.305462599 3.227626801 0.078625105 -0.007241126 0.008592700 -0.996840954
1403636637013555456.000000 1.488754034 3.316475630 3.252502441 -0.075270981 0.005130166 -0.001458756 0.997148871
1403636637063555584.000000 1.488380075 3.323269606 3.273689747 -0.072343819 0.004224792 0.004774738 0.997359455
1403636637113555456.000000 1.487347364 3.329592943 3.295584202 0.069907181 -0.002038056 -0.009596596 -0.997505248
1403636637163555584.000000 1.498251200 3.344998598 3.319882393 -0.068250224 -0.001478732 0.012640490 0.997587085
1403636637213555456.000000 1.495518804 3.350430489 3.340782881 -0.067495234 -0.005655335 0.013955314 0.997605979
1403636637263555584.000000 1.495218635 3.357002497 3.361224890 0.066490039 0.008736113 -0.014834896 -0.997638583
1403636637313555456.000000 1.494869471 3.364176273 3.381102800 -0.065764502 -0.011342552 0.015160506 0.997655571
1403636637363555584.000000 1.499245882 3.370024443 3.403111458 -0.065826803 -0.013219806 0.014486614 0.997638345
1403636637413555456.000000 1.503284931 3.375928640 3.418885469 -0.064621024 -0.014082530 0.015224138 0.997694373
1403636637463555584.000000 1.513827562 3.381378412 3.441075325 -0.064150400 -0.016129101 0.014355490 0.997706652
1403636637513555456.000000 1.523291469 3.387183428 3.460578680 -0.063392334 -0.016523361 0.015042616 0.997738540
1403636637563555584.000000 1.535559416 3.392130375 3.480815649 -0.062650435 -0.018130861 0.015396762 0.997752070
1403636637613555456.000000 1.544614077 3.397008181 3.495555162 -0.061542604 -0.018137092 0.016456598 0.997803986
1403636637663555584.000000 1.559277296 3.401845694 3.514145851 -0.060943451 -0.019066844 0.017133487 0.997812033
1403636637713555456.000000 1.574490547 3.406085253 3.528711081 -0.060695153 -0.018529281 0.016661594 0.997845292
1403636637763555584.000000 1.593711853 3.411583900 3.549435377 -0.060217258 -0.017410299 0.016157357 0.997902691
1403636637813555456.000000 1.609955549 3.415734768 3.564845085 -0.060075212 -0.014863164 0.015512156 0.997962654
1403636637863555584.000000 1.632508755 3.420935392 3.583957672 -0.059751727 -0.013307941 0.015172325 0.998009264
1403636637913555456.000000 1.653794169 3.425733805 3.600257397 -0.059249315 -0.011288338 0.014997860 0.998066723
1403636637963555584.000000 1.675889611 3.430728674 3.620416164 -0.059033751 -0.008701532 0.014781508 0.998108685
1403636638013555456.000000 1.692513824 3.433771849 3.640736818 -0.058988560 -0.007289276 0.014734284 0.998123348
1403636638063555584.000000 1.706031561 3.438549519 3.663082361 -0.058550905 -0.005568520 0.014616244 0.998161972
1403636638113555456.000000 1.711700320 3.444437981 3.681344748 -0.058078002 -0.003049936 0.014672779 0.998199582
1403636638163555584.000000 1.718078256 3.448926926 3.704985380 -0.057684705 -0.001583165 0.014877918 0.998222768
1403636638213555456.000000 1.721430182 3.451991558 3.726218224 -0.057479084 -0.001234282 0.014605707 0.998239100
1403636638263555584.000000 1.724419594 3.456357241 3.749029636 -0.057560828 -0.000719743 0.014194642 0.998240829
1403636638313555456.000000 1.724371433 3.460339785 3.770274401 -0.056507990 -0.002466243 0.016086968 0.998269558
1403636638363555584.000000 1.722977757 3.464545250 3.792250872 -0.054702260 -0.007924928 0.020870673 0.998253107
1403636638413555456.000000 1.719857216 3.468973637 3.824475765 -0.052865244 -0.017840443 0.027036637 0.998076200
1403636638463555584.000000 1.715552926 3.473798275 3.846579552 -0.051006738 -0.027567245 0.032014359 0.997804344
1403636638513555456.000000 1.711274862 3.480129004 3.870463371 -0.049090382 -0.035721567 0.037034377 0.997468114
1403636638563555584.000000 1.708408713 3.486448526 3.892076492 -0.048615851 -0.040485140 0.038807686 0.997241914
1403636638613555456.000000 1.711260676 3.494897127 3.923783064 -0.049193837 -0.042864643 0.036936168 0.997185230
1403636638663555584.000000 1.715205789 3.503507376 3.945744276 -0.050692350 -0.041598942 0.031475745 0.997351050
1403636638713555456.000000 1.724617839 3.514782906 3.975241423 -0.051981170 -0.039123572 0.027515447 0.997501969
1403636638763555584.000000 1.734456301 3.524877071 3.997698545 -0.052754395 -0.034689102 0.024128731 0.997713149
1403636638813555456.000000 1.747960448 3.536332369 4.025165081 -0.053062785 -0.029526506 0.022188082 0.997907937
1403636638863555584.000000 1.762558222 3.547004461 4.048176765 -0.053094309 -0.024993952 0.022079861 0.998032451
1403636638913555456.000000 1.776584983 3.557574749 4.070302010 0.052112728 0.021507664 -0.023545641 -0.998131871
1403636638963555584.000000 1.790447831 3.567312002 4.090678215 -0.051215615 -0.018635364 0.025729358 0.998182237
1403636639013555456.000000 1.807155490 3.578770161 4.113628387 -0.049271721 -0.017779069 0.030824326 0.998151422
1403636639063555584.000000 1.831971526 3.596908808 4.161115170 -0.047028452 -0.016465880 0.036595177 0.998087168
1403636639113555456.000000 1.846076131 3.609817743 4.186316967 -0.045167271 -0.015637422 0.041395307 0.997998953
1403636639163555584.000000 1.859627724 3.626469612 4.219679832 -0.043843698 -0.015801502 0.045532431 0.997875214
1403636639213555456.000000 1.866669655 3.641798496 4.247900486 -0.042712592 -0.015844852 0.048733111 0.997772396
1403636639263555584.000000 1.872708321 3.661204338 4.283998489 -0.042213753 -0.016535163 0.050118912 0.997713804
1403636639313555456.000000 1.873803854 3.679871321 4.315114975 -0.043875292 -0.017026247 0.045619786 0.997849703
1403636639363555584.000000 1.874844074 3.698239803 4.344559193 -0.045958001 -0.018034548 0.039467532 0.998000503
1403636639413555456.000000 1.873809934 3.719108582 4.376806736 -0.048122682 -0.019009076 0.033178095 0.998109281
1403636639463555584.000000 1.875890136 3.747078180 4.422404289 -0.050359108 -0.019081902 0.026820889 0.998188615
1403636639513555456.000000 1.873787403 3.768933058 4.455860138 -0.052638326 -0.018325087 0.020106751 0.998243093
1403636639563555584.000000 1.872817159 3.791964531 4.490046024 -0.055144090 -0.016915107 0.012548032 0.998256266
1403636639613555456.000000 1.869485021 3.813314199 4.524329185 -0.056823928 -0.015595024 0.006824037 0.998239100
1403636639663555584.000000 1.866563678 3.840082407 4.568478584 -0.057132397 -0.012354190 0.004622355 0.998279452
1403636639713555456.000000 1.864993691 3.859939575 4.602256298 -0.056581058 -0.008078487 0.005439659 0.998350561
1403636639763555584.000000 1.865265369 3.879785299 4.634842396 -0.055386230 -0.003996070 0.008168956 0.998423576
1403636639813555456.000000 1.865893483 3.898234606 4.666075230 -0.054699898 -0.001765612 0.009993506 0.998451352
1403636639863555584.000000 1.868097067 3.919326305 4.700496674 -0.053545594 -0.000193601 0.012589891 0.998486042
1403636639913555456.000000 1.872400522 3.936689854 4.728777885 -0.052299835 0.000633117 0.014657236 0.998523653
1403636639963555584.000000 1.880562425 3.956516027 4.763010502 -0.052158691 0.001271424 0.015224786 0.998521984
1403636640013555456.000000 1.887946129 3.973436117 4.789271832 -0.051400784 0.001885391 0.015118863 0.998561859
1403636640063555584.000000 1.896002889 3.993028879 4.818370819 -0.049313836 0.002139488 0.013500903 0.998689830
1403636640113555456.000000 1.908899903 4.009614468 4.843165398 -0.046390973 0.002217109 0.009623950 0.998874605
1403636640163555584.000000 1.921808958 4.028216839 4.868957520 -0.042054836 0.002431667 0.007767822 0.999082208
1403636640213555456.000000 1.938127995 4.043817997 4.891074181 -0.037687890 0.002617470 0.006137529 0.999267340
1403636640263555584.000000 1.951859117 4.061412334 4.914391041 -0.034102850 0.001098102 0.003894971 0.999410152
1403636640313555456.000000 1.967770100 4.076773643 4.935389042 -0.030957071 0.000521022 0.003310264 0.999515116
1403636640363555584.000000 1.968659401 4.095797062 4.968274593 -0.028044786 0.000684951 0.001811278 0.999604821
1403636640413555456.000000 1.981470942 4.111253738 4.989247322 -0.025719179 0.000538273 0.000394631 0.999669015
1403636640463555584.000000 1.989622593 4.127713203 5.011669159 -0.023795400 0.000671496 -0.000963736 0.999716222
1403636640513555456.000000 1.998730898 4.143086433 5.032419682 -0.021931924 -0.000692579 -0.001271655 0.999758422
1403636640563555584.000000 2.003424883 4.159770489 5.057614803 -0.020506175 -0.000601129 -0.002346906 0.999786854
1403636640613555456.000000 2.010231018 4.174820423 5.078537464 -0.019288205 -0.000550348 -0.002436526 0.999810874
1403636640663555584.000000 2.013279200 4.190449715 5.102279186 -0.018402698 -0.000007333 -0.002970946 0.999826252
1403636640713555456.000000 2.017326593 4.204792976 5.122953415 -0.017568404 -0.000837908 -0.003014625 0.999840796
1403636640763555584.000000 2.020756960 4.219324112 5.144206047 0.016698731 0.002316262 0.002841614 -0.999853909
1403636640813555456.000000 2.017309427 4.232750416 5.169751167 -0.016326588 -0.003506137 -0.003441076 0.999854684
1403636640863555584.000000 2.022734404 4.246331215 5.189325333 -0.015942445 -0.005321455 -0.003979592 0.999850869
1403636640913555456.000000 2.029499531 4.259315491 5.207951069 0.015650075 0.006014142 0.004123953 -0.999850988
1403636640963555584.000000 2.038656950 4.272126198 5.225868225 0.015796134 0.006572730 0.004498541 -0.999843597
1403636641013555456.000000 2.042876005 4.284732342 5.243720531 -0.016129497 -0.005904702 -0.004816845 0.999840915
1403636641063555584.000000 2.051131725 4.296673775 5.260245323 -0.016180554 -0.004717280 -0.003943196 0.999850273
1403636641113555456.000000 2.057023764 4.308637142 5.277504444 0.016761694 0.003993170 0.004209201 -0.999842763
1403636641163555584.000000 2.051114798 4.319257736 5.289822578 -0.017000670 -0.003948313 -0.004414734 0.999837935
1403636641213555456.000000 2.054406643 4.330424309 5.307455540 -0.017509837 -0.003059785 -0.004286104 0.999832869
1403636641263555584.000000 2.056076050 4.341088772 5.325280190 -0.017203577 -0.002026005 -0.002761972 0.999846160
1403636641313555456.000000 2.053561211 4.350414753 5.342278004 0.016600808 0.002023958 -0.000832758 -0.999859810
1403636641363555584.000000 2.055069685 4.360896111 5.361644268 -0.015551497 -0.002234165 0.005212998 0.999863029
1403636641413555456.000000 2.051639557 4.370991230 5.379191399 -0.014387289 -0.002271979 0.008965737 0.999853790
1403636641463555584.000000 2.051198006 4.379595280 5.396665573 -0.014464947 -0.002015618 0.009744242 0.999845922
1403636641513555456.000000 2.046890259 4.390598297 5.413177490 -0.015310509 -0.001648057 0.008425456 0.999845982
1403636641563555584.000000 2.043183565 4.401336670 5.428180218 0.016007707 0.002033952 -0.006546814 -0.999848425
1403636641613555456.000000 2.040230513 4.412370205 5.442155361 0.017231990 0.002006476 -0.004427120 -0.999839723
1403636641663555584.000000 2.035216093 4.425332069 5.455792904 0.018151022 0.002513394 -0.002838811 -0.999828100
1403636641713555456.000000 2.035417318 4.436279774 5.467422962 0.018701838 0.001576175 -0.001563723 -0.999822676
1403636641763555584.000000 2.034404516 4.446379662 5.476848125 0.019360341 0.002115377 -0.001002759 -0.999809861
1403636641813555456.000000 2.042754173 4.457411289 5.487930775 0.019521978 0.001227390 -0.000658162 -0.999808490
1403636641863555584.000000 2.049215555 4.467647552 5.498488903 0.019766599 0.000339661 -0.000410765 -0.999804497
1403636641913555456.000000 2.073754787 4.473835945 5.503909111 -0.021028554 -0.000557957 0.000955970 0.999778271
1403636641963555584.000000 2.084684610 4.483904362 5.514015675 -0.023387915 0.000381932 0.002667627 0.999722898
1403636642013555456.000000 2.093052387 4.495431900 5.524521351 0.027562724 -0.001232747 -0.003821986 -0.999612033
1403636642063555584.000000 2.107707977 4.504777431 5.530920982 -0.032216329 0.002071665 0.005836263 0.999461770
1403636642113555456.000000 2.117844820 4.515541553 5.540769100 -0.036746312 0.002841045 0.006617789 0.999298751
1403636642163555584.000000 2.127234936 4.525673866 5.550484180 0.040826570 -0.003356669 -0.007427827 -0.999133050
1403636642213555456.000000 2.137425423 4.532845497 5.551339149 -0.043849740 0.004210859 0.008573536 0.998992562
1403636642263555584.000000 2.142947674 4.542451382 5.561319828 -0.046853624 0.004656037 0.010063664 0.998840272
1403636642313555456.000000 2.147162199 4.551441669 5.570950508 0.050471801 -0.005015553 -0.011989801 -0.998640954
1403636642363555584.000000 2.151680470 4.559955597 5.576996326 -0.055346992 0.005549462 0.013867179 0.998355508
1403636642413555456.000000 2.151681423 4.569207191 5.587045670 -0.059639148 0.006631082 0.015977491 0.998070121
1403636642463555584.000000 2.153544664 4.576851845 5.584344864 -0.063519917 0.006342129 0.017353445 0.997809529
1403636642513555456.000000 2.150305033 4.585512638 5.593861580 -0.066587977 0.005183813 0.018959373 0.997586966
1403636642563555584.000000 2.146826029 4.593585491 5.599786282 -0.069598742 0.001757114 0.019651622 0.997379959
1403636642613555456.000000 2.140813589 4.601434708 5.608891964 -0.071399435 -0.002149274 0.021475168 0.997214258
1403636642663555584.000000 2.134178162 4.609116077 5.614441395 -0.073039770 -0.006563056 0.022914110 0.997044206
1403636642713555456.000000 2.126685381 4.616570950 5.623692513 -0.074569583 -0.010544362 0.023792876 0.996876180
1403636642763555584.000000 2.120149851 4.623981953 5.632533073 0.075272597 0.014177557 -0.024672886 -0.996756911
1403636642813555456.000000 2.116689205 4.630788326 5.630846500 -0.075801209 -0.017000195 0.025709316 0.996646523
1403636642863555584.000000 2.114623785 4.637814522 5.638525963 -0.076029032 -0.018649917 0.026739573 0.996572554
1403636642913555456.000000 2.114558697 4.644988537 5.645230293 0.075942025 0.020467084 -0.027073285 -0.996534526
1403636642963555584.000000 2.115954876 4.652718067 5.650309563 -0.075933397 -0.021062421 0.027890712 0.996500194
1403636643013555456.000000 2.119926214 4.660034180 5.656297207 -0.075714797 -0.020341463 0.028205073 0.996522963
1403636643063555584.000000 2.125713348 4.667961597 5.662535191 0.075686708 0.016661800 -0.028083216 -0.996596873
1403636643113555456.000000 2.130940437 4.676715374 5.667848587 -0.075557001 -0.012208510 0.028105779 0.996670544
1403636643163555584.000000 2.135227442 4.685126781 5.675497532 -0.075225167 -0.008925282 0.028571991 0.996717215
1403636643213555456.000000 2.137389183 4.693210602 5.675430298 -0.075053900 -0.006236183 0.028761130 0.996745169
1403636643263555584.000000 2.138591766 4.702068806 5.683751583 -0.074745819 -0.005224423 0.028761022 0.996774077
1403636643313555456.000000 2.138184786 4.711252689 5.692096233 0.074618809 0.005594985 -0.028427582 -0.996791184
1403636643363555584.000000 2.137607098 4.720605373 5.700404167 0.074410304 0.007685727 -0.028193409 -0.996799529
1403636643413555456.000000 2.138917923 4.730168819 5.708640099 0.073894918 0.010040438 -0.028918469 -0.996796191
1403636643463555584.000000 2.141130686 4.742455006 5.717465878 -0.073077314 -0.013606508 0.029918717 0.996784627
1403636643513555456.000000 2.146254063 4.752931595 5.726736546 -0.072516307 -0.017574305 0.030003773 0.996760964
1403636643563555584.000000 2.154575109 4.763748646 5.736658096 0.071849898 0.020956755 -0.029963566 -0.996744990
1403636643613555456.000000 2.163014174 4.770459175 5.740013123 -0.071905211 -0.024955826 0.029282285 0.996669233
1403636643663555584.000000 2.174186230 4.782219410 5.750420570 -0.070963651 -0.028286740 0.028637815 0.996666491
1403636643713555456.000000 2.187064886 4.794194698 5.760528088 0.070440091 0.031289443 -0.027989695 -0.996632278
1403636643763555584.000000 2.200684071 4.806797028 5.767086029 -0.070186816 -0.032854684 0.027342096 0.996617734
1403636643813555456.000000 2.214791536 4.819307804 5.778172493 -0.070242271 -0.035953552 0.026036367 0.996541798
1403636643863555584.000000 2.227813482 4.832594395 5.789050579 0.069836713 0.038861100 -0.026076840 -0.996460140
1403636643913555456.000000 2.238813162 4.842597961 5.797436714 -0.069697805 -0.040738001 0.025583738 0.996407628
1403636643963555584.000000 2.250341892 4.856287479 5.812661171 -0.069788292 -0.042889625 0.024831237 0.996330082
1403636644013555456.000000 2.260895252 4.870054722 5.828964233 0.070054315 0.043854728 -0.024237128 -0.996284008
1403636644063555584.000000 2.269374609 4.883635998 5.847440243 -0.069860734 -0.044594780 0.024292845 0.996263385
1403636644113555456.000000 2.278336763 4.897699833 5.867520332 -0.070045292 -0.045594838 0.024160655 0.996208370
1403636644163555584.000000 2.286629915 4.912096977 5.889209270 0.070081070 0.044307336 -0.023753896 -0.996273756
1403636644213555456.000000 2.292907953 4.924270153 5.911587715 -0.069526717 -0.038665246 0.025674364 0.996499836
1403636644263555584.000000 2.300848007 4.938692570 5.936687946 -0.067993999 -0.030999860 0.030637169 0.996733308
1403636644313555456.000000 2.308212996 4.952939987 5.962933540 0.066100620 0.022097193 -0.036371768 -0.996904969
1403636644363555584.000000 2.312310457 4.968407631 5.991101742 -0.064698078 -0.013964163 0.041570615 0.996940851
1403636644413555456.000000 2.316721439 4.984617710 6.018773556 -0.063590348 -0.007754787 0.044800818 0.996939838
1403636644463555584.000000 2.316658020 5.001712322 6.047844887 -0.063015774 -0.002305850 0.047217607 0.996892333
1403636644513555456.000000 2.317158222 5.019955158 6.075921059 -0.061381988 0.002891097 0.051810227 0.996764600
1403636644563555584.000000 2.312165737 5.039198399 6.105942249 -0.059965581 0.005862498 0.055419199 0.996643662
1403636644613555456.000000 2.308557034 5.060392380 6.133488178 -0.059822459 0.007550425 0.056551352 0.996577263
1403636644663555584.000000 2.302906752 5.083126545 6.160283566 0.061392602 -0.008207901 -0.052325126 -0.996707439
1403636644713555456.000000 2.291484594 5.106899738 6.191838264 -0.064109862 0.008478330 0.045184433 0.996883392
1403636644763555584.000000 2.282462597 5.131921291 6.217670441 -0.067331478 0.006984466 0.036226541 0.997048318
1403636644813555456.000000 2.271687508 5.157261372 6.243451118 0.070822977 -0.006398319 -0.027821042 -0.997080386
1403636644863555584.000000 2.256313562 5.183133602 6.272426128 -0.073652349 0.003844487 0.022029398 0.997033298
1403636644913555456.000000 2.244167805 5.208214283 6.296840191 -0.075085633 0.000868007 0.020443551 0.996967137
1403636644963555584.000000 2.233361721 5.232965469 6.320248604 0.075558908 0.002125255 -0.020731419 -0.996923566
1403636645013555456.000000 2.218634129 5.256437302 6.348811150 -0.076068148 -0.009649424 0.021260269 0.996829271
1403636645063555584.000000 2.210514784 5.280022621 6.369754314 -0.075792968 -0.020948423 0.024339726 0.996606410
1403636645113555456.000000 2.204024076 5.303050518 6.388237476 0.075456366 0.032215800 -0.027056772 -0.996261299
1403636645163555584.000000 2.196811914 5.326931477 6.412986279 -0.075948276 -0.042785235 0.026897416 0.995830238
1403636645213555456.000000 2.195442438 5.350445271 6.432646275 -0.075632304 -0.051601268 0.029336488 0.995367467
1403636645263555584.000000 2.197150469 5.373883724 6.454679489 0.075972632 0.056424659 -0.029236889 -0.995082796
1403636645313555456.000000 2.197736740 5.398943424 6.487097740 -0.076126158 -0.055605516 0.029551052 0.995107830
1403636645363555584.000000 2.204178810 5.423056126 6.511363983 -0.076569371 -0.051258620 0.028703911 0.995332003
1403636645413555456.000000 2.210458279 5.447451115 6.538452625 0.077406362 0.046137534 -0.027675474 -0.995546937
1403636645463555584.000000 2.220243216 5.474190235 6.570185184 -0.077677280 -0.042266570 0.027446896 0.995703995
1403636645513555456.000000 2.225689650 5.498791695 6.600326538 -0.077966057 -0.039122261 0.026817778 0.995827138
1403636645563555584.000000 2.229423523 5.523854733 6.633708000 0.078448832 0.037819818 -0.026367605 -0.995851517
1403636645613555456.000000 2.230559349 5.548213005 6.677175999 -0.079053499 -0.035310771 0.026279796 0.995898187
1403636645663555584.000000 2.233901739 5.573212147 6.712734699 -0.079230040 -0.033958521 0.025227016 0.995958388
1403636645713555456.000000 2.238707542 5.597841740 6.749844551 0.079501383 0.032751013 -0.024816576 -0.995987535
1403636645763555584.000000 2.246170521 5.623538971 6.792224884 -0.079051942 -0.031736813 0.025366122 0.996042311
1403636645813555456.000000 2.255460024 5.648099899 6.830381870 -0.078621387 -0.031093575 0.026282802 0.996072888
1403636645863555584.000000 2.269066572 5.672617912 6.868882179 0.078622192 0.031951338 -0.026962139 -0.996027470
1403636645913555456.000000 2.285573006 5.697969437 6.909529686 -0.077954248 -0.032500852 0.028346015 0.996023774
1403636645963555584.000000 2.305589914 5.722683430 6.947202206 -0.079086393 -0.027729737 0.029848183 0.996034920
1403636646013555456.000000 2.327167034 5.747831345 6.984775543 0.081577308 0.023075033 -0.032515608 -0.995869219
1403636646063555584.000000 2.351063490 5.774229527 7.023174763 -0.085119464 -0.019325709 0.037609316 0.995473146
1403636646113555456.000000 2.374057055 5.800407410 7.058970928 -0.091208220 -0.015607681 0.042496696 0.994802296
1403636646163555584.000000 2.396253109 5.827755451 7.096094608 0.099592790 0.011944780 -0.047685910 -0.993813217
1403636646213555456.000000 2.421854496 5.856919289 7.135137558 -0.108869985 -0.008141608 0.054421429 0.992531836
1403636646263555584.000000 2.441779137 5.885970116 7.172316074 -0.119940251 -0.004323552 0.061041735 0.990893364
1403636646313555456.000000 2.460207462 5.916139603 7.209076881 0.132139802 -0.000460686 -0.067722164 -0.988914847
1403636646363555584.000000 2.481310129 5.948514462 7.246381283 -0.144545332 0.005228315 0.074681498 0.986662090
1403636646413555456.000000 2.494984865 5.980055332 7.281436920 -0.158890456 0.008610313 0.078034252 0.984169960
1403636646463555584.000000 2.507857084 6.012341976 7.316569328 0.172341749 -0.013426400 -0.078642927 -0.981801152
1403636646513555456.000000 2.524821758 6.045223713 7.349328518 -0.184338942 0.017706679 0.077506445 0.979642034
1403636646563555584.000000 2.537033081 6.077321053 7.380779266 -0.194856569 0.020120470 0.076959290 0.977600813
1403636646613555456.000000 2.549061060 6.109261036 7.410972595 -0.203019589 0.019822109 0.077573359 0.975895762
1403636646663555584.000000 2.568695784 6.141975880 7.437201500 -0.210386112 0.016943147 0.076738544 0.974454641
1403636646713555456.000000 2.584212303 6.173121452 7.463777065 -0.215902388 0.014829421 0.077867523 0.973192155
1403636646763555584.000000 2.602643490 6.203562260 7.488849163 0.220367789 -0.013672052 -0.078806363 -0.972132027
1403636646813555456.000000 2.627872705 6.235307693 7.509523869 -0.223733455 0.013995928 0.078988783 0.971343577
1403636646863555584.000000 2.648702860 6.264771461 7.531377792 -0.226933882 0.014111492 0.079313837 0.970572710
1403636646913555456.000000 2.670879126 6.293797970 7.552493095 0.228216395 -0.013156361 -0.080286399 -0.970205307
1403636646963555584.000000 2.694262266 6.322981834 7.567727089 -0.229441479 0.011814400 0.080693580 0.969899833
1403636647013555456.000000 2.713267565 6.350873947 7.587951183 -0.230374500 0.010154299 0.080854148 0.969684064
1403636647063555584.000000 2.731344223 6.378564358 7.607763290 0.230557263 -0.007547255 -0.080705300 -0.969676793
1403636647113555456.000000 2.748111248 6.406439304 7.621788502 -0.230671614 0.003506609 0.081183612 0.969632685
1403636647163555584.000000 2.762606382 6.433729649 7.642011642 -0.230222002 0.000520798 0.081936322 0.969682455
1403636647213555456.000000 2.776887417 6.460674286 7.661966324 0.230051771 0.001721619 -0.081481218 -0.969759822
1403636647263555584.000000 2.789086342 6.487942696 7.675848961 -0.229226917 -0.001441648 0.081967779 0.969914556
1403636647313555456.000000 2.800820827 6.514837265 7.696585655 -0.227962807 -0.000171824 0.082863569 0.970137477
1403636647363555584.000000 2.811691999 6.542516708 7.716962337 0.226801142 -0.001668033 -0.083343796 -0.970367074
1403636647413555456.000000 2.819915056 6.570357800 7.730616570 -0.225732118 0.003624525 0.083620578 0.970587254
1403636647463555584.000000 2.827936411 6.597436905 7.751145840 -0.224240869 0.005859727 0.084378734 0.970856309
1403636647513555456.000000 2.835066557 6.623976707 7.770425320 0.222713470 -0.009334998 -0.084710516 -0.971151829
1403636647563555584.000000 2.840493917 6.650912285 7.783011436 -0.220911115 0.013934749 0.085759856 0.971416175
1403636647613555456.000000 2.848025322 6.677742481 7.800189018 -0.219413847 0.019701554 0.087705582 0.971482038
1403636647663555584.000000 2.855905771 6.705818176 7.815098286 0.220153913 -0.020736285 -0.088085517 -0.971258640
1403636647713555456.000000 2.863000154 6.732655048 7.821851730 -0.221273288 0.019355269 0.087644294 0.971072674
1403636647763555584.000000 2.872910976 6.761542320 7.835392952 -0.222698748 0.016745023 0.086927347 0.970859766
1403636647813555456.000000 2.882959366 6.790665627 7.846544266 0.224816814 -0.015268017 -0.085523181 -0.970520556
1403636647863555584.000000 2.889746904 6.817505836 7.851458549 -0.227635428 0.013032454 0.086112320 0.969843805
1403636647913555456.000000 2.896176338 6.846765995 7.861739635 -0.232217461 0.012655084 0.086558998 0.968722105
1403636647963555584.000000 2.900222778 6.876032829 7.871730328 -0.237991482 0.012664401 0.088342413 0.967158437
1403636648013555456.000000 2.899872780 6.903114319 7.874386787 -0.245673046 0.012022438 0.090419255 0.965051651
1403636648063555584.000000 2.898252487 6.931881905 7.882580757 -0.254936546 0.011529261 0.093451127 0.962362409
1403636648113555456.000000 2.893885851 6.960292339 7.888813019 0.265497535 -0.011282982 -0.097356915 -0.959117055
1403636648163555584.000000 2.888040304 6.988620281 7.892374516 -0.277175874 0.011488199 0.101396590 0.955384970
1403636648213555456.000000 2.881750107 7.017136574 7.898692131 -0.289052457 0.011809800 0.105167851 0.951445758
1403636648263555584.000000 2.873819351 7.045488358 7.904290676 -0.301361442 0.012329936 0.109796375 0.947087169
1403636648313555456.000000 2.864001989 7.072826862 7.905787945 -0.313779235 0.012473889 0.114522651 0.942481637
1403636648363555584.000000 2.853410244 7.100154400 7.909560680 -0.326520503 0.013091335 0.118323609 0.937663376
1403636648413555456.000000 2.840881348 7.126473427 7.912740707 0.339434654 -0.012969623 -0.122452639 -0.932534873
1403636648463555584.000000 2.827741861 7.153225422 7.913068295 -0.352437794 0.012676480 0.127179414 0.927066505
1403636648513555456.000000 2.814135551 7.178817749 7.914139748 -0.364944041 0.012893083 0.131732360 0.921572685
1403636648563555584.000000 2.802095890 7.203676701 7.913723946 0.375993729 -0.013318017 -0.135805890 -0.916519582
1403636648613555456.000000 2.790800810 7.232261658 7.911893845 -0.385624230 0.013280247 0.138826162 0.912055373
1403636648663555584.000000 2.780769825 7.254753113 7.908539295 -0.393752158 0.011645781 0.141256213 0.908223689
1403636648713555456.000000 2.771756649 7.275792122 7.903937340 0.400838941 -0.008455152 -0.142684013 -0.904929876
1403636648763555584.000000 2.764065742 7.302447319 7.894979477 -0.405573159 0.005170308 0.144914761 0.902487397
1403636648813555456.000000 2.757856846 7.323223114 7.889851570 -0.408814996 -0.001824096 0.148685172 0.900421977
1403636648863555584.000000 2.754391670 7.344371796 7.884118557 0.410937041 0.008209963 -0.152561128 -0.898770571
1403636648913555456.000000 2.752825737 7.368207455 7.877477169 -0.412711173 -0.015030321 0.154698953 0.897503138
1403636648963555584.000000 2.754277468 7.389855385 7.871242523 -0.413580060 -0.019480065 0.156332985 0.896734178
1403636649013555456.000000 2.758498192 7.413029671 7.865405560 0.414766937 0.020901958 -0.156141564 -0.896187127
1403636649063555584.000000 2.765279293 7.440693855 7.857515335 -0.415802062 -0.018082097 0.154202431 0.896104574
1403636649113555456.000000 2.774736166 7.464846611 7.851727486 -0.416846514 -0.011893328 0.150524378 0.896348178
1403636649163555584.000000 2.785855293 7.490346909 7.846379280 0.417450130 0.004502135 -0.147458032 -0.896644473
1403636649213555456.000000 2.798287630 7.518650055 7.837792397 -0.418022871 0.001422341 0.143543139 0.897023022
1403636649263555584.000000 2.811877728 7.543047428 7.831590176 -0.417968005 0.006188802 0.140603408 0.897493780
1403636649313555456.000000 2.826966286 7.566716194 7.823828220 0.417224705 -0.007539645 -0.139300808 -0.898032367
1403636649363555584.000000 2.841102123 7.592671871 7.813488960 -0.415982336 0.006358952 0.138871774 0.898684025
1403636649413555456.000000 2.858132839 7.614737034 7.804769516 -0.414323300 0.004095672 0.139320016 0.899393976
1403636649463555584.000000 2.876382351 7.636258602 7.795544147 -0.412298769 0.000442915 0.139855132 0.900250018
1403636649513555456.000000 2.895837784 7.660913944 7.783194542 -0.410353094 0.000728604 0.139347360 0.901217103
1403636649563555584.000000 2.918197155 7.681717396 7.772266865 -0.408660889 0.003559956 0.138688415 0.902080417
1403636649613555456.000000 2.941249371 7.702942848 7.760201454 0.407787144 -0.007066904 -0.139068589 -0.902396679
1403636649663555584.000000 2.961823463 7.724122524 7.746786118 -0.408621192 0.011671114 0.140005618 0.901826501
1403636649713555456.000000 2.981872559 7.743635178 7.733858585 -0.411082387 0.014307670 0.141871557 0.900377214
1403636649763555584.000000 2.999470234 7.762863636 7.720128059 0.415147305 -0.015927840 -0.142145395 -0.898439705
1403636649813555456.000000 3.015934944 7.782979488 7.707113743 -0.418923706 0.016562497 0.142257035 0.896655798
1403636649863555584.000000 3.030169010 7.800785065 7.693680763 -0.422691673 0.017525747 0.141954631 0.894915402
1403636649913555456.000000 3.042338848 7.818022728 7.680685997 -0.425913543 0.017832968 0.141903147 0.893388569
1403636649963555584.000000 3.052433729 7.836619377 7.668778896 -0.428949565 0.018032538 0.141609490 0.891977549
1403636650013555456.000000 3.059379578 7.852779865 7.656471252 -0.431577057 0.017591123 0.141566500 0.890724838
1403636650063555584.000000 3.063415527 7.868271828 7.644557476 0.434052467 -0.018413983 -0.142139122 -0.889413178
1403636650113555456.000000 3.065569878 7.883687496 7.632045746 -0.437756360 0.018904272 0.143498033 0.887367070
1403636650163555584.000000 3.064651489 7.897168636 7.619277477 -0.443157673 0.019411791 0.145198494 0.884393573
1403636650213555456.000000 3.061164856 7.909402847 7.605718136 -0.450684965 0.018612733 0.147303700 0.880249023
1403636650263555584.000000 3.055057526 7.920982838 7.592101097 0.459685445 -0.018119704 -0.150435612 -0.875060141
1403636650313555456.000000 3.048266411 7.935281754 7.579776287 -0.469333589 0.018126067 0.155141741 0.869096398
1403636650363555584.000000 3.039761782 7.945993900 7.565889359 -0.480010539 0.016854784 0.159931153 0.862396598
1403636650413555456.000000 3.030577183 7.956343651 7.551541328 0.491045177 -0.014905851 -0.164525121 -0.855326772
1403636650463555584.000000 3.019243240 7.966823578 7.538055897 -0.502243698 0.012394118 0.169672251 0.847826064
1403636650513555456.000000 3.007533073 7.974432945 7.523301601 -0.512747467 0.009445191 0.174934924 0.840475261
1403636650563555584.000000 2.995087624 7.980823994 7.509117126 0.521525383 -0.006765819 -0.180474609 -0.833903193
1403636650613555456.000000 2.983220339 7.989111900 7.493814945 -0.528987944 0.004229072 0.184279978 0.828368783
1403636650663555584.000000 2.969609976 7.994890213 7.480545521 -0.535239100 0.002907237 0.187590599 0.823602140
1403636650713555456.000000 2.956398010 8.000593185 7.467296124 0.541122496 -0.001167790 -0.189624175 -0.819284856
1403636650763555584.000000 2.942415953 8.006711960 7.455180168 -0.545786202 0.001352219 0.192044124 0.815619171
1403636650813555456.000000 2.932579041 8.011577606 7.441390991 -0.549749434 0.001938316 0.192972928 0.812732041
1403636650863555584.000000 2.925838709 8.016523361 7.426867008 0.553339243 -0.003617553 -0.192249194 -0.810458422
1403636650913555456.000000 2.915955544 8.024957657 7.413732529 -0.556400299 0.006742639 0.189992145 0.808873475
1403636650963555584.000000 2.912642241 8.028967857 7.398351669 -0.558461070 0.009981579 0.188398182 0.807791948
1403636651013555456.000000 2.910665989 8.032441139 7.382617474 -0.560159266 0.012309471 0.186317310 0.807066321
1403636651063555584.000000 2.910095692 8.038326263 7.363154888 -0.560825944 0.013466427 0.184970900 0.806894541
1403636651113555456.000000 2.911056519 8.040921211 7.347025871 -0.560857832 0.014966182 0.184187725 0.807025075
1403636651163555584.000000 2.912950516 8.043295860 7.330565453 0.560669363 -0.014581517 -0.183952525 -0.807216644
1403636651213555456.000000 2.907711744 8.051890373 7.314416885 -0.559178352 0.013511316 0.185083628 0.808010519
1403636651263555584.000000 2.912121773 8.051804543 7.296838760 -0.558061302 0.011321095 0.185993195 0.808607459
1403636651313555456.000000 2.917441607 8.051132202 7.279056072 -0.556494355 0.008657400 0.187095985 0.809465468
1403636651363555584.000000 2.922109365 8.050273895 7.261369228 0.554596603 -0.006452292 -0.188721642 -0.810410559
1403636651413555456.000000 2.926213980 8.049094200 7.244244576 0.553207934 -0.004952146 -0.188934088 -0.811320245
1403636651463555584.000000 2.928510427 8.047617912 7.227692127 0.551491737 -0.004154775 -0.189345717 -0.812396288
1403636651513555456.000000 2.925259590 8.049654961 7.208349705 -0.550165713 0.004562504 0.188538656 0.813480318
1403636651563555584.000000 2.924388170 8.047912598 7.193016052 -0.549084723 0.007113545 0.187324807 0.814472079
1403636651613555456.000000 2.922305346 8.046023369 7.178148270 -0.548535109 0.010158762 0.184730306 0.815402210
1403636651663555584.000000 2.918320656 8.043577194 7.162546635 0.547723293 -0.013607159 -0.183010668 -0.816285014
1403636651713555456.000000 2.921261549 8.030911446 7.147136211 0.547270477 -0.016034838 -0.182529092 -0.816652358
1403636651763555584.000000 2.914952993 8.027082443 7.132175922 0.547431827 -0.019380631 -0.184342280 -0.816064179
1403636651813555456.000000 2.899705648 8.036263466 7.115348816 -0.548035800 0.023904227 0.188907042 0.814493418
1403636651863555584.000000 2.890745640 8.031002045 7.099255085 -0.551002324 0.027907999 0.192128554 0.811605990
1403636651913555456.000000 2.879335403 8.025558472 7.081966400 0.555744052 -0.030731494 -0.195856124 -0.807368934
1403636651963555584.000000 2.868149519 8.019707680 7.062456131 -0.562182903 0.032963049 0.199397489 0.801937997
1403636652013555456.000000 2.854101896 8.013083458 7.043297768 -0.570572972 0.034195144 0.201807797 0.795330644
1403636652063555584.000000 2.837688208 8.005433083 7.023202896 0.580623031 -0.032502711 -0.204816490 -0.787318647
1403636652113555456.000000 2.823574781 8.001256943 6.999380589 -0.592227161 0.028467877 0.207120255 0.778175950
1403636652163555584.000000 2.805038691 7.991870403 6.977298737 -0.605044723 0.024002982 0.210163921 0.767578006
1403636652213555456.000000 2.785055399 7.981763840 6.954956532 0.618411779 -0.019113496 -0.215000063 -0.755629897
1403636652263555584.000000 2.762379885 7.972068787 6.931648731 -0.631240368 0.015405276 0.220852345 0.743318617
1403636652313555456.000000 2.738359690 7.957129002 6.909580231 -0.643574476 0.009740188 0.228797093 0.730321109
1403636652363555584.000000 2.714915276 7.940257072 6.888878345 0.655039072 -0.004700921 -0.236825526 -0.717506349
1403636652413555456.000000 2.697727680 7.932965279 6.862989902 -0.665162563 0.001411020 0.243105888 0.706014395
1403636652463555584.000000 2.673935652 7.919325352 6.841997623 -0.673445642 -0.000262621 0.248727724 0.696136057
1403636652513555456.000000 2.651361227 7.906197071 6.820993900 -0.680128455 -0.001928703 0.254083008 0.687650740
1403636652563555584.000000 2.631939173 7.898164749 6.794729233 0.685450852 0.003577591 -0.259492606 -0.680299938
1403636652613555456.000000 2.613870144 7.887060165 6.772379398 0.689398885 0.006614476 -0.264361262 -0.674387634
1403636652663555584.000000 2.598758221 7.878496647 6.748684406 0.692515016 0.010788173 -0.268322825 -0.669559181
1403636652713555456.000000 2.588085651 7.873850822 6.721879959 0.695623696 0.014274902 -0.269294798 -0.665871024
1403636652763555584.000000 2.578011990 7.867517471 6.697030067 0.697210252 0.014858286 -0.271238238 -0.663405538
1403636652813555456.000000 2.570830584 7.864701748 6.669280052 0.698813200 0.015528190 -0.271169692 -0.661729634
1403636652863555584.000000 2.564929724 7.862290382 6.642920971 0.699909806 0.014641017 -0.271030486 -0.660647035
1403636652913555456.000000 2.561756372 7.862803936 6.614347935 0.700901747 0.013629752 -0.269064099 -0.660420716
1403636652963555584.000000 2.559810877 7.863644123 6.586987495 0.701724946 0.012705469 -0.266576916 -0.660573602
1403636653013555456.000000 2.558410168 7.867625713 6.558042049 0.702207088 0.011530965 -0.264332861 -0.660984397
1403636653063555584.000000 2.553727150 7.870978355 6.531834126 0.702657878 0.010888652 -0.260992259 -0.661843240
1403636653113555456.000000 2.545524120 7.876717567 6.507611275 0.702690363 0.008391219 -0.258110732 -0.662974119
1403636653163555584.000000 2.532291889 7.881464481 6.482191086 0.703056157 0.005952873 -0.253851771 -0.664255977
1403636653213555456.000000 2.520429373 7.888978481 6.459575176 0.703458428 0.002437940 -0.248897552 -0.665725470
1403636653263555584.000000 2.509213209 7.897185326 6.436515808 0.703639388 -0.001458297 -0.243857026 -0.667400360
1403636653313555456.000000 2.497212410 7.902553082 6.412149429 0.703739285 -0.003858805 -0.238845795 -0.669095576
1403636653363555584.000000 2.488822699 7.910455227 6.389536858 0.702917099 -0.005429683 -0.236053541 -0.670937359
1403636653413555456.000000 2.482850552 7.917310238 6.366561413 0.701718152 -0.005974760 -0.234299690 -0.672799945
1403636653463555584.000000 2.474233389 7.919128895 6.343654633 0.700422049 -0.005900354 -0.233683184 -0.674363673
1403636653513555456.000000 2.473035336 7.925341129 6.320360661 0.698936284 -0.005448720 -0.233172506 -0.676083624
1403636653563555584.000000 2.473147869 7.930100441 6.296142578 0.697249353 -0.005271637 -0.233436361 -0.677733839
1403636653613555456.000000 2.475463629 7.935331821 6.272040844 0.696393669 -0.006892309 -0.232490420 -0.678923130
1403636653663555584.000000 2.474419594 7.937074661 6.249930382 0.695841074 -0.008448311 -0.230552882 -0.680131793
1403636653713555456.000000 2.476368189 7.941348553 6.226694107 0.695686102 -0.009889059 -0.228273749 -0.681039155
1403636653763555584.000000 2.476452589 7.944798946 6.203838348 0.695573390 -0.011906469 -0.226552099 -0.681696475
1403636653813555456.000000 2.469946146 7.943530083 6.184165001 0.695446193 -0.012536716 -0.224817097 -0.682388961
1403636653863555584.000000 2.467323780 7.945402622 6.163555145 0.695651531 -0.013044233 -0.223319367 -0.682661951
1403636653913555456.000000 2.462301731 7.945762157 6.144054413 0.695567369 -0.013210062 -0.222937405 -0.682869315
1403636653963555584.000000 2.449652672 7.939390659 6.131072044 0.694718242 -0.013507158 -0.225192159 -0.682987988
1403636654013555456.000000 2.442025185 7.938275814 6.113512516 0.693678498 -0.013773601 -0.228178635 -0.683048308
1403636654063555584.000000 2.432547569 7.935672760 6.096958637 0.692820847 -0.014664831 -0.230468273 -0.683131516
1403636654113555456.000000 2.419323444 7.930858135 6.081564903 0.693240762 -0.015735103 -0.231693551 -0.682266653
1403636654163555584.000000 2.410168648 7.927381516 6.064629078 0.694977760 -0.017490035 -0.232369944 -0.680223703
1403636654213555456.000000 2.401601791 7.922870636 6.047194481 0.697863758 -0.018403035 -0.232750490 -0.677107692
1403636654263555584.000000 2.390451431 7.915068150 6.030520439 0.701622188 -0.016927658 -0.233371809 -0.673035920
1403636654313555456.000000 2.385439396 7.908729553 6.011249065 0.706003547 -0.015469684 -0.234806970 -0.667971134
1403636654363555584.000000 2.381431103 7.901535034 5.991787910 0.710575044 -0.013783340 -0.237438455 -0.662205577
1403636654413555456.000000 2.375303268 7.886561871 5.977002144 0.715943158 -0.011571905 -0.240658715 -0.655267000
1403636654463555584.000000 2.375531673 7.878324986 5.956249237 0.721516609 -0.010182948 -0.243765160 -0.647988260
1403636654513555456.000000 2.377128124 7.868756771 5.934766769 0.728062570 -0.008751824 -0.245793238 -0.639870346
1403636654563555584.000000 2.376899481 7.856591702 5.914706707 0.734723091 -0.007502097 -0.248265773 -0.631260514
1403636654613555456.000000 2.380455256 7.846729279 5.893786907 0.739625037 -0.006456157 -0.252708554 -0.623740017
1403636654663555584.000000 2.382921934 7.831880569 5.876283646 0.743192017 -0.006784778 -0.258658439 -0.617021441
1403636654713555456.000000 2.384248018 7.821848869 5.857287407 0.746797562 -0.005952244 -0.262091219 -0.611200571
1403636654763555584.000000 2.383274317 7.810330391 5.839610100 0.749784529 -0.005007821 -0.265044749 -0.606258571
1403636654813555456.000000 2.381382704 7.800355911 5.822311401 0.752886057 -0.003963079 -0.266633064 -0.601709068
1403636654863555584.000000 2.377014875 7.790397644 5.805982113 0.755420029 -0.002928064 -0.267883152 -0.597972214
1403636654913555456.000000 2.371505260 7.780900002 5.790344715 0.757913411 -0.002823490 -0.268012732 -0.594750881
1403636654963555584.000000 2.367721558 7.768337250 5.775919914 0.760982215 -0.004130938 -0.264962435 -0.592185795
1403636655013555456.000000 2.359938622 7.759207726 5.761774063 0.763756692 -0.007467066 -0.261426479 -0.590149224
1403636655063555584.000000 2.350622892 7.749444485 5.748630524 0.765897930 -0.010754772 -0.258376688 -0.588664711
1403636655113555456.000000 2.343085051 7.739273071 5.735383511 0.767471850 -0.013303543 -0.256245494 -0.587493241
1403636655163555584.000000 2.332768679 7.728768349 5.723624706 0.768932402 -0.015297606 -0.253764689 -0.586611032
1403636655213555456.000000 2.322286606 7.717413902 5.712725163 0.769544959 -0.017991174 -0.252582431 -0.586241484
1403636655263555584.000000 2.313655853 7.704745293 5.701449394 0.770832717 -0.020533316 -0.252270192 -0.584598184
1403636655313555456.000000 2.302023888 7.690969467 5.691011906 0.772720516 -0.022128290 -0.252115875 -0.582109094
1403636655363555584.000000 2.290906429 7.675877094 5.680880547 0.774946392 -0.024344807 -0.252949715 -0.578689814
1403636655413555456.000000 2.282875299 7.659181595 5.669142246 0.777131498 -0.026582398 -0.253685147 -0.575329304
1403636655463555584.000000 2.274026394 7.641402245 5.658838272 0.779984355 -0.027150001 -0.253943503 -0.571314335
1403636655513555456.000000 2.267436743 7.621282101 5.647367001 0.783083856 -0.027043067 -0.255659312 -0.566292107
1403636655563555584.000000 2.263281822 7.604193211 5.634452343 0.785411954 -0.025346564 -0.260634542 -0.560852349
1403636655613555456.000000 2.257134438 7.579822063 5.624179363 0.787656009 -0.022243803 -0.267809451 -0.554419875
1403636655663555584.000000 2.252408504 7.555523872 5.612141132 0.789461195 -0.019912027 -0.275749236 -0.548011839
1403636655713555456.000000 2.243374348 7.529864311 5.603401184 0.790938020 -0.018145479 -0.282493174 -0.542480826
1403636655763555584.000000 2.232481956 7.506014347 5.593313694 0.793246627 -0.016104918 -0.287358284 -0.536587119
1403636655813555456.000000 2.217290878 7.480454922 5.585889816 0.796252072 -0.015677862 -0.291463643 -0.529892325
1403636655863555584.000000 2.198490620 7.465303421 5.575667381 0.799724400 -0.015649956 -0.295675069 -0.522276103
1403636655913555456.000000 2.178001404 7.439454079 5.568471909 0.804025412 -0.016284876 -0.299250841 -0.513543487
1403636655963555584.000000 2.155044794 7.417440891 5.559139729 0.809108555 -0.017986523 -0.301181138 -0.504291475
1403636656013555456.000000 2.135686159 7.391758442 5.550209045 0.813279808 -0.019429943 -0.302806050 -0.496494621
1403636656063555584.000000 2.122186184 7.368407249 5.536005020 0.817181706 -0.018908260 -0.304039478 -0.489302099
1403636656113555456.000000 2.106587410 7.342006683 5.524121284 0.820549190 -0.017284740 -0.304721862 -0.483264923
1403636656163555584.000000 2.090425968 7.323698521 5.510342121 0.823599339 -0.016645391 -0.304747760 -0.478054345
1403636656213555456.000000 2.080185175 7.296982288 5.495395660 0.825853288 -0.012993459 -0.305295557 -0.473911613
1403636656263555584.000000 2.072611332 7.274289131 5.477770329 0.827310205 -0.011610511 -0.306188971 -0.470819890
1403636656313555456.000000 2.067241430 7.248244286 5.460241795 0.828236997 -0.009951827 -0.307359606 -0.468459785
1403636656363555584.000000 2.063745499 7.229504108 5.440932274 0.828730166 -0.009667728 -0.308520049 -0.466827929
1403636656413555456.000000 2.062698364 7.205614090 5.420492649 0.828986585 -0.008538704 -0.309031695 -0.466055602
1403636656463555584.000000 2.062391758 7.185991287 5.397349358 0.829134107 -0.008572939 -0.309293747 -0.465618461
1403636656513555456.000000 2.063923359 7.163938046 5.374488354 0.829119027 -0.007269085 -0.309125841 -0.465779066
1403636656563555584.000000 2.065199375 7.146677494 5.350780010 0.829440534 -0.006502074 -0.307537317 -0.466269255
1403636656613555456.000000 2.065955400 7.126234055 5.327040672 0.829856336 -0.006580269 -0.305211246 -0.467056096
1403636656663555584.000000 2.065633774 7.108871460 5.303077221 0.830762565 -0.008526537 -0.301135659 -0.468057930
1403636656713555456.000000 2.064928293 7.089927197 5.278852463 0.832438111 -0.012841136 -0.294383973 -0.469276071
1403636656763555584.000000 2.061741829 7.072412491 5.254823208 0.833950460 -0.016607957 -0.287932128 -0.470474154
1403636656813555456.000000 2.057216644 7.053688049 5.231455803 0.835197270 -0.017788969 -0.282383263 -0.471581310
1403636656863555584.000000 2.051276684 7.034480572 5.210485458 0.835926056 -0.017500281 -0.278415084 -0.472658962
1403636656913555456.000000 2.043358088 7.014955044 5.188969612 0.836339712 -0.018443022 -0.275100708 -0.473830521
1403636656963555584.000000 2.034032822 6.994152546 5.170169353 0.836189985 -0.019727927 -0.273402423 -0.475024611
1403636657013555456.000000 2.022874594 6.973327637 5.151508808 0.835833073 -0.021916676 -0.272476941 -0.476087242
1403636657063555584.000000 2.010099411 6.951587200 5.134397507 0.835376918 -0.024183398 -0.272058815 -0.477016389
1403636657113555456.000000 1.996231318 6.929203510 5.118145466 0.834687650 -0.026499199 -0.272392839 -0.477908581
1403636657163555584.000000 1.983205080 6.905877590 5.103499413 0.833957613 -0.029046820 -0.273068786 -0.478648603
1403636657213555456.000000 1.970810652 6.881538868 5.088043213 0.832928121 -0.030921269 -0.274730444 -0.479372442
1403636657263555584.000000 1.962183714 6.851844788 5.073658943 0.831623614 -0.030723156 -0.277925283 -0.479808062
1403636657313555456.000000 1.952486038 6.825007439 5.058096886 0.830703259 -0.029782677 -0.280509114 -0.479958087
1403636657363555584.000000 1.944600224 6.794926643 5.042806149 0.829441965 -0.029214583 -0.284291714 -0.479948819
1403636657413555456.000000 1.935855269 6.766770363 5.026779175 0.827700436 -0.028749814 -0.289677352 -0.479762971
1403636657463555584.000000 1.926753640 6.736161709 5.011297703 0.825851738 -0.027348535 -0.295169353 -0.479683399
1403636657513555456.000000 1.916102290 6.707133770 4.995133877 0.824207127 -0.026553959 -0.299929500 -0.479603797
1403636657563555584.000000 1.904790282 6.674818993 4.978662014 0.823351800 -0.024850294 -0.302835166 -0.479338318
1403636657613555456.000000 1.891845942 6.645315647 4.961666584 0.823037446 -0.023935262 -0.304039568 -0.479162246
1403636657663555584.000000 1.879493952 6.612080097 4.945818901 0.822875679 -0.023677150 -0.304586321 -0.479105681
1403636657713555456.000000 1.864622831 6.582492352 4.928163528 0.823200881 -0.024391547 -0.304235220 -0.478734136
1403636657763555584.000000 1.849269152 6.550332546 4.910069466 0.823915005 -0.025428597 -0.304573506 -0.477234155
1403636657813555456.000000 1.831673265 6.520592213 4.891779423 0.824337482 -0.026621796 -0.306061953 -0.475484163
1403636657863555584.000000 1.814726710 6.488951206 4.873891830 0.823852301 -0.029545534 -0.309607953 -0.473853856
1403636657913555456.000000 1.795970917 6.458237171 4.854375839 0.822957993 -0.031617809 -0.313989073 -0.472389072
1403636657963555584.000000 1.779574037 6.426350117 4.832977295 0.822414100 -0.032495331 -0.317258894 -0.471090049
1403636658013555456.000000 1.763266325 6.395151615 4.809226990 0.822721779 -0.031428587 -0.318157852 -0.470017910
1403636658063555584.000000 1.750806808 6.362455845 4.782765865 0.823454678 -0.027831642 -0.318071216 -0.469018817
1403636658113555456.000000 1.738273144 6.328948975 4.755743027 0.825262725 -0.022901056 -0.314995021 -0.468182772
1403636658163555584.000000 1.727436900 6.296964169 4.725784302 0.826513410 -0.018260421 -0.313396901 -0.467252105
1403636658213555456.000000 1.716124773 6.263584614 4.696187973 0.827899396 -0.014545613 -0.311309457 -0.466323406
1403636658263555584.000000 1.706177831 6.232168674 4.664610386 0.829457343 -0.009435713 -0.308439463 -0.465592712
1403636658313555456.000000 1.692548513 6.199538708 4.635272026 0.830216885 -0.006471575 -0.307419509 -0.464963853
1403636658363555584.000000 1.679120302 6.169800758 4.603986263 0.830841422 -0.004130344 -0.306826621 -0.464266002
1403636658413555456.000000 1.663449645 6.138408184 4.575025558 0.831185162 -0.001929775 -0.306606233 -0.463810474
1403636658463555584.000000 1.648048639 6.110309124 4.544215202 0.831800997 0.001177221 -0.305782259 -0.463252693
1403636658513555456.000000 1.631438732 6.080447674 4.515599251 0.832403362 0.004469589 -0.304576993 -0.462944567
1403636658563555584.000000 1.614910126 6.054218292 4.485113144 0.833408535 0.008677972 -0.302256435 -0.462597132
1403636658613555456.000000 1.597780466 6.026638508 4.457078934 0.834149241 0.011746997 -0.300392359 -0.462408334
1403636658663555584.000000 1.580026269 6.002398491 4.428092003 0.834653318 0.013408354 -0.299309522 -0.462155670
1403636658713555456.000000 1.562381148 5.977274418 4.401414394 0.835393727 0.014465756 -0.297436684 -0.461995155
1403636658763555584.000000 1.543686271 5.955067635 4.374375820 0.836533964 0.015827009 -0.294476181 -0.461783737
1403636658813555456.000000 1.525584817 5.932300091 4.349090099 0.838180959 0.017654998 -0.289958477 -0.461589843
1403636658863555584.000000 1.506822586 5.913640499 4.324197769 0.839475453 0.017697793 -0.286248893 -0.461551160
1403636658913555456.000000 1.488301039 5.893986702 4.301254272 0.840349913 0.014193841 -0.284022212 -0.461456358
1403636658963555584.000000 1.468114853 5.874104977 4.279793739 0.840865791 0.008850287 -0.283142030 -0.461190999
1403636659013555456.000000 1.448619246 5.856209278 4.259637356 0.841017187 0.004142537 -0.282664746 -0.461274028
1403636659063555584.000000 1.428298473 5.839711189 4.241548538 0.841725349 -0.000370141 -0.280066580 -0.461585432
1403636659113555456.000000 1.407713652 5.822410583 4.223275185 0.842070103 -0.002993578 -0.278817236 -0.461703360
1403636659163555584.000000 1.385519743 5.805428505 4.206468105 0.842489600 -0.005423922 -0.277523696 -0.461695164
1403636659213555456.000000 1.364206791 5.788167953 4.190512657 0.842682004 -0.006887946 -0.276554227 -0.461906284
1403636659263555584.000000 1.342622638 5.766963005 4.176230431 0.842606068 -0.007683517 -0.277200520 -0.461644799
1403636659313555456.000000 1.323603511 5.749292374 4.161797523 0.841885328 -0.006436208 -0.279134095 -0.461813629
1403636659363555584.000000 1.305487752 5.729500294 4.149898529 0.840897858 -0.004878386 -0.282145411 -0.461801976
1403636659413555456.000000 1.289470196 5.711787224 4.136000633 0.839629292 -0.001779541 -0.285604954 -0.462005764
1403636659463555584.000000 1.274605393 5.692537308 4.124377251 0.838176847 0.001278787 -0.289578706 -0.462171108
1403636659513555456.000000 1.263039708 5.675941944 4.109765053 0.838130593 0.003394800 -0.290100724 -0.461916924
1403636659563555584.000000 1.251182079 5.658129215 4.097213745 0.837709725 0.002257763 -0.291503221 -0.461804390
1403636659613555456.000000 1.240110159 5.642370224 4.083328724 0.838539600 0.002679883 -0.289617330 -0.461482435
1403636659663555584.000000 1.227683067 5.624985695 4.072248936 0.839437664 0.002048661 -0.287935197 -0.460905135
1403636659713555456.000000 1.214671612 5.609967709 4.060596943 0.840315044 0.001622039 -0.286283642 -0.460336596
1403636659763555584.000000 1.201424003 5.591675282 4.052813053 0.841157377 0.000751980 -0.285111874 -0.459526896
1403636659813555456.000000 1.186041474 5.577414036 4.043998718 0.841694117 0.000969811 -0.284537256 -0.458899438
1403636659863555584.000000 1.169776678 5.561659336 4.038083076 0.841990709 0.000181535 -0.284986913 -0.458076656
1403636659913555456.000000 1.152103782 5.547344208 4.032277107 0.841742635 0.000931229 -0.286571532 -0.457542598
1403636659963555584.000000 1.133471370 5.531968594 4.028677940 0.841173828 0.003619662 -0.289914072 -0.456468433
1403636660013555456.000000 1.114249587 5.518208981 4.025121689 0.840157628 0.005585895 -0.293623686 -0.455948770
1403636660063555584.000000 1.093791008 5.504112244 4.022804737 0.839103103 0.007685881 -0.297602892 -0.455279648
1403636660113555456.000000 1.073544502 5.491123199 4.020842075 0.838325620 0.010042180 -0.300690740 -0.454636484
1403636660163555584.000000 1.051974654 5.478977203 4.019673347 0.837567151 0.011866338 -0.303532928 -0.454101622
1403636660213555456.000000 1.030853987 5.467677593 4.018476486 0.837276161 0.012101694 -0.304522991 -0.453969091
1403636660263555584.000000 1.010217547 5.456768036 4.018394470 0.836455524 0.013948854 -0.307352424 -0.453521878
1403636660313555456.000000 0.990015864 5.447907925 4.017249584 0.835441411 0.016321966 -0.310369194 -0.453257322
1403636660363555584.000000 0.969898820 5.440397263 4.015672207 0.833389878 0.020377403 -0.316095561 -0.452912509
1403636660413555456.000000 0.952687979 5.434741020 4.013408661 0.831390262 0.023384312 -0.321671903 -0.452515990
1403636660463555584.000000 0.937617183 5.431571484 4.009227753 0.830242455 0.024877165 -0.324542046 -0.452494353
1403636660513555456.000000 0.924258471 5.429654121 4.005380630 0.830189526 0.025646089 -0.324357867 -0.452680618
1403636660563555584.000000 0.911001921 5.429960728 4.001206398 0.831638157 0.024373716 -0.320541650 -0.452810168
1403636660613555456.000000 0.897329092 5.432311058 3.996761322 0.833981276 0.021744613 -0.313979238 -0.453232378
1403636660663555584.000000 0.879979014 5.438426018 3.990297794 0.836827278 0.019178327 -0.305849165 -0.453661442
1403636660713555456.000000 0.864108682 5.443758011 3.987114668 0.839634359 0.017402956 -0.297636241 -0.454008728
1403636660763555584.000000 0.847265720 5.449966908 3.985131025 0.842395604 0.017198863 -0.289356381 -0.454254150
1403636660813555456.000000 0.826675177 5.458990097 3.981876373 0.844571650 0.018641382 -0.282579213 -0.454423010
1403636660863555584.000000 0.808136582 5.466310978 3.983144522 0.846299052 0.021022037 -0.276881814 -0.454612345
1403636660913555456.000000 0.787282228 5.475005150 3.984793901 0.847472072 0.021808522 -0.273158848 -0.454642445
1403636660963555584.000000 0.767369747 5.483688354 3.990061045 0.847616434 0.019809864 -0.272492647 -0.454864621
1403636661013555456.000000 0.745299816 5.493921280 3.995404482 0.847329497 0.016031399 -0.273103505 -0.455181450
1403636661063555584.000000 0.724475503 5.503846169 4.004001617 0.847146153 0.012067933 -0.273752093 -0.455255479
1403636661113555456.000000 0.700562954 5.516742229 4.011385441 0.846905351 0.008163264 -0.274456054 -0.455366492
1403636661163555584.000000 0.678954244 5.527017117 4.023124695 0.846606255 0.004977174 -0.275502801 -0.455336541
1403636661213555456.000000 0.658002615 5.538394451 4.033983231 0.846724153 0.001740854 -0.275047988 -0.455416232
1403636661263555584.000000 0.639545679 5.547954559 4.047248840 0.846254051 0.000305527 -0.276585430 -0.455362082
1403636661313555456.000000 0.622809768 5.557713509 4.059903145 0.846256137 -0.001389921 -0.276358694 -0.455493778
1403636661363555584.000000 0.608829737 5.565913677 4.073921204 0.846211791 -0.002093827 -0.276416093 -0.455538750
1403636661413555456.000000 0.596292853 5.575049877 4.087117672 0.846251130 -0.002045869 -0.276098639 -0.455658257
1403636661463555584.000000 0.586490631 5.583013058 4.101005077 0.846050382 -0.002736864 -0.276627958 -0.455706447
1403636661513555456.000000 0.577034593 5.594335556 4.112531185 0.845454395 -0.002686295 -0.278133899 -0.455896139
1403636661563555584.000000 0.571549892 5.601493359 4.126877785 0.844686210 -0.003947988 -0.279830337 -0.456272542
1403636661613555456.000000 0.566637039 5.609295845 4.141715527 0.843779862 -0.004863430 -0.282286942 -0.456427455
1403636661663555584.000000 0.565223455 5.615367413 4.156319141 0.843560815 -0.006518999 -0.282328397 -0.456785977
1403636661713555456.000000 0.564419746 5.622615337 4.170598030 0.843744218 -0.007315128 -0.281323224 -0.457055271
1403636661763555584.000000 0.566519260 5.628173828 4.185061932 0.843332112 -0.012501677 -0.282237440 -0.457139760
1403636661813555456.000000 0.570032001 5.633944035 4.198581219 0.842455685 -0.017595990 -0.283670425 -0.457700789
1403636661863555584.000000 0.575516403 5.638061523 4.212302208 0.842017114 -0.021096636 -0.283841133 -0.458253711
1403636661913555456.000000 0.581822515 5.641901016 4.225980759 0.841985464 -0.022827091 -0.283659220 -0.458341390
1403636661963555584.000000 0.590819359 5.644090176 4.238124371 0.841587842 -0.023945773 -0.283683926 -0.458998978
1403636662013555456.000000 0.601524591 5.647059917 4.247513294 0.841621161 -0.023879452 -0.283442050 -0.459090710
1403636662063555584.000000 0.613848567 5.647405148 4.258185387 0.841918945 -0.023470579 -0.282420844 -0.459195256
1403636662113555456.000000 0.626432240 5.646659851 4.270285606 0.841989219 -0.022883322 -0.281918943 -0.459404349
1403636662163555584.000000 0.638446748 5.645017147 4.280866623 0.842245877 -0.019208243 -0.281585336 -0.459306747
1403636662213555456.000000 0.648928165 5.642441273 4.292338371 0.842716694 -0.014114421 -0.280832142 -0.459089190
1403636662263555584.000000 0.656805575 5.640145779 4.305055618 0.843460441 -0.008345055 -0.279271811 -0.458815932
1403636662313555456.000000 0.664593697 5.636310577 4.318339348 0.843778312 -0.004272685 -0.279239237 -0.458306998
1403636662363555584.000000 0.672516942 5.630255222 4.336709023 0.843917310 -0.000201677 -0.279673249 -0.457806110
1403636662413555456.000000 0.677709579 5.626472473 4.352302551 0.843521416 0.002814118 -0.281866193 -0.457181960
1403636662463555584.000000 0.681210160 5.622878551 4.369631767 0.842414677 0.005992176 -0.285961926 -0.456648171
1403636662513555456.000000 0.683672786 5.619703293 4.387774944 0.841127396 0.008458427 -0.290323436 -0.456229687
1403636662563555584.000000 0.685264349 5.617119312 4.406736374 0.839930236 0.008327655 -0.294524997 -0.455744356
1403636662613555456.000000 0.687656999 5.613697052 4.427289963 0.838433146 0.004144216 -0.299294978 -0.455450624
1403636662663555584.000000 0.687693954 5.612408638 4.447143078 0.837123275 -0.003950681 -0.303927928 -0.454793334
1403636662713555456.000000 0.687734783 5.611226082 4.466858864 0.836196005 -0.012012941 -0.306667238 -0.454518616
1403636662763555584.000000 0.685941577 5.610831738 4.485607624 0.835810900 -0.018555474 -0.307834923 -0.454217523
1403636662813555456.000000 0.686092913 5.612524509 4.498794556 0.835424840 -0.023264293 -0.309540451 -0.453551382
1403636662863555584.000000 0.681245744 5.611676216 4.516651630 0.834657073 -0.024325872 -0.311727196 -0.453411579
1403636662913555456.000000 0.675573409 5.609896183 4.533926010 0.834123731 -0.021140739 -0.314002544 -0.452982455
1403636662963555584.000000 0.668191552 5.608306885 4.550352097 0.833162665 -0.019486591 -0.317122936 -0.452651441
1403636663013555456.000000 0.661175013 5.606132507 4.565512657 0.831572592 -0.020434324 -0.321681529 -0.452316821
1403636663063555584.000000 0.654671729 5.604640007 4.578813076 0.829977572 -0.022960350 -0.326230794 -0.451866776
1403636663113555456.000000 0.649376214 5.602269173 4.589879036 0.828601241 -0.025646335 -0.329776108 -0.451674789
1403636663163555584.000000 0.645030081 5.600673676 4.598504066 0.827549219 -0.025592273 -0.332755208 -0.451421589
1403636663213555456.000000 0.641644299 5.598076344 4.604068279 0.828413069 -0.021344587 -0.331768125 -0.450783968
1403636663263555584.000000 0.636996686 5.596314430 4.607728958 0.830527425 -0.010721494 -0.327013105 -0.450745791
1403636663313555456.000000 0.630331755 5.594861507 4.610593319 0.831901789 -0.000900797 -0.323892564 -0.450590938
1403636663363555584.000000 0.621758103 5.594018936 4.613308907 0.832869828 0.008396841 -0.321700096 -0.450295925
1403636663413555456.000000 0.610852599 5.594945431 4.615941048 0.832919657 0.016946940 -0.321328014 -0.450228781
1403636663463555584.000000 0.598699927 5.596682549 4.619101524 0.832446158 0.022934576 -0.322152585 -0.450250089
1403636663513555456.000000 0.585127950 5.600574017 4.621923447 0.832060456 0.028530302 -0.323292404 -0.449826032
1403636663563555584.000000 0.570858121 5.606099129 4.625085831 0.831677496 0.032001216 -0.324076205 -0.449736744
1403636663613555456.000000 0.555282950 5.615327835 4.625531673 0.831028998 0.033408266 -0.325255811 -0.449981511
1403636663663555584.000000 0.539569378 5.625484467 4.628304482 0.830735028 0.035030182 -0.325781077 -0.450021029
1403636663713555456.000000 0.524234653 5.638439655 4.629836082 0.831307054 0.039081875 -0.323510200 -0.450269222
1403636663763555584.000000 0.510186195 5.653303623 4.631196022 0.832247436 0.042901129 -0.319892436 -0.450768888
1403636663813555456.000000 0.495614886 5.672477722 4.629036427 0.834022582 0.047200806 -0.313421458 -0.451603174
1403636663863555584.000000 0.485395908 5.693043232 4.629831314 0.835822463 0.050692532 -0.306619585 -0.452565581
1403636663913555456.000000 0.475440979 5.717582703 4.628551006 0.837202668 0.051513594 -0.301191658 -0.453565538
1403636663963555584.000000 0.469744444 5.743865490 4.630020618 0.839438736 0.052535105 -0.292919576 -0.454731584
1403636664013555456.000000 0.466788173 5.772355080 4.632092476 0.841734588 0.052562144 -0.284909099 -0.455573171
1403636664063555584.000000 0.465410709 5.802634716 4.636497498 0.842670798 0.050343227 -0.280775100 -0.456658393
1403636664113555456.000000 0.464963198 5.836828709 4.638923645 0.842825472 0.045481481 -0.278688461 -0.458158702
1403636664163555584.000000 0.468011379 5.871390343 4.645935059 0.842975497 0.038957197 -0.277187914 -0.459392577
1403636664213555456.000000 0.471669912 5.908694267 4.651720524 0.842784047 0.031524833 -0.275838405 -0.461123109
1403636664263555584.000000 0.476317048 5.945555210 4.661707878 0.842717886 0.024829974 -0.274006397 -0.462742418
1403636664313555456.000000 0.474175215 5.985754490 4.669290066 0.842218399 0.019326566 -0.273069531 -0.464465111
1403636664363555584.000000 0.472529650 6.022469521 4.684738636 0.841599345 0.015634324 -0.272543788 -0.466032267
1403636664413555456.000000 0.464951515 6.061748505 4.698831558 0.840945125 0.012293648 -0.271684706 -0.467811644
1403636664463555584.000000 0.456870437 6.098268032 4.718929291 0.840049207 0.010117252 -0.271692812 -0.469465673
1403636664513555456.000000 0.446645260 6.137112617 4.736842632 0.839403450 0.007437936 -0.270545125 -0.471329927
1403636664563555584.000000 0.437795401 6.173244953 4.759510994 0.838288963 0.004477087 -0.270539105 -0.473350018
1403636664613555456.000000 0.428994417 6.211674213 4.779717445 0.836445272 -0.002139162 -0.272361666 -0.475577444
1403636664663555584.000000 0.423101068 6.246592522 4.803839684 0.835204840 -0.005356894 -0.272676617 -0.477547586
1403636664713555456.000000 0.418447614 6.283102036 4.825470924 0.833268940 -0.008651908 -0.275157958 -0.479454011
1403636664763555584.000000 0.416474700 6.316336155 4.849122047 0.832292020 -0.005079626 -0.275569111 -0.480963588
1403636664813555456.000000 0.415999293 6.351150036 4.870642662 0.831553161 -0.001128478 -0.275167823 -0.482494444
1403636664863555584.000000 0.418467283 6.383533001 4.894186974 0.830565929 -0.000188970 -0.275121540 -0.484219372
1403636664913555456.000000 0.420552373 6.418328285 4.914092064 0.829510391 -0.001157092 -0.275733531 -0.485677093
1403636664963555584.000000 0.425698638 6.450287819 4.937557697 0.827939808 0.000436918 -0.278252184 -0.486920089
1403636665013555456.000000 0.432293653 6.484436035 4.958498955 0.825814605 0.000644632 -0.282380670 -0.488150626
1403636665063555584.000000 0.441499114 6.515121460 4.981627464 0.823848307 0.003113894 -0.286686480 -0.488953203
1403636665113555456.000000 0.452549934 6.547530174 5.002678394 0.821863890 0.004330737 -0.290576339 -0.489986151
1403636665163555584.000000 0.465326786 6.578207016 5.024556160 0.820607126 0.005682855 -0.293251336 -0.490484923
1403636665213555456.000000 0.478834152 6.611206532 5.045612335 0.819102049 0.002101319 -0.296010822 -0.491370589
1403636665263555584.000000 0.493073583 6.641954899 5.066867828 0.818760455 -0.005272232 -0.296281576 -0.491752774
1403636665313555456.000000 0.507874370 6.675786495 5.085746288 0.819219172 -0.010489859 -0.294300228 -0.492094904
1403636665363555584.000000 0.521521926 6.707183361 5.105323315 0.819412112 -0.012751701 -0.293168962 -0.492395490
1403636665413555456.000000 0.534644485 6.738824844 5.123467445 0.820171952 -0.011357761 -0.291218132 -0.492322028
1403636665463555584.000000 0.547830343 6.771646500 5.140639782 0.821116507 -0.006392202 -0.289480180 -0.491861969
1403636665513555456.000000 0.560150623 6.800921440 5.158791542 0.822100461 0.000071098 -0.287833631 -0.491225719
1403636665563555584.000000 0.573522091 6.830077648 5.176892757 0.823490500 0.005662667 -0.284987777 -0.490523577
1403636665613555456.000000 0.590441704 6.861984730 5.194160938 0.823873401 0.010888665 -0.284476817 -0.490088820
1403636665663555584.000000 0.604135990 6.891414165 5.213184357 0.824612558 0.013337932 -0.283641666 -0.489268541
1403636665713555456.000000 0.618354321 6.921838760 5.232732773 0.825784385 0.014067310 -0.281707555 -0.488388419
1403636665763555584.000000 0.634510159 6.954362869 5.252210140 0.827330768 0.013567219 -0.278895140 -0.487398565
1403636665813555456.000000 0.649765015 6.985477924 5.272577763 0.828479350 0.011130590 -0.277205646 -0.486472249
1403636665863555584.000000 0.662857413 7.017215729 5.294365406 0.828646779 0.002154381 -0.277809113 -0.485965133
1403636665913555456.000000 0.684270620 7.049754143 5.315189362 0.828161359 -0.006738965 -0.280322105 -0.485307068
1403636665963555584.000000 0.699780107 7.081257820 5.337133408 0.827432871 -0.014531218 -0.283301383 -0.484648496
1403636666013555456.000000 0.714201212 7.113080502 5.359208584 0.826571703 -0.019522727 -0.286627501 -0.483986467
1403636666063555584.000000 0.731058717 7.143017292 5.380671024 0.826151073 -0.021947321 -0.287792027 -0.483909667
1403636666113555456.000000 0.742423654 7.172539234 5.402718067 0.826814890 -0.020911885 -0.286537886 -0.483565807
1403636666163555584.000000 0.752442718 7.201255798 5.424628735 0.828150153 -0.017446365 -0.283596277 -0.483152270
1403636666213555456.000000 0.762138247 7.228195667 5.447897434 0.828990877 -0.016166374 -0.281278402 -0.483109981
1403636666263555584.000000 0.769532800 7.255787373 5.470425129 0.829140902 -0.016169902 -0.280637056 -0.483225435
1403636666313555456.000000 0.775908351 7.282003403 5.493689060 0.829336464 -0.018261887 -0.280060560 -0.483149767
1403636666363555584.000000 0.780701995 7.307621956 5.518279076 0.828907549 -0.021442721 -0.280127585 -0.483715922
1403636666413555456.000000 0.785707116 7.331861973 5.541707039 0.827823818 -0.024160963 -0.282391727 -0.484127074
1403636666463555584.000000 0.791842937 7.354396820 5.564948559 0.826555252 -0.025575129 -0.284953207 -0.484720588
1403636666513555456.000000 0.799923420 7.373666763 5.588482380 0.825469553 -0.025286313 -0.286660552 -0.485578388
1403636666563555584.000000 0.809250474 7.392740726 5.609533787 0.824814022 -0.021872075 -0.287963271 -0.486087054
1403636666613555456.000000 0.821200490 7.410385132 5.629617691 0.823884308 -0.017335471 -0.289454937 -0.486960083
1403636666663555584.000000 0.830539584 7.429508686 5.650738239 0.823484242 -0.011503546 -0.289570183 -0.487740189
1403636666713555456.000000 0.844733357 7.445541382 5.669699192 0.822268903 -0.005867937 -0.291775703 -0.488575935
1403636666763555584.000000 0.859776855 7.461816788 5.688148975 0.820840538 -0.001243070 -0.294426739 -0.489420325
1403636666813555456.000000 0.873715162 7.479649067 5.707645893 0.819216728 0.000577366 -0.297860563 -0.490064055
1403636666863555584.000000 0.887815118 7.496471882 5.726078033 0.816658258 0.000670203 -0.303874969 -0.490641266
1403636666913555456.000000 0.899566293 7.514254093 5.745450020 0.812721312 -0.004490149 -0.313449591 -0.491134733
1403636666963555584.000000 0.904092789 7.533764362 5.766041756 0.809167624 -0.010019256 -0.321957558 -0.491417110
1403636667013555456.000000 0.913054466 7.552262783 5.782866955 0.807907224 -0.013567603 -0.324616849 -0.491656214
1403636667063555584.000000 0.920788884 7.571191788 5.797983170 0.808030844 -0.015534205 -0.323688298 -0.492006898
1403636667113555456.000000 0.925341964 7.591349602 5.812305450 0.811296880 -0.014819312 -0.314870477 -0.492376387
1403636667163555584.000000 0.931025982 7.611550808 5.824095726 0.815583467 -0.012347626 -0.302984625 -0.492819875
1403636667213555456.000000 0.934737206 7.631802082 5.835917473 0.819001555 -0.010483023 -0.293153137 -0.493140846
1403636667263555584.000000 0.935943842 7.651987076 5.848856926 0.822064519 -0.006883215 -0.284117103 -0.493396491
1403636667313555456.000000 0.937253952 7.672015667 5.861395836 0.823734522 -0.004174503 -0.278587431 -0.493794709
1403636667363555584.000000 0.936646104 7.692287922 5.875481606 0.824562907 -0.003667391 -0.275555938 -0.494116932
1403636667413555456.000000 0.935129881 7.712241173 5.892065048 0.824641049 -0.002135395 -0.275112838 -0.494242430
1403636667463555584.000000 0.933779836 7.731576920 5.907711029 0.823534310 0.000291933 -0.277602553 -0.494699955
1403636667513555456.000000 0.931979537 7.750702381 5.924160957 0.822067380 0.002097994 -0.281327069 -0.495031327
1403636667563555584.000000 0.930279970 7.767133713 5.939857483 0.819527090 0.002066806 -0.288005292 -0.495402962
1403636667613555456.000000 0.929610252 7.786819458 5.956598759 0.817097723 0.000620287 -0.294886082 -0.495371848
1403636667663555584.000000 0.931152821 7.806246281 5.972876549 0.814989448 -0.001259780 -0.300206065 -0.495647997
1403636667713555456.000000 0.934855580 7.826863766 5.989163876 0.813896358 -0.003667275 -0.303126335 -0.495654881
1403636667763555584.000000 0.940364599 7.846574783 6.002821445 0.813628972 -0.005528241 -0.303850114 -0.495633423
1403636667813555456.000000 0.946684361 7.866312981 6.015311241 0.813936532 -0.007129652 -0.303352624 -0.495412678
1403636667863555584.000000 0.954480767 7.885337353 6.027286053 0.814054847 -0.008310453 -0.303535044 -0.495088041
1403636667913555456.000000 0.960754037 7.904273033 6.039079666 0.814214170 -0.009596942 -0.303768992 -0.494659126
1403636667963555584.000000 0.965760350 7.922736168 6.050365925 0.814128757 -0.008837865 -0.304612845 -0.494294822
1403636668013555456.000000 0.970378160 7.942681313 6.061206818 0.814613819 -0.009037999 -0.304054230 -0.493835717
1403636668063555584.000000 0.971844316 7.962039948 6.072010517 0.815811932 -0.006856608 -0.302288711 -0.492976248
1403636668113555456.000000 0.971261024 7.981614113 6.082660198 0.817045569 -0.004470968 -0.300446212 -0.492086083
1403636668163555584.000000 0.968801498 8.004379272 6.094506741 0.818399251 -0.001658149 -0.298778564 -0.490868002
1403636668213555456.000000 0.964963078 8.024768829 6.105423927 0.819029272 0.001606464 -0.298938841 -0.489718497
1403636668263555584.000000 0.960388541 8.045999527 6.116141319 0.819725454 0.004608154 -0.298860759 -0.488580853
1403636668313555456.000000 0.955793381 8.068027496 6.127738953 0.820659757 0.006676002 -0.298786372 -0.487031609
1403636668363555584.000000 0.949421167 8.090202332 6.139014244 0.821366787 0.007268353 -0.298656136 -0.485909730
1403636668413555456.000000 0.942847729 8.112564087 6.150691986 0.822435737 0.007319808 -0.297557175 -0.484773755
1403636668463555584.000000 0.936342835 8.140628815 6.162551880 0.823796928 0.006876464 -0.295791119 -0.483548373
1403636668513555456.000000 0.928444386 8.164373398 6.174424648 0.824718893 0.006956581 -0.294842154 -0.482554168
1403636668563555584.000000 0.921152949 8.188718796 6.187210560 0.825284958 0.006672590 -0.295020163 -0.481480509
1403636668613555456.000000 0.913894057 8.214990616 6.199579716 0.825835049 0.007011824 -0.294883043 -0.480615675
1403636668663555584.000000 0.906392813 8.240169525 6.212377071 0.826485813 0.007776903 -0.294889420 -0.479479998
1403636668713555456.000000 0.899100542 8.266107559 6.225202084 0.827736735 0.010899251 -0.292672932 -0.478618473
1403636668763555584.000000 0.892064095 8.296971321 6.237272263 0.829653859 0.014741877 -0.288270205 -0.477867573
1403636668813555456.000000 0.885740757 8.324154854 6.250744343 0.831766129 0.017359644 -0.283489168 -0.476967156
1403636668863555584.000000 0.880676031 8.352518082 6.265305042 0.833557427 0.021403225 -0.278164506 -0.476810753
1403636668913555456.000000 0.879727840 8.382608414 6.278934956 0.835597336 0.023678647 -0.272509694 -0.476397961
1403636668963555584.000000 0.879212856 8.412347794 6.295114040 0.836228430 0.020361487 -0.270950943 -0.476332992
1403636669013555456.000000 0.881143570 8.441547394 6.313079834 0.836038172 0.014310357 -0.271700621 -0.476460129
1403636669063555584.000000 0.889020920 8.474172592 6.330539227 0.836153865 0.008450896 -0.271965265 -0.476245940
1403636669113555456.000000 0.894976020 8.502737999 6.350370407 0.835936785 0.002866918 -0.272971302 -0.476117820
1403636669163555584.000000 0.900948644 8.530861855 6.371257782 0.835859716 -0.000097362 -0.273899704 -0.475728512
1403636669213555456.000000 0.908805609 8.560106277 6.391108513 0.836105049 -0.002282031 -0.273723245 -0.475393236
1403636669263555584.000000 0.913138986 8.587261200 6.414284229 0.836375952 -0.003145110 -0.273419946 -0.475086153
1403636669313555456.000000 0.916694760 8.613994598 6.438007355 0.836640716 -0.002397271 -0.273279548 -0.474705160
1403636669363555584.000000 0.920586944 8.640899658 6.462759495 0.836401045 -0.002770941 -0.274440706 -0.474455386
1403636669413555456.000000 0.921996713 8.666847229 6.488820076 0.836777866 -0.003800312 -0.273445368 -0.474358588
1403636669463555584.000000 0.923758268 8.692941666 6.515356541 0.837317824 -0.005960069 -0.271765858 -0.474348724
1403636669513555456.000000 0.926384211 8.718135834 6.542829514 0.838006079 -0.007275285 -0.269074231 -0.474649340
1403636669563555584.000000 0.926566124 8.742788315 6.571478844 0.838945150 -0.008983672 -0.265793771 -0.474809527
1403636669613555456.000000 0.927930474 8.767547607 6.600021839 0.840410829 -0.011082858 -0.260572672 -0.475067109
1403636669663555584.000000 0.929010987 8.786842346 6.632882595 0.841507792 -0.013807002 -0.256028086 -0.475524634
1403636669713555456.000000 0.933188677 8.809446335 6.662952423 0.842651010 -0.016427791 -0.251443535 -0.475863069
1403636669763555584.000000 0.939145565 8.831721306 6.693157196 0.842825592 -0.018943826 -0.249856010 -0.476296365
1403636669813555456.000000 0.944274426 8.846220016 6.729444981 0.840745628 -0.027695857 -0.254131764 -0.477280676
1403636669863555584.000000 0.953979731 8.864982605 6.761231899 0.837309539 -0.040352363 -0.261666000 -0.478346437
1403636669913555456.000000 0.965902269 8.880344391 6.793380260 0.832644701 -0.050942004 -0.272899866 -0.479200751
1403636669963555584.000000 0.975494325 8.888050079 6.829422951 0.828899801 -0.057810672 -0.281946540 -0.479676127
1403636670013555456.000000 0.989594877 8.898966789 6.858029366 0.826116860 -0.060676072 -0.289002955 -0.479923636
1403636670063555584.000000 1.004570246 8.907091141 6.885077953 0.823792517 -0.063155681 -0.294276536 -0.480394244
1403636670113555456.000000 1.017183423 8.906414032 6.916526794 0.821284831 -0.065463930 -0.298409909 -0.481827110
1403636670163555584.000000 1.033954859 8.909774780 6.939015388 0.819543660 -0.070319869 -0.298895985 -0.483802110
1403636670213555456.000000 1.050534964 8.911109924 6.959208965 0.817157328 -0.079742976 -0.298855007 -0.486395597
1403636670263555584.000000 1.062458277 8.903956413 6.983114243 0.815084457 -0.088734291 -0.297619820 -0.489066511
1403636670313555456.000000 1.075074792 8.899174690 7.000323296 0.812686563 -0.096071318 -0.297546417 -0.491708338
1403636670363555584.000000 1.084263206 8.890409470 7.016839027 0.809539676 -0.100624070 -0.298995465 -0.495098174
1403636670413555456.000000 1.091554284 8.874458313 7.036320686 0.805930912 -0.102766238 -0.300965488 -0.499333888
1403636670463555584.000000 1.097605467 8.859270096 7.047541142 0.801025808 -0.105318710 -0.303965747 -0.504847109
1403636670513555456.000000 1.103498697 8.838943481 7.055844307 0.796032310 -0.107019745 -0.305535138 -0.511397779
1403636670563555584.000000 1.109681964 8.815925598 7.059864998 0.790389776 -0.107752554 -0.306339741 -0.519451082
1403636670613555456.000000 1.115578413 8.791639328 7.055084229 0.784562111 -0.107821435 -0.306270897 -0.528237581
1403636670663555584.000000 1.121968746 8.759229660 7.058405876 0.779032826 -0.106619127 -0.304922312 -0.537366390
1403636670713555456.000000 1.129442453 8.725744247 7.048905849 0.773131132 -0.105615534 -0.302984893 -0.547095716
1403636670763555584.000000 1.136181235 8.689250946 7.035550594 0.766707778 -0.105438031 -0.300992131 -0.557176709
1403636670813555456.000000 1.141501546 8.650119781 7.018715382 0.759179592 -0.107241437 -0.299949318 -0.567605436
1403636670863555584.000000 1.148829818 8.604810715 7.004480362 0.750557125 -0.110860258 -0.299842775 -0.578332484
1403636670913555456.000000 1.150016189 8.560037613 6.981290340 0.741381645 -0.115390785 -0.298983008 -0.589616477
1403636670963555584.000000 1.150381327 8.510981560 6.954221249 0.731164098 -0.122046925 -0.297526807 -0.601649046
1403636671013555456.000000 1.151350737 8.458980560 6.924067974 0.720993280 -0.125646383 -0.294013560 -0.614766419
1403636671063555584.000000 1.152846217 8.403036118 6.885347366 0.711585104 -0.125601664 -0.288658857 -0.628129721
1403636671113555456.000000 1.154763341 8.343386650 6.840383530 0.702882230 -0.121130668 -0.282141864 -0.641622841
1403636671163555584.000000 1.158760428 8.284413338 6.795079231 0.694197595 -0.114634216 -0.276497632 -0.654597461
1403636671213555456.000000 1.160531402 8.218977928 6.739240170 0.685869634 -0.107142046 -0.272271752 -0.666311920
1403636671263555584.000000 1.161870360 8.149876595 6.679404736 0.678943038 -0.096828416 -0.268134683 -0.676582873
1403636671313555456.000000 1.163816214 8.082458496 6.618083954 0.674141526 -0.080876425 -0.263469219 -0.685256362
1403636671363555584.000000 1.162480354 8.009699821 6.550455093 0.670665920 -0.060614701 -0.256608069 -0.693314850
1403636671413555456.000000 1.160033703 7.936187267 6.481169701 0.666994095 -0.039703388 -0.248752996 -0.701187909
1403636671463555584.000000 1.155800343 7.862806320 6.412681103 0.661466360 -0.021598982 -0.243706986 -0.708944798
1403636671513555456.000000 1.152573586 7.795529366 6.346693039 -0.654930830 0.006987171 0.241748780 0.715942979
1403636671563555584.000000 1.145475149 7.723028183 6.278391838 -0.647957206 -0.003910820 0.242430732 0.722055078
1403636671613555456.000000 1.136697531 7.651832581 6.210854530 -0.641555607 -0.013850147 0.244290009 0.727005482
1403636671663555584.000000 1.130674362 7.587167740 6.145418644 -0.636142969 -0.021775277 0.247277230 0.730549097
1403636671713555456.000000 1.120034456 7.520073891 6.079669952 -0.631507039 -0.027829615 0.249909312 0.733464241
1403636671763555584.000000 1.108227730 7.456446648 6.015551567 0.628181219 0.032644562 -0.252050936 -0.735386312
1403636671813555456.000000 1.098511457 7.398576736 5.952669144 -0.625845015 -0.038897287 0.253174722 0.736686945
1403636671863555584.000000 1.086428165 7.340265751 5.890234947 -0.623696983 -0.043604139 0.255926609 0.737294018
1403636671913555456.000000 1.075360298 7.285949230 5.828771114 0.622039020 0.049853332 -0.259726256 -0.736969829
1403636671963555584.000000 1.069847584 7.237566948 5.766493320 -0.621171951 -0.057201866 0.262243897 0.736275434
1403636672013555456.000000 1.063563108 7.190822601 5.705809116 -0.620772541 -0.065193608 0.264155209 0.735264063
1403636672063555584.000000 1.060757399 7.150009155 5.646390438 0.622342288 0.071959391 -0.261410326 -0.734286487
1403636672113555456.000000 1.059048653 7.120399475 5.587780476 -0.624921203 -0.077653050 0.254998595 0.733770549
1403636672163555584.000000 1.061765194 7.087728500 5.531028748 -0.627846658 -0.080874033 0.249382660 0.732854903
1403636672213555456.000000 1.066301823 7.058991432 5.476690769 -0.630130589 -0.083683021 0.245242238 0.731976032
1403636672263555584.000000 1.075062037 7.036409378 5.422495365 -0.632229030 -0.084664255 0.242724076 0.730892241
1403636672313555456.000000 1.080475807 7.015970230 5.374066353 -0.634657443 -0.085734718 0.238053724 0.730198622
1403636672363555584.000000 1.085719585 6.999297142 5.328882694 -0.638022840 -0.086269997 0.229935914 0.729804039
1403636672413555456.000000 1.089689016 6.989213467 5.286360264 -0.641356170 -0.085927680 0.220460743 0.729846358
1403636672463555584.000000 1.091919661 6.978785515 5.249415398 -0.645212770 -0.080718055 0.209997162 0.730127633
1403636672513555456.000000 1.092626810 6.970631599 5.217038155 0.647984862 0.066723995 -0.204224482 -0.730722904
1403636672563555584.000000 1.090251923 6.964066505 5.186183929 -0.649944901 -0.050833963 0.199473336 0.731572270
1403636672613555456.000000 1.083522081 6.958341599 5.162619591 -0.650491476 -0.035313848 0.198564395 0.732247233
1403636672663555584.000000 1.074032784 6.953371048 5.142230034 0.650716424 0.022694135 -0.198601529 -0.732537031
1403636672713555456.000000 1.061766624 6.946466446 5.119081497 -0.649429560 -0.015992109 0.202898324 0.732678473
1403636672763555584.000000 1.042924643 6.940968037 5.105125904 -0.646986723 -0.014829898 0.210038647 0.732852042
1403636672813555456.000000 1.022886992 6.935390472 5.093307495 -0.643311322 -0.015962636 0.216736510 0.734112501
1403636672863555584.000000 1.001893997 6.929046154 5.078956604 -0.639713764 -0.017819054 0.218307942 0.736743093
1403636672913555456.000000 0.985646725 6.924748898 5.068383217 -0.635238588 -0.018459458 0.217794985 0.740740597
1403636672963555584.000000 0.971538305 6.920349121 5.058214664 0.630166233 0.020130187 -0.215796396 -0.745598614
1403636673013555456.000000 0.957361460 6.916259766 5.048230171 -0.624299049 -0.021695223 0.213121921 0.751238406
1403636673063555584.000000 0.947865486 6.913435459 5.039859295 -0.618599892 -0.024582798 0.209889039 0.756753922
1403636673113555456.000000 0.940196991 6.911223888 5.032243252 -0.612365603 -0.027185069 0.208313361 0.762151539
1403636673163555584.000000 0.935340166 6.910442352 5.024547100 0.605836213 0.032311324 -0.210008532 -0.766690910
1403636673213555456.000000 0.929407835 6.908347130 5.016738415 -0.599500597 -0.039320406 0.213067189 0.770490408
1403636673263555584.000000 0.928784609 6.909277439 5.010767937 -0.593837082 -0.046948683 0.215413913 0.773789585
1403636673313555456.000000 0.930547237 6.911429882 5.005484104 -0.589030802 -0.052325018 0.218641788 0.776209176
1403636673363555584.000000 0.930010557 6.916653633 5.001546860 -0.585267901 -0.056318276 0.220059723 0.778372347
1403636673413555456.000000 0.934689999 6.923295975 4.998857498 -0.582786918 -0.057086479 0.219613805 0.780301511
1403636673463555584.000000 0.938717604 6.932074547 4.998084545 0.580976188 0.056221355 -0.218751937 -0.781954944
1403636673513555456.000000 0.942075729 6.943025589 4.999202728 0.579955876 0.055403505 -0.217119604 -0.783224583
1403636673563555584.000000 0.945149660 6.956007004 5.002168179 0.579362452 0.052697424 -0.214603961 -0.784542680
1403636673613555456.000000 0.948224068 6.970820427 5.006858826 0.580115378 0.047687553 -0.209428445 -0.785704732
1403636673663555584.000000 0.946932077 6.991569519 5.014748096 -0.580979824 -0.041679110 0.204333067 0.786748588
1403636673713555456.000000 0.949403048 7.009079933 5.023112774 -0.581728458 -0.035518356 0.199664712 0.787695765
1403636673763555584.000000 0.952479362 7.026776791 5.032728195 -0.583220840 -0.029368045 0.193293840 0.788434207
1403636673813555456.000000 0.949845195 7.044618607 5.046579361 -0.583611667 -0.023362761 0.189757302 0.789204538
1403636673863555584.000000 0.954520702 7.060558796 5.057822704 -0.584143043 -0.021028599 0.186785787 0.789585888
1403636673913555456.000000 0.959114194 7.076910496 5.070813656 0.584267199 0.022759000 -0.185371369 -0.789779365
1403636673963555584.000000 0.966174006 7.093367577 5.084529877 0.584179580 0.022950109 -0.185175955 -0.789884508
1403636674013555456.000000 0.972899318 7.109833717 5.099862576 0.583608150 0.023154875 -0.186849356 -0.789906859
1403636674063555584.000000 0.979298472 7.126849174 5.116880894 0.583548546 0.023153869 -0.187394843 -0.789821625
1403636674113555456.000000 0.984653115 7.143614292 5.135777473 0.583022714 0.022269294 -0.188904926 -0.789875686
1403636674163555584.000000 0.989081383 7.160190582 5.156226635 0.583015800 0.020753380 -0.189045757 -0.789888382
1403636674213555456.000000 0.990373373 7.189470768 5.183118343 -0.583105803 -0.017779822 0.189251631 0.789845109
1403636674263555584.000000 0.991809845 7.205878258 5.206600666 -0.582668245 -0.013152426 0.191099241 0.789813876
1403636674313555456.000000 0.991382599 7.221909046 5.231685638 -0.581234276 -0.007504587 0.195654407 0.789828956
1403636674363555584.000000 0.989020586 7.236795902 5.257719040 0.578551769 0.002848825 -0.200961471 -0.790496290
1403636674413555456.000000 0.985634089 7.251715660 5.284865856 0.574345708 -0.002297739 -0.205755338 -0.792329848
1403636674463555584.000000 0.981073141 7.266713142 5.312434673 0.569557905 -0.006952348 -0.208305568 -0.795087695
1403636674513555456.000000 0.974956751 7.281648636 5.340159893 0.564181447 -0.010872714 -0.209175274 -0.798640668
1403636674563555584.000000 0.967168331 7.296588898 5.367608547 0.559213221 -0.012407518 -0.208561063 -0.802264929
1403636674613555456.000000 0.960620880 7.326402664 5.401383877 -0.555312693 0.013189407 0.206630841 0.805454910
1403636674663555584.000000 0.950786591 7.341702461 5.427564144 -0.551993370 0.013393160 0.203416243 0.808545530
1403636674713555456.000000 0.939291239 7.356966496 5.453528881 -0.548179865 0.012905649 0.203502089 0.811122239
1403636674763555584.000000 0.925425768 7.372393608 5.479902744 0.543955028 -0.009007514 -0.205699161 -0.813461542
1403636674813555456.000000 0.911498308 7.387479305 5.504443169 0.539530456 -0.002950932 -0.209951967 -0.815364003
1403636674863555584.000000 0.899119616 7.403155327 5.527500153 0.535717249 0.003509966 -0.214212716 -0.816766560
1403636674913555456.000000 0.887993574 7.419712067 5.549153328 0.532419562 0.009069536 -0.217817843 -0.817925811
1403636674963555584.000000 0.878759861 7.437959194 5.569495201 0.529884398 0.014962150 -0.220735580 -0.818702936
1403636675013555456.000000 0.872321606 7.458185673 5.588549614 0.527761340 0.019109001 -0.223785996 -0.819159746
1403636675063555584.000000 0.868486166 7.480547428 5.606354237 0.526493549 0.024359804 -0.224817425 -0.819553733
1403636675113555456.000000 0.868135691 7.514556408 5.629613876 -0.527103007 -0.029283162 0.222913951 0.819520772
1403636675163555584.000000 0.869200706 7.541931152 5.645630360 -0.528393686 -0.036082748 0.218298674 0.819660902
1403636675213555456.000000 0.873177052 7.572628975 5.661750793 -0.530853629 -0.040958092 0.210486084 0.819885671
1403636675263555584.000000 0.878162861 7.604885578 5.677311420 0.533238351 0.044748563 -0.204338282 -0.819695234
1403636675313555456.000000 0.885738850 7.640216351 5.694669247 0.535264254 0.047114149 -0.199068397 -0.819539011
1403636675363555584.000000 0.896037102 7.676820755 5.712821960 0.537264049 0.044821832 -0.192204177 -0.819997609
1403636675413555456.000000 0.907882452 7.714638710 5.732855797 0.538138211 0.039132640 -0.184541956 -0.821474373
1403636675463555584.000000 0.919467926 7.753412247 5.755279541 0.536812246 0.033393655 -0.178710908 -0.823881030
1403636675513555456.000000 0.933393121 7.786584854 5.781408310 -0.535050929 -0.029564805 0.171278819 0.826746702
1403636675563555584.000000 0.943058729 7.825634480 5.807827950 -0.533023834 -0.025998894 0.163755476 0.829695106
1403636675613555456.000000 0.951493382 7.864310741 5.836060524 -0.530688167 -0.023150824 0.157046825 0.832568645
1403636675663555584.000000 0.960039616 7.900472164 5.866510868 -0.527175665 -0.020618720 0.152361244 0.835731268
1403636675713555456.000000 0.966527700 7.937171936 5.898750782 -0.522333980 -0.016775392 0.148783043 0.839493573
1403636675763555584.000000 0.972210407 7.972643852 5.932868958 -0.516127348 -0.010794036 0.146382302 0.843841434
1403636675813555456.000000 0.977969170 8.004464149 5.967766285 -0.507180035 -0.002432671 0.149871707 0.848705471
1403636675863555584.000000 0.980843782 8.037328720 6.005098343 -0.496749997 0.006716434 0.155282214 0.853862882
1403636675913555456.000000 0.981640935 8.068818092 6.043061256 -0.484732628 0.012756944 0.163169578 0.859213173
1403636675963555584.000000 0.987508655 8.091694832 6.078990936 -0.472835481 0.015643062 0.170065522 0.864441812
1403636676013555456.000000 0.985516429 8.121636391 6.116149902 -0.461445421 0.015395233 0.173524708 0.869896770
1403636676063555584.000000 0.982423067 8.151590347 6.152332306 -0.451332331 0.013488206 0.172987580 0.875324309
1403636676113555456.000000 0.979403853 8.179497719 6.186177254 -0.442860931 0.008375812 0.168677121 0.880540848
1403636676163555584.000000 0.974928498 8.209337234 6.220932484 -0.435636878 0.001988651 0.158767834 0.886007547
1403636676213555456.000000 0.969728947 8.239151955 6.255538464 -0.428246439 -0.004058723 0.148539454 0.891361058
1403636676263555584.000000 0.970448256 8.263565063 6.286998749 -0.421390712 -0.012308259 0.135539606 0.896608829
1403636676313555456.000000 0.964105368 8.292527199 6.321918488 -0.412315875 -0.019142948 0.126331776 0.902036309
1403636676363555584.000000 0.959661245 8.321023941 6.357258797 -0.403927088 -0.023079470 0.114177249 0.907344401
1403636676413555456.000000 0.957538962 8.348911285 6.393101692 -0.394717336 -0.027029663 0.104344197 0.912458241
1403636676463555584.000000 0.957281053 8.374728203 6.429670334 -0.384020329 -0.028929096 0.099244900 0.917519510
1403636676513555456.000000 0.958536267 8.398344994 6.466192722 0.372457325 0.029625656 -0.097597755 -0.922427535
1403636676563555584.000000 0.972803056 8.416754723 6.505701065 -0.360817313 -0.026989624 0.099212833 0.926951587
1403636676613555456.000000 0.979104757 8.439479828 6.544542313 -0.349971801 -0.024283847 0.100797378 0.931004822
1403636676663555584.000000 0.988667011 8.462355614 6.584288597 0.341001838 0.020815039 -0.102615803 -0.934213340
1403636676713555456.000000 1.002377033 8.482113838 6.623256683 -0.333423734 -0.017425418 0.105138816 0.936734140
1403636676763555584.000000 1.014821053 8.504011154 6.662139893 -0.327273935 -0.013658538 0.107608102 0.938683033
1403636676813555456.000000 1.028946638 8.525693893 6.700752735 -0.321237803 -0.011345393 0.110533938 0.940457225
1403636676863555584.000000 1.050392389 8.545072556 6.739508629 -0.315091342 -0.010266367 0.114314027 0.942095816
1403636676913555456.000000 1.066370249 8.565969467 6.775861740 -0.310959667 -0.008251724 0.115318976 0.943365097
1403636676963555584.000000 1.080281019 8.586887360 6.812122822 -0.307792574 -0.006921540 0.116374269 0.944284320
1403636677013555456.000000 1.094911098 8.607359886 6.850527763 -0.306782484 -0.006834704 0.114426449 0.944851518
1403636677063555584.000000 1.101909399 8.628825188 6.887964725 -0.307573229 -0.007937410 0.109210722 0.945203066
1403636677113555456.000000 1.105350256 8.650476456 6.926460266 -0.308980316 -0.009181662 0.103898376 0.945331693
1403636677163555584.000000 1.111123323 8.671400070 6.969615459 -0.310772210 -0.010865543 0.099294484 0.945221305
1403636677213555456.000000 1.109352708 8.691961288 7.009076118 -0.312171757 -0.010162603 0.095351800 0.945173800
1403636677263555584.000000 1.107492208 8.711644173 7.048796654 -0.312662750 -0.007872304 0.091415897 0.945422232
1403636677313555456.000000 1.108424187 8.731673241 7.090176582 -0.311335742 -0.004494477 0.088451482 0.946163952
1403636677363555584.000000 1.108871818 8.748708725 7.129472256 -0.308552623 0.000768025 0.083920777 0.947497785
1403636677413555456.000000 1.111713171 8.764148712 7.168675423 0.304729939 -0.006629898 -0.079695128 -0.949075639
1403636677463555584.000000 1.119904041 8.779890060 7.207970619 -0.299493879 0.013227215 0.076373436 0.950944602
1403636677513555456.000000 1.125777960 8.791714668 7.244174004 -0.292627633 0.018744849 0.074769780 0.953114510
1403636677563555584.000000 1.132940531 8.801749229 7.278827190 -0.284756422 0.022673348 0.073341228 0.955521286
1403636677613555456.000000 1.148473859 8.811616898 7.318938732 -0.275608450 0.024705479 0.073712885 0.958121121
1403636677663555584.000000 1.158409357 8.818696022 7.350526333 -0.265724927 0.024746642 0.074592322 0.960840225
1403636677713555456.000000 1.169394016 8.824261665 7.380165577 -0.254362255 0.024867225 0.076244824 0.963778079
1403636677763555584.000000 1.182720423 8.829963684 7.410778046 -0.242834151 0.022169903 0.077283867 0.966730297
1403636677813555456.000000 1.194820166 8.833465576 7.436799049 -0.229324609 0.017766660 0.080823071 0.969825864
1403636677863555584.000000 1.206623793 8.836436272 7.460901260 -0.214640111 0.013323708 0.085492559 0.972853124
1403636677913555456.000000 1.221457958 8.840384483 7.489387989 -0.200380117 0.008164780 0.087976545 0.975726068
1403636677963555584.000000 1.234704256 8.844557762 7.510747433 -0.186383709 0.004456374 0.088399678 0.978481889
1403636678013555456.000000 1.247533321 8.849918365 7.531172752 -0.173707902 0.000280604 0.085510135 0.981077731
1403636678063555584.000000 1.259617090 8.856335640 7.552872658 -0.162568778 -0.001216906 0.080920167 0.983372748
1403636678113555456.000000 1.270496130 8.864612579 7.572173595 -0.154405981 -0.002019014 0.072664879 0.985329688
1403636678163555584.000000 1.279885650 8.874211311 7.591296196 -0.147668451 -0.002309673 0.064472787 0.986930609
1403636678213555456.000000 1.287261963 8.883530617 7.614873409 -0.142517790 -0.003902619 0.055760089 0.988212645
1403636678263555584.000000 1.294558406 8.894533157 7.633766651 -0.136850536 -0.004558167 0.048383709 0.989398897
1403636678313555456.000000 1.302199364 8.905385971 7.652144909 -0.129917115 -0.004771282 0.042976208 0.990581632
1403636678363555584.000000 1.309919834 8.914896965 7.672427177 -0.121464469 -0.004068718 0.041056059 0.991738021
1403636678413555456.000000 1.319894671 8.925108910 7.689733982 -0.112867840 -0.005410372 0.038679384 0.992842138
1403636678463555584.000000 1.331187129 8.935120583 7.706501961 0.104326248 0.006184111 -0.035566978 -0.993887722
1403636678513555456.000000 1.343246102 8.944999695 7.723635197 -0.095577396 -0.007659877 0.032094937 0.994875014
1403636678563555584.000000 1.357953787 8.954585075 7.738870144 -0.086234905 -0.007543707 0.029033076 0.995823205
1403636678613555456.000000 1.373714924 8.963649750 7.753160954 -0.075371794 -0.007342561 0.025013948 0.996814728
1403636678663555584.000000 1.388619900 8.972811699 7.769631863 -0.065143771 -0.007184383 0.017464876 0.997697234
1403636678713555456.000000 1.402760029 8.981521606 7.783829689 -0.055365469 -0.007370217 0.006978161 0.998414636
1403636678763555584.000000 1.415578008 8.989714622 7.798364639 -0.045125615 -0.007885985 -0.004983923 0.998937845
1403636678813555456.000000 1.425987363 8.997411728 7.814409256 -0.035520144 -0.008754362 -0.017941805 0.999169528
1403636678863555584.000000 1.434702992 9.003724098 7.829879761 -0.026652915 -0.010050012 -0.029593056 0.999156058
1403636678913555456.000000 1.441892982 9.008621216 7.845943451 -0.018718112 -0.010446565 -0.040995829 0.998929441
1403636678963555584.000000 1.446871161 9.011850357 7.864516258 -0.009500704 -0.011298905 -0.048287183 0.998724401
1403636679013555456.000000 1.450970292 9.012548447 7.880819321 0.000557621 -0.010366868 -0.052458160 0.998569191
1403636679063555584.000000 1.453952789 9.011535645 7.897381306 -0.011788444 0.009019854 0.053992122 -0.998431027
1403636679113555456.000000 1.455561519 9.007676125 7.915533066 0.023569874 -0.006671632 -0.054640617 0.998205602
1403636679163555584.000000 1.455545902 9.002558708 7.932001114 0.036900468 -0.004164990 -0.051548064 0.997979879
1403636679213555456.000000 1.454814434 8.995662689 7.947999477 0.051830690 -0.000243703 -0.046797864 0.997558773
1403636679263555584.000000 1.454856753 8.987209320 7.965823650 0.066770189 0.002989172 -0.042862698 0.996842861
1403636679313555456.000000 1.455150127 8.978335381 7.979756832 0.081433192 0.004732802 -0.039896078 0.995868742
1403636679363555584.000000 1.457443118 8.969067574 7.993246555 -0.095724665 -0.006333352 0.040243275 -0.994573891
1403636679413555456.000000 1.462149143 8.960765839 8.006622314 0.109091185 0.006080267 -0.041551232 0.993144333
1403636679463555584.000000 1.467317939 8.951894760 8.016378403 0.122159116 0.005984340 -0.043899093 0.991521239
1403636679513555456.000000 1.473831773 8.943431854 8.024724007 0.134021461 0.004945344 -0.047336757 0.989834845
1403636679563555584.000000 1.480346799 8.935843468 8.033066750 0.144063503 0.003521927 -0.050663207 0.988264441
1403636679613555456.000000 1.489761114 8.928251266 8.039330482 0.152875692 0.002240848 -0.052711099 0.986836135
1403636679663555584.000000 1.499787569 8.921540260 8.044328690 -0.159974128 0.000598201 0.054962061 -0.985589802
1403636679713555456.000000 1.509633660 8.916255951 8.047405243 0.165657535 -0.002318138 -0.057658609 0.984493673
1403636679763555584.000000 1.522341371 8.911408424 8.049031258 0.169390336 -0.002410978 -0.061532620 0.983623326
1403636679813555456.000000 1.537199497 8.906974792 8.049364090 0.172616035 0.001110730 -0.063688986 0.982927382
1403636679863555584.000000 1.552088261 8.904462814 8.047916412 0.174607322 0.005064907 -0.065863654 0.982419789
1403636679913555456.000000 1.571024656 8.900279045 8.046706200 0.175024837 0.010780136 -0.070658892 0.981966138
1403636679963555584.000000 1.590617180 8.895889282 8.045049667 -0.174656063 -0.012428064 0.074557304 -0.981724083
1403636680013555456.000000 1.609287977 8.891969681 8.041172981 0.172227353 0.014599958 -0.081784330 0.981547773
1403636680063555584.000000 1.630431652 8.887470245 8.035067558 0.169278353 0.016295929 -0.089256369 0.981383026
1403636680113555456.000000 1.650867820 8.882286072 8.027255058 -0.165759400 -0.018916007 0.097680628 -0.981134295
1403636680163555584.000000 1.665494800 8.877228737 8.016742706 0.163606435 0.019789219 -0.101752609 0.981064677
1403636680213555456.000000 1.681828499 8.869320869 8.006344795 0.163346916 0.019885741 -0.100685269 0.981216013
1403636680263555584.000000 1.696513772 8.859969139 7.994615078 0.162891731 0.022613134 -0.099780746 0.981325030
1403636680313555456.000000 1.707102299 8.850200653 7.981754303 0.160536975 0.023929985 -0.102685444 0.981382191
1403636680363555584.000000 1.716362000 8.838538170 7.967527390 0.156938717 0.022297939 -0.108526789 0.981374085
1403636680413555456.000000 1.723355532 8.825297356 7.951956749 0.153510123 0.019422466 -0.113092519 0.981461942
1403636680463555584.000000 1.726044655 8.812875748 7.936414242 0.151045278 0.017010910 -0.116031066 0.981546104
1403636680513555456.000000 1.729049206 8.795517921 7.918688774 0.148531541 0.014595972 -0.118177548 0.981712520
1403636680563555584.000000 1.729770780 8.775810242 7.899415493 -0.147623435 -0.012255743 0.116315082 -0.982103884
1403636680613555456.000000 1.729310036 8.756080627 7.882352829 0.147801697 0.011478173 -0.112230040 0.982561648
1403636680663555584.000000 1.726925135 8.731624603 7.861367702 0.147166669 0.010713462 -0.109979905 0.982919931
1403636680713555456.000000 1.722798109 8.704970360 7.839654922 0.147609577 0.008398402 -0.105638281 0.983352184
1403636680763555584.000000 1.717779636 8.679069519 7.820757866 0.149723470 0.004794158 -0.096517242 0.983994067
1403636680813555456.000000 1.711159945 8.648880005 7.797716618 0.152264684 0.001775578 -0.086891904 0.984511137
1403636680863555584.000000 1.703422308 8.617951393 7.774383545 0.155425653 -0.002095905 -0.075439140 0.984960675
1403636680913555456.000000 1.695457101 8.588606834 7.753770351 0.158690333 -0.008174942 -0.064347543 0.985195398
1403636680963555584.000000 1.684307456 8.557577133 7.731170654 0.160417974 -0.016774220 -0.057910070 0.985206187
1403636681013555456.000000 1.672063828 8.526876450 7.709759235 0.160178632 -0.024939669 -0.056550331 0.985151291
1403636681063555584.000000 1.660456061 8.498407364 7.692191601 0.159840509 -0.033092886 -0.056847863 0.984948814
1403636681113555456.000000 1.647222996 8.468689919 7.673402786 0.158736169 -0.038853981 -0.059254255 0.984775186
1403636681163555584.000000 1.634770036 8.439209938 7.656100750 0.157847464 -0.038854484 -0.061488092 0.984781086
1403636681213555456.000000 1.623561859 8.413282394 7.644080162 0.156722918 -0.032578219 -0.066084802 0.984890640
1403636681263555584.000000 1.613676071 8.383566856 7.629585266 0.155974761 -0.023474164 -0.069958009 0.985000968
1403636681313555456.000000 1.604754686 8.353526115 7.615124702 0.156062752 -0.016277391 -0.071179740 0.985044718
1403636681363555584.000000 1.600030065 8.319449425 7.601490021 0.156156063 -0.009767629 -0.071311370 0.985106409
1403636681413555456.000000 1.594274521 8.288574219 7.586328030 0.157368541 -0.004794422 -0.069896154 0.985051632
1403636681463555584.000000 1.589933991 8.257530212 7.570427418 0.158804625 -0.001836923 -0.067453474 0.985001385
1403636681513555456.000000 1.585344195 8.229394913 7.558116436 0.160001487 0.000255881 -0.066100284 0.984901130
1403636681563555584.000000 1.582277894 8.198553085 7.541050434 0.161086380 0.000640423 -0.066319115 0.984709382
1403636681613555456.000000 1.578399777 8.168133736 7.523898125 0.160799712 0.000795406 -0.069192067 0.984558463
1403636681663555584.000000 1.574590802 8.136266708 7.509862900 0.161094725 0.001290579 -0.070470996 0.984418988
1403636681713555456.000000 1.568063855 8.105697632 7.492835522 0.161487877 0.001775782 -0.072173744 0.984230399
1403636681763555584.000000 1.560545206 8.074836731 7.475928783 0.161941916 0.002496575 -0.073078655 0.984087467
1403636681813555456.000000 1.553904057 8.042217255 7.461325169 0.162432402 0.002929627 -0.073718786 0.983957648
1403636681863555584.000000 1.546040297 8.010508537 7.443532467 0.163425952 0.003592935 -0.073468477 0.983809650
1403636681913555456.000000 1.539805889 7.978441715 7.425172329 -0.164416298 -0.004529973 0.073159225 -0.983663857
1403636681963555584.000000 1.534941316 7.945283413 7.406363010 0.165746331 0.004456857 -0.072151899 0.983515382
1403636682013555456.000000 1.531881452 7.912420273 7.386073589 0.166971818 0.004232930 -0.071001597 0.983392775
1403636682063555584.000000 1.530661464 7.879577637 7.364325523 0.168239355 0.003629904 -0.069455035 0.983289540
1403636682113555456.000000 1.530908465 7.846555710 7.342500687 0.169232920 0.003805889 -0.068569139 0.983180583
1403636682163555584.000000 1.531732559 7.814157009 7.318043709 0.170104891 0.003148930 -0.067451224 0.983109772
1403636682213555456.000000 1.531854033 7.782103539 7.293333530 0.170673564 0.000152473 -0.066919938 0.983052552
1403636682263555584.000000 1.526721597 7.749727726 7.270455360 0.171114072 -0.003740086 -0.065440774 0.983068466
1403636682313555456.000000 1.523398399 7.718364716 7.246646881 0.170850858 -0.009741987 -0.065843441 0.983046174
1403636682363555584.000000 1.518755674 7.686572552 7.223945141 -0.170719847 0.015907349 0.065423802 -0.983016491
1403636682413555456.000000 1.514074564 7.654614449 7.203008652 0.170291081 -0.019243972 -0.065177321 0.983047605
1403636682463555584.000000 1.509034991 7.623307228 7.182122707 0.169914722 -0.017405029 -0.064742349 0.983175755
1403636682513555456.000000 1.503269076 7.592538834 7.162072182 -0.168566063 0.013039530 0.065852799 -0.983401716
1403636682563555584.000000 1.497512698 7.560983658 7.143114090 0.167314067 -0.008362369 -0.067002080 0.983588815
1403636682613555456.000000 1.489911795 7.530040264 7.124169827 0.166317061 -0.004227122 -0.068103231 0.983708680
1403636682663555584.000000 1.481439710 7.499056816 7.105452538 0.165050715 -0.000522973 -0.068493403 0.983903825
1403636682713555456.000000 1.472917795 7.467309952 7.086689472 0.164927542 0.001596455 -0.066701591 0.984046400
1403636682763555584.000000 1.465765834 7.436018944 7.067225933 0.164639086 0.003850067 -0.064834811 0.984213173
1403636682813555456.000000 1.460413575 7.404705524 7.046664715 -0.163834691 -0.006221260 0.063658796 -0.984412074
1403636682863555584.000000 1.455265760 7.374418736 7.025587082 0.162761480 0.008083932 -0.065278769 0.984470487
1403636682913555456.000000 1.451969028 7.343552113 7.003549099 0.160570726 0.008556603 -0.067592233 0.984670043
1403636682963555584.000000 1.449947238 7.312467575 6.980214119 0.159061328 0.008868297 -0.069983646 0.984745264
1403636683013555456.000000 1.447014451 7.282294273 6.954568863 0.157777473 0.009061424 -0.073163584 0.984718919
1403636683063555584.000000 1.444887161 7.250731468 6.930101395 0.157540619 0.010305865 -0.073130317 0.984747052
1403636683113555456.000000 1.440548778 7.218138695 6.905631542 -0.157862276 -0.009121994 0.072894551 -0.984724700
1403636683163555584.000000 1.433242083 7.187061310 6.880070686 0.158873782 0.008274208 -0.071109235 0.984700024
1403636683213555456.000000 1.425291777 7.154185295 6.855624199 0.160061270 0.006296315 -0.069324702 0.984649658
1403636683263555584.000000 1.416152835 7.121213913 6.831118107 0.160945639 0.005353576 -0.068171166 0.984591544
1403636683313555456.000000 1.403567195 7.089987278 6.803171635 0.162444085 0.004656896 -0.066801079 0.984442949
1403636683363555584.000000 1.392003417 7.056944370 6.778623104 0.163658738 0.003913699 -0.065694548 0.984319508
1403636683413555456.000000 1.379047513 7.024407864 6.754295826 -0.164751664 -0.003445625 0.065235063 -0.984169424
1403636683463555584.000000 1.365223765 6.992560863 6.726144314 0.166204572 0.002403741 -0.064314440 0.983988762
1403636683513555456.000000 1.350831866 6.960150242 6.702320576 0.166705906 0.002381358 -0.064799815 0.983872235
1403636683563555584.000000 1.335622787 6.927950859 6.678668976 0.167530015 0.002307437 -0.064405814 0.983758271
1403636683613555456.000000 1.316094637 6.898408890 6.650144577 0.168030202 0.000837396 -0.064749606 0.983652771
1403636683663555584.000000 1.299145937 6.866840839 6.626513004 0.168849707 -0.001527759 -0.064481944 0.983529210
1403636683713555456.000000 1.282305360 6.835469246 6.602787495 0.169381708 -0.004286960 -0.064658649 0.983417928
1403636683763555584.000000 1.262732387 6.806084633 6.573978424 0.170278072 -0.006914590 -0.063494816 0.983323932
1403636683813555456.000000 1.248801947 6.775186539 6.549442291 0.170629457 -0.010148870 -0.064502828 0.983169377
1403636683863555584.000000 1.235982656 6.744881630 6.524103165 -0.172368243 0.012843509 0.062515065 -0.982962966
1403636683913555456.000000 1.222165585 6.715184689 6.496010780 0.172370329 -0.013051295 -0.064925268 0.982803643
1403636683963555584.000000 1.213962078 6.684775829 6.471759319 0.173354000 -0.012978872 -0.064158343 0.982681930
1403636684013555456.000000 1.208486319 6.654542446 6.447500229 0.174373835 -0.011225916 -0.063680209 0.982554197
1403636684063555584.000000 1.202328444 6.624783993 6.417889595 0.175217718 -0.009101899 -0.063752435 0.982421279
1403636684113555456.000000 1.201064110 6.595140934 6.392691135 0.176074326 -0.007494119 -0.064238392 0.982250094
1403636684163555584.000000 1.200191379 6.565956116 6.366955280 -0.177214012 0.006545901 0.064523801 -0.982033134
1403636684213555456.000000 1.197725296 6.537281990 6.336252213 0.178286701 -0.005161270 -0.064202636 0.981868267
1403636684263555584.000000 1.200335741 6.508482456 6.309832096 0.179662168 -0.003831145 -0.063585103 0.981663764
1403636684313555456.000000 1.202981710 6.480075836 6.283313274 0.180349693 -0.001673199 -0.064270146 0.981499135
1403636684363555584.000000 1.200207353 6.452026844 6.252330780 0.181125060 0.000379208 -0.064158902 0.981365025
1403636684413555456.000000 1.199250340 6.424510479 6.225908279 0.181885421 0.001590928 -0.064265907 0.981216133
1403636684463555584.000000 1.195971727 6.397490978 6.199276447 -0.182852626 -0.001980369 0.063135028 -0.981109083
1403636684513555456.000000 1.189800978 6.370270729 6.171443462 0.184605479 0.002141271 -0.060400583 0.980952621
1403636684563555584.000000 1.184010863 6.344407082 6.145621777 0.185501963 0.003144005 -0.058749951 0.980881035
1403636684613555456.000000 1.176404715 6.319357395 6.119976997 0.186616555 0.003347302 -0.056755446 0.980786383
1403636684663555584.000000 1.164448380 6.294589043 6.091100216 0.187237233 0.004019490 -0.055989426 0.980709612
1403636684713555456.000000 1.153809786 6.271392822 6.065497875 0.187682837 0.004846546 -0.055414170 0.980653346
1403636684763555584.000000 1.141410947 6.249022484 6.039505005 0.187703997 0.005438608 -0.055910580 0.980618000
1403636684813555456.000000 1.127412438 6.226010799 6.014225483 0.187734142 0.005784411 -0.055776794 0.980617881
1403636684863555584.000000 1.111595631 6.205769539 5.988606453 0.187453479 0.005425413 -0.056987241 0.980604053
1403636684913555456.000000 1.095029831 6.186519146 5.962244987 0.186188668 0.006709159 -0.060171433 0.980646849
1403636684963555584.000000 1.077540755 6.165196896 5.936812878 0.183993503 0.006320025 -0.065795831 0.980702519
1403636685013555456.000000 1.061473608 6.147572517 5.909137249 -0.182169184 -0.005812994 0.069376722 -0.980799437
1403636685063555584.000000 1.046569347 6.129742622 5.881503105 -0.180725634 -0.005228282 0.071699902 -0.980902672
1403636685113555456.000000 1.035436630 6.108326435 5.853875637 0.179590940 0.003602174 -0.072635174 0.981049597
1403636685163555584.000000 1.024010181 6.090718269 5.823565483 0.179035723 0.000957744 -0.071710952 0.981225193
1403636685213555456.000000 1.013688684 6.073570728 5.791942120 0.176982030 -0.001068869 -0.074047536 0.981424093
1403636685263555584.000000 1.005954266 6.052630424 5.761470318 0.174634323 -0.002902929 -0.076523989 0.981650949
1403636685313555456.000000 0.998350799 6.034558773 5.728929996 0.172551170 -0.004031052 -0.078436434 0.981864393
1403636685363555584.000000 0.991872609 6.015280724 5.695860386 -0.170918897 0.004469667 0.079476424 -0.982064366
1403636685413555456.000000 0.986563563 5.994303703 5.663866043 0.169849947 -0.004366608 -0.078608215 0.982320070
1403636685463555584.000000 0.978368282 5.974292278 5.631196976 0.169580340 -0.005039759 -0.076483399 0.982531190
1403636685513555456.000000 0.969149351 5.953511715 5.599300861 -0.169361591 0.005154416 0.074329056 -0.982733548
1403636685563555584.000000 0.958500743 5.931777000 5.570260048 0.169055417 -0.005968445 -0.072859801 0.982891679
1403636685613555456.000000 0.946059942 5.910382748 5.539129257 0.169270113 -0.005780586 -0.070407249 0.983034611
1403636685663555584.000000 0.932433784 5.888892174 5.508434296 0.168414488 -0.004976625 -0.070956238 0.983146489
1403636685713555456.000000 0.918868005 5.866909981 5.479643345 0.167842701 -0.003877510 -0.071726397 0.983193398
1403636685763555584.000000 0.902515292 5.844624043 5.450122833 0.167493582 -0.003174467 -0.072557069 0.983194530
1403636685813555456.000000 0.885444999 5.822041035 5.420984745 0.166489556 -0.001438651 -0.074831858 0.983198583
1403636685863555584.000000 0.869149208 5.799782276 5.394023418 0.165695935 0.000125460 -0.076837324 0.983179033
1403636685913555456.000000 0.849985480 5.775842667 5.365162373 0.166078061 -0.000319120 -0.075764067 0.983197749
1403636685963555584.000000 0.830340326 5.752149582 5.337211609 -0.167469189 0.001770416 0.072887369 -0.983177722
1403636686013555456.000000 0.811076164 5.729504108 5.308584690 0.168434575 -0.003940907 -0.070302933 0.983194709
1403636686063555584.000000 0.792657316 5.705222130 5.279054642 0.169824973 -0.006952581 -0.067539841 0.983132541
1403636686113555456.000000 0.776410222 5.680865765 5.249330044 0.170650899 -0.008937229 -0.065362066 0.983120680
1403636686163555584.000000 0.763400614 5.658009052 5.219703197 0.170713887 -0.008643143 -0.064597629 0.983162940
1403636686213555456.000000 0.751118958 5.633373737 5.189168930 0.170701697 -0.009750562 -0.063685425 0.983214140
1403636686263555584.000000 0.740185380 5.608872890 5.158639431 0.170917675 -0.010993116 -0.062350370 0.983249128
1403636686313555456.000000 0.731516242 5.587343693 5.129300117 0.170986459 -0.012312800 -0.061627623 0.983267069
1403636686363555584.000000 0.724435866 5.563486099 5.098766804 0.171220645 -0.013317588 -0.060820423 0.983263433
1403636686413555456.000000 0.718349516 5.540543079 5.068798542 -0.170872107 0.014296074 0.061244227 -0.983284116
1403636686463555584.000000 0.711112320 5.518753529 5.040667057 0.170967743 -0.015872845 -0.060963269 0.983260751
1403636686513555456.000000 0.702804208 5.496128082 5.012412548 0.171327844 -0.017389854 -0.060246695 0.983216524
1403636686563555584.000000 0.693769217 5.473895550 4.985682011 -0.171089396 0.017390050 0.060888190 -0.983218491
1403636686613555456.000000 0.682730794 5.452547073 4.960082054 0.171113148 -0.017657565 -0.062511563 0.983107805
1403636686663555584.000000 0.670895815 5.430469513 4.935340881 0.170980722 -0.017493194 -0.063051537 0.983099222
1403636686713555456.000000 0.658587098 5.408535957 4.911357880 -0.171282798 0.017139003 0.062950402 -0.983059347
1403636686763555584.000000 0.645830750 5.387407303 4.890314102 0.171879485 -0.015538355 -0.062529020 0.983008683
1403636686813555456.000000 0.634850919 5.365530968 4.867599487 0.171975687 -0.013714098 -0.062395565 0.983027518
1403636686863555584.000000 0.626089036 5.343187332 4.843598366 -0.172886968 0.012463334 0.061393447 -0.982947409
1403636686913555456.000000 0.616275430 5.322990417 4.823025703 0.173600942 -0.011181861 -0.060340341 0.982902229
1403636686963555584.000000 0.610630274 5.301909924 4.799932957 0.174101233 -0.010301269 -0.059699722 0.982862532
1403636687013555456.000000 0.606533945 5.281148434 4.776667595 -0.174810156 0.009185620 0.059254251 -0.982774615
1403636687063555584.000000 0.603431880 5.262142658 4.755388260 0.175148532 -0.008941702 -0.058156900 0.982782245
1403636687113555456.000000 0.602755547 5.242228031 4.731729507 0.175495043 -0.008934293 -0.058105480 0.982723475
1403636687163555584.000000 0.602093101 5.222901344 4.708510399 -0.175874263 0.008595931 0.058293790 -0.982647538
1403636687213555456.000000 0.600804567 5.204001427 4.685205460 0.175873682 -0.007209516 -0.058543921 0.982643962
1403636687263555584.000000 0.598436475 5.185395241 4.662940025 0.176028371 -0.006782880 -0.059031919 0.982590139
1403636687313555456.000000 0.594646931 5.166957855 4.641286850 -0.176306725 0.005747378 0.059020966 -0.982547462
1403636687363555584.000000 0.588733196 5.150249958 4.620562553 0.176156595 -0.004142059 -0.060035586 0.982520998
1403636687413555456.000000 0.582176983 5.132955074 4.600127697 0.176280603 -0.002795098 -0.060881488 0.982451439
1403636687463555584.000000 0.574233294 5.115921974 4.580261707 0.176374674 -0.001918113 -0.061191339 0.982417405
1403636687513555456.000000 0.564307272 5.099921227 4.561636448 0.176553071 -0.001316756 -0.061009090 0.982397676
1403636687563555584.000000 0.552652299 5.083483696 4.543088436 0.177406490 -0.001674658 -0.059798479 0.982317805
1403636687613555456.000000 0.538797736 5.067336559 4.524971962 -0.178129792 0.000584950 0.058798358 -0.982248604
1403636687663555584.000000 0.524523556 5.052437782 4.507227898 0.178989649 -0.000582836 -0.057997312 0.982139885
1403636687713555456.000000 0.507764935 5.037514687 4.489838600 -0.179831386 -0.000799969 0.056619223 -0.982066393
1403636687763555584.000000 0.488979012 5.022824287 4.472425938 0.180399105 0.000211873 -0.056228746 0.981984973
1403636687813555456.000000 0.470566392 5.009617805 4.456689358 0.180322543 0.000099466 -0.057069238 0.981950581
1403636687863555584.000000 0.449572653 4.996120453 4.440515995 -0.180490598 0.000263574 0.057153858 -0.981914759
1403636687913555456.000000 0.427279651 4.983230114 4.424750805 -0.180135667 0.000464216 0.058550779 -0.981897533
1403636687963555584.000000 0.405516714 4.971600056 4.410417557 0.179374397 -0.000481033 -0.061229635 0.981873512
1403636688013555456.000000 0.381472856 4.959407330 4.395334721 0.178710327 0.000095045 -0.063087799 0.981877089
1403636688063555584.000000 0.357822508 4.947487354 4.380774975 -0.177602172 -0.000434281 0.067017645 -0.981817722
1403636688113555456.000000 0.335340649 4.936196804 4.365531445 0.176523894 0.000616142 -0.069726229 0.981823444
1403636688163555584.000000 0.313580692 4.924328804 4.348998547 0.176300019 0.000251783 -0.070701078 0.981794119
1403636688213555456.000000 0.293559581 4.912027836 4.331898212 0.176315829 0.000037860 -0.070684776 0.981792510
1403636688263555584.000000 0.275180697 4.899799824 4.315036774 0.176941440 0.000598290 -0.069353051 0.981774747
1403636688313555456.000000 0.257720917 4.886737823 4.296504974 0.177939370 -0.000725704 -0.066931136 0.981762409
1403636688363555584.000000 0.241017237 4.873551369 4.277401924 -0.178864568 0.001362605 0.064707942 -0.981742620
1403636688413555456.000000 0.224063888 4.860451221 4.259387970 0.179080009 -0.003039008 -0.064337738 0.981723905
1403636688463555584.000000 0.206177503 4.847735882 4.240657330 0.178178594 -0.002591012 -0.066147462 0.981768906
1403636688513555456.000000 0.187352821 4.835355282 4.222475052 -0.177404001 0.002892237 0.068831213 -0.981723905
1403636688563555584.000000 0.168285012 4.822602749 4.204733372 0.175548390 -0.002907157 -0.073489316 0.981719732
1403636688613555456.000000 0.147405535 4.809690475 4.186959743 0.174045295 -0.002963355 -0.078318134 0.981613874
1403636688663555584.000000 0.125500411 4.796352863 4.169881344 -0.173371941 0.002622869 0.081353791 -0.981487095
1403636688713555456.000000 0.101782657 4.782719135 4.155194283 0.173374027 -0.002206574 -0.082835466 0.981363773
1403636688763555584.000000 0.078322724 4.767906189 4.138005257 0.173800468 -0.002739793 -0.084399775 0.981153727
1403636688813555456.000000 0.055710718 4.752110958 4.120524883 0.175391689 -0.003254443 -0.082941100 0.980993390
1403636688863555584.000000 0.036397606 4.735388756 4.102493286 0.177214041 -0.004758667 -0.084272146 0.980546176
1403636688913555456.000000 0.017001763 4.717324734 4.083764553 0.181070477 -0.006441858 -0.083489984 0.979898691
1403636688963555584.000000 -0.000605732 4.698701382 4.064648628 -0.184997022 0.008659816 0.082435079 -0.979237258
1403636689013555456.000000 -0.016120911 4.679022312 4.047088623 0.188812479 -0.010509260 -0.081351563 0.978581309
1403636689063555584.000000 -0.029390763 4.659096241 4.026763439 0.192956105 -0.012280670 -0.079891317 0.977872431
1403636689113555456.000000 -0.040713839 4.638741493 4.007328987 -0.197125256 0.014265659 0.078191765 -0.977151096
1403636689163555584.000000 -0.051031042 4.617354393 3.989125013 0.200788870 -0.016631169 -0.077212274 0.976445377
1403636689213555456.000000 -0.058599930 4.596800327 3.968519926 0.203782052 -0.018400131 -0.077664949 0.975757420
1403636689263555584.000000 -0.064253554 4.576516151 3.947340012 -0.206726372 0.019603247 0.077194817 -0.975151777
1403636689313555456.000000 -0.068613544 4.555026054 3.930101871 0.209071591 -0.021334110 -0.077644065 0.974579632
1403636689363555584.000000 -0.069366738 4.534532070 3.909961462 0.211049572 -0.021259299 -0.077929474 0.974132061
1403636689413555456.000000 -0.067885600 4.513928890 3.890523434 -0.212701589 0.021120941 0.078957610 -0.973692775
1403636689463555584.000000 -0.065259978 4.491892338 3.874324322 0.214309394 -0.020941602 -0.078589238 0.973373890
1403636689513555456.000000 -0.059618242 4.471679211 3.853997946 0.215443462 -0.021813551 -0.078852013 0.973083138
1403636689563555584.000000 -0.052931845 4.451742649 3.833426476 0.216620222 -0.023700204 -0.078415304 0.972812951
1403636689613555456.000000 -0.045464478 4.430406094 3.817315102 0.217325553 -0.026357150 -0.077916995 0.972627282
1403636689663555584.000000 -0.037493408 4.411337376 3.796991110 0.218378559 -0.029843705 -0.075769827 0.972460330
1403636689713555456.000000 -0.030470125 4.392310143 3.778977156 -0.219363928 0.034284819 0.072679393 -0.972328007
1403636689763555584.000000 -0.024030969 4.370559692 3.767281294 0.220248774 -0.039761141 -0.068137005 0.972248375
1403636689813555456.000000 -0.018230505 4.351910114 3.752709150 0.221139193 -0.042842843 -0.064351633 0.972173274
1403636689863555584.000000 -0.012480885 4.332844734 3.740807533 -0.221723989 0.042986970 0.060478438 -0.972282350
1403636689913555456.000000 -0.006225854 4.313157082 3.732622623 0.223452911 -0.042411178 -0.053664189 0.972311854
1403636689963555584.000000 -0.000560835 4.295812607 3.724936724 -0.223881394 0.040616281 0.049410854 -0.972515285
1403636690013555456.000000 0.004824415 4.279034615 3.720187187 0.223255113 -0.039032325 -0.048577271 0.972766161
1403636690063555584.000000 0.010341778 4.262073040 3.724055290 0.221959949 -0.038212653 -0.049841490 0.973031104
1403636690113555456.000000 0.014573410 4.248136520 3.723259926 -0.219631955 0.038880736 0.054823726 -0.973264933
1403636690163555584.000000 0.019155547 4.234837532 3.724903345 -0.216742709 0.038496278 0.060787451 -0.973573625
1403636690213555456.000000 0.026312813 4.221832275 3.728750229 0.214420184 -0.038432065 -0.065599397 0.973778129
1403636690263555584.000000 0.034822315 4.209129810 3.732696533 0.213227794 -0.037665211 -0.067677319 0.973927617
1403636690313555456.000000 0.045127571 4.196034431 3.738966227 -0.212035194 0.036603343 0.070306554 -0.974042296
1403636690363555584.000000 0.058504924 4.183668613 3.744578838 0.210849896 -0.035813589 -0.071911901 0.974211752
1403636690413555456.000000 0.071555465 4.170702934 3.752435446 0.210360393 -0.035264492 -0.072611757 0.974285603
1403636690463555584.000000 0.084818564 4.157822132 3.761494637 -0.210717991 0.034198470 0.071262196 -0.974345982
1403636690513555456.000000 0.098854035 4.145032883 3.770483255 0.211986661 -0.033050828 -0.067047715 0.974409580
1403636690563555584.000000 0.110758126 4.132222176 3.782519579 0.213199124 -0.032111440 -0.063443780 0.974417746
1403636690613555456.000000 0.121301413 4.119754791 3.796348333 -0.215211228 0.033214908 0.057042215 -0.974334180
1403636690663555584.000000 0.131958500 4.108101845 3.810242891 0.217018753 -0.032623943 -0.051407065 0.974266887
1403636690713555456.000000 0.140226364 4.097109318 3.827492237 0.220208436 -0.030687531 -0.042280465 0.974052846
1403636690763555584.000000 0.145114511 4.087393761 3.846597195 0.223580837 -0.029181344 -0.031880062 0.973726749
1403636690813555456.000000 0.148363456 4.080667019 3.866188526 0.226335332 -0.027010076 -0.023756731 0.973385036
1403636690863555584.000000 0.147623733 4.075291634 3.889889479 0.228454873 -0.022463080 -0.017689642 0.973134577
1403636690913555456.000000 0.145906404 4.072961807 3.914712906 0.230275497 -0.016187569 -0.012815846 0.972906530
1403636690963555584.000000 0.143870622 4.072506428 3.938953400 0.232263789 -0.007919573 -0.007249531 0.972593606
1403636691013555456.000000 0.145515859 4.076381683 3.965233803 0.233908847 0.001728517 -0.003209302 0.972251713
1403636691063555584.000000 0.149713472 4.084154606 3.990848064 0.235089108 0.010679770 -0.001135672 0.971914530
1403636691113555456.000000 0.152325079 4.095527649 4.013976097 0.235733092 0.016735548 -0.001747857 0.971672177
1403636691163555584.000000 0.160544589 4.112225056 4.036643505 0.235091373 0.024624137 -0.005422066 0.971646249
1403636691213555456.000000 0.170308948 4.132997990 4.057829857 0.232902706 0.031262435 -0.013893468 0.971898198
1403636691263555584.000000 0.177746743 4.156572819 4.074699402 0.229665115 0.037372503 -0.025491562 0.972217798
1403636691313555456.000000 0.188793659 4.184939861 4.089961529 0.226555228 0.040242787 -0.036725406 0.972473443
1403636691363555584.000000 0.199717745 4.215428352 4.102127552 0.224210560 0.040024914 -0.046102699 0.972626507
1403636691413555456.000000 0.211203605 4.247498512 4.112427711 0.223717198 0.033268344 -0.051996853 0.972697437
1403636691463555584.000000 0.221481219 4.279672623 4.120401859 0.223539218 0.024194486 -0.056550428 0.972752273
1403636691513555456.000000 0.236375898 4.313717842 4.126831055 0.224471822 0.015535556 -0.058160435 0.972619414
1403636691563555584.000000 0.253746837 4.348351955 4.131583691 0.225375175 0.010337453 -0.059572544 0.972394109
1403636691613555456.000000 0.271165967 4.383580208 4.134668350 0.225696474 0.005698475 -0.062585808 0.972168565
1403636691663555584.000000 0.292290866 4.419587612 4.137959003 0.224243924 0.003346162 -0.068899937 0.972088635
1403636691713555456.000000 0.312652260 4.455999851 4.140853882 0.222379297 0.000927266 -0.076150373 0.971981347
1403636691763555584.000000 0.328629971 4.492268562 4.142137051 0.221017510 0.000832489 -0.081980683 0.971817791
1403636691813555456.000000 0.346014977 4.528098106 4.144787312 0.220890403 -0.000303675 -0.083470851 0.971720159
1403636691863555584.000000 0.361000985 4.563571453 4.147361279 0.221568957 -0.001616728 -0.082439259 0.971652448
1403636691913555456.000000 0.372985572 4.599585533 4.148611546 0.222585648 -0.001666429 -0.079889737 0.971632957
1403636691963555584.000000 0.385067880 4.634640217 4.151018620 0.224030867 0.002109495 -0.076242737 0.971592844
1403636692013555456.000000 0.395482659 4.669475555 4.152976990 0.224937692 0.006180984 -0.073281258 0.971593916
1403636692063555584.000000 0.407787085 4.705980778 4.154576302 0.225616992 0.006313181 -0.071098521 0.971597731
1403636692113555456.000000 0.417579591 4.741456985 4.155625343 0.224668890 0.005743797 -0.072759390 0.971697986
1403636692163555584.000000 0.428937018 4.776887417 4.156280994 0.222264200 0.006310577 -0.077926911 0.971846819
1403636692213555456.000000 0.445286632 4.813518047 4.156465054 0.220982239 0.005294163 -0.080975436 0.971896052
1403636692263555584.000000 0.458474666 4.848485947 4.154837608 0.220012560 0.003909943 -0.082293205 0.972011864
1403636692313555456.000000 0.473996520 4.883200645 4.150780678 0.219896972 0.002739068 -0.081516184 0.972107530
1403636692363555584.000000 0.494989425 4.918956280 4.145942211 0.220443860 0.001375436 -0.078840062 0.972207248
1403636692413555456.000000 0.512417555 4.953514099 4.139524460 0.219676152 -0.000165904 -0.079101816 0.972360730
1403636692463555584.000000 0.532017648 4.987915039 4.132682800 0.218275294 -0.000782126 -0.081661984 0.972464263
1403636692513555456.000000 0.557695150 5.022338867 4.125725269 0.216075182 -0.000274511 -0.085736029 0.972605228
1403636692563555584.000000 0.579136133 5.055559635 4.116945267 0.215355188 -0.000028804 -0.085955210 0.972745538
1403636692613555456.000000 0.602546215 5.087416172 4.107552528 0.215378404 -0.000730400 -0.084666960 0.972853124
1403636692663555584.000000 0.631942034 5.120416164 4.097891808 0.214927897 -0.001031666 -0.083516933 0.973051846
1403636692713555456.000000 0.655257046 5.152124882 4.087406635 0.213132992 -0.002946004 -0.086271606 0.973202407
1403636692763555584.000000 0.677361071 5.183629513 4.077043533 -0.209611610 0.005110822 0.094043963 -0.973238230
1403636692813555456.000000 0.703977585 5.215398788 4.067439079 0.205592200 -0.007850735 -0.103339255 0.973134756
1403636692863555584.000000 0.723813713 5.244505882 4.057765484 0.202732742 -0.009199590 -0.110068604 0.972985029
1403636692913555456.000000 0.742397666 5.271614075 4.048172474 0.200641453 -0.010498005 -0.115137413 0.972818732
1403636692963555584.000000 0.764185131 5.297135353 4.038441658 0.200508386 -0.012149243 -0.115297243 0.972808003
1403636693013555456.000000 0.781104088 5.319015503 4.029385567 0.201845869 -0.014026495 -0.111954883 0.972896516
1403636693063555584.000000 0.797157407 5.338958263 4.020573139 0.203375965 -0.013470585 -0.107896961 0.973044217
1403636693113555456.000000 0.816572964 5.358023167 4.011194706 0.205063730 -0.012088870 -0.104364365 0.973093450
1403636693163555584.000000 0.829757631 5.374492645 4.003375053 0.206950590 -0.011304185 -0.100406364 0.973119915
1403636693213555456.000000 0.841020107 5.389842033 3.996228933 0.207935497 -0.013266703 -0.098702356 0.973059416
1403636693263555584.000000 0.853406131 5.405972481 3.988473654 0.209241554 -0.017277148 -0.096363090 0.972950995
1403636693313555456.000000 0.861733556 5.419034004 3.982612610 0.210638806 -0.022368984 -0.093394198 0.972835302
1403636693363555584.000000 0.869168520 5.431183815 3.977418661 0.211878777 -0.026921276 -0.090967238 0.972680628
1403636693413555456.000000 0.878627777 5.445287704 3.971532345 0.213204578 -0.031239422 -0.088733040 0.972468197
1403636693463555584.000000 0.885236025 5.455887794 3.968531847 0.214201465 -0.036007740 -0.087579198 0.972188830
1403636693513555456.000000 0.891274214 5.466050625 3.966926813 0.214533687 -0.042596720 -0.085981309 0.971991777
1403636693563555584.000000 0.897935390 5.477046013 3.965125561 0.214824051 -0.049250230 -0.086041979 0.971607864
1403636693613555456.000000 0.904077709 5.486042023 3.966894627 0.214897320 -0.053864028 -0.086878441 0.971272349
1403636693663555584.000000 0.910531938 5.494172573 3.970774412 0.214910701 -0.056628022 -0.087188803 0.971084356
1403636693713555456.000000 0.917820573 5.501422405 3.977219582 -0.215557352 0.055466093 0.086646289 -0.971056640
1403636693763555584.000000 0.926151097 5.507236481 3.983450651 0.216282025 -0.049887266 -0.086280331 0.971230686
1403636693813555456.000000 0.933767557 5.512570381 3.993444443 0.216587350 -0.044141155 -0.086278692 0.971440971
1403636693863555584.000000 0.941519678 5.517125130 4.005144119 0.217402011 -0.036966439 -0.085221931 0.971651733
1403636693913555456.000000 0.948269367 5.523152351 4.019954205 -0.218980983 0.028437847 0.082490556 -0.971819937
1403636693963555584.000000 0.954437077 5.526549816 4.035121918 -0.219531387 0.020330807 0.082120970 -0.971930444
1403636694013555456.000000 0.963044524 5.526308060 4.042201996 0.220706999 -0.012541279 -0.079949811 0.971976995
1403636694063555584.000000 0.968618751 5.529304981 4.057277203 0.221260726 -0.006282588 -0.079188198 0.971974075
1403636694113555456.000000 0.973304272 5.532475471 4.071980476 0.221998692 -0.003415177 -0.078641333 0.971864462
1403636694163555584.000000 0.978901863 5.535305023 4.085924149 0.222300768 -0.000387246 -0.078331210 0.971826375
1403636694213555456.000000 0.985828996 5.537339211 4.096655846 0.222531289 0.001287844 -0.078061841 0.971794546
1403636694263555584.000000 0.993082702 5.541073799 4.108761787 0.222554192 0.000944976 -0.079130501 0.971703231
1403636694313555456.000000 1.002014756 5.544511318 4.120131493 0.222838640 -0.000880287 -0.079613961 0.971598566
1403636694363555584.000000 1.012166977 5.547014236 4.128237724 0.222994432 -0.003970409 -0.078553811 0.971641421
1403636694413555456.000000 1.021841407 5.550757885 4.138029575 0.223025054 -0.007208467 -0.079569183 0.971533120
1403636694463555584.000000 1.031083107 5.554624081 4.147806168 0.222620517 -0.009513580 -0.079973489 0.971572936
1403636694513555456.000000 1.039441347 5.557971001 4.158285618 0.221903756 -0.010904722 -0.081232287 0.971617818
1403636694563555584.000000 1.046950221 5.559802532 4.166920185 0.221805230 -0.012038215 -0.081458449 0.971607983
1403636694613555456.000000 1.052724600 5.563251019 4.178122520 0.221346647 -0.012784760 -0.081680536 0.971684396
1403636694663555584.000000 1.057029605 5.566370010 4.189901352 0.220796615 -0.012910037 -0.082232222 0.971761346
1403636694713555456.000000 1.060083151 5.569278717 4.201805115 0.220349222 -0.011604117 -0.082586221 0.971849322
1403636694763555584.000000 1.062473774 5.570046902 4.211667061 0.220606327 -0.009687184 -0.079695851 0.972053289
1403636694813555456.000000 1.063119411 5.572949409 4.223917007 0.220033467 -0.007774618 -0.078998484 0.972257257
1403636694863555584.000000 1.061698079 5.575612545 4.236381054 0.221982762 -0.009128064 -0.072840177 0.972283185
1403636694913555456.000000 1.059259772 5.578778744 4.248411655 0.222943574 -0.010009296 -0.068029001 0.972403228
1403636694963555584.000000 1.057515144 5.579267979 4.265167713 0.224016473 -0.011646022 -0.063429698 0.972449422
1403636695013555456.000000 1.054351687 5.583776951 4.278057098 0.224304751 -0.012771387 -0.061371904 0.972500801
1403636695063555584.000000 1.051813126 5.589173317 4.291070938 0.222943425 -0.013855216 -0.063303016 0.972675204
1403636695113555456.000000 1.050686240 5.594652176 4.303388596 0.221066609 -0.012885762 -0.066259511 0.972920001
1403636695163555584.000000 1.051578999 5.599694729 4.315601826 0.219567895 -0.012763531 -0.067475021 0.973177373
1403636695213555456.000000 1.054432988 5.606492996 4.327173233 0.217485696 -0.011794792 -0.070274159 0.973459005
1403636695263555584.000000 1.059067369 5.613605976 4.338201523 0.215710193 -0.010376759 -0.072822474 0.973682880
1403636695313555456.000000 1.065939188 5.620594025 4.347953320 0.214185193 -0.009299858 -0.074557729 0.973899126
1403636695363555584.000000 1.074016690 5.627945900 4.357088566 0.212640122 -0.008411333 -0.075825170 0.974147797
1403636695413555456.000000 1.084449768 5.632887363 4.371644020 0.211883575 -0.008154066 -0.076180704 0.974287212
1403636695463555584.000000 1.094192982 5.640262127 4.379578114 0.210942045 -0.007216841 -0.076988600 0.974435329
1403636695513555456.000000 1.103788853 5.647445202 4.387531281 0.209526449 -0.006244426 -0.079301067 0.974562049
1403636695563555584.000000 1.110037446 5.651423454 4.401302814 0.208572447 -0.004634738 -0.080179386 0.974703729
1403636695613555456.000000 1.116998315 5.658076286 4.408952236 0.207281783 -0.003665439 -0.082057834 0.974826813
1403636695663555584.000000 1.122430205 5.664379120 4.416608334 -0.205721751 0.002620346 0.084597990 -0.974943578
1403636695713555456.000000 1.126521707 5.669491768 4.425248146 -0.205097005 0.002091856 0.084860042 -0.975053668
1403636695763555584.000000 1.128782988 5.674552917 4.432893276 -0.205496430 0.003383297 0.081723779 -0.975233793
1403636695813555456.000000 1.129899740 5.679456711 4.440321922 -0.205329195 0.003917422 0.081386201 -0.975295305
1403636695863555584.000000 1.129844189 5.684217453 4.447617531 -0.205367222 0.004042960 0.080282427 -0.975378275
1403636695913555456.000000 1.131574631 5.684870720 4.465884209 0.204711452 -0.005075421 -0.080258533 0.975513220
1403636695963555584.000000 1.129094839 5.689006805 4.473187923 0.204867691 -0.007389666 -0.079093546 0.975560784
1403636696013555456.000000 1.125851631 5.692816734 4.480558395 0.204810634 -0.009982213 -0.077616185 0.975668371
1403636696063555584.000000 1.121160865 5.696259975 4.488965034 -0.204016283 0.013605949 0.078175612 -0.975746274
1403636696113555456.000000 1.116521478 5.699536324 4.497231007 -0.202417135 0.016953358 0.080598794 -0.975829840
1403636696163555584.000000 1.111815333 5.702407837 4.505754948 -0.200687036 0.018017922 0.084002852 -0.975880980
1403636696213555456.000000 1.106397748 5.704809666 4.514339447 -0.199439809 0.019149236 0.086294942 -0.975915134
1403636696263555584.000000 1.103997350 5.704093933 4.533884048 0.198496953 -0.016111271 -0.087587431 0.976047099
1403636696313555456.000000 1.098412514 5.704793453 4.542957783 0.198964939 -0.012449567 -0.086255528 0.976123989
1403636696363555584.000000 1.093635201 5.704590321 4.552075863 0.199358776 -0.004492050 -0.084037185 0.976306140
1403636696413555456.000000 1.089654088 5.703958988 4.560638905 0.200612351 0.003457627 -0.079847552 0.976405203
1403636696463555584.000000 1.086019993 5.704845905 4.561298847 0.202047080 0.007746697 -0.075077221 0.976463258
1403636696513555456.000000 1.083048224 5.702515125 4.574250698 0.201744273 0.009577489 -0.074204072 0.976576388
1403636696563555584.000000 1.081093669 5.702023506 4.578507423 0.201674163 0.008344105 -0.072738566 0.976712406
1403636696613555456.000000 1.079989314 5.702006817 4.580511570 0.201609433 0.007520669 -0.072620064 0.976741254
1403636696663555584.000000 1.079829812 5.704025745 4.574574471 0.201777175 0.005320835 -0.071223393 0.976823926
1403636696713555456.000000 1.080516934 5.704692841 4.574589252 0.201835185 0.004778706 -0.070943415 0.976835072
1403636696763555584.000000 1.076871037 5.701708794 4.591816902 0.201706067 0.003548746 -0.070654765 0.976887941
1403636696813555456.000000 1.075650811 5.702828884 4.591757298 0.200965568 0.003340770 -0.071863703 0.976953089
1403636696863555584.000000 1.072915316 5.704026222 4.591575623 0.200732395 0.002361705 -0.072782665 0.976935804
1403636696913555456.000000 1.067277908 5.706025600 4.589957714 0.199933633 0.002449978 -0.074673459 0.976956725
1403636696963555584.000000 1.061801910 5.707441807 4.589146614 -0.197655737 -0.003730133 0.081013180 -0.976911068
1403636697013555456.000000 1.055864453 5.708349228 4.588134289 -0.195058554 -0.004955101 0.087890297 -0.976833105
1403636697063555584.000000 1.050071001 5.708541870 4.586429119 -0.192699209 -0.006381990 0.094125040 -0.976712227
1403636697113555456.000000 1.045306206 5.707896709 4.583611488 -0.189733490 -0.007213471 0.101378068 -0.976561189
1403636697163555584.000000 1.042100310 5.705880642 4.578882694 -0.187538937 -0.008388332 0.106602222 -0.976419330
1403636697213555456.000000 1.041406155 5.701393127 4.572365284 -0.186350524 -0.009783398 0.109536715 -0.976309180
1403636697263555584.000000 1.043539166 5.696667194 4.568105221 0.185412541 0.010577627 -0.110403880 0.976381719
1403636697313555456.000000 1.044729233 5.688435555 4.558582783 0.186338156 0.007612175 -0.107802279 0.976523876
1403636697363555584.000000 1.047438860 5.678306580 4.547353745 0.188059047 0.004390369 -0.101731792 0.976864994
1403636697413555456.000000 1.050282001 5.665288448 4.533088207 -0.190313667 -0.000407831 0.095547050 -0.977062583
1403636697463555584.000000 1.055893064 5.648632050 4.516673565 -0.192190200 0.004079456 0.090626866 -0.977155626
1403636697513555456.000000 1.068994761 5.633388042 4.498765945 -0.192871585 0.007731242 0.086868025 -0.977340639
1403636697563555584.000000 1.078638196 5.618630409 4.482964039 -0.191479549 0.009427995 0.084441803 -0.977811992
1403636697613555456.000000 1.088691354 5.603821278 4.467193127 -0.187644348 0.009368931 0.083495401 -0.978637040
1403636697663555584.000000 1.097649693 5.589005470 4.452264309 -0.181333438 0.008816774 0.082325868 -0.979930043
1403636697713555456.000000 1.107196689 5.575503349 4.433409691 -0.173314720 0.009652250 0.079236493 -0.981626451
1403636697763555584.000000 1.099618435 5.571249962 4.421851635 0.163330093 -0.009322783 -0.076073982 0.983589947
1403636697813555456.000000 1.103436589 5.556297302 4.407804012 0.152621448 -0.009087488 -0.072479568 0.985581458
1403636697863555584.000000 1.105731964 5.540633202 4.394012928 0.142919093 -0.008801534 -0.068435535 0.987326324
1403636697913555456.000000 1.108241916 5.522933960 4.381229877 -0.134029418 0.009087880 0.064562298 -0.988830268
1403636697963555584.000000 1.108587980 5.505254745 4.368551254 -0.126270637 0.009069475 0.060144082 -0.990129352
1403636698013555456.000000 1.107526064 5.486920834 4.356486797 -0.119625211 0.009635691 0.056763303 -0.991148233
1403636698063555584.000000 1.105608940 5.468068123 4.344922066 -0.113914847 0.008795807 0.054395568 -0.991961300
1403636698113555456.000000 1.102367520 5.448505878 4.333671570 -0.109343566 0.009314759 0.051465303 -0.992627144
1403636698163555584.000000 1.097766638 5.428486347 4.323174953 -0.105584733 0.009432179 0.048853103 -0.993164837
1403636698213555456.000000 1.092052579 5.408195019 4.313068390 -0.101790555 0.008918217 0.046797093 -0.993664563
1403636698263555584.000000 1.073400736 5.389659405 4.290487289 0.097085416 -0.008645112 -0.044096097 0.994261146
1403636698313555456.000000 1.064958096 5.370007038 4.281384945 0.090320244 -0.008841705 -0.042731360 0.994956374
1403636698363555584.000000 1.055862069 5.350184441 4.272518635 0.082642987 -0.008134119 -0.040441699 0.995725095
1403636698413555456.000000 1.048057318 5.329623699 4.264601707 -0.073928475 0.008798649 0.037916865 -0.996503711
1403636698463555584.000000 1.037910819 5.309718132 4.256862640 -0.064617157 0.009963765 0.034403812 -0.997267187
1403636698513555456.000000 1.022981405 5.287866592 4.241820335 0.054218378 -0.010424681 -0.031968985 0.997962832
1403636698563555584.000000 1.012007356 5.267565727 4.235113621 0.043288503 -0.010720869 -0.028051445 0.998611271
1403636698613555456.000000 1.000353932 5.247171402 4.228965759 0.031868659 -0.011061734 -0.023642777 0.999151230
1403636698663555584.000000 0.987072527 5.226297855 4.222036362 -0.020220201 0.011648796 0.018019445 -0.999565303
1403636698713555456.000000 0.969361544 5.204554081 4.208403111 0.007862691 -0.011835631 -0.012552173 0.999820292
1403636698763555584.000000 0.955050826 5.183513641 4.203828812 -0.005153949 -0.012350165 -0.006919547 0.999886572
1403636698813555456.000000 0.939898968 5.162323475 4.200030804 -0.018699132 -0.012952656 -0.001291603 0.999740481
1403636698863555584.000000 0.923415065 5.139659882 4.195142269 0.032025073 0.013066605 -0.006031947 -0.999383509
1403636698913555456.000000 0.905951738 5.118312359 4.185696602 -0.045891393 -0.012641769 0.011411706 0.998801291
1403636698963555584.000000 0.892480731 5.096291542 4.182150364 -0.059171692 -0.012957975 0.018171623 0.997998357
1403636699013555456.000000 0.880426466 5.074163437 4.178439617 -0.071996480 -0.012626831 0.024332024 0.997028112
1403636699063555584.000000 0.869264662 5.051564693 4.174128056 0.084790535 0.012091888 -0.030910185 -0.995845854
1403636699113555456.000000 0.860750914 5.029352188 4.169917107 0.097793378 0.010955531 -0.037731450 -0.994430959
1403636699163555584.000000 0.853703320 5.007451057 4.165222645 0.109917708 0.009665697 -0.047475722 -0.992759168
1403636699213555456.000000 0.846150041 4.987928391 4.150980473 -0.123017401 -0.009548195 0.055251196 0.990819335
1403636699263555584.000000 0.842096806 4.967577934 4.145257950 -0.136572570 -0.009206497 0.063852899 0.988527179
1403636699313555456.000000 0.839358926 4.948147774 4.139801979 -0.149687275 -0.010139746 0.073212139 0.985967040
1403636699363555584.000000 0.839250088 4.929731369 4.133277416 0.162941918 0.010436594 -0.080500387 -0.983290792
1403636699413555456.000000 0.837632895 4.913566589 4.122855186 -0.175620914 -0.010665056 0.088981941 0.980370224
1403636699463555584.000000 0.838759363 4.897789001 4.117393017 -0.187863424 -0.011151083 0.095845543 0.977443993
1403636699513555456.000000 0.839702845 4.883448601 4.112406254 -0.200369686 -0.011271849 0.101238348 0.974410474
1403636699563555584.000000 0.839203954 4.870313168 4.106203079 0.212294489 0.010939193 -0.107600704 -0.971202075
1403636699613555456.000000 0.834994912 4.859937668 4.096379280 -0.223761141 -0.010436305 0.113758065 0.967926204
1403636699663555584.000000 0.832228661 4.849937916 4.092463017 -0.235503078 -0.009588991 0.119890504 0.964402795
1403636699713555456.000000 0.828708649 4.841797829 4.088823795 -0.247707427 -0.008346221 0.124026552 0.960827172
1403636699763555584.000000 0.824596882 4.835689545 4.085937977 0.259494305 0.008179601 -0.124461263 -0.957656145
1403636699813555456.000000 0.819219530 4.830361843 4.082875252 0.270415008 0.007591292 -0.123033829 -0.954819798
1403636699863555584.000000 0.813285649 4.825897217 4.079956532 0.279281080 0.005972384 -0.121670671 -0.952450871
1403636699913555456.000000 0.800692558 4.822393417 4.065430164 -0.285772651 -0.003558091 0.121333607 0.950578570
1403636699963555584.000000 0.793578863 4.819211483 4.062660694 -0.290386260 -0.001430605 0.122355886 0.949053705
1403636700013555456.000000 0.785218418 4.816526890 4.060205460 -0.293745577 -0.000724642 0.123693392 0.947846532
1403636700063555584.000000 0.775619686 4.814229488 4.057497978 -0.296069711 -0.000267582 0.124460787 0.947022855
1403636700113555456.000000 0.764640808 4.814005852 4.051339149 -0.296832263 0.000843918 0.125828996 0.946602941
1403636700163555584.000000 0.753264725 4.812776089 4.047696114 -0.298320711 0.001301656 0.125709936 0.946150184
1403636700213555456.000000 0.741057754 4.812304497 4.044518471 -0.298678100 0.001558672 0.125990137 0.945999742
1403636700263555584.000000 0.727025867 4.812577724 4.039891720 0.299121052 -0.001459078 -0.126783520 -0.945753932
1403636700313555456.000000 0.711378574 4.813633442 4.035979271 0.300702631 -0.000130714 -0.128778100 -0.944983721
1403636700363555584.000000 0.693958342 4.815759182 4.032400608 0.302745342 0.000945034 -0.132504717 -0.943815112
1403636700413555456.000000 0.674804509 4.822964668 4.030806541 -0.306191653 -0.001221509 0.136008233 0.942203224
1403636700463555584.000000 0.654835582 4.827578545 4.027255058 -0.311498970 0.000039446 0.136296570 0.940421045
1403636700513555456.000000 0.633808076 4.833110332 4.023707867 -0.316233277 0.002380598 0.135809869 0.938907146
1403636700563555584.000000 0.611752331 4.840082169 4.020117283 0.321603835 -0.004282336 -0.134079233 -0.937323511
1403636700613555456.000000 0.588717520 4.847537994 4.015144348 -0.327899456 0.006841037 0.132605121 0.935334742
1403636700663555584.000000 0.565408766 4.855636120 4.010419846 -0.335500985 0.007649290 0.130894020 0.932870507
1403636700713555456.000000 0.541920841 4.863944530 4.005438328 -0.342315376 0.008751793 0.131167352 0.930343330
1403636700763555584.000000 0.519808114 4.872146606 3.999708652 -0.348161012 0.009483265 0.130715102 0.928228199
1403636700813555456.000000 0.498508275 4.879881859 3.992166042 0.352830291 -0.008668661 -0.130814955 -0.926457286
1403636700863555584.000000 0.480605662 4.886778355 3.985650539 -0.356132835 0.006027006 0.132457510 0.924980044
1403636700913555456.000000 0.463239849 4.894629002 3.977447271 -0.358724594 0.003479619 0.133603498 0.923826098
1403636700963555584.000000 0.447665811 4.902290344 3.968602657 -0.360382110 -0.000149303 0.134941787 0.922992647
1403636701013555456.000000 0.433714688 4.909965515 3.959217310 -0.361121267 -0.003051028 0.136547998 0.922462344
1403636701063555584.000000 0.421705365 4.917952061 3.949383259 0.361174464 0.007817399 -0.137974679 -0.922201097
1403636701113555456.000000 0.410303295 4.923829556 3.938706875 -0.360612154 -0.012472299 0.139917642 0.922077298
1403636701163555584.000000 0.403259456 4.932745457 3.928402185 -0.360260457 -0.014880371 0.139126793 0.922298610
1403636701213555456.000000 0.398815095 4.942467690 3.918123484 -0.359236628 -0.017717410 0.139046505 0.922659934
1403636701263555584.000000 0.396926284 4.952772141 3.907538891 -0.358067691 -0.018319752 0.138927624 0.923120260
1403636701313555456.000000 0.395945132 4.963238716 3.896893501 0.356898576 0.019827902 -0.138132304 -0.923661113
1403636701363555584.000000 0.397051394 4.974638462 3.886724949 0.355705172 0.018991766 -0.137994006 -0.924159586
1403636701413555456.000000 0.397057116 4.983975410 3.875421524 -0.354975075 -0.017662566 0.135840029 0.924785495
1403636701463555584.000000 0.399568677 4.996603489 3.866509199 -0.353705704 -0.014987946 0.133934319 0.925596714
1403636701513555456.000000 0.402635932 5.009835243 3.858054638 -0.353087604 -0.010869909 0.131139606 0.926290214
1403636701563555584.000000 0.405974984 5.026848316 3.850600719 0.351933241 0.006950219 -0.128640443 -0.927117229
1403636701613555456.000000 0.404712915 5.037292004 3.839633465 -0.350650698 -0.004482289 0.126731694 0.927881002
1403636701663555584.000000 0.406922281 5.051059246 3.832498550 -0.349688202 -0.002631028 0.124104373 0.928606212
1403636701713555456.000000 0.408500910 5.064800739 3.825344563 -0.349563003 -0.000865778 0.123670675 0.928714514
1403636701763555584.000000 0.409525633 5.078393459 3.818469524 0.350636393 0.000125703 -0.124530368 -0.928195179
1403636701813555456.000000 0.407467961 5.086741447 3.811545610 -0.353472799 -0.000308080 0.126828328 0.926807165
1403636701863555584.000000 0.404784501 5.100886822 3.804997921 -0.358571827 -0.000879427 0.128217801 0.924654365
1403636701913555456.000000 0.400358498 5.114961147 3.798840523 -0.363884985 -0.001305089 0.132360935 0.921990633
1403636701963555584.000000 0.394866586 5.129015446 3.792792797 -0.370761335 -0.000839832 0.135373533 0.918808699
1403636702013555456.000000 0.387796283 5.142047405 3.785204887 0.378483444 0.000769828 -0.139139876 -0.915090024
1403636702063555584.000000 0.376415730 5.153244972 3.780722857 -0.387236804 0.000123048 0.143311918 0.910774052
1403636702113555456.000000 0.366801798 5.166929245 3.774447918 -0.396859556 0.001324281 0.147613898 0.905930996
1403636702163555584.000000 0.355787098 5.180848598 3.768305302 -0.407209694 0.002591666 0.151360512 0.900701702
1403636702213555456.000000 0.343636453 5.195035458 3.762658596 -0.416468412 0.002609385 0.155009270 0.895834506
1403636702263555584.000000 0.329883158 5.208821774 3.757160425 0.424226820 -0.001678997 -0.158053204 -0.891654670
1403636702313555456.000000 0.312339246 5.219851971 3.753841877 -0.431061149 -0.000820287 0.160784066 0.887881815
1403636702363555584.000000 0.296977043 5.233868122 3.749371290 -0.436824560 -0.003425139 0.162462682 0.884747744
1403636702413555456.000000 0.280767262 5.248123169 3.745421171 -0.442324042 -0.006195480 0.162246838 0.882035792
1403636702463555584.000000 0.263703525 5.262580395 3.742329836 -0.446693063 -0.009251076 0.163453043 0.879581094
1403636702513555456.000000 0.244405627 5.274825096 3.741898298 -0.450499177 -0.011261658 0.163051516 0.877688944
1403636702563555584.000000 0.225599766 5.289367676 3.740853548 -0.453173876 -0.012714062 0.163166985 0.876269579
1403636702613555456.000000 0.205731392 5.304220676 3.740911007 -0.455347687 -0.015190092 0.163731083 0.874997139
1403636702663555584.000000 0.184586525 5.319107533 3.742717028 0.456862390 0.017850628 -0.164109752 -0.874085903
1403636702713555456.000000 0.162946701 5.333587170 3.745488882 -0.458138764 -0.019657763 0.163519219 0.873489559
1403636702763555584.000000 0.140904784 5.349171162 3.749442816 -0.458357632 -0.020213697 0.164690673 0.873141885
1403636702813555456.000000 0.118312716 5.365199089 3.754739761 -0.458604455 -0.022810023 0.164295390 0.873022735
1403636702863555584.000000 0.095347643 5.381993294 3.762501478 0.458547056 0.024229478 -0.164458394 -0.872983992
1403636702913555456.000000 0.073799849 5.397379875 3.769135714 -0.457994103 -0.025253223 0.165361047 0.873074770
1403636702963555584.000000 0.054289818 5.415144920 3.777742863 -0.457619250 -0.024898084 0.165058762 0.873338699
1403636703013555456.000000 0.036705494 5.433558464 3.786754370 -0.456808031 -0.022147369 0.166260317 0.873609543
1403636703063555584.000000 0.021091461 5.451898575 3.795801878 0.456403971 0.019280292 -0.166197166 -0.873900533
1403636703113555456.000000 0.007776260 5.470477104 3.802145720 -0.455318213 -0.014111243 0.168135390 0.874194860
1403636703163555584.000000 -0.002691388 5.489944458 3.811053276 -0.454122931 -0.005915143 0.169937015 0.874562085
1403636703213555456.000000 -0.011493206 5.509691715 3.819580793 -0.452341378 -0.000037146 0.172758624 0.874952435
1403636703263555584.000000 -0.018301249 5.529866695 3.828139067 0.450678647 -0.006540915 -0.176574156 -0.875024319
1403636703313555456.000000 -0.023981571 5.550110817 3.830992460 -0.449081093 0.011969795 0.179528207 0.875187099
1403636703363555584.000000 -0.028604627 5.570766449 3.836302757 -0.448897988 0.014461417 0.179109573 0.875329256
1403636703413555456.000000 -0.031956673 5.591855526 3.839716673 -0.450253546 0.013835806 0.175376609 0.875399053
1403636703463555584.000000 -0.035017967 5.612179279 3.840392590 0.451805979 -0.009880576 -0.170561731 -0.875604033
1403636703513555456.000000 -0.036874890 5.631134987 3.836387157 -0.453515261 0.004859102 0.165243715 0.875782490
1403636703563555584.000000 -0.036700130 5.651933670 3.835595608 -0.454844385 0.001022396 0.161281317 0.875844657
1403636703613555456.000000 -0.035322785 5.672515392 3.834349632 -0.454865724 -0.002775716 0.160309806 0.876008213
1403636703663555584.000000 -0.033624768 5.693347454 3.831859827 0.454441279 0.005109913 -0.160038322 -0.876267552
1403636703713555456.000000 -0.030252099 5.714800835 3.830039263 -0.454033822 -0.006433578 0.160010085 0.876475155
1403636703763555584.000000 -0.029253483 5.735022545 3.828902006 -0.453349918 -0.005054345 0.160105675 0.876820743
1403636703813555456.000000 -0.029659510 5.754977703 3.828387737 -0.452507913 -0.002678262 0.160786778 0.877141476
1403636703863555584.000000 -0.031053185 5.774865150 3.828297853 0.451422781 -0.000410197 -0.161790237 -0.877519965
1403636703913555456.000000 -0.031676412 5.796634674 3.829614878 -0.450129032 0.003263563 0.162834242 0.877985299
1403636703963555584.000000 -0.035265565 5.815974712 3.830177546 -0.449464232 0.004537837 0.162982956 0.878292620
1403636704013555456.000000 -0.039871335 5.834901810 3.830821276 -0.447966039 0.006425164 0.164572135 0.878749847
1403636704063555584.000000 -0.045551896 5.853657246 3.831403494 -0.446703553 0.007733931 0.165389717 0.879228294
1403636704113555456.000000 -0.052958250 5.871056557 3.831444740 0.445649117 -0.006213580 -0.166064695 -0.879648149
1403636704163555584.000000 -0.059048891 5.894767761 3.834349871 -0.444916695 0.003184539 0.166146323 0.880019605
1403636704213555456.000000 -0.068754911 5.913230419 3.834809542 -0.444314599 -0.000849179 0.166018233 0.880353212
1403636704263555584.000000 -0.078721046 5.932090759 3.835388184 -0.443960965 -0.004796820 0.165772110 0.880565345
1403636704313555456.000000 -0.087837458 5.952055454 3.836213827 0.443809032 0.007995372 -0.164652944 -0.880828679
1403636704363555584.000000 -0.094692886 5.972261906 3.836337566 -0.443801761 -0.010910306 0.163615227 0.880994380
1403636704413555456.000000 -0.099830866 5.992835522 3.836423397 -0.443148524 -0.012315069 0.164159238 0.881203473
1403636704463555584.000000 -0.102609992 6.013341904 3.835875273 -0.443178266 -0.015268774 0.163132712 0.881332874
1403636704513555456.000000 -0.103107870 6.035489559 3.835006714 0.443140566 0.018373664 -0.162348643 -0.881437361
1403636704563555584.000000 -0.101574659 6.061510086 3.838282585 -0.442808658 -0.020655017 0.162907153 0.881450534
1403636704613555456.000000 -0.099546492 6.083939075 3.838415623 -0.442468911 -0.022888722 0.162927955 0.881562233
1403636704663555584.000000 -0.097861886 6.107036591 3.839791059 -0.442367882 -0.024778839 0.163055763 0.881538153
1403636704713555456.000000 -0.097825468 6.130692005 3.842492580 -0.441966504 -0.029530641 0.163224384 0.881561935
1403636704763555584.000000 -0.097752154 6.154390335 3.846447945 0.441456556 0.032494899 -0.163223341 -0.881713271
1403636704813555456.000000 -0.102293134 6.181112766 3.854526758 -0.440419674 -0.035661906 0.164919078 0.881793916
1403636704863555584.000000 -0.105506659 6.207098484 3.862387180 -0.439234942 -0.038942561 0.166571647 0.881935418
1403636704913555456.000000 -0.109470606 6.234223843 3.871957779 -0.437844247 -0.041417141 0.168007538 0.882241845
1403636704963555584.000000 -0.114104509 6.262461662 3.883028507 0.437066227 0.044319272 -0.168396488 -0.882412374
1403636705013555456.000000 -0.120713830 6.293060303 3.896910191 -0.436551362 -0.046417616 0.168273807 0.882582784
1403636705063555584.000000 -0.125392437 6.324166298 3.911366463 -0.436612457 -0.047640171 0.166549072 0.882814527
1403636705113555456.000000 -0.129540026 6.356857300 3.927774191 -0.437100023 -0.043410510 0.164075762 0.883254349
1403636705163555584.000000 -0.133357286 6.391357422 3.945852995 0.438302755 0.035732139 -0.159494787 -0.883841217
1403636705213555456.000000 -0.135645270 6.426057339 3.964803696 -0.439760983 -0.027941605 0.154145285 0.884346485
1403636705263555584.000000 -0.135535777 6.461608887 3.984579086 -0.440812320 -0.021993360 0.149778351 0.884741366
1403636705313555456.000000 -0.133493185 6.497007847 4.004767418 -0.441329509 -0.017939977 0.147580534 0.884944379
1403636705363555584.000000 -0.130807042 6.532412529 4.025545120 0.441558152 0.014983422 -0.146323681 -0.885093987
1403636705413555456.000000 -0.127027392 6.565961361 4.045485497 -0.441140205 -0.016417973 0.147108138 0.885146916
1403636705463555584.000000 -0.122610092 6.600832462 4.067245483 -0.440756291 -0.018203594 0.148863167 0.885009825
1403636705513555456.000000 -0.118795455 6.635626793 4.090163231 -0.440356821 -0.021638734 0.151015848 0.884766579
1403636705563555584.000000 -0.115783453 6.670197010 4.114368439 0.440001249 0.025017448 -0.152093843 -0.884669781
1403636705613555456.000000 -0.114132404 6.703191280 4.138041973 -0.439718097 -0.025911242 0.153456926 0.884549439
1403636705663555584.000000 -0.113454223 6.738489151 4.164713383 -0.439925998 -0.027327079 0.154010519 0.884307146
1403636705713555456.000000 -0.112967730 6.774659634 4.192673683 -0.440248370 -0.025211567 0.153577909 0.884284854
1403636705763555584.000000 -0.113024235 6.810914993 4.221633911 0.440506160 0.022251565 -0.153479502 -0.884252906
1403636705813555456.000000 -0.113315701 6.845559120 4.249405861 -0.440111488 -0.018035458 0.154131994 0.884432018
1403636705863555584.000000 -0.111709952 6.882586479 4.279399872 -0.439916879 -0.013046495 0.154140353 0.884615004
1403636705913555456.000000 -0.108351946 6.919648647 4.309131622 -0.438966453 -0.007108897 0.156340212 0.884768724
1403636705963555584.000000 -0.102788210 6.956521034 4.337977409 0.437621206 0.001518360 -0.158975452 -0.884992838
1403636706013555456.000000 -0.097452521 6.991293430 4.364223480 -0.435289174 0.004573151 0.163754284 0.885260999
1403636706063555584.000000 -0.088715672 7.027705193 4.390725613 -0.432630420 0.009558341 0.168926030 0.885552764
1403636706113555456.000000 -0.079165697 7.065094948 4.416254997 -0.430843890 0.014704857 0.172183275 0.885725915
1403636706163555584.000000 -0.070729613 7.102634907 4.440702438 0.431210518 -0.015309682 -0.169173241 -0.886117160
1403636706213555456.000000 -0.067028046 7.137540817 4.461341858 -0.432736814 0.013079961 0.163051233 0.886556327
1403636706263555584.000000 -0.062958241 7.175250530 4.484745502 -0.433867902 0.009616831 0.158340916 0.886901498
1403636706313555456.000000 -0.060840130 7.212602615 4.508245468 -0.435468972 0.004868759 0.151988313 0.887266994
1403636706363555584.000000 -0.060950160 7.249329567 4.531882286 -0.436234176 0.000121373 0.148156047 0.887552619
1403636706413555456.000000 -0.065581441 7.281933784 4.552639961 -0.436895639 -0.003963387 0.144850120 0.887764037
1403636706463555584.000000 -0.067016244 7.317563057 4.576429367 -0.437112480 -0.007998227 0.142877504 0.887949765
1403636706513555456.000000 -0.067047596 7.353017807 4.600352764 -0.437399894 -0.010661635 0.141345397 0.888025463
1403636706563555584.000000 -0.066776633 7.387229443 4.623647690 0.437802315 0.012995862 -0.140830681 -0.887877822
1403636706613555456.000000 -0.066721439 7.418830395 4.645184517 -0.437486053 -0.013820922 0.141044796 0.887987256
1403636706663555584.000000 -0.062294722 7.452391624 4.668580532 -0.437866122 -0.015428414 0.141099691 0.887764692
1403636706713555456.000000 -0.055560946 7.486773968 4.692866325 -0.437782913 -0.017692203 0.141938180 0.887629807
1403636706763555584.000000 -0.046552420 7.518875122 4.716098309 0.437360644 0.019505223 -0.144562438 -0.887376487
1403636706813555456.000000 -0.039806485 7.552033901 4.739191055 -0.437622160 -0.022356169 0.145646214 0.887003005
1403636706863555584.000000 -0.028759122 7.585046768 4.763629913 -0.438178301 -0.024130549 0.146841899 0.886484683
1403636706913555456.000000 -0.016493559 7.618069649 4.788602829 -0.438607097 -0.024274817 0.148329720 0.886020839
1403636706963555584.000000 -0.004265308 7.651843548 4.813637733 0.439866662 0.024238704 -0.148289099 -0.885403931
1403636707013555456.000000 0.008229971 7.685143471 4.839063644 -0.441081673 -0.021445887 0.147891939 0.884937942
1403636707063555584.000000 0.022662640 7.718791962 4.865768433 -0.442736804 -0.019211559 0.146432117 0.884405255
1403636707113555456.000000 0.037122250 7.752363205 4.893033028 -0.444198608 -0.016948331 0.145969942 0.883794844
1403636707163555584.000000 0.051372290 7.783820629 4.920667171 0.445545495 0.016588498 -0.146215126 -0.883082747
1403636707213555456.000000 0.064770341 7.818145275 4.947784424 -0.447121024 -0.017116800 0.146835387 0.882173061
1403636707263555584.000000 0.080636859 7.850585938 4.976170063 -0.448630095 -0.017654881 0.147093907 0.881352842
1403636707313555456.000000 0.098354220 7.882746696 5.004695892 -0.450168490 -0.019170063 0.146910384 0.880567014
1403636707363555584.000000 0.117482662 7.914758682 5.033572197 0.451188385 0.019887259 -0.147439808 -0.879940391
1403636707413555456.000000 0.138897538 7.948368549 5.060692310 -0.451794147 -0.020468963 0.148379132 0.879458249
1403636707463555584.000000 0.163243532 7.980249405 5.090127945 -0.452461511 -0.021634709 0.148250297 0.879108846
1403636707513555456.000000 0.189323545 8.011440277 5.119543552 -0.452549011 -0.021338502 0.149711177 0.878823519
1403636707563555584.000000 0.216987371 8.043524742 5.149831295 0.452429742 0.020757265 -0.151273727 -0.878631175
1403636707613555456.000000 0.246474981 8.076064110 5.177610397 -0.451801389 -0.021167481 0.154219553 0.878432631
1403636707663555584.000000 0.271839380 8.107547760 5.209820747 -0.449459493 -0.019218422 0.160980895 0.878465652
1403636707713555456.000000 0.294693589 8.139511108 5.242953777 -0.447986007 -0.017930780 0.164844528 0.878529072
1403636707763555584.000000 0.314285398 8.172395706 5.277050018 0.446325690 0.017022450 -0.168480620 -0.878702521
1403636707813555456.000000 0.331728101 8.205756187 5.309439182 -0.445800841 -0.015389770 0.169676110 0.878768921
1403636707863555584.000000 0.346367240 8.239770889 5.345727444 -0.445122480 -0.013578488 0.169674978 0.879142761
1403636707913555456.000000 0.358230233 8.274207115 5.382486820 -0.444516331 -0.011296694 0.169068143 0.879598558
1403636707963555584.000000 0.368139744 8.309211731 5.418361187 0.444014549 0.010244128 -0.167270035 -0.880208492
1403636708013555456.000000 0.379453421 8.343598366 5.453343868 -0.443580478 -0.009797053 0.165329695 0.880798817
1403636708063555584.000000 0.385008931 8.379590034 5.491811752 -0.443343669 -0.009500035 0.162312776 0.881482184
1403636708113555456.000000 0.389557004 8.415925980 5.530634880 -0.443087757 -0.008619890 0.158943027 0.882233620
1403636708163555584.000000 0.392854571 8.452550888 5.569993973 0.442875087 0.007933160 -0.155885115 -0.882892132
1403636708213555456.000000 0.395225525 8.483589172 5.606088161 -0.441723168 -0.006038305 0.155835107 0.883492827
1403636708263555584.000000 0.396119833 8.519626617 5.646015167 -0.440273672 -0.002940635 0.157516047 0.883933961
1403636708313555456.000000 0.396073461 8.555565834 5.685892105 -0.438177884 0.002362478 0.161498860 0.884258330
1403636708363555584.000000 0.395577431 8.591472626 5.725737572 0.435341328 -0.008123070 -0.167851776 -0.884442031
1403636708413555456.000000 0.395649791 8.625879288 5.760755539 -0.433275312 0.012776155 0.172466174 0.884513855
1403636708463555584.000000 0.396977782 8.663033485 5.797323704 -0.431721896 0.016492171 0.175706178 0.884574294
1403636708513555456.000000 0.400138617 8.701460838 5.831961632 -0.431356072 0.018438833 0.176713988 0.884513557
1403636708563555584.000000 0.404132605 8.740752220 5.864050388 0.431702882 -0.019608278 -0.175189719 -0.884622395
1403636708613555456.000000 0.416925192 8.779362679 5.887822628 -0.433595061 0.018106572 0.171237350 0.884502888
1403636708663555584.000000 0.421133757 8.818904877 5.916457653 -0.436325699 0.014358175 0.165070593 0.884401143
1403636708713555456.000000 0.424499273 8.858407021 5.944275379 -0.439929813 0.012057238 0.157152370 0.884092569
1403636708763555584.000000 0.426234007 8.897228241 5.970909119 0.443160862 -0.008527813 -0.149909779 -0.883777618
1403636708813555456.000000 0.429584503 8.928785324 5.994491577 -0.446457535 0.006798616 0.142928645 0.883289814
1403636708863555584.000000 0.428436637 8.965594292 6.021844387 -0.448579758 0.005009805 0.140359864 0.882638276
1403636708913555456.000000 0.427718759 9.001325607 6.048933506 -0.451094687 0.005683906 0.137737736 0.881765068
1403636708963555584.000000 0.427878499 9.035074234 6.075209618 0.453784913 -0.005798467 -0.135637462 -0.880708933
1403636709013555456.000000 0.432748914 9.065752029 6.098587036 -0.455336839 0.008276496 0.135179788 0.879958093
1403636709063555584.000000 0.436286926 9.096261024 6.123872280 -0.458127737 0.008862748 0.132174477 0.878959835
1403636709113555456.000000 0.441071630 9.124803543 6.148886204 -0.459593594 0.010109452 0.132499114 0.878131926
1403636709163555584.000000 0.447784662 9.150852203 6.173401356 0.461361438 -0.008584981 -0.132448092 -0.877228320
1403636709213555456.000000 0.459975362 9.172188759 6.194139481 -0.461919636 0.006119277 0.134911805 0.876579523
1403636709263555584.000000 0.469004750 9.195048332 6.217800617 -0.462681293 0.002179645 0.135910779 0.876041949
1403636709313555456.000000 0.479261398 9.216313362 6.241480350 -0.462666363 -0.000858963 0.138028890 0.875720918
1403636709363555584.000000 0.489604831 9.234536171 6.264395237 0.462380856 0.003610970 -0.140114963 -0.875533402
1403636709413555456.000000 0.504792094 9.258745193 6.287549019 -0.463119358 -0.006417320 0.138993159 0.875305772
1403636709463555584.000000 0.512309194 9.275713921 6.312997341 -0.462753505 -0.006678138 0.140136212 0.875315070
1403636709513555456.000000 0.517991900 9.291655540 6.339419365 -0.463165343 -0.008425274 0.139336690 0.875209808
1403636709563555584.000000 0.522306681 9.306597710 6.367218971 0.462710410 0.009316624 -0.140119225 -0.875316501
1403636709613555456.000000 0.531592369 9.329415321 6.395227432 -0.462459266 -0.010996616 0.140573993 0.875356853
1403636709663555584.000000 0.533671141 9.342433929 6.424818039 -0.462077051 -0.011873158 0.140786394 0.875513077
1403636709713555456.000000 0.535624623 9.354686737 6.455059052 -0.461693287 -0.012575616 0.140184924 0.875802159
1403636709763555584.000000 0.538285255 9.365497589 6.485079765 0.460360050 0.012609913 -0.141170189 -0.876345038
1403636709813555456.000000 0.545827627 9.383168221 6.516569138 -0.459960520 -0.012807473 0.139722288 0.876783967
1403636709863555584.000000 0.549839258 9.392164230 6.548083305 -0.458983034 -0.011876586 0.140463233 0.877190769
1403636709913555456.000000 0.556092501 9.400606155 6.579522133 -0.458844751 -0.011664524 0.139206305 0.877466321
1403636709963555584.000000 0.565347075 9.408975601 6.610540867 0.458095878 0.011183033 -0.138359904 -0.877997577
1403636710013555456.000000 0.579746723 9.432170868 6.646776199 -0.456983954 -0.010662108 0.138759509 0.878520250
1403636710063555584.000000 0.590733767 9.437679291 6.677972317 -0.456410646 -0.010051938 0.138072506 0.878933609
1403636710113555456.000000 0.601664782 9.442337036 6.709865093 -0.455601752 -0.009192827 0.137267783 0.879488528
1403636710163555584.000000 0.611815572 9.448436737 6.742319584 0.454656988 0.009064703 -0.136350423 -0.880121291
1403636710213555456.000000 0.623038650 9.461577415 6.780100822 -0.453573555 -0.008595314 0.135539219 0.880810022
1403636710263555584.000000 0.628748417 9.464466095 6.815222263 -0.451822370 -0.007153177 0.136452332 0.881581664
1403636710313555456.000000 0.632674575 9.466281891 6.851305962 -0.448702633 -0.002831465 0.140824512 0.882511437
1403636710363555584.000000 0.636733174 9.470345497 6.890169621 0.444140524 -0.001158154 -0.147159010 -0.883788526
1403636710413555456.000000 0.638579369 9.480786324 6.935231209 -0.439012647 0.004858220 0.151912391 0.885532022
1403636710463555584.000000 0.639448047 9.481636047 6.973334312 -0.432750970 0.007286523 0.156095386 0.887866974
1403636710513555456.000000 0.639410973 9.482493401 7.011430740 -0.425773948 0.009783583 0.159167156 0.890666425
1403636710563555584.000000 0.638396740 9.484874725 7.049540997 0.419103742 -0.011254996 -0.160374373 -0.893591344
1403636710613555456.000000 0.635117769 9.492731094 7.089127541 -0.413052857 0.012671532 0.160134718 0.896428287
1403636710663555584.000000 0.632126451 9.494729996 7.125372410 -0.406388313 0.013323143 0.158613965 0.899729252
1403636710713555456.000000 0.628527999 9.497197151 7.160648346 -0.400035232 0.013555027 0.154800758 0.903230190
1403636710763555584.000000 0.625571132 9.501419067 7.195421696 0.392830521 -0.013650726 -0.150646716 -0.907085121
1403636710813555456.000000 0.621163607 9.511072159 7.231445312 -0.386558354 0.011983087 0.142364874 0.911131918
1403636710863555584.000000 0.621009707 9.514326096 7.262440205 -0.379454523 0.009257085 0.134243995 0.915372670
1403636710913555456.000000 0.622128963 9.517541885 7.292373657 -0.372163475 0.006512528 0.126649663 0.919462800
1403636710963555584.000000 0.625119925 9.522712708 7.321230888 0.365571946 -0.004835900 -0.119255334 -0.923099101
1403636711013555456.000000 0.625155807 9.526164055 7.352017403 -0.360428005 0.000403086 0.110787585 0.926184416
1403636711063555584.000000 0.630788982 9.528840065 7.378745556 -0.355083853 -0.000229505 0.106678955 0.928727627
1403636711113555456.000000 0.637521386 9.531032562 7.404957294 -0.351438969 -0.001788697 0.101024814 0.930742443
1403636711163555584.000000 0.643873274 9.533258438 7.431078434 0.348362714 0.001518654 -0.097316228 -0.932293296
1403636711213555456.000000 0.648822904 9.532904625 7.459380150 -0.345910937 -0.001404280 0.094600514 0.933485091
1403636711263555584.000000 0.656240642 9.532066345 7.484753609 -0.344016373 -0.001281996 0.092969432 0.934348822
1403636711313555456.000000 0.664525509 9.529767990 7.509774685 -0.341535419 0.000747115 0.094174661 0.935138583
1403636711363555584.000000 0.672420204 9.525847435 7.535023689 0.339955926 -0.003052783 -0.095656201 -0.935559034
1403636711413555456.000000 0.681550026 9.518810272 7.562005997 -0.339039505 0.008910920 0.096598163 0.935757279
1403636711463555584.000000 0.693045437 9.513033867 7.585051537 -0.338800073 0.016709836 0.096472837 0.935750186
1403636711513555456.000000 0.704348505 9.506140709 7.607234955 -0.339350551 0.023341358 0.095574126 0.935500979
1403636711563555584.000000 0.715273917 9.499225616 7.629777431 0.341362983 -0.027734904 -0.092317708 -0.934975743
1403636711613555456.000000 0.725917935 9.488132477 7.651120663 -0.343203068 0.030024787 0.089936271 0.934463382
1403636711663555584.000000 0.736652374 9.477524757 7.671590805 -0.344925582 0.030613940 0.088187441 0.933976471
1403636711713555456.000000 0.747201085 9.465148926 7.691034317 -0.346828789 0.028837783 0.086634092 0.933473527
1403636711763555584.000000 0.757786155 9.450269699 7.710026741 0.347936928 -0.027926367 -0.087329075 -0.933023989
1403636711813555456.000000 0.767492473 9.431009293 7.726185799 -0.348026216 0.026175147 0.090506792 0.932738543
1403636711863555584.000000 0.777628422 9.412962914 7.742997646 -0.347081602 0.023956014 0.095769934 0.932624638
1403636711913555456.000000 0.788173556 9.393480301 7.758886337 -0.345528394 0.021740073 0.102796651 0.932507634
1403636711963555584.000000 0.798590958 9.372842789 7.773239136 0.343948424 -0.019948715 -0.109738544 -0.932340682
1403636712013555456.000000 0.811292171 9.349057198 7.783841133 -0.342217803 0.019330049 0.117001802 0.932107270
1403636712063555584.000000 0.823673248 9.327435493 7.795422077 -0.340444207 0.019273521 0.123419203 0.931930244
1403636712113555456.000000 0.837081909 9.305980682 7.805459976 -0.339509457 0.020330813 0.126822829 0.931791842
1403636712163555584.000000 0.851384044 9.284785271 7.813583374 0.338796973 -0.021477705 -0.127857789 -0.931883991
1403636712213555456.000000 0.867210269 9.262290001 7.819115639 -0.337953806 0.020074992 0.123001061 0.932874620
1403636712263555584.000000 0.882853806 9.241048813 7.824930668 -0.335759372 0.018050306 0.116004646 0.934603035
1403636712313555456.000000 0.899698913 9.219473839 7.829717159 -0.332243294 0.017298305 0.108016863 0.936828494
1403636712363555584.000000 0.916979790 9.197188377 7.833567619 0.327698678 -0.015927143 -0.100199454 -0.939318955
1403636712413555456.000000 0.935916185 9.172632217 7.834128380 -0.323091835 0.015560277 0.094181634 0.941541016
1403636712463555584.000000 0.954556465 9.148643494 7.835711479 -0.318423808 0.016030448 0.088528693 0.943669438
1403636712513555456.000000 0.973989904 9.123664856 7.836485863 -0.313331634 0.016320234 0.084506318 0.945735514
1403636712563555584.000000 0.993933678 9.096691132 7.835625648 0.308403641 -0.017183192 -0.082154095 -0.947545588
1403636712613555456.000000 1.013785124 9.069266319 7.834910393 -0.303374767 0.020138303 0.080575854 0.949244857
1403636712663555584.000000 1.031029701 9.040533066 7.833710670 -0.298422009 0.024243956 0.080390066 0.950733423
1403636712713555456.000000 1.046385765 9.010785103 7.831871033 -0.294208199 0.027813220 0.080273412 0.951958120
1403636712763555584.000000 1.059592485 8.980572701 7.829443932 0.290227622 -0.029419487 -0.080361716 -0.953123510
1403636712813555456.000000 1.070832610 8.950035095 7.826713562 -0.287212908 0.029157778 0.080691300 0.954016566
1403636712863555584.000000 1.080228806 8.917815208 7.822692871 -0.284955978 0.027134631 0.081290618 0.954701841
1403636712913555456.000000 1.088180184 8.884793282 7.817672729 -0.283293724 0.024889966 0.081796139 0.955214381
1403636712963555584.000000 1.095029831 8.850927353 7.811775684 0.282435983 -0.021558944 -0.081760935 -0.955552399
1403636713013555456.000000 1.100289345 8.816751480 7.805252075 0.282633275 -0.019117918 -0.080267474 -0.955672622
1403636713063555584.000000 1.105354309 8.783234596 7.799409866 -0.281890661 0.019772951 0.081232883 0.955797017
1403636713113555456.000000 1.112137437 8.746611595 7.789439201 -0.280300051 0.020554079 0.082847334 0.956109762
1403636713163555584.000000 1.119835734 8.709263802 7.777996540 -0.279008538 0.019601932 0.083958969 0.956410468
1403636713213555456.000000 1.128639817 8.671129227 7.764329910 0.278172135 -0.018388590 -0.085541360 -0.956537962
1403636713263555584.000000 1.137049675 8.635667801 7.751863003 -0.277517438 0.016105385 0.086647637 0.956669688
1403636713313555456.000000 1.149541378 8.597526550 7.735857964 -0.277672082 0.014713074 0.086637639 0.956648171
1403636713363555584.000000 1.163620949 8.559197426 7.718906879 -0.277556777 0.012600976 0.087427653 0.956639946
1403636713413555456.000000 1.180320978 8.521250725 7.702383041 0.277054578 -0.012715749 -0.089663222 -0.956577063
1403636713463555584.000000 1.195188642 8.485906601 7.685419083 -0.276839048 0.012377732 0.091481581 0.956471682
1403636713513555456.000000 1.212043881 8.447506905 7.666152000 -0.276360393 0.011977206 0.093944296 0.956376553
1403636713563555584.000000 1.228495717 8.409210205 7.646560669 -0.275977343 0.012459838 0.096566565 0.956219792
1403636713613555456.000000 1.242585659 8.371725082 7.626841545 0.275394052 -0.011336721 -0.100728162 -0.955972552
1403636713663555584.000000 1.253495336 8.337267876 7.608503819 -0.275190324 0.010250996 0.104165643 0.955675006
1403636713713555456.000000 1.264810205 8.300271988 7.588533401 -0.274856091 0.009924197 0.107703343 0.955382526
1403636713763555584.000000 1.274392128 8.264227867 7.568511486 -0.274855018 0.009644235 0.111026123 0.955005229
1403636713813555456.000000 1.282141209 8.230196953 7.548001289 0.274771601 -0.009162800 -0.113315433 -0.954765022
1403636713863555584.000000 1.287987947 8.196417809 7.528909683 -0.275696486 0.009022797 0.113860793 0.954434812
1403636713913555456.000000 1.293286800 8.163897514 7.507818222 -0.277341217 0.007957820 0.112479508 0.954131484
1403636713963555584.000000 1.297090292 8.132308960 7.486501217 -0.278944880 0.006893978 0.110674635 0.953883350
1403636714013555456.000000 1.298595190 8.102035522 7.465894699 0.280512124 -0.005381061 -0.109724499 -0.953543186
1403636714063555584.000000 1.299627781 8.071640968 7.444181442 -0.283568501 0.004675587 0.105319358 0.953139544
1403636714113555456.000000 1.299073935 8.042338371 7.422910690 -0.285053968 0.003984632 0.104709826 0.952766657
1403636714163555584.000000 1.297569275 8.013473511 7.401537895 -0.286710680 0.003643136 0.103606455 0.952391446
1403636714213555456.000000 1.295191050 7.984656811 7.379618645 0.287906408 -0.005149445 -0.103542082 -0.952030718
1403636714263555584.000000 1.291916370 7.955461502 7.359469891 -0.288116306 0.006875930 0.105856933 0.951701641
1403636714313555456.000000 1.287487507 7.927622318 7.337890148 -0.288261920 0.007833332 0.108239800 0.951382101
1403636714363555584.000000 1.281793833 7.900368214 7.316092491 -0.288831949 0.007034985 0.109539166 0.951066673
1403636714413555456.000000 1.274946690 7.873949528 7.294517517 0.289445847 -0.003437772 -0.110448025 -0.950794697
1403636714463555584.000000 1.267452121 7.846276283 7.273668289 -0.288354307 -0.001044523 0.111477345 0.951011837
1403636714513555456.000000 1.258692145 7.820642948 7.252323627 -0.285795510 -0.005546381 0.111926399 0.951715648
1403636714563555584.000000 1.249232650 7.795663834 7.231594086 -0.281375200 -0.009177556 0.112837024 0.952896416
1403636714613555456.000000 1.238755226 7.771863937 7.212032795 0.275700986 0.012638059 -0.111982681 -0.954614699
1403636714663555584.000000 1.230502009 7.748253345 7.193520546 -0.269445211 -0.015307945 0.109138966 0.956688941
1403636714713555456.000000 1.222527385 7.726190090 7.174493313 -0.261389345 -0.017455431 0.106118008 0.959223628
1403636714763555584.000000 1.216367960 7.705195427 7.155406952 -0.252351969 -0.019378938 0.101520374 0.962100089
1403636714813555456.000000 1.212376356 7.684935570 7.137265682 0.242487177 0.020327650 -0.094532147 -0.965324044
1403636714863555584.000000 1.210871339 7.662768364 7.118170261 -0.232146636 -0.020840842 0.087117456 0.968547463
1403636714913555456.000000 1.210783720 7.644095898 7.099680901 -0.220943689 -0.021784188 0.080349304 0.971727014
1403636714963555584.000000 1.212929606 7.626031876 7.081496716 -0.209198192 -0.023088166 0.074923672 0.974725425
1403636715013555456.000000 1.217412591 7.608580589 7.063043118 0.198721007 0.023936268 -0.069519058 -0.977294385
1403636715063555584.000000 1.223689079 7.591818333 7.045202255 0.189138591 0.024898328 -0.064861275 -0.979489505
1403636715113555456.000000 1.232484579 7.574440956 7.027725220 -0.181445569 -0.026613893 0.059688576 0.981227040
1403636715163555584.000000 1.241217971 7.558629990 7.010525703 -0.174342185 -0.027176453 0.057336748 0.982638717
1403636715213555456.000000 1.250478506 7.543334484 6.994223595 -0.169164881 -0.027548680 0.054332893 0.983703375
1403636715263555584.000000 1.259065986 7.528067589 6.978643417 0.164396629 0.026527571 -0.053202011 -0.984601319
1403636715313555456.000000 1.266248941 7.513639450 6.965043545 0.160451263 0.024193153 -0.053288806 -0.985307276
1403636715363555584.000000 1.272216082 7.499651909 6.953012466 0.157685727 0.022407444 -0.052768458 -0.985823810
1403636715413555456.000000 1.277008533 7.486229420 6.942665100 0.154778674 0.018055208 -0.055320650 -0.986233890
1403636715463555584.000000 1.279958129 7.473366261 6.933613300 0.152679384 0.013953944 -0.057787959 -0.986486137
1403636715513555456.000000 1.280896425 7.460916519 6.925600052 0.149982110 0.009609656 -0.063056991 -0.986629069
1403636715563555584.000000 1.279976606 7.449333668 6.918207645 0.147007987 0.005778570 -0.070414484 -0.986608922
1403636715613555456.000000 1.275527477 7.435913563 6.915553093 -0.145938873 -0.004805626 0.073414385 0.986554205
1403636715663555584.000000 1.272452593 7.427092552 6.908800602 -0.146872044 -0.000731897 0.072245523 0.986513436
1403636715713555456.000000 1.269245028 7.419538021 6.901789665 -0.149451330 0.004822540 0.067149557 0.986474574
1403636715763555584.000000 1.263513446 7.413103580 6.893263817 0.152423054 -0.009378398 -0.061677225 -0.986344397
1403636715813555456.000000 1.259258986 7.407041550 6.884550095 0.155262023 -0.013463765 -0.057067513 -0.986131728
1403636715863555584.000000 1.256718993 7.401230335 6.875121117 0.157192722 -0.017445760 -0.053984866 -0.985936999
1403636715913555456.000000 1.256091356 7.395207405 6.863516808 0.159721434 -0.021016041 -0.049999796 -0.985671103
1403636715963555584.000000 1.256447554 7.388683796 6.850288391 0.161419645 -0.023550350 -0.049040914 -0.985385239
1403636716013555456.000000 1.256709218 7.381516457 6.835237503 0.162579328 -0.024776433 -0.048803505 -0.985176325
1403636716063555584.000000 1.257496595 7.373792648 6.819336414 0.163868636 -0.024223959 -0.049055047 -0.984963953
1403636716113555456.000000 1.249982119 7.363844395 6.808039188 -0.164621294 0.023316104 0.051594038 0.984730601
1403636716163555584.000000 1.251874447 7.355199337 6.788946629 -0.165222615 0.018523227 0.054404113 0.984580457
1403636716213555456.000000 1.254361868 7.346067429 6.768250942 -0.165812358 0.012384375 0.057985637 0.984373212
1403636716263555584.000000 1.255783081 7.336478710 6.746892929 -0.167319432 0.008424782 0.059618123 0.984062493
1403636716313555456.000000 1.259229183 7.327858448 6.722763538 0.168630660 -0.004769382 -0.061099831 -0.983772218
1403636716363555584.000000 1.258988023 7.318990231 6.700558186 0.169971272 -0.002056313 -0.062598549 -0.983456612
1403636716413555456.000000 1.253571749 7.308645248 6.683050632 -0.171565235 0.001542202 0.063282892 0.983136952
1403636716463555584.000000 1.249684453 7.300252438 6.661938667 -0.172902942 0.000281585 0.063487694 0.982890546
1403636716513555456.000000 1.244309664 7.292089462 6.641509056 -0.174264014 0.000495353 0.063792370 0.982630372
1403636716563555584.000000 1.237318039 7.283909798 6.621869087 -0.174828619 0.000704259 0.061622210 0.982668459
1403636716613555456.000000 1.228105664 7.274778843 6.602634907 0.173891068 -0.000707555 -0.059697922 -0.982953548
1403636716663555584.000000 1.218185067 7.265752316 6.583789825 0.171030983 -0.001090546 -0.057988685 -0.983557105
1403636716713555456.000000 1.203079939 7.261948586 6.567994118 -0.166882604 0.001025120 0.056023508 0.984383345
1403636716763555584.000000 1.190468907 7.252467155 6.549806118 -0.161666289 0.001579063 0.054518774 0.985337138
1403636716813555456.000000 1.177096367 7.242768288 6.531486034 -0.154818937 0.001528184 0.052450310 0.986548424
1403636716863555584.000000 1.163871646 7.232767105 6.513114452 -0.146876335 0.001104398 0.050352339 0.987871885
1403636716913555456.000000 1.151566267 7.222205639 6.493340492 0.137481615 -0.000995992 -0.047549743 -0.989361882
1403636716963555584.000000 1.140017033 7.217872143 6.475625992 -0.126860172 -0.000457426 0.043197848 0.990979433
1403636717013555456.000000 1.130986691 7.207459450 6.454849720 -0.116020791 -0.000308733 0.039199077 0.992472947
1403636717063555584.000000 1.123643517 7.197140694 6.433681011 -0.104854256 -0.001341520 0.034716606 0.993880570
1403636717113555456.000000 1.117821097 7.186960697 6.411957741 -0.094189651 -0.001592622 0.030414624 0.995088339
1403636717163555584.000000 1.113518119 7.177423954 6.390632629 0.085483171 0.001936677 -0.025776695 -0.996004224
1403636717213555456.000000 1.109787583 7.170511723 6.370975971 -0.078089908 -0.002507727 0.022156572 0.996696949
1403636717263555584.000000 1.106362462 7.161299706 6.348446369 -0.072706431 -0.003000535 0.016751854 0.997208238
1403636717313555456.000000 1.102868199 7.152234554 6.325569153 -0.069124080 -0.004077367 0.010124309 0.997548342
1403636717363555584.000000 1.099841356 7.143135548 6.302622318 -0.067183390 -0.004126060 0.002172847 0.997729838
1403636717413555456.000000 1.096607566 7.134826660 6.280647278 0.065323673 0.004072483 0.004617477 -0.997845173
1403636717463555584.000000 1.094199657 7.125604630 6.258333683 -0.063809395 -0.003947126 -0.008626176 0.997917056
1403636717513555456.000000 1.087998271 7.114199638 6.236349583 -0.062362105 -0.004313788 -0.009839571 0.997995794
1403636717563555584.000000 1.080375791 7.101524830 6.215099812 -0.060419824 -0.003618780 -0.008209512 0.998132825
1403636717613555456.000000 1.070742607 7.087697983 6.194736481 -0.058402136 -0.003848250 -0.004770039 0.998274386
1403636717663555584.000000 1.058415294 7.073456287 6.174197674 0.057640549 0.002869404 0.003354551 -0.998327672
1403636717713555456.000000 1.049890876 7.056594849 6.155088425 -0.057262853 -0.002051448 -0.001603430 0.998355806
1403636717763555584.000000 1.035671353 7.040235043 6.136012077 -0.057472922 -0.002846828 -0.004771702 0.998331606
1403636717813555456.000000 1.021276593 7.022608280 6.116921425 -0.055801611 -0.003332743 -0.006445855 0.998415589
1403636717863555584.000000 1.008045793 7.003762245 6.097628117 -0.052854132 -0.004079138 -0.009571927 0.998548090
1403636717913555456.000000 0.996755600 6.983029366 6.077280521 0.048326407 0.004586170 0.012843912 -0.998738468
1403636717963555584.000000 0.990801573 6.962919235 6.060017586 -0.043080613 -0.004355341 -0.016520914 0.998925567
1403636718013555456.000000 0.982757449 6.939012051 6.039060116 -0.035750091 -0.004143616 -0.019350762 0.999164879
1403636718063555584.000000 0.976608515 6.913576603 6.017561913 -0.027388247 -0.004399761 -0.021546837 0.999383032
1403636718113555456.000000 0.971886754 6.886501789 5.995666504 -0.016718542 -0.003896834 -0.021097885 0.999630034
1403636718163555584.000000 0.968402267 6.858054161 5.975850582 0.005878296 0.004524934 0.020511994 -0.999762058
1403636718213555456.000000 0.963092923 6.832222939 5.956808567 0.003956949 -0.004596123 -0.019953264 0.999782562
1403636718263555584.000000 0.955661654 6.803332329 5.936147213 0.012492841 -0.005226938 -0.019572353 0.999716759
1403636718313555456.000000 0.946138680 6.774326324 5.916053295 0.020391727 -0.005979592 -0.018641520 0.999600351
1403636718363555584.000000 0.935004056 6.744750500 5.896450043 0.028309798 -0.006232415 -0.019121762 0.999396861
1403636718413555456.000000 0.922526240 6.715134621 5.877520084 -0.036736146 0.007493960 0.019384477 -0.999108911
1403636718463555584.000000 0.906674802 6.686850548 5.861265659 0.045628674 -0.007702679 -0.018669281 0.998754323
1403636718513555456.000000 0.891798377 6.656683445 5.843542099 0.054380570 -0.007607772 -0.019576725 0.998299420
1403636718563555584.000000 0.875939786 6.626777172 5.826462269 0.062492047 -0.007905429 -0.018581057 0.997841179
1403636718613555456.000000 0.859780788 6.597195148 5.811051846 -0.070049822 0.008764061 0.017320678 -0.997354686
1403636718663555584.000000 0.842821062 6.568331242 5.795691967 -0.077457696 0.009691446 0.013789529 -0.996853173
1403636718713555456.000000 0.824965477 6.540578842 5.781259060 -0.083750561 0.011200151 0.011620925 -0.996356070
1403636718763555584.000000 0.802629888 6.515728474 5.768751621 0.088595986 -0.010898636 -0.011620605 0.995940208
1403636718813555456.000000 0.784060657 6.490983009 5.755704403 0.091069348 -0.011147169 -0.015779754 0.995657206
1403636718863555584.000000 0.766398609 6.467425346 5.743236065 0.092019305 -0.010829120 -0.022342632 0.995447636
1403636718913555456.000000 0.749924541 6.444922447 5.730613708 -0.092663810 0.009777323 0.028046094 -0.995254397
1403636718963555584.000000 0.731459975 6.421294212 5.716633797 0.092781052 -0.008227928 -0.033338781 0.995094240
1403636719013555456.000000 0.719622195 6.399548054 5.703411579 0.093027569 -0.007280451 -0.037090790 0.994945824
1403636719063555584.000000 0.709781408 6.377997875 5.689251423 0.093496338 -0.005197999 -0.038986765 0.994842470
1403636719113555456.000000 0.702030778 6.356749058 5.675625324 -0.093634970 0.002527625 0.040622227 -0.994774401
1403636719163555584.000000 0.691982746 6.332702160 5.658411503 0.094009005 0.000947685 -0.040459637 0.994748473
1403636719213555456.000000 0.687644899 6.310974598 5.643143654 0.094161019 0.004246402 -0.039735381 0.994754672
1403636719263555584.000000 0.682434440 6.289460659 5.627731323 0.094008639 0.007467135 -0.039036602 0.994777739
1403636719313555456.000000 0.675380945 6.267543793 5.611086845 -0.094461598 -0.009813809 0.036034126 -0.994827807
1403636719363555584.000000 0.663724363 6.244563103 5.594257832 0.094099037 0.012325737 -0.035081536 0.994868279
1403636719413555456.000000 0.653081715 6.223549366 5.578146935 0.093918949 0.013612673 -0.033669326 0.994917274
1403636719463555584.000000 0.640484154 6.203084946 5.561927795 0.093615949 0.014273623 -0.032036830 0.994990468
1403636719513555456.000000 0.625841379 6.182974815 5.545108795 -0.093049884 -0.014339122 0.030702671 -0.995084703
1403636719563555584.000000 0.609832883 6.163595200 5.528390884 -0.092144586 -0.011377146 0.030155864 -0.995223939
1403636719613555456.000000 0.589821458 6.142114162 5.509493351 0.091820166 0.008755047 -0.028082192 0.995341063
1403636719663555584.000000 0.575757325 6.123654842 5.491206169 0.090322964 0.005101792 -0.028259659 0.995498478
1403636719713555456.000000 0.563471317 6.105597496 5.471621990 0.088899747 0.001474774 -0.027603598 0.995656967
1403636719763555584.000000 0.552588642 6.087721825 5.451158047 -0.087307423 0.000953236 0.026908595 -0.995817542
1403636719813555456.000000 0.543165743 6.068923950 5.429086208 0.085773088 -0.003152843 -0.026030686 0.995969653
1403636719863555584.000000 0.536840379 6.052258015 5.407268047 0.084390365 -0.003777205 -0.025088355 0.996109724
1403636719913555456.000000 0.531456113 6.036087990 5.384872913 0.083116733 -0.004474847 -0.024073211 0.996239007
1403636719963555584.000000 0.525218666 6.019788265 5.362257957 -0.082026899 0.006196049 0.023317775 -0.996338069
1403636720013555456.000000 0.518871784 6.004235268 5.340077400 0.080481060 -0.006474234 -0.023574753 0.996456265
1403636720063555584.000000 0.511017799 5.989177704 5.319388866 0.080120653 -0.007132208 -0.022970971 0.996494949
1403636720113555456.000000 0.501908720 5.974496365 5.299681664 0.079362541 -0.007518104 -0.023270294 0.996545851
1403636720163555584.000000 0.490408689 5.959731579 5.280850410 -0.078874782 0.008650385 0.023286043 -0.996575058
1403636720213555456.000000 0.478219479 5.945738316 5.262876034 -0.079126999 0.008823426 0.022475591 -0.996572137
1403636720263555584.000000 0.467245013 5.933354855 5.242074013 0.079286925 -0.008695953 -0.022173338 0.996567309
1403636720313555456.000000 0.453477621 5.919954777 5.225591660 0.079636566 -0.008599626 -0.021420386 0.996556759
1403636720363555584.000000 0.438927531 5.907042503 5.209665298 0.079906568 -0.008554365 -0.021778626 0.996527731
1403636720413555456.000000 0.423601389 5.894653797 5.194269657 0.080623232 -0.008584303 -0.021558724 0.996474564
1403636720463555584.000000 0.409007728 5.882454872 5.178783417 -0.081477158 0.009197696 0.021020412 -0.996411085
1403636720513555456.000000 0.396882743 5.872607708 5.163912773 0.082166895 -0.009663982 -0.020704916 0.996356606
1403636720563555584.000000 0.384846538 5.861773014 5.148047447 0.083221637 -0.009708894 -0.020141814 0.996280193
1403636720613555456.000000 0.374542356 5.851582527 5.132003307 0.083324276 -0.010335676 -0.021558274 0.996235669
1403636720663555584.000000 0.366318524 5.841937065 5.115747929 0.084502071 -0.010353729 -0.020972572 0.996148765
1403636720713555456.000000 0.359965265 5.831907749 5.098175526 -0.084301583 0.008951329 0.021125475 -0.996176124
1403636720763555584.000000 0.357286811 5.824428558 5.084137440 0.083182111 -0.009246222 -0.019871969 0.996293366
1403636720813555456.000000 0.353904933 5.816689014 5.067259312 0.079869129 -0.009487371 -0.019139674 0.996576428
1403636720863555584.000000 0.350594759 5.809751987 5.051108360 0.074914932 -0.009603947 -0.018998040 0.996962726
1403636720913555456.000000 0.346287489 5.803511143 5.035519600 0.068921685 -0.009576063 -0.017126562 0.997429132
1403636720963555584.000000 0.341587633 5.798411369 5.021493912 -0.062660262 0.008511066 0.014829569 -0.997888446
1403636721013555456.000000 0.335356712 5.794690609 5.010251522 0.057122618 -0.007056144 -0.011263039 0.998278737
1403636721063555584.000000 0.327153802 5.789933681 4.997321129 0.050806180 -0.005109860 -0.008005559 0.998663366
1403636721113555456.000000 0.317586720 5.785792828 4.984999180 0.043772619 -0.004034429 -0.004589518 0.999022841
1403636721163555584.000000 0.307500184 5.782555103 4.973031044 0.035092965 -0.001662278 -0.002064134 0.999380589
1403636721213555456.000000 0.296565682 5.779066563 4.960373878 -0.027154982 0.000466642 -0.001221905 -0.999630392
1403636721263555584.000000 0.287875831 5.776615620 4.947219849 -0.019944919 -0.002463492 -0.004598691 -0.999787450
1403636721313555456.000000 0.280887425 5.774692059 4.933889866 -0.013289060 -0.002650742 -0.006671106 -0.999885976
1403636721363555584.000000 0.279161274 5.775619507 4.923920155 0.007178609 0.002833060 0.008207004 0.999936521
1403636721413555456.000000 0.275801033 5.774868011 4.908101559 0.001819373 0.003794920 0.008936757 0.999951243
1403636721463555584.000000 0.273340344 5.774126053 4.891550064 -0.002605645 0.003528351 0.010245115 0.999937952
1403636721513555456.000000 0.271049410 5.773675919 4.874563694 -0.008085897 0.002787058 0.010562914 0.999907672
1403636721563555584.000000 0.267846644 5.774906635 4.858449936 0.013654179 -0.001831229 -0.011653430 -0.999837279
1403636721613555456.000000 0.262479007 5.776180744 4.842493057 -0.019695565 0.000994949 0.012047778 0.999732971
1403636721663555584.000000 0.256251246 5.776763439 4.826331139 -0.024653284 -0.000265540 0.012534726 0.999617517
1403636721713555456.000000 0.248886764 5.777309418 4.810307980 -0.028644165 0.000521007 0.012451636 0.999512017
1403636721763555584.000000 0.239933461 5.777899742 4.794678688 -0.032298978 -0.000092139 0.011383846 0.999413490
1403636721813555456.000000 0.229745254 5.777418613 4.779844284 0.034336049 -0.000102445 -0.011775919 -0.999341011
1403636721863555584.000000 0.221646041 5.779285431 4.766201496 -0.035365246 0.000707593 0.012664401 0.999294043
1403636721913555456.000000 0.209254473 5.779120445 4.751775265 -0.036234632 0.000900929 0.012575361 0.999263823
1403636721963555584.000000 0.196518794 5.779013634 4.737538338 -0.037319545 0.001037842 0.009763731 0.999255180
1403636722013555456.000000 0.184970975 5.778693199 4.723047733 -0.038457956 0.001003263 0.006323253 0.999239683
1403636722063555584.000000 0.174464121 5.778135300 4.708213329 0.039058071 -0.000660776 -0.003107826 -0.999231935
1403636722113555456.000000 0.171188772 5.777790546 4.693004131 -0.038330991 0.000277757 0.002197287 0.999262691
1403636722163555584.000000 0.164352894 5.775948048 4.676510811 -0.037121441 -0.000041360 0.003452987 0.999304831
1403636722213555456.000000 0.159449726 5.773690224 4.659427643 -0.035836890 -0.000192467 0.004451218 0.999347746
1403636722263555584.000000 0.155664921 5.771032810 4.641849041 -0.034450039 -0.000718445 0.005788623 0.999389470
1403636722313555456.000000 0.151351899 5.767663002 4.623781681 0.032755055 0.000524282 -0.007256223 -0.999436975
1403636722363555584.000000 0.146194279 5.764495373 4.606377125 0.032346990 0.000888772 -0.007905285 -0.999445081
1403636722413555456.000000 0.143883839 5.764660358 4.591133595 -0.033270109 -0.001098713 0.008193547 0.999412239
1403636722463555584.000000 0.136601269 5.761871338 4.574376583 -0.035614066 -0.000408993 0.008748815 0.999327302
1403636722513555456.000000 0.128269956 5.759018421 4.557956696 -0.037838958 -0.000060809 0.010090016 0.999232948
1403636722563555584.000000 0.119289316 5.756116390 4.541802883 -0.040102426 -0.000156403 0.010770772 0.999137580
1403636722613555456.000000 0.109537803 5.753273964 4.525561333 0.042298503 0.000679475 -0.009907057 -0.999055684
1403636722663555584.000000 0.104750328 5.749602795 4.511110306 -0.044176649 -0.001184673 0.009883625 0.998974144
1403636722713555456.000000 0.094217159 5.746078491 4.495536804 -0.045800034 -0.000728535 0.009517401 0.998905063
1403636722763555584.000000 0.083428428 5.742206573 4.480182648 -0.047448725 -0.001206318 0.008578789 0.998836160
1403636722813555456.000000 0.073710062 5.737988949 4.464528561 -0.048442546 -0.001985278 0.007939861 0.998792470
1403636722863555584.000000 0.066435225 5.733010769 4.447709084 0.049459483 0.002076340 -0.007124349 -0.998748660
1403636722913555456.000000 0.065281928 5.725157738 4.433457375 -0.049671430 -0.002252780 0.008425727 0.998727560
1403636722963555584.000000 0.060070135 5.719242573 4.415588379 -0.049293671 -0.002651339 0.009614573 0.998734534
1403636723013555456.000000 0.055693544 5.712910652 4.396479130 -0.048490647 -0.001986735 0.011458402 0.998755991
1403636723063555584.000000 0.053293869 5.706429005 4.377944946 -0.047621876 -0.000920660 0.013679422 0.998771429
1403636723113555456.000000 0.049932372 5.699684620 4.360536575 0.047262385 0.000793563 -0.014647081 -0.998774827
1403636723163555584.000000 0.056592114 5.693511963 4.341064930 -0.047339693 -0.000715107 0.014924771 0.998767138
1403636723213555456.000000 0.052098662 5.686981678 4.323457241 -0.047388513 -0.000666892 0.015449265 0.998756886
1403636723263555584.000000 0.046951182 5.680560589 4.306197643 -0.048011873 -0.001297603 0.014254982 0.998744249
1403636723313555456.000000 0.041216150 5.674115181 4.289391994 -0.049252249 -0.000920430 0.012027002 0.998713553
1403636723363555584.000000 0.033140887 5.667821884 4.273113728 0.051253986 0.001445337 -0.011696149 -0.998616159
1403636723413555456.000000 0.035754628 5.661370277 4.257535458 -0.055541147 -0.000812963 0.010609603 0.998399734
1403636723463555584.000000 0.028083624 5.655096531 4.241619110 -0.061007541 0.001428105 0.009265602 0.998093367
1403636723513555456.000000 0.021250283 5.648447037 4.225783348 -0.066642597 0.005769808 0.010886104 0.997700810
1403636723563555584.000000 0.016084304 5.641250134 4.210422039 -0.071309820 0.012506169 0.014608528 0.997268856
1403636723613555456.000000 0.011560086 5.633565426 4.194978237 0.075603746 -0.018364053 -0.018038329 -0.996805668
1403636723663555584.000000 0.008449517 5.625581741 4.177821636 0.079694517 -0.019697372 -0.020797191 -0.996407747
1403636723713555456.000000 0.006246962 5.616984367 4.159969807 0.083441637 -0.016192304 -0.022454459 -0.996128023
1403636723763555584.000000 0.008246034 5.608721256 4.134941578 -0.087172344 0.011450009 0.024703456 0.995821118
1403636723813555456.000000 0.006111506 5.599075794 4.115252495 -0.089657299 0.006875122 0.027777523 0.995561540
1403636723863555584.000000 0.003400307 5.589298725 4.095395565 -0.092027701 0.003482980 0.029979266 0.995298982
1403636723913555456.000000 -0.000532228 5.579585075 4.075798512 -0.094012000 0.000099796 0.032177866 0.995050907
1403636723963555584.000000 -0.006173860 5.568780422 4.056430817 0.095841885 0.004388577 -0.034480229 -0.994789541
1403636724013555456.000000 -0.012819905 5.559025764 4.038053036 0.098900184 0.008562536 -0.035776973 -0.994417191
1403636724063555584.000000 -0.022557326 5.552137375 4.018251419 -0.103138290 -0.012020893 0.037830830 0.993874669
1403636724113555456.000000 -0.031332262 5.543529034 4.001254082 -0.108813360 -0.015723620 0.039832819 0.993139386
1403636724163555584.000000 -0.040315632 5.535374165 3.984810352 -0.115795240 -0.015885882 0.041157134 0.992292941
1403636724213555456.000000 -0.050522655 5.527621269 3.969386101 -0.122995518 -0.017014427 0.044643719 0.991256595
1403636724263555584.000000 -0.059618663 5.520241737 3.955073118 0.131527454 0.016922595 -0.047289360 -0.990039349
1403636724313555456.000000 -0.069593720 5.513227463 3.941628456 0.140881851 0.015768332 -0.049150255 -0.988679886
1403636724363555584.000000 -0.084791347 5.508183479 3.927388191 -0.150227249 -0.013555760 0.051640820 0.987208843
1403636724413555456.000000 -0.093193047 5.501140594 3.914044380 -0.159757301 -0.010524634 0.053748373 0.985635877
1403636724463555584.000000 -0.100157425 5.493802071 3.900535583 -0.167575866 -0.008470381 0.056230556 0.984217882
1403636724513555456.000000 -0.105266355 5.486316204 3.886754274 -0.174785420 -0.005740617 0.056882706 0.982945323
1403636724563555584.000000 -0.109413981 5.477914333 3.871787548 0.180335194 0.003211098 -0.058106732 -0.981882215
1403636724613555456.000000 -0.111727282 5.469787121 3.857622385 0.185235396 0.002771137 -0.059256051 -0.980902076
1403636724663555584.000000 -0.111377433 5.461268425 3.842997551 0.188892677 0.002037522 -0.060099002 -0.980154932
1403636724713555456.000000 -0.109300926 5.452317238 3.828048468 0.191631153 0.002069377 -0.061291859 -0.979549170
1403636724763555584.000000 -0.105192408 5.443036079 3.812823296 0.193662122 0.002617174 -0.062304273 -0.979084492
1403636724813555456.000000 -0.099109098 5.433247566 3.797081232 0.194822147 0.003510002 -0.063058600 -0.978803217
1403636724863555584.000000 -0.103580631 5.425127983 3.783279896 -0.194942653 -0.003182533 0.064192474 0.978706658
1403636724913555456.000000 -0.094386183 5.414845467 3.766983509 -0.194196925 -0.003717988 0.066159442 0.978721976
1403636724963555584.000000 -0.083473198 5.404631615 3.750484705 -0.192917928 -0.004157286 0.068561196 0.978807867
1403636725013555456.000000 -0.070833080 5.394383430 3.733669996 -0.191136807 -0.003905254 0.071182720 0.978971183
1403636725063555584.000000 -0.053968728 5.383641720 3.716255665 0.189533278 0.003029807 -0.073109001 -0.979144037
1403636725113555456.000000 -0.037390999 5.373866558 3.698529482 0.188120186 0.003203004 -0.074704692 -0.979295611
1403636725163555584.000000 -0.019972250 5.364789963 3.681023836 0.186805233 0.003972170 -0.076362371 -0.979416549
1403636725213555456.000000 -0.002872065 5.356451511 3.663609982 0.186547831 0.004011744 -0.075499192 -0.979532421
1403636725263555584.000000 0.013092577 5.348447323 3.646694660 0.185686648 0.004440448 -0.075711221 -0.979677856
1403636725313555456.000000 0.027681962 5.341297626 3.630163193 0.186317697 0.005388032 -0.073605090 -0.979713798
1403636725363555584.000000 0.039085805 5.334930897 3.612241507 -0.186175272 -0.005375640 0.072332546 0.979835689
1403636725413555456.000000 0.050752938 5.328949928 3.596973658 -0.186713189 -0.005362987 0.070424877 0.979872286
1403636725463555584.000000 0.060684562 5.323244095 3.582585096 -0.186990067 -0.005458705 0.069644071 0.979874790
1403636725513555456.000000 0.069408834 5.318001270 3.568755150 -0.187497869 -0.005832040 0.068091549 0.979884803
1403636725563555584.000000 0.077800050 5.312352657 3.554997921 0.188019499 0.006715483 -0.067402482 -0.979826748
1403636725613555456.000000 0.083975539 5.307430744 3.542290688 0.188658610 0.006789567 -0.066002704 -0.979798734
1403636725663555584.000000 0.089005128 5.302592754 3.530560970 0.188919917 0.005109290 -0.065674677 -0.979780614
1403636725713555456.000000 0.092546552 5.297853947 3.519718647 0.188987002 0.004698934 -0.066191182 -0.979735017
1403636725763555584.000000 0.094805747 5.292982101 3.509710312 0.188884988 0.005122798 -0.066177942 -0.979753435
1403636725813555456.000000 0.095922008 5.288251400 3.500374794 0.188815922 0.004748455 -0.065873034 -0.979789197
1403636725863555584.000000 0.091315076 5.277368069 3.482510090 -0.188227132 -0.006128256 0.066601701 0.979845583
1403636725913555456.000000 0.090269506 5.272826195 3.474905968 -0.187182873 -0.005630971 0.068451181 0.979921103
1403636725963555584.000000 0.088348806 5.268350124 3.468032122 -0.186465725 -0.006071892 0.069019295 0.980015337
1403636726013555456.000000 0.085553735 5.264010429 3.461661339 -0.185821936 -0.005008359 0.069504417 0.980109334
1403636726063555584.000000 0.082510382 5.261804581 3.456063271 0.185534552 0.004828267 -0.068413951 -0.980241418
1403636726113555456.000000 0.078203902 5.258624554 3.451107740 0.185516223 0.004664116 -0.067120239 -0.980335116
1403636726163555584.000000 0.073158041 5.255553722 3.446754694 0.185350835 0.002938578 -0.065845408 -0.980459511
1403636726213555456.000000 0.066839084 5.252511024 3.443091154 0.184876993 0.002237942 -0.065320611 -0.980585992
1403636726263555584.000000 0.060155198 5.249332428 3.439607859 0.184607729 0.002224483 -0.064129189 -0.980715394
1403636726313555456.000000 0.054291442 5.245824337 3.435752392 0.183826193 0.001832664 -0.063891344 -0.980878472
1403636726363555584.000000 0.052884944 5.238151073 3.426672220 -0.183690563 -0.001428910 0.062700003 0.980981410
1403636726413555456.000000 0.051308200 5.234515190 3.422806263 -0.182893515 -0.000960986 0.062240750 0.981160164
1403636726463555584.000000 0.051765457 5.230887890 3.418571472 -0.181909412 -0.000054366 0.062499825 0.981327057
1403636726513555456.000000 0.053503476 5.226900578 3.414125919 -0.180479825 0.000872922 0.064615875 0.981453538
1403636726563555584.000000 0.060952023 5.225277424 3.410641432 0.177346721 -0.003270678 -0.070743300 -0.981597126
1403636726613555456.000000 0.066936940 5.222380161 3.405924082 0.173757017 -0.005585249 -0.078780368 -0.981616497
1403636726663555584.000000 0.074257731 5.220489502 3.400753736 0.170706779 -0.009213274 -0.085459039 -0.981565714
1403636726713555456.000000 0.082403526 5.219789505 3.394063473 0.170121878 -0.009315412 -0.086245865 -0.981597364
1403636726763555584.000000 0.092355683 5.220501423 3.385967731 0.171263427 -0.009558019 -0.082619928 -0.981708467
1403636726813555456.000000 0.088481024 5.207576275 3.338780403 -0.172640413 0.009104921 0.076917611 0.981934905
1403636726863555584.000000 0.099341810 5.207927227 3.326651812 -0.172834024 0.008416403 0.070554942 0.982384682
1403636726913555456.000000 0.111860394 5.209394455 3.314493656 -0.172391936 0.007440664 0.065577388 0.982815027
1403636726963555584.000000 0.125247926 5.210357666 3.300886631 -0.171446025 0.006762697 0.061979037 0.983218789
1403636727013555456.000000 0.143635094 5.215278625 3.287347078 0.170303941 -0.006976241 -0.060128957 -0.983530581
1403636727063555584.000000 0.159100980 5.217342854 3.273100376 0.169909775 -0.006785841 -0.057484455 -0.983758152
1403636727113555456.000000 0.173366487 5.219166756 3.258841515 0.169388726 -0.005845615 -0.055137057 -0.983988464
1403636727163555584.000000 0.185941815 5.220638275 3.244342804 0.169480026 -0.004439677 -0.052123707 -0.984144270
1403636727213555456.000000 0.196655110 5.221294403 3.230144024 0.169701293 -0.003285680 -0.049311090 -0.984255672
1403636727263555584.000000 0.205686644 5.221039295 3.216250658 0.170058459 -0.002197835 -0.046611078 -0.984328628
1403636727313555456.000000 0.211638719 5.208507538 3.170155525 -0.170932606 0.001311119 0.043695744 0.984312475
1403636727363555584.000000 0.217647165 5.206233501 3.156257391 -0.170978695 -0.000608321 0.042914312 0.984339535
1403636727413555456.000000 0.223070458 5.202858448 3.142244816 -0.171168417 -0.000983606 0.041876286 0.984350979
1403636727463555584.000000 0.227661103 5.198704243 3.127864599 -0.171547592 -0.001027701 0.040772770 0.984331250
1403636727513555456.000000 0.235423923 5.194842339 3.113737583 0.170824543 -0.000803312 -0.042455006 -0.984386086
1403636727563555584.000000 0.241847128 5.189105034 3.099447727 0.169609830 -0.002801175 -0.045813087 -0.984441876
1403636727613555456.000000 0.249332547 5.182607651 3.084252357 0.169313088 -0.004484685 -0.046764839 -0.984441996
1403636727663555584.000000 0.257570148 5.175314903 3.068529129 0.168538690 -0.005082672 -0.048874445 -0.984469473
1403636727713555456.000000 0.267807961 5.167805195 3.052387953 0.168779612 -0.003440213 -0.048770338 -0.984440506
1403636727763555584.000000 0.280027539 5.159803867 3.035706997 0.169152781 -0.002630973 -0.047820143 -0.984425545
1403636727813555456.000000 0.296129644 5.149133682 3.008079529 -0.169388041 0.001795922 0.046381563 0.984455824
1403636727863555584.000000 0.311255872 5.139418125 2.989373207 -0.171436891 0.000071557 0.041672595 0.984313369
1403636727913555456.000000 0.326018929 5.128338337 2.969673395 -0.173234031 -0.000614513 0.037164412 0.984179080
1403636727963555584.000000 0.339597911 5.116672516 2.950235367 -0.173705295 -0.000839967 0.036027282 0.984138131
1403636728013555456.000000 0.353003651 5.106633663 2.932778835 0.173375919 0.001057972 -0.037393261 -0.984145105
1403636728063555584.000000 0.363924652 5.093582630 2.915198326 0.172837704 0.000985959 -0.039207477 -0.984169185
1403636728113555456.000000 0.373529673 5.079612255 2.897994280 0.171694487 -0.001151558 -0.042482935 -0.984233141
1403636728163555584.000000 0.384752661 5.066308975 2.883974552 -0.171630502 0.002332602 0.044246662 0.984164536
1403636728213555456.000000 0.391673625 5.051116943 2.867315054 -0.170989588 0.003731912 0.045995362 0.984191597
1403636728263555584.000000 0.397153914 5.035498619 2.851036310 -0.170728981 0.004548968 0.047116894 0.984180331
1403636728313555456.000000 0.401116073 5.019365311 2.834927082 -0.170332581 0.004582328 0.048703201 0.984171689
1403636728363555584.000000 0.403714120 5.003550053 2.818750620 0.170695201 -0.004166311 -0.048467167 -0.984122336
1403636728413555456.000000 0.404620767 4.986413956 2.803184986 0.169122413 -0.004288141 -0.052507047 -0.984186053
1403636728463555584.000000 0.404175282 4.969211102 2.787962437 0.167109683 -0.005790071 -0.058632050 -0.984176397
1403636728513555456.000000 0.401833713 4.951725483 2.786490440 -0.164830685 0.006524316 0.065871947 0.984098196
1403636728563555584.000000 0.398580372 4.935086250 2.770976305 -0.162896007 0.006557117 0.069302112 0.984184504
1403636728613555456.000000 0.394669712 4.919036388 2.755338192 -0.160520032 0.007343349 0.070861682 0.984458327
1403636728663555584.000000 0.390493304 4.903748989 2.739306450 -0.158727750 0.006001246 0.066251218 0.985078871
1403636728713555456.000000 0.387200117 4.888188839 2.721547127 0.155958071 -0.005484596 -0.059711415 -0.985941947
1403636728763555584.000000 0.385792643 4.873250484 2.703588486 0.151293024 -0.004518422 -0.053298146 -0.987040699
1403636728813555456.000000 0.386667579 4.858000755 2.672375441 0.145496398 -0.003465398 -0.046464495 -0.988261104
1403636728863555584.000000 0.388500601 4.842739582 2.652570248 0.139394924 -0.003086784 -0.041303527 -0.989370286
1403636728913555456.000000 0.390387237 4.827813148 2.644677162 0.133622959 -0.003985626 -0.036404394 -0.990355372
1403636728963555584.000000 0.393031836 4.812135220 2.611977577 0.128134802 -0.004845648 -0.033541460 -0.991177619
1403636729013555456.000000 0.387556493 4.794004917 2.631880522 -0.123592265 0.006113516 0.030762807 0.991837382
1403636729063555584.000000 0.387372255 4.777889729 2.612179518 -0.119408540 0.007610353 0.027970785 0.992421985
1403636729113555456.000000 0.385474294 4.761593342 2.593218327 -0.115395166 0.008557220 0.026458325 0.992930412
1403636729163555584.000000 0.382237166 4.745592117 2.574788570 -0.112508863 0.008240889 0.024893152 0.993304729
1403636729213555456.000000 0.375624061 4.726781845 2.552990675 0.110051200 -0.006292447 -0.024702363 -0.993599057
1403636729263555584.000000 0.369356692 4.708843231 2.533419371 0.107152209 -0.005497701 -0.026187928 -0.993882477
1403636729313555456.000000 0.362076849 4.690726280 2.513660192 0.105730511 -0.005170450 -0.025678078 -0.994049847
1403636729363555584.000000 0.353867710 4.674222469 2.514858723 -0.104396656 0.005244234 0.026191583 0.994176984
1403636729413555456.000000 0.346233577 4.655698776 2.494610310 -0.103761621 0.005982785 0.025558576 0.994255781
1403636729463555584.000000 0.339498162 4.636710167 2.473165035 -0.103206694 0.006169661 0.025332773 0.994318187
1403636729513555456.000000 0.333965361 4.617571831 2.450731516 -0.102574863 0.006168980 0.025501957 0.994379222
1403636729563555584.000000 0.329579353 4.596462250 2.428835392 0.102158524 -0.005711015 -0.025955148 -0.994413078
1403636729613555456.000000 0.327457100 4.576478004 2.405219793 0.101899736 -0.004799854 -0.026075449 -0.994441330
1403636729663555584.000000 0.326524973 4.556372166 2.380315542 0.101759560 -0.004219466 -0.026443912 -0.994448602
1403636729713555456.000000 0.326272607 4.539834499 2.372947931 -0.101303034 0.004760418 0.027717510 0.994458079
1403636729763555584.000000 0.326127827 4.519672394 2.347964048 -0.101724602 0.002764156 0.027500749 0.994428575
1403636729813555456.000000 0.325256586 4.499592304 2.323080301 -0.101908974 0.000681525 0.028357472 0.994389296
1403636729863555584.000000 0.322960496 4.479684830 2.298608541 -0.102297850 -0.002117102 0.028198395 0.994351864
1403636729913555456.000000 0.318276644 4.459356308 2.274808168 0.101949662 0.003636353 -0.030442759 -0.994317055
1403636729963555584.000000 0.313159287 4.439067841 2.251058102 0.102304123 0.005481597 -0.029617319 -0.994297087
1403636730013555456.000000 0.310008675 4.420516014 2.241422415 -0.102181517 -0.006852958 0.030782351 0.994265795
1403636730063555584.000000 0.303320795 4.399832726 2.219052553 -0.101818658 -0.007672895 0.030956063 0.994291663
1403636730113555456.000000 0.295879096 4.379065514 2.197436571 -0.101245783 -0.008276967 0.030968711 0.994344950
1403636730163555584.000000 0.287562221 4.358433723 2.176518440 -0.100812949 -0.007953057 0.032005649 0.994358659
1403636730213555456.000000 0.278626651 4.336487293 2.157866716 0.101097777 0.009273336 -0.031225037 -0.994343102
1403636730263555584.000000 0.268346965 4.319433212 2.146099567 -0.100832961 -0.009326008 0.030970793 0.994377494
1403636730313555456.000000 0.257679850 4.298870564 2.127163887 -0.099957369 -0.008564086 0.032790158 0.994414449
1403636730363555584.000000 0.246021196 4.278602123 2.108760595 -0.099495992 -0.009035620 0.032885674 0.994453371
1403636730413555456.000000 0.233980656 4.258719921 2.090913773 -0.099436499 -0.010362715 0.032236848 0.994467676
1403636730463555584.000000 0.222978085 4.239303589 2.076665878 0.098861054 0.013926035 -0.032956872 -0.994457901
1403636730513555456.000000 0.211477190 4.222480774 2.061851740 -0.099009812 -0.017869936 0.032093074 0.994408250
1403636730563555584.000000 0.205005020 4.203212261 2.045192242 -0.098393917 -0.021927981 0.033327002 0.994347632
1403636730613555456.000000 0.201234877 4.184439659 2.029893637 -0.097918101 -0.024749752 0.034101475 0.994302094
1403636730663555584.000000 0.200253502 4.166347027 2.015777111 -0.097686067 -0.026238896 0.034785304 0.994263053
1403636730713555456.000000 0.203977108 4.148508549 2.003704786 0.097223759 0.027222600 -0.034985621 -0.994274855
1403636730763555584.000000 0.210823774 4.133463860 1.991942644 -0.097600281 -0.028896848 0.034528367 0.994206727
1403636730813555456.000000 0.218628630 4.116114140 1.980066419 -0.097357437 -0.029374210 0.034176927 0.994228661
1403636730863555584.000000 0.227425173 4.099083900 1.968731403 -0.096751951 -0.029950393 0.036366794 0.994192898
1403636730913555456.000000 0.236226767 4.082497120 1.958454132 -0.095741473 -0.030360628 0.040089503 0.994135141
1403636730963555584.000000 0.244638935 4.066534519 1.949700832 0.094147034 0.028374614 -0.044984691 -0.994136631
1403636731013555456.000000 0.244520515 4.052096367 1.938365221 -0.092835292 -0.026552500 0.050199576 0.994060695
1403636731063555584.000000 0.251402974 4.037543297 1.932277441 -0.091007456 -0.020442732 0.056434661 0.994039714
1403636731113555456.000000 0.257584572 4.024512291 1.927093863 -0.090467192 -0.013565550 0.059789348 0.994010568
1403636731163555584.000000 0.262284875 4.012876987 1.922656894 -0.090324931 -0.008192629 0.061391447 0.993984640
1403636731213555456.000000 0.265032917 4.003058434 1.919729710 0.091441140 0.004207673 -0.059333947 -0.994032383
1403636731263555584.000000 0.260951996 3.995151997 1.912120819 -0.093272902 -0.000951910 0.055058826 0.994116604
1403636731313555456.000000 0.261941403 3.987920523 1.908724546 -0.095753051 0.000307444 0.049864292 0.994155347
1403636731363555584.000000 0.261691332 3.981429338 1.905628562 -0.097619809 0.000396461 0.045876984 0.994165778
1403636731413555456.000000 0.259827793 3.975530863 1.902599454 -0.099676281 -0.001213265 0.041009538 0.994173706
1403636731463555584.000000 0.256102681 3.970704079 1.899432540 0.100191772 0.000522799 -0.039408654 -0.994187236
1403636731513555456.000000 0.251659423 3.965454102 1.896754146 0.099849954 0.001346252 -0.040669624 -0.994170189
1403636731563555584.000000 0.246192932 3.960357428 1.894275069 0.098163761 0.001503467 -0.044788428 -0.994160831
1403636731613555456.000000 0.240233839 3.955828190 1.891749978 0.097235568 0.000974373 -0.047754526 -0.994114578
1403636731663555584.000000 0.233152196 3.952028275 1.889202952 0.096264414 0.000908799 -0.050253522 -0.994086027
1403636731713555456.000000 0.225218922 3.949333668 1.886828184 0.096658029 0.000806199 -0.049752895 -0.994073093
1403636731763555584.000000 0.215598509 3.946229696 1.872998834 -0.097687989 -0.001593740 0.046868432 0.994111657
1403636731813555456.000000 0.205446944 3.944851160 1.870104909 -0.098350808 -0.001737889 0.044926569 0.994135678
1403636731863555584.000000 0.194442600 3.943781376 1.867221832 -0.099047564 -0.002219663 0.042444777 0.994174659
1403636731913555456.000000 0.182517871 3.942923784 1.864035726 -0.099142738 -0.002069639 0.040624425 0.994241476
1403636731963555584.000000 0.170790434 3.943454981 1.862644911 0.098990358 0.001214835 -0.040151678 -0.994277298
1403636732013555456.000000 0.157454327 3.943367720 1.860576391 0.098894916 0.001056009 -0.039444104 -0.994315326
1403636732063555584.000000 0.143304333 3.943550110 1.858582020 0.098941550 -0.000376807 -0.038322896 -0.994355023
1403636732113555456.000000 0.127650574 3.943937302 1.856740236 0.098596953 -0.000528295 -0.038837951 -0.994369209
1403636732163555584.000000 0.111201793 3.944379091 1.854937911 0.098504283 -0.000575723 -0.037704021 -0.994421959
1403636732213555456.000000 0.095384419 3.944913149 1.852447629 0.098464273 -0.002118640 -0.036979534 -0.994451046
1403636732263555584.000000 0.085173473 3.948134422 1.852192760 -0.098660916 0.002854667 0.034941614 0.994503379
1403636732313555456.000000 0.071454704 3.948499918 1.847221375 -0.097889587 0.003880102 0.035817977 0.994544983
1403636732363555584.000000 0.059042491 3.948823929 1.840869069 -0.098673642 0.003096465 0.033262614 0.994558930
1403636732413555456.000000 0.049686097 3.948861122 1.832994938 -0.100264587 0.004267846 0.028762979 0.994535863
1403636732463555584.000000 0.042721637 3.949038267 1.823704362 -0.102705471 0.006009295 0.021431813 0.994462788
1403636732513555456.000000 0.034055099 3.948359966 1.811492324 0.105501309 -0.008067355 -0.012607446 -0.994306505
1403636732563555584.000000 0.031255849 3.946863890 1.806158066 -0.107495449 0.010587974 0.006151994 0.994130194
1403636732613555456.000000 0.026805606 3.943017721 1.792612076 -0.108988464 0.013226154 0.000904071 0.993954599
1403636732663555584.000000 0.023154896 3.937300682 1.777975678 -0.108430400 0.015861154 0.000964948 0.993977010
1403636732713555456.000000 0.020376517 3.929865360 1.762212396 -0.106737472 0.018207273 0.004549752 0.994110167
1403636732763555584.000000 0.018981449 3.920084476 1.744712234 0.104688734 -0.018767513 -0.009073206 -0.994286597
1403636732813555456.000000 0.018621998 3.909654140 1.726336122 0.102557063 -0.020230522 -0.013855005 -0.994424880
1403636732863555584.000000 0.017614372 3.898462057 1.707107902 0.101698749 -0.020639239 -0.015730467 -0.994476736
1403636732913555456.000000 0.015305217 3.886301041 1.680437922 0.100923963 -0.019649964 -0.016993396 -0.994554937
1403636732963555584.000000 0.010859007 3.873510838 1.660122752 0.100172311 -0.017705726 -0.018186301 -0.994646370
1403636733013555456.000000 0.004646836 3.860520363 1.646591902 0.099561855 -0.015098641 -0.018760061 -0.994740009
1403636733063555584.000000 0.008368088 3.851107359 1.647333741 -0.099344023 0.011919630 0.018934332 0.994801641
1403636733113555456.000000 0.003565735 3.837294102 1.626234293 -0.098760426 0.008070258 0.019672627 0.994884014
1403636733163555584.000000 0.001325957 3.823040724 1.604039311 -0.099655464 0.007618771 0.016835973 0.994850397
1403636733213555456.000000 0.000161799 3.808226109 1.581915855 -0.099229403 0.006242294 0.016815728 0.994902968
1403636733263555584.000000 0.000029283 3.789152384 1.558357954 0.099100620 -0.005423791 -0.015753968 -0.994937956
1403636733313555456.000000 0.005694916 3.773037910 1.537723899 -0.098092489 0.004987023 0.017409911 0.995012522
1403636733363555584.000000 0.006737852 3.755179167 1.512255788 -0.096957535 0.002994944 0.019386230 0.995095193
1403636733413555456.000000 0.009136134 3.737012625 1.486854553 -0.095660128 0.000648483 0.021126729 0.995189667
1403636733463555584.000000 0.013104388 3.718546867 1.461209774 -0.094729699 -0.000878288 0.023884114 0.995216072
1403636733513555456.000000 0.017887317 3.700616837 1.437454939 0.094313741 0.003011333 -0.024428666 -0.995238245
1403636733563555584.000000 0.021935269 3.681922436 1.412664175 0.093892016 0.004416991 -0.025462341 -0.995246947
1403636733613555456.000000 0.031293366 3.662601233 1.390997052 -0.093765825 -0.005920419 0.024446562 0.995276511
1403636733663555584.000000 0.032912124 3.643632174 1.367213845 -0.093137093 -0.006920510 0.026310069 0.995281518
1403636733713555456.000000 0.033192296 3.624802828 1.344223738 -0.092942081 -0.008050626 0.026169747 0.995295048
1403636733763555584.000000 0.032311946 3.605954647 1.322018743 -0.092969641 -0.008392810 0.025352694 0.995310783
1403636733813555456.000000 0.029639080 3.587094545 1.302162051 0.092650115 0.010498801 -0.025981793 -0.995304406
1403636733863555584.000000 0.030596389 3.567728043 1.279447794 -0.092461981 -0.011452314 0.025997696 0.995310903
1403636733913555456.000000 0.026255943 3.548753262 1.259796500 -0.092966482 -0.010398737 0.024311308 0.995318055
1403636733963555584.000000 0.021260202 3.529734135 1.240740418 -0.094160542 -0.008471517 0.020999433 0.995299518
1403636734013555456.000000 0.015808662 3.510474920 1.222385526 -0.094640724 -0.005274152 0.019480089 0.995306969
1403636734063555584.000000 0.010516896 3.490535736 1.204225183 0.095183842 0.002987371 -0.019237706 -0.995269358
1403636734113555456.000000 0.008835607 3.469902515 1.181190610 -0.095329456 -0.000755354 0.020265479 0.995239198
1403636734163555584.000000 0.003012978 3.449586391 1.163118482 -0.095507599 0.000005596 0.020644460 0.995214641
1403636734213555456.000000 -0.001442339 3.428756952 1.144866228 -0.094754234 0.000442287 0.022170143 0.995253742
1403636734263555584.000000 -0.003874100 3.407471418 1.125389099 -0.093680732 0.001299958 0.023269365 0.995329559
1403636734313555456.000000 -0.005861999 3.386717319 1.105017781 0.092696078 -0.000231605 -0.024898935 -0.995383084
1403636734363555584.000000 -0.004859022 3.364811182 1.079044938 -0.091935992 -0.001092251 0.025967343 0.995425701
1403636734413555456.000000 -0.002933586 3.343478441 1.057837963 -0.090855792 -0.002455619 0.027515236 0.995480895
1403636734463555584.000000 -0.000056278 3.322249889 1.036339760 -0.090214983 -0.004300066 0.027772075 0.995525777
1403636734513555456.000000 0.002802934 3.301185608 1.015128970 -0.089452863 -0.005782239 0.028304782 0.995572031
1403636734563555584.000000 0.005702129 3.280094385 0.994738519 0.088820338 0.008208628 -0.028670512 -0.995601177
1403636734613555456.000000 0.011907971 3.260569096 0.970400572 -0.088083670 -0.010289238 0.029029345 0.995636880
1403636734663555584.000000 0.011735600 3.239987850 0.951313913 -0.087936208 -0.012208581 0.028224293 0.995651364
1403636734713555456.000000 0.010366047 3.219638109 0.933145046 -0.087556638 -0.013060124 0.027380222 0.995697558
1403636734763555584.000000 0.007954133 3.199598312 0.915674508 -0.087294996 -0.012810915 0.025940811 0.995762348
1403636734813555456.000000 0.004272423 3.180284500 0.897384048 0.086530142 0.013869849 -0.026166145 -0.995809019
1403636734863555584.000000 -0.008093635 3.158943415 0.874964893 -0.085774787 -0.013850782 0.026058130 0.995877445
1403636734913555456.000000 -0.013829925 3.139523983 0.860271454 -0.084950142 -0.014086072 0.026437800 0.995934784
1403636734963555584.000000 -0.020193398 3.120370150 0.846448302 -0.084460117 -0.014262992 0.027066307 0.995957136
1403636735013555456.000000 -0.027047383 3.101533651 0.833557367 -0.084604904 -0.014202130 0.025957718 0.995975137
1403636735063555584.000000 -0.034116663 3.083034992 0.820201099 0.084200926 0.013449288 -0.026573369 -0.996003628
1403636735113555456.000000 -0.041040029 3.059029102 0.799993813 -0.084427327 -0.014711265 0.027129902 0.995951653
1403636735163555584.000000 -0.047413349 3.040945768 0.787889600 -0.084022731 -0.014822103 0.028398784 0.995948792
1403636735213555456.000000 -0.052200295 3.023293972 0.776314616 -0.084098235 -0.015768683 0.029433848 0.995897830
1403636735263555584.000000 -0.054427922 3.005827665 0.765031934 -0.084028363 -0.016952831 0.031133462 0.995832622
1403636735313555456.000000 -0.054340202 2.989181757 0.753214836 0.084237114 0.018127311 -0.032814611 -0.995740354
1403636735363555584.000000 -0.065390572 2.969802380 0.735200644 -0.084787682 -0.019048220 0.034162860 0.995631099
1403636735413555456.000000 -0.056825530 2.953948021 0.724237740 -0.086078204 -0.017591136 0.034145441 0.995547652
1403636735463555584.000000 -0.045857932 2.938424826 0.712671697 -0.087253354 -0.016521668 0.035641253 0.995411336
1403636735513555456.000000 -0.033916026 2.923463583 0.701294184 -0.089319475 -0.015778964 0.035276134 0.995253146
1403636735563555584.000000 -0.005094401 2.909992933 0.693320811 0.091219321 0.013907962 -0.035207063 -0.995111167
1403636735613555456.000000 -0.003992117 2.894542933 0.676871896 0.093004584 0.013653852 -0.034817945 -0.994963050
1403636735663555584.000000 0.010328449 2.880889893 0.666081846 0.094923116 0.013693198 -0.034651529 -0.994787157
1403636735713555456.000000 -0.009636831 2.866367817 0.640472114 -0.095966525 -0.012915071 0.035605360 0.994663775
1403636735763555584.000000 0.001318796 2.853231430 0.631369412 -0.097557910 -0.013801712 0.034941841 0.994520485
1403636735813555456.000000 0.011509214 2.840384007 0.623205900 -0.098252751 -0.013652640 0.036138002 0.994411409
1403636735863555584.000000 0.018014083 2.827328205 0.615161955 -0.098961547 -0.013399828 0.035905309 0.994353056
1403636735913555456.000000 0.026440335 2.816211462 0.606090009 0.098965801 0.012092943 -0.036142722 -0.994360805
1403636735963555584.000000 0.032293200 2.804548740 0.599361479 0.099433988 0.012299909 -0.035548337 -0.994332910
1403636736013555456.000000 0.038464077 2.792773008 0.593038440 0.098205827 0.011650655 -0.034005992 -0.994516730
1403636736063555584.000000 0.045081139 2.780884266 0.586624801 0.095471501 0.011307276 -0.032142788 -0.994848907
1403636736113555456.000000 0.044381618 2.770355701 0.577226520 -0.090791024 -0.008220157 0.031048829 0.995351911
1403636736163555584.000000 0.054047775 2.757904768 0.569684505 -0.085106336 -0.006431652 0.028713986 0.995937288
1403636736213555456.000000 0.065024406 2.745223522 0.561167419 -0.078780033 -0.004681615 0.026748547 0.996522129
1403636736263555584.000000 0.076222397 2.732557774 0.552312195 -0.072916947 -0.004040590 0.024381563 0.997031748
1403636736313555456.000000 0.085060053 2.721133232 0.541448712 0.067793995 0.003253861 -0.021835959 -0.997455060
1403636736363555584.000000 0.125611708 2.713758469 0.551034093 -0.063598037 -0.003893939 0.019069962 0.997785807
1403636736413555456.000000 0.132523313 2.701820135 0.542276859 -0.059770606 -0.004129402 0.016998563 0.998058856
1403636736463555584.000000 0.138164043 2.690154552 0.533963323 -0.057634156 -0.004092956 0.012174508 0.998255193
1403636736513555456.000000 0.141856059 2.678359509 0.526390493 -0.056309294 -0.003534269 0.006731325 0.998384416
1403636736563555584.000000 0.142417207 2.666044950 0.519582629 0.055171870 0.003075561 -0.001983942 -0.998470247
1403636736613555456.000000 0.142145753 2.653639078 0.512646139 0.054513194 0.002772009 0.001936619 -0.998507321
1403636736663555584.000000 0.140680656 2.640477657 0.505548000 0.053462941 0.001948337 0.003500864 -0.998561859
1403636736713555456.000000 0.138098419 2.626615524 0.498558611 0.052748904 0.001225532 0.005096908 -0.998594046
1403636736763555584.000000 0.134112611 2.612146854 0.491699785 0.052106831 0.001958046 0.005955720 -0.998621881
1403636736813555456.000000 0.129713401 2.596837044 0.484748691 0.051420983 0.000887272 0.007204826 -0.998650730
1403636736863555584.000000 0.120779969 2.581493139 0.480149776 -0.049899288 -0.000266198 -0.006228510 0.998734832
1403636736913555456.000000 0.115816496 2.564965725 0.473099470 -0.049177989 -0.001157987 -0.007210376 0.998763323
1403636736963555584.000000 0.111874945 2.548515797 0.467149466 -0.047416337 -0.000908988 -0.005389764 0.998860240
1403636737013555456.000000 0.105938084 2.530874491 0.460845590 -0.044982594 -0.001011970 -0.002083588 0.998985171
1403636737063555584.000000 0.091121428 2.509371519 0.452537060 0.042545583 0.000808011 -0.000696645 -0.999094009
1403636737113555456.000000 0.102468714 2.493143559 0.460111201 -0.039698042 -0.000156208 0.004385570 0.999202132
1403636737163555584.000000 0.092305765 2.473835945 0.452971965 -0.037941724 -0.000195622 0.005170272 0.999266565
1403636737213555456.000000 0.081229456 2.454460859 0.445770115 -0.036139250 -0.000108767 0.006065005 0.999328375
1403636737263555584.000000 0.068996891 2.435192347 0.438425750 -0.033946197 -0.000533304 0.008260536 0.999389470
1403636737313555456.000000 0.058674037 2.416118622 0.432638705 0.032876749 0.003197125 -0.007426450 -0.999426782
1403636737363555584.000000 0.047326621 2.397130013 0.425219417 0.031235503 0.004905397 -0.008351749 -0.999465168
1403636737413555456.000000 0.058795325 2.379055977 0.434848964 -0.030140353 -0.007458040 0.007890166 0.999486744
1403636737463555584.000000 0.050569143 2.360602140 0.425008595 -0.028930578 -0.009693216 0.007772925 0.999504268
1403636737513555456.000000 0.045103684 2.342583895 0.414925396 -0.028343260 -0.011367267 0.006515222 0.999512434
1403636737563555584.000000 0.042681541 2.325203180 0.405271053 -0.026965449 -0.011871036 0.008070268 0.999533296
1403636737613555456.000000 0.039141484 2.307337999 0.396831036 0.025784787 0.013539881 -0.010158286 -0.999524236
1403636737663555584.000000 0.053493939 2.289188147 0.404000908 -0.024022864 -0.014691080 0.013728562 0.999509215
1403636737713555456.000000 0.053669170 2.272915363 0.392973661 -0.022730816 -0.015664503 0.016939700 0.999475420
1403636737763555584.000000 0.055510864 2.257439852 0.381585628 -0.021701349 -0.015879113 0.019324485 0.999451637
1403636737813555456.000000 0.059103087 2.242851734 0.370359361 -0.020920454 -0.016242158 0.022027092 0.999406576
1403636737863555584.000000 0.066793926 2.228185177 0.361221224 0.020813460 0.017151559 -0.023605820 -0.999357522
1403636737913555456.000000 0.084375009 2.213848114 0.367797792 -0.020800831 -0.017057857 0.024118224 0.999347150
1403636737963555584.000000 0.095426761 2.202315569 0.355912417 -0.020926660 -0.016503884 0.024777813 0.999337733
1403636738013555456.000000 0.109293714 2.192077875 0.343856841 -0.021673964 -0.015755609 0.024708131 0.999335587
1403636738063555584.000000 0.124435298 2.182978153 0.331200898 -0.022635683 -0.015865237 0.024148362 0.999326229
1403636738113555456.000000 0.142476410 2.174834490 0.321640730 0.024534937 0.015216647 -0.021162743 -0.999359131
1403636738163555584.000000 0.157903418 2.167352915 0.310704499 0.025602350 0.013897975 -0.020207923 -0.999371350
1403636738213555456.000000 0.172115430 2.160729647 0.300389796 0.026963433 0.012660624 -0.018721476 -0.999380946
1403636738263555584.000000 0.184797838 2.154676914 0.290937632 0.027804838 0.012387612 -0.018784279 -0.999360144
1403636738313555456.000000 0.195267141 2.144186497 0.306607813 -0.029029429 -0.012568654 0.018238874 0.999333203
1403636738363555584.000000 0.205527157 2.139166594 0.299385041 -0.029942026 -0.012772461 0.018730380 0.999294579
1403636738413555456.000000 0.214697987 2.134787798 0.293606192 -0.030627873 -0.013057712 0.019006114 0.999264836
1403636738463555584.000000 0.222647727 2.131145000 0.288937747 -0.032547999 -0.013418058 0.019141331 0.999196768
1403636738513555456.000000 0.230453551 2.125868082 0.289269120 0.036067594 0.014601077 -0.020819319 -0.999025762
1403636738563555584.000000 0.235825360 2.123403549 0.287431180 0.040799234 0.016226482 -0.022980470 -0.998771310
1403636738613555456.000000 0.239654556 2.121755600 0.286961377 0.046483450 0.017867088 -0.026469599 -0.998408496
1403636738663555584.000000 0.242379710 2.121032476 0.287561893 0.053943928 0.018106755 -0.029730611 -0.997937083
1403636738713555456.000000 0.243813500 2.121220350 0.289180815 0.062304851 0.017340206 -0.034210879 -0.997319937
1403636738763555584.000000 0.243861660 2.122144461 0.291546881 0.071818188 0.014304071 -0.038710982 -0.996563613
1403636738813555456.000000 0.229739815 2.117918253 0.298128754 -0.082297266 -0.010768052 0.044669423 0.995548069
1403636738863555584.000000 0.226860121 2.120607138 0.301860034 -0.092804454 -0.007093003 0.051064517 0.994348824
1403636738913555456.000000 0.222188801 2.124093533 0.306087196 -0.104176499 -0.004997914 0.057152245 0.992902756
1403636738963555584.000000 0.216009170 2.127979517 0.310867041 -0.115506962 -0.003084517 0.064635925 0.991196692
1403636739013555456.000000 0.209853798 2.133883715 0.316028267 0.127569512 0.000846823 -0.072593860 -0.989169061
1403636739063555584.000000 0.201500922 2.140952826 0.321183264 0.140060648 -0.000112934 -0.080054305 -0.986901462
1403636739113555456.000000 0.192398593 2.149523497 0.326304257 0.154115170 -0.000731832 -0.084034272 -0.984472632
1403636739163555584.000000 0.181927100 2.159262657 0.331365049 0.168981761 0.000160779 -0.085544050 -0.981899917
1403636739213555456.000000 0.170608312 2.170181036 0.336227983 0.184147850 -0.000163251 -0.087137766 -0.979028404
1403636739263555584.000000 0.158308700 2.181982040 0.340772122 0.199789405 0.000591661 -0.087513000 -0.975922883
1403636739313555456.000000 0.132277533 2.187776566 0.329488575 -0.215526342 -0.000360286 0.087334082 0.972584724
1403636739363555584.000000 0.119337924 2.200191259 0.333663046 -0.231132627 -0.001366751 0.086343601 0.969082415
1403636739413555456.000000 0.107296392 2.212456226 0.336638808 -0.245297998 -0.002372805 0.087147832 0.965519845
1403636739463555584.000000 0.096783809 2.224530220 0.339026749 -0.258927256 -0.002930323 0.088679813 0.961812854
1403636739513555456.000000 0.089647152 2.236482382 0.342045158 0.271025509 0.003252421 -0.092693679 -0.958093166
1403636739563555584.000000 0.076230802 2.244350433 0.330207288 -0.281022727 -0.001486107 0.097841285 0.954699516
1403636739613555456.000000 0.072504461 2.255543232 0.331941783 -0.289064378 -0.000742815 0.102861233 0.951767206
1403636739663555584.000000 0.070492722 2.266632318 0.333480746 -0.296250373 -0.001837421 0.105451308 0.949269414
1403636739713555456.000000 0.069479898 2.277606487 0.335052729 -0.301693022 -0.001089592 0.107636452 0.947309136
1403636739763555584.000000 0.073874414 2.291694164 0.349909186 0.304992825 0.000262115 -0.112039797 -0.945741236
1403636739813555456.000000 0.055548251 2.292787790 0.324496895 -0.307520181 0.000665151 0.114635341 0.944610894
1403636739863555584.000000 0.051685229 2.304163218 0.328663528 -0.309591383 0.000393738 0.116289556 0.943731904
1403636739913555456.000000 0.046959430 2.315987110 0.333521694 -0.310908139 0.000268689 0.116845757 0.943230212
1403636739963555584.000000 0.040827051 2.328158379 0.338932931 -0.311893582 0.000204068 0.116538234 0.942942917
1403636740013555456.000000 0.032662854 2.340374708 0.342689395 0.312353551 0.000586637 -0.115769751 -0.942885101
1403636740063555584.000000 0.015165180 2.344700575 0.331614852 -0.312477052 -0.001449743 0.114096746 0.943047166
1403636740113555456.000000 0.006181210 2.357242107 0.337619871 -0.312921852 -0.001871750 0.110828064 0.943288743
1403636740163555584.000000 -0.003877357 2.369915247 0.343735337 -0.313406050 -0.003169426 0.106825881 0.943586171
1403636740213555456.000000 -0.014766917 2.382318020 0.350293845 -0.313706607 -0.003695189 0.102257043 0.943990529
1403636740263555584.000000 -0.026681714 2.392966509 0.354606241 0.313740492 0.004347487 -0.098733634 -0.944351494
1403636740313555456.000000 -0.040572383 2.403210402 0.341637403 -0.312186480 -0.002652277 0.099324524 0.944810748
1403636740363555584.000000 -0.053726930 2.413681269 0.349196464 -0.310042083 -0.001469973 0.100621104 0.945382059
1403636740413555456.000000 -0.068161733 2.423662424 0.357379675 -0.307921559 0.000154455 0.103456862 0.945770085
1403636740463555584.000000 -0.083920062 2.433226585 0.365974158 -0.306031495 0.000190803 0.105504036 0.946157336
1403636740513555456.000000 -0.101152711 2.439885139 0.370204061 0.304131091 -0.003305348 -0.107003219 -0.946595848
1403636740563555584.000000 -0.116139702 2.448443651 0.376907319 0.303142518 -0.003827905 -0.106693596 -0.946945906
1403636740613555456.000000 -0.129659697 2.456853628 0.382884145 0.301958799 -0.004163050 -0.106407523 -0.947354794
1403636740663555584.000000 -0.141870946 2.465156317 0.388149023 0.300408542 -0.003442483 -0.108085670 -0.947660506
1403636740713555456.000000 -0.163972929 2.463252306 0.372299910 -0.299000859 0.002029042 0.109701291 0.947924137
1403636740763555584.000000 -0.174040630 2.471591234 0.375353158 -0.298141181 -0.000797122 0.109199062 0.948254585
1403636740813555456.000000 -0.184185207 2.479913712 0.377904892 -0.297168523 -0.001265567 0.109565452 0.948517084
1403636740863555584.000000 -0.195608288 2.487955570 0.380058914 -0.296582490 -0.000441953 0.109324142 0.948729157
1403636740913555456.000000 -0.209024191 2.496893167 0.378066421 0.296895951 -0.000257478 -0.105930507 -0.949016094
1403636740963555584.000000 -0.223204166 2.505538702 0.379647493 0.298219472 -0.000934720 -0.100896180 -0.949149191
1403636741013555456.000000 -0.241305619 2.508037567 0.377085000 -0.300289750 -0.000013964 0.093725361 0.949232161
1403636741063555584.000000 -0.258878231 2.515738726 0.379156113 -0.303478003 -0.000177382 0.087152250 0.948844373
1403636741113555456.000000 -0.278632939 2.522515297 0.381660402 -0.306277990 0.000833158 0.085278004 0.948114336
1403636741163555584.000000 -0.300335288 2.528079987 0.384110034 -0.309704781 0.002699950 0.086519703 0.946884394
1403636741213555456.000000 -0.324488640 2.532261610 0.384562671 0.312592328 -0.005291373 -0.091127753 -0.945491254
1403636741263555584.000000 -0.347146690 2.534250259 0.387923837 -0.314180374 0.007333754 0.097639516 0.944300592
1403636741313555456.000000 -0.373400092 2.536369801 0.390915304 -0.315189153 0.007859941 0.103408366 0.943345547
1403636741363555584.000000 -0.400075972 2.537517786 0.393304616 -0.315960050 0.005211415 0.109951794 0.942365468
1403636741413555456.000000 -0.425394058 2.538259506 0.394894093 -0.317224860 0.002165762 0.114454426 0.941415966
1403636741463555584.000000 -0.449221194 2.536623240 0.395017833 0.318661183 0.001832370 -0.117675491 -0.940533996
1403636741513555456.000000 -0.468459129 2.540073872 0.397523403 -0.319467723 -0.008790730 0.120944135 0.939806223
1403636741563555584.000000 -0.489032477 2.540422440 0.397388160 -0.318908513 -0.011406296 0.126736939 0.939204514
1403636741613555456.000000 -0.507825911 2.541359901 0.396300137 -0.320505112 -0.015840463 0.125454023 0.938768864
1403636741663555584.000000 -0.524638474 2.542888165 0.395174623 -0.320950210 -0.017655898 0.125812188 0.938536406
1403636741713555456.000000 -0.538986444 2.544962645 0.394440055 0.321519673 0.017541960 -0.124902055 -0.938465238
1403636741763555584.000000 -0.546734035 2.556083202 0.394080251 -0.321843654 -0.015718900 0.122692287 0.938677967
1403636741813555456.000000 -0.557885289 2.559952021 0.393417090 -0.322237581 -0.013849270 0.119811542 0.938944340
1403636741863555584.000000 -0.569528818 2.564116240 0.393055737 -0.322708726 -0.011808479 0.115800768 0.939313531
1403636741913555456.000000 -0.582743704 2.568534851 0.393601298 -0.322988063 -0.011198865 0.111751027 0.939715445
1403636741963555584.000000 -0.596798539 2.573158741 0.395563483 0.323388636 0.011373046 -0.106118806 -0.940228343
1403636742013555456.000000 -0.608223796 2.580777645 0.398531914 -0.323455036 -0.013791719 0.101943552 0.940635026
1403636742063555584.000000 -0.624551892 2.584561586 0.402223289 -0.322142333 -0.016825562 0.100750141 0.941164494
1403636742113555456.000000 -0.640118539 2.587926865 0.406597584 -0.319787145 -0.021267228 0.102740668 0.941662550
1403636742163555584.000000 -0.653919041 2.590954781 0.411381900 -0.317193121 -0.023637159 0.106086560 0.942112267
1403636742213555456.000000 -0.665559411 2.594753981 0.418102473 0.314808965 0.024406938 -0.108286604 -0.942641854
1403636742263555584.000000 -0.669662476 2.603702068 0.420278698 -0.311824679 -0.023858378 0.112060159 0.943206608
1403636742313555456.000000 -0.677695513 2.607258320 0.426059186 -0.309934825 -0.021178741 0.112442464 0.943847775
1403636742363555584.000000 -0.684485495 2.610793829 0.431560755 -0.308925629 -0.016818115 0.112877958 0.944214404
1403636742413555456.000000 -0.688792169 2.615077734 0.437381536 -0.307902753 -0.012416899 0.111737713 0.944752038
1403636742463555584.000000 -0.692016721 2.620311975 0.441390306 0.306809008 0.009627653 -0.111386850 -0.945181787
1403636742513555456.000000 -0.691494286 2.635426760 0.443928003 -0.305638790 -0.007624315 0.110707290 0.945658922
1403636742563555584.000000 -0.693273187 2.641038656 0.449808806 -0.304828048 -0.006509781 0.110342100 0.945971549
1403636742613555456.000000 -0.694419146 2.646925688 0.455753356 -0.304570377 -0.004482987 0.109042794 0.946216941
1403636742663555584.000000 -0.696528077 2.652908325 0.462126881 -0.304402411 -0.001775916 0.108047798 0.946394086
1403636742713555456.000000 -0.700032353 2.659602404 0.470338881 0.303563356 -0.000652445 -0.107356429 -0.946743667
1403636742763555584.000000 -0.706605196 2.665730000 0.478691280 0.303056806 -0.002721380 -0.106441550 -0.947005570
1403636742813555456.000000 -0.714989364 2.671684027 0.487268239 0.302747279 -0.004179921 -0.105951972 -0.947154045
1403636742863555584.000000 -0.725083888 2.677331209 0.496125937 0.301776916 -0.005737397 -0.106273092 -0.947419643
1403636742913555456.000000 -0.737135708 2.682655334 0.504839301 0.301063836 -0.006564883 -0.106672451 -0.947596133
1403636742963555584.000000 -0.750926197 2.687860966 0.513275683 0.301708102 -0.006807406 -0.107510440 -0.947294831
1403636743013555456.000000 -0.755444825 2.694885731 0.507651567 -0.302975237 0.004099934 0.108820617 0.946756244
1403636743063555584.000000 -0.772841573 2.700197458 0.516395688 -0.305174708 -0.000969901 0.112267517 0.945655048
1403636743113555456.000000 -0.790298939 2.705556154 0.524927497 -0.307227135 -0.008984185 0.117293485 0.944337368
1403636743163555584.000000 -0.806622505 2.711418390 0.533187985 -0.308761805 -0.019531479 0.122575477 0.943005800
1403636743213555456.000000 -0.821470141 2.711413622 0.553546667 0.311081082 0.027574871 -0.125647277 -0.941637397
1403636743263555584.000000 -0.837846637 2.726217031 0.548788786 -0.312162191 -0.036332272 0.128126457 0.940647900
1403636743313555456.000000 -0.848158360 2.734802485 0.557782710 -0.313213617 -0.039385572 0.131033927 0.939774573
1403636743363555584.000000 -0.855716467 2.744746685 0.567254782 -0.313830733 -0.040783890 0.133681640 0.939135849
1403636743413555456.000000 -0.860124707 2.756446362 0.577471733 -0.314702213 -0.040436976 0.135023981 0.938667178
1403636743463555584.000000 -0.860750496 2.769690275 0.588403821 0.315848798 0.036943488 -0.134352937 -0.938522279
1403636743513555456.000000 -0.862486959 2.784123898 0.600467563 0.317128807 0.033596795 -0.133076325 -0.938398302
1403636743563555584.000000 -0.864942551 2.799623013 0.613584638 0.318413109 0.028817290 -0.131232858 -0.938381970
1403636743613555456.000000 -0.868482828 2.816173315 0.628244162 0.319960535 0.024696451 -0.127156526 -0.938534260
1403636743663555584.000000 -0.873661995 2.833550930 0.644258022 0.321160376 0.021952018 -0.124054559 -0.938607812
1403636743713555456.000000 -0.880022287 2.851496935 0.661345243 0.322716027 0.017755846 -0.120524921 -0.938622952
1403636743763555584.000000 -0.897228360 2.872388840 0.676604152 -0.325320631 -0.012745689 0.117518581 0.938186288
1403636743813555456.000000 -0.906669080 2.891103029 0.695499301 -0.328381896 -0.009875544 0.117853157 0.937111795
1403636743863555584.000000 -0.917368054 2.909987926 0.715226173 -0.330895603 -0.005825756 0.120608158 0.935910225
1403636743913555456.000000 -0.929050267 2.928530931 0.735280216 -0.334527552 -0.003240763 0.119118057 0.934821784
1403636743963555584.000000 -0.941826820 2.945455074 0.754880071 0.337405205 0.000566330 -0.118144952 -0.933916092
1403636744013555456.000000 -0.959589720 2.964334488 0.775256038 -0.339348733 0.000968256 0.118768565 0.933132112
1403636744063555584.000000 -0.975016475 2.982505083 0.797340214 -0.343315095 0.001672791 0.117372707 0.931856036
1403636744113555456.000000 -0.992258728 3.000485420 0.820058346 -0.347345978 0.002216743 0.118276820 0.930245459
1403636744163555584.000000 -1.010274172 3.017987251 0.842876256 -0.351403475 0.003259076 0.119384632 0.928575397
1403636744213555456.000000 -1.031345844 3.035129786 0.866089344 0.354314834 -0.005375925 -0.121778511 -0.927147329
1403636744263555584.000000 -1.054452538 3.050755262 0.886960328 -0.356410056 0.008170323 0.124721043 0.925931871
1403636744313555456.000000 -1.077450514 3.065984011 0.910121500 -0.358344972 0.008980686 0.126712456 0.924906611
1403636744363555584.000000 -1.101959467 3.080996513 0.933705032 -0.359290421 0.010160794 0.130226135 0.924039125
1403636744413555456.000000 -1.127792954 3.095680714 0.957320571 -0.359267801 0.011635757 0.133684129 0.923536599
1403636744463555584.000000 -1.155465007 3.109754801 0.979898810 0.358844131 -0.013282026 -0.137475982 -0.923122346
1403636744513555456.000000 -1.187727809 3.123788118 0.998370051 -0.356748164 0.015865957 0.142711714 0.923099339
1403636744563555584.000000 -1.217241287 3.138482809 1.020868301 -0.356235832 0.018105136 0.143492669 0.923134983
1403636744613555456.000000 -1.248155594 3.153359413 1.043040156 -0.354957044 0.020544471 0.145778701 0.923218369
1403636744663555584.000000 -1.280119777 3.168644667 1.064280868 -0.354549825 0.022372672 0.145785719 0.923331201
1403636744713555456.000000 -1.313720465 3.183670044 1.083905697 0.355412364 -0.023506617 -0.142596558 -0.923469424
1403636744763555584.000000 -1.353714228 3.202588320 1.103300333 -0.357150018 0.022764316 0.137079999 0.923652947
1403636744813555456.000000 -1.386620641 3.217443943 1.120242596 -0.358547062 0.020902079 0.133435711 0.923689425
1403636744863555584.000000 -1.418286562 3.231385231 1.135188103 -0.359539300 0.017803878 0.130514428 0.923785985
1403636744913555456.000000 -1.448603392 3.244704485 1.148449183 -0.360174924 0.012782577 0.128470585 0.923907995
1403636744963555584.000000 -1.471391320 3.252941847 1.156649351 0.359674931 -0.009140194 -0.128279641 -0.924172521
1403636745013555456.000000 -1.501560092 3.273959160 1.172353268 -0.358187556 0.005224328 0.128939077 0.924688697
1403636745063555584.000000 -1.525330901 3.286379099 1.182454348 -0.356769592 0.001392651 0.128989607 0.925243378
1403636745113555456.000000 -1.547855973 3.298445463 1.192137480 -0.354577541 -0.003159500 0.130183220 0.925914288
1403636745163555584.000000 -1.568514109 3.310497046 1.201245070 -0.351927459 -0.004161655 0.132470712 0.926596642
1403636745213555456.000000 -1.588098526 3.323367119 1.209617138 0.350236416 0.005333588 -0.130660519 -0.927487969
1403636745263555584.000000 -1.603216052 3.342931509 1.223622084 -0.347979248 -0.006444723 0.129777133 0.928454041
1403636745313555456.000000 -1.620811939 3.356153727 1.232610703 -0.346280724 -0.006085907 0.127675518 0.929382443
1403636745363555584.000000 -1.635636449 3.369740725 1.241078854 -0.344882548 -0.002358667 0.124196135 0.930390179
1403636745413555456.000000 -1.647609711 3.383261204 1.248018980 -0.344231755 0.002147086 0.121070564 0.931043446
1403636745463555584.000000 -1.657974005 3.396528721 1.255068064 0.344312400 -0.005394352 -0.117735527 -0.931428075
1403636745513555456.000000 -1.663155556 3.414825439 1.264870763 -0.344300956 0.008562836 0.117242865 0.931470752
1403636745563555584.000000 -1.670376062 3.426793575 1.269527078 -0.345048577 0.010164169 0.117163830 0.931187868
1403636745613555456.000000 -1.676392317 3.438100815 1.273251653 -0.346746743 0.011415299 0.117417090 0.930510402
1403636745663555584.000000 -1.680823684 3.448600292 1.275908113 -0.348981231 0.012075058 0.117717259 0.929628432
1403636745713555456.000000 -1.682640433 3.458633184 1.277353883 0.351638526 -0.012271496 -0.117459968 -0.928656578
1403636745763555584.000000 -1.682089090 3.473235130 1.283709049 -0.355050802 0.011561369 0.116645724 0.927469194
1403636745813555456.000000 -1.681505203 3.481723785 1.284402609 -0.358108491 0.010002753 0.116762459 0.926296294
1403636745863555584.000000 -1.678648353 3.489766359 1.284627914 -0.361925393 0.008788605 0.115736380 0.924952984
1403636745913555456.000000 -1.674629927 3.496873140 1.284455299 -0.365788072 0.008378320 0.115238786 0.923498273
1403636745963555584.000000 -1.669293404 3.503399372 1.284753323 0.370135754 -0.006603177 -0.113095522 -0.922044158
1403636746013555456.000000 -1.661940813 3.512348652 1.288186669 -0.373865932 0.005222717 0.111795776 0.920705557
1403636746063555584.000000 -1.652602792 3.515891552 1.287032962 -0.377357244 0.003832299 0.110530220 0.919440031
1403636746113555456.000000 -1.641427279 3.518196583 1.285782337 -0.380633473 0.001477788 0.109154098 0.918259978
1403636746163555584.000000 -1.628332734 3.518963337 1.284372926 -0.382994264 0.001807056 0.108586811 0.917344570
1403636746213555456.000000 -1.612010121 3.518044949 1.283199191 0.384893179 -0.003148851 -0.107731141 -0.916646838
1403636746263555584.000000 -1.598907351 3.522197723 1.289032459 -0.386654168 0.007586906 0.106961600 0.915969610
1403636746313555456.000000 -1.581531286 3.518671989 1.288187861 -0.388499379 0.015458068 0.104038313 0.915426373
1403636746363555584.000000 -1.566124439 3.513213634 1.288143039 -0.389181882 0.021576000 0.103599027 0.915062487
1403636746413555456.000000 -1.552900314 3.506175041 1.289030075 -0.389649808 0.024443841 0.103069171 0.914851010
1403636746463555584.000000 -1.542390466 3.497077227 1.291465759 0.388341755 -0.023404371 -0.106717736 -0.915016055
1403636746513555456.000000 -1.534542084 3.486366510 1.293937325 0.386514246 -0.019134955 -0.110807009 -0.915402889
1403636746563555584.000000 -1.529147267 3.474455357 1.297304630 0.383383125 -0.011759682 -0.117170975 -0.916051388
1403636746613555456.000000 -1.530971050 3.462472916 1.302226543 -0.379929364 0.002543791 0.123831667 0.916685879
1403636746663555584.000000 -1.529078007 3.449776411 1.307330370 -0.375501961 -0.006921615 0.131663933 0.917395830
1403636746713555456.000000 -1.528183818 3.437495470 1.313465238 -0.370672286 -0.014857747 0.140564591 0.917944968
1403636746763555584.000000 -1.527808905 3.426294565 1.320659757 -0.366413534 -0.019200193 0.147765934 0.918443143
1403636746813555456.000000 -1.526767850 3.416104555 1.328211069 0.362784207 0.019316584 -0.153031141 -0.919019103
1403636746863555584.000000 -1.523613214 3.407802820 1.336248875 -0.359873623 -0.018389665 0.156875804 0.919534028
1403636746913555456.000000 -1.522380114 3.401300907 1.344944358 -0.357988805 -0.016484652 0.158097222 0.920096576
1403636746963555584.000000 -1.520531654 3.396549702 1.353305101 -0.357096612 -0.015318238 0.156916857 0.920665264
1403636747013555456.000000 -1.516170025 3.393856525 1.361302972 -0.356518269 -0.013110616 0.155569330 0.921152055
1403636747063555584.000000 -1.509222150 3.393113375 1.369019270 0.358080328 0.011101011 -0.148872331 -0.921679139
1403636747113555456.000000 -1.507827282 3.380099535 1.369316101 -0.360437244 -0.008855506 0.141825572 0.921895981
1403636747163555584.000000 -1.495585918 3.382051468 1.376405478 -0.362004638 -0.005777260 0.137045994 0.922029197
1403636747213555456.000000 -1.480902910 3.385290384 1.383885741 -0.364378452 -0.004532840 0.130468935 0.922055125
1403636747263555584.000000 -1.463611126 3.389016151 1.391420603 -0.366206825 -0.003106332 0.126212046 0.921929240
1403636747313555456.000000 -1.443868637 3.393282652 1.398466706 0.367813379 0.003103673 -0.123457015 -0.921662688
1403636747363555584.000000 -1.437642217 3.379146814 1.397143126 -0.368824065 -0.002535549 0.122373790 0.921404958
1403636747413555456.000000 -1.417116165 3.381925583 1.405075788 -0.369958192 -0.002073535 0.121662438 0.921045542
1403636747463555584.000000 -1.398686290 3.383833885 1.413787246 -0.371222615 -0.002359573 0.121211797 0.920595467
1403636747513555456.000000 -1.382550955 3.384573698 1.423434258 -0.371831447 -0.003445990 0.123155013 0.920088291
1403636747563555584.000000 -1.365786433 3.384113073 1.433180690 0.372827232 0.004051785 -0.124111868 -0.919554055
1403636747613555456.000000 -1.365049839 3.372543097 1.435752630 -0.373430431 -0.004675142 0.126013830 0.919047594
1403636747663555584.000000 -1.348423719 3.372163534 1.446868896 -0.374284893 -0.005570977 0.126711607 0.918598890
1403636747713555456.000000 -1.331079960 3.370439053 1.457522750 -0.375230014 -0.005922949 0.127632827 0.918083429
1403636747763555584.000000 -1.311625838 3.368755579 1.467899084 -0.376405060 -0.006914221 0.128161997 0.917521656
1403636747813555456.000000 -1.291267157 3.364108324 1.476442814 0.377567172 0.006513549 -0.129054368 -0.916921854
1403636747863555584.000000 -1.278132796 3.356875420 1.479732513 -0.378324896 -0.005076429 0.130519584 0.916411102
1403636747913555456.000000 -1.252578735 3.354043245 1.489818811 -0.377236366 -0.002054085 0.137213081 0.915893674
1403636747963555584.000000 -1.226162553 3.351277351 1.500038385 -0.375975758 0.003682584 0.144347370 0.915310144
1403636748013555456.000000 -1.201129198 3.348726511 1.510220885 -0.374567479 0.007379268 0.151626125 0.914688051
1403636748063555584.000000 -1.179712892 3.344850540 1.519039631 0.374015450 -0.010351443 -0.156837061 -0.914006293
1403636748113555456.000000 -1.163307548 3.343981743 1.523201704 -0.374022216 0.010815253 0.159272894 0.913576901
1403636748163555584.000000 -1.144407868 3.342729092 1.532418489 -0.373833686 0.011127499 0.162798479 0.913028657
1403636748213555456.000000 -1.127554893 3.342164755 1.541034460 -0.375105798 0.009608468 0.161784932 0.912704170
1403636748263555584.000000 -1.112728357 3.342563868 1.549246669 -0.377238065 0.006250108 0.156762198 0.912731111
1403636748313555456.000000 -1.101082802 3.342505693 1.555925488 0.379846007 -0.003065499 -0.150105715 -0.912784696
1403636748363555584.000000 -1.088090420 3.348883390 1.561674953 -0.382468134 -0.000509313 0.142585903 0.912900388
1403636748413555456.000000 -1.076706767 3.351023674 1.569757223 -0.384548306 -0.003130861 0.135932356 0.913036287
1403636748463555584.000000 -1.064758897 3.353017569 1.577716947 -0.385526776 -0.003425342 0.133012742 0.913052619
1403636748513555456.000000 -1.051623583 3.354652405 1.585370421 -0.386406690 -0.003658290 0.129632115 0.913165927
1403636748563555584.000000 -1.039037585 3.355396032 1.590429664 0.386419058 0.003216270 -0.129403800 -0.913194716
1403636748613555456.000000 -1.023928285 3.355754614 1.596773744 0.385472506 0.000670996 -0.132746100 -0.913120508
1403636748663555584.000000 -0.998981357 3.364346743 1.605797648 -0.384434372 0.001591415 0.136058465 0.913069427
1403636748713555456.000000 -0.982471108 3.364700317 1.611427903 -0.383264482 0.004577165 0.140759140 0.912838638
1403636748763555584.000000 -0.967067242 3.364997387 1.616784096 -0.382226288 0.006811308 0.145070612 0.912584960
1403636748813555456.000000 -0.953052878 3.365772724 1.621955276 -0.381746829 0.008432310 0.148723796 0.912183940
1403636748863555584.000000 -0.941349685 3.366727829 1.626844764 0.381777704 -0.009811612 -0.150943026 -0.911792576
1403636748913555456.000000 -0.930554152 3.368000507 1.631695032 0.382381767 -0.011486993 -0.153396711 -0.911110222
1403636748963555584.000000 -0.920916080 3.369926691 1.635958195 0.383657902 -0.012371910 -0.154666111 -0.910347223
1403636749013555456.000000 -0.912252426 3.372320414 1.639659643 0.384903938 -0.013300583 -0.155827850 -0.909609675
1403636749063555584.000000 -0.904456317 3.375251293 1.642885447 0.385126829 -0.015135693 -0.159086302 -0.908922374
1403636749113555456.000000 -0.878575504 3.393230677 1.655019999 -0.384874642 0.016862368 0.163057879 0.908294797
1403636749163555584.000000 -0.871990979 3.397897243 1.656501651 -0.385442376 0.018235255 0.164530173 0.907761872
1403636749213555456.000000 -0.865453124 3.403378248 1.656798482 -0.387038589 0.017839942 0.163354069 0.907302797
1403636749263555584.000000 -0.857198238 3.409368038 1.654879570 -0.390379429 0.015883772 0.157673150 0.906912744
1403636749313555456.000000 -0.849177241 3.413872719 1.651470304 0.393255889 -0.014063054 -0.152381480 -0.906604588
1403636749363555584.000000 -0.829603434 3.428908825 1.652428746 -0.395594954 0.011550427 0.147940084 0.906358123
1403636749413555456.000000 -0.817963600 3.434610844 1.646507978 -0.397548229 0.009836791 0.143777788 0.906193554
1403636749463555584.000000 -0.805536389 3.439958572 1.639755487 -0.399427116 0.008281494 0.139275566 0.906085968
1403636749513555456.000000 -0.792394459 3.445072412 1.632673860 -0.400824815 0.006219207 0.135440573 0.906066597
1403636749563555584.000000 -0.778522909 3.451160669 1.627097845 0.402076691 -0.003235269 -0.131086573 -0.906167865
1403636749613555456.000000 -0.762086630 3.460902929 1.627664804 -0.403544217 0.002614556 0.126308575 0.906196117
1403636749663555584.000000 -0.750802517 3.464884758 1.622124672 -0.403497934 0.002138250 0.124910653 0.906411707
1403636749713555456.000000 -0.740811288 3.468174934 1.617730021 -0.402818382 0.003523720 0.124906376 0.906710207
1403636749763555584.000000 -0.731889367 3.470809221 1.614164948 -0.402059048 0.006763232 0.124611124 0.907069445
1403636749813555456.000000 -0.723041892 3.474296331 1.611933351 0.401151896 -0.011016816 -0.124014616 -0.907511055
1403636749863555584.000000 -0.708588481 3.480426073 1.610911846 -0.400173783 0.016155247 0.123885483 0.907883406
1403636749913555456.000000 -0.703918576 3.481108665 1.609031439 -0.399067909 0.019528560 0.123082817 0.908412993
1403636749963555584.000000 -0.700482368 3.480828524 1.607303381 -0.397721291 0.022736862 0.122198723 0.909048080
1403636750013555456.000000 -0.698384762 3.479468346 1.605681658 -0.396115363 0.024485400 0.121689498 0.909771860
1403636750063555584.000000 -0.697572291 3.478137016 1.604253054 0.394540578 -0.025001004 -0.121791445 -0.910428226
1403636750113555456.000000 -0.697357655 3.474617004 1.601921797 0.392752171 -0.023791650 -0.122418828 -0.911149442
1403636750163555584.000000 -0.696516395 3.469991207 1.598627567 0.391295165 -0.021928506 -0.122940935 -0.911752641
1403636750213555456.000000 -0.694345832 3.464199543 1.594193339 0.389496773 -0.020685326 -0.123976797 -0.912411153
1403636750263555584.000000 -0.680642605 3.459064245 1.589683175 -0.388121992 0.016712362 0.124506347 0.913006186
1403636750313555456.000000 -0.674209595 3.453020334 1.584378481 -0.386143953 0.014858227 0.125756904 0.913705289
1403636750363555584.000000 -0.664931715 3.446576834 1.577732801 -0.384788454 0.011703232 0.125294209 0.914386332
1403636750413555456.000000 -0.652862072 3.439941168 1.570492864 -0.382805616 0.010887462 0.127235830 0.914960384
1403636750463555584.000000 -0.638031781 3.432482719 1.561628938 0.381256074 -0.009124677 -0.126493141 -0.915729284
1403636750513555456.000000 -0.620711446 3.424817085 1.551947713 0.379490197 -0.009354468 -0.125828311 -0.916551709
1403636750563555584.000000 -0.600886881 3.417346001 1.541744828 0.377846718 -0.008341726 -0.125046954 -0.917347074
1403636750613555456.000000 -0.579670012 3.409499407 1.530809164 0.376061171 -0.007546169 -0.124912776 -0.918105602
1403636750663555584.000000 -0.566716671 3.390511036 1.516475916 -0.375476778 0.006677866 0.122896940 0.918623447
1403636750713555456.000000 -0.542689443 3.382722139 1.504614592 -0.374159783 0.005592619 0.122692190 0.919195235
1403636750763555584.000000 -0.518113911 3.374215364 1.492039442 -0.372899234 0.004283135 0.122644119 0.919720769
1403636750813555456.000000 -0.492086351 3.365426779 1.478852034 -0.372315079 0.003105862 0.121821590 0.920071363
1403636750863555584.000000 -0.462296844 3.357106209 1.464951038 0.371590883 -0.002481636 -0.121563919 -0.920400143
1403636750913555456.000000 -0.432808846 3.347224474 1.450117826 0.371529579 0.000131504 -0.120424353 -0.920578003
1403636750963555584.000000 -0.413671881 3.328178883 1.435363293 -0.371754080 -0.001721444 0.118947618 0.920677662
1403636751013555456.000000 -0.385361552 3.317651749 1.421242476 -0.372043401 -0.003564774 0.118370660 0.920629919
1403636751063555584.000000 -0.358035266 3.306821823 1.407900691 -0.372278601 -0.004097621 0.118221618 0.920551777
1403636751113555456.000000 -0.332871705 3.295145750 1.395580649 -0.372256368 -0.004270552 0.118950948 0.920466065
1403636751163555584.000000 -0.309541911 3.282444239 1.384705305 0.372181803 0.005930883 -0.121207021 -0.920192599
1403636751213555456.000000 -0.286933839 3.270461082 1.374698639 0.372455686 0.010784732 -0.122104838 -0.919918954
1403636751263555584.000000 -0.265032887 3.258273363 1.365645528 0.371878892 0.014915809 -0.125441298 -0.919645667
1403636751313555456.000000 -0.243340045 3.245902300 1.356853962 0.371425062 0.016563434 -0.128442705 -0.919386566
1403636751363555584.000000 -0.230021998 3.229955912 1.350880623 -0.371080816 -0.015086963 0.132371172 0.918993652
1403636751413555456.000000 -0.208288640 3.218435287 1.343601942 -0.370613307 -0.011561777 0.135746345 0.918741047
1403636751463555584.000000 -0.186880335 3.207375050 1.336667776 -0.369762450 -0.006804752 0.140091658 0.918479025
1403636751513555456.000000 -0.165802315 3.196830273 1.329866648 -0.368525594 -0.002199623 0.142744079 0.918590367
1403636751563555584.000000 -0.144913226 3.185598135 1.323851824 0.366359413 -0.002721730 -0.143686205 -0.919308305
1403636751613555456.000000 -0.125152454 3.175810337 1.317501307 0.363043994 -0.004919949 -0.145465225 -0.920334041
1403636751663555584.000000 -0.106305033 3.166688442 1.310669899 0.359825581 -0.005530497 -0.146733925 -0.921392560
1403636751713555456.000000 -0.088892192 3.158133268 1.303626776 0.356432408 -0.003022828 -0.148316339 -0.922469020
1403636751763555584.000000 -0.072653264 3.150576591 1.295964122 0.353376210 0.000790542 -0.149937078 -0.923387051
1403636751813555456.000000 -0.057306856 3.144227266 1.288155317 0.350441784 0.005054708 -0.151582643 -0.924222767
1403636751863555584.000000 -0.042846113 3.145010471 1.284457445 -0.349440217 -0.010902647 0.149700403 0.924858093
1403636751913555456.000000 -0.027170181 3.142019987 1.275970221 -0.349029839 -0.015056632 0.145668656 0.925598264
1403636751963555584.000000 -0.011556834 3.140286684 1.268046975 -0.349108905 -0.018561931 0.141133934 0.926207185
1403636752013555456.000000 0.004004627 3.140096188 1.260614872 -0.349540710 -0.021153852 0.136958599 0.926615417
1403636752063555584.000000 0.017856210 3.138530970 1.251532793 0.349779069 0.021237312 -0.133988455 -0.926957786
1403636752113555456.000000 0.032967478 3.139305115 1.244964361 0.349948913 0.019637439 -0.131667987 -0.927261412
1403636752163555584.000000 0.048274845 3.140722752 1.239327908 0.349317312 0.015493802 -0.128575966 -0.928011596
1403636752213555456.000000 0.063211560 3.142609835 1.234624386 0.347632617 0.010751674 -0.125206009 -0.929171383
1403636752263555584.000000 0.078414977 3.144392967 1.230102539 0.344175041 0.006305345 -0.122353204 -0.930877864
1403636752313555456.000000 0.095043749 3.146616697 1.225825429 0.339704692 0.000880632 -0.118994877 -0.932973862
1403636752363555584.000000 0.119760215 3.156613111 1.230130434 -0.334048480 0.003332253 0.115269624 0.935474992
1403636752413555456.000000 0.138436794 3.158903122 1.225465298 -0.326991946 0.005784176 0.112080306 0.938339472
1403636752463555584.000000 0.158609167 3.160838604 1.220449328 -0.318538547 0.006173872 0.109334312 0.941563129
1403636752513555456.000000 0.179818377 3.162937164 1.214916587 -0.309737295 0.005963617 0.105331324 0.944951117
1403636752563555584.000000 0.197890311 3.160481215 1.207058430 0.300223768 -0.004349386 -0.101873957 -0.948403180
1403636752613555456.000000 0.215701848 3.161011457 1.201212406 0.290430188 -0.002908026 -0.097957492 -0.951864600
1403636752663555584.000000 0.240197778 3.167694807 1.198414445 -0.280403465 -0.000089393 0.094364442 0.955232561
1403636752713555456.000000 0.254599154 3.168119907 1.193174124 -0.270029426 -0.000398888 0.090991072 0.958543003
1403636752763555584.000000 0.267279476 3.168664217 1.188516736 -0.259301633 -0.001364007 0.087410122 0.961831748
1403636752813555456.000000 0.278182328 3.169334650 1.184185743 -0.249237701 -0.002683502 0.081865631 0.964972258
1403636752863555584.000000 0.287196934 3.169674397 1.180349708 -0.238357946 -0.004427848 0.077321686 0.968084395
1403636752913555456.000000 0.293950260 3.170640469 1.177962303 0.228098035 0.004493400 -0.070048362 -0.971104681
1403636752963555584.000000 0.299367458 3.170584917 1.175286531 0.217688069 0.005467288 -0.062851712 -0.973977268
1403636753013555456.000000 0.303243965 3.170100212 1.173135400 0.206950068 0.006607846 -0.056087047 -0.976720214
1403636753063555584.000000 0.305604935 3.169242620 1.171659589 0.195818096 0.007646054 -0.049542319 -0.979358196
1403636753113555456.000000 0.306526959 3.167893887 1.171051860 0.184188753 0.008253818 -0.043569800 -0.981890082
1403636753163555584.000000 0.323985845 3.167917013 1.172686100 -0.171968251 -0.009461699 0.038017321 0.984323204
1403636753213555456.000000 0.323547781 3.165345192 1.173732400 -0.159860790 -0.009843559 0.032294795 0.986562014
1403636753263555584.000000 0.321312994 3.161855698 1.175652504 -0.148182422 -0.010372781 0.025426887 0.988578737
1403636753313555456.000000 0.318168014 3.157468319 1.178372264 -0.136936441 -0.010580583 0.017221818 0.990373611
1403636753363555584.000000 0.311663628 3.151909113 1.178986073 0.125627816 0.009539952 -0.012440879 -0.991953552
1403636753413555456.000000 0.307407677 3.145631313 1.181720495 0.115527600 0.008081219 -0.010292799 -0.993218124
1403636753463555584.000000 0.304126203 3.138501644 1.184853077 0.106315859 0.006751823 -0.011183294 -0.994246602
1403636753513555456.000000 0.302498251 3.130682468 1.187272549 0.098993659 0.005787362 -0.012481779 -0.994992971
1403636753563555584.000000 0.302742898 3.122140884 1.188516140 0.092702731 0.004870643 -0.014454771 -0.995577037
1403636753613555456.000000 0.314944923 3.107819319 1.201039433 -0.088410035 -0.003519722 0.015390707 0.995959044
1403636753663555584.000000 0.318007022 3.098354101 1.199650645 -0.085382879 -0.002799406 0.016557796 0.996206760
1403636753713555456.000000 0.320944965 3.088909388 1.198488116 -0.083463587 -0.002516154 0.017756086 0.996349514
1403636753763555584.000000 0.323973924 3.079246044 1.197480679 -0.082891956 -0.001355493 0.017157773 0.996409953
1403636753813555456.000000 0.325529933 3.069574833 1.196685672 0.083031252 0.000967450 -0.016377572 -0.996411920
1403636753863555584.000000 0.325376630 3.059468985 1.195295334 0.083624750 0.000288775 -0.016211977 -0.996365428
1403636753913555456.000000 0.327282637 3.042083740 1.202094316 -0.084339075 -0.000449426 0.017676901 0.996280253
1403636753963555584.000000 0.324639857 3.031267881 1.200761437 -0.085371822 0.000081264 0.017578544 0.996194124
1403636754013555456.000000 0.322463423 3.020128489 1.199057698 -0.086881548 0.000714213 0.017227549 0.996069491
1403636754063555584.000000 0.322003007 3.008682728 1.196974039 -0.088096492 0.004007571 0.017812384 0.995944679
1403636754113555456.000000 0.324644089 2.995776892 1.196250677 0.089469843 -0.007403132 -0.018253706 -0.995794773
1403636754163555584.000000 0.327430040 2.983207226 1.192781091 0.091033764 -0.009972356 -0.017997656 -0.995635211
1403636754213555456.000000 0.330643386 2.970066547 1.188278198 0.093071386 -0.012275973 -0.016530126 -0.995446563
1403636754263555584.000000 0.335910529 2.950235367 1.187884450 -0.095250599 0.013230667 0.015709635 0.995241463
1403636754313555456.000000 0.341383934 2.935584784 1.181124449 -0.096771769 0.013234681 0.015216950 0.995102286
1403636754363555584.000000 0.347887903 2.920432568 1.173967361 -0.097874567 0.013090873 0.013773570 0.995017350
1403636754413555456.000000 0.355013967 2.904017448 1.165854096 -0.097127438 0.012884275 0.013872359 0.995091856
1403636754463555584.000000 0.362066776 2.885941505 1.157707691 0.095317058 -0.012549695 -0.013639754 -0.995274425
1403636754513555456.000000 0.368068904 2.867321968 1.148383498 0.092592523 -0.011659812 -0.012322317 -0.995559573
1403636754563555584.000000 0.372254759 2.847674131 1.139074922 0.088845856 -0.009655640 -0.009637067 -0.995952010
1403636754613555456.000000 0.374607086 2.826902628 1.129892111 0.083703347 -0.007805970 -0.007039562 -0.996435285
1403636754663555584.000000 0.375559866 2.805087805 1.120622158 0.077082023 -0.007386764 -0.004809127 -0.996985853
1403636754713555456.000000 0.375156164 2.782248735 1.111175060 0.069387175 -0.006391149 -0.003154335 -0.997564375
1403636754763555584.000000 0.375028700 2.753069162 1.108043075 -0.061278693 0.006822491 0.000943525 0.998097003
1403636754813555456.000000 0.372246236 2.729046106 1.098643661 -0.053477518 0.006553478 -0.002089619 0.998545349
1403636754863555584.000000 0.368078887 2.704375029 1.088904619 -0.045872912 0.006511225 -0.003232942 0.998920858
1403636754913555456.000000 0.362810791 2.679109812 1.079067349 -0.040082488 0.007019062 -0.006047101 0.999153495
1403636754963555584.000000 0.355615646 2.653272629 1.069869757 0.034184590 -0.006634580 0.006786418 -0.999370515
1403636755013555456.000000 0.347942650 2.627291679 1.059873104 0.030083660 -0.006103858 0.010132381 -0.999477386
1403636755063555584.000000 0.339749128 2.600791931 1.049312592 0.026160976 -0.006452803 0.010109988 -0.999585807
1403636755113555456.000000 0.332177341 2.573844671 1.037401795 0.023072358 -0.006101521 0.011311182 -0.999651194
1403636755163555584.000000 0.324935883 2.546471596 1.023811698 0.020227885 -0.005435559 0.010898403 -0.999721289
1403636755213555456.000000 0.318883210 2.518603325 1.008816600 0.018004747 -0.005308006 0.010843315 -0.999765038
1403636755263555584.000000 0.325599730 2.493727684 0.994173884 -0.016694074 0.002377143 -0.010767934 0.999799907
1403636755313555456.000000 0.323165596 2.465449572 0.977989972 -0.015555436 -0.002665545 -0.010471875 0.999820650
1403636755363555584.000000 0.322248697 2.436982632 0.960758567 -0.014774805 -0.008852821 -0.009806787 0.999803603
1403636755413555456.000000 0.323435634 2.408388615 0.943328142 -0.014803121 -0.014129036 -0.010397547 0.999736607
1403636755463555584.000000 0.323019028 2.377560616 0.927140534 0.014745379 0.017703159 0.009737068 -0.999687195
1403636755513555456.000000 0.325074226 2.348115206 0.911284149 0.015594526 0.018634532 0.010375720 -0.999650955
1403636755563555584.000000 0.326401591 2.318403244 0.896469831 0.016832329 0.018771805 0.011783022 -0.999612629
1403636755613555456.000000 0.326886564 2.288364649 0.882792890 0.017840559 0.016991870 0.012731372 -0.999615431
1403636755663555584.000000 0.326049954 2.257885218 0.870282292 0.018149167 0.015407361 0.011002325 -0.999656081
1403636755713555456.000000 0.323941529 2.227329254 0.858506143 0.018710874 0.014480790 0.010330937 -0.999666750
1403636755763555584.000000 0.326646924 2.200848341 0.844627559 -0.018717110 -0.013283884 -0.008657550 0.999699056
1403636755813555456.000000 0.323183358 2.170042038 0.834307849 -0.019000020 -0.010258235 -0.007636954 0.999737740
1403636755863555584.000000 0.318707407 2.139239311 0.824555516 -0.019028179 -0.008398844 -0.006700912 0.999761224
1403636755913555456.000000 0.314017177 2.108357668 0.815360069 -0.019264244 -0.005641288 -0.006647521 0.999776423
1403636755963555584.000000 0.307595909 2.075669765 0.806412160 0.018943937 0.004733066 0.005387577 -0.999794841
1403636756013555456.000000 0.304004163 2.043887377 0.796753347 0.018793873 0.003390471 0.004795497 -0.999806106
1403636756063555584.000000 0.302020669 2.012037039 0.787260950 0.018650988 0.002380225 0.004274876 -0.999814153
1403636756113555456.000000 0.302150458 1.980235100 0.777781904 0.019143615 0.001597797 0.005650274 -0.999799550
1403636756163555584.000000 0.302268445 1.950730920 0.760424018 -0.019151995 -0.000743691 -0.006157875 0.999797404
1403636756213555456.000000 0.305443257 1.918581843 0.749713659 -0.018964656 0.000489141 -0.005878367 0.999802768
1403636756263555584.000000 0.308811396 1.886035442 0.738516271 -0.018549338 0.000729732 -0.005525270 0.999812424
1403636756313555456.000000 0.311567992 1.853402972 0.727151275 -0.018194856 0.000812284 -0.005475871 0.999819160
1403636756363555584.000000 0.315254420 1.821007013 0.717663467 0.017756501 -0.001450225 0.006080981 -0.999822855
1403636756413555456.000000 0.312637508 1.789666891 0.699598372 -0.017714595 0.001885998 -0.007086047 0.999816239
1403636756463555584.000000 0.312102586 1.756826162 0.689459145 -0.017104423 0.002141097 -0.006868935 0.999827921
1403636756513555456.000000 0.309674144 1.723849535 0.679426193 -0.016423387 0.002159349 -0.006550084 0.999841392
1403636756563555584.000000 0.305779755 1.690831661 0.669687927 -0.016122852 0.002229199 -0.007087061 0.999842465
1403636756613555456.000000 0.299889743 1.658549786 0.658269763 0.015573980 -0.003104061 0.006841399 -0.999850571
1403636756663555584.000000 0.293627143 1.626696110 0.643274546 -0.014837421 0.003443955 -0.006557641 0.999862552
1403636756713555456.000000 0.288685352 1.593526483 0.631730616 -0.014299558 0.004626629 -0.006716515 0.999864519
1403636756763555584.000000 0.284549266 1.560293198 0.618859649 -0.013828851 0.005270164 -0.006811009 0.999867380
1403636756813555456.000000 0.280868262 1.527030230 0.604662836 -0.013082522 0.005802493 -0.006356033 0.999877453
1403636756863555584.000000 0.276622027 1.493846655 0.587437630 0.012291580 -0.005796952 0.006123176 -0.999888957
1403636756913555456.000000 0.277357012 1.462775111 0.570011675 -0.012086742 0.005549069 -0.006546564 0.999890149
1403636756963555584.000000 0.277310997 1.429416656 0.551488280 -0.011305807 0.005277738 -0.005820896 0.999905229
1403636757013555456.000000 0.277242571 1.396258473 0.532064438 -0.011091805 0.005468444 -0.006427084 0.999902904
1403636757063555584.000000 0.276523203 1.362980366 0.512435377 -0.009982350 0.005103968 -0.004350375 0.999927700
1403636757113555456.000000 0.275042206 1.329063535 0.492065638 0.009758976 -0.005436914 0.004679604 -0.999926686
1403636757163555584.000000 0.273842782 1.296851635 0.475499451 -0.009637468 0.004838086 -0.004615462 0.999931276
1403636757213555456.000000 0.269299716 1.263715148 0.455403537 -0.009531840 0.005355407 -0.004329310 0.999930918
1403636757263555584.000000 0.263328552 1.230771184 0.435275704 -0.009534970 0.005032898 -0.005154309 0.999928594
1403636757313555456.000000 0.255922824 1.198092699 0.415035427 -0.010309291 0.004162770 -0.007694161 0.999908626
1403636757363555584.000000 0.247573212 1.165568352 0.394713044 0.009807022 -0.002983338 0.007363052 -0.999920428
1403636757413555456.000000 0.235051617 1.136196017 0.380237490 -0.010001349 0.001279068 -0.009141882 0.999907434
1403636757463555584.000000 0.224857241 1.103079438 0.359964222 -0.010443612 -0.000939708 -0.011085826 0.999883592
1403636757513555456.000000 0.215588197 1.069569111 0.338881612 -0.009305430 -0.003515979 -0.013352928 0.999861419
1403636757563555584.000000 0.207799241 1.035457492 0.317406178 -0.006775267 -0.007698007 -0.014860338 0.999837041
1403636757613555456.000000 0.201625079 1.000978231 0.296170771 0.003260600 0.013661443 0.016425680 -0.999766469
1403636757663555584.000000 0.191624328 0.968867600 0.279709786 0.000168344 -0.019980710 -0.017787164 0.999642134
1403636757713555456.000000 0.189121649 0.933356702 0.258264184 0.004022332 -0.026223740 -0.018488003 0.999477029
1403636757763555584.000000 0.189430863 0.897513926 0.237543643 0.007693232 -0.031311985 -0.018699147 0.999305129
1403636757813555456.000000 0.192575216 0.861337662 0.217704922 0.011134203 -0.035316437 -0.019255061 0.999128699
1403636757863555584.000000 0.199910730 0.825758159 0.198808789 -0.014577759 0.037427917 0.018544016 -0.999020934
1403636757913555456.000000 0.205068499 0.790226698 0.187649310 0.017224884 -0.037661828 -0.018412298 0.998972476
1403636757963555584.000000 0.217102483 0.753583193 0.170240372 0.020227179 -0.034973495 -0.016986163 0.999039173
1403636758013555456.000000 0.230617419 0.717420638 0.154582068 0.021960186 -0.027011694 -0.017460508 0.999241352
1403636758063555584.000000 0.242658064 0.681472421 0.140583783 0.023984555 -0.020007255 -0.017118948 0.999365568
1403636758113555456.000000 0.254375666 0.645788372 0.130734473 -0.025774308 0.013143151 0.015960434 -0.999454021
1403636758163555584.000000 0.252889812 0.610219002 0.117689185 0.026933789 -0.007491976 -0.015486981 0.999489188
1403636758213555456.000000 0.260324568 0.575247467 0.106573299 0.027924934 -0.002982584 -0.015203917 0.999489963
1403636758263555584.000000 0.265531361 0.540641665 0.095671080 0.028793020 -0.000973566 -0.014114041 0.999485314
1403636758313555456.000000 0.267742127 0.506784558 0.085105538 -0.029658338 -0.001420570 0.012613790 -0.999479532
1403636758363555584.000000 0.268005550 0.473157048 0.074952126 -0.030237243 0.000254899 0.011437852 -0.999477267
1403636758413555456.000000 0.259603798 0.437061697 0.061663948 0.031184496 -0.006489270 -0.008698561 0.999454796
1403636758463555584.000000 0.254862696 0.404224873 0.052542474 0.032397460 -0.015637407 -0.004918956 0.999340653
1403636758513555456.000000 0.248793811 0.371584088 0.044206992 0.034320306 -0.026820306 0.000992626 0.999050498
1403636758563555584.000000 0.242173567 0.339131594 0.036779277 -0.036584649 0.037466399 -0.007930998 -0.998596549
1403636758613555456.000000 0.233875170 0.306146979 0.027780419 0.038430244 -0.045959760 0.013771545 0.998108864
1403636758663555584.000000 0.229223877 0.277468145 0.024096537 0.038476594 -0.047846291 0.015281498 0.997996449
1403636758713555456.000000 0.226212502 0.250522435 0.022497786 0.037686445 -0.041489381 0.014588292 0.998321354
1403636758763555584.000000 0.223631829 0.225413039 0.022764785 0.035554912 -0.032686811 0.010961847 0.998772919
1403636758813555456.000000 0.220952526 0.202386990 0.025709126 -0.035111766 0.024262613 -0.010057734 -0.999038219
1403636758863555584.000000 0.218554556 0.174599469 0.023580596 0.033757091 -0.015720921 0.006585573 0.999284744
1403636758913555456.000000 0.214395508 0.153584898 0.026956473 0.031483959 -0.010293888 0.000805393 0.999450922
1403636758963555584.000000 0.209102958 0.133247688 0.030384539 0.030527120 -0.005762269 -0.001760379 0.999515831
1403636759013555456.000000 0.202313349 0.113504991 0.032822307 -0.029733013 0.003576061 0.003848781 -0.999544084
1403636759063555584.000000 0.197796538 0.089690052 0.033651076 0.030583857 -0.001054814 -0.001692981 0.999530256
1403636759113555456.000000 0.189415619 0.070736192 0.036717329 0.033187695 0.000315472 0.005382957 0.999434590
1403636759163555584.000000 0.180308148 0.052336674 0.039747119 0.037355714 0.000994535 0.016060743 0.999172509
1403636759213555456.000000 0.170089558 0.035166446 0.042480316 -0.041158263 -0.001253090 -0.026354399 -0.998804271
1403636759263555584.000000 0.163485408 0.016959829 0.042964894 0.044414636 0.001390449 0.035109408 0.998395145
1403636759313555456.000000 0.151592642 0.004784863 0.045965720 0.045522723 0.001503232 0.037186798 0.998269856
1403636759363555584.000000 0.139178574 -0.004553559 0.048824567 0.043478925 0.002622456 0.030425390 0.998587549
1403636759413555456.000000 0.125740141 -0.012590656 0.050557021 -0.040678609 -0.002239745 -0.022202160 -0.998923123
1403636759463555584.000000 0.115015909 -0.019890897 0.052442722 0.038153563 0.003311210 0.014284521 0.999164343
1403636759513555456.000000 0.100475118 -0.024579689 0.054575551 0.035492633 0.003549965 0.006291100 0.999343932
1403636759563555584.000000 0.085209593 -0.028311724 0.056235317 0.034339935 0.004223096 0.000821850 0.999400973
1403636759613555456.000000 0.069689445 -0.031067729 0.056150399 -0.032668535 -0.004293599 0.005433571 -0.999442339
1403636759663555584.000000 0.059915140 -0.032867193 0.054808106 0.031974308 0.004047769 -0.008938272 0.999440551
1403636759713555456.000000 0.050765600 -0.035741843 0.052439105 0.031627923 0.003563665 -0.011272009 0.999429822
1403636759763555584.000000 0.044533808 -0.038725834 0.049129989 0.032386944 0.004292417 -0.010715119 0.999408782
1403636759813555456.000000 0.037837371 -0.041218102 0.043891843 -0.031880815 -0.005143820 0.012508097 -0.999400198
1403636759863555584.000000 0.034955461 -0.042260308 0.039063208 0.032048207 0.004083727 -0.011827004 0.999408007
1403636759913555456.000000 0.030002717 -0.044673536 0.033720862 0.032062542 -0.001066966 -0.011938384 0.999414027
1403636759963555584.000000 0.024266738 -0.046747375 0.028098846 0.031740095 -0.006721275 -0.012341062 0.999397397
1403636760013555456.000000 0.017391864 -0.050053697 0.022212213 -0.031702850 0.011437947 0.011722547 -0.999363124
1403636760063555584.000000 0.010441838 -0.049506981 0.016905162 0.032195643 -0.015554911 -0.009701562 0.999313533
1403636760113555456.000000 0.002967155 -0.051578674 0.012029484 0.031541217 -0.020220581 -0.010360447 0.999244153
1403636760163555584.000000 -0.004174957 -0.053566229 0.008010850 0.031216558 -0.023816565 -0.010492711 0.999173760
1403636760213555456.000000 -0.010639092 -0.056686439 0.005221972 -0.031515025 0.019628964 0.009560209 -0.999264836
1403636760263555584.000000 -0.016746067 -0.056697838 0.002812001 0.031443484 -0.012185677 -0.009113311 0.999389768
1403636760313555456.000000 -0.023037989 -0.057495002 0.000719206 0.031970106 -0.004994521 -0.007576847 0.999447644
1403636760363555584.000000 -0.030440273 -0.058013059 -0.001270181 0.031385850 -0.000832039 -0.008888456 0.999467492
1403636760413555456.000000 -0.038015552 -0.060277548 -0.002739193 -0.030997008 -0.003007113 0.010714745 -0.999457598
1403636760463555584.000000 -0.047787186 -0.060091220 -0.004368607 0.030506317 0.004289703 -0.012226936 0.999450624
1403636760513555456.000000 -0.057337873 -0.060599636 -0.007307506 0.029876113 0.002597020 -0.013994627 0.999452293
1403636760563555584.000000 -0.067620240 -0.061368741 -0.010555671 0.029808935 -0.002573868 -0.014947564 0.999440610
1403636760613555456.000000 -0.076934934 -0.063033231 -0.015254660 -0.029479012 0.008168099 0.016088802 -0.999402583
1403636760663555584.000000 -0.087817967 -0.063106596 -0.016953545 0.028989933 -0.012211752 -0.018268401 0.999338150
1403636760713555456.000000 -0.096975341 -0.064458288 -0.020698959 0.028684121 -0.015691208 -0.020115530 0.999262989
1403636760763555584.000000 -0.105090871 -0.066237852 -0.024065481 0.028203866 -0.015529661 -0.022248918 0.999233902
1403636760813555456.000000 -0.112255506 -0.069182172 -0.027566221 -0.028211828 0.012952664 0.023243064 -0.999247789
1403636760863555584.000000 -0.120350145 -0.071090020 -0.029163174 0.027840905 -0.009233860 -0.025168983 0.999252856
1403636760913555456.000000 -0.127663657 -0.074523069 -0.032326058 0.027877010 -0.006106149 -0.026645966 0.999237478
1403636760963555584.000000 -0.135376275 -0.078651085 -0.035565730 0.028007818 -0.006392587 -0.026700407 0.999230623
1403636761013555456.000000 -0.142998889 -0.084211566 -0.039196055 -0.028899189 0.009997236 0.024938872 -0.999221206
1403636761063555584.000000 -0.152515918 -0.088618979 -0.040820606 0.029738739 -0.014764675 -0.022712251 0.999190569
1403636761113555456.000000 -0.160870373 -0.094579376 -0.043478005 0.030730275 -0.021279242 -0.020451115 0.999091923
1403636761163555584.000000 -0.169287100 -0.100791864 -0.045468878 0.031198993 -0.028984278 -0.019312775 0.998906255
1403636761213555456.000000 -0.176166862 -0.108387217 -0.046913989 -0.031251881 0.035910577 0.020233177 -0.998661339
1403636761263555584.000000 -0.183700919 -0.114294618 -0.045768227 0.031732406 -0.040473752 -0.018893505 0.998497844
1403636761313555456.000000 -0.188637838 -0.121377908 -0.045059007 0.031465407 -0.041730765 -0.019534323 0.998442233
1403636761363555584.000000 -0.191690013 -0.128927782 -0.043282676 0.031829719 -0.038867135 -0.019079925 0.998555064
1403636761413555456.000000 -0.192113087 -0.137303218 -0.040788598 -0.031887475 0.031688455 0.019096456 -0.998806477
1403636761463555584.000000 -0.192057863 -0.144444004 -0.035675276 0.031576112 -0.023649493 -0.019703152 0.999027252
1403636761513555456.000000 -0.191213876 -0.152630493 -0.031834420 0.031622667 -0.016259838 -0.019033592 0.999186337
1403636761563555584.000000 -0.189698339 -0.160754055 -0.027814636 0.031321175 -0.009980911 -0.018663859 0.999285281
1403636761613555456.000000 -0.187358513 -0.168468907 -0.025288582 -0.031331260 0.005095855 0.017638771 -0.999340415
1403636761663555584.000000 -0.185638547 -0.176687762 -0.022159940 -0.032420807 0.002813740 0.013432370 -0.999380112
1403636761713555456.000000 -0.182966724 -0.185174033 -0.017736139 0.034255855 -0.001067022 -0.006772321 0.999389589
1403636761763555584.000000 -0.180707008 -0.192926437 -0.015105052 0.036109295 -0.000726597 -0.000792712 0.999347270
1403636761813555456.000000 -0.177648529 -0.200396746 -0.012329228 0.037455462 -0.000545885 0.004271607 0.999289036
1403636761863555584.000000 -0.175513655 -0.205160692 -0.011378180 -0.038384281 0.000558139 -0.007299629 -0.999236286
1403636761913555456.000000 -0.171850458 -0.210549980 -0.010572558 0.037683815 -0.001376675 0.006219118 0.999269485
1403636761963555584.000000 -0.168000862 -0.213698745 -0.009619882 0.036086176 -0.001918641 0.002738678 0.999343157
1403636762013555456.000000 -0.163481250 -0.215962112 -0.008758951 0.032693006 -0.001145730 -0.006210283 0.999445558
1403636762063555584.000000 -0.159372032 -0.217133284 -0.008416311 -0.028917426 0.000453748 0.015238723 -0.999465585
1403636762113555456.000000 -0.154448777 -0.219274104 -0.008526993 -0.024384422 0.000037189 0.027332634 -0.999328911
1403636762163555584.000000 -0.150236920 -0.223117754 -0.011264651 0.020988258 -0.001340074 -0.035685167 0.999141812
1403636762213555456.000000 -0.146405309 -0.227489710 -0.012265543 0.019387085 -0.006393881 -0.038675278 0.999043286
1403636762263555584.000000 -0.143475845 -0.233178318 -0.012975000 0.019400971 -0.014155565 -0.037513670 0.999007463
1403636762313555456.000000 -0.142145619 -0.239361376 -0.011586166 -0.019946061 0.022212518 0.034561276 -0.998956680
1403636762363555584.000000 -0.143395230 -0.246810794 -0.011957182 0.020905187 -0.029254394 -0.031024583 0.998871744
1403636762413555456.000000 -0.145333171 -0.255330116 -0.008279217 0.022209752 -0.032913726 -0.026554851 0.998858511
1403636762463555584.000000 -0.148822486 -0.264696896 -0.002962771 0.024957178 -0.034209754 -0.018437566 0.998932958
1403636762513555456.000000 -0.153238073 -0.274344772 0.002939394 0.029913245 -0.029829767 -0.004183106 0.999098539
1403636762563555584.000000 -0.159033477 -0.284063429 0.011381189 0.034477104 -0.023988748 0.009158485 0.999075592
1403636762613555456.000000 -0.166576490 -0.293244541 0.020800734 -0.038951214 0.017833039 -0.022002727 -0.998839676
1403636762663555584.000000 -0.174928397 -0.299698263 0.030330930 0.041606676 -0.011337965 0.029202593 0.998642862
1403636762713555456.000000 -0.185996681 -0.304623753 0.041823383 0.040517539 -0.006531368 0.025392698 0.998834789
1403636762763555584.000000 -0.198974654 -0.307556987 0.053271271 -0.038392756 0.003782667 -0.018744249 -0.999079764
1403636762813555456.000000 -0.211271808 -0.308952779 0.065315038 0.035442613 -0.002519479 0.009228367 0.999325991
1403636762863555584.000000 -0.212803409 -0.307253242 0.066338733 0.038727820 0.029736670 0.016126590 0.998677075
1403636762913555456.000000 -0.213124976 -0.302631974 0.059822991 0.034781989 0.040645331 0.010470466 0.998513222
1403636762963555584.000000 -0.226747990 -0.301933706 0.050639387 -0.025802633 -0.011105928 0.000730854 -0.999605179
1403636763013555456.000000 -0.222859859 -0.289638102 0.046566945 0.016202109 0.002093935 0.006908176 0.999842703
1403636763063555584.000000 -0.232957304 -0.282093734 0.040778190 0.008363431 0.001884715 0.019898290 0.999765277
1403636763113555456.000000 -0.248033792 -0.282464325 0.031898733 -0.001224431 -0.013396181 -0.026030654 -0.999570668
1403636763163555584.000000 -0.234960109 -0.277150989 0.031524554 -0.005106843 0.027302340 0.029915035 0.999166489
1403636763213555456.000000 -0.241725400 -0.276679516 0.030961554 -0.006835982 0.019201497 0.033925958 0.999216557
1403636763263555584.000000 -0.245764539 -0.275753677 0.034266397 0.006088657 -0.010712251 -0.036012009 -0.999275386
1403636763313555456.000000 -0.243764937 -0.273953080 0.033489425 -0.005990235 0.014137082 0.036434241 0.999218106
1403636763363555584.000000 -0.247050807 -0.274249315 0.031778201 -0.005777080 0.013885248 0.036139745 0.999233603
1403636763413555456.000000 -0.249551296 -0.274701834 0.031133598 0.005612104 -0.012554618 -0.037183389 -0.999213874
1403636763463555584.000000 -0.246921360 -0.272429883 0.028411802 -0.005859255 0.012768443 0.036447227 0.999236822
1403636763513555456.000000 -0.249840111 -0.272880703 0.026905466 -0.005652337 0.012807179 0.037047446 0.999215484
1403636763563555584.000000 -0.251847357 -0.272892773 0.025268866 0.005776680 -0.012727395 -0.036787167 -0.999225378
1403636763613555456.000000 -0.251473695 -0.272283286 0.022745587 -0.005712942 0.012682511 0.037073743 0.999215782
1403636763663555584.000000 -0.253741354 -0.272346526 0.020827051 -0.005721839 0.012893936 0.036869518 0.999220610
1403636763713555456.000000 -0.255248815 -0.272482157 0.018331043 0.005661450 -0.012685920 -0.037294608 -0.999207795
1403636763763555584.000000 -0.255294502 -0.271609724 0.016127616 -0.005884836 0.012621392 0.036846939 0.999223888
1403636763813555456.000000 -0.256860971 -0.271683276 0.013634820 -0.005592377 0.012781448 0.037510220 0.999198854
